<?xml version="1.0" encoding="UTF-8" standalone="no"?>
<knowtator-project>
  <document id="12546709" text-file="12546709.txt">
    <annotation annotator="Mike Bada, University of Colorado Anschutz Medical Campus" id="GO_BP_2016_02_16_Instance_48541" type="identity">
      <class id="GO:0010467" label="gene expression"/>
      <span end="537" id="12546709-392" start="528">expressed</span>
    </annotation>
    <annotation annotator="Mike Bada, University of Colorado Anschutz Medical Campus" id="GO_BP_2016_02_16_Instance_30039" type="identity">
      <class id="GO:0048468" label="cell development"/>
      <span end="1580" id="12546709-388" start="1566">cell formation</span>
    </annotation>
    <annotation annotator="Mike Bada, University of Colorado Anschutz Medical Campus" id="GO_BP_2016_02_16_Instance_48543" type="identity">
      <class id="GO:0010467" label="gene expression"/>
      <span end="2014" id="12546709-394" start="2004">expression</span>
    </annotation>
    <annotation annotator="Mike Bada, University of Colorado Anschutz Medical Campus" id="GO_BP_2016_02_16_Instance_48545" type="identity">
      <class id="GO:0010467" label="gene expression"/>
      <span end="2159" id="12546709-396" start="2149">expression</span>
    </annotation>
    <annotation annotator="Mike Bada, University of Colorado Anschutz Medical Campus" id="GO_BP_2016_02_16_Instance_48551" type="identity">
      <class id="GO:0030164" label="protein denaturation"/>
      <span end="3097" id="12546709-398" start="3085">denaturation</span>
      <span end="3116" id="12546709-399" start="3114">of</span>
      <span end="3130" id="12546709-400" start="3122">proteins</span>
    </annotation>
    <annotation annotator="Mike Bada, University of Colorado Anschutz Medical Campus" id="GO_BP_2016_02_16_Instance_48553" type="identity">
      <class id="GO:0010467" label="gene expression"/>
      <span end="3307" id="12546709-402" start="3297">expression</span>
    </annotation>
    <annotation annotator="Mike Bada, University of Colorado Anschutz Medical Campus" id="GO_BP_2016_02_16_Instance_48555" type="identity">
      <class id="GO:0010467" label="gene expression"/>
      <span end="3426" id="12546709-404" start="3417">expressed</span>
    </annotation>
    <annotation annotator="Mike Bada, University of Colorado Anschutz Medical Campus" id="GO_BP_2016_02_16_Instance_60040" type="identity">
      <class id="GO:0030154" label="cell differentiation"/>
      <span end="4142" id="12546709-461" start="4124">differentiation of</span>
      <span end="4164" id="12546709-462" start="4159">cells</span>
    </annotation>
    <annotation annotator="Mike Bada, University of Colorado Anschutz Medical Campus" id="GO_BP_2016_02_16_Instance_60044" type="identity">
      <class id="GO:0070307" label="lens fiber cell development"/>
      <span end="4667" id="12546709-464" start="4645">lens fiber development</span>
    </annotation>
    <annotation annotator="Mike Bada, University of Colorado Anschutz Medical Campus" id="GO_BP_2016_02_16_with_nested_annotations_Instance_10212" type="identity">
      <class id="GO:0009294" label="DNA mediated transformation"/>
      <span end="4761" id="12546709-470" start="4750">transfected</span>
    </annotation>
    <annotation annotator="Mike Bada, University of Colorado Anschutz Medical Campus" id="GO_BP_2016_02_16_Instance_48565" type="identity">
      <class id="GO:0051325" label="interphase"/>
      <span end="4837" id="12546709-406" start="4827">interphase</span>
    </annotation>
    <annotation annotator="Mike Bada, University of Colorado Anschutz Medical Campus" id="GO_BP_2016_02_16_Instance_60048" type="identity">
      <class id="GO:0008283" label="cell proliferation"/>
      <span end="5074" id="12546709-466" start="5061">proliferation</span>
    </annotation>
    <annotation annotator="Mike Bada, University of Colorado Anschutz Medical Campus" id="GO_BP_2016_02_16_Instance_48571" type="identity">
      <class id="GO:0010467" label="gene expression"/>
      <span end="6704" id="12546709-408" start="6695">expressed</span>
    </annotation>
    <annotation annotator="Mike Bada, University of Colorado Anschutz Medical Campus" id="GO_BP_2016_02_16_Instance_30041" type="identity">
      <class id="GO:0048468" label="cell development"/>
      <span end="7172" id="12546709-390" start="7158">cell formation</span>
    </annotation>
    <annotation annotator="Mike Bada, University of Colorado Anschutz Medical Campus" id="GO_BP_2016_02_16_Instance_48577" type="identity">
      <class id="GO:0007601" label="visual perception"/>
      <span end="7702" id="12546709-410" start="7696">Vision</span>
    </annotation>
    <annotation annotator="Mike Bada, University of Colorado Anschutz Medical Campus" id="GO_BP_2016_02_16_Instance_48579" type="identity">
      <class id="GO:0007601" label="visual perception"/>
      <span end="7778" id="12546709-412" start="7772">Vision</span>
    </annotation>
    <annotation annotator="Mike Bada, University of Colorado Anschutz Medical Campus" id="GO_BP_2016_02_16_Instance_48593" type="identity">
      <class id="GO:0010467" label="gene expression"/>
      <span end="23426" id="12546709-414" start="23417">expressed</span>
    </annotation>
    <annotation annotator="Mike Bada, University of Colorado Anschutz Medical Campus" id="GO_BP_2016_02_16_Instance_48595" type="identity">
      <class id="GO:0030154" label="cell differentiation"/>
      <span end="24363" id="12546709-416" start="24348">differentiation</span>
      <span end="24377" id="12546709-417" start="24375">of</span>
      <span end="24394" id="12546709-418" start="24389">cells</span>
    </annotation>
    <annotation annotator="Mike Bada, University of Colorado Anschutz Medical Campus" id="GO_BP_2016_02_16_Instance_48599" type="identity">
      <class id="GO:0030154" label="cell differentiation"/>
      <span end="24421" id="12546709-420" start="24403">differentiation of</span>
      <span end="24438" id="12546709-421" start="24433">cells</span>
    </annotation>
    <annotation annotator="Mike Bada, University of Colorado Anschutz Medical Campus" id="GO_BP_2016_02_16_Instance_21859" type="identity">
      <class id="GO:0030154" label="cell differentiation"/>
      <span end="24667" id="12546709-368" start="24649">Differentiation of</span>
      <span end="24684" id="12546709-369" start="24679">cells</span>
    </annotation>
    <annotation annotator="Mike Bada, University of Colorado Anschutz Medical Campus" id="GO_BP_2016_02_16_Instance_48605" type="identity">
      <class id="GO:0007567" label="parturition"/>
      <span end="26090" id="12546709-423" start="26085">birth</span>
    </annotation>
    <annotation annotator="Mike Bada, University of Colorado Anschutz Medical Campus" id="GO_BP_2016_02_16_Instance_23163" type="identity">
      <class id="GO:0007601" label="visual perception"/>
      <span end="26523" id="12546709-382" start="26517">visual</span>
    </annotation>
    <annotation annotator="Mike Bada, University of Colorado Anschutz Medical Campus" id="GO_BP_2016_02_16_Instance_48613" type="identity">
      <class id="GO:0009653" label="anatomical structure morphogenesis"/>
      <span end="28059" id="12546709-425" start="28048">development</span>
      <span end="28100" id="12546709-426" start="28076">of morphological changes</span>
    </annotation>
    <annotation annotator="Mike Bada, University of Colorado Anschutz Medical Campus" id="GO_BP_2016_02_16_Instance_48615" type="identity">
      <class id="GO:0030154" label="cell differentiation"/>
      <span end="28335" id="12546709-428" start="28320">differentiation</span>
      <span end="28349" id="12546709-429" start="28347">of</span>
      <span end="28366" id="12546709-430" start="28361">cells</span>
    </annotation>
    <annotation annotator="Mike Bada, University of Colorado Anschutz Medical Campus" id="GO_BP_2016_02_16_with_nested_annotations_Instance_20516" type="identity">
      <class id="GO:0008150" label="biological_process"/>
      <span end="28489" id="12546709-474" start="28473">biological event</span>
    </annotation>
    <annotation annotator="Mike Bada, University of Colorado Anschutz Medical Campus" id="GO_BP_2016_02_16_Instance_48627" type="identity">
      <class id="GO:0010467" label="gene expression"/>
      <span end="28958" id="12546709-432" start="28948">expression</span>
    </annotation>
    <annotation annotator="Mike Bada, University of Colorado Anschutz Medical Campus" id="GO_BP_2016_02_16_Instance_21863" type="identity">
      <class id="GO:0030154" label="cell differentiation"/>
      <span end="29347" id="12546709-371" start="29327">cell differentiation</span>
    </annotation>
    <annotation annotator="Mike Bada, University of Colorado Anschutz Medical Campus" id="GO_BP_2016_02_16_Instance_48633" type="identity">
      <class id="GO:0010467" label="gene expression"/>
      <span end="29918" id="12546709-434" start="29909">expressed</span>
    </annotation>
    <annotation annotator="Mike Bada, University of Colorado Anschutz Medical Campus" id="GO_BP_2016_02_16_Instance_48637" type="identity">
      <class id="GO:0010467" label="gene expression"/>
      <span end="30017" id="12546709-436" start="30008">expressed</span>
    </annotation>
    <annotation annotator="Mike Bada, University of Colorado Anschutz Medical Campus" id="GO_BP_2016_02_16_Instance_21865" type="identity">
      <class id="GO:0030154" label="cell differentiation"/>
      <span end="30047" id="12546709-373" start="30029">differentiation of</span>
      <span end="30101" id="12546709-374" start="30096">cells</span>
    </annotation>
    <annotation annotator="Mike Bada, University of Colorado Anschutz Medical Campus" id="GO_BP_2016_02_16_Instance_48639" type="identity">
      <class id="GO:0010467" label="gene expression"/>
      <span end="30135" id="12546709-438" start="30125">expression</span>
    </annotation>
    <annotation annotator="Mike Bada, University of Colorado Anschutz Medical Campus" id="GO_BP_2016_02_16_Instance_21867" type="identity">
      <class id="GO:0030154" label="cell differentiation"/>
      <span end="30239" id="12546709-376" start="30221">differentiation of</span>
      <span end="30251" id="12546709-377" start="30246">cells</span>
    </annotation>
    <annotation annotator="Mike Bada, University of Colorado Anschutz Medical Campus" id="GO_BP_2016_02_16_Instance_48645" type="identity">
      <class id="GO:0065007" label="biological regulation"/>
      <span end="30834" id="12546709-440" start="30824">regulating</span>
    </annotation>
    <annotation annotator="Mike Bada, University of Colorado Anschutz Medical Campus" id="GO_BP_2016_02_16_Instance_48647" type="identity">
      <class id="GO:0007049" label="cell cycle"/>
      <span end="30849" id="12546709-442" start="30839">cell cycle</span>
    </annotation>
    <annotation annotator="Mike Bada, University of Colorado Anschutz Medical Campus" id="GO_BP_2016_02_16_Instance_48649" type="identity">
      <class id="GO:0010467" label="gene expression"/>
      <span end="31030" id="12546709-444" start="31021">expressed</span>
    </annotation>
    <annotation annotator="Mike Bada, University of Colorado Anschutz Medical Campus" id="GO_BP_2016_02_16_with_nested_annotations_Instance_10214" type="identity">
      <class id="GO:0009294" label="DNA mediated transformation"/>
      <span end="31045" id="12546709-472" start="31034">transfected</span>
    </annotation>
    <annotation annotator="Mike Bada, University of Colorado Anschutz Medical Campus" id="GO_BP_2016_02_16_Instance_48653" type="identity">
      <class id="GO:0051325" label="interphase"/>
      <span end="31109" id="12546709-446" start="31099">interphase</span>
    </annotation>
    <annotation annotator="Mike Bada, University of Colorado Anschutz Medical Campus" id="GO_BP_2016_02_16_Instance_48655" type="identity">
      <class id="GO:0065007" label="biological regulation"/>
      <span end="31141" id="12546709-448" start="31131">regulatory</span>
    </annotation>
    <annotation annotator="Mike Bada, University of Colorado Anschutz Medical Campus" id="GO_BP_2016_02_16_Instance_60088" type="identity">
      <class id="GO:0008283" label="cell proliferation"/>
      <span end="31286" id="12546709-468" start="31275">proliferate</span>
    </annotation>
    <annotation annotator="Mike Bada, University of Colorado Anschutz Medical Campus" id="GO_BP_2016_02_16_Instance_48659" type="identity">
      <class id="GO:0065007" label="biological regulation"/>
      <span end="31533" id="12546709-450" start="31523">regulating</span>
    </annotation>
    <annotation annotator="Mike Bada, University of Colorado Anschutz Medical Campus" id="GO_BP_2016_02_16_Instance_48661" type="identity">
      <class id="GO:0007049" label="cell cycle"/>
      <span end="31548" id="12546709-452" start="31538">cell cycle</span>
    </annotation>
    <annotation annotator="Mike Bada, University of Colorado Anschutz Medical Campus" id="GO_BP_2016_02_16_Instance_48663" type="identity">
      <class id="GO:0051726" label="regulation of cell cycle"/>
      <span end="31683" id="12546709-454" start="31662">cell cycle regulation</span>
    </annotation>
    <annotation annotator="Mike Bada, University of Colorado Anschutz Medical Campus" id="GO_BP_2016_02_16_Instance_21877" type="identity">
      <class id="GO:0030154" label="cell differentiation"/>
      <span end="32313" id="12546709-379" start="32295">differentiation of</span>
      <span end="32335" id="12546709-380" start="32330">cells</span>
    </annotation>
    <annotation annotator="Mike Bada, University of Colorado Anschutz Medical Campus" id="GO_BP_2016_02_16_Instance_23529" type="identity">
      <class id="GO:0044249" label="cellular biosynthetic process"/>
      <span end="32872" id="12546709-384" start="32863">synthesis</span>
      <span end="32895" id="12546709-385" start="32893">in</span>
      <span end="32912" id="12546709-386" start="32907">cells</span>
    </annotation>
    <annotation annotator="Mike Bada, University of Colorado Anschutz Medical Campus" id="GO_BP_2016_02_16_Instance_48679" type="identity">
      <class id="GO:0016477" label="cell migration"/>
      <span end="33039" id="12546709-456" start="33035">cell</span>
      <span end="33059" id="12546709-457" start="33050">migration</span>
    </annotation>
    <annotation annotator="Mike Bada, University of Colorado Anschutz Medical Campus" id="GO_BP_2016_02_16_Instance_48681" type="identity">
      <class id="GO:0007601" label="visual perception"/>
      <span end="33914" id="12546709-459" start="33908">Vision</span>
    </annotation>
    <graph-space id="Old Knowtator Relations"/>
  </document>
</knowtator-project>
