<?xml version="1.0" encoding="UTF-8" standalone="no"?>
<knowtator-project>
    <document id="14723793" text-file="14723793.txt">
        <annotation annotator="Mike Bada, University of Colorado Anschutz Medical Campus" id="GO_BP_2016_02_16_Instance_48127" type="identity">
            <class id="GO:0010467" label="gene expression"/>
            <span end="1071" id="14723793-1891" start="1062">expressed</span>
        </annotation>
        <annotation annotator="Mike Bada, University of Colorado Anschutz Medical Campus" id="GO_BP_2016_02_16_Instance_48129" type="identity">
            <class id="GO:0010467" label="gene expression"/>
            <span end="1142" id="14723793-1893" start="1133">expressed</span>
        </annotation>
        <annotation annotator="Mike Bada, University of Colorado Anschutz Medical Campus" id="GO_BP_2016_02_16_Instance_48131" type="identity">
            <class id="GO:0010467" label="gene expression"/>
            <span end="1185" id="14723793-1895" start="1175">expression</span>
        </annotation>
        <annotation annotator="Mike Bada, University of Colorado Anschutz Medical Campus" id="GO_BP_2016_02_16_Instance_48133" type="identity">
            <class id="GO:0010467" label="gene expression"/>
            <span end="1417" id="14723793-1897" start="1408">expressed</span>
        </annotation>
        <annotation annotator="Mike Bada, University of Colorado Anschutz Medical Campus" id="GO_BP_2016_02_16_Instance_48137" type="identity">
            <class id="GO:0006811" label="ion transport"/>
            <span end="1701" id="14723793-1899" start="1688">ion transport</span>
        </annotation>
        <annotation annotator="Mike Bada, University of Colorado Anschutz Medical Campus" id="GO_BP_2016_02_16_Instance_23513" type="identity">
            <class id="GO:0046907" label="intracellular transport"/>
            <span end="1704" id="14723793-1883" start="1692">transport in</span>
            <span end="1720" id="14723793-1884" start="1715">cells</span>
        </annotation>
        <annotation annotator="Mike Bada, University of Colorado Anschutz Medical Campus" id="GO_BP_2016_02_16_Instance_70508" type="identity">
            <class id="GO:0006412" label="translation"/>
            <span end="4057" id="14723793-1939" start="4047">translated</span>
        </annotation>
        <annotation annotator="Mike Bada, University of Colorado Anschutz Medical Campus" id="GO_BP_2016_02_16_Instance_48141" type="identity">
            <class id="GO:0010467" label="gene expression"/>
            <span end="4202" id="14723793-1901" start="4193">expressed</span>
        </annotation>
        <annotation annotator="Mike Bada, University of Colorado Anschutz Medical Campus" id="GO_BP_2016_02_16_Instance_48143" type="identity">
            <class id="GO:0010467" label="gene expression"/>
            <span end="4277" id="14723793-1903" start="4267">expression</span>
        </annotation>
        <annotation annotator="Mike Bada, University of Colorado Anschutz Medical Campus" id="GO_BP_2016_02_16_Instance_48145" type="identity">
            <class id="GO:0010467" label="gene expression"/>
            <span end="4310" id="14723793-1905" start="4299">expressions</span>
        </annotation>
        <annotation annotator="Mike Bada, University of Colorado Anschutz Medical Campus" id="GO_BP_2016_02_16_Instance_48147" type="identity">
            <class id="GO:0010467" label="gene expression"/>
            <span end="4465" id="14723793-1907" start="4455">expression</span>
        </annotation>
        <annotation annotator="Mike Bada, University of Colorado Anschutz Medical Campus" id="GO_BP_2016_02_16_Instance_48149" type="identity">
            <class id="GO:0010467" label="gene expression"/>
            <span end="4543" id="14723793-1909" start="4533">expression</span>
        </annotation>
        <annotation annotator="Mike Bada, University of Colorado Anschutz Medical Campus" id="GO_BP_2016_02_16_Instance_48151" type="identity">
            <class id="GO:0010467" label="gene expression"/>
            <span end="4590" id="14723793-1911" start="4579">expressions</span>
        </annotation>
        <annotation annotator="Mike Bada, University of Colorado Anschutz Medical Campus" id="GO_BP_2016_02_16_Instance_48153" type="identity">
            <class id="GO:0010467" label="gene expression"/>
            <span end="4681" id="14723793-1913" start="4670">expressions</span>
        </annotation>
        <annotation annotator="Mike Bada, University of Colorado Anschutz Medical Campus" id="GO_BP_2016_02_16_Instance_48155" type="identity">
            <class id="GO:0010467" label="gene expression"/>
            <span end="4763" id="14723793-1915" start="4753">expression</span>
        </annotation>
        <annotation annotator="Mike Bada, University of Colorado Anschutz Medical Campus" id="GO_BP_2016_02_16_Instance_48157" type="identity">
            <class id="GO:0010467" label="gene expression"/>
            <span end="4871" id="14723793-1917" start="4861">expression</span>
        </annotation>
        <annotation annotator="Mike Bada, University of Colorado Anschutz Medical Campus" id="GO_BP_2016_02_16_Instance_48159" type="identity">
            <class id="GO:0010467" label="gene expression"/>
            <span end="4985" id="14723793-1919" start="4975">expression</span>
        </annotation>
        <annotation annotator="Mike Bada, University of Colorado Anschutz Medical Campus" id="GO_BP_2016_02_16_Instance_48161" type="identity">
            <class id="GO:0008150" label="biological_process"/>
            <span end="5110" id="14723793-1921" start="5090">biological processes</span>
        </annotation>
        <annotation annotator="Mike Bada, University of Colorado Anschutz Medical Campus" id="GO_BP_2016_02_16_Instance_48163" type="identity">
            <class id="GO:0018032" label="protein amidation"/>
            <span end="10601" id="14723793-1923" start="10592">amidation</span>
        </annotation>
        <annotation annotator="Mike Bada, University of Colorado Anschutz Medical Campus" id="GO_BP_2016_02_16_Instance_48165" type="identity">
            <class id="GO:0018032" label="protein amidation"/>
            <span end="10892" id="14723793-1925" start="10883">amidation</span>
        </annotation>
        <annotation annotator="Mike Bada, University of Colorado Anschutz Medical Campus" id="GO_BP_2016_02_16_Instance_48171" type="identity">
            <class id="GO:0010467" label="gene expression"/>
            <span end="12222" id="14723793-1927" start="12212">expression</span>
        </annotation>
        <annotation annotator="Mike Bada, University of Colorado Anschutz Medical Campus" id="GO_BP_2016_02_16_Instance_48173" type="identity">
            <class id="GO:0010467" label="gene expression"/>
            <span end="12298" id="14723793-1929" start="12288">expression</span>
        </annotation>
        <annotation annotator="Mike Bada, University of Colorado Anschutz Medical Campus" id="GO_BP_2016_02_16_Instance_48177" type="identity">
            <class id="GO:0010467" label="gene expression"/>
            <span end="12652" id="14723793-1931" start="12642">expression</span>
        </annotation>
        <annotation annotator="Mike Bada, University of Colorado Anschutz Medical Campus" id="GO_BP_2016_02_16_Instance_48185" type="identity">
            <class id="GO:0008150" label="biological_process"/>
            <span end="14415" id="14723793-1933" start="14395">biological processes</span>
        </annotation>
        <annotation annotator="Mike Bada, University of Colorado Anschutz Medical Campus" id="GO_BP_2016_02_16_Instance_48187" type="identity">
            <class id="GO:0010467" label="gene expression"/>
            <span end="14603" id="14723793-1935" start="14594">expressed</span>
        </annotation>
        <annotation annotator="Mike Bada, University of Colorado Anschutz Medical Campus" id="GO_BP_2016_02_16_Instance_48195" type="identity">
            <class id="GO:0006811" label="ion transport"/>
            <span end="16330" id="14723793-1937" start="16317">ion transport</span>
        </annotation>
        <annotation annotator="Mike Bada, University of Colorado Anschutz Medical Campus" id="GO_BP_2016_02_16_Instance_23515" type="identity">
            <class id="GO:0046907" label="intracellular transport"/>
            <span end="16333" id="14723793-1886" start="16321">transport in</span>
            <span end="16349" id="14723793-1887" start="16344">cells</span>
        </annotation>
        <annotation annotator="Mike Bada, University of Colorado Anschutz Medical Campus" id="GO_BP_2016_02_16_Instance_70530" type="identity">
            <class id="GO:0006412" label="translation"/>
            <span end="19122" id="14723793-1941" start="19112">translated</span>
        </annotation>
        <annotation annotator="Mike Bada, University of Colorado Anschutz Medical Campus" id="GO_BP_2016_02_16_Instance_23645" type="identity">
            <class id="GO:0040007" label="growth"/>
            <span end="21690" id="14723793-1889" start="21685">grown</span>
        </annotation>
        <graph-space id="Old Knowtator Relations"/>
    </document>
</knowtator-project>
