<?xml version="1.0" encoding="UTF-8" standalone="no"?>
<knowtator-project>
  <document id="14737183" text-file="14737183.txt">
    <annotation annotator="Mike Bada, University of Colorado Anschutz Medical Campus" id="GO_BP_2016_02_16_Instance_45845" type="identity">
      <class id="GO:0065007" label="biological regulation"/>
      <span end="207" id="14737183-1960" start="200">control</span>
    </annotation>
    <annotation annotator="Mike Bada, University of Colorado Anschutz Medical Campus" id="GO_BP_2016_02_16_Instance_45847" type="identity">
      <class id="GO:0065007" label="biological regulation"/>
      <span end="385" id="14737183-1962" start="378">control</span>
    </annotation>
    <annotation annotator="Mike Bada, University of Colorado Anschutz Medical Campus" id="GO_BP_2016_02_16_Instance_45849" type="identity">
      <class id="GO:0010467" label="gene expression"/>
      <span end="764" id="14737183-1964" start="754">expression</span>
    </annotation>
    <annotation annotator="Mike Bada, University of Colorado Anschutz Medical Campus" id="GO_BP_2016_02_16_Instance_45853" type="identity">
      <class id="GO:0010467" label="gene expression"/>
      <span end="1013" id="14737183-1966" start="1003">expression</span>
    </annotation>
    <annotation annotator="Mike Bada, University of Colorado Anschutz Medical Campus" id="GO_BP_2016_02_16_Instance_45855" type="identity">
      <class id="GO:0010467" label="gene expression"/>
      <span end="1081" id="14737183-1968" start="1071">expression</span>
    </annotation>
    <annotation annotator="Mike Bada, University of Colorado Anschutz Medical Campus" id="GO_BP_2016_02_16_Instance_45857" type="identity">
      <class id="GO:0010467" label="gene expression"/>
      <span end="1140" id="14737183-1970" start="1130">expression</span>
    </annotation>
    <annotation annotator="Mike Bada, University of Colorado Anschutz Medical Campus" id="GO_BP_2016_02_16_Instance_70552" type="identity">
      <class id="GO:0007567" label="parturition"/>
      <span end="1180" id="14737183-2248" start="1175">natal</span>
    </annotation>
    <annotation annotator="Mike Bada, University of Colorado Anschutz Medical Campus" id="GO_BP_2016_02_16_Instance_45859" type="identity">
      <class id="GO:0010467" label="gene expression"/>
      <span end="1413" id="14737183-1972" start="1403">expression</span>
    </annotation>
    <annotation annotator="Mike Bada, University of Colorado Anschutz Medical Campus" id="GO_BP_2016_02_16_Instance_45861" type="identity">
      <class id="GO:0010467" label="gene expression"/>
      <span end="1640" id="14737183-1974" start="1630">expression</span>
    </annotation>
    <annotation annotator="Mike Bada, University of Colorado Anschutz Medical Campus" id="GO_BP_2016_02_16_Instance_45863" type="identity">
      <class id="GO:0009790" label="embryo development"/>
      <span end="1862" id="14737183-1976" start="1841">embryonic development</span>
    </annotation>
    <annotation annotator="Mike Bada, University of Colorado Anschutz Medical Campus" id="GO_BP_2016_02_16_Instance_45871" type="identity">
      <class id="GO:0065007" label="biological regulation"/>
      <span end="2471" id="14737183-1978" start="2464">control</span>
    </annotation>
    <annotation annotator="Mike Bada, University of Colorado Anschutz Medical Campus" id="GO_BP_2016_02_16_with_nested_annotations_Instance_60028" type="identity">
      <class id="GO:0038001" label="paracrine signaling"/>
      <span end="3855" id="14737183-2288" start="3846">paracrine</span>
    </annotation>
    <annotation annotator="Mike Bada, University of Colorado Anschutz Medical Campus" id="GO_BP_2016_02_16_Instance_45873" type="identity">
      <class id="GO:0065007" label="biological regulation"/>
      <span end="3871" id="14737183-1980" start="3864">control</span>
    </annotation>
    <annotation annotator="Mike Bada, University of Colorado Anschutz Medical Campus" id="GO_BP_2016_02_16_Instance_45875" type="identity">
      <class id="GO:0042633" label="hair cycle"/>
      <span end="3971" id="14737183-1982" start="3961">hair cycle</span>
    </annotation>
    <annotation annotator="Mike Bada, University of Colorado Anschutz Medical Campus" id="GO_BP_2016_02_16_Instance_45877" type="identity">
      <class id="GO:0051904" label="pigment granule transport"/>
      <span end="4064" id="14737183-1984" start="4036">movement of pigment granules</span>
    </annotation>
    <annotation annotator="Mike Bada, University of Colorado Anschutz Medical Campus" id="GO_BP_2016_02_16_Instance_70576" type="identity">
      <class id="GO:1903232" label="melanosome assembly"/>
      <span end="4386" id="14737183-2250" start="4365">melanosome biogenesis</span>
    </annotation>
    <annotation annotator="Mike Bada, University of Colorado Anschutz Medical Campus" id="GO_BP_2016_02_16_Instance_45879" type="identity">
      <class id="GO:0065007" label="biological regulation"/>
      <span end="4487" id="14737183-1986" start="4480">control</span>
    </annotation>
    <annotation annotator="Mike Bada, University of Colorado Anschutz Medical Campus" id="GO_BP_2016_02_16_with_nested_annotations_Instance_850" type="identity">
      <class id="GO:0046903" label="secretion"/>
      <span end="5036" id="14737183-2290" start="5028">Secreted</span>
    </annotation>
    <annotation annotator="Mike Bada, University of Colorado Anschutz Medical Campus" id="GO_BP_2016_02_16_Instance_45885" type="identity">
      <class id="GO:0042633" label="hair cycle"/>
      <span end="5369" id="14737183-1988" start="5359">hair cycle</span>
    </annotation>
    <annotation annotator="Mike Bada, University of Colorado Anschutz Medical Campus" id="GO_BP_2016_02_16_Instance_45889" type="identity">
      <class id="GO:0065007" label="biological regulation"/>
      <span end="5460" id="14737183-1992" start="5451">regulated</span>
    </annotation>
    <annotation annotator="Mike Bada, University of Colorado Anschutz Medical Campus" id="GO_BP_2016_02_16_Instance_45887" type="identity">
      <class id="GO:0010467" label="gene expression"/>
      <span end="5471" id="14737183-1990" start="5461">expression</span>
    </annotation>
    <annotation annotator="Mike Bada, University of Colorado Anschutz Medical Campus" id="GO_BP_2016_02_16_Instance_70580" type="identity">
      <class id="GO:0006412" label="translation"/>
      <span end="5905" id="14737183-2252" start="5895">translated</span>
    </annotation>
    <annotation annotator="Mike Bada, University of Colorado Anschutz Medical Campus" id="GO_BP_2016_02_16_Instance_45893" type="identity">
      <class id="GO:0042633" label="hair cycle"/>
      <span end="5926" id="14737183-1994" start="5916">hair cycle</span>
    </annotation>
    <annotation annotator="Mike Bada, University of Colorado Anschutz Medical Campus" id="GO_BP_2016_02_16_Instance_45895" type="identity">
      <class id="GO:0010467" label="gene expression"/>
      <span end="5960" id="14737183-1996" start="5951">expressed</span>
    </annotation>
    <annotation annotator="Mike Bada, University of Colorado Anschutz Medical Campus" id="GO_BP_2016_02_16_Instance_45899" type="identity">
      <class id="GO:0010467" label="gene expression"/>
      <span end="6082" id="14737183-1998" start="6073">expressed</span>
    </annotation>
    <annotation annotator="Mike Bada, University of Colorado Anschutz Medical Campus" id="GO_BP_2016_02_16_Instance_45903" type="identity">
      <class id="GO:0010467" label="gene expression"/>
      <span end="6243" id="14737183-2000" start="6236">express</span>
    </annotation>
    <annotation annotator="Mike Bada, University of Colorado Anschutz Medical Campus" id="GO_BP_2016_02_16_Instance_45905" type="identity">
      <class id="GO:0010467" label="gene expression"/>
      <span end="6563" id="14737183-2002" start="6554">expressed</span>
    </annotation>
    <annotation annotator="Mike Bada, University of Colorado Anschutz Medical Campus" id="GO_BP_2016_02_16_Instance_21891" type="identity">
      <class id="GO:0030154" label="cell differentiation"/>
      <span end="6677" id="14737183-1947" start="6657">cell differentiation</span>
    </annotation>
    <annotation annotator="Mike Bada, University of Colorado Anschutz Medical Campus" id="GO_BP_2016_02_16_Instance_45909" type="identity">
      <class id="GO:0065007" label="biological regulation"/>
      <span end="6716" id="14737183-2004" start="6706">regulatory</span>
    </annotation>
    <annotation annotator="Mike Bada, University of Colorado Anschutz Medical Campus" id="GO_BP_2016_02_16_Instance_45911" type="identity">
      <class id="GO:0007567" label="parturition"/>
      <span end="6873" id="14737183-2006" start="6868">birth</span>
    </annotation>
    <annotation annotator="Mike Bada, University of Colorado Anschutz Medical Campus" id="GO_BP_2016_02_16_Instance_38251" type="identity">
      <class id="GO:0009653" label="anatomical structure morphogenesis"/>
      <span end="7056" id="14737183-1956" start="7043">morphogenetic</span>
    </annotation>
    <annotation annotator="Mike Bada, University of Colorado Anschutz Medical Campus" id="GO_BP_2016_02_16_Instance_45915" type="identity">
      <class id="GO:0010467" label="gene expression"/>
      <span end="7932" id="14737183-2008" start="7922">expression</span>
    </annotation>
    <annotation annotator="Mike Bada, University of Colorado Anschutz Medical Campus" id="GO_BP_2016_02_16_Instance_45919" type="identity">
      <class id="GO:0010467" label="gene expression"/>
      <span end="8697" id="14737183-2010" start="8688">expressed</span>
    </annotation>
    <annotation annotator="Mike Bada, University of Colorado Anschutz Medical Campus" id="GO_BP_2016_02_16_Instance_45923" type="identity">
      <class id="GO:0010467" label="gene expression"/>
      <span end="8814" id="14737183-2012" start="8804">expression</span>
    </annotation>
    <annotation annotator="Mike Bada, University of Colorado Anschutz Medical Campus" id="GO_BP_2016_02_16_Instance_45935" type="identity">
      <class id="GO:0010467" label="gene expression"/>
      <span end="9707" id="14737183-2014" start="9697">expression</span>
    </annotation>
    <annotation annotator="Mike Bada, University of Colorado Anschutz Medical Campus" id="GO_BP_2016_02_16_Instance_45937" type="identity">
      <class id="GO:0042633" label="hair cycle"/>
      <span end="10682" id="14737183-2016" start="10672">hair-cycle</span>
    </annotation>
    <annotation annotator="Mike Bada, University of Colorado Anschutz Medical Campus" id="GO_BP_2016_02_16_Instance_45939" type="identity">
      <class id="GO:0042633" label="hair cycle"/>
      <span end="11186" id="14737183-2018" start="11175">hair cycles</span>
    </annotation>
    <annotation annotator="Mike Bada, University of Colorado Anschutz Medical Campus" id="GO_BP_2016_02_16_Instance_70592" type="identity">
      <class id="GO:0007567" label="parturition"/>
      <span end="11389" id="14737183-2254" start="11384">natal</span>
    </annotation>
    <annotation annotator="Mike Bada, University of Colorado Anschutz Medical Campus" id="GO_BP_2016_02_16_Instance_45947" type="identity">
      <class id="GO:0010467" label="gene expression"/>
      <span end="12221" id="14737183-2020" start="12211">expression</span>
    </annotation>
    <annotation annotator="Mike Bada, University of Colorado Anschutz Medical Campus" id="GO_BP_2016_02_16_Instance_45949" type="identity">
      <class id="GO:0042633" label="hair cycle"/>
      <span end="13105" id="14737183-2022" start="13094">hair cycles</span>
    </annotation>
    <annotation annotator="Mike Bada, University of Colorado Anschutz Medical Campus" id="GO_BP_2016_02_16_Instance_45955" type="identity">
      <class id="GO:0007567" label="parturition"/>
      <span end="16532" id="14737183-2024" start="16527">birth</span>
    </annotation>
    <annotation annotator="Mike Bada, University of Colorado Anschutz Medical Campus" id="GO_BP_2016_02_16_Instance_70606" type="identity">
      <class id="GO:0042438" label="melanin biosynthetic process"/>
      <span end="16577" id="14737183-2256" start="16566">melanogenic</span>
    </annotation>
    <annotation annotator="Mike Bada, University of Colorado Anschutz Medical Campus" id="GO_BP_2016_02_16_Instance_45957" type="identity">
      <class id="GO:0046148" label="pigment biosynthetic process"/>
      <span end="16794" id="14737183-2026" start="16777">pigment synthesis</span>
    </annotation>
    <annotation annotator="Mike Bada, University of Colorado Anschutz Medical Campus" id="GO_BP_2016_02_16_Instance_70610" type="identity">
      <class id="GO:0009953" label="dorsal/ventral pattern formation"/>
      <span end="17166" id="14737183-2258" start="17126">establishment of dorsoventral patterning</span>
    </annotation>
    <annotation annotator="Mike Bada, University of Colorado Anschutz Medical Campus" id="GO_BP_2016_02_16_Instance_45961" type="identity">
      <class id="GO:0043588" label="skin development"/>
      <span end="17190" id="14737183-2028" start="17174">skin development</span>
    </annotation>
    <annotation annotator="Mike Bada, University of Colorado Anschutz Medical Campus" id="GO_BP_2016_02_16_Instance_45967" type="identity">
      <class id="GO:0010467" label="gene expression"/>
      <span end="17579" id="14737183-2030" start="17570">expressed</span>
    </annotation>
    <annotation annotator="Mike Bada, University of Colorado Anschutz Medical Campus" id="GO_BP_2016_02_16_Instance_45969" type="identity">
      <class id="GO:0010467" label="gene expression"/>
      <span end="18492" id="14737183-2032" start="18482">expression</span>
    </annotation>
    <annotation annotator="Mike Bada, University of Colorado Anschutz Medical Campus" id="GO_BP_2016_02_16_Instance_45973" type="identity">
      <class id="GO:0043631" label="RNA polyadenylation"/>
      <span end="19200" id="14737183-2034" start="19185">polyadenylation</span>
    </annotation>
    <annotation annotator="Mike Bada, University of Colorado Anschutz Medical Campus" id="GO_BP_2016_02_16_Instance_45981" type="identity">
      <class id="GO:0010467" label="gene expression"/>
      <span end="20782" id="14737183-2036" start="20772">Expression</span>
    </annotation>
    <annotation annotator="Mike Bada, University of Colorado Anschutz Medical Campus" id="GO_BP_2016_02_16_Instance_45983" type="identity">
      <class id="GO:0010467" label="gene expression"/>
      <span end="20906" id="14737183-2038" start="20896">expression</span>
    </annotation>
    <annotation annotator="Mike Bada, University of Colorado Anschutz Medical Campus" id="GO_BP_2016_02_16_Instance_45985" type="identity">
      <class id="GO:0010467" label="gene expression"/>
      <span end="21191" id="14737183-2040" start="21181">expression</span>
    </annotation>
    <annotation annotator="Mike Bada, University of Colorado Anschutz Medical Campus" id="GO_BP_2016_02_16_Instance_45989" type="identity">
      <class id="GO:0010467" label="gene expression"/>
      <span end="21522" id="14737183-2042" start="21512">expression</span>
    </annotation>
    <annotation annotator="Mike Bada, University of Colorado Anschutz Medical Campus" id="GO_BP_2016_02_16_Instance_45993" type="identity">
      <class id="GO:0010467" label="gene expression"/>
      <span end="21694" id="14737183-2044" start="21684">expression</span>
    </annotation>
    <annotation annotator="Mike Bada, University of Colorado Anschutz Medical Campus" id="GO_BP_2016_02_16_Instance_45997" type="identity">
      <class id="GO:0010467" label="gene expression"/>
      <span end="21945" id="14737183-2046" start="21936">expressed</span>
    </annotation>
    <annotation annotator="Mike Bada, University of Colorado Anschutz Medical Campus" id="GO_BP_2016_02_16_Instance_45999" type="identity">
      <class id="GO:0010467" label="gene expression"/>
      <span end="22046" id="14737183-2048" start="22037">expressed</span>
    </annotation>
    <annotation annotator="Mike Bada, University of Colorado Anschutz Medical Campus" id="GO_BP_2016_02_16_Instance_46003" type="identity">
      <class id="GO:0010467" label="gene expression"/>
      <span end="22189" id="14737183-2050" start="22179">expression</span>
    </annotation>
    <annotation annotator="Mike Bada, University of Colorado Anschutz Medical Campus" id="GO_BP_2016_02_16_Instance_70616" type="identity">
      <class id="GO:0007567" label="parturition"/>
      <span end="22334" id="14737183-2260" start="22329">natal</span>
    </annotation>
    <annotation annotator="Mike Bada, University of Colorado Anschutz Medical Campus" id="GO_BP_2016_02_16_Instance_46007" type="identity">
      <class id="GO:0010467" label="gene expression"/>
      <span end="22399" id="14737183-2052" start="22390">expressed</span>
    </annotation>
    <annotation annotator="Mike Bada, University of Colorado Anschutz Medical Campus" id="GO_BP_2016_02_16_Instance_46011" type="identity">
      <class id="GO:0010467" label="gene expression"/>
      <span end="22574" id="14737183-2054" start="22564">expression</span>
    </annotation>
    <annotation annotator="Mike Bada, University of Colorado Anschutz Medical Campus" id="GO_BP_2016_02_16_Instance_46013" type="identity">
      <class id="GO:0010467" label="gene expression"/>
      <span end="22615" id="14737183-2056" start="22605">expression</span>
    </annotation>
    <annotation annotator="Mike Bada, University of Colorado Anschutz Medical Campus" id="GO_BP_2016_02_16_Instance_46015" type="identity">
      <class id="GO:0010467" label="gene expression"/>
      <span end="22691" id="14737183-2058" start="22681">expression</span>
    </annotation>
    <annotation annotator="Mike Bada, University of Colorado Anschutz Medical Campus" id="GO_BP_2016_02_16_Instance_46017" type="identity">
      <class id="GO:0010467" label="gene expression"/>
      <span end="22745" id="14737183-2060" start="22735">expression</span>
    </annotation>
    <annotation annotator="Mike Bada, University of Colorado Anschutz Medical Campus" id="GO_BP_2016_02_16_Instance_46019" type="identity">
      <class id="GO:0010467" label="gene expression"/>
      <span end="22811" id="14737183-2062" start="22801">expression</span>
    </annotation>
    <annotation annotator="Mike Bada, University of Colorado Anschutz Medical Campus" id="GO_BP_2016_02_16_Instance_46021" type="identity">
      <class id="GO:0010467" label="gene expression"/>
      <span end="22881" id="14737183-2064" start="22871">expression</span>
    </annotation>
    <annotation annotator="Mike Bada, University of Colorado Anschutz Medical Campus" id="GO_BP_2016_02_16_Instance_46023" type="identity">
      <class id="GO:0010467" label="gene expression"/>
      <span end="23058" id="14737183-2066" start="23048">expression</span>
    </annotation>
    <annotation annotator="Mike Bada, University of Colorado Anschutz Medical Campus" id="GO_BP_2016_02_16_Instance_46025" type="identity">
      <class id="GO:0010467" label="gene expression"/>
      <span end="23148" id="14737183-2068" start="23138">expression</span>
    </annotation>
    <annotation annotator="Mike Bada, University of Colorado Anschutz Medical Campus" id="GO_BP_2016_02_16_Instance_46029" type="identity">
      <class id="GO:0010467" label="gene expression"/>
      <span end="23442" id="14737183-2070" start="23432">expression</span>
    </annotation>
    <annotation annotator="Mike Bada, University of Colorado Anschutz Medical Campus" id="GO_BP_2016_02_16_Instance_46031" type="identity">
      <class id="GO:0007567" label="parturition"/>
      <span end="23454" id="14737183-2072" start="23449">birth</span>
    </annotation>
    <annotation annotator="Mike Bada, University of Colorado Anschutz Medical Campus" id="GO_BP_2016_02_16_Instance_46033" type="identity">
      <class id="GO:0010467" label="gene expression"/>
      <span end="23476" id="14737183-2074" start="23466">expression</span>
    </annotation>
    <annotation annotator="Mike Bada, University of Colorado Anschutz Medical Campus" id="GO_BP_2016_02_16_Instance_46035" type="identity">
      <class id="GO:0010467" label="gene expression"/>
      <span end="23606" id="14737183-2076" start="23596">expression</span>
    </annotation>
    <annotation annotator="Mike Bada, University of Colorado Anschutz Medical Campus" id="GO_BP_2016_02_16_Instance_46037" type="identity">
      <class id="GO:0010467" label="gene expression"/>
      <span end="23686" id="14737183-2078" start="23676">Expression</span>
    </annotation>
    <annotation annotator="Mike Bada, University of Colorado Anschutz Medical Campus" id="GO_BP_2016_02_16_Instance_46041" type="identity">
      <class id="GO:0010467" label="gene expression"/>
      <span end="23821" id="14737183-2080" start="23811">expression</span>
    </annotation>
    <annotation annotator="Mike Bada, University of Colorado Anschutz Medical Campus" id="GO_BP_2016_02_16_Instance_46045" type="identity">
      <class id="GO:0010467" label="gene expression"/>
      <span end="24317" id="14737183-2082" start="24307">expression</span>
    </annotation>
    <annotation annotator="Mike Bada, University of Colorado Anschutz Medical Campus" id="GO_BP_2016_02_16_Instance_46051" type="identity">
      <class id="GO:0010467" label="gene expression"/>
      <span end="25020" id="14737183-2084" start="25005">gene expression</span>
    </annotation>
    <annotation annotator="Mike Bada, University of Colorado Anschutz Medical Campus" id="GO_BP_2016_02_16_Instance_46053" type="identity">
      <class id="GO:0010467" label="gene expression"/>
      <span end="26091" id="14737183-2086" start="26082">expressed</span>
    </annotation>
    <annotation annotator="Mike Bada, University of Colorado Anschutz Medical Campus" id="GO_BP_2016_02_16_Instance_46055" type="identity">
      <class id="GO:0010467" label="gene expression"/>
      <span end="26142" id="14737183-2088" start="26133">expressed</span>
    </annotation>
    <annotation annotator="Mike Bada, University of Colorado Anschutz Medical Campus" id="GO_BP_2016_02_16_Instance_46059" type="identity">
      <class id="GO:0010467" label="gene expression"/>
      <span end="26273" id="14737183-2090" start="26263">expression</span>
    </annotation>
    <annotation annotator="Mike Bada, University of Colorado Anschutz Medical Campus" id="GO_BP_2016_02_16_Instance_46061" type="identity">
      <class id="GO:0043588" label="skin development"/>
      <span end="26417" id="14737183-2092" start="26401">skin development</span>
    </annotation>
    <annotation annotator="Mike Bada, University of Colorado Anschutz Medical Campus" id="GO_BP_2016_02_16_Instance_46063" type="identity">
      <class id="GO:0010467" label="gene expression"/>
      <span end="26441" id="14737183-2094" start="26431">expression</span>
    </annotation>
    <annotation annotator="Mike Bada, University of Colorado Anschutz Medical Campus" id="GO_BP_2016_02_16_Instance_70632" type="identity">
      <class id="GO:0007565" label="female pregnancy"/>
      <span end="27767" id="14737183-2262" start="27758">gestation</span>
    </annotation>
    <annotation annotator="Mike Bada, University of Colorado Anschutz Medical Campus" id="GO_BP_2016_02_16_Instance_46077" type="identity">
      <class id="GO:0010467" label="gene expression"/>
      <span end="28990" id="14737183-2096" start="28980">expression</span>
    </annotation>
    <annotation annotator="Mike Bada, University of Colorado Anschutz Medical Campus" id="GO_BP_2016_02_16_Instance_46079" type="identity">
      <class id="GO:0010467" label="gene expression"/>
      <span end="29089" id="14737183-2098" start="29080">expressed</span>
    </annotation>
    <annotation annotator="Mike Bada, University of Colorado Anschutz Medical Campus" id="GO_BP_2016_02_16_Instance_46087" type="identity">
      <class id="GO:0001942" label="hair follicle development"/>
      <span end="29681" id="14737183-2100" start="29656">hair follicle development</span>
    </annotation>
    <annotation annotator="Mike Bada, University of Colorado Anschutz Medical Campus" id="GO_BP_2016_02_16_Instance_46091" type="identity">
      <class id="GO:0010467" label="gene expression"/>
      <span end="29997" id="14737183-2102" start="29987">expression</span>
    </annotation>
    <annotation annotator="Mike Bada, University of Colorado Anschutz Medical Campus" id="GO_BP_2016_02_16_Instance_46093" type="identity">
      <class id="GO:0010467" label="gene expression"/>
      <span end="30433" id="14737183-2104" start="30423">expression</span>
    </annotation>
    <annotation annotator="Mike Bada, University of Colorado Anschutz Medical Campus" id="GO_BP_2016_02_16_Instance_46095" type="identity">
      <class id="GO:0010467" label="gene expression"/>
      <span end="30672" id="14737183-2106" start="30662">expression</span>
    </annotation>
    <annotation annotator="Mike Bada, University of Colorado Anschutz Medical Campus" id="GO_BP_2016_02_16_Instance_46099" type="identity">
      <class id="GO:0010467" label="gene expression"/>
      <span end="30861" id="14737183-2108" start="30851">expression</span>
    </annotation>
    <annotation annotator="Mike Bada, University of Colorado Anschutz Medical Campus" id="GO_BP_2016_02_16_Instance_46103" type="identity">
      <class id="GO:0060173" label="limb development"/>
      <span end="30964" id="14737183-2110" start="30948">limb development</span>
    </annotation>
    <annotation annotator="Mike Bada, University of Colorado Anschutz Medical Campus" id="GO_BP_2016_02_16_Instance_46105" type="identity">
      <class id="GO:0009790" label="embryo development"/>
      <span end="31088" id="14737183-2112" start="31067">embryonic development</span>
    </annotation>
    <annotation annotator="Mike Bada, University of Colorado Anschutz Medical Campus" id="GO_BP_2016_02_16_Instance_23165" type="identity">
      <class id="GO:0007601" label="visual perception"/>
      <span end="31304" id="14737183-1949" start="31298">visual</span>
    </annotation>
    <annotation annotator="Mike Bada, University of Colorado Anschutz Medical Campus" id="GO_BP_2016_02_16_Instance_46107" type="identity">
      <class id="GO:0010467" label="gene expression"/>
      <span end="31494" id="14737183-2114" start="31479">gene expression</span>
    </annotation>
    <annotation annotator="Mike Bada, University of Colorado Anschutz Medical Campus" id="GO_BP_2016_02_16_Instance_70652" type="identity">
      <class id="GO:0007567" label="parturition"/>
      <span end="31600" id="14737183-2264" start="31595">natal</span>
    </annotation>
    <annotation annotator="Mike Bada, University of Colorado Anschutz Medical Campus" id="GO_BP_2016_02_16_Instance_46109" type="identity">
      <class id="GO:0010467" label="gene expression"/>
      <span end="32522" id="14737183-2116" start="32512">expression</span>
    </annotation>
    <annotation annotator="Mike Bada, University of Colorado Anschutz Medical Campus" id="GO_BP_2016_02_16_Instance_46115" type="identity">
      <class id="GO:0010467" label="gene expression"/>
      <span end="33505" id="14737183-2118" start="33496">expressed</span>
    </annotation>
    <annotation annotator="Mike Bada, University of Colorado Anschutz Medical Campus" id="GO_BP_2016_02_16_Instance_46119" type="identity">
      <class id="GO:0010467" label="gene expression"/>
      <span end="34004" id="14737183-2120" start="33994">expression</span>
    </annotation>
    <annotation annotator="Mike Bada, University of Colorado Anschutz Medical Campus" id="GO_BP_2016_02_16_Instance_46123" type="identity">
      <class id="GO:0010467" label="gene expression"/>
      <span end="34113" id="14737183-2122" start="34103">Expression</span>
    </annotation>
    <annotation annotator="Mike Bada, University of Colorado Anschutz Medical Campus" id="GO_BP_2016_02_16_Instance_46125" type="identity">
      <class id="GO:0010467" label="gene expression"/>
      <span end="34666" id="14737183-2124" start="34656">expression</span>
    </annotation>
    <annotation annotator="Mike Bada, University of Colorado Anschutz Medical Campus" id="GO_BP_2016_02_16_Instance_46127" type="identity">
      <class id="GO:0010467" label="gene expression"/>
      <span end="34921" id="14737183-2126" start="34911">expression</span>
    </annotation>
    <annotation annotator="Mike Bada, University of Colorado Anschutz Medical Campus" id="GO_BP_2016_02_16_Instance_46129" type="identity">
      <class id="GO:0001501" label="skeletal system development"/>
      <span end="35988" id="14737183-2128" start="35968">skeletal development</span>
    </annotation>
    <annotation annotator="Mike Bada, University of Colorado Anschutz Medical Campus" id="GO_BP_2016_02_16_Instance_46133" type="identity">
      <class id="GO:0010467" label="gene expression"/>
      <span end="36409" id="14737183-2130" start="36399">Expression</span>
    </annotation>
    <annotation annotator="Mike Bada, University of Colorado Anschutz Medical Campus" id="GO_BP_2016_02_16_Instance_70662" type="identity">
      <class id="GO:0007567" label="parturition"/>
      <span end="36542" id="14737183-2266" start="36537">natal</span>
    </annotation>
    <annotation annotator="Mike Bada, University of Colorado Anschutz Medical Campus" id="GO_BP_2016_02_16_Instance_46137" type="identity">
      <class id="GO:0010467" label="gene expression"/>
      <span end="36585" id="14737183-2132" start="36576">expressed</span>
    </annotation>
    <annotation annotator="Mike Bada, University of Colorado Anschutz Medical Campus" id="GO_BP_2016_02_16_Instance_46139" type="identity">
      <class id="GO:0010467" label="gene expression"/>
      <span end="36724" id="14737183-2134" start="36714">expression</span>
    </annotation>
    <annotation annotator="Mike Bada, University of Colorado Anschutz Medical Campus" id="GO_BP_2016_02_16_Instance_46145" type="identity">
      <class id="GO:0008283" label="cell proliferation"/>
      <span end="37144" id="14737183-2136" start="37118">proliferative expansion of</span>
      <span end="37162" id="14737183-2137" start="37147">cell population</span>
    </annotation>
    <annotation annotator="Mike Bada, University of Colorado Anschutz Medical Campus" id="GO_BP_2016_02_16_Instance_46147" type="identity">
      <class id="GO:0010467" label="gene expression"/>
      <span end="37383" id="14737183-2139" start="37373">expression</span>
    </annotation>
    <annotation annotator="Mike Bada, University of Colorado Anschutz Medical Campus" id="GO_BP_2016_02_16_Instance_70668" type="identity">
      <class id="GO:0007567" label="parturition"/>
      <span end="37396" id="14737183-2268" start="37391">natal</span>
    </annotation>
    <annotation annotator="Mike Bada, University of Colorado Anschutz Medical Campus" id="GO_BP_2016_02_16_Instance_46149" type="identity">
      <class id="GO:0008283" label="cell proliferation"/>
      <span end="37634" id="14737183-2141" start="37623">proliferate</span>
    </annotation>
    <annotation annotator="Mike Bada, University of Colorado Anschutz Medical Campus" id="GO_BP_2016_02_16_Instance_46153" type="identity">
      <class id="GO:0010467" label="gene expression"/>
      <span end="38057" id="14737183-2143" start="38047">expression</span>
    </annotation>
    <annotation annotator="Mike Bada, University of Colorado Anschutz Medical Campus" id="GO_BP_2016_02_16_Instance_46155" type="identity">
      <class id="GO:0010467" label="gene expression"/>
      <span end="38253" id="14737183-2145" start="38243">expression</span>
    </annotation>
    <annotation annotator="Mike Bada, University of Colorado Anschutz Medical Campus" id="GO_BP_2016_02_16_Instance_70672" type="identity">
      <class id="GO:0007567" label="parturition"/>
      <span end="38305" id="14737183-2270" start="38300">natal</span>
    </annotation>
    <annotation annotator="Mike Bada, University of Colorado Anschutz Medical Campus" id="GO_BP_2016_02_16_Instance_70674" type="identity">
      <class id="GO:0007567" label="parturition"/>
      <span end="38352" id="14737183-2272" start="38347">natal</span>
    </annotation>
    <annotation annotator="Mike Bada, University of Colorado Anschutz Medical Campus" id="GO_BP_2016_02_16_Instance_46157" type="identity">
      <class id="GO:0010467" label="gene expression"/>
      <span end="38363" id="14737183-2147" start="38353">expression</span>
    </annotation>
    <annotation annotator="Mike Bada, University of Colorado Anschutz Medical Campus" id="GO_BP_2016_02_16_Instance_46159" type="identity">
      <class id="GO:0010467" label="gene expression"/>
      <span end="38757" id="14737183-2149" start="38748">expressed</span>
    </annotation>
    <annotation annotator="Mike Bada, University of Colorado Anschutz Medical Campus" id="GO_BP_2016_02_16_Instance_46161" type="identity">
      <class id="GO:0060173" label="limb development"/>
      <span end="38847" id="14737183-2151" start="38843">limb</span>
      <span end="38876" id="14737183-2152" start="38865">development</span>
    </annotation>
    <annotation annotator="Mike Bada, University of Colorado Anschutz Medical Campus" id="GO_BP_2016_02_16_Instance_46163" type="identity">
      <class id="GO:0010467" label="gene expression"/>
      <span end="38981" id="14737183-2154" start="38971">expression</span>
    </annotation>
    <annotation annotator="Mike Bada, University of Colorado Anschutz Medical Campus" id="GO_BP_2016_02_16_Instance_46169" type="identity">
      <class id="GO:0010467" label="gene expression"/>
      <span end="39762" id="14737183-2156" start="39752">expression</span>
    </annotation>
    <annotation annotator="Mike Bada, University of Colorado Anschutz Medical Campus" id="GO_BP_2016_02_16_Instance_46177" type="identity">
      <class id="GO:0016477" label="cell migration"/>
      <span end="40041" id="14737183-2158" start="40032">migration</span>
      <span end="40071" id="14737183-2159" start="40069">of</span>
      <span end="40085" id="14737183-2160" start="40080">cells</span>
    </annotation>
    <annotation annotator="Mike Bada, University of Colorado Anschutz Medical Campus" id="GO_BP_2016_02_16_Instance_46179" type="identity">
      <class id="GO:0008283" label="cell proliferation"/>
      <span end="40058" id="14737183-2162" start="40045">proliferation</span>
      <span end="40071" id="14737183-2163" start="40069">of</span>
      <span end="40085" id="14737183-2164" start="40080">cells</span>
    </annotation>
    <annotation annotator="Mike Bada, University of Colorado Anschutz Medical Campus" id="GO_BP_2016_02_16_Instance_46181" type="identity">
      <class id="GO:0065007" label="biological regulation"/>
      <span end="40195" id="14737183-2166" start="40188">control</span>
    </annotation>
    <annotation annotator="Mike Bada, University of Colorado Anschutz Medical Campus" id="GO_BP_2016_02_16_Instance_46183" type="identity">
      <class id="GO:0065007" label="biological regulation"/>
      <span end="40271" id="14737183-2168" start="40264">control</span>
    </annotation>
    <annotation annotator="Mike Bada, University of Colorado Anschutz Medical Campus" id="GO_BP_2016_02_16_Instance_46185" type="identity">
      <class id="GO:0010467" label="gene expression"/>
      <span end="40616" id="14737183-2170" start="40606">expression</span>
    </annotation>
    <annotation annotator="Mike Bada, University of Colorado Anschutz Medical Campus" id="GO_BP_2016_02_16_Instance_46187" type="identity">
      <class id="GO:0010467" label="gene expression"/>
      <span end="40798" id="14737183-2172" start="40788">expression</span>
    </annotation>
    <annotation annotator="Mike Bada, University of Colorado Anschutz Medical Campus" id="GO_BP_2016_02_16_Instance_46191" type="identity">
      <class id="GO:0010467" label="gene expression"/>
      <span end="41094" id="14737183-2174" start="41084">expression</span>
    </annotation>
    <annotation annotator="Mike Bada, University of Colorado Anschutz Medical Campus" id="GO_BP_2016_02_16_Instance_46193" type="identity">
      <class id="GO:0065007" label="biological regulation"/>
      <span end="41521" id="14737183-2176" start="41514">control</span>
    </annotation>
    <annotation annotator="Mike Bada, University of Colorado Anschutz Medical Campus" id="GO_BP_2016_02_16_Instance_46199" type="identity">
      <class id="GO:0065007" label="biological regulation"/>
      <span end="41899" id="14737183-2178" start="41892">control</span>
    </annotation>
    <annotation annotator="Mike Bada, University of Colorado Anschutz Medical Campus" id="GO_BP_2016_02_16_Instance_46203" type="identity">
      <class id="GO:0010467" label="gene expression"/>
      <span end="42130" id="14737183-2180" start="42120">expression</span>
    </annotation>
    <annotation annotator="Mike Bada, University of Colorado Anschutz Medical Campus" id="GO_BP_2016_02_16_Instance_46205" type="identity">
      <class id="GO:0010467" label="gene expression"/>
      <span end="42282" id="14737183-2182" start="42272">expression</span>
    </annotation>
    <annotation annotator="Mike Bada, University of Colorado Anschutz Medical Campus" id="GO_BP_2016_02_16_with_nested_annotations_Instance_241874" type="identity">
      <class id="GO:0070285" label="pigment cell development"/>
      <span end="42308" id="14737183-2286" start="42284">pigment-cell development</span>
    </annotation>
    <annotation annotator="Mike Bada, University of Colorado Anschutz Medical Campus" id="GO_BP_2016_02_16_Instance_46211" type="identity">
      <class id="GO:0010467" label="gene expression"/>
      <span end="42372" id="14737183-2184" start="42362">expression</span>
    </annotation>
    <annotation annotator="Mike Bada, University of Colorado Anschutz Medical Campus" id="GO_BP_2016_02_16_Instance_46213" type="identity">
      <class id="GO:0010467" label="gene expression"/>
      <span end="42422" id="14737183-2186" start="42412">expression</span>
    </annotation>
    <annotation annotator="Mike Bada, University of Colorado Anschutz Medical Campus" id="GO_BP_2016_02_16_Instance_46217" type="identity">
      <class id="GO:0010467" label="gene expression"/>
      <span end="43143" id="14737183-2188" start="43133">expression</span>
    </annotation>
    <annotation annotator="Mike Bada, University of Colorado Anschutz Medical Campus" id="GO_BP_2016_02_16_Instance_46223" type="identity">
      <class id="GO:0010467" label="gene expression"/>
      <span end="43486" id="14737183-2190" start="43476">expression</span>
    </annotation>
    <annotation annotator="Mike Bada, University of Colorado Anschutz Medical Campus" id="GO_BP_2016_02_16_Instance_46227" type="identity">
      <class id="GO:0010467" label="gene expression"/>
      <span end="43653" id="14737183-2192" start="43643">expression</span>
    </annotation>
    <annotation annotator="Mike Bada, University of Colorado Anschutz Medical Campus" id="GO_BP_2016_02_16_Instance_46233" type="identity">
      <class id="GO:0048263" label="determination of dorsal identity"/>
      <span end="43873" id="14737183-2194" start="43841">establishment of dorsal identity</span>
    </annotation>
    <annotation annotator="Mike Bada, University of Colorado Anschutz Medical Campus" id="GO_BP_2016_02_16_Instance_70700" type="identity">
      <class id="GO:0007567" label="parturition"/>
      <span end="44348" id="14737183-2274" start="44343">natal</span>
    </annotation>
    <annotation annotator="Mike Bada, University of Colorado Anschutz Medical Campus" id="GO_BP_2016_02_16_Instance_46243" type="identity">
      <class id="GO:0010467" label="gene expression"/>
      <span end="44749" id="14737183-2196" start="44739">expression</span>
    </annotation>
    <annotation annotator="Mike Bada, University of Colorado Anschutz Medical Campus" id="GO_BP_2016_02_16_Instance_70704" type="identity">
      <class id="GO:0007567" label="parturition"/>
      <span end="44968" id="14737183-2276" start="44963">natal</span>
    </annotation>
    <annotation annotator="Mike Bada, University of Colorado Anschutz Medical Campus" id="GO_BP_2016_02_16_Instance_46247" type="identity">
      <class id="GO:0010467" label="gene expression"/>
      <span end="45132" id="14737183-2198" start="45122">expression</span>
    </annotation>
    <annotation annotator="Mike Bada, University of Colorado Anschutz Medical Campus" id="GO_BP_2016_02_16_Instance_43669" type="identity">
      <class id="GO:0065007" label="biological regulation"/>
      <span end="46246" id="14737183-1958" start="46236">regulation</span>
    </annotation>
    <annotation annotator="Mike Bada, University of Colorado Anschutz Medical Campus" id="GO_BP_2016_02_16_Instance_46259" type="identity">
      <class id="GO:0010467" label="gene expression"/>
      <span end="46514" id="14737183-2200" start="46504">expression</span>
    </annotation>
    <annotation annotator="Mike Bada, University of Colorado Anschutz Medical Campus" id="GO_BP_2016_02_16_Instance_46261" type="identity">
      <class id="GO:0007618" label="mating"/>
      <span end="47632" id="14737183-2202" start="47625">matings</span>
    </annotation>
    <annotation annotator="Mike Bada, University of Colorado Anschutz Medical Campus" id="GO_BP_2016_02_16_Instance_70716" type="identity">
      <class id="GO:0007567" label="parturition"/>
      <span end="47690" id="14737183-2278" start="47683">natally</span>
    </annotation>
    <annotation annotator="Mike Bada, University of Colorado Anschutz Medical Campus" id="GO_BP_2016_02_16_Instance_46263" type="identity">
      <class id="GO:0007567" label="parturition"/>
      <span end="47708" id="14737183-2204" start="47703">birth</span>
    </annotation>
    <annotation annotator="Mike Bada, University of Colorado Anschutz Medical Campus" id="GO_BP_2016_02_16_Instance_23167" type="identity">
      <class id="GO:0007601" label="visual perception"/>
      <span end="48311" id="14737183-1951" start="48303">visually</span>
    </annotation>
    <annotation annotator="Mike Bada, University of Colorado Anschutz Medical Campus" id="GO_BP_2016_02_16_Instance_70718" type="identity">
      <class id="GO:0007567" label="parturition"/>
      <span end="52410" id="14737183-2280" start="52405">natal</span>
    </annotation>
    <annotation annotator="Mike Bada, University of Colorado Anschutz Medical Campus" id="GO_BP_2016_02_16_Instance_70720" type="identity">
      <class id="GO:0007567" label="parturition"/>
      <span end="52553" id="14737183-2282" start="52548">natal</span>
    </annotation>
    <annotation annotator="Mike Bada, University of Colorado Anschutz Medical Campus" id="GO_BP_2016_02_16_Instance_46277" type="identity">
      <class id="GO:0010467" label="gene expression"/>
      <span end="53976" id="14737183-2206" start="53967">expressed</span>
    </annotation>
    <annotation annotator="Mike Bada, University of Colorado Anschutz Medical Campus" id="GO_BP_2016_02_16_Instance_70726" type="identity">
      <class id="GO:0007567" label="parturition"/>
      <span end="56272" id="14737183-2284" start="56267">natal</span>
    </annotation>
    <annotation annotator="Mike Bada, University of Colorado Anschutz Medical Campus" id="GO_BP_2016_02_16_Instance_46283" type="identity">
      <class id="GO:0043588" label="skin development"/>
      <span end="57088" id="14737183-2208" start="57072">skin development</span>
    </annotation>
    <annotation annotator="Mike Bada, University of Colorado Anschutz Medical Campus" id="GO_BP_2016_02_16_Instance_46291" type="identity">
      <class id="GO:0007126" label="meiotic nuclear division"/>
      <span end="59154" id="14737183-2210" start="59147">meioses</span>
    </annotation>
    <annotation annotator="Mike Bada, University of Colorado Anschutz Medical Campus" id="GO_BP_2016_02_16_Instance_46293" type="identity">
      <class id="GO:0010467" label="gene expression"/>
      <span end="59737" id="14737183-2212" start="59727">Expression</span>
    </annotation>
    <annotation annotator="Mike Bada, University of Colorado Anschutz Medical Campus" id="GO_BP_2016_02_16_Instance_46297" type="identity">
      <class id="GO:0010467" label="gene expression"/>
      <span end="59817" id="14737183-2214" start="59807">expression</span>
    </annotation>
    <annotation annotator="Mike Bada, University of Colorado Anschutz Medical Campus" id="GO_BP_2016_02_16_Instance_46299" type="identity">
      <class id="GO:0010467" label="gene expression"/>
      <span end="60156" id="14737183-2216" start="60146">expression</span>
    </annotation>
    <annotation annotator="Mike Bada, University of Colorado Anschutz Medical Campus" id="GO_BP_2016_02_16_Instance_46301" type="identity">
      <class id="GO:0010467" label="gene expression"/>
      <span end="60404" id="14737183-2218" start="60395">expressed</span>
    </annotation>
    <annotation annotator="Mike Bada, University of Colorado Anschutz Medical Campus" id="GO_BP_2016_02_16_Instance_46303" type="identity">
      <class id="GO:0010467" label="gene expression"/>
      <span end="60456" id="14737183-2220" start="60447">expressed</span>
    </annotation>
    <annotation annotator="Mike Bada, University of Colorado Anschutz Medical Campus" id="GO_BP_2016_02_16_Instance_46305" type="identity">
      <class id="GO:0010467" label="gene expression"/>
      <span end="60528" id="14737183-2222" start="60518">Expression</span>
    </annotation>
    <annotation annotator="Mike Bada, University of Colorado Anschutz Medical Campus" id="GO_BP_2016_02_16_Instance_46307" type="identity">
      <class id="GO:0010467" label="gene expression"/>
      <span end="60627" id="14737183-2224" start="60617">expression</span>
    </annotation>
    <annotation annotator="Mike Bada, University of Colorado Anschutz Medical Campus" id="GO_BP_2016_02_16_Instance_46309" type="identity">
      <class id="GO:0010467" label="gene expression"/>
      <span end="60752" id="14737183-2226" start="60742">expression</span>
    </annotation>
    <annotation annotator="Mike Bada, University of Colorado Anschutz Medical Campus" id="GO_BP_2016_02_16_Instance_46311" type="identity">
      <class id="GO:0010467" label="gene expression"/>
      <span end="60799" id="14737183-2228" start="60789">expression</span>
    </annotation>
    <annotation annotator="Mike Bada, University of Colorado Anschutz Medical Campus" id="GO_BP_2016_02_16_Instance_21775" type="identity">
      <class id="GO:0010467" label="gene expression"/>
      <span end="61051" id="14737183-1945" start="61041">Expression</span>
    </annotation>
    <annotation annotator="Mike Bada, University of Colorado Anschutz Medical Campus" id="GO_BP_2016_02_16_Instance_46313" type="identity">
      <class id="GO:0010467" label="gene expression"/>
      <span end="61224" id="14737183-2230" start="61214">expression</span>
    </annotation>
    <annotation annotator="Mike Bada, University of Colorado Anschutz Medical Campus" id="GO_BP_2016_02_16_Instance_46315" type="identity">
      <class id="GO:0010467" label="gene expression"/>
      <span end="61331" id="14737183-2232" start="61321">expression</span>
    </annotation>
    <annotation annotator="Mike Bada, University of Colorado Anschutz Medical Campus" id="GO_BP_2016_02_16_Instance_46317" type="identity">
      <class id="GO:0010467" label="gene expression"/>
      <span end="61473" id="14737183-2234" start="61463">expression</span>
    </annotation>
    <annotation annotator="Mike Bada, University of Colorado Anschutz Medical Campus" id="GO_BP_2016_02_16_Instance_24901" type="identity">
      <class id="GO:0009953" label="dorsal/ventral pattern formation"/>
      <span end="61687" id="14737183-1953" start="61658">Establishment of Dorsoventral</span>
      <span end="61703" id="14737183-1954" start="61693">Patterning</span>
    </annotation>
    <annotation annotator="Mike Bada, University of Colorado Anschutz Medical Campus" id="GO_BP_2016_02_16_Instance_46319" type="identity">
      <class id="GO:0010467" label="gene expression"/>
      <span end="62249" id="14737183-2236" start="62239">expression</span>
    </annotation>
    <annotation annotator="Mike Bada, University of Colorado Anschutz Medical Campus" id="GO_BP_2016_02_16_Instance_46327" type="identity">
      <class id="GO:0010467" label="gene expression"/>
      <span end="63228" id="14737183-2238" start="63218">expression</span>
    </annotation>
    <annotation annotator="Mike Bada, University of Colorado Anschutz Medical Campus" id="GO_BP_2016_02_16_Instance_46329" type="identity">
      <class id="GO:0010467" label="gene expression"/>
      <span end="63272" id="14737183-2240" start="63262">expression</span>
    </annotation>
    <annotation annotator="Mike Bada, University of Colorado Anschutz Medical Campus" id="GO_BP_2016_02_16_Instance_46331" type="identity">
      <class id="GO:0010467" label="gene expression"/>
      <span end="63364" id="14737183-2242" start="63354">expression</span>
    </annotation>
    <annotation annotator="Mike Bada, University of Colorado Anschutz Medical Campus" id="GO_BP_2016_02_16_Instance_46333" type="identity">
      <class id="GO:0009953" label="dorsal/ventral pattern formation"/>
      <span end="63450" id="14737183-2244" start="63412">Acquisition of Dorsoventral Patterning</span>
    </annotation>
    <annotation annotator="Mike Bada, University of Colorado Anschutz Medical Campus" id="GO_BP_2016_02_16_Instance_46337" type="identity">
      <class id="GO:0010467" label="gene expression"/>
      <span end="64485" id="14737183-2246" start="64475">expression</span>
    </annotation>
    <graph-space id="Old Knowtator Relations"/>
  </document>
</knowtator-project>
