<?xml version="1.0" encoding="UTF-8" standalone="no"?>
<knowtator-project>
  <document id="15005800" text-file="15005800.txt">
    <annotation annotator="Mike Bada, University of Colorado Anschutz Medical Campus" id="GO_BP_2016_02_16_Instance_55345" type="identity">
      <class id="GO:0007565" label="female pregnancy"/>
      <span end="16" id="15005800-2328" start="5">gestational</span>
    </annotation>
    <annotation annotator="Mike Bada, University of Colorado Anschutz Medical Campus" id="GO_BP_2016_02_16_Instance_55347" type="identity">
      <class id="GO:0006695" label="cholesterol biosynthetic process"/>
      <span end="152" id="15005800-2330" start="128">cholesterol biosynthesis</span>
    </annotation>
    <annotation annotator="Mike Bada, University of Colorado Anschutz Medical Campus" id="GO_BP_2016_02_16_Instance_55349" type="identity">
      <class id="GO:0009790" label="embryo development"/>
      <span end="201" id="15005800-2332" start="180">embryonic development</span>
    </annotation>
    <annotation annotator="Mike Bada, University of Colorado Anschutz Medical Campus" id="GO_BP_2016_02_16_Instance_31975" type="identity">
      <class id="GO:0016265" label="death"/>
      <span end="341" id="15005800-2315" start="338">die</span>
    </annotation>
    <annotation annotator="Mike Bada, University of Colorado Anschutz Medical Campus" id="GO_BP_2016_02_16_Instance_55351" type="identity">
      <class id="GO:0007567" label="parturition"/>
      <span end="366" id="15005800-2334" start="361">birth</span>
    </annotation>
    <annotation annotator="Mike Bada, University of Colorado Anschutz Medical Campus" id="GO_BP_2016_02_16_Instance_55353" type="identity">
      <class id="GO:0016265" label="death"/>
      <span end="459" id="15005800-2336" start="454">death</span>
    </annotation>
    <annotation annotator="Mike Bada, University of Colorado Anschutz Medical Campus" id="GO_BP_2016_02_16_Instance_55357" type="identity">
      <class id="GO:0030324" label="lung development"/>
      <span end="647" id="15005800-2338" start="631">lung development</span>
    </annotation>
    <annotation annotator="Mike Bada, University of Colorado Anschutz Medical Campus" id="GO_BP_2016_02_16_Instance_70815" type="identity">
      <class id="GO:0060441" label="epithelial tube branching involved in lung morphogenesis"/>
      <span end="927" id="15005800-2729" start="899">Lung branching morphogenesis</span>
    </annotation>
    <annotation annotator="Mike Bada, University of Colorado Anschutz Medical Campus" id="GO_BP_2016_02_16_Instance_55367" type="identity">
      <class id="GO:0008283" label="cell proliferation"/>
      <span end="1162" id="15005800-2340" start="1144">cell proliferation</span>
    </annotation>
    <annotation annotator="Mike Bada, University of Colorado Anschutz Medical Campus" id="GO_BP_2016_02_16_Instance_21899" type="identity">
      <class id="GO:0030154" label="cell differentiation"/>
      <span end="1190" id="15005800-2294" start="1172">differentiation of</span>
      <span end="1223" id="15005800-2295" start="1218">cells</span>
    </annotation>
    <annotation annotator="Mike Bada, University of Colorado Anschutz Medical Campus" id="GO_BP_2016_02_16_Instance_55371" type="identity">
      <class id="GO:0030301" label="cholesterol transport"/>
      <span end="1541" id="15005800-2342" start="1518">transfer of cholesterol</span>
    </annotation>
    <annotation annotator="Mike Bada, University of Colorado Anschutz Medical Campus" id="GO_BP_2016_02_16_Instance_55375" type="identity">
      <class id="GO:0016540" label="protein autoprocessing"/>
      <span end="1754" id="15005800-2344" start="1740">autoprocessing</span>
    </annotation>
    <annotation annotator="Mike Bada, University of Colorado Anschutz Medical Campus" id="GO_BP_2016_02_16_Instance_55379" type="identity">
      <class id="GO:0007565" label="female pregnancy"/>
      <span end="2106" id="15005800-2346" start="2095">gestational</span>
    </annotation>
    <annotation annotator="Mike Bada, University of Colorado Anschutz Medical Campus" id="GO_BP_2016_02_16_Instance_70748" type="identity">
      <class id="GO:0030324" label="lung development"/>
      <span end="2167" id="15005800-2701" start="2151">lung development</span>
    </annotation>
    <annotation annotator="Mike Bada, University of Colorado Anschutz Medical Campus" id="GO_BP_2016_02_16_Instance_70750" type="identity">
      <class id="GO:0065007" label="biological regulation"/>
      <span end="2298" id="15005800-2703" start="2289">regulated</span>
    </annotation>
    <annotation annotator="Mike Bada, University of Colorado Anschutz Medical Campus" id="GO_BP_2016_02_16_Instance_55383" type="identity">
      <class id="GO:0009790" label="embryo development"/>
      <span end="3081" id="15005800-2348" start="3060">embryonic development</span>
    </annotation>
    <annotation annotator="Mike Bada, University of Colorado Anschutz Medical Campus" id="GO_BP_2016_02_16_Instance_55385" type="identity">
      <class id="GO:0006695" label="cholesterol biosynthetic process"/>
      <span end="3317" id="15005800-2350" start="3293">cholesterol biosynthesis</span>
    </annotation>
    <annotation annotator="Mike Bada, University of Colorado Anschutz Medical Campus" id="GO_BP_2016_02_16_Instance_55387" type="identity">
      <class id="GO:0006695" label="cholesterol biosynthetic process"/>
      <span end="3427" id="15005800-2352" start="3403">cholesterol biosynthesis</span>
    </annotation>
    <annotation annotator="Mike Bada, University of Colorado Anschutz Medical Campus" id="GO_BP_2016_02_16_Instance_55391" type="identity">
      <class id="GO:0016265" label="death"/>
      <span end="3937" id="15005800-2354" start="3933">died</span>
    </annotation>
    <annotation annotator="Mike Bada, University of Colorado Anschutz Medical Campus" id="GO_BP_2016_02_16_Instance_55393" type="identity">
      <class id="GO:0007567" label="parturition"/>
      <span end="3961" id="15005800-2356" start="3956">birth</span>
    </annotation>
    <annotation annotator="Mike Bada, University of Colorado Anschutz Medical Campus" id="GO_BP_2016_02_16_Instance_55395" type="identity">
      <class id="GO:0030324" label="lung development"/>
      <span end="4200" id="15005800-2358" start="4184">lung development</span>
    </annotation>
    <annotation annotator="Mike Bada, University of Colorado Anschutz Medical Campus" id="GO_BP_2016_02_16_Instance_55397" type="identity">
      <class id="GO:0016265" label="death"/>
      <span end="4420" id="15005800-2360" start="4415">death</span>
    </annotation>
    <annotation annotator="Mike Bada, University of Colorado Anschutz Medical Campus" id="GO_BP_2016_02_16_Instance_70752" type="identity">
      <class id="GO:0007567" label="parturition"/>
      <span end="4561" id="15005800-2705" start="4556">natal</span>
    </annotation>
    <annotation annotator="Mike Bada, University of Colorado Anschutz Medical Campus" id="GO_BP_2016_02_16_Instance_70754" type="identity">
      <class id="GO:0060438" label="trachea development"/>
      <span end="4852" id="15005800-2707" start="4832">tracheal development</span>
    </annotation>
    <annotation annotator="Mike Bada, University of Colorado Anschutz Medical Campus" id="GO_BP_2016_02_16_Instance_55405" type="identity">
      <class id="GO:0007585" label="respiratory gaseous exchange"/>
      <span end="4954" id="15005800-2362" start="4942">gas exchange</span>
    </annotation>
    <annotation annotator="Mike Bada, University of Colorado Anschutz Medical Campus" id="GO_BP_2016_02_16_Instance_55407" type="identity">
      <class id="GO:0007567" label="parturition"/>
      <span end="4983" id="15005800-2364" start="4978">birth</span>
    </annotation>
    <annotation annotator="Mike Bada, University of Colorado Anschutz Medical Campus" id="GO_BP_2016_02_16_Instance_55413" type="identity">
      <class id="GO:0030324" label="lung development"/>
      <span end="5077" id="15005800-2366" start="5061">Lung development</span>
    </annotation>
    <annotation annotator="Mike Bada, University of Colorado Anschutz Medical Campus" id="GO_BP_2016_02_16_Instance_70817" type="identity">
      <class id="GO:0061138" label="morphogenesis of a branching epithelium"/>
      <span end="5150" id="15005800-2731" start="5113">branching morphogenesis of epithelium</span>
    </annotation>
    <annotation annotator="Mike Bada, University of Colorado Anschutz Medical Campus" id="GO_BP_2016_02_16_Instance_55419" type="identity">
      <class id="GO:0001570" label="vasculogenesis"/>
      <span end="5201" id="15005800-2368" start="5187">vasculogenesis</span>
    </annotation>
    <annotation annotator="Mike Bada, University of Colorado Anschutz Medical Campus" id="GO_BP_2016_02_16_Instance_55421" type="identity">
      <class id="GO:0030154" label="cell differentiation"/>
      <span end="5227" id="15005800-2370" start="5203">cellular differentiation</span>
    </annotation>
    <annotation annotator="Mike Bada, University of Colorado Anschutz Medical Campus" id="GO_BP_2016_02_16_Instance_55427" type="identity">
      <class id="GO:0030324" label="lung development"/>
      <span end="5310" id="15005800-2372" start="5294">lung development</span>
    </annotation>
    <annotation annotator="Mike Bada, University of Colorado Anschutz Medical Campus" id="GO_BP_2016_02_16_Instance_55429" type="identity">
      <class id="GO:0009790" label="embryo development"/>
      <span end="5623" id="15005800-2374" start="5602">embryonic development</span>
    </annotation>
    <annotation annotator="Mike Bada, University of Colorado Anschutz Medical Campus" id="GO_BP_2016_02_16_Instance_55431" type="identity">
      <class id="GO:0007224" label="smoothened signaling pathway"/>
      <span end="5716" id="15005800-2376" start="5708">hedgehog</span>
      <span end="5740" id="15005800-2377" start="5723">signaling cascade</span>
    </annotation>
    <annotation annotator="Mike Bada, University of Colorado Anschutz Medical Campus" id="GO_BP_2016_02_16_Instance_55433" type="identity">
      <class id="GO:0030324" label="lung development"/>
      <span end="5798" id="15005800-2379" start="5782">lung development</span>
    </annotation>
    <annotation annotator="Mike Bada, University of Colorado Anschutz Medical Campus" id="GO_BP_2016_02_16_Instance_55435" type="identity">
      <class id="GO:0001763" label="morphogenesis of a branching structure"/>
      <span end="5908" id="15005800-2381" start="5885">branching morphogenesis</span>
    </annotation>
    <annotation annotator="Mike Bada, University of Colorado Anschutz Medical Campus" id="GO_BP_2016_02_16_Instance_70756" type="identity">
      <class id="GO:0010467" label="gene expression"/>
      <span end="5998" id="15005800-2709" start="5988">expression</span>
    </annotation>
    <annotation annotator="Mike Bada, University of Colorado Anschutz Medical Campus" id="GO_BP_2016_02_16_Instance_55437" type="identity">
      <class id="GO:0050673" label="epithelial cell proliferation"/>
      <span end="6160" id="15005800-2383" start="6144">proliferation of</span>
      <span end="6176" id="15005800-2384" start="6166">epithelial</span>
      <span end="6197" id="15005800-2385" start="6192">cells</span>
    </annotation>
    <annotation annotator="Mike Bada, University of Colorado Anschutz Medical Campus" id="GO_BP_2016_02_16_Instance_55439" type="identity">
      <class id="GO:0010463" label="mesenchymal cell proliferation"/>
      <span end="6160" id="15005800-2387" start="6144">proliferation of</span>
      <span end="6197" id="15005800-2388" start="6181">mesenchyme cells</span>
    </annotation>
    <annotation annotator="Mike Bada, University of Colorado Anschutz Medical Campus" id="GO_BP_2016_02_16_Instance_70758" type="identity">
      <class id="GO:0010467" label="gene expression"/>
      <span end="6232" id="15005800-2711" start="6222">expression</span>
    </annotation>
    <annotation annotator="Mike Bada, University of Colorado Anschutz Medical Campus" id="GO_BP_2016_02_16_Instance_55441" type="identity">
      <class id="GO:0016265" label="death"/>
      <span end="6237" id="15005800-2390" start="6233">died</span>
    </annotation>
    <annotation annotator="Mike Bada, University of Colorado Anschutz Medical Campus" id="GO_BP_2016_02_16_Instance_55443" type="identity">
      <class id="GO:0007567" label="parturition"/>
      <span end="6264" id="15005800-2392" start="6259">birth</span>
    </annotation>
    <annotation annotator="Mike Bada, University of Colorado Anschutz Medical Campus" id="GO_BP_2016_02_16_Instance_55445" type="identity">
      <class id="GO:0006695" label="cholesterol biosynthetic process"/>
      <span end="6369" id="15005800-2394" start="6345">cholesterol biosynthesis</span>
    </annotation>
    <annotation annotator="Mike Bada, University of Colorado Anschutz Medical Campus" id="GO_BP_2016_02_16_Instance_55447" type="identity">
      <class id="GO:0009790" label="embryo development"/>
      <span end="6476" id="15005800-2396" start="6463">embryogenesis</span>
    </annotation>
    <annotation annotator="Mike Bada, University of Colorado Anschutz Medical Campus" id="GO_BP_2016_02_16_with_nested_annotations_Instance_10224" type="identity">
      <class id="GO:0009294" label="DNA mediated transformation"/>
      <span end="6564" id="15005800-2735" start="6553">transfected</span>
    </annotation>
    <annotation annotator="Mike Bada, University of Colorado Anschutz Medical Campus" id="GO_BP_2016_02_16_Instance_55451" type="identity">
      <class id="GO:0030324" label="lung development"/>
      <span end="6661" id="15005800-2398" start="6645">lung development</span>
    </annotation>
    <annotation annotator="Mike Bada, University of Colorado Anschutz Medical Campus" id="GO_BP_2016_02_16_Instance_55453" type="identity">
      <class id="GO:0007567" label="parturition"/>
      <span end="6701" id="15005800-2400" start="6696">birth</span>
    </annotation>
    <annotation annotator="Mike Bada, University of Colorado Anschutz Medical Campus" id="GO_BP_2016_02_16_Instance_70819" type="identity">
      <class id="GO:0060441" label="epithelial tube branching involved in lung morphogenesis"/>
      <span end="6827" id="15005800-2733" start="6799">lung branching morphogenesis</span>
    </annotation>
    <annotation annotator="Mike Bada, University of Colorado Anschutz Medical Campus" id="GO_BP_2016_02_16_Instance_55457" type="identity">
      <class id="GO:0007565" label="female pregnancy"/>
      <span end="6846" id="15005800-2402" start="6835">gestational</span>
    </annotation>
    <annotation annotator="Mike Bada, University of Colorado Anschutz Medical Campus" id="GO_BP_2016_02_16_Instance_70762" type="identity">
      <class id="GO:0060430" label="lung saccule development"/>
      <span end="6905" id="15005800-2713" start="6880">lung saccular development</span>
    </annotation>
    <annotation annotator="Mike Bada, University of Colorado Anschutz Medical Campus" id="GO_BP_2016_02_16_Instance_21903" type="identity">
      <class id="GO:0030154" label="cell differentiation"/>
      <span end="7028" id="15005800-2297" start="7010">Differentiation of</span>
      <span end="7062" id="15005800-2298" start="7057">cells</span>
    </annotation>
    <annotation annotator="Mike Bada, University of Colorado Anschutz Medical Campus" id="GO_BP_2016_02_16_Instance_55463" type="identity">
      <class id="GO:0007565" label="female pregnancy"/>
      <span end="7217" id="15005800-2404" start="7206">gestational</span>
    </annotation>
    <annotation annotator="Mike Bada, University of Colorado Anschutz Medical Campus" id="GO_BP_2016_02_16_Instance_55469" type="identity">
      <class id="GO:0010467" label="gene expression"/>
      <span end="7556" id="15005800-2406" start="7546">expression</span>
    </annotation>
    <annotation annotator="Mike Bada, University of Colorado Anschutz Medical Campus" id="GO_BP_2016_02_16_Instance_55475" type="identity">
      <class id="GO:0007565" label="female pregnancy"/>
      <span end="7698" id="15005800-2408" start="7689">gestation</span>
    </annotation>
    <annotation annotator="Mike Bada, University of Colorado Anschutz Medical Campus" id="GO_BP_2016_02_16_Instance_55477" type="identity">
      <class id="GO:0007567" label="parturition"/>
      <span end="7749" id="15005800-2410" start="7745">born</span>
    </annotation>
    <annotation annotator="Mike Bada, University of Colorado Anschutz Medical Campus" id="GO_BP_2016_02_16_Instance_55479" type="identity">
      <class id="GO:0016265" label="death"/>
      <span end="7836" id="15005800-2412" start="7832">died</span>
    </annotation>
    <annotation annotator="Mike Bada, University of Colorado Anschutz Medical Campus" id="GO_BP_2016_02_16_Instance_55481" type="identity">
      <class id="GO:0007567" label="parturition"/>
      <span end="7878" id="15005800-2414" start="7873">birth</span>
    </annotation>
    <annotation annotator="Mike Bada, University of Colorado Anschutz Medical Campus" id="GO_BP_2016_02_16_Instance_55483" type="identity">
      <class id="GO:0007567" label="parturition"/>
      <span end="7893" id="15005800-2416" start="7888">birth</span>
    </annotation>
    <annotation annotator="Mike Bada, University of Colorado Anschutz Medical Campus" id="GO_BP_2016_02_16_Instance_55485" type="identity">
      <class id="GO:0007565" label="female pregnancy"/>
      <span end="8412" id="15005800-2418" start="8401">gestational</span>
    </annotation>
    <annotation annotator="Mike Bada, University of Colorado Anschutz Medical Campus" id="GO_BP_2016_02_16_Instance_55489" type="identity">
      <class id="GO:0007565" label="female pregnancy"/>
      <span end="8526" id="15005800-2420" start="8517">gestation</span>
    </annotation>
    <annotation annotator="Mike Bada, University of Colorado Anschutz Medical Campus" id="GO_BP_2016_02_16_Instance_55497" type="identity">
      <class id="GO:0007565" label="female pregnancy"/>
      <span end="9163" id="15005800-2422" start="9152">gestational</span>
    </annotation>
    <annotation annotator="Mike Bada, University of Colorado Anschutz Medical Campus" id="GO_BP_2016_02_16_Instance_55503" type="identity">
      <class id="GO:0007567" label="parturition"/>
      <span end="10301" id="15005800-2424" start="10296">birth</span>
    </annotation>
    <annotation annotator="Mike Bada, University of Colorado Anschutz Medical Campus" id="GO_BP_2016_02_16_Instance_55507" type="identity">
      <class id="GO:0007567" label="parturition"/>
      <span end="10944" id="15005800-2426" start="10939">birth</span>
    </annotation>
    <annotation annotator="Mike Bada, University of Colorado Anschutz Medical Campus" id="GO_BP_2016_02_16_Instance_24067" type="identity">
      <class id="GO:0030324" label="lung development"/>
      <span end="11430" id="15005800-2309" start="11408">organogenesis of lungs</span>
    </annotation>
    <annotation annotator="Mike Bada, University of Colorado Anschutz Medical Campus" id="GO_BP_2016_02_16_Instance_55509" type="identity">
      <class id="GO:0007567" label="parturition"/>
      <span end="11576" id="15005800-2428" start="11571">birth</span>
    </annotation>
    <annotation annotator="Mike Bada, University of Colorado Anschutz Medical Campus" id="GO_BP_2016_02_16_Instance_55511" type="identity">
      <class id="GO:0007567" label="parturition"/>
      <span end="11798" id="15005800-2430" start="11793">birth</span>
    </annotation>
    <annotation annotator="Mike Bada, University of Colorado Anschutz Medical Campus" id="GO_BP_2016_02_16_Instance_55513" type="identity">
      <class id="GO:0048856" label="anatomical structure development"/>
      <span end="11895" id="15005800-2432" start="11875">anatomic development</span>
    </annotation>
    <annotation annotator="Mike Bada, University of Colorado Anschutz Medical Campus" id="GO_BP_2016_02_16_Instance_55515" type="identity">
      <class id="GO:0007567" label="parturition"/>
      <span end="12105" id="15005800-2434" start="12100">birth</span>
    </annotation>
    <annotation annotator="Mike Bada, University of Colorado Anschutz Medical Campus" id="GO_BP_2016_02_16_Instance_55517" type="identity">
      <class id="GO:0007567" label="parturition"/>
      <span end="13378" id="15005800-2436" start="13373">birth</span>
    </annotation>
    <annotation annotator="Mike Bada, University of Colorado Anschutz Medical Campus" id="GO_BP_2016_02_16_Instance_55519" type="identity">
      <class id="GO:0007565" label="female pregnancy"/>
      <span end="13537" id="15005800-2438" start="13526">gestational</span>
    </annotation>
    <annotation annotator="Mike Bada, University of Colorado Anschutz Medical Campus" id="GO_BP_2016_02_16_Instance_55525" type="identity">
      <class id="GO:0007567" label="parturition"/>
      <span end="14432" id="15005800-2440" start="14427">birth</span>
    </annotation>
    <annotation annotator="Mike Bada, University of Colorado Anschutz Medical Campus" id="GO_BP_2016_02_16_Instance_55527" type="identity">
      <class id="GO:0007565" label="female pregnancy"/>
      <span end="14735" id="15005800-2442" start="14724">gestational</span>
    </annotation>
    <annotation annotator="Mike Bada, University of Colorado Anschutz Medical Campus" id="GO_BP_2016_02_16_Instance_55529" type="identity">
      <class id="GO:0008283" label="cell proliferation"/>
      <span end="14891" id="15005800-2444" start="14873">cell proliferation</span>
    </annotation>
    <annotation annotator="Mike Bada, University of Colorado Anschutz Medical Campus" id="GO_BP_2016_02_16_Instance_55531" type="identity">
      <class id="GO:0007565" label="female pregnancy"/>
      <span end="14911" id="15005800-2446" start="14900">gestational</span>
    </annotation>
    <annotation annotator="Mike Bada, University of Colorado Anschutz Medical Campus" id="GO_BP_2016_02_16_Instance_55533" type="identity">
      <class id="GO:0006695" label="cholesterol biosynthetic process"/>
      <span end="14976" id="15005800-2448" start="14952">cholesterol biosynthesis</span>
    </annotation>
    <annotation annotator="Mike Bada, University of Colorado Anschutz Medical Campus" id="GO_BP_2016_02_16_Instance_55535" type="identity">
      <class id="GO:0051301" label="cell division"/>
      <span end="15006" id="15005800-2450" start="15002">cell</span>
      <span end="15029" id="15005800-2451" start="15021">division</span>
    </annotation>
    <annotation annotator="Mike Bada, University of Colorado Anschutz Medical Campus" id="GO_BP_2016_02_16_Instance_40505" type="identity">
      <class id="GO:0008283" label="cell proliferation"/>
      <span end="15020" id="15005800-2317" start="15002">cell proliferation</span>
    </annotation>
    <annotation annotator="Mike Bada, University of Colorado Anschutz Medical Campus" id="GO_BP_2016_02_16_Instance_55537" type="identity">
      <class id="GO:0008219" label="cell death"/>
      <span end="15043" id="15005800-2453" start="15033">cell death</span>
    </annotation>
    <annotation annotator="Mike Bada, University of Colorado Anschutz Medical Campus" id="GO_BP_2016_02_16_Instance_55539" type="identity">
      <class id="GO:0008283" label="cell proliferation"/>
      <span end="15063" id="15005800-2455" start="15045">Cell proliferation</span>
    </annotation>
    <annotation annotator="Mike Bada, University of Colorado Anschutz Medical Campus" id="GO_BP_2016_02_16_Instance_55541" type="identity">
      <class id="GO:0007565" label="female pregnancy"/>
      <span end="15216" id="15005800-2457" start="15205">gestational</span>
    </annotation>
    <annotation annotator="Mike Bada, University of Colorado Anschutz Medical Campus" id="GO_BP_2016_02_16_Instance_55543" type="identity">
      <class id="GO:0007565" label="female pregnancy"/>
      <span end="15414" id="15005800-2459" start="15403">gestational</span>
    </annotation>
    <annotation annotator="Mike Bada, University of Colorado Anschutz Medical Campus" id="GO_BP_2016_02_16_Instance_55545" type="identity">
      <class id="GO:0051301" label="cell division"/>
      <span end="15624" id="15005800-2461" start="15611">cell division</span>
    </annotation>
    <annotation annotator="Mike Bada, University of Colorado Anschutz Medical Campus" id="GO_BP_2016_02_16_Instance_55547" type="identity">
      <class id="GO:0010467" label="gene expression"/>
      <span end="15662" id="15005800-2463" start="15652">expression</span>
    </annotation>
    <annotation annotator="Mike Bada, University of Colorado Anschutz Medical Campus" id="GO_BP_2016_02_16_Instance_55549" type="identity">
      <class id="GO:0006915" label="apoptotic process"/>
      <span end="15846" id="15005800-2465" start="15832">cell apoptosis</span>
    </annotation>
    <annotation annotator="Mike Bada, University of Colorado Anschutz Medical Campus" id="GO_BP_2016_02_16_Instance_55551" type="identity">
      <class id="GO:0007565" label="female pregnancy"/>
      <span end="15972" id="15005800-2467" start="15961">gestational</span>
    </annotation>
    <annotation annotator="Mike Bada, University of Colorado Anschutz Medical Campus" id="GO_BP_2016_02_16_Instance_55553" type="identity">
      <class id="GO:0051301" label="cell division"/>
      <span end="15985" id="15005800-2469" start="15981">cell</span>
      <span end="16008" id="15005800-2470" start="16000">division</span>
    </annotation>
    <annotation annotator="Mike Bada, University of Colorado Anschutz Medical Campus" id="GO_BP_2016_02_16_Instance_40507" type="identity">
      <class id="GO:0008283" label="cell proliferation"/>
      <span end="15999" id="15005800-2319" start="15981">cell proliferation</span>
    </annotation>
    <annotation annotator="Mike Bada, University of Colorado Anschutz Medical Campus" id="GO_BP_2016_02_16_Instance_55555" type="identity">
      <class id="GO:0008219" label="cell death"/>
      <span end="16072" id="15005800-2472" start="16062">cell death</span>
    </annotation>
    <annotation annotator="Mike Bada, University of Colorado Anschutz Medical Campus" id="GO_BP_2016_02_16_Instance_55557" type="identity">
      <class id="GO:0008283" label="cell proliferation"/>
      <span end="16121" id="15005800-2474" start="16103">cell proliferation</span>
    </annotation>
    <annotation annotator="Mike Bada, University of Colorado Anschutz Medical Campus" id="GO_BP_2016_02_16_Instance_55559" type="identity">
      <class id="GO:0051301" label="cell division"/>
      <span end="16136" id="15005800-2476" start="16123">cell division</span>
    </annotation>
    <annotation annotator="Mike Bada, University of Colorado Anschutz Medical Campus" id="GO_BP_2016_02_16_Instance_55561" type="identity">
      <class id="GO:0008219" label="cell death"/>
      <span end="16151" id="15005800-2478" start="16141">cell death</span>
    </annotation>
    <annotation annotator="Mike Bada, University of Colorado Anschutz Medical Campus" id="GO_BP_2016_02_16_Instance_55563" type="identity">
      <class id="GO:0008283" label="cell proliferation"/>
      <span end="16171" id="15005800-2480" start="16153">Cell proliferation</span>
    </annotation>
    <annotation annotator="Mike Bada, University of Colorado Anschutz Medical Campus" id="GO_BP_2016_02_16_Instance_55565" type="identity">
      <class id="GO:0051301" label="cell division"/>
      <span end="16243" id="15005800-2482" start="16230">cell division</span>
    </annotation>
    <annotation annotator="Mike Bada, University of Colorado Anschutz Medical Campus" id="GO_BP_2016_02_16_Instance_55567" type="identity">
      <class id="GO:0008219" label="cell death"/>
      <span end="16287" id="15005800-2484" start="16277">cell death</span>
    </annotation>
    <annotation annotator="Mike Bada, University of Colorado Anschutz Medical Campus" id="GO_BP_2016_02_16_Instance_55569" type="identity">
      <class id="GO:0007565" label="female pregnancy"/>
      <span end="16390" id="15005800-2486" start="16379">gestational</span>
    </annotation>
    <annotation annotator="Mike Bada, University of Colorado Anschutz Medical Campus" id="GO_BP_2016_02_16_Instance_55573" type="identity">
      <class id="GO:0007565" label="female pregnancy"/>
      <span end="17939" id="15005800-2488" start="17928">gestational</span>
    </annotation>
    <annotation annotator="Mike Bada, University of Colorado Anschutz Medical Campus" id="GO_BP_2016_02_16_Instance_55575" type="identity">
      <class id="GO:0007567" label="parturition"/>
      <span end="18104" id="15005800-2490" start="18099">birth</span>
    </annotation>
    <annotation annotator="Mike Bada, University of Colorado Anschutz Medical Campus" id="GO_BP_2016_02_16_Instance_55577" type="identity">
      <class id="GO:0007565" label="female pregnancy"/>
      <span end="18755" id="15005800-2492" start="18746">gestation</span>
    </annotation>
    <annotation annotator="Mike Bada, University of Colorado Anschutz Medical Campus" id="GO_BP_2016_02_16_Instance_55579" type="identity">
      <class id="GO:0042446" label="hormone biosynthetic process"/>
      <span end="18822" id="15005800-2494" start="18805">hormone synthesis</span>
    </annotation>
    <annotation annotator="Mike Bada, University of Colorado Anschutz Medical Campus" id="GO_BP_2016_02_16_Instance_70770" type="identity">
      <class id="GO:0007567" label="parturition"/>
      <span end="18987" id="15005800-2715" start="18982">natal</span>
    </annotation>
    <annotation annotator="Mike Bada, University of Colorado Anschutz Medical Campus" id="GO_BP_2016_02_16_Instance_55587" type="identity">
      <class id="GO:0007567" label="parturition"/>
      <span end="19227" id="15005800-2496" start="19222">birth</span>
    </annotation>
    <annotation annotator="Mike Bada, University of Colorado Anschutz Medical Campus" id="GO_BP_2016_02_16_Instance_22881" type="identity">
      <class id="GO:0016265" label="death"/>
      <span end="19500" id="15005800-2305" start="19495">dying</span>
    </annotation>
    <annotation annotator="Mike Bada, University of Colorado Anschutz Medical Campus" id="GO_BP_2016_02_16_Instance_55589" type="identity">
      <class id="GO:0010467" label="gene expression"/>
      <span end="19780" id="15005800-2498" start="19770">expression</span>
    </annotation>
    <annotation annotator="Mike Bada, University of Colorado Anschutz Medical Campus" id="GO_BP_2016_02_16_Instance_55591" type="identity">
      <class id="GO:0007565" label="female pregnancy"/>
      <span end="19934" id="15005800-2500" start="19923">gestational</span>
    </annotation>
    <annotation annotator="Mike Bada, University of Colorado Anschutz Medical Campus" id="GO_BP_2016_02_16_Instance_55593" type="identity">
      <class id="GO:0010467" label="gene expression"/>
      <span end="20142" id="15005800-2502" start="20132">expression</span>
    </annotation>
    <annotation annotator="Mike Bada, University of Colorado Anschutz Medical Campus" id="GO_BP_2016_02_16_Instance_55595" type="identity">
      <class id="GO:0010467" label="gene expression"/>
      <span end="20220" id="15005800-2504" start="20210">expression</span>
    </annotation>
    <annotation annotator="Mike Bada, University of Colorado Anschutz Medical Campus" id="GO_BP_2016_02_16_Instance_55597" type="identity">
      <class id="GO:0010467" label="gene expression"/>
      <span end="20565" id="15005800-2506" start="20556">expressed</span>
    </annotation>
    <annotation annotator="Mike Bada, University of Colorado Anschutz Medical Campus" id="GO_BP_2016_02_16_Instance_55601" type="identity">
      <class id="GO:0010467" label="gene expression"/>
      <span end="20863" id="15005800-2508" start="20853">expression</span>
    </annotation>
    <annotation annotator="Mike Bada, University of Colorado Anschutz Medical Campus" id="GO_BP_2016_02_16_Instance_55603" type="identity">
      <class id="GO:0010467" label="gene expression"/>
      <span end="20917" id="15005800-2510" start="20907">expression</span>
    </annotation>
    <annotation annotator="Mike Bada, University of Colorado Anschutz Medical Campus" id="GO_BP_2016_02_16_Instance_21905" type="identity">
      <class id="GO:0030154" label="cell differentiation"/>
      <span end="21087" id="15005800-2300" start="21069">differentiation of</span>
      <span end="21120" id="15005800-2301" start="21115">cells</span>
    </annotation>
    <annotation annotator="Mike Bada, University of Colorado Anschutz Medical Campus" id="GO_BP_2016_02_16_Instance_55607" type="identity">
      <class id="GO:0010467" label="gene expression"/>
      <span end="21682" id="15005800-2512" start="21672">expression</span>
    </annotation>
    <annotation annotator="Mike Bada, University of Colorado Anschutz Medical Campus" id="GO_BP_2016_02_16_Instance_55609" type="identity">
      <class id="GO:0010467" label="gene expression"/>
      <span end="22026" id="15005800-2514" start="22017">expressed</span>
    </annotation>
    <annotation annotator="Mike Bada, University of Colorado Anschutz Medical Campus" id="GO_BP_2016_02_16_Instance_43117" type="identity">
      <class id="GO:0006897" label="endocytosis"/>
      <span end="22089" id="15005800-2323" start="22080">endocytic</span>
    </annotation>
    <annotation annotator="Mike Bada, University of Colorado Anschutz Medical Campus" id="GO_BP_2016_02_16_Instance_55611" type="identity">
      <class id="GO:0010467" label="gene expression"/>
      <span end="22137" id="15005800-2516" start="22128">expressed</span>
    </annotation>
    <annotation annotator="Mike Bada, University of Colorado Anschutz Medical Campus" id="GO_BP_2016_02_16_Instance_55617" type="identity">
      <class id="GO:0010467" label="gene expression"/>
      <span end="22374" id="15005800-2518" start="22364">expression</span>
    </annotation>
    <annotation annotator="Mike Bada, University of Colorado Anschutz Medical Campus" id="GO_BP_2016_02_16_Instance_55625" type="identity">
      <class id="GO:0010467" label="gene expression"/>
      <span end="23245" id="15005800-2520" start="23235">expression</span>
    </annotation>
    <annotation annotator="Mike Bada, University of Colorado Anschutz Medical Campus" id="GO_BP_2016_02_16_Instance_55629" type="identity">
      <class id="GO:0001568" label="blood vessel development"/>
      <span end="23932" id="15005800-2522" start="23908">blood vessel development</span>
    </annotation>
    <annotation annotator="Mike Bada, University of Colorado Anschutz Medical Campus" id="GO_BP_2016_02_16_Instance_70776" type="identity">
      <class id="GO:0060425" label="lung morphogenesis"/>
      <span end="23964" id="15005800-2717" start="23937">lung structural development</span>
    </annotation>
    <annotation annotator="Mike Bada, University of Colorado Anschutz Medical Campus" id="GO_BP_2016_02_16_Instance_40511" type="identity">
      <class id="GO:0030324" label="lung development"/>
      <span end="23993" id="15005800-2321" start="23975">lung developmental</span>
    </annotation>
    <annotation annotator="Mike Bada, University of Colorado Anschutz Medical Campus" id="GO_BP_2016_02_16_Instance_55633" type="identity">
      <class id="GO:0007585" label="respiratory gaseous exchange"/>
      <span end="24096" id="15005800-2524" start="24084">gas-exchange</span>
    </annotation>
    <annotation annotator="Mike Bada, University of Colorado Anschutz Medical Campus" id="GO_BP_2016_02_16_Instance_55635" type="identity">
      <class id="GO:0007565" label="female pregnancy"/>
      <span end="24210" id="15005800-2526" start="24199">gestational</span>
    </annotation>
    <annotation annotator="Mike Bada, University of Colorado Anschutz Medical Campus" id="GO_BP_2016_02_16_Instance_55637" type="identity">
      <class id="GO:0001568" label="blood vessel development"/>
      <span end="24410" id="15005800-2528" start="24386">blood vessel development</span>
    </annotation>
    <annotation annotator="Mike Bada, University of Colorado Anschutz Medical Campus" id="GO_BP_2016_02_16_Instance_55643" type="identity">
      <class id="GO:0010467" label="gene expression"/>
      <span end="24632" id="15005800-2530" start="24623">expressed</span>
    </annotation>
    <annotation annotator="Mike Bada, University of Colorado Anschutz Medical Campus" id="GO_BP_2016_02_16_Instance_55653" type="identity">
      <class id="GO:0007565" label="female pregnancy"/>
      <span end="25917" id="15005800-2532" start="25906">gestational</span>
    </annotation>
    <annotation annotator="Mike Bada, University of Colorado Anschutz Medical Campus" id="GO_BP_2016_02_16_Instance_55659" type="identity">
      <class id="GO:0010467" label="gene expression"/>
      <span end="26710" id="15005800-2534" start="26700">expression</span>
    </annotation>
    <annotation annotator="Mike Bada, University of Colorado Anschutz Medical Campus" id="GO_BP_2016_02_16_Instance_55663" type="identity">
      <class id="GO:0007224" label="smoothened signaling pathway"/>
      <span end="27514" id="15005800-2536" start="27506">hedgehog</span>
      <span end="27538" id="15005800-2537" start="27529">signaling</span>
    </annotation>
    <annotation annotator="Mike Bada, University of Colorado Anschutz Medical Campus" id="GO_BP_2016_02_16_Instance_55665" type="identity">
      <class id="GO:0010467" label="gene expression"/>
      <span end="27525" id="15005800-2539" start="27515">expression</span>
    </annotation>
    <annotation annotator="Mike Bada, University of Colorado Anschutz Medical Campus" id="GO_BP_2016_02_16_Instance_55667" type="identity">
      <class id="GO:0009790" label="embryo development"/>
      <span end="27617" id="15005800-2541" start="27596">embryonic development</span>
    </annotation>
    <annotation annotator="Mike Bada, University of Colorado Anschutz Medical Campus" id="GO_BP_2016_02_16_Instance_55669" type="identity">
      <class id="GO:0016540" label="protein autoprocessing"/>
      <span end="27640" id="15005800-2543" start="27626">autoprocessing</span>
    </annotation>
    <annotation annotator="Mike Bada, University of Colorado Anschutz Medical Campus" id="GO_BP_2016_02_16_Instance_55671" type="identity">
      <class id="GO:0065007" label="biological regulation"/>
      <span end="27754" id="15005800-2545" start="27745">regulated</span>
    </annotation>
    <annotation annotator="Mike Bada, University of Colorado Anschutz Medical Campus" id="GO_BP_2016_02_16_Instance_55675" type="identity">
      <class id="GO:0006695" label="cholesterol biosynthetic process"/>
      <span end="27827" id="15005800-2547" start="27803">cholesterol biosynthesis</span>
    </annotation>
    <annotation annotator="Mike Bada, University of Colorado Anschutz Medical Campus" id="GO_BP_2016_02_16_Instance_55679" type="identity">
      <class id="GO:0010467" label="gene expression"/>
      <span end="27958" id="15005800-2549" start="27948">expression</span>
    </annotation>
    <annotation annotator="Mike Bada, University of Colorado Anschutz Medical Campus" id="GO_BP_2016_02_16_Instance_55681" type="identity">
      <class id="GO:0010467" label="gene expression"/>
      <span end="28293" id="15005800-2551" start="28283">expressing</span>
    </annotation>
    <annotation annotator="Mike Bada, University of Colorado Anschutz Medical Campus" id="GO_BP_2016_02_16_Instance_55683" type="identity">
      <class id="GO:0007565" label="female pregnancy"/>
      <span end="28522" id="15005800-2553" start="28511">gestational</span>
    </annotation>
    <annotation annotator="Mike Bada, University of Colorado Anschutz Medical Campus" id="GO_BP_2016_02_16_Instance_55685" type="identity">
      <class id="GO:0007567" label="parturition"/>
      <span end="28544" id="15005800-2555" start="28539">birth</span>
    </annotation>
    <annotation annotator="Mike Bada, University of Colorado Anschutz Medical Campus" id="GO_BP_2016_02_16_Instance_55687" type="identity">
      <class id="GO:0010467" label="gene expression"/>
      <span end="28768" id="15005800-2557" start="28758">expression</span>
    </annotation>
    <annotation annotator="Mike Bada, University of Colorado Anschutz Medical Campus" id="GO_BP_2016_02_16_Instance_55689" type="identity">
      <class id="GO:0007565" label="female pregnancy"/>
      <span end="28802" id="15005800-2559" start="28791">gestational</span>
    </annotation>
    <annotation annotator="Mike Bada, University of Colorado Anschutz Medical Campus" id="GO_BP_2016_02_16_Instance_55691" type="identity">
      <class id="GO:0007565" label="female pregnancy"/>
      <span end="28948" id="15005800-2561" start="28937">gestational</span>
    </annotation>
    <annotation annotator="Mike Bada, University of Colorado Anschutz Medical Campus" id="GO_BP_2016_02_16_Instance_55693" type="identity">
      <class id="GO:0007565" label="female pregnancy"/>
      <span end="29731" id="15005800-2563" start="29720">gestational</span>
    </annotation>
    <annotation annotator="Mike Bada, University of Colorado Anschutz Medical Campus" id="GO_BP_2016_02_16_Instance_55695" type="identity">
      <class id="GO:0010467" label="gene expression"/>
      <span end="29822" id="15005800-2565" start="29812">expression</span>
    </annotation>
    <annotation annotator="Mike Bada, University of Colorado Anschutz Medical Campus" id="GO_BP_2016_02_16_Instance_55697" type="identity">
      <class id="GO:0010467" label="gene expression"/>
      <span end="30179" id="15005800-2567" start="30169">expression</span>
    </annotation>
    <annotation annotator="Mike Bada, University of Colorado Anschutz Medical Campus" id="GO_BP_2016_02_16_Instance_55699" type="identity">
      <class id="GO:0010467" label="gene expression"/>
      <span end="30250" id="15005800-2569" start="30240">expression</span>
    </annotation>
    <annotation annotator="Mike Bada, University of Colorado Anschutz Medical Campus" id="GO_BP_2016_02_16_Instance_55701" type="identity">
      <class id="GO:0065007" label="biological regulation"/>
      <span end="30268" id="15005800-2571" start="30259">regulated</span>
    </annotation>
    <annotation annotator="Mike Bada, University of Colorado Anschutz Medical Campus" id="GO_BP_2016_02_16_Instance_55703" type="identity">
      <class id="GO:0007565" label="female pregnancy"/>
      <span end="30349" id="15005800-2573" start="30338">gestational</span>
    </annotation>
    <annotation annotator="Mike Bada, University of Colorado Anschutz Medical Campus" id="GO_BP_2016_02_16_Instance_55705" type="identity">
      <class id="GO:0010467" label="gene expression"/>
      <span end="30462" id="15005800-2575" start="30452">expression</span>
    </annotation>
    <annotation annotator="Mike Bada, University of Colorado Anschutz Medical Campus" id="GO_BP_2016_02_16_Instance_55707" type="identity">
      <class id="GO:0010467" label="gene expression"/>
      <span end="30578" id="15005800-2577" start="30568">expression</span>
    </annotation>
    <annotation annotator="Mike Bada, University of Colorado Anschutz Medical Campus" id="GO_BP_2016_02_16_Instance_55709" type="identity">
      <class id="GO:0010467" label="gene expression"/>
      <span end="30722" id="15005800-2579" start="30707">gene expression</span>
    </annotation>
    <annotation annotator="Mike Bada, University of Colorado Anschutz Medical Campus" id="GO_BP_2016_02_16_Instance_55711" type="identity">
      <class id="GO:0010467" label="gene expression"/>
      <span end="30781" id="15005800-2581" start="30771">expression</span>
    </annotation>
    <annotation annotator="Mike Bada, University of Colorado Anschutz Medical Campus" id="GO_BP_2016_02_16_Instance_55713" type="identity">
      <class id="GO:0007565" label="female pregnancy"/>
      <span end="30972" id="15005800-2583" start="30961">gestational</span>
    </annotation>
    <annotation annotator="Mike Bada, University of Colorado Anschutz Medical Campus" id="GO_BP_2016_02_16_Instance_55715" type="identity">
      <class id="GO:0010467" label="gene expression"/>
      <span end="31035" id="15005800-2585" start="31025">expression</span>
    </annotation>
    <annotation annotator="Mike Bada, University of Colorado Anschutz Medical Campus" id="GO_BP_2016_02_16_with_nested_annotations_Instance_140000" type="identity">
      <class id="GO:0016485" label="protein processing"/>
      <span end="31355" id="15005800-2759" start="31337">protein processing</span>
    </annotation>
    <annotation annotator="Mike Bada, University of Colorado Anschutz Medical Campus" id="GO_BP_2016_02_16_Instance_55719" type="identity">
      <class id="GO:0010467" label="gene expression"/>
      <span end="31397" id="15005800-2587" start="31387">expression</span>
    </annotation>
    <annotation annotator="Mike Bada, University of Colorado Anschutz Medical Campus" id="GO_BP_2016_02_16_Instance_55721" type="identity">
      <class id="GO:0016540" label="protein autoprocessing"/>
      <span end="31515" id="15005800-2589" start="31501">autoprocessing</span>
    </annotation>
    <annotation annotator="Mike Bada, University of Colorado Anschutz Medical Campus" id="GO_BP_2016_02_16_with_nested_annotations_Instance_10226" type="identity">
      <class id="GO:0009294" label="DNA mediated transformation"/>
      <span end="31633" id="15005800-2737" start="31622">transfected</span>
    </annotation>
    <annotation annotator="Mike Bada, University of Colorado Anschutz Medical Campus" id="GO_BP_2016_02_16_Instance_55725" type="identity">
      <class id="GO:0010467" label="gene expression"/>
      <span end="31739" id="15005800-2591" start="31729">expression</span>
    </annotation>
    <annotation annotator="Mike Bada, University of Colorado Anschutz Medical Campus" id="GO_BP_2016_02_16_with_nested_annotations_Instance_10228" type="identity">
      <class id="GO:0009294" label="DNA mediated transformation"/>
      <span end="31837" id="15005800-2739" start="31825">Transfection</span>
    </annotation>
    <annotation annotator="Mike Bada, University of Colorado Anschutz Medical Campus" id="GO_BP_2016_02_16_with_nested_annotations_Instance_10230" type="identity">
      <class id="GO:0009294" label="DNA mediated transformation"/>
      <span end="32023" id="15005800-2741" start="32011">Transfection</span>
    </annotation>
    <annotation annotator="Mike Bada, University of Colorado Anschutz Medical Campus" id="GO_BP_2016_02_16_Instance_55727" type="identity">
      <class id="GO:0016540" label="protein autoprocessing"/>
      <span end="32559" id="15005800-2593" start="32545">autoprocessing</span>
    </annotation>
    <annotation annotator="Mike Bada, University of Colorado Anschutz Medical Campus" id="GO_BP_2016_02_16_Instance_55731" type="identity">
      <class id="GO:0016540" label="protein autoprocessing"/>
      <span end="32865" id="15005800-2595" start="32843">protein autoprocessing</span>
    </annotation>
    <annotation annotator="Mike Bada, University of Colorado Anschutz Medical Campus" id="GO_BP_2016_02_16_with_nested_annotations_Instance_10232" type="identity">
      <class id="GO:0009294" label="DNA mediated transformation"/>
      <span end="33027" id="15005800-2743" start="33016">transfected</span>
    </annotation>
    <annotation annotator="Mike Bada, University of Colorado Anschutz Medical Campus" id="GO_BP_2016_02_16_with_nested_annotations_Instance_10234" type="identity">
      <class id="GO:0009294" label="DNA mediated transformation"/>
      <span end="33154" id="15005800-2745" start="33143">transfected</span>
    </annotation>
    <annotation annotator="Mike Bada, University of Colorado Anschutz Medical Campus" id="GO_BP_2016_02_16_with_nested_annotations_Instance_10236" type="identity">
      <class id="GO:0009294" label="DNA mediated transformation"/>
      <span end="33368" id="15005800-2747" start="33357">transfected</span>
    </annotation>
    <annotation annotator="Mike Bada, University of Colorado Anschutz Medical Campus" id="GO_BP_2016_02_16_with_nested_annotations_Instance_10238" type="identity">
      <class id="GO:0009294" label="DNA mediated transformation"/>
      <span end="33432" id="15005800-2749" start="33421">transfected</span>
    </annotation>
    <annotation annotator="Mike Bada, University of Colorado Anschutz Medical Campus" id="GO_BP_2016_02_16_Instance_55737" type="identity">
      <class id="GO:0006695" label="cholesterol biosynthetic process"/>
      <span end="33915" id="15005800-2597" start="33891">cholesterol biosynthesis</span>
    </annotation>
    <annotation annotator="Mike Bada, University of Colorado Anschutz Medical Campus" id="GO_BP_2016_02_16_Instance_55739" type="identity">
      <class id="GO:0009790" label="embryo development"/>
      <span end="33971" id="15005800-2599" start="33950">embryonic development</span>
    </annotation>
    <annotation annotator="Mike Bada, University of Colorado Anschutz Medical Campus" id="GO_BP_2016_02_16_Instance_55741" type="identity">
      <class id="GO:0009790" label="embryo development"/>
      <span end="34061" id="15005800-2601" start="34040">embryonic development</span>
    </annotation>
    <annotation annotator="Mike Bada, University of Colorado Anschutz Medical Campus" id="GO_BP_2016_02_16_Instance_55743" type="identity">
      <class id="GO:0006695" label="cholesterol biosynthetic process"/>
      <span end="34168" id="15005800-2603" start="34144">cholesterol biosynthesis</span>
    </annotation>
    <annotation annotator="Mike Bada, University of Colorado Anschutz Medical Campus" id="GO_BP_2016_02_16_Instance_55745" type="identity">
      <class id="GO:0006695" label="cholesterol biosynthetic process"/>
      <span end="34256" id="15005800-2605" start="34235">cholesterol synthesis</span>
    </annotation>
    <annotation annotator="Mike Bada, University of Colorado Anschutz Medical Campus" id="GO_BP_2016_02_16_Instance_55747" type="identity">
      <class id="GO:0009790" label="embryo development"/>
      <span end="34328" id="15005800-2607" start="34307">embryonic development</span>
    </annotation>
    <annotation annotator="Mike Bada, University of Colorado Anschutz Medical Campus" id="GO_BP_2016_02_16_Instance_55749" type="identity">
      <class id="GO:0030324" label="lung development"/>
      <span end="34427" id="15005800-2609" start="34411">lung development</span>
    </annotation>
    <annotation annotator="Mike Bada, University of Colorado Anschutz Medical Campus" id="GO_BP_2016_02_16_Instance_55751" type="identity">
      <class id="GO:0030324" label="lung development"/>
      <span end="34625" id="15005800-2611" start="34609">Lung development</span>
    </annotation>
    <annotation annotator="Mike Bada, University of Colorado Anschutz Medical Campus" id="GO_BP_2016_02_16_Instance_70799" type="identity">
      <class id="GO:0060431" label="primary lung bud formation"/>
      <span end="34690" id="15005800-2719" start="34672">lung bud formation</span>
    </annotation>
    <annotation annotator="Mike Bada, University of Colorado Anschutz Medical Campus" id="GO_BP_2016_02_16_Instance_55757" type="identity">
      <class id="GO:0007565" label="female pregnancy"/>
      <span end="35032" id="15005800-2613" start="35021">gestational</span>
    </annotation>
    <annotation annotator="Mike Bada, University of Colorado Anschutz Medical Campus" id="GO_BP_2016_02_16_Instance_70801" type="identity">
      <class id="GO:0007567" label="parturition"/>
      <span end="35234" id="15005800-2721" start="35229">natal</span>
    </annotation>
    <annotation annotator="Mike Bada, University of Colorado Anschutz Medical Campus" id="GO_BP_2016_02_16_Instance_55761" type="identity">
      <class id="GO:0007585" label="respiratory gaseous exchange"/>
      <span end="35258" id="15005800-2615" start="35246">gas exchange</span>
    </annotation>
    <annotation annotator="Mike Bada, University of Colorado Anschutz Medical Campus" id="GO_BP_2016_02_16_Instance_22577" type="identity">
      <class id="GO:0048286" label="lung alveolus development"/>
      <span end="35450" id="15005800-2303" start="35428">development of alveoli</span>
    </annotation>
    <annotation annotator="Mike Bada, University of Colorado Anschutz Medical Campus" id="GO_BP_2016_02_16_Instance_70803" type="identity">
      <class id="GO:0060425" label="lung morphogenesis"/>
      <span end="35498" id="15005800-2723" start="35480">lung morphogenesis</span>
    </annotation>
    <annotation annotator="Mike Bada, University of Colorado Anschutz Medical Campus" id="GO_BP_2016_02_16_Instance_55767" type="identity">
      <class id="GO:0007565" label="female pregnancy"/>
      <span end="35518" id="15005800-2617" start="35507">gestational</span>
    </annotation>
    <annotation annotator="Mike Bada, University of Colorado Anschutz Medical Campus" id="GO_BP_2016_02_16_Instance_55771" type="identity">
      <class id="GO:0010467" label="gene expression"/>
      <span end="35718" id="15005800-2619" start="35708">expression</span>
    </annotation>
    <annotation annotator="Mike Bada, University of Colorado Anschutz Medical Campus" id="GO_BP_2016_02_16_Instance_55775" type="identity">
      <class id="GO:0010467" label="gene expression"/>
      <span end="36035" id="15005800-2621" start="36020">gene expression</span>
    </annotation>
    <annotation annotator="Mike Bada, University of Colorado Anschutz Medical Campus" id="GO_BP_2016_02_16_Instance_55777" type="identity">
      <class id="GO:0007585" label="respiratory gaseous exchange"/>
      <span end="36204" id="15005800-2623" start="36192">gas exchange</span>
    </annotation>
    <annotation annotator="Mike Bada, University of Colorado Anschutz Medical Campus" id="GO_BP_2016_02_16_Instance_70805" type="identity">
      <class id="GO:0007567" label="parturition"/>
      <span end="36627" id="15005800-2725" start="36622">natal</span>
    </annotation>
    <annotation annotator="Mike Bada, University of Colorado Anschutz Medical Campus" id="GO_BP_2016_02_16_Instance_55783" type="identity">
      <class id="GO:0007565" label="female pregnancy"/>
      <span end="36793" id="15005800-2625" start="36784">gestation</span>
    </annotation>
    <annotation annotator="Mike Bada, University of Colorado Anschutz Medical Campus" id="GO_BP_2016_02_16_Instance_55785" type="identity">
      <class id="GO:0007565" label="female pregnancy"/>
      <span end="36951" id="15005800-2627" start="36940">gestational</span>
    </annotation>
    <annotation annotator="Mike Bada, University of Colorado Anschutz Medical Campus" id="GO_BP_2016_02_16_Instance_43145" type="identity">
      <class id="GO:0051301" label="cell division"/>
      <span end="37167" id="15005800-2325" start="37163">Cell</span>
      <span end="37194" id="15005800-2326" start="37186">division</span>
    </annotation>
    <annotation annotator="Mike Bada, University of Colorado Anschutz Medical Campus" id="GO_BP_2016_02_16_Instance_55789" type="identity">
      <class id="GO:0008283" label="cell proliferation"/>
      <span end="37181" id="15005800-2629" start="37163">Cell proliferation</span>
    </annotation>
    <annotation annotator="Mike Bada, University of Colorado Anschutz Medical Campus" id="GO_BP_2016_02_16_Instance_55791" type="identity">
      <class id="GO:0006915" label="apoptotic process"/>
      <span end="37279" id="15005800-2631" start="37265">cell apoptosis</span>
    </annotation>
    <annotation annotator="Mike Bada, University of Colorado Anschutz Medical Campus" id="GO_BP_2016_02_16_Instance_55795" type="identity">
      <class id="GO:0008283" label="cell proliferation"/>
      <span end="37406" id="15005800-2633" start="37402">cell</span>
      <span end="37431" id="15005800-2634" start="37418">proliferation</span>
    </annotation>
    <annotation annotator="Mike Bada, University of Colorado Anschutz Medical Campus" id="GO_BP_2016_02_16_Instance_55799" type="identity">
      <class id="GO:0008219" label="cell death"/>
      <span end="37470" id="15005800-2636" start="37460">cell death</span>
    </annotation>
    <annotation annotator="Mike Bada, University of Colorado Anschutz Medical Campus" id="GO_BP_2016_02_16_Instance_55805" type="identity">
      <class id="GO:0006695" label="cholesterol biosynthetic process"/>
      <span end="38884" id="15005800-2638" start="38860">cholesterol biosynthesis</span>
    </annotation>
    <annotation annotator="Mike Bada, University of Colorado Anschutz Medical Campus" id="GO_BP_2016_02_16_Instance_55807" type="identity">
      <class id="GO:0009790" label="embryo development"/>
      <span end="38924" id="15005800-2640" start="38903">embryonic development</span>
    </annotation>
    <annotation annotator="Mike Bada, University of Colorado Anschutz Medical Campus" id="GO_BP_2016_02_16_Instance_55811" type="identity">
      <class id="GO:0010467" label="gene expression"/>
      <span end="39113" id="15005800-2642" start="39104">expressed</span>
    </annotation>
    <annotation annotator="Mike Bada, University of Colorado Anschutz Medical Campus" id="GO_BP_2016_02_16_Instance_55813" type="identity">
      <class id="GO:0001763" label="morphogenesis of a branching structure"/>
      <span end="39166" id="15005800-2644" start="39143">branching morphogenesis</span>
    </annotation>
    <annotation annotator="Mike Bada, University of Colorado Anschutz Medical Campus" id="GO_BP_2016_02_16_with_nested_annotations_Instance_80758" type="identity">
      <class id="GO:0046903" label="secretion"/>
      <span end="39242" id="15005800-2761" start="39234">secreted</span>
    </annotation>
    <annotation annotator="Mike Bada, University of Colorado Anschutz Medical Campus" id="GO_BP_2016_02_16_Instance_55815" type="identity">
      <class id="GO:0001763" label="morphogenesis of a branching structure"/>
      <span end="39301" id="15005800-2646" start="39278">branching morphogenesis</span>
    </annotation>
    <annotation annotator="Mike Bada, University of Colorado Anschutz Medical Campus" id="GO_BP_2016_02_16_Instance_70813" type="identity">
      <class id="GO:0060441" label="epithelial tube branching involved in lung morphogenesis"/>
      <span end="39379" id="15005800-2727" start="39351">lung branching morphogenesis</span>
    </annotation>
    <annotation annotator="Mike Bada, University of Colorado Anschutz Medical Campus" id="GO_BP_2016_02_16_Instance_55821" type="identity">
      <class id="GO:0007585" label="respiratory gaseous exchange"/>
      <span end="39456" id="15005800-2648" start="39444">gas-exchange</span>
    </annotation>
    <annotation annotator="Mike Bada, University of Colorado Anschutz Medical Campus" id="GO_BP_2016_02_16_Instance_55823" type="identity">
      <class id="GO:0009790" label="embryo development"/>
      <span end="39516" id="15005800-2650" start="39502">development of</span>
      <span end="39533" id="15005800-2651" start="39526">embryos</span>
    </annotation>
    <annotation annotator="Mike Bada, University of Colorado Anschutz Medical Campus" id="GO_BP_2016_02_16_Instance_55825" type="identity">
      <class id="GO:0016540" label="protein autoprocessing"/>
      <span end="39602" id="15005800-2653" start="39595">protein</span>
      <span end="39632" id="15005800-2654" start="39618">autoprocessing</span>
    </annotation>
    <annotation annotator="Mike Bada, University of Colorado Anschutz Medical Campus" id="GO_BP_2016_02_16_Instance_55827" type="identity">
      <class id="GO:0010467" label="gene expression"/>
      <span end="39613" id="15005800-2656" start="39603">expression</span>
    </annotation>
    <annotation annotator="Mike Bada, University of Colorado Anschutz Medical Campus" id="GO_BP_2016_02_16_Instance_55829" type="identity">
      <class id="GO:0016540" label="protein autoprocessing"/>
      <span end="39981" id="15005800-2658" start="39967">autoprocessing</span>
    </annotation>
    <annotation annotator="Mike Bada, University of Colorado Anschutz Medical Campus" id="GO_BP_2016_02_16_Instance_55835" type="identity">
      <class id="GO:0010467" label="gene expression"/>
      <span end="40625" id="15005800-2660" start="40615">expression</span>
    </annotation>
    <annotation annotator="Mike Bada, University of Colorado Anschutz Medical Campus" id="GO_BP_2016_02_16_Instance_55837" type="identity">
      <class id="GO:0030324" label="lung development"/>
      <span end="40722" id="15005800-2662" start="40706">lung development</span>
    </annotation>
    <annotation annotator="Mike Bada, University of Colorado Anschutz Medical Campus" id="GO_BP_2016_02_16_Instance_23647" type="identity">
      <class id="GO:0040007" label="growth"/>
      <span end="40830" id="15005800-2307" start="40825">grown</span>
    </annotation>
    <annotation annotator="Mike Bada, University of Colorado Anschutz Medical Campus" id="GO_BP_2016_02_16_Instance_55841" type="identity">
      <class id="GO:0010467" label="gene expression"/>
      <span end="41042" id="15005800-2664" start="41027">gene expression</span>
    </annotation>
    <annotation annotator="Mike Bada, University of Colorado Anschutz Medical Campus" id="GO_BP_2016_02_16_Instance_55843" type="identity">
      <class id="GO:0010467" label="gene expression"/>
      <span end="41112" id="15005800-2666" start="41103">expressed</span>
    </annotation>
    <annotation annotator="Mike Bada, University of Colorado Anschutz Medical Campus" id="GO_BP_2016_02_16_Instance_55845" type="identity">
      <class id="GO:0016540" label="protein autoprocessing"/>
      <span end="41187" id="15005800-2668" start="41173">autoprocessing</span>
    </annotation>
    <annotation annotator="Mike Bada, University of Colorado Anschutz Medical Campus" id="GO_BP_2016_02_16_Instance_55849" type="identity">
      <class id="GO:0006695" label="cholesterol biosynthetic process"/>
      <span end="41480" id="15005800-2670" start="41456">cholesterol biosynthesis</span>
    </annotation>
    <annotation annotator="Mike Bada, University of Colorado Anschutz Medical Campus" id="GO_BP_2016_02_16_Instance_55851" type="identity">
      <class id="GO:0006695" label="cholesterol biosynthetic process"/>
      <span end="41777" id="15005800-2672" start="41756">cholesterol synthesis</span>
    </annotation>
    <annotation annotator="Mike Bada, University of Colorado Anschutz Medical Campus" id="GO_BP_2016_02_16_Instance_55861" type="identity">
      <class id="GO:0009790" label="embryo development"/>
      <span end="42671" id="15005800-2674" start="42650">embryonic development</span>
    </annotation>
    <annotation annotator="Mike Bada, University of Colorado Anschutz Medical Campus" id="GO_BP_2016_02_16_Instance_30511" type="identity">
      <class id="GO:0007565" label="female pregnancy"/>
      <span end="43068" id="15005800-2311" start="43060">pregnant</span>
    </annotation>
    <annotation annotator="Mike Bada, University of Colorado Anschutz Medical Campus" id="GO_BP_2016_02_16_Instance_55863" type="identity">
      <class id="GO:0007567" label="parturition"/>
      <span end="43426" id="15005800-2676" start="43421">birth</span>
    </annotation>
    <annotation annotator="Mike Bada, University of Colorado Anschutz Medical Campus" id="GO_BP_2016_02_16_Instance_55869" type="identity">
      <class id="GO:0051301" label="cell division"/>
      <span end="46326" id="15005800-2681" start="46322">cell</span>
      <span end="46349" id="15005800-2682" start="46341">Division</span>
    </annotation>
    <annotation annotator="Mike Bada, University of Colorado Anschutz Medical Campus" id="GO_BP_2016_02_16_Instance_55867" type="identity">
      <class id="GO:0008219" label="cell death"/>
      <span end="46326" id="15005800-2678" start="46322">cell</span>
      <span end="46355" id="15005800-2679" start="46350">death</span>
    </annotation>
    <annotation annotator="Mike Bada, University of Colorado Anschutz Medical Campus" id="GO_BP_2016_02_16_Instance_55871" type="identity">
      <class id="GO:0008283" label="cell proliferation"/>
      <span end="46340" id="15005800-2684" start="46322">cell proliferation</span>
    </annotation>
    <annotation annotator="Mike Bada, University of Colorado Anschutz Medical Campus" id="GO_BP_2016_02_16_Instance_55873" type="identity">
      <class id="GO:0051301" label="cell division"/>
      <span end="46372" id="15005800-2686" start="46368">cell</span>
      <span end="46399" id="15005800-2687" start="46391">division</span>
    </annotation>
    <annotation annotator="Mike Bada, University of Colorado Anschutz Medical Campus" id="GO_BP_2016_02_16_Instance_55875" type="identity">
      <class id="GO:0008283" label="cell proliferation"/>
      <span end="46386" id="15005800-2689" start="46368">cell proliferation</span>
    </annotation>
    <annotation annotator="Mike Bada, University of Colorado Anschutz Medical Campus" id="GO_BP_2016_02_16_Instance_55877" type="identity">
      <class id="GO:0008283" label="cell proliferation"/>
      <span end="46430" id="15005800-2691" start="46417">proliferating</span>
    </annotation>
    <annotation annotator="Mike Bada, University of Colorado Anschutz Medical Campus" id="GO_BP_2016_02_16_Instance_30513" type="identity">
      <class id="GO:0007565" label="female pregnancy"/>
      <span end="46680" id="15005800-2313" start="46672">pregnant</span>
    </annotation>
    <annotation annotator="Mike Bada, University of Colorado Anschutz Medical Campus" id="GO_BP_2016_02_16_Instance_55883" type="identity">
      <class id="GO:0008219" label="cell death"/>
      <span end="47110" id="15005800-2693" start="47100">Cell death</span>
    </annotation>
    <annotation annotator="Mike Bada, University of Colorado Anschutz Medical Campus" id="GO_BP_2016_02_16_Instance_55885" type="identity">
      <class id="GO:0008219" label="cell death"/>
      <span end="47248" id="15005800-2695" start="47238">Cell Death</span>
    </annotation>
    <annotation annotator="Mike Bada, University of Colorado Anschutz Medical Campus" id="GO_BP_2016_02_16_Instance_55887" type="identity">
      <class id="GO:0019835" label="cytolysis"/>
      <span end="47548" id="15005800-2697" start="47543">lysis</span>
    </annotation>
    <annotation annotator="Mike Bada, University of Colorado Anschutz Medical Campus" id="GO_BP_2016_02_16_with_nested_annotations_Instance_10240" type="identity">
      <class id="GO:0009294" label="DNA mediated transformation"/>
      <span end="48033" id="15005800-2751" start="48022">transfected</span>
    </annotation>
    <annotation annotator="Mike Bada, University of Colorado Anschutz Medical Campus" id="GO_BP_2016_02_16_with_nested_annotations_Instance_10242" type="identity">
      <class id="GO:0009294" label="DNA mediated transformation"/>
      <span end="48062" id="15005800-2753" start="48050">transfection</span>
    </annotation>
    <annotation annotator="Mike Bada, University of Colorado Anschutz Medical Campus" id="GO_BP_2016_02_16_Instance_55889" type="identity">
      <class id="GO:0010467" label="gene expression"/>
      <span end="48109" id="15005800-2699" start="48099">expression</span>
    </annotation>
    <annotation annotator="Mike Bada, University of Colorado Anschutz Medical Campus" id="GO_BP_2016_02_16_with_nested_annotations_Instance_10518" type="identity">
      <class id="GO:0006412" label="translation"/>
      <span end="48217" id="15005800-2757" start="48204">translational</span>
    </annotation>
    <annotation annotator="Mike Bada, University of Colorado Anschutz Medical Campus" id="GO_BP_2016_02_16_with_nested_annotations_Instance_10244" type="identity">
      <class id="GO:0009294" label="DNA mediated transformation"/>
      <span end="48400" id="15005800-2755" start="48388">transfection</span>
    </annotation>
    <graph-space id="Old Knowtator Relations"/>
  </document>
</knowtator-project>
