<?xml version="1.0" encoding="UTF-8" standalone="no"?>
<knowtator-project>
    <document id="15314655" text-file="15314655.txt">
        <annotation annotator="Mike Bada, University of Colorado Anschutz Medical Campus" id="GO_BP_2016_02_16_Instance_54643" type="identity">
            <class id="GO:0030097" label="hemopoiesis"/>
            <span end="116" id="15314655-3456" start="103">Hematopoiesis</span>
        </annotation>
        <annotation annotator="Mike Bada, University of Colorado Anschutz Medical Campus" id="GO_BP_2016_02_16_Instance_54645" type="identity">
            <class id="GO:0030097" label="hemopoiesis"/>
            <span end="141" id="15314655-3458" start="128">Hematopoiesis</span>
        </annotation>
        <annotation annotator="Mike Bada, University of Colorado Anschutz Medical Campus" id="GO_BP_2016_02_16_Instance_22665" type="identity">
            <class id="GO:0065007" label="biological regulation"/>
            <span end="222" id="15314655-3445" start="214">regulate</span>
        </annotation>
        <annotation annotator="Mike Bada, University of Colorado Anschutz Medical Campus" id="GO_BP_2016_02_16_Instance_90352" type="identity">
            <class id="GO:0035162" label="embryonic hemopoiesis"/>
            <span end="367" id="15314655-3804" start="358">embryonic</span>
            <span end="391" id="15314655-3805" start="378">hematopoiesis</span>
        </annotation>
        <annotation annotator="Mike Bada, University of Colorado Anschutz Medical Campus" id="GO_BP_2016_02_16_Instance_54651" type="identity">
            <class id="GO:0030097" label="hemopoiesis"/>
            <span end="655" id="15314655-3460" start="642">hematopoietic</span>
        </annotation>
        <annotation annotator="Mike Bada, University of Colorado Anschutz Medical Campus" id="GO_BP_2016_02_16_Instance_54653" type="identity">
            <class id="GO:0010467" label="gene expression"/>
            <span end="703" id="15314655-3462" start="696">express</span>
        </annotation>
        <annotation annotator="Mike Bada, University of Colorado Anschutz Medical Campus" id="GO_BP_2016_02_16_Instance_54655" type="identity">
            <class id="GO:0030097" label="hemopoiesis"/>
            <span end="734" id="15314655-3464" start="721">hematopoietic</span>
        </annotation>
        <annotation annotator="Mike Bada, University of Colorado Anschutz Medical Campus" id="GO_BP_2016_02_16_Instance_54657" type="identity">
            <class id="GO:0006915" label="apoptotic process"/>
            <span end="796" id="15314655-3466" start="787">apoptosis</span>
        </annotation>
        <annotation annotator="Mike Bada, University of Colorado Anschutz Medical Campus" id="GO_BP_2016_02_16_Instance_54659" type="identity">
            <class id="GO:0010467" label="gene expression"/>
            <span end="891" id="15314655-3468" start="881">expression</span>
        </annotation>
        <annotation annotator="Mike Bada, University of Colorado Anschutz Medical Campus" id="GO_BP_2016_02_16_Instance_54661" type="identity">
            <class id="GO:0035162" label="embryonic hemopoiesis"/>
            <span end="947" id="15314655-3470" start="924">embryonic hematopoiesis</span>
        </annotation>
        <annotation annotator="Mike Bada, University of Colorado Anschutz Medical Campus" id="GO_BP_2016_02_16_Instance_54663" type="identity">
            <class id="GO:0010467" label="gene expression"/>
            <span end="1034" id="15314655-3472" start="1024">expression</span>
        </annotation>
        <annotation annotator="Mike Bada, University of Colorado Anschutz Medical Campus" id="GO_BP_2016_02_16_Instance_54665" type="identity">
            <class id="GO:0030097" label="hemopoiesis"/>
            <span end="1083" id="15314655-3474" start="1070">hematopoietic</span>
        </annotation>
        <annotation annotator="Mike Bada, University of Colorado Anschutz Medical Campus" id="GO_BP_2016_02_16_Instance_54667" type="identity">
            <class id="GO:0048468" label="cell development"/>
            <span end="1093" id="15314655-3476" start="1089">cell</span>
            <span end="1118" id="15314655-3477" start="1109">formation</span>
        </annotation>
        <annotation annotator="Mike Bada, University of Colorado Anschutz Medical Campus" id="GO_BP_2016_02_16_Instance_54669" type="identity">
            <class id="GO:0010467" label="gene expression"/>
            <span end="1144" id="15314655-3479" start="1134">expression</span>
        </annotation>
        <annotation annotator="Mike Bada, University of Colorado Anschutz Medical Campus" id="GO_BP_2016_02_16_Instance_54675" type="identity">
            <class id="GO:0010467" label="gene expression"/>
            <span end="1402" id="15314655-3481" start="1392">expression</span>
        </annotation>
        <annotation annotator="Mike Bada, University of Colorado Anschutz Medical Campus" id="GO_BP_2016_02_16_Instance_54677" type="identity">
            <class id="GO:0048469" label="cell maturation"/>
            <span end="1445" id="15314655-3483" start="1430">cell maturation</span>
        </annotation>
        <annotation annotator="Mike Bada, University of Colorado Anschutz Medical Campus" id="GO_BP_2016_02_16_Instance_21993" type="identity">
            <class id="GO:0030154" label="cell differentiation"/>
            <span end="1552" id="15314655-3435" start="1534">differentiation of</span>
            <span end="1572" id="15314655-3436" start="1567">cells</span>
        </annotation>
        <annotation annotator="Mike Bada, University of Colorado Anschutz Medical Campus" id="GO_BP_2016_02_16_Instance_54679" type="identity">
            <class id="GO:0030097" label="hemopoiesis"/>
            <span end="1566" id="15314655-3485" start="1553">hematopoietic</span>
        </annotation>
        <annotation annotator="Mike Bada, University of Colorado Anschutz Medical Campus" id="GO_BP_2016_02_16_Instance_54681" type="identity">
            <class id="GO:0030097" label="hemopoiesis"/>
            <span end="1617" id="15314655-3487" start="1604">Hematopoiesis</span>
        </annotation>
        <annotation annotator="Mike Bada, University of Colorado Anschutz Medical Campus" id="GO_BP_2016_02_16_Instance_54683" type="identity">
            <class id="GO:0008283" label="cell proliferation"/>
            <span end="1674" id="15314655-3489" start="1656">cell proliferation</span>
        </annotation>
        <annotation annotator="Mike Bada, University of Colorado Anschutz Medical Campus" id="GO_BP_2016_02_16_Instance_90364" type="identity">
            <class id="GO:0030154" label="cell differentiation"/>
            <span end="1697" id="15314655-3807" start="1679">differentiation of</span>
            <span end="1743" id="15314655-3808" start="1738">cells</span>
        </annotation>
        <annotation annotator="Mike Bada, University of Colorado Anschutz Medical Campus" id="GO_BP_2016_02_16_Instance_54685" type="identity">
            <class id="GO:0030097" label="hemopoiesis"/>
            <span end="1835" id="15314655-3491" start="1822">Hematopoiesis</span>
        </annotation>
        <annotation annotator="Mike Bada, University of Colorado Anschutz Medical Campus" id="GO_BP_2016_02_16_Instance_54689" type="identity">
            <class id="GO:0030097" label="hemopoiesis"/>
            <span end="2185" id="15314655-3493" start="2172">hematopoiesis</span>
        </annotation>
        <annotation annotator="Mike Bada, University of Colorado Anschutz Medical Campus" id="GO_BP_2016_02_16_Instance_54693" type="identity">
            <class id="GO:0030097" label="hemopoiesis"/>
            <span end="2336" id="15314655-3495" start="2323">hematopoiesis</span>
        </annotation>
        <annotation annotator="Mike Bada, University of Colorado Anschutz Medical Campus" id="GO_BP_2016_02_16_Instance_54695" type="identity">
            <class id="GO:0030097" label="hemopoiesis"/>
            <span end="2445" id="15314655-3497" start="2432">hematopoiesis</span>
        </annotation>
        <annotation annotator="Mike Bada, University of Colorado Anschutz Medical Campus" id="GO_BP_2016_02_16_with_nested_annotations_Instance_22586" type="identity">
            <class id="GO:0060216" label="definitive hemopoiesis"/>
            <span end="2590" id="15314655-3852" start="2566">definitive hematopoietic</span>
        </annotation>
        <annotation annotator="Mike Bada, University of Colorado Anschutz Medical Campus" id="GO_BP_2016_02_16_Instance_54701" type="identity">
            <class id="GO:0065007" label="biological regulation"/>
            <span end="2829" id="15314655-3499" start="2822">control</span>
        </annotation>
        <annotation annotator="Mike Bada, University of Colorado Anschutz Medical Campus" id="GO_BP_2016_02_16_Instance_54703" type="identity">
            <class id="GO:0030097" label="hemopoiesis"/>
            <span end="2843" id="15314655-3501" start="2830">hematopoiesis</span>
        </annotation>
        <annotation annotator="Mike Bada, University of Colorado Anschutz Medical Campus" id="GO_BP_2016_02_16_Instance_54705" type="identity">
            <class id="GO:0010467" label="gene expression"/>
            <span end="3029" id="15314655-3503" start="3022">express</span>
        </annotation>
        <annotation annotator="Mike Bada, University of Colorado Anschutz Medical Campus" id="GO_BP_2016_02_16_Instance_90368" type="identity">
            <class id="GO:0035162" label="embryonic hemopoiesis"/>
            <span end="3106" id="15314655-3810" start="3083">embryonic hematopoietic</span>
        </annotation>
        <annotation annotator="Mike Bada, University of Colorado Anschutz Medical Campus" id="GO_BP_2016_02_16_with_nested_annotations_Instance_22580" type="identity">
            <class id="GO:0060215" label="primitive hemopoiesis"/>
            <span end="3381" id="15314655-3844" start="3362">primitive embryonic</span>
            <span end="3416" id="15314655-3845" start="3403">hematopoiesis</span>
        </annotation>
        <annotation annotator="Mike Bada, University of Colorado Anschutz Medical Campus" id="GO_BP_2016_02_16_with_nested_annotations_Instance_22582" type="identity">
            <class id="GO:0060216" label="definitive hemopoiesis"/>
            <span end="3396" id="15314655-3847" start="3386">definitive</span>
            <span end="3416" id="15314655-3848" start="3403">hematopoiesis</span>
        </annotation>
        <annotation annotator="Mike Bada, University of Colorado Anschutz Medical Campus" id="GO_BP_2016_02_16_Instance_54711" type="identity">
            <class id="GO:0010467" label="gene expression"/>
            <span end="3549" id="15314655-3505" start="3542">express</span>
        </annotation>
        <annotation annotator="Mike Bada, University of Colorado Anschutz Medical Campus" id="GO_BP_2016_02_16_Instance_54713" type="identity">
            <class id="GO:0030097" label="hemopoiesis"/>
            <span end="3580" id="15314655-3507" start="3567">hematopoietic</span>
        </annotation>
        <annotation annotator="Mike Bada, University of Colorado Anschutz Medical Campus" id="GO_BP_2016_02_16_Instance_54715" type="identity">
            <class id="GO:0006915" label="apoptotic process"/>
            <span end="3624" id="15314655-3509" start="3615">apoptosis</span>
        </annotation>
        <annotation annotator="Mike Bada, University of Colorado Anschutz Medical Campus" id="GO_BP_2016_02_16_Instance_54717" type="identity">
            <class id="GO:0006338" label="chromatin remodeling"/>
            <span end="4303" id="15314655-3511" start="4283">chromatin remodeling</span>
        </annotation>
        <annotation annotator="Mike Bada, University of Colorado Anschutz Medical Campus" id="GO_BP_2016_02_16_Instance_90378" type="identity">
            <class id="GO:0007566" label="embryo implantation"/>
            <span end="5199" id="15314655-3812" start="5187">implantation</span>
        </annotation>
        <annotation annotator="Mike Bada, University of Colorado Anschutz Medical Campus" id="GO_BP_2016_02_16_Instance_54721" type="identity">
            <class id="GO:0009790" label="embryo development"/>
            <span end="5213" id="15314655-3513" start="5200">embryogenesis</span>
        </annotation>
        <annotation annotator="Mike Bada, University of Colorado Anschutz Medical Campus" id="GO_BP_2016_02_16_Instance_54727" type="identity">
            <class id="GO:0035162" label="embryonic hemopoiesis"/>
            <span end="5530" id="15314655-3515" start="5521">embryonic</span>
            <span end="5554" id="15314655-3516" start="5541">hematopoiesis</span>
        </annotation>
        <annotation annotator="Mike Bada, University of Colorado Anschutz Medical Campus" id="GO_BP_2016_02_16_Instance_54729" type="identity">
            <class id="GO:0035162" label="embryonic hemopoiesis"/>
            <span end="5686" id="15314655-3518" start="5663">embryonic hematopoiesis</span>
        </annotation>
        <annotation annotator="Mike Bada, University of Colorado Anschutz Medical Campus" id="GO_BP_2016_02_16_Instance_54731" type="identity">
            <class id="GO:0010467" label="gene expression"/>
            <span end="5715" id="15314655-3520" start="5706">expressed</span>
        </annotation>
        <annotation annotator="Mike Bada, University of Colorado Anschutz Medical Campus" id="GO_BP_2016_02_16_Instance_54733" type="identity">
            <class id="GO:0030097" label="hemopoiesis"/>
            <span end="5766" id="15314655-3522" start="5753">hematopoietic</span>
        </annotation>
        <annotation annotator="Mike Bada, University of Colorado Anschutz Medical Campus" id="GO_BP_2016_02_16_Instance_54737" type="identity">
            <class id="GO:0048468" label="cell development"/>
            <span end="6063" id="15314655-3524" start="6047">cell development</span>
        </annotation>
        <annotation annotator="Mike Bada, University of Colorado Anschutz Medical Campus" id="GO_BP_2016_02_16_with_nested_annotations_Instance_24039" type="identity">
            <class id="GO:0060319" label="primitive erythrocyte differentiation"/>
            <span end="6142" id="15314655-3858" start="6133">Primitive</span>
            <span end="6172" id="15314655-3859" start="6158">Erythropoiesis</span>
        </annotation>
        <annotation annotator="Mike Bada, University of Colorado Anschutz Medical Campus" id="GO_BP_2016_02_16_with_nested_annotations_Instance_24041" type="identity">
            <class id="GO:0060318" label="definitive erythrocyte differentiation"/>
            <span end="6172" id="15314655-3861" start="6147">Definitive Erythropoiesis</span>
        </annotation>
        <annotation annotator="Mike Bada, University of Colorado Anschutz Medical Campus" id="GO_BP_2016_02_16_Instance_54741" type="identity">
            <class id="GO:0030097" label="hemopoiesis"/>
            <span end="6273" id="15314655-3526" start="6260">hematopoietic</span>
        </annotation>
        <annotation annotator="Mike Bada, University of Colorado Anschutz Medical Campus" id="GO_BP_2016_02_16_Instance_54743" type="identity">
            <class id="GO:0010467" label="gene expression"/>
            <span end="6289" id="15314655-3528" start="6274">gene expression</span>
        </annotation>
        <annotation annotator="Mike Bada, University of Colorado Anschutz Medical Campus" id="GO_BP_2016_02_16_Instance_54745" type="identity">
            <class id="GO:0006915" label="apoptotic process"/>
            <span end="6303" id="15314655-3530" start="6294">apoptosis</span>
        </annotation>
        <annotation annotator="Mike Bada, University of Colorado Anschutz Medical Campus" id="GO_BP_2016_02_16_Instance_54747" type="identity">
            <class id="GO:0009790" label="embryo development"/>
            <span end="6368" id="15314655-3532" start="6355">embryogenesis</span>
        </annotation>
        <annotation annotator="Mike Bada, University of Colorado Anschutz Medical Campus" id="GO_BP_2016_02_16_Instance_54749" type="identity">
            <class id="GO:0010467" label="gene expression"/>
            <span end="6537" id="15314655-3534" start="6527">expression</span>
        </annotation>
        <annotation annotator="Mike Bada, University of Colorado Anschutz Medical Campus" id="GO_BP_2016_02_16_Instance_54751" type="identity">
            <class id="GO:0030097" label="hemopoiesis"/>
            <span end="6563" id="15314655-3536" start="6550">hematopoietic</span>
        </annotation>
        <annotation annotator="Mike Bada, University of Colorado Anschutz Medical Campus" id="GO_BP_2016_02_16_Instance_54755" type="identity">
            <class id="GO:0012501" label="programmed cell death"/>
            <span end="6746" id="15314655-3538" start="6725">programmed cell death</span>
        </annotation>
        <annotation annotator="Mike Bada, University of Colorado Anschutz Medical Campus" id="GO_BP_2016_02_16_Instance_90384" type="identity">
            <class id="GO:0009566" label="fertilization"/>
            <span end="6797" id="15314655-3814" start="6784">fertilization</span>
        </annotation>
        <annotation annotator="Mike Bada, University of Colorado Anschutz Medical Campus" id="GO_BP_2016_02_16_Instance_54757" type="identity">
            <class id="GO:0010467" label="gene expression"/>
            <span end="6863" id="15314655-3540" start="6853">expression</span>
        </annotation>
        <annotation annotator="Mike Bada, University of Colorado Anschutz Medical Campus" id="GO_BP_2016_02_16_Instance_54759" type="identity">
            <class id="GO:0030097" label="hemopoiesis"/>
            <span end="6917" id="15314655-3542" start="6904">hematopoietic</span>
        </annotation>
        <annotation annotator="Mike Bada, University of Colorado Anschutz Medical Campus" id="GO_BP_2016_02_16_Instance_54761" type="identity">
            <class id="GO:0030097" label="hemopoiesis"/>
            <span end="7075" id="15314655-3544" start="7062">hematopoietic</span>
        </annotation>
        <annotation annotator="Mike Bada, University of Colorado Anschutz Medical Campus" id="GO_BP_2016_02_16_Instance_54765" type="identity">
            <class id="GO:0009790" label="embryo development"/>
            <span end="7142" id="15314655-3546" start="7128">development of</span>
            <span end="7161" id="15314655-3547" start="7154">embryos</span>
        </annotation>
        <annotation annotator="Mike Bada, University of Colorado Anschutz Medical Campus" id="GO_BP_2016_02_16_Instance_54767" type="identity">
            <class id="GO:0008219" label="cell death"/>
            <span end="7202" id="15314655-3549" start="7192">cell death</span>
        </annotation>
        <annotation annotator="Mike Bada, University of Colorado Anschutz Medical Campus" id="GO_BP_2016_02_16_Instance_54769" type="identity">
            <class id="GO:0010467" label="gene expression"/>
            <span end="7223" id="15314655-3551" start="7213">expression</span>
        </annotation>
        <annotation annotator="Mike Bada, University of Colorado Anschutz Medical Campus" id="GO_BP_2016_02_16_Instance_90388" type="identity">
            <class id="GO:0097152" label="mesenchymal cell apoptotic process"/>
            <span end="7549" id="15314655-3816" start="7519">apoptosis of mesenchymal cells</span>
        </annotation>
        <annotation annotator="Mike Bada, University of Colorado Anschutz Medical Campus" id="GO_BP_2016_02_16_Instance_22589" type="identity">
            <class id="GO:0048468" label="cell development"/>
            <span end="7664" id="15314655-3441" start="7653">development</span>
            <span end="7680" id="15314655-3442" start="7678">of</span>
            <span end="7722" id="15314655-3443" start="7717">cells</span>
        </annotation>
        <annotation annotator="Mike Bada, University of Colorado Anschutz Medical Campus" id="GO_BP_2016_02_16_Instance_54775" type="identity">
            <class id="GO:0014031" label="mesenchymal cell development"/>
            <span end="7664" id="15314655-3553" start="7653">development</span>
            <span end="7680" id="15314655-3554" start="7678">of</span>
            <span end="7754" id="15314655-3555" start="7737">mesenchymal cells</span>
        </annotation>
        <annotation annotator="Mike Bada, University of Colorado Anschutz Medical Campus" id="GO_BP_2016_02_16_with_nested_annotations_Instance_22588" type="identity">
            <class id="GO:0060216" label="definitive hemopoiesis"/>
            <span end="7798" id="15314655-3854" start="7774">definitive hematopoiesis</span>
        </annotation>
        <annotation annotator="Mike Bada, University of Colorado Anschutz Medical Campus" id="GO_BP_2016_02_16_Instance_54783" type="identity">
            <class id="GO:0030097" label="hemopoiesis"/>
            <span end="8248" id="15314655-3557" start="8235">hematopoiesis</span>
        </annotation>
        <annotation annotator="Mike Bada, University of Colorado Anschutz Medical Campus" id="GO_BP_2016_02_16_Instance_21995" type="identity">
            <class id="GO:0030154" label="cell differentiation"/>
            <span end="8546" id="15314655-3438" start="8528">differentiation of</span>
            <span end="8560" id="15314655-3439" start="8555">cells</span>
        </annotation>
        <annotation annotator="Mike Bada, University of Colorado Anschutz Medical Campus" id="GO_BP_2016_02_16_with_nested_annotations_Instance_24043" type="identity">
            <class id="GO:0060319" label="primitive erythrocyte differentiation"/>
            <span end="8661" id="15314655-3863" start="8652">primitive</span>
            <span end="8691" id="15314655-3864" start="8677">erythropoiesis</span>
        </annotation>
        <annotation annotator="Mike Bada, University of Colorado Anschutz Medical Campus" id="GO_BP_2016_02_16_with_nested_annotations_Instance_24045" type="identity">
            <class id="GO:0060318" label="definitive erythrocyte differentiation"/>
            <span end="8691" id="15314655-3866" start="8666">definitive erythropoiesis</span>
        </annotation>
        <annotation annotator="Mike Bada, University of Colorado Anschutz Medical Campus" id="GO_BP_2016_02_16_Instance_54789" type="identity">
            <class id="GO:0007126" label="meiotic nuclear division"/>
            <span end="9723" id="15314655-3559" start="9716">meioses</span>
        </annotation>
        <annotation annotator="Mike Bada, University of Colorado Anschutz Medical Campus" id="GO_BP_2016_02_16_Instance_54793" type="identity">
            <class id="GO:0006412" label="translation"/>
            <span end="11699" id="15314655-3561" start="11688">translation</span>
        </annotation>
        <annotation annotator="Mike Bada, University of Colorado Anschutz Medical Campus" id="GO_BP_2016_02_16_Instance_54795" type="identity">
            <class id="GO:0006412" label="translation"/>
            <span end="11775" id="15314655-3563" start="11764">translation</span>
        </annotation>
        <annotation annotator="Mike Bada, University of Colorado Anschutz Medical Campus" id="GO_BP_2016_02_16_Instance_54797" type="identity">
            <class id="GO:0010467" label="gene expression"/>
            <span end="11942" id="15314655-3565" start="11932">expression</span>
        </annotation>
        <annotation annotator="Mike Bada, University of Colorado Anschutz Medical Campus" id="GO_BP_2016_02_16_Instance_54799" type="identity">
            <class id="GO:0010467" label="gene expression"/>
            <span end="12121" id="15314655-3567" start="12112">expressed</span>
        </annotation>
        <annotation annotator="Mike Bada, University of Colorado Anschutz Medical Campus" id="GO_BP_2016_02_16_Instance_54801" type="identity">
            <class id="GO:0030097" label="hemopoiesis"/>
            <span end="12138" id="15314655-3569" start="12125">hematopoietic</span>
        </annotation>
        <annotation annotator="Mike Bada, University of Colorado Anschutz Medical Campus" id="GO_BP_2016_02_16_Instance_54803" type="identity">
            <class id="GO:0010467" label="gene expression"/>
            <span end="12257" id="15314655-3571" start="12248">expressed</span>
        </annotation>
        <annotation annotator="Mike Bada, University of Colorado Anschutz Medical Campus" id="GO_BP_2016_02_16_Instance_54805" type="identity">
            <class id="GO:0007369" label="gastrulation"/>
            <span end="12347" id="15314655-3573" start="12335">gastrulation</span>
        </annotation>
        <annotation annotator="Mike Bada, University of Colorado Anschutz Medical Campus" id="GO_BP_2016_02_16_Instance_90394" type="identity">
            <class id="GO:0090504" label="epiboly"/>
            <span end="12359" id="15314655-3818" start="12352">epiboly</span>
        </annotation>
        <annotation annotator="Mike Bada, University of Colorado Anschutz Medical Campus" id="GO_BP_2016_02_16_Instance_54807" type="identity">
            <class id="GO:0010467" label="gene expression"/>
            <span end="12386" id="15314655-3575" start="12376">expression</span>
        </annotation>
        <annotation annotator="Mike Bada, University of Colorado Anschutz Medical Campus" id="GO_BP_2016_02_16_Instance_54809" type="identity">
            <class id="GO:0010467" label="gene expression"/>
            <span end="12510" id="15314655-3577" start="12500">expression</span>
        </annotation>
        <annotation annotator="Mike Bada, University of Colorado Anschutz Medical Campus" id="GO_BP_2016_02_16_Instance_54811" type="identity">
            <class id="GO:0010467" label="gene expression"/>
            <span end="12627" id="15314655-3579" start="12618">expresses</span>
        </annotation>
        <annotation annotator="Mike Bada, University of Colorado Anschutz Medical Campus" id="GO_BP_2016_02_16_with_nested_annotations_Instance_22574" type="identity">
            <class id="GO:0030097" label="hemopoiesis"/>
            <span end="12659" id="15314655-3838" start="12646">hematopoietic</span>
        </annotation>
        <annotation annotator="Mike Bada, University of Colorado Anschutz Medical Campus" id="GO_BP_2016_02_16_Instance_54813" type="identity">
            <class id="GO:0010467" label="gene expression"/>
            <span end="12747" id="15314655-3581" start="12740">express</span>
        </annotation>
        <annotation annotator="Mike Bada, University of Colorado Anschutz Medical Campus" id="GO_BP_2016_02_16_Instance_54815" type="identity">
            <class id="GO:0010467" label="gene expression"/>
            <span end="12880" id="15314655-3583" start="12871">expressed</span>
        </annotation>
        <annotation annotator="Mike Bada, University of Colorado Anschutz Medical Campus" id="GO_BP_2016_02_16_Instance_26039" type="identity">
            <class id="GO:0000184" label="nuclear-transcribed mRNA catabolic process, nonsense-mediated decay"/>
            <span end="13094" id="15314655-3454" start="13063">nonsense-mediated message decay</span>
        </annotation>
        <annotation annotator="Mike Bada, University of Colorado Anschutz Medical Campus" id="GO_BP_2016_02_16_Instance_54817" type="identity">
            <class id="GO:0010467" label="gene expression"/>
            <span end="13143" id="15314655-3585" start="13134">expressed</span>
        </annotation>
        <annotation annotator="Mike Bada, University of Colorado Anschutz Medical Campus" id="GO_BP_2016_02_16_Instance_54819" type="identity">
            <class id="GO:0030097" label="hemopoiesis"/>
            <span end="13251" id="15314655-3587" start="13238">hematopoietic</span>
        </annotation>
        <annotation annotator="Mike Bada, University of Colorado Anschutz Medical Campus" id="GO_BP_2016_02_16_Instance_54821" type="identity">
            <class id="GO:0006915" label="apoptotic process"/>
            <span end="13288" id="15314655-3589" start="13279">apoptosis</span>
        </annotation>
        <annotation annotator="Mike Bada, University of Colorado Anschutz Medical Campus" id="GO_BP_2016_02_16_Instance_54823" type="identity">
            <class id="GO:0010467" label="gene expression"/>
            <span end="13336" id="15314655-3591" start="13326">expression</span>
        </annotation>
        <annotation annotator="Mike Bada, University of Colorado Anschutz Medical Campus" id="GO_BP_2016_02_16_Instance_54825" type="identity">
            <class id="GO:0010467" label="gene expression"/>
            <span end="13420" id="15314655-3593" start="13411">expressed</span>
        </annotation>
        <annotation annotator="Mike Bada, University of Colorado Anschutz Medical Campus" id="GO_BP_2016_02_16_Instance_54827" type="identity">
            <class id="GO:0010467" label="gene expression"/>
            <span end="13497" id="15314655-3595" start="13488">expressed</span>
        </annotation>
        <annotation annotator="Mike Bada, University of Colorado Anschutz Medical Campus" id="GO_BP_2016_02_16_Instance_54829" type="identity">
            <class id="GO:0030097" label="hemopoiesis"/>
            <span end="13723" id="15314655-3597" start="13710">hematopoiesis</span>
        </annotation>
        <annotation annotator="Mike Bada, University of Colorado Anschutz Medical Campus" id="GO_BP_2016_02_16_Instance_54833" type="identity">
            <class id="GO:0010467" label="gene expression"/>
            <span end="13932" id="15314655-3599" start="13923">expressed</span>
        </annotation>
        <annotation annotator="Mike Bada, University of Colorado Anschutz Medical Campus" id="GO_BP_2016_02_16_Instance_54835" type="identity">
            <class id="GO:0010467" label="gene expression"/>
            <span end="14529" id="15314655-3601" start="14519">expression</span>
        </annotation>
        <annotation annotator="Mike Bada, University of Colorado Anschutz Medical Campus" id="GO_BP_2016_02_16_Instance_54837" type="identity">
            <class id="GO:0010467" label="gene expression"/>
            <span end="14716" id="15314655-3603" start="14707">expressed</span>
        </annotation>
        <annotation annotator="Mike Bada, University of Colorado Anschutz Medical Campus" id="GO_BP_2016_02_16_Instance_54839" type="identity">
            <class id="GO:0010467" label="gene expression"/>
            <span end="14814" id="15314655-3605" start="14804">expression</span>
        </annotation>
        <annotation annotator="Mike Bada, University of Colorado Anschutz Medical Campus" id="GO_BP_2016_02_16_Instance_54841" type="identity">
            <class id="GO:0030097" label="hemopoiesis"/>
            <span end="14862" id="15314655-3607" start="14849">hematopoietic</span>
        </annotation>
        <annotation annotator="Mike Bada, University of Colorado Anschutz Medical Campus" id="GO_BP_2016_02_16_Instance_54843" type="identity">
            <class id="GO:0010467" label="gene expression"/>
            <span end="14931" id="15314655-3609" start="14922">expressed</span>
        </annotation>
        <annotation annotator="Mike Bada, University of Colorado Anschutz Medical Campus" id="GO_BP_2016_02_16_Instance_90400" type="identity">
            <class id="GO:0010467" label="gene expression"/>
            <span end="15034" id="15314655-3820" start="15025">expressed</span>
        </annotation>
        <annotation annotator="Mike Bada, University of Colorado Anschutz Medical Campus" id="GO_BP_2016_02_16_Instance_54849" type="identity">
            <class id="GO:0010467" label="gene expression"/>
            <span end="15147" id="15314655-3611" start="15137">Expression</span>
        </annotation>
        <annotation annotator="Mike Bada, University of Colorado Anschutz Medical Campus" id="GO_BP_2016_02_16_Instance_54851" type="identity">
            <class id="GO:0030097" label="hemopoiesis"/>
            <span end="15178" id="15314655-3613" start="15165">Hematopoiesis</span>
        </annotation>
        <annotation annotator="Mike Bada, University of Colorado Anschutz Medical Campus" id="GO_BP_2016_02_16_Instance_54853" type="identity">
            <class id="GO:0048821" label="erythrocyte development"/>
            <span end="15456" id="15314655-3615" start="15444">formation of</span>
            <span end="15479" id="15314655-3616" start="15467">erythrocytes</span>
        </annotation>
        <annotation annotator="Mike Bada, University of Colorado Anschutz Medical Campus" id="GO_BP_2016_02_16_Instance_25239" type="identity">
            <class id="GO:0048568" label="embryonic organ development"/>
            <span end="15552" id="15314655-3451" start="15543">embryonic</span>
            <span end="15580" id="15314655-3452" start="15567">organogenesis</span>
        </annotation>
        <annotation annotator="Mike Bada, University of Colorado Anschutz Medical Campus" id="GO_BP_2016_02_16_Instance_90408" type="identity">
            <class id="GO:0010467" label="gene expression"/>
            <span end="16007" id="15314655-3822" start="15997">expression</span>
        </annotation>
        <annotation annotator="Mike Bada, University of Colorado Anschutz Medical Campus" id="GO_BP_2016_02_16_Instance_54859" type="identity">
            <class id="GO:0030097" label="hemopoiesis"/>
            <span end="16345" id="15314655-3618" start="16332">hematopoiesis</span>
        </annotation>
        <annotation annotator="Mike Bada, University of Colorado Anschutz Medical Campus" id="GO_BP_2016_02_16_with_nested_annotations_Instance_24047" type="identity">
            <class id="GO:0030218" label="erythrocyte differentiation"/>
            <span end="16393" id="15314655-3868" start="16379">Erythropoiesis</span>
        </annotation>
        <annotation annotator="Mike Bada, University of Colorado Anschutz Medical Campus" id="GO_BP_2016_02_16_Instance_54861" type="identity">
            <class id="GO:0010467" label="gene expression"/>
            <span end="16445" id="15314655-3620" start="16435">expression</span>
        </annotation>
        <annotation annotator="Mike Bada, University of Colorado Anschutz Medical Campus" id="GO_BP_2016_02_16_Instance_54863" type="identity">
            <class id="GO:0010467" label="gene expression"/>
            <span end="16540" id="15314655-3622" start="16525">gene expression</span>
        </annotation>
        <annotation annotator="Mike Bada, University of Colorado Anschutz Medical Campus" id="GO_BP_2016_02_16_Instance_54865" type="identity">
            <class id="GO:0030097" label="hemopoiesis"/>
            <span end="16557" id="15314655-3624" start="16544">hematopoietic</span>
        </annotation>
        <annotation annotator="Mike Bada, University of Colorado Anschutz Medical Campus" id="GO_BP_2016_02_16_Instance_54867" type="identity">
            <class id="GO:0010467" label="gene expression"/>
            <span end="16852" id="15314655-3626" start="16842">expression</span>
        </annotation>
        <annotation annotator="Mike Bada, University of Colorado Anschutz Medical Campus" id="GO_BP_2016_02_16_with_nested_annotations_Instance_24115" type="identity">
            <class id="GO:0036268" label="swimming"/>
            <span end="17710" id="15314655-3887" start="17706">swim</span>
        </annotation>
        <annotation annotator="Mike Bada, University of Colorado Anschutz Medical Campus" id="GO_BP_2016_02_16_Instance_54869" type="identity">
            <class id="GO:0016265" label="death"/>
            <span end="17802" id="15314655-3628" start="17797">dying</span>
        </annotation>
        <annotation annotator="Mike Bada, University of Colorado Anschutz Medical Campus" id="GO_BP_2016_02_16_Instance_90412" type="identity">
            <class id="GO:0030097" label="hemopoiesis"/>
            <span end="18161" id="15314655-3824" start="18148">hematopoietic</span>
        </annotation>
        <annotation annotator="Mike Bada, University of Colorado Anschutz Medical Campus" id="GO_BP_2016_02_16_Instance_90414" type="identity">
            <class id="GO:0065007" label="biological regulation"/>
            <span end="18317" id="15314655-3826" start="18308">Regulated</span>
        </annotation>
        <annotation annotator="Mike Bada, University of Colorado Anschutz Medical Campus" id="GO_BP_2016_02_16_Instance_54879" type="identity">
            <class id="GO:0010467" label="gene expression"/>
            <span end="19067" id="15314655-3630" start="19057">expression</span>
        </annotation>
        <annotation annotator="Mike Bada, University of Colorado Anschutz Medical Campus" id="GO_BP_2016_02_16_Instance_54881" type="identity">
            <class id="GO:0065007" label="biological regulation"/>
            <span end="19105" id="15314655-3632" start="19096">regulated</span>
        </annotation>
        <annotation annotator="Mike Bada, University of Colorado Anschutz Medical Campus" id="GO_BP_2016_02_16_Instance_54885" type="identity">
            <class id="GO:0006281" label="DNA repair"/>
            <span end="19426" id="15314655-3634" start="19416">DNA repair</span>
        </annotation>
        <annotation annotator="Mike Bada, University of Colorado Anschutz Medical Campus" id="GO_BP_2016_02_16_Instance_54887" type="identity">
            <class id="GO:0010467" label="gene expression"/>
            <span end="19555" id="15314655-3636" start="19545">expression</span>
        </annotation>
        <annotation annotator="Mike Bada, University of Colorado Anschutz Medical Campus" id="GO_BP_2016_02_16_Instance_54889" type="identity">
            <class id="GO:0030154" label="cell differentiation"/>
            <span end="19602" id="15314655-3638" start="19584">differentiation of</span>
            <span end="19612" id="15314655-3639" start="19607">cells</span>
        </annotation>
        <annotation annotator="Mike Bada, University of Colorado Anschutz Medical Campus" id="GO_BP_2016_02_16_Instance_54897" type="identity">
            <class id="GO:0010467" label="gene expression"/>
            <span end="19879" id="15314655-3641" start="19869">expression</span>
        </annotation>
        <annotation annotator="Mike Bada, University of Colorado Anschutz Medical Campus" id="GO_BP_2016_02_16_Instance_54899" type="identity">
            <class id="GO:0010467" label="gene expression"/>
            <span end="20016" id="15314655-3643" start="20006">expression</span>
        </annotation>
        <annotation annotator="Mike Bada, University of Colorado Anschutz Medical Campus" id="GO_BP_2016_02_16_Instance_54901" type="identity">
            <class id="GO:0048469" label="cell maturation"/>
            <span end="20056" id="15314655-3645" start="20043">maturation of</span>
            <span end="20086" id="15314655-3646" start="20081">cells</span>
        </annotation>
        <annotation annotator="Mike Bada, University of Colorado Anschutz Medical Campus" id="GO_BP_2016_02_16_Instance_54903" type="identity">
            <class id="GO:0010467" label="gene expression"/>
            <span end="20196" id="15314655-3648" start="20187">expressed</span>
        </annotation>
        <annotation annotator="Mike Bada, University of Colorado Anschutz Medical Campus" id="GO_BP_2016_02_16_Instance_54909" type="identity">
            <class id="GO:0065007" label="biological regulation"/>
            <span end="20592" id="15314655-3650" start="20581">controlling</span>
        </annotation>
        <annotation annotator="Mike Bada, University of Colorado Anschutz Medical Campus" id="GO_BP_2016_02_16_Instance_54911" type="identity">
            <class id="GO:0010467" label="gene expression"/>
            <span end="20608" id="15314655-3652" start="20593">gene expression</span>
        </annotation>
        <annotation annotator="Mike Bada, University of Colorado Anschutz Medical Campus" id="GO_BP_2016_02_16_Instance_54913" type="identity">
            <class id="GO:0030097" label="hemopoiesis"/>
            <span end="20629" id="15314655-3654" start="20616">hematopoiesis</span>
        </annotation>
        <annotation annotator="Mike Bada, University of Colorado Anschutz Medical Campus" id="GO_BP_2016_02_16_Instance_54915" type="identity">
            <class id="GO:0030097" label="hemopoiesis"/>
            <span end="21025" id="15314655-3656" start="21012">hematopoietic</span>
        </annotation>
        <annotation annotator="Mike Bada, University of Colorado Anschutz Medical Campus" id="GO_BP_2016_02_16_Instance_54917" type="identity">
            <class id="GO:0006402" label="mRNA catabolic process"/>
            <span end="21848" id="15314655-3658" start="21838">mRNA decay</span>
        </annotation>
        <annotation annotator="Mike Bada, University of Colorado Anschutz Medical Campus" id="GO_BP_2016_02_16_Instance_54919" type="identity">
            <class id="GO:0010467" label="gene expression"/>
            <span end="21894" id="15314655-3660" start="21885">expressed</span>
        </annotation>
        <annotation annotator="Mike Bada, University of Colorado Anschutz Medical Campus" id="GO_BP_2016_02_16_Instance_54921" type="identity">
            <class id="GO:0030097" label="hemopoiesis"/>
            <span end="21911" id="15314655-3662" start="21898">hematopoietic</span>
        </annotation>
        <annotation annotator="Mike Bada, University of Colorado Anschutz Medical Campus" id="GO_BP_2016_02_16_Instance_54923" type="identity">
            <class id="GO:0009790" label="embryo development"/>
            <span end="21942" id="15314655-3664" start="21929">embryogenesis</span>
        </annotation>
        <annotation annotator="Mike Bada, University of Colorado Anschutz Medical Campus" id="GO_BP_2016_02_16_Instance_54925" type="identity">
            <class id="GO:0010467" label="gene expression"/>
            <span end="22022" id="15314655-3666" start="22012">expression</span>
        </annotation>
        <annotation annotator="Mike Bada, University of Colorado Anschutz Medical Campus" id="GO_BP_2016_02_16_Instance_54927" type="identity">
            <class id="GO:0030097" label="hemopoiesis"/>
            <span end="22080" id="15314655-3668" start="22067">hematopoiesis</span>
        </annotation>
        <annotation annotator="Mike Bada, University of Colorado Anschutz Medical Campus" id="GO_BP_2016_02_16_Instance_54929" type="identity">
            <class id="GO:0035162" label="embryonic hemopoiesis"/>
            <span end="22133" id="15314655-3670" start="22117">hematopoiesis in</span>
            <span end="22151" id="15314655-3671" start="22144">embryos</span>
        </annotation>
        <annotation annotator="Mike Bada, University of Colorado Anschutz Medical Campus" id="GO_BP_2016_02_16_Instance_54931" type="identity">
            <class id="GO:0010467" label="gene expression"/>
            <span end="22264" id="15314655-3673" start="22255">expressed</span>
        </annotation>
        <annotation annotator="Mike Bada, University of Colorado Anschutz Medical Campus" id="GO_BP_2016_02_16_Instance_54935" type="identity">
            <class id="GO:0030097" label="hemopoiesis"/>
            <span end="22485" id="15314655-3675" start="22472">hematopoietic</span>
        </annotation>
        <annotation annotator="Mike Bada, University of Colorado Anschutz Medical Campus" id="GO_BP_2016_02_16_Instance_54937" type="identity">
            <class id="GO:0030097" label="hemopoiesis"/>
            <span end="23230" id="15314655-3677" start="23217">hematopoiesis</span>
        </annotation>
        <annotation annotator="Mike Bada, University of Colorado Anschutz Medical Campus" id="GO_BP_2016_02_16_Instance_54939" type="identity">
            <class id="GO:0006915" label="apoptotic process"/>
            <span end="23267" id="15314655-3679" start="23258">Apoptosis</span>
        </annotation>
        <annotation annotator="Mike Bada, University of Colorado Anschutz Medical Campus" id="GO_BP_2016_02_16_Instance_54941" type="identity">
            <class id="GO:0030097" label="hemopoiesis"/>
            <span end="23326" id="15314655-3681" start="23313">hematopoietic</span>
        </annotation>
        <annotation annotator="Mike Bada, University of Colorado Anschutz Medical Campus" id="GO_BP_2016_02_16_Instance_54943" type="identity">
            <class id="GO:0010467" label="gene expression"/>
            <span end="23342" id="15314655-3683" start="23327">gene expression</span>
        </annotation>
        <annotation annotator="Mike Bada, University of Colorado Anschutz Medical Campus" id="GO_BP_2016_02_16_Instance_54945" type="identity">
            <class id="GO:0006915" label="apoptotic process"/>
            <span end="23353" id="15314655-3685" start="23344">apoptosis</span>
        </annotation>
        <annotation annotator="Mike Bada, University of Colorado Anschutz Medical Campus" id="GO_BP_2016_02_16_Instance_54949" type="identity">
            <class id="GO:0012501" label="programmed cell death"/>
            <span end="23552" id="15314655-3687" start="23531">programmed cell death</span>
        </annotation>
        <annotation annotator="Mike Bada, University of Colorado Anschutz Medical Campus" id="GO_BP_2016_02_16_Instance_54951" type="identity">
            <class id="GO:0010467" label="gene expression"/>
            <span end="23583" id="15314655-3689" start="23573">expression</span>
        </annotation>
        <annotation annotator="Mike Bada, University of Colorado Anschutz Medical Campus" id="GO_BP_2016_02_16_Instance_54955" type="identity">
            <class id="GO:0010467" label="gene expression"/>
            <span end="23749" id="15314655-3691" start="23739">expression</span>
        </annotation>
        <annotation annotator="Mike Bada, University of Colorado Anschutz Medical Campus" id="GO_BP_2016_02_16_Instance_54961" type="identity">
            <class id="GO:0030097" label="hemopoiesis"/>
            <span end="23865" id="15314655-3693" start="23852">hematopoietic</span>
        </annotation>
        <annotation annotator="Mike Bada, University of Colorado Anschutz Medical Campus" id="GO_BP_2016_02_16_Instance_54963" type="identity">
            <class id="GO:0010467" label="gene expression"/>
            <span end="23881" id="15314655-3695" start="23866">gene expression</span>
        </annotation>
        <annotation annotator="Mike Bada, University of Colorado Anschutz Medical Campus" id="GO_BP_2016_02_16_Instance_54965" type="identity">
            <class id="GO:0010467" label="gene expression"/>
            <span end="23913" id="15314655-3697" start="23903">expression</span>
        </annotation>
        <annotation annotator="Mike Bada, University of Colorado Anschutz Medical Campus" id="GO_BP_2016_02_16_Instance_54969" type="identity">
            <class id="GO:0030097" label="hemopoiesis"/>
            <span end="23987" id="15314655-3699" start="23974">hematopoietic</span>
        </annotation>
        <annotation annotator="Mike Bada, University of Colorado Anschutz Medical Campus" id="GO_BP_2016_02_16_with_nested_annotations_Instance_22584" type="identity">
            <class id="GO:0060215" label="primitive hemopoiesis"/>
            <span end="24026" id="15314655-3850" start="24003">primitive hematopoietic</span>
        </annotation>
        <annotation annotator="Mike Bada, University of Colorado Anschutz Medical Campus" id="GO_BP_2016_02_16_Instance_54973" type="identity">
            <class id="GO:0030097" label="hemopoiesis"/>
            <span end="24159" id="15314655-3701" start="24146">hematopoietic</span>
        </annotation>
        <annotation annotator="Mike Bada, University of Colorado Anschutz Medical Campus" id="GO_BP_2016_02_16_Instance_54977" type="identity">
            <class id="GO:0006915" label="apoptotic process"/>
            <span end="24297" id="15314655-3703" start="24288">apoptosis</span>
        </annotation>
        <annotation annotator="Mike Bada, University of Colorado Anschutz Medical Campus" id="GO_BP_2016_02_16_with_nested_annotations_Instance_24049" type="identity">
            <class id="GO:0030218" label="erythrocyte differentiation"/>
            <span end="24409" id="15314655-3870" start="24395">erythropoiesis</span>
        </annotation>
        <annotation annotator="Mike Bada, University of Colorado Anschutz Medical Campus" id="GO_BP_2016_02_16_with_nested_annotations_Instance_22590" type="identity">
            <class id="GO:0060216" label="definitive hemopoiesis"/>
            <span end="24564" id="15314655-3856" start="24540">definitive hematopoiesis</span>
        </annotation>
        <annotation annotator="Mike Bada, University of Colorado Anschutz Medical Campus" id="GO_BP_2016_02_16_Instance_54981" type="identity">
            <class id="GO:0010467" label="gene expression"/>
            <span end="24699" id="15314655-3705" start="24690">expressed</span>
        </annotation>
        <annotation annotator="Mike Bada, University of Colorado Anschutz Medical Campus" id="GO_BP_2016_02_16_Instance_54983" type="identity">
            <class id="GO:0030097" label="hemopoiesis"/>
            <span end="24747" id="15314655-3707" start="24734">hematopoiesis</span>
        </annotation>
        <annotation annotator="Mike Bada, University of Colorado Anschutz Medical Campus" id="GO_BP_2016_02_16_Instance_54985" type="identity">
            <class id="GO:0048513" label="animal organ development"/>
            <span end="24781" id="15314655-3709" start="24768">organogenesis</span>
        </annotation>
        <annotation annotator="Mike Bada, University of Colorado Anschutz Medical Campus" id="GO_BP_2016_02_16_with_nested_annotations_Instance_24051" type="identity">
            <class id="GO:0030218" label="erythrocyte differentiation"/>
            <span end="25147" id="15314655-3872" start="25133">erythropoiesis</span>
        </annotation>
        <annotation annotator="Mike Bada, University of Colorado Anschutz Medical Campus" id="GO_BP_2016_02_16_Instance_54989" type="identity">
            <class id="GO:0030097" label="hemopoiesis"/>
            <span end="25210" id="15314655-3711" start="25197">hematopoietic</span>
        </annotation>
        <annotation annotator="Mike Bada, University of Colorado Anschutz Medical Campus" id="GO_BP_2016_02_16_Instance_54991" type="identity">
            <class id="GO:0030097" label="hemopoiesis"/>
            <span end="25239" id="15314655-3713" start="25226">hematopoietic</span>
        </annotation>
        <annotation annotator="Mike Bada, University of Colorado Anschutz Medical Campus" id="GO_BP_2016_02_16_with_nested_annotations_Instance_24053" type="identity">
            <class id="GO:0030218" label="erythrocyte differentiation"/>
            <span end="25568" id="15314655-3874" start="25554">erythropoiesis</span>
        </annotation>
        <annotation annotator="Mike Bada, University of Colorado Anschutz Medical Campus" id="GO_BP_2016_02_16_Instance_54993" type="identity">
            <class id="GO:0030097" label="hemopoiesis"/>
            <span end="25722" id="15314655-3715" start="25709">hematopoiesis</span>
        </annotation>
        <annotation annotator="Mike Bada, University of Colorado Anschutz Medical Campus" id="GO_BP_2016_02_16_Instance_22667" type="identity">
            <class id="GO:0065007" label="biological regulation"/>
            <span end="26193" id="15314655-3447" start="26185">regulate</span>
        </annotation>
        <annotation annotator="Mike Bada, University of Colorado Anschutz Medical Campus" id="GO_BP_2016_02_16_with_nested_annotations_Instance_24055" type="identity">
            <class id="GO:0060319" label="primitive erythrocyte differentiation"/>
            <span end="26264" id="15314655-3876" start="26255">Primitive</span>
            <span end="26294" id="15314655-3877" start="26280">Erythropoiesis</span>
        </annotation>
        <annotation annotator="Mike Bada, University of Colorado Anschutz Medical Campus" id="GO_BP_2016_02_16_with_nested_annotations_Instance_24059" type="identity">
            <class id="GO:0060318" label="definitive erythrocyte differentiation"/>
            <span end="26294" id="15314655-3879" start="26269">Definitive Erythropoiesis</span>
        </annotation>
        <annotation annotator="Mike Bada, University of Colorado Anschutz Medical Campus" id="GO_BP_2016_02_16_Instance_54997" type="identity">
            <class id="GO:0010468" label="regulation of gene expression"/>
            <span end="26422" id="15314655-3717" start="26412">control of</span>
            <span end="26452" id="15314655-3718" start="26437">gene expression</span>
        </annotation>
        <annotation annotator="Mike Bada, University of Colorado Anschutz Medical Campus" id="GO_BP_2016_02_16_Instance_54999" type="identity">
            <class id="GO:0030097" label="hemopoiesis"/>
            <span end="26436" id="15314655-3720" start="26423">hematopoietic</span>
        </annotation>
        <annotation annotator="Mike Bada, University of Colorado Anschutz Medical Campus" id="GO_BP_2016_02_16_Instance_55003" type="identity">
            <class id="GO:0030097" label="hemopoiesis"/>
            <span end="26562" id="15314655-3722" start="26549">hematopoietic</span>
        </annotation>
        <annotation annotator="Mike Bada, University of Colorado Anschutz Medical Campus" id="GO_BP_2016_02_16_Instance_55005" type="identity">
            <class id="GO:0065007" label="biological regulation"/>
            <span end="26950" id="15314655-3724" start="26940">regulatory</span>
        </annotation>
        <annotation annotator="Mike Bada, University of Colorado Anschutz Medical Campus" id="GO_BP_2016_02_16_Instance_55009" type="identity">
            <class id="GO:0065007" label="biological regulation"/>
            <span end="27215" id="15314655-3726" start="27206">regulated</span>
        </annotation>
        <annotation annotator="Mike Bada, University of Colorado Anschutz Medical Campus" id="GO_BP_2016_02_16_with_nested_annotations_Instance_10524" type="identity">
            <class id="GO:0006412" label="translation"/>
            <span end="27236" id="15314655-3836" start="27223">translational</span>
        </annotation>
        <annotation annotator="Mike Bada, University of Colorado Anschutz Medical Campus" id="GO_BP_2016_02_16_Instance_55021" type="identity">
            <class id="GO:0065007" label="biological regulation"/>
            <span end="27753" id="15314655-3728" start="27745">regulate</span>
        </annotation>
        <annotation annotator="Mike Bada, University of Colorado Anschutz Medical Campus" id="GO_BP_2016_02_16_Instance_55023" type="identity">
            <class id="GO:0048468" label="cell development"/>
            <span end="27776" id="15314655-3730" start="27760">cell development</span>
        </annotation>
        <annotation annotator="Mike Bada, University of Colorado Anschutz Medical Campus" id="GO_BP_2016_02_16_Instance_55025" type="identity">
            <class id="GO:0007618" label="mating"/>
            <span end="28204" id="15314655-3732" start="28198">mating</span>
        </annotation>
        <annotation annotator="Mike Bada, University of Colorado Anschutz Medical Campus" id="GO_BP_2016_02_16_Instance_55027" type="identity">
            <class id="GO:0010467" label="gene expression"/>
            <span end="28826" id="15314655-3734" start="28816">expression</span>
        </annotation>
        <annotation annotator="Mike Bada, University of Colorado Anschutz Medical Campus" id="GO_BP_2016_02_16_Instance_23649" type="identity">
            <class id="GO:0040007" label="growth"/>
            <span end="29955" id="15314655-3449" start="29950">grown</span>
        </annotation>
        <annotation annotator="Mike Bada, University of Colorado Anschutz Medical Campus" id="GO_BP_2016_02_16_Instance_55029" type="identity">
            <class id="GO:0030154" label="cell differentiation"/>
            <span end="30708" id="15314655-3736" start="30688">cell differentiation</span>
        </annotation>
        <annotation annotator="Mike Bada, University of Colorado Anschutz Medical Campus" id="GO_BP_2016_02_16_with_nested_annotations_Instance_24061" type="identity">
            <class id="GO:0030218" label="erythrocyte differentiation"/>
            <span end="30939" id="15314655-3881" start="30925">erythropoiesis</span>
        </annotation>
        <annotation annotator="Mike Bada, University of Colorado Anschutz Medical Campus" id="GO_BP_2016_02_16_Instance_55031" type="identity">
            <class id="GO:0008283" label="cell proliferation"/>
            <span end="31136" id="15314655-3738" start="31125">proliferate</span>
        </annotation>
        <annotation annotator="Mike Bada, University of Colorado Anschutz Medical Campus" id="GO_BP_2016_02_16_Instance_55037" type="identity">
            <class id="GO:0010467" label="gene expression"/>
            <span end="33246" id="15314655-3740" start="33237">expressed</span>
        </annotation>
        <annotation annotator="Mike Bada, University of Colorado Anschutz Medical Campus" id="GO_BP_2016_02_16_Instance_90458" type="identity">
            <class id="GO:0009566" label="fertilization"/>
            <span end="33323" id="15314655-3828" start="33310">fertilization</span>
        </annotation>
        <annotation annotator="Mike Bada, University of Colorado Anschutz Medical Campus" id="GO_BP_2016_02_16_with_nested_annotations_Instance_22576" type="identity">
            <class id="GO:0060215" label="primitive hemopoiesis"/>
            <span end="33644" id="15314655-3840" start="33621">Primitive Hematopoiesis</span>
        </annotation>
        <annotation annotator="Mike Bada, University of Colorado Anschutz Medical Campus" id="GO_BP_2016_02_16_Instance_55041" type="identity">
            <class id="GO:0006915" label="apoptotic process"/>
            <span end="33739" id="15314655-3742" start="33730">apoptosis</span>
        </annotation>
        <annotation annotator="Mike Bada, University of Colorado Anschutz Medical Campus" id="GO_BP_2016_02_16_Instance_55043" type="identity">
            <class id="GO:0006915" label="apoptotic process"/>
            <span end="33947" id="15314655-3744" start="33938">apoptosis</span>
        </annotation>
        <annotation annotator="Mike Bada, University of Colorado Anschutz Medical Campus" id="GO_BP_2016_02_16_Instance_55045" type="identity">
            <class id="GO:0030097" label="hemopoiesis"/>
            <span end="34018" id="15314655-3746" start="34005">hematopoietic</span>
        </annotation>
        <annotation annotator="Mike Bada, University of Colorado Anschutz Medical Campus" id="GO_BP_2016_02_16_Instance_55049" type="identity">
            <class id="GO:0010467" label="gene expression"/>
            <span end="34207" id="15314655-3748" start="34197">Expression</span>
        </annotation>
        <annotation annotator="Mike Bada, University of Colorado Anschutz Medical Campus" id="GO_BP_2016_02_16_Instance_55051" type="identity">
            <class id="GO:0010467" label="gene expression"/>
            <span end="34361" id="15314655-3750" start="34351">expression</span>
        </annotation>
        <annotation annotator="Mike Bada, University of Colorado Anschutz Medical Campus" id="GO_BP_2016_02_16_Instance_90462" type="identity">
            <class id="GO:0009566" label="fertilization"/>
            <span end="34442" id="15314655-3830" start="34429">fertilization</span>
        </annotation>
        <annotation annotator="Mike Bada, University of Colorado Anschutz Medical Campus" id="GO_BP_2016_02_16_with_nested_annotations_Instance_22578" type="identity">
            <class id="GO:0060216" label="definitive hemopoiesis"/>
            <span end="34588" id="15314655-3842" start="34564">Definitive Hematopoiesis</span>
        </annotation>
        <annotation annotator="Mike Bada, University of Colorado Anschutz Medical Campus" id="GO_BP_2016_02_16_Instance_55055" type="identity">
            <class id="GO:0010467" label="gene expression"/>
            <span end="36510" id="15314655-3752" start="36501">Expressed</span>
        </annotation>
        <annotation annotator="Mike Bada, University of Colorado Anschutz Medical Campus" id="GO_BP_2016_02_16_Instance_55057" type="identity">
            <class id="GO:0030097" label="hemopoiesis"/>
            <span end="36527" id="15314655-3754" start="36514">Hematopoietic</span>
        </annotation>
        <annotation annotator="Mike Bada, University of Colorado Anschutz Medical Campus" id="GO_BP_2016_02_16_Instance_55059" type="identity">
            <class id="GO:0010467" label="gene expression"/>
            <span end="36623" id="15314655-3756" start="36613">expression</span>
        </annotation>
        <annotation annotator="Mike Bada, University of Colorado Anschutz Medical Campus" id="GO_BP_2016_02_16_Instance_55061" type="identity">
            <class id="GO:0010467" label="gene expression"/>
            <span end="36662" id="15314655-3758" start="36653">expressed</span>
        </annotation>
        <annotation annotator="Mike Bada, University of Colorado Anschutz Medical Campus" id="GO_BP_2016_02_16_Instance_55063" type="identity">
            <class id="GO:0010467" label="gene expression"/>
            <span end="36703" id="15314655-3760" start="36693">expression</span>
        </annotation>
        <annotation annotator="Mike Bada, University of Colorado Anschutz Medical Campus" id="GO_BP_2016_02_16_Instance_55067" type="identity">
            <class id="GO:0010467" label="gene expression"/>
            <span end="36873" id="15314655-3762" start="36864">expressed</span>
        </annotation>
        <annotation annotator="Mike Bada, University of Colorado Anschutz Medical Campus" id="GO_BP_2016_02_16_Instance_55069" type="identity">
            <class id="GO:0010467" label="gene expression"/>
            <span end="36922" id="15314655-3764" start="36915">express</span>
        </annotation>
        <annotation annotator="Mike Bada, University of Colorado Anschutz Medical Campus" id="GO_BP_2016_02_16_Instance_55071" type="identity">
            <class id="GO:0010467" label="gene expression"/>
            <span end="36956" id="15314655-3766" start="36947">expressed</span>
        </annotation>
        <annotation annotator="Mike Bada, University of Colorado Anschutz Medical Campus" id="GO_BP_2016_02_16_Instance_55073" type="identity">
            <class id="GO:0030097" label="hemopoiesis"/>
            <span end="37065" id="15314655-3768" start="37052">hematopoietic</span>
        </annotation>
        <annotation annotator="Mike Bada, University of Colorado Anschutz Medical Campus" id="GO_BP_2016_02_16_Instance_55075" type="identity">
            <class id="GO:0010467" label="gene expression"/>
            <span end="37134" id="15314655-3770" start="37125">expressed</span>
        </annotation>
        <annotation annotator="Mike Bada, University of Colorado Anschutz Medical Campus" id="GO_BP_2016_02_16_Instance_55077" type="identity">
            <class id="GO:0010467" label="gene expression"/>
            <span end="37229" id="15314655-3772" start="37220">expressed</span>
        </annotation>
        <annotation annotator="Mike Bada, University of Colorado Anschutz Medical Campus" id="GO_BP_2016_02_16_Instance_55079" type="identity">
            <class id="GO:0030097" label="hemopoiesis"/>
            <span end="37269" id="15314655-3774" start="37256">hematopoietic</span>
        </annotation>
        <annotation annotator="Mike Bada, University of Colorado Anschutz Medical Campus" id="GO_BP_2016_02_16_Instance_55081" type="identity">
            <class id="GO:0010467" label="gene expression"/>
            <span end="37302" id="15314655-3776" start="37293">expressed</span>
        </annotation>
        <annotation annotator="Mike Bada, University of Colorado Anschutz Medical Campus" id="GO_BP_2016_02_16_Instance_55083" type="identity">
            <class id="GO:0010467" label="gene expression"/>
            <span end="37334" id="15314655-3778" start="37324">expression</span>
        </annotation>
        <annotation annotator="Mike Bada, University of Colorado Anschutz Medical Campus" id="GO_BP_2016_02_16_Instance_55085" type="identity">
            <class id="GO:0010467" label="gene expression"/>
            <span end="37367" id="15314655-3780" start="37357">Expression</span>
        </annotation>
        <annotation annotator="Mike Bada, University of Colorado Anschutz Medical Campus" id="GO_BP_2016_02_16_Instance_55087" type="identity">
            <class id="GO:0010467" label="gene expression"/>
            <span end="37473" id="15314655-3782" start="37463">expression</span>
        </annotation>
        <annotation annotator="Mike Bada, University of Colorado Anschutz Medical Campus" id="GO_BP_2016_02_16_Instance_55089" type="identity">
            <class id="GO:0010467" label="gene expression"/>
            <span end="37543" id="15314655-3784" start="37533">expression</span>
        </annotation>
        <annotation annotator="Mike Bada, University of Colorado Anschutz Medical Campus" id="GO_BP_2016_02_16_Instance_55091" type="identity">
            <class id="GO:0010467" label="gene expression"/>
            <span end="37673" id="15314655-3786" start="37663">expression</span>
        </annotation>
        <annotation annotator="Mike Bada, University of Colorado Anschutz Medical Campus" id="GO_BP_2016_02_16_Instance_55093" type="identity">
            <class id="GO:0010467" label="gene expression"/>
            <span end="37721" id="15314655-3788" start="37711">expression</span>
        </annotation>
        <annotation annotator="Mike Bada, University of Colorado Anschutz Medical Campus" id="GO_BP_2016_02_16_Instance_90464" type="identity">
            <class id="GO:0010467" label="gene expression"/>
            <span end="37802" id="15314655-3832" start="37792">expression</span>
        </annotation>
        <annotation annotator="Mike Bada, University of Colorado Anschutz Medical Campus" id="GO_BP_2016_02_16_Instance_55095" type="identity">
            <class id="GO:0035162" label="embryonic hemopoiesis"/>
            <span end="37884" id="15314655-3790" start="37861">Embryonic Hematopoiesis</span>
        </annotation>
        <annotation annotator="Mike Bada, University of Colorado Anschutz Medical Campus" id="GO_BP_2016_02_16_with_nested_annotations_Instance_24063" type="identity">
            <class id="GO:0030218" label="erythrocyte differentiation"/>
            <span end="38273" id="15314655-3883" start="38259">erythropoiesis</span>
        </annotation>
        <annotation annotator="Mike Bada, University of Colorado Anschutz Medical Campus" id="GO_BP_2016_02_16_with_nested_annotations_Instance_24065" type="identity">
            <class id="GO:0030218" label="erythrocyte differentiation"/>
            <span end="38517" id="15314655-3885" start="38503">erythropoiesis</span>
        </annotation>
        <annotation annotator="Mike Bada, University of Colorado Anschutz Medical Campus" id="GO_BP_2016_02_16_Instance_55099" type="identity">
            <class id="GO:0008283" label="cell proliferation"/>
            <span end="38738" id="15314655-3792" start="38727">proliferate</span>
        </annotation>
        <annotation annotator="Mike Bada, University of Colorado Anschutz Medical Campus" id="GO_BP_2016_02_16_Instance_55103" type="identity">
            <class id="GO:0010467" label="gene expression"/>
            <span end="39417" id="15314655-3794" start="39410">express</span>
        </annotation>
        <annotation annotator="Mike Bada, University of Colorado Anschutz Medical Campus" id="GO_BP_2016_02_16_Instance_55105" type="identity">
            <class id="GO:0010467" label="gene expression"/>
            <span end="39495" id="15314655-3796" start="39485">Expression</span>
        </annotation>
        <annotation annotator="Mike Bada, University of Colorado Anschutz Medical Campus" id="GO_BP_2016_02_16_Instance_90468" type="identity">
            <class id="GO:0010467" label="gene expression"/>
            <span end="39653" id="15314655-3834" start="39643">expression</span>
        </annotation>
        <annotation annotator="Mike Bada, University of Colorado Anschutz Medical Campus" id="GO_BP_2016_02_16_Instance_55107" type="identity">
            <class id="GO:0030097" label="hemopoiesis"/>
            <span end="39702" id="15314655-3798" start="39689">Hematopoietic</span>
        </annotation>
        <annotation annotator="Mike Bada, University of Colorado Anschutz Medical Campus" id="GO_BP_2016_02_16_Instance_55109" type="identity">
            <class id="GO:0030097" label="hemopoiesis"/>
            <span end="40268" id="15314655-3800" start="40255">Hematopoiesis</span>
        </annotation>
        <annotation annotator="Mike Bada, University of Colorado Anschutz Medical Campus" id="GO_BP_2016_02_16_Instance_55113" type="identity">
            <class id="GO:0030097" label="hemopoiesis"/>
            <span end="41673" id="15314655-3802" start="41660">hematopoiesis</span>
        </annotation>
        <graph-space id="Old Knowtator Relations"/>
    </document>
</knowtator-project>
