<?xml version="1.0" encoding="UTF-8" standalone="no"?>
<knowtator-project>
  <document id="15314659" text-file="15314659.txt">
    <annotation annotator="Mike Bada, University of Colorado Anschutz Medical Campus" id="GO_BP_2016_02_16_Instance_230612" type="identity">
      <class id="GO:0010467" label="gene expression"/>
      <span end="681" id="15314659-3893" start="671">expression</span>
    </annotation>
    <annotation annotator="Mike Bada, University of Colorado Anschutz Medical Campus" id="GO_BP_2016_02_16_Instance_44587" type="identity">
      <class id="GO:0065007" label="biological regulation"/>
      <span end="2269" id="15314659-3899" start="2259">modulating</span>
    </annotation>
    <annotation annotator="Mike Bada, University of Colorado Anschutz Medical Campus" id="GO_BP_2016_02_16_with_nested_annotations_Instance_241924" type="identity">
      <class id="GO:0065007" label="biological regulation"/>
      <span end="3974" id="15314659-3914" start="3964">regulation</span>
    </annotation>
    <annotation annotator="Mike Bada, University of Colorado Anschutz Medical Campus" id="GO_BP_2016_02_16_Instance_44599" type="identity">
      <class id="GO:0010467" label="gene expression"/>
      <span end="15257" id="15314659-3901" start="15248">expressed</span>
    </annotation>
    <annotation annotator="Mike Bada, University of Colorado Anschutz Medical Campus" id="GO_BP_2016_02_16_Instance_44601" type="identity">
      <class id="GO:0010467" label="gene expression"/>
      <span end="17476" id="15314659-3903" start="17467">expressed</span>
    </annotation>
    <annotation annotator="Mike Bada, University of Colorado Anschutz Medical Campus" id="GO_BP_2016_02_16_Instance_44603" type="identity">
      <class id="GO:0010467" label="gene expression"/>
      <span end="20114" id="15314659-3905" start="20104">expression</span>
    </annotation>
    <annotation annotator="Mike Bada, University of Colorado Anschutz Medical Campus" id="GO_BP_2016_02_16_Instance_90496" type="identity">
      <class id="GO:0019882" label="antigen processing and presentation"/>
      <span end="25742" id="15314659-3911" start="25729">processing of</span>
      <span end="25755" id="15314659-3912" start="25747">antigens</span>
    </annotation>
    <annotation annotator="Mike Bada, University of Colorado Anschutz Medical Campus" id="GO_BP_2016_02_16_Instance_44621" type="identity">
      <class id="GO:0010467" label="gene expression"/>
      <span end="25918" id="15314659-3907" start="25908">expression</span>
    </annotation>
    <annotation annotator="Mike Bada, University of Colorado Anschutz Medical Campus" id="GO_BP_2016_02_16_Instance_23425" type="identity">
      <class id="GO:0006953" label="acute-phase response"/>
      <span end="25966" id="15314659-3895" start="25955">acute-phase</span>
    </annotation>
    <annotation annotator="Mike Bada, University of Colorado Anschutz Medical Campus" id="GO_BP_2016_02_16_Instance_23427" type="identity">
      <class id="GO:0006953" label="acute-phase response"/>
      <span end="30450" id="15314659-3897" start="30439">acute-phase</span>
    </annotation>
    <annotation annotator="Mike Bada, University of Colorado Anschutz Medical Campus" id="GO_BP_2016_02_16_Instance_44637" type="identity">
      <class id="GO:0016265" label="death"/>
      <span end="30625" id="15314659-3909" start="30621">died</span>
    </annotation>
    <annotation annotator="Mike Bada, University of Colorado Anschutz Medical Campus" id="GO_BP_2016_02_16_Instance_22869" type="identity">
      <class id="GO:0016265" label="death"/>
      <span end="38905" id="15314659-3891" start="38900">death</span>
    </annotation>
    <graph-space id="Old Knowtator Relations"/>
  </document>
</knowtator-project>
