<?xml version="1.0" encoding="UTF-8" standalone="no"?>
<knowtator-project>
    <document id="15328533" text-file="15328533.txt">
        <annotation annotator="Mike Bada, University of Colorado Anschutz Medical Campus" id="GO_BP_2016_02_16_Instance_44363" type="identity">
            <class id="GO:0065007" label="biological regulation"/>
            <span end="10" id="15328533-4071" start="0">Regulation</span>
        </annotation>
        <annotation annotator="Mike Bada, University of Colorado Anschutz Medical Campus" id="GO_BP_2016_02_16_Instance_22327" type="identity">
            <class id="GO:0043500" label="muscle adaptation"/>
            <span end="153" id="15328533-4055" start="117">adaptive muscle fiber transformation</span>
        </annotation>
        <annotation annotator="Mike Bada, University of Colorado Anschutz Medical Campus" id="GO_BP_2016_02_16_Instance_44365" type="identity">
            <class id="GO:0010467" label="gene expression"/>
            <span end="247" id="15328533-4073" start="232">gene expression</span>
        </annotation>
        <annotation annotator="Mike Bada, University of Colorado Anschutz Medical Campus" id="GO_BP_2016_02_16_Instance_44369" type="identity">
            <class id="GO:0010467" label="gene expression"/>
            <span end="500" id="15328533-4075" start="490">expression</span>
        </annotation>
        <annotation annotator="Mike Bada, University of Colorado Anschutz Medical Campus" id="GO_BP_2016_02_16_Instance_44371" type="identity">
            <class id="GO:0010467" label="gene expression"/>
            <span end="765" id="15328533-4077" start="750">gene expression</span>
        </annotation>
        <annotation annotator="Mike Bada, University of Colorado Anschutz Medical Campus" id="GO_BP_2016_02_16_Instance_44373" type="identity">
            <class id="GO:0008152" label="metabolic process"/>
            <span end="882" id="15328533-4079" start="873">metabolic</span>
        </annotation>
        <annotation annotator="Mike Bada, University of Colorado Anschutz Medical Campus" id="GO_BP_2016_02_16_Instance_44375" type="identity">
            <class id="GO:0006096" label="glycolytic process"/>
            <span end="1194" id="15328533-4081" start="1184">glycolytic</span>
        </annotation>
        <annotation annotator="Mike Bada, University of Colorado Anschutz Medical Campus" id="GO_BP_2016_02_16_Instance_44377" type="identity">
            <class id="GO:0006936" label="muscle contraction"/>
            <span end="1266" id="15328533-4083" start="1255">contraction</span>
        </annotation>
        <annotation annotator="Mike Bada, University of Colorado Anschutz Medical Campus" id="GO_BP_2016_02_16_Instance_44379" type="identity">
            <class id="GO:0008152" label="metabolic process"/>
            <span end="1278" id="15328533-4085" start="1268">metabolism</span>
        </annotation>
        <annotation annotator="Mike Bada, University of Colorado Anschutz Medical Campus" id="GO_BP_2016_02_16_Instance_44381" type="identity">
            <class id="GO:0045333" label="cellular respiration"/>
            <span end="1382" id="15328533-4087" start="1362">oxidative metabolism</span>
        </annotation>
        <annotation annotator="Mike Bada, University of Colorado Anschutz Medical Campus" id="GO_BP_2016_02_16_Instance_44383" type="identity">
            <class id="GO:0006096" label="glycolytic process"/>
            <span end="1669" id="15328533-4089" start="1648">glycolytic metabolism</span>
        </annotation>
        <annotation annotator="Mike Bada, University of Colorado Anschutz Medical Campus" id="GO_BP_2016_02_16_Instance_44385" type="identity">
            <class id="GO:0006936" label="muscle contraction"/>
            <span end="1763" id="15328533-4091" start="1752">contraction</span>
        </annotation>
        <annotation annotator="Mike Bada, University of Colorado Anschutz Medical Campus" id="GO_BP_2016_02_16_Instance_26093" type="identity">
            <class id="GO:0065007" label="biological regulation"/>
            <span end="2038" id="15328533-4069" start="2028">modulation</span>
        </annotation>
        <annotation annotator="Mike Bada, University of Colorado Anschutz Medical Campus" id="GO_BP_2016_02_16_Instance_44389" type="identity">
            <class id="GO:0019722" label="calcium-mediated signaling"/>
            <span end="2281" id="15328533-4093" start="2256">calcium signaling pathway</span>
        </annotation>
        <annotation annotator="Mike Bada, University of Colorado Anschutz Medical Campus" id="GO_BP_2016_02_16_Instance_26081" type="identity">
            <class id="GO:0006936" label="muscle contraction"/>
            <span end="2637" id="15328533-4063" start="2626">contractile</span>
        </annotation>
        <annotation annotator="Mike Bada, University of Colorado Anschutz Medical Campus" id="GO_BP_2016_02_16_Instance_44391" type="identity">
            <class id="GO:0008152" label="metabolic process"/>
            <span end="2651" id="15328533-4095" start="2642">metabolic</span>
        </annotation>
        <annotation annotator="Mike Bada, University of Colorado Anschutz Medical Campus" id="GO_BP_2016_02_16_Instance_44393" type="identity">
            <class id="GO:0006096" label="glycolytic process"/>
            <span end="2986" id="15328533-4097" start="2976">glycolytic</span>
        </annotation>
        <annotation annotator="Mike Bada, University of Colorado Anschutz Medical Campus" id="GO_BP_2016_02_16_Instance_44395" type="identity">
            <class id="GO:0006635" label="fatty acid beta-oxidation"/>
            <span end="3594" id="15328533-4099" start="3572">fatty-acid β-oxidation</span>
        </annotation>
        <annotation annotator="Mike Bada, University of Colorado Anschutz Medical Campus" id="GO_BP_2016_02_16_Instance_44397" type="identity">
            <class id="GO:0048747" label="muscle fiber development"/>
            <span end="3833" id="15328533-4101" start="3821">formation of</span>
            <span end="3865" id="15328533-4102" start="3852">muscle fibers</span>
        </annotation>
        <annotation annotator="Mike Bada, University of Colorado Anschutz Medical Campus" id="GO_BP_2016_02_16_Instance_44399" type="identity">
            <class id="GO:0010467" label="gene expression"/>
            <span end="4130" id="15328533-4104" start="4120">expression</span>
        </annotation>
        <annotation annotator="Mike Bada, University of Colorado Anschutz Medical Campus" id="GO_BP_2016_02_16_Instance_44401" type="identity">
            <class id="GO:0010467" label="gene expression"/>
            <span end="4482" id="15328533-4106" start="4472">expression</span>
        </annotation>
        <annotation annotator="Mike Bada, University of Colorado Anschutz Medical Campus" id="GO_BP_2016_02_16_Instance_44403" type="identity">
            <class id="GO:0065007" label="biological regulation"/>
            <span end="4704" id="15328533-4108" start="4697">control</span>
        </annotation>
        <annotation annotator="Mike Bada, University of Colorado Anschutz Medical Campus" id="GO_BP_2016_02_16_Instance_44407" type="identity">
            <class id="GO:0010467" label="gene expression"/>
            <span end="4790" id="15328533-4110" start="4780">expressing</span>
        </annotation>
        <annotation annotator="Mike Bada, University of Colorado Anschutz Medical Campus" id="GO_BP_2016_02_16_Instance_44409" type="identity">
            <class id="GO:0065007" label="biological regulation"/>
            <span end="4916" id="15328533-4112" start="4909">control</span>
        </annotation>
        <annotation annotator="Mike Bada, University of Colorado Anschutz Medical Campus" id="GO_BP_2016_02_16_Instance_44411" type="identity">
            <class id="GO:0010467" label="gene expression"/>
            <span end="5129" id="15328533-4114" start="5120">expressed</span>
        </annotation>
        <annotation annotator="Mike Bada, University of Colorado Anschutz Medical Campus" id="GO_BP_2016_02_16_Instance_44413" type="identity">
            <class id="GO:0010467" label="gene expression"/>
            <span end="5269" id="15328533-4116" start="5259">expression</span>
        </annotation>
        <annotation annotator="Mike Bada, University of Colorado Anschutz Medical Campus" id="GO_BP_2016_02_16_Instance_44417" type="identity">
            <class id="GO:0010467" label="gene expression"/>
            <span end="5741" id="15328533-4118" start="5732">expresses</span>
        </annotation>
        <annotation annotator="Mike Bada, University of Colorado Anschutz Medical Campus" id="GO_BP_2016_02_16_Instance_44419" type="identity">
            <class id="GO:0010467" label="gene expression"/>
            <span end="5953" id="15328533-4120" start="5944">expressed</span>
        </annotation>
        <annotation annotator="Mike Bada, University of Colorado Anschutz Medical Campus" id="GO_BP_2016_02_16_Instance_44421" type="identity">
            <class id="GO:0006635" label="fatty acid beta-oxidation"/>
            <span end="6638" id="15328533-4122" start="6616">fatty-acid β-oxidation</span>
        </annotation>
        <annotation annotator="Mike Bada, University of Colorado Anschutz Medical Campus" id="GO_BP_2016_02_16_Instance_44423" type="identity">
            <class id="GO:0006936" label="muscle contraction"/>
            <span end="7560" id="15328533-4124" start="7549">contraction</span>
        </annotation>
        <annotation annotator="Mike Bada, University of Colorado Anschutz Medical Campus" id="GO_BP_2016_02_16_Instance_44425" type="identity">
            <class id="GO:0006936" label="muscle contraction"/>
            <span end="7698" id="15328533-4126" start="7687">contraction</span>
        </annotation>
        <annotation annotator="Mike Bada, University of Colorado Anschutz Medical Campus" id="GO_BP_2016_02_16_Instance_26083" type="identity">
            <class id="GO:0006936" label="muscle contraction"/>
            <span end="8096" id="15328533-4065" start="8085">contractile</span>
        </annotation>
        <annotation annotator="Mike Bada, University of Colorado Anschutz Medical Campus" id="GO_BP_2016_02_16_Instance_23361" type="identity">
            <class id="GO:0007631" label="feeding behavior"/>
            <span end="8622" id="15328533-4061" start="8619">fed</span>
        </annotation>
        <annotation annotator="Mike Bada, University of Colorado Anschutz Medical Campus" id="GO_BP_2016_02_16_Instance_44431" type="identity">
            <class id="GO:0010467" label="gene expression"/>
            <span end="10484" id="15328533-4128" start="10474">expression</span>
        </annotation>
        <annotation annotator="Mike Bada, University of Colorado Anschutz Medical Campus" id="GO_BP_2016_02_16_Instance_44435" type="identity">
            <class id="GO:0065007" label="biological regulation"/>
            <span end="12066" id="15328533-4130" start="12058">regulate</span>
        </annotation>
        <annotation annotator="Mike Bada, University of Colorado Anschutz Medical Campus" id="GO_BP_2016_02_16_Instance_44439" type="identity">
            <class id="GO:0010467" label="gene expression"/>
            <span end="12213" id="15328533-4132" start="12203">expression</span>
        </annotation>
        <annotation annotator="Mike Bada, University of Colorado Anschutz Medical Campus" id="GO_BP_2016_02_16_Instance_44441" type="identity">
            <class id="GO:0006412" label="translation"/>
            <span end="12353" id="15328533-4134" start="12340">production of</span>
            <span end="12399" id="15328533-4135" start="12391">proteins</span>
        </annotation>
        <annotation annotator="Mike Bada, University of Colorado Anschutz Medical Campus" id="GO_BP_2016_02_16_Instance_26085" type="identity">
            <class id="GO:0006936" label="muscle contraction"/>
            <span end="12390" id="15328533-4067" start="12379">contractile</span>
        </annotation>
        <annotation annotator="Mike Bada, University of Colorado Anschutz Medical Campus" id="GO_BP_2016_02_16_Instance_44443" type="identity">
            <class id="GO:0008152" label="metabolic process"/>
            <span end="13104" id="15328533-4137" start="13095">metabolic</span>
        </annotation>
        <annotation annotator="Mike Bada, University of Colorado Anschutz Medical Campus" id="GO_BP_2016_02_16_Instance_44445" type="identity">
            <class id="GO:0010467" label="gene expression"/>
            <span end="13498" id="15328533-4139" start="13488">expressing</span>
        </annotation>
        <annotation annotator="Mike Bada, University of Colorado Anschutz Medical Campus" id="GO_BP_2016_02_16_Instance_90628" type="identity">
            <class id="GO:0010467" label="gene expression"/>
            <span end="13950" id="15328533-4180" start="13940">expression</span>
        </annotation>
        <annotation annotator="Mike Bada, University of Colorado Anschutz Medical Campus" id="GO_BP_2016_02_16_Instance_44451" type="identity">
            <class id="GO:0010467" label="gene expression"/>
            <span end="14745" id="15328533-4141" start="14735">expression</span>
        </annotation>
        <annotation annotator="Mike Bada, University of Colorado Anschutz Medical Campus" id="GO_BP_2016_02_16_Instance_22673" type="identity">
            <class id="GO:0065007" label="biological regulation"/>
            <span end="15181" id="15328533-4059" start="15171">regulatory</span>
        </annotation>
        <annotation annotator="Mike Bada, University of Colorado Anschutz Medical Campus" id="GO_BP_2016_02_16_Instance_44455" type="identity">
            <class id="GO:0065007" label="biological regulation"/>
            <span end="15357" id="15328533-4143" start="15349">regulate</span>
        </annotation>
        <annotation annotator="Mike Bada, University of Colorado Anschutz Medical Campus" id="GO_BP_2016_02_16_Instance_44457" type="identity">
            <class id="GO:0006631" label="fatty acid metabolic process"/>
            <span end="15379" id="15328533-4145" start="15369">fatty-acid</span>
            <span end="15402" id="15328533-4146" start="15392">metabolism</span>
        </annotation>
        <annotation annotator="Mike Bada, University of Colorado Anschutz Medical Campus" id="GO_BP_2016_02_16_Instance_44459" type="identity">
            <class id="GO:0006006" label="glucose metabolic process"/>
            <span end="15402" id="15328533-4148" start="15384">glucose metabolism</span>
        </annotation>
        <annotation annotator="Mike Bada, University of Colorado Anschutz Medical Campus" id="GO_BP_2016_02_16_Instance_44461" type="identity">
            <class id="GO:0006006" label="glucose metabolic process"/>
            <span end="15700" id="15328533-4150" start="15682">glucose metabolism</span>
        </annotation>
        <annotation annotator="Mike Bada, University of Colorado Anschutz Medical Campus" id="GO_BP_2016_02_16_Instance_44463" type="identity">
            <class id="GO:0065007" label="biological regulation"/>
            <span end="16057" id="15328533-4152" start="16050">control</span>
        </annotation>
        <annotation annotator="Mike Bada, University of Colorado Anschutz Medical Campus" id="GO_BP_2016_02_16_Instance_44465" type="identity">
            <class id="GO:0007568" label="aging"/>
            <span end="16099" id="15328533-4154" start="16094">aging</span>
        </annotation>
        <annotation annotator="Mike Bada, University of Colorado Anschutz Medical Campus" id="GO_BP_2016_02_16_Instance_44467" type="identity">
            <class id="GO:0065007" label="biological regulation"/>
            <span end="16201" id="15328533-4156" start="16193">regulate</span>
        </annotation>
        <annotation annotator="Mike Bada, University of Colorado Anschutz Medical Campus" id="GO_BP_2016_02_16_Instance_44471" type="identity">
            <class id="GO:0007631" label="feeding behavior"/>
            <span end="17191" id="15328533-4158" start="17188">fed</span>
        </annotation>
        <annotation annotator="Mike Bada, University of Colorado Anschutz Medical Campus" id="GO_BP_2016_02_16_Instance_44475" type="identity">
            <class id="GO:0010467" label="gene expression"/>
            <span end="17574" id="15328533-4160" start="17559">Gene expression</span>
        </annotation>
        <annotation annotator="Mike Bada, University of Colorado Anschutz Medical Campus" id="GO_BP_2016_02_16_Instance_44477" type="identity">
            <class id="GO:0010467" label="gene expression"/>
            <span end="20755" id="15328533-4162" start="20745">Expression</span>
        </annotation>
        <annotation annotator="Mike Bada, University of Colorado Anschutz Medical Campus" id="GO_BP_2016_02_16_Instance_44479" type="identity">
            <class id="GO:0010467" label="gene expression"/>
            <span end="21188" id="15328533-4164" start="21178">Expression</span>
        </annotation>
        <annotation annotator="Mike Bada, University of Colorado Anschutz Medical Campus" id="GO_BP_2016_02_16_Instance_44481" type="identity">
            <class id="GO:0007631" label="feeding behavior"/>
            <span end="23185" id="15328533-4166" start="23182">fed</span>
        </annotation>
        <annotation annotator="Mike Bada, University of Colorado Anschutz Medical Campus" id="GO_BP_2016_02_16_Instance_44483" type="identity">
            <class id="GO:0007631" label="feeding behavior"/>
            <span end="23401" id="15328533-4168" start="23394">feeding</span>
        </annotation>
        <annotation annotator="Mike Bada, University of Colorado Anschutz Medical Campus" id="GO_BP_2016_02_16_Instance_44485" type="identity">
            <class id="GO:0007631" label="feeding behavior"/>
            <span end="23626" id="15328533-4170" start="23619">feeding</span>
        </annotation>
        <annotation annotator="Mike Bada, University of Colorado Anschutz Medical Campus" id="GO_BP_2016_02_16_Instance_44487" type="identity">
            <class id="GO:0007631" label="feeding behavior"/>
            <span end="23699" id="15328533-4172" start="23692">feeding</span>
        </annotation>
        <annotation annotator="Mike Bada, University of Colorado Anschutz Medical Campus" id="GO_BP_2016_02_16_Instance_44489" type="identity">
            <class id="GO:0007631" label="feeding behavior"/>
            <span end="23983" id="15328533-4174" start="23980">fed</span>
        </annotation>
        <annotation annotator="Mike Bada, University of Colorado Anschutz Medical Campus" id="GO_BP_2016_02_16_Instance_22479" type="identity">
            <class id="GO:0000003" label="reproduction"/>
            <span end="24467" id="15328533-4057" start="24455">reproductive</span>
        </annotation>
        <annotation annotator="Mike Bada, University of Colorado Anschutz Medical Campus" id="GO_BP_2016_02_16_Instance_44491" type="identity">
            <class id="GO:0065007" label="biological regulation"/>
            <span end="24742" id="15328533-4176" start="24733">Regulates</span>
        </annotation>
        <annotation annotator="Mike Bada, University of Colorado Anschutz Medical Campus" id="GO_BP_2016_02_16_Instance_44493" type="identity">
            <class id="GO:0065007" label="biological regulation"/>
            <span end="25740" id="15328533-4178" start="25730">Regulation</span>
        </annotation>
        <graph-space id="Old Knowtator Relations"/>
    </document>
</knowtator-project>
