<?xml version="1.0" encoding="UTF-8" standalone="no"?>
<knowtator-project>
    <document id="15630473" text-file="15630473.txt">
        <annotation annotator="Mike Bada, University of Colorado Anschutz Medical Campus" id="GO_BP_2016_02_16_Instance_54525" type="identity">
            <class id="GO:0031069" label="hair follicle morphogenesis"/>
            <span end="77" id="15630473-6345" start="50">Hair Follicle Morphogenesis</span>
        </annotation>
        <annotation annotator="Mike Bada, University of Colorado Anschutz Medical Campus" id="GO_BP_2016_02_16_Instance_13827" type="identity">
            <class id="GO:0048513" label="animal organ development"/>
            <span end="123" id="15630473-5923" start="110">organogenesis</span>
        </annotation>
        <annotation annotator="Mike Bada, University of Colorado Anschutz Medical Campus" id="GO_BP_2016_02_16_Instance_13885" type="identity">
            <class id="GO:0009653" label="anatomical structure morphogenesis"/>
            <span end="277" id="15630473-5925" start="264">morphogenesis</span>
        </annotation>
        <annotation annotator="Mike Bada, University of Colorado Anschutz Medical Campus" id="GO_BP_2016_02_16_Instance_14113" type="identity">
            <class id="GO:0008283" label="cell proliferation"/>
            <span end="464" id="15630473-6133" start="451">proliferation</span>
        </annotation>
        <annotation annotator="Mike Bada, University of Colorado Anschutz Medical Campus" id="GO_BP_2016_02_16_Instance_120032" type="identity">
            <class id="GO:0010467" label="gene expression"/>
            <span end="743" id="15630473-5801" start="733">expression</span>
        </annotation>
        <annotation annotator="Mike Bada, University of Colorado Anschutz Medical Campus" id="GO_BP_2016_02_16_Instance_120034" type="identity">
            <class id="GO:0008283" label="cell proliferation"/>
            <span end="771" id="15630473-5803" start="758">proliferation</span>
        </annotation>
        <annotation annotator="Mike Bada, University of Colorado Anschutz Medical Campus" id="GO_BP_2016_02_16_with_nested_annotations_Instance_22546" type="identity">
            <class id="GO:0000187" label="activation of MAPK activity"/>
            <span end="1027" id="15630473-6418" start="1012">MAPK activation</span>
        </annotation>
        <annotation annotator="Mike Bada, University of Colorado Anschutz Medical Campus" id="GO_BP_2016_02_16_Instance_14115" type="identity">
            <class id="GO:0008283" label="cell proliferation"/>
            <span end="1180" id="15630473-6135" start="1167">proliferation</span>
        </annotation>
        <annotation annotator="Mike Bada, University of Colorado Anschutz Medical Campus" id="GO_BP_2016_02_16_Instance_24069" type="identity">
            <class id="GO:0009653" label="anatomical structure morphogenesis"/>
            <span end="1468" id="15630473-6285" start="1455">morphogenesis</span>
        </annotation>
        <annotation annotator="Mike Bada, University of Colorado Anschutz Medical Campus" id="GO_BP_2016_02_16_Instance_40777" type="identity">
            <class id="GO:0048513" label="animal organ development"/>
            <span end="1613" id="15630473-6334" start="1601">formation of</span>
            <span end="1625" id="15630473-6335" start="1619">organs</span>
        </annotation>
        <annotation annotator="Mike Bada, University of Colorado Anschutz Medical Campus" id="GO_BP_2016_02_16_Instance_13887" type="identity">
            <class id="GO:0009653" label="anatomical structure morphogenesis"/>
            <span end="1896" id="15630473-5927" start="1883">morphogenesis</span>
        </annotation>
        <annotation annotator="Mike Bada, University of Colorado Anschutz Medical Campus" id="GO_BP_2016_02_16_Instance_16261" type="identity">
            <class id="GO:0065007" label="biological regulation"/>
            <span end="2042" id="15630473-6209" start="2036">govern</span>
        </annotation>
        <annotation annotator="Mike Bada, University of Colorado Anschutz Medical Campus" id="GO_BP_2016_02_16_Instance_120056" type="identity">
            <class id="GO:0035556" label="intracellular signal transduction"/>
            <span end="2376" id="15630473-5805" start="2344">cascades of intracellular events</span>
        </annotation>
        <annotation annotator="Mike Bada, University of Colorado Anschutz Medical Campus" id="GO_BP_2016_02_16_Instance_54535" type="identity">
            <class id="GO:0010467" label="gene expression"/>
            <span end="2421" id="15630473-6347" start="2406">gene expression</span>
        </annotation>
        <annotation annotator="Mike Bada, University of Colorado Anschutz Medical Campus" id="GO_BP_2016_02_16_Instance_16265" type="identity">
            <class id="GO:0009653" label="anatomical structure morphogenesis"/>
            <span end="2581" id="15630473-6211" start="2568">morphogenetic</span>
        </annotation>
        <annotation annotator="Mike Bada, University of Colorado Anschutz Medical Campus" id="GO_BP_2016_02_16_Instance_14117" type="identity">
            <class id="GO:0008283" label="cell proliferation"/>
            <span end="3055" id="15630473-6137" start="3042">proliferation</span>
            <span end="3093" id="15630473-6138" start="3091">of</span>
            <span end="3108" id="15630473-6139" start="3103">cells</span>
        </annotation>
        <annotation annotator="Mike Bada, University of Colorado Anschutz Medical Campus" id="GO_BP_2016_02_16_Instance_16267" type="identity">
            <class id="GO:0001709" label="cell fate determination"/>
            <span end="3288" id="15630473-6213" start="3272">determination of</span>
            <span end="3308" id="15630473-6214" start="3298">cell fates</span>
        </annotation>
        <annotation annotator="Mike Bada, University of Colorado Anschutz Medical Campus" id="GO_BP_2016_02_16_Instance_54543" type="identity">
            <class id="GO:0031069" label="hair follicle morphogenesis"/>
            <span end="4895" id="15630473-6349" start="4868">hair follicle morphogenesis</span>
        </annotation>
        <annotation annotator="Mike Bada, University of Colorado Anschutz Medical Campus" id="GO_BP_2016_02_16_Instance_16273" type="identity">
            <class id="GO:0065007" label="biological regulation"/>
            <span end="4983" id="15630473-6216" start="4974">governing</span>
        </annotation>
        <annotation annotator="Mike Bada, University of Colorado Anschutz Medical Campus" id="GO_BP_2016_02_16_Instance_13889" type="identity">
            <class id="GO:0009653" label="anatomical structure morphogenesis"/>
            <span end="5041" id="15630473-5929" start="5028">morphogenesis</span>
        </annotation>
        <annotation annotator="Mike Bada, University of Colorado Anschutz Medical Campus" id="GO_BP_2016_02_16_Instance_14243" type="identity">
            <class id="GO:0030041" label="actin filament polymerization"/>
            <span end="5246" id="15630473-6191" start="5226">actin polymerization</span>
        </annotation>
        <annotation annotator="Mike Bada, University of Colorado Anschutz Medical Campus" id="GO_BP_2016_02_16_Instance_26623" type="identity">
            <class id="GO:0065007" label="biological regulation"/>
            <span end="5963" id="15630473-6298" start="5954">governing</span>
        </annotation>
        <annotation annotator="Mike Bada, University of Colorado Anschutz Medical Campus" id="GO_BP_2016_02_16_Instance_54547" type="identity">
            <class id="GO:0001837" label="epithelial to mesenchymal transition"/>
            <span end="6298" id="15630473-6351" start="6261">epithelial to mesenchymal transitions</span>
        </annotation>
        <annotation annotator="Mike Bada, University of Colorado Anschutz Medical Campus" id="GO_BP_2016_02_16_Instance_16285" type="identity">
            <class id="GO:0001837" label="epithelial to mesenchymal transition"/>
            <span end="6304" id="15630473-6218" start="6300">EMTs</span>
        </annotation>
        <annotation annotator="Mike Bada, University of Colorado Anschutz Medical Campus" id="GO_BP_2016_02_16_Instance_16289" type="identity">
            <class id="GO:0001837" label="epithelial to mesenchymal transition"/>
            <span end="6450" id="15630473-6220" start="6447">EMT</span>
        </annotation>
        <annotation annotator="Mike Bada, University of Colorado Anschutz Medical Campus" id="GO_BP_2016_02_16_Instance_13915" type="identity">
            <class id="GO:0010467" label="gene expression"/>
            <span end="6671" id="15630473-5941" start="6661">expression</span>
        </annotation>
        <annotation annotator="Mike Bada, University of Colorado Anschutz Medical Campus" id="GO_BP_2016_02_16_Instance_13917" type="identity">
            <class id="GO:0010467" label="gene expression"/>
            <span end="6881" id="15630473-5943" start="6872">expressed</span>
        </annotation>
        <annotation annotator="Mike Bada, University of Colorado Anschutz Medical Campus" id="GO_BP_2016_02_16_Instance_14119" type="identity">
            <class id="GO:0008283" label="cell proliferation"/>
            <span end="6994" id="15630473-6141" start="6981">proliferation</span>
        </annotation>
        <annotation annotator="Mike Bada, University of Colorado Anschutz Medical Campus" id="GO_BP_2016_02_16_Instance_14121" type="identity">
            <class id="GO:0008283" label="cell proliferation"/>
            <span end="7328" id="15630473-6143" start="7315">proliferation</span>
        </annotation>
        <annotation annotator="Mike Bada, University of Colorado Anschutz Medical Campus" id="GO_BP_2016_02_16_Instance_13789" type="identity">
            <class id="GO:0016055" label="Wnt signaling pathway"/>
            <span end="7487" id="15630473-5909" start="7474">Wnt signaling</span>
        </annotation>
        <annotation annotator="Mike Bada, University of Colorado Anschutz Medical Campus" id="GO_BP_2016_02_16_Instance_54551" type="identity">
            <class id="GO:0010467" label="gene expression"/>
            <span end="7582" id="15630473-6353" start="7567">gene expression</span>
        </annotation>
        <annotation annotator="Mike Bada, University of Colorado Anschutz Medical Campus" id="GO_BP_2016_02_16_Instance_54553" type="identity">
            <class id="GO:0010467" label="gene expression"/>
            <span end="7854" id="15630473-6355" start="7839">gene expression</span>
        </annotation>
        <annotation annotator="Mike Bada, University of Colorado Anschutz Medical Campus" id="GO_BP_2016_02_16_Instance_54555" type="identity">
            <class id="GO:0010467" label="gene expression"/>
            <span end="7935" id="15630473-6357" start="7920">gene expression</span>
        </annotation>
        <annotation annotator="Mike Bada, University of Colorado Anschutz Medical Campus" id="GO_BP_2016_02_16_Instance_54559" type="identity">
            <class id="GO:0001708" label="cell fate specification"/>
            <span end="8101" id="15630473-6359" start="8078">cell fate specification</span>
        </annotation>
        <annotation annotator="Mike Bada, University of Colorado Anschutz Medical Campus" id="GO_BP_2016_02_16_Instance_14123" type="identity">
            <class id="GO:0008283" label="cell proliferation"/>
            <span end="8168" id="15630473-6145" start="8155">proliferation</span>
        </annotation>
        <annotation annotator="Mike Bada, University of Colorado Anschutz Medical Campus" id="GO_BP_2016_02_16_Instance_13919" type="identity">
            <class id="GO:0010467" label="gene expression"/>
            <span end="8230" id="15630473-5945" start="8221">Expressed</span>
        </annotation>
        <annotation annotator="Mike Bada, University of Colorado Anschutz Medical Campus" id="GO_BP_2016_02_16_Instance_120090" type="identity">
            <class id="GO:0009653" label="anatomical structure morphogenesis"/>
            <span end="8290" id="15630473-5807" start="8277">Morphogenesis</span>
        </annotation>
        <annotation annotator="Mike Bada, University of Colorado Anschutz Medical Campus" id="GO_BP_2016_02_16_Instance_16297" type="identity">
            <class id="GO:0001837" label="epithelial to mesenchymal transition"/>
            <span end="8362" id="15630473-6222" start="8358">EMTs</span>
        </annotation>
        <annotation annotator="Mike Bada, University of Colorado Anschutz Medical Campus" id="GO_BP_2016_02_16_Instance_13921" type="identity">
            <class id="GO:0010467" label="gene expression"/>
            <span end="8828" id="15630473-5947" start="8818">expression</span>
        </annotation>
        <annotation annotator="Mike Bada, University of Colorado Anschutz Medical Campus" id="GO_BP_2016_02_16_Instance_54563" type="identity">
            <class id="GO:0031069" label="hair follicle morphogenesis"/>
            <span end="8942" id="15630473-6361" start="8915">hair follicle morphogenesis</span>
        </annotation>
        <annotation annotator="Mike Bada, University of Colorado Anschutz Medical Campus" id="GO_BP_2016_02_16_Instance_13923" type="identity">
            <class id="GO:0010467" label="gene expression"/>
            <span end="9104" id="15630473-5949" start="9094">expression</span>
        </annotation>
        <annotation annotator="Mike Bada, University of Colorado Anschutz Medical Campus" id="GO_BP_2016_02_16_Instance_40797" type="identity">
            <class id="GO:0009790" label="embryo development"/>
            <span end="9142" id="15630473-6337" start="9129">embryogenesis</span>
        </annotation>
        <annotation annotator="Mike Bada, University of Colorado Anschutz Medical Campus" id="GO_BP_2016_02_16_Instance_13925" type="identity">
            <class id="GO:0010467" label="gene expression"/>
            <span end="9257" id="15630473-5951" start="9248">expressed</span>
        </annotation>
        <annotation annotator="Mike Bada, University of Colorado Anschutz Medical Campus" id="GO_BP_2016_02_16_Instance_120098" type="identity">
            <class id="GO:0006412" label="translation"/>
            <span end="9371" id="15630473-5809" start="9361">translated</span>
        </annotation>
        <annotation annotator="Mike Bada, University of Colorado Anschutz Medical Campus" id="GO_BP_2016_02_16_Instance_120100" type="identity">
            <class id="GO:0009653" label="anatomical structure morphogenesis"/>
            <span end="9475" id="15630473-5811" start="9462">morphogenesis</span>
        </annotation>
        <annotation annotator="Mike Bada, University of Colorado Anschutz Medical Campus" id="GO_BP_2016_02_16_Instance_13927" type="identity">
            <class id="GO:0010467" label="gene expression"/>
            <span end="9538" id="15630473-5953" start="9528">expression</span>
        </annotation>
        <annotation annotator="Mike Bada, University of Colorado Anschutz Medical Campus" id="GO_BP_2016_02_16_Instance_13929" type="identity">
            <class id="GO:0010467" label="gene expression"/>
            <span end="9877" id="15630473-5955" start="9867">expression</span>
        </annotation>
        <annotation annotator="Mike Bada, University of Colorado Anschutz Medical Campus" id="GO_BP_2016_02_16_Instance_13895" type="identity">
            <class id="GO:0009653" label="anatomical structure morphogenesis"/>
            <span end="10014" id="15630473-5931" start="10001">morphogenesis</span>
        </annotation>
        <annotation annotator="Mike Bada, University of Colorado Anschutz Medical Campus" id="GO_BP_2016_02_16_Instance_13931" type="identity">
            <class id="GO:0010467" label="gene expression"/>
            <span end="10219" id="15630473-5957" start="10209">expression</span>
        </annotation>
        <annotation annotator="Mike Bada, University of Colorado Anschutz Medical Campus" id="GO_BP_2016_02_16_Instance_13933" type="identity">
            <class id="GO:0010467" label="gene expression"/>
            <span end="10576" id="15630473-5959" start="10566">expressing</span>
        </annotation>
        <annotation annotator="Mike Bada, University of Colorado Anschutz Medical Campus" id="GO_BP_2016_02_16_Instance_54565" type="identity">
            <class id="GO:0031069" label="hair follicle morphogenesis"/>
            <span end="10864" id="15630473-6363" start="10837">hair follicle morphogenesis</span>
        </annotation>
        <annotation annotator="Mike Bada, University of Colorado Anschutz Medical Campus" id="GO_BP_2016_02_16_Instance_16299" type="identity">
            <class id="GO:0045165" label="cell fate commitment"/>
            <span end="11165" id="15630473-6224" start="11152">commitment of</span>
            <span end="11183" id="15630473-6225" start="11178">cells</span>
            <span end="11212" id="15630473-6226" start="11210">to</span>
            <span end="11229" id="15630473-6227" start="11220">cell fate</span>
        </annotation>
        <annotation annotator="Mike Bada, University of Colorado Anschutz Medical Campus" id="GO_BP_2016_02_16_Instance_13935" type="identity">
            <class id="GO:0010467" label="gene expression"/>
            <span end="11559" id="15630473-5961" start="11550">expressed</span>
        </annotation>
        <annotation annotator="Mike Bada, University of Colorado Anschutz Medical Campus" id="GO_BP_2016_02_16_Instance_13937" type="identity">
            <class id="GO:0010467" label="gene expression"/>
            <span end="11735" id="15630473-5963" start="11725">expression</span>
        </annotation>
        <annotation annotator="Mike Bada, University of Colorado Anschutz Medical Campus" id="GO_BP_2016_02_16_Instance_120104" type="identity">
            <class id="GO:0009653" label="anatomical structure morphogenesis"/>
            <span end="12090" id="15630473-5813" start="12077">morphogenesis</span>
        </annotation>
        <annotation annotator="Mike Bada, University of Colorado Anschutz Medical Campus" id="GO_BP_2016_02_16_Instance_14157" type="identity">
            <class id="GO:0008283" label="cell proliferation"/>
            <span end="12340" id="15630473-6177" start="12327">proliferating</span>
        </annotation>
        <annotation annotator="Mike Bada, University of Colorado Anschutz Medical Campus" id="GO_BP_2016_02_16_Instance_13939" type="identity">
            <class id="GO:0010467" label="gene expression"/>
            <span end="12393" id="15630473-5965" start="12383">expression</span>
        </annotation>
        <annotation annotator="Mike Bada, University of Colorado Anschutz Medical Campus" id="GO_BP_2016_02_16_Instance_14125" type="identity">
            <class id="GO:0008283" label="cell proliferation"/>
            <span end="12478" id="15630473-6147" start="12465">proliferation</span>
        </annotation>
        <annotation annotator="Mike Bada, University of Colorado Anschutz Medical Campus" id="GO_BP_2016_02_16_Instance_14159" type="identity">
            <class id="GO:0008283" label="cell proliferation"/>
            <span end="12638" id="15630473-6179" start="12625">proliferating</span>
        </annotation>
        <annotation annotator="Mike Bada, University of Colorado Anschutz Medical Campus" id="GO_BP_2016_02_16_Instance_120106" type="identity">
            <class id="GO:0010629" label="negative regulation of gene expression"/>
            <span end="12988" id="15630473-5815" start="12970">down-regulation in</span>
            <span end="13010" id="15630473-5816" start="13000">expression</span>
        </annotation>
        <annotation annotator="Mike Bada, University of Colorado Anschutz Medical Campus" id="GO_BP_2016_02_16_Instance_13943" type="identity">
            <class id="GO:0010467" label="gene expression"/>
            <span end="13059" id="15630473-5967" start="13049">Expression</span>
        </annotation>
        <annotation annotator="Mike Bada, University of Colorado Anschutz Medical Campus" id="GO_BP_2016_02_16_Instance_120108" type="identity">
            <class id="GO:0008283" label="cell proliferation"/>
            <span end="13108" id="15630473-5818" start="13095">proliferation</span>
        </annotation>
        <annotation annotator="Mike Bada, University of Colorado Anschutz Medical Campus" id="GO_BP_2016_02_16_Instance_13945" type="identity">
            <class id="GO:0010467" label="gene expression"/>
            <span end="13193" id="15630473-5969" start="13183">expression</span>
        </annotation>
        <annotation annotator="Mike Bada, University of Colorado Anschutz Medical Campus" id="GO_BP_2016_02_16_Instance_14127" type="identity">
            <class id="GO:0008283" label="cell proliferation"/>
            <span end="13255" id="15630473-6149" start="13242">proliferation</span>
        </annotation>
        <annotation annotator="Mike Bada, University of Colorado Anschutz Medical Campus" id="GO_BP_2016_02_16_Instance_13947" type="identity">
            <class id="GO:0010467" label="gene expression"/>
            <span end="13321" id="15630473-5971" start="13311">expressing</span>
        </annotation>
        <annotation annotator="Mike Bada, University of Colorado Anschutz Medical Campus" id="GO_BP_2016_02_16_Instance_13949" type="identity">
            <class id="GO:0010467" label="gene expression"/>
            <span end="13554" id="15630473-5973" start="13545">expressed</span>
        </annotation>
        <annotation annotator="Mike Bada, University of Colorado Anschutz Medical Campus" id="GO_BP_2016_02_16_Instance_14283" type="identity">
            <class id="GO:0016265" label="death"/>
            <span end="13673" id="15630473-6193" start="13669">died</span>
        </annotation>
        <annotation annotator="Mike Bada, University of Colorado Anschutz Medical Campus" id="GO_BP_2016_02_16_Instance_14285" type="identity">
            <class id="GO:0007567" label="parturition"/>
            <span end="13699" id="15630473-6195" start="13694">birth</span>
        </annotation>
        <annotation annotator="Mike Bada, University of Colorado Anschutz Medical Campus" id="GO_BP_2016_02_16_Instance_54569" type="identity">
            <class id="GO:0010467" label="gene expression"/>
            <span end="13835" id="15630473-6365" start="13820">gene expression</span>
        </annotation>
        <annotation annotator="Mike Bada, University of Colorado Anschutz Medical Campus" id="GO_BP_2016_02_16_Instance_14287" type="identity">
            <class id="GO:0007567" label="parturition"/>
            <span end="13967" id="15630473-6197" start="13962">birth</span>
        </annotation>
        <annotation annotator="Mike Bada, University of Colorado Anschutz Medical Campus" id="GO_BP_2016_02_16_Instance_16303" type="identity">
            <class id="GO:0040007" label="growth"/>
            <span end="13994" id="15630473-6229" start="13990">grew</span>
        </annotation>
        <annotation annotator="Mike Bada, University of Colorado Anschutz Medical Campus" id="GO_BP_2016_02_16_Instance_13951" type="identity">
            <class id="GO:0010467" label="gene expression"/>
            <span end="14312" id="15630473-5975" start="14302">expressing</span>
        </annotation>
        <annotation annotator="Mike Bada, University of Colorado Anschutz Medical Campus" id="GO_BP_2016_02_16_Instance_14129" type="identity">
            <class id="GO:0008283" label="cell proliferation"/>
            <span end="14415" id="15630473-6151" start="14402">proliferation</span>
        </annotation>
        <annotation annotator="Mike Bada, University of Colorado Anschutz Medical Campus" id="GO_BP_2016_02_16_Instance_14161" type="identity">
            <class id="GO:0008283" label="cell proliferation"/>
            <span end="14468" id="15630473-6181" start="14455">proliferating</span>
        </annotation>
        <annotation annotator="Mike Bada, University of Colorado Anschutz Medical Campus" id="GO_BP_2016_02_16_Instance_13953" type="identity">
            <class id="GO:0010467" label="gene expression"/>
            <span end="14621" id="15630473-5977" start="14611">expressing</span>
        </annotation>
        <annotation annotator="Mike Bada, University of Colorado Anschutz Medical Campus" id="GO_BP_2016_02_16_Instance_13955" type="identity">
            <class id="GO:0010467" label="gene expression"/>
            <span end="14734" id="15630473-5979" start="14724">Expression</span>
        </annotation>
        <annotation annotator="Mike Bada, University of Colorado Anschutz Medical Campus" id="GO_BP_2016_02_16_Instance_120114" type="identity">
            <class id="GO:0008283" label="cell proliferation"/>
            <span end="14913" id="15630473-5820" start="14900">proliferating</span>
        </annotation>
        <annotation annotator="Mike Bada, University of Colorado Anschutz Medical Campus" id="GO_BP_2016_02_16_Instance_13957" type="identity">
            <class id="GO:0010467" label="gene expression"/>
            <span end="14942" id="15630473-5981" start="14932">expression</span>
        </annotation>
        <annotation annotator="Mike Bada, University of Colorado Anschutz Medical Campus" id="GO_BP_2016_02_16_Instance_54571" type="identity">
            <class id="GO:0007369" label="gastrulation"/>
            <span end="15227" id="15630473-6367" start="15215">gastrulation</span>
        </annotation>
        <annotation annotator="Mike Bada, University of Colorado Anschutz Medical Campus" id="GO_BP_2016_02_16_Instance_54573" type="identity">
            <class id="GO:0043588" label="skin development"/>
            <span end="15310" id="15630473-6369" start="15294">skin development</span>
        </annotation>
        <annotation annotator="Mike Bada, University of Colorado Anschutz Medical Campus" id="GO_BP_2016_02_16_Instance_13959" type="identity">
            <class id="GO:0010467" label="gene expression"/>
            <span end="15361" id="15630473-5983" start="15351">expression</span>
        </annotation>
        <annotation annotator="Mike Bada, University of Colorado Anschutz Medical Campus" id="GO_BP_2016_02_16_Instance_120116" type="identity">
            <class id="GO:0008283" label="cell proliferation"/>
            <span end="15502" id="15630473-5822" start="15489">proliferation</span>
        </annotation>
        <annotation annotator="Mike Bada, University of Colorado Anschutz Medical Campus" id="GO_BP_2016_02_16_Instance_13961" type="identity">
            <class id="GO:0010467" label="gene expression"/>
            <span end="15693" id="15630473-5985" start="15684">expressed</span>
        </annotation>
        <annotation annotator="Mike Bada, University of Colorado Anschutz Medical Campus" id="GO_BP_2016_02_16_Instance_13963" type="identity">
            <class id="GO:0010467" label="gene expression"/>
            <span end="16257" id="15630473-5987" start="16248">expressed</span>
        </annotation>
        <annotation annotator="Mike Bada, University of Colorado Anschutz Medical Campus" id="GO_BP_2016_02_16_Instance_120126" type="identity">
            <class id="GO:0008283" label="cell proliferation"/>
            <span end="16548" id="15630473-5824" start="16535">proliferation</span>
        </annotation>
        <annotation annotator="Mike Bada, University of Colorado Anschutz Medical Campus" id="GO_BP_2016_02_16_Instance_13965" type="identity">
            <class id="GO:0010467" label="gene expression"/>
            <span end="16764" id="15630473-5989" start="16754">expressing</span>
        </annotation>
        <annotation annotator="Mike Bada, University of Colorado Anschutz Medical Campus" id="GO_BP_2016_02_16_Instance_13967" type="identity">
            <class id="GO:0010467" label="gene expression"/>
            <span end="17518" id="15630473-5991" start="17509">expressed</span>
        </annotation>
        <annotation annotator="Mike Bada, University of Colorado Anschutz Medical Campus" id="GO_BP_2016_02_16_Instance_120136" type="identity">
            <class id="GO:0034333" label="adherens junction assembly"/>
            <span end="17989" id="15630473-5826" start="17977">AJ formation</span>
        </annotation>
        <annotation annotator="Mike Bada, University of Colorado Anschutz Medical Campus" id="GO_BP_2016_02_16_Instance_54577" type="identity">
            <class id="GO:0010467" label="gene expression"/>
            <span end="18042" id="15630473-6371" start="18027">gene expression</span>
        </annotation>
        <annotation annotator="Mike Bada, University of Colorado Anschutz Medical Campus" id="GO_BP_2016_02_16_Instance_13969" type="identity">
            <class id="GO:0010467" label="gene expression"/>
            <span end="18164" id="15630473-5993" start="18154">expression</span>
        </annotation>
        <annotation annotator="Mike Bada, University of Colorado Anschutz Medical Campus" id="GO_BP_2016_02_16_Instance_13971" type="identity">
            <class id="GO:0010467" label="gene expression"/>
            <span end="18198" id="15630473-5995" start="18188">expressing</span>
        </annotation>
        <annotation annotator="Mike Bada, University of Colorado Anschutz Medical Campus" id="GO_BP_2016_02_16_Instance_30475" type="identity">
            <class id="GO:0009294" label="DNA mediated transformation"/>
            <span end="18260" id="15630473-6300" start="18249">transfected</span>
        </annotation>
        <annotation annotator="Mike Bada, University of Colorado Anschutz Medical Campus" id="GO_BP_2016_02_16_Instance_13973" type="identity">
            <class id="GO:0010467" label="gene expression"/>
            <span end="18285" id="15630473-5997" start="18275">expressing</span>
        </annotation>
        <annotation annotator="Mike Bada, University of Colorado Anschutz Medical Campus" id="GO_BP_2016_02_16_Instance_120138" type="identity">
            <class id="GO:0010467" label="gene expression"/>
            <span end="18381" id="15630473-5828" start="18371">expression</span>
        </annotation>
        <annotation annotator="Mike Bada, University of Colorado Anschutz Medical Campus" id="GO_BP_2016_02_16_Instance_13975" type="identity">
            <class id="GO:0010467" label="gene expression"/>
            <span end="18602" id="15630473-5999" start="18592">expression</span>
        </annotation>
        <annotation annotator="Mike Bada, University of Colorado Anschutz Medical Campus" id="GO_BP_2016_02_16_Instance_120142" type="identity">
            <class id="GO:0006412" label="translation"/>
            <span end="18825" id="15630473-5830" start="18814">translation</span>
        </annotation>
        <annotation annotator="Mike Bada, University of Colorado Anschutz Medical Campus" id="GO_BP_2016_02_16_Instance_14131" type="identity">
            <class id="GO:0008283" label="cell proliferation"/>
            <span end="19649" id="15630473-6153" start="19636">proliferation</span>
        </annotation>
        <annotation annotator="Mike Bada, University of Colorado Anschutz Medical Campus" id="GO_BP_2016_02_16_Instance_30477" type="identity">
            <class id="GO:0009294" label="DNA mediated transformation"/>
            <span end="19704" id="15630473-6302" start="19693">transfected</span>
        </annotation>
        <annotation annotator="Mike Bada, University of Colorado Anschutz Medical Campus" id="GO_BP_2016_02_16_Instance_13977" type="identity">
            <class id="GO:0010467" label="gene expression"/>
            <span end="19729" id="15630473-6001" start="19719">expressing</span>
        </annotation>
        <annotation annotator="Mike Bada, University of Colorado Anschutz Medical Campus" id="GO_BP_2016_02_16_Instance_230626" type="identity">
            <class id="GO:0010467" label="gene expression"/>
            <span end="19836" id="15630473-6277" start="19826">expression</span>
        </annotation>
        <annotation annotator="Mike Bada, University of Colorado Anschutz Medical Campus" id="GO_BP_2016_02_16_with_nested_annotations_Instance_10386" type="identity">
            <class id="GO:0051235" label="maintenance of location"/>
            <span end="20002" id="15630473-6412" start="19991">sequestered</span>
        </annotation>
        <annotation annotator="Mike Bada, University of Colorado Anschutz Medical Campus" id="GO_BP_2016_02_16_Instance_14133" type="identity">
            <class id="GO:0008283" label="cell proliferation"/>
            <span end="20060" id="15630473-6155" start="20047">proliferation</span>
        </annotation>
        <annotation annotator="Mike Bada, University of Colorado Anschutz Medical Campus" id="GO_BP_2016_02_16_with_nested_annotations_Instance_22090" type="identity">
            <class id="GO:0051170" label="nuclear import"/>
            <span end="20193" id="15630473-6414" start="20180">translocation</span>
            <span end="20209" id="15630473-6415" start="20207">to</span>
            <span end="20221" id="15630473-6416" start="20214">nucleus</span>
        </annotation>
        <annotation annotator="Mike Bada, University of Colorado Anschutz Medical Campus" id="GO_BP_2016_02_16_Instance_22679" type="identity">
            <class id="GO:0065007" label="biological regulation"/>
            <span end="20271" id="15630473-6273" start="20262">regulated</span>
        </annotation>
        <annotation annotator="Mike Bada, University of Colorado Anschutz Medical Campus" id="GO_BP_2016_02_16_Instance_54583" type="identity">
            <class id="GO:0007618" label="mating"/>
            <span end="20632" id="15630473-6373" start="20626">mating</span>
        </annotation>
        <annotation annotator="Mike Bada, University of Colorado Anschutz Medical Campus" id="GO_BP_2016_02_16_with_nested_annotations_Instance_22548" type="identity">
            <class id="GO:0000187" label="activation of MAPK activity"/>
            <span end="21150" id="15630473-6420" start="21132">activation of MAPK</span>
        </annotation>
        <annotation annotator="Mike Bada, University of Colorado Anschutz Medical Campus" id="GO_BP_2016_02_16_Instance_13979" type="identity">
            <class id="GO:0010467" label="gene expression"/>
            <span end="21302" id="15630473-6003" start="21292">expressing</span>
        </annotation>
        <annotation annotator="Mike Bada, University of Colorado Anschutz Medical Campus" id="GO_BP_2016_02_16_Instance_120164" type="identity">
            <class id="GO:0010467" label="gene expression"/>
            <span end="22095" id="15630473-5832" start="22085">expression</span>
        </annotation>
        <annotation annotator="Mike Bada, University of Colorado Anschutz Medical Campus" id="GO_BP_2016_02_16_Instance_30479" type="identity">
            <class id="GO:0009294" label="DNA mediated transformation"/>
            <span end="22286" id="15630473-6304" start="22275">transfected</span>
        </annotation>
        <annotation annotator="Mike Bada, University of Colorado Anschutz Medical Campus" id="GO_BP_2016_02_16_Instance_13981" type="identity">
            <class id="GO:0010467" label="gene expression"/>
            <span end="22311" id="15630473-6005" start="22301">expression</span>
        </annotation>
        <annotation annotator="Mike Bada, University of Colorado Anschutz Medical Campus" id="GO_BP_2016_02_16_Instance_30481" type="identity">
            <class id="GO:0009294" label="DNA mediated transformation"/>
            <span end="22403" id="15630473-6306" start="22392">transfected</span>
        </annotation>
        <annotation annotator="Mike Bada, University of Colorado Anschutz Medical Campus" id="GO_BP_2016_02_16_Instance_120166" type="identity">
            <class id="GO:0010467" label="gene expression"/>
            <span end="22759" id="15630473-5834" start="22750">expressed</span>
        </annotation>
        <annotation annotator="Mike Bada, University of Colorado Anschutz Medical Campus" id="GO_BP_2016_02_16_Instance_13983" type="identity">
            <class id="GO:0010467" label="gene expression"/>
            <span end="23249" id="15630473-6007" start="23239">expression</span>
        </annotation>
        <annotation annotator="Mike Bada, University of Colorado Anschutz Medical Campus" id="GO_BP_2016_02_16_Instance_14135" type="identity">
            <class id="GO:0008283" label="cell proliferation"/>
            <span end="23267" id="15630473-6157" start="23254">proliferation</span>
        </annotation>
        <annotation annotator="Mike Bada, University of Colorado Anschutz Medical Campus" id="GO_BP_2016_02_16_Instance_16325" type="identity">
            <class id="GO:0010468" label="regulation of gene expression"/>
            <span end="23520" id="15630473-6231" start="23507">Regulation of</span>
            <span end="23542" id="15630473-6232" start="23527">Gene Expression</span>
        </annotation>
        <annotation annotator="Mike Bada, University of Colorado Anschutz Medical Campus" id="GO_BP_2016_02_16_Instance_13985" type="identity">
            <class id="GO:0010467" label="gene expression"/>
            <span end="23660" id="15630473-6009" start="23650">expression</span>
        </annotation>
        <annotation annotator="Mike Bada, University of Colorado Anschutz Medical Campus" id="GO_BP_2016_02_16_Instance_14305" type="identity">
            <class id="GO:0065007" label="biological regulation"/>
            <span end="23733" id="15630473-6199" start="23723">regulating</span>
        </annotation>
        <annotation annotator="Mike Bada, University of Colorado Anschutz Medical Campus" id="GO_BP_2016_02_16_Instance_13987" type="identity">
            <class id="GO:0010467" label="gene expression"/>
            <span end="23836" id="15630473-6011" start="23826">expression</span>
        </annotation>
        <annotation annotator="Mike Bada, University of Colorado Anschutz Medical Campus" id="GO_BP_2016_02_16_Instance_13989" type="identity">
            <class id="GO:0010467" label="gene expression"/>
            <span end="24002" id="15630473-6013" start="23993">expressed</span>
        </annotation>
        <annotation annotator="Mike Bada, University of Colorado Anschutz Medical Campus" id="GO_BP_2016_02_16_Instance_14327" type="identity">
            <class id="GO:0046903" label="secretion"/>
            <span end="24046" id="15630473-6205" start="24039">secrete</span>
        </annotation>
        <annotation annotator="Mike Bada, University of Colorado Anschutz Medical Campus" id="GO_BP_2016_02_16_Instance_24327" type="identity">
            <class id="GO:0016055" label="Wnt signaling pathway"/>
            <span end="24116" id="15630473-6289" start="24113">Wnt</span>
            <span end="24136" id="15630473-6290" start="24127">signaling</span>
        </annotation>
        <annotation annotator="Mike Bada, University of Colorado Anschutz Medical Campus" id="GO_BP_2016_02_16_Instance_13805" type="identity">
            <class id="GO:0007179" label="transforming growth factor beta receptor signaling pathway"/>
            <span end="24136" id="15630473-5911" start="24121">TGF-β signaling</span>
        </annotation>
        <annotation annotator="Mike Bada, University of Colorado Anschutz Medical Campus" id="GO_BP_2016_02_16_Instance_13991" type="identity">
            <class id="GO:0010467" label="gene expression"/>
            <span end="24396" id="15630473-6015" start="24386">expression</span>
        </annotation>
        <annotation annotator="Mike Bada, University of Colorado Anschutz Medical Campus" id="GO_BP_2016_02_16_Instance_13993" type="identity">
            <class id="GO:0010467" label="gene expression"/>
            <span end="24566" id="15630473-6017" start="24556">expression</span>
        </annotation>
        <annotation annotator="Mike Bada, University of Colorado Anschutz Medical Campus" id="GO_BP_2016_02_16_Instance_16331" type="identity">
            <class id="GO:0065007" label="biological regulation"/>
            <span end="24784" id="15630473-6234" start="24775">governing</span>
        </annotation>
        <annotation annotator="Mike Bada, University of Colorado Anschutz Medical Campus" id="GO_BP_2016_02_16_Instance_13995" type="identity">
            <class id="GO:0010467" label="gene expression"/>
            <span end="24801" id="15630473-6019" start="24791">expression</span>
        </annotation>
        <annotation annotator="Mike Bada, University of Colorado Anschutz Medical Campus" id="GO_BP_2016_02_16_Instance_14311" type="identity">
            <class id="GO:0065007" label="biological regulation"/>
            <span end="25305" id="15630473-6201" start="25295">regulating</span>
        </annotation>
        <annotation annotator="Mike Bada, University of Colorado Anschutz Medical Campus" id="GO_BP_2016_02_16_Instance_13997" type="identity">
            <class id="GO:0010467" label="gene expression"/>
            <span end="25322" id="15630473-6021" start="25312">expression</span>
        </annotation>
        <annotation annotator="Mike Bada, University of Colorado Anschutz Medical Campus" id="GO_BP_2016_02_16_Instance_13999" type="identity">
            <class id="GO:0010467" label="gene expression"/>
            <span end="26273" id="15630473-6023" start="26263">expression</span>
        </annotation>
        <annotation annotator="Mike Bada, University of Colorado Anschutz Medical Campus" id="GO_BP_2016_02_16_Instance_14001" type="identity">
            <class id="GO:0010467" label="gene expression"/>
            <span end="26342" id="15630473-6025" start="26332">expression</span>
        </annotation>
        <annotation annotator="Mike Bada, University of Colorado Anschutz Medical Campus" id="GO_BP_2016_02_16_Instance_14003" type="identity">
            <class id="GO:0010467" label="gene expression"/>
            <span end="26498" id="15630473-6027" start="26488">expression</span>
        </annotation>
        <annotation annotator="Mike Bada, University of Colorado Anschutz Medical Campus" id="GO_BP_2016_02_16_Instance_16339" type="identity">
            <class id="GO:0065007" label="biological regulation"/>
            <span end="26748" id="15630473-6236" start="26741">control</span>
        </annotation>
        <annotation annotator="Mike Bada, University of Colorado Anschutz Medical Campus" id="GO_BP_2016_02_16_Instance_30483" type="identity">
            <class id="GO:0009294" label="DNA mediated transformation"/>
            <span end="26904" id="15630473-6308" start="26892">transfection</span>
        </annotation>
        <annotation annotator="Mike Bada, University of Colorado Anschutz Medical Campus" id="GO_BP_2016_02_16_Instance_54597" type="identity">
            <class id="GO:0031069" label="hair follicle morphogenesis"/>
            <span end="28210" id="15630473-6375" start="28183">hair follicle morphogenesis</span>
        </annotation>
        <annotation annotator="Mike Bada, University of Colorado Anschutz Medical Campus" id="GO_BP_2016_02_16_Instance_14005" type="identity">
            <class id="GO:0010467" label="gene expression"/>
            <span end="28374" id="15630473-6029" start="28365">expressed</span>
        </annotation>
        <annotation annotator="Mike Bada, University of Colorado Anschutz Medical Campus" id="GO_BP_2016_02_16_Instance_14007" type="identity">
            <class id="GO:0010467" label="gene expression"/>
            <span end="28749" id="15630473-6031" start="28740">expressed</span>
        </annotation>
        <annotation annotator="Mike Bada, University of Colorado Anschutz Medical Campus" id="GO_BP_2016_02_16_Instance_14009" type="identity">
            <class id="GO:0010467" label="gene expression"/>
            <span end="28888" id="15630473-6033" start="28878">expression</span>
        </annotation>
        <annotation annotator="Mike Bada, University of Colorado Anschutz Medical Campus" id="GO_BP_2016_02_16_Instance_14011" type="identity">
            <class id="GO:0010467" label="gene expression"/>
            <span end="29064" id="15630473-6035" start="29054">expression</span>
        </annotation>
        <annotation annotator="Mike Bada, University of Colorado Anschutz Medical Campus" id="GO_BP_2016_02_16_Instance_13807" type="identity">
            <class id="GO:0007179" label="transforming growth factor beta receptor signaling pathway"/>
            <span end="29561" id="15630473-5913" start="29546">TGF-β signaling</span>
        </annotation>
        <annotation annotator="Mike Bada, University of Colorado Anschutz Medical Campus" id="GO_BP_2016_02_16_Instance_120186" type="identity">
            <class id="GO:0007567" label="parturition"/>
            <span end="29672" id="15630473-5836" start="29667">natal</span>
        </annotation>
        <annotation annotator="Mike Bada, University of Colorado Anschutz Medical Campus" id="GO_BP_2016_02_16_Instance_54599" type="identity">
            <class id="GO:0010467" label="gene expression"/>
            <span end="29821" id="15630473-6377" start="29806">gene expression</span>
        </annotation>
        <annotation annotator="Mike Bada, University of Colorado Anschutz Medical Campus" id="GO_BP_2016_02_16_Instance_13899" type="identity">
            <class id="GO:0009653" label="anatomical structure morphogenesis"/>
            <span end="30256" id="15630473-5933" start="30243">morphogenesis</span>
        </annotation>
        <annotation annotator="Mike Bada, University of Colorado Anschutz Medical Campus" id="GO_BP_2016_02_16_Instance_14137" type="identity">
            <class id="GO:0008283" label="cell proliferation"/>
            <span end="30624" id="15630473-6159" start="30611">proliferation</span>
        </annotation>
        <annotation annotator="Mike Bada, University of Colorado Anschutz Medical Campus" id="GO_BP_2016_02_16_Instance_14013" type="identity">
            <class id="GO:0010467" label="gene expression"/>
            <span end="30781" id="15630473-6037" start="30771">expression</span>
        </annotation>
        <annotation annotator="Mike Bada, University of Colorado Anschutz Medical Campus" id="GO_BP_2016_02_16_Instance_14015" type="identity">
            <class id="GO:0010467" label="gene expression"/>
            <span end="30867" id="15630473-6039" start="30857">expression</span>
        </annotation>
        <annotation annotator="Mike Bada, University of Colorado Anschutz Medical Campus" id="GO_BP_2016_02_16_Instance_16355" type="identity">
            <class id="GO:0065003" label="macromolecular complex assembly"/>
            <span end="31328" id="15630473-6238" start="31315">generation of</span>
            <span end="31368" id="15630473-6239" start="31361">complex</span>
        </annotation>
        <annotation annotator="Mike Bada, University of Colorado Anschutz Medical Campus" id="GO_BP_2016_02_16_Instance_13809" type="identity">
            <class id="GO:0016055" label="Wnt signaling pathway"/>
            <span end="31575" id="15630473-5915" start="31572">Wnt</span>
            <span end="31600" id="15630473-5916" start="31583">signaling pathway</span>
        </annotation>
        <annotation annotator="Mike Bada, University of Colorado Anschutz Medical Campus" id="GO_BP_2016_02_16_Instance_54603" type="identity">
            <class id="GO:0031069" label="hair follicle morphogenesis"/>
            <span end="31671" id="15630473-6379" start="31644">hair follicle morphogenesis</span>
        </annotation>
        <annotation annotator="Mike Bada, University of Colorado Anschutz Medical Campus" id="GO_BP_2016_02_16_Instance_54605" type="identity">
            <class id="GO:0010467" label="gene expression"/>
            <span end="31807" id="15630473-6381" start="31792">gene expression</span>
        </annotation>
        <annotation annotator="Mike Bada, University of Colorado Anschutz Medical Campus" id="GO_BP_2016_02_16_Instance_13901" type="identity">
            <class id="GO:0009653" label="anatomical structure morphogenesis"/>
            <span end="32013" id="15630473-5935" start="32000">morphogenesis</span>
        </annotation>
        <annotation annotator="Mike Bada, University of Colorado Anschutz Medical Campus" id="GO_BP_2016_02_16_Instance_16359" type="identity">
            <class id="GO:0065007" label="biological regulation"/>
            <span end="32088" id="15630473-6241" start="32082">govern</span>
        </annotation>
        <annotation annotator="Mike Bada, University of Colorado Anschutz Medical Campus" id="GO_BP_2016_02_16_Instance_54607" type="identity">
            <class id="GO:0009887" label="organ morphogenesis"/>
            <span end="32300" id="15630473-6383" start="32281">organ morphogenesis</span>
        </annotation>
        <annotation annotator="Mike Bada, University of Colorado Anschutz Medical Campus" id="GO_BP_2016_02_16_Instance_120204" type="identity">
            <class id="GO:0008283" label="cell proliferation"/>
            <span end="32574" id="15630473-5841" start="32566">cellular</span>
            <span end="32600" id="15630473-5842" start="32587">proliferation</span>
        </annotation>
        <annotation annotator="Mike Bada, University of Colorado Anschutz Medical Campus" id="GO_BP_2016_02_16_Instance_120202" type="identity">
            <class id="GO:0030154" label="cell differentiation"/>
            <span end="32574" id="15630473-5838" start="32566">cellular</span>
            <span end="32621" id="15630473-5839" start="32606">differentiation</span>
        </annotation>
        <annotation annotator="Mike Bada, University of Colorado Anschutz Medical Campus" id="GO_BP_2016_02_16_Instance_54609" type="identity">
            <class id="GO:0031069" label="hair follicle morphogenesis"/>
            <span end="32798" id="15630473-6385" start="32771">Hair Follicle Morphogenesis</span>
        </annotation>
        <annotation annotator="Mike Bada, University of Colorado Anschutz Medical Campus" id="GO_BP_2016_02_16_Instance_13903" type="identity">
            <class id="GO:0009653" label="anatomical structure morphogenesis"/>
            <span end="32840" id="15630473-5937" start="32827">morphogenesis</span>
        </annotation>
        <annotation annotator="Mike Bada, University of Colorado Anschutz Medical Campus" id="GO_BP_2016_02_16_Instance_120212" type="identity">
            <class id="GO:0009653" label="anatomical structure morphogenesis"/>
            <span end="33219" id="15630473-5844" start="33206">morphogenesis</span>
        </annotation>
        <annotation annotator="Mike Bada, University of Colorado Anschutz Medical Campus" id="GO_BP_2016_02_16_Instance_120214" type="identity">
            <class id="GO:0009653" label="anatomical structure morphogenesis"/>
            <span end="33465" id="15630473-5846" start="33452">morphogenesis</span>
        </annotation>
        <annotation annotator="Mike Bada, University of Colorado Anschutz Medical Campus" id="GO_BP_2016_02_16_Instance_16367" type="identity">
            <class id="GO:0065007" label="biological regulation"/>
            <span end="33566" id="15630473-6243" start="33548">regulatory control</span>
        </annotation>
        <annotation annotator="Mike Bada, University of Colorado Anschutz Medical Campus" id="GO_BP_2016_02_16_Instance_14017" type="identity">
            <class id="GO:0010467" label="gene expression"/>
            <span end="33669" id="15630473-6041" start="33662">express</span>
        </annotation>
        <annotation annotator="Mike Bada, University of Colorado Anschutz Medical Campus" id="GO_BP_2016_02_16_Instance_14443" type="identity">
            <class id="GO:0065007" label="biological regulation"/>
            <span end="33759" id="15630473-6207" start="33750">regulated</span>
        </annotation>
        <annotation annotator="Mike Bada, University of Colorado Anschutz Medical Campus" id="GO_BP_2016_02_16_Instance_54611" type="identity">
            <class id="GO:0007049" label="cell cycle"/>
            <span end="34254" id="15630473-6387" start="34244">cell cycle</span>
        </annotation>
        <annotation annotator="Mike Bada, University of Colorado Anschutz Medical Campus" id="GO_BP_2016_02_16_Instance_120220" type="identity">
            <class id="GO:0040007" label="growth"/>
            <span end="34338" id="15630473-5848" start="34331">growing</span>
        </annotation>
        <annotation annotator="Mike Bada, University of Colorado Anschutz Medical Campus" id="GO_BP_2016_02_16_with_nested_annotations_Instance_10134" type="identity">
            <class id="GO:0044851" label="hair cycle phase"/>
            <span end="34364" id="15630473-6409" start="34355">phases of</span>
            <span end="34385" id="15630473-6410" start="34375">hair cycle</span>
        </annotation>
        <annotation annotator="Mike Bada, University of Colorado Anschutz Medical Campus" id="GO_BP_2016_02_16_Instance_54617" type="identity">
            <class id="GO:0006915" label="apoptotic process"/>
            <span end="34511" id="15630473-6389" start="34502">apoptosis</span>
        </annotation>
        <annotation annotator="Mike Bada, University of Colorado Anschutz Medical Campus" id="GO_BP_2016_02_16_Instance_120222" type="identity">
            <class id="GO:0040007" label="growth"/>
            <span end="34619" id="15630473-5850" start="34612">growing</span>
        </annotation>
        <annotation annotator="Mike Bada, University of Colorado Anschutz Medical Campus" id="GO_BP_2016_02_16_Instance_120224" type="identity">
            <class id="GO:0007567" label="parturition"/>
            <span end="34638" id="15630473-5852" start="34633">natal</span>
        </annotation>
        <annotation annotator="Mike Bada, University of Colorado Anschutz Medical Campus" id="GO_BP_2016_02_16_Instance_14019" type="identity">
            <class id="GO:0010467" label="gene expression"/>
            <span end="34806" id="15630473-6043" start="34796">expression</span>
        </annotation>
        <annotation annotator="Mike Bada, University of Colorado Anschutz Medical Campus" id="GO_BP_2016_02_16_Instance_14021" type="identity">
            <class id="GO:0010467" label="gene expression"/>
            <span end="35062" id="15630473-6045" start="35052">expression</span>
        </annotation>
        <annotation annotator="Mike Bada, University of Colorado Anschutz Medical Campus" id="GO_BP_2016_02_16_Instance_14223" type="identity">
            <class id="GO:0000187" label="activation of MAPK activity"/>
            <span end="35082" id="15630473-6189" start="35067">MAPK activation</span>
        </annotation>
        <annotation annotator="Mike Bada, University of Colorado Anschutz Medical Campus" id="GO_BP_2016_02_16_Instance_14141" type="identity">
            <class id="GO:0008283" label="cell proliferation"/>
            <span end="35598" id="15630473-6161" start="35585">proliferation</span>
        </annotation>
        <annotation annotator="Mike Bada, University of Colorado Anschutz Medical Campus" id="GO_BP_2016_02_16_Instance_13819" type="identity">
            <class id="GO:0007179" label="transforming growth factor beta receptor signaling pathway"/>
            <span end="35884" id="15630473-5918" start="35869">TGF-β signaling</span>
        </annotation>
        <annotation annotator="Mike Bada, University of Colorado Anschutz Medical Campus" id="GO_BP_2016_02_16_Instance_54621" type="identity">
            <class id="GO:0010467" label="gene expression"/>
            <span end="35954" id="15630473-6391" start="35939">gene expression</span>
        </annotation>
        <annotation annotator="Mike Bada, University of Colorado Anschutz Medical Campus" id="GO_BP_2016_02_16_Instance_120232" type="identity">
            <class id="GO:0008283" label="cell proliferation"/>
            <span end="36059" id="15630473-5854" start="36046">proliferation</span>
        </annotation>
        <annotation annotator="Mike Bada, University of Colorado Anschutz Medical Campus" id="GO_BP_2016_02_16_Instance_14023" type="identity">
            <class id="GO:0010467" label="gene expression"/>
            <span end="36090" id="15630473-6047" start="36080">expression</span>
        </annotation>
        <annotation annotator="Mike Bada, University of Colorado Anschutz Medical Campus" id="GO_BP_2016_02_16_Instance_14025" type="identity">
            <class id="GO:0010467" label="gene expression"/>
            <span end="36238" id="15630473-6049" start="36228">expression</span>
        </annotation>
        <annotation annotator="Mike Bada, University of Colorado Anschutz Medical Campus" id="GO_BP_2016_02_16_Instance_14027" type="identity">
            <class id="GO:0010467" label="gene expression"/>
            <span end="36538" id="15630473-6051" start="36529">expressed</span>
        </annotation>
        <annotation annotator="Mike Bada, University of Colorado Anschutz Medical Campus" id="GO_BP_2016_02_16_Instance_54623" type="identity">
            <class id="GO:0031069" label="hair follicle morphogenesis"/>
            <span end="36573" id="15630473-6393" start="36546">hair follicle morphogenesis</span>
        </annotation>
        <annotation annotator="Mike Bada, University of Colorado Anschutz Medical Campus" id="GO_BP_2016_02_16_Instance_14029" type="identity">
            <class id="GO:0010467" label="gene expression"/>
            <span end="36640" id="15630473-6053" start="36630">expression</span>
        </annotation>
        <annotation annotator="Mike Bada, University of Colorado Anschutz Medical Campus" id="GO_BP_2016_02_16_Instance_120234" type="identity">
            <class id="GO:0007567" label="parturition"/>
            <span end="36665" id="15630473-5856" start="36660">natal</span>
        </annotation>
        <annotation annotator="Mike Bada, University of Colorado Anschutz Medical Campus" id="GO_BP_2016_02_16_Instance_54625" type="identity">
            <class id="GO:0001837" label="epithelial to mesenchymal transition"/>
            <span end="36759" id="15630473-6395" start="36722">epithelial to mesenchymal transitions</span>
        </annotation>
        <annotation annotator="Mike Bada, University of Colorado Anschutz Medical Campus" id="GO_BP_2016_02_16_Instance_14031" type="identity">
            <class id="GO:0010467" label="gene expression"/>
            <span end="36823" id="15630473-6055" start="36813">expression</span>
        </annotation>
        <annotation annotator="Mike Bada, University of Colorado Anschutz Medical Campus" id="GO_BP_2016_02_16_Instance_54627" type="identity">
            <class id="GO:0031069" label="hair follicle morphogenesis"/>
            <span end="36885" id="15630473-6397" start="36858">hair follicle morphogenesis</span>
        </annotation>
        <annotation annotator="Mike Bada, University of Colorado Anschutz Medical Campus" id="GO_BP_2016_02_16_Instance_120238" type="identity">
            <class id="GO:0007567" label="parturition"/>
            <span end="37457" id="15630473-5858" start="37452">natal</span>
        </annotation>
        <annotation annotator="Mike Bada, University of Colorado Anschutz Medical Campus" id="GO_BP_2016_02_16_Instance_14033" type="identity">
            <class id="GO:0010467" label="gene expression"/>
            <span end="37756" id="15630473-6057" start="37746">expression</span>
        </annotation>
        <annotation annotator="Mike Bada, University of Colorado Anschutz Medical Campus" id="GO_BP_2016_02_16_Instance_40819" type="identity">
            <class id="GO:0065007" label="biological regulation"/>
            <span end="37804" id="15630473-6339" start="37794">regulatory</span>
        </annotation>
        <annotation annotator="Mike Bada, University of Colorado Anschutz Medical Campus" id="GO_BP_2016_02_16_Instance_40821" type="identity">
            <class id="GO:0065007" label="biological regulation"/>
            <span end="37827" id="15630473-6341" start="37821">govern</span>
        </annotation>
        <annotation annotator="Mike Bada, University of Colorado Anschutz Medical Campus" id="GO_BP_2016_02_16_Instance_120240" type="identity">
            <class id="GO:0034333" label="adherens junction assembly"/>
            <span end="37840" id="15630473-5860" start="37828">AJ formation</span>
        </annotation>
        <annotation annotator="Mike Bada, University of Colorado Anschutz Medical Campus" id="GO_BP_2016_02_16_Instance_14143" type="identity">
            <class id="GO:0008283" label="cell proliferation"/>
            <span end="37870" id="15630473-6163" start="37857">proliferation</span>
        </annotation>
        <annotation annotator="Mike Bada, University of Colorado Anschutz Medical Campus" id="GO_BP_2016_02_16_Instance_14145" type="identity">
            <class id="GO:0008283" label="cell proliferation"/>
            <span end="38119" id="15630473-6165" start="38106">Proliferation</span>
        </annotation>
        <annotation annotator="Mike Bada, University of Colorado Anschutz Medical Campus" id="GO_BP_2016_02_16_Instance_54629" type="identity">
            <class id="GO:0031069" label="hair follicle morphogenesis"/>
            <span end="38208" id="15630473-6399" start="38181">hair follicle morphogenesis</span>
        </annotation>
        <annotation annotator="Mike Bada, University of Colorado Anschutz Medical Campus" id="GO_BP_2016_02_16_Instance_54631" type="identity">
            <class id="GO:0010467" label="gene expression"/>
            <span end="38236" id="15630473-6401" start="38221">gene expression</span>
        </annotation>
        <annotation annotator="Mike Bada, University of Colorado Anschutz Medical Campus" id="GO_BP_2016_02_16_Instance_54633" type="identity">
            <class id="GO:0010467" label="gene expression"/>
            <span end="38702" id="15630473-6403" start="38687">gene expression</span>
        </annotation>
        <annotation annotator="Mike Bada, University of Colorado Anschutz Medical Campus" id="GO_BP_2016_02_16_Instance_14035" type="identity">
            <class id="GO:0010467" label="gene expression"/>
            <span end="38906" id="15630473-6059" start="38897">expressed</span>
        </annotation>
        <annotation annotator="Mike Bada, University of Colorado Anschutz Medical Campus" id="GO_BP_2016_02_16_Instance_14037" type="identity">
            <class id="GO:0010467" label="gene expression"/>
            <span end="39030" id="15630473-6061" start="39020">expression</span>
        </annotation>
        <annotation annotator="Mike Bada, University of Colorado Anschutz Medical Campus" id="GO_BP_2016_02_16_Instance_13823" type="identity">
            <class id="GO:0016055" label="Wnt signaling pathway"/>
            <span end="39224" id="15630473-5920" start="39221">Wnt</span>
            <span end="39241" id="15630473-5921" start="39232">signaling</span>
        </annotation>
        <annotation annotator="Mike Bada, University of Colorado Anschutz Medical Campus" id="GO_BP_2016_02_16_Instance_14325" type="identity">
            <class id="GO:0065007" label="biological regulation"/>
            <span end="39255" id="15630473-6203" start="39245">regulating</span>
        </annotation>
        <annotation annotator="Mike Bada, University of Colorado Anschutz Medical Campus" id="GO_BP_2016_02_16_Instance_120252" type="identity">
            <class id="GO:0009653" label="anatomical structure morphogenesis"/>
            <span end="39292" id="15630473-5862" start="39279">morphogenesis</span>
        </annotation>
        <annotation annotator="Mike Bada, University of Colorado Anschutz Medical Campus" id="GO_BP_2016_02_16_with_nested_annotations_Instance_241940" type="identity">
            <class id="GO:0010629" label="negative regulation of gene expression"/>
            <span end="39434" id="15630473-6422" start="39416">down-regulation in</span>
            <span end="39461" id="15630473-6423" start="39446">gene expression</span>
        </annotation>
        <annotation annotator="Mike Bada, University of Colorado Anschutz Medical Campus" id="GO_BP_2016_02_16_Instance_120256" type="identity">
            <class id="GO:0010629" label="negative regulation of gene expression"/>
            <span end="39592" id="15630473-5864" start="39574">down-regulation in</span>
            <span end="39614" id="15630473-5865" start="39604">expression</span>
        </annotation>
        <annotation annotator="Mike Bada, University of Colorado Anschutz Medical Campus" id="GO_BP_2016_02_16_Instance_54637" type="identity">
            <class id="GO:0031069" label="hair follicle morphogenesis"/>
            <span end="39799" id="15630473-6405" start="39772">hair follicle morphogenesis</span>
        </annotation>
        <annotation annotator="Mike Bada, University of Colorado Anschutz Medical Campus" id="GO_BP_2016_02_16_Instance_120258" type="identity">
            <class id="GO:0008283" label="cell proliferation"/>
            <span end="39862" id="15630473-5867" start="39849">proliferation</span>
        </annotation>
        <annotation annotator="Mike Bada, University of Colorado Anschutz Medical Campus" id="GO_BP_2016_02_16_Instance_14147" type="identity">
            <class id="GO:0008283" label="cell proliferation"/>
            <span end="39948" id="15630473-6167" start="39935">proliferation</span>
        </annotation>
        <annotation annotator="Mike Bada, University of Colorado Anschutz Medical Campus" id="GO_BP_2016_02_16_Instance_120262" type="identity">
            <class id="GO:0009653" label="anatomical structure morphogenesis"/>
            <span end="40072" id="15630473-5869" start="40059">morphogenesis</span>
        </annotation>
        <annotation annotator="Mike Bada, University of Colorado Anschutz Medical Campus" id="GO_BP_2016_02_16_Instance_22681" type="identity">
            <class id="GO:0065007" label="biological regulation"/>
            <span end="40224" id="15630473-6275" start="40214">regulation</span>
        </annotation>
        <annotation annotator="Mike Bada, University of Colorado Anschutz Medical Campus" id="GO_BP_2016_02_16_Instance_120266" type="identity">
            <class id="GO:0010467" label="gene expression"/>
            <span end="40593" id="15630473-5871" start="40586">express</span>
        </annotation>
        <annotation annotator="Mike Bada, University of Colorado Anschutz Medical Campus" id="GO_BP_2016_02_16_Instance_30485" type="identity">
            <class id="GO:0009294" label="DNA mediated transformation"/>
            <span end="40749" id="15630473-6310" start="40738">transfected</span>
        </annotation>
        <annotation annotator="Mike Bada, University of Colorado Anschutz Medical Campus" id="GO_BP_2016_02_16_Instance_30487" type="identity">
            <class id="GO:0009294" label="DNA mediated transformation"/>
            <span end="40770" id="15630473-6312" start="40759">transfected</span>
        </annotation>
        <annotation annotator="Mike Bada, University of Colorado Anschutz Medical Campus" id="GO_BP_2016_02_16_Instance_120268" type="identity">
            <class id="GO:0008283" label="cell proliferation"/>
            <span end="40996" id="15630473-5873" start="40983">proliferation</span>
        </annotation>
        <annotation annotator="Mike Bada, University of Colorado Anschutz Medical Campus" id="GO_BP_2016_02_16_Instance_54639" type="identity">
            <class id="GO:0007049" label="cell cycle"/>
            <span end="41115" id="15630473-6407" start="41105">cell cycle</span>
        </annotation>
        <annotation annotator="Mike Bada, University of Colorado Anschutz Medical Campus" id="GO_BP_2016_02_16_Instance_14041" type="identity">
            <class id="GO:0010467" label="gene expression"/>
            <span end="41464" id="15630473-6063" start="41454">expression</span>
        </annotation>
        <annotation annotator="Mike Bada, University of Colorado Anschutz Medical Campus" id="GO_BP_2016_02_16_Instance_14149" type="identity">
            <class id="GO:0008283" label="cell proliferation"/>
            <span end="41892" id="15630473-6169" start="41879">proliferation</span>
        </annotation>
        <annotation annotator="Mike Bada, University of Colorado Anschutz Medical Campus" id="GO_BP_2016_02_16_Instance_120274" type="identity">
            <class id="GO:0008283" label="cell proliferation"/>
            <span end="41993" id="15630473-5875" start="41980">proliferation</span>
        </annotation>
        <annotation annotator="Mike Bada, University of Colorado Anschutz Medical Campus" id="GO_BP_2016_02_16_Instance_14151" type="identity">
            <class id="GO:0008283" label="cell proliferation"/>
            <span end="42356" id="15630473-6171" start="42343">proliferation</span>
        </annotation>
        <annotation annotator="Mike Bada, University of Colorado Anschutz Medical Campus" id="GO_BP_2016_02_16_Instance_13913" type="identity">
            <class id="GO:0002009" label="morphogenesis of an epithelium"/>
            <span end="42384" id="15630473-5939" start="42360">epithelial morphogenesis</span>
        </annotation>
        <annotation annotator="Mike Bada, University of Colorado Anschutz Medical Campus" id="GO_BP_2016_02_16_Instance_16583" type="identity">
            <class id="GO:0019835" label="cytolysis"/>
            <span end="44962" id="15630473-6245" start="44956">lysing</span>
        </annotation>
        <annotation annotator="Mike Bada, University of Colorado Anschutz Medical Campus" id="GO_BP_2016_02_16_Instance_16605" type="identity">
            <class id="GO:0019835" label="cytolysis"/>
            <span end="44977" id="15630473-6247" start="44972">lysis</span>
        </annotation>
        <annotation annotator="Mike Bada, University of Colorado Anschutz Medical Campus" id="GO_BP_2016_02_16_Instance_16687" type="identity">
            <class id="GO:0019835" label="cytolysis"/>
            <span end="46001" id="15630473-6249" start="45996">lysis</span>
        </annotation>
        <annotation annotator="Mike Bada, University of Colorado Anschutz Medical Campus" id="GO_BP_2016_02_16_Instance_30489" type="identity">
            <class id="GO:0009294" label="DNA mediated transformation"/>
            <span end="46480" id="15630473-6314" start="46467">transfections</span>
        </annotation>
        <annotation annotator="Mike Bada, University of Colorado Anschutz Medical Campus" id="GO_BP_2016_02_16_Instance_120280" type="identity">
            <class id="GO:0009294" label="DNA mediated transformation"/>
            <span end="46905" id="15630473-5877" start="46894">transfected</span>
        </annotation>
        <annotation annotator="Mike Bada, University of Colorado Anschutz Medical Campus" id="GO_BP_2016_02_16_Instance_30491" type="identity">
            <class id="GO:0009294" label="DNA mediated transformation"/>
            <span end="46944" id="15630473-6316" start="46932">transfection</span>
        </annotation>
        <annotation annotator="Mike Bada, University of Colorado Anschutz Medical Campus" id="GO_BP_2016_02_16_Instance_23893" type="identity">
            <class id="GO:0006266" label="DNA ligation"/>
            <span end="47777" id="15630473-6281" start="47770">ligated</span>
        </annotation>
        <annotation annotator="Mike Bada, University of Colorado Anschutz Medical Campus" id="GO_BP_2016_02_16_Instance_23895" type="identity">
            <class id="GO:0006266" label="DNA ligation"/>
            <span end="48602" id="15630473-6283" start="48595">ligated</span>
        </annotation>
        <annotation annotator="Mike Bada, University of Colorado Anschutz Medical Campus" id="GO_BP_2016_02_16_Instance_16853" type="identity">
            <class id="GO:0001837" label="epithelial to mesenchymal transition"/>
            <span end="51569" id="15630473-6251" start="51566">EMT</span>
        </annotation>
        <annotation annotator="Mike Bada, University of Colorado Anschutz Medical Campus" id="GO_BP_2016_02_16_Instance_16865" type="identity">
            <class id="GO:0001837" label="epithelial to mesenchymal transition"/>
            <span end="51608" id="15630473-6253" start="51572">epithelial to mesenchymal transition</span>
        </annotation>
        <annotation annotator="Mike Bada, University of Colorado Anschutz Medical Campus" id="GO_BP_2016_02_16_Instance_120292" type="identity">
            <class id="GO:0007567" label="parturition"/>
            <span end="51957" id="15630473-5879" start="51952">natal</span>
        </annotation>
        <annotation annotator="Mike Bada, University of Colorado Anschutz Medical Campus" id="GO_BP_2016_02_16_Instance_120294" type="identity">
            <class id="GO:0006412" label="translation"/>
            <span end="52272" id="15630473-5881" start="52262">translated</span>
        </annotation>
        <annotation annotator="Mike Bada, University of Colorado Anschutz Medical Campus" id="GO_BP_2016_02_16_Instance_14043" type="identity">
            <class id="GO:0010467" label="gene expression"/>
            <span end="52345" id="15630473-6065" start="52336">Expressed</span>
        </annotation>
        <annotation annotator="Mike Bada, University of Colorado Anschutz Medical Campus" id="GO_BP_2016_02_16_Instance_24071" type="identity">
            <class id="GO:0009653" label="anatomical structure morphogenesis"/>
            <span end="52394" id="15630473-6287" start="52381">Morphogenesis</span>
        </annotation>
        <annotation annotator="Mike Bada, University of Colorado Anschutz Medical Campus" id="GO_BP_2016_02_16_Instance_14045" type="identity">
            <class id="GO:0010467" label="gene expression"/>
            <span end="52744" id="15630473-6067" start="52734">expression</span>
        </annotation>
        <annotation annotator="Mike Bada, University of Colorado Anschutz Medical Campus" id="GO_BP_2016_02_16_Instance_120296" type="identity">
            <class id="GO:0009653" label="anatomical structure morphogenesis"/>
            <span end="52804" id="15630473-5883" start="52791">morphogenesis</span>
        </annotation>
        <annotation annotator="Mike Bada, University of Colorado Anschutz Medical Campus" id="GO_BP_2016_02_16_Instance_14047" type="identity">
            <class id="GO:0010467" label="gene expression"/>
            <span end="52871" id="15630473-6069" start="52861">Expression</span>
        </annotation>
        <annotation annotator="Mike Bada, University of Colorado Anschutz Medical Campus" id="GO_BP_2016_02_16_Instance_30493" type="identity">
            <class id="GO:0009294" label="DNA mediated transformation"/>
            <span end="52983" id="15630473-6318" start="52972">transfected</span>
        </annotation>
        <annotation annotator="Mike Bada, University of Colorado Anschutz Medical Campus" id="GO_BP_2016_02_16_Instance_14049" type="identity">
            <class id="GO:0010467" label="gene expression"/>
            <span end="53005" id="15630473-6071" start="52995">expression</span>
        </annotation>
        <annotation annotator="Mike Bada, University of Colorado Anschutz Medical Campus" id="GO_BP_2016_02_16_Instance_14051" type="identity">
            <class id="GO:0010467" label="gene expression"/>
            <span end="53442" id="15630473-6073" start="53432">expression</span>
        </annotation>
        <annotation annotator="Mike Bada, University of Colorado Anschutz Medical Campus" id="GO_BP_2016_02_16_Instance_14053" type="identity">
            <class id="GO:0010467" label="gene expression"/>
            <span end="53587" id="15630473-6075" start="53577">expression</span>
        </annotation>
        <annotation annotator="Mike Bada, University of Colorado Anschutz Medical Campus" id="GO_BP_2016_02_16_Instance_14055" type="identity">
            <class id="GO:0010467" label="gene expression"/>
            <span end="53743" id="15630473-6077" start="53734">expressed</span>
        </annotation>
        <annotation annotator="Mike Bada, University of Colorado Anschutz Medical Campus" id="GO_BP_2016_02_16_Instance_14057" type="identity">
            <class id="GO:0010467" label="gene expression"/>
            <span end="53796" id="15630473-6079" start="53787">expressed</span>
        </annotation>
        <annotation annotator="Mike Bada, University of Colorado Anschutz Medical Campus" id="GO_BP_2016_02_16_Instance_14163" type="identity">
            <class id="GO:0008283" label="cell proliferation"/>
            <span end="53966" id="15630473-6183" start="53953">proliferating</span>
        </annotation>
        <annotation annotator="Mike Bada, University of Colorado Anschutz Medical Campus" id="GO_BP_2016_02_16_Instance_14165" type="identity">
            <class id="GO:0008283" label="cell proliferation"/>
            <span end="54350" id="15630473-6185" start="54337">proliferating</span>
        </annotation>
        <annotation annotator="Mike Bada, University of Colorado Anschutz Medical Campus" id="GO_BP_2016_02_16_Instance_23661" type="identity">
            <class id="GO:0040007" label="growth"/>
            <span end="54632" id="15630473-6279" start="54625">growing</span>
        </annotation>
        <annotation annotator="Mike Bada, University of Colorado Anschutz Medical Campus" id="GO_BP_2016_02_16_Instance_120298" type="identity">
            <class id="GO:0010467" label="gene expression"/>
            <span end="54744" id="15630473-5885" start="54734">expression</span>
        </annotation>
        <annotation annotator="Mike Bada, University of Colorado Anschutz Medical Campus" id="GO_BP_2016_02_16_Instance_120300" type="identity">
            <class id="GO:0008283" label="cell proliferation"/>
            <span end="54807" id="15630473-5887" start="54794">proliferation</span>
        </annotation>
        <annotation annotator="Mike Bada, University of Colorado Anschutz Medical Campus" id="GO_BP_2016_02_16_Instance_14059" type="identity">
            <class id="GO:0010467" label="gene expression"/>
            <span end="54962" id="15630473-6081" start="54952">expression</span>
        </annotation>
        <annotation annotator="Mike Bada, University of Colorado Anschutz Medical Campus" id="GO_BP_2016_02_16_Instance_17011" type="identity">
            <class id="GO:0007631" label="feeding behavior"/>
            <span end="55360" id="15630473-6255" start="55349">food intake</span>
        </annotation>
        <annotation annotator="Mike Bada, University of Colorado Anschutz Medical Campus" id="GO_BP_2016_02_16_Instance_14061" type="identity">
            <class id="GO:0010467" label="gene expression"/>
            <span end="55834" id="15630473-6083" start="55824">expression</span>
        </annotation>
        <annotation annotator="Mike Bada, University of Colorado Anschutz Medical Campus" id="GO_BP_2016_02_16_Instance_14063" type="identity">
            <class id="GO:0010467" label="gene expression"/>
            <span end="56267" id="15630473-6085" start="56258">expressed</span>
        </annotation>
        <annotation annotator="Mike Bada, University of Colorado Anschutz Medical Campus" id="GO_BP_2016_02_16_Instance_120302" type="identity">
            <class id="GO:0007567" label="parturition"/>
            <span end="56280" id="15630473-5889" start="56275">natal</span>
        </annotation>
        <annotation annotator="Mike Bada, University of Colorado Anschutz Medical Campus" id="GO_BP_2016_02_16_Instance_120304" type="identity">
            <class id="GO:0008283" label="cell proliferation"/>
            <span end="56353" id="15630473-5891" start="56340">proliferation</span>
        </annotation>
        <annotation annotator="Mike Bada, University of Colorado Anschutz Medical Campus" id="GO_BP_2016_02_16_Instance_14167" type="identity">
            <class id="GO:0008283" label="cell proliferation"/>
            <span end="56544" id="15630473-6187" start="56531">proliferating</span>
        </annotation>
        <annotation annotator="Mike Bada, University of Colorado Anschutz Medical Campus" id="GO_BP_2016_02_16_Instance_14065" type="identity">
            <class id="GO:0010467" label="gene expression"/>
            <span end="56818" id="15630473-6087" start="56808">Expressing</span>
        </annotation>
        <annotation annotator="Mike Bada, University of Colorado Anschutz Medical Campus" id="GO_BP_2016_02_16_Instance_14067" type="identity">
            <class id="GO:0010467" label="gene expression"/>
            <span end="56982" id="15630473-6089" start="56973">expressed</span>
        </annotation>
        <annotation annotator="Mike Bada, University of Colorado Anschutz Medical Campus" id="GO_BP_2016_02_16_Instance_14069" type="identity">
            <class id="GO:0010467" label="gene expression"/>
            <span end="57192" id="15630473-6091" start="57183">expressed</span>
        </annotation>
        <annotation annotator="Mike Bada, University of Colorado Anschutz Medical Campus" id="GO_BP_2016_02_16_Instance_14071" type="identity">
            <class id="GO:0010467" label="gene expression"/>
            <span end="57238" id="15630473-6093" start="57229">expressed</span>
        </annotation>
        <annotation annotator="Mike Bada, University of Colorado Anschutz Medical Campus" id="GO_BP_2016_02_16_Instance_14073" type="identity">
            <class id="GO:0010467" label="gene expression"/>
            <span end="57305" id="15630473-6095" start="57296">expressed</span>
        </annotation>
        <annotation annotator="Mike Bada, University of Colorado Anschutz Medical Campus" id="GO_BP_2016_02_16_Instance_120306" type="identity">
            <class id="GO:0070268" label="cornification"/>
            <span end="57315" id="15630473-5893" start="57306">cornified</span>
        </annotation>
        <annotation annotator="Mike Bada, University of Colorado Anschutz Medical Campus" id="GO_BP_2016_02_16_Instance_120308" type="identity">
            <class id="GO:0070268" label="cornification"/>
            <span end="57409" id="15630473-5895" start="57400">cornified</span>
        </annotation>
        <annotation annotator="Mike Bada, University of Colorado Anschutz Medical Campus" id="GO_BP_2016_02_16_Instance_14075" type="identity">
            <class id="GO:0010467" label="gene expression"/>
            <span end="57436" id="15630473-6097" start="57427">expressed</span>
        </annotation>
        <annotation annotator="Mike Bada, University of Colorado Anschutz Medical Campus" id="GO_BP_2016_02_16_Instance_120310" type="identity">
            <class id="GO:0008283" label="cell proliferation"/>
            <span end="58643" id="15630473-5897" start="58630">proliferation</span>
        </annotation>
        <annotation annotator="Mike Bada, University of Colorado Anschutz Medical Campus" id="GO_BP_2016_02_16_Instance_14077" type="identity">
            <class id="GO:0010467" label="gene expression"/>
            <span end="58793" id="15630473-6099" start="58784">expressed</span>
        </annotation>
        <annotation annotator="Mike Bada, University of Colorado Anschutz Medical Campus" id="GO_BP_2016_02_16_Instance_24329" type="identity">
            <class id="GO:0007265" label="Ras protein signal transduction"/>
            <span end="59365" id="15630473-6292" start="59362">Ras</span>
            <span end="59388" id="15630473-6293" start="59371">signaling cascade</span>
        </annotation>
        <annotation annotator="Mike Bada, University of Colorado Anschutz Medical Campus" id="GO_BP_2016_02_16_Instance_17013" type="identity">
            <class id="GO:0000165" label="MAPK cascade"/>
            <span end="59388" id="15630473-6257" start="59366">MAPK signaling cascade</span>
        </annotation>
        <annotation annotator="Mike Bada, University of Colorado Anschutz Medical Campus" id="GO_BP_2016_02_16_Instance_14079" type="identity">
            <class id="GO:0010467" label="gene expression"/>
            <span end="59409" id="15630473-6101" start="59399">expressing</span>
        </annotation>
        <annotation annotator="Mike Bada, University of Colorado Anschutz Medical Campus" id="GO_BP_2016_02_16_Instance_14081" type="identity">
            <class id="GO:0010467" label="gene expression"/>
            <span end="59923" id="15630473-6103" start="59913">expression</span>
        </annotation>
        <annotation annotator="Mike Bada, University of Colorado Anschutz Medical Campus" id="GO_BP_2016_02_16_Instance_14083" type="identity">
            <class id="GO:0010467" label="gene expression"/>
            <span end="60206" id="15630473-6105" start="60197">expressed</span>
        </annotation>
        <annotation annotator="Mike Bada, University of Colorado Anschutz Medical Campus" id="GO_BP_2016_02_16_Instance_120314" type="identity">
            <class id="GO:0010467" label="gene expression"/>
            <span end="60315" id="15630473-5899" start="60305">expression</span>
        </annotation>
        <annotation annotator="Mike Bada, University of Colorado Anschutz Medical Campus" id="GO_BP_2016_02_16_Instance_30495" type="identity">
            <class id="GO:0009294" label="DNA mediated transformation"/>
            <span end="60361" id="15630473-6320" start="60350">transfected</span>
        </annotation>
        <annotation annotator="Mike Bada, University of Colorado Anschutz Medical Campus" id="GO_BP_2016_02_16_Instance_30497" type="identity">
            <class id="GO:0009294" label="DNA mediated transformation"/>
            <span end="60493" id="15630473-6322" start="60481">transfection</span>
        </annotation>
        <annotation annotator="Mike Bada, University of Colorado Anschutz Medical Campus" id="GO_BP_2016_02_16_Instance_120316" type="identity">
            <class id="GO:0034333" label="adherens junction assembly"/>
            <span end="60599" id="15630473-5901" start="60587">AJ formation</span>
        </annotation>
        <annotation annotator="Mike Bada, University of Colorado Anschutz Medical Campus" id="GO_BP_2016_02_16_Instance_30499" type="identity">
            <class id="GO:0009294" label="DNA mediated transformation"/>
            <span end="60742" id="15630473-6324" start="60731">transfected</span>
        </annotation>
        <annotation annotator="Mike Bada, University of Colorado Anschutz Medical Campus" id="GO_BP_2016_02_16_Instance_120318" type="identity">
            <class id="GO:0009294" label="DNA mediated transformation"/>
            <span end="60789" id="15630473-5903" start="60778">transfected</span>
        </annotation>
        <annotation annotator="Mike Bada, University of Colorado Anschutz Medical Campus" id="GO_BP_2016_02_16_Instance_14085" type="identity">
            <class id="GO:0010467" label="gene expression"/>
            <span end="60857" id="15630473-6107" start="60847">expressing</span>
        </annotation>
        <annotation annotator="Mike Bada, University of Colorado Anschutz Medical Campus" id="GO_BP_2016_02_16_Instance_30501" type="identity">
            <class id="GO:0009294" label="DNA mediated transformation"/>
            <span end="60925" id="15630473-6326" start="60914">transfected</span>
        </annotation>
        <annotation annotator="Mike Bada, University of Colorado Anschutz Medical Campus" id="GO_BP_2016_02_16_Instance_14087" type="identity">
            <class id="GO:0010467" label="gene expression"/>
            <span end="61898" id="15630473-6109" start="61888">expression</span>
        </annotation>
        <annotation annotator="Mike Bada, University of Colorado Anschutz Medical Campus" id="GO_BP_2016_02_16_Instance_30503" type="identity">
            <class id="GO:0009294" label="DNA mediated transformation"/>
            <span end="62086" id="15630473-6328" start="62075">transfected</span>
        </annotation>
        <annotation annotator="Mike Bada, University of Colorado Anschutz Medical Campus" id="GO_BP_2016_02_16_Instance_14089" type="identity">
            <class id="GO:0010467" label="gene expression"/>
            <span end="62123" id="15630473-6111" start="62113">expression</span>
        </annotation>
        <annotation annotator="Mike Bada, University of Colorado Anschutz Medical Campus" id="GO_BP_2016_02_16_Instance_14091" type="identity">
            <class id="GO:0010467" label="gene expression"/>
            <span end="62155" id="15630473-6113" start="62145">expression</span>
        </annotation>
        <annotation annotator="Mike Bada, University of Colorado Anschutz Medical Campus" id="GO_BP_2016_02_16_Instance_120320" type="identity">
            <class id="GO:0009294" label="DNA mediated transformation"/>
            <span end="62358" id="15630473-5905" start="62346">transfection</span>
        </annotation>
        <annotation annotator="Mike Bada, University of Colorado Anschutz Medical Campus" id="GO_BP_2016_02_16_Instance_14093" type="identity">
            <class id="GO:0010467" label="gene expression"/>
            <span end="62626" id="15630473-6115" start="62616">Expression</span>
        </annotation>
        <annotation annotator="Mike Bada, University of Colorado Anschutz Medical Campus" id="GO_BP_2016_02_16_Instance_17019" type="identity">
            <class id="GO:0016055" label="Wnt signaling pathway"/>
            <span end="62655" id="15630473-6259" start="62652">Wnt</span>
            <span end="62676" id="15630473-6260" start="62667">signaling</span>
        </annotation>
        <annotation annotator="Mike Bada, University of Colorado Anschutz Medical Campus" id="GO_BP_2016_02_16_Instance_30505" type="identity">
            <class id="GO:0009294" label="DNA mediated transformation"/>
            <span end="63136" id="15630473-6330" start="63125">transfected</span>
        </annotation>
        <annotation annotator="Mike Bada, University of Colorado Anschutz Medical Campus" id="GO_BP_2016_02_16_Instance_14095" type="identity">
            <class id="GO:0010467" label="gene expression"/>
            <span end="63204" id="15630473-6117" start="63194">expression</span>
        </annotation>
        <annotation annotator="Mike Bada, University of Colorado Anschutz Medical Campus" id="GO_BP_2016_02_16_Instance_14097" type="identity">
            <class id="GO:0010467" label="gene expression"/>
            <span end="63546" id="15630473-6119" start="63536">expression</span>
        </annotation>
        <annotation annotator="Mike Bada, University of Colorado Anschutz Medical Campus" id="GO_BP_2016_02_16_Instance_14099" type="identity">
            <class id="GO:0010467" label="gene expression"/>
            <span end="63645" id="15630473-6121" start="63635">expression</span>
        </annotation>
        <annotation annotator="Mike Bada, University of Colorado Anschutz Medical Campus" id="GO_BP_2016_02_16_Instance_14101" type="identity">
            <class id="GO:0010467" label="gene expression"/>
            <span end="63980" id="15630473-6123" start="63970">expression</span>
        </annotation>
        <annotation annotator="Mike Bada, University of Colorado Anschutz Medical Campus" id="GO_BP_2016_02_16_Instance_30507" type="identity">
            <class id="GO:0009294" label="DNA mediated transformation"/>
            <span end="64155" id="15630473-6332" start="64144">transfected</span>
        </annotation>
        <annotation annotator="Mike Bada, University of Colorado Anschutz Medical Campus" id="GO_BP_2016_02_16_Instance_120330" type="identity">
            <class id="GO:0009294" label="DNA mediated transformation"/>
            <span end="64340" id="15630473-5907" start="64328">transfection</span>
        </annotation>
        <annotation annotator="Mike Bada, University of Colorado Anschutz Medical Campus" id="GO_BP_2016_02_16_Instance_14103" type="identity">
            <class id="GO:0010467" label="gene expression"/>
            <span end="64724" id="15630473-6125" start="64714">Expression</span>
        </annotation>
        <annotation annotator="Mike Bada, University of Colorado Anschutz Medical Campus" id="GO_BP_2016_02_16_Instance_17023" type="identity">
            <class id="GO:0065007" label="biological regulation"/>
            <span end="64737" id="15630473-6262" start="64729">Regulate</span>
        </annotation>
        <annotation annotator="Mike Bada, University of Colorado Anschutz Medical Campus" id="GO_BP_2016_02_16_Instance_14153" type="identity">
            <class id="GO:0008283" label="cell proliferation"/>
            <span end="64751" id="15630473-6173" start="64738">Proliferation</span>
        </annotation>
        <annotation annotator="Mike Bada, University of Colorado Anschutz Medical Campus" id="GO_BP_2016_02_16_Instance_14105" type="identity">
            <class id="GO:0010467" label="gene expression"/>
            <span end="64859" id="15630473-6127" start="64849">expression</span>
        </annotation>
        <annotation annotator="Mike Bada, University of Colorado Anschutz Medical Campus" id="GO_BP_2016_02_16_Instance_14107" type="identity">
            <class id="GO:0010467" label="gene expression"/>
            <span end="65098" id="15630473-6129" start="65088">expression</span>
        </annotation>
        <annotation annotator="Mike Bada, University of Colorado Anschutz Medical Campus" id="GO_BP_2016_02_16_Instance_17025" type="identity">
            <class id="GO:0007179" label="transforming growth factor beta receptor signaling pathway"/>
            <span end="65335" id="15630473-6264" start="65320">TGF-β signaling</span>
        </annotation>
        <annotation annotator="Mike Bada, University of Colorado Anschutz Medical Campus" id="GO_BP_2016_02_16_Instance_14155" type="identity">
            <class id="GO:0008283" label="cell proliferation"/>
            <span end="65362" id="15630473-6175" start="65349">Proliferation</span>
        </annotation>
        <annotation annotator="Mike Bada, University of Colorado Anschutz Medical Campus" id="GO_BP_2016_02_16_Instance_17027" type="identity">
            <class id="GO:0016055" label="Wnt signaling pathway"/>
            <span end="65527" id="15630473-6266" start="65524">Wnt</span>
            <span end="65557" id="15630473-6267" start="65539">signaling pathways</span>
        </annotation>
        <annotation annotator="Mike Bada, University of Colorado Anschutz Medical Campus" id="GO_BP_2016_02_16_Instance_14109" type="identity">
            <class id="GO:0010467" label="gene expression"/>
            <span end="65665" id="15630473-6131" start="65656">expressed</span>
        </annotation>
        <annotation annotator="Mike Bada, University of Colorado Anschutz Medical Campus" id="GO_BP_2016_02_16_Instance_43653" type="identity">
            <class id="GO:0065007" label="biological regulation"/>
            <span end="66033" id="15630473-6343" start="66025">controls</span>
        </annotation>
        <annotation annotator="Mike Bada, University of Colorado Anschutz Medical Campus" id="GO_BP_2016_02_16_Instance_24331" type="identity">
            <class id="GO:0016055" label="Wnt signaling pathway"/>
            <span end="66133" id="15630473-6295" start="66130">Wnt</span>
            <span end="66154" id="15630473-6296" start="66145">signaling</span>
        </annotation>
        <annotation annotator="Mike Bada, University of Colorado Anschutz Medical Campus" id="GO_BP_2016_02_16_Instance_17029" type="identity">
            <class id="GO:0065007" label="biological regulation"/>
            <span end="66377" id="15630473-6269" start="66366">controlling</span>
        </annotation>
        <annotation annotator="Mike Bada, University of Colorado Anschutz Medical Campus" id="GO_BP_2016_02_16_Instance_17033" type="identity">
            <class id="GO:0031069" label="hair follicle morphogenesis"/>
            <span end="66556" id="15630473-6271" start="66529">hair follicle morphogenesis</span>
        </annotation>
        <graph-space id="Old Knowtator Relations"/>
    </document>
</knowtator-project>
