<?xml version="1.0" encoding="UTF-8" standalone="no"?>
<knowtator-project>
  <document id="15676071" text-file="15676071.txt">
    <annotation annotator="Mike Bada, University of Colorado Anschutz Medical Campus" id="GO_BP_2016_02_16_Instance_53587" type="identity">
      <class id="GO:0007416" label="synapse assembly"/>
      <span end="14" id="15676071-6593" start="0">Synaptogenesis</span>
    </annotation>
    <annotation annotator="Mike Bada, University of Colorado Anschutz Medical Campus" id="GO_BP_2016_02_16_Instance_26423" type="identity">
      <class id="GO:0007567" label="parturition"/>
      <span end="215" id="15676071-6441" start="210">birth</span>
    </annotation>
    <annotation annotator="Mike Bada, University of Colorado Anschutz Medical Campus" id="GO_BP_2016_02_16_Instance_26427" type="identity">
      <class id="GO:0060041" label="retina development in camera-type eye"/>
      <span end="266" id="15676071-6445" start="252">development of</span>
      <span end="284" id="15676071-6446" start="278">retina</span>
    </annotation>
    <annotation annotator="Mike Bada, University of Colorado Anschutz Medical Campus" id="GO_BP_2016_02_16_Instance_26589" type="identity">
      <class id="GO:0042461" label="photoreceptor cell development"/>
      <span end="332" id="15676071-6562" start="321">development</span>
      <span end="371" id="15676071-6563" start="349">of photoreceptor cells</span>
    </annotation>
    <annotation annotator="Mike Bada, University of Colorado Anschutz Medical Campus" id="GO_BP_2016_02_16_Instance_26439" type="identity">
      <class id="GO:0009653" label="anatomical structure morphogenesis"/>
      <span end="761" id="15676071-6459" start="748">morphogenesis</span>
    </annotation>
    <annotation annotator="Mike Bada, University of Colorado Anschutz Medical Campus" id="GO_BP_2016_02_16_Instance_53589" type="identity">
      <class id="GO:0007602" label="phototransduction"/>
      <span end="870" id="15676071-6595" start="853">phototransduction</span>
    </annotation>
    <annotation annotator="Mike Bada, University of Colorado Anschutz Medical Campus" id="GO_BP_2016_02_16_Instance_53591" type="identity">
      <class id="GO:0007416" label="synapse assembly"/>
      <span end="1049" id="15676071-6597" start="1035">synaptogenesis</span>
    </annotation>
    <annotation annotator="Mike Bada, University of Colorado Anschutz Medical Campus" id="GO_BP_2016_02_16_Instance_26441" type="identity">
      <class id="GO:0042461" label="photoreceptor cell development"/>
      <span end="1187" id="15676071-6461" start="1162">photoreceptor development</span>
    </annotation>
    <annotation annotator="Mike Bada, University of Colorado Anschutz Medical Campus" id="GO_BP_2016_02_16_Instance_26575" type="identity">
      <class id="GO:0007601" label="visual perception"/>
      <span end="1310" id="15676071-6556" start="1304">vision</span>
    </annotation>
    <annotation annotator="Mike Bada, University of Colorado Anschutz Medical Campus" id="GO_BP_2016_02_16_Instance_53593" type="identity">
      <class id="GO:0007602" label="phototransduction"/>
      <span end="1723" id="15676071-6599" start="1706">phototransduction</span>
    </annotation>
    <annotation annotator="Mike Bada, University of Colorado Anschutz Medical Campus" id="GO_BP_2016_02_16_Instance_26429" type="identity">
      <class id="GO:0042461" label="photoreceptor cell development"/>
      <span end="1756" id="15676071-6448" start="1742">development of</span>
      <span end="1782" id="15676071-6449" start="1768">photoreceptors</span>
    </annotation>
    <annotation annotator="Mike Bada, University of Colorado Anschutz Medical Campus" id="GO_BP_2016_02_16_Instance_26447" type="identity">
      <class id="GO:0065007" label="biological regulation"/>
      <span end="1902" id="15676071-6463" start="1892">regulating</span>
    </annotation>
    <annotation annotator="Mike Bada, University of Colorado Anschutz Medical Campus" id="GO_BP_2016_02_16_Instance_26431" type="identity">
      <class id="GO:0042461" label="photoreceptor cell development"/>
      <span end="1928" id="15676071-6451" start="1903">photoreceptor development</span>
    </annotation>
    <annotation annotator="Mike Bada, University of Colorado Anschutz Medical Campus" id="GO_BP_2016_02_16_Instance_26467" type="identity">
      <class id="GO:0010467" label="gene expression"/>
      <span end="2034" id="15676071-6477" start="2025">expressed</span>
    </annotation>
    <annotation annotator="Mike Bada, University of Colorado Anschutz Medical Campus" id="GO_BP_2016_02_16_Instance_53595" type="identity">
      <class id="GO:0010467" label="gene expression"/>
      <span end="2152" id="15676071-6601" start="2137">gene expression</span>
    </annotation>
    <annotation annotator="Mike Bada, University of Colorado Anschutz Medical Campus" id="GO_BP_2016_02_16_Instance_26469" type="identity">
      <class id="GO:0010467" label="gene expression"/>
      <span end="2249" id="15676071-6479" start="2240">expressed</span>
    </annotation>
    <annotation annotator="Mike Bada, University of Colorado Anschutz Medical Campus" id="GO_BP_2016_02_16_Instance_26471" type="identity">
      <class id="GO:0010467" label="gene expression"/>
      <span end="2414" id="15676071-6481" start="2404">expression</span>
    </annotation>
    <annotation annotator="Mike Bada, University of Colorado Anschutz Medical Campus" id="GO_BP_2016_02_16_Instance_26449" type="identity">
      <class id="GO:0065007" label="biological regulation"/>
      <span end="2544" id="15676071-6465" start="2534">regulatory</span>
    </annotation>
    <annotation annotator="Mike Bada, University of Colorado Anschutz Medical Campus" id="GO_BP_2016_02_16_Instance_22017" type="identity">
      <class id="GO:0030154" label="cell differentiation"/>
      <span end="2867" id="15676071-6435" start="2852">differentiation</span>
      <span end="2887" id="15676071-6436" start="2885">of</span>
      <span end="2907" id="15676071-6437" start="2902">cells</span>
    </annotation>
    <annotation annotator="Mike Bada, University of Colorado Anschutz Medical Campus" id="GO_BP_2016_02_16_Instance_26577" type="identity">
      <class id="GO:0007601" label="visual perception"/>
      <span end="3074" id="15676071-6558" start="3068">vision</span>
    </annotation>
    <annotation annotator="Mike Bada, University of Colorado Anschutz Medical Campus" id="GO_BP_2016_02_16_Instance_26425" type="identity">
      <class id="GO:0007567" label="parturition"/>
      <span end="3085" id="15676071-6443" start="3080">birth</span>
    </annotation>
    <annotation annotator="Mike Bada, University of Colorado Anschutz Medical Campus" id="GO_BP_2016_02_16_Instance_26433" type="identity">
      <class id="GO:0042461" label="photoreceptor cell development"/>
      <span end="4382" id="15676071-6453" start="4357">photoreceptor development</span>
    </annotation>
    <annotation annotator="Mike Bada, University of Colorado Anschutz Medical Campus" id="GO_BP_2016_02_16_Instance_53597" type="identity">
      <class id="GO:0007602" label="phototransduction"/>
      <span end="4710" id="15676071-6603" start="4685">phototransduction cascade</span>
    </annotation>
    <annotation annotator="Mike Bada, University of Colorado Anschutz Medical Campus" id="GO_BP_2016_02_16_Instance_26451" type="identity">
      <class id="GO:0065007" label="biological regulation"/>
      <span end="5395" id="15676071-6467" start="5385">regulating</span>
    </annotation>
    <annotation annotator="Mike Bada, University of Colorado Anschutz Medical Campus" id="GO_BP_2016_02_16_Instance_26605" type="identity">
      <class id="GO:0007416" label="synapse assembly"/>
      <span end="5412" id="15676071-6565" start="5400">formation of</span>
      <span end="5439" id="15676071-6566" start="5431">synapses</span>
    </annotation>
    <annotation annotator="Mike Bada, University of Colorado Anschutz Medical Campus" id="GO_BP_2016_02_16_Instance_120344" type="identity">
      <class id="GO:0065007" label="biological regulation"/>
      <span end="5589" id="15676071-6427" start="5579">regulatory</span>
    </annotation>
    <annotation annotator="Mike Bada, University of Colorado Anschutz Medical Campus" id="GO_BP_2016_02_16_Instance_26607" type="identity">
      <class id="GO:0007416" label="synapse assembly"/>
      <span end="5793" id="15676071-6568" start="5776">synapse formation</span>
    </annotation>
    <annotation annotator="Mike Bada, University of Colorado Anschutz Medical Campus" id="GO_BP_2016_02_16_Instance_53599" type="identity">
      <class id="GO:0007416" label="synapse assembly"/>
      <span end="6310" id="15676071-6605" start="6296">synaptogenesis</span>
    </annotation>
    <annotation annotator="Mike Bada, University of Colorado Anschutz Medical Campus" id="GO_BP_2016_02_16_Instance_26609" type="identity">
      <class id="GO:0007416" label="synapse assembly"/>
      <span end="6398" id="15676071-6570" start="6381">synapse formation</span>
    </annotation>
    <annotation annotator="Mike Bada, University of Colorado Anschutz Medical Campus" id="GO_BP_2016_02_16_Instance_26559" type="identity">
      <class id="GO:0008594" label="photoreceptor cell morphogenesis"/>
      <span end="6758" id="15676071-6545" start="6731">photoreceptor morphogenesis</span>
    </annotation>
    <annotation annotator="Mike Bada, University of Colorado Anschutz Medical Campus" id="GO_BP_2016_02_16_Instance_120346" type="identity">
      <class id="GO:0007567" label="parturition"/>
      <span end="6861" id="15676071-6429" start="6856">natal</span>
    </annotation>
    <annotation annotator="Mike Bada, University of Colorado Anschutz Medical Campus" id="GO_BP_2016_02_16_Instance_26531" type="identity">
      <class id="GO:0019835" label="cytolysis"/>
      <span end="7412" id="15676071-6519" start="7407">lysis</span>
    </annotation>
    <annotation annotator="Mike Bada, University of Colorado Anschutz Medical Campus" id="GO_BP_2016_02_16_Instance_26533" type="identity">
      <class id="GO:0042384" label="cilium assembly"/>
      <span end="8749" id="15676071-6521" start="8737">ciliogenesis</span>
    </annotation>
    <annotation annotator="Mike Bada, University of Colorado Anschutz Medical Campus" id="GO_BP_2016_02_16_Instance_26535" type="identity">
      <class id="GO:0042384" label="cilium assembly"/>
      <span end="9128" id="15676071-6523" start="9116">ciliogenesis</span>
    </annotation>
    <annotation annotator="Mike Bada, University of Colorado Anschutz Medical Campus" id="GO_BP_2016_02_16_Instance_26611" type="identity">
      <class id="GO:0030263" label="apoptotic chromosome condensation"/>
      <span end="9442" id="15676071-6572" start="9434">pyknotic</span>
    </annotation>
    <annotation annotator="Mike Bada, University of Colorado Anschutz Medical Campus" id="GO_BP_2016_02_16_Instance_26613" type="identity">
      <class id="GO:0030263" label="apoptotic chromosome condensation"/>
      <span end="10473" id="15676071-6574" start="10465">pyknotic</span>
    </annotation>
    <annotation annotator="Mike Bada, University of Colorado Anschutz Medical Campus" id="GO_BP_2016_02_16_Instance_26561" type="identity">
      <class id="GO:0008594" label="photoreceptor cell morphogenesis"/>
      <span end="11024" id="15676071-6547" start="11008">morphogenesis of</span>
      <span end="11046" id="15676071-6548" start="11032">photoreceptors</span>
    </annotation>
    <annotation annotator="Mike Bada, University of Colorado Anschutz Medical Campus" id="GO_BP_2016_02_16_Instance_26537" type="identity">
      <class id="GO:0009653" label="anatomical structure morphogenesis"/>
      <span end="12797" id="15676071-6525" start="12784">morphogenesis</span>
    </annotation>
    <annotation annotator="Mike Bada, University of Colorado Anschutz Medical Campus" id="GO_BP_2016_02_16_Instance_26473" type="identity">
      <class id="GO:0010467" label="gene expression"/>
      <span end="14269" id="15676071-6483" start="14259">expression</span>
    </annotation>
    <annotation annotator="Mike Bada, University of Colorado Anschutz Medical Campus" id="GO_BP_2016_02_16_Instance_26475" type="identity">
      <class id="GO:0010467" label="gene expression"/>
      <span end="15002" id="15676071-6485" start="14992">expression</span>
    </annotation>
    <annotation annotator="Mike Bada, University of Colorado Anschutz Medical Campus" id="GO_BP_2016_02_16_Instance_26539" type="identity">
      <class id="GO:0009653" label="anatomical structure morphogenesis"/>
      <span end="19245" id="15676071-6527" start="19232">morphogenesis</span>
    </annotation>
    <annotation annotator="Mike Bada, University of Colorado Anschutz Medical Campus" id="GO_BP_2016_02_16_Instance_26627" type="identity">
      <class id="GO:0007416" label="synapse assembly"/>
      <span end="19411" id="15676071-6576" start="19394">synapse formation</span>
    </annotation>
    <annotation annotator="Mike Bada, University of Colorado Anschutz Medical Campus" id="GO_BP_2016_02_16_Instance_53601" type="identity">
      <class id="GO:0007416" label="synapse assembly"/>
      <span end="19465" id="15676071-6607" start="19451">synaptogenesis</span>
    </annotation>
    <annotation annotator="Mike Bada, University of Colorado Anschutz Medical Campus" id="GO_BP_2016_02_16_Instance_26541" type="identity">
      <class id="GO:0009653" label="anatomical structure morphogenesis"/>
      <span end="19566" id="15676071-6529" start="19553">morphogenesis</span>
    </annotation>
    <annotation annotator="Mike Bada, University of Colorado Anschutz Medical Campus" id="GO_BP_2016_02_16_Instance_26543" type="identity">
      <class id="GO:0008594" label="photoreceptor cell morphogenesis"/>
      <span end="19874" id="15676071-6531" start="19847">photoreceptor morphogenesis</span>
    </annotation>
    <annotation annotator="Mike Bada, University of Colorado Anschutz Medical Campus" id="GO_BP_2016_02_16_Instance_26629" type="identity">
      <class id="GO:0030397" label="membrane disassembly"/>
      <span end="20116" id="15676071-6578" start="20104">breakdown of</span>
      <span end="20140" id="15676071-6579" start="20131">membranes</span>
    </annotation>
    <annotation annotator="Mike Bada, University of Colorado Anschutz Medical Campus" id="GO_BP_2016_02_16_Instance_21809" type="identity">
      <class id="GO:0065007" label="biological regulation"/>
      <span end="21137" id="15676071-6433" start="21129">controls</span>
    </annotation>
    <annotation annotator="Mike Bada, University of Colorado Anschutz Medical Campus" id="GO_BP_2016_02_16_Instance_53603" type="identity">
      <class id="GO:0010467" label="gene expression"/>
      <span end="21357" id="15676071-6609" start="21342">gene expression</span>
    </annotation>
    <annotation annotator="Mike Bada, University of Colorado Anschutz Medical Campus" id="GO_BP_2016_02_16_Instance_26477" type="identity">
      <class id="GO:0010467" label="gene expression"/>
      <span end="21447" id="15676071-6487" start="21437">expression</span>
    </annotation>
    <annotation annotator="Mike Bada, University of Colorado Anschutz Medical Campus" id="GO_BP_2016_02_16_Instance_26479" type="identity">
      <class id="GO:0010467" label="gene expression"/>
      <span end="21504" id="15676071-6489" start="21494">expression</span>
    </annotation>
    <annotation annotator="Mike Bada, University of Colorado Anschutz Medical Campus" id="GO_BP_2016_02_16_Instance_26481" type="identity">
      <class id="GO:0010467" label="gene expression"/>
      <span end="21652" id="15676071-6491" start="21642">expression</span>
    </annotation>
    <annotation annotator="Mike Bada, University of Colorado Anschutz Medical Campus" id="GO_BP_2016_02_16_Instance_26483" type="identity">
      <class id="GO:0010467" label="gene expression"/>
      <span end="21769" id="15676071-6493" start="21759">expression</span>
    </annotation>
    <annotation annotator="Mike Bada, University of Colorado Anschutz Medical Campus" id="GO_BP_2016_02_16_Instance_26485" type="identity">
      <class id="GO:0010467" label="gene expression"/>
      <span end="21818" id="15676071-6495" start="21808">expression</span>
    </annotation>
    <annotation annotator="Mike Bada, University of Colorado Anschutz Medical Campus" id="GO_BP_2016_02_16_Instance_26487" type="identity">
      <class id="GO:0010467" label="gene expression"/>
      <span end="21927" id="15676071-6497" start="21918">expressed</span>
    </annotation>
    <annotation annotator="Mike Bada, University of Colorado Anschutz Medical Campus" id="GO_BP_2016_02_16_Instance_26489" type="identity">
      <class id="GO:0010467" label="gene expression"/>
      <span end="22253" id="15676071-6499" start="22243">expression</span>
    </annotation>
    <annotation annotator="Mike Bada, University of Colorado Anschutz Medical Campus" id="GO_BP_2016_02_16_Instance_53605" type="identity">
      <class id="GO:0042052" label="rhabdomere development"/>
      <span end="22283" id="15676071-6611" start="22261">rhabdomere development</span>
    </annotation>
    <annotation annotator="Mike Bada, University of Colorado Anschutz Medical Campus" id="GO_BP_2016_02_16_Instance_26635" type="identity">
      <class id="GO:0065007" label="biological regulation"/>
      <span end="22341" id="15676071-6581" start="22334">control</span>
    </annotation>
    <annotation annotator="Mike Bada, University of Colorado Anschutz Medical Campus" id="GO_BP_2016_02_16_Instance_26491" type="identity">
      <class id="GO:0010467" label="gene expression"/>
      <span end="22628" id="15676071-6501" start="22618">expression</span>
    </annotation>
    <annotation annotator="Mike Bada, University of Colorado Anschutz Medical Campus" id="GO_BP_2016_02_16_Instance_26493" type="identity">
      <class id="GO:0010467" label="gene expression"/>
      <span end="22728" id="15676071-6503" start="22718">expression</span>
    </annotation>
    <annotation annotator="Mike Bada, University of Colorado Anschutz Medical Campus" id="GO_BP_2016_02_16_Instance_120352" type="identity">
      <class id="GO:0061541" label="rhabdomere morphogenesis"/>
      <span end="22825" id="15676071-6431" start="22801">rhabdomere morphogenesis</span>
    </annotation>
    <annotation annotator="Mike Bada, University of Colorado Anschutz Medical Campus" id="GO_BP_2016_02_16_Instance_26455" type="identity">
      <class id="GO:0065007" label="biological regulation"/>
      <span end="23016" id="15676071-6469" start="23006">regulation</span>
    </annotation>
    <annotation annotator="Mike Bada, University of Colorado Anschutz Medical Campus" id="GO_BP_2016_02_16_Instance_43655" type="identity">
      <class id="GO:0065007" label="biological regulation"/>
      <span end="23064" id="15676071-6591" start="23057">control</span>
    </annotation>
    <annotation annotator="Mike Bada, University of Colorado Anschutz Medical Campus" id="GO_BP_2016_02_16_Instance_26459" type="identity">
      <class id="GO:0065007" label="biological regulation"/>
      <span end="23159" id="15676071-6471" start="23149">regulating</span>
    </annotation>
    <annotation annotator="Mike Bada, University of Colorado Anschutz Medical Campus" id="GO_BP_2016_02_16_Instance_26547" type="identity">
      <class id="GO:0009653" label="anatomical structure morphogenesis"/>
      <span end="23187" id="15676071-6533" start="23174">morphogenesis</span>
    </annotation>
    <annotation annotator="Mike Bada, University of Colorado Anschutz Medical Campus" id="GO_BP_2016_02_16_Instance_26549" type="identity">
      <class id="GO:0008594" label="photoreceptor cell morphogenesis"/>
      <span end="23467" id="15676071-6535" start="23440">photoreceptor morphogenesis</span>
    </annotation>
    <annotation annotator="Mike Bada, University of Colorado Anschutz Medical Campus" id="GO_BP_2016_02_16_Instance_26495" type="identity">
      <class id="GO:0010467" label="gene expression"/>
      <span end="23587" id="15676071-6505" start="23578">expressed</span>
    </annotation>
    <annotation annotator="Mike Bada, University of Colorado Anschutz Medical Campus" id="GO_BP_2016_02_16_Instance_26497" type="identity">
      <class id="GO:0010467" label="gene expression"/>
      <span end="23749" id="15676071-6507" start="23739">expression</span>
    </annotation>
    <annotation annotator="Mike Bada, University of Colorado Anschutz Medical Campus" id="GO_BP_2016_02_16_Instance_26637" type="identity">
      <class id="GO:0006629" label="lipid metabolic process"/>
      <span end="23815" id="15676071-6583" start="23799">lipid metabolism</span>
    </annotation>
    <annotation annotator="Mike Bada, University of Colorado Anschutz Medical Campus" id="GO_BP_2016_02_16_Instance_53607" type="identity">
      <class id="GO:0006457" label="protein folding"/>
      <span end="23832" id="15676071-6613" start="23817">protein folding</span>
    </annotation>
    <annotation annotator="Mike Bada, University of Colorado Anschutz Medical Campus" id="GO_BP_2016_02_16_Instance_26569" type="identity">
      <class id="GO:0042384" label="cilium assembly"/>
      <span end="24369" id="15676071-6550" start="24357">ciliogenesis</span>
    </annotation>
    <annotation annotator="Mike Bada, University of Colorado Anschutz Medical Campus" id="GO_BP_2016_02_16_Instance_26571" type="identity">
      <class id="GO:0042384" label="cilium assembly"/>
      <span end="24456" id="15676071-6552" start="24444">ciliogenesis</span>
    </annotation>
    <annotation annotator="Mike Bada, University of Colorado Anschutz Medical Campus" id="GO_BP_2016_02_16_Instance_26551" type="identity">
      <class id="GO:0008594" label="photoreceptor cell morphogenesis"/>
      <span end="24574" id="15676071-6537" start="24547">photoreceptor morphogenesis</span>
    </annotation>
    <annotation annotator="Mike Bada, University of Colorado Anschutz Medical Campus" id="GO_BP_2016_02_16_Instance_53611" type="identity">
      <class id="GO:0007416" label="synapse assembly"/>
      <span end="24785" id="15676071-6615" start="24771">synaptogenesis</span>
    </annotation>
    <annotation annotator="Mike Bada, University of Colorado Anschutz Medical Campus" id="GO_BP_2016_02_16_Instance_26435" type="identity">
      <class id="GO:0060041" label="retina development in camera-type eye"/>
      <span end="24951" id="15676071-6455" start="24932">retinal development</span>
    </annotation>
    <annotation annotator="Mike Bada, University of Colorado Anschutz Medical Campus" id="GO_BP_2016_02_16_Instance_53613" type="identity">
      <class id="GO:0007416" label="synapse assembly"/>
      <span end="24968" id="15676071-6617" start="24954">Synaptogenesis</span>
    </annotation>
    <annotation annotator="Mike Bada, University of Colorado Anschutz Medical Campus" id="GO_BP_2016_02_16_Instance_53615" type="identity">
      <class id="GO:0007416" label="synapse assembly"/>
      <span end="25487" id="15676071-6619" start="25473">synaptogenesis</span>
    </annotation>
    <annotation annotator="Mike Bada, University of Colorado Anschutz Medical Campus" id="GO_BP_2016_02_16_Instance_53617" type="identity">
      <class id="GO:0007602" label="phototransduction"/>
      <span end="25698" id="15676071-6621" start="25681">phototransduction</span>
    </annotation>
    <annotation annotator="Mike Bada, University of Colorado Anschutz Medical Campus" id="GO_BP_2016_02_16_Instance_53619" type="identity">
      <class id="GO:0007602" label="phototransduction"/>
      <span end="26012" id="15676071-6623" start="25995">phototransduction</span>
    </annotation>
    <annotation annotator="Mike Bada, University of Colorado Anschutz Medical Campus" id="GO_BP_2016_02_16_Instance_26643" type="identity">
      <class id="GO:0007416" label="synapse assembly"/>
      <span end="26034" id="15676071-6585" start="26017">synapse formation</span>
    </annotation>
    <annotation annotator="Mike Bada, University of Colorado Anschutz Medical Campus" id="GO_BP_2016_02_16_Instance_26645" type="identity">
      <class id="GO:0007416" label="synapse assembly"/>
      <span end="26316" id="15676071-6587" start="26299">synapse formation</span>
    </annotation>
    <annotation annotator="Mike Bada, University of Colorado Anschutz Medical Campus" id="GO_BP_2016_02_16_Instance_22683" type="identity">
      <class id="GO:0065007" label="biological regulation"/>
      <span end="26339" id="15676071-6439" start="26329">regulating</span>
    </annotation>
    <annotation annotator="Mike Bada, University of Colorado Anschutz Medical Campus" id="GO_BP_2016_02_16_Instance_26499" type="identity">
      <class id="GO:0010467" label="gene expression"/>
      <span end="26452" id="15676071-6509" start="26442">expression</span>
    </annotation>
    <annotation annotator="Mike Bada, University of Colorado Anschutz Medical Campus" id="GO_BP_2016_02_16_Instance_26501" type="identity">
      <class id="GO:0010467" label="gene expression"/>
      <span end="26890" id="15676071-6511" start="26881">expressed</span>
    </annotation>
    <annotation annotator="Mike Bada, University of Colorado Anschutz Medical Campus" id="GO_BP_2016_02_16_Instance_26503" type="identity">
      <class id="GO:0010467" label="gene expression"/>
      <span end="26955" id="15676071-6513" start="26945">expression</span>
    </annotation>
    <annotation annotator="Mike Bada, University of Colorado Anschutz Medical Campus" id="GO_BP_2016_02_16_Instance_26553" type="identity">
      <class id="GO:0008594" label="photoreceptor cell morphogenesis"/>
      <span end="27064" id="15676071-6539" start="27037">photoreceptor morphogenesis</span>
    </annotation>
    <annotation annotator="Mike Bada, University of Colorado Anschutz Medical Campus" id="GO_BP_2016_02_16_Instance_26505" type="identity">
      <class id="GO:0010467" label="gene expression"/>
      <span end="27111" id="15676071-6515" start="27102">expressed</span>
    </annotation>
    <annotation annotator="Mike Bada, University of Colorado Anschutz Medical Campus" id="GO_BP_2016_02_16_Instance_26461" type="identity">
      <class id="GO:0065007" label="biological regulation"/>
      <span end="27230" id="15676071-6473" start="27221">regulated</span>
    </annotation>
    <annotation annotator="Mike Bada, University of Colorado Anschutz Medical Campus" id="GO_BP_2016_02_16_Instance_26465" type="identity">
      <class id="GO:0065007" label="biological regulation"/>
      <span end="27923" id="15676071-6475" start="27913">regulating</span>
    </annotation>
    <annotation annotator="Mike Bada, University of Colorado Anschutz Medical Campus" id="GO_BP_2016_02_16_Instance_26437" type="identity">
      <class id="GO:0060041" label="retina development in camera-type eye"/>
      <span end="28198" id="15676071-6457" start="28179">retinal development</span>
    </annotation>
    <annotation annotator="Mike Bada, University of Colorado Anschutz Medical Campus" id="GO_BP_2016_02_16_Instance_26555" type="identity">
      <class id="GO:0008594" label="photoreceptor cell morphogenesis"/>
      <span end="28918" id="15676071-6541" start="28891">photoreceptor morphogenesis</span>
    </annotation>
    <annotation annotator="Mike Bada, University of Colorado Anschutz Medical Campus" id="GO_BP_2016_02_16_Instance_26579" type="identity">
      <class id="GO:0007601" label="visual perception"/>
      <span end="29440" id="15676071-6560" start="29434">vision</span>
    </annotation>
    <annotation annotator="Mike Bada, University of Colorado Anschutz Medical Campus" id="GO_BP_2016_02_16_Instance_26573" type="identity">
      <class id="GO:0007601" label="visual perception"/>
      <span end="29537" id="15676071-6554" start="29531">vision</span>
    </annotation>
    <annotation annotator="Mike Bada, University of Colorado Anschutz Medical Campus" id="GO_BP_2016_02_16_Instance_26647" type="identity">
      <class id="GO:0007601" label="visual perception"/>
      <span end="29644" id="15676071-6589" start="29638">vision</span>
    </annotation>
    <annotation annotator="Mike Bada, University of Colorado Anschutz Medical Campus" id="GO_BP_2016_02_16_Instance_26507" type="identity">
      <class id="GO:0010467" label="gene expression"/>
      <span end="29745" id="15676071-6517" start="29736">expressed</span>
    </annotation>
    <annotation annotator="Mike Bada, University of Colorado Anschutz Medical Campus" id="GO_BP_2016_02_16_Instance_53621" type="identity">
      <class id="GO:0007602" label="phototransduction"/>
      <span end="29898" id="15676071-6625" start="29881">phototransduction</span>
    </annotation>
    <annotation annotator="Mike Bada, University of Colorado Anschutz Medical Campus" id="GO_BP_2016_02_16_with_nested_annotations_Instance_10166" type="identity">
      <class id="GO:0009888" label="tissue development"/>
      <span end="30800" id="15676071-6629" start="30788">formation of</span>
      <span end="30815" id="15676071-6630" start="30809">tissue</span>
    </annotation>
    <annotation annotator="Mike Bada, University of Colorado Anschutz Medical Campus" id="GO_BP_2016_02_16_Instance_26557" type="identity">
      <class id="GO:0009653" label="anatomical structure morphogenesis"/>
      <span end="31504" id="15676071-6543" start="31491">morphogenesis</span>
    </annotation>
    <annotation annotator="Mike Bada, University of Colorado Anschutz Medical Campus" id="GO_BP_2016_02_16_Instance_53623" type="identity">
      <class id="GO:0007416" label="synapse assembly"/>
      <span end="31520" id="15676071-6627" start="31506">synaptogenesis</span>
    </annotation>
    <annotation annotator="Mike Bada, University of Colorado Anschutz Medical Campus" id="GO_BP_2016_02_16_with_nested_annotations_Instance_10672" type="identity">
      <class id="GO:0007567" label="parturition"/>
      <span end="31931" id="15676071-6632" start="31926">natal</span>
    </annotation>
    <graph-space id="Old Knowtator Relations"/>
  </document>
</knowtator-project>
