<?xml version="1.0" encoding="UTF-8" standalone="no"?>
<knowtator-project>
  <document id="15836427" text-file="15836427.txt">
    <annotation annotator="Mike Bada, University of Colorado Anschutz Medical Campus" id="GO_BP_2016_02_16_Instance_28513" type="identity">
      <class id="GO:0010467" label="gene expression"/>
      <span end="291" id="15836427-7316" start="281">expression</span>
    </annotation>
    <annotation annotator="Mike Bada, University of Colorado Anschutz Medical Campus" id="GO_BP_2016_02_16_Instance_28747" type="identity">
      <class id="GO:0065007" label="biological regulation"/>
      <span end="300" id="15836427-7538" start="292">controls</span>
    </annotation>
    <annotation annotator="Mike Bada, University of Colorado Anschutz Medical Campus" id="GO_BP_2016_02_16_Instance_44547" type="identity">
      <class id="GO:0010467" label="gene expression"/>
      <span end="437" id="15836427-7736" start="422">gene expression</span>
    </annotation>
    <annotation annotator="Mike Bada, University of Colorado Anschutz Medical Campus" id="GO_BP_2016_02_16_Instance_28515" type="identity">
      <class id="GO:0010467" label="gene expression"/>
      <span end="580" id="15836427-7318" start="570">expression</span>
    </annotation>
    <annotation annotator="Mike Bada, University of Colorado Anschutz Medical Campus" id="GO_BP_2016_02_16_Instance_28785" type="identity">
      <class id="GO:0042551" label="neuron maturation"/>
      <span end="952" id="15836427-7575" start="933">neuronal maturation</span>
    </annotation>
    <annotation annotator="Mike Bada, University of Colorado Anschutz Medical Campus" id="GO_BP_2016_02_16_Instance_28517" type="identity">
      <class id="GO:0010467" label="gene expression"/>
      <span end="1062" id="15836427-7320" start="1055">express</span>
    </annotation>
    <annotation annotator="Mike Bada, University of Colorado Anschutz Medical Campus" id="GO_BP_2016_02_16_Instance_28231" type="identity">
      <class id="GO:0007409" label="axonogenesis"/>
      <span end="1174" id="15836427-7314" start="1146">long-distance axon outgrowth</span>
    </annotation>
    <annotation annotator="Mike Bada, University of Colorado Anschutz Medical Campus" id="GO_BP_2016_02_16_Instance_44549" type="identity">
      <class id="GO:0007416" label="synapse assembly"/>
      <span end="1233" id="15836427-7738" start="1219">synaptogenesis</span>
    </annotation>
    <annotation annotator="Mike Bada, University of Colorado Anschutz Medical Campus" id="GO_BP_2016_02_16_Instance_28519" type="identity">
      <class id="GO:0010467" label="gene expression"/>
      <span end="1324" id="15836427-7322" start="1314">expression</span>
    </annotation>
    <annotation annotator="Mike Bada, University of Colorado Anschutz Medical Campus" id="GO_BP_2016_02_16_Instance_28521" type="identity">
      <class id="GO:0010467" label="gene expression"/>
      <span end="1412" id="15836427-7324" start="1402">expression</span>
    </annotation>
    <annotation annotator="Mike Bada, University of Colorado Anschutz Medical Campus" id="GO_BP_2016_02_16_Instance_140154" type="identity">
      <class id="GO:0007049" label="cell cycle"/>
      <span end="1440" id="15836427-7266" start="1430">cell cycle</span>
    </annotation>
    <annotation annotator="Mike Bada, University of Colorado Anschutz Medical Campus" id="GO_BP_2016_02_16_Instance_28523" type="identity">
      <class id="GO:0010467" label="gene expression"/>
      <span end="1485" id="15836427-7326" start="1475">expression</span>
    </annotation>
    <annotation annotator="Mike Bada, University of Colorado Anschutz Medical Campus" id="GO_BP_2016_02_16_Instance_140156" type="identity">
      <class id="GO:0007049" label="cell cycle"/>
      <span end="1584" id="15836427-7268" start="1574">cell cycle</span>
    </annotation>
    <annotation annotator="Mike Bada, University of Colorado Anschutz Medical Campus" id="GO_BP_2016_02_16_Instance_28749" type="identity">
      <class id="GO:0065007" label="biological regulation"/>
      <span end="1954" id="15836427-7540" start="1947">control</span>
    </annotation>
    <annotation annotator="Mike Bada, University of Colorado Anschutz Medical Campus" id="GO_BP_2016_02_16_Instance_28843" type="identity">
      <class id="GO:0065007" label="biological regulation"/>
      <span end="2076" id="15836427-7601" start="2066">regulating</span>
    </annotation>
    <annotation annotator="Mike Bada, University of Colorado Anschutz Medical Campus" id="GO_BP_2016_02_16_Instance_140158" type="identity">
      <class id="GO:0038179" label="neurotrophin signaling pathway"/>
      <span end="2321" id="15836427-7270" start="2299">neurotrophin signaling</span>
    </annotation>
    <annotation annotator="Mike Bada, University of Colorado Anschutz Medical Campus" id="GO_BP_2016_02_16_Instance_140162" type="identity">
      <class id="GO:0038179" label="neurotrophin signaling pathway"/>
      <span end="2447" id="15836427-7272" start="2425">neurotrophin signaling</span>
    </annotation>
    <annotation annotator="Mike Bada, University of Colorado Anschutz Medical Campus" id="GO_BP_2016_02_16_Instance_28751" type="identity">
      <class id="GO:0065007" label="biological regulation"/>
      <span end="2456" id="15836427-7542" start="2448">controls</span>
    </annotation>
    <annotation annotator="Mike Bada, University of Colorado Anschutz Medical Campus" id="GO_BP_2016_02_16_Instance_29055" type="identity">
      <class id="GO:0019233" label="sensory perception of pain"/>
      <span end="2509" id="15836427-7730" start="2498">nociceptive</span>
    </annotation>
    <annotation annotator="Mike Bada, University of Colorado Anschutz Medical Campus" id="GO_BP_2016_02_16_Instance_28753" type="identity">
      <class id="GO:0065007" label="biological regulation"/>
      <span end="2537" id="15836427-7544" start="2530">control</span>
    </annotation>
    <annotation annotator="Mike Bada, University of Colorado Anschutz Medical Campus" id="GO_BP_2016_02_16_Instance_44555" type="identity">
      <class id="GO:0007049" label="cell cycle"/>
      <span end="2699" id="15836427-7740" start="2689">cell cycle</span>
    </annotation>
    <annotation annotator="Mike Bada, University of Colorado Anschutz Medical Campus" id="GO_BP_2016_02_16_Instance_28755" type="identity">
      <class id="GO:0065007" label="biological regulation"/>
      <span end="2939" id="15836427-7546" start="2932">control</span>
    </annotation>
    <annotation annotator="Mike Bada, University of Colorado Anschutz Medical Campus" id="GO_BP_2016_02_16_Instance_28525" type="identity">
      <class id="GO:0010467" label="gene expression"/>
      <span end="3021" id="15836427-7328" start="3011">expressing</span>
    </annotation>
    <annotation annotator="Mike Bada, University of Colorado Anschutz Medical Campus" id="GO_BP_2016_02_16_Instance_28527" type="identity">
      <class id="GO:0010467" label="gene expression"/>
      <span end="3149" id="15836427-7330" start="3139">expression</span>
    </annotation>
    <annotation annotator="Mike Bada, University of Colorado Anschutz Medical Campus" id="GO_BP_2016_02_16_Instance_28951" type="identity">
      <class id="GO:0007067" label="mitotic nuclear division"/>
      <span end="3300" id="15836427-7683" start="3293">mitotic</span>
    </annotation>
    <annotation annotator="Mike Bada, University of Colorado Anschutz Medical Campus" id="GO_BP_2016_02_16_Instance_28529" type="identity">
      <class id="GO:0010467" label="gene expression"/>
      <span end="3360" id="15836427-7332" start="3350">expression</span>
    </annotation>
    <annotation annotator="Mike Bada, University of Colorado Anschutz Medical Campus" id="GO_BP_2016_02_16_Instance_28881" type="identity">
      <class id="GO:0019230" label="proprioception"/>
      <span end="3378" id="15836427-7613" start="3364">proprioceptive</span>
    </annotation>
    <annotation annotator="Mike Bada, University of Colorado Anschutz Medical Campus" id="GO_BP_2016_02_16_Instance_28757" type="identity">
      <class id="GO:0065007" label="biological regulation"/>
      <span end="3484" id="15836427-7548" start="3477">control</span>
    </annotation>
    <annotation annotator="Mike Bada, University of Colorado Anschutz Medical Campus" id="GO_BP_2016_02_16_Instance_28883" type="identity">
      <class id="GO:0019230" label="proprioception"/>
      <span end="3581" id="15836427-7615" start="3559">proprioceptive sensory</span>
    </annotation>
    <annotation annotator="Mike Bada, University of Colorado Anschutz Medical Campus" id="GO_BP_2016_02_16_Instance_140172" type="identity">
      <class id="GO:0038179" label="neurotrophin signaling pathway"/>
      <span end="3807" id="15836427-7274" start="3785">neurotrophin signaling</span>
    </annotation>
    <annotation annotator="Mike Bada, University of Colorado Anschutz Medical Campus" id="GO_BP_2016_02_16_Instance_28885" type="identity">
      <class id="GO:0019230" label="proprioception"/>
      <span end="3832" id="15836427-7617" start="3818">proprioceptive</span>
    </annotation>
    <annotation annotator="Mike Bada, University of Colorado Anschutz Medical Campus" id="GO_BP_2016_02_16_Instance_28531" type="identity">
      <class id="GO:0010467" label="gene expression"/>
      <span end="4046" id="15836427-7334" start="4036">expression</span>
    </annotation>
    <annotation annotator="Mike Bada, University of Colorado Anschutz Medical Campus" id="GO_BP_2016_02_16_Instance_28787" type="identity">
      <class id="GO:0042551" label="neuron maturation"/>
      <span end="4160" id="15836427-7577" start="4141">neuronal maturation</span>
    </annotation>
    <annotation annotator="Mike Bada, University of Colorado Anschutz Medical Campus" id="GO_BP_2016_02_16_Instance_28533" type="identity">
      <class id="GO:0010467" label="gene expression"/>
      <span end="4189" id="15836427-7336" start="4179">expression</span>
    </annotation>
    <annotation annotator="Mike Bada, University of Colorado Anschutz Medical Campus" id="GO_BP_2016_02_16_Instance_28953" type="identity">
      <class id="GO:0007067" label="mitotic nuclear division"/>
      <span end="4221" id="15836427-7685" start="4214">mitotic</span>
    </annotation>
    <annotation annotator="Mike Bada, University of Colorado Anschutz Medical Campus" id="GO_BP_2016_02_16_Instance_28887" type="identity">
      <class id="GO:0019230" label="proprioception"/>
      <span end="4677" id="15836427-7619" start="4655">proprioceptive sensory</span>
    </annotation>
    <annotation annotator="Mike Bada, University of Colorado Anschutz Medical Campus" id="GO_BP_2016_02_16_Instance_28955" type="identity">
      <class id="GO:0007067" label="mitotic nuclear division"/>
      <span end="4867" id="15836427-7687" start="4860">mitotic</span>
    </annotation>
    <annotation annotator="Mike Bada, University of Colorado Anschutz Medical Campus" id="GO_BP_2016_02_16_Instance_44559" type="identity">
      <class id="GO:0010467" label="gene expression"/>
      <span end="5030" id="15836427-7742" start="5015">gene expression</span>
    </annotation>
    <annotation annotator="Mike Bada, University of Colorado Anschutz Medical Campus" id="GO_BP_2016_02_16_Instance_28535" type="identity">
      <class id="GO:0010467" label="gene expression"/>
      <span end="5159" id="15836427-7338" start="5149">expression</span>
    </annotation>
    <annotation annotator="Mike Bada, University of Colorado Anschutz Medical Campus" id="GO_BP_2016_02_16_Instance_28789" type="identity">
      <class id="GO:0042551" label="neuron maturation"/>
      <span end="5279" id="15836427-7579" start="5260">neuronal maturation</span>
    </annotation>
    <annotation annotator="Mike Bada, University of Colorado Anschutz Medical Campus" id="GO_BP_2016_02_16_Instance_28759" type="identity">
      <class id="GO:0014041" label="regulation of neuron maturation"/>
      <span end="5427" id="15836427-7550" start="5417">control of</span>
      <span end="5459" id="15836427-7551" start="5440">neuronal maturation</span>
    </annotation>
    <annotation annotator="Mike Bada, University of Colorado Anschutz Medical Campus" id="GO_BP_2016_02_16_Instance_28889" type="identity">
      <class id="GO:0019230" label="proprioception"/>
      <span end="5505" id="15836427-7621" start="5491">proprioceptive</span>
    </annotation>
    <annotation annotator="Mike Bada, University of Colorado Anschutz Medical Campus" id="GO_BP_2016_02_16_Instance_28845" type="identity">
      <class id="GO:0065007" label="biological regulation"/>
      <span end="5560" id="15836427-7603" start="5551">regulated</span>
    </annotation>
    <annotation annotator="Mike Bada, University of Colorado Anschutz Medical Campus" id="GO_BP_2016_02_16_Instance_28761" type="identity">
      <class id="GO:0065007" label="biological regulation"/>
      <span end="5697" id="15836427-7553" start="5689">controls</span>
    </annotation>
    <annotation annotator="Mike Bada, University of Colorado Anschutz Medical Campus" id="GO_BP_2016_02_16_Instance_28891" type="identity">
      <class id="GO:0019230" label="proprioception"/>
      <span end="5712" id="15836427-7623" start="5698">proprioceptive</span>
    </annotation>
    <annotation annotator="Mike Bada, University of Colorado Anschutz Medical Campus" id="GO_BP_2016_02_16_Instance_28537" type="identity">
      <class id="GO:0010467" label="gene expression"/>
      <span end="5830" id="15836427-7340" start="5821">expressed</span>
    </annotation>
    <annotation annotator="Mike Bada, University of Colorado Anschutz Medical Campus" id="GO_BP_2016_02_16_Instance_28539" type="identity">
      <class id="GO:0010467" label="gene expression"/>
      <span end="5877" id="15836427-7342" start="5867">expression</span>
    </annotation>
    <annotation annotator="Mike Bada, University of Colorado Anschutz Medical Campus" id="GO_BP_2016_02_16_Instance_28957" type="identity">
      <class id="GO:0007067" label="mitotic nuclear division"/>
      <span end="6066" id="15836427-7689" start="6059">mitotic</span>
    </annotation>
    <annotation annotator="Mike Bada, University of Colorado Anschutz Medical Campus" id="GO_BP_2016_02_16_Instance_28541" type="identity">
      <class id="GO:0010467" label="gene expression"/>
      <span end="6077" id="15836427-7344" start="6067">expression</span>
    </annotation>
    <annotation annotator="Mike Bada, University of Colorado Anschutz Medical Campus" id="GO_BP_2016_02_16_Instance_28763" type="identity">
      <class id="GO:0065007" label="biological regulation"/>
      <span end="6200" id="15836427-7555" start="6189">Controlling</span>
    </annotation>
    <annotation annotator="Mike Bada, University of Colorado Anschutz Medical Campus" id="GO_BP_2016_02_16_Instance_28893" type="identity">
      <class id="GO:0019230" label="proprioception"/>
      <span end="6340" id="15836427-7625" start="6326">proprioceptive</span>
    </annotation>
    <annotation annotator="Mike Bada, University of Colorado Anschutz Medical Campus" id="GO_BP_2016_02_16_Instance_28895" type="identity">
      <class id="GO:0019230" label="proprioception"/>
      <span end="6760" id="15836427-7627" start="6746">proprioceptive</span>
    </annotation>
    <annotation annotator="Mike Bada, University of Colorado Anschutz Medical Campus" id="GO_BP_2016_02_16_Instance_28875" type="identity">
      <class id="GO:0009294" label="DNA mediated transformation"/>
      <span end="7170" id="15836427-7607" start="7158">transfection</span>
    </annotation>
    <annotation annotator="Mike Bada, University of Colorado Anschutz Medical Campus" id="GO_BP_2016_02_16_Instance_28543" type="identity">
      <class id="GO:0010467" label="gene expression"/>
      <span end="7503" id="15836427-7346" start="7493">Expression</span>
    </annotation>
    <annotation annotator="Mike Bada, University of Colorado Anschutz Medical Campus" id="GO_BP_2016_02_16_Instance_28545" type="identity">
      <class id="GO:0010467" label="gene expression"/>
      <span end="7653" id="15836427-7348" start="7643">expression</span>
    </annotation>
    <annotation annotator="Mike Bada, University of Colorado Anschutz Medical Campus" id="GO_BP_2016_02_16_Instance_28897" type="identity">
      <class id="GO:0019230" label="proprioception"/>
      <span end="7725" id="15836427-7629" start="7711">proprioceptive</span>
    </annotation>
    <annotation annotator="Mike Bada, University of Colorado Anschutz Medical Campus" id="GO_BP_2016_02_16_Instance_28899" type="identity">
      <class id="GO:0019230" label="proprioception"/>
      <span end="7973" id="15836427-7631" start="7959">proprioceptive</span>
    </annotation>
    <annotation annotator="Mike Bada, University of Colorado Anschutz Medical Campus" id="GO_BP_2016_02_16_Instance_230660" type="identity">
      <class id="GO:0010467" label="gene expression"/>
      <span end="8103" id="15836427-7303" start="8093">expression</span>
    </annotation>
    <annotation annotator="Mike Bada, University of Colorado Anschutz Medical Campus" id="GO_BP_2016_02_16_Instance_28901" type="identity">
      <class id="GO:0019230" label="proprioception"/>
      <span end="8121" id="15836427-7633" start="8107">proprioceptive</span>
    </annotation>
    <annotation annotator="Mike Bada, University of Colorado Anschutz Medical Campus" id="GO_BP_2016_02_16_Instance_28903" type="identity">
      <class id="GO:0019230" label="proprioception"/>
      <span end="8228" id="15836427-7635" start="8214">proprioceptive</span>
    </annotation>
    <annotation annotator="Mike Bada, University of Colorado Anschutz Medical Campus" id="GO_BP_2016_02_16_Instance_230662" type="identity">
      <class id="GO:0010467" label="gene expression"/>
      <span end="8292" id="15836427-7305" start="8282">expression</span>
    </annotation>
    <annotation annotator="Mike Bada, University of Colorado Anschutz Medical Campus" id="GO_BP_2016_02_16_Instance_28551" type="identity">
      <class id="GO:0010467" label="gene expression"/>
      <span end="8328" id="15836427-7350" start="8319">expressed</span>
    </annotation>
    <annotation annotator="Mike Bada, University of Colorado Anschutz Medical Campus" id="GO_BP_2016_02_16_Instance_28905" type="identity">
      <class id="GO:0019230" label="proprioception"/>
      <span end="8346" id="15836427-7637" start="8332">proprioceptive</span>
    </annotation>
    <annotation annotator="Mike Bada, University of Colorado Anschutz Medical Campus" id="GO_BP_2016_02_16_Instance_28553" type="identity">
      <class id="GO:0010467" label="gene expression"/>
      <span end="8384" id="15836427-7352" start="8374">expression</span>
    </annotation>
    <annotation annotator="Mike Bada, University of Colorado Anschutz Medical Campus" id="GO_BP_2016_02_16_Instance_28555" type="identity">
      <class id="GO:0010467" label="gene expression"/>
      <span end="8416" id="15836427-7354" start="8407">expressed</span>
    </annotation>
    <annotation annotator="Mike Bada, University of Colorado Anschutz Medical Campus" id="GO_BP_2016_02_16_Instance_28907" type="identity">
      <class id="GO:0019230" label="proprioception"/>
      <span end="8434" id="15836427-7639" start="8420">proprioceptive</span>
    </annotation>
    <annotation annotator="Mike Bada, University of Colorado Anschutz Medical Campus" id="GO_BP_2016_02_16_Instance_28557" type="identity">
      <class id="GO:0010467" label="gene expression"/>
      <span end="8526" id="15836427-7356" start="8516">expression</span>
    </annotation>
    <annotation annotator="Mike Bada, University of Colorado Anschutz Medical Campus" id="GO_BP_2016_02_16_Instance_44561" type="identity">
      <class id="GO:0010467" label="gene expression"/>
      <span end="8656" id="15836427-7744" start="8641">gene expression</span>
    </annotation>
    <annotation annotator="Mike Bada, University of Colorado Anschutz Medical Campus" id="GO_BP_2016_02_16_Instance_28909" type="identity">
      <class id="GO:0019230" label="proprioception"/>
      <span end="8678" id="15836427-7641" start="8664">proprioceptive</span>
    </annotation>
    <annotation annotator="Mike Bada, University of Colorado Anschutz Medical Campus" id="GO_BP_2016_02_16_Instance_28911" type="identity">
      <class id="GO:0019230" label="proprioception"/>
      <span end="8745" id="15836427-7643" start="8731">proprioceptive</span>
    </annotation>
    <annotation annotator="Mike Bada, University of Colorado Anschutz Medical Campus" id="GO_BP_2016_02_16_Instance_28559" type="identity">
      <class id="GO:0010467" label="gene expression"/>
      <span end="8838" id="15836427-7358" start="8828">expression</span>
    </annotation>
    <annotation annotator="Mike Bada, University of Colorado Anschutz Medical Campus" id="GO_BP_2016_02_16_Instance_28561" type="identity">
      <class id="GO:0010467" label="gene expression"/>
      <span end="9015" id="15836427-7360" start="9005">expression</span>
    </annotation>
    <annotation annotator="Mike Bada, University of Colorado Anschutz Medical Campus" id="GO_BP_2016_02_16_Instance_140210" type="identity">
      <class id="GO:0060384" label="innervation"/>
      <span end="9687" id="15836427-7276" start="9676">innervating</span>
    </annotation>
    <annotation annotator="Mike Bada, University of Colorado Anschutz Medical Campus" id="GO_BP_2016_02_16_Instance_28797" type="identity">
      <class id="GO:0008150" label="biological_process"/>
      <span end="10046" id="15836427-7587" start="10028">biological process</span>
    </annotation>
    <annotation annotator="Mike Bada, University of Colorado Anschutz Medical Campus" id="GO_BP_2016_02_16_Instance_28949" type="identity">
      <class id="GO:0007416" label="synapse assembly"/>
      <span end="10138" id="15836427-7681" start="10117">formation of synapses</span>
    </annotation>
    <annotation annotator="Mike Bada, University of Colorado Anschutz Medical Campus" id="GO_BP_2016_02_16_Instance_28563" type="identity">
      <class id="GO:0010467" label="gene expression"/>
      <span end="10256" id="15836427-7362" start="10246">expression</span>
    </annotation>
    <annotation annotator="Mike Bada, University of Colorado Anschutz Medical Campus" id="GO_BP_2016_02_16_Instance_28565" type="identity">
      <class id="GO:0010467" label="gene expression"/>
      <span end="10307" id="15836427-7364" start="10297">Expression</span>
    </annotation>
    <annotation annotator="Mike Bada, University of Colorado Anschutz Medical Campus" id="GO_BP_2016_02_16_Instance_28913" type="identity">
      <class id="GO:0019230" label="proprioception"/>
      <span end="10445" id="15836427-7645" start="10431">proprioceptive</span>
    </annotation>
    <annotation annotator="Mike Bada, University of Colorado Anschutz Medical Campus" id="GO_BP_2016_02_16_Instance_28567" type="identity">
      <class id="GO:0010467" label="gene expression"/>
      <span end="10489" id="15836427-7366" start="10480">expressed</span>
    </annotation>
    <annotation annotator="Mike Bada, University of Colorado Anschutz Medical Campus" id="GO_BP_2016_02_16_Instance_28959" type="identity">
      <class id="GO:0007067" label="mitotic nuclear division"/>
      <span end="10549" id="15836427-7691" start="10542">mitotic</span>
    </annotation>
    <annotation annotator="Mike Bada, University of Colorado Anschutz Medical Campus" id="GO_BP_2016_02_16_Instance_28569" type="identity">
      <class id="GO:0010467" label="gene expression"/>
      <span end="10801" id="15836427-7368" start="10791">expressing</span>
    </annotation>
    <annotation annotator="Mike Bada, University of Colorado Anschutz Medical Campus" id="GO_BP_2016_02_16_Instance_28915" type="identity">
      <class id="GO:0019230" label="proprioception"/>
      <span end="11139" id="15836427-7647" start="11125">proprioceptive</span>
    </annotation>
    <annotation annotator="Mike Bada, University of Colorado Anschutz Medical Campus" id="GO_BP_2016_02_16_Instance_28571" type="identity">
      <class id="GO:0010467" label="gene expression"/>
      <span end="11243" id="15836427-7370" start="11233">expression</span>
    </annotation>
    <annotation annotator="Mike Bada, University of Colorado Anschutz Medical Campus" id="GO_BP_2016_02_16_Instance_28961" type="identity">
      <class id="GO:0007067" label="mitotic nuclear division"/>
      <span end="11265" id="15836427-7693" start="11258">mitotic</span>
    </annotation>
    <annotation annotator="Mike Bada, University of Colorado Anschutz Medical Campus" id="GO_BP_2016_02_16_Instance_28573" type="identity">
      <class id="GO:0010467" label="gene expression"/>
      <span end="11463" id="15836427-7372" start="11453">expression</span>
    </annotation>
    <annotation annotator="Mike Bada, University of Colorado Anschutz Medical Campus" id="GO_BP_2016_02_16_Instance_28917" type="identity">
      <class id="GO:0019230" label="proprioception"/>
      <span end="11601" id="15836427-7649" start="11587">proprioceptive</span>
    </annotation>
    <annotation annotator="Mike Bada, University of Colorado Anschutz Medical Campus" id="GO_BP_2016_02_16_Instance_28979" type="identity">
      <class id="GO:0040007" label="growth"/>
      <span end="12490" id="15836427-7711" start="12486">grow</span>
    </annotation>
    <annotation annotator="Mike Bada, University of Colorado Anschutz Medical Campus" id="GO_BP_2016_02_16_Instance_28575" type="identity">
      <class id="GO:0010467" label="gene expression"/>
      <span end="12893" id="15836427-7374" start="12883">expression</span>
    </annotation>
    <annotation annotator="Mike Bada, University of Colorado Anschutz Medical Campus" id="GO_BP_2016_02_16_Instance_28577" type="identity">
      <class id="GO:0010467" label="gene expression"/>
      <span end="13326" id="15836427-7376" start="13316">expression</span>
    </annotation>
    <annotation annotator="Mike Bada, University of Colorado Anschutz Medical Campus" id="GO_BP_2016_02_16_Instance_28579" type="identity">
      <class id="GO:0010467" label="gene expression"/>
      <span end="13463" id="15836427-7378" start="13453">expression</span>
    </annotation>
    <annotation annotator="Mike Bada, University of Colorado Anschutz Medical Campus" id="GO_BP_2016_02_16_Instance_28919" type="identity">
      <class id="GO:0019230" label="proprioception"/>
      <span end="13520" id="15836427-7651" start="13506">proprioceptive</span>
    </annotation>
    <annotation annotator="Mike Bada, University of Colorado Anschutz Medical Campus" id="GO_BP_2016_02_16_Instance_28581" type="identity">
      <class id="GO:0010467" label="gene expression"/>
      <span end="13593" id="15836427-7380" start="13583">expression</span>
    </annotation>
    <annotation annotator="Mike Bada, University of Colorado Anschutz Medical Campus" id="GO_BP_2016_02_16_Instance_28583" type="identity">
      <class id="GO:0010467" label="gene expression"/>
      <span end="13773" id="15836427-7382" start="13763">Expression</span>
    </annotation>
    <annotation annotator="Mike Bada, University of Colorado Anschutz Medical Campus" id="GO_BP_2016_02_16_Instance_28981" type="identity">
      <class id="GO:0040007" label="growth"/>
      <span end="14902" id="15836427-7713" start="14897">grown</span>
    </annotation>
    <annotation annotator="Mike Bada, University of Colorado Anschutz Medical Campus" id="GO_BP_2016_02_16_Instance_28921" type="identity">
      <class id="GO:0019230" label="proprioception"/>
      <span end="14969" id="15836427-7653" start="14955">proprioceptive</span>
    </annotation>
    <annotation annotator="Mike Bada, University of Colorado Anschutz Medical Campus" id="GO_BP_2016_02_16_Instance_28585" type="identity">
      <class id="GO:0010467" label="gene expression"/>
      <span end="15495" id="15836427-7384" start="15485">expressing</span>
    </annotation>
    <annotation annotator="Mike Bada, University of Colorado Anschutz Medical Campus" id="GO_BP_2016_02_16_Instance_28587" type="identity">
      <class id="GO:0010467" label="gene expression"/>
      <span end="15640" id="15836427-7386" start="15631">expressed</span>
    </annotation>
    <annotation annotator="Mike Bada, University of Colorado Anschutz Medical Campus" id="GO_BP_2016_02_16_Instance_28589" type="identity">
      <class id="GO:0010467" label="gene expression"/>
      <span end="15686" id="15836427-7388" start="15676">expression</span>
    </annotation>
    <annotation annotator="Mike Bada, University of Colorado Anschutz Medical Campus" id="GO_BP_2016_02_16_Instance_28923" type="identity">
      <class id="GO:0019230" label="proprioception"/>
      <span end="15751" id="15836427-7655" start="15737">proprioceptive</span>
    </annotation>
    <annotation annotator="Mike Bada, University of Colorado Anschutz Medical Campus" id="GO_BP_2016_02_16_Instance_28591" type="identity">
      <class id="GO:0010467" label="gene expression"/>
      <span end="15800" id="15836427-7390" start="15790">expression</span>
    </annotation>
    <annotation annotator="Mike Bada, University of Colorado Anschutz Medical Campus" id="GO_BP_2016_02_16_Instance_28983" type="identity">
      <class id="GO:0016265" label="death"/>
      <span end="16142" id="15836427-7715" start="16138">died</span>
    </annotation>
    <annotation annotator="Mike Bada, University of Colorado Anschutz Medical Campus" id="GO_BP_2016_02_16_Instance_140228" type="identity">
      <class id="GO:0038179" label="neurotrophin signaling pathway"/>
      <span end="16381" id="15836427-7278" start="16359">neurotrophin signaling</span>
    </annotation>
    <annotation annotator="Mike Bada, University of Colorado Anschutz Medical Campus" id="GO_BP_2016_02_16_Instance_28593" type="identity">
      <class id="GO:0010467" label="gene expression"/>
      <span end="17200" id="15836427-7392" start="17190">expression</span>
    </annotation>
    <annotation annotator="Mike Bada, University of Colorado Anschutz Medical Campus" id="GO_BP_2016_02_16_Instance_28963" type="identity">
      <class id="GO:0007067" label="mitotic nuclear division"/>
      <span end="17234" id="15836427-7695" start="17227">mitotic</span>
    </annotation>
    <annotation annotator="Mike Bada, University of Colorado Anschutz Medical Campus" id="GO_BP_2016_02_16_Instance_140232" type="identity">
      <class id="GO:0038179" label="neurotrophin signaling pathway"/>
      <span end="17384" id="15836427-7280" start="17354">neurotrophin signaling cascade</span>
    </annotation>
    <annotation annotator="Mike Bada, University of Colorado Anschutz Medical Campus" id="GO_BP_2016_02_16_Instance_28595" type="identity">
      <class id="GO:0010467" label="gene expression"/>
      <span end="17513" id="15836427-7394" start="17503">expression</span>
    </annotation>
    <annotation annotator="Mike Bada, University of Colorado Anschutz Medical Campus" id="GO_BP_2016_02_16_Instance_28597" type="identity">
      <class id="GO:0010467" label="gene expression"/>
      <span end="17605" id="15836427-7396" start="17595">expression</span>
    </annotation>
    <annotation annotator="Mike Bada, University of Colorado Anschutz Medical Campus" id="GO_BP_2016_02_16_Instance_28599" type="identity">
      <class id="GO:0010467" label="gene expression"/>
      <span end="17824" id="15836427-7398" start="17814">expression</span>
    </annotation>
    <annotation annotator="Mike Bada, University of Colorado Anschutz Medical Campus" id="GO_BP_2016_02_16_Instance_28601" type="identity">
      <class id="GO:0010467" label="gene expression"/>
      <span end="17928" id="15836427-7400" start="17918">expression</span>
    </annotation>
    <annotation annotator="Mike Bada, University of Colorado Anschutz Medical Campus" id="GO_BP_2016_02_16_Instance_28603" type="identity">
      <class id="GO:0010467" label="gene expression"/>
      <span end="18162" id="15836427-7402" start="18152">expression</span>
    </annotation>
    <annotation annotator="Mike Bada, University of Colorado Anschutz Medical Campus" id="GO_BP_2016_02_16_Instance_44563" type="identity">
      <class id="GO:0008219" label="cell death"/>
      <span end="18248" id="15836427-7746" start="18238">cell death</span>
    </annotation>
    <annotation annotator="Mike Bada, University of Colorado Anschutz Medical Campus" id="GO_BP_2016_02_16_Instance_44565" type="identity">
      <class id="GO:0006915" label="apoptotic process"/>
      <span end="18323" id="15836427-7748" start="18314">apoptosis</span>
    </annotation>
    <annotation annotator="Mike Bada, University of Colorado Anschutz Medical Campus" id="GO_BP_2016_02_16_Instance_44567" type="identity">
      <class id="GO:0007049" label="cell cycle"/>
      <span end="18828" id="15836427-7750" start="18818">cell cycle</span>
    </annotation>
    <annotation annotator="Mike Bada, University of Colorado Anschutz Medical Campus" id="GO_BP_2016_02_16_Instance_28965" type="identity">
      <class id="GO:0007067" label="mitotic nuclear division"/>
      <span end="19061" id="15836427-7697" start="19054">mitotic</span>
    </annotation>
    <annotation annotator="Mike Bada, University of Colorado Anschutz Medical Campus" id="GO_BP_2016_02_16_Instance_44569" type="identity">
      <class id="GO:0008219" label="cell death"/>
      <span end="19124" id="15836427-7752" start="19114">cell death</span>
    </annotation>
    <annotation annotator="Mike Bada, University of Colorado Anschutz Medical Campus" id="GO_BP_2016_02_16_Instance_28605" type="identity">
      <class id="GO:0010467" label="gene expression"/>
      <span end="19247" id="15836427-7404" start="19237">expression</span>
    </annotation>
    <annotation annotator="Mike Bada, University of Colorado Anschutz Medical Campus" id="GO_BP_2016_02_16_Instance_140234" type="identity">
      <class id="GO:0010941" label="regulation of cell death"/>
      <span end="19301" id="15836427-7282" start="19288">regulation of</span>
      <span end="19333" id="15836427-7283" start="19323">cell death</span>
    </annotation>
    <annotation annotator="Mike Bada, University of Colorado Anschutz Medical Campus" id="GO_BP_2016_02_16_Instance_28607" type="identity">
      <class id="GO:0010467" label="gene expression"/>
      <span end="19725" id="15836427-7406" start="19715">expression</span>
    </annotation>
    <annotation annotator="Mike Bada, University of Colorado Anschutz Medical Campus" id="GO_BP_2016_02_16_Instance_28609" type="identity">
      <class id="GO:0010467" label="gene expression"/>
      <span end="20110" id="15836427-7408" start="20100">expression</span>
    </annotation>
    <annotation annotator="Mike Bada, University of Colorado Anschutz Medical Campus" id="GO_BP_2016_02_16_Instance_28611" type="identity">
      <class id="GO:0010467" label="gene expression"/>
      <span end="20337" id="15836427-7410" start="20327">expression</span>
    </annotation>
    <annotation annotator="Mike Bada, University of Colorado Anschutz Medical Campus" id="GO_BP_2016_02_16_Instance_44573" type="identity">
      <class id="GO:0010467" label="gene expression"/>
      <span end="20421" id="15836427-7754" start="20406">gene expression</span>
    </annotation>
    <annotation annotator="Mike Bada, University of Colorado Anschutz Medical Campus" id="GO_BP_2016_02_16_Instance_28613" type="identity">
      <class id="GO:0010467" label="gene expression"/>
      <span end="20470" id="15836427-7412" start="20460">expression</span>
    </annotation>
    <annotation annotator="Mike Bada, University of Colorado Anschutz Medical Campus" id="GO_BP_2016_02_16_Instance_28615" type="identity">
      <class id="GO:0010467" label="gene expression"/>
      <span end="20503" id="15836427-7414" start="20493">expression</span>
    </annotation>
    <annotation annotator="Mike Bada, University of Colorado Anschutz Medical Campus" id="GO_BP_2016_02_16_Instance_28617" type="identity">
      <class id="GO:0010467" label="gene expression"/>
      <span end="20600" id="15836427-7416" start="20590">expression</span>
    </annotation>
    <annotation annotator="Mike Bada, University of Colorado Anschutz Medical Campus" id="GO_BP_2016_02_16_Instance_28619" type="identity">
      <class id="GO:0010467" label="gene expression"/>
      <span end="20733" id="15836427-7418" start="20723">expression</span>
    </annotation>
    <annotation annotator="Mike Bada, University of Colorado Anschutz Medical Campus" id="GO_BP_2016_02_16_Instance_28925" type="identity">
      <class id="GO:0019230" label="proprioception"/>
      <span end="20763" id="15836427-7657" start="20749">proprioceptive</span>
    </annotation>
    <annotation annotator="Mike Bada, University of Colorado Anschutz Medical Campus" id="GO_BP_2016_02_16_Instance_28621" type="identity">
      <class id="GO:0010467" label="gene expression"/>
      <span end="20901" id="15836427-7420" start="20891">expression</span>
    </annotation>
    <annotation annotator="Mike Bada, University of Colorado Anschutz Medical Campus" id="GO_BP_2016_02_16_Instance_28623" type="identity">
      <class id="GO:0010467" label="gene expression"/>
      <span end="21025" id="15836427-7422" start="21015">expression</span>
    </annotation>
    <annotation annotator="Mike Bada, University of Colorado Anschutz Medical Campus" id="GO_BP_2016_02_16_Instance_28625" type="identity">
      <class id="GO:0010467" label="gene expression"/>
      <span end="21193" id="15836427-7424" start="21184">expressed</span>
    </annotation>
    <annotation annotator="Mike Bada, University of Colorado Anschutz Medical Campus" id="GO_BP_2016_02_16_Instance_28627" type="identity">
      <class id="GO:0010467" label="gene expression"/>
      <span end="21273" id="15836427-7426" start="21264">expressed</span>
    </annotation>
    <annotation annotator="Mike Bada, University of Colorado Anschutz Medical Campus" id="GO_BP_2016_02_16_Instance_28927" type="identity">
      <class id="GO:0019230" label="proprioception"/>
      <span end="21291" id="15836427-7659" start="21277">proprioceptive</span>
    </annotation>
    <annotation annotator="Mike Bada, University of Colorado Anschutz Medical Campus" id="GO_BP_2016_02_16_Instance_28629" type="identity">
      <class id="GO:0010467" label="gene expression"/>
      <span end="21574" id="15836427-7428" start="21565">expressed</span>
    </annotation>
    <annotation annotator="Mike Bada, University of Colorado Anschutz Medical Campus" id="GO_BP_2016_02_16_Instance_28631" type="identity">
      <class id="GO:0010467" label="gene expression"/>
      <span end="22084" id="15836427-7430" start="22075">expressed</span>
    </annotation>
    <annotation annotator="Mike Bada, University of Colorado Anschutz Medical Campus" id="GO_BP_2016_02_16_Instance_28633" type="identity">
      <class id="GO:0010467" label="gene expression"/>
      <span end="22214" id="15836427-7432" start="22204">expression</span>
    </annotation>
    <annotation annotator="Mike Bada, University of Colorado Anschutz Medical Campus" id="GO_BP_2016_02_16_Instance_28635" type="identity">
      <class id="GO:0010467" label="gene expression"/>
      <span end="22307" id="15836427-7434" start="22297">expression</span>
    </annotation>
    <annotation annotator="Mike Bada, University of Colorado Anschutz Medical Campus" id="GO_BP_2016_02_16_with_nested_annotations_Instance_241956" type="identity">
      <class id="GO:0010629" label="negative regulation of gene expression"/>
      <span end="22552" id="15836427-7770" start="22535">downregulation of</span>
      <span end="22576" id="15836427-7771" start="22566">expression</span>
    </annotation>
    <annotation annotator="Mike Bada, University of Colorado Anschutz Medical Campus" id="GO_BP_2016_02_16_Instance_28639" type="identity">
      <class id="GO:0010467" label="gene expression"/>
      <span end="22901" id="15836427-7436" start="22891">expression</span>
    </annotation>
    <annotation annotator="Mike Bada, University of Colorado Anschutz Medical Campus" id="GO_BP_2016_02_16_Instance_44575" type="identity">
      <class id="GO:0010467" label="gene expression"/>
      <span end="23033" id="15836427-7756" start="23018">gene expression</span>
    </annotation>
    <annotation annotator="Mike Bada, University of Colorado Anschutz Medical Campus" id="GO_BP_2016_02_16_Instance_28641" type="identity">
      <class id="GO:0010467" label="gene expression"/>
      <span end="23220" id="15836427-7438" start="23210">expression</span>
    </annotation>
    <annotation annotator="Mike Bada, University of Colorado Anschutz Medical Campus" id="GO_BP_2016_02_16_Instance_28967" type="identity">
      <class id="GO:0007067" label="mitotic nuclear division"/>
      <span end="23241" id="15836427-7699" start="23234">mitotic</span>
    </annotation>
    <annotation annotator="Mike Bada, University of Colorado Anschutz Medical Campus" id="GO_BP_2016_02_16_Instance_28643" type="identity">
      <class id="GO:0010467" label="gene expression"/>
      <span end="23356" id="15836427-7440" start="23346">expression</span>
    </annotation>
    <annotation annotator="Mike Bada, University of Colorado Anschutz Medical Campus" id="GO_BP_2016_02_16_Instance_44577" type="identity">
      <class id="GO:0010467" label="gene expression"/>
      <span end="23616" id="15836427-7758" start="23601">gene expression</span>
    </annotation>
    <annotation annotator="Mike Bada, University of Colorado Anschutz Medical Campus" id="GO_BP_2016_02_16_Instance_28765" type="identity">
      <class id="GO:0065007" label="biological regulation"/>
      <span end="23747" id="15836427-7557" start="23737">controlled</span>
    </annotation>
    <annotation annotator="Mike Bada, University of Colorado Anschutz Medical Campus" id="GO_BP_2016_02_16_Instance_140262" type="identity">
      <class id="GO:0023056" label="positive regulation of signaling"/>
      <span end="23764" id="15836427-7285" start="23749">upregulation of</span>
      <span end="23799" id="15836427-7286" start="23790">signaling</span>
    </annotation>
    <annotation annotator="Mike Bada, University of Colorado Anschutz Medical Campus" id="GO_BP_2016_02_16_Instance_28857" type="identity">
      <class id="GO:0065007" label="biological regulation"/>
      <span end="23855" id="15836427-7605" start="23846">regulated</span>
    </annotation>
    <annotation annotator="Mike Bada, University of Colorado Anschutz Medical Campus" id="GO_BP_2016_02_16_Instance_28791" type="identity">
      <class id="GO:0042551" label="neuron maturation"/>
      <span end="24029" id="15836427-7581" start="24010">neuronal maturation</span>
    </annotation>
    <annotation annotator="Mike Bada, University of Colorado Anschutz Medical Campus" id="GO_BP_2016_02_16_Instance_28645" type="identity">
      <class id="GO:0010467" label="gene expression"/>
      <span end="24241" id="15836427-7442" start="24231">expression</span>
    </annotation>
    <annotation annotator="Mike Bada, University of Colorado Anschutz Medical Campus" id="GO_BP_2016_02_16_Instance_28647" type="identity">
      <class id="GO:0010467" label="gene expression"/>
      <span end="24316" id="15836427-7444" start="24306">expression</span>
    </annotation>
    <annotation annotator="Mike Bada, University of Colorado Anschutz Medical Campus" id="GO_BP_2016_02_16_Instance_140272" type="identity">
      <class id="GO:0010629" label="negative regulation of gene expression"/>
      <span end="24438" id="15836427-7288" start="24421">downregulation of</span>
      <span end="24454" id="15836427-7289" start="24444">expression</span>
    </annotation>
    <annotation annotator="Mike Bada, University of Colorado Anschutz Medical Campus" id="GO_BP_2016_02_16_Instance_28929" type="identity">
      <class id="GO:0019230" label="proprioception"/>
      <span end="24472" id="15836427-7661" start="24458">proprioceptive</span>
    </annotation>
    <annotation annotator="Mike Bada, University of Colorado Anschutz Medical Campus" id="GO_BP_2016_02_16_Instance_28969" type="identity">
      <class id="GO:0007067" label="mitotic nuclear division"/>
      <span end="24633" id="15836427-7701" start="24626">mitotic</span>
    </annotation>
    <annotation annotator="Mike Bada, University of Colorado Anschutz Medical Campus" id="GO_BP_2016_02_16_Instance_28651" type="identity">
      <class id="GO:0010467" label="gene expression"/>
      <span end="24690" id="15836427-7446" start="24680">expression</span>
    </annotation>
    <annotation annotator="Mike Bada, University of Colorado Anschutz Medical Campus" id="GO_BP_2016_02_16_Instance_28931" type="identity">
      <class id="GO:0019230" label="proprioception"/>
      <span end="25112" id="15836427-7663" start="25098">proprioceptive</span>
    </annotation>
    <annotation annotator="Mike Bada, University of Colorado Anschutz Medical Campus" id="GO_BP_2016_02_16_Instance_28653" type="identity">
      <class id="GO:0010467" label="gene expression"/>
      <span end="25359" id="15836427-7448" start="25349">expression</span>
    </annotation>
    <annotation annotator="Mike Bada, University of Colorado Anschutz Medical Campus" id="GO_BP_2016_02_16_Instance_28933" type="identity">
      <class id="GO:0019230" label="proprioception"/>
      <span end="25377" id="15836427-7665" start="25363">proprioceptive</span>
    </annotation>
    <annotation annotator="Mike Bada, University of Colorado Anschutz Medical Campus" id="GO_BP_2016_02_16_Instance_28767" type="identity">
      <class id="GO:0065007" label="biological regulation"/>
      <span end="25401" id="15836427-7559" start="25391">controlled</span>
    </annotation>
    <annotation annotator="Mike Bada, University of Colorado Anschutz Medical Campus" id="GO_BP_2016_02_16_Instance_28935" type="identity">
      <class id="GO:0019230" label="proprioception"/>
      <span end="25527" id="15836427-7667" start="25513">proprioceptive</span>
    </annotation>
    <annotation annotator="Mike Bada, University of Colorado Anschutz Medical Campus" id="GO_BP_2016_02_16_Instance_28971" type="identity">
      <class id="GO:0007067" label="mitotic nuclear division"/>
      <span end="25555" id="15836427-7703" start="25548">mitotic</span>
    </annotation>
    <annotation annotator="Mike Bada, University of Colorado Anschutz Medical Campus" id="GO_BP_2016_02_16_Instance_140286" type="identity">
      <class id="GO:0010628" label="positive regulation of gene expression"/>
      <span end="25622" id="15836427-7291" start="25607">upregulation of</span>
      <span end="25658" id="15836427-7292" start="25648">expression</span>
    </annotation>
    <annotation annotator="Mike Bada, University of Colorado Anschutz Medical Campus" id="GO_BP_2016_02_16_Instance_28769" type="identity">
      <class id="GO:0065007" label="biological regulation"/>
      <span end="25885" id="15836427-7561" start="25874">controlling</span>
    </annotation>
    <annotation annotator="Mike Bada, University of Colorado Anschutz Medical Campus" id="GO_BP_2016_02_16_Instance_28793" type="identity">
      <class id="GO:0042551" label="neuron maturation"/>
      <span end="25905" id="15836427-7583" start="25886">neuronal maturation</span>
    </annotation>
    <annotation annotator="Mike Bada, University of Colorado Anschutz Medical Campus" id="GO_BP_2016_02_16_Instance_28657" type="identity">
      <class id="GO:0010467" label="gene expression"/>
      <span end="25965" id="15836427-7450" start="25955">expression</span>
    </annotation>
    <annotation annotator="Mike Bada, University of Colorado Anschutz Medical Campus" id="GO_BP_2016_02_16_Instance_28659" type="identity">
      <class id="GO:0010467" label="gene expression"/>
      <span end="26145" id="15836427-7452" start="26135">expression</span>
    </annotation>
    <annotation annotator="Mike Bada, University of Colorado Anschutz Medical Campus" id="GO_BP_2016_02_16_Instance_28661" type="identity">
      <class id="GO:0010467" label="gene expression"/>
      <span end="26325" id="15836427-7454" start="26315">expression</span>
    </annotation>
    <annotation annotator="Mike Bada, University of Colorado Anschutz Medical Campus" id="GO_BP_2016_02_16_Instance_28795" type="identity">
      <class id="GO:0042551" label="neuron maturation"/>
      <span end="26394" id="15836427-7585" start="26375">neuronal maturation</span>
    </annotation>
    <annotation annotator="Mike Bada, University of Colorado Anschutz Medical Campus" id="GO_BP_2016_02_16_Instance_28771" type="identity">
      <class id="GO:0065007" label="biological regulation"/>
      <span end="26524" id="15836427-7563" start="26514">controlled</span>
    </annotation>
    <annotation annotator="Mike Bada, University of Colorado Anschutz Medical Campus" id="GO_BP_2016_02_16_Instance_28663" type="identity">
      <class id="GO:0010467" label="gene expression"/>
      <span end="26921" id="15836427-7456" start="26911">expression</span>
    </annotation>
    <annotation annotator="Mike Bada, University of Colorado Anschutz Medical Campus" id="GO_BP_2016_02_16_Instance_28773" type="identity">
      <class id="GO:0065007" label="biological regulation"/>
      <span end="27334" id="15836427-7565" start="27327">control</span>
    </annotation>
    <annotation annotator="Mike Bada, University of Colorado Anschutz Medical Campus" id="GO_BP_2016_02_16_with_nested_annotations_Instance_10542" type="identity">
      <class id="GO:0006412" label="translation"/>
      <span end="27518" id="15836427-7764" start="27505">translational</span>
    </annotation>
    <annotation annotator="Mike Bada, University of Colorado Anschutz Medical Campus" id="GO_BP_2016_02_16_Instance_140318" type="identity">
      <class id="GO:0065007" label="biological regulation"/>
      <span end="27936" id="15836427-7294" start="27926">regulation</span>
    </annotation>
    <annotation annotator="Mike Bada, University of Colorado Anschutz Medical Campus" id="GO_BP_2016_02_16_Instance_28973" type="identity">
      <class id="GO:0007067" label="mitotic nuclear division"/>
      <span end="27956" id="15836427-7705" start="27949">mitotic</span>
    </annotation>
    <annotation annotator="Mike Bada, University of Colorado Anschutz Medical Campus" id="GO_BP_2016_02_16_with_nested_annotations_Instance_241966" type="identity">
      <class id="GO:0065007" label="biological regulation"/>
      <span end="28092" id="15836427-7773" start="28082">regulation</span>
    </annotation>
    <annotation annotator="Mike Bada, University of Colorado Anschutz Medical Campus" id="GO_BP_2016_02_16_Instance_29171" type="identity">
      <class id="GO:0008283" label="cell proliferation"/>
      <span end="28292" id="15836427-7732" start="28279">proliferating</span>
    </annotation>
    <annotation annotator="Mike Bada, University of Colorado Anschutz Medical Campus" id="GO_BP_2016_02_16_Instance_28775" type="identity">
      <class id="GO:0065007" label="biological regulation"/>
      <span end="28414" id="15836427-7567" start="28407">control</span>
    </annotation>
    <annotation annotator="Mike Bada, University of Colorado Anschutz Medical Campus" id="GO_BP_2016_02_16_Instance_23813" type="identity">
      <class id="GO:0014019" label="neuroblast development"/>
      <span end="28540" id="15836427-7312" start="28519">neuroblast generation</span>
    </annotation>
    <annotation annotator="Mike Bada, University of Colorado Anschutz Medical Campus" id="GO_BP_2016_02_16_Instance_28777" type="identity">
      <class id="GO:0065007" label="biological regulation"/>
      <span end="28585" id="15836427-7569" start="28577">controls</span>
    </annotation>
    <annotation annotator="Mike Bada, University of Colorado Anschutz Medical Campus" id="GO_BP_2016_02_16_Instance_28833" type="identity">
      <class id="GO:0014018" label="neuroblast fate specification"/>
      <span end="28599" id="15836427-7589" start="28586">specification</span>
      <span end="28622" id="15836427-7590" start="28620">of</span>
      <span end="28645" id="15836427-7591" start="28634">neuroblasts</span>
    </annotation>
    <annotation annotator="Mike Bada, University of Colorado Anschutz Medical Campus" id="GO_BP_2016_02_16_Instance_28665" type="identity">
      <class id="GO:0010467" label="gene expression"/>
      <span end="28790" id="15836427-7458" start="28780">expression</span>
    </annotation>
    <annotation annotator="Mike Bada, University of Colorado Anschutz Medical Campus" id="GO_BP_2016_02_16_Instance_29177" type="identity">
      <class id="GO:0030097" label="hemopoiesis"/>
      <span end="29017" id="15836427-7734" start="29004">hematopoietic</span>
    </annotation>
    <annotation annotator="Mike Bada, University of Colorado Anschutz Medical Campus" id="GO_BP_2016_02_16_Instance_28779" type="identity">
      <class id="GO:0065007" label="biological regulation"/>
      <span end="29262" id="15836427-7571" start="29255">control</span>
    </annotation>
    <annotation annotator="Mike Bada, University of Colorado Anschutz Medical Campus" id="GO_BP_2016_02_16_Instance_28975" type="identity">
      <class id="GO:0007067" label="mitotic nuclear division"/>
      <span end="29398" id="15836427-7707" start="29391">mitotic</span>
    </annotation>
    <annotation annotator="Mike Bada, University of Colorado Anschutz Medical Campus" id="GO_BP_2016_02_16_Instance_28781" type="identity">
      <class id="GO:0065007" label="biological regulation"/>
      <span end="29493" id="15836427-7573" start="29486">control</span>
    </annotation>
    <annotation annotator="Mike Bada, University of Colorado Anschutz Medical Campus" id="GO_BP_2016_02_16_Instance_28667" type="identity">
      <class id="GO:0010467" label="gene expression"/>
      <span end="31653" id="15836427-7460" start="31643">expression</span>
    </annotation>
    <annotation annotator="Mike Bada, University of Colorado Anschutz Medical Campus" id="GO_BP_2016_02_16_Instance_29021" type="identity">
      <class id="GO:0007565" label="female pregnancy"/>
      <span end="31835" id="15836427-7717" start="31824">pregnancies</span>
    </annotation>
    <annotation annotator="Mike Bada, University of Colorado Anschutz Medical Campus" id="GO_BP_2016_02_16_Instance_28877" type="identity">
      <class id="GO:0009294" label="DNA mediated transformation"/>
      <span end="32663" id="15836427-7609" start="32651">transfection</span>
    </annotation>
    <annotation annotator="Mike Bada, University of Colorado Anschutz Medical Campus" id="GO_BP_2016_02_16_Instance_29023" type="identity">
      <class id="GO:0009294" label="DNA mediated transformation"/>
      <span end="32756" id="15836427-7719" start="32745">transfected</span>
    </annotation>
    <annotation annotator="Mike Bada, University of Colorado Anschutz Medical Campus" id="GO_BP_2016_02_16_with_nested_annotations_Instance_10674" type="identity">
      <class id="GO:0007567" label="parturition"/>
      <span end="34867" id="15836427-7768" start="34862">natal</span>
    </annotation>
    <annotation annotator="Mike Bada, University of Colorado Anschutz Medical Campus" id="GO_BP_2016_02_16_Instance_29025" type="identity">
      <class id="GO:0019835" label="cytolysis"/>
      <span end="36191" id="15836427-7721" start="36186">lysed</span>
    </annotation>
    <annotation annotator="Mike Bada, University of Colorado Anschutz Medical Campus" id="GO_BP_2016_02_16_Instance_29027" type="identity">
      <class id="GO:0019835" label="cytolysis"/>
      <span end="36209" id="15836427-7723" start="36204">lysis</span>
    </annotation>
    <annotation annotator="Mike Bada, University of Colorado Anschutz Medical Campus" id="GO_BP_2016_02_16_Instance_44579" type="identity">
      <class id="GO:0010467" label="gene expression"/>
      <span end="37535" id="15836427-7760" start="37520">Gene Expression</span>
    </annotation>
    <annotation annotator="Mike Bada, University of Colorado Anschutz Medical Campus" id="GO_BP_2016_02_16_Instance_28669" type="identity">
      <class id="GO:0010467" label="gene expression"/>
      <span end="37609" id="15836427-7462" start="37599">expression</span>
    </annotation>
    <annotation annotator="Mike Bada, University of Colorado Anschutz Medical Campus" id="GO_BP_2016_02_16_Instance_28937" type="identity">
      <class id="GO:0019230" label="proprioception"/>
      <span end="38111" id="15836427-7669" start="38097">Proprioceptive</span>
    </annotation>
    <annotation annotator="Mike Bada, University of Colorado Anschutz Medical Campus" id="GO_BP_2016_02_16_Instance_28671" type="identity">
      <class id="GO:0010467" label="gene expression"/>
      <span end="38663" id="15836427-7464" start="38653">Expressing</span>
    </annotation>
    <annotation annotator="Mike Bada, University of Colorado Anschutz Medical Campus" id="GO_BP_2016_02_16_Instance_28977" type="identity">
      <class id="GO:0007067" label="mitotic nuclear division"/>
      <span end="38702" id="15836427-7709" start="38695">Mitotic</span>
    </annotation>
    <annotation annotator="Mike Bada, University of Colorado Anschutz Medical Campus" id="GO_BP_2016_02_16_Instance_28673" type="identity">
      <class id="GO:0010467" label="gene expression"/>
      <span end="39280" id="15836427-7466" start="39270">expression</span>
    </annotation>
    <annotation annotator="Mike Bada, University of Colorado Anschutz Medical Campus" id="GO_BP_2016_02_16_Instance_28675" type="identity">
      <class id="GO:0010467" label="gene expression"/>
      <span end="39501" id="15836427-7468" start="39491">expression</span>
    </annotation>
    <annotation annotator="Mike Bada, University of Colorado Anschutz Medical Campus" id="GO_BP_2016_02_16_Instance_28677" type="identity">
      <class id="GO:0010467" label="gene expression"/>
      <span end="39814" id="15836427-7470" start="39804">Expression</span>
    </annotation>
    <annotation annotator="Mike Bada, University of Colorado Anschutz Medical Campus" id="GO_BP_2016_02_16_Instance_28679" type="identity">
      <class id="GO:0010467" label="gene expression"/>
      <span end="39924" id="15836427-7472" start="39914">expressing</span>
    </annotation>
    <annotation annotator="Mike Bada, University of Colorado Anschutz Medical Campus" id="GO_BP_2016_02_16_Instance_28681" type="identity">
      <class id="GO:0010467" label="gene expression"/>
      <span end="39995" id="15836427-7474" start="39985">Expression</span>
    </annotation>
    <annotation annotator="Mike Bada, University of Colorado Anschutz Medical Campus" id="GO_BP_2016_02_16_with_nested_annotations_Instance_10544" type="identity">
      <class id="GO:0006412" label="translation"/>
      <span end="40739" id="15836427-7766" start="40726">translational</span>
    </annotation>
    <annotation annotator="Mike Bada, University of Colorado Anschutz Medical Campus" id="GO_BP_2016_02_16_Instance_28683" type="identity">
      <class id="GO:0010467" label="gene expression"/>
      <span end="40944" id="15836427-7476" start="40934">Expression</span>
    </annotation>
    <annotation annotator="Mike Bada, University of Colorado Anschutz Medical Campus" id="GO_BP_2016_02_16_Instance_230664" type="identity">
      <class id="GO:0010467" label="gene expression"/>
      <span end="41071" id="15836427-7307" start="41064">express</span>
    </annotation>
    <annotation annotator="Mike Bada, University of Colorado Anschutz Medical Campus" id="GO_BP_2016_02_16_Instance_44581" type="identity">
      <class id="GO:0010467" label="gene expression"/>
      <span end="41205" id="15836427-7762" start="41190">Gene Expression</span>
    </annotation>
    <annotation annotator="Mike Bada, University of Colorado Anschutz Medical Campus" id="GO_BP_2016_02_16_Instance_28685" type="identity">
      <class id="GO:0010467" label="gene expression"/>
      <span end="41371" id="15836427-7478" start="41361">expression</span>
    </annotation>
    <annotation annotator="Mike Bada, University of Colorado Anschutz Medical Campus" id="GO_BP_2016_02_16_Instance_140358" type="identity">
      <class id="GO:0007567" label="parturition"/>
      <span end="42789" id="15836427-7296" start="42784">natal</span>
    </annotation>
    <annotation annotator="Mike Bada, University of Colorado Anschutz Medical Campus" id="GO_BP_2016_02_16_Instance_28687" type="identity">
      <class id="GO:0010467" label="gene expression"/>
      <span end="43791" id="15836427-7480" start="43781">expression</span>
    </annotation>
    <annotation annotator="Mike Bada, University of Colorado Anschutz Medical Campus" id="GO_BP_2016_02_16_Instance_28689" type="identity">
      <class id="GO:0010467" label="gene expression"/>
      <span end="43946" id="15836427-7482" start="43936">expression</span>
    </annotation>
    <annotation annotator="Mike Bada, University of Colorado Anschutz Medical Campus" id="GO_BP_2016_02_16_Instance_28691" type="identity">
      <class id="GO:0010467" label="gene expression"/>
      <span end="43990" id="15836427-7484" start="43980">expression</span>
    </annotation>
    <annotation annotator="Mike Bada, University of Colorado Anschutz Medical Campus" id="GO_BP_2016_02_16_Instance_28693" type="identity">
      <class id="GO:0010467" label="gene expression"/>
      <span end="44192" id="15836427-7486" start="44182">expression</span>
    </annotation>
    <annotation annotator="Mike Bada, University of Colorado Anschutz Medical Campus" id="GO_BP_2016_02_16_Instance_28879" type="identity">
      <class id="GO:0009294" label="DNA mediated transformation"/>
      <span end="44349" id="15836427-7611" start="44337">transfection</span>
    </annotation>
    <annotation annotator="Mike Bada, University of Colorado Anschutz Medical Campus" id="GO_BP_2016_02_16_Instance_28939" type="identity">
      <class id="GO:0019230" label="proprioception"/>
      <span end="44527" id="15836427-7671" start="44513">Proprioceptive</span>
    </annotation>
    <annotation annotator="Mike Bada, University of Colorado Anschutz Medical Campus" id="GO_BP_2016_02_16_Instance_28941" type="identity">
      <class id="GO:0019230" label="proprioception"/>
      <span end="45253" id="15836427-7673" start="45239">proprioceptive</span>
    </annotation>
    <annotation annotator="Mike Bada, University of Colorado Anschutz Medical Campus" id="GO_BP_2016_02_16_Instance_28695" type="identity">
      <class id="GO:0010467" label="gene expression"/>
      <span end="45603" id="15836427-7488" start="45593">Expression</span>
    </annotation>
    <annotation annotator="Mike Bada, University of Colorado Anschutz Medical Campus" id="GO_BP_2016_02_16_Instance_28697" type="identity">
      <class id="GO:0010467" label="gene expression"/>
      <span end="45885" id="15836427-7490" start="45875">expression</span>
    </annotation>
    <annotation annotator="Mike Bada, University of Colorado Anschutz Medical Campus" id="GO_BP_2016_02_16_Instance_28699" type="identity">
      <class id="GO:0010467" label="gene expression"/>
      <span end="46469" id="15836427-7492" start="46459">expression</span>
    </annotation>
    <annotation annotator="Mike Bada, University of Colorado Anschutz Medical Campus" id="GO_BP_2016_02_16_Instance_28701" type="identity">
      <class id="GO:0010467" label="gene expression"/>
      <span end="46520" id="15836427-7494" start="46510">expression</span>
    </annotation>
    <annotation annotator="Mike Bada, University of Colorado Anschutz Medical Campus" id="GO_BP_2016_02_16_Instance_28703" type="identity">
      <class id="GO:0010467" label="gene expression"/>
      <span end="47281" id="15836427-7496" start="47271">Expressing</span>
    </annotation>
    <annotation annotator="Mike Bada, University of Colorado Anschutz Medical Campus" id="GO_BP_2016_02_16_Instance_28705" type="identity">
      <class id="GO:0010467" label="gene expression"/>
      <span end="47573" id="15836427-7498" start="47563">expression</span>
    </annotation>
    <annotation annotator="Mike Bada, University of Colorado Anschutz Medical Campus" id="GO_BP_2016_02_16_Instance_28707" type="identity">
      <class id="GO:0010467" label="gene expression"/>
      <span end="47676" id="15836427-7500" start="47666">Expressing</span>
    </annotation>
    <annotation annotator="Mike Bada, University of Colorado Anschutz Medical Campus" id="GO_BP_2016_02_16_Instance_28709" type="identity">
      <class id="GO:0010467" label="gene expression"/>
      <span end="47954" id="15836427-7502" start="47944">expression</span>
    </annotation>
    <annotation annotator="Mike Bada, University of Colorado Anschutz Medical Campus" id="GO_BP_2016_02_16_Instance_28711" type="identity">
      <class id="GO:0010467" label="gene expression"/>
      <span end="48055" id="15836427-7504" start="48045">expressing</span>
    </annotation>
    <annotation annotator="Mike Bada, University of Colorado Anschutz Medical Campus" id="GO_BP_2016_02_16_Instance_28943" type="identity">
      <class id="GO:0019230" label="proprioception"/>
      <span end="48070" id="15836427-7675" start="48056">proprioceptive</span>
    </annotation>
    <annotation annotator="Mike Bada, University of Colorado Anschutz Medical Campus" id="GO_BP_2016_02_16_Instance_28713" type="identity">
      <class id="GO:0010467" label="gene expression"/>
      <span end="48144" id="15836427-7506" start="48134">Expression</span>
    </annotation>
    <annotation annotator="Mike Bada, University of Colorado Anschutz Medical Campus" id="GO_BP_2016_02_16_Instance_28715" type="identity">
      <class id="GO:0010467" label="gene expression"/>
      <span end="48323" id="15836427-7508" start="48313">expression</span>
    </annotation>
    <annotation annotator="Mike Bada, University of Colorado Anschutz Medical Campus" id="GO_BP_2016_02_16_Instance_140364" type="identity">
      <class id="GO:0070997" label="neuron death"/>
      <span end="48569" id="15836427-7298" start="48550">neuronal cell death</span>
    </annotation>
    <annotation annotator="Mike Bada, University of Colorado Anschutz Medical Campus" id="GO_BP_2016_02_16_Instance_29035" type="identity">
      <class id="GO:0008283" label="cell proliferation"/>
      <span end="48614" id="15836427-7725" start="48610">cell</span>
      <span end="48641" id="15836427-7726" start="48628">proliferation</span>
    </annotation>
    <annotation annotator="Mike Bada, University of Colorado Anschutz Medical Campus" id="GO_BP_2016_02_16_Instance_28717" type="identity">
      <class id="GO:0010467" label="gene expression"/>
      <span end="49545" id="15836427-7510" start="49530">Gene Expression</span>
    </annotation>
    <annotation annotator="Mike Bada, University of Colorado Anschutz Medical Campus" id="GO_BP_2016_02_16_Instance_28719" type="identity">
      <class id="GO:0010467" label="gene expression"/>
      <span end="49646" id="15836427-7512" start="49636">expression</span>
    </annotation>
    <annotation annotator="Mike Bada, University of Colorado Anschutz Medical Campus" id="GO_BP_2016_02_16_Instance_28721" type="identity">
      <class id="GO:0010467" label="gene expression"/>
      <span end="49726" id="15836427-7514" start="49716">expression</span>
    </annotation>
    <annotation annotator="Mike Bada, University of Colorado Anschutz Medical Campus" id="GO_BP_2016_02_16_with_nested_annotations_Instance_241968" type="identity">
      <class id="GO:0065007" label="biological regulation"/>
      <span end="49954" id="15836427-7775" start="49944">regulation</span>
    </annotation>
    <annotation annotator="Mike Bada, University of Colorado Anschutz Medical Campus" id="GO_BP_2016_02_16_Instance_28723" type="identity">
      <class id="GO:0010467" label="gene expression"/>
      <span end="50046" id="15836427-7516" start="50036">expression</span>
    </annotation>
    <annotation annotator="Mike Bada, University of Colorado Anschutz Medical Campus" id="GO_BP_2016_02_16_Instance_28725" type="identity">
      <class id="GO:0010467" label="gene expression"/>
      <span end="50105" id="15836427-7518" start="50095">expression</span>
    </annotation>
    <annotation annotator="Mike Bada, University of Colorado Anschutz Medical Campus" id="GO_BP_2016_02_16_Instance_29037" type="identity">
      <class id="GO:0007049" label="cell cycle"/>
      <span end="50170" id="15836427-7728" start="50160">cell cycle</span>
    </annotation>
    <annotation annotator="Mike Bada, University of Colorado Anschutz Medical Campus" id="GO_BP_2016_02_16_Instance_28727" type="identity">
      <class id="GO:0010467" label="gene expression"/>
      <span end="50309" id="15836427-7520" start="50299">expression</span>
    </annotation>
    <annotation annotator="Mike Bada, University of Colorado Anschutz Medical Campus" id="GO_BP_2016_02_16_Instance_28729" type="identity">
      <class id="GO:0010467" label="gene expression"/>
      <span end="50354" id="15836427-7522" start="50344">expression</span>
    </annotation>
    <annotation annotator="Mike Bada, University of Colorado Anschutz Medical Campus" id="GO_BP_2016_02_16_Instance_28731" type="identity">
      <class id="GO:0010467" label="gene expression"/>
      <span end="50436" id="15836427-7524" start="50426">expression</span>
    </annotation>
    <annotation annotator="Mike Bada, University of Colorado Anschutz Medical Campus" id="GO_BP_2016_02_16_Instance_28733" type="identity">
      <class id="GO:0010467" label="gene expression"/>
      <span end="50576" id="15836427-7526" start="50561">Gene Expression</span>
    </annotation>
    <annotation annotator="Mike Bada, University of Colorado Anschutz Medical Campus" id="GO_BP_2016_02_16_Instance_28735" type="identity">
      <class id="GO:0010467" label="gene expression"/>
      <span end="50620" id="15836427-7528" start="50610">Expression</span>
    </annotation>
    <annotation annotator="Mike Bada, University of Colorado Anschutz Medical Campus" id="GO_BP_2016_02_16_Instance_28737" type="identity">
      <class id="GO:0010467" label="gene expression"/>
      <span end="50803" id="15836427-7530" start="50793">Expression</span>
    </annotation>
    <annotation annotator="Mike Bada, University of Colorado Anschutz Medical Campus" id="GO_BP_2016_02_16_Instance_28837" type="identity">
      <class id="GO:0048665" label="neuron fate specification"/>
      <span end="51093" id="15836427-7593" start="51071">Neuronal Specification</span>
    </annotation>
    <annotation annotator="Mike Bada, University of Colorado Anschutz Medical Campus" id="GO_BP_2016_02_16_Instance_230666" type="identity">
      <class id="GO:0010628" label="positive regulation of gene expression"/>
      <span end="51279" id="15836427-7309" start="51264">upregulation of</span>
      <span end="51311" id="15836427-7310" start="51301">expression</span>
    </annotation>
    <annotation annotator="Mike Bada, University of Colorado Anschutz Medical Campus" id="GO_BP_2016_02_16_Instance_28839" type="identity">
      <class id="GO:0048665" label="neuron fate specification"/>
      <span end="51335" id="15836427-7595" start="51319">specification of</span>
      <span end="51347" id="15836427-7596" start="51340">neurons</span>
    </annotation>
    <annotation annotator="Mike Bada, University of Colorado Anschutz Medical Campus" id="GO_BP_2016_02_16_Instance_28741" type="identity">
      <class id="GO:0010467" label="gene expression"/>
      <span end="51432" id="15836427-7532" start="51422">Expression</span>
    </annotation>
    <annotation annotator="Mike Bada, University of Colorado Anschutz Medical Campus" id="GO_BP_2016_02_16_Instance_28743" type="identity">
      <class id="GO:0010467" label="gene expression"/>
      <span end="51559" id="15836427-7534" start="51549">expression</span>
    </annotation>
    <annotation annotator="Mike Bada, University of Colorado Anschutz Medical Campus" id="GO_BP_2016_02_16_Instance_28945" type="identity">
      <class id="GO:0019230" label="proprioception"/>
      <span end="51630" id="15836427-7677" start="51616">proprioceptive</span>
    </annotation>
    <annotation annotator="Mike Bada, University of Colorado Anschutz Medical Campus" id="GO_BP_2016_02_16_Instance_140388" type="identity">
      <class id="GO:0031175" label="neuron projection development"/>
      <span end="51741" id="15836427-7300" start="51725">establishment of</span>
      <span end="51766" id="15836427-7301" start="51746">neuronal projections</span>
    </annotation>
    <annotation annotator="Mike Bada, University of Colorado Anschutz Medical Campus" id="GO_BP_2016_02_16_Instance_28745" type="identity">
      <class id="GO:0010467" label="gene expression"/>
      <span end="51811" id="15836427-7536" start="51796">gene expression</span>
    </annotation>
    <annotation annotator="Mike Bada, University of Colorado Anschutz Medical Campus" id="GO_BP_2016_02_16_Instance_28841" type="identity">
      <class id="GO:0048665" label="neuron fate specification"/>
      <span end="51956" id="15836427-7598" start="51940">specification of</span>
      <span end="51987" id="15836427-7599" start="51980">neurons</span>
    </annotation>
    <annotation annotator="Mike Bada, University of Colorado Anschutz Medical Campus" id="GO_BP_2016_02_16_Instance_28947" type="identity">
      <class id="GO:0019230" label="proprioception"/>
      <span end="51979" id="15836427-7679" start="51957">proprioceptive sensory</span>
    </annotation>
    <graph-space id="Old Knowtator Relations"/>
  </document>
</knowtator-project>
