<?xml version="1.0" encoding="UTF-8" standalone="no"?>
<knowtator-project>
    <document id="16109169" text-file="16109169.txt">
        <annotation annotator="Mike Bada, University of Colorado Anschutz Medical Campus" id="GO_BP_2016_02_16_with_nested_annotations_Instance_10174" type="identity">
            <class id="GO:0090009" label="primitive streak formation"/>
            <span end="85" id="16109169-9214" start="69">streak formation</span>
        </annotation>
        <annotation annotator="Mike Bada, University of Colorado Anschutz Medical Campus" id="GO_BP_2016_02_16_Instance_44819" type="identity">
            <class id="GO:0007369" label="gastrulation"/>
            <span end="311" id="16109169-9168" start="299">gastrulation</span>
        </annotation>
        <annotation annotator="Mike Bada, University of Colorado Anschutz Medical Campus" id="GO_BP_2016_02_16_Instance_24953" type="identity">
            <class id="GO:0048598" label="embryonic morphogenesis"/>
            <span end="489" id="16109169-8875" start="480">embryonic</span>
            <span end="518" id="16109169-8876" start="505">morphogenesis</span>
        </annotation>
        <annotation annotator="Mike Bada, University of Colorado Anschutz Medical Campus" id="GO_BP_2016_02_16_Instance_230670" type="identity">
            <class id="GO:0010467" label="gene expression"/>
            <span end="622" id="16109169-8864" start="612">expression</span>
        </annotation>
        <annotation annotator="Mike Bada, University of Colorado Anschutz Medical Campus" id="GO_BP_2016_02_16_Instance_32363" type="identity">
            <class id="GO:0010467" label="gene expression"/>
            <span end="894" id="16109169-8881" start="884">expression</span>
        </annotation>
        <annotation annotator="Mike Bada, University of Colorado Anschutz Medical Campus" id="GO_BP_2016_02_16_Instance_32365" type="identity">
            <class id="GO:0010467" label="gene expression"/>
            <span end="958" id="16109169-8883" start="948">expression</span>
        </annotation>
        <annotation annotator="Mike Bada, University of Colorado Anschutz Medical Campus" id="GO_BP_2016_02_16_Instance_170162" type="identity">
            <class id="GO:0060322" label="head development"/>
            <span end="1017" id="16109169-8833" start="1001">head development</span>
        </annotation>
        <annotation annotator="Mike Bada, University of Colorado Anschutz Medical Campus" id="GO_BP_2016_02_16_Instance_32367" type="identity">
            <class id="GO:0010467" label="gene expression"/>
            <span end="1065" id="16109169-8885" start="1056">expressed</span>
        </annotation>
        <annotation annotator="Mike Bada, University of Colorado Anschutz Medical Campus" id="GO_BP_2016_02_16_Instance_32651" type="identity">
            <class id="GO:0010467" label="gene expression"/>
            <span end="1150" id="16109169-8887" start="1140">expression</span>
        </annotation>
        <annotation annotator="Mike Bada, University of Colorado Anschutz Medical Campus" id="GO_BP_2016_02_16_Instance_32653" type="identity">
            <class id="GO:0010467" label="gene expression"/>
            <span end="1425" id="16109169-8889" start="1415">expression</span>
        </annotation>
        <annotation annotator="Mike Bada, University of Colorado Anschutz Medical Campus" id="GO_BP_2016_02_16_Instance_34861" type="identity">
            <class id="GO:0065007" label="biological regulation"/>
            <span end="1900" id="16109169-9095" start="1894">govern</span>
        </annotation>
        <annotation annotator="Mike Bada, University of Colorado Anschutz Medical Campus" id="GO_BP_2016_02_16_with_nested_annotations_Instance_10176" type="identity">
            <class id="GO:0090009" label="primitive streak formation"/>
            <span end="1935" id="16109169-9216" start="1917">streak development</span>
        </annotation>
        <annotation annotator="Mike Bada, University of Colorado Anschutz Medical Campus" id="GO_BP_2016_02_16_Instance_34863" type="identity">
            <class id="GO:0006461" label="protein complex assembly"/>
            <span end="3045" id="16109169-9097" start="3037">assembly</span>
            <span end="3086" id="16109169-9098" start="3084">of</span>
            <span end="3110" id="16109169-9099" start="3093">protein complexes</span>
        </annotation>
        <annotation annotator="Mike Bada, University of Colorado Anschutz Medical Campus" id="GO_BP_2016_02_16_Instance_23501" type="identity">
            <class id="GO:0031503" label="protein complex localization"/>
            <span end="3086" id="16109169-8872" start="3075">location of</span>
            <span end="3110" id="16109169-8873" start="3093">protein complexes</span>
        </annotation>
        <annotation annotator="Mike Bada, University of Colorado Anschutz Medical Campus" id="GO_BP_2016_02_16_Instance_44823" type="identity">
            <class id="GO:0009987" label="cellular process"/>
            <span end="3287" id="16109169-9170" start="3269">cellular processes</span>
        </annotation>
        <annotation annotator="Mike Bada, University of Colorado Anschutz Medical Campus" id="GO_BP_2016_02_16_Instance_44827" type="identity">
            <class id="GO:0009790" label="embryo development"/>
            <span end="4073" id="16109169-9172" start="4052">embryonic development</span>
        </annotation>
        <annotation annotator="Mike Bada, University of Colorado Anschutz Medical Campus" id="GO_BP_2016_02_16_Instance_44829" type="identity">
            <class id="GO:0007369" label="gastrulation"/>
            <span end="4165" id="16109169-9174" start="4153">gastrulation</span>
        </annotation>
        <annotation annotator="Mike Bada, University of Colorado Anschutz Medical Campus" id="GO_BP_2016_02_16_Instance_44831" type="identity">
            <class id="GO:0022008" label="neurogenesis"/>
            <span end="4243" id="16109169-9176" start="4231">neurogenesis</span>
        </annotation>
        <annotation annotator="Mike Bada, University of Colorado Anschutz Medical Campus" id="GO_BP_2016_02_16_Instance_170172" type="identity">
            <class id="GO:0007567" label="parturition"/>
            <span end="4257" id="16109169-8835" start="4252">natal</span>
        </annotation>
        <annotation annotator="Mike Bada, University of Colorado Anschutz Medical Campus" id="GO_BP_2016_02_16_Instance_32807" type="identity">
            <class id="GO:0010467" label="gene expression"/>
            <span end="4633" id="16109169-8891" start="4623">expression</span>
        </annotation>
        <annotation annotator="Mike Bada, University of Colorado Anschutz Medical Campus" id="GO_BP_2016_02_16_Instance_44833" type="identity">
            <class id="GO:0007369" label="gastrulation"/>
            <span end="4716" id="16109169-9178" start="4704">gastrulation</span>
        </annotation>
        <annotation annotator="Mike Bada, University of Colorado Anschutz Medical Campus" id="GO_BP_2016_02_16_with_nested_annotations_Instance_10178" type="identity">
            <class id="GO:0008595" label="anterior/posterior axis specification, embryo"/>
            <span end="4991" id="16109169-9218" start="4958">anterior/posterior axis formation</span>
            <span end="5009" id="16109169-9219" start="5007">in</span>
            <span end="5031" id="16109169-9220" start="5025">embryo</span>
        </annotation>
        <annotation annotator="Mike Bada, University of Colorado Anschutz Medical Campus" id="GO_BP_2016_02_16_Instance_34867" type="identity">
            <class id="GO:0006826" label="iron ion transport"/>
            <span end="5340" id="16109169-9101" start="5326">iron transport</span>
        </annotation>
        <annotation annotator="Mike Bada, University of Colorado Anschutz Medical Campus" id="GO_BP_2016_02_16_Instance_44835" type="identity">
            <class id="GO:0006897" label="endocytosis"/>
            <span end="5421" id="16109169-9180" start="5410">endocytosis</span>
        </annotation>
        <annotation annotator="Mike Bada, University of Colorado Anschutz Medical Campus" id="GO_BP_2016_02_16_Instance_32975" type="identity">
            <class id="GO:0010467" label="gene expression"/>
            <span end="5853" id="16109169-8893" start="5843">expression</span>
        </annotation>
        <annotation annotator="Mike Bada, University of Colorado Anschutz Medical Campus" id="GO_BP_2016_02_16_Instance_24955" type="identity">
            <class id="GO:0048598" label="embryonic morphogenesis"/>
            <span end="5894" id="16109169-8878" start="5885">embryonic</span>
            <span end="5923" id="16109169-8879" start="5910">morphogenesis</span>
        </annotation>
        <annotation annotator="Mike Bada, University of Colorado Anschutz Medical Campus" id="GO_BP_2016_02_16_Instance_32977" type="identity">
            <class id="GO:0010467" label="gene expression"/>
            <span end="6145" id="16109169-8895" start="6135">expression</span>
        </annotation>
        <annotation annotator="Mike Bada, University of Colorado Anschutz Medical Campus" id="GO_BP_2016_02_16_Instance_34569" type="identity">
            <class id="GO:0048339" label="paraxial mesoderm development"/>
            <span end="6302" id="16109169-8991" start="6274">paraxial mesoderm production</span>
        </annotation>
        <annotation annotator="Mike Bada, University of Colorado Anschutz Medical Campus" id="GO_BP_2016_02_16_Instance_230672" type="identity">
            <class id="GO:0010467" label="gene expression"/>
            <span end="6510" id="16109169-8866" start="6500">expression</span>
        </annotation>
        <annotation annotator="Mike Bada, University of Colorado Anschutz Medical Campus" id="GO_BP_2016_02_16_Instance_230674" type="identity">
            <class id="GO:0010467" label="gene expression"/>
            <span end="6704" id="16109169-8868" start="6694">expression</span>
        </annotation>
        <annotation annotator="Mike Bada, University of Colorado Anschutz Medical Campus" id="GO_BP_2016_02_16_Instance_34871" type="identity">
            <class id="GO:0030097" label="hemopoiesis"/>
            <span end="6812" id="16109169-9103" start="6799">hematopoiesis</span>
        </annotation>
        <annotation annotator="Mike Bada, University of Colorado Anschutz Medical Campus" id="GO_BP_2016_02_16_Instance_44841" type="identity">
            <class id="GO:0001570" label="vasculogenesis"/>
            <span end="6830" id="16109169-9182" start="6816">vasculogenesis</span>
        </annotation>
        <annotation annotator="Mike Bada, University of Colorado Anschutz Medical Campus" id="GO_BP_2016_02_16_Instance_33215" type="identity">
            <class id="GO:0010467" label="gene expression"/>
            <span end="6961" id="16109169-8897" start="6951">expression</span>
        </annotation>
        <annotation annotator="Mike Bada, University of Colorado Anschutz Medical Campus" id="GO_BP_2016_02_16_Instance_33217" type="identity">
            <class id="GO:0010467" label="gene expression"/>
            <span end="7124" id="16109169-8899" start="7114">expression</span>
        </annotation>
        <annotation annotator="Mike Bada, University of Colorado Anschutz Medical Campus" id="GO_BP_2016_02_16_Instance_33343" type="identity">
            <class id="GO:0010467" label="gene expression"/>
            <span end="7696" id="16109169-8901" start="7687">expressed</span>
        </annotation>
        <annotation annotator="Mike Bada, University of Colorado Anschutz Medical Campus" id="GO_BP_2016_02_16_Instance_33579" type="identity">
            <class id="GO:0010467" label="gene expression"/>
            <span end="7776" id="16109169-8903" start="7767">expressed</span>
        </annotation>
        <annotation annotator="Mike Bada, University of Colorado Anschutz Medical Campus" id="GO_BP_2016_02_16_Instance_33807" type="identity">
            <class id="GO:0010467" label="gene expression"/>
            <span end="7838" id="16109169-8905" start="7828">expression</span>
        </annotation>
        <annotation annotator="Mike Bada, University of Colorado Anschutz Medical Campus" id="GO_BP_2016_02_16_Instance_33879" type="identity">
            <class id="GO:0010467" label="gene expression"/>
            <span end="7890" id="16109169-8907" start="7880">expression</span>
        </annotation>
        <annotation annotator="Mike Bada, University of Colorado Anschutz Medical Campus" id="GO_BP_2016_02_16_Instance_33881" type="identity">
            <class id="GO:0010467" label="gene expression"/>
            <span end="7943" id="16109169-8909" start="7933">expression</span>
        </annotation>
        <annotation annotator="Mike Bada, University of Colorado Anschutz Medical Campus" id="GO_BP_2016_02_16_Instance_33883" type="identity">
            <class id="GO:0010467" label="gene expression"/>
            <span end="8025" id="16109169-8911" start="8015">expression</span>
        </annotation>
        <annotation annotator="Mike Bada, University of Colorado Anschutz Medical Campus" id="GO_BP_2016_02_16_Instance_34879" type="identity">
            <class id="GO:0001714" label="endodermal cell fate specification"/>
            <span end="8103" id="16109169-9105" start="8090">specification</span>
            <span end="8119" id="16109169-9106" start="8117">of</span>
            <span end="8146" id="16109169-9107" start="8138">endoderm</span>
            <span end="8158" id="16109169-9108" start="8153">cells</span>
        </annotation>
        <annotation annotator="Mike Bada, University of Colorado Anschutz Medical Campus" id="GO_BP_2016_02_16_Instance_170190" type="identity">
            <class id="GO:0048870" label="cell motility"/>
            <span end="8119" id="16109169-8837" start="8108">movement of</span>
            <span end="8158" id="16109169-8838" start="8153">cells</span>
        </annotation>
        <annotation annotator="Mike Bada, University of Colorado Anschutz Medical Campus" id="GO_BP_2016_02_16_Instance_33885" type="identity">
            <class id="GO:0010467" label="gene expression"/>
            <span end="8626" id="16109169-8913" start="8616">expression</span>
        </annotation>
        <annotation annotator="Mike Bada, University of Colorado Anschutz Medical Campus" id="GO_BP_2016_02_16_Instance_33887" type="identity">
            <class id="GO:0010467" label="gene expression"/>
            <span end="8669" id="16109169-8915" start="8659">expression</span>
        </annotation>
        <annotation annotator="Mike Bada, University of Colorado Anschutz Medical Campus" id="GO_BP_2016_02_16_Instance_170194" type="identity">
            <class id="GO:0065007" label="biological regulation"/>
            <span end="8748" id="16109169-8840" start="8741">control</span>
        </annotation>
        <annotation annotator="Mike Bada, University of Colorado Anschutz Medical Campus" id="GO_BP_2016_02_16_Instance_33889" type="identity">
            <class id="GO:0010467" label="gene expression"/>
            <span end="8780" id="16109169-8917" start="8770">expression</span>
        </annotation>
        <annotation annotator="Mike Bada, University of Colorado Anschutz Medical Campus" id="GO_BP_2016_02_16_Instance_34683" type="identity">
            <class id="GO:0007492" label="endoderm development"/>
            <span end="9245" id="16109169-9005" start="9227">endoderm formation</span>
        </annotation>
        <annotation annotator="Mike Bada, University of Colorado Anschutz Medical Campus" id="GO_BP_2016_02_16_Instance_33891" type="identity">
            <class id="GO:0010467" label="gene expression"/>
            <span end="9261" id="16109169-8919" start="9251">expression</span>
        </annotation>
        <annotation annotator="Mike Bada, University of Colorado Anschutz Medical Campus" id="GO_BP_2016_02_16_Instance_34155" type="identity">
            <class id="GO:0010467" label="gene expression"/>
            <span end="9363" id="16109169-8921" start="9353">expression</span>
        </annotation>
        <annotation annotator="Mike Bada, University of Colorado Anschutz Medical Campus" id="GO_BP_2016_02_16_Instance_34157" type="identity">
            <class id="GO:0010467" label="gene expression"/>
            <span end="9676" id="16109169-8923" start="9666">expression</span>
        </annotation>
        <annotation annotator="Mike Bada, University of Colorado Anschutz Medical Campus" id="GO_BP_2016_02_16_Instance_34881" type="identity">
            <class id="GO:0065007" label="biological regulation"/>
            <span end="9751" id="16109169-9110" start="9741">regulation</span>
        </annotation>
        <annotation annotator="Mike Bada, University of Colorado Anschutz Medical Campus" id="GO_BP_2016_02_16_with_nested_annotations_Instance_10180" type="identity">
            <class id="GO:0090009" label="primitive streak formation"/>
            <span end="9967" id="16109169-9222" start="9951">streak formation</span>
        </annotation>
        <annotation annotator="Mike Bada, University of Colorado Anschutz Medical Campus" id="GO_BP_2016_02_16_Instance_35011" type="identity">
            <class id="GO:0007498" label="mesoderm development"/>
            <span end="10080" id="16109169-9136" start="10062">mesoderm formation</span>
        </annotation>
        <annotation annotator="Mike Bada, University of Colorado Anschutz Medical Campus" id="GO_BP_2016_02_16_Instance_34159" type="identity">
            <class id="GO:0010467" label="gene expression"/>
            <span end="10172" id="16109169-8925" start="10162">expression</span>
        </annotation>
        <annotation annotator="Mike Bada, University of Colorado Anschutz Medical Campus" id="GO_BP_2016_02_16_Instance_34161" type="identity">
            <class id="GO:0010467" label="gene expression"/>
            <span end="10338" id="16109169-8927" start="10329">expressed</span>
        </annotation>
        <annotation annotator="Mike Bada, University of Colorado Anschutz Medical Campus" id="GO_BP_2016_02_16_Instance_34163" type="identity">
            <class id="GO:0010467" label="gene expression"/>
            <span end="10586" id="16109169-8929" start="10576">expression</span>
        </annotation>
        <annotation annotator="Mike Bada, University of Colorado Anschutz Medical Campus" id="GO_BP_2016_02_16_Instance_34165" type="identity">
            <class id="GO:0010467" label="gene expression"/>
            <span end="10739" id="16109169-8931" start="10730">expressed</span>
        </annotation>
        <annotation annotator="Mike Bada, University of Colorado Anschutz Medical Campus" id="GO_BP_2016_02_16_Instance_34167" type="identity">
            <class id="GO:0010467" label="gene expression"/>
            <span end="10879" id="16109169-8933" start="10870">expressed</span>
        </annotation>
        <annotation annotator="Mike Bada, University of Colorado Anschutz Medical Campus" id="GO_BP_2016_02_16_Instance_34245" type="identity">
            <class id="GO:0010467" label="gene expression"/>
            <span end="10973" id="16109169-8935" start="10964">expressed</span>
        </annotation>
        <annotation annotator="Mike Bada, University of Colorado Anschutz Medical Campus" id="GO_BP_2016_02_16_Instance_34247" type="identity">
            <class id="GO:0010467" label="gene expression"/>
            <span end="11039" id="16109169-8937" start="11030">expressed</span>
        </annotation>
        <annotation annotator="Mike Bada, University of Colorado Anschutz Medical Campus" id="GO_BP_2016_02_16_Instance_34249" type="identity">
            <class id="GO:0010467" label="gene expression"/>
            <span end="11199" id="16109169-8939" start="11192">express</span>
        </annotation>
        <annotation annotator="Mike Bada, University of Colorado Anschutz Medical Campus" id="GO_BP_2016_02_16_Instance_34251" type="identity">
            <class id="GO:0010467" label="gene expression"/>
            <span end="11276" id="16109169-8941" start="11266">expression</span>
        </annotation>
        <annotation annotator="Mike Bada, University of Colorado Anschutz Medical Campus" id="GO_BP_2016_02_16_with_nested_annotations_Instance_10182" type="identity">
            <class id="GO:0090009" label="primitive streak formation"/>
            <span end="11498" id="16109169-9224" start="11486">formation of</span>
            <span end="11524" id="16109169-9225" start="11508">primitive streak</span>
        </annotation>
        <annotation annotator="Mike Bada, University of Colorado Anschutz Medical Campus" id="GO_BP_2016_02_16_Instance_35015" type="identity">
            <class id="GO:0048339" label="paraxial mesoderm development"/>
            <span end="11498" id="16109169-9138" start="11486">formation of</span>
            <span end="11546" id="16109169-9139" start="11529">paraxial mesoderm</span>
        </annotation>
        <annotation annotator="Mike Bada, University of Colorado Anschutz Medical Campus" id="GO_BP_2016_02_16_Instance_34317" type="identity">
            <class id="GO:0010467" label="gene expression"/>
            <span end="11648" id="16109169-8943" start="11639">expressed</span>
        </annotation>
        <annotation annotator="Mike Bada, University of Colorado Anschutz Medical Campus" id="GO_BP_2016_02_16_Instance_34319" type="identity">
            <class id="GO:0010467" label="gene expression"/>
            <span end="11722" id="16109169-8945" start="11713">expressed</span>
        </annotation>
        <annotation annotator="Mike Bada, University of Colorado Anschutz Medical Campus" id="GO_BP_2016_02_16_Instance_34321" type="identity">
            <class id="GO:0010467" label="gene expression"/>
            <span end="11884" id="16109169-8947" start="11875">expressed</span>
        </annotation>
        <annotation annotator="Mike Bada, University of Colorado Anschutz Medical Campus" id="GO_BP_2016_02_16_Instance_34323" type="identity">
            <class id="GO:0010467" label="gene expression"/>
            <span end="11931" id="16109169-8949" start="11921">expression</span>
        </annotation>
        <annotation annotator="Mike Bada, University of Colorado Anschutz Medical Campus" id="GO_BP_2016_02_16_Instance_34325" type="identity">
            <class id="GO:0010467" label="gene expression"/>
            <span end="12009" id="16109169-8951" start="11999">expression</span>
        </annotation>
        <annotation annotator="Mike Bada, University of Colorado Anschutz Medical Campus" id="GO_BP_2016_02_16_Instance_35017" type="identity">
            <class id="GO:0048339" label="paraxial mesoderm development"/>
            <span end="12251" id="16109169-9141" start="12223">paraxial mesoderm production</span>
        </annotation>
        <annotation annotator="Mike Bada, University of Colorado Anschutz Medical Campus" id="GO_BP_2016_02_16_Instance_35021" type="identity">
            <class id="GO:0048339" label="paraxial mesoderm development"/>
            <span end="12848" id="16109169-9143" start="12821">paraxial mesoderm formation</span>
        </annotation>
        <annotation annotator="Mike Bada, University of Colorado Anschutz Medical Campus" id="GO_BP_2016_02_16_Instance_34327" type="identity">
            <class id="GO:0010467" label="gene expression"/>
            <span end="12962" id="16109169-8953" start="12953">expressed</span>
        </annotation>
        <annotation annotator="Mike Bada, University of Colorado Anschutz Medical Campus" id="GO_BP_2016_02_16_Instance_34329" type="identity">
            <class id="GO:0010467" label="gene expression"/>
            <span end="13239" id="16109169-8955" start="13229">expression</span>
        </annotation>
        <annotation annotator="Mike Bada, University of Colorado Anschutz Medical Campus" id="GO_BP_2016_02_16_Instance_44849" type="identity">
            <class id="GO:0048339" label="paraxial mesoderm development"/>
            <span end="13353" id="16109169-9184" start="13324">paraxial mesoderm development</span>
        </annotation>
        <annotation annotator="Mike Bada, University of Colorado Anschutz Medical Campus" id="GO_BP_2016_02_16_Instance_34331" type="identity">
            <class id="GO:0010467" label="gene expression"/>
            <span end="13383" id="16109169-8957" start="13373">expression</span>
        </annotation>
        <annotation annotator="Mike Bada, University of Colorado Anschutz Medical Campus" id="GO_BP_2016_02_16_Instance_34333" type="identity">
            <class id="GO:0010467" label="gene expression"/>
            <span end="13554" id="16109169-8959" start="13544">expression</span>
        </annotation>
        <annotation annotator="Mike Bada, University of Colorado Anschutz Medical Campus" id="GO_BP_2016_02_16_with_nested_annotations_Instance_10184" type="identity">
            <class id="GO:0090009" label="primitive streak formation"/>
            <span end="13777" id="16109169-9227" start="13751">primitive streak formation</span>
        </annotation>
        <annotation annotator="Mike Bada, University of Colorado Anschutz Medical Campus" id="GO_BP_2016_02_16_Instance_35029" type="identity">
            <class id="GO:0048318" label="axial mesoderm development"/>
            <span end="13817" id="16109169-9147" start="13812">axial</span>
            <span end="13849" id="16109169-9148" start="13831">mesoderm formation</span>
        </annotation>
        <annotation annotator="Mike Bada, University of Colorado Anschutz Medical Campus" id="GO_BP_2016_02_16_Instance_35027" type="identity">
            <class id="GO:0048339" label="paraxial mesoderm development"/>
            <span end="13849" id="16109169-9145" start="13822">paraxial mesoderm formation</span>
        </annotation>
        <annotation annotator="Mike Bada, University of Colorado Anschutz Medical Campus" id="GO_BP_2016_02_16_Instance_34335" type="identity">
            <class id="GO:0010467" label="gene expression"/>
            <span end="13941" id="16109169-8961" start="13931">expression</span>
        </annotation>
        <annotation annotator="Mike Bada, University of Colorado Anschutz Medical Campus" id="GO_BP_2016_02_16_Instance_35033" type="identity">
            <class id="GO:0046903" label="secretion"/>
            <span end="14142" id="16109169-9150" start="14134">secreted</span>
        </annotation>
        <annotation annotator="Mike Bada, University of Colorado Anschutz Medical Campus" id="GO_BP_2016_02_16_Instance_170198" type="identity">
            <class id="GO:0090009" label="primitive streak formation"/>
            <span end="14182" id="16109169-8842" start="14173">formation</span>
            <span end="14201" id="16109169-8843" start="14199">of</span>
            <span end="14222" id="16109169-8844" start="14206">primitive streak</span>
        </annotation>
        <annotation annotator="Mike Bada, University of Colorado Anschutz Medical Campus" id="GO_BP_2016_02_16_Instance_34337" type="identity">
            <class id="GO:0010467" label="gene expression"/>
            <span end="14284" id="16109169-8963" start="14275">expressed</span>
        </annotation>
        <annotation annotator="Mike Bada, University of Colorado Anschutz Medical Campus" id="GO_BP_2016_02_16_Instance_35037" type="identity">
            <class id="GO:0007566" label="embryo implantation"/>
            <span end="14367" id="16109169-9152" start="14355">implantation</span>
        </annotation>
        <annotation annotator="Mike Bada, University of Colorado Anschutz Medical Campus" id="GO_BP_2016_02_16_Instance_34339" type="identity">
            <class id="GO:0010467" label="gene expression"/>
            <span end="14519" id="16109169-8965" start="14509">expression</span>
        </annotation>
        <annotation annotator="Mike Bada, University of Colorado Anschutz Medical Campus" id="GO_BP_2016_02_16_Instance_34341" type="identity">
            <class id="GO:0010467" label="gene expression"/>
            <span end="14574" id="16109169-8967" start="14564">expression</span>
        </annotation>
        <annotation annotator="Mike Bada, University of Colorado Anschutz Medical Campus" id="GO_BP_2016_02_16_Instance_34343" type="identity">
            <class id="GO:0010467" label="gene expression"/>
            <span end="14618" id="16109169-8969" start="14608">expression</span>
        </annotation>
        <annotation annotator="Mike Bada, University of Colorado Anschutz Medical Campus" id="GO_BP_2016_02_16_Instance_34345" type="identity">
            <class id="GO:0010467" label="gene expression"/>
            <span end="15010" id="16109169-8971" start="15000">expression</span>
        </annotation>
        <annotation annotator="Mike Bada, University of Colorado Anschutz Medical Campus" id="GO_BP_2016_02_16_Instance_34347" type="identity">
            <class id="GO:0010467" label="gene expression"/>
            <span end="15070" id="16109169-8973" start="15063">express</span>
        </annotation>
        <annotation annotator="Mike Bada, University of Colorado Anschutz Medical Campus" id="GO_BP_2016_02_16_Instance_44855" type="identity">
            <class id="GO:0010467" label="gene expression"/>
            <span end="15375" id="16109169-9186" start="15360">gene expression</span>
        </annotation>
        <annotation annotator="Mike Bada, University of Colorado Anschutz Medical Campus" id="GO_BP_2016_02_16_Instance_34349" type="identity">
            <class id="GO:0010467" label="gene expression"/>
            <span end="15575" id="16109169-8975" start="15565">expression</span>
        </annotation>
        <annotation annotator="Mike Bada, University of Colorado Anschutz Medical Campus" id="GO_BP_2016_02_16_Instance_34351" type="identity">
            <class id="GO:0010467" label="gene expression"/>
            <span end="15629" id="16109169-8977" start="15619">expression</span>
        </annotation>
        <annotation annotator="Mike Bada, University of Colorado Anschutz Medical Campus" id="GO_BP_2016_02_16_Instance_34353" type="identity">
            <class id="GO:0010467" label="gene expression"/>
            <span end="16007" id="16109169-8979" start="15998">expressed</span>
        </annotation>
        <annotation annotator="Mike Bada, University of Colorado Anschutz Medical Campus" id="GO_BP_2016_02_16_Instance_34355" type="identity">
            <class id="GO:0010467" label="gene expression"/>
            <span end="16053" id="16109169-8981" start="16043">expression</span>
        </annotation>
        <annotation annotator="Mike Bada, University of Colorado Anschutz Medical Campus" id="GO_BP_2016_02_16_Instance_34357" type="identity">
            <class id="GO:0010467" label="gene expression"/>
            <span end="16284" id="16109169-8983" start="16274">expression</span>
        </annotation>
        <annotation annotator="Mike Bada, University of Colorado Anschutz Medical Campus" id="GO_BP_2016_02_16_Instance_44857" type="identity">
            <class id="GO:0007369" label="gastrulation"/>
            <span end="16571" id="16109169-9188" start="16559">gastrulation</span>
        </annotation>
        <annotation annotator="Mike Bada, University of Colorado Anschutz Medical Campus" id="GO_BP_2016_02_16_Instance_44859" type="identity">
            <class id="GO:0016477" label="cell migration"/>
            <span end="16628" id="16109169-9190" start="16614">cell migration</span>
        </annotation>
        <annotation annotator="Mike Bada, University of Colorado Anschutz Medical Campus" id="GO_BP_2016_02_16_Instance_34359" type="identity">
            <class id="GO:0010467" label="gene expression"/>
            <span end="16675" id="16109169-8985" start="16666">Expressed</span>
        </annotation>
        <annotation annotator="Mike Bada, University of Colorado Anschutz Medical Campus" id="GO_BP_2016_02_16_Instance_170206" type="identity">
            <class id="GO:0090009" label="primitive streak formation"/>
            <span end="16706" id="16109169-8846" start="16690">streak formation</span>
        </annotation>
        <annotation annotator="Mike Bada, University of Colorado Anschutz Medical Campus" id="GO_BP_2016_02_16_Instance_34361" type="identity">
            <class id="GO:0010467" label="gene expression"/>
            <span end="16970" id="16109169-8987" start="16960">expression</span>
        </annotation>
        <annotation annotator="Mike Bada, University of Colorado Anschutz Medical Campus" id="GO_BP_2016_02_16_Instance_34363" type="identity">
            <class id="GO:0010467" label="gene expression"/>
            <span end="16992" id="16109169-8989" start="16983">expressed</span>
        </annotation>
        <annotation annotator="Mike Bada, University of Colorado Anschutz Medical Campus" id="GO_BP_2016_02_16_Instance_34575" type="identity">
            <class id="GO:0010467" label="gene expression"/>
            <span end="17217" id="16109169-8993" start="17207">expression</span>
        </annotation>
        <annotation annotator="Mike Bada, University of Colorado Anschutz Medical Campus" id="GO_BP_2016_02_16_Instance_34577" type="identity">
            <class id="GO:0010467" label="gene expression"/>
            <span end="17473" id="16109169-8995" start="17463">expression</span>
        </annotation>
        <annotation annotator="Mike Bada, University of Colorado Anschutz Medical Campus" id="GO_BP_2016_02_16_Instance_34579" type="identity">
            <class id="GO:0010467" label="gene expression"/>
            <span end="17530" id="16109169-8997" start="17521">expressed</span>
        </annotation>
        <annotation annotator="Mike Bada, University of Colorado Anschutz Medical Campus" id="GO_BP_2016_02_16_Instance_44861" type="identity">
            <class id="GO:0007369" label="gastrulation"/>
            <span end="17645" id="16109169-9192" start="17633">gastrulation</span>
        </annotation>
        <annotation annotator="Mike Bada, University of Colorado Anschutz Medical Campus" id="GO_BP_2016_02_16_Instance_34581" type="identity">
            <class id="GO:0010467" label="gene expression"/>
            <span end="17706" id="16109169-8999" start="17697">expressed</span>
        </annotation>
        <annotation annotator="Mike Bada, University of Colorado Anschutz Medical Campus" id="GO_BP_2016_02_16_Instance_34583" type="identity">
            <class id="GO:0010467" label="gene expression"/>
            <span end="17898" id="16109169-9001" start="17888">expression</span>
        </annotation>
        <annotation annotator="Mike Bada, University of Colorado Anschutz Medical Campus" id="GO_BP_2016_02_16_Instance_34887" type="identity">
            <class id="GO:0065007" label="biological regulation"/>
            <span end="18102" id="16109169-9112" start="18092">regulation</span>
        </annotation>
        <annotation annotator="Mike Bada, University of Colorado Anschutz Medical Campus" id="GO_BP_2016_02_16_Instance_34585" type="identity">
            <class id="GO:0010467" label="gene expression"/>
            <span end="18319" id="16109169-9003" start="18309">expression</span>
        </annotation>
        <annotation annotator="Mike Bada, University of Colorado Anschutz Medical Campus" id="GO_BP_2016_02_16_Instance_34687" type="identity">
            <class id="GO:0010467" label="gene expression"/>
            <span end="18745" id="16109169-9007" start="18736">expressed</span>
        </annotation>
        <annotation annotator="Mike Bada, University of Colorado Anschutz Medical Campus" id="GO_BP_2016_02_16_Instance_35051" type="identity">
            <class id="GO:0046903" label="secretion"/>
            <span end="18864" id="16109169-9154" start="18856">secreted</span>
        </annotation>
        <annotation annotator="Mike Bada, University of Colorado Anschutz Medical Campus" id="GO_BP_2016_02_16_Instance_44865" type="identity">
            <class id="GO:0007369" label="gastrulation"/>
            <span end="18986" id="16109169-9194" start="18974">gastrulation</span>
        </annotation>
        <annotation annotator="Mike Bada, University of Colorado Anschutz Medical Campus" id="GO_BP_2016_02_16_Instance_34689" type="identity">
            <class id="GO:0010467" label="gene expression"/>
            <span end="19022" id="16109169-9009" start="19013">expressed</span>
        </annotation>
        <annotation annotator="Mike Bada, University of Colorado Anschutz Medical Campus" id="GO_BP_2016_02_16_Instance_34691" type="identity">
            <class id="GO:0010467" label="gene expression"/>
            <span end="19237" id="16109169-9011" start="19227">expression</span>
        </annotation>
        <annotation annotator="Mike Bada, University of Colorado Anschutz Medical Campus" id="GO_BP_2016_02_16_Instance_34693" type="identity">
            <class id="GO:0010467" label="gene expression"/>
            <span end="19393" id="16109169-9013" start="19384">expressed</span>
        </annotation>
        <annotation annotator="Mike Bada, University of Colorado Anschutz Medical Campus" id="GO_BP_2016_02_16_Instance_34695" type="identity">
            <class id="GO:0010467" label="gene expression"/>
            <span end="19494" id="16109169-9015" start="19485">expressed</span>
        </annotation>
        <annotation annotator="Mike Bada, University of Colorado Anschutz Medical Campus" id="GO_BP_2016_02_16_Instance_34697" type="identity">
            <class id="GO:0010467" label="gene expression"/>
            <span end="19574" id="16109169-9017" start="19564">expressing</span>
        </annotation>
        <annotation annotator="Mike Bada, University of Colorado Anschutz Medical Campus" id="GO_BP_2016_02_16_Instance_34699" type="identity">
            <class id="GO:0010467" label="gene expression"/>
            <span end="19736" id="16109169-9019" start="19726">expression</span>
        </annotation>
        <annotation annotator="Mike Bada, University of Colorado Anschutz Medical Campus" id="GO_BP_2016_02_16_Instance_34701" type="identity">
            <class id="GO:0010467" label="gene expression"/>
            <span end="19921" id="16109169-9021" start="19911">expression</span>
        </annotation>
        <annotation annotator="Mike Bada, University of Colorado Anschutz Medical Campus" id="GO_BP_2016_02_16_Instance_34703" type="identity">
            <class id="GO:0010467" label="gene expression"/>
            <span end="19967" id="16109169-9023" start="19958">expressed</span>
        </annotation>
        <annotation annotator="Mike Bada, University of Colorado Anschutz Medical Campus" id="GO_BP_2016_02_16_Instance_34705" type="identity">
            <class id="GO:0010467" label="gene expression"/>
            <span end="20143" id="16109169-9025" start="20133">expression</span>
        </annotation>
        <annotation annotator="Mike Bada, University of Colorado Anschutz Medical Campus" id="GO_BP_2016_02_16_Instance_34707" type="identity">
            <class id="GO:0010467" label="gene expression"/>
            <span end="20255" id="16109169-9027" start="20246">expressed</span>
        </annotation>
        <annotation annotator="Mike Bada, University of Colorado Anschutz Medical Campus" id="GO_BP_2016_02_16_Instance_34709" type="identity">
            <class id="GO:0010467" label="gene expression"/>
            <span end="20362" id="16109169-9029" start="20352">Expression</span>
        </annotation>
        <annotation annotator="Mike Bada, University of Colorado Anschutz Medical Campus" id="GO_BP_2016_02_16_Instance_34711" type="identity">
            <class id="GO:0010467" label="gene expression"/>
            <span end="20472" id="16109169-9031" start="20462">expression</span>
        </annotation>
        <annotation annotator="Mike Bada, University of Colorado Anschutz Medical Campus" id="GO_BP_2016_02_16_Instance_34713" type="identity">
            <class id="GO:0010467" label="gene expression"/>
            <span end="20894" id="16109169-9033" start="20884">expression</span>
        </annotation>
        <annotation annotator="Mike Bada, University of Colorado Anschutz Medical Campus" id="GO_BP_2016_02_16_Instance_34715" type="identity">
            <class id="GO:0010467" label="gene expression"/>
            <span end="21009" id="16109169-9035" start="20999">expression</span>
        </annotation>
        <annotation annotator="Mike Bada, University of Colorado Anschutz Medical Campus" id="GO_BP_2016_02_16_Instance_34717" type="identity">
            <class id="GO:0010467" label="gene expression"/>
            <span end="21083" id="16109169-9037" start="21073">expression</span>
        </annotation>
        <annotation annotator="Mike Bada, University of Colorado Anschutz Medical Campus" id="GO_BP_2016_02_16_Instance_34719" type="identity">
            <class id="GO:0010467" label="gene expression"/>
            <span end="21888" id="16109169-9039" start="21879">expressed</span>
        </annotation>
        <annotation annotator="Mike Bada, University of Colorado Anschutz Medical Campus" id="GO_BP_2016_02_16_Instance_34889" type="identity">
            <class id="GO:0065007" label="biological regulation"/>
            <span end="22073" id="16109169-9114" start="22063">regulating</span>
        </annotation>
        <annotation annotator="Mike Bada, University of Colorado Anschutz Medical Campus" id="GO_BP_2016_02_16_Instance_170226" type="identity">
            <class id="GO:0090009" label="primitive streak formation"/>
            <span end="22090" id="16109169-8848" start="22078">formation of</span>
            <span end="22120" id="16109169-8849" start="22104">primitive streak</span>
        </annotation>
        <annotation annotator="Mike Bada, University of Colorado Anschutz Medical Campus" id="GO_BP_2016_02_16_Instance_34721" type="identity">
            <class id="GO:0010467" label="gene expression"/>
            <span end="22248" id="16109169-9041" start="22238">expression</span>
        </annotation>
        <annotation annotator="Mike Bada, University of Colorado Anschutz Medical Campus" id="GO_BP_2016_02_16_Instance_34723" type="identity">
            <class id="GO:0010467" label="gene expression"/>
            <span end="22342" id="16109169-9043" start="22333">expressed</span>
        </annotation>
        <annotation annotator="Mike Bada, University of Colorado Anschutz Medical Campus" id="GO_BP_2016_02_16_Instance_34725" type="identity">
            <class id="GO:0010467" label="gene expression"/>
            <span end="22445" id="16109169-9045" start="22435">expression</span>
        </annotation>
        <annotation annotator="Mike Bada, University of Colorado Anschutz Medical Campus" id="GO_BP_2016_02_16_Instance_34727" type="identity">
            <class id="GO:0010467" label="gene expression"/>
            <span end="23233" id="16109169-9047" start="23224">expressed</span>
        </annotation>
        <annotation annotator="Mike Bada, University of Colorado Anschutz Medical Campus" id="GO_BP_2016_02_16_Instance_170232" type="identity">
            <class id="GO:0038092" label="nodal signaling pathway"/>
            <span end="23339" id="16109169-8851" start="23334">Nodal</span>
            <span end="23357" id="16109169-8852" start="23348">signaling</span>
        </annotation>
        <annotation annotator="Mike Bada, University of Colorado Anschutz Medical Campus" id="GO_BP_2016_02_16_Instance_34911" type="identity">
            <class id="GO:0016055" label="Wnt signaling pathway"/>
            <span end="23357" id="16109169-9124" start="23344">Wnt signaling</span>
        </annotation>
        <annotation annotator="Mike Bada, University of Colorado Anschutz Medical Campus" id="GO_BP_2016_02_16_Instance_34729" type="identity">
            <class id="GO:0010467" label="gene expression"/>
            <span end="23455" id="16109169-9049" start="23446">expressed</span>
        </annotation>
        <annotation annotator="Mike Bada, University of Colorado Anschutz Medical Campus" id="GO_BP_2016_02_16_Instance_34731" type="identity">
            <class id="GO:0010467" label="gene expression"/>
            <span end="23636" id="16109169-9051" start="23626">expression</span>
        </annotation>
        <annotation annotator="Mike Bada, University of Colorado Anschutz Medical Campus" id="GO_BP_2016_02_16_Instance_34733" type="identity">
            <class id="GO:0010467" label="gene expression"/>
            <span end="23719" id="16109169-9053" start="23709">expression</span>
        </annotation>
        <annotation annotator="Mike Bada, University of Colorado Anschutz Medical Campus" id="GO_BP_2016_02_16_Instance_34735" type="identity">
            <class id="GO:0010467" label="gene expression"/>
            <span end="23772" id="16109169-9055" start="23762">expression</span>
        </annotation>
        <annotation annotator="Mike Bada, University of Colorado Anschutz Medical Campus" id="GO_BP_2016_02_16_Instance_34737" type="identity">
            <class id="GO:0010467" label="gene expression"/>
            <span end="23828" id="16109169-9057" start="23818">expression</span>
        </annotation>
        <annotation annotator="Mike Bada, University of Colorado Anschutz Medical Campus" id="GO_BP_2016_02_16_Instance_34739" type="identity">
            <class id="GO:0010467" label="gene expression"/>
            <span end="23912" id="16109169-9059" start="23902">expression</span>
        </annotation>
        <annotation annotator="Mike Bada, University of Colorado Anschutz Medical Campus" id="GO_BP_2016_02_16_Instance_34931" type="identity">
            <class id="GO:0048513" label="animal organ development"/>
            <span end="24576" id="16109169-9128" start="24563">organogenesis</span>
        </annotation>
        <annotation annotator="Mike Bada, University of Colorado Anschutz Medical Campus" id="GO_BP_2016_02_16_Instance_44869" type="identity">
            <class id="GO:0007369" label="gastrulation"/>
            <span end="25063" id="16109169-9196" start="25051">gastrulation</span>
        </annotation>
        <annotation annotator="Mike Bada, University of Colorado Anschutz Medical Campus" id="GO_BP_2016_02_16_Instance_44871" type="identity">
            <class id="GO:0010467" label="gene expression"/>
            <span end="25136" id="16109169-9198" start="25121">gene expression</span>
        </annotation>
        <annotation annotator="Mike Bada, University of Colorado Anschutz Medical Campus" id="GO_BP_2016_02_16_with_nested_annotations_Instance_10186" type="identity">
            <class id="GO:0090009" label="primitive streak formation"/>
            <span end="25259" id="16109169-9229" start="25243">streak formation</span>
        </annotation>
        <annotation annotator="Mike Bada, University of Colorado Anschutz Medical Campus" id="GO_BP_2016_02_16_Instance_35083" type="identity">
            <class id="GO:0048339" label="paraxial mesoderm development"/>
            <span end="25310" id="16109169-9156" start="25279">production of paraxial mesoderm</span>
        </annotation>
        <annotation annotator="Mike Bada, University of Colorado Anschutz Medical Campus" id="GO_BP_2016_02_16_Instance_34741" type="identity">
            <class id="GO:0010467" label="gene expression"/>
            <span end="25431" id="16109169-9061" start="25422">expressed</span>
        </annotation>
        <annotation annotator="Mike Bada, University of Colorado Anschutz Medical Campus" id="GO_BP_2016_02_16_Instance_34743" type="identity">
            <class id="GO:0010467" label="gene expression"/>
            <span end="25577" id="16109169-9063" start="25568">expressed</span>
        </annotation>
        <annotation annotator="Mike Bada, University of Colorado Anschutz Medical Campus" id="GO_BP_2016_02_16_Instance_34745" type="identity">
            <class id="GO:0010467" label="gene expression"/>
            <span end="25621" id="16109169-9065" start="25611">expression</span>
        </annotation>
        <annotation annotator="Mike Bada, University of Colorado Anschutz Medical Campus" id="GO_BP_2016_02_16_Instance_35085" type="identity">
            <class id="GO:0009948" label="anterior/posterior axis specification"/>
            <span end="25699" id="16109169-9158" start="25666">anterior/posterior axis formation</span>
        </annotation>
        <annotation annotator="Mike Bada, University of Colorado Anschutz Medical Campus" id="GO_BP_2016_02_16_Instance_34747" type="identity">
            <class id="GO:0010467" label="gene expression"/>
            <span end="26019" id="16109169-9067" start="26009">expression</span>
        </annotation>
        <annotation annotator="Mike Bada, University of Colorado Anschutz Medical Campus" id="GO_BP_2016_02_16_Instance_34749" type="identity">
            <class id="GO:0010467" label="gene expression"/>
            <span end="26470" id="16109169-9069" start="26460">expression</span>
        </annotation>
        <annotation annotator="Mike Bada, University of Colorado Anschutz Medical Campus" id="GO_BP_2016_02_16_Instance_170242" type="identity">
            <class id="GO:0065007" label="biological regulation"/>
            <span end="26568" id="16109169-8854" start="26558">regulation</span>
        </annotation>
        <annotation annotator="Mike Bada, University of Colorado Anschutz Medical Campus" id="GO_BP_2016_02_16_Instance_34891" type="identity">
            <class id="GO:0065007" label="biological regulation"/>
            <span end="26677" id="16109169-9116" start="26669">regulate</span>
        </annotation>
        <annotation annotator="Mike Bada, University of Colorado Anschutz Medical Campus" id="GO_BP_2016_02_16_Instance_230676" type="identity">
            <class id="GO:0010467" label="gene expression"/>
            <span end="26692" id="16109169-8870" start="26682">expression</span>
        </annotation>
        <annotation annotator="Mike Bada, University of Colorado Anschutz Medical Campus" id="GO_BP_2016_02_16_Instance_170244" type="identity">
            <class id="GO:0065007" label="biological regulation"/>
            <span end="26877" id="16109169-8856" start="26867">regulation</span>
        </annotation>
        <annotation annotator="Mike Bada, University of Colorado Anschutz Medical Campus" id="GO_BP_2016_02_16_Instance_44873" type="identity">
            <class id="GO:0010467" label="gene expression"/>
            <span end="26896" id="16109169-9200" start="26881">gene expression</span>
        </annotation>
        <annotation annotator="Mike Bada, University of Colorado Anschutz Medical Campus" id="GO_BP_2016_02_16_Instance_34753" type="identity">
            <class id="GO:0010467" label="gene expression"/>
            <span end="27072" id="16109169-9071" start="27062">expression</span>
        </annotation>
        <annotation annotator="Mike Bada, University of Colorado Anschutz Medical Campus" id="GO_BP_2016_02_16_Instance_34755" type="identity">
            <class id="GO:0010467" label="gene expression"/>
            <span end="27166" id="16109169-9073" start="27156">expression</span>
        </annotation>
        <annotation annotator="Mike Bada, University of Colorado Anschutz Medical Campus" id="GO_BP_2016_02_16_Instance_34757" type="identity">
            <class id="GO:0010467" label="gene expression"/>
            <span end="27341" id="16109169-9075" start="27331">expression</span>
        </annotation>
        <annotation annotator="Mike Bada, University of Colorado Anschutz Medical Campus" id="GO_BP_2016_02_16_Instance_34919" type="identity">
            <class id="GO:0016055" label="Wnt signaling pathway"/>
            <span end="27425" id="16109169-9126" start="27412">Wnt signaling</span>
        </annotation>
        <annotation annotator="Mike Bada, University of Colorado Anschutz Medical Campus" id="GO_BP_2016_02_16_Instance_34759" type="identity">
            <class id="GO:0010467" label="gene expression"/>
            <span end="27705" id="16109169-9077" start="27696">expressed</span>
        </annotation>
        <annotation annotator="Mike Bada, University of Colorado Anschutz Medical Campus" id="GO_BP_2016_02_16_Instance_34893" type="identity">
            <class id="GO:0065007" label="biological regulation"/>
            <span end="27889" id="16109169-9118" start="27880">regulated</span>
        </annotation>
        <annotation annotator="Mike Bada, University of Colorado Anschutz Medical Campus" id="GO_BP_2016_02_16_Instance_44883" type="identity">
            <class id="GO:0007369" label="gastrulation"/>
            <span end="27909" id="16109169-9202" start="27897">gastrulation</span>
        </annotation>
        <annotation annotator="Mike Bada, University of Colorado Anschutz Medical Campus" id="GO_BP_2016_02_16_Instance_170250" type="identity">
            <class id="GO:0010467" label="gene expression"/>
            <span end="27935" id="16109169-8858" start="27925">expression</span>
        </annotation>
        <annotation annotator="Mike Bada, University of Colorado Anschutz Medical Campus" id="GO_BP_2016_02_16_Instance_34933" type="identity">
            <class id="GO:0048513" label="animal organ development"/>
            <span end="28350" id="16109169-9130" start="28337">organogenesis</span>
        </annotation>
        <annotation annotator="Mike Bada, University of Colorado Anschutz Medical Campus" id="GO_BP_2016_02_16_Instance_34761" type="identity">
            <class id="GO:0010467" label="gene expression"/>
            <span end="28573" id="16109169-9079" start="28566">express</span>
        </annotation>
        <annotation annotator="Mike Bada, University of Colorado Anschutz Medical Campus" id="GO_BP_2016_02_16_Instance_34843" type="identity">
            <class id="GO:0007417" label="central nervous system development"/>
            <span end="29169" id="16109169-9093" start="29154">CNS development</span>
        </annotation>
        <annotation annotator="Mike Bada, University of Colorado Anschutz Medical Campus" id="GO_BP_2016_02_16_Instance_44887" type="identity">
            <class id="GO:0009790" label="embryo development"/>
            <span end="29347" id="16109169-9204" start="29326">embryonic development</span>
        </annotation>
        <annotation annotator="Mike Bada, University of Colorado Anschutz Medical Campus" id="GO_BP_2016_02_16_Instance_35103" type="identity">
            <class id="GO:0009790" label="embryo development"/>
            <span end="29541" id="16109169-9160" start="29532">embryonic</span>
            <span end="29562" id="16109169-9161" start="29551">development</span>
        </annotation>
        <annotation annotator="Mike Bada, University of Colorado Anschutz Medical Campus" id="GO_BP_2016_02_16_Instance_44889" type="identity">
            <class id="GO:0007398" label="ectoderm development"/>
            <span end="29562" id="16109169-9206" start="29542">ectoderm development</span>
        </annotation>
        <annotation annotator="Mike Bada, University of Colorado Anschutz Medical Campus" id="GO_BP_2016_02_16_Instance_170252" type="identity">
            <class id="GO:0090009" label="primitive streak formation"/>
            <span end="29670" id="16109169-8860" start="29652">streak development</span>
        </annotation>
        <annotation annotator="Mike Bada, University of Colorado Anschutz Medical Campus" id="GO_BP_2016_02_16_Instance_34763" type="identity">
            <class id="GO:0010467" label="gene expression"/>
            <span end="29736" id="16109169-9081" start="29726">expression</span>
        </annotation>
        <annotation annotator="Mike Bada, University of Colorado Anschutz Medical Campus" id="GO_BP_2016_02_16_Instance_35109" type="identity">
            <class id="GO:0007498" label="mesoderm development"/>
            <span end="29800" id="16109169-9163" start="29781">mesoderm production</span>
        </annotation>
        <annotation annotator="Mike Bada, University of Colorado Anschutz Medical Campus" id="GO_BP_2016_02_16_with_nested_annotations_Instance_23967" type="identity">
            <class id="GO:0060819" label="inactivation of X chromosome by genetic imprinting"/>
            <span end="29936" id="16109169-9234" start="29912">imprinted X-inactivation</span>
        </annotation>
        <annotation annotator="Mike Bada, University of Colorado Anschutz Medical Campus" id="GO_BP_2016_02_16_Instance_170256" type="identity">
            <class id="GO:0071514" label="genetic imprinting"/>
            <span end="29959" id="16109169-8862" start="29941">genomic imprinting</span>
        </annotation>
        <annotation annotator="Mike Bada, University of Colorado Anschutz Medical Campus" id="GO_BP_2016_02_16_Instance_44891" type="identity">
            <class id="GO:0009790" label="embryo development"/>
            <span end="30569" id="16109169-9208" start="30548">embryonic development</span>
        </annotation>
        <annotation annotator="Mike Bada, University of Colorado Anschutz Medical Campus" id="GO_BP_2016_02_16_Instance_34765" type="identity">
            <class id="GO:0010467" label="gene expression"/>
            <span end="31111" id="16109169-9083" start="31101">expression</span>
        </annotation>
        <annotation annotator="Mike Bada, University of Colorado Anschutz Medical Campus" id="GO_BP_2016_02_16_Instance_34895" type="identity">
            <class id="GO:0065007" label="biological regulation"/>
            <span end="31209" id="16109169-9120" start="31199">regulation</span>
        </annotation>
        <annotation annotator="Mike Bada, University of Colorado Anschutz Medical Campus" id="GO_BP_2016_02_16_Instance_34767" type="identity">
            <class id="GO:0010467" label="gene expression"/>
            <span end="31242" id="16109169-9085" start="31232">expression</span>
        </annotation>
        <annotation annotator="Mike Bada, University of Colorado Anschutz Medical Campus" id="GO_BP_2016_02_16_Instance_34897" type="identity">
            <class id="GO:0065007" label="biological regulation"/>
            <span end="31383" id="16109169-9122" start="31373">regulation</span>
        </annotation>
        <annotation annotator="Mike Bada, University of Colorado Anschutz Medical Campus" id="GO_BP_2016_02_16_Instance_34939" type="identity">
            <class id="GO:0009790" label="embryo development"/>
            <span end="31512" id="16109169-9132" start="31499">embryogenesis</span>
        </annotation>
        <annotation annotator="Mike Bada, University of Colorado Anschutz Medical Campus" id="GO_BP_2016_02_16_with_nested_annotations_Instance_10188" type="identity">
            <class id="GO:0090009" label="primitive streak formation"/>
            <span end="31540" id="16109169-9231" start="31534">streak</span>
            <span end="31559" id="16109169-9232" start="31550">formation</span>
        </annotation>
        <annotation annotator="Mike Bada, University of Colorado Anschutz Medical Campus" id="GO_BP_2016_02_16_Instance_35119" type="identity">
            <class id="GO:0048339" label="paraxial mesoderm development"/>
            <span end="31608" id="16109169-9165" start="31591">paraxial mesoderm</span>
            <span end="31632" id="16109169-9166" start="31623">formation</span>
        </annotation>
        <annotation annotator="Mike Bada, University of Colorado Anschutz Medical Campus" id="GO_BP_2016_02_16_Instance_34769" type="identity">
            <class id="GO:0010467" label="gene expression"/>
            <span end="31696" id="16109169-9087" start="31687">expressed</span>
        </annotation>
        <annotation annotator="Mike Bada, University of Colorado Anschutz Medical Campus" id="GO_BP_2016_02_16_Instance_34943" type="identity">
            <class id="GO:0007565" label="female pregnancy"/>
            <span end="32607" id="16109169-9134" start="32596">pregnancies</span>
        </annotation>
        <annotation annotator="Mike Bada, University of Colorado Anschutz Medical Campus" id="GO_BP_2016_02_16_Instance_44895" type="identity">
            <class id="GO:0007618" label="mating"/>
            <span end="32619" id="16109169-9210" start="32613">mating</span>
        </annotation>
        <annotation annotator="Mike Bada, University of Colorado Anschutz Medical Campus" id="GO_BP_2016_02_16_Instance_34771" type="identity">
            <class id="GO:0010467" label="gene expression"/>
            <span end="32863" id="16109169-9089" start="32853">expression</span>
        </annotation>
        <annotation annotator="Mike Bada, University of Colorado Anschutz Medical Campus" id="GO_BP_2016_02_16_Instance_44897" type="identity">
            <class id="GO:0007618" label="mating"/>
            <span end="32902" id="16109169-9212" start="32895">matings</span>
        </annotation>
        <annotation annotator="Mike Bada, University of Colorado Anschutz Medical Campus" id="GO_BP_2016_02_16_Instance_34773" type="identity">
            <class id="GO:0010467" label="gene expression"/>
            <span end="33353" id="16109169-9091" start="33343">expression</span>
        </annotation>
        <graph-space id="Old Knowtator Relations"/>
    </document>
</knowtator-project>
