<?xml version="1.0" encoding="UTF-8" standalone="no"?>
<knowtator-project>
  <document id="16110338" text-file="16110338.txt">
    <annotation annotator="Mike Bada, University of Colorado Anschutz Medical Campus" id="GO_BP_2016_02_16_Instance_32737" type="identity">
      <class id="GO:0010467" label="gene expression"/>
      <span end="33" id="16110338-9299" start="23">Expressing</span>
    </annotation>
    <annotation annotator="Mike Bada, University of Colorado Anschutz Medical Campus" id="GO_BP_2016_02_16_Instance_35293" type="identity">
      <class id="GO:0007601" label="visual perception"/>
      <span end="157" id="16110338-9503" start="151">vision</span>
    </annotation>
    <annotation annotator="Mike Bada, University of Colorado Anschutz Medical Campus" id="GO_BP_2016_02_16_Instance_47131" type="identity">
      <class id="GO:0010467" label="gene expression"/>
      <span end="301" id="16110338-9566" start="286">gene expression</span>
    </annotation>
    <annotation annotator="Mike Bada, University of Colorado Anschutz Medical Campus" id="GO_BP_2016_02_16_Instance_32973" type="identity">
      <class id="GO:0010467" label="gene expression"/>
      <span end="804" id="16110338-9301" start="794">expressing</span>
    </annotation>
    <annotation annotator="Mike Bada, University of Colorado Anschutz Medical Campus" id="GO_BP_2016_02_16_Instance_33075" type="identity">
      <class id="GO:0010467" label="gene expression"/>
      <span end="985" id="16110338-9303" start="976">expresses</span>
    </annotation>
    <annotation annotator="Mike Bada, University of Colorado Anschutz Medical Campus" id="GO_BP_2016_02_16_Instance_35413" type="identity">
      <class id="GO:0006006" label="glucose metabolic process"/>
      <span end="1291" id="16110338-9517" start="1284">glucose</span>
      <span end="1311" id="16110338-9518" start="1301">metabolism</span>
    </annotation>
    <annotation annotator="Mike Bada, University of Colorado Anschutz Medical Campus" id="GO_BP_2016_02_16_Instance_35425" type="identity">
      <class id="GO:0005977" label="glycogen metabolic process"/>
      <span end="1311" id="16110338-9530" start="1292">glycogen metabolism</span>
    </annotation>
    <annotation annotator="Mike Bada, University of Colorado Anschutz Medical Campus" id="GO_BP_2016_02_16_Instance_35295" type="identity">
      <class id="GO:0007601" label="visual perception"/>
      <span end="1771" id="16110338-9505" start="1765">Vision</span>
    </annotation>
    <annotation annotator="Mike Bada, University of Colorado Anschutz Medical Campus" id="GO_BP_2016_02_16_Instance_35297" type="identity">
      <class id="GO:0007601" label="visual perception"/>
      <span end="2131" id="16110338-9507" start="2125">vision</span>
    </annotation>
    <annotation annotator="Mike Bada, University of Colorado Anschutz Medical Campus" id="GO_BP_2016_02_16_Instance_35299" type="identity">
      <class id="GO:0007601" label="visual perception"/>
      <span end="2171" id="16110338-9509" start="2165">vision</span>
    </annotation>
    <annotation annotator="Mike Bada, University of Colorado Anschutz Medical Campus" id="GO_BP_2016_02_16_Instance_47133" type="identity">
      <class id="GO:0016265" label="death"/>
      <span end="2639" id="16110338-9568" start="2634">death</span>
    </annotation>
    <annotation annotator="Mike Bada, University of Colorado Anschutz Medical Campus" id="GO_BP_2016_02_16_Instance_35301" type="identity">
      <class id="GO:0007601" label="visual perception"/>
      <span end="2770" id="16110338-9511" start="2764">vision</span>
    </annotation>
    <annotation annotator="Mike Bada, University of Colorado Anschutz Medical Campus" id="GO_BP_2016_02_16_Instance_35303" type="identity">
      <class id="GO:0007601" label="visual perception"/>
      <span end="3017" id="16110338-9513" start="3011">vision</span>
    </annotation>
    <annotation annotator="Mike Bada, University of Colorado Anschutz Medical Campus" id="GO_BP_2016_02_16_Instance_170266" type="identity">
      <class id="GO:1990603" label="dark adaptation"/>
      <span end="3282" id="16110338-9239" start="3267">dark adaptation</span>
    </annotation>
    <annotation annotator="Mike Bada, University of Colorado Anschutz Medical Campus" id="GO_BP_2016_02_16_Instance_33209" type="identity">
      <class id="GO:0010467" label="gene expression"/>
      <span end="3516" id="16110338-9305" start="3507">expressed</span>
    </annotation>
    <annotation annotator="Mike Bada, University of Colorado Anschutz Medical Campus" id="GO_BP_2016_02_16_Instance_33285" type="identity">
      <class id="GO:0010467" label="gene expression"/>
      <span end="4262" id="16110338-9307" start="4252">expressing</span>
    </annotation>
    <annotation annotator="Mike Bada, University of Colorado Anschutz Medical Campus" id="GO_BP_2016_02_16_Instance_170270" type="identity">
      <class id="GO:1990603" label="dark adaptation"/>
      <span end="5076" id="16110338-9241" start="5061">dark adaptation</span>
    </annotation>
    <annotation annotator="Mike Bada, University of Colorado Anschutz Medical Campus" id="GO_BP_2016_02_16_Instance_230678" type="identity">
      <class id="GO:0010467" label="gene expression"/>
      <span end="5864" id="16110338-9289" start="5857">express</span>
    </annotation>
    <annotation annotator="Mike Bada, University of Colorado Anschutz Medical Campus" id="GO_BP_2016_02_16_Instance_170274" type="identity">
      <class id="GO:0007567" label="parturition"/>
      <span end="6194" id="16110338-9243" start="6189">natal</span>
    </annotation>
    <annotation annotator="Mike Bada, University of Colorado Anschutz Medical Campus" id="GO_BP_2016_02_16_Instance_170282" type="identity">
      <class id="GO:0007567" label="parturition"/>
      <span end="6798" id="16110338-9245" start="6793">natal</span>
    </annotation>
    <annotation annotator="Mike Bada, University of Colorado Anschutz Medical Campus" id="GO_BP_2016_02_16_Instance_35435" type="identity">
      <class id="GO:0007602" label="phototransduction"/>
      <span end="7031" id="16110338-9538" start="7006">phototransduction cascade</span>
    </annotation>
    <annotation annotator="Mike Bada, University of Colorado Anschutz Medical Campus" id="GO_BP_2016_02_16_Instance_33337" type="identity">
      <class id="GO:0010467" label="gene expression"/>
      <span end="7501" id="16110338-9309" start="7491">expression</span>
    </annotation>
    <annotation annotator="Mike Bada, University of Colorado Anschutz Medical Campus" id="GO_BP_2016_02_16_Instance_33339" type="identity">
      <class id="GO:0010467" label="gene expression"/>
      <span end="7721" id="16110338-9311" start="7711">expression</span>
    </annotation>
    <annotation annotator="Mike Bada, University of Colorado Anschutz Medical Campus" id="GO_BP_2016_02_16_Instance_47135" type="identity">
      <class id="GO:0010467" label="gene expression"/>
      <span end="7748" id="16110338-9570" start="7733">gene expression</span>
    </annotation>
    <annotation annotator="Mike Bada, University of Colorado Anschutz Medical Campus" id="GO_BP_2016_02_16_Instance_33341" type="identity">
      <class id="GO:0010467" label="gene expression"/>
      <span end="8065" id="16110338-9313" start="8055">expression</span>
    </annotation>
    <annotation annotator="Mike Bada, University of Colorado Anschutz Medical Campus" id="GO_BP_2016_02_16_Instance_47137" type="identity">
      <class id="GO:0010467" label="gene expression"/>
      <span end="8679" id="16110338-9572" start="8664">gene expression</span>
    </annotation>
    <annotation annotator="Mike Bada, University of Colorado Anschutz Medical Campus" id="GO_BP_2016_02_16_Instance_47139" type="identity">
      <class id="GO:0010467" label="gene expression"/>
      <span end="8731" id="16110338-9574" start="8716">gene expression</span>
    </annotation>
    <annotation annotator="Mike Bada, University of Colorado Anschutz Medical Campus" id="GO_BP_2016_02_16_Instance_33575" type="identity">
      <class id="GO:0010467" label="gene expression"/>
      <span end="8934" id="16110338-9315" start="8924">expression</span>
    </annotation>
    <annotation annotator="Mike Bada, University of Colorado Anschutz Medical Campus" id="GO_BP_2016_02_16_Instance_47141" type="identity">
      <class id="GO:0010467" label="gene expression"/>
      <span end="8999" id="16110338-9576" start="8984">gene expression</span>
    </annotation>
    <annotation annotator="Mike Bada, University of Colorado Anschutz Medical Campus" id="GO_BP_2016_02_16_Instance_33673" type="identity">
      <class id="GO:0010467" label="gene expression"/>
      <span end="9213" id="16110338-9317" start="9203">expression</span>
    </annotation>
    <annotation annotator="Mike Bada, University of Colorado Anschutz Medical Campus" id="GO_BP_2016_02_16_Instance_33877" type="identity">
      <class id="GO:0010467" label="gene expression"/>
      <span end="9525" id="16110338-9319" start="9515">expression</span>
    </annotation>
    <annotation annotator="Mike Bada, University of Colorado Anschutz Medical Campus" id="GO_BP_2016_02_16_Instance_34081" type="identity">
      <class id="GO:0010467" label="gene expression"/>
      <span end="10008" id="16110338-9321" start="9999">expressed</span>
    </annotation>
    <annotation annotator="Mike Bada, University of Colorado Anschutz Medical Campus" id="GO_BP_2016_02_16_Instance_34083" type="identity">
      <class id="GO:0010467" label="gene expression"/>
      <span end="11050" id="16110338-9323" start="11043">express</span>
    </annotation>
    <annotation annotator="Mike Bada, University of Colorado Anschutz Medical Campus" id="GO_BP_2016_02_16_Instance_34085" type="identity">
      <class id="GO:0010467" label="gene expression"/>
      <span end="11127" id="16110338-9325" start="11117">expressing</span>
    </annotation>
    <annotation annotator="Mike Bada, University of Colorado Anschutz Medical Campus" id="GO_BP_2016_02_16_Instance_170296" type="identity">
      <class id="GO:0010467" label="gene expression"/>
      <span end="11145" id="16110338-9247" start="11136">expressed</span>
    </annotation>
    <annotation annotator="Mike Bada, University of Colorado Anschutz Medical Campus" id="GO_BP_2016_02_16_Instance_34147" type="identity">
      <class id="GO:0010467" label="gene expression"/>
      <span end="11294" id="16110338-9327" start="11284">expression</span>
    </annotation>
    <annotation annotator="Mike Bada, University of Colorado Anschutz Medical Campus" id="GO_BP_2016_02_16_Instance_34149" type="identity">
      <class id="GO:0010467" label="gene expression"/>
      <span end="11435" id="16110338-9329" start="11425">expressing</span>
    </annotation>
    <annotation annotator="Mike Bada, University of Colorado Anschutz Medical Campus" id="GO_BP_2016_02_16_Instance_34151" type="identity">
      <class id="GO:0010467" label="gene expression"/>
      <span end="11751" id="16110338-9331" start="11741">expression</span>
    </annotation>
    <annotation annotator="Mike Bada, University of Colorado Anschutz Medical Campus" id="GO_BP_2016_02_16_Instance_34153" type="identity">
      <class id="GO:0010467" label="gene expression"/>
      <span end="11967" id="16110338-9333" start="11957">expression</span>
    </annotation>
    <annotation annotator="Mike Bada, University of Colorado Anschutz Medical Campus" id="GO_BP_2016_02_16_Instance_34303" type="identity">
      <class id="GO:0010467" label="gene expression"/>
      <span end="12242" id="16110338-9337" start="12232">expression</span>
    </annotation>
    <annotation annotator="Mike Bada, University of Colorado Anschutz Medical Campus" id="GO_BP_2016_02_16_Instance_34305" type="identity">
      <class id="GO:0010467" label="gene expression"/>
      <span end="13110" id="16110338-9339" start="13100">expression</span>
    </annotation>
    <annotation annotator="Mike Bada, University of Colorado Anschutz Medical Campus" id="GO_BP_2016_02_16_Instance_34307" type="identity">
      <class id="GO:0010467" label="gene expression"/>
      <span end="13289" id="16110338-9341" start="13279">expression</span>
    </annotation>
    <annotation annotator="Mike Bada, University of Colorado Anschutz Medical Campus" id="GO_BP_2016_02_16_Instance_34309" type="identity">
      <class id="GO:0010467" label="gene expression"/>
      <span end="13391" id="16110338-9343" start="13382">expressed</span>
    </annotation>
    <annotation annotator="Mike Bada, University of Colorado Anschutz Medical Campus" id="GO_BP_2016_02_16_Instance_34311" type="identity">
      <class id="GO:0010467" label="gene expression"/>
      <span end="13744" id="16110338-9345" start="13735">expressed</span>
    </annotation>
    <annotation annotator="Mike Bada, University of Colorado Anschutz Medical Campus" id="GO_BP_2016_02_16_Instance_35415" type="identity">
      <class id="GO:0006006" label="glucose metabolic process"/>
      <span end="14300" id="16110338-9520" start="14282">glucose metabolism</span>
    </annotation>
    <annotation annotator="Mike Bada, University of Colorado Anschutz Medical Campus" id="GO_BP_2016_02_16_Instance_35447" type="identity">
      <class id="GO:0006631" label="fatty acid metabolic process"/>
      <span end="14339" id="16110338-9540" start="14318">fatty acid metabolism</span>
    </annotation>
    <annotation annotator="Mike Bada, University of Colorado Anschutz Medical Campus" id="GO_BP_2016_02_16_Instance_47153" type="identity">
      <class id="GO:0006281" label="DNA repair"/>
      <span end="14360" id="16110338-9578" start="14350">DNA repair</span>
    </annotation>
    <annotation annotator="Mike Bada, University of Colorado Anschutz Medical Campus" id="GO_BP_2016_02_16_Instance_35449" type="identity">
      <class id="GO:0007049" label="cell cycle"/>
      <span end="14380" id="16110338-9542" start="14370">cell cycle</span>
    </annotation>
    <annotation annotator="Mike Bada, University of Colorado Anschutz Medical Campus" id="GO_BP_2016_02_16_Instance_47155" type="identity">
      <class id="GO:0007059" label="chromosome segregation"/>
      <span end="14403" id="16110338-9580" start="14381">chromosome segregation</span>
    </annotation>
    <annotation annotator="Mike Bada, University of Colorado Anschutz Medical Campus" id="GO_BP_2016_02_16_Instance_34239" type="identity">
      <class id="GO:0048840" label="otolith development"/>
      <span end="14524" id="16110338-9335" start="14507">otolith formation</span>
    </annotation>
    <annotation annotator="Mike Bada, University of Colorado Anschutz Medical Campus" id="GO_BP_2016_02_16_Instance_47157" type="identity">
      <class id="GO:0010467" label="gene expression"/>
      <span end="14716" id="16110338-9582" start="14701">gene expression</span>
    </annotation>
    <annotation annotator="Mike Bada, University of Colorado Anschutz Medical Campus" id="GO_BP_2016_02_16_Instance_34313" type="identity">
      <class id="GO:0010467" label="gene expression"/>
      <span end="14799" id="16110338-9347" start="14789">expression</span>
    </annotation>
    <annotation annotator="Mike Bada, University of Colorado Anschutz Medical Campus" id="GO_BP_2016_02_16_Instance_170304" type="identity">
      <class id="GO:0007567" label="parturition"/>
      <span end="14919" id="16110338-9249" start="14914">natal</span>
    </annotation>
    <annotation annotator="Mike Bada, University of Colorado Anschutz Medical Campus" id="GO_BP_2016_02_16_Instance_34315" type="identity">
      <class id="GO:0010467" label="gene expression"/>
      <span end="15047" id="16110338-9349" start="15037">expression</span>
    </annotation>
    <annotation annotator="Mike Bada, University of Colorado Anschutz Medical Campus" id="GO_BP_2016_02_16_Instance_34559" type="identity">
      <class id="GO:0010467" label="gene expression"/>
      <span end="15172" id="16110338-9351" start="15162">expression</span>
    </annotation>
    <annotation annotator="Mike Bada, University of Colorado Anschutz Medical Campus" id="GO_BP_2016_02_16_Instance_34561" type="identity">
      <class id="GO:0010467" label="gene expression"/>
      <span end="15381" id="16110338-9353" start="15371">expression</span>
    </annotation>
    <annotation annotator="Mike Bada, University of Colorado Anschutz Medical Campus" id="GO_BP_2016_02_16_Instance_34563" type="identity">
      <class id="GO:0010467" label="gene expression"/>
      <span end="15530" id="16110338-9355" start="15520">expression</span>
    </annotation>
    <annotation annotator="Mike Bada, University of Colorado Anschutz Medical Campus" id="GO_BP_2016_02_16_Instance_34565" type="identity">
      <class id="GO:0010467" label="gene expression"/>
      <span end="15730" id="16110338-9357" start="15720">expression</span>
    </annotation>
    <annotation annotator="Mike Bada, University of Colorado Anschutz Medical Campus" id="GO_BP_2016_02_16_Instance_34631" type="identity">
      <class id="GO:0010467" label="gene expression"/>
      <span end="15820" id="16110338-9359" start="15811">expressed</span>
    </annotation>
    <annotation annotator="Mike Bada, University of Colorado Anschutz Medical Campus" id="GO_BP_2016_02_16_Instance_34633" type="identity">
      <class id="GO:0010467" label="gene expression"/>
      <span end="16004" id="16110338-9361" start="15994">expression</span>
    </annotation>
    <annotation annotator="Mike Bada, University of Colorado Anschutz Medical Campus" id="GO_BP_2016_02_16_Instance_34635" type="identity">
      <class id="GO:0010467" label="gene expression"/>
      <span end="16231" id="16110338-9363" start="16221">expression</span>
    </annotation>
    <annotation annotator="Mike Bada, University of Colorado Anschutz Medical Campus" id="GO_BP_2016_02_16_Instance_34637" type="identity">
      <class id="GO:0010467" label="gene expression"/>
      <span end="16298" id="16110338-9365" start="16288">expression</span>
    </annotation>
    <annotation annotator="Mike Bada, University of Colorado Anschutz Medical Campus" id="GO_BP_2016_02_16_Instance_34639" type="identity">
      <class id="GO:0010467" label="gene expression"/>
      <span end="16684" id="16110338-9367" start="16674">expression</span>
    </annotation>
    <annotation annotator="Mike Bada, University of Colorado Anschutz Medical Campus" id="GO_BP_2016_02_16_Instance_34641" type="identity">
      <class id="GO:0010467" label="gene expression"/>
      <span end="17460" id="16110338-9369" start="17450">expressing</span>
    </annotation>
    <annotation annotator="Mike Bada, University of Colorado Anschutz Medical Campus" id="GO_BP_2016_02_16_Instance_47159" type="identity">
      <class id="GO:0010467" label="gene expression"/>
      <span end="17624" id="16110338-9584" start="17609">gene expression</span>
    </annotation>
    <annotation annotator="Mike Bada, University of Colorado Anschutz Medical Campus" id="GO_BP_2016_02_16_Instance_34643" type="identity">
      <class id="GO:0010467" label="gene expression"/>
      <span end="17810" id="16110338-9371" start="17800">expression</span>
    </annotation>
    <annotation annotator="Mike Bada, University of Colorado Anschutz Medical Campus" id="GO_BP_2016_02_16_Instance_34645" type="identity">
      <class id="GO:0010467" label="gene expression"/>
      <span end="18091" id="16110338-9373" start="18081">expression</span>
    </annotation>
    <annotation annotator="Mike Bada, University of Colorado Anschutz Medical Campus" id="GO_BP_2016_02_16_Instance_34647" type="identity">
      <class id="GO:0010467" label="gene expression"/>
      <span end="18169" id="16110338-9375" start="18159">expression</span>
    </annotation>
    <annotation annotator="Mike Bada, University of Colorado Anschutz Medical Campus" id="GO_BP_2016_02_16_Instance_47161" type="identity">
      <class id="GO:0010467" label="gene expression"/>
      <span end="18258" id="16110338-9586" start="18243">gene expression</span>
    </annotation>
    <annotation annotator="Mike Bada, University of Colorado Anschutz Medical Campus" id="GO_BP_2016_02_16_Instance_170308" type="identity">
      <class id="GO:0007567" label="parturition"/>
      <span end="18277" id="16110338-9251" start="18272">natal</span>
    </annotation>
    <annotation annotator="Mike Bada, University of Colorado Anschutz Medical Campus" id="GO_BP_2016_02_16_Instance_34649" type="identity">
      <class id="GO:0010467" label="gene expression"/>
      <span end="18374" id="16110338-9377" start="18364">expression</span>
    </annotation>
    <annotation annotator="Mike Bada, University of Colorado Anschutz Medical Campus" id="GO_BP_2016_02_16_Instance_34651" type="identity">
      <class id="GO:0010467" label="gene expression"/>
      <span end="18728" id="16110338-9379" start="18718">expression</span>
    </annotation>
    <annotation annotator="Mike Bada, University of Colorado Anschutz Medical Campus" id="GO_BP_2016_02_16_Instance_34653" type="identity">
      <class id="GO:0010467" label="gene expression"/>
      <span end="18843" id="16110338-9381" start="18833">expression</span>
    </annotation>
    <annotation annotator="Mike Bada, University of Colorado Anschutz Medical Campus" id="GO_BP_2016_02_16_Instance_170312" type="identity">
      <class id="GO:0010467" label="gene expression"/>
      <span end="19049" id="16110338-9253" start="19040">expressed</span>
    </annotation>
    <annotation annotator="Mike Bada, University of Colorado Anschutz Medical Campus" id="GO_BP_2016_02_16_Instance_47163" type="identity">
      <class id="GO:0010467" label="gene expression"/>
      <span end="19176" id="16110338-9588" start="19161">Gene Expression</span>
    </annotation>
    <annotation annotator="Mike Bada, University of Colorado Anschutz Medical Campus" id="GO_BP_2016_02_16_Instance_34655" type="identity">
      <class id="GO:0010467" label="gene expression"/>
      <span end="19646" id="16110338-9383" start="19636">expression</span>
    </annotation>
    <annotation annotator="Mike Bada, University of Colorado Anschutz Medical Campus" id="GO_BP_2016_02_16_Instance_34657" type="identity">
      <class id="GO:0010467" label="gene expression"/>
      <span end="19701" id="16110338-9385" start="19692">expressed</span>
    </annotation>
    <annotation annotator="Mike Bada, University of Colorado Anschutz Medical Campus" id="GO_BP_2016_02_16_Instance_230680" type="identity">
      <class id="GO:0010467" label="gene expression"/>
      <span end="19759" id="16110338-9291" start="19749">expression</span>
    </annotation>
    <annotation annotator="Mike Bada, University of Colorado Anschutz Medical Campus" id="GO_BP_2016_02_16_Instance_34661" type="identity">
      <class id="GO:0010467" label="gene expression"/>
      <span end="19874" id="16110338-9387" start="19864">expression</span>
    </annotation>
    <annotation annotator="Mike Bada, University of Colorado Anschutz Medical Campus" id="GO_BP_2016_02_16_Instance_34663" type="identity">
      <class id="GO:0010467" label="gene expression"/>
      <span end="20626" id="16110338-9389" start="20616">expression</span>
    </annotation>
    <annotation annotator="Mike Bada, University of Colorado Anschutz Medical Campus" id="GO_BP_2016_02_16_Instance_34665" type="identity">
      <class id="GO:0010467" label="gene expression"/>
      <span end="20720" id="16110338-9391" start="20710">expression</span>
    </annotation>
    <annotation annotator="Mike Bada, University of Colorado Anschutz Medical Campus" id="GO_BP_2016_02_16_Instance_34667" type="identity">
      <class id="GO:0010467" label="gene expression"/>
      <span end="20813" id="16110338-9393" start="20803">expression</span>
    </annotation>
    <annotation annotator="Mike Bada, University of Colorado Anschutz Medical Campus" id="GO_BP_2016_02_16_Instance_34669" type="identity">
      <class id="GO:0010467" label="gene expression"/>
      <span end="20886" id="16110338-9395" start="20876">expression</span>
    </annotation>
    <annotation annotator="Mike Bada, University of Colorado Anschutz Medical Campus" id="GO_BP_2016_02_16_Instance_34671" type="identity">
      <class id="GO:0010467" label="gene expression"/>
      <span end="21162" id="16110338-9397" start="21152">expression</span>
    </annotation>
    <annotation annotator="Mike Bada, University of Colorado Anschutz Medical Campus" id="GO_BP_2016_02_16_Instance_47165" type="identity">
      <class id="GO:0010467" label="gene expression"/>
      <span end="21423" id="16110338-9590" start="21408">gene expression</span>
    </annotation>
    <annotation annotator="Mike Bada, University of Colorado Anschutz Medical Campus" id="GO_BP_2016_02_16_Instance_34673" type="identity">
      <class id="GO:0010467" label="gene expression"/>
      <span end="22527" id="16110338-9399" start="22517">expressing</span>
    </annotation>
    <annotation annotator="Mike Bada, University of Colorado Anschutz Medical Campus" id="GO_BP_2016_02_16_Instance_230682" type="identity">
      <class id="GO:0010467" label="gene expression"/>
      <span end="25120" id="16110338-9293" start="25110">expression</span>
    </annotation>
    <annotation annotator="Mike Bada, University of Colorado Anschutz Medical Campus" id="GO_BP_2016_02_16_Instance_34989" type="identity">
      <class id="GO:0006342" label="chromatin silencing"/>
      <span end="25341" id="16110338-9407" start="25317">transcriptionally silent</span>
    </annotation>
    <annotation annotator="Mike Bada, University of Colorado Anschutz Medical Campus" id="GO_BP_2016_02_16_Instance_230684" type="identity">
      <class id="GO:0010467" label="gene expression"/>
      <span end="25580" id="16110338-9295" start="25570">expression</span>
    </annotation>
    <annotation annotator="Mike Bada, University of Colorado Anschutz Medical Campus" id="GO_BP_2016_02_16_Instance_170334" type="identity">
      <class id="GO:0010467" label="gene expression"/>
      <span end="25677" id="16110338-9255" start="25670">express</span>
    </annotation>
    <annotation annotator="Mike Bada, University of Colorado Anschutz Medical Campus" id="GO_BP_2016_02_16_Instance_47169" type="identity">
      <class id="GO:0010467" label="gene expression"/>
      <span end="25753" id="16110338-9592" start="25738">gene expression</span>
    </annotation>
    <annotation annotator="Mike Bada, University of Colorado Anschutz Medical Campus" id="GO_BP_2016_02_16_Instance_34677" type="identity">
      <class id="GO:0010467" label="gene expression"/>
      <span end="26109" id="16110338-9401" start="26099">expression</span>
    </annotation>
    <annotation annotator="Mike Bada, University of Colorado Anschutz Medical Campus" id="GO_BP_2016_02_16_Instance_34679" type="identity">
      <class id="GO:0010467" label="gene expression"/>
      <span end="26131" id="16110338-9403" start="26121">expressing</span>
    </annotation>
    <annotation annotator="Mike Bada, University of Colorado Anschutz Medical Campus" id="GO_BP_2016_02_16_Instance_34681" type="identity">
      <class id="GO:0010467" label="gene expression"/>
      <span end="26530" id="16110338-9405" start="26520">expressing</span>
    </annotation>
    <annotation annotator="Mike Bada, University of Colorado Anschutz Medical Campus" id="GO_BP_2016_02_16_Instance_35003" type="identity">
      <class id="GO:0010467" label="gene expression"/>
      <span end="26614" id="16110338-9413" start="26605">expressed</span>
    </annotation>
    <annotation annotator="Mike Bada, University of Colorado Anschutz Medical Campus" id="GO_BP_2016_02_16_Instance_35005" type="identity">
      <class id="GO:0010467" label="gene expression"/>
      <span end="26636" id="16110338-9415" start="26626">expressing</span>
    </annotation>
    <annotation annotator="Mike Bada, University of Colorado Anschutz Medical Campus" id="GO_BP_2016_02_16_Instance_35007" type="identity">
      <class id="GO:0010467" label="gene expression"/>
      <span end="26759" id="16110338-9417" start="26749">expression</span>
    </annotation>
    <annotation annotator="Mike Bada, University of Colorado Anschutz Medical Campus" id="GO_BP_2016_02_16_Instance_35009" type="identity">
      <class id="GO:0010467" label="gene expression"/>
      <span end="26967" id="16110338-9419" start="26957">expressing</span>
    </annotation>
    <annotation annotator="Mike Bada, University of Colorado Anschutz Medical Campus" id="GO_BP_2016_02_16_Instance_35451" type="identity">
      <class id="GO:0016458" label="gene silencing"/>
      <span end="27073" id="16110338-9544" start="27061">silencing of</span>
      <span end="27093" id="16110338-9545" start="27088">genes</span>
    </annotation>
    <annotation annotator="Mike Bada, University of Colorado Anschutz Medical Campus" id="GO_BP_2016_02_16_Instance_47171" type="identity">
      <class id="GO:0010467" label="gene expression"/>
      <span end="27370" id="16110338-9594" start="27355">gene expression</span>
    </annotation>
    <annotation annotator="Mike Bada, University of Colorado Anschutz Medical Campus" id="GO_BP_2016_02_16_Instance_35207" type="identity">
      <class id="GO:0010467" label="gene expression"/>
      <span end="27404" id="16110338-9421" start="27394">expression</span>
    </annotation>
    <annotation annotator="Mike Bada, University of Colorado Anschutz Medical Campus" id="GO_BP_2016_02_16_Instance_35209" type="identity">
      <class id="GO:0010467" label="gene expression"/>
      <span end="28485" id="16110338-9423" start="28475">expression</span>
    </annotation>
    <annotation annotator="Mike Bada, University of Colorado Anschutz Medical Campus" id="GO_BP_2016_02_16_Instance_47173" type="identity">
      <class id="GO:0010467" label="gene expression"/>
      <span end="28859" id="16110338-9596" start="28844">gene expression</span>
    </annotation>
    <annotation annotator="Mike Bada, University of Colorado Anschutz Medical Campus" id="GO_BP_2016_02_16_Instance_35211" type="identity">
      <class id="GO:0010467" label="gene expression"/>
      <span end="29312" id="16110338-9425" start="29302">expression</span>
    </annotation>
    <annotation annotator="Mike Bada, University of Colorado Anschutz Medical Campus" id="GO_BP_2016_02_16_Instance_35213" type="identity">
      <class id="GO:0010467" label="gene expression"/>
      <span end="29512" id="16110338-9427" start="29503">expressed</span>
    </annotation>
    <annotation annotator="Mike Bada, University of Colorado Anschutz Medical Campus" id="GO_BP_2016_02_16_Instance_35215" type="identity">
      <class id="GO:0010467" label="gene expression"/>
      <span end="29594" id="16110338-9429" start="29584">expression</span>
    </annotation>
    <annotation annotator="Mike Bada, University of Colorado Anschutz Medical Campus" id="GO_BP_2016_02_16_Instance_35217" type="identity">
      <class id="GO:0010467" label="gene expression"/>
      <span end="30318" id="16110338-9431" start="30309">expressed</span>
    </annotation>
    <annotation annotator="Mike Bada, University of Colorado Anschutz Medical Campus" id="GO_BP_2016_02_16_Instance_35219" type="identity">
      <class id="GO:0010467" label="gene expression"/>
      <span end="30440" id="16110338-9433" start="30430">expression</span>
    </annotation>
    <annotation annotator="Mike Bada, University of Colorado Anschutz Medical Campus" id="GO_BP_2016_02_16_Instance_35221" type="identity">
      <class id="GO:0010467" label="gene expression"/>
      <span end="30523" id="16110338-9435" start="30513">expression</span>
    </annotation>
    <annotation annotator="Mike Bada, University of Colorado Anschutz Medical Campus" id="GO_BP_2016_02_16_Instance_35223" type="identity">
      <class id="GO:0010467" label="gene expression"/>
      <span end="30546" id="16110338-9437" start="30536">expression</span>
    </annotation>
    <annotation annotator="Mike Bada, University of Colorado Anschutz Medical Campus" id="GO_BP_2016_02_16_Instance_35225" type="identity">
      <class id="GO:0010467" label="gene expression"/>
      <span end="30604" id="16110338-9439" start="30594">expression</span>
    </annotation>
    <annotation annotator="Mike Bada, University of Colorado Anschutz Medical Campus" id="GO_BP_2016_02_16_Instance_47175" type="identity">
      <class id="GO:0010467" label="gene expression"/>
      <span end="31053" id="16110338-9598" start="31038">gene expression</span>
    </annotation>
    <annotation annotator="Mike Bada, University of Colorado Anschutz Medical Campus" id="GO_BP_2016_02_16_Instance_43687" type="identity">
      <class id="GO:0065007" label="biological regulation"/>
      <span end="31156" id="16110338-9562" start="31146">regulation</span>
    </annotation>
    <annotation annotator="Mike Bada, University of Colorado Anschutz Medical Campus" id="GO_BP_2016_02_16_Instance_43689" type="identity">
      <class id="GO:0065007" label="biological regulation"/>
      <span end="31620" id="16110338-9564" start="31610">regulation</span>
    </annotation>
    <annotation annotator="Mike Bada, University of Colorado Anschutz Medical Campus" id="GO_BP_2016_02_16_Instance_35227" type="identity">
      <class id="GO:0010467" label="gene expression"/>
      <span end="32167" id="16110338-9441" start="32157">expression</span>
    </annotation>
    <annotation annotator="Mike Bada, University of Colorado Anschutz Medical Campus" id="GO_BP_2016_02_16_Instance_35229" type="identity">
      <class id="GO:0010467" label="gene expression"/>
      <span end="32298" id="16110338-9443" start="32288">expression</span>
    </annotation>
    <annotation annotator="Mike Bada, University of Colorado Anschutz Medical Campus" id="GO_BP_2016_02_16_Instance_34995" type="identity">
      <class id="GO:0065007" label="biological regulation"/>
      <span end="32721" id="16110338-9409" start="32711">controlled</span>
    </annotation>
    <annotation annotator="Mike Bada, University of Colorado Anschutz Medical Campus" id="GO_BP_2016_02_16_Instance_35231" type="identity">
      <class id="GO:0010467" label="gene expression"/>
      <span end="32821" id="16110338-9445" start="32814">express</span>
    </annotation>
    <annotation annotator="Mike Bada, University of Colorado Anschutz Medical Campus" id="GO_BP_2016_02_16_Instance_35233" type="identity">
      <class id="GO:0010467" label="gene expression"/>
      <span end="32892" id="16110338-9447" start="32885">express</span>
    </annotation>
    <annotation annotator="Mike Bada, University of Colorado Anschutz Medical Campus" id="GO_BP_2016_02_16_Instance_34997" type="identity">
      <class id="GO:0065007" label="biological regulation"/>
      <span end="32937" id="16110338-9411" start="32926">controlling</span>
    </annotation>
    <annotation annotator="Mike Bada, University of Colorado Anschutz Medical Campus" id="GO_BP_2016_02_16_Instance_35235" type="identity">
      <class id="GO:0010467" label="gene expression"/>
      <span end="33155" id="16110338-9449" start="33145">expression</span>
    </annotation>
    <annotation annotator="Mike Bada, University of Colorado Anschutz Medical Campus" id="GO_BP_2016_02_16_Instance_35237" type="identity">
      <class id="GO:0010467" label="gene expression"/>
      <span end="33281" id="16110338-9451" start="33271">expression</span>
    </annotation>
    <annotation annotator="Mike Bada, University of Colorado Anschutz Medical Campus" id="GO_BP_2016_02_16_Instance_35239" type="identity">
      <class id="GO:0010467" label="gene expression"/>
      <span end="33536" id="16110338-9453" start="33526">expressing</span>
    </annotation>
    <annotation annotator="Mike Bada, University of Colorado Anschutz Medical Campus" id="GO_BP_2016_02_16_Instance_35427" type="identity">
      <class id="GO:0005977" label="glycogen metabolic process"/>
      <span end="33859" id="16110338-9532" start="33851">glycogen</span>
      <span end="33878" id="16110338-9533" start="33868">metabolism</span>
    </annotation>
    <annotation annotator="Mike Bada, University of Colorado Anschutz Medical Campus" id="GO_BP_2016_02_16_Instance_35417" type="identity">
      <class id="GO:0006006" label="glucose metabolic process"/>
      <span end="33878" id="16110338-9522" start="33860">glucose metabolism</span>
    </annotation>
    <annotation annotator="Mike Bada, University of Colorado Anschutz Medical Campus" id="GO_BP_2016_02_16_Instance_170366" type="identity">
      <class id="GO:0098754" label="detoxification"/>
      <span end="33930" id="16110338-9257" start="33916">detoxification</span>
    </annotation>
    <annotation annotator="Mike Bada, University of Colorado Anschutz Medical Campus" id="GO_BP_2016_02_16_Instance_47177" type="identity">
      <class id="GO:0006096" label="glycolytic process"/>
      <span end="33974" id="16110338-9600" start="33964">glycolysis</span>
    </annotation>
    <annotation annotator="Mike Bada, University of Colorado Anschutz Medical Campus" id="GO_BP_2016_02_16_Instance_35419" type="identity">
      <class id="GO:0006006" label="glucose metabolic process"/>
      <span end="34024" id="16110338-9524" start="34006">glucose metabolism</span>
    </annotation>
    <annotation annotator="Mike Bada, University of Colorado Anschutz Medical Campus" id="GO_BP_2016_02_16_Instance_35241" type="identity">
      <class id="GO:0010467" label="gene expression"/>
      <span end="34117" id="16110338-9455" start="34107">expression</span>
    </annotation>
    <annotation annotator="Mike Bada, University of Colorado Anschutz Medical Campus" id="GO_BP_2016_02_16_Instance_35243" type="identity">
      <class id="GO:0010467" label="gene expression"/>
      <span end="34172" id="16110338-9457" start="34162">expression</span>
    </annotation>
    <annotation annotator="Mike Bada, University of Colorado Anschutz Medical Campus" id="GO_BP_2016_02_16_Instance_35421" type="identity">
      <class id="GO:0006006" label="glucose metabolic process"/>
      <span end="34265" id="16110338-9526" start="34247">glucose metabolism</span>
    </annotation>
    <annotation annotator="Mike Bada, University of Colorado Anschutz Medical Campus" id="GO_BP_2016_02_16_Instance_170368" type="identity">
      <class id="GO:0065007" label="biological regulation"/>
      <span end="34289" id="16110338-9259" start="34279">regulatory</span>
    </annotation>
    <annotation annotator="Mike Bada, University of Colorado Anschutz Medical Campus" id="GO_BP_2016_02_16_Instance_35245" type="identity">
      <class id="GO:0010467" label="gene expression"/>
      <span end="34453" id="16110338-9459" start="34443">expression</span>
    </annotation>
    <annotation annotator="Mike Bada, University of Colorado Anschutz Medical Campus" id="GO_BP_2016_02_16_Instance_47179" type="identity">
      <class id="GO:0010467" label="gene expression"/>
      <span end="34682" id="16110338-9602" start="34667">gene expression</span>
    </annotation>
    <annotation annotator="Mike Bada, University of Colorado Anschutz Medical Campus" id="GO_BP_2016_02_16_Instance_35429" type="identity">
      <class id="GO:0005977" label="glycogen metabolic process"/>
      <span end="34834" id="16110338-9535" start="34826">glycogen</span>
      <span end="34857" id="16110338-9536" start="34847">metabolism</span>
    </annotation>
    <annotation annotator="Mike Bada, University of Colorado Anschutz Medical Campus" id="GO_BP_2016_02_16_Instance_35423" type="identity">
      <class id="GO:0006006" label="glucose metabolic process"/>
      <span end="34857" id="16110338-9528" start="34839">glucose metabolism</span>
    </annotation>
    <annotation annotator="Mike Bada, University of Colorado Anschutz Medical Campus" id="GO_BP_2016_02_16_Instance_35247" type="identity">
      <class id="GO:0010467" label="gene expression"/>
      <span end="35415" id="16110338-9461" start="35405">expressing</span>
    </annotation>
    <annotation annotator="Mike Bada, University of Colorado Anschutz Medical Campus" id="GO_BP_2016_02_16_Instance_35249" type="identity">
      <class id="GO:0010467" label="gene expression"/>
      <span end="35514" id="16110338-9463" start="35505">expressed</span>
    </annotation>
    <annotation annotator="Mike Bada, University of Colorado Anschutz Medical Campus" id="GO_BP_2016_02_16_Instance_170370" type="identity">
      <class id="GO:0007067" label="mitotic nuclear division"/>
      <span end="35582" id="16110338-9261" start="35575">mitotic</span>
    </annotation>
    <annotation annotator="Mike Bada, University of Colorado Anschutz Medical Campus" id="GO_BP_2016_02_16_Instance_170372" type="identity">
      <class id="GO:0007067" label="mitotic nuclear division"/>
      <span end="35842" id="16110338-9263" start="35835">mitotic</span>
    </annotation>
    <annotation annotator="Mike Bada, University of Colorado Anschutz Medical Campus" id="GO_BP_2016_02_16_Instance_170376" type="identity">
      <class id="GO:0007067" label="mitotic nuclear division"/>
      <span end="37060" id="16110338-9265" start="37053">mitotic</span>
    </annotation>
    <annotation annotator="Mike Bada, University of Colorado Anschutz Medical Campus" id="GO_BP_2016_02_16_Instance_35459" type="identity">
      <class id="GO:0065007" label="biological regulation"/>
      <span end="37455" id="16110338-9547" start="37448">control</span>
    </annotation>
    <annotation annotator="Mike Bada, University of Colorado Anschutz Medical Campus" id="GO_BP_2016_02_16_Instance_35251" type="identity">
      <class id="GO:0010467" label="gene expression"/>
      <span end="37473" id="16110338-9465" start="37464">expressed</span>
    </annotation>
    <annotation annotator="Mike Bada, University of Colorado Anschutz Medical Campus" id="GO_BP_2016_02_16_Instance_43643" type="identity">
      <class id="GO:0042670" label="retinal cone cell differentiation"/>
      <span end="37589" id="16110338-9559" start="37567">differentiation toward</span>
      <span end="37601" id="16110338-9560" start="37592">cone fate</span>
    </annotation>
    <annotation annotator="Mike Bada, University of Colorado Anschutz Medical Campus" id="GO_BP_2016_02_16_Instance_230686" type="identity">
      <class id="GO:0010467" label="gene expression"/>
      <span end="38558" id="16110338-9297" start="38548">expressing</span>
    </annotation>
    <annotation annotator="Mike Bada, University of Colorado Anschutz Medical Campus" id="GO_BP_2016_02_16_Instance_35253" type="identity">
      <class id="GO:0010467" label="gene expression"/>
      <span end="39222" id="16110338-9467" start="39213">expresses</span>
    </annotation>
    <annotation annotator="Mike Bada, University of Colorado Anschutz Medical Campus" id="GO_BP_2016_02_16_Instance_35509" type="identity">
      <class id="GO:0065007" label="biological regulation"/>
      <span end="39277" id="16110338-9551" start="39267">regulatory</span>
    </annotation>
    <annotation annotator="Mike Bada, University of Colorado Anschutz Medical Campus" id="GO_BP_2016_02_16_Instance_35255" type="identity">
      <class id="GO:0010467" label="gene expression"/>
      <span end="39472" id="16110338-9469" start="39463">expressed</span>
    </annotation>
    <annotation annotator="Mike Bada, University of Colorado Anschutz Medical Campus" id="GO_BP_2016_02_16_Instance_35513" type="identity">
      <class id="GO:0065007" label="biological regulation"/>
      <span end="39919" id="16110338-9553" start="39909">regulatory</span>
    </annotation>
    <annotation annotator="Mike Bada, University of Colorado Anschutz Medical Campus" id="GO_BP_2016_02_16_Instance_47181" type="identity">
      <class id="GO:0010467" label="gene expression"/>
      <span end="39935" id="16110338-9604" start="39920">gene expression</span>
    </annotation>
    <annotation annotator="Mike Bada, University of Colorado Anschutz Medical Campus" id="GO_BP_2016_02_16_Instance_170378" type="identity">
      <class id="GO:0010467" label="gene expression"/>
      <span end="40237" id="16110338-9267" start="40227">expression</span>
    </annotation>
    <annotation annotator="Mike Bada, University of Colorado Anschutz Medical Campus" id="GO_BP_2016_02_16_Instance_47183" type="identity">
      <class id="GO:0006915" label="apoptotic process"/>
      <span end="40320" id="16110338-9606" start="40311">apoptosis</span>
    </annotation>
    <annotation annotator="Mike Bada, University of Colorado Anschutz Medical Campus" id="GO_BP_2016_02_16_Instance_35461" type="identity">
      <class id="GO:0065007" label="biological regulation"/>
      <span end="40730" id="16110338-9549" start="40719">controlling</span>
    </annotation>
    <annotation annotator="Mike Bada, University of Colorado Anschutz Medical Campus" id="GO_BP_2016_02_16_Instance_35257" type="identity">
      <class id="GO:0010467" label="gene expression"/>
      <span end="41407" id="16110338-9471" start="41397">expression</span>
    </annotation>
    <annotation annotator="Mike Bada, University of Colorado Anschutz Medical Campus" id="GO_BP_2016_02_16_Instance_170384" type="identity">
      <class id="GO:0010467" label="gene expression"/>
      <span end="41689" id="16110338-9269" start="41679">expression</span>
    </annotation>
    <annotation annotator="Mike Bada, University of Colorado Anschutz Medical Campus" id="GO_BP_2016_02_16_Instance_170386" type="identity">
      <class id="GO:0010467" label="gene expression"/>
      <span end="41971" id="16110338-9271" start="41961">expressing</span>
    </annotation>
    <annotation annotator="Mike Bada, University of Colorado Anschutz Medical Campus" id="GO_BP_2016_02_16_Instance_170388" type="identity">
      <class id="GO:0010629" label="negative regulation of gene expression"/>
      <span end="42552" id="16110338-9273" start="42537">down-regulation</span>
      <span end="42563" id="16110338-9274" start="42561">of</span>
      <span end="42580" id="16110338-9275" start="42570">expression</span>
    </annotation>
    <annotation annotator="Mike Bada, University of Colorado Anschutz Medical Campus" id="GO_BP_2016_02_16_Instance_35305" type="identity">
      <class id="GO:0007601" label="visual perception"/>
      <span end="42799" id="16110338-9515" start="42793">vision</span>
    </annotation>
    <annotation annotator="Mike Bada, University of Colorado Anschutz Medical Campus" id="GO_BP_2016_02_16_Instance_35261" type="identity">
      <class id="GO:0010467" label="gene expression"/>
      <span end="51228" id="16110338-9473" start="51218">expressing</span>
    </annotation>
    <annotation annotator="Mike Bada, University of Colorado Anschutz Medical Campus" id="GO_BP_2016_02_16_Instance_170408" type="identity">
      <class id="GO:0007567" label="parturition"/>
      <span end="53629" id="16110338-9277" start="53624">natal</span>
    </annotation>
    <annotation annotator="Mike Bada, University of Colorado Anschutz Medical Campus" id="GO_BP_2016_02_16_Instance_170432" type="identity">
      <class id="GO:0007567" label="parturition"/>
      <span end="60147" id="16110338-9279" start="60142">natal</span>
    </annotation>
    <annotation annotator="Mike Bada, University of Colorado Anschutz Medical Campus" id="GO_BP_2016_02_16_Instance_35263" type="identity">
      <class id="GO:0010467" label="gene expression"/>
      <span end="60480" id="16110338-9475" start="60470">expression</span>
    </annotation>
    <annotation annotator="Mike Bada, University of Colorado Anschutz Medical Campus" id="GO_BP_2016_02_16_Instance_35265" type="identity">
      <class id="GO:0010467" label="gene expression"/>
      <span end="60988" id="16110338-9477" start="60978">expression</span>
    </annotation>
    <annotation annotator="Mike Bada, University of Colorado Anschutz Medical Campus" id="GO_BP_2016_02_16_Instance_170440" type="identity">
      <class id="GO:0007567" label="parturition"/>
      <span end="61542" id="16110338-9281" start="61537">natal</span>
    </annotation>
    <annotation annotator="Mike Bada, University of Colorado Anschutz Medical Campus" id="GO_BP_2016_02_16_Instance_170446" type="identity">
      <class id="GO:0010467" label="gene expression"/>
      <span end="62578" id="16110338-9283" start="62568">expression</span>
    </annotation>
    <annotation annotator="Mike Bada, University of Colorado Anschutz Medical Campus" id="GO_BP_2016_02_16_Instance_35269" type="identity">
      <class id="GO:0010467" label="gene expression"/>
      <span end="62640" id="16110338-9479" start="62630">Expression</span>
    </annotation>
    <annotation annotator="Mike Bada, University of Colorado Anschutz Medical Campus" id="GO_BP_2016_02_16_Instance_35271" type="identity">
      <class id="GO:0010467" label="gene expression"/>
      <span end="62708" id="16110338-9481" start="62698">expression</span>
    </annotation>
    <annotation annotator="Mike Bada, University of Colorado Anschutz Medical Campus" id="GO_BP_2016_02_16_Instance_35273" type="identity">
      <class id="GO:0010467" label="gene expression"/>
      <span end="62867" id="16110338-9483" start="62857">expression</span>
    </annotation>
    <annotation annotator="Mike Bada, University of Colorado Anschutz Medical Campus" id="GO_BP_2016_02_16_Instance_35275" type="identity">
      <class id="GO:0010467" label="gene expression"/>
      <span end="62985" id="16110338-9485" start="62976">expressed</span>
    </annotation>
    <annotation annotator="Mike Bada, University of Colorado Anschutz Medical Campus" id="GO_BP_2016_02_16_Instance_35277" type="identity">
      <class id="GO:0010467" label="gene expression"/>
      <span end="63170" id="16110338-9487" start="63160">expression</span>
    </annotation>
    <annotation annotator="Mike Bada, University of Colorado Anschutz Medical Campus" id="GO_BP_2016_02_16_Instance_35279" type="identity">
      <class id="GO:0010467" label="gene expression"/>
      <span end="63393" id="16110338-9489" start="63378">Gene Expression</span>
    </annotation>
    <annotation annotator="Mike Bada, University of Colorado Anschutz Medical Campus" id="GO_BP_2016_02_16_Instance_35281" type="identity">
      <class id="GO:0010467" label="gene expression"/>
      <span end="63736" id="16110338-9491" start="63726">expression</span>
    </annotation>
    <annotation annotator="Mike Bada, University of Colorado Anschutz Medical Campus" id="GO_BP_2016_02_16_Instance_35283" type="identity">
      <class id="GO:0010467" label="gene expression"/>
      <span end="64582" id="16110338-9493" start="64572">Expression</span>
    </annotation>
    <annotation annotator="Mike Bada, University of Colorado Anschutz Medical Campus" id="GO_BP_2016_02_16_Instance_21783" type="identity">
      <class id="GO:0010467" label="gene expression"/>
      <span end="65101" id="16110338-9287" start="65091">Expression</span>
    </annotation>
    <annotation annotator="Mike Bada, University of Colorado Anschutz Medical Campus" id="GO_BP_2016_02_16_Instance_35285" type="identity">
      <class id="GO:0010467" label="gene expression"/>
      <span end="65441" id="16110338-9495" start="65431">expression</span>
    </annotation>
    <annotation annotator="Mike Bada, University of Colorado Anschutz Medical Campus" id="GO_BP_2016_02_16_Instance_35287" type="identity">
      <class id="GO:0010467" label="gene expression"/>
      <span end="65618" id="16110338-9497" start="65608">expression</span>
    </annotation>
    <annotation annotator="Mike Bada, University of Colorado Anschutz Medical Campus" id="GO_BP_2016_02_16_Instance_35289" type="identity">
      <class id="GO:0010467" label="gene expression"/>
      <span end="65878" id="16110338-9499" start="65868">Expression</span>
    </annotation>
    <annotation annotator="Mike Bada, University of Colorado Anschutz Medical Campus" id="GO_BP_2016_02_16_Instance_35291" type="identity">
      <class id="GO:0010467" label="gene expression"/>
      <span end="66078" id="16110338-9501" start="66068">expression</span>
    </annotation>
    <annotation annotator="Mike Bada, University of Colorado Anschutz Medical Campus" id="GO_BP_2016_02_16_Instance_170460" type="identity">
      <class id="GO:0065007" label="biological regulation"/>
      <span end="68303" id="16110338-9285" start="68293">Regulatory</span>
    </annotation>
    <annotation annotator="Mike Bada, University of Colorado Anschutz Medical Campus" id="GO_BP_2016_02_16_Instance_35531" type="identity">
      <class id="GO:0065007" label="biological regulation"/>
      <span end="68737" id="16110338-9555" start="68727">regulatory</span>
    </annotation>
    <annotation annotator="Mike Bada, University of Colorado Anschutz Medical Campus" id="GO_BP_2016_02_16_Instance_35533" type="identity">
      <class id="GO:0010467" label="gene expression"/>
      <span end="69365" id="16110338-9557" start="69355">expressing</span>
    </annotation>
    <graph-space id="Old Knowtator Relations"/>
  </document>
</knowtator-project>
