<?xml version="1.0" encoding="UTF-8" standalone="no"?>
<knowtator-project>
  <document id="16121256" text-file="16121256.txt">
    <annotation annotator="Mike Bada, University of Colorado Anschutz Medical Campus" id="GO_BP_2016_02_16_Instance_35581" type="identity">
      <class id="GO:0006635" label="fatty acid beta-oxidation"/>
      <span end="212" id="16121256-9868" start="190">fatty acid β-oxidation</span>
    </annotation>
    <annotation annotator="Mike Bada, University of Colorado Anschutz Medical Campus" id="GO_BP_2016_02_16_Instance_50651" type="identity">
      <class id="GO:0019395" label="fatty acid oxidation"/>
      <span end="929" id="16121256-9894" start="909">fatty acid oxidation</span>
    </annotation>
    <annotation annotator="Mike Bada, University of Colorado Anschutz Medical Campus" id="GO_BP_2016_02_16_Instance_50653" type="identity">
      <class id="GO:0019395" label="fatty acid oxidation"/>
      <span end="995" id="16121256-9896" start="975">fatty acid oxidation</span>
    </annotation>
    <annotation annotator="Mike Bada, University of Colorado Anschutz Medical Campus" id="GO_BP_2016_02_16_Instance_35489" type="identity">
      <class id="GO:0008152" label="metabolic process"/>
      <span end="1123" id="16121256-9862" start="1113">metabolism</span>
    </annotation>
    <annotation annotator="Mike Bada, University of Colorado Anschutz Medical Campus" id="GO_BP_2016_02_16_Instance_50655" type="identity">
      <class id="GO:0019395" label="fatty acid oxidation"/>
      <span end="1160" id="16121256-9898" start="1140">fatty acid oxidation</span>
    </annotation>
    <annotation annotator="Mike Bada, University of Colorado Anschutz Medical Campus" id="GO_BP_2016_02_16_Instance_35577" type="identity">
      <class id="GO:0008152" label="metabolic process"/>
      <span end="1302" id="16121256-9866" start="1293">Metabolic</span>
    </annotation>
    <annotation annotator="Mike Bada, University of Colorado Anschutz Medical Campus" id="GO_BP_2016_02_16_Instance_50657" type="identity">
      <class id="GO:0016265" label="death"/>
      <span end="1447" id="16121256-9900" start="1442">death</span>
    </annotation>
    <annotation annotator="Mike Bada, University of Colorado Anschutz Medical Campus" id="GO_BP_2016_02_16_Instance_32969" type="identity">
      <class id="GO:0016265" label="death"/>
      <span end="1772" id="16121256-9850" start="1768">loss</span>
    </annotation>
    <annotation annotator="Mike Bada, University of Colorado Anschutz Medical Campus" id="GO_BP_2016_02_16_Instance_35583" type="identity">
      <class id="GO:0006635" label="fatty acid beta-oxidation"/>
      <span end="2154" id="16121256-9870" start="2128">β-oxidation of fatty acids</span>
    </annotation>
    <annotation annotator="Mike Bada, University of Colorado Anschutz Medical Campus" id="GO_BP_2016_02_16_Instance_50659" type="identity">
      <class id="GO:0019395" label="fatty acid oxidation"/>
      <span end="2230" id="16121256-9902" start="2210">Fatty acid oxidation</span>
    </annotation>
    <annotation annotator="Mike Bada, University of Colorado Anschutz Medical Campus" id="GO_BP_2016_02_16_Instance_35585" type="identity">
      <class id="GO:0006412" label="translation"/>
      <span end="2669" id="16121256-9872" start="2659">translated</span>
    </annotation>
    <annotation annotator="Mike Bada, University of Colorado Anschutz Medical Campus" id="GO_BP_2016_02_16_Instance_50661" type="identity">
      <class id="GO:0019395" label="fatty acid oxidation"/>
      <span end="2922" id="16121256-9904" start="2902">fatty acid oxidation</span>
    </annotation>
    <annotation annotator="Mike Bada, University of Colorado Anschutz Medical Campus" id="GO_BP_2016_02_16_Instance_35591" type="identity">
      <class id="GO:0016265" label="death"/>
      <span end="3613" id="16121256-9874" start="3610">die</span>
    </annotation>
    <annotation annotator="Mike Bada, University of Colorado Anschutz Medical Campus" id="GO_BP_2016_02_16_Instance_35593" type="identity">
      <class id="GO:0008152" label="metabolic process"/>
      <span end="3703" id="16121256-9876" start="3694">metabolic</span>
    </annotation>
    <annotation annotator="Mike Bada, University of Colorado Anschutz Medical Campus" id="GO_BP_2016_02_16_Instance_50663" type="identity">
      <class id="GO:0006412" label="translation"/>
      <span end="4790" id="16121256-9906" start="4779">Translation</span>
    </annotation>
    <annotation annotator="Mike Bada, University of Colorado Anschutz Medical Campus" id="GO_BP_2016_02_16_Instance_50665" type="identity">
      <class id="GO:0006412" label="translation"/>
      <span end="4987" id="16121256-9908" start="4976">translation</span>
    </annotation>
    <annotation annotator="Mike Bada, University of Colorado Anschutz Medical Campus" id="GO_BP_2016_02_16_Instance_50667" type="identity">
      <class id="GO:0016265" label="death"/>
      <span end="6990" id="16121256-9910" start="6985">death</span>
    </annotation>
    <annotation annotator="Mike Bada, University of Colorado Anschutz Medical Campus" id="GO_BP_2016_02_16_Instance_36101" type="identity">
      <class id="GO:0008380" label="RNA splicing"/>
      <span end="7954" id="16121256-9884" start="7947">spliced</span>
    </annotation>
    <annotation annotator="Mike Bada, University of Colorado Anschutz Medical Campus" id="GO_BP_2016_02_16_Instance_29687" type="identity">
      <class id="GO:0010467" label="gene expression"/>
      <span end="8022" id="16121256-9840" start="8013">expressed</span>
    </annotation>
    <annotation annotator="Mike Bada, University of Colorado Anschutz Medical Campus" id="GO_BP_2016_02_16_Instance_32361" type="identity">
      <class id="GO:0010467" label="gene expression"/>
      <span end="8096" id="16121256-9842" start="8086">expression</span>
    </annotation>
    <annotation annotator="Mike Bada, University of Colorado Anschutz Medical Campus" id="GO_BP_2016_02_16_Instance_32735" type="identity">
      <class id="GO:0010467" label="gene expression"/>
      <span end="8186" id="16121256-9844" start="8176">expression</span>
    </annotation>
    <annotation annotator="Mike Bada, University of Colorado Anschutz Medical Campus" id="GO_BP_2016_02_16_Instance_36103" type="identity">
      <class id="GO:0008380" label="RNA splicing"/>
      <span end="8298" id="16121256-9886" start="8291">spliced</span>
    </annotation>
    <annotation annotator="Mike Bada, University of Colorado Anschutz Medical Campus" id="GO_BP_2016_02_16_Instance_26041" type="identity">
      <class id="GO:0000184" label="nuclear-transcribed mRNA catabolic process, nonsense-mediated decay"/>
      <span end="8537" id="16121256-9838" start="8510">nonsense mediated RNA decay</span>
    </annotation>
    <annotation annotator="Mike Bada, University of Colorado Anschutz Medical Campus" id="GO_BP_2016_02_16_Instance_32799" type="identity">
      <class id="GO:0010467" label="gene expression"/>
      <span end="8794" id="16121256-9846" start="8784">expression</span>
    </annotation>
    <annotation annotator="Mike Bada, University of Colorado Anschutz Medical Campus" id="GO_BP_2016_02_16_Instance_32801" type="identity">
      <class id="GO:0010467" label="gene expression"/>
      <span end="9240" id="16121256-9848" start="9230">expression</span>
    </annotation>
    <annotation annotator="Mike Bada, University of Colorado Anschutz Medical Campus" id="GO_BP_2016_02_16_Instance_50669" type="identity">
      <class id="GO:0016265" label="death"/>
      <span end="10688" id="16121256-9912" start="10682">Deaths</span>
    </annotation>
    <annotation annotator="Mike Bada, University of Colorado Anschutz Medical Campus" id="GO_BP_2016_02_16_Instance_36105" type="identity">
      <class id="GO:0007567" label="parturition"/>
      <span end="10788" id="16121256-9888" start="10784">born</span>
    </annotation>
    <annotation annotator="Mike Bada, University of Colorado Anschutz Medical Campus" id="GO_BP_2016_02_16_Instance_34557" type="identity">
      <class id="GO:0016265" label="death"/>
      <span end="10941" id="16121256-9856" start="10937">loss</span>
    </annotation>
    <annotation annotator="Mike Bada, University of Colorado Anschutz Medical Campus" id="GO_BP_2016_02_16_Instance_50671" type="identity">
      <class id="GO:0007618" label="mating"/>
      <span end="11305" id="16121256-9914" start="11298">matings</span>
    </annotation>
    <annotation annotator="Mike Bada, University of Colorado Anschutz Medical Campus" id="GO_BP_2016_02_16_Instance_50673" type="identity">
      <class id="GO:0007618" label="mating"/>
      <span end="11336" id="16121256-9916" start="11329">matings</span>
    </annotation>
    <annotation annotator="Mike Bada, University of Colorado Anschutz Medical Campus" id="GO_BP_2016_02_16_Instance_50675" type="identity">
      <class id="GO:0007618" label="mating"/>
      <span end="11410" id="16121256-9918" start="11403">matings</span>
    </annotation>
    <annotation annotator="Mike Bada, University of Colorado Anschutz Medical Campus" id="GO_BP_2016_02_16_Instance_35485" type="identity">
      <class id="GO:0016265" label="death"/>
      <span end="17880" id="16121256-9858" start="17875">dying</span>
    </annotation>
    <annotation annotator="Mike Bada, University of Colorado Anschutz Medical Campus" id="GO_BP_2016_02_16_Instance_35487" type="identity">
      <class id="GO:0007631" label="feeding behavior"/>
      <span end="18237" id="16121256-9860" start="18229">ingested</span>
    </annotation>
    <annotation annotator="Mike Bada, University of Colorado Anschutz Medical Campus" id="GO_BP_2016_02_16_Instance_180115" type="identity">
      <class id="GO:0031649" label="heat generation"/>
      <span end="18498" id="16121256-9832" start="18485">thermogenesis</span>
    </annotation>
    <annotation annotator="Mike Bada, University of Colorado Anschutz Medical Campus" id="GO_BP_2016_02_16_Instance_32971" type="identity">
      <class id="GO:0010467" label="gene expression"/>
      <span end="18521" id="16121256-9852" start="18512">expresses</span>
    </annotation>
    <annotation annotator="Mike Bada, University of Colorado Anschutz Medical Campus" id="GO_BP_2016_02_16_Instance_35491" type="identity">
      <class id="GO:0001676" label="long-chain fatty acid metabolic process"/>
      <span end="19200" id="16121256-9864" start="19175">long chain fat metabolism</span>
    </annotation>
    <annotation annotator="Mike Bada, University of Colorado Anschutz Medical Campus" id="GO_BP_2016_02_16_Instance_50677" type="identity">
      <class id="GO:0016265" label="death"/>
      <span end="19986" id="16121256-9920" start="19980">deaths</span>
    </annotation>
    <annotation annotator="Mike Bada, University of Colorado Anschutz Medical Campus" id="GO_BP_2016_02_16_Instance_36109" type="identity">
      <class id="GO:0007565" label="female pregnancy"/>
      <span end="20002" id="16121256-9890" start="19991">gestational</span>
    </annotation>
    <annotation annotator="Mike Bada, University of Colorado Anschutz Medical Campus" id="GO_BP_2016_02_16_Instance_35937" type="identity">
      <class id="GO:0006266" label="DNA ligation"/>
      <span end="20798" id="16121256-9878" start="20790">ligation</span>
    </annotation>
    <annotation annotator="Mike Bada, University of Colorado Anschutz Medical Campus" id="GO_BP_2016_02_16_Instance_35939" type="identity">
      <class id="GO:0006266" label="DNA ligation"/>
      <span end="21441" id="16121256-9880" start="21433">ligation</span>
    </annotation>
    <annotation annotator="Mike Bada, University of Colorado Anschutz Medical Campus" id="GO_BP_2016_02_16_Instance_35941" type="identity">
      <class id="GO:0006266" label="DNA ligation"/>
      <span end="21586" id="16121256-9882" start="21578">ligation</span>
    </annotation>
    <annotation annotator="Mike Bada, University of Colorado Anschutz Medical Campus" id="GO_BP_2016_02_16_Instance_180117" type="identity">
      <class id="GO:0006302" label="double-strand break repair"/>
      <span end="22080" id="16121256-9834" start="22052">double stranded–break repair</span>
    </annotation>
    <annotation annotator="Mike Bada, University of Colorado Anschutz Medical Campus" id="GO_BP_2016_02_16_Instance_180121" type="identity">
      <class id="GO:0001171" label="reverse transcription"/>
      <span end="23233" id="16121256-9836" start="23212">Reverse transcription</span>
    </annotation>
    <annotation annotator="Mike Bada, University of Colorado Anschutz Medical Campus" id="GO_BP_2016_02_16_Instance_33071" type="identity">
      <class id="GO:0010467" label="gene expression"/>
      <span end="23702" id="16121256-9854" start="23693">expressed</span>
    </annotation>
    <annotation annotator="Mike Bada, University of Colorado Anschutz Medical Campus" id="GO_BP_2016_02_16_Instance_36113" type="identity">
      <class id="GO:0019835" label="cytolysis"/>
      <span end="25169" id="16121256-9892" start="25164">lysed</span>
    </annotation>
    <graph-space id="Old Knowtator Relations"/>
  </document>
</knowtator-project>
