<?xml version="1.0" encoding="UTF-8" standalone="no"?>
<knowtator-project>
    <document id="16221973" text-file="16221973.txt">
        <annotation annotator="Mike Bada, University of Colorado Anschutz Medical Campus" id="GO_BP_2016_02_16_Instance_36915" type="identity">
            <class id="GO:0006952" label="defense response"/>
            <span end="42" id="16221973-10960" start="35">defense</span>
        </annotation>
        <annotation annotator="Mike Bada, University of Colorado Anschutz Medical Campus" id="GO_BP_2016_02_16_Instance_36967" type="identity">
            <class id="GO:0065007" label="biological regulation"/>
            <span end="164" id="16221973-10970" start="155">regulates</span>
        </annotation>
        <annotation annotator="Mike Bada, University of Colorado Anschutz Medical Campus" id="GO_BP_2016_02_16_Instance_230690" type="identity">
            <class id="GO:0010467" label="gene expression"/>
            <span end="175" id="16221973-10844" start="165">expression</span>
        </annotation>
        <annotation annotator="Mike Bada, University of Colorado Anschutz Medical Campus" id="GO_BP_2016_02_16_Instance_37047" type="identity">
            <class id="GO:0009790" label="embryo development"/>
            <span end="407" id="16221973-10997" start="398">embryonic</span>
            <span end="425" id="16221973-10998" start="414">development</span>
        </annotation>
        <annotation annotator="Mike Bada, University of Colorado Anschutz Medical Campus" id="GO_BP_2016_02_16_Instance_47187" type="identity">
            <class id="GO:0001889" label="liver development"/>
            <span end="425" id="16221973-11052" start="408">liver development</span>
        </annotation>
        <annotation annotator="Mike Bada, University of Colorado Anschutz Medical Campus" id="GO_BP_2016_02_16_Instance_37019" type="identity">
            <class id="GO:0007567" label="parturition"/>
            <span end="486" id="16221973-10980" start="481">birth</span>
        </annotation>
        <annotation annotator="Mike Bada, University of Colorado Anschutz Medical Campus" id="GO_BP_2016_02_16_Instance_230692" type="identity">
            <class id="GO:0010467" label="gene expression"/>
            <span end="836" id="16221973-10846" start="826">expression</span>
        </annotation>
        <annotation annotator="Mike Bada, University of Colorado Anschutz Medical Campus" id="GO_BP_2016_02_16_Instance_230694" type="identity">
            <class id="GO:0010467" label="gene expression"/>
            <span end="1067" id="16221973-10848" start="1057">expression</span>
        </annotation>
        <annotation annotator="Mike Bada, University of Colorado Anschutz Medical Campus" id="GO_BP_2016_02_16_Instance_36969" type="identity">
            <class id="GO:0065007" label="biological regulation"/>
            <span end="1097" id="16221973-10972" start="1088">regulated</span>
        </annotation>
        <annotation annotator="Mike Bada, University of Colorado Anschutz Medical Campus" id="GO_BP_2016_02_16_Instance_180311" type="identity">
            <class id="GO:0010467" label="gene expression"/>
            <span end="1180" id="16221973-10811" start="1171">expressed</span>
        </annotation>
        <annotation annotator="Mike Bada, University of Colorado Anschutz Medical Campus" id="GO_BP_2016_02_16_Instance_33329" type="identity">
            <class id="GO:0010467" label="gene expression"/>
            <span end="1398" id="16221973-10866" start="1388">expression</span>
        </annotation>
        <annotation annotator="Mike Bada, University of Colorado Anschutz Medical Campus" id="GO_BP_2016_02_16_Instance_37031" type="identity">
            <class id="GO:0006750" label="glutathione biosynthetic process"/>
            <span end="1549" id="16221973-10984" start="1540">synthesis</span>
            <span end="1581" id="16221973-10985" start="1567">of glutathione</span>
        </annotation>
        <annotation annotator="Mike Bada, University of Colorado Anschutz Medical Campus" id="GO_BP_2016_02_16_Instance_37033" type="identity">
            <class id="GO:0006968" label="cellular defense response"/>
            <span end="1683" id="16221973-10987" start="1675">cellular</span>
            <span end="1704" id="16221973-10988" start="1697">defense</span>
        </annotation>
        <annotation annotator="Mike Bada, University of Colorado Anschutz Medical Campus" id="GO_BP_2016_02_16_Instance_180319" type="identity">
            <class id="GO:0042592" label="homeostatic process"/>
            <span end="2245" id="16221973-10813" start="2234">homeostasis</span>
        </annotation>
        <annotation annotator="Mike Bada, University of Colorado Anschutz Medical Campus" id="GO_BP_2016_02_16_Instance_180321" type="identity">
            <class id="GO:0098754" label="detoxification"/>
            <span end="2264" id="16221973-10815" start="2250">detoxification</span>
        </annotation>
        <annotation annotator="Mike Bada, University of Colorado Anschutz Medical Campus" id="GO_BP_2016_02_16_Instance_33331" type="identity">
            <class id="GO:0010467" label="gene expression"/>
            <span end="2455" id="16221973-10868" start="2445">expression</span>
        </annotation>
        <annotation annotator="Mike Bada, University of Colorado Anschutz Medical Campus" id="GO_BP_2016_02_16_Instance_34971" type="identity">
            <class id="GO:0001525" label="angiogenesis"/>
            <span end="3350" id="16221973-10882" start="3340">angiogenic</span>
        </annotation>
        <annotation annotator="Mike Bada, University of Colorado Anschutz Medical Campus" id="GO_BP_2016_02_16_Instance_37041" type="identity">
            <class id="GO:0009790" label="embryo development"/>
            <span end="3546" id="16221973-10990" start="3533">embryogenesis</span>
        </annotation>
        <annotation annotator="Mike Bada, University of Colorado Anschutz Medical Campus" id="GO_BP_2016_02_16_Instance_180327" type="identity">
            <class id="GO:0007620" label="copulation"/>
            <span end="3633" id="16221973-10817" start="3627">coitum</span>
        </annotation>
        <annotation annotator="Mike Bada, University of Colorado Anschutz Medical Campus" id="GO_BP_2016_02_16_Instance_37021" type="identity">
            <class id="GO:0007567" label="parturition"/>
            <span end="4153" id="16221973-10982" start="4148">birth</span>
        </annotation>
        <annotation annotator="Mike Bada, University of Colorado Anschutz Medical Campus" id="GO_BP_2016_02_16_Instance_230696" type="identity">
            <class id="GO:0010467" label="gene expression"/>
            <span end="4764" id="16221973-10850" start="4754">expression</span>
        </annotation>
        <annotation annotator="Mike Bada, University of Colorado Anschutz Medical Campus" id="GO_BP_2016_02_16_Instance_230698" type="identity">
            <class id="GO:0010467" label="gene expression"/>
            <span end="4856" id="16221973-10852" start="4846">expression</span>
        </annotation>
        <annotation annotator="Mike Bada, University of Colorado Anschutz Medical Campus" id="GO_BP_2016_02_16_Instance_36971" type="identity">
            <class id="GO:0065007" label="biological regulation"/>
            <span end="4886" id="16221973-10974" start="4877">regulated</span>
        </annotation>
        <annotation annotator="Mike Bada, University of Colorado Anschutz Medical Campus" id="GO_BP_2016_02_16_Instance_230700" type="identity">
            <class id="GO:0010467" label="gene expression"/>
            <span end="5022" id="16221973-10854" start="5012">expression</span>
        </annotation>
        <annotation annotator="Mike Bada, University of Colorado Anschutz Medical Campus" id="GO_BP_2016_02_16_Instance_37063" type="identity">
            <class id="GO:0006749" label="glutathione metabolic process"/>
            <span end="5223" id="16221973-11000" start="5201">glutathione metabolism</span>
        </annotation>
        <annotation annotator="Mike Bada, University of Colorado Anschutz Medical Campus" id="GO_BP_2016_02_16_Instance_36917" type="identity">
            <class id="GO:0006952" label="defense response"/>
            <span end="5290" id="16221973-10962" start="5283">defense</span>
        </annotation>
        <annotation annotator="Mike Bada, University of Colorado Anschutz Medical Campus" id="GO_BP_2016_02_16_Instance_34133" type="identity">
            <class id="GO:0010467" label="gene expression"/>
            <span end="6213" id="16221973-10870" start="6203">expression</span>
        </annotation>
        <annotation annotator="Mike Bada, University of Colorado Anschutz Medical Campus" id="GO_BP_2016_02_16_Instance_47193" type="identity">
            <class id="GO:0010467" label="gene expression"/>
            <span end="7995" id="16221973-11054" start="7980">Gene expression</span>
        </annotation>
        <annotation annotator="Mike Bada, University of Colorado Anschutz Medical Campus" id="GO_BP_2016_02_16_Instance_36813" type="identity">
            <class id="GO:0010467" label="gene expression"/>
            <span end="9090" id="16221973-10952" start="9081">expressed</span>
        </annotation>
        <annotation annotator="Mike Bada, University of Colorado Anschutz Medical Campus" id="GO_BP_2016_02_16_Instance_34231" type="identity">
            <class id="GO:0010467" label="gene expression"/>
            <span end="9146" id="16221973-10872" start="9136">expression</span>
        </annotation>
        <annotation annotator="Mike Bada, University of Colorado Anschutz Medical Campus" id="GO_BP_2016_02_16_Instance_37083" type="identity">
            <class id="GO:0040007" label="growth"/>
            <span end="13161" id="16221973-11006" start="13156">grown</span>
        </annotation>
        <annotation annotator="Mike Bada, University of Colorado Anschutz Medical Campus" id="GO_BP_2016_02_16_Instance_37087" type="identity">
            <class id="GO:0009294" label="DNA mediated transformation"/>
            <span end="13346" id="16221973-11010" start="13335">transfected</span>
        </annotation>
        <annotation annotator="Mike Bada, University of Colorado Anschutz Medical Campus" id="GO_BP_2016_02_16_Instance_34233" type="identity">
            <class id="GO:0010467" label="gene expression"/>
            <span end="13374" id="16221973-10874" start="13364">expression</span>
        </annotation>
        <annotation annotator="Mike Bada, University of Colorado Anschutz Medical Campus" id="GO_BP_2016_02_16_Instance_37089" type="identity">
            <class id="GO:0009294" label="DNA mediated transformation"/>
            <span end="13849" id="16221973-11012" start="13838">transfected</span>
        </annotation>
        <annotation annotator="Mike Bada, University of Colorado Anschutz Medical Campus" id="GO_BP_2016_02_16_Instance_34235" type="identity">
            <class id="GO:0010467" label="gene expression"/>
            <span end="13916" id="16221973-10876" start="13906">expression</span>
        </annotation>
        <annotation annotator="Mike Bada, University of Colorado Anschutz Medical Campus" id="GO_BP_2016_02_16_Instance_34297" type="identity">
            <class id="GO:0010467" label="gene expression"/>
            <span end="13999" id="16221973-10878" start="13989">expression</span>
        </annotation>
        <annotation annotator="Mike Bada, University of Colorado Anschutz Medical Campus" id="GO_BP_2016_02_16_Instance_43659" type="identity">
            <class id="GO:0065007" label="biological regulation"/>
            <span end="14058" id="16221973-11048" start="14051">control</span>
        </annotation>
        <annotation annotator="Mike Bada, University of Colorado Anschutz Medical Campus" id="GO_BP_2016_02_16_Instance_37091" type="identity">
            <class id="GO:0009294" label="DNA mediated transformation"/>
            <span end="14097" id="16221973-11014" start="14086">transfected</span>
        </annotation>
        <annotation annotator="Mike Bada, University of Colorado Anschutz Medical Campus" id="GO_BP_2016_02_16_Instance_37085" type="identity">
            <class id="GO:0040007" label="growth"/>
            <span end="14225" id="16221973-11008" start="14220">grown</span>
        </annotation>
        <annotation annotator="Mike Bada, University of Colorado Anschutz Medical Campus" id="GO_BP_2016_02_16_Instance_34551" type="identity">
            <class id="GO:0010467" label="gene expression"/>
            <span end="14259" id="16221973-10880" start="14249">expression</span>
        </annotation>
        <annotation annotator="Mike Bada, University of Colorado Anschutz Medical Campus" id="GO_BP_2016_02_16_Instance_37065" type="identity">
            <class id="GO:0006750" label="glutathione biosynthetic process"/>
            <span end="14746" id="16221973-11002" start="14725">glutathione synthesis</span>
        </annotation>
        <annotation annotator="Mike Bada, University of Colorado Anschutz Medical Campus" id="GO_BP_2016_02_16_Instance_47195" type="identity">
            <class id="GO:0008283" label="cell proliferation"/>
            <span end="14995" id="16221973-11056" start="14977">Cell Proliferation</span>
        </annotation>
        <annotation annotator="Mike Bada, University of Colorado Anschutz Medical Campus" id="GO_BP_2016_02_16_Instance_36909" type="identity">
            <class id="GO:0010467" label="gene expression"/>
            <span end="15508" id="16221973-10954" start="15499">expressed</span>
        </annotation>
        <annotation annotator="Mike Bada, University of Colorado Anschutz Medical Campus" id="GO_BP_2016_02_16_Instance_43661" type="identity">
            <class id="GO:0065007" label="biological regulation"/>
            <span end="15539" id="16221973-11050" start="15532">control</span>
        </annotation>
        <annotation annotator="Mike Bada, University of Colorado Anschutz Medical Campus" id="GO_BP_2016_02_16_with_nested_annotations_Instance_10554" type="identity">
            <class id="GO:0006412" label="translation"/>
            <span end="15928" id="16221973-11074" start="15917">translation</span>
        </annotation>
        <annotation annotator="Mike Bada, University of Colorado Anschutz Medical Campus" id="GO_BP_2016_02_16_Instance_230702" type="identity">
            <class id="GO:0010467" label="gene expression"/>
            <span end="17845" id="16221973-10856" start="17835">expression</span>
        </annotation>
        <annotation annotator="Mike Bada, University of Colorado Anschutz Medical Campus" id="GO_BP_2016_02_16_Instance_47199" type="identity">
            <class id="GO:0010467" label="gene expression"/>
            <span end="17914" id="16221973-11058" start="17899">gene expression</span>
        </annotation>
        <annotation annotator="Mike Bada, University of Colorado Anschutz Medical Campus" id="GO_BP_2016_02_16_Instance_180355" type="identity">
            <class id="GO:0010629" label="negative regulation of gene expression"/>
            <span end="18188" id="16221973-10819" start="18160">downregulation of expression</span>
        </annotation>
        <annotation annotator="Mike Bada, University of Colorado Anschutz Medical Campus" id="GO_BP_2016_02_16_Instance_36911" type="identity">
            <class id="GO:0010467" label="gene expression"/>
            <span end="19335" id="16221973-10956" start="19326">expressed</span>
        </annotation>
        <annotation annotator="Mike Bada, University of Colorado Anschutz Medical Campus" id="GO_BP_2016_02_16_Instance_35193" type="identity">
            <class id="GO:0010467" label="gene expression"/>
            <span end="20159" id="16221973-10884" start="20149">expression</span>
        </annotation>
        <annotation annotator="Mike Bada, University of Colorado Anschutz Medical Campus" id="GO_BP_2016_02_16_Instance_35477" type="identity">
            <class id="GO:0010467" label="gene expression"/>
            <span end="20481" id="16221973-10886" start="20471">expression</span>
        </annotation>
        <annotation annotator="Mike Bada, University of Colorado Anschutz Medical Campus" id="GO_BP_2016_02_16_Instance_35479" type="identity">
            <class id="GO:0010467" label="gene expression"/>
            <span end="20948" id="16221973-10888" start="20938">expression</span>
        </annotation>
        <annotation annotator="Mike Bada, University of Colorado Anschutz Medical Campus" id="GO_BP_2016_02_16_Instance_35557" type="identity">
            <class id="GO:0010467" label="gene expression"/>
            <span end="21942" id="16221973-10890" start="21932">expression</span>
        </annotation>
        <annotation annotator="Mike Bada, University of Colorado Anschutz Medical Campus" id="GO_BP_2016_02_16_Instance_35559" type="identity">
            <class id="GO:0010467" label="gene expression"/>
            <span end="22147" id="16221973-10892" start="22137">expression</span>
        </annotation>
        <annotation annotator="Mike Bada, University of Colorado Anschutz Medical Campus" id="GO_BP_2016_02_16_Instance_35561" type="identity">
            <class id="GO:0010467" label="gene expression"/>
            <span end="22281" id="16221973-10894" start="22271">expression</span>
        </annotation>
        <annotation annotator="Mike Bada, University of Colorado Anschutz Medical Campus" id="GO_BP_2016_02_16_Instance_35927" type="identity">
            <class id="GO:0010467" label="gene expression"/>
            <span end="22353" id="16221973-10896" start="22343">expression</span>
        </annotation>
        <annotation annotator="Mike Bada, University of Colorado Anschutz Medical Campus" id="GO_BP_2016_02_16_Instance_35929" type="identity">
            <class id="GO:0010467" label="gene expression"/>
            <span end="23577" id="16221973-10898" start="23567">expression</span>
        </annotation>
        <annotation annotator="Mike Bada, University of Colorado Anschutz Medical Campus" id="GO_BP_2016_02_16_Instance_36025" type="identity">
            <class id="GO:0010467" label="gene expression"/>
            <span end="24235" id="16221973-10900" start="24225">expression</span>
        </annotation>
        <annotation annotator="Mike Bada, University of Colorado Anschutz Medical Campus" id="GO_BP_2016_02_16_Instance_180413" type="identity">
            <class id="GO:0010629" label="negative regulation of gene expression"/>
            <span end="24739" id="16221973-10821" start="24722">downregulation of</span>
            <span end="24759" id="16221973-10822" start="24749">expression</span>
        </annotation>
        <annotation annotator="Mike Bada, University of Colorado Anschutz Medical Campus" id="GO_BP_2016_02_16_Instance_36137" type="identity">
            <class id="GO:0010467" label="gene expression"/>
            <span end="24863" id="16221973-10902" start="24853">expression</span>
        </annotation>
        <annotation annotator="Mike Bada, University of Colorado Anschutz Medical Campus" id="GO_BP_2016_02_16_Instance_36139" type="identity">
            <class id="GO:0010467" label="gene expression"/>
            <span end="24962" id="16221973-10904" start="24952">expression</span>
        </annotation>
        <annotation annotator="Mike Bada, University of Colorado Anschutz Medical Campus" id="GO_BP_2016_02_16_Instance_36141" type="identity">
            <class id="GO:0010467" label="gene expression"/>
            <span end="25446" id="16221973-10906" start="25436">expression</span>
        </annotation>
        <annotation annotator="Mike Bada, University of Colorado Anschutz Medical Campus" id="GO_BP_2016_02_16_Instance_37105" type="identity">
            <class id="GO:0006749" label="glutathione metabolic process"/>
            <span end="26560" id="16221973-11016" start="26547">metabolism of</span>
            <span end="26588" id="16221973-11017" start="26577">glutathione</span>
        </annotation>
        <annotation annotator="Mike Bada, University of Colorado Anschutz Medical Campus" id="GO_BP_2016_02_16_Instance_37067" type="identity">
            <class id="GO:0006750" label="glutathione biosynthetic process"/>
            <span end="26791" id="16221973-11004" start="26767">synthesis of glutathione</span>
        </annotation>
        <annotation annotator="Mike Bada, University of Colorado Anschutz Medical Campus" id="GO_BP_2016_02_16_Instance_180427" type="identity">
            <class id="GO:0098754" label="detoxification"/>
            <span end="27010" id="16221973-10824" start="26996">detoxification</span>
        </annotation>
        <annotation annotator="Mike Bada, University of Colorado Anschutz Medical Campus" id="GO_BP_2016_02_16_Instance_36143" type="identity">
            <class id="GO:0010467" label="gene expression"/>
            <span end="27287" id="16221973-10908" start="27277">expression</span>
        </annotation>
        <annotation annotator="Mike Bada, University of Colorado Anschutz Medical Campus" id="GO_BP_2016_02_16_with_nested_annotations_Instance_1204" type="identity">
            <class id="GO:0051716" label="cellular response to stimulus"/>
            <span end="27460" id="16221973-11076" start="27452">cellular</span>
            <span end="27477" id="16221973-11077" start="27469">response</span>
        </annotation>
        <annotation annotator="Mike Bada, University of Colorado Anschutz Medical Campus" id="GO_BP_2016_02_16_Instance_36919" type="identity">
            <class id="GO:0006952" label="defense response"/>
            <span end="28092" id="16221973-10964" start="28085">defense</span>
        </annotation>
        <annotation annotator="Mike Bada, University of Colorado Anschutz Medical Campus" id="GO_BP_2016_02_16_Instance_180433" type="identity">
            <class id="GO:0035437" label="maintenance of protein localization in endoplasmic reticulum"/>
            <span end="28520" id="16221973-10826" start="28481">endoplasmic reticulum protein retention</span>
        </annotation>
        <annotation annotator="Mike Bada, University of Colorado Anschutz Medical Campus" id="GO_BP_2016_02_16_Instance_47203" type="identity">
            <class id="GO:0006915" label="apoptotic process"/>
            <span end="28678" id="16221973-11060" start="28669">apoptosis</span>
        </annotation>
        <annotation annotator="Mike Bada, University of Colorado Anschutz Medical Campus" id="GO_BP_2016_02_16_Instance_37043" type="identity">
            <class id="GO:0009790" label="embryo development"/>
            <span end="29004" id="16221973-10992" start="28995">embryonic</span>
            <span end="29022" id="16221973-10993" start="29011">development</span>
        </annotation>
        <annotation annotator="Mike Bada, University of Colorado Anschutz Medical Campus" id="GO_BP_2016_02_16_Instance_47205" type="identity">
            <class id="GO:0001889" label="liver development"/>
            <span end="29022" id="16221973-11062" start="29005">liver development</span>
        </annotation>
        <annotation annotator="Mike Bada, University of Colorado Anschutz Medical Campus" id="GO_BP_2016_02_16_Instance_47207" type="identity">
            <class id="GO:0010467" label="gene expression"/>
            <span end="29063" id="16221973-11064" start="29048">gene expression</span>
        </annotation>
        <annotation annotator="Mike Bada, University of Colorado Anschutz Medical Campus" id="GO_BP_2016_02_16_Instance_36145" type="identity">
            <class id="GO:0010467" label="gene expression"/>
            <span end="29357" id="16221973-10910" start="29347">expression</span>
        </annotation>
        <annotation annotator="Mike Bada, University of Colorado Anschutz Medical Campus" id="GO_BP_2016_02_16_Instance_36147" type="identity">
            <class id="GO:0010467" label="gene expression"/>
            <span end="29630" id="16221973-10912" start="29620">expression</span>
        </annotation>
        <annotation annotator="Mike Bada, University of Colorado Anschutz Medical Campus" id="GO_BP_2016_02_16_Instance_230704" type="identity">
            <class id="GO:0010467" label="gene expression"/>
            <span end="29813" id="16221973-10858" start="29803">expression</span>
        </annotation>
        <annotation annotator="Mike Bada, University of Colorado Anschutz Medical Campus" id="GO_BP_2016_02_16_Instance_36707" type="identity">
            <class id="GO:0010467" label="gene expression"/>
            <span end="30172" id="16221973-10914" start="30162">expression</span>
        </annotation>
        <annotation annotator="Mike Bada, University of Colorado Anschutz Medical Campus" id="GO_BP_2016_02_16_Instance_36709" type="identity">
            <class id="GO:0010467" label="gene expression"/>
            <span end="30262" id="16221973-10916" start="30252">expression</span>
        </annotation>
        <annotation annotator="Mike Bada, University of Colorado Anschutz Medical Campus" id="GO_BP_2016_02_16_Instance_37005" type="identity">
            <class id="GO:0065007" label="biological regulation"/>
            <span end="30427" id="16221973-10976" start="30418">regulated</span>
        </annotation>
        <annotation annotator="Mike Bada, University of Colorado Anschutz Medical Campus" id="GO_BP_2016_02_16_Instance_36711" type="identity">
            <class id="GO:0010467" label="gene expression"/>
            <span end="30519" id="16221973-10918" start="30509">expression</span>
        </annotation>
        <annotation annotator="Mike Bada, University of Colorado Anschutz Medical Campus" id="GO_BP_2016_02_16_Instance_180443" type="identity">
            <class id="GO:0010467" label="gene expression"/>
            <span end="30772" id="16221973-10828" start="30763">expressed</span>
        </annotation>
        <annotation annotator="Mike Bada, University of Colorado Anschutz Medical Campus" id="GO_BP_2016_02_16_with_nested_annotations_Instance_1210" type="identity">
            <class id="GO:0051716" label="cellular response to stimulus"/>
            <span end="31072" id="16221973-11079" start="31068">cell</span>
            <span end="31088" id="16221973-11080" start="31080">response</span>
        </annotation>
        <annotation annotator="Mike Bada, University of Colorado Anschutz Medical Campus" id="GO_BP_2016_02_16_Instance_47209" type="identity">
            <class id="GO:0010467" label="gene expression"/>
            <span end="31164" id="16221973-11066" start="31149">gene expression</span>
        </annotation>
        <annotation annotator="Mike Bada, University of Colorado Anschutz Medical Campus" id="GO_BP_2016_02_16_Instance_36765" type="identity">
            <class id="GO:0010467" label="gene expression"/>
            <span end="31281" id="16221973-10920" start="31271">expression</span>
        </annotation>
        <annotation annotator="Mike Bada, University of Colorado Anschutz Medical Campus" id="GO_BP_2016_02_16_Instance_37203" type="identity">
            <class id="GO:0051764" label="actin crosslink formation"/>
            <span end="31664" id="16221973-11031" start="31645">actin-cross-linking</span>
        </annotation>
        <annotation annotator="Mike Bada, University of Colorado Anschutz Medical Campus" id="GO_BP_2016_02_16_Instance_180447" type="identity">
            <class id="GO:0044257" label="cellular protein catabolic process"/>
            <span end="31870" id="16221973-10830" start="31846">destruction of, cellular</span>
            <span end="31887" id="16221973-10831" start="31879">proteins</span>
        </annotation>
        <annotation annotator="Mike Bada, University of Colorado Anschutz Medical Campus" id="GO_BP_2016_02_16_Instance_37109" type="identity">
            <class id="GO:0051017" label="actin filament bundle assembly"/>
            <span end="32015" id="16221973-11019" start="32001">actin-bundling</span>
        </annotation>
        <annotation annotator="Mike Bada, University of Colorado Anschutz Medical Campus" id="GO_BP_2016_02_16_Instance_37111" type="identity">
            <class id="GO:0007019" label="microtubule depolymerization"/>
            <span end="32130" id="16221973-11021" start="32098">depolymerization of microtubules</span>
        </annotation>
        <annotation annotator="Mike Bada, University of Colorado Anschutz Medical Campus" id="GO_BP_2016_02_16_Instance_36767" type="identity">
            <class id="GO:0010467" label="gene expression"/>
            <span end="32401" id="16221973-10922" start="32391">expression</span>
        </annotation>
        <annotation annotator="Mike Bada, University of Colorado Anschutz Medical Campus" id="GO_BP_2016_02_16_Instance_230706" type="identity">
            <class id="GO:0010467" label="gene expression"/>
            <span end="32532" id="16221973-10860" start="32522">expression</span>
        </annotation>
        <annotation annotator="Mike Bada, University of Colorado Anschutz Medical Campus" id="GO_BP_2016_02_16_Instance_37113" type="identity">
            <class id="GO:0006858" label="extracellular transport"/>
            <span end="32833" id="16221973-11023" start="32820">extracellular</span>
            <span end="32861" id="16221973-11024" start="32852">transport</span>
        </annotation>
        <annotation annotator="Mike Bada, University of Colorado Anschutz Medical Campus" id="GO_BP_2016_02_16_Instance_37115" type="identity">
            <class id="GO:0016192" label="vesicle-mediated transport"/>
            <span end="32847" id="16221973-11026" start="32838">vesicular</span>
            <span end="32861" id="16221973-11027" start="32852">transport</span>
        </annotation>
        <annotation annotator="Mike Bada, University of Colorado Anschutz Medical Campus" id="GO_BP_2016_02_16_Instance_47211" type="identity">
            <class id="GO:0006811" label="ion transport"/>
            <span end="32861" id="16221973-11068" start="32848">ion transport</span>
        </annotation>
        <annotation annotator="Mike Bada, University of Colorado Anschutz Medical Campus" id="GO_BP_2016_02_16_Instance_230708" type="identity">
            <class id="GO:0010467" label="gene expression"/>
            <span end="33183" id="16221973-10862" start="33173">expression</span>
        </annotation>
        <annotation annotator="Mike Bada, University of Colorado Anschutz Medical Campus" id="GO_BP_2016_02_16_Instance_180461" type="identity">
            <class id="GO:0019725" label="cellular homeostasis"/>
            <span end="33508" id="16221973-10833" start="33500">cellular</span>
            <span end="33525" id="16221973-10834" start="33514">homeostasis</span>
        </annotation>
        <annotation annotator="Mike Bada, University of Colorado Anschutz Medical Campus" id="GO_BP_2016_02_16_Instance_37209" type="identity">
            <class id="GO:0065007" label="biological regulation"/>
            <span end="33604" id="16221973-11033" start="33597">control</span>
        </annotation>
        <annotation annotator="Mike Bada, University of Colorado Anschutz Medical Campus" id="GO_BP_2016_02_16_Instance_36773" type="identity">
            <class id="GO:0010467" label="gene expression"/>
            <span end="33615" id="16221973-10924" start="33605">expression</span>
        </annotation>
        <annotation annotator="Mike Bada, University of Colorado Anschutz Medical Campus" id="GO_BP_2016_02_16_Instance_37009" type="identity">
            <class id="GO:0065007" label="biological regulation"/>
            <span end="34168" id="16221973-10978" start="34159">regulated</span>
        </annotation>
        <annotation annotator="Mike Bada, University of Colorado Anschutz Medical Campus" id="GO_BP_2016_02_16_Instance_36775" type="identity">
            <class id="GO:0010467" label="gene expression"/>
            <span end="34242" id="16221973-10926" start="34232">expression</span>
        </annotation>
        <annotation annotator="Mike Bada, University of Colorado Anschutz Medical Campus" id="GO_BP_2016_02_16_Instance_37117" type="identity">
            <class id="GO:0001889" label="liver development"/>
            <span end="34815" id="16221973-11029" start="34802">hepatogenesis</span>
        </annotation>
        <annotation annotator="Mike Bada, University of Colorado Anschutz Medical Campus" id="GO_BP_2016_02_16_Instance_36777" type="identity">
            <class id="GO:0010467" label="gene expression"/>
            <span end="34831" id="16221973-10928" start="34821">expression</span>
        </annotation>
        <annotation annotator="Mike Bada, University of Colorado Anschutz Medical Campus" id="GO_BP_2016_02_16_Instance_180481" type="identity">
            <class id="GO:0007567" label="parturition"/>
            <span end="34856" id="16221973-10836" start="34849">natally</span>
        </annotation>
        <annotation annotator="Mike Bada, University of Colorado Anschutz Medical Campus" id="GO_BP_2016_02_16_Instance_36779" type="identity">
            <class id="GO:0010467" label="gene expression"/>
            <span end="34976" id="16221973-10930" start="34966">expression</span>
        </annotation>
        <annotation annotator="Mike Bada, University of Colorado Anschutz Medical Campus" id="GO_BP_2016_02_16_Instance_36913" type="identity">
            <class id="GO:0010467" label="gene expression"/>
            <span end="34996" id="16221973-10958" start="34987">expressed</span>
        </annotation>
        <annotation annotator="Mike Bada, University of Colorado Anschutz Medical Campus" id="GO_BP_2016_02_16_Instance_36781" type="identity">
            <class id="GO:0010467" label="gene expression"/>
            <span end="35116" id="16221973-10932" start="35106">expression</span>
        </annotation>
        <annotation annotator="Mike Bada, University of Colorado Anschutz Medical Campus" id="GO_BP_2016_02_16_Instance_36783" type="identity">
            <class id="GO:0010467" label="gene expression"/>
            <span end="35241" id="16221973-10934" start="35231">expression</span>
        </annotation>
        <annotation annotator="Mike Bada, University of Colorado Anschutz Medical Campus" id="GO_BP_2016_02_16_Instance_37045" type="identity">
            <class id="GO:0009790" label="embryo development"/>
            <span end="35275" id="16221973-10995" start="35254">embryonal development</span>
        </annotation>
        <annotation annotator="Mike Bada, University of Colorado Anschutz Medical Campus" id="GO_BP_2016_02_16_Instance_36785" type="identity">
            <class id="GO:0010467" label="gene expression"/>
            <span end="35607" id="16221973-10936" start="35597">expression</span>
        </annotation>
        <annotation annotator="Mike Bada, University of Colorado Anschutz Medical Campus" id="GO_BP_2016_02_16_Instance_36787" type="identity">
            <class id="GO:0010467" label="gene expression"/>
            <span end="35736" id="16221973-10938" start="35726">expression</span>
        </annotation>
        <annotation annotator="Mike Bada, University of Colorado Anschutz Medical Campus" id="GO_BP_2016_02_16_Instance_36789" type="identity">
            <class id="GO:0010467" label="gene expression"/>
            <span end="35813" id="16221973-10940" start="35803">expression</span>
        </annotation>
        <annotation annotator="Mike Bada, University of Colorado Anschutz Medical Campus" id="GO_BP_2016_02_16_Instance_47215" type="identity">
            <class id="GO:0010467" label="gene expression"/>
            <span end="36066" id="16221973-11070" start="36051">gene expression</span>
        </annotation>
        <annotation annotator="Mike Bada, University of Colorado Anschutz Medical Campus" id="GO_BP_2016_02_16_Instance_180489" type="identity">
            <class id="GO:1903409" label="reactive oxygen species biosynthetic process"/>
            <span end="36288" id="16221973-10838" start="36251">production of reactive oxygen species</span>
        </annotation>
        <annotation annotator="Mike Bada, University of Colorado Anschutz Medical Campus" id="GO_BP_2016_02_16_Instance_47217" type="identity">
            <class id="GO:0019725" label="cellular homeostasis"/>
            <span end="36562" id="16221973-11072" start="36542">cellular homeostasis</span>
        </annotation>
        <annotation annotator="Mike Bada, University of Colorado Anschutz Medical Campus" id="GO_BP_2016_02_16_Instance_36791" type="identity">
            <class id="GO:0010467" label="gene expression"/>
            <span end="36603" id="16221973-10942" start="36593">expression</span>
        </annotation>
        <annotation annotator="Mike Bada, University of Colorado Anschutz Medical Campus" id="GO_BP_2016_02_16_Instance_23433" type="identity">
            <class id="GO:0006953" label="acute-phase response"/>
            <span end="36633" id="16221973-10864" start="36622">acute-phase</span>
        </annotation>
        <annotation annotator="Mike Bada, University of Colorado Anschutz Medical Campus" id="GO_BP_2016_02_16_Instance_36921" type="identity">
            <class id="GO:0006952" label="defense response"/>
            <span end="36987" id="16221973-10966" start="36980">defense</span>
        </annotation>
        <annotation annotator="Mike Bada, University of Colorado Anschutz Medical Campus" id="GO_BP_2016_02_16_with_nested_annotations_Instance_80000" type="identity">
            <class id="GO:0065003" label="macromolecular complex assembly"/>
            <span end="37052" id="16221973-11085" start="37043">complexes</span>
        </annotation>
        <annotation annotator="Mike Bada, University of Colorado Anschutz Medical Campus" id="GO_BP_2016_02_16_with_nested_annotations_Instance_1220" type="identity">
            <class id="GO:0051716" label="cellular response to stimulus"/>
            <span end="37495" id="16221973-11082" start="37487">cellular</span>
            <span end="37512" id="16221973-11083" start="37504">response</span>
        </annotation>
        <annotation annotator="Mike Bada, University of Colorado Anschutz Medical Campus" id="GO_BP_2016_02_16_Instance_36923" type="identity">
            <class id="GO:0006952" label="defense response"/>
            <span end="37804" id="16221973-10968" start="37797">defense</span>
        </annotation>
        <annotation annotator="Mike Bada, University of Colorado Anschutz Medical Campus" id="GO_BP_2016_02_16_Instance_37221" type="identity">
            <class id="GO:0006968" label="cellular defense response"/>
            <span end="37877" id="16221973-11035" start="37869">cellular</span>
            <span end="37898" id="16221973-11036" start="37891">defense</span>
        </annotation>
        <annotation annotator="Mike Bada, University of Colorado Anschutz Medical Campus" id="GO_BP_2016_02_16_Instance_37223" type="identity">
            <class id="GO:0065004" label="protein-DNA complex assembly"/>
            <span end="40124" id="16221973-11038" start="40095">protein–DNA complex formation</span>
        </annotation>
        <annotation annotator="Mike Bada, University of Colorado Anschutz Medical Campus" id="GO_BP_2016_02_16_Instance_36793" type="identity">
            <class id="GO:0010467" label="gene expression"/>
            <span end="40433" id="16221973-10944" start="40423">expression</span>
        </annotation>
        <annotation annotator="Mike Bada, University of Colorado Anschutz Medical Campus" id="GO_BP_2016_02_16_Instance_37227" type="identity">
            <class id="GO:0065004" label="protein-DNA complex assembly"/>
            <span end="41335" id="16221973-11040" start="41306">protein–DNA complex formation</span>
        </annotation>
        <annotation annotator="Mike Bada, University of Colorado Anschutz Medical Campus" id="GO_BP_2016_02_16_Instance_37229" type="identity">
            <class id="GO:0065004" label="protein-DNA complex assembly"/>
            <span end="42511" id="16221973-11042" start="42482">protein–DNA complex formation</span>
        </annotation>
        <annotation annotator="Mike Bada, University of Colorado Anschutz Medical Campus" id="GO_BP_2016_02_16_Instance_37235" type="identity">
            <class id="GO:0065004" label="protein-DNA complex assembly"/>
            <span end="43709" id="16221973-11044" start="43680">protein–DNA complex formation</span>
        </annotation>
        <annotation annotator="Mike Bada, University of Colorado Anschutz Medical Campus" id="GO_BP_2016_02_16_Instance_36795" type="identity">
            <class id="GO:0010467" label="gene expression"/>
            <span end="44140" id="16221973-10946" start="44130">expression</span>
        </annotation>
        <annotation annotator="Mike Bada, University of Colorado Anschutz Medical Campus" id="GO_BP_2016_02_16_Instance_37237" type="identity">
            <class id="GO:0065004" label="protein-DNA complex assembly"/>
            <span end="44869" id="16221973-11046" start="44840">protein–DNA complex formation</span>
        </annotation>
        <annotation annotator="Mike Bada, University of Colorado Anschutz Medical Campus" id="GO_BP_2016_02_16_Instance_36797" type="identity">
            <class id="GO:0010467" label="gene expression"/>
            <span end="45871" id="16221973-10948" start="45856">gene expression</span>
        </annotation>
        <annotation annotator="Mike Bada, University of Colorado Anschutz Medical Campus" id="GO_BP_2016_02_16_Instance_21785" type="identity">
            <class id="GO:0010467" label="gene expression"/>
            <span end="46131" id="16221973-10840" start="46121">expression</span>
        </annotation>
        <annotation annotator="Mike Bada, University of Colorado Anschutz Medical Campus" id="GO_BP_2016_02_16_Instance_36799" type="identity">
            <class id="GO:0010467" label="gene expression"/>
            <span end="46800" id="16221973-10950" start="46785">gene expression</span>
        </annotation>
        <annotation annotator="Mike Bada, University of Colorado Anschutz Medical Campus" id="GO_BP_2016_02_16_Instance_21787" type="identity">
            <class id="GO:0010467" label="gene expression"/>
            <span end="47048" id="16221973-10842" start="47038">expression</span>
        </annotation>
        <graph-space id="Old Knowtator Relations"/>
    </document>
</knowtator-project>
