<?xml version="1.0" encoding="UTF-8" standalone="no"?>
<knowtator-project>
  <document id="16255782" text-file="16255782.txt">
    <annotation annotator="Mike Bada, University of Colorado Anschutz Medical Campus" id="GO_BP_2016_02_16_Instance_44899" type="identity">
      <class id="GO:0006281" label="DNA repair"/>
      <span end="69" id="16255782-11181" start="59">DNA repair</span>
    </annotation>
    <annotation annotator="Mike Bada, University of Colorado Anschutz Medical Campus" id="GO_BP_2016_02_16_Instance_44901" type="identity">
      <class id="GO:0006281" label="DNA repair"/>
      <span end="668" id="16255782-11183" start="658">DNA repair</span>
    </annotation>
    <annotation annotator="Mike Bada, University of Colorado Anschutz Medical Campus" id="GO_BP_2016_02_16_Instance_44903" type="identity">
      <class id="GO:0006281" label="DNA repair"/>
      <span end="785" id="16255782-11185" start="775">DNA repair</span>
    </annotation>
    <annotation annotator="Mike Bada, University of Colorado Anschutz Medical Campus" id="GO_BP_2016_02_16_Instance_37607" type="identity">
      <class id="GO:0065007" label="biological regulation"/>
      <span end="808" id="16255782-11133" start="799">regulated</span>
    </annotation>
    <annotation annotator="Mike Bada, University of Colorado Anschutz Medical Campus" id="GO_BP_2016_02_16_Instance_37179" type="identity">
      <class id="GO:0010467" label="gene expression"/>
      <span end="895" id="16255782-11117" start="885">expression</span>
    </annotation>
    <annotation annotator="Mike Bada, University of Colorado Anschutz Medical Campus" id="GO_BP_2016_02_16_Instance_44905" type="identity">
      <class id="GO:0006281" label="DNA repair"/>
      <span end="1300" id="16255782-11187" start="1290">DNA repair</span>
    </annotation>
    <annotation annotator="Mike Bada, University of Colorado Anschutz Medical Campus" id="GO_BP_2016_02_16_Instance_44907" type="identity">
      <class id="GO:0006281" label="DNA repair"/>
      <span end="1529" id="16255782-11189" start="1519">DNA repair</span>
    </annotation>
    <annotation annotator="Mike Bada, University of Colorado Anschutz Medical Campus" id="GO_BP_2016_02_16_Instance_37175" type="identity">
      <class id="GO:0065007" label="biological regulation"/>
      <span end="2207" id="16255782-11115" start="2197">regulating</span>
    </annotation>
    <annotation annotator="Mike Bada, University of Colorado Anschutz Medical Campus" id="GO_BP_2016_02_16_Instance_44909" type="identity">
      <class id="GO:0006281" label="DNA repair"/>
      <span end="2255" id="16255782-11191" start="2245">DNA repair</span>
    </annotation>
    <annotation annotator="Mike Bada, University of Colorado Anschutz Medical Campus" id="GO_BP_2016_02_16_Instance_37609" type="identity">
      <class id="GO:0065007" label="biological regulation"/>
      <span end="2401" id="16255782-11135" start="2391">regulation</span>
    </annotation>
    <annotation annotator="Mike Bada, University of Colorado Anschutz Medical Campus" id="GO_BP_2016_02_16_Instance_44911" type="identity">
      <class id="GO:0006281" label="DNA repair"/>
      <span end="2431" id="16255782-11193" start="2421">DNA repair</span>
    </annotation>
    <annotation annotator="Mike Bada, University of Colorado Anschutz Medical Campus" id="GO_BP_2016_02_16_Instance_44913" type="identity">
      <class id="GO:0016265" label="death"/>
      <span end="2518" id="16255782-11195" start="2513">death</span>
    </annotation>
    <annotation annotator="Mike Bada, University of Colorado Anschutz Medical Campus" id="GO_BP_2016_02_16_Instance_44915" type="identity">
      <class id="GO:0016265" label="death"/>
      <span end="2573" id="16255782-11197" start="2567">deaths</span>
    </annotation>
    <annotation annotator="Mike Bada, University of Colorado Anschutz Medical Campus" id="GO_BP_2016_02_16_Instance_44917" type="identity">
      <class id="GO:0006281" label="DNA repair"/>
      <span end="2736" id="16255782-11199" start="2726">DNA repair</span>
    </annotation>
    <annotation annotator="Mike Bada, University of Colorado Anschutz Medical Campus" id="GO_BP_2016_02_16_Instance_37181" type="identity">
      <class id="GO:0010467" label="gene expression"/>
      <span end="2818" id="16255782-11119" start="2809">expressed</span>
    </annotation>
    <annotation annotator="Mike Bada, University of Colorado Anschutz Medical Campus" id="GO_BP_2016_02_16_Instance_37643" type="identity">
      <class id="GO:0006805" label="xenobiotic metabolic process"/>
      <span end="3132" id="16255782-11167" start="3107">metabolism of xenobiotics</span>
    </annotation>
    <annotation annotator="Mike Bada, University of Colorado Anschutz Medical Campus" id="GO_BP_2016_02_16_Instance_37649" type="identity">
      <class id="GO:0044237" label="cellular metabolic process"/>
      <span end="3232" id="16255782-11169" start="3213">cellular metabolism</span>
    </annotation>
    <annotation annotator="Mike Bada, University of Colorado Anschutz Medical Campus" id="GO_BP_2016_02_16_Instance_37651" type="identity">
      <class id="GO:0030164" label="protein denaturation"/>
      <span end="3322" id="16255782-11171" start="3298">denaturation of proteins</span>
    </annotation>
    <annotation annotator="Mike Bada, University of Colorado Anschutz Medical Campus" id="GO_BP_2016_02_16_Instance_44919" type="identity">
      <class id="GO:0006281" label="DNA repair"/>
      <span end="3441" id="16255782-11201" start="3431">DNA repair</span>
    </annotation>
    <annotation annotator="Mike Bada, University of Colorado Anschutz Medical Campus" id="GO_BP_2016_02_16_Instance_33799" type="identity">
      <class id="GO:0006281" label="DNA repair"/>
      <span end="3456" id="16255782-11105" start="3450">repair</span>
    </annotation>
    <annotation annotator="Mike Bada, University of Colorado Anschutz Medical Campus" id="GO_BP_2016_02_16_Instance_44921" type="identity">
      <class id="GO:0006281" label="DNA repair"/>
      <span end="4000" id="16255782-11203" start="3990">DNA repair</span>
    </annotation>
    <annotation annotator="Mike Bada, University of Colorado Anschutz Medical Campus" id="GO_BP_2016_02_16_Instance_37611" type="identity">
      <class id="GO:0065007" label="biological regulation"/>
      <span end="4197" id="16255782-11137" start="4188">regulated</span>
    </annotation>
    <annotation annotator="Mike Bada, University of Colorado Anschutz Medical Campus" id="GO_BP_2016_02_16_Instance_37613" type="identity">
      <class id="GO:0065007" label="biological regulation"/>
      <span end="4279" id="16255782-11139" start="4269">regulatory</span>
    </annotation>
    <annotation annotator="Mike Bada, University of Colorado Anschutz Medical Campus" id="GO_BP_2016_02_16_Instance_37615" type="identity">
      <class id="GO:0065007" label="biological regulation"/>
      <span end="4419" id="16255782-11141" start="4409">regulation</span>
    </annotation>
    <annotation annotator="Mike Bada, University of Colorado Anschutz Medical Campus" id="GO_BP_2016_02_16_Instance_44923" type="identity">
      <class id="GO:0006281" label="DNA repair"/>
      <span end="4453" id="16255782-11205" start="4443">DNA repair</span>
    </annotation>
    <annotation annotator="Mike Bada, University of Colorado Anschutz Medical Campus" id="GO_BP_2016_02_16_Instance_37617" type="identity">
      <class id="GO:0065007" label="biological regulation"/>
      <span end="4553" id="16255782-11143" start="4543">regulation</span>
    </annotation>
    <annotation annotator="Mike Bada, University of Colorado Anschutz Medical Campus" id="GO_BP_2016_02_16_Instance_37619" type="identity">
      <class id="GO:0065007" label="biological regulation"/>
      <span end="4704" id="16255782-11145" start="4694">regulatory</span>
    </annotation>
    <annotation annotator="Mike Bada, University of Colorado Anschutz Medical Campus" id="GO_BP_2016_02_16_Instance_44925" type="identity">
      <class id="GO:0006281" label="DNA repair"/>
      <span end="4920" id="16255782-11207" start="4910">DNA repair</span>
    </annotation>
    <annotation annotator="Mike Bada, University of Colorado Anschutz Medical Campus" id="GO_BP_2016_02_16_Instance_180559" type="identity">
      <class id="GO:0001171" label="reverse transcription"/>
      <span end="5864" id="16255782-11089" start="5845">reverse transcribed</span>
    </annotation>
    <annotation annotator="Mike Bada, University of Colorado Anschutz Medical Campus" id="GO_BP_2016_02_16_Instance_44927" type="identity">
      <class id="GO:0006281" label="DNA repair"/>
      <span end="8596" id="16255782-11209" start="8586">DNA repair</span>
    </annotation>
    <annotation annotator="Mike Bada, University of Colorado Anschutz Medical Campus" id="GO_BP_2016_02_16_Instance_44929" type="identity">
      <class id="GO:0006281" label="DNA repair"/>
      <span end="8782" id="16255782-11211" start="8772">DNA repair</span>
    </annotation>
    <annotation annotator="Mike Bada, University of Colorado Anschutz Medical Campus" id="GO_BP_2016_02_16_Instance_37183" type="identity">
      <class id="GO:0010467" label="gene expression"/>
      <span end="8950" id="16255782-11121" start="8940">expression</span>
    </annotation>
    <annotation annotator="Mike Bada, University of Colorado Anschutz Medical Campus" id="GO_BP_2016_02_16_Instance_44931" type="identity">
      <class id="GO:0006281" label="DNA repair"/>
      <span end="9188" id="16255782-11213" start="9178">DNA repair</span>
    </annotation>
    <annotation annotator="Mike Bada, University of Colorado Anschutz Medical Campus" id="GO_BP_2016_02_16_Instance_37599" type="identity">
      <class id="GO:0010467" label="gene expression"/>
      <span end="10540" id="16255782-11125" start="10531">expressed</span>
    </annotation>
    <annotation annotator="Mike Bada, University of Colorado Anschutz Medical Campus" id="GO_BP_2016_02_16_Instance_44933" type="identity">
      <class id="GO:0006281" label="DNA repair"/>
      <span end="10792" id="16255782-11215" start="10782">DNA repair</span>
    </annotation>
    <annotation annotator="Mike Bada, University of Colorado Anschutz Medical Campus" id="GO_BP_2016_02_16_Instance_44935" type="identity">
      <class id="GO:0006281" label="DNA repair"/>
      <span end="11623" id="16255782-11217" start="11613">DNA repair</span>
    </annotation>
    <annotation annotator="Mike Bada, University of Colorado Anschutz Medical Campus" id="GO_BP_2016_02_16_Instance_44937" type="identity">
      <class id="GO:0006281" label="DNA repair"/>
      <span end="11814" id="16255782-11219" start="11804">DNA repair</span>
    </annotation>
    <annotation annotator="Mike Bada, University of Colorado Anschutz Medical Campus" id="GO_BP_2016_02_16_Instance_37601" type="identity">
      <class id="GO:0010467" label="gene expression"/>
      <span end="12582" id="16255782-11127" start="12572">expression</span>
    </annotation>
    <annotation annotator="Mike Bada, University of Colorado Anschutz Medical Campus" id="GO_BP_2016_02_16_Instance_44939" type="identity">
      <class id="GO:0010467" label="gene expression"/>
      <span end="13255" id="16255782-11221" start="13240">gene expression</span>
    </annotation>
    <annotation annotator="Mike Bada, University of Colorado Anschutz Medical Campus" id="GO_BP_2016_02_16_Instance_37603" type="identity">
      <class id="GO:0010467" label="gene expression"/>
      <span end="13404" id="16255782-11129" start="13394">expression</span>
    </annotation>
    <annotation annotator="Mike Bada, University of Colorado Anschutz Medical Campus" id="GO_BP_2016_02_16_Instance_37605" type="identity">
      <class id="GO:0010467" label="gene expression"/>
      <span end="13458" id="16255782-11131" start="13448">expression</span>
    </annotation>
    <annotation annotator="Mike Bada, University of Colorado Anschutz Medical Campus" id="GO_BP_2016_02_16_Instance_37621" type="identity">
      <class id="GO:0065007" label="biological regulation"/>
      <span end="13608" id="16255782-11147" start="13598">regulation</span>
    </annotation>
    <annotation annotator="Mike Bada, University of Colorado Anschutz Medical Campus" id="GO_BP_2016_02_16_Instance_44941" type="identity">
      <class id="GO:0006281" label="DNA repair"/>
      <span end="13642" id="16255782-11223" start="13632">DNA repair</span>
    </annotation>
    <annotation annotator="Mike Bada, University of Colorado Anschutz Medical Campus" id="GO_BP_2016_02_16_Instance_37623" type="identity">
      <class id="GO:0065007" label="biological regulation"/>
      <span end="13739" id="16255782-11149" start="13729">regulation</span>
    </annotation>
    <annotation annotator="Mike Bada, University of Colorado Anschutz Medical Campus" id="GO_BP_2016_02_16_Instance_44943" type="identity">
      <class id="GO:0006281" label="DNA repair"/>
      <span end="14150" id="16255782-11225" start="14140">DNA repair</span>
    </annotation>
    <annotation annotator="Mike Bada, University of Colorado Anschutz Medical Campus" id="GO_BP_2016_02_16_Instance_44945" type="identity">
      <class id="GO:0006281" label="DNA repair"/>
      <span end="14346" id="16255782-11227" start="14336">DNA repair</span>
    </annotation>
    <annotation annotator="Mike Bada, University of Colorado Anschutz Medical Campus" id="GO_BP_2016_02_16_Instance_37625" type="identity">
      <class id="GO:0065007" label="biological regulation"/>
      <span end="14409" id="16255782-11151" start="14400">regulated</span>
    </annotation>
    <annotation annotator="Mike Bada, University of Colorado Anschutz Medical Campus" id="GO_BP_2016_02_16_Instance_44947" type="identity">
      <class id="GO:0006281" label="DNA repair"/>
      <span end="14812" id="16255782-11229" start="14802">DNA repair</span>
    </annotation>
    <annotation annotator="Mike Bada, University of Colorado Anschutz Medical Campus" id="GO_BP_2016_02_16_Instance_44949" type="identity">
      <class id="GO:0006281" label="DNA repair"/>
      <span end="14933" id="16255782-11231" start="14923">DNA repair</span>
    </annotation>
    <annotation annotator="Mike Bada, University of Colorado Anschutz Medical Campus" id="GO_BP_2016_02_16_Instance_44951" type="identity">
      <class id="GO:0006281" label="DNA repair"/>
      <span end="15045" id="16255782-11233" start="15035">DNA repair</span>
    </annotation>
    <annotation annotator="Mike Bada, University of Colorado Anschutz Medical Campus" id="GO_BP_2016_02_16_with_nested_annotations_Instance_241978" type="identity">
      <class id="GO:0065007" label="biological regulation"/>
      <span end="15064" id="16255782-11265" start="15055">regulated</span>
    </annotation>
    <annotation annotator="Mike Bada, University of Colorado Anschutz Medical Campus" id="GO_BP_2016_02_16_Instance_44953" type="identity">
      <class id="GO:0006281" label="DNA repair"/>
      <span end="15350" id="16255782-11235" start="15340">DNA repair</span>
    </annotation>
    <annotation annotator="Mike Bada, University of Colorado Anschutz Medical Campus" id="GO_BP_2016_02_16_Instance_44955" type="identity">
      <class id="GO:0006281" label="DNA repair"/>
      <span end="16426" id="16255782-11237" start="16416">DNA repair</span>
    </annotation>
    <annotation annotator="Mike Bada, University of Colorado Anschutz Medical Campus" id="GO_BP_2016_02_16_Instance_44957" type="identity">
      <class id="GO:0006281" label="DNA repair"/>
      <span end="16673" id="16255782-11239" start="16663">DNA repair</span>
    </annotation>
    <annotation annotator="Mike Bada, University of Colorado Anschutz Medical Campus" id="GO_BP_2016_02_16_Instance_180593" type="identity">
      <class id="GO:0065007" label="biological regulation"/>
      <span end="16962" id="16255782-11091" start="16952">regulation</span>
    </annotation>
    <annotation annotator="Mike Bada, University of Colorado Anschutz Medical Campus" id="GO_BP_2016_02_16_Instance_44959" type="identity">
      <class id="GO:0006281" label="DNA repair"/>
      <span end="16995" id="16255782-11241" start="16985">DNA repair</span>
    </annotation>
    <annotation annotator="Mike Bada, University of Colorado Anschutz Medical Campus" id="GO_BP_2016_02_16_Instance_37627" type="identity">
      <class id="GO:0065007" label="biological regulation"/>
      <span end="17072" id="16255782-11153" start="17062">regulation</span>
    </annotation>
    <annotation annotator="Mike Bada, University of Colorado Anschutz Medical Campus" id="GO_BP_2016_02_16_Instance_37629" type="identity">
      <class id="GO:0065007" label="biological regulation"/>
      <span end="17265" id="16255782-11155" start="17255">regulation</span>
    </annotation>
    <annotation annotator="Mike Bada, University of Colorado Anschutz Medical Campus" id="GO_BP_2016_02_16_Instance_44961" type="identity">
      <class id="GO:0006281" label="DNA repair"/>
      <span end="17317" id="16255782-11243" start="17307">DNA repair</span>
    </annotation>
    <annotation annotator="Mike Bada, University of Colorado Anschutz Medical Campus" id="GO_BP_2016_02_16_Instance_44963" type="identity">
      <class id="GO:0006281" label="DNA repair"/>
      <span end="17503" id="16255782-11245" start="17493">DNA repair</span>
    </annotation>
    <annotation annotator="Mike Bada, University of Colorado Anschutz Medical Campus" id="GO_BP_2016_02_16_Instance_37631" type="identity">
      <class id="GO:0065007" label="biological regulation"/>
      <span end="17859" id="16255782-11157" start="17850">regulated</span>
    </annotation>
    <annotation annotator="Mike Bada, University of Colorado Anschutz Medical Campus" id="GO_BP_2016_02_16_Instance_37659" type="identity">
      <class id="GO:0007567" label="parturition"/>
      <span end="18211" id="16255782-11173" start="18206">birth</span>
    </annotation>
    <annotation annotator="Mike Bada, University of Colorado Anschutz Medical Campus" id="GO_BP_2016_02_16_Instance_36705" type="identity">
      <class id="GO:0016265" label="death"/>
      <span end="18228" id="16255782-11107" start="18225">die</span>
    </annotation>
    <annotation annotator="Mike Bada, University of Colorado Anschutz Medical Campus" id="GO_BP_2016_02_16_Instance_37633" type="identity">
      <class id="GO:0065007" label="biological regulation"/>
      <span end="18577" id="16255782-11159" start="18567">regulating</span>
    </annotation>
    <annotation annotator="Mike Bada, University of Colorado Anschutz Medical Campus" id="GO_BP_2016_02_16_Instance_44965" type="identity">
      <class id="GO:0006281" label="DNA repair"/>
      <span end="18608" id="16255782-11247" start="18598">DNA repair</span>
    </annotation>
    <annotation annotator="Mike Bada, University of Colorado Anschutz Medical Campus" id="GO_BP_2016_02_16_Instance_44967" type="identity">
      <class id="GO:0006281" label="DNA repair"/>
      <span end="18808" id="16255782-11249" start="18798">DNA repair</span>
    </annotation>
    <annotation annotator="Mike Bada, University of Colorado Anschutz Medical Campus" id="GO_BP_2016_02_16_Instance_44969" type="identity">
      <class id="GO:0006281" label="DNA repair"/>
      <span end="19024" id="16255782-11251" start="19014">DNA repair</span>
    </annotation>
    <annotation annotator="Mike Bada, University of Colorado Anschutz Medical Campus" id="GO_BP_2016_02_16_Instance_37661" type="identity">
      <class id="GO:0065007" label="biological regulation"/>
      <span end="19119" id="16255782-11175" start="19109">controlled</span>
    </annotation>
    <annotation annotator="Mike Bada, University of Colorado Anschutz Medical Campus" id="GO_BP_2016_02_16_Instance_36901" type="identity">
      <class id="GO:0065007" label="biological regulation"/>
      <span end="19241" id="16255782-11109" start="19233">regulate</span>
    </annotation>
    <annotation annotator="Mike Bada, University of Colorado Anschutz Medical Campus" id="GO_BP_2016_02_16_Instance_44971" type="identity">
      <class id="GO:0006281" label="DNA repair"/>
      <span end="19269" id="16255782-11253" start="19259">DNA repair</span>
    </annotation>
    <annotation annotator="Mike Bada, University of Colorado Anschutz Medical Campus" id="GO_BP_2016_02_16_Instance_44973" type="identity">
      <class id="GO:0006281" label="DNA repair"/>
      <span end="19430" id="16255782-11255" start="19420">DNA repair</span>
    </annotation>
    <annotation annotator="Mike Bada, University of Colorado Anschutz Medical Campus" id="GO_BP_2016_02_16_Instance_44975" type="identity">
      <class id="GO:0006281" label="DNA repair"/>
      <span end="19500" id="16255782-11257" start="19490">DNA repair</span>
    </annotation>
    <annotation annotator="Mike Bada, University of Colorado Anschutz Medical Campus" id="GO_BP_2016_02_16_Instance_37663" type="identity">
      <class id="GO:0006260" label="DNA replication"/>
      <span end="19528" id="16255782-11177" start="19517">replicating</span>
    </annotation>
    <annotation annotator="Mike Bada, University of Colorado Anschutz Medical Campus" id="GO_BP_2016_02_16_Instance_36905" type="identity">
      <class id="GO:0065007" label="biological regulation"/>
      <span end="20675" id="16255782-11111" start="20666">regulated</span>
    </annotation>
    <annotation annotator="Mike Bada, University of Colorado Anschutz Medical Campus" id="GO_BP_2016_02_16_Instance_37635" type="identity">
      <class id="GO:0065007" label="biological regulation"/>
      <span end="21168" id="16255782-11161" start="21158">regulation</span>
    </annotation>
    <annotation annotator="Mike Bada, University of Colorado Anschutz Medical Campus" id="GO_BP_2016_02_16_Instance_37637" type="identity">
      <class id="GO:0065007" label="biological regulation"/>
      <span end="21408" id="16255782-11163" start="21398">regulation</span>
    </annotation>
    <annotation annotator="Mike Bada, University of Colorado Anschutz Medical Campus" id="GO_BP_2016_02_16_Instance_44977" type="identity">
      <class id="GO:0006281" label="DNA repair"/>
      <span end="21470" id="16255782-11259" start="21460">DNA repair</span>
    </annotation>
    <annotation annotator="Mike Bada, University of Colorado Anschutz Medical Campus" id="GO_BP_2016_02_16_Instance_37173" type="identity">
      <class id="GO:0065007" label="biological regulation"/>
      <span end="22432" id="16255782-11113" start="22423">regulated</span>
    </annotation>
    <annotation annotator="Mike Bada, University of Colorado Anschutz Medical Campus" id="GO_BP_2016_02_16_Instance_37595" type="identity">
      <class id="GO:0065007" label="biological regulation"/>
      <span end="22529" id="16255782-11123" start="22520">regulates</span>
    </annotation>
    <annotation annotator="Mike Bada, University of Colorado Anschutz Medical Campus" id="GO_BP_2016_02_16_Instance_44979" type="identity">
      <class id="GO:0006281" label="DNA repair"/>
      <span end="22576" id="16255782-11261" start="22566">DNA repair</span>
    </annotation>
    <annotation annotator="Mike Bada, University of Colorado Anschutz Medical Campus" id="GO_BP_2016_02_16_Instance_37639" type="identity">
      <class id="GO:0065007" label="biological regulation"/>
      <span end="22643" id="16255782-11165" start="22633">regulation</span>
    </annotation>
    <annotation annotator="Mike Bada, University of Colorado Anschutz Medical Campus" id="GO_BP_2016_02_16_Instance_44981" type="identity">
      <class id="GO:0006281" label="DNA repair"/>
      <span end="22715" id="16255782-11263" start="22705">DNA repair</span>
    </annotation>
    <annotation annotator="Mike Bada, University of Colorado Anschutz Medical Campus" id="GO_BP_2016_02_16_Instance_21789" type="identity">
      <class id="GO:0010467" label="gene expression"/>
      <span end="25852" id="16255782-11093" start="25842">Expression</span>
    </annotation>
    <annotation annotator="Mike Bada, University of Colorado Anschutz Medical Campus" id="GO_BP_2016_02_16_Instance_21791" type="identity">
      <class id="GO:0010467" label="gene expression"/>
      <span end="26142" id="16255782-11095" start="26132">Expression</span>
    </annotation>
    <annotation annotator="Mike Bada, University of Colorado Anschutz Medical Campus" id="GO_BP_2016_02_16_Instance_23379" type="identity">
      <class id="GO:0006281" label="DNA repair"/>
      <span end="26347" id="16255782-11099" start="26337">DNA repair</span>
    </annotation>
    <annotation annotator="Mike Bada, University of Colorado Anschutz Medical Campus" id="GO_BP_2016_02_16_Instance_37665" type="identity">
      <class id="GO:0006281" label="DNA repair"/>
      <span end="26914" id="16255782-11179" start="26904">DNA repair</span>
    </annotation>
    <annotation annotator="Mike Bada, University of Colorado Anschutz Medical Campus" id="GO_BP_2016_02_16_Instance_23381" type="identity">
      <class id="GO:0006281" label="DNA repair"/>
      <span end="27153" id="16255782-11101" start="27143">DNA repair</span>
    </annotation>
    <annotation annotator="Mike Bada, University of Colorado Anschutz Medical Campus" id="GO_BP_2016_02_16_Instance_21793" type="identity">
      <class id="GO:0010467" label="gene expression"/>
      <span end="27244" id="16255782-11097" start="27234">expression</span>
    </annotation>
    <annotation annotator="Mike Bada, University of Colorado Anschutz Medical Campus" id="GO_BP_2016_02_16_Instance_23383" type="identity">
      <class id="GO:0006281" label="DNA repair"/>
      <span end="27600" id="16255782-11103" start="27590">DNA repair</span>
    </annotation>
    <graph-space id="Old Knowtator Relations"/>
  </document>
</knowtator-project>
