<?xml version="1.0" encoding="UTF-8" standalone="no"?>
<knowtator-project>
  <document id="16255782" text-file="16255782.txt">
    <annotation annotator="Mike Bada, University of Colorado Anschutz Medical Campus" id="GO_BP_2016_02_16_Instance_44899" type="identity">
      <class id="GO:0006281" label="DNA repair"/>
      <span end="69" id="16255782-11182" start="59">DNA repair</span>
    </annotation>
    <annotation annotator="Mike Bada, University of Colorado Anschutz Medical Campus" id="GO_BP_2016_02_16_Instance_44901" type="identity">
      <class id="GO:0006281" label="DNA repair"/>
      <span end="668" id="16255782-11184" start="658">DNA repair</span>
    </annotation>
    <annotation annotator="Mike Bada, University of Colorado Anschutz Medical Campus" id="GO_BP_2016_02_16_Instance_44903" type="identity">
      <class id="GO:0006281" label="DNA repair"/>
      <span end="785" id="16255782-11186" start="775">DNA repair</span>
    </annotation>
    <annotation annotator="Mike Bada, University of Colorado Anschutz Medical Campus" id="GO_BP_2016_02_16_Instance_37607" type="identity">
      <class id="GO:0065007" label="biological regulation"/>
      <span end="808" id="16255782-11134" start="799">regulated</span>
    </annotation>
    <annotation annotator="Mike Bada, University of Colorado Anschutz Medical Campus" id="GO_BP_2016_02_16_Instance_37179" type="identity">
      <class id="GO:0010467" label="gene expression"/>
      <span end="895" id="16255782-11118" start="885">expression</span>
    </annotation>
    <annotation annotator="Mike Bada, University of Colorado Anschutz Medical Campus" id="GO_BP_2016_02_16_Instance_44905" type="identity">
      <class id="GO:0006281" label="DNA repair"/>
      <span end="1300" id="16255782-11188" start="1290">DNA repair</span>
    </annotation>
    <annotation annotator="Mike Bada, University of Colorado Anschutz Medical Campus" id="GO_BP_2016_02_16_Instance_44907" type="identity">
      <class id="GO:0006281" label="DNA repair"/>
      <span end="1529" id="16255782-11190" start="1519">DNA repair</span>
    </annotation>
    <annotation annotator="Mike Bada, University of Colorado Anschutz Medical Campus" id="GO_BP_2016_02_16_Instance_37175" type="identity">
      <class id="GO:0065007" label="biological regulation"/>
      <span end="2207" id="16255782-11116" start="2197">regulating</span>
    </annotation>
    <annotation annotator="Mike Bada, University of Colorado Anschutz Medical Campus" id="GO_BP_2016_02_16_Instance_44909" type="identity">
      <class id="GO:0006281" label="DNA repair"/>
      <span end="2255" id="16255782-11192" start="2245">DNA repair</span>
    </annotation>
    <annotation annotator="Mike Bada, University of Colorado Anschutz Medical Campus" id="GO_BP_2016_02_16_Instance_37609" type="identity">
      <class id="GO:0065007" label="biological regulation"/>
      <span end="2401" id="16255782-11136" start="2391">regulation</span>
    </annotation>
    <annotation annotator="Mike Bada, University of Colorado Anschutz Medical Campus" id="GO_BP_2016_02_16_Instance_44911" type="identity">
      <class id="GO:0006281" label="DNA repair"/>
      <span end="2431" id="16255782-11194" start="2421">DNA repair</span>
    </annotation>
    <annotation annotator="Mike Bada, University of Colorado Anschutz Medical Campus" id="GO_BP_2016_02_16_Instance_44913" type="identity">
      <class id="GO:0016265" label="death"/>
      <span end="2518" id="16255782-11196" start="2513">death</span>
    </annotation>
    <annotation annotator="Mike Bada, University of Colorado Anschutz Medical Campus" id="GO_BP_2016_02_16_Instance_44915" type="identity">
      <class id="GO:0016265" label="death"/>
      <span end="2573" id="16255782-11198" start="2567">deaths</span>
    </annotation>
    <annotation annotator="Mike Bada, University of Colorado Anschutz Medical Campus" id="GO_BP_2016_02_16_Instance_44917" type="identity">
      <class id="GO:0006281" label="DNA repair"/>
      <span end="2736" id="16255782-11200" start="2726">DNA repair</span>
    </annotation>
    <annotation annotator="Mike Bada, University of Colorado Anschutz Medical Campus" id="GO_BP_2016_02_16_Instance_37181" type="identity">
      <class id="GO:0010467" label="gene expression"/>
      <span end="2818" id="16255782-11120" start="2809">expressed</span>
    </annotation>
    <annotation annotator="Mike Bada, University of Colorado Anschutz Medical Campus" id="GO_BP_2016_02_16_Instance_37643" type="identity">
      <class id="GO:0006805" label="xenobiotic metabolic process"/>
      <span end="3132" id="16255782-11168" start="3107">metabolism of xenobiotics</span>
    </annotation>
    <annotation annotator="Mike Bada, University of Colorado Anschutz Medical Campus" id="GO_BP_2016_02_16_Instance_37649" type="identity">
      <class id="GO:0044237" label="cellular metabolic process"/>
      <span end="3232" id="16255782-11170" start="3213">cellular metabolism</span>
    </annotation>
    <annotation annotator="Mike Bada, University of Colorado Anschutz Medical Campus" id="GO_BP_2016_02_16_Instance_37651" type="identity">
      <class id="GO:0030164" label="protein denaturation"/>
      <span end="3322" id="16255782-11172" start="3298">denaturation of proteins</span>
    </annotation>
    <annotation annotator="Mike Bada, University of Colorado Anschutz Medical Campus" id="GO_BP_2016_02_16_Instance_44919" type="identity">
      <class id="GO:0006281" label="DNA repair"/>
      <span end="3441" id="16255782-11202" start="3431">DNA repair</span>
    </annotation>
    <annotation annotator="Mike Bada, University of Colorado Anschutz Medical Campus" id="GO_BP_2016_02_16_Instance_33799" type="identity">
      <class id="GO:0006281" label="DNA repair"/>
      <span end="3456" id="16255782-11106" start="3450">repair</span>
    </annotation>
    <annotation annotator="Mike Bada, University of Colorado Anschutz Medical Campus" id="GO_BP_2016_02_16_Instance_44921" type="identity">
      <class id="GO:0006281" label="DNA repair"/>
      <span end="4000" id="16255782-11204" start="3990">DNA repair</span>
    </annotation>
    <annotation annotator="Mike Bada, University of Colorado Anschutz Medical Campus" id="GO_BP_2016_02_16_Instance_37611" type="identity">
      <class id="GO:0065007" label="biological regulation"/>
      <span end="4197" id="16255782-11138" start="4188">regulated</span>
    </annotation>
    <annotation annotator="Mike Bada, University of Colorado Anschutz Medical Campus" id="GO_BP_2016_02_16_Instance_37613" type="identity">
      <class id="GO:0065007" label="biological regulation"/>
      <span end="4279" id="16255782-11140" start="4269">regulatory</span>
    </annotation>
    <annotation annotator="Mike Bada, University of Colorado Anschutz Medical Campus" id="GO_BP_2016_02_16_Instance_37615" type="identity">
      <class id="GO:0065007" label="biological regulation"/>
      <span end="4419" id="16255782-11142" start="4409">regulation</span>
    </annotation>
    <annotation annotator="Mike Bada, University of Colorado Anschutz Medical Campus" id="GO_BP_2016_02_16_Instance_44923" type="identity">
      <class id="GO:0006281" label="DNA repair"/>
      <span end="4453" id="16255782-11206" start="4443">DNA repair</span>
    </annotation>
    <annotation annotator="Mike Bada, University of Colorado Anschutz Medical Campus" id="GO_BP_2016_02_16_Instance_37617" type="identity">
      <class id="GO:0065007" label="biological regulation"/>
      <span end="4553" id="16255782-11144" start="4543">regulation</span>
    </annotation>
    <annotation annotator="Mike Bada, University of Colorado Anschutz Medical Campus" id="GO_BP_2016_02_16_Instance_37619" type="identity">
      <class id="GO:0065007" label="biological regulation"/>
      <span end="4704" id="16255782-11146" start="4694">regulatory</span>
    </annotation>
    <annotation annotator="Mike Bada, University of Colorado Anschutz Medical Campus" id="GO_BP_2016_02_16_Instance_44925" type="identity">
      <class id="GO:0006281" label="DNA repair"/>
      <span end="4920" id="16255782-11208" start="4910">DNA repair</span>
    </annotation>
    <annotation annotator="Mike Bada, University of Colorado Anschutz Medical Campus" id="GO_BP_2016_02_16_Instance_180559" type="identity">
      <class id="GO:0001171" label="reverse transcription"/>
      <span end="5864" id="16255782-11090" start="5845">reverse transcribed</span>
    </annotation>
    <annotation annotator="Mike Bada, University of Colorado Anschutz Medical Campus" id="GO_BP_2016_02_16_Instance_44927" type="identity">
      <class id="GO:0006281" label="DNA repair"/>
      <span end="8596" id="16255782-11210" start="8586">DNA repair</span>
    </annotation>
    <annotation annotator="Mike Bada, University of Colorado Anschutz Medical Campus" id="GO_BP_2016_02_16_Instance_44929" type="identity">
      <class id="GO:0006281" label="DNA repair"/>
      <span end="8782" id="16255782-11212" start="8772">DNA repair</span>
    </annotation>
    <annotation annotator="Mike Bada, University of Colorado Anschutz Medical Campus" id="GO_BP_2016_02_16_Instance_37183" type="identity">
      <class id="GO:0010467" label="gene expression"/>
      <span end="8950" id="16255782-11122" start="8940">expression</span>
    </annotation>
    <annotation annotator="Mike Bada, University of Colorado Anschutz Medical Campus" id="GO_BP_2016_02_16_Instance_44931" type="identity">
      <class id="GO:0006281" label="DNA repair"/>
      <span end="9188" id="16255782-11214" start="9178">DNA repair</span>
    </annotation>
    <annotation annotator="Mike Bada, University of Colorado Anschutz Medical Campus" id="GO_BP_2016_02_16_Instance_37599" type="identity">
      <class id="GO:0010467" label="gene expression"/>
      <span end="10540" id="16255782-11126" start="10531">expressed</span>
    </annotation>
    <annotation annotator="Mike Bada, University of Colorado Anschutz Medical Campus" id="GO_BP_2016_02_16_Instance_44933" type="identity">
      <class id="GO:0006281" label="DNA repair"/>
      <span end="10792" id="16255782-11216" start="10782">DNA repair</span>
    </annotation>
    <annotation annotator="Mike Bada, University of Colorado Anschutz Medical Campus" id="GO_BP_2016_02_16_Instance_44935" type="identity">
      <class id="GO:0006281" label="DNA repair"/>
      <span end="11623" id="16255782-11218" start="11613">DNA repair</span>
    </annotation>
    <annotation annotator="Mike Bada, University of Colorado Anschutz Medical Campus" id="GO_BP_2016_02_16_Instance_44937" type="identity">
      <class id="GO:0006281" label="DNA repair"/>
      <span end="11814" id="16255782-11220" start="11804">DNA repair</span>
    </annotation>
    <annotation annotator="Mike Bada, University of Colorado Anschutz Medical Campus" id="GO_BP_2016_02_16_Instance_37601" type="identity">
      <class id="GO:0010467" label="gene expression"/>
      <span end="12582" id="16255782-11128" start="12572">expression</span>
    </annotation>
    <annotation annotator="Mike Bada, University of Colorado Anschutz Medical Campus" id="GO_BP_2016_02_16_Instance_44939" type="identity">
      <class id="GO:0010467" label="gene expression"/>
      <span end="13255" id="16255782-11222" start="13240">gene expression</span>
    </annotation>
    <annotation annotator="Mike Bada, University of Colorado Anschutz Medical Campus" id="GO_BP_2016_02_16_Instance_37603" type="identity">
      <class id="GO:0010467" label="gene expression"/>
      <span end="13404" id="16255782-11130" start="13394">expression</span>
    </annotation>
    <annotation annotator="Mike Bada, University of Colorado Anschutz Medical Campus" id="GO_BP_2016_02_16_Instance_37605" type="identity">
      <class id="GO:0010467" label="gene expression"/>
      <span end="13458" id="16255782-11132" start="13448">expression</span>
    </annotation>
    <annotation annotator="Mike Bada, University of Colorado Anschutz Medical Campus" id="GO_BP_2016_02_16_Instance_37621" type="identity">
      <class id="GO:0065007" label="biological regulation"/>
      <span end="13608" id="16255782-11148" start="13598">regulation</span>
    </annotation>
    <annotation annotator="Mike Bada, University of Colorado Anschutz Medical Campus" id="GO_BP_2016_02_16_Instance_44941" type="identity">
      <class id="GO:0006281" label="DNA repair"/>
      <span end="13642" id="16255782-11224" start="13632">DNA repair</span>
    </annotation>
    <annotation annotator="Mike Bada, University of Colorado Anschutz Medical Campus" id="GO_BP_2016_02_16_Instance_37623" type="identity">
      <class id="GO:0065007" label="biological regulation"/>
      <span end="13739" id="16255782-11150" start="13729">regulation</span>
    </annotation>
    <annotation annotator="Mike Bada, University of Colorado Anschutz Medical Campus" id="GO_BP_2016_02_16_Instance_44943" type="identity">
      <class id="GO:0006281" label="DNA repair"/>
      <span end="14150" id="16255782-11226" start="14140">DNA repair</span>
    </annotation>
    <annotation annotator="Mike Bada, University of Colorado Anschutz Medical Campus" id="GO_BP_2016_02_16_Instance_44945" type="identity">
      <class id="GO:0006281" label="DNA repair"/>
      <span end="14346" id="16255782-11228" start="14336">DNA repair</span>
    </annotation>
    <annotation annotator="Mike Bada, University of Colorado Anschutz Medical Campus" id="GO_BP_2016_02_16_Instance_37625" type="identity">
      <class id="GO:0065007" label="biological regulation"/>
      <span end="14409" id="16255782-11152" start="14400">regulated</span>
    </annotation>
    <annotation annotator="Mike Bada, University of Colorado Anschutz Medical Campus" id="GO_BP_2016_02_16_Instance_44947" type="identity">
      <class id="GO:0006281" label="DNA repair"/>
      <span end="14812" id="16255782-11230" start="14802">DNA repair</span>
    </annotation>
    <annotation annotator="Mike Bada, University of Colorado Anschutz Medical Campus" id="GO_BP_2016_02_16_Instance_44949" type="identity">
      <class id="GO:0006281" label="DNA repair"/>
      <span end="14933" id="16255782-11232" start="14923">DNA repair</span>
    </annotation>
    <annotation annotator="Mike Bada, University of Colorado Anschutz Medical Campus" id="GO_BP_2016_02_16_Instance_44951" type="identity">
      <class id="GO:0006281" label="DNA repair"/>
      <span end="15045" id="16255782-11234" start="15035">DNA repair</span>
    </annotation>
    <annotation annotator="Mike Bada, University of Colorado Anschutz Medical Campus" id="GO_BP_2016_02_16_with_nested_annotations_Instance_241978" type="identity">
      <class id="GO:0065007" label="biological regulation"/>
      <span end="15064" id="16255782-11266" start="15055">regulated</span>
    </annotation>
    <annotation annotator="Mike Bada, University of Colorado Anschutz Medical Campus" id="GO_BP_2016_02_16_Instance_44953" type="identity">
      <class id="GO:0006281" label="DNA repair"/>
      <span end="15350" id="16255782-11236" start="15340">DNA repair</span>
    </annotation>
    <annotation annotator="Mike Bada, University of Colorado Anschutz Medical Campus" id="GO_BP_2016_02_16_Instance_44955" type="identity">
      <class id="GO:0006281" label="DNA repair"/>
      <span end="16426" id="16255782-11238" start="16416">DNA repair</span>
    </annotation>
    <annotation annotator="Mike Bada, University of Colorado Anschutz Medical Campus" id="GO_BP_2016_02_16_Instance_44957" type="identity">
      <class id="GO:0006281" label="DNA repair"/>
      <span end="16673" id="16255782-11240" start="16663">DNA repair</span>
    </annotation>
    <annotation annotator="Mike Bada, University of Colorado Anschutz Medical Campus" id="GO_BP_2016_02_16_Instance_180593" type="identity">
      <class id="GO:0065007" label="biological regulation"/>
      <span end="16962" id="16255782-11092" start="16952">regulation</span>
    </annotation>
    <annotation annotator="Mike Bada, University of Colorado Anschutz Medical Campus" id="GO_BP_2016_02_16_Instance_44959" type="identity">
      <class id="GO:0006281" label="DNA repair"/>
      <span end="16995" id="16255782-11242" start="16985">DNA repair</span>
    </annotation>
    <annotation annotator="Mike Bada, University of Colorado Anschutz Medical Campus" id="GO_BP_2016_02_16_Instance_37627" type="identity">
      <class id="GO:0065007" label="biological regulation"/>
      <span end="17072" id="16255782-11154" start="17062">regulation</span>
    </annotation>
    <annotation annotator="Mike Bada, University of Colorado Anschutz Medical Campus" id="GO_BP_2016_02_16_Instance_37629" type="identity">
      <class id="GO:0065007" label="biological regulation"/>
      <span end="17265" id="16255782-11156" start="17255">regulation</span>
    </annotation>
    <annotation annotator="Mike Bada, University of Colorado Anschutz Medical Campus" id="GO_BP_2016_02_16_Instance_44961" type="identity">
      <class id="GO:0006281" label="DNA repair"/>
      <span end="17317" id="16255782-11244" start="17307">DNA repair</span>
    </annotation>
    <annotation annotator="Mike Bada, University of Colorado Anschutz Medical Campus" id="GO_BP_2016_02_16_Instance_44963" type="identity">
      <class id="GO:0006281" label="DNA repair"/>
      <span end="17503" id="16255782-11246" start="17493">DNA repair</span>
    </annotation>
    <annotation annotator="Mike Bada, University of Colorado Anschutz Medical Campus" id="GO_BP_2016_02_16_Instance_37631" type="identity">
      <class id="GO:0065007" label="biological regulation"/>
      <span end="17859" id="16255782-11158" start="17850">regulated</span>
    </annotation>
    <annotation annotator="Mike Bada, University of Colorado Anschutz Medical Campus" id="GO_BP_2016_02_16_Instance_37659" type="identity">
      <class id="GO:0007567" label="parturition"/>
      <span end="18211" id="16255782-11174" start="18206">birth</span>
    </annotation>
    <annotation annotator="Mike Bada, University of Colorado Anschutz Medical Campus" id="GO_BP_2016_02_16_Instance_36705" type="identity">
      <class id="GO:0016265" label="death"/>
      <span end="18228" id="16255782-11108" start="18225">die</span>
    </annotation>
    <annotation annotator="Mike Bada, University of Colorado Anschutz Medical Campus" id="GO_BP_2016_02_16_Instance_37633" type="identity">
      <class id="GO:0065007" label="biological regulation"/>
      <span end="18577" id="16255782-11160" start="18567">regulating</span>
    </annotation>
    <annotation annotator="Mike Bada, University of Colorado Anschutz Medical Campus" id="GO_BP_2016_02_16_Instance_44965" type="identity">
      <class id="GO:0006281" label="DNA repair"/>
      <span end="18608" id="16255782-11248" start="18598">DNA repair</span>
    </annotation>
    <annotation annotator="Mike Bada, University of Colorado Anschutz Medical Campus" id="GO_BP_2016_02_16_Instance_44967" type="identity">
      <class id="GO:0006281" label="DNA repair"/>
      <span end="18808" id="16255782-11250" start="18798">DNA repair</span>
    </annotation>
    <annotation annotator="Mike Bada, University of Colorado Anschutz Medical Campus" id="GO_BP_2016_02_16_Instance_44969" type="identity">
      <class id="GO:0006281" label="DNA repair"/>
      <span end="19024" id="16255782-11252" start="19014">DNA repair</span>
    </annotation>
    <annotation annotator="Mike Bada, University of Colorado Anschutz Medical Campus" id="GO_BP_2016_02_16_Instance_37661" type="identity">
      <class id="GO:0065007" label="biological regulation"/>
      <span end="19119" id="16255782-11176" start="19109">controlled</span>
    </annotation>
    <annotation annotator="Mike Bada, University of Colorado Anschutz Medical Campus" id="GO_BP_2016_02_16_Instance_36901" type="identity">
      <class id="GO:0065007" label="biological regulation"/>
      <span end="19241" id="16255782-11110" start="19233">regulate</span>
    </annotation>
    <annotation annotator="Mike Bada, University of Colorado Anschutz Medical Campus" id="GO_BP_2016_02_16_Instance_44971" type="identity">
      <class id="GO:0006281" label="DNA repair"/>
      <span end="19269" id="16255782-11254" start="19259">DNA repair</span>
    </annotation>
    <annotation annotator="Mike Bada, University of Colorado Anschutz Medical Campus" id="GO_BP_2016_02_16_Instance_44973" type="identity">
      <class id="GO:0006281" label="DNA repair"/>
      <span end="19430" id="16255782-11256" start="19420">DNA repair</span>
    </annotation>
    <annotation annotator="Mike Bada, University of Colorado Anschutz Medical Campus" id="GO_BP_2016_02_16_Instance_44975" type="identity">
      <class id="GO:0006281" label="DNA repair"/>
      <span end="19500" id="16255782-11258" start="19490">DNA repair</span>
    </annotation>
    <annotation annotator="Mike Bada, University of Colorado Anschutz Medical Campus" id="GO_BP_2016_02_16_Instance_37663" type="identity">
      <class id="GO:0006260" label="DNA replication"/>
      <span end="19528" id="16255782-11178" start="19517">replicating</span>
    </annotation>
    <annotation annotator="Mike Bada, University of Colorado Anschutz Medical Campus" id="GO_BP_2016_02_16_Instance_36905" type="identity">
      <class id="GO:0065007" label="biological regulation"/>
      <span end="20675" id="16255782-11112" start="20666">regulated</span>
    </annotation>
    <annotation annotator="Mike Bada, University of Colorado Anschutz Medical Campus" id="GO_BP_2016_02_16_Instance_37635" type="identity">
      <class id="GO:0065007" label="biological regulation"/>
      <span end="21168" id="16255782-11162" start="21158">regulation</span>
    </annotation>
    <annotation annotator="Mike Bada, University of Colorado Anschutz Medical Campus" id="GO_BP_2016_02_16_Instance_37637" type="identity">
      <class id="GO:0065007" label="biological regulation"/>
      <span end="21408" id="16255782-11164" start="21398">regulation</span>
    </annotation>
    <annotation annotator="Mike Bada, University of Colorado Anschutz Medical Campus" id="GO_BP_2016_02_16_Instance_44977" type="identity">
      <class id="GO:0006281" label="DNA repair"/>
      <span end="21470" id="16255782-11260" start="21460">DNA repair</span>
    </annotation>
    <annotation annotator="Mike Bada, University of Colorado Anschutz Medical Campus" id="GO_BP_2016_02_16_Instance_37173" type="identity">
      <class id="GO:0065007" label="biological regulation"/>
      <span end="22432" id="16255782-11114" start="22423">regulated</span>
    </annotation>
    <annotation annotator="Mike Bada, University of Colorado Anschutz Medical Campus" id="GO_BP_2016_02_16_Instance_37595" type="identity">
      <class id="GO:0065007" label="biological regulation"/>
      <span end="22529" id="16255782-11124" start="22520">regulates</span>
    </annotation>
    <annotation annotator="Mike Bada, University of Colorado Anschutz Medical Campus" id="GO_BP_2016_02_16_Instance_44979" type="identity">
      <class id="GO:0006281" label="DNA repair"/>
      <span end="22576" id="16255782-11262" start="22566">DNA repair</span>
    </annotation>
    <annotation annotator="Mike Bada, University of Colorado Anschutz Medical Campus" id="GO_BP_2016_02_16_Instance_37639" type="identity">
      <class id="GO:0065007" label="biological regulation"/>
      <span end="22643" id="16255782-11166" start="22633">regulation</span>
    </annotation>
    <annotation annotator="Mike Bada, University of Colorado Anschutz Medical Campus" id="GO_BP_2016_02_16_Instance_44981" type="identity">
      <class id="GO:0006281" label="DNA repair"/>
      <span end="22715" id="16255782-11264" start="22705">DNA repair</span>
    </annotation>
    <annotation annotator="Mike Bada, University of Colorado Anschutz Medical Campus" id="GO_BP_2016_02_16_Instance_21789" type="identity">
      <class id="GO:0010467" label="gene expression"/>
      <span end="25852" id="16255782-11094" start="25842">Expression</span>
    </annotation>
    <annotation annotator="Mike Bada, University of Colorado Anschutz Medical Campus" id="GO_BP_2016_02_16_Instance_21791" type="identity">
      <class id="GO:0010467" label="gene expression"/>
      <span end="26142" id="16255782-11096" start="26132">Expression</span>
    </annotation>
    <annotation annotator="Mike Bada, University of Colorado Anschutz Medical Campus" id="GO_BP_2016_02_16_Instance_23379" type="identity">
      <class id="GO:0006281" label="DNA repair"/>
      <span end="26347" id="16255782-11100" start="26337">DNA repair</span>
    </annotation>
    <annotation annotator="Mike Bada, University of Colorado Anschutz Medical Campus" id="GO_BP_2016_02_16_Instance_37665" type="identity">
      <class id="GO:0006281" label="DNA repair"/>
      <span end="26914" id="16255782-11180" start="26904">DNA repair</span>
    </annotation>
    <annotation annotator="Mike Bada, University of Colorado Anschutz Medical Campus" id="GO_BP_2016_02_16_Instance_23381" type="identity">
      <class id="GO:0006281" label="DNA repair"/>
      <span end="27153" id="16255782-11102" start="27143">DNA repair</span>
    </annotation>
    <annotation annotator="Mike Bada, University of Colorado Anschutz Medical Campus" id="GO_BP_2016_02_16_Instance_21793" type="identity">
      <class id="GO:0010467" label="gene expression"/>
      <span end="27244" id="16255782-11098" start="27234">expression</span>
    </annotation>
    <annotation annotator="Mike Bada, University of Colorado Anschutz Medical Campus" id="GO_BP_2016_02_16_Instance_23383" type="identity">
      <class id="GO:0006281" label="DNA repair"/>
      <span end="27600" id="16255782-11104" start="27590">DNA repair</span>
    </annotation>
    <graph-space id="Old Knowtator Relations"/>
  </document>
</knowtator-project>
