<?xml version="1.0" encoding="UTF-8" standalone="no"?>
<knowtator-project>
    <document id="16462940" text-file="16462940.txt">
        <annotation annotator="Mike Bada, University of Colorado Anschutz Medical Campus" id="GO_BP_2016_02_16_Instance_32733" type="identity">
            <class id="GO:0010467" label="gene expression"/>
            <span end="145" id="16462940-12131" start="135">expression</span>
        </annotation>
        <annotation annotator="Mike Bada, University of Colorado Anschutz Medical Campus" id="GO_BP_2016_02_16_Instance_22691" type="identity">
            <class id="GO:0065007" label="biological regulation"/>
            <span end="293" id="16462940-12113" start="283">regulation</span>
        </annotation>
        <annotation annotator="Mike Bada, University of Colorado Anschutz Medical Campus" id="GO_BP_2016_02_16_Instance_39845" type="identity">
            <class id="GO:0008152" label="metabolic process"/>
            <span end="692" id="16462940-12219" start="683">metabolic</span>
        </annotation>
        <annotation annotator="Mike Bada, University of Colorado Anschutz Medical Campus" id="GO_BP_2016_02_16_Instance_52279" type="identity">
            <class id="GO:0010467" label="gene expression"/>
            <span end="885" id="16462940-12255" start="870">gene expression</span>
        </annotation>
        <annotation annotator="Mike Bada, University of Colorado Anschutz Medical Campus" id="GO_BP_2016_02_16_Instance_38765" type="identity">
            <class id="GO:0065007" label="biological regulation"/>
            <span end="1073" id="16462940-12177" start="1063">regulation</span>
        </annotation>
        <annotation annotator="Mike Bada, University of Colorado Anschutz Medical Campus" id="GO_BP_2016_02_16_Instance_52281" type="identity">
            <class id="GO:0010468" label="regulation of gene expression"/>
            <span end="1197" id="16462940-12257" start="1168">regulation of gene expression</span>
        </annotation>
        <annotation annotator="Mike Bada, University of Colorado Anschutz Medical Campus" id="GO_BP_2016_02_16_Instance_22693" type="identity">
            <class id="GO:0065007" label="biological regulation"/>
            <span end="1458" id="16462940-12115" start="1448">regulation</span>
        </annotation>
        <annotation annotator="Mike Bada, University of Colorado Anschutz Medical Campus" id="GO_BP_2016_02_16_Instance_33563" type="identity">
            <class id="GO:0010467" label="gene expression"/>
            <span end="1815" id="16462940-12133" start="1805">expression</span>
        </annotation>
        <annotation annotator="Mike Bada, University of Colorado Anschutz Medical Campus" id="GO_BP_2016_02_16_Instance_43071" type="identity">
            <class id="GO:0007548" label="sex differentiation"/>
            <span end="1943" id="16462940-12245" start="1921">sexual differentiation</span>
        </annotation>
        <annotation annotator="Mike Bada, University of Colorado Anschutz Medical Campus" id="GO_BP_2016_02_16_Instance_34285" type="identity">
            <class id="GO:0010467" label="gene expression"/>
            <span end="2327" id="16462940-12135" start="2317">expression</span>
        </annotation>
        <annotation annotator="Mike Bada, University of Colorado Anschutz Medical Campus" id="GO_BP_2016_02_16_Instance_52283" type="identity">
            <class id="GO:0010467" label="gene expression"/>
            <span end="2364" id="16462940-12259" start="2349">gene expression</span>
        </annotation>
        <annotation annotator="Mike Bada, University of Colorado Anschutz Medical Campus" id="GO_BP_2016_02_16_Instance_34609" type="identity">
            <class id="GO:0010467" label="gene expression"/>
            <span end="2430" id="16462940-12137" start="2420">expression</span>
        </annotation>
        <annotation annotator="Mike Bada, University of Colorado Anschutz Medical Campus" id="GO_BP_2016_02_16_Instance_38807" type="identity">
            <class id="GO:0065007" label="biological regulation"/>
            <span end="2527" id="16462940-12179" start="2517">regulating</span>
        </annotation>
        <annotation annotator="Mike Bada, University of Colorado Anschutz Medical Campus" id="GO_BP_2016_02_16_Instance_34955" type="identity">
            <class id="GO:0010467" label="gene expression"/>
            <span end="2542" id="16462940-12139" start="2532">expression</span>
        </annotation>
        <annotation annotator="Mike Bada, University of Colorado Anschutz Medical Campus" id="GO_BP_2016_02_16_Instance_52285" type="identity">
            <class id="GO:0010467" label="gene expression"/>
            <span end="3655" id="16462940-12261" start="3640">gene expression</span>
        </annotation>
        <annotation annotator="Mike Bada, University of Colorado Anschutz Medical Campus" id="GO_BP_2016_02_16_Instance_34957" type="identity">
            <class id="GO:0010467" label="gene expression"/>
            <span end="3822" id="16462940-12141" start="3812">expression</span>
        </annotation>
        <annotation annotator="Mike Bada, University of Colorado Anschutz Medical Campus" id="GO_BP_2016_02_16_Instance_39847" type="identity">
            <class id="GO:0008152" label="metabolic process"/>
            <span end="4128" id="16462940-12221" start="4119">metabolic</span>
        </annotation>
        <annotation annotator="Mike Bada, University of Colorado Anschutz Medical Campus" id="GO_BP_2016_02_16_Instance_52287" type="identity">
            <class id="GO:0010467" label="gene expression"/>
            <span end="5019" id="16462940-12263" start="5004">gene expression</span>
        </annotation>
        <annotation annotator="Mike Bada, University of Colorado Anschutz Medical Campus" id="GO_BP_2016_02_16_Instance_52289" type="identity">
            <class id="GO:0010467" label="gene expression"/>
            <span end="5093" id="16462940-12265" start="5078">gene expression</span>
        </annotation>
        <annotation annotator="Mike Bada, University of Colorado Anschutz Medical Campus" id="GO_BP_2016_02_16_Instance_39549" type="identity">
            <class id="GO:0065007" label="biological regulation"/>
            <span end="5201" id="16462940-12181" start="5191">regulation</span>
        </annotation>
        <annotation annotator="Mike Bada, University of Colorado Anschutz Medical Campus" id="GO_BP_2016_02_16_Instance_43073" type="identity">
            <class id="GO:0010468" label="regulation of gene expression"/>
            <span end="5473" id="16462940-12247" start="5460">regulation of</span>
            <span end="5495" id="16462940-12248" start="5480">gene expression</span>
        </annotation>
        <annotation annotator="Mike Bada, University of Colorado Anschutz Medical Campus" id="GO_BP_2016_02_16_Instance_39849" type="identity">
            <class id="GO:0008152" label="metabolic process"/>
            <span end="5751" id="16462940-12223" start="5742">metabolic</span>
        </annotation>
        <annotation annotator="Mike Bada, University of Colorado Anschutz Medical Campus" id="GO_BP_2016_02_16_Instance_52293" type="identity">
            <class id="GO:0010467" label="gene expression"/>
            <span end="5923" id="16462940-12267" start="5908">gene expression</span>
        </annotation>
        <annotation annotator="Mike Bada, University of Colorado Anschutz Medical Campus" id="GO_BP_2016_02_16_Instance_22695" type="identity">
            <class id="GO:0065007" label="biological regulation"/>
            <span end="6045" id="16462940-12117" start="6035">regulation</span>
        </annotation>
        <annotation annotator="Mike Bada, University of Colorado Anschutz Medical Campus" id="GO_BP_2016_02_16_Instance_52295" type="identity">
            <class id="GO:0010467" label="gene expression"/>
            <span end="7739" id="16462940-12269" start="7724">gene expression</span>
        </annotation>
        <annotation annotator="Mike Bada, University of Colorado Anschutz Medical Campus" id="GO_BP_2016_02_16_Instance_52297" type="identity">
            <class id="GO:0010467" label="gene expression"/>
            <span end="8313" id="16462940-12271" start="8298">gene expression</span>
        </annotation>
        <annotation annotator="Mike Bada, University of Colorado Anschutz Medical Campus" id="GO_BP_2016_02_16_Instance_22697" type="identity">
            <class id="GO:0065007" label="biological regulation"/>
            <span end="11610" id="16462940-12119" start="11600">regulation</span>
        </annotation>
        <annotation annotator="Mike Bada, University of Colorado Anschutz Medical Campus" id="GO_BP_2016_02_16_Instance_35471" type="identity">
            <class id="GO:0010467" label="gene expression"/>
            <span end="12337" id="16462940-12143" start="12328">expressed</span>
        </annotation>
        <annotation annotator="Mike Bada, University of Colorado Anschutz Medical Campus" id="GO_BP_2016_02_16_Instance_36007" type="identity">
            <class id="GO:0010467" label="gene expression"/>
            <span end="12501" id="16462940-12145" start="12491">expression</span>
        </annotation>
        <annotation annotator="Mike Bada, University of Colorado Anschutz Medical Campus" id="GO_BP_2016_02_16_Instance_52299" type="identity">
            <class id="GO:0010467" label="gene expression"/>
            <span end="12795" id="16462940-12273" start="12780">gene expression</span>
        </annotation>
        <annotation annotator="Mike Bada, University of Colorado Anschutz Medical Campus" id="GO_BP_2016_02_16_Instance_39859" type="identity">
            <class id="GO:0065007" label="biological regulation"/>
            <span end="12841" id="16462940-12231" start="12830">controlling</span>
        </annotation>
        <annotation annotator="Mike Bada, University of Colorado Anschutz Medical Campus" id="GO_BP_2016_02_16_Instance_36687" type="identity">
            <class id="GO:0010467" label="gene expression"/>
            <span end="12888" id="16462940-12147" start="12878">expression</span>
        </annotation>
        <annotation annotator="Mike Bada, University of Colorado Anschutz Medical Campus" id="GO_BP_2016_02_16_Instance_36689" type="identity">
            <class id="GO:0010467" label="gene expression"/>
            <span end="12930" id="16462940-12149" start="12920">expression</span>
        </annotation>
        <annotation annotator="Mike Bada, University of Colorado Anschutz Medical Campus" id="GO_BP_2016_02_16_Instance_39551" type="identity">
            <class id="GO:0065007" label="biological regulation"/>
            <span end="14247" id="16462940-12183" start="14238">regulated</span>
        </annotation>
        <annotation annotator="Mike Bada, University of Colorado Anschutz Medical Campus" id="GO_BP_2016_02_16_Instance_36691" type="identity">
            <class id="GO:0010467" label="gene expression"/>
            <span end="15800" id="16462940-12151" start="15790">expression</span>
        </annotation>
        <annotation annotator="Mike Bada, University of Colorado Anschutz Medical Campus" id="GO_BP_2016_02_16_Instance_52301" type="identity">
            <class id="GO:0010468" label="regulation of gene expression"/>
            <span end="16026" id="16462940-12275" start="15997">regulation of gene expression</span>
        </annotation>
        <annotation annotator="Mike Bada, University of Colorado Anschutz Medical Campus" id="GO_BP_2016_02_16_Instance_52303" type="identity">
            <class id="GO:0010467" label="gene expression"/>
            <span end="16147" id="16462940-12277" start="16132">gene expression</span>
        </annotation>
        <annotation annotator="Mike Bada, University of Colorado Anschutz Medical Campus" id="GO_BP_2016_02_16_Instance_39553" type="identity">
            <class id="GO:0065007" label="biological regulation"/>
            <span end="16174" id="16462940-12185" start="16164">regulation</span>
        </annotation>
        <annotation annotator="Mike Bada, University of Colorado Anschutz Medical Campus" id="GO_BP_2016_02_16_Instance_22699" type="identity">
            <class id="GO:0065007" label="biological regulation"/>
            <span end="17632" id="16462940-12121" start="17622">regulation</span>
        </annotation>
        <annotation annotator="Mike Bada, University of Colorado Anschutz Medical Campus" id="GO_BP_2016_02_16_Instance_39555" type="identity">
            <class id="GO:0065007" label="biological regulation"/>
            <span end="18533" id="16462940-12187" start="18523">regulation</span>
        </annotation>
        <annotation annotator="Mike Bada, University of Colorado Anschutz Medical Campus" id="GO_BP_2016_02_16_Instance_39625" type="identity">
            <class id="GO:0065007" label="biological regulation"/>
            <span end="18600" id="16462940-12189" start="18590">regulation</span>
        </annotation>
        <annotation annotator="Mike Bada, University of Colorado Anschutz Medical Campus" id="GO_BP_2016_02_16_Instance_39627" type="identity">
            <class id="GO:0065007" label="biological regulation"/>
            <span end="19193" id="16462940-12191" start="19184">regulated</span>
        </annotation>
        <annotation annotator="Mike Bada, University of Colorado Anschutz Medical Campus" id="GO_BP_2016_02_16_Instance_39629" type="identity">
            <class id="GO:0065007" label="biological regulation"/>
            <span end="19369" id="16462940-12193" start="19360">regulated</span>
        </annotation>
        <annotation annotator="Mike Bada, University of Colorado Anschutz Medical Campus" id="GO_BP_2016_02_16_Instance_52305" type="identity">
            <class id="GO:0010467" label="gene expression"/>
            <span end="19491" id="16462940-12279" start="19476">gene expression</span>
        </annotation>
        <annotation annotator="Mike Bada, University of Colorado Anschutz Medical Campus" id="GO_BP_2016_02_16_Instance_52307" type="identity">
            <class id="GO:0010467" label="gene expression"/>
            <span end="19617" id="16462940-12281" start="19602">gene expression</span>
        </annotation>
        <annotation annotator="Mike Bada, University of Colorado Anschutz Medical Campus" id="GO_BP_2016_02_16_Instance_39861" type="identity">
            <class id="GO:0065007" label="biological regulation"/>
            <span end="19730" id="16462940-12233" start="19720">controlled</span>
        </annotation>
        <annotation annotator="Mike Bada, University of Colorado Anschutz Medical Campus" id="GO_BP_2016_02_16_Instance_39819" type="identity">
            <class id="GO:0065007" label="biological regulation"/>
            <span end="20543" id="16462940-12195" start="20533">regulation</span>
        </annotation>
        <annotation annotator="Mike Bada, University of Colorado Anschutz Medical Campus" id="GO_BP_2016_02_16_Instance_52309" type="identity">
            <class id="GO:0010467" label="gene expression"/>
            <span end="20629" id="16462940-12283" start="20614">gene expression</span>
        </annotation>
        <annotation annotator="Mike Bada, University of Colorado Anschutz Medical Campus" id="GO_BP_2016_02_16_Instance_52311" type="identity">
            <class id="GO:0010467" label="gene expression"/>
            <span end="20746" id="16462940-12285" start="20731">gene expression</span>
        </annotation>
        <annotation annotator="Mike Bada, University of Colorado Anschutz Medical Campus" id="GO_BP_2016_02_16_Instance_39821" type="identity">
            <class id="GO:0065007" label="biological regulation"/>
            <span end="20906" id="16462940-12197" start="20897">regulated</span>
        </annotation>
        <annotation annotator="Mike Bada, University of Colorado Anschutz Medical Campus" id="GO_BP_2016_02_16_Instance_52313" type="identity">
            <class id="GO:0010467" label="gene expression"/>
            <span end="20985" id="16462940-12287" start="20970">gene expression</span>
        </annotation>
        <annotation annotator="Mike Bada, University of Colorado Anschutz Medical Campus" id="GO_BP_2016_02_16_Instance_39863" type="identity">
            <class id="GO:0065007" label="biological regulation"/>
            <span end="21003" id="16462940-12235" start="20993">controlled</span>
        </annotation>
        <annotation annotator="Mike Bada, University of Colorado Anschutz Medical Campus" id="GO_BP_2016_02_16_Instance_52315" type="identity">
            <class id="GO:0010468" label="regulation of gene expression"/>
            <span end="21263" id="16462940-12289" start="21234">regulation of gene expression</span>
        </annotation>
        <annotation annotator="Mike Bada, University of Colorado Anschutz Medical Campus" id="GO_BP_2016_02_16_Instance_39823" type="identity">
            <class id="GO:0065007" label="biological regulation"/>
            <span end="21602" id="16462940-12199" start="21592">regulation</span>
        </annotation>
        <annotation annotator="Mike Bada, University of Colorado Anschutz Medical Campus" id="GO_BP_2016_02_16_Instance_22701" type="identity">
            <class id="GO:0065007" label="biological regulation"/>
            <span end="21847" id="16462940-12123" start="21837">regulation</span>
        </annotation>
        <annotation annotator="Mike Bada, University of Colorado Anschutz Medical Campus" id="GO_BP_2016_02_16_Instance_39851" type="identity">
            <class id="GO:0008152" label="metabolic process"/>
            <span end="21905" id="16462940-12225" start="21896">metabolic</span>
        </annotation>
        <annotation annotator="Mike Bada, University of Colorado Anschutz Medical Campus" id="GO_BP_2016_02_16_Instance_52317" type="identity">
            <class id="GO:0010467" label="gene expression"/>
            <span end="22042" id="16462940-12291" start="22027">gene expression</span>
        </annotation>
        <annotation annotator="Mike Bada, University of Colorado Anschutz Medical Campus" id="GO_BP_2016_02_16_Instance_39825" type="identity">
            <class id="GO:0065007" label="biological regulation"/>
            <span end="22300" id="16462940-12201" start="22290">regulation</span>
        </annotation>
        <annotation annotator="Mike Bada, University of Colorado Anschutz Medical Campus" id="GO_BP_2016_02_16_Instance_43695" type="identity">
            <class id="GO:0010468" label="regulation of gene expression"/>
            <span end="22344" id="16462940-12252" start="22331">Regulation of</span>
            <span end="22384" id="16462940-12253" start="22369">Gene Expression</span>
        </annotation>
        <annotation annotator="Mike Bada, University of Colorado Anschutz Medical Campus" id="GO_BP_2016_02_16_Instance_39865" type="identity">
            <class id="GO:0065007" label="biological regulation"/>
            <span end="22471" id="16462940-12237" start="22464">control</span>
        </annotation>
        <annotation annotator="Mike Bada, University of Colorado Anschutz Medical Campus" id="GO_BP_2016_02_16_Instance_39827" type="identity">
            <class id="GO:0065007" label="biological regulation"/>
            <span end="24071" id="16462940-12203" start="24061">regulation</span>
        </annotation>
        <annotation annotator="Mike Bada, University of Colorado Anschutz Medical Campus" id="GO_BP_2016_02_16_Instance_22703" type="identity">
            <class id="GO:0065007" label="biological regulation"/>
            <span end="24467" id="16462940-12125" start="24457">regulation</span>
        </annotation>
        <annotation annotator="Mike Bada, University of Colorado Anschutz Medical Campus" id="GO_BP_2016_02_16_Instance_36751" type="identity">
            <class id="GO:0010467" label="gene expression"/>
            <span end="24611" id="16462940-12153" start="24601">expression</span>
        </annotation>
        <annotation annotator="Mike Bada, University of Colorado Anschutz Medical Campus" id="GO_BP_2016_02_16_Instance_21801" type="identity">
            <class id="GO:0065007" label="biological regulation"/>
            <span end="24895" id="16462940-12111" start="24885">regulation</span>
        </annotation>
        <annotation annotator="Mike Bada, University of Colorado Anschutz Medical Campus" id="GO_BP_2016_02_16_Instance_52323" type="identity">
            <class id="GO:0010467" label="gene expression"/>
            <span end="24935" id="16462940-12293" start="24920">gene expression</span>
        </annotation>
        <annotation annotator="Mike Bada, University of Colorado Anschutz Medical Campus" id="GO_BP_2016_02_16_Instance_52325" type="identity">
            <class id="GO:0010468" label="regulation of gene expression"/>
            <span end="25639" id="16462940-12295" start="25610">regulation of gene expression</span>
        </annotation>
        <annotation annotator="Mike Bada, University of Colorado Anschutz Medical Campus" id="GO_BP_2016_02_16_Instance_39829" type="identity">
            <class id="GO:0065007" label="biological regulation"/>
            <span end="25729" id="16462940-12205" start="25719">regulation</span>
        </annotation>
        <annotation annotator="Mike Bada, University of Colorado Anschutz Medical Campus" id="GO_BP_2016_02_16_Instance_52327" type="identity">
            <class id="GO:0010468" label="regulation of gene expression"/>
            <span end="25930" id="16462940-12297" start="25901">regulation of gene expression</span>
        </annotation>
        <annotation annotator="Mike Bada, University of Colorado Anschutz Medical Campus" id="GO_BP_2016_02_16_Instance_37567" type="identity">
            <class id="GO:0010467" label="gene expression"/>
            <span end="26845" id="16462940-12155" start="26835">expression</span>
        </annotation>
        <annotation annotator="Mike Bada, University of Colorado Anschutz Medical Campus" id="GO_BP_2016_02_16_with_nested_annotations_Instance_10556" type="identity">
            <class id="GO:0006412" label="translation"/>
            <span end="27182" id="16462940-12323" start="27169">translational</span>
        </annotation>
        <annotation annotator="Mike Bada, University of Colorado Anschutz Medical Campus" id="GO_BP_2016_02_16_Instance_39831" type="identity">
            <class id="GO:0065007" label="biological regulation"/>
            <span end="27256" id="16462940-12207" start="27247">regulated</span>
        </annotation>
        <annotation annotator="Mike Bada, University of Colorado Anschutz Medical Campus" id="GO_BP_2016_02_16_Instance_52329" type="identity">
            <class id="GO:0010467" label="gene expression"/>
            <span end="27439" id="16462940-12299" start="27424">gene expression</span>
        </annotation>
        <annotation annotator="Mike Bada, University of Colorado Anschutz Medical Campus" id="GO_BP_2016_02_16_Instance_39867" type="identity">
            <class id="GO:0065007" label="biological regulation"/>
            <span end="27569" id="16462940-12239" start="27562">control</span>
        </annotation>
        <annotation annotator="Mike Bada, University of Colorado Anschutz Medical Campus" id="GO_BP_2016_02_16_Instance_39869" type="identity">
            <class id="GO:0065007" label="biological regulation"/>
            <span end="27672" id="16462940-12241" start="27662">controlled</span>
        </annotation>
        <annotation annotator="Mike Bada, University of Colorado Anschutz Medical Campus" id="GO_BP_2016_02_16_Instance_22705" type="identity">
            <class id="GO:0065007" label="biological regulation"/>
            <span end="27857" id="16462940-12127" start="27847">Regulation</span>
        </annotation>
        <annotation annotator="Mike Bada, University of Colorado Anschutz Medical Campus" id="GO_BP_2016_02_16_Instance_52331" type="identity">
            <class id="GO:0010467" label="gene expression"/>
            <span end="28549" id="16462940-12301" start="28534">gene expression</span>
        </annotation>
        <annotation annotator="Mike Bada, University of Colorado Anschutz Medical Campus" id="GO_BP_2016_02_16_Instance_39833" type="identity">
            <class id="GO:0065007" label="biological regulation"/>
            <span end="29549" id="16462940-12209" start="29539">regulatory</span>
        </annotation>
        <annotation annotator="Mike Bada, University of Colorado Anschutz Medical Campus" id="GO_BP_2016_02_16_Instance_39853" type="identity">
            <class id="GO:0008152" label="metabolic process"/>
            <span end="29780" id="16462940-12227" start="29771">metabolic</span>
        </annotation>
        <annotation annotator="Mike Bada, University of Colorado Anschutz Medical Campus" id="GO_BP_2016_02_16_Instance_39871" type="identity">
            <class id="GO:0065007" label="biological regulation"/>
            <span end="29971" id="16462940-12243" start="29961">controlled</span>
        </annotation>
        <annotation annotator="Mike Bada, University of Colorado Anschutz Medical Campus" id="GO_BP_2016_02_16_Instance_52333" type="identity">
            <class id="GO:0010467" label="gene expression"/>
            <span end="30227" id="16462940-12303" start="30212">gene expression</span>
        </annotation>
        <annotation annotator="Mike Bada, University of Colorado Anschutz Medical Campus" id="GO_BP_2016_02_16_Instance_39835" type="identity">
            <class id="GO:0065007" label="biological regulation"/>
            <span end="30357" id="16462940-12211" start="30347">regulation</span>
        </annotation>
        <annotation annotator="Mike Bada, University of Colorado Anschutz Medical Campus" id="GO_BP_2016_02_16_Instance_37569" type="identity">
            <class id="GO:0010467" label="gene expression"/>
            <span end="30439" id="16462940-12157" start="30429">expression</span>
        </annotation>
        <annotation annotator="Mike Bada, University of Colorado Anschutz Medical Campus" id="GO_BP_2016_02_16_Instance_39837" type="identity">
            <class id="GO:0065007" label="biological regulation"/>
            <span end="30782" id="16462940-12213" start="30772">regulation</span>
        </annotation>
        <annotation annotator="Mike Bada, University of Colorado Anschutz Medical Campus" id="GO_BP_2016_02_16_Instance_52335" type="identity">
            <class id="GO:0010467" label="gene expression"/>
            <span end="31045" id="16462940-12305" start="31030">gene expression</span>
        </annotation>
        <annotation annotator="Mike Bada, University of Colorado Anschutz Medical Campus" id="GO_BP_2016_02_16_Instance_39855" type="identity">
            <class id="GO:0008152" label="metabolic process"/>
            <span end="31432" id="16462940-12229" start="31423">metabolic</span>
        </annotation>
        <annotation annotator="Mike Bada, University of Colorado Anschutz Medical Campus" id="GO_BP_2016_02_16_Instance_39839" type="identity">
            <class id="GO:0065007" label="biological regulation"/>
            <span end="31628" id="16462940-12215" start="31618">regulation</span>
        </annotation>
        <annotation annotator="Mike Bada, University of Colorado Anschutz Medical Campus" id="GO_BP_2016_02_16_Instance_52337" type="identity">
            <class id="GO:0010467" label="gene expression"/>
            <span end="31913" id="16462940-12307" start="31898">gene expression</span>
        </annotation>
        <annotation annotator="Mike Bada, University of Colorado Anschutz Medical Campus" id="GO_BP_2016_02_16_Instance_22707" type="identity">
            <class id="GO:0065007" label="biological regulation"/>
            <span end="32215" id="16462940-12129" start="32205">regulation</span>
        </annotation>
        <annotation annotator="Mike Bada, University of Colorado Anschutz Medical Campus" id="GO_BP_2016_02_16_Instance_39841" type="identity">
            <class id="GO:0065007" label="biological regulation"/>
            <span end="32369" id="16462940-12217" start="32359">regulation</span>
        </annotation>
        <annotation annotator="Mike Bada, University of Colorado Anschutz Medical Campus" id="GO_BP_2016_02_16_Instance_43079" type="identity">
            <class id="GO:0007631" label="feeding behavior"/>
            <span end="32887" id="16462940-12250" start="32884">fed</span>
        </annotation>
        <annotation annotator="Mike Bada, University of Colorado Anschutz Medical Campus" id="GO_BP_2016_02_16_Instance_52339" type="identity">
            <class id="GO:0016265" label="death"/>
            <span end="33075" id="16462940-12309" start="33070">death</span>
        </annotation>
        <annotation annotator="Mike Bada, University of Colorado Anschutz Medical Campus" id="GO_BP_2016_02_16_Instance_37947" type="identity">
            <class id="GO:0010467" label="gene expression"/>
            <span end="33256" id="16462940-12159" start="33246">expression</span>
        </annotation>
        <annotation annotator="Mike Bada, University of Colorado Anschutz Medical Campus" id="GO_BP_2016_02_16_Instance_181051" type="identity">
            <class id="GO:0001171" label="reverse transcription"/>
            <span end="33877" id="16462940-12109" start="33858">reverse transcribed</span>
        </annotation>
        <annotation annotator="Mike Bada, University of Colorado Anschutz Medical Campus" id="GO_BP_2016_02_16_Instance_52341" type="identity">
            <class id="GO:0010467" label="gene expression"/>
            <span end="34386" id="16462940-12311" start="34371">Gene expression</span>
        </annotation>
        <annotation annotator="Mike Bada, University of Colorado Anschutz Medical Campus" id="GO_BP_2016_02_16_Instance_38377" type="identity">
            <class id="GO:0010467" label="gene expression"/>
            <span end="34725" id="16462940-12161" start="34716">expressed</span>
        </annotation>
        <annotation annotator="Mike Bada, University of Colorado Anschutz Medical Campus" id="GO_BP_2016_02_16_Instance_52343" type="identity">
            <class id="GO:0010467" label="gene expression"/>
            <span end="35464" id="16462940-12313" start="35449">gene expression</span>
        </annotation>
        <annotation annotator="Mike Bada, University of Colorado Anschutz Medical Campus" id="GO_BP_2016_02_16_Instance_38379" type="identity">
            <class id="GO:0010467" label="gene expression"/>
            <span end="39288" id="16462940-12163" start="39279">expressed</span>
        </annotation>
        <annotation annotator="Mike Bada, University of Colorado Anschutz Medical Campus" id="GO_BP_2016_02_16_Instance_52345" type="identity">
            <class id="GO:0010467" label="gene expression"/>
            <span end="39499" id="16462940-12315" start="39484">gene expression</span>
        </annotation>
        <annotation annotator="Mike Bada, University of Colorado Anschutz Medical Campus" id="GO_BP_2016_02_16_Instance_52347" type="identity">
            <class id="GO:0010467" label="gene expression"/>
            <span end="40076" id="16462940-12317" start="40061">gene expression</span>
        </annotation>
        <annotation annotator="Mike Bada, University of Colorado Anschutz Medical Campus" id="GO_BP_2016_02_16_Instance_52349" type="identity">
            <class id="GO:0010467" label="gene expression"/>
            <span end="40551" id="16462940-12319" start="40536">gene expression</span>
        </annotation>
        <annotation annotator="Mike Bada, University of Colorado Anschutz Medical Campus" id="GO_BP_2016_02_16_Instance_38381" type="identity">
            <class id="GO:0010467" label="gene expression"/>
            <span end="41498" id="16462940-12165" start="41488">expression</span>
        </annotation>
        <annotation annotator="Mike Bada, University of Colorado Anschutz Medical Campus" id="GO_BP_2016_02_16_Instance_52351" type="identity">
            <class id="GO:0010467" label="gene expression"/>
            <span end="44197" id="16462940-12321" start="44182">gene expression</span>
        </annotation>
        <annotation annotator="Mike Bada, University of Colorado Anschutz Medical Campus" id="GO_BP_2016_02_16_Instance_38383" type="identity">
            <class id="GO:0010467" label="gene expression"/>
            <span end="45974" id="16462940-12167" start="45959">Gene Expression</span>
        </annotation>
        <annotation annotator="Mike Bada, University of Colorado Anschutz Medical Campus" id="GO_BP_2016_02_16_Instance_38415" type="identity">
            <class id="GO:0010467" label="gene expression"/>
            <span end="46023" id="16462940-12169" start="46014">expressed</span>
        </annotation>
        <annotation annotator="Mike Bada, University of Colorado Anschutz Medical Campus" id="GO_BP_2016_02_16_Instance_38417" type="identity">
            <class id="GO:0010467" label="gene expression"/>
            <span end="46130" id="16462940-12171" start="46120">Expression</span>
        </annotation>
        <annotation annotator="Mike Bada, University of Colorado Anschutz Medical Campus" id="GO_BP_2016_02_16_Instance_38689" type="identity">
            <class id="GO:0010467" label="gene expression"/>
            <span end="48702" id="16462940-12173" start="48687">gene expression</span>
        </annotation>
        <annotation annotator="Mike Bada, University of Colorado Anschutz Medical Campus" id="GO_BP_2016_02_16_Instance_38691" type="identity">
            <class id="GO:0010467" label="gene expression"/>
            <span end="49313" id="16462940-12175" start="49298">gene expression</span>
        </annotation>
        <graph-space id="Old Knowtator Relations"/>
    </document>
</knowtator-project>
