<?xml version="1.0" encoding="UTF-8" standalone="no"?>
<knowtator-project>
    <document id="17078885" text-file="17078885.txt">
        <annotation annotator="Mike Bada, University of Colorado Anschutz Medical Campus" id="GO_BP_2016_02_16_Instance_44495" type="identity">
            <class id="GO:0006915" label="apoptotic process"/>
            <span end="105" id="17078885-15492" start="91">cell apoptosis</span>
        </annotation>
        <annotation annotator="Mike Bada, University of Colorado Anschutz Medical Campus" id="GO_BP_2016_02_16_Instance_14579" type="identity">
            <class id="GO:0007567" label="parturition"/>
            <span end="230" id="17078885-15397" start="225">birth</span>
        </annotation>
        <annotation annotator="Mike Bada, University of Colorado Anschutz Medical Campus" id="GO_BP_2016_02_16_Instance_24217" type="identity">
            <class id="GO:0001755" label="neural crest cell migration"/>
            <span end="348" id="17078885-15469" start="339">migration</span>
            <span end="383" id="17078885-15470" start="381">of</span>
            <span end="416" id="17078885-15471" start="404">neural crest</span>
            <span end="427" id="17078885-15472" start="422">cells</span>
        </annotation>
        <annotation annotator="Mike Bada, University of Colorado Anschutz Medical Campus" id="GO_BP_2016_02_16_Instance_43711" type="identity">
            <class id="GO:0030154" label="cell differentiation"/>
            <span end="365" id="17078885-15486" start="350">differentiation</span>
            <span end="383" id="17078885-15487" start="381">of</span>
            <span end="427" id="17078885-15488" start="422">cells</span>
        </annotation>
        <annotation annotator="Mike Bada, University of Colorado Anschutz Medical Campus" id="GO_BP_2016_02_16_Instance_10027" type="identity">
            <class id="GO:0007179" label="transforming growth factor beta receptor signaling pathway"/>
            <span end="462" id="17078885-15380" start="435">TGF-β-superfamily signaling</span>
        </annotation>
        <annotation annotator="Mike Bada, University of Colorado Anschutz Medical Campus" id="GO_BP_2016_02_16_Instance_44499" type="identity">
            <class id="GO:0014032" label="neural crest cell development"/>
            <span end="524" id="17078885-15494" start="495">neural crest cell development</span>
        </annotation>
        <annotation annotator="Mike Bada, University of Colorado Anschutz Medical Campus" id="GO_BP_2016_02_16_Instance_44501" type="identity">
            <class id="GO:0001755" label="neural crest cell migration"/>
            <span end="1025" id="17078885-15496" start="998">neural crest cell migration</span>
        </annotation>
        <annotation annotator="Mike Bada, University of Colorado Anschutz Medical Campus" id="GO_BP_2016_02_16_Instance_200108" type="identity">
            <class id="GO:0060465" label="pharynx development"/>
            <span end="1290" id="17078885-15449" start="1280">pharyngeal</span>
            <span end="1328" id="17078885-15450" start="1317">development</span>
        </annotation>
        <annotation annotator="Mike Bada, University of Colorado Anschutz Medical Campus" id="GO_BP_2016_02_16_Instance_14581" type="identity">
            <class id="GO:0007567" label="parturition"/>
            <span end="1385" id="17078885-15399" start="1380">birth</span>
        </annotation>
        <annotation annotator="Mike Bada, University of Colorado Anschutz Medical Campus" id="GO_BP_2016_02_16_with_nested_annotations_Instance_40150" type="identity">
            <class id="GO:0060232" label="delamination"/>
            <span end="1720" id="17078885-15543" start="1710">delaminate</span>
        </annotation>
        <annotation annotator="Mike Bada, University of Colorado Anschutz Medical Campus" id="GO_BP_2016_02_16_Instance_15053" type="identity">
            <class id="GO:0065007" label="biological regulation"/>
            <span end="2701" id="17078885-15417" start="2691">controlled</span>
        </annotation>
        <annotation annotator="Mike Bada, University of Colorado Anschutz Medical Campus" id="GO_BP_2016_02_16_Instance_15061" type="identity">
            <class id="GO:0051290" label="protein heterotetramerization"/>
            <span end="4202" id="17078885-15423" start="4163">formation of heterotetrameric complexes</span>
        </annotation>
        <annotation annotator="Mike Bada, University of Colorado Anschutz Medical Campus" id="GO_BP_2016_02_16_Instance_44507" type="identity">
            <class id="GO:0006915" label="apoptotic process"/>
            <span end="5584" id="17078885-15498" start="5572">apoptosis of</span>
            <span end="5625" id="17078885-15499" start="5620">cells</span>
        </annotation>
        <annotation annotator="Mike Bada, University of Colorado Anschutz Medical Campus" id="GO_BP_2016_02_16_Instance_10935" type="identity">
            <class id="GO:0007507" label="heart development"/>
            <span end="5865" id="17078885-15382" start="5858">cardiac</span>
            <span end="5892" id="17078885-15383" start="5881">development</span>
        </annotation>
        <annotation annotator="Mike Bada, University of Colorado Anschutz Medical Campus" id="GO_BP_2016_02_16_Instance_200126" type="identity">
            <class id="GO:0060465" label="pharynx development"/>
            <span end="5892" id="17078885-15452" start="5870">pharyngeal development</span>
        </annotation>
        <annotation annotator="Mike Bada, University of Colorado Anschutz Medical Campus" id="GO_BP_2016_02_16_Instance_15065" type="identity">
            <class id="GO:0007565" label="female pregnancy"/>
            <span end="6619" id="17078885-15427" start="6610">gestation</span>
        </annotation>
        <annotation annotator="Mike Bada, University of Colorado Anschutz Medical Campus" id="GO_BP_2016_02_16_Instance_15063" type="identity">
            <class id="GO:0016265" label="death"/>
            <span end="6721" id="17078885-15425" start="6717">died</span>
        </annotation>
        <annotation annotator="Mike Bada, University of Colorado Anschutz Medical Campus" id="GO_BP_2016_02_16_Instance_14901" type="identity">
            <class id="GO:0007567" label="parturition"/>
            <span end="6745" id="17078885-15407" start="6740">birth</span>
        </annotation>
        <annotation annotator="Mike Bada, University of Colorado Anschutz Medical Campus" id="GO_BP_2016_02_16_Instance_200128" type="identity">
            <class id="GO:0007567" label="parturition"/>
            <span end="6776" id="17078885-15454" start="6771">natal</span>
        </annotation>
        <annotation annotator="Mike Bada, University of Colorado Anschutz Medical Campus" id="GO_BP_2016_02_16_Instance_14507" type="identity">
            <class id="GO:0007179" label="transforming growth factor beta receptor signaling pathway"/>
            <span end="6831" id="17078885-15391" start="6816">TGF-β-signaling</span>
        </annotation>
        <annotation annotator="Mike Bada, University of Colorado Anschutz Medical Campus" id="GO_BP_2016_02_16_Instance_200130" type="identity">
            <class id="GO:0003151" label="outflow tract morphogenesis"/>
            <span end="8579" id="17078885-15456" start="8562">OFT morphogenesis</span>
        </annotation>
        <annotation annotator="Mike Bada, University of Colorado Anschutz Medical Campus" id="GO_BP_2016_02_16_Instance_200132" type="identity">
            <class id="GO:0072358" label="cardiovascular system development"/>
            <span end="9605" id="17078885-15458" start="9579">cardiovascular development</span>
        </annotation>
        <annotation annotator="Mike Bada, University of Colorado Anschutz Medical Campus" id="GO_BP_2016_02_16_Instance_14895" type="identity">
            <class id="GO:0060033" label="anatomical structure regression"/>
            <span end="10201" id="17078885-15401" start="10191">regressing</span>
        </annotation>
        <annotation annotator="Mike Bada, University of Colorado Anschutz Medical Campus" id="GO_BP_2016_02_16_Instance_14897" type="identity">
            <class id="GO:0060033" label="anatomical structure regression"/>
            <span end="10996" id="17078885-15403" start="10986">regressing</span>
        </annotation>
        <annotation annotator="Mike Bada, University of Colorado Anschutz Medical Campus" id="GO_BP_2016_02_16_Instance_14899" type="identity">
            <class id="GO:0060033" label="anatomical structure regression"/>
            <span end="11102" id="17078885-15405" start="11092">regression</span>
        </annotation>
        <annotation annotator="Mike Bada, University of Colorado Anschutz Medical Campus" id="GO_BP_2016_02_16_Instance_14991" type="identity">
            <class id="GO:0060033" label="anatomical structure regression"/>
            <span end="11153" id="17078885-15409" start="11143">regression</span>
        </annotation>
        <annotation annotator="Mike Bada, University of Colorado Anschutz Medical Campus" id="GO_BP_2016_02_16_Instance_41069" type="identity">
            <class id="GO:0010467" label="gene expression"/>
            <span end="12969" id="17078885-15474" start="12959">expression</span>
        </annotation>
        <annotation annotator="Mike Bada, University of Colorado Anschutz Medical Campus" id="GO_BP_2016_02_16_Instance_15011" type="identity">
            <class id="GO:0001755" label="neural crest cell migration"/>
            <span end="13155" id="17078885-15411" start="13142">NCC migration</span>
        </annotation>
        <annotation annotator="Mike Bada, University of Colorado Anschutz Medical Campus" id="GO_BP_2016_02_16_Instance_15015" type="identity">
            <class id="GO:0001755" label="neural crest cell migration"/>
            <span end="13711" id="17078885-15413" start="13698">NCC migration</span>
        </annotation>
        <annotation annotator="Mike Bada, University of Colorado Anschutz Medical Campus" id="GO_BP_2016_02_16_Instance_22217" type="identity">
            <class id="GO:0030154" label="cell differentiation"/>
            <span end="17063" id="17078885-15465" start="17043">cell differentiation</span>
        </annotation>
        <annotation annotator="Mike Bada, University of Colorado Anschutz Medical Campus" id="GO_BP_2016_02_16_Instance_15055" type="identity">
            <class id="GO:0065007" label="biological regulation"/>
            <span end="17823" id="17078885-15419" start="17815">controls</span>
        </annotation>
        <annotation annotator="Mike Bada, University of Colorado Anschutz Medical Campus" id="GO_BP_2016_02_16_Instance_44509" type="identity">
            <class id="GO:0006915" label="apoptotic process"/>
            <span end="18387" id="17078885-15501" start="18375">apoptosis of</span>
            <span end="18421" id="17078885-15502" start="18416">cells</span>
        </annotation>
        <annotation annotator="Mike Bada, University of Colorado Anschutz Medical Campus" id="GO_BP_2016_02_16_Instance_15083" type="identity">
            <class id="GO:0008283" label="cell proliferation"/>
            <span end="18670" id="17078885-15429" start="18657">proliferation</span>
        </annotation>
        <annotation annotator="Mike Bada, University of Colorado Anschutz Medical Campus" id="GO_BP_2016_02_16_Instance_44511" type="identity">
            <class id="GO:0006915" label="apoptotic process"/>
            <span end="18697" id="17078885-15504" start="18688">apoptosis</span>
        </annotation>
        <annotation annotator="Mike Bada, University of Colorado Anschutz Medical Campus" id="GO_BP_2016_02_16_Instance_15085" type="identity">
            <class id="GO:0008283" label="cell proliferation"/>
            <span end="18770" id="17078885-15431" start="18757">proliferation</span>
        </annotation>
        <annotation annotator="Mike Bada, University of Colorado Anschutz Medical Campus" id="GO_BP_2016_02_16_Instance_44513" type="identity">
            <class id="GO:0006915" label="apoptotic process"/>
            <span end="19256" id="17078885-15506" start="19247">apoptosis</span>
        </annotation>
        <annotation annotator="Mike Bada, University of Colorado Anschutz Medical Campus" id="GO_BP_2016_02_16_Instance_44515" type="identity">
            <class id="GO:0006915" label="apoptotic process"/>
            <span end="19468" id="17078885-15508" start="19459">apoptosis</span>
        </annotation>
        <annotation annotator="Mike Bada, University of Colorado Anschutz Medical Campus" id="GO_BP_2016_02_16_Instance_44517" type="identity">
            <class id="GO:0006915" label="apoptotic process"/>
            <span end="19674" id="17078885-15510" start="19662">apoptosis of</span>
            <span end="19691" id="17078885-15511" start="19686">cells</span>
        </annotation>
        <annotation annotator="Mike Bada, University of Colorado Anschutz Medical Campus" id="GO_BP_2016_02_16_Instance_44519" type="identity">
            <class id="GO:0006915" label="apoptotic process"/>
            <span end="19829" id="17078885-15513" start="19820">apoptosis</span>
        </annotation>
        <annotation annotator="Mike Bada, University of Colorado Anschutz Medical Campus" id="GO_BP_2016_02_16_Instance_44521" type="identity">
            <class id="GO:0006915" label="apoptotic process"/>
            <span end="19967" id="17078885-15515" start="19958">apoptosis</span>
        </annotation>
        <annotation annotator="Mike Bada, University of Colorado Anschutz Medical Campus" id="GO_BP_2016_02_16_Instance_44523" type="identity">
            <class id="GO:0006915" label="apoptotic process"/>
            <span end="20545" id="17078885-15517" start="20536">apoptosis</span>
        </annotation>
        <annotation annotator="Mike Bada, University of Colorado Anschutz Medical Campus" id="GO_BP_2016_02_16_Instance_44525" type="identity">
            <class id="GO:0006915" label="apoptotic process"/>
            <span end="20783" id="17078885-15519" start="20771">apoptosis of</span>
            <span end="20800" id="17078885-15520" start="20795">cells</span>
        </annotation>
        <annotation annotator="Mike Bada, University of Colorado Anschutz Medical Campus" id="GO_BP_2016_02_16_Instance_13461" type="identity">
            <class id="GO:0048513" label="animal organ development"/>
            <span end="20954" id="17078885-15385" start="20940">development of</span>
            <span end="20972" id="17078885-15386" start="20966">organs</span>
        </annotation>
        <annotation annotator="Mike Bada, University of Colorado Anschutz Medical Campus" id="GO_BP_2016_02_16_Instance_41337" type="identity">
            <class id="GO:0010467" label="gene expression"/>
            <span end="22024" id="17078885-15476" start="22014">expression</span>
        </annotation>
        <annotation annotator="Mike Bada, University of Colorado Anschutz Medical Campus" id="GO_BP_2016_02_16_Instance_42941" type="identity">
            <class id="GO:0010467" label="gene expression"/>
            <span end="22919" id="17078885-15478" start="22910">expressed</span>
        </annotation>
        <annotation annotator="Mike Bada, University of Colorado Anschutz Medical Campus" id="GO_BP_2016_02_16_Instance_44527" type="identity">
            <class id="GO:0006915" label="apoptotic process"/>
            <span end="24776" id="17078885-15522" start="24764">apoptosis of</span>
            <span end="24825" id="17078885-15523" start="24820">cells</span>
        </annotation>
        <annotation annotator="Mike Bada, University of Colorado Anschutz Medical Campus" id="GO_BP_2016_02_16_Instance_44529" type="identity">
            <class id="GO:0008219" label="cell death"/>
            <span end="24899" id="17078885-15525" start="24889">cell death</span>
        </annotation>
        <annotation annotator="Mike Bada, University of Colorado Anschutz Medical Campus" id="GO_BP_2016_02_16_Instance_14563" type="identity">
            <class id="GO:0007179" label="transforming growth factor beta receptor signaling pathway"/>
            <span end="25008" id="17078885-15393" start="24993">TGF-β signaling</span>
        </annotation>
        <annotation annotator="Mike Bada, University of Colorado Anschutz Medical Campus" id="GO_BP_2016_02_16_Instance_43099" type="identity">
            <class id="GO:0010467" label="gene expression"/>
            <span end="25594" id="17078885-15480" start="25585">expressed</span>
        </annotation>
        <annotation annotator="Mike Bada, University of Colorado Anschutz Medical Campus" id="GO_BP_2016_02_16_Instance_15179" type="identity">
            <class id="GO:0003007" label="heart morphogenesis"/>
            <span end="25832" id="17078885-15441" start="25825">cardiac</span>
            <span end="25861" id="17078885-15442" start="25848">morphogenesis</span>
        </annotation>
        <annotation annotator="Mike Bada, University of Colorado Anschutz Medical Campus" id="GO_BP_2016_02_16_Instance_44533" type="identity">
            <class id="GO:0006915" label="apoptotic process"/>
            <span end="25897" id="17078885-15527" start="25888">apoptosis</span>
        </annotation>
        <annotation annotator="Mike Bada, University of Colorado Anschutz Medical Campus" id="GO_BP_2016_02_16_Instance_44535" type="identity">
            <class id="GO:0006915" label="apoptotic process"/>
            <span end="26045" id="17078885-15529" start="26036">apoptosis</span>
        </annotation>
        <annotation annotator="Mike Bada, University of Colorado Anschutz Medical Campus" id="GO_BP_2016_02_16_Instance_44537" type="identity">
            <class id="GO:0008219" label="cell death"/>
            <span end="26192" id="17078885-15531" start="26182">cell death</span>
        </annotation>
        <annotation annotator="Mike Bada, University of Colorado Anschutz Medical Campus" id="GO_BP_2016_02_16_Instance_44539" type="identity">
            <class id="GO:0008219" label="cell death"/>
            <span end="26546" id="17078885-15533" start="26536">cell death</span>
        </annotation>
        <annotation annotator="Mike Bada, University of Colorado Anschutz Medical Campus" id="GO_BP_2016_02_16_Instance_15191" type="identity">
            <class id="GO:0016265" label="death"/>
            <span end="26613" id="17078885-15444" start="26610">die</span>
        </annotation>
        <annotation annotator="Mike Bada, University of Colorado Anschutz Medical Campus" id="GO_BP_2016_02_16_Instance_14567" type="identity">
            <class id="GO:0007179" label="transforming growth factor beta receptor signaling pathway"/>
            <span end="26766" id="17078885-15395" start="26751">TGF-β-signaling</span>
        </annotation>
        <annotation annotator="Mike Bada, University of Colorado Anschutz Medical Campus" id="GO_BP_2016_02_16_Instance_15193" type="identity">
            <class id="GO:0051145" label="smooth muscle cell differentiation"/>
            <span end="26785" id="17078885-15446" start="26770">differentiation</span>
            <span end="26818" id="17078885-15447" start="26794">into smooth muscle cells</span>
        </annotation>
        <annotation annotator="Mike Bada, University of Colorado Anschutz Medical Campus" id="GO_BP_2016_02_16_Instance_200169" type="identity">
            <class id="GO:0030154" label="cell differentiation"/>
            <span end="26939" id="17078885-15460" start="26919">differentiation into</span>
            <span end="26959" id="17078885-15461" start="26954">cells</span>
        </annotation>
        <annotation annotator="Mike Bada, University of Colorado Anschutz Medical Campus" id="GO_BP_2016_02_16_Instance_44541" type="identity">
            <class id="GO:0008219" label="cell death"/>
            <span end="27880" id="17078885-15535" start="27870">cell death</span>
        </annotation>
        <annotation annotator="Mike Bada, University of Colorado Anschutz Medical Campus" id="GO_BP_2016_02_16_Instance_44543" type="identity">
            <class id="GO:0016265" label="death"/>
            <span end="28051" id="17078885-15537" start="28046">death</span>
        </annotation>
        <annotation annotator="Mike Bada, University of Colorado Anschutz Medical Campus" id="GO_BP_2016_02_16_Instance_15057" type="identity">
            <class id="GO:0065007" label="biological regulation"/>
            <span end="28192" id="17078885-15421" start="28185">control</span>
        </annotation>
        <annotation annotator="Mike Bada, University of Colorado Anschutz Medical Campus" id="GO_BP_2016_02_16_Instance_15097" type="identity">
            <class id="GO:0065007" label="biological regulation"/>
            <span end="28239" id="17078885-15435" start="28229">regulating</span>
        </annotation>
        <annotation annotator="Mike Bada, University of Colorado Anschutz Medical Campus" id="GO_BP_2016_02_16_Instance_15087" type="identity">
            <class id="GO:0008283" label="cell proliferation"/>
            <span end="28253" id="17078885-15433" start="28240">proliferation</span>
        </annotation>
        <annotation annotator="Mike Bada, University of Colorado Anschutz Medical Campus" id="GO_BP_2016_02_16_Instance_15023" type="identity">
            <class id="GO:0016477" label="cell migration"/>
            <span end="28610" id="17078885-15415" start="28592">migration of cells</span>
        </annotation>
        <annotation annotator="Mike Bada, University of Colorado Anschutz Medical Campus" id="GO_BP_2016_02_16_with_nested_annotations_Instance_22829" type="identity">
            <class id="GO:0001947" label="heart looping"/>
            <span end="29785" id="17078885-15541" start="29778">looping</span>
        </annotation>
        <annotation annotator="Mike Bada, University of Colorado Anschutz Medical Campus" id="GO_BP_2016_02_16_Instance_22223" type="identity">
            <class id="GO:0030154" label="cell differentiation"/>
            <span end="29931" id="17078885-15467" start="29911">cell differentiation</span>
        </annotation>
        <annotation annotator="Mike Bada, University of Colorado Anschutz Medical Campus" id="GO_BP_2016_02_16_Instance_13775" type="identity">
            <class id="GO:0007507" label="heart development"/>
            <span end="30583" id="17078885-15388" start="30576">cardiac</span>
            <span end="30606" id="17078885-15389" start="30595">development</span>
        </annotation>
        <annotation annotator="Mike Bada, University of Colorado Anschutz Medical Campus" id="GO_BP_2016_02_16_Instance_200177" type="identity">
            <class id="GO:0060465" label="pharynx development"/>
            <span end="30606" id="17078885-15463" start="30584">pharyngeal development</span>
        </annotation>
        <annotation annotator="Mike Bada, University of Colorado Anschutz Medical Campus" id="GO_BP_2016_02_16_Instance_44545" type="identity">
            <class id="GO:0007618" label="mating"/>
            <span end="30704" id="17078885-15539" start="30698">mating</span>
        </annotation>
        <annotation annotator="Mike Bada, University of Colorado Anschutz Medical Campus" id="GO_BP_2016_02_16_Instance_15101" type="identity">
            <class id="GO:0007618" label="mating"/>
            <span end="31215" id="17078885-15437" start="31207">mataings</span>
        </annotation>
        <annotation annotator="Mike Bada, University of Colorado Anschutz Medical Campus" id="GO_BP_2016_02_16_Instance_15103" type="identity">
            <class id="GO:0007618" label="mating"/>
            <span end="31232" id="17078885-15439" start="31227">mated</span>
        </annotation>
        <annotation annotator="Mike Bada, University of Colorado Anschutz Medical Campus" id="GO_BP_2016_02_16_Instance_43589" type="identity">
            <class id="GO:0010467" label="gene expression"/>
            <span end="32813" id="17078885-15482" start="32803">Expression</span>
        </annotation>
        <annotation annotator="Mike Bada, University of Colorado Anschutz Medical Campus" id="GO_BP_2016_02_16_Instance_43591" type="identity">
            <class id="GO:0010467" label="gene expression"/>
            <span end="32867" id="17078885-15484" start="32857">expression</span>
        </annotation>
        <annotation annotator="Mike Bada, University of Colorado Anschutz Medical Campus" id="GO_BP_2016_02_16_Instance_43713" type="identity">
            <class id="GO:0010467" label="gene expression"/>
            <span end="33196" id="17078885-15490" start="33186">expression</span>
        </annotation>
        <graph-space id="Old Knowtator Relations"/>
    </document>
</knowtator-project>
