<?xml version="1.0" encoding="UTF-8" standalone="no"?>
<knowtator-project>
  <document id="17078885" text-file="17078885.txt">
    <annotation annotator="Mike Bada, University of Colorado Anschutz Medical Campus" id="GO_BP_2016_02_16_Instance_44495" type="identity">
      <class id="GO:0006915" label="apoptotic process"/>
      <span end="105" id="17078885-15493" start="91">cell apoptosis</span>
    </annotation>
    <annotation annotator="Mike Bada, University of Colorado Anschutz Medical Campus" id="GO_BP_2016_02_16_Instance_14579" type="identity">
      <class id="GO:0007567" label="parturition"/>
      <span end="230" id="17078885-15398" start="225">birth</span>
    </annotation>
    <annotation annotator="Mike Bada, University of Colorado Anschutz Medical Campus" id="GO_BP_2016_02_16_Instance_24217" type="identity">
      <class id="GO:0001755" label="neural crest cell migration"/>
      <span end="348" id="17078885-15470" start="339">migration</span>
      <span end="383" id="17078885-15471" start="381">of</span>
      <span end="416" id="17078885-15472" start="404">neural crest</span>
      <span end="427" id="17078885-15473" start="422">cells</span>
    </annotation>
    <annotation annotator="Mike Bada, University of Colorado Anschutz Medical Campus" id="GO_BP_2016_02_16_Instance_43711" type="identity">
      <class id="GO:0030154" label="cell differentiation"/>
      <span end="365" id="17078885-15487" start="350">differentiation</span>
      <span end="383" id="17078885-15488" start="381">of</span>
      <span end="427" id="17078885-15489" start="422">cells</span>
    </annotation>
    <annotation annotator="Mike Bada, University of Colorado Anschutz Medical Campus" id="GO_BP_2016_02_16_Instance_10027" type="identity">
      <class id="GO:0007179" label="transforming growth factor beta receptor signaling pathway"/>
      <span end="462" id="17078885-15381" start="435">TGF-β-superfamily signaling</span>
    </annotation>
    <annotation annotator="Mike Bada, University of Colorado Anschutz Medical Campus" id="GO_BP_2016_02_16_Instance_44499" type="identity">
      <class id="GO:0014032" label="neural crest cell development"/>
      <span end="524" id="17078885-15495" start="495">neural crest cell development</span>
    </annotation>
    <annotation annotator="Mike Bada, University of Colorado Anschutz Medical Campus" id="GO_BP_2016_02_16_Instance_44501" type="identity">
      <class id="GO:0001755" label="neural crest cell migration"/>
      <span end="1025" id="17078885-15497" start="998">neural crest cell migration</span>
    </annotation>
    <annotation annotator="Mike Bada, University of Colorado Anschutz Medical Campus" id="GO_BP_2016_02_16_Instance_200108" type="identity">
      <class id="GO:0060465" label="pharynx development"/>
      <span end="1290" id="17078885-15450" start="1280">pharyngeal</span>
      <span end="1328" id="17078885-15451" start="1317">development</span>
    </annotation>
    <annotation annotator="Mike Bada, University of Colorado Anschutz Medical Campus" id="GO_BP_2016_02_16_Instance_14581" type="identity">
      <class id="GO:0007567" label="parturition"/>
      <span end="1385" id="17078885-15400" start="1380">birth</span>
    </annotation>
    <annotation annotator="Mike Bada, University of Colorado Anschutz Medical Campus" id="GO_BP_2016_02_16_with_nested_annotations_Instance_40150" type="identity">
      <class id="GO:0060232" label="delamination"/>
      <span end="1720" id="17078885-15544" start="1710">delaminate</span>
    </annotation>
    <annotation annotator="Mike Bada, University of Colorado Anschutz Medical Campus" id="GO_BP_2016_02_16_Instance_15053" type="identity">
      <class id="GO:0065007" label="biological regulation"/>
      <span end="2701" id="17078885-15418" start="2691">controlled</span>
    </annotation>
    <annotation annotator="Mike Bada, University of Colorado Anschutz Medical Campus" id="GO_BP_2016_02_16_Instance_15061" type="identity">
      <class id="GO:0051290" label="protein heterotetramerization"/>
      <span end="4202" id="17078885-15424" start="4163">formation of heterotetrameric complexes</span>
    </annotation>
    <annotation annotator="Mike Bada, University of Colorado Anschutz Medical Campus" id="GO_BP_2016_02_16_Instance_44507" type="identity">
      <class id="GO:0006915" label="apoptotic process"/>
      <span end="5584" id="17078885-15499" start="5572">apoptosis of</span>
      <span end="5625" id="17078885-15500" start="5620">cells</span>
    </annotation>
    <annotation annotator="Mike Bada, University of Colorado Anschutz Medical Campus" id="GO_BP_2016_02_16_Instance_10935" type="identity">
      <class id="GO:0007507" label="heart development"/>
      <span end="5865" id="17078885-15383" start="5858">cardiac</span>
      <span end="5892" id="17078885-15384" start="5881">development</span>
    </annotation>
    <annotation annotator="Mike Bada, University of Colorado Anschutz Medical Campus" id="GO_BP_2016_02_16_Instance_200126" type="identity">
      <class id="GO:0060465" label="pharynx development"/>
      <span end="5892" id="17078885-15453" start="5870">pharyngeal development</span>
    </annotation>
    <annotation annotator="Mike Bada, University of Colorado Anschutz Medical Campus" id="GO_BP_2016_02_16_Instance_15065" type="identity">
      <class id="GO:0007565" label="female pregnancy"/>
      <span end="6619" id="17078885-15428" start="6610">gestation</span>
    </annotation>
    <annotation annotator="Mike Bada, University of Colorado Anschutz Medical Campus" id="GO_BP_2016_02_16_Instance_15063" type="identity">
      <class id="GO:0016265" label="death"/>
      <span end="6721" id="17078885-15426" start="6717">died</span>
    </annotation>
    <annotation annotator="Mike Bada, University of Colorado Anschutz Medical Campus" id="GO_BP_2016_02_16_Instance_14901" type="identity">
      <class id="GO:0007567" label="parturition"/>
      <span end="6745" id="17078885-15408" start="6740">birth</span>
    </annotation>
    <annotation annotator="Mike Bada, University of Colorado Anschutz Medical Campus" id="GO_BP_2016_02_16_Instance_200128" type="identity">
      <class id="GO:0007567" label="parturition"/>
      <span end="6776" id="17078885-15455" start="6771">natal</span>
    </annotation>
    <annotation annotator="Mike Bada, University of Colorado Anschutz Medical Campus" id="GO_BP_2016_02_16_Instance_14507" type="identity">
      <class id="GO:0007179" label="transforming growth factor beta receptor signaling pathway"/>
      <span end="6831" id="17078885-15392" start="6816">TGF-β-signaling</span>
    </annotation>
    <annotation annotator="Mike Bada, University of Colorado Anschutz Medical Campus" id="GO_BP_2016_02_16_Instance_200130" type="identity">
      <class id="GO:0003151" label="outflow tract morphogenesis"/>
      <span end="8579" id="17078885-15457" start="8562">OFT morphogenesis</span>
    </annotation>
    <annotation annotator="Mike Bada, University of Colorado Anschutz Medical Campus" id="GO_BP_2016_02_16_Instance_200132" type="identity">
      <class id="GO:0072358" label="cardiovascular system development"/>
      <span end="9605" id="17078885-15459" start="9579">cardiovascular development</span>
    </annotation>
    <annotation annotator="Mike Bada, University of Colorado Anschutz Medical Campus" id="GO_BP_2016_02_16_Instance_14895" type="identity">
      <class id="GO:0060033" label="anatomical structure regression"/>
      <span end="10201" id="17078885-15402" start="10191">regressing</span>
    </annotation>
    <annotation annotator="Mike Bada, University of Colorado Anschutz Medical Campus" id="GO_BP_2016_02_16_Instance_14897" type="identity">
      <class id="GO:0060033" label="anatomical structure regression"/>
      <span end="10996" id="17078885-15404" start="10986">regressing</span>
    </annotation>
    <annotation annotator="Mike Bada, University of Colorado Anschutz Medical Campus" id="GO_BP_2016_02_16_Instance_14899" type="identity">
      <class id="GO:0060033" label="anatomical structure regression"/>
      <span end="11102" id="17078885-15406" start="11092">regression</span>
    </annotation>
    <annotation annotator="Mike Bada, University of Colorado Anschutz Medical Campus" id="GO_BP_2016_02_16_Instance_14991" type="identity">
      <class id="GO:0060033" label="anatomical structure regression"/>
      <span end="11153" id="17078885-15410" start="11143">regression</span>
    </annotation>
    <annotation annotator="Mike Bada, University of Colorado Anschutz Medical Campus" id="GO_BP_2016_02_16_Instance_41069" type="identity">
      <class id="GO:0010467" label="gene expression"/>
      <span end="12969" id="17078885-15475" start="12959">expression</span>
    </annotation>
    <annotation annotator="Mike Bada, University of Colorado Anschutz Medical Campus" id="GO_BP_2016_02_16_Instance_15011" type="identity">
      <class id="GO:0001755" label="neural crest cell migration"/>
      <span end="13155" id="17078885-15412" start="13142">NCC migration</span>
    </annotation>
    <annotation annotator="Mike Bada, University of Colorado Anschutz Medical Campus" id="GO_BP_2016_02_16_Instance_15015" type="identity">
      <class id="GO:0001755" label="neural crest cell migration"/>
      <span end="13711" id="17078885-15414" start="13698">NCC migration</span>
    </annotation>
    <annotation annotator="Mike Bada, University of Colorado Anschutz Medical Campus" id="GO_BP_2016_02_16_Instance_22217" type="identity">
      <class id="GO:0030154" label="cell differentiation"/>
      <span end="17063" id="17078885-15466" start="17043">cell differentiation</span>
    </annotation>
    <annotation annotator="Mike Bada, University of Colorado Anschutz Medical Campus" id="GO_BP_2016_02_16_Instance_15055" type="identity">
      <class id="GO:0065007" label="biological regulation"/>
      <span end="17823" id="17078885-15420" start="17815">controls</span>
    </annotation>
    <annotation annotator="Mike Bada, University of Colorado Anschutz Medical Campus" id="GO_BP_2016_02_16_Instance_44509" type="identity">
      <class id="GO:0006915" label="apoptotic process"/>
      <span end="18387" id="17078885-15502" start="18375">apoptosis of</span>
      <span end="18421" id="17078885-15503" start="18416">cells</span>
    </annotation>
    <annotation annotator="Mike Bada, University of Colorado Anschutz Medical Campus" id="GO_BP_2016_02_16_Instance_15083" type="identity">
      <class id="GO:0008283" label="cell proliferation"/>
      <span end="18670" id="17078885-15430" start="18657">proliferation</span>
    </annotation>
    <annotation annotator="Mike Bada, University of Colorado Anschutz Medical Campus" id="GO_BP_2016_02_16_Instance_44511" type="identity">
      <class id="GO:0006915" label="apoptotic process"/>
      <span end="18697" id="17078885-15505" start="18688">apoptosis</span>
    </annotation>
    <annotation annotator="Mike Bada, University of Colorado Anschutz Medical Campus" id="GO_BP_2016_02_16_Instance_15085" type="identity">
      <class id="GO:0008283" label="cell proliferation"/>
      <span end="18770" id="17078885-15432" start="18757">proliferation</span>
    </annotation>
    <annotation annotator="Mike Bada, University of Colorado Anschutz Medical Campus" id="GO_BP_2016_02_16_Instance_44513" type="identity">
      <class id="GO:0006915" label="apoptotic process"/>
      <span end="19256" id="17078885-15507" start="19247">apoptosis</span>
    </annotation>
    <annotation annotator="Mike Bada, University of Colorado Anschutz Medical Campus" id="GO_BP_2016_02_16_Instance_44515" type="identity">
      <class id="GO:0006915" label="apoptotic process"/>
      <span end="19468" id="17078885-15509" start="19459">apoptosis</span>
    </annotation>
    <annotation annotator="Mike Bada, University of Colorado Anschutz Medical Campus" id="GO_BP_2016_02_16_Instance_44517" type="identity">
      <class id="GO:0006915" label="apoptotic process"/>
      <span end="19674" id="17078885-15511" start="19662">apoptosis of</span>
      <span end="19691" id="17078885-15512" start="19686">cells</span>
    </annotation>
    <annotation annotator="Mike Bada, University of Colorado Anschutz Medical Campus" id="GO_BP_2016_02_16_Instance_44519" type="identity">
      <class id="GO:0006915" label="apoptotic process"/>
      <span end="19829" id="17078885-15514" start="19820">apoptosis</span>
    </annotation>
    <annotation annotator="Mike Bada, University of Colorado Anschutz Medical Campus" id="GO_BP_2016_02_16_Instance_44521" type="identity">
      <class id="GO:0006915" label="apoptotic process"/>
      <span end="19967" id="17078885-15516" start="19958">apoptosis</span>
    </annotation>
    <annotation annotator="Mike Bada, University of Colorado Anschutz Medical Campus" id="GO_BP_2016_02_16_Instance_44523" type="identity">
      <class id="GO:0006915" label="apoptotic process"/>
      <span end="20545" id="17078885-15518" start="20536">apoptosis</span>
    </annotation>
    <annotation annotator="Mike Bada, University of Colorado Anschutz Medical Campus" id="GO_BP_2016_02_16_Instance_44525" type="identity">
      <class id="GO:0006915" label="apoptotic process"/>
      <span end="20783" id="17078885-15520" start="20771">apoptosis of</span>
      <span end="20800" id="17078885-15521" start="20795">cells</span>
    </annotation>
    <annotation annotator="Mike Bada, University of Colorado Anschutz Medical Campus" id="GO_BP_2016_02_16_Instance_13461" type="identity">
      <class id="GO:0048513" label="animal organ development"/>
      <span end="20954" id="17078885-15386" start="20940">development of</span>
      <span end="20972" id="17078885-15387" start="20966">organs</span>
    </annotation>
    <annotation annotator="Mike Bada, University of Colorado Anschutz Medical Campus" id="GO_BP_2016_02_16_Instance_41337" type="identity">
      <class id="GO:0010467" label="gene expression"/>
      <span end="22024" id="17078885-15477" start="22014">expression</span>
    </annotation>
    <annotation annotator="Mike Bada, University of Colorado Anschutz Medical Campus" id="GO_BP_2016_02_16_Instance_42941" type="identity">
      <class id="GO:0010467" label="gene expression"/>
      <span end="22919" id="17078885-15479" start="22910">expressed</span>
    </annotation>
    <annotation annotator="Mike Bada, University of Colorado Anschutz Medical Campus" id="GO_BP_2016_02_16_Instance_44527" type="identity">
      <class id="GO:0006915" label="apoptotic process"/>
      <span end="24776" id="17078885-15523" start="24764">apoptosis of</span>
      <span end="24825" id="17078885-15524" start="24820">cells</span>
    </annotation>
    <annotation annotator="Mike Bada, University of Colorado Anschutz Medical Campus" id="GO_BP_2016_02_16_Instance_44529" type="identity">
      <class id="GO:0008219" label="cell death"/>
      <span end="24899" id="17078885-15526" start="24889">cell death</span>
    </annotation>
    <annotation annotator="Mike Bada, University of Colorado Anschutz Medical Campus" id="GO_BP_2016_02_16_Instance_14563" type="identity">
      <class id="GO:0007179" label="transforming growth factor beta receptor signaling pathway"/>
      <span end="25008" id="17078885-15394" start="24993">TGF-β signaling</span>
    </annotation>
    <annotation annotator="Mike Bada, University of Colorado Anschutz Medical Campus" id="GO_BP_2016_02_16_Instance_43099" type="identity">
      <class id="GO:0010467" label="gene expression"/>
      <span end="25594" id="17078885-15481" start="25585">expressed</span>
    </annotation>
    <annotation annotator="Mike Bada, University of Colorado Anschutz Medical Campus" id="GO_BP_2016_02_16_Instance_15179" type="identity">
      <class id="GO:0003007" label="heart morphogenesis"/>
      <span end="25832" id="17078885-15442" start="25825">cardiac</span>
      <span end="25861" id="17078885-15443" start="25848">morphogenesis</span>
    </annotation>
    <annotation annotator="Mike Bada, University of Colorado Anschutz Medical Campus" id="GO_BP_2016_02_16_Instance_44533" type="identity">
      <class id="GO:0006915" label="apoptotic process"/>
      <span end="25897" id="17078885-15528" start="25888">apoptosis</span>
    </annotation>
    <annotation annotator="Mike Bada, University of Colorado Anschutz Medical Campus" id="GO_BP_2016_02_16_Instance_44535" type="identity">
      <class id="GO:0006915" label="apoptotic process"/>
      <span end="26045" id="17078885-15530" start="26036">apoptosis</span>
    </annotation>
    <annotation annotator="Mike Bada, University of Colorado Anschutz Medical Campus" id="GO_BP_2016_02_16_Instance_44537" type="identity">
      <class id="GO:0008219" label="cell death"/>
      <span end="26192" id="17078885-15532" start="26182">cell death</span>
    </annotation>
    <annotation annotator="Mike Bada, University of Colorado Anschutz Medical Campus" id="GO_BP_2016_02_16_Instance_44539" type="identity">
      <class id="GO:0008219" label="cell death"/>
      <span end="26546" id="17078885-15534" start="26536">cell death</span>
    </annotation>
    <annotation annotator="Mike Bada, University of Colorado Anschutz Medical Campus" id="GO_BP_2016_02_16_Instance_15191" type="identity">
      <class id="GO:0016265" label="death"/>
      <span end="26613" id="17078885-15445" start="26610">die</span>
    </annotation>
    <annotation annotator="Mike Bada, University of Colorado Anschutz Medical Campus" id="GO_BP_2016_02_16_Instance_14567" type="identity">
      <class id="GO:0007179" label="transforming growth factor beta receptor signaling pathway"/>
      <span end="26766" id="17078885-15396" start="26751">TGF-β-signaling</span>
    </annotation>
    <annotation annotator="Mike Bada, University of Colorado Anschutz Medical Campus" id="GO_BP_2016_02_16_Instance_15193" type="identity">
      <class id="GO:0051145" label="smooth muscle cell differentiation"/>
      <span end="26785" id="17078885-15447" start="26770">differentiation</span>
      <span end="26818" id="17078885-15448" start="26794">into smooth muscle cells</span>
    </annotation>
    <annotation annotator="Mike Bada, University of Colorado Anschutz Medical Campus" id="GO_BP_2016_02_16_Instance_200169" type="identity">
      <class id="GO:0030154" label="cell differentiation"/>
      <span end="26939" id="17078885-15461" start="26919">differentiation into</span>
      <span end="26959" id="17078885-15462" start="26954">cells</span>
    </annotation>
    <annotation annotator="Mike Bada, University of Colorado Anschutz Medical Campus" id="GO_BP_2016_02_16_Instance_44541" type="identity">
      <class id="GO:0008219" label="cell death"/>
      <span end="27880" id="17078885-15536" start="27870">cell death</span>
    </annotation>
    <annotation annotator="Mike Bada, University of Colorado Anschutz Medical Campus" id="GO_BP_2016_02_16_Instance_44543" type="identity">
      <class id="GO:0016265" label="death"/>
      <span end="28051" id="17078885-15538" start="28046">death</span>
    </annotation>
    <annotation annotator="Mike Bada, University of Colorado Anschutz Medical Campus" id="GO_BP_2016_02_16_Instance_15057" type="identity">
      <class id="GO:0065007" label="biological regulation"/>
      <span end="28192" id="17078885-15422" start="28185">control</span>
    </annotation>
    <annotation annotator="Mike Bada, University of Colorado Anschutz Medical Campus" id="GO_BP_2016_02_16_Instance_15097" type="identity">
      <class id="GO:0065007" label="biological regulation"/>
      <span end="28239" id="17078885-15436" start="28229">regulating</span>
    </annotation>
    <annotation annotator="Mike Bada, University of Colorado Anschutz Medical Campus" id="GO_BP_2016_02_16_Instance_15087" type="identity">
      <class id="GO:0008283" label="cell proliferation"/>
      <span end="28253" id="17078885-15434" start="28240">proliferation</span>
    </annotation>
    <annotation annotator="Mike Bada, University of Colorado Anschutz Medical Campus" id="GO_BP_2016_02_16_Instance_15023" type="identity">
      <class id="GO:0016477" label="cell migration"/>
      <span end="28610" id="17078885-15416" start="28592">migration of cells</span>
    </annotation>
    <annotation annotator="Mike Bada, University of Colorado Anschutz Medical Campus" id="GO_BP_2016_02_16_with_nested_annotations_Instance_22829" type="identity">
      <class id="GO:0001947" label="heart looping"/>
      <span end="29785" id="17078885-15542" start="29778">looping</span>
    </annotation>
    <annotation annotator="Mike Bada, University of Colorado Anschutz Medical Campus" id="GO_BP_2016_02_16_Instance_22223" type="identity">
      <class id="GO:0030154" label="cell differentiation"/>
      <span end="29931" id="17078885-15468" start="29911">cell differentiation</span>
    </annotation>
    <annotation annotator="Mike Bada, University of Colorado Anschutz Medical Campus" id="GO_BP_2016_02_16_Instance_13775" type="identity">
      <class id="GO:0007507" label="heart development"/>
      <span end="30583" id="17078885-15389" start="30576">cardiac</span>
      <span end="30606" id="17078885-15390" start="30595">development</span>
    </annotation>
    <annotation annotator="Mike Bada, University of Colorado Anschutz Medical Campus" id="GO_BP_2016_02_16_Instance_200177" type="identity">
      <class id="GO:0060465" label="pharynx development"/>
      <span end="30606" id="17078885-15464" start="30584">pharyngeal development</span>
    </annotation>
    <annotation annotator="Mike Bada, University of Colorado Anschutz Medical Campus" id="GO_BP_2016_02_16_Instance_44545" type="identity">
      <class id="GO:0007618" label="mating"/>
      <span end="30704" id="17078885-15540" start="30698">mating</span>
    </annotation>
    <annotation annotator="Mike Bada, University of Colorado Anschutz Medical Campus" id="GO_BP_2016_02_16_Instance_15101" type="identity">
      <class id="GO:0007618" label="mating"/>
      <span end="31215" id="17078885-15438" start="31207">mataings</span>
    </annotation>
    <annotation annotator="Mike Bada, University of Colorado Anschutz Medical Campus" id="GO_BP_2016_02_16_Instance_15103" type="identity">
      <class id="GO:0007618" label="mating"/>
      <span end="31232" id="17078885-15440" start="31227">mated</span>
    </annotation>
    <annotation annotator="Mike Bada, University of Colorado Anschutz Medical Campus" id="GO_BP_2016_02_16_Instance_43589" type="identity">
      <class id="GO:0010467" label="gene expression"/>
      <span end="32813" id="17078885-15483" start="32803">Expression</span>
    </annotation>
    <annotation annotator="Mike Bada, University of Colorado Anschutz Medical Campus" id="GO_BP_2016_02_16_Instance_43591" type="identity">
      <class id="GO:0010467" label="gene expression"/>
      <span end="32867" id="17078885-15485" start="32857">expression</span>
    </annotation>
    <annotation annotator="Mike Bada, University of Colorado Anschutz Medical Campus" id="GO_BP_2016_02_16_Instance_43713" type="identity">
      <class id="GO:0010467" label="gene expression"/>
      <span end="33196" id="17078885-15491" start="33186">expression</span>
    </annotation>
    <graph-space id="Old Knowtator Relations"/>
  </document>
</knowtator-project>
