<?xml version="1.0" encoding="UTF-8" standalone="no"?>
<knowtator-project>
  <document id="17425782" text-file="17425782.txt">
    <annotation annotator="Mike Bada, University of Colorado Anschutz Medical Campus" id="GO_BP_2016_02_16_Instance_17857" type="identity">
      <class id="GO:0016055" label="Wnt signaling pathway"/>
      <span end="38" id="17425782-16732" start="25">Wnt signaling</span>
    </annotation>
    <annotation annotator="Mike Bada, University of Colorado Anschutz Medical Campus" id="GO_BP_2016_02_16_Instance_44217" type="identity">
      <class id="GO:0001822" label="kidney development"/>
      <span end="70" id="17425782-16976" start="52">kidney development</span>
    </annotation>
    <annotation annotator="Mike Bada, University of Colorado Anschutz Medical Campus" id="GO_BP_2016_02_16_Instance_220318" type="identity">
      <class id="GO:0060070" label="canonical Wnt signaling pathway"/>
      <span end="240" id="17425782-16850" start="217">canonical Wnt signaling</span>
    </annotation>
    <annotation annotator="Mike Bada, University of Colorado Anschutz Medical Campus" id="GO_BP_2016_02_16_Instance_220322" type="identity">
      <class id="GO:0060070" label="canonical Wnt signaling pathway"/>
      <span end="320" id="17425782-16852" start="297">canonical Wnt signaling</span>
    </annotation>
    <annotation annotator="Mike Bada, University of Colorado Anschutz Medical Campus" id="GO_BP_2016_02_16_Instance_44219" type="identity">
      <class id="GO:0001822" label="kidney development"/>
      <span end="342" id="17425782-16978" start="324">kidney development</span>
    </annotation>
    <annotation annotator="Mike Bada, University of Colorado Anschutz Medical Campus" id="GO_BP_2016_02_16_Instance_18075" type="identity">
      <class id="GO:0016265" label="death"/>
      <span end="617" id="17425782-16778" start="613">died</span>
    </annotation>
    <annotation annotator="Mike Bada, University of Colorado Anschutz Medical Campus" id="GO_BP_2016_02_16_Instance_18079" type="identity">
      <class id="GO:0007567" label="parturition"/>
      <span end="637" id="17425782-16782" start="632">birth</span>
    </annotation>
    <annotation annotator="Mike Bada, University of Colorado Anschutz Medical Campus" id="GO_BP_2016_02_16_Instance_44223" type="identity">
      <class id="GO:0001822" label="kidney development"/>
      <span end="727" id="17425782-16980" start="709">kidney development</span>
    </annotation>
    <annotation annotator="Mike Bada, University of Colorado Anschutz Medical Campus" id="GO_BP_2016_02_16_Instance_220324" type="identity">
      <class id="GO:0060070" label="canonical Wnt signaling pathway"/>
      <span end="1024" id="17425782-16854" start="1001">canonical Wnt signaling</span>
    </annotation>
    <annotation annotator="Mike Bada, University of Colorado Anschutz Medical Campus" id="GO_BP_2016_02_16_Instance_39597" type="identity">
      <class id="GO:0010467" label="gene expression"/>
      <span end="1060" id="17425782-16970" start="1050">expression</span>
    </annotation>
    <annotation annotator="Mike Bada, University of Colorado Anschutz Medical Campus" id="GO_BP_2016_02_16_Instance_43397" type="identity">
      <class id="GO:0010467" label="gene expression"/>
      <span end="1206" id="17425782-16972" start="1196">expression</span>
    </annotation>
    <annotation annotator="Mike Bada, University of Colorado Anschutz Medical Campus" id="GO_BP_2016_02_16_Instance_18087" type="identity">
      <class id="GO:0001658" label="branching involved in ureteric bud morphogenesis"/>
      <span end="1451" id="17425782-16790" start="1425">Branching morphogenesis of</span>
      <span end="1468" id="17425782-16791" start="1456">ureteric bud</span>
    </annotation>
    <annotation annotator="Mike Bada, University of Colorado Anschutz Medical Campus" id="GO_BP_2016_02_16_Instance_220326" type="identity">
      <class id="GO:0072006" label="nephron development"/>
      <span end="1705" id="17425782-16856" start="1688">Nephron formation</span>
    </annotation>
    <annotation annotator="Mike Bada, University of Colorado Anschutz Medical Campus" id="GO_BP_2016_02_16_Instance_230766" type="identity">
      <class id="GO:0010467" label="gene expression"/>
      <span end="1781" id="17425782-16964" start="1771">expression</span>
    </annotation>
    <annotation annotator="Mike Bada, University of Colorado Anschutz Medical Campus" id="GO_BP_2016_02_16_Instance_44225" type="identity">
      <class id="GO:0001822" label="kidney development"/>
      <span end="1910" id="17425782-16982" start="1892">kidney development</span>
    </annotation>
    <annotation annotator="Mike Bada, University of Colorado Anschutz Medical Campus" id="GO_BP_2016_02_16_Instance_18089" type="identity">
      <class id="GO:0001658" label="branching involved in ureteric bud morphogenesis"/>
      <span end="2003" id="17425782-16793" start="1977">branching morphogenesis of</span>
      <span end="2020" id="17425782-16794" start="2008">ureteric bud</span>
    </annotation>
    <annotation annotator="Mike Bada, University of Colorado Anschutz Medical Campus" id="GO_BP_2016_02_16_Instance_44227" type="identity">
      <class id="GO:0001822" label="kidney development"/>
      <span end="2046" id="17425782-16984" start="2028">kidney development</span>
    </annotation>
    <annotation annotator="Mike Bada, University of Colorado Anschutz Medical Campus" id="GO_BP_2016_02_16_Instance_220328" type="identity">
      <class id="GO:0060070" label="canonical Wnt signaling pathway"/>
      <span end="2334" id="17425782-16858" start="2311">canonical Wnt signaling</span>
    </annotation>
    <annotation annotator="Mike Bada, University of Colorado Anschutz Medical Campus" id="GO_BP_2016_02_16_Instance_17867" type="identity">
      <class id="GO:0016055" label="Wnt signaling pathway"/>
      <span end="2478" id="17425782-16734" start="2465">Wnt signaling</span>
    </annotation>
    <annotation annotator="Mike Bada, University of Colorado Anschutz Medical Campus" id="GO_BP_2016_02_16_Instance_44229" type="identity">
      <class id="GO:0001822" label="kidney development"/>
      <span end="2544" id="17425782-16986" start="2526">kidney development</span>
    </annotation>
    <annotation annotator="Mike Bada, University of Colorado Anschutz Medical Campus" id="GO_BP_2016_02_16_Instance_18121" type="identity">
      <class id="GO:0001822" label="kidney development"/>
      <span end="2647" id="17425782-16805" start="2634">nephrogenesis</span>
    </annotation>
    <annotation annotator="Mike Bada, University of Colorado Anschutz Medical Campus" id="GO_BP_2016_02_16_Instance_18123" type="identity">
      <class id="GO:0001822" label="kidney development"/>
      <span end="2851" id="17425782-16807" start="2838">nephrogenesis</span>
    </annotation>
    <annotation annotator="Mike Bada, University of Colorado Anschutz Medical Campus" id="GO_BP_2016_02_16_Instance_13225" type="identity">
      <class id="GO:0046903" label="secretion"/>
      <span end="2885" id="17425782-16606" start="2877">secreted</span>
    </annotation>
    <annotation annotator="Mike Bada, University of Colorado Anschutz Medical Campus" id="GO_BP_2016_02_16_Instance_43585" type="identity">
      <class id="GO:0010467" label="gene expression"/>
      <span end="3024" id="17425782-16974" start="3014">expression</span>
    </annotation>
    <annotation annotator="Mike Bada, University of Colorado Anschutz Medical Campus" id="GO_BP_2016_02_16_Instance_220334" type="identity">
      <class id="GO:0072006" label="nephron development"/>
      <span end="3134" id="17425782-16860" start="3117">nephron formation</span>
    </annotation>
    <annotation annotator="Mike Bada, University of Colorado Anschutz Medical Campus" id="GO_BP_2016_02_16_Instance_220338" type="identity">
      <class id="GO:0060070" label="canonical Wnt signaling pathway"/>
      <span end="3417" id="17425782-16862" start="3394">canonical Wnt signaling</span>
    </annotation>
    <annotation annotator="Mike Bada, University of Colorado Anschutz Medical Campus" id="GO_BP_2016_02_16_Instance_220340" type="identity">
      <class id="GO:0060070" label="canonical Wnt signaling pathway"/>
      <span end="3558" id="17425782-16864" start="3535">canonical Wnt signaling</span>
    </annotation>
    <annotation annotator="Mike Bada, University of Colorado Anschutz Medical Campus" id="GO_BP_2016_02_16_Instance_220342" type="identity">
      <class id="GO:0065003" label="macromolecular complex assembly"/>
      <span end="3627" id="17425782-16866" start="3615">formation of</span>
      <span end="3665" id="17425782-16867" start="3658">complex</span>
    </annotation>
    <annotation annotator="Mike Bada, University of Colorado Anschutz Medical Campus" id="GO_BP_2016_02_16_Instance_15207" type="identity">
      <class id="GO:0051170" label="nuclear import"/>
      <span end="4179" id="17425782-16622" start="4160">nuclear importation</span>
    </annotation>
    <annotation annotator="Mike Bada, University of Colorado Anschutz Medical Campus" id="GO_BP_2016_02_16_Instance_220348" type="identity">
      <class id="GO:0060070" label="canonical Wnt signaling pathway"/>
      <span end="4344" id="17425782-16869" start="4321">canonical Wnt signaling</span>
    </annotation>
    <annotation annotator="Mike Bada, University of Colorado Anschutz Medical Campus" id="GO_BP_2016_02_16_Instance_220350" type="identity">
      <class id="GO:0060070" label="canonical Wnt signaling pathway"/>
      <span end="4671" id="17425782-16871" start="4648">canonical Wnt signaling</span>
    </annotation>
    <annotation annotator="Mike Bada, University of Colorado Anschutz Medical Campus" id="GO_BP_2016_02_16_Instance_44235" type="identity">
      <class id="GO:0001822" label="kidney development"/>
      <span end="4697" id="17425782-16988" start="4679">kidney development</span>
    </annotation>
    <annotation annotator="Mike Bada, University of Colorado Anschutz Medical Campus" id="GO_BP_2016_02_16_Instance_220352" type="identity">
      <class id="GO:0060070" label="canonical Wnt signaling pathway"/>
      <span end="4809" id="17425782-16873" start="4786">canonical Wnt signaling</span>
    </annotation>
    <annotation annotator="Mike Bada, University of Colorado Anschutz Medical Campus" id="GO_BP_2016_02_16_Instance_10357" type="identity">
      <class id="GO:0010467" label="gene expression"/>
      <span end="4858" id="17425782-16588" start="4848">expression</span>
    </annotation>
    <annotation annotator="Mike Bada, University of Colorado Anschutz Medical Campus" id="GO_BP_2016_02_16_Instance_18081" type="identity">
      <class id="GO:0007567" label="parturition"/>
      <span end="4934" id="17425782-16784" start="4929">birth</span>
    </annotation>
    <annotation annotator="Mike Bada, University of Colorado Anschutz Medical Campus" id="GO_BP_2016_02_16_Instance_18091" type="identity">
      <class id="GO:0001658" label="branching involved in ureteric bud morphogenesis"/>
      <span end="5077" id="17425782-16796" start="5051">branching morphogenesis of</span>
      <span end="5094" id="17425782-16797" start="5082">ureteric bud</span>
    </annotation>
    <annotation annotator="Mike Bada, University of Colorado Anschutz Medical Campus" id="GO_BP_2016_02_16_Instance_220354" type="identity">
      <class id="GO:0072006" label="nephron development"/>
      <span end="5215" id="17425782-16875" start="5198">nephron formation</span>
    </annotation>
    <annotation annotator="Mike Bada, University of Colorado Anschutz Medical Campus" id="GO_BP_2016_02_16_Instance_220356" type="identity">
      <class id="GO:0060070" label="canonical Wnt signaling pathway"/>
      <span end="5411" id="17425782-16877" start="5388">canonical Wnt signaling</span>
    </annotation>
    <annotation annotator="Mike Bada, University of Colorado Anschutz Medical Campus" id="GO_BP_2016_02_16_Instance_18157" type="identity">
      <class id="GO:0007618" label="mating"/>
      <span end="5689" id="17425782-16831" start="5684">mated</span>
    </annotation>
    <annotation annotator="Mike Bada, University of Colorado Anschutz Medical Campus" id="GO_BP_2016_02_16_Instance_17881" type="identity">
      <class id="GO:0016055" label="Wnt signaling pathway"/>
      <span end="6131" id="17425782-16736" start="6118">Wnt signaling</span>
    </annotation>
    <annotation annotator="Mike Bada, University of Colorado Anschutz Medical Campus" id="GO_BP_2016_02_16_Instance_17883" type="identity">
      <class id="GO:0016055" label="Wnt signaling pathway"/>
      <span end="6343" id="17425782-16738" start="6330">Wnt signaling</span>
    </annotation>
    <annotation annotator="Mike Bada, University of Colorado Anschutz Medical Campus" id="GO_BP_2016_02_16_Instance_220358" type="identity">
      <class id="GO:0010467" label="gene expression"/>
      <span end="6386" id="17425782-16879" start="6376">expression</span>
    </annotation>
    <annotation annotator="Mike Bada, University of Colorado Anschutz Medical Campus" id="GO_BP_2016_02_16_Instance_18083" type="identity">
      <class id="GO:0007567" label="parturition"/>
      <span end="6609" id="17425782-16786" start="6604">birth</span>
    </annotation>
    <annotation annotator="Mike Bada, University of Colorado Anschutz Medical Campus" id="GO_BP_2016_02_16_Instance_18077" type="identity">
      <class id="GO:0016265" label="death"/>
      <span end="6641" id="17425782-16780" start="6637">died</span>
    </annotation>
    <annotation annotator="Mike Bada, University of Colorado Anschutz Medical Campus" id="GO_BP_2016_02_16_Instance_17885" type="identity">
      <class id="GO:0016055" label="Wnt signaling pathway"/>
      <span end="6789" id="17425782-16740" start="6776">Wnt signaling</span>
    </annotation>
    <annotation annotator="Mike Bada, University of Colorado Anschutz Medical Campus" id="GO_BP_2016_02_16_Instance_11259" type="identity">
      <class id="GO:0010467" label="gene expression"/>
      <span end="7991" id="17425782-16590" start="7981">Expression</span>
    </annotation>
    <annotation annotator="Mike Bada, University of Colorado Anschutz Medical Campus" id="GO_BP_2016_02_16_Instance_11261" type="identity">
      <class id="GO:0010467" label="gene expression"/>
      <span end="8110" id="17425782-16592" start="8100">expression</span>
    </annotation>
    <annotation annotator="Mike Bada, University of Colorado Anschutz Medical Campus" id="GO_BP_2016_02_16_Instance_11435" type="identity">
      <class id="GO:0010467" label="gene expression"/>
      <span end="8260" id="17425782-16594" start="8250">expression</span>
    </annotation>
    <annotation annotator="Mike Bada, University of Colorado Anschutz Medical Campus" id="GO_BP_2016_02_16_Instance_13129" type="identity">
      <class id="GO:0010467" label="gene expression"/>
      <span end="8357" id="17425782-16596" start="8348">expressed</span>
    </annotation>
    <annotation annotator="Mike Bada, University of Colorado Anschutz Medical Campus" id="GO_BP_2016_02_16_Instance_13131" type="identity">
      <class id="GO:0010467" label="gene expression"/>
      <span end="8496" id="17425782-16598" start="8486">expression</span>
    </annotation>
    <annotation annotator="Mike Bada, University of Colorado Anschutz Medical Campus" id="GO_BP_2016_02_16_Instance_13133" type="identity">
      <class id="GO:0010467" label="gene expression"/>
      <span end="8719" id="17425782-16600" start="8709">expression</span>
    </annotation>
    <annotation annotator="Mike Bada, University of Colorado Anschutz Medical Campus" id="GO_BP_2016_02_16_Instance_13135" type="identity">
      <class id="GO:0010467" label="gene expression"/>
      <span end="8803" id="17425782-16602" start="8793">expression</span>
    </annotation>
    <annotation annotator="Mike Bada, University of Colorado Anschutz Medical Campus" id="GO_BP_2016_02_16_Instance_13137" type="identity">
      <class id="GO:0010467" label="gene expression"/>
      <span end="8990" id="17425782-16604" start="8980">expression</span>
    </annotation>
    <annotation annotator="Mike Bada, University of Colorado Anschutz Medical Campus" id="GO_BP_2016_02_16_Instance_18125" type="identity">
      <class id="GO:0001822" label="kidney development"/>
      <span end="9440" id="17425782-16809" start="9427">nephrogenesis</span>
    </annotation>
    <annotation annotator="Mike Bada, University of Colorado Anschutz Medical Campus" id="GO_BP_2016_02_16_Instance_18027" type="identity">
      <class id="GO:0001822" label="kidney development"/>
      <span end="9534" id="17425782-16774" start="9517">renal development</span>
    </annotation>
    <annotation annotator="Mike Bada, University of Colorado Anschutz Medical Campus" id="GO_BP_2016_02_16_Instance_13227" type="identity">
      <class id="GO:0010467" label="gene expression"/>
      <span end="10298" id="17425782-16608" start="10289">expressed</span>
    </annotation>
    <annotation annotator="Mike Bada, University of Colorado Anschutz Medical Campus" id="GO_BP_2016_02_16_Instance_18127" type="identity">
      <class id="GO:0001822" label="kidney development"/>
      <span end="11147" id="17425782-16811" start="11134">nephrogenesis</span>
    </annotation>
    <annotation annotator="Mike Bada, University of Colorado Anschutz Medical Campus" id="GO_BP_2016_02_16_Instance_18129" type="identity">
      <class id="GO:0001822" label="kidney development"/>
      <span end="11333" id="17425782-16813" start="11320">nephrogenesis</span>
    </annotation>
    <annotation annotator="Mike Bada, University of Colorado Anschutz Medical Campus" id="GO_BP_2016_02_16_Instance_220360" type="identity">
      <class id="GO:0010467" label="gene expression"/>
      <span end="12218" id="17425782-16881" start="12208">expression</span>
    </annotation>
    <annotation annotator="Mike Bada, University of Colorado Anschutz Medical Campus" id="GO_BP_2016_02_16_Instance_13753" type="identity">
      <class id="GO:0010467" label="gene expression"/>
      <span end="12273" id="17425782-16610" start="12264">expressed</span>
    </annotation>
    <annotation annotator="Mike Bada, University of Colorado Anschutz Medical Campus" id="GO_BP_2016_02_16_Instance_14535" type="identity">
      <class id="GO:0010467" label="gene expression"/>
      <span end="12440" id="17425782-16612" start="12430">expression</span>
    </annotation>
    <annotation annotator="Mike Bada, University of Colorado Anschutz Medical Campus" id="GO_BP_2016_02_16_Instance_14869" type="identity">
      <class id="GO:0010467" label="gene expression"/>
      <span end="12739" id="17425782-16614" start="12729">Expression</span>
    </annotation>
    <annotation annotator="Mike Bada, University of Colorado Anschutz Medical Campus" id="GO_BP_2016_02_16_Instance_15115" type="identity">
      <class id="GO:0010467" label="gene expression"/>
      <span end="13056" id="17425782-16616" start="13046">expression</span>
    </annotation>
    <annotation annotator="Mike Bada, University of Colorado Anschutz Medical Campus" id="GO_BP_2016_02_16_Instance_220362" type="identity">
      <class id="GO:0060070" label="canonical Wnt signaling pathway"/>
      <span end="13234" id="17425782-16883" start="13211">canonical Wnt signaling</span>
    </annotation>
    <annotation annotator="Mike Bada, University of Colorado Anschutz Medical Campus" id="GO_BP_2016_02_16_Instance_220364" type="identity">
      <class id="GO:0060070" label="canonical Wnt signaling pathway"/>
      <span end="13320" id="17425782-16885" start="13297">canonical Wnt signaling</span>
    </annotation>
    <annotation annotator="Mike Bada, University of Colorado Anschutz Medical Campus" id="GO_BP_2016_02_16_Instance_17891" type="identity">
      <class id="GO:0016055" label="Wnt signaling pathway"/>
      <span end="13370" id="17425782-16742" start="13357">Wnt signaling</span>
    </annotation>
    <annotation annotator="Mike Bada, University of Colorado Anschutz Medical Campus" id="GO_BP_2016_02_16_Instance_220366" type="identity">
      <class id="GO:0060070" label="canonical Wnt signaling pathway"/>
      <span end="13491" id="17425782-16887" start="13468">canonical Wnt signaling</span>
    </annotation>
    <annotation annotator="Mike Bada, University of Colorado Anschutz Medical Campus" id="GO_BP_2016_02_16_Instance_17895" type="identity">
      <class id="GO:0016055" label="Wnt signaling pathway"/>
      <span end="13701" id="17425782-16744" start="13688">Wnt signaling</span>
    </annotation>
    <annotation annotator="Mike Bada, University of Colorado Anschutz Medical Campus" id="GO_BP_2016_02_16_Instance_220368" type="identity">
      <class id="GO:0060070" label="canonical Wnt signaling pathway"/>
      <span end="13808" id="17425782-16889" start="13785">canonical Wnt signaling</span>
    </annotation>
    <annotation annotator="Mike Bada, University of Colorado Anschutz Medical Campus" id="GO_BP_2016_02_16_Instance_220372" type="identity">
      <class id="GO:0060070" label="canonical Wnt signaling pathway"/>
      <span end="13895" id="17425782-16891" start="13872">canonical Wnt signaling</span>
    </annotation>
    <annotation annotator="Mike Bada, University of Colorado Anschutz Medical Campus" id="GO_BP_2016_02_16_Instance_220374" type="identity">
      <class id="GO:0060070" label="canonical Wnt signaling pathway"/>
      <span end="14018" id="17425782-16893" start="13995">canonical Wnt signaling</span>
    </annotation>
    <annotation annotator="Mike Bada, University of Colorado Anschutz Medical Campus" id="GO_BP_2016_02_16_Instance_15117" type="identity">
      <class id="GO:0010467" label="gene expression"/>
      <span end="14332" id="17425782-16618" start="14322">expression</span>
    </annotation>
    <annotation annotator="Mike Bada, University of Colorado Anschutz Medical Campus" id="GO_BP_2016_02_16_Instance_15119" type="identity">
      <class id="GO:0010467" label="gene expression"/>
      <span end="14552" id="17425782-16620" start="14542">expression</span>
    </annotation>
    <annotation annotator="Mike Bada, University of Colorado Anschutz Medical Campus" id="GO_BP_2016_02_16_Instance_15439" type="identity">
      <class id="GO:0010467" label="gene expression"/>
      <span end="14655" id="17425782-16624" start="14645">expression</span>
    </annotation>
    <annotation annotator="Mike Bada, University of Colorado Anschutz Medical Campus" id="GO_BP_2016_02_16_Instance_220376" type="identity">
      <class id="GO:0060070" label="canonical Wnt signaling pathway"/>
      <span end="14700" id="17425782-16895" start="14677">canonical Wnt signaling</span>
    </annotation>
    <annotation annotator="Mike Bada, University of Colorado Anschutz Medical Campus" id="GO_BP_2016_02_16_Instance_15559" type="identity">
      <class id="GO:0010467" label="gene expression"/>
      <span end="15019" id="17425782-16626" start="15009">expression</span>
    </annotation>
    <annotation annotator="Mike Bada, University of Colorado Anschutz Medical Campus" id="GO_BP_2016_02_16_Instance_220378" type="identity">
      <class id="GO:0060070" label="canonical Wnt signaling pathway"/>
      <span end="15169" id="17425782-16897" start="15146">canonical Wnt signaling</span>
    </annotation>
    <annotation annotator="Mike Bada, University of Colorado Anschutz Medical Campus" id="GO_BP_2016_02_16_Instance_17045" type="identity">
      <class id="GO:0010467" label="gene expression"/>
      <span end="15289" id="17425782-16628" start="15279">expression</span>
    </annotation>
    <annotation annotator="Mike Bada, University of Colorado Anschutz Medical Campus" id="GO_BP_2016_02_16_Instance_17047" type="identity">
      <class id="GO:0010467" label="gene expression"/>
      <span end="15361" id="17425782-16630" start="15351">expression</span>
    </annotation>
    <annotation annotator="Mike Bada, University of Colorado Anschutz Medical Campus" id="GO_BP_2016_02_16_Instance_17049" type="identity">
      <class id="GO:0010467" label="gene expression"/>
      <span end="15557" id="17425782-16632" start="15547">expression</span>
    </annotation>
    <annotation annotator="Mike Bada, University of Colorado Anschutz Medical Campus" id="GO_BP_2016_02_16_Instance_17051" type="identity">
      <class id="GO:0010467" label="gene expression"/>
      <span end="15633" id="17425782-16634" start="15623">expression</span>
    </annotation>
    <annotation annotator="Mike Bada, University of Colorado Anschutz Medical Campus" id="GO_BP_2016_02_16_Instance_17053" type="identity">
      <class id="GO:0010467" label="gene expression"/>
      <span end="16221" id="17425782-16636" start="16211">expression</span>
    </annotation>
    <annotation annotator="Mike Bada, University of Colorado Anschutz Medical Campus" id="GO_BP_2016_02_16_Instance_17497" type="identity">
      <class id="GO:0010467" label="gene expression"/>
      <span end="16788" id="17425782-16638" start="16778">expression</span>
    </annotation>
    <annotation annotator="Mike Bada, University of Colorado Anschutz Medical Campus" id="GO_BP_2016_02_16_Instance_17499" type="identity">
      <class id="GO:0010467" label="gene expression"/>
      <span end="16929" id="17425782-16640" start="16919">expression</span>
    </annotation>
    <annotation annotator="Mike Bada, University of Colorado Anschutz Medical Campus" id="GO_BP_2016_02_16_Instance_17501" type="identity">
      <class id="GO:0010467" label="gene expression"/>
      <span end="17029" id="17425782-16642" start="17019">expression</span>
    </annotation>
    <annotation annotator="Mike Bada, University of Colorado Anschutz Medical Campus" id="GO_BP_2016_02_16_Instance_17503" type="identity">
      <class id="GO:0010467" label="gene expression"/>
      <span end="17132" id="17425782-16644" start="17122">expression</span>
    </annotation>
    <annotation annotator="Mike Bada, University of Colorado Anschutz Medical Campus" id="GO_BP_2016_02_16_Instance_17505" type="identity">
      <class id="GO:0010467" label="gene expression"/>
      <span end="17545" id="17425782-16646" start="17535">expression</span>
    </annotation>
    <annotation annotator="Mike Bada, University of Colorado Anschutz Medical Campus" id="GO_BP_2016_02_16_Instance_220380" type="identity">
      <class id="GO:0060070" label="canonical Wnt signaling pathway"/>
      <span end="18207" id="17425782-16899" start="18184">canonical Wnt signaling</span>
    </annotation>
    <annotation annotator="Mike Bada, University of Colorado Anschutz Medical Campus" id="GO_BP_2016_02_16_Instance_17507" type="identity">
      <class id="GO:0010467" label="gene expression"/>
      <span end="18263" id="17425782-16648" start="18253">expression</span>
    </annotation>
    <annotation annotator="Mike Bada, University of Colorado Anschutz Medical Campus" id="GO_BP_2016_02_16_Instance_17509" type="identity">
      <class id="GO:0010467" label="gene expression"/>
      <span end="18596" id="17425782-16650" start="18586">expression</span>
    </annotation>
    <annotation annotator="Mike Bada, University of Colorado Anschutz Medical Campus" id="GO_BP_2016_02_16_Instance_220382" type="identity">
      <class id="GO:0060070" label="canonical Wnt signaling pathway"/>
      <span end="18666" id="17425782-16901" start="18643">canonical Wnt signaling</span>
    </annotation>
    <annotation annotator="Mike Bada, University of Colorado Anschutz Medical Campus" id="GO_BP_2016_02_16_Instance_17677" type="identity">
      <class id="GO:0010467" label="gene expression"/>
      <span end="18759" id="17425782-16652" start="18749">expression</span>
    </annotation>
    <annotation annotator="Mike Bada, University of Colorado Anschutz Medical Campus" id="GO_BP_2016_02_16_Instance_17679" type="identity">
      <class id="GO:0010467" label="gene expression"/>
      <span end="18881" id="17425782-16654" start="18871">expression</span>
    </annotation>
    <annotation annotator="Mike Bada, University of Colorado Anschutz Medical Campus" id="GO_BP_2016_02_16_Instance_17681" type="identity">
      <class id="GO:0010467" label="gene expression"/>
      <span end="19000" id="17425782-16656" start="18990">expression</span>
    </annotation>
    <annotation annotator="Mike Bada, University of Colorado Anschutz Medical Campus" id="GO_BP_2016_02_16_Instance_17683" type="identity">
      <class id="GO:0010467" label="gene expression"/>
      <span end="19112" id="17425782-16658" start="19102">expression</span>
    </annotation>
    <annotation annotator="Mike Bada, University of Colorado Anschutz Medical Campus" id="GO_BP_2016_02_16_Instance_17685" type="identity">
      <class id="GO:0010467" label="gene expression"/>
      <span end="19328" id="17425782-16660" start="19318">expression</span>
    </annotation>
    <annotation annotator="Mike Bada, University of Colorado Anschutz Medical Campus" id="GO_BP_2016_02_16_Instance_220384" type="identity">
      <class id="GO:0060070" label="canonical Wnt signaling pathway"/>
      <span end="19499" id="17425782-16903" start="19476">canonical Wnt signaling</span>
    </annotation>
    <annotation annotator="Mike Bada, University of Colorado Anschutz Medical Campus" id="GO_BP_2016_02_16_Instance_220386" type="identity">
      <class id="GO:0060070" label="canonical Wnt signaling pathway"/>
      <span end="20195" id="17425782-16905" start="20172">canonical Wnt signaling</span>
    </annotation>
    <annotation annotator="Mike Bada, University of Colorado Anschutz Medical Campus" id="GO_BP_2016_02_16_Instance_17687" type="identity">
      <class id="GO:0010467" label="gene expression"/>
      <span end="20304" id="17425782-16662" start="20294">expression</span>
    </annotation>
    <annotation annotator="Mike Bada, University of Colorado Anschutz Medical Campus" id="GO_BP_2016_02_16_Instance_17689" type="identity">
      <class id="GO:0010467" label="gene expression"/>
      <span end="20578" id="17425782-16664" start="20568">expression</span>
    </annotation>
    <annotation annotator="Mike Bada, University of Colorado Anschutz Medical Campus" id="GO_BP_2016_02_16_Instance_17691" type="identity">
      <class id="GO:0010467" label="gene expression"/>
      <span end="20753" id="17425782-16666" start="20743">expression</span>
    </annotation>
    <annotation annotator="Mike Bada, University of Colorado Anschutz Medical Campus" id="GO_BP_2016_02_16_Instance_220388" type="identity">
      <class id="GO:0060070" label="canonical Wnt signaling pathway"/>
      <span end="20822" id="17425782-16907" start="20799">canonical Wnt signaling</span>
    </annotation>
    <annotation annotator="Mike Bada, University of Colorado Anschutz Medical Campus" id="GO_BP_2016_02_16_Instance_17693" type="identity">
      <class id="GO:0010467" label="gene expression"/>
      <span end="20851" id="17425782-16668" start="20841">expression</span>
    </annotation>
    <annotation annotator="Mike Bada, University of Colorado Anschutz Medical Campus" id="GO_BP_2016_02_16_Instance_220390" type="identity">
      <class id="GO:0060070" label="canonical Wnt signaling pathway"/>
      <span end="21228" id="17425782-16909" start="21205">canonical Wnt signaling</span>
    </annotation>
    <annotation annotator="Mike Bada, University of Colorado Anschutz Medical Campus" id="GO_BP_2016_02_16_Instance_17695" type="identity">
      <class id="GO:0010467" label="gene expression"/>
      <span end="21347" id="17425782-16670" start="21337">expression</span>
    </annotation>
    <annotation annotator="Mike Bada, University of Colorado Anschutz Medical Campus" id="GO_BP_2016_02_16_Instance_17697" type="identity">
      <class id="GO:0010467" label="gene expression"/>
      <span end="21572" id="17425782-16672" start="21562">expression</span>
    </annotation>
    <annotation annotator="Mike Bada, University of Colorado Anschutz Medical Campus" id="GO_BP_2016_02_16_Instance_17699" type="identity">
      <class id="GO:0010467" label="gene expression"/>
      <span end="21656" id="17425782-16674" start="21646">expression</span>
    </annotation>
    <annotation annotator="Mike Bada, University of Colorado Anschutz Medical Campus" id="GO_BP_2016_02_16_Instance_17701" type="identity">
      <class id="GO:0010467" label="gene expression"/>
      <span end="21729" id="17425782-16676" start="21719">expression</span>
    </annotation>
    <annotation annotator="Mike Bada, University of Colorado Anschutz Medical Campus" id="GO_BP_2016_02_16_Instance_17703" type="identity">
      <class id="GO:0010467" label="gene expression"/>
      <span end="21944" id="17425782-16678" start="21934">expression</span>
    </annotation>
    <annotation annotator="Mike Bada, University of Colorado Anschutz Medical Campus" id="GO_BP_2016_02_16_Instance_220392" type="identity">
      <class id="GO:0060070" label="canonical Wnt signaling pathway"/>
      <span end="22203" id="17425782-16911" start="22180">canonical Wnt signaling</span>
    </annotation>
    <annotation annotator="Mike Bada, University of Colorado Anschutz Medical Campus" id="GO_BP_2016_02_16_Instance_220394" type="identity">
      <class id="GO:0060070" label="canonical Wnt signaling pathway"/>
      <span end="22326" id="17425782-16913" start="22303">canonical Wnt signaling</span>
    </annotation>
    <annotation annotator="Mike Bada, University of Colorado Anschutz Medical Campus" id="GO_BP_2016_02_16_Instance_17705" type="identity">
      <class id="GO:0010467" label="gene expression"/>
      <span end="22394" id="17425782-16680" start="22384">expression</span>
    </annotation>
    <annotation annotator="Mike Bada, University of Colorado Anschutz Medical Campus" id="GO_BP_2016_02_16_Instance_220396" type="identity">
      <class id="GO:0060070" label="canonical Wnt signaling pathway"/>
      <span end="22450" id="17425782-16915" start="22427">canonical Wnt signaling</span>
    </annotation>
    <annotation annotator="Mike Bada, University of Colorado Anschutz Medical Campus" id="GO_BP_2016_02_16_Instance_18131" type="identity">
      <class id="GO:0001822" label="kidney development"/>
      <span end="22501" id="17425782-16815" start="22488">nephrogenesis</span>
    </annotation>
    <annotation annotator="Mike Bada, University of Colorado Anschutz Medical Campus" id="GO_BP_2016_02_16_Instance_220398" type="identity">
      <class id="GO:0060070" label="canonical Wnt signaling pathway"/>
      <span end="22629" id="17425782-16917" start="22606">canonical Wnt signaling</span>
    </annotation>
    <annotation annotator="Mike Bada, University of Colorado Anschutz Medical Campus" id="GO_BP_2016_02_16_Instance_220400" type="identity">
      <class id="GO:0060070" label="canonical Wnt signaling pathway"/>
      <span end="22796" id="17425782-16919" start="22773">canonical Wnt signaling</span>
    </annotation>
    <annotation annotator="Mike Bada, University of Colorado Anschutz Medical Campus" id="GO_BP_2016_02_16_Instance_18133" type="identity">
      <class id="GO:0001822" label="kidney development"/>
      <span end="22874" id="17425782-16817" start="22861">nephrogenesis</span>
    </annotation>
    <annotation annotator="Mike Bada, University of Colorado Anschutz Medical Campus" id="GO_BP_2016_02_16_Instance_18135" type="identity">
      <class id="GO:0001822" label="kidney development"/>
      <span end="22983" id="17425782-16819" start="22970">nephrogenesis</span>
    </annotation>
    <annotation annotator="Mike Bada, University of Colorado Anschutz Medical Campus" id="GO_BP_2016_02_16_Instance_17707" type="identity">
      <class id="GO:0010467" label="gene expression"/>
      <span end="23035" id="17425782-16682" start="23025">expression</span>
    </annotation>
    <annotation annotator="Mike Bada, University of Colorado Anschutz Medical Campus" id="GO_BP_2016_02_16_Instance_220402" type="identity">
      <class id="GO:0060070" label="canonical Wnt signaling pathway"/>
      <span end="23139" id="17425782-16921" start="23116">canonical Wnt signaling</span>
    </annotation>
    <annotation annotator="Mike Bada, University of Colorado Anschutz Medical Campus" id="GO_BP_2016_02_16_Instance_44239" type="identity">
      <class id="GO:0010467" label="gene expression"/>
      <span end="23304" id="17425782-16990" start="23289">gene expression</span>
    </annotation>
    <annotation annotator="Mike Bada, University of Colorado Anschutz Medical Campus" id="GO_BP_2016_02_16_Instance_44241" type="identity">
      <class id="GO:0010467" label="gene expression"/>
      <span end="23407" id="17425782-16992" start="23392">gene expression</span>
    </annotation>
    <annotation annotator="Mike Bada, University of Colorado Anschutz Medical Campus" id="GO_BP_2016_02_16_Instance_31081" type="identity">
      <class id="GO:0065007" label="biological regulation"/>
      <span end="23464" id="17425782-16966" start="23456">monitors</span>
    </annotation>
    <annotation annotator="Mike Bada, University of Colorado Anschutz Medical Campus" id="GO_BP_2016_02_16_Instance_17931" type="identity">
      <class id="GO:0016055" label="Wnt signaling pathway"/>
      <span end="23510" id="17425782-16746" start="23497">Wnt signaling</span>
    </annotation>
    <annotation annotator="Mike Bada, University of Colorado Anschutz Medical Campus" id="GO_BP_2016_02_16_Instance_17709" type="identity">
      <class id="GO:0010467" label="gene expression"/>
      <span end="23556" id="17425782-16684" start="23546">expression</span>
    </annotation>
    <annotation annotator="Mike Bada, University of Colorado Anschutz Medical Campus" id="GO_BP_2016_02_16_Instance_17711" type="identity">
      <class id="GO:0010467" label="gene expression"/>
      <span end="24156" id="17425782-16686" start="24147">expressed</span>
    </annotation>
    <annotation annotator="Mike Bada, University of Colorado Anschutz Medical Campus" id="GO_BP_2016_02_16_Instance_18177" type="identity">
      <class id="GO:0046323" label="glucose import"/>
      <span end="24306" id="17425782-16839" start="24292">glucose uptake</span>
    </annotation>
    <annotation annotator="Mike Bada, University of Colorado Anschutz Medical Campus" id="GO_BP_2016_02_16_Instance_17713" type="identity">
      <class id="GO:0010467" label="gene expression"/>
      <span end="24394" id="17425782-16688" start="24385">expressed</span>
    </annotation>
    <annotation annotator="Mike Bada, University of Colorado Anschutz Medical Campus" id="GO_BP_2016_02_16_Instance_17715" type="identity">
      <class id="GO:0010467" label="gene expression"/>
      <span end="24590" id="17425782-16690" start="24581">expressed</span>
    </annotation>
    <annotation annotator="Mike Bada, University of Colorado Anschutz Medical Campus" id="GO_BP_2016_02_16_Instance_44243" type="identity">
      <class id="GO:0048771" label="tissue remodeling"/>
      <span end="24994" id="17425782-16994" start="24977">tissue remodeling</span>
    </annotation>
    <annotation annotator="Mike Bada, University of Colorado Anschutz Medical Campus" id="GO_BP_2016_02_16_Instance_44245" type="identity">
      <class id="GO:0008217" label="regulation of blood pressure"/>
      <span end="25028" id="17425782-16996" start="25000">regulation of blood pressure</span>
    </annotation>
    <annotation annotator="Mike Bada, University of Colorado Anschutz Medical Campus" id="GO_BP_2016_02_16_Instance_44247" type="identity">
      <class id="GO:0042752" label="regulation of circadian rhythm"/>
      <span end="25378" id="17425782-16998" start="25347">regulation of circadian rhythms</span>
    </annotation>
    <annotation annotator="Mike Bada, University of Colorado Anschutz Medical Campus" id="GO_BP_2016_02_16_Instance_17717" type="identity">
      <class id="GO:0010467" label="gene expression"/>
      <span end="25393" id="17425782-16692" start="25384">expressed</span>
    </annotation>
    <annotation annotator="Mike Bada, University of Colorado Anschutz Medical Campus" id="GO_BP_2016_02_16_Instance_18171" type="identity">
      <class id="GO:0065007" label="biological regulation"/>
      <span end="25457" id="17425782-16837" start="25449">regulate</span>
    </annotation>
    <annotation annotator="Mike Bada, University of Colorado Anschutz Medical Campus" id="GO_BP_2016_02_16_Instance_220414" type="identity">
      <class id="GO:0001763" label="morphogenesis of a branching structure"/>
      <span end="25490" id="17425782-16923" start="25467">branching morphogenesis</span>
    </annotation>
    <annotation annotator="Mike Bada, University of Colorado Anschutz Medical Campus" id="GO_BP_2016_02_16_Instance_17719" type="identity">
      <class id="GO:0010467" label="gene expression"/>
      <span end="25551" id="17425782-16694" start="25541">expression</span>
    </annotation>
    <annotation annotator="Mike Bada, University of Colorado Anschutz Medical Campus" id="GO_BP_2016_02_16_Instance_17721" type="identity">
      <class id="GO:0010467" label="gene expression"/>
      <span end="25856" id="17425782-16696" start="25846">expression</span>
    </annotation>
    <annotation annotator="Mike Bada, University of Colorado Anschutz Medical Campus" id="GO_BP_2016_02_16_Instance_17723" type="identity">
      <class id="GO:0010467" label="gene expression"/>
      <span end="25925" id="17425782-16698" start="25915">expression</span>
    </annotation>
    <annotation annotator="Mike Bada, University of Colorado Anschutz Medical Campus" id="GO_BP_2016_02_16_Instance_17725" type="identity">
      <class id="GO:0010467" label="gene expression"/>
      <span end="26018" id="17425782-16700" start="26008">expression</span>
    </annotation>
    <annotation annotator="Mike Bada, University of Colorado Anschutz Medical Campus" id="GO_BP_2016_02_16_Instance_220418" type="identity">
      <class id="GO:0010467" label="gene expression"/>
      <span end="26142" id="17425782-16925" start="26132">expression</span>
    </annotation>
    <annotation annotator="Mike Bada, University of Colorado Anschutz Medical Campus" id="GO_BP_2016_02_16_Instance_17933" type="identity">
      <class id="GO:0016055" label="Wnt signaling pathway"/>
      <span end="26176" id="17425782-16748" start="26163">Wnt signaling</span>
    </annotation>
    <annotation annotator="Mike Bada, University of Colorado Anschutz Medical Campus" id="GO_BP_2016_02_16_Instance_44249" type="identity">
      <class id="GO:0010467" label="gene expression"/>
      <span end="26251" id="17425782-17000" start="26236">Gene expression</span>
    </annotation>
    <annotation annotator="Mike Bada, University of Colorado Anschutz Medical Campus" id="GO_BP_2016_02_16_Instance_17935" type="identity">
      <class id="GO:0016055" label="Wnt signaling pathway"/>
      <span end="26283" id="17425782-16750" start="26270">Wnt signaling</span>
    </annotation>
    <annotation annotator="Mike Bada, University of Colorado Anschutz Medical Campus" id="GO_BP_2016_02_16_Instance_17729" type="identity">
      <class id="GO:0010467" label="gene expression"/>
      <span end="26606" id="17425782-16702" start="26596">expression</span>
    </annotation>
    <annotation annotator="Mike Bada, University of Colorado Anschutz Medical Campus" id="GO_BP_2016_02_16_Instance_17731" type="identity">
      <class id="GO:0010467" label="gene expression"/>
      <span end="26653" id="17425782-16704" start="26643">expression</span>
    </annotation>
    <annotation annotator="Mike Bada, University of Colorado Anschutz Medical Campus" id="GO_BP_2016_02_16_Instance_17733" type="identity">
      <class id="GO:0010467" label="gene expression"/>
      <span end="26783" id="17425782-16706" start="26773">expression</span>
    </annotation>
    <annotation annotator="Mike Bada, University of Colorado Anschutz Medical Campus" id="GO_BP_2016_02_16_Instance_44251" type="identity">
      <class id="GO:0010467" label="gene expression"/>
      <span end="27242" id="17425782-17002" start="27227">gene expression</span>
    </annotation>
    <annotation annotator="Mike Bada, University of Colorado Anschutz Medical Campus" id="GO_BP_2016_02_16_Instance_220420" type="identity">
      <class id="GO:0060070" label="canonical Wnt signaling pathway"/>
      <span end="27417" id="17425782-16927" start="27394">canonical Wnt signaling</span>
    </annotation>
    <annotation annotator="Mike Bada, University of Colorado Anschutz Medical Campus" id="GO_BP_2016_02_16_Instance_17939" type="identity">
      <class id="GO:0016055" label="Wnt signaling pathway"/>
      <span end="27470" id="17425782-16752" start="27457">Wnt signaling</span>
    </annotation>
    <annotation annotator="Mike Bada, University of Colorado Anschutz Medical Campus" id="GO_BP_2016_02_16_Instance_17941" type="identity">
      <class id="GO:0016055" label="Wnt signaling pathway"/>
      <span end="27621" id="17425782-16754" start="27608">Wnt signaling</span>
    </annotation>
    <annotation annotator="Mike Bada, University of Colorado Anschutz Medical Campus" id="GO_BP_2016_02_16_Instance_22657" type="identity">
      <class id="GO:0007417" label="central nervous system development"/>
      <span end="27794" id="17425782-16961" start="27772">central nervous system</span>
      <span end="27819" id="17425782-16962" start="27808">development</span>
    </annotation>
    <annotation annotator="Mike Bada, University of Colorado Anschutz Medical Campus" id="GO_BP_2016_02_16_Instance_18057" type="identity">
      <class id="GO:0007507" label="heart development"/>
      <span end="27819" id="17425782-16776" start="27800">cardiac development</span>
    </annotation>
    <annotation annotator="Mike Bada, University of Colorado Anschutz Medical Campus" id="GO_BP_2016_02_16_Instance_18085" type="identity">
      <class id="GO:0007567" label="parturition"/>
      <span end="28099" id="17425782-16788" start="28094">birth</span>
    </annotation>
    <annotation annotator="Mike Bada, University of Colorado Anschutz Medical Campus" id="GO_BP_2016_02_16_Instance_17735" type="identity">
      <class id="GO:0010467" label="gene expression"/>
      <span end="28385" id="17425782-16708" start="28375">expression</span>
    </annotation>
    <annotation annotator="Mike Bada, University of Colorado Anschutz Medical Campus" id="GO_BP_2016_02_16_Instance_44253" type="identity">
      <class id="GO:0006338" label="chromatin remodeling"/>
      <span end="28979" id="17425782-17004" start="28959">chromatin remodeling</span>
    </annotation>
    <annotation annotator="Mike Bada, University of Colorado Anschutz Medical Campus" id="GO_BP_2016_02_16_Instance_17943" type="identity">
      <class id="GO:0016055" label="Wnt signaling pathway"/>
      <span end="29175" id="17425782-16756" start="29162">Wnt signaling</span>
    </annotation>
    <annotation annotator="Mike Bada, University of Colorado Anschutz Medical Campus" id="GO_BP_2016_02_16_Instance_18181" type="identity">
      <class id="GO:0009790" label="embryo development"/>
      <span end="29206" id="17425782-16841" start="29193">embryogenesis</span>
    </annotation>
    <annotation annotator="Mike Bada, University of Colorado Anschutz Medical Campus" id="GO_BP_2016_02_16_Instance_44255" type="identity">
      <class id="GO:0007444" label="imaginal disc development"/>
      <span end="29236" id="17425782-17006" start="29211">imaginal disc development</span>
    </annotation>
    <annotation annotator="Mike Bada, University of Colorado Anschutz Medical Campus" id="GO_BP_2016_02_16_Instance_17945" type="identity">
      <class id="GO:0016055" label="Wnt signaling pathway"/>
      <span end="29742" id="17425782-16758" start="29729">Wnt signaling</span>
    </annotation>
    <annotation annotator="Mike Bada, University of Colorado Anschutz Medical Campus" id="GO_BP_2016_02_16_Instance_18137" type="identity">
      <class id="GO:0001822" label="kidney development"/>
      <span end="29821" id="17425782-16821" start="29808">nephrogenesis</span>
    </annotation>
    <annotation annotator="Mike Bada, University of Colorado Anschutz Medical Campus" id="GO_BP_2016_02_16_Instance_18139" type="identity">
      <class id="GO:0001822" label="kidney development"/>
      <span end="29920" id="17425782-16823" start="29907">nephrogenesis</span>
    </annotation>
    <annotation annotator="Mike Bada, University of Colorado Anschutz Medical Campus" id="GO_BP_2016_02_16_Instance_18141" type="identity">
      <class id="GO:0001822" label="kidney development"/>
      <span end="30042" id="17425782-16825" start="30029">nephrogenesis</span>
    </annotation>
    <annotation annotator="Mike Bada, University of Colorado Anschutz Medical Campus" id="GO_BP_2016_02_16_Instance_17737" type="identity">
      <class id="GO:0010467" label="gene expression"/>
      <span end="30131" id="17425782-16710" start="30121">expression</span>
    </annotation>
    <annotation annotator="Mike Bada, University of Colorado Anschutz Medical Campus" id="GO_BP_2016_02_16_Instance_44257" type="identity">
      <class id="GO:0001822" label="kidney development"/>
      <span end="30237" id="17425782-17008" start="30219">kidney development</span>
    </annotation>
    <annotation annotator="Mike Bada, University of Colorado Anschutz Medical Campus" id="GO_BP_2016_02_16_Instance_220426" type="identity">
      <class id="GO:0060070" label="canonical Wnt signaling pathway"/>
      <span end="30319" id="17425782-16929" start="30296">canonical Wnt signaling</span>
    </annotation>
    <annotation annotator="Mike Bada, University of Colorado Anschutz Medical Campus" id="GO_BP_2016_02_16_Instance_17949" type="identity">
      <class id="GO:0016055" label="Wnt signaling pathway"/>
      <span end="30487" id="17425782-16760" start="30474">Wnt signaling</span>
    </annotation>
    <annotation annotator="Mike Bada, University of Colorado Anschutz Medical Campus" id="GO_BP_2016_02_16_Instance_220430" type="identity">
      <class id="GO:0060070" label="canonical Wnt signaling pathway"/>
      <span end="30681" id="17425782-16931" start="30658">canonical Wnt signaling</span>
    </annotation>
    <annotation annotator="Mike Bada, University of Colorado Anschutz Medical Campus" id="GO_BP_2016_02_16_Instance_18101" type="identity">
      <class id="GO:0001658" label="branching involved in ureteric bud morphogenesis"/>
      <span end="30711" id="17425782-16799" start="30685">branching morphogenesis of</span>
      <span end="30728" id="17425782-16800" start="30716">ureteric bud</span>
    </annotation>
    <annotation annotator="Mike Bada, University of Colorado Anschutz Medical Campus" id="GO_BP_2016_02_16_Instance_17953" type="identity">
      <class id="GO:0016055" label="Wnt signaling pathway"/>
      <span end="30787" id="17425782-16762" start="30774">Wnt signaling</span>
    </annotation>
    <annotation annotator="Mike Bada, University of Colorado Anschutz Medical Campus" id="GO_BP_2016_02_16_Instance_17955" type="identity">
      <class id="GO:0016055" label="Wnt signaling pathway"/>
      <span end="30923" id="17425782-16764" start="30910">Wnt signaling</span>
    </annotation>
    <annotation annotator="Mike Bada, University of Colorado Anschutz Medical Campus" id="GO_BP_2016_02_16_Instance_18277" type="identity">
      <class id="GO:0001658" label="branching involved in ureteric bud morphogenesis"/>
      <span end="31078" id="17425782-16847" start="31052">branching morphogenesis of</span>
      <span end="31095" id="17425782-16848" start="31083">ureteric bud</span>
    </annotation>
    <annotation annotator="Mike Bada, University of Colorado Anschutz Medical Campus" id="GO_BP_2016_02_16_Instance_220434" type="identity">
      <class id="GO:0060070" label="canonical Wnt signaling pathway"/>
      <span end="31401" id="17425782-16933" start="31378">canonical Wnt signaling</span>
    </annotation>
    <annotation annotator="Mike Bada, University of Colorado Anschutz Medical Campus" id="GO_BP_2016_02_16_Instance_17959" type="identity">
      <class id="GO:0016055" label="Wnt signaling pathway"/>
      <span end="31483" id="17425782-16766" start="31470">Wnt signaling</span>
    </annotation>
    <annotation annotator="Mike Bada, University of Colorado Anschutz Medical Campus" id="GO_BP_2016_02_16_Instance_220436" type="identity">
      <class id="GO:0035860" label="glial cell-derived neurotrophic factor receptor signaling pathway"/>
      <span end="31542" id="17425782-16935" start="31528">GDNF signaling</span>
    </annotation>
    <annotation annotator="Mike Bada, University of Colorado Anschutz Medical Campus" id="GO_BP_2016_02_16_Instance_17961" type="identity">
      <class id="GO:0016055" label="Wnt signaling pathway"/>
      <span end="31646" id="17425782-16768" start="31633">Wnt signaling</span>
    </annotation>
    <annotation annotator="Mike Bada, University of Colorado Anschutz Medical Campus" id="GO_BP_2016_02_16_Instance_18143" type="identity">
      <class id="GO:0001822" label="kidney development"/>
      <span end="31996" id="17425782-16827" start="31983">nephrogenesis</span>
    </annotation>
    <annotation annotator="Mike Bada, University of Colorado Anschutz Medical Campus" id="GO_BP_2016_02_16_Instance_220440" type="identity">
      <class id="GO:0060070" label="canonical Wnt signaling pathway"/>
      <span end="32024" id="17425782-16937" start="32001">canonical Wnt signaling</span>
    </annotation>
    <annotation annotator="Mike Bada, University of Colorado Anschutz Medical Campus" id="GO_BP_2016_02_16_Instance_220442" type="identity">
      <class id="GO:0060070" label="canonical Wnt signaling pathway"/>
      <span end="32246" id="17425782-16939" start="32223">canonical Wnt signaling</span>
    </annotation>
    <annotation annotator="Mike Bada, University of Colorado Anschutz Medical Campus" id="GO_BP_2016_02_16_Instance_220444" type="identity">
      <class id="GO:0060070" label="canonical Wnt signaling pathway"/>
      <span end="32343" id="17425782-16941" start="32320">canonical Wnt signaling</span>
    </annotation>
    <annotation annotator="Mike Bada, University of Colorado Anschutz Medical Campus" id="GO_BP_2016_02_16_Instance_220446" type="identity">
      <class id="GO:0060070" label="canonical Wnt signaling pathway"/>
      <span end="32402" id="17425782-16943" start="32379">canonical Wnt signaling</span>
    </annotation>
    <annotation annotator="Mike Bada, University of Colorado Anschutz Medical Campus" id="GO_BP_2016_02_16_Instance_18185" type="identity">
      <class id="GO:0048513" label="animal organ development"/>
      <span end="32665" id="17425782-16843" start="32652">organogenesis</span>
    </annotation>
    <annotation annotator="Mike Bada, University of Colorado Anschutz Medical Campus" id="GO_BP_2016_02_16_Instance_220452" type="identity">
      <class id="GO:0060070" label="canonical Wnt signaling pathway"/>
      <span end="32866" id="17425782-16945" start="32843">canonical Wnt signaling</span>
    </annotation>
    <annotation annotator="Mike Bada, University of Colorado Anschutz Medical Campus" id="GO_BP_2016_02_16_Instance_31083" type="identity">
      <class id="GO:0065007" label="biological regulation"/>
      <span end="33012" id="17425782-16968" start="33004">monitors</span>
    </annotation>
    <annotation annotator="Mike Bada, University of Colorado Anschutz Medical Campus" id="GO_BP_2016_02_16_Instance_17739" type="identity">
      <class id="GO:0010467" label="gene expression"/>
      <span end="33027" id="17425782-16712" start="33017">expression</span>
    </annotation>
    <annotation annotator="Mike Bada, University of Colorado Anschutz Medical Campus" id="GO_BP_2016_02_16_Instance_17741" type="identity">
      <class id="GO:0010467" label="gene expression"/>
      <span end="33212" id="17425782-16714" start="33197">gene-expression</span>
    </annotation>
    <annotation annotator="Mike Bada, University of Colorado Anschutz Medical Campus" id="GO_BP_2016_02_16_Instance_17743" type="identity">
      <class id="GO:0010467" label="gene expression"/>
      <span end="33297" id="17425782-16716" start="33287">expression</span>
    </annotation>
    <annotation annotator="Mike Bada, University of Colorado Anschutz Medical Campus" id="GO_BP_2016_02_16_Instance_220456" type="identity">
      <class id="GO:0060070" label="canonical Wnt signaling pathway"/>
      <span end="33510" id="17425782-16947" start="33487">canonical Wnt signaling</span>
    </annotation>
    <annotation annotator="Mike Bada, University of Colorado Anschutz Medical Campus" id="GO_BP_2016_02_16_Instance_17745" type="identity">
      <class id="GO:0010467" label="gene expression"/>
      <span end="33581" id="17425782-16718" start="33571">expression</span>
    </annotation>
    <annotation annotator="Mike Bada, University of Colorado Anschutz Medical Campus" id="GO_BP_2016_02_16_Instance_44259" type="identity">
      <class id="GO:0001822" label="kidney development"/>
      <span end="33668" id="17425782-17010" start="33650">kidney development</span>
    </annotation>
    <annotation annotator="Mike Bada, University of Colorado Anschutz Medical Campus" id="GO_BP_2016_02_16_Instance_17747" type="identity">
      <class id="GO:0010467" label="gene expression"/>
      <span end="33736" id="17425782-16720" start="33726">expression</span>
    </annotation>
    <annotation annotator="Mike Bada, University of Colorado Anschutz Medical Campus" id="GO_BP_2016_02_16_Instance_220458" type="identity">
      <class id="GO:0060070" label="canonical Wnt signaling pathway"/>
      <span end="33821" id="17425782-16949" start="33798">canonical Wnt signaling</span>
    </annotation>
    <annotation annotator="Mike Bada, University of Colorado Anschutz Medical Campus" id="GO_BP_2016_02_16_Instance_18103" type="identity">
      <class id="GO:0001658" label="branching involved in ureteric bud morphogenesis"/>
      <span end="33925" id="17425782-16802" start="33899">branching morphogenesis of</span>
      <span end="33942" id="17425782-16803" start="33930">ureteric bud</span>
    </annotation>
    <annotation annotator="Mike Bada, University of Colorado Anschutz Medical Campus" id="GO_BP_2016_02_16_Instance_220460" type="identity">
      <class id="GO:0072006" label="nephron development"/>
      <span end="34158" id="17425782-16951" start="34141">nephron formation</span>
    </annotation>
    <annotation annotator="Mike Bada, University of Colorado Anschutz Medical Campus" id="GO_BP_2016_02_16_Instance_220462" type="identity">
      <class id="GO:0060070" label="canonical Wnt signaling pathway"/>
      <span end="34330" id="17425782-16953" start="34307">canonical Wnt signaling</span>
    </annotation>
    <annotation annotator="Mike Bada, University of Colorado Anschutz Medical Campus" id="GO_BP_2016_02_16_Instance_220464" type="identity">
      <class id="GO:0060070" label="canonical Wnt signaling pathway"/>
      <span end="34391" id="17425782-16955" start="34368">canonical Wnt signaling</span>
    </annotation>
    <annotation annotator="Mike Bada, University of Colorado Anschutz Medical Campus" id="GO_BP_2016_02_16_Instance_18145" type="identity">
      <class id="GO:0001822" label="kidney development"/>
      <span end="34408" id="17425782-16829" start="34395">nephrogenesis</span>
    </annotation>
    <annotation annotator="Mike Bada, University of Colorado Anschutz Medical Campus" id="GO_BP_2016_02_16_Instance_17981" type="identity">
      <class id="GO:0016055" label="Wnt signaling pathway"/>
      <span end="34540" id="17425782-16770" start="34527">Wnt signaling</span>
    </annotation>
    <annotation annotator="Mike Bada, University of Colorado Anschutz Medical Campus" id="GO_BP_2016_02_16_Instance_17749" type="identity">
      <class id="GO:0010467" label="gene expression"/>
      <span end="34633" id="17425782-16722" start="34623">expression</span>
    </annotation>
    <annotation annotator="Mike Bada, University of Colorado Anschutz Medical Campus" id="GO_BP_2016_02_16_Instance_220466" type="identity">
      <class id="GO:0060070" label="canonical Wnt signaling pathway"/>
      <span end="34767" id="17425782-16957" start="34744">canonical Wnt signaling</span>
    </annotation>
    <annotation annotator="Mike Bada, University of Colorado Anschutz Medical Campus" id="GO_BP_2016_02_16_Instance_17985" type="identity">
      <class id="GO:0016055" label="Wnt signaling pathway"/>
      <span end="34930" id="17425782-16772" start="34917">Wnt signaling</span>
    </annotation>
    <annotation annotator="Mike Bada, University of Colorado Anschutz Medical Campus" id="GO_BP_2016_02_16_Instance_18187" type="identity">
      <class id="GO:0048513" label="animal organ development"/>
      <span end="34993" id="17425782-16845" start="34980">organogenesis</span>
    </annotation>
    <annotation annotator="Mike Bada, University of Colorado Anschutz Medical Campus" id="GO_BP_2016_02_16_Instance_18161" type="identity">
      <class id="GO:0007618" label="mating"/>
      <span end="36800" id="17425782-16835" start="36795">mated</span>
    </annotation>
    <annotation annotator="Mike Bada, University of Colorado Anschutz Medical Campus" id="GO_BP_2016_02_16_Instance_18159" type="identity">
      <class id="GO:0007618" label="mating"/>
      <span end="36969" id="17425782-16833" start="36963">mating</span>
    </annotation>
    <annotation annotator="Mike Bada, University of Colorado Anschutz Medical Campus" id="GO_BP_2016_02_16_Instance_17751" type="identity">
      <class id="GO:0010467" label="gene expression"/>
      <span end="39501" id="17425782-16724" start="39492">expressed</span>
    </annotation>
    <annotation annotator="Mike Bada, University of Colorado Anschutz Medical Campus" id="GO_BP_2016_02_16_Instance_220476" type="identity">
      <class id="GO:0060070" label="canonical Wnt signaling pathway"/>
      <span end="40211" id="17425782-16959" start="40188">canonical Wnt signaling</span>
    </annotation>
    <annotation annotator="Mike Bada, University of Colorado Anschutz Medical Campus" id="GO_BP_2016_02_16_Instance_17753" type="identity">
      <class id="GO:0010467" label="gene expression"/>
      <span end="40494" id="17425782-16726" start="40484">expression</span>
    </annotation>
    <annotation annotator="Mike Bada, University of Colorado Anschutz Medical Campus" id="GO_BP_2016_02_16_Instance_17755" type="identity">
      <class id="GO:0010467" label="gene expression"/>
      <span end="41245" id="17425782-16728" start="41235">expression</span>
    </annotation>
    <annotation annotator="Mike Bada, University of Colorado Anschutz Medical Campus" id="GO_BP_2016_02_16_Instance_17757" type="identity">
      <class id="GO:0010467" label="gene expression"/>
      <span end="41333" id="17425782-16730" start="41324">expressed</span>
    </annotation>
    <graph-space id="Old Knowtator Relations"/>
  </document>
</knowtator-project>
