<?xml version="1.0" encoding="UTF-8" standalone="no"?>
<knowtator-project>
    <document id="17590087" text-file="17590087.txt">
        <annotation annotator="Mike Bada, University of Colorado Anschutz Medical Campus" id="GO_BP_2016_02_16_Instance_17035" type="identity">
            <class id="GO:0010467" label="gene expression"/>
            <span end="770" id="17590087-17844" start="760">expression</span>
        </annotation>
        <annotation annotator="Mike Bada, University of Colorado Anschutz Medical Campus" id="GO_BP_2016_02_16_Instance_13669" type="identity">
            <class id="GO:0050975" label="sensory perception of touch"/>
            <span end="3385" id="17590087-17838" start="3380">touch</span>
        </annotation>
        <annotation annotator="Mike Bada, University of Colorado Anschutz Medical Campus" id="GO_BP_2016_02_16_Instance_230132" type="identity">
            <class id="GO:0050879" label="multicellular organismal movement"/>
            <span end="3638" id="17590087-17864" start="3626">kinesiogenic</span>
        </annotation>
        <annotation annotator="Mike Bada, University of Colorado Anschutz Medical Campus" id="GO_BP_2016_02_16_Instance_230134" type="identity">
            <class id="GO:0007567" label="parturition"/>
            <span end="3783" id="17590087-17866" start="3778">natal</span>
        </annotation>
        <annotation annotator="Mike Bada, University of Colorado Anschutz Medical Campus" id="GO_BP_2016_02_16_Instance_19809" type="identity">
            <class id="GO:0006412" label="translation"/>
            <span end="5680" id="17590087-17858" start="5667">translational</span>
        </annotation>
        <annotation annotator="Mike Bada, University of Colorado Anschutz Medical Campus" id="GO_BP_2016_02_16_Instance_17149" type="identity">
            <class id="GO:0010467" label="gene expression"/>
            <span end="5956" id="17590087-17846" start="5946">expression</span>
        </annotation>
        <annotation annotator="Mike Bada, University of Colorado Anschutz Medical Campus" id="GO_BP_2016_02_16_Instance_17831" type="identity">
            <class id="GO:0010467" label="gene expression"/>
            <span end="8636" id="17590087-17848" start="8626">expression</span>
        </annotation>
        <annotation annotator="Mike Bada, University of Colorado Anschutz Medical Campus" id="GO_BP_2016_02_16_Instance_19905" type="identity">
            <class id="GO:0008380" label="RNA splicing"/>
            <span end="8648" id="17590087-17860" start="8640">splicing</span>
        </annotation>
        <annotation annotator="Mike Bada, University of Colorado Anschutz Medical Campus" id="GO_BP_2016_02_16_Instance_13443" type="identity">
            <class id="GO:0008152" label="metabolic process"/>
            <span end="11597" id="17590087-17836" start="11588">metabolic</span>
        </annotation>
        <annotation annotator="Mike Bada, University of Colorado Anschutz Medical Campus" id="GO_BP_2016_02_16_Instance_17833" type="identity">
            <class id="GO:0010467" label="gene expression"/>
            <span end="11914" id="17590087-17850" start="11905">expressed</span>
        </annotation>
        <annotation annotator="Mike Bada, University of Colorado Anschutz Medical Campus" id="GO_BP_2016_02_16_Instance_14857" type="identity">
            <class id="GO:0019722" label="calcium-mediated signaling"/>
            <span end="12039" id="17590087-17840" start="12025">Ca2+ signaling</span>
        </annotation>
        <annotation annotator="Mike Bada, University of Colorado Anschutz Medical Campus" id="GO_BP_2016_02_16_Instance_230142" type="identity">
            <class id="GO:0035556" label="intracellular signal transduction"/>
            <span end="15150" id="17590087-17868" start="15137">intracellular</span>
            <span end="15165" id="17590087-17869" start="15156">signaling</span>
        </annotation>
        <annotation annotator="Mike Bada, University of Colorado Anschutz Medical Campus" id="GO_BP_2016_02_16_Instance_14929" type="identity">
            <class id="GO:0019722" label="calcium-mediated signaling"/>
            <span end="15165" id="17590087-17842" start="15151">Ca2+ signaling</span>
        </annotation>
        <annotation annotator="Mike Bada, University of Colorado Anschutz Medical Campus" id="GO_BP_2016_02_16_Instance_55117" type="identity">
            <class id="GO:0007618" label="mating"/>
            <span end="17176" id="17590087-17873" start="17170">mating</span>
        </annotation>
        <annotation annotator="Mike Bada, University of Colorado Anschutz Medical Campus" id="GO_BP_2016_02_16_Instance_55119" type="identity">
            <class id="GO:0007618" label="mating"/>
            <span end="17213" id="17590087-17875" start="17207">mating</span>
        </annotation>
        <annotation annotator="Mike Bada, University of Colorado Anschutz Medical Campus" id="GO_BP_2016_02_16_Instance_230150" type="identity">
            <class id="GO:0007567" label="parturition"/>
            <span end="17508" id="17590087-17871" start="17503">natal</span>
        </annotation>
        <annotation annotator="Mike Bada, University of Colorado Anschutz Medical Campus" id="GO_BP_2016_02_16_Instance_19275" type="identity">
            <class id="GO:0019835" label="cytolysis"/>
            <span end="24370" id="17590087-17854" start="24365">lysis</span>
        </annotation>
        <annotation annotator="Mike Bada, University of Colorado Anschutz Medical Campus" id="GO_BP_2016_02_16_Instance_19277" type="identity">
            <class id="GO:0019835" label="cytolysis"/>
            <span end="24480" id="17590087-17856" start="24475">lysis</span>
        </annotation>
        <annotation annotator="Mike Bada, University of Colorado Anschutz Medical Campus" id="GO_BP_2016_02_16_Instance_18195" type="identity">
            <class id="GO:0010467" label="gene expression"/>
            <span end="28459" id="17590087-17852" start="28450">expressed</span>
        </annotation>
        <annotation annotator="Mike Bada, University of Colorado Anschutz Medical Campus" id="GO_BP_2016_02_16_Instance_22867" type="identity">
            <class id="GO:0007568" label="aging"/>
            <span end="32421" id="17590087-17862" start="32416">Aging</span>
        </annotation>
        <graph-space id="Old Knowtator Relations"/>
    </document>
</knowtator-project>
