<?xml version="1.0" encoding="UTF-8" standalone="no"?>
<knowtator-project>
  <document id="11532192" text-file="11532192.txt">
    <annotation annotator="Mike Bada, University of Colorado Anschutz Medical Campus" id="CHEBI_2015_08_26_Instance_340252" type="identity">
      <class id="CHEBI_PR_EXT:leptin" label="leptin"/>
      <span end="908" id="11532192-54" start="902">leptin</span>
    </annotation>
    <annotation annotator="Mike Bada, University of Colorado Anschutz Medical Campus" id="CHEBI_2015_08_26_Instance_320000" type="identity">
      <class id="CHEBI_EXT:26130" label="biological pigment"/>
      <span end="1096" id="11532192-48" start="1087">pigmented</span>
    </annotation>
    <annotation annotator="Mike Bada, University of Colorado Anschutz Medical Campus" id="CHEBI_2015_08_26_Instance_42331" type="identity">
      <class id="CHEBI_EXT:polyatomic_entity_or_group" label="polyatomic entity or group"/>
      <span end="1811" id="11532192-144" start="1802">molecular</span>
    </annotation>
    <annotation annotator="Mike Bada, University of Colorado Anschutz Medical Campus" id="CHEBI_2015_08_26_Instance_60004" type="identity">
      <class id="CHEBI:15377" label="water"/>
      <span end="5060" id="11532192-196" start="5053">aqueous</span>
    </annotation>
    <annotation annotator="Mike Bada, University of Colorado Anschutz Medical Campus" id="CHEBI_2015_08_26_Instance_60006" type="identity">
      <class id="CHEBI:15377" label="water"/>
      <span end="5562" id="11532192-198" start="5555">aqueous</span>
    </annotation>
    <annotation annotator="Mike Bada, University of Colorado Anschutz Medical Campus" id="CHEBI_2015_08_26_Instance_25277" type="identity">
      <class id="CHEBI_EXT:26130" label="biological pigment"/>
      <span end="5749" id="11532192-44" start="5742">Pigment</span>
    </annotation>
    <annotation annotator="Mike Bada, University of Colorado Anschutz Medical Campus" id="CHEBI_2015_08_26_Instance_50000" type="identity">
      <class id="CHEBI:15377" label="water"/>
      <span end="6087" id="11532192-152" start="6080">Aqueous</span>
    </annotation>
    <annotation annotator="Mike Bada, University of Colorado Anschutz Medical Campus" id="CHEBI_2015_08_26_Instance_380076" type="identity">
      <class id="CHEBI_EXT:anaesthetic_process_or_quality" label="anaesthetic process or quality"/>
      <span end="12752" id="11532192-76" start="12742">Anesthesia</span>
    </annotation>
    <annotation annotator="Mike Bada, University of Colorado Anschutz Medical Campus" id="CHEBI_2015_08_26_Instance_380088" type="identity">
      <class id="CHEBI_EXT:anaesthetic_agent_or_process_or_quality" label="anaesthetic agent, process or quality"/>
      <span end="12871" id="11532192-82" start="12861">anesthetic</span>
    </annotation>
    <annotation annotator="Mike Bada, University of Colorado Anschutz Medical Campus" id="CHEBI_2015_08_26_Instance_50002" type="identity">
      <class id="CHEBI:6121" label="ketamine"/>
      <span end="12899" id="11532192-154" start="12891">ketamine</span>
    </annotation>
    <annotation annotator="Mike Bada, University of Colorado Anschutz Medical Campus" id="CHEBI_2015_08_26_Instance_50004" type="identity">
      <class id="CHEBI:6121" label="ketamine"/>
      <span end="13017" id="11532192-156" start="13009">ketamine</span>
    </annotation>
    <annotation annotator="Mike Bada, University of Colorado Anschutz Medical Campus" id="CHEBI_2015_08_26_Instance_380078" type="identity">
      <class id="CHEBI_EXT:anaesthetic_process_or_quality" label="anaesthetic process or quality"/>
      <span end="13053" id="11532192-78" start="13043">anesthesia</span>
    </annotation>
    <annotation annotator="Mike Bada, University of Colorado Anschutz Medical Campus" id="CHEBI_2015_08_26_Instance_380080" type="identity">
      <class id="CHEBI_EXT:anaesthetic_process_or_quality" label="anaesthetic process or quality"/>
      <span end="13251" id="11532192-80" start="13241">anesthesia</span>
    </annotation>
    <annotation annotator="Mike Bada, University of Colorado Anschutz Medical Campus" id="CHEBI_2015_08_26_Instance_380090" type="identity">
      <class id="CHEBI_EXT:anaesthetic_agent_or_process_or_quality" label="anaesthetic agent, process or quality"/>
      <span end="13632" id="11532192-84" start="13622">anesthetic</span>
    </annotation>
    <annotation annotator="Mike Bada, University of Colorado Anschutz Medical Campus" id="CHEBI_2015_08_26_Instance_380092" type="identity">
      <class id="CHEBI_EXT:anaesthetic_agent_or_process_or_quality" label="anaesthetic agent, process or quality"/>
      <span end="13765" id="11532192-86" start="13755">anesthetic</span>
    </annotation>
    <annotation annotator="Mike Bada, University of Colorado Anschutz Medical Campus" id="CHEBI_2015_08_26_Instance_380160" type="identity">
      <class id="CHEBI_EXT:anaesthetic_process" label="anaesthetic process"/>
      <span end="13813" id="11532192-138" start="13801">anesthetized</span>
    </annotation>
    <annotation annotator="Mike Bada, University of Colorado Anschutz Medical Campus" id="CHEBI_2015_08_26_Instance_380096" type="identity">
      <class id="CHEBI_EXT:anaesthetic_process_or_quality" label="anaesthetic process or quality"/>
      <span end="14065" id="11532192-88" start="14055">anesthesia</span>
    </annotation>
    <annotation annotator="Mike Bada, University of Colorado Anschutz Medical Campus" id="CHEBI_2015_08_26_Instance_380098" type="identity">
      <class id="CHEBI_EXT:anaesthetic_process_or_quality" label="anaesthetic process or quality"/>
      <span end="14295" id="11532192-90" start="14285">anesthesia</span>
    </annotation>
    <annotation annotator="Mike Bada, University of Colorado Anschutz Medical Campus" id="CHEBI_2015_08_26_Instance_380100" type="identity">
      <class id="CHEBI_EXT:anaesthetic_process_or_quality" label="anaesthetic process or quality"/>
      <span end="14321" id="11532192-92" start="14311">anesthesia</span>
    </annotation>
    <annotation annotator="Mike Bada, University of Colorado Anschutz Medical Campus" id="CHEBI_2015_08_26_Instance_380102" type="identity">
      <class id="CHEBI_EXT:anaesthetic_process_or_quality" label="anaesthetic process or quality"/>
      <span end="14604" id="11532192-94" start="14594">anesthesia</span>
    </annotation>
    <annotation annotator="Mike Bada, University of Colorado Anschutz Medical Campus" id="CHEBI_2015_08_26_Instance_380104" type="identity">
      <class id="CHEBI_EXT:anaesthetic_agent_or_process_or_quality" label="anaesthetic agent, process or quality"/>
      <span end="14643" id="11532192-96" start="14633">anesthetic</span>
    </annotation>
    <annotation annotator="Mike Bada, University of Colorado Anschutz Medical Campus" id="CHEBI_2015_08_26_Instance_25253" type="identity">
      <class id="CHEBI_EXT:38867" label="anaesthetic"/>
      <span end="14800" id="11532192-32" start="14790">anesthetic</span>
    </annotation>
    <annotation annotator="Mike Bada, University of Colorado Anschutz Medical Campus" id="CHEBI_2015_08_26_Instance_50006" type="identity">
      <class id="CHEBI:6121" label="ketamine"/>
      <span end="14844" id="11532192-158" start="14836">ketamine</span>
    </annotation>
    <annotation annotator="Mike Bada, University of Colorado Anschutz Medical Campus" id="CHEBI_2015_08_26_Instance_380106" type="identity">
      <class id="CHEBI_EXT:anaesthetic_process_or_quality" label="anaesthetic process or quality"/>
      <span end="14993" id="11532192-98" start="14983">anesthesia</span>
    </annotation>
    <annotation annotator="Mike Bada, University of Colorado Anschutz Medical Campus" id="CHEBI_2015_08_26_Instance_380108" type="identity">
      <class id="CHEBI_EXT:anaesthetic_agent_or_process_or_quality" label="anaesthetic agent, process or quality"/>
      <span end="15185" id="11532192-100" start="15175">anesthetic</span>
    </annotation>
    <annotation annotator="Mike Bada, University of Colorado Anschutz Medical Campus" id="CHEBI_2015_08_26_Instance_50009" type="identity">
      <class id="CHEBI_SO_EXT:nucleotide" label="nucleotide"/>
      <span end="17093" id="11532192-160" start="17083">nucleotide</span>
    </annotation>
    <annotation annotator="Mike Bada, University of Colorado Anschutz Medical Campus" id="CHEBI_2015_08_26_Instance_50012" type="identity">
      <class id="CHEBI_EXT:adenine_nucleobase_or_nucleoside_or_nucleotide_molecular_entity_or_group" label="adenine nucleobase/nucleoside/nucleotide molecular entity or group"/>
      <span end="17387" id="11532192-162" start="17386">A</span>
    </annotation>
    <annotation annotator="Mike Bada, University of Colorado Anschutz Medical Campus" id="CHEBI_2015_08_26_Instance_50015" type="identity">
      <class id="CHEBI_EXT:guanine_nucleobase_or_nucleoside_or_nucleotide_molecular_entity_or_group" label="guanine nucleobase/nucleoside/nucleotide molecular entity or group"/>
      <span end="17392" id="11532192-164" start="17391">G</span>
    </annotation>
    <annotation annotator="Mike Bada, University of Colorado Anschutz Medical Campus" id="CHEBI_2015_08_26_Instance_331336" type="identity">
      <class id="CHEBI_SO_EXT:base" label="base"/>
      <span end="17444" id="11532192-50" start="17440">base</span>
    </annotation>
    <annotation annotator="Mike Bada, University of Colorado Anschutz Medical Campus" id="CHEBI_2015_08_26_Instance_340254" type="identity">
      <class id="CHEBI_PR_EXT:leptin" label="leptin"/>
      <span end="19996" id="11532192-56" start="19990">leptin</span>
    </annotation>
    <annotation annotator="Mike Bada, University of Colorado Anschutz Medical Campus" id="CHEBI_2015_08_26_Instance_320002" type="identity">
      <class id="CHEBI_EXT:26130" label="biological pigment"/>
      <span end="20404" id="11532192-60" start="20395">pigmented</span>
    </annotation>
    <annotation annotator="Mike Bada, University of Colorado Anschutz Medical Campus" id="CHEBI_2015_08_26_Instance_360004" type="identity">
      <class id="CHEBI_EXT:26130" label="biological pigment"/>
      <span end="20544" id="11532192-62" start="20535">pigmented</span>
    </annotation>
    <annotation annotator="Mike Bada, University of Colorado Anschutz Medical Campus" id="CHEBI_2015_08_26_Instance_360006" type="identity">
      <class id="CHEBI_EXT:26130" label="biological pigment"/>
      <span end="20682" id="11532192-64" start="20673">pigmented</span>
    </annotation>
    <annotation annotator="Mike Bada, University of Colorado Anschutz Medical Campus" id="CHEBI_2015_08_26_Instance_360008" type="identity">
      <class id="CHEBI_EXT:26130" label="biological pigment"/>
      <span end="20863" id="11532192-66" start="20854">pigmented</span>
    </annotation>
    <annotation annotator="Mike Bada, University of Colorado Anschutz Medical Campus" id="CHEBI_2015_08_26_Instance_60008" type="identity">
      <class id="CHEBI:15377" label="water"/>
      <span end="22674" id="11532192-200" start="22667">aqueous</span>
    </annotation>
    <annotation annotator="Mike Bada, University of Colorado Anschutz Medical Campus" id="CHEBI_2015_08_26_Instance_380110" type="identity">
      <class id="CHEBI_EXT:anaesthetic_agent_or_process_or_quality" label="anaesthetic agent, process or quality"/>
      <span end="22781" id="11532192-102" start="22771">anesthetic</span>
    </annotation>
    <annotation annotator="Mike Bada, University of Colorado Anschutz Medical Campus" id="CHEBI_2015_08_26_Instance_25257" type="identity">
      <class id="CHEBI_EXT:38867" label="anaesthetic"/>
      <span end="22859" id="11532192-34" start="22842">anesthetic agents</span>
    </annotation>
    <annotation annotator="Mike Bada, University of Colorado Anschutz Medical Campus" id="CHEBI_2015_08_26_Instance_50019" type="identity">
      <class id="CHEBI:6121" label="ketamine"/>
      <span end="22898" id="11532192-166" start="22890">Ketamine</span>
    </annotation>
    <annotation annotator="Mike Bada, University of Colorado Anschutz Medical Campus" id="CHEBI_2015_08_26_Instance_50021" type="identity">
      <class id="CHEBI:6121" label="ketamine"/>
      <span end="22973" id="11532192-168" start="22965">ketamine</span>
    </annotation>
    <annotation annotator="Mike Bada, University of Colorado Anschutz Medical Campus" id="CHEBI_2015_08_26_Instance_380112" type="identity">
      <class id="CHEBI_EXT:anaesthetic_agent_or_process_or_quality" label="anaesthetic agent, process or quality"/>
      <span end="23251" id="11532192-104" start="23241">anesthetic</span>
    </annotation>
    <annotation annotator="Mike Bada, University of Colorado Anschutz Medical Campus" id="CHEBI_2015_08_26_Instance_50023" type="identity">
      <class id="CHEBI:6121" label="ketamine"/>
      <span end="23308" id="11532192-170" start="23300">ketamine</span>
    </annotation>
    <annotation annotator="Mike Bada, University of Colorado Anschutz Medical Campus" id="CHEBI_2015_08_26_Instance_380114" type="identity">
      <class id="CHEBI_EXT:anaesthetic_agent_or_process_or_quality" label="anaesthetic agent, process or quality"/>
      <span end="23345" id="11532192-106" start="23335">anesthetic</span>
    </annotation>
    <annotation annotator="Mike Bada, University of Colorado Anschutz Medical Campus" id="CHEBI_2015_08_26_Instance_380116" type="identity">
      <class id="CHEBI_EXT:anaesthetic_agent_or_process_or_quality" label="anaesthetic agent, process or quality"/>
      <span end="23576" id="11532192-108" start="23566">anesthetic</span>
    </annotation>
    <annotation annotator="Mike Bada, University of Colorado Anschutz Medical Campus" id="CHEBI_2015_08_26_Instance_380118" type="identity">
      <class id="CHEBI_EXT:anaesthetic_process_or_quality" label="anaesthetic process or quality"/>
      <span end="23704" id="11532192-110" start="23694">anesthesia</span>
    </annotation>
    <annotation annotator="Mike Bada, University of Colorado Anschutz Medical Campus" id="CHEBI_2015_08_26_Instance_380120" type="identity">
      <class id="CHEBI_EXT:anaesthetic_agent_or_process_or_quality" label="anaesthetic agent, process or quality"/>
      <span end="23797" id="11532192-112" start="23787">anesthetic</span>
    </annotation>
    <annotation annotator="Mike Bada, University of Colorado Anschutz Medical Campus" id="CHEBI_2015_08_26_Instance_50031" type="identity">
      <class id="CHEBI:6121" label="ketamine"/>
      <span end="23980" id="11532192-172" start="23972">ketamine</span>
    </annotation>
    <annotation annotator="Mike Bada, University of Colorado Anschutz Medical Campus" id="CHEBI_2015_08_26_Instance_380122" type="identity">
      <class id="CHEBI_EXT:anaesthetic_process_or_quality" label="anaesthetic process or quality"/>
      <span end="24028" id="11532192-114" start="24018">anesthesia</span>
    </annotation>
    <annotation annotator="Mike Bada, University of Colorado Anschutz Medical Campus" id="CHEBI_2015_08_26_Instance_50033" type="identity">
      <class id="CHEBI:6121" label="ketamine"/>
      <span end="24267" id="11532192-174" start="24259">ketamine</span>
    </annotation>
    <annotation annotator="Mike Bada, University of Colorado Anschutz Medical Campus" id="CHEBI_2015_08_26_Instance_380124" type="identity">
      <class id="CHEBI_EXT:anaesthetic_process_or_quality" label="anaesthetic process or quality"/>
      <span end="24456" id="11532192-116" start="24446">anesthesia</span>
    </annotation>
    <annotation annotator="Mike Bada, University of Colorado Anschutz Medical Campus" id="CHEBI_2015_08_26_Instance_380126" type="identity">
      <class id="CHEBI_EXT:anaesthetic_process_or_quality" label="anaesthetic process or quality"/>
      <span end="24697" id="11532192-118" start="24687">anesthesia</span>
    </annotation>
    <annotation annotator="Mike Bada, University of Colorado Anschutz Medical Campus" id="CHEBI_2015_08_26_Instance_380128" type="identity">
      <class id="CHEBI_EXT:anaesthetic_process_or_quality" label="anaesthetic process or quality"/>
      <span end="24812" id="11532192-120" start="24802">anesthesia</span>
    </annotation>
    <annotation annotator="Mike Bada, University of Colorado Anschutz Medical Campus" id="CHEBI_2015_08_26_Instance_380130" type="identity">
      <class id="CHEBI_EXT:anaesthetic_process_or_quality" label="anaesthetic process or quality"/>
      <span end="24963" id="11532192-122" start="24953">anesthesia</span>
    </annotation>
    <annotation annotator="Mike Bada, University of Colorado Anschutz Medical Campus" id="CHEBI_2015_08_26_Instance_380132" type="identity">
      <class id="CHEBI_EXT:anaesthetic_process_or_quality" label="anaesthetic process or quality"/>
      <span end="25087" id="11532192-124" start="25077">anesthesia</span>
    </annotation>
    <annotation annotator="Mike Bada, University of Colorado Anschutz Medical Campus" id="CHEBI_2015_08_26_Instance_380134" type="identity">
      <class id="CHEBI_EXT:anaesthetic_process_or_quality" label="anaesthetic process or quality"/>
      <span end="25180" id="11532192-126" start="25170">anesthesia</span>
    </annotation>
    <annotation annotator="Mike Bada, University of Colorado Anschutz Medical Campus" id="CHEBI_2015_08_26_Instance_380136" type="identity">
      <class id="CHEBI_EXT:anaesthetic_process_or_quality" label="anaesthetic process or quality"/>
      <span end="25233" id="11532192-128" start="25223">anesthesia</span>
    </annotation>
    <annotation annotator="Mike Bada, University of Colorado Anschutz Medical Campus" id="CHEBI_2015_08_26_Instance_50035" type="identity">
      <class id="CHEBI:6121" label="ketamine"/>
      <span end="25321" id="11532192-176" start="25313">ketamine</span>
    </annotation>
    <annotation annotator="Mike Bada, University of Colorado Anschutz Medical Campus" id="CHEBI_2015_08_26_Instance_380138" type="identity">
      <class id="CHEBI_EXT:anaesthetic_process_or_quality" label="anaesthetic process or quality"/>
      <span end="25482" id="11532192-130" start="25472">anesthesia</span>
    </annotation>
    <annotation annotator="Mike Bada, University of Colorado Anschutz Medical Campus" id="CHEBI_2015_08_26_Instance_25271" type="identity">
      <class id="CHEBI_EXT:23888" label="drug"/>
      <span end="25774" id="11532192-40" start="25770">drug</span>
    </annotation>
    <annotation annotator="Mike Bada, University of Colorado Anschutz Medical Campus" id="CHEBI_2015_08_26_Instance_380140" type="identity">
      <class id="CHEBI_EXT:anaesthetic_process_or_quality" label="anaesthetic process or quality"/>
      <span end="25814" id="11532192-132" start="25804">anesthesia</span>
    </annotation>
    <annotation annotator="Mike Bada, University of Colorado Anschutz Medical Campus" id="CHEBI_2015_08_26_Instance_14623" type="identity">
      <class id="CHEBI:35186" label="terpene"/>
      <span end="25958" id="11532192-4" start="25950">terpenes</span>
    </annotation>
    <annotation annotator="Mike Bada, University of Colorado Anschutz Medical Campus" id="CHEBI_2015_08_26_Instance_16201" type="identity">
      <class id="CHEBI:35186" label="terpene"/>
      <span end="25967" id="11532192-6" start="25960">Terpene</span>
    </annotation>
    <annotation annotator="Mike Bada, University of Colorado Anschutz Medical Campus" id="CHEBI_2015_08_26_Instance_16203" type="identity">
      <class id="CHEBI:35186" label="terpene"/>
      <span end="26020" id="11532192-8" start="26012">terpenes</span>
    </annotation>
    <annotation annotator="Mike Bada, University of Colorado Anschutz Medical Campus" id="CHEBI_2015_08_26_Instance_25273" type="identity">
      <class id="CHEBI_EXT:23888" label="drug"/>
      <span end="26049" id="11532192-42" start="26045">drug</span>
    </annotation>
    <annotation annotator="Mike Bada, University of Colorado Anschutz Medical Campus" id="CHEBI_2015_08_26_Instance_25261" type="identity">
      <class id="CHEBI_EXT:38867" label="anaesthetic"/>
      <span end="26106" id="11532192-36" start="26089">anesthetic agents</span>
    </annotation>
    <annotation annotator="Mike Bada, University of Colorado Anschutz Medical Campus" id="CHEBI_2015_08_26_Instance_380142" type="identity">
      <class id="CHEBI_EXT:anaesthetic_process_or_quality" label="anaesthetic process or quality"/>
      <span end="27034" id="11532192-134" start="27024">anesthesia</span>
    </annotation>
    <annotation annotator="Mike Bada, University of Colorado Anschutz Medical Campus" id="CHEBI_2015_08_26_Instance_340256" type="identity">
      <class id="CHEBI_PR_EXT:leptin" label="leptin"/>
      <span end="29271" id="11532192-58" start="29265">leptin</span>
    </annotation>
    <annotation annotator="Mike Bada, University of Colorado Anschutz Medical Campus" id="CHEBI_2015_08_26_Instance_42333" type="identity">
      <class id="CHEBI_EXT:polyatomic_entity_or_group" label="polyatomic entity or group"/>
      <span end="29858" id="11532192-146" start="29849">molecular</span>
    </annotation>
    <annotation annotator="Mike Bada, University of Colorado Anschutz Medical Campus" id="CHEBI_2015_08_26_Instance_50037" type="identity">
      <class id="CHEBI:15377" label="water"/>
      <span end="29937" id="11532192-178" start="29930">aqueous</span>
    </annotation>
    <annotation annotator="Mike Bada, University of Colorado Anschutz Medical Campus" id="CHEBI_2015_08_26_Instance_50039" type="identity">
      <class id="CHEBI:15377" label="water"/>
      <span end="30083" id="11532192-180" start="30076">aqueous</span>
    </annotation>
    <annotation annotator="Mike Bada, University of Colorado Anschutz Medical Campus" id="CHEBI_2015_08_26_Instance_42335" type="identity">
      <class id="CHEBI_EXT:polyatomic_entity_or_group" label="polyatomic entity or group"/>
      <span end="31530" id="11532192-148" start="31521">molecular</span>
    </annotation>
    <annotation annotator="Mike Bada, University of Colorado Anschutz Medical Campus" id="CHEBI_2015_08_26_Instance_16205" type="identity">
      <class id="CHEBI:17544" label="hydrogencarbonate"/>
      <span end="31663" id="11532192-10" start="31652">Bicarbonate</span>
    </annotation>
    <annotation annotator="Mike Bada, University of Colorado Anschutz Medical Campus" id="CHEBI_2015_08_26_Instance_50041" type="identity">
      <class id="CHEBI:15377" label="water"/>
      <span end="31698" id="11532192-182" start="31691">aqueous</span>
    </annotation>
    <annotation annotator="Mike Bada, University of Colorado Anschutz Medical Campus" id="CHEBI_2015_08_26_Instance_60010" type="identity">
      <class id="CHEBI:15377" label="water"/>
      <span end="32207" id="11532192-202" start="32200">aqueous</span>
    </annotation>
    <annotation annotator="Mike Bada, University of Colorado Anschutz Medical Campus" id="CHEBI_2015_08_26_Instance_60012" type="identity">
      <class id="CHEBI:15377" label="water"/>
      <span end="32291" id="11532192-204" start="32284">aqueous</span>
    </annotation>
    <annotation annotator="Mike Bada, University of Colorado Anschutz Medical Campus" id="CHEBI_2015_08_26_Instance_170758" type="identity">
      <class id="CHEBI_GO_SO_EXT:enzyme" label="enzyme"/>
      <span end="32458" id="11532192-18" start="32451">enzymes</span>
    </annotation>
    <annotation annotator="Mike Bada, University of Colorado Anschutz Medical Campus" id="CHEBI_2015_08_26_Instance_50043" type="identity">
      <class id="CHEBI:15377" label="water"/>
      <span end="32544" id="11532192-184" start="32537">aqueous</span>
    </annotation>
    <annotation annotator="Mike Bada, University of Colorado Anschutz Medical Campus" id="CHEBI_2015_08_26_Instance_170760" type="identity">
      <class id="CHEBI_GO_SO_EXT:enzyme" label="enzyme"/>
      <span end="32643" id="11532192-20" start="32637">enzyme</span>
    </annotation>
    <annotation annotator="Mike Bada, University of Colorado Anschutz Medical Campus" id="CHEBI_2015_08_26_Instance_25287" type="identity">
      <class id="CHEBI_EXT:26130" label="biological pigment"/>
      <span end="32658" id="11532192-46" start="32651">pigment</span>
    </annotation>
    <annotation annotator="Mike Bada, University of Colorado Anschutz Medical Campus" id="CHEBI_2015_08_26_Instance_360010" type="identity">
      <class id="CHEBI_EXT:26130" label="biological pigment"/>
      <span end="33079" id="11532192-68" start="33070">pigmented</span>
    </annotation>
    <annotation annotator="Mike Bada, University of Colorado Anschutz Medical Campus" id="CHEBI_2015_08_26_Instance_360012" type="identity">
      <class id="CHEBI_EXT:26130" label="biological pigment"/>
      <span end="33194" id="11532192-70" start="33185">pigmented</span>
    </annotation>
    <annotation annotator="Mike Bada, University of Colorado Anschutz Medical Campus" id="CHEBI_2015_08_26_Instance_360014" type="identity">
      <class id="CHEBI_EXT:26130" label="biological pigment"/>
      <span end="33454" id="11532192-72" start="33445">pigmented</span>
    </annotation>
    <annotation annotator="Mike Bada, University of Colorado Anschutz Medical Campus" id="CHEBI_2015_08_26_Instance_42337" type="identity">
      <class id="CHEBI_EXT:polyatomic_entity_or_group" label="polyatomic entity or group"/>
      <span end="34621" id="11532192-150" start="34612">molecular</span>
    </annotation>
    <annotation annotator="Mike Bada, University of Colorado Anschutz Medical Campus" id="CHEBI_2015_08_26_Instance_340210" type="identity">
      <class id="CHEBI_EXT:polyester" label="polyester"/>
      <span end="34956" id="11532192-52" start="34947">polyester</span>
    </annotation>
    <annotation annotator="Mike Bada, University of Colorado Anschutz Medical Campus" id="CHEBI_2015_08_26_Instance_170002" type="identity">
      <class id="CHEBI_UBERON_EXT:triglyceride_or_adipose_tissue" label="fat (CHEBI/UBERON extension class)"/>
      <span end="35020" id="11532192-22" start="35017">fat</span>
    </annotation>
    <annotation annotator="Mike Bada, University of Colorado Anschutz Medical Campus" id="CHEBI_2015_08_26_Instance_19985" type="identity">
      <class id="CHEBI_EXT:33290" label="food"/>
      <span end="35026" id="11532192-24" start="35022">chow</span>
    </annotation>
    <annotation annotator="Mike Bada, University of Colorado Anschutz Medical Campus" id="CHEBI_2015_08_26_Instance_16213" type="identity">
      <class id="CHEBI:15377" label="water"/>
      <span end="35054" id="11532192-12" start="35049">water</span>
    </annotation>
    <annotation annotator="Mike Bada, University of Colorado Anschutz Medical Campus" id="CHEBI_2015_08_26_Instance_240004" type="identity">
      <class id="CHEBI_UBERON_EXT:triglyceride_or_adipose_tissue" label="fat (CHEBI/UBERON extension class)"/>
      <span end="35154" id="11532192-28" start="35151">fat</span>
    </annotation>
    <annotation annotator="Mike Bada, University of Colorado Anschutz Medical Campus" id="CHEBI_2015_08_26_Instance_240006" type="identity">
      <class id="CHEBI_UBERON_EXT:triglyceride_or_adipose_tissue" label="fat (CHEBI/UBERON extension class)"/>
      <span end="35293" id="11532192-30" start="35290">fat</span>
    </annotation>
    <annotation annotator="Mike Bada, University of Colorado Anschutz Medical Campus" id="CHEBI_2015_08_26_Instance_22759" type="identity">
      <class id="CHEBI_EXT:33290" label="food"/>
      <span end="35299" id="11532192-26" start="35295">chow</span>
    </annotation>
    <annotation annotator="Mike Bada, University of Colorado Anschutz Medical Campus" id="CHEBI_2015_08_26_Instance_400008" type="identity">
      <class id="CHEBI_UBERON_EXT:triglyceride_or_adipose_tissue" label="fat (CHEBI/UBERON extension class)"/>
      <span end="35373" id="11532192-140" start="35370">fat</span>
    </annotation>
    <annotation annotator="Mike Bada, University of Colorado Anschutz Medical Campus" id="CHEBI_2015_08_26_Instance_400010" type="identity">
      <class id="CHEBI_UBERON_EXT:triglyceride_or_adipose_tissue" label="fat (CHEBI/UBERON extension class)"/>
      <span end="35384" id="11532192-142" start="35381">fat</span>
    </annotation>
    <annotation annotator="Mike Bada, University of Colorado Anschutz Medical Campus" id="CHEBI_2015_08_26_Instance_25263" type="identity">
      <class id="CHEBI_EXT:38867" label="anaesthetic"/>
      <span end="37041" id="11532192-38" start="37024">anesthetic agents</span>
    </annotation>
    <annotation annotator="Mike Bada, University of Colorado Anschutz Medical Campus" id="CHEBI_2015_08_26_Instance_380144" type="identity">
      <class id="CHEBI_EXT:anaesthetic_process_or_quality" label="anaesthetic process or quality"/>
      <span end="37085" id="11532192-136" start="37075">anesthesia</span>
    </annotation>
    <annotation annotator="Mike Bada, University of Colorado Anschutz Medical Campus" id="CHEBI_2015_08_26_Instance_50054" type="identity">
      <class id="CHEBI_EXT:paraformaldehye" label="paraformaldehyde"/>
      <span end="38312" id="11532192-188" start="38296">paraformaldehyde</span>
    </annotation>
    <annotation annotator="Mike Bada, University of Colorado Anschutz Medical Campus" id="CHEBI_2015_08_26_Instance_16215" type="identity">
      <class id="CHEBI_EXT:37527" label="acid"/>
      <span end="38329" id="11532192-14" start="38325">acid</span>
    </annotation>
    <annotation annotator="Mike Bada, University of Colorado Anschutz Medical Campus" id="CHEBI_2015_08_26_Instance_16217" type="identity">
      <class id="CHEBI:30879" label="alcohol"/>
      <span end="38337" id="11532192-16" start="38330">alcohol</span>
    </annotation>
    <annotation annotator="Mike Bada, University of Colorado Anschutz Medical Campus" id="CHEBI_2015_08_26_Instance_50056" type="identity">
      <class id="CHEBI:16842" label="formaldehyde"/>
      <span end="38346" id="11532192-190" start="38338">formalin</span>
    </annotation>
    <annotation annotator="Mike Bada, University of Colorado Anschutz Medical Campus" id="CHEBI_2015_08_26_Instance_50058" type="identity">
      <class id="CHEBI_EXT:50913" label="fixative"/>
      <span end="38355" id="11532192-192" start="38347">fixative</span>
    </annotation>
    <annotation annotator="Mike Bada, University of Colorado Anschutz Medical Campus" id="CHEBI_2015_08_26_Instance_50052" type="identity">
      <class id="CHEBI_EXT:paraformaldehye" label="paraformaldehyde"/>
      <span end="38464" id="11532192-186" start="38448">paraformaldehyde</span>
    </annotation>
    <annotation annotator="Mike Bada, University of Colorado Anschutz Medical Campus" id="CHEBI_2015_08_26_Instance_380004" type="identity">
      <class id="CHEBI_CHMO_EXT:buffer_process" label="buffer process"/>
      <span end="38477" id="11532192-74" start="38469">buffered</span>
    </annotation>
    <annotation annotator="Mike Bada, University of Colorado Anschutz Medical Campus" id="CHEBI_2015_08_26_Instance_50061" type="identity">
      <class id="CHEBI_EXT:phosphate" label="phosphate"/>
      <span end="38498" id="11532192-194" start="38489">phosphate</span>
    </annotation>
    <annotation annotator="Mike Bada, University of Colorado Anschutz Medical Campus" id="CHEBI_2015_08_26_Instance_70197" type="identity">
      <class id="CHEBI_CHMO_EXT:buffer_solution" label="buffer solution"/>
      <span end="38505" id="11532192-208" start="38499">buffer</span>
    </annotation>
    <annotation annotator="Mike Bada, University of Colorado Anschutz Medical Campus" id="CHEBI_2015_08_26_Instance_70004" type="identity">
      <class id="CHEBI_SO_EXT:DNA" label="DNA"/>
      <span end="38987" id="11532192-206" start="38984">DNA</span>
    </annotation>
    <graph-space id="Old Knowtator Relations"/>
  </document>
</knowtator-project>
