<?xml version="1.0" encoding="UTF-8" standalone="no"?>
<knowtator-project>
  <document id="11597317" text-file="11597317.txt">
    <annotation annotator="Mike Bada, University of Colorado Anschutz Medical Campus" id="CHEBI_2015_08_26_Instance_60015" type="identity">
      <class id="CHEBI_SO_EXT:DNA" label="DNA"/>
      <span end="159" id="11597317-254" start="156">DNA</span>
    </annotation>
    <annotation annotator="Mike Bada, University of Colorado Anschutz Medical Campus" id="CHEBI_2015_08_26_Instance_60017" type="identity">
      <class id="CHEBI_SO_EXT:DNA" label="DNA"/>
      <span end="292" id="11597317-256" start="289">DNA</span>
    </annotation>
    <annotation annotator="Mike Bada, University of Colorado Anschutz Medical Campus" id="CHEBI_2015_08_26_Instance_300008" type="identity">
      <class id="CHEBI_PR_EXT:protein" label="protein"/>
      <span end="1031" id="11597317-214" start="1024">protein</span>
    </annotation>
    <annotation annotator="Mike Bada, University of Colorado Anschutz Medical Campus" id="CHEBI_2015_08_26_Instance_300010" type="identity">
      <class id="CHEBI_PR_EXT:protein" label="protein"/>
      <span end="1171" id="11597317-216" start="1164">protein</span>
    </annotation>
    <annotation annotator="Mike Bada, University of Colorado Anschutz Medical Campus" id="CHEBI_2015_08_26_Instance_2" type="identity">
      <class id="CHEBI_SO_EXT:amino_acid" label="amino acid"/>
      <span end="1189" id="11597317-252" start="1178">amino acids</span>
    </annotation>
    <annotation annotator="Mike Bada, University of Colorado Anschutz Medical Campus" id="CHEBI_2015_08_26_Instance_300012" type="identity">
      <class id="CHEBI_PR_EXT:protein" label="protein"/>
      <span end="1324" id="11597317-218" start="1317">protein</span>
    </annotation>
    <annotation annotator="Mike Bada, University of Colorado Anschutz Medical Campus" id="CHEBI_2015_08_26_Instance_60019" type="identity">
      <class id="CHEBI_SO_EXT:DNA" label="DNA"/>
      <span end="1427" id="11597317-258" start="1424">DNA</span>
    </annotation>
    <annotation annotator="Mike Bada, University of Colorado Anschutz Medical Campus" id="CHEBI_2015_08_26_Instance_60021" type="identity">
      <class id="CHEBI_SO_EXT:DNA" label="DNA"/>
      <span end="1696" id="11597317-260" start="1693">DNA</span>
    </annotation>
    <annotation annotator="Mike Bada, University of Colorado Anschutz Medical Campus" id="CHEBI_2015_08_26_Instance_60025" type="identity">
      <class id="CHEBI_EXT:50902" label="genotoxin"/>
      <span end="1808" id="11597317-262" start="1789">DNA damaging agents</span>
    </annotation>
    <annotation annotator="Mike Bada, University of Colorado Anschutz Medical Campus" id="CHEBI_2015_08_26_Instance_60027" type="identity">
      <class id="CHEBI_SO_EXT:DNA" label="DNA"/>
      <span end="1890" id="11597317-264" start="1887">DNA</span>
    </annotation>
    <annotation annotator="Mike Bada, University of Colorado Anschutz Medical Campus" id="CHEBI_2015_08_26_Instance_300014" type="identity">
      <class id="CHEBI_PR_EXT:protein" label="protein"/>
      <span end="2169" id="11597317-220" start="2162">protein</span>
    </annotation>
    <annotation annotator="Mike Bada, University of Colorado Anschutz Medical Campus" id="CHEBI_2015_08_26_Instance_300016" type="identity">
      <class id="CHEBI_PR_EXT:protein" label="protein"/>
      <span end="2177" id="11597317-222" start="2170">protein</span>
    </annotation>
    <annotation annotator="Mike Bada, University of Colorado Anschutz Medical Campus" id="CHEBI_2015_08_26_Instance_300018" type="identity">
      <class id="CHEBI_PR_EXT:protein" label="protein"/>
      <span end="2534" id="11597317-224" start="2526">proteins</span>
    </annotation>
    <annotation annotator="Mike Bada, University of Colorado Anschutz Medical Campus" id="CHEBI_2015_08_26_Instance_60029" type="identity">
      <class id="CHEBI_SO_EXT:DNA" label="DNA"/>
      <span end="2610" id="11597317-266" start="2607">DNA</span>
    </annotation>
    <annotation annotator="Mike Bada, University of Colorado Anschutz Medical Campus" id="CHEBI_2015_08_26_Instance_60031" type="identity">
      <class id="CHEBI_SO_EXT:DNA" label="DNA"/>
      <span end="2916" id="11597317-268" start="2913">DNA</span>
    </annotation>
    <annotation annotator="Mike Bada, University of Colorado Anschutz Medical Campus" id="CHEBI_2015_08_26_Instance_60033" type="identity">
      <class id="CHEBI_SO_EXT:DNA" label="DNA"/>
      <span end="3380" id="11597317-270" start="3377">DNA</span>
    </annotation>
    <annotation annotator="Mike Bada, University of Colorado Anschutz Medical Campus" id="CHEBI_2015_08_26_Instance_300020" type="identity">
      <class id="CHEBI_PR_EXT:protein" label="protein"/>
      <span end="3486" id="11597317-226" start="3479">protein</span>
    </annotation>
    <annotation annotator="Mike Bada, University of Colorado Anschutz Medical Campus" id="CHEBI_2015_08_26_Instance_331338" type="identity">
      <class id="CHEBI_SO_EXT:base" label="base"/>
      <span end="3593" id="11597317-250" start="3589">base</span>
    </annotation>
    <annotation annotator="Mike Bada, University of Colorado Anschutz Medical Campus" id="CHEBI_2015_08_26_Instance_60035" type="identity">
      <class id="CHEBI_SO_EXT:DNA" label="DNA"/>
      <span end="3755" id="11597317-272" start="3752">DNA</span>
    </annotation>
    <annotation annotator="Mike Bada, University of Colorado Anschutz Medical Campus" id="CHEBI_2015_08_26_Instance_300022" type="identity">
      <class id="CHEBI_PR_EXT:protein" label="protein"/>
      <span end="4295" id="11597317-228" start="4288">protein</span>
    </annotation>
    <annotation annotator="Mike Bada, University of Colorado Anschutz Medical Campus" id="CHEBI_2015_08_26_Instance_300024" type="identity">
      <class id="CHEBI_PR_EXT:protein" label="protein"/>
      <span end="4617" id="11597317-230" start="4610">protein</span>
    </annotation>
    <annotation annotator="Mike Bada, University of Colorado Anschutz Medical Campus" id="CHEBI_2015_08_26_Instance_60087" type="identity">
      <class id="CHEBI_SO_EXT:amino_acid" label="amino acid"/>
      <span end="4641" id="11597317-322" start="4631">amino acid</span>
    </annotation>
    <annotation annotator="Mike Bada, University of Colorado Anschutz Medical Campus" id="CHEBI_2015_08_26_Instance_300026" type="identity">
      <class id="CHEBI_PR_EXT:protein" label="protein"/>
      <span end="5489" id="11597317-232" start="5482">protein</span>
    </annotation>
    <annotation annotator="Mike Bada, University of Colorado Anschutz Medical Campus" id="CHEBI_2015_08_26_Instance_300028" type="identity">
      <class id="CHEBI_PR_EXT:protein" label="protein"/>
      <span end="5820" id="11597317-234" start="5813">protein</span>
    </annotation>
    <annotation annotator="Mike Bada, University of Colorado Anschutz Medical Campus" id="CHEBI_2015_08_26_Instance_60090" type="identity">
      <class id="CHEBI_SO_EXT:peptide_or_peptide_region" label="peptide or peptide region"/>
      <span end="7261" id="11597317-324" start="7254">peptide</span>
    </annotation>
    <annotation annotator="Mike Bada, University of Colorado Anschutz Medical Campus" id="CHEBI_2015_08_26_Instance_25299" type="identity">
      <class id="CHEBI_EXT:35222" label="inhibitor"/>
      <span end="7415" id="11597317-212" start="7406">inhibitor</span>
    </annotation>
    <annotation annotator="Mike Bada, University of Colorado Anschutz Medical Campus" id="CHEBI_2015_08_26_Instance_60037" type="identity">
      <class id="CHEBI_SO_EXT:DNA" label="DNA"/>
      <span end="7422" id="11597317-274" start="7419">DNA</span>
    </annotation>
    <annotation annotator="Mike Bada, University of Colorado Anschutz Medical Campus" id="CHEBI_2015_08_26_Instance_60039" type="identity">
      <class id="CHEBI_SO_EXT:DNA" label="DNA"/>
      <span end="7882" id="11597317-276" start="7879">DNA</span>
    </annotation>
    <annotation annotator="Mike Bada, University of Colorado Anschutz Medical Campus" id="CHEBI_2015_08_26_Instance_330682" type="identity">
      <class id="CHEBI:10545" label="electron"/>
      <span end="7910" id="11597317-248" start="7902">electron</span>
    </annotation>
    <annotation annotator="Mike Bada, University of Colorado Anschutz Medical Campus" id="CHEBI_2015_08_26_Instance_60092" type="identity">
      <class id="CHEBI_SO_EXT:peptide_or_peptide_region" label="peptide or peptide region"/>
      <span end="7967" id="11597317-326" start="7960">peptide</span>
    </annotation>
    <annotation annotator="Mike Bada, University of Colorado Anschutz Medical Campus" id="CHEBI_2015_08_26_Instance_60041" type="identity">
      <class id="CHEBI_SO_EXT:DNA" label="DNA"/>
      <span end="8049" id="11597317-278" start="8046">DNA</span>
    </annotation>
    <annotation annotator="Mike Bada, University of Colorado Anschutz Medical Campus" id="CHEBI_2015_08_26_Instance_60097" type="identity">
      <class id="CHEBI_SO_EXT:peptide_or_peptide_region" label="peptide or peptide region"/>
      <span end="8065" id="11597317-328" start="8058">peptide</span>
    </annotation>
    <annotation annotator="Mike Bada, University of Colorado Anschutz Medical Campus" id="CHEBI_2015_08_26_Instance_60043" type="identity">
      <class id="CHEBI_SO_EXT:DNA" label="DNA"/>
      <span end="8108" id="11597317-280" start="8105">DNA</span>
    </annotation>
    <annotation annotator="Mike Bada, University of Colorado Anschutz Medical Campus" id="CHEBI_2015_08_26_Instance_300030" type="identity">
      <class id="CHEBI_PR_EXT:protein" label="protein"/>
      <span end="8196" id="11597317-236" start="8189">protein</span>
    </annotation>
    <annotation annotator="Mike Bada, University of Colorado Anschutz Medical Campus" id="CHEBI_2015_08_26_Instance_60045" type="identity">
      <class id="CHEBI_SO_EXT:DNA" label="DNA"/>
      <span end="8257" id="11597317-282" start="8254">DNA</span>
    </annotation>
    <annotation annotator="Mike Bada, University of Colorado Anschutz Medical Campus" id="CHEBI_2015_08_26_Instance_300032" type="identity">
      <class id="CHEBI_PR_EXT:protein" label="protein"/>
      <span end="8649" id="11597317-238" start="8642">protein</span>
    </annotation>
    <annotation annotator="Mike Bada, University of Colorado Anschutz Medical Campus" id="CHEBI_2015_08_26_Instance_300034" type="identity">
      <class id="CHEBI_PR_EXT:protein" label="protein"/>
      <span end="8764" id="11597317-240" start="8757">protein</span>
    </annotation>
    <annotation annotator="Mike Bada, University of Colorado Anschutz Medical Campus" id="CHEBI_2015_08_26_Instance_60048" type="identity">
      <class id="CHEBI_SO_EXT:single_stranded_DNA" label="single-stranded DNA"/>
      <span end="9997" id="11597317-284" start="9980">single-strand DNA</span>
    </annotation>
    <annotation annotator="Mike Bada, University of Colorado Anschutz Medical Campus" id="CHEBI_2015_08_26_Instance_60050" type="identity">
      <class id="CHEBI_SO_EXT:single_stranded_DNA" label="single-stranded DNA"/>
      <span end="10004" id="11597317-286" start="9999">ssDNA</span>
    </annotation>
    <annotation annotator="Mike Bada, University of Colorado Anschutz Medical Campus" id="CHEBI_2015_08_26_Instance_60053" type="identity">
      <class id="CHEBI_SO_EXT:double_stranded_DNA" label="double-stranded DNA"/>
      <span end="10028" id="11597317-288" start="10011">double-strand DNA</span>
    </annotation>
    <annotation annotator="Mike Bada, University of Colorado Anschutz Medical Campus" id="CHEBI_2015_08_26_Instance_60055" type="identity">
      <class id="CHEBI_SO_EXT:double_stranded_DNA" label="double-stranded DNA"/>
      <span end="10035" id="11597317-290" start="10030">dsDNA</span>
    </annotation>
    <annotation annotator="Mike Bada, University of Colorado Anschutz Medical Campus" id="CHEBI_2015_08_26_Instance_60057" type="identity">
      <class id="CHEBI_SO_EXT:double_stranded_DNA" label="double-stranded DNA"/>
      <span end="10144" id="11597317-292" start="10139">dsDNA</span>
    </annotation>
    <annotation annotator="Mike Bada, University of Colorado Anschutz Medical Campus" id="CHEBI_2015_08_26_Instance_60059" type="identity">
      <class id="CHEBI_SO_EXT:single_stranded_DNA" label="single-stranded DNA"/>
      <span end="10274" id="11597317-294" start="10269">ssDNA</span>
    </annotation>
    <annotation annotator="Mike Bada, University of Colorado Anschutz Medical Campus" id="CHEBI_2015_08_26_Instance_60061" type="identity">
      <class id="CHEBI_SO_EXT:single_stranded_DNA" label="single-stranded DNA"/>
      <span end="10363" id="11597317-296" start="10358">ssDNA</span>
    </annotation>
    <annotation annotator="Mike Bada, University of Colorado Anschutz Medical Campus" id="CHEBI_2015_08_26_Instance_60063" type="identity">
      <class id="CHEBI_SO_EXT:DNA" label="DNA"/>
      <span end="10391" id="11597317-298" start="10388">DNA</span>
    </annotation>
    <annotation annotator="Mike Bada, University of Colorado Anschutz Medical Campus" id="CHEBI_2015_08_26_Instance_60099" type="identity">
      <class id="CHEBI_SO_EXT:peptide_or_peptide_region" label="peptide or peptide region"/>
      <span end="10726" id="11597317-330" start="10719">peptide</span>
    </annotation>
    <annotation annotator="Mike Bada, University of Colorado Anschutz Medical Campus" id="CHEBI_2015_08_26_Instance_300036" type="identity">
      <class id="CHEBI_PR_EXT:protein" label="protein"/>
      <span end="10809" id="11597317-242" start="10802">protein</span>
    </annotation>
    <annotation annotator="Mike Bada, University of Colorado Anschutz Medical Campus" id="CHEBI_2015_08_26_Instance_300038" type="identity">
      <class id="CHEBI_PR_EXT:protein" label="protein"/>
      <span end="11034" id="11597317-244" start="11026">proteins</span>
    </annotation>
    <annotation annotator="Mike Bada, University of Colorado Anschutz Medical Campus" id="CHEBI_2015_08_26_Instance_60065" type="identity">
      <class id="CHEBI_SO_EXT:DNA" label="DNA"/>
      <span end="11118" id="11597317-300" start="11115">DNA</span>
    </annotation>
    <annotation annotator="Mike Bada, University of Colorado Anschutz Medical Campus" id="CHEBI_2015_08_26_Instance_60067" type="identity">
      <class id="CHEBI_SO_EXT:DNA" label="DNA"/>
      <span end="11883" id="11597317-302" start="11880">DNA</span>
    </annotation>
    <annotation annotator="Mike Bada, University of Colorado Anschutz Medical Campus" id="CHEBI_2015_08_26_Instance_60069" type="identity">
      <class id="CHEBI_SO_EXT:double_stranded_DNA" label="double-stranded DNA"/>
      <span end="12748" id="11597317-304" start="12743">dsDNA</span>
    </annotation>
    <annotation annotator="Mike Bada, University of Colorado Anschutz Medical Campus" id="CHEBI_2015_08_26_Instance_60071" type="identity">
      <class id="CHEBI_SO_EXT:double_stranded_DNA" label="double-stranded DNA"/>
      <span end="12768" id="11597317-306" start="12751">double-strand DNA</span>
    </annotation>
    <annotation annotator="Mike Bada, University of Colorado Anschutz Medical Campus" id="CHEBI_2015_08_26_Instance_300040" type="identity">
      <class id="CHEBI_PR_EXT:protein" label="protein"/>
      <span end="12822" id="11597317-246" start="12815">protein</span>
    </annotation>
    <annotation annotator="Mike Bada, University of Colorado Anschutz Medical Campus" id="CHEBI_2015_08_26_Instance_60073" type="identity">
      <class id="CHEBI_SO_EXT:single_stranded_DNA" label="single-stranded DNA"/>
      <span end="12829" id="11597317-308" start="12824">ssDNA</span>
    </annotation>
    <annotation annotator="Mike Bada, University of Colorado Anschutz Medical Campus" id="CHEBI_2015_08_26_Instance_60075" type="identity">
      <class id="CHEBI_SO_EXT:single_stranded_DNA" label="single-stranded DNA"/>
      <span end="12849" id="11597317-310" start="12832">single-strand DNA</span>
    </annotation>
    <annotation annotator="Mike Bada, University of Colorado Anschutz Medical Campus" id="CHEBI_2015_08_26_Instance_60077" type="identity">
      <class id="CHEBI_SO_EXT:DNA" label="DNA"/>
      <span end="13405" id="11597317-312" start="13402">DNA</span>
    </annotation>
    <annotation annotator="Mike Bada, University of Colorado Anschutz Medical Campus" id="CHEBI_2015_08_26_Instance_60079" type="identity">
      <class id="CHEBI_SO_EXT:DNA" label="DNA"/>
      <span end="13429" id="11597317-314" start="13426">DNA</span>
    </annotation>
    <annotation annotator="Mike Bada, University of Colorado Anschutz Medical Campus" id="CHEBI_2015_08_26_Instance_60081" type="identity">
      <class id="CHEBI_SO_EXT:DNA" label="DNA"/>
      <span end="13549" id="11597317-316" start="13546">DNA</span>
    </annotation>
    <annotation annotator="Mike Bada, University of Colorado Anschutz Medical Campus" id="CHEBI_2015_08_26_Instance_60083" type="identity">
      <class id="CHEBI_SO_EXT:DNA" label="DNA"/>
      <span end="13646" id="11597317-318" start="13643">DNA</span>
    </annotation>
    <annotation annotator="Mike Bada, University of Colorado Anschutz Medical Campus" id="CHEBI_2015_08_26_Instance_60102" type="identity">
      <class id="CHEBI_EXT:nucleoprotein" label="nucleoprotein"/>
      <span end="13761" id="11597317-332" start="13748">nucleoprotein</span>
    </annotation>
    <annotation annotator="Mike Bada, University of Colorado Anschutz Medical Campus" id="CHEBI_2015_08_26_Instance_60085" type="identity">
      <class id="CHEBI_SO_EXT:DNA" label="DNA"/>
      <span end="14028" id="11597317-320" start="14025">DNA</span>
    </annotation>
    <graph-space id="Old Knowtator Relations"/>
  </document>
</knowtator-project>
