<?xml version="1.0" encoding="UTF-8" standalone="no"?>
<knowtator-project>
  <document id="11897010" text-file="11897010.txt">
    <annotation annotator="Mike Bada, University of Colorado Anschutz Medical Campus" id="CHEBI_2015_08_26_Instance_25351" type="identity">
      <class id="CHEBI:36916" label="cation"/>
      <span end="407" id="11897010-396" start="401">cation</span>
    </annotation>
    <annotation annotator="Mike Bada, University of Colorado Anschutz Medical Campus" id="CHEBI_2015_08_26_Instance_90078" type="identity">
      <class id="CHEBI_SO_EXT:amino_acid" label="amino acid"/>
      <span end="668" id="11897010-498" start="658">amino acid</span>
    </annotation>
    <annotation annotator="Mike Bada, University of Colorado Anschutz Medical Campus" id="CHEBI_2015_08_26_Instance_90080" type="identity">
      <class id="CHEBI_SO_EXT:nucleotide" label="nucleotide"/>
      <span end="687" id="11897010-500" start="677">nucleotide</span>
    </annotation>
    <annotation annotator="Mike Bada, University of Colorado Anschutz Medical Campus" id="CHEBI_2015_08_26_Instance_90082" type="identity">
      <class id="CHEBI_SO_EXT:amino_acid" label="amino acid"/>
      <span end="795" id="11897010-502" start="784">amino acids</span>
    </annotation>
    <annotation annotator="Mike Bada, University of Colorado Anschutz Medical Campus" id="CHEBI_2015_08_26_Instance_170332" type="identity">
      <class id="CHEBI_SO_EXT:base" label="base"/>
      <span end="843" id="11897010-364" start="842">b</span>
    </annotation>
    <annotation annotator="Mike Bada, University of Colorado Anschutz Medical Campus" id="CHEBI_2015_08_26_Instance_90084" type="identity">
      <class id="CHEBI_SO_EXT:amino_acid" label="amino acid"/>
      <span end="993" id="11897010-504" start="983">amino acid</span>
    </annotation>
    <annotation annotator="Mike Bada, University of Colorado Anschutz Medical Campus" id="CHEBI_2015_08_26_Instance_300126" type="identity">
      <class id="CHEBI_PR_EXT:protein" label="protein"/>
      <span end="1001" id="11897010-406" start="994">protein</span>
    </annotation>
    <annotation annotator="" id="CHEBI_2015_08_26_backup_Instance_64" type="identity">
      <class id="CHEBI_SO_EXT:C_terminus_or_C_terminal_region" label="C-terminus or C-terminal region"/>
      <span end="1032" id="11897010-350" start="1022">c-terminus</span>
    </annotation>
    <annotation annotator="Mike Bada, University of Colorado Anschutz Medical Campus" id="CHEBI_2015_08_26_Instance_25365" type="identity">
      <class id="CHEBI:24870" label="ion"/>
      <span end="1131" id="11897010-398" start="1128">ion</span>
    </annotation>
    <annotation annotator="Mike Bada, University of Colorado Anschutz Medical Campus" id="CHEBI_2015_08_26_Instance_300128" type="identity">
      <class id="CHEBI_PR_EXT:protein" label="protein"/>
      <span end="1253" id="11897010-408" start="1246">protein</span>
    </annotation>
    <annotation annotator="Mike Bada, University of Colorado Anschutz Medical Campus" id="CHEBI_2015_08_26_Instance_10223" type="identity">
      <class id="CHEBI:37395" label="mucopolysaccharide"/>
      <span end="2052" id="11897010-354" start="2034">mucopolysaccharide</span>
    </annotation>
    <annotation annotator="Mike Bada, University of Colorado Anschutz Medical Campus" id="CHEBI_2015_08_26_Instance_90088" type="identity">
      <class id="CHEBI:10545" label="electron"/>
      <span end="2244" id="11897010-506" start="2236">electron</span>
    </annotation>
    <annotation annotator="Mike Bada, University of Colorado Anschutz Medical Campus" id="CHEBI_2015_08_26_Instance_300130" type="identity">
      <class id="CHEBI_PR_EXT:protein" label="protein"/>
      <span end="2621" id="11897010-410" start="2614">protein</span>
    </annotation>
    <annotation annotator="Mike Bada, University of Colorado Anschutz Medical Campus" id="CHEBI_2015_08_26_Instance_14633" type="identity">
      <class id="CHEBI:36916" label="cation"/>
      <span end="2687" id="11897010-362" start="2681">cation</span>
    </annotation>
    <annotation annotator="Mike Bada, University of Colorado Anschutz Medical Campus" id="CHEBI_2015_08_26_Instance_300132" type="identity">
      <class id="CHEBI_PR_EXT:protein" label="protein"/>
      <span end="2728" id="11897010-412" start="2721">Protein</span>
    </annotation>
    <annotation annotator="Mike Bada, University of Colorado Anschutz Medical Campus" id="CHEBI_2015_08_26_Instance_300134" type="identity">
      <class id="CHEBI_PR_EXT:protein" label="protein"/>
      <span end="3181" id="11897010-414" start="3174">protein</span>
    </annotation>
    <annotation annotator="Mike Bada, University of Colorado Anschutz Medical Campus" id="CHEBI_2015_08_26_Instance_90090" type="identity">
      <class id="CHEBI_SO_EXT:amino_acid" label="amino acid"/>
      <span end="3551" id="11897010-508" start="3541">amino acid</span>
    </annotation>
    <annotation annotator="Mike Bada, University of Colorado Anschutz Medical Campus" id="CHEBI_2015_08_26_Instance_170334" type="identity">
      <class id="CHEBI_SO_EXT:base" label="base"/>
      <span end="4220" id="11897010-366" start="4219">b</span>
    </annotation>
    <annotation annotator="Mike Bada, University of Colorado Anschutz Medical Campus" id="CHEBI_2015_08_26_Instance_90034" type="identity">
      <class id="CHEBI_SO_EXT:molecular_probe" label="molecular probe"/>
      <span end="4521" id="11897010-454" start="4515">probes</span>
    </annotation>
    <annotation annotator="Mike Bada, University of Colorado Anschutz Medical Campus" id="CHEBI_2015_08_26_Instance_90093" type="identity">
      <class id="CHEBI_EXT:zinc" label="zinc"/>
      <span end="4711" id="11897010-510" start="4707">zinc</span>
    </annotation>
    <annotation annotator="Mike Bada, University of Colorado Anschutz Medical Campus" id="CHEBI_2015_08_26_Instance_170336" type="identity">
      <class id="CHEBI_SO_EXT:base" label="base"/>
      <span end="4821" id="11897010-368" start="4820">b</span>
    </annotation>
    <annotation annotator="Mike Bada, University of Colorado Anschutz Medical Campus" id="CHEBI_2015_08_26_Instance_170338" type="identity">
      <class id="CHEBI_SO_EXT:base" label="base"/>
      <span end="4984" id="11897010-370" start="4983">b</span>
    </annotation>
    <annotation annotator="Mike Bada, University of Colorado Anschutz Medical Campus" id="CHEBI_2015_08_26_Instance_90095" type="identity">
      <class id="CHEBI_SO_EXT:amino_acid" label="amino acid"/>
      <span end="5041" id="11897010-512" start="5030">amino acids</span>
    </annotation>
    <annotation annotator="Mike Bada, University of Colorado Anschutz Medical Campus" id="CHEBI_2015_08_26_Instance_90097" type="identity">
      <class id="CHEBI_EXT:zinc" label="zinc"/>
      <span end="5341" id="11897010-514" start="5337">zinc</span>
    </annotation>
    <annotation annotator="Mike Bada, University of Colorado Anschutz Medical Campus" id="CHEBI_2015_08_26_Instance_170340" type="identity">
      <class id="CHEBI_SO_EXT:base" label="base"/>
      <span end="5408" id="11897010-372" start="5407">b</span>
    </annotation>
    <annotation annotator="Mike Bada, University of Colorado Anschutz Medical Campus" id="CHEBI_2015_08_26_Instance_331340" type="identity">
      <class id="CHEBI_SO_EXT:base" label="base"/>
      <span end="5535" id="11897010-438" start="5531">base</span>
    </annotation>
    <annotation annotator="Mike Bada, University of Colorado Anschutz Medical Campus" id="CHEBI_2015_08_26_Instance_90099" type="identity">
      <class id="CHEBI_EXT:zinc" label="zinc"/>
      <span end="5750" id="11897010-516" start="5746">zinc</span>
    </annotation>
    <annotation annotator="Mike Bada, University of Colorado Anschutz Medical Campus" id="CHEBI_2015_08_26_Instance_90101" type="identity">
      <class id="CHEBI_SO_EXT:peptide_or_peptide_region" label="peptide or peptide region"/>
      <span end="5936" id="11897010-518" start="5929">peptide</span>
    </annotation>
    <annotation annotator="Mike Bada, University of Colorado Anschutz Medical Campus" id="CHEBI_2015_08_26_Instance_90103" type="identity">
      <class id="CHEBI_SO_EXT:amino_acid" label="amino acid"/>
      <span end="6195" id="11897010-520" start="6185">amino acid</span>
    </annotation>
    <annotation annotator="Mike Bada, University of Colorado Anschutz Medical Campus" id="CHEBI_2015_08_26_Instance_90105" type="identity">
      <class id="CHEBI_SO_EXT:amino_acid" label="amino acid"/>
      <span end="6260" id="11897010-522" start="6249">amino acids</span>
    </annotation>
    <annotation annotator="Mike Bada, University of Colorado Anschutz Medical Campus" id="CHEBI_2015_08_26_Instance_300136" type="identity">
      <class id="CHEBI_PR_EXT:protein" label="protein"/>
      <span end="6297" id="11897010-416" start="6290">protein</span>
    </annotation>
    <annotation annotator="" id="CHEBI_2015_08_26_backup_Instance_572" type="identity">
      <class id="CHEBI_SO_EXT:N_terminus_or_N_terminal_region" label="N-terminus or N-terminal region"/>
      <span end="6390" id="11897010-345" start="6388">N-</span>
      <span end="6404" id="11897010-346" start="6397">termini</span>
    </annotation>
    <annotation annotator="" id="CHEBI_2015_08_26_backup_Instance_574" type="identity">
      <class id="CHEBI_SO_EXT:C_terminus_or_C_terminal_region" label="C-terminus or C-terminal region"/>
      <span end="6404" id="11897010-348" start="6395">C-termini</span>
    </annotation>
    <annotation annotator="Mike Bada, University of Colorado Anschutz Medical Campus" id="CHEBI_2015_08_26_Instance_80006" type="identity">
      <class id="CHEBI_SO_EXT:peptide_or_peptide_region" label="peptide or peptide region"/>
      <span end="6463" id="11897010-450" start="6456">Peptide</span>
    </annotation>
    <annotation annotator="Mike Bada, University of Colorado Anschutz Medical Campus" id="CHEBI_2015_08_26_Instance_90036" type="identity">
      <class id="CHEBI_SO_EXT:molecular_probe" label="molecular probe"/>
      <span end="6847" id="11897010-456" start="6842">probe</span>
    </annotation>
    <annotation annotator="Mike Bada, University of Colorado Anschutz Medical Campus" id="CHEBI_2015_08_26_Instance_90038" type="identity">
      <class id="CHEBI_SO_EXT:molecular_probe" label="molecular probe"/>
      <span end="6882" id="11897010-458" start="6877">probe</span>
    </annotation>
    <annotation annotator="Mike Bada, University of Colorado Anschutz Medical Campus" id="CHEBI_2015_08_26_Instance_170342" type="identity">
      <class id="CHEBI_SO_EXT:base" label="base"/>
      <span end="6935" id="11897010-374" start="6934">b</span>
    </annotation>
    <annotation annotator="Mike Bada, University of Colorado Anschutz Medical Campus" id="CHEBI_2015_08_26_Instance_170344" type="identity">
      <class id="CHEBI_SO_EXT:base" label="base"/>
      <span end="7003" id="11897010-376" start="7002">b</span>
    </annotation>
    <annotation annotator="Mike Bada, University of Colorado Anschutz Medical Campus" id="CHEBI_2015_08_26_Instance_170346" type="identity">
      <class id="CHEBI_SO_EXT:base" label="base"/>
      <span end="7047" id="11897010-378" start="7046">b</span>
    </annotation>
    <annotation annotator="Mike Bada, University of Colorado Anschutz Medical Campus" id="CHEBI_2015_08_26_Instance_170348" type="identity">
      <class id="CHEBI_SO_EXT:base" label="base"/>
      <span end="7210" id="11897010-380" start="7209">b</span>
    </annotation>
    <annotation annotator="Mike Bada, University of Colorado Anschutz Medical Campus" id="CHEBI_2015_08_26_Instance_330686" type="identity">
      <class id="CHEBI:33695" label="information biomacromolecule"/>
      <span end="7218" id="11897010-434" start="7211">message</span>
    </annotation>
    <annotation annotator="Mike Bada, University of Colorado Anschutz Medical Campus" id="CHEBI_2015_08_26_Instance_90040" type="identity">
      <class id="CHEBI_SO_EXT:molecular_probe" label="molecular probe"/>
      <span end="7367" id="11897010-460" start="7361">probes</span>
    </annotation>
    <annotation annotator="Mike Bada, University of Colorado Anschutz Medical Campus" id="CHEBI_2015_08_26_Instance_90042" type="identity">
      <class id="CHEBI_SO_EXT:molecular_probe" label="molecular probe"/>
      <span end="7448" id="11897010-462" start="7442">probes</span>
    </annotation>
    <annotation annotator="Mike Bada, University of Colorado Anschutz Medical Campus" id="CHEBI_2015_08_26_Instance_90044" type="identity">
      <class id="CHEBI_SO_EXT:molecular_probe" label="molecular probe"/>
      <span end="7630" id="11897010-464" start="7625">probe</span>
    </annotation>
    <annotation annotator="Mike Bada, University of Colorado Anschutz Medical Campus" id="CHEBI_2015_08_26_Instance_170762" type="identity">
      <class id="CHEBI_GO_SO_EXT:enzyme" label="enzyme"/>
      <span end="7666" id="11897010-394" start="7659">enzymes</span>
    </annotation>
    <annotation annotator="Mike Bada, University of Colorado Anschutz Medical Campus" id="CHEBI_2015_08_26_Instance_90046" type="identity">
      <class id="CHEBI_SO_EXT:molecular_probe" label="molecular probe"/>
      <span end="7921" id="11897010-466" start="7916">probe</span>
    </annotation>
    <annotation annotator="Mike Bada, University of Colorado Anschutz Medical Campus" id="CHEBI_2015_08_26_Instance_90048" type="identity">
      <class id="CHEBI_SO_EXT:molecular_probe" label="molecular probe"/>
      <span end="7950" id="11897010-468" start="7945">probe</span>
    </annotation>
    <annotation annotator="Mike Bada, University of Colorado Anschutz Medical Campus" id="CHEBI_2015_08_26_Instance_90050" type="identity">
      <class id="CHEBI_SO_EXT:molecular_probe" label="molecular probe"/>
      <span end="8022" id="11897010-470" start="8017">probe</span>
    </annotation>
    <annotation annotator="Mike Bada, University of Colorado Anschutz Medical Campus" id="CHEBI_2015_08_26_Instance_90052" type="identity">
      <class id="CHEBI_SO_EXT:molecular_probe" label="molecular probe"/>
      <span end="8079" id="11897010-472" start="8074">probe</span>
    </annotation>
    <annotation annotator="Mike Bada, University of Colorado Anschutz Medical Campus" id="CHEBI_2015_08_26_Instance_170350" type="identity">
      <class id="CHEBI_SO_EXT:base" label="base"/>
      <span end="8604" id="11897010-382" start="8603">b</span>
    </annotation>
    <annotation annotator="Mike Bada, University of Colorado Anschutz Medical Campus" id="CHEBI_2015_08_26_Instance_90054" type="identity">
      <class id="CHEBI_SO_EXT:molecular_probe" label="molecular probe"/>
      <span end="8850" id="11897010-474" start="8845">probe</span>
    </annotation>
    <annotation annotator="Mike Bada, University of Colorado Anschutz Medical Campus" id="CHEBI_2015_08_26_Instance_90056" type="identity">
      <class id="CHEBI_SO_EXT:molecular_probe" label="molecular probe"/>
      <span end="8917" id="11897010-476" start="8912">Probe</span>
    </annotation>
    <annotation annotator="Mike Bada, University of Colorado Anschutz Medical Campus" id="CHEBI_2015_08_26_Instance_170352" type="identity">
      <class id="CHEBI_SO_EXT:base" label="base"/>
      <span end="8961" id="11897010-384" start="8960">b</span>
    </annotation>
    <annotation annotator="Mike Bada, University of Colorado Anschutz Medical Campus" id="CHEBI_2015_08_26_Instance_90111" type="identity">
      <class id="CHEBI_SO_EXT:RNA" label="RNA"/>
      <span end="9162" id="11897010-524" start="9159">RNA</span>
    </annotation>
    <annotation annotator="Mike Bada, University of Colorado Anschutz Medical Campus" id="CHEBI_2015_08_26_Instance_90113" type="identity">
      <class id="CHEBI_SO_EXT:amino_acid" label="amino acid"/>
      <span end="9527" id="11897010-526" start="9516">amino acids</span>
    </annotation>
    <annotation annotator="Mike Bada, University of Colorado Anschutz Medical Campus" id="CHEBI_2015_08_26_Instance_90115" type="identity">
      <class id="CHEBI_SO_EXT:amino_acid" label="amino acid"/>
      <span end="9543" id="11897010-528" start="9532">amino acids</span>
    </annotation>
    <annotation annotator="Mike Bada, University of Colorado Anschutz Medical Campus" id="CHEBI_2015_08_26_Instance_330688" type="identity">
      <class id="CHEBI:33695" label="information biomacromolecule"/>
      <span end="9567" id="11897010-436" start="9560">message</span>
    </annotation>
    <annotation annotator="Mike Bada, University of Colorado Anschutz Medical Campus" id="CHEBI_2015_08_26_Instance_170354" type="identity">
      <class id="CHEBI_SO_EXT:base" label="base"/>
      <span end="9589" id="11897010-386" start="9588">b</span>
    </annotation>
    <annotation annotator="Mike Bada, University of Colorado Anschutz Medical Campus" id="CHEBI_2015_08_26_Instance_300138" type="identity">
      <class id="CHEBI_PR_EXT:protein" label="protein"/>
      <span end="9660" id="11897010-418" start="9653">protein</span>
    </annotation>
    <annotation annotator="Mike Bada, University of Colorado Anschutz Medical Campus" id="CHEBI_2015_08_26_Instance_300140" type="identity">
      <class id="CHEBI_PR_EXT:protein" label="protein"/>
      <span end="9769" id="11897010-420" start="9762">protein</span>
    </annotation>
    <annotation annotator="Mike Bada, University of Colorado Anschutz Medical Campus" id="CHEBI_2015_08_26_Instance_90119" type="identity">
      <class id="CHEBI_SO_EXT:amino_acid" label="amino acid"/>
      <span end="9801" id="11897010-530" start="9791">amino acid</span>
    </annotation>
    <annotation annotator="Mike Bada, University of Colorado Anschutz Medical Campus" id="CHEBI_2015_08_26_Instance_90121" type="identity">
      <class id="CHEBI_SO_EXT:amino_acid" label="amino acid"/>
      <span end="9824" id="11897010-532" start="9814">amino acid</span>
    </annotation>
    <annotation annotator="" id="CHEBI_2015_08_26_backup_Instance_14" type="identity">
      <class id="CHEBI_SO_EXT:C_terminus_or_C_terminal_region" label="C-terminus or C-terminal region"/>
      <span end="9835" id="11897010-337" start="9825">C-terminal</span>
    </annotation>
    <annotation annotator="Mike Bada, University of Colorado Anschutz Medical Campus" id="CHEBI_2015_08_26_Instance_170356" type="identity">
      <class id="CHEBI_SO_EXT:base" label="base"/>
      <span end="9874" id="11897010-388" start="9873">b</span>
    </annotation>
    <annotation annotator="Mike Bada, University of Colorado Anschutz Medical Campus" id="CHEBI_2015_08_26_Instance_90125" type="identity">
      <class id="CHEBI_SO_EXT:amino_acid" label="amino acid"/>
      <span end="9932" id="11897010-534" start="9922">amino acid</span>
    </annotation>
    <annotation annotator="Mike Bada, University of Colorado Anschutz Medical Campus" id="CHEBI_2015_08_26_Instance_170358" type="identity">
      <class id="CHEBI_SO_EXT:base" label="base"/>
      <span end="9975" id="11897010-390" start="9974">b</span>
    </annotation>
    <annotation annotator="Mike Bada, University of Colorado Anschutz Medical Campus" id="CHEBI_2015_08_26_Instance_90127" type="identity">
      <class id="CHEBI_SO_EXT:RNA" label="RNA"/>
      <span end="10015" id="11897010-536" start="10012">RNA</span>
    </annotation>
    <annotation annotator="Mike Bada, University of Colorado Anschutz Medical Campus" id="CHEBI_2015_08_26_Instance_90058" type="identity">
      <class id="CHEBI_SO_EXT:molecular_probe" label="molecular probe"/>
      <span end="10081" id="11897010-478" start="10075">probes</span>
    </annotation>
    <annotation annotator="Mike Bada, University of Colorado Anschutz Medical Campus" id="CHEBI_2015_08_26_Instance_80008" type="identity">
      <class id="CHEBI_SO_EXT:peptide_or_peptide_region" label="peptide or peptide region"/>
      <span end="10304" id="11897010-452" start="10297">Peptide</span>
    </annotation>
    <annotation annotator="" id="CHEBI_2015_08_26_backup_Instance_16" type="identity">
      <class id="CHEBI_SO_EXT:C_terminus_or_C_terminal_region" label="C-terminus or C-terminal region"/>
      <span end="10423" id="11897010-339" start="10413">c-terminal</span>
    </annotation>
    <annotation annotator="Mike Bada, University of Colorado Anschutz Medical Campus" id="CHEBI_2015_08_26_Instance_90131" type="identity">
      <class id="CHEBI_SO_EXT:nucleotide" label="nucleotide"/>
      <span end="10536" id="11897010-538" start="10526">nucleotide</span>
    </annotation>
    <annotation annotator="Mike Bada, University of Colorado Anschutz Medical Campus" id="CHEBI_2015_08_26_Instance_90133" type="identity">
      <class id="CHEBI_SO_EXT:amino_acid" label="amino acid"/>
      <span end="10551" id="11897010-540" start="10541">amino acid</span>
    </annotation>
    <annotation annotator="Mike Bada, University of Colorado Anschutz Medical Campus" id="CHEBI_2015_08_26_Instance_90060" type="identity">
      <class id="CHEBI_SO_EXT:molecular_probe" label="molecular probe"/>
      <span end="10762" id="11897010-480" start="10756">probes</span>
    </annotation>
    <annotation annotator="Mike Bada, University of Colorado Anschutz Medical Campus" id="CHEBI_2015_08_26_Instance_170360" type="identity">
      <class id="CHEBI_SO_EXT:base" label="base"/>
      <span end="10783" id="11897010-392" start="10782">b</span>
    </annotation>
    <annotation annotator="Mike Bada, University of Colorado Anschutz Medical Campus" id="CHEBI_2015_08_26_Instance_90062" type="identity">
      <class id="CHEBI_SO_EXT:molecular_probe" label="molecular probe"/>
      <span end="10887" id="11897010-482" start="10882">probe</span>
    </annotation>
    <annotation annotator="Mike Bada, University of Colorado Anschutz Medical Campus" id="CHEBI_2015_08_26_Instance_90064" type="identity">
      <class id="CHEBI_SO_EXT:molecular_probe" label="molecular probe"/>
      <span end="10945" id="11897010-484" start="10940">probe</span>
    </annotation>
    <annotation annotator="Mike Bada, University of Colorado Anschutz Medical Campus" id="CHEBI_2015_08_26_Instance_90135" type="identity">
      <class id="CHEBI_SO_EXT:amino_acid" label="amino acid"/>
      <span end="11308" id="11897010-542" start="11298">amino acid</span>
    </annotation>
    <annotation annotator="Mike Bada, University of Colorado Anschutz Medical Campus" id="CHEBI_2015_08_26_Instance_300142" type="identity">
      <class id="CHEBI_PR_EXT:protein" label="protein"/>
      <span end="11326" id="11897010-422" start="11319">protein</span>
    </annotation>
    <annotation annotator="Mike Bada, University of Colorado Anschutz Medical Campus" id="CHEBI_2015_08_26_Instance_300144" type="identity">
      <class id="CHEBI_PR_EXT:protein" label="protein"/>
      <span end="11481" id="11897010-424" start="11474">protein</span>
    </annotation>
    <annotation annotator="Mike Bada, University of Colorado Anschutz Medical Campus" id="CHEBI_2015_08_26_Instance_90066" type="identity">
      <class id="CHEBI_SO_EXT:molecular_probe" label="molecular probe"/>
      <span end="11507" id="11897010-486" start="11501">probes</span>
    </annotation>
    <annotation annotator="Mike Bada, University of Colorado Anschutz Medical Campus" id="CHEBI_2015_08_26_Instance_90068" type="identity">
      <class id="CHEBI_SO_EXT:molecular_probe" label="molecular probe"/>
      <span end="11546" id="11897010-488" start="11540">probes</span>
    </annotation>
    <annotation annotator="Mike Bada, University of Colorado Anschutz Medical Campus" id="CHEBI_2015_08_26_Instance_90137" type="identity">
      <class id="CHEBI_SO_EXT:amino_acid" label="amino acid"/>
      <span end="11733" id="11897010-544" start="11723">amino acid</span>
    </annotation>
    <annotation annotator="Mike Bada, University of Colorado Anschutz Medical Campus" id="CHEBI_2015_08_26_Instance_90139" type="identity">
      <class id="CHEBI_SO_EXT:nucleotide" label="nucleotide"/>
      <span end="11748" id="11897010-546" start="11738">nucleotide</span>
    </annotation>
    <annotation annotator="Mike Bada, University of Colorado Anschutz Medical Campus" id="CHEBI_2015_08_26_Instance_28149" type="identity">
      <class id="CHEBI:36916" label="cation"/>
      <span end="11824" id="11897010-402" start="11818">cation</span>
    </annotation>
    <annotation annotator="Mike Bada, University of Colorado Anschutz Medical Campus" id="CHEBI_2015_08_26_Instance_90142" type="identity">
      <class id="CHEBI_SO_EXT:leucine" label="leucine"/>
      <span end="11878" id="11897010-548" start="11871">leucine</span>
    </annotation>
    <annotation annotator="" id="CHEBI_2015_08_26_backup_Instance_66" type="identity">
      <class id="CHEBI_SO_EXT:C_terminus_or_C_terminal_region" label="C-terminus or C-terminal region"/>
      <span end="11912" id="11897010-352" start="11902">C-terminus</span>
    </annotation>
    <annotation annotator="Mike Bada, University of Colorado Anschutz Medical Campus" id="CHEBI_2015_08_26_Instance_300146" type="identity">
      <class id="CHEBI_PR_EXT:protein" label="protein"/>
      <span end="12149" id="11897010-426" start="12142">protein</span>
    </annotation>
    <annotation annotator="" id="CHEBI_2015_08_26_backup_Instance_18" type="identity">
      <class id="CHEBI_SO_EXT:C_terminus_or_C_terminal_region" label="C-terminus or C-terminal region"/>
      <span end="12306" id="11897010-341" start="12296">c-terminal</span>
    </annotation>
    <annotation annotator="Mike Bada, University of Colorado Anschutz Medical Campus" id="CHEBI_2015_08_26_Instance_90148" type="identity">
      <class id="CHEBI_SO_EXT:amino_acid" label="amino acid"/>
      <span end="12349" id="11897010-550" start="12339">amino acid</span>
    </annotation>
    <annotation annotator="" id="CHEBI_2015_08_26_backup_Instance_20" type="identity">
      <class id="CHEBI_SO_EXT:C_terminus_or_C_terminal_region" label="C-terminus or C-terminal region"/>
      <span end="12360" id="11897010-343" start="12350">c-terminal</span>
    </annotation>
    <annotation annotator="Mike Bada, University of Colorado Anschutz Medical Campus" id="CHEBI_2015_08_26_Instance_300148" type="identity">
      <class id="CHEBI_PR_EXT:protein" label="protein"/>
      <span end="12529" id="11897010-428" start="12522">protein</span>
    </annotation>
    <annotation annotator="Mike Bada, University of Colorado Anschutz Medical Campus" id="CHEBI_2015_08_26_Instance_90152" type="identity">
      <class id="CHEBI:17089" label="glycoprotein"/>
      <span end="13163" id="11897010-552" start="13151">glycoprotein</span>
    </annotation>
    <annotation annotator="Mike Bada, University of Colorado Anschutz Medical Campus" id="CHEBI_2015_08_26_Instance_300150" type="identity">
      <class id="CHEBI_PR_EXT:protein" label="protein"/>
      <span end="13405" id="11897010-430" start="13398">protein</span>
    </annotation>
    <annotation annotator="Mike Bada, University of Colorado Anschutz Medical Campus" id="CHEBI_2015_08_26_Instance_340010" type="identity">
      <class id="CHEBI_SO_EXT:molecular_indicator_or_label_or_marker_or_tag" label="molecular indicator/label/marker/tag"/>
      <span end="13618" id="11897010-440" start="13614">tags</span>
    </annotation>
    <annotation annotator="Mike Bada, University of Colorado Anschutz Medical Campus" id="CHEBI_2015_08_26_Instance_42341" type="identity">
      <class id="CHEBI_EXT:polyatomic_entity_or_group" label="polyatomic entity or group"/>
      <span end="13832" id="11897010-448" start="13823">molecular</span>
    </annotation>
    <annotation annotator="Mike Bada, University of Colorado Anschutz Medical Campus" id="CHEBI_2015_08_26_Instance_300152" type="identity">
      <class id="CHEBI_PR_EXT:protein" label="protein"/>
      <span end="14268" id="11897010-432" start="14261">protein</span>
    </annotation>
    <annotation annotator="Mike Bada, University of Colorado Anschutz Medical Campus" id="CHEBI_2015_08_26_Instance_90156" type="identity">
      <class id="CHEBI_SO_EXT:DNA" label="DNA"/>
      <span end="14317" id="11897010-554" start="14314">DNA</span>
    </annotation>
    <annotation annotator="Mike Bada, University of Colorado Anschutz Medical Campus" id="CHEBI_2015_08_26_Instance_90158" type="identity">
      <class id="CHEBI_SO_EXT:DNA" label="DNA"/>
      <span end="14539" id="11897010-556" start="14536">DNA</span>
    </annotation>
    <annotation annotator="Mike Bada, University of Colorado Anschutz Medical Campus" id="CHEBI_2015_08_26_Instance_90160" type="identity">
      <class id="CHEBI_SO_EXT:RNA" label="RNA"/>
      <span end="14597" id="11897010-558" start="14594">RNA</span>
    </annotation>
    <annotation annotator="Mike Bada, University of Colorado Anschutz Medical Campus" id="CHEBI_2015_08_26_Instance_90162" type="identity">
      <class id="CHEBI_SO_EXT:RNA" label="RNA"/>
      <span end="14702" id="11897010-560" start="14699">RNA</span>
    </annotation>
    <annotation annotator="Mike Bada, University of Colorado Anschutz Medical Campus" id="CHEBI_2015_08_26_Instance_120171" type="identity">
      <class id="CHEBI_SO_EXT:hexanucleotide" label="hexanucleotide"/>
      <span end="14773" id="11897010-356" start="14765">hexamers</span>
    </annotation>
    <annotation annotator="Mike Bada, University of Colorado Anschutz Medical Campus" id="CHEBI_2015_08_26_Instance_350108" type="identity">
      <class id="CHEBI_SO_EXT:oligonucleotide" label="oligonucleotide"/>
      <span end="14783" id="11897010-442" start="14778">oligo</span>
    </annotation>
    <annotation annotator="Mike Bada, University of Colorado Anschutz Medical Campus" id="CHEBI_2015_08_26_Instance_140041" type="identity">
      <class id="CHEBI_EXT:thymine_nucleobase_or_nucleoside_or_nucleotide_molecular_entity_or_group" label="thymine nucleobase/nucleoside/nucleotide molecular entity or group"/>
      <span end="14786" id="11897010-358" start="14784">dT</span>
    </annotation>
    <annotation annotator="Mike Bada, University of Colorado Anschutz Medical Campus" id="CHEBI_2015_08_26_Instance_90170" type="identity">
      <class id="CHEBI_SO_EXT:DNA" label="DNA"/>
      <span end="15057" id="11897010-562" start="15054">DNA</span>
    </annotation>
    <annotation annotator="Mike Bada, University of Colorado Anschutz Medical Campus" id="CHEBI_2015_08_26_Instance_28159" type="identity">
      <class id="CHEBI:2511" label="agarose"/>
      <span end="15155" id="11897010-404" start="15148">agarose</span>
    </annotation>
    <annotation annotator="Mike Bada, University of Colorado Anschutz Medical Campus" id="CHEBI_2015_08_26_Instance_14477" type="identity">
      <class id="CHEBI:37972" label="phosphorus-32 atom"/>
      <span end="15279" id="11897010-360" start="15276">32P</span>
    </annotation>
    <annotation annotator="Mike Bada, University of Colorado Anschutz Medical Campus" id="CHEBI_2015_08_26_Instance_90175" type="identity">
      <class id="CHEBI_EXT:dATP" label="dATP"/>
      <span end="15284" id="11897010-564" start="15280">dATP</span>
    </annotation>
    <annotation annotator="Mike Bada, University of Colorado Anschutz Medical Campus" id="CHEBI_2015_08_26_Instance_380280" type="identity">
      <class id="CHEBI_SO_EXT:molecular_label_or_mark_or_tag_process" label="molecular label/mark/tag process"/>
      <span end="15292" id="11897010-444" start="15285">labeled</span>
    </annotation>
    <annotation annotator="Mike Bada, University of Colorado Anschutz Medical Campus" id="CHEBI_2015_08_26_Instance_90070" type="identity">
      <class id="CHEBI_SO_EXT:molecular_probe" label="molecular probe"/>
      <span end="15377" id="11897010-490" start="15372">probe</span>
    </annotation>
    <annotation annotator="Mike Bada, University of Colorado Anschutz Medical Campus" id="CHEBI_2015_08_26_Instance_25853" type="identity">
      <class id="CHEBI:37972" label="phosphorus-32 atom"/>
      <span end="15795" id="11897010-400" start="15792">32P</span>
    </annotation>
    <annotation annotator="Mike Bada, University of Colorado Anschutz Medical Campus" id="CHEBI_2015_08_26_Instance_90177" type="identity">
      <class id="CHEBI_EXT:dATP" label="dATP"/>
      <span end="15800" id="11897010-566" start="15796">dATP</span>
    </annotation>
    <annotation annotator="Mike Bada, University of Colorado Anschutz Medical Campus" id="CHEBI_2015_08_26_Instance_380282" type="identity">
      <class id="CHEBI_SO_EXT:molecular_label_or_mark_or_tag_process" label="molecular label/mark/tag process"/>
      <span end="15808" id="11897010-446" start="15801">labeled</span>
    </annotation>
    <annotation annotator="Mike Bada, University of Colorado Anschutz Medical Campus" id="CHEBI_2015_08_26_Instance_90179" type="identity">
      <class id="CHEBI_SO_EXT:DNA" label="DNA"/>
      <span end="15812" id="11897010-568" start="15809">DNA</span>
    </annotation>
    <annotation annotator="Mike Bada, University of Colorado Anschutz Medical Campus" id="CHEBI_2015_08_26_Instance_90072" type="identity">
      <class id="CHEBI_SO_EXT:molecular_probe" label="molecular probe"/>
      <span end="15922" id="11897010-492" start="15917">probe</span>
    </annotation>
    <annotation annotator="Mike Bada, University of Colorado Anschutz Medical Campus" id="CHEBI_2015_08_26_Instance_90074" type="identity">
      <class id="CHEBI_SO_EXT:molecular_probe" label="molecular probe"/>
      <span end="16155" id="11897010-494" start="16149">probes</span>
    </annotation>
    <annotation annotator="Mike Bada, University of Colorado Anschutz Medical Campus" id="CHEBI_2015_08_26_Instance_90076" type="identity">
      <class id="CHEBI_SO_EXT:molecular_probe" label="molecular probe"/>
      <span end="16269" id="11897010-496" start="16263">probes</span>
    </annotation>
    <graph-space id="Old Knowtator Relations"/>
  </document>
</knowtator-project>
