<?xml version="1.0" encoding="UTF-8" standalone="no"?>
<knowtator-project>
  <document id="12925238" text-file="12925238.txt">
    <annotation annotator="Mike Bada, University of Colorado Anschutz Medical Campus" id="CHEBI_2015_08_26_Instance_10431" type="identity">
      <class id="CHEBI:29108" label="calcium(2+)"/>
      <span end="178" id="12925238-1110" start="174">Ca2+</span>
    </annotation>
    <annotation annotator="Mike Bada, University of Colorado Anschutz Medical Campus" id="CHEBI_2015_08_26_Instance_10433" type="identity">
      <class id="CHEBI:16247" label="phospholipid"/>
      <span end="196" id="12925238-1112" start="184">phospholipid</span>
    </annotation>
    <annotation annotator="Mike Bada, University of Colorado Anschutz Medical Campus" id="CHEBI_2015_08_26_Instance_300256" type="identity">
      <class id="CHEBI_PR_EXT:protein" label="protein"/>
      <span end="212" id="12925238-1334" start="205">protein</span>
    </annotation>
    <annotation annotator="Mike Bada, University of Colorado Anschutz Medical Campus" id="CHEBI_2015_08_26_Instance_10435" type="identity">
      <class id="CHEBI:29108" label="calcium(2+)"/>
      <span end="447" id="12925238-1114" start="443">Ca2+</span>
    </annotation>
    <annotation annotator="Mike Bada, University of Colorado Anschutz Medical Campus" id="CHEBI_2015_08_26_Instance_10437" type="identity">
      <class id="CHEBI:29108" label="calcium(2+)"/>
      <span end="718" id="12925238-1116" start="714">Ca2+</span>
    </annotation>
    <annotation annotator="Mike Bada, University of Colorado Anschutz Medical Campus" id="CHEBI_2015_08_26_Instance_300258" type="identity">
      <class id="CHEBI_PR_EXT:protein" label="protein"/>
      <span end="1311" id="12925238-1336" start="1304">protein</span>
    </annotation>
    <annotation annotator="Mike Bada, University of Colorado Anschutz Medical Campus" id="CHEBI_2015_08_26_Instance_10439" type="identity">
      <class id="CHEBI:29108" label="calcium(2+)"/>
      <span end="1868" id="12925238-1118" start="1864">Ca2+</span>
    </annotation>
    <annotation annotator="Mike Bada, University of Colorado Anschutz Medical Campus" id="CHEBI_2015_08_26_Instance_10499" type="identity">
      <class id="CHEBI:16247" label="phospholipid"/>
      <span end="1886" id="12925238-1176" start="1874">phospholipid</span>
    </annotation>
    <annotation annotator="Mike Bada, University of Colorado Anschutz Medical Campus" id="CHEBI_2015_08_26_Instance_300260" type="identity">
      <class id="CHEBI_PR_EXT:protein" label="protein"/>
      <span end="1902" id="12925238-1338" start="1895">protein</span>
    </annotation>
    <annotation annotator="Mike Bada, University of Colorado Anschutz Medical Campus" id="CHEBI_2015_08_26_Instance_10557" type="identity">
      <class id="CHEBI:16247" label="phospholipid"/>
      <span end="2011" id="12925238-1178" start="1999">phospholipid</span>
    </annotation>
    <annotation annotator="Mike Bada, University of Colorado Anschutz Medical Campus" id="CHEBI_2015_08_26_Instance_10441" type="identity">
      <class id="CHEBI:29108" label="calcium(2+)"/>
      <span end="2045" id="12925238-1120" start="2041">Ca2+</span>
    </annotation>
    <annotation annotator="Mike Bada, University of Colorado Anschutz Medical Campus" id="CHEBI_2015_08_26_Instance_10571" type="identity">
      <class id="CHEBI:33567" label="catecholamine"/>
      <span end="2154" id="12925238-1190" start="2140">catecholamines</span>
    </annotation>
    <annotation annotator="Mike Bada, University of Colorado Anschutz Medical Campus" id="CHEBI_2015_08_26_Instance_300262" type="identity">
      <class id="CHEBI_PR_EXT:protein" label="protein"/>
      <span end="2171" id="12925238-1340" start="2164">protein</span>
    </annotation>
    <annotation annotator="Mike Bada, University of Colorado Anschutz Medical Campus" id="CHEBI_2015_08_26_Instance_300264" type="identity">
      <class id="CHEBI_PR_EXT:protein" label="protein"/>
      <span end="2228" id="12925238-1342" start="2220">proteins</span>
    </annotation>
    <annotation annotator="" id="CHEBI_2015_08_26_backup_Instance_26" type="identity">
      <class id="CHEBI_SO_EXT:N_terminus_or_N_terminal_region" label="N-terminus or N-terminal region"/>
      <span end="2280" id="12925238-998" start="2270">N-terminal</span>
    </annotation>
    <annotation annotator="" id="CHEBI_2015_08_26_backup_Instance_22" type="identity">
      <class id="CHEBI_SO_EXT:C_terminus_or_C_terminal_region" label="C-terminus or C-terminal region"/>
      <span end="2307" id="12925238-994" start="2297">C-terminal</span>
    </annotation>
    <annotation annotator="" id="CHEBI_2015_08_26_backup_Instance_24" type="identity">
      <class id="CHEBI_SO_EXT:C_terminus_or_C_terminal_region" label="C-terminus or C-terminal region"/>
      <span end="2330" id="12925238-996" start="2320">C-terminal</span>
    </annotation>
    <annotation annotator="Mike Bada, University of Colorado Anschutz Medical Campus" id="CHEBI_2015_08_26_Instance_10443" type="identity">
      <class id="CHEBI:29108" label="calcium(2+)"/>
      <span end="2365" id="12925238-1122" start="2361">Ca2+</span>
    </annotation>
    <annotation annotator="Mike Bada, University of Colorado Anschutz Medical Campus" id="CHEBI_2015_08_26_Instance_10559" type="identity">
      <class id="CHEBI:16247" label="phospholipid"/>
      <span end="2383" id="12925238-1180" start="2371">phospholipid</span>
    </annotation>
    <annotation annotator="" id="CHEBI_2015_08_26_backup_Instance_28" type="identity">
      <class id="CHEBI_SO_EXT:N_terminus_or_N_terminal_region" label="N-terminus or N-terminal region"/>
      <span end="2407" id="12925238-1000" start="2397">N-terminal</span>
    </annotation>
    <annotation annotator="Mike Bada, University of Colorado Anschutz Medical Campus" id="CHEBI_2015_08_26_Instance_100073" type="identity">
      <class id="CHEBI:62643" label="anionic phospholipid"/>
      <span end="2508" id="12925238-1010" start="2476">negatively charged phospholipids</span>
    </annotation>
    <annotation annotator="Mike Bada, University of Colorado Anschutz Medical Campus" id="CHEBI_2015_08_26_Instance_10445" type="identity">
      <class id="CHEBI:29108" label="calcium(2+)"/>
      <span end="2547" id="12925238-1124" start="2538">Ca2+ ions</span>
    </annotation>
    <annotation annotator="" id="CHEBI_2015_08_26_backup_Instance_68" type="identity">
      <class id="CHEBI_SO_EXT:N_terminus_or_N_terminal_region" label="N-terminus or N-terminal region"/>
      <span end="2644" id="12925238-1006" start="2630">amino terminus</span>
    </annotation>
    <annotation annotator="Mike Bada, University of Colorado Anschutz Medical Campus" id="CHEBI_2015_08_26_Instance_100075" type="identity">
      <class id="CHEBI_SO_EXT:amino_acid" label="amino acid"/>
      <span end="2675" id="12925238-1012" start="2664">amino acids</span>
    </annotation>
    <annotation annotator="" id="CHEBI_2015_08_26_backup_Instance_30" type="identity">
      <class id="CHEBI_SO_EXT:N_terminus_or_N_terminal_region" label="N-terminus or N-terminal region"/>
      <span end="2839" id="12925238-1002" start="2829">N-terminal</span>
    </annotation>
    <annotation annotator="Mike Bada, University of Colorado Anschutz Medical Campus" id="CHEBI_2015_08_26_Instance_10447" type="identity">
      <class id="CHEBI:29108" label="calcium(2+)"/>
      <span end="3263" id="12925238-1126" start="3259">Ca2+</span>
    </annotation>
    <annotation annotator="Mike Bada, University of Colorado Anschutz Medical Campus" id="CHEBI_2015_08_26_Instance_10449" type="identity">
      <class id="CHEBI:29108" label="calcium(2+)"/>
      <span end="3310" id="12925238-1128" start="3306">Ca2+</span>
    </annotation>
    <annotation annotator="Mike Bada, University of Colorado Anschutz Medical Campus" id="CHEBI_2015_08_26_Instance_10587" type="identity">
      <class id="CHEBI:18059" label="lipid"/>
      <span end="3473" id="12925238-1192" start="3468">lipid</span>
    </annotation>
    <annotation annotator="Mike Bada, University of Colorado Anschutz Medical Campus" id="CHEBI_2015_08_26_Instance_10589" type="identity">
      <class id="CHEBI:18059" label="lipid"/>
      <span end="3490" id="12925238-1194" start="3485">Lipid</span>
    </annotation>
    <annotation annotator="Mike Bada, University of Colorado Anschutz Medical Campus" id="CHEBI_2015_08_26_Instance_10451" type="identity">
      <class id="CHEBI:29108" label="calcium(2+)"/>
      <span end="3705" id="12925238-1130" start="3701">Ca2+</span>
    </annotation>
    <annotation annotator="Mike Bada, University of Colorado Anschutz Medical Campus" id="CHEBI_2015_08_26_Instance_300266" type="identity">
      <class id="CHEBI_PR_EXT:protein" label="protein"/>
      <span end="3721" id="12925238-1344" start="3714">protein</span>
    </annotation>
    <annotation annotator="Mike Bada, University of Colorado Anschutz Medical Campus" id="CHEBI_2015_08_26_Instance_300268" type="identity">
      <class id="CHEBI_PR_EXT:protein" label="protein"/>
      <span end="3762" id="12925238-1346" start="3755">protein</span>
    </annotation>
    <annotation annotator="Mike Bada, University of Colorado Anschutz Medical Campus" id="CHEBI_2015_08_26_Instance_10453" type="identity">
      <class id="CHEBI:29108" label="calcium(2+)"/>
      <span end="3823" id="12925238-1132" start="3819">Ca2+</span>
    </annotation>
    <annotation annotator="Mike Bada, University of Colorado Anschutz Medical Campus" id="CHEBI_2015_08_26_Instance_10603" type="identity">
      <class id="CHEBI:8925" label="ryanodine"/>
      <span end="3912" id="12925238-1208" start="3903">ryanodine</span>
    </annotation>
    <annotation annotator="Mike Bada, University of Colorado Anschutz Medical Campus" id="CHEBI_2015_08_26_Instance_10605" type="identity">
      <class id="CHEBI:8925" label="ryanodine"/>
      <span end="4033" id="12925238-1210" start="4024">ryanodine</span>
    </annotation>
    <annotation annotator="Mike Bada, University of Colorado Anschutz Medical Campus" id="CHEBI_2015_08_26_Instance_10455" type="identity">
      <class id="CHEBI:29108" label="calcium(2+)"/>
      <span end="4174" id="12925238-1134" start="4170">Ca2+</span>
    </annotation>
    <annotation annotator="Mike Bada, University of Colorado Anschutz Medical Campus" id="CHEBI_2015_08_26_Instance_10457" type="identity">
      <class id="CHEBI:29108" label="calcium(2+)"/>
      <span end="4214" id="12925238-1136" start="4210">Ca2+</span>
    </annotation>
    <annotation annotator="" id="CHEBI_2015_08_26_backup_Instance_32" type="identity">
      <class id="CHEBI_SO_EXT:N_terminus_or_N_terminal_region" label="N-terminus or N-terminal region"/>
      <span end="4290" id="12925238-1004" start="4276">amino terminal</span>
    </annotation>
    <annotation annotator="" id="CHEBI_2015_08_26_backup_Instance_70" type="identity">
      <class id="CHEBI_SO_EXT:N_terminus_or_N_terminal_region" label="N-terminus or N-terminal region"/>
      <span end="4365" id="12925238-1008" start="4351">amino terminus</span>
    </annotation>
    <annotation annotator="Mike Bada, University of Colorado Anschutz Medical Campus" id="CHEBI_2015_08_26_Instance_300270" type="identity">
      <class id="CHEBI_PR_EXT:protein" label="protein"/>
      <span end="4393" id="12925238-1348" start="4385">proteins</span>
    </annotation>
    <annotation annotator="Mike Bada, University of Colorado Anschutz Medical Campus" id="CHEBI_2015_08_26_Instance_240577" type="identity">
      <class id="CHEBI:36357" label="polyatomic entity"/>
      <span end="4457" id="12925238-1326" start="4448">molecules</span>
    </annotation>
    <annotation annotator="Mike Bada, University of Colorado Anschutz Medical Campus" id="CHEBI_2015_08_26_Instance_240579" type="identity">
      <class id="CHEBI:36357" label="polyatomic entity"/>
      <span end="4481" id="12925238-1328" start="4473">molecule</span>
    </annotation>
    <annotation annotator="Mike Bada, University of Colorado Anschutz Medical Campus" id="CHEBI_2015_08_26_Instance_300272" type="identity">
      <class id="CHEBI_PR_EXT:protein" label="protein"/>
      <span end="4538" id="12925238-1350" start="4531">protein</span>
    </annotation>
    <annotation annotator="Mike Bada, University of Colorado Anschutz Medical Campus" id="CHEBI_2015_08_26_Instance_10459" type="identity">
      <class id="CHEBI:29108" label="calcium(2+)"/>
      <span end="5137" id="12925238-1138" start="5133">Ca2+</span>
    </annotation>
    <annotation annotator="Mike Bada, University of Colorado Anschutz Medical Campus" id="CHEBI_2015_08_26_Instance_10461" type="identity">
      <class id="CHEBI:29108" label="calcium(2+)"/>
      <span end="5158" id="12925238-1140" start="5154">Ca2+</span>
    </annotation>
    <annotation annotator="Mike Bada, University of Colorado Anschutz Medical Campus" id="CHEBI_2015_08_26_Instance_331294" type="identity">
      <class id="CHEBI_EXT:biochemical" label="biochemical"/>
      <span end="6028" id="12925238-1422" start="6017">biochemical</span>
    </annotation>
    <annotation annotator="Mike Bada, University of Colorado Anschutz Medical Campus" id="CHEBI_2015_08_26_Instance_10463" type="identity">
      <class id="CHEBI:29108" label="calcium(2+)"/>
      <span end="6076" id="12925238-1142" start="6072">Ca2+</span>
    </annotation>
    <annotation annotator="Mike Bada, University of Colorado Anschutz Medical Campus" id="CHEBI_2015_08_26_Instance_330726" type="identity">
      <class id="CHEBI_GO_EXT:hemoglobin" label="hemoglobin"/>
      <span end="6146" id="12925238-1398" start="6136">hemoglobin</span>
    </annotation>
    <annotation annotator="Mike Bada, University of Colorado Anschutz Medical Campus" id="CHEBI_2015_08_26_Instance_10615" type="identity">
      <class id="CHEBI:16113" label="cholesterol"/>
      <span end="6616" id="12925238-1212" start="6605">cholesterol</span>
    </annotation>
    <annotation annotator="Mike Bada, University of Colorado Anschutz Medical Campus" id="CHEBI_2015_08_26_Instance_10617" type="identity">
      <class id="CHEBI:26739" label="sphingolipid"/>
      <span end="6633" id="12925238-1214" start="6621">sphingolipid</span>
    </annotation>
    <annotation annotator="Mike Bada, University of Colorado Anschutz Medical Campus" id="CHEBI_2015_08_26_Instance_10591" type="identity">
      <class id="CHEBI:18059" label="lipid"/>
      <span end="6644" id="12925238-1196" start="6639">lipid</span>
    </annotation>
    <annotation annotator="Mike Bada, University of Colorado Anschutz Medical Campus" id="CHEBI_2015_08_26_Instance_300274" type="identity">
      <class id="CHEBI_PR_EXT:protein" label="protein"/>
      <span end="6691" id="12925238-1352" start="6683">proteins</span>
    </annotation>
    <annotation annotator="Mike Bada, University of Colorado Anschutz Medical Campus" id="CHEBI_2015_08_26_Instance_300276" type="identity">
      <class id="CHEBI_PR_EXT:protein" label="protein"/>
      <span end="6740" id="12925238-1354" start="6732">proteins</span>
    </annotation>
    <annotation annotator="Mike Bada, University of Colorado Anschutz Medical Campus" id="CHEBI_2015_08_26_Instance_10593" type="identity">
      <class id="CHEBI:18059" label="lipid"/>
      <span end="6787" id="12925238-1198" start="6782">lipid</span>
    </annotation>
    <annotation annotator="Mike Bada, University of Colorado Anschutz Medical Campus" id="CHEBI_2015_08_26_Instance_300278" type="identity">
      <class id="CHEBI_PR_EXT:protein" label="protein"/>
      <span end="6801" id="12925238-1356" start="6793">proteins</span>
    </annotation>
    <annotation annotator="Mike Bada, University of Colorado Anschutz Medical Campus" id="CHEBI_2015_08_26_Instance_300280" type="identity">
      <class id="CHEBI_PR_EXT:protein" label="protein"/>
      <span end="6864" id="12925238-1358" start="6857">protein</span>
    </annotation>
    <annotation annotator="Mike Bada, University of Colorado Anschutz Medical Campus" id="CHEBI_2015_08_26_Instance_10595" type="identity">
      <class id="CHEBI:18059" label="lipid"/>
      <span end="6939" id="12925238-1200" start="6934">lipid</span>
    </annotation>
    <annotation annotator="Mike Bada, University of Colorado Anschutz Medical Campus" id="CHEBI_2015_08_26_Instance_300282" type="identity">
      <class id="CHEBI_PR_EXT:protein" label="protein"/>
      <span end="6960" id="12925238-1360" start="6952">proteins</span>
    </annotation>
    <annotation annotator="Mike Bada, University of Colorado Anschutz Medical Campus" id="CHEBI_2015_08_26_Instance_10563" type="identity">
      <class id="CHEBI:16247" label="phospholipid"/>
      <span end="7142" id="12925238-1182" start="7130">phospholipid</span>
    </annotation>
    <annotation annotator="Mike Bada, University of Colorado Anschutz Medical Campus" id="CHEBI_2015_08_26_Instance_100077" type="identity">
      <class id="CHEBI_EXT:silver" label="silver"/>
      <span end="7773" id="12925238-1014" start="7767">silver</span>
    </annotation>
    <annotation annotator="Mike Bada, University of Colorado Anschutz Medical Campus" id="CHEBI_2015_08_26_Instance_100079" type="identity">
      <class id="CHEBI_SO_EXT:peptide_or_peptide_region" label="peptide or peptide region"/>
      <span end="7840" id="12925238-1016" start="7833">peptide</span>
    </annotation>
    <annotation annotator="Mike Bada, University of Colorado Anschutz Medical Campus" id="CHEBI_2015_08_26_Instance_300284" type="identity">
      <class id="CHEBI_PR_EXT:protein" label="protein"/>
      <span end="8031" id="12925238-1362" start="8024">Protein</span>
    </annotation>
    <annotation annotator="Mike Bada, University of Colorado Anschutz Medical Campus" id="CHEBI_2015_08_26_Instance_10621" type="identity">
      <class id="CHEBI:8984" label="sodium dodecyl sulfate"/>
      <span end="8065" id="12925238-1216" start="8062">SDS</span>
    </annotation>
    <annotation annotator="Mike Bada, University of Colorado Anschutz Medical Campus" id="CHEBI_2015_08_26_Instance_10623" type="identity">
      <class id="CHEBI:28619" label="acrylamide"/>
      <span end="8087" id="12925238-1218" start="8077">acrylamide</span>
    </annotation>
    <annotation annotator="Mike Bada, University of Colorado Anschutz Medical Campus" id="CHEBI_2015_08_26_Instance_10465" type="identity">
      <class id="CHEBI:29108" label="calcium(2+)"/>
      <span end="8867" id="12925238-1144" start="8863">Ca2+</span>
    </annotation>
    <annotation annotator="Mike Bada, University of Colorado Anschutz Medical Campus" id="CHEBI_2015_08_26_Instance_10625" type="identity">
      <class id="CHEBI_EXT:24869" label="ionophore"/>
      <span end="8877" id="12925238-1220" start="8868">ionophore</span>
    </annotation>
    <annotation annotator="Mike Bada, University of Colorado Anschutz Medical Campus" id="CHEBI_2015_08_26_Instance_10627" type="identity">
      <class id="CHEBI:15355" label="acetylcholine"/>
      <span end="8918" id="12925238-1222" start="8905">acetylcholine</span>
    </annotation>
    <annotation annotator="Mike Bada, University of Colorado Anschutz Medical Campus" id="CHEBI_2015_08_26_Instance_10467" type="identity">
      <class id="CHEBI:29108" label="calcium(2+)"/>
      <span end="9822" id="12925238-1146" start="9818">Ca2+</span>
    </annotation>
    <annotation annotator="Mike Bada, University of Colorado Anschutz Medical Campus" id="CHEBI_2015_08_26_Instance_10629" type="identity">
      <class id="CHEBI_EXT:24869" label="ionophore"/>
      <span end="9832" id="12925238-1224" start="9823">ionophore</span>
    </annotation>
    <annotation annotator="Mike Bada, University of Colorado Anschutz Medical Campus" id="CHEBI_2015_08_26_Instance_10631" type="identity">
      <class id="CHEBI:15355" label="acetylcholine"/>
      <span end="10190" id="12925238-1226" start="10177">acetylcholine</span>
    </annotation>
    <annotation annotator="Mike Bada, University of Colorado Anschutz Medical Campus" id="CHEBI_2015_08_26_Instance_100081" type="identity">
      <class id="CHEBI:31705" label="iodixanol"/>
      <span end="10379" id="12925238-1018" start="10370">iodixanol</span>
    </annotation>
    <annotation annotator="Mike Bada, University of Colorado Anschutz Medical Campus" id="CHEBI_2015_08_26_Instance_10597" type="identity">
      <class id="CHEBI:18059" label="lipid"/>
      <span end="10802" id="12925238-1202" start="10797">lipid</span>
    </annotation>
    <annotation annotator="Mike Bada, University of Colorado Anschutz Medical Campus" id="CHEBI_2015_08_26_Instance_10599" type="identity">
      <class id="CHEBI:18059" label="lipid"/>
      <span end="10811" id="12925238-1204" start="10806">lipid</span>
    </annotation>
    <annotation annotator="Mike Bada, University of Colorado Anschutz Medical Campus" id="CHEBI_2015_08_26_Instance_300286" type="identity">
      <class id="CHEBI_PR_EXT:protein" label="protein"/>
      <span end="10819" id="12925238-1364" start="10812">protein</span>
    </annotation>
    <annotation annotator="Mike Bada, University of Colorado Anschutz Medical Campus" id="CHEBI_2015_08_26_Instance_100083" type="identity">
      <class id="CHEBI:31705" label="iodixanol"/>
      <span end="11297" id="12925238-1020" start="11288">iodixanol</span>
    </annotation>
    <annotation annotator="Mike Bada, University of Colorado Anschutz Medical Campus" id="CHEBI_2015_08_26_Instance_300288" type="identity">
      <class id="CHEBI_PR_EXT:protein" label="protein"/>
      <span end="11686" id="12925238-1366" start="11679">protein</span>
    </annotation>
    <annotation annotator="Mike Bada, University of Colorado Anschutz Medical Campus" id="CHEBI_2015_08_26_Instance_10601" type="identity">
      <class id="CHEBI:18059" label="lipid"/>
      <span end="12671" id="12925238-1206" start="12666">lipid</span>
    </annotation>
    <annotation annotator="Mike Bada, University of Colorado Anschutz Medical Campus" id="CHEBI_2015_08_26_Instance_10633" type="identity">
      <class id="CHEBI:24870" label="ion"/>
      <span end="12850" id="12925238-1228" start="12845">ionic</span>
    </annotation>
    <annotation annotator="Mike Bada, University of Colorado Anschutz Medical Campus" id="CHEBI_2015_08_26_Instance_10635" type="identity">
      <class id="CHEBI:26710" label="sodium chloride"/>
      <span end="12966" id="12925238-1230" start="12951">sodium chloride</span>
    </annotation>
    <annotation annotator="Mike Bada, University of Colorado Anschutz Medical Campus" id="CHEBI_2015_08_26_Instance_10637" type="identity">
      <class id="CHEBI:24870" label="ion"/>
      <span end="13238" id="12925238-1232" start="13235">ion</span>
    </annotation>
    <annotation annotator="Mike Bada, University of Colorado Anschutz Medical Campus" id="CHEBI_2015_08_26_Instance_10639" type="identity">
      <class id="CHEBI:26710" label="sodium chloride"/>
      <span end="13607" id="12925238-1234" start="13603">NaCl</span>
    </annotation>
    <annotation annotator="Mike Bada, University of Colorado Anschutz Medical Campus" id="CHEBI_2015_08_26_Instance_100158" type="identity">
      <class id="CHEBI:75958" label="solution"/>
      <span end="13616" id="12925238-1088" start="13608">solution</span>
    </annotation>
    <annotation annotator="Mike Bada, University of Colorado Anschutz Medical Campus" id="CHEBI_2015_08_26_Instance_10641" type="identity">
      <class id="CHEBI:26710" label="sodium chloride"/>
      <span end="13695" id="12925238-1236" start="13691">NaCl</span>
    </annotation>
    <annotation annotator="Mike Bada, University of Colorado Anschutz Medical Campus" id="CHEBI_2015_08_26_Instance_100160" type="identity">
      <class id="CHEBI:75958" label="solution"/>
      <span end="13704" id="12925238-1090" start="13696">solution</span>
    </annotation>
    <annotation annotator="Mike Bada, University of Colorado Anschutz Medical Campus" id="CHEBI_2015_08_26_Instance_10643" type="identity">
      <class id="CHEBI:26710" label="sodium chloride"/>
      <span end="13738" id="12925238-1238" start="13734">NaCl</span>
    </annotation>
    <annotation annotator="Mike Bada, University of Colorado Anschutz Medical Campus" id="CHEBI_2015_08_26_Instance_10645" type="identity">
      <class id="CHEBI:26710" label="sodium chloride"/>
      <span end="13894" id="12925238-1240" start="13890">NaCl</span>
    </annotation>
    <annotation annotator="Mike Bada, University of Colorado Anschutz Medical Campus" id="CHEBI_2015_08_26_Instance_100162" type="identity">
      <class id="CHEBI:75958" label="solution"/>
      <span end="13903" id="12925238-1092" start="13895">solution</span>
    </annotation>
    <annotation annotator="Mike Bada, University of Colorado Anschutz Medical Campus" id="CHEBI_2015_08_26_Instance_10709" type="identity">
      <class id="CHEBI:24870" label="ion"/>
      <span end="14725" id="12925238-1254" start="14720">ionic</span>
    </annotation>
    <annotation annotator="Mike Bada, University of Colorado Anschutz Medical Campus" id="CHEBI_2015_08_26_Instance_10739" type="identity">
      <class id="CHEBI:26710" label="sodium chloride"/>
      <span end="14838" id="12925238-1256" start="14823">sodium chloride</span>
    </annotation>
    <annotation annotator="Mike Bada, University of Colorado Anschutz Medical Campus" id="CHEBI_2015_08_26_Instance_10755" type="identity">
      <class id="CHEBI:24870" label="ion"/>
      <span end="15387" id="12925238-1258" start="15384">ion</span>
    </annotation>
    <annotation annotator="Mike Bada, University of Colorado Anschutz Medical Campus" id="CHEBI_2015_08_26_Instance_330728" type="identity">
      <class id="CHEBI_GO_EXT:hemoglobin" label="hemoglobin"/>
      <span end="15678" id="12925238-1400" start="15667">haemoglobin</span>
    </annotation>
    <annotation annotator="Mike Bada, University of Colorado Anschutz Medical Campus" id="CHEBI_2015_08_26_Instance_330730" type="identity">
      <class id="CHEBI_GO_EXT:hemoglobin" label="hemoglobin"/>
      <span end="15748" id="12925238-1402" start="15737">haemoglobin</span>
    </annotation>
    <annotation annotator="Mike Bada, University of Colorado Anschutz Medical Campus" id="CHEBI_2015_08_26_Instance_330732" type="identity">
      <class id="CHEBI_GO_EXT:hemoglobin" label="hemoglobin"/>
      <span end="15775" id="12925238-1404" start="15764">haemoglobin</span>
    </annotation>
    <annotation annotator="Mike Bada, University of Colorado Anschutz Medical Campus" id="CHEBI_2015_08_26_Instance_100164" type="identity">
      <class id="CHEBI:75958" label="solution"/>
      <span end="16941" id="12925238-1094" start="16933">solution</span>
    </annotation>
    <annotation annotator="Mike Bada, University of Colorado Anschutz Medical Campus" id="CHEBI_2015_08_26_Instance_100085" type="identity">
      <class id="CHEBI:85129" label="ristocetin"/>
      <span end="17072" id="12925238-1022" start="17062">ristocetin</span>
    </annotation>
    <annotation annotator="Mike Bada, University of Colorado Anschutz Medical Campus" id="CHEBI_2015_08_26_Instance_10863" type="identity">
      <class id="CHEBI_EXT:23357" label="cofactor"/>
      <span end="17106" id="12925238-1260" start="17098">cofactor</span>
    </annotation>
    <annotation annotator="Mike Bada, University of Colorado Anschutz Medical Campus" id="CHEBI_2015_08_26_Instance_331172" type="identity">
      <class id="CHEBI_EXT:chemical_substance_or_polyatomic_entity" label="chemical substance or polyatomic entity"/>
      <span end="17755" id="12925238-1416" start="17747">chemical</span>
    </annotation>
    <annotation annotator="Mike Bada, University of Colorado Anschutz Medical Campus" id="CHEBI_2015_08_26_Instance_100087" type="identity">
      <class id="CHEBI:85129" label="ristocetin"/>
      <span end="18025" id="12925238-1024" start="18015">ristocetin</span>
    </annotation>
    <annotation annotator="Mike Bada, University of Colorado Anschutz Medical Campus" id="CHEBI_2015_08_26_Instance_331174" type="identity">
      <class id="CHEBI_EXT:chemical_substance_or_polyatomic_entity" label="chemical substance or polyatomic entity"/>
      <span end="18696" id="12925238-1418" start="18688">chemical</span>
    </annotation>
    <annotation annotator="Mike Bada, University of Colorado Anschutz Medical Campus" id="CHEBI_2015_08_26_Instance_300290" type="identity">
      <class id="CHEBI_PR_EXT:protein" label="protein"/>
      <span end="19021" id="12925238-1368" start="19014">protein</span>
    </annotation>
    <annotation annotator="Mike Bada, University of Colorado Anschutz Medical Campus" id="CHEBI_2015_08_26_Instance_10865" type="identity">
      <class id="CHEBI:26739" label="sphingolipid"/>
      <span end="20100" id="12925238-1262" start="20087">sphingolipids</span>
    </annotation>
    <annotation annotator="Mike Bada, University of Colorado Anschutz Medical Campus" id="CHEBI_2015_08_26_Instance_10867" type="identity">
      <class id="CHEBI:16113" label="cholesterol"/>
      <span end="20116" id="12925238-1264" start="20105">cholesterol</span>
    </annotation>
    <annotation annotator="Mike Bada, University of Colorado Anschutz Medical Campus" id="CHEBI_2015_08_26_Instance_10565" type="identity">
      <class id="CHEBI:16247" label="phospholipid"/>
      <span end="20180" id="12925238-1184" start="20167">phospholipids</span>
    </annotation>
    <annotation annotator="Mike Bada, University of Colorado Anschutz Medical Campus" id="CHEBI_2015_08_26_Instance_10869" type="identity">
      <class id="CHEBI:16113" label="cholesterol"/>
      <span end="20196" id="12925238-1266" start="20185">cholesterol</span>
    </annotation>
    <annotation annotator="Mike Bada, University of Colorado Anschutz Medical Campus" id="CHEBI_2015_08_26_Instance_300292" type="identity">
      <class id="CHEBI_PR_EXT:protein" label="protein"/>
      <span end="20254" id="12925238-1370" start="20246">proteins</span>
    </annotation>
    <annotation annotator="Mike Bada, University of Colorado Anschutz Medical Campus" id="CHEBI_2015_08_26_Instance_331178" type="identity">
      <class id="CHEBI_EXT:biochemical" label="biochemical"/>
      <span end="20269" id="12925238-1420" start="20256">Biochemically</span>
    </annotation>
    <annotation annotator="Mike Bada, University of Colorado Anschutz Medical Campus" id="CHEBI_2015_08_26_Instance_100089" type="identity">
      <class id="CHEBI:9750" label="Triton X-100"/>
      <span end="20354" id="12925238-1026" start="20342">Triton X-100</span>
    </annotation>
    <annotation annotator="Mike Bada, University of Colorado Anschutz Medical Campus" id="CHEBI_2015_08_26_Instance_14509" type="identity">
      <class id="CHEBI:17992" label="sucrose"/>
      <span end="20401" id="12925238-1322" start="20394">sucrose</span>
    </annotation>
    <annotation annotator="Mike Bada, University of Colorado Anschutz Medical Campus" id="CHEBI_2015_08_26_Instance_100092" type="identity">
      <class id="CHEBI_EXT:GTP" label="GTP"/>
      <span end="20673" id="12925238-1028" start="20670">GTP</span>
    </annotation>
    <annotation annotator="Mike Bada, University of Colorado Anschutz Medical Campus" id="CHEBI_2015_08_26_Instance_100094" type="identity">
      <class id="CHEBI_EXT:GTP" label="GTP"/>
      <span end="20751" id="12925238-1030" start="20748">GTP</span>
    </annotation>
    <annotation annotator="Mike Bada, University of Colorado Anschutz Medical Campus" id="CHEBI_2015_08_26_Instance_14511" type="identity">
      <class id="CHEBI_EXT:35195" label="surfactant"/>
      <span end="20788" id="12925238-1324" start="20778">surfactant</span>
    </annotation>
    <annotation annotator="Mike Bada, University of Colorado Anschutz Medical Campus" id="CHEBI_2015_08_26_Instance_100096" type="identity">
      <class id="CHEBI_EXT:35195" label="surfactant"/>
      <span end="20884" id="12925238-1032" start="20874">surfactant</span>
    </annotation>
    <annotation annotator="Mike Bada, University of Colorado Anschutz Medical Campus" id="CHEBI_2015_08_26_Instance_100098" type="identity">
      <class id="CHEBI_EXT:GTP" label="GTP"/>
      <span end="20984" id="12925238-1034" start="20981">GTP</span>
    </annotation>
    <annotation annotator="Mike Bada, University of Colorado Anschutz Medical Campus" id="CHEBI_2015_08_26_Instance_10567" type="identity">
      <class id="CHEBI:16247" label="phospholipid"/>
      <span end="21508" id="12925238-1186" start="21496">phospholipid</span>
    </annotation>
    <annotation annotator="Mike Bada, University of Colorado Anschutz Medical Campus" id="CHEBI_2015_08_26_Instance_10469" type="identity">
      <class id="CHEBI:29108" label="calcium(2+)"/>
      <span end="21558" id="12925238-1148" start="21554">Ca2+</span>
    </annotation>
    <annotation annotator="Mike Bada, University of Colorado Anschutz Medical Campus" id="CHEBI_2015_08_26_Instance_10471" type="identity">
      <class id="CHEBI:29108" label="calcium(2+)"/>
      <span end="21810" id="12925238-1150" start="21806">Ca2+</span>
    </annotation>
    <annotation annotator="Mike Bada, University of Colorado Anschutz Medical Campus" id="CHEBI_2015_08_26_Instance_10473" type="identity">
      <class id="CHEBI:29108" label="calcium(2+)"/>
      <span end="22632" id="12925238-1152" start="22628">Ca2+</span>
    </annotation>
    <annotation annotator="Mike Bada, University of Colorado Anschutz Medical Campus" id="CHEBI_2015_08_26_Instance_300294" type="identity">
      <class id="CHEBI_PR_EXT:protein" label="protein"/>
      <span end="22648" id="12925238-1372" start="22641">protein</span>
    </annotation>
    <annotation annotator="Mike Bada, University of Colorado Anschutz Medical Campus" id="CHEBI_2015_08_26_Instance_10475" type="identity">
      <class id="CHEBI:29108" label="calcium(2+)"/>
      <span end="22840" id="12925238-1154" start="22836">Ca2+</span>
    </annotation>
    <annotation annotator="Mike Bada, University of Colorado Anschutz Medical Campus" id="CHEBI_2015_08_26_Instance_300296" type="identity">
      <class id="CHEBI_PR_EXT:protein" label="protein"/>
      <span end="22969" id="12925238-1374" start="22962">protein</span>
    </annotation>
    <annotation annotator="Mike Bada, University of Colorado Anschutz Medical Campus" id="CHEBI_2015_08_26_Instance_42365" type="identity">
      <class id="CHEBI_EXT:polyatomic_entity_or_group" label="polyatomic entity or group"/>
      <span end="23261" id="12925238-1430" start="23252">molecular</span>
    </annotation>
    <annotation annotator="Mike Bada, University of Colorado Anschutz Medical Campus" id="CHEBI_2015_08_26_Instance_300298" type="identity">
      <class id="CHEBI_PR_EXT:protein" label="protein"/>
      <span end="23491" id="12925238-1376" start="23483">proteins</span>
    </annotation>
    <annotation annotator="Mike Bada, University of Colorado Anschutz Medical Campus" id="CHEBI_2015_08_26_Instance_13533" type="identity">
      <class id="CHEBI:16113" label="cholesterol"/>
      <span end="23589" id="12925238-1268" start="23578">cholesterol</span>
    </annotation>
    <annotation annotator="Mike Bada, University of Colorado Anschutz Medical Campus" id="CHEBI_2015_08_26_Instance_13547" type="identity">
      <class id="CHEBI:16113" label="cholesterol"/>
      <span end="23691" id="12925238-1270" start="23680">cholesterol</span>
    </annotation>
    <annotation annotator="Mike Bada, University of Colorado Anschutz Medical Campus" id="CHEBI_2015_08_26_Instance_300300" type="identity">
      <class id="CHEBI_PR_EXT:protein" label="protein"/>
      <span end="23734" id="12925238-1378" start="23726">proteins</span>
    </annotation>
    <annotation annotator="Mike Bada, University of Colorado Anschutz Medical Campus" id="CHEBI_2015_08_26_Instance_10477" type="identity">
      <class id="CHEBI:29108" label="calcium(2+)"/>
      <span end="24248" id="12925238-1156" start="24244">Ca2+</span>
    </annotation>
    <annotation annotator="Mike Bada, University of Colorado Anschutz Medical Campus" id="CHEBI_2015_08_26_Instance_300302" type="identity">
      <class id="CHEBI_PR_EXT:protein" label="protein"/>
      <span end="24279" id="12925238-1380" start="24271">proteins</span>
    </annotation>
    <annotation annotator="Mike Bada, University of Colorado Anschutz Medical Campus" id="CHEBI_2015_08_26_Instance_300304" type="identity">
      <class id="CHEBI_PR_EXT:protein" label="protein"/>
      <span end="24614" id="12925238-1382" start="24607">protein</span>
    </annotation>
    <annotation annotator="Mike Bada, University of Colorado Anschutz Medical Campus" id="CHEBI_2015_08_26_Instance_13551" type="identity">
      <class id="CHEBI:24870" label="ion"/>
      <span end="24652" id="12925238-1272" start="24647">ionic</span>
    </annotation>
    <annotation annotator="Mike Bada, University of Colorado Anschutz Medical Campus" id="CHEBI_2015_08_26_Instance_10479" type="identity">
      <class id="CHEBI:29108" label="calcium(2+)"/>
      <span end="24813" id="12925238-1158" start="24809">Ca2+</span>
    </annotation>
    <annotation annotator="Mike Bada, University of Colorado Anschutz Medical Campus" id="CHEBI_2015_08_26_Instance_10481" type="identity">
      <class id="CHEBI:29108" label="calcium(2+)"/>
      <span end="24901" id="12925238-1160" start="24897">Ca2+</span>
    </annotation>
    <annotation annotator="Mike Bada, University of Colorado Anschutz Medical Campus" id="CHEBI_2015_08_26_Instance_10483" type="identity">
      <class id="CHEBI:29108" label="calcium(2+)"/>
      <span end="25054" id="12925238-1162" start="25050">Ca2+</span>
    </annotation>
    <annotation annotator="Mike Bada, University of Colorado Anschutz Medical Campus" id="CHEBI_2015_08_26_Instance_300306" type="identity">
      <class id="CHEBI_PR_EXT:protein" label="protein"/>
      <span end="25142" id="12925238-1384" start="25135">protein</span>
    </annotation>
    <annotation annotator="Mike Bada, University of Colorado Anschutz Medical Campus" id="CHEBI_2015_08_26_Instance_10485" type="identity">
      <class id="CHEBI:29108" label="calcium(2+)"/>
      <span end="25166" id="12925238-1164" start="25162">Ca2+</span>
    </annotation>
    <annotation annotator="Mike Bada, University of Colorado Anschutz Medical Campus" id="CHEBI_2015_08_26_Instance_10569" type="identity">
      <class id="CHEBI:16247" label="phospholipid"/>
      <span end="25207" id="12925238-1188" start="25195">phospholipid</span>
    </annotation>
    <annotation annotator="Mike Bada, University of Colorado Anschutz Medical Campus" id="CHEBI_2015_08_26_Instance_10487" type="identity">
      <class id="CHEBI:29108" label="calcium(2+)"/>
      <span end="25294" id="12925238-1166" start="25285">Ca2+ ions</span>
    </annotation>
    <annotation annotator="Mike Bada, University of Colorado Anschutz Medical Campus" id="CHEBI_2015_08_26_Instance_340264" type="identity">
      <class id="CHEBI:9574" label="Thrombin"/>
      <span end="25987" id="12925238-1424" start="25979">thrombin</span>
    </annotation>
    <annotation annotator="Mike Bada, University of Colorado Anschutz Medical Campus" id="CHEBI_2015_08_26_Instance_100100" type="identity">
      <class id="CHEBI_EXT:59132" label="antigen"/>
      <span end="26333" id="12925238-1036" start="26326">antigen</span>
    </annotation>
    <annotation annotator="Mike Bada, University of Colorado Anschutz Medical Campus" id="CHEBI_2015_08_26_Instance_10489" type="identity">
      <class id="CHEBI:29108" label="calcium(2+)"/>
      <span end="26544" id="12925238-1168" start="26540">Ca2+</span>
    </annotation>
    <annotation annotator="Mike Bada, University of Colorado Anschutz Medical Campus" id="CHEBI_2015_08_26_Instance_300308" type="identity">
      <class id="CHEBI_PR_EXT:protein" label="protein"/>
      <span end="26567" id="12925238-1386" start="26559">proteins</span>
    </annotation>
    <annotation annotator="Mike Bada, University of Colorado Anschutz Medical Campus" id="CHEBI_2015_08_26_Instance_13553" type="identity">
      <class id="CHEBI:18059" label="lipid"/>
      <span end="26711" id="12925238-1274" start="26706">lipid</span>
    </annotation>
    <annotation annotator="Mike Bada, University of Colorado Anschutz Medical Campus" id="CHEBI_2015_08_26_Instance_10491" type="identity">
      <class id="CHEBI:29108" label="calcium(2+)"/>
      <span end="27113" id="12925238-1170" start="27109">Ca2+</span>
    </annotation>
    <annotation annotator="Mike Bada, University of Colorado Anschutz Medical Campus" id="CHEBI_2015_08_26_Instance_24841" type="identity">
      <class id="CHEBI_EXT:33290" label="food"/>
      <span end="27318" id="12925238-1330" start="27314">food</span>
    </annotation>
    <annotation annotator="Mike Bada, University of Colorado Anschutz Medical Campus" id="CHEBI_2015_08_26_Instance_100106" type="identity">
      <class id="CHEBI_EXT:EDTA_sodium_salt" label="EDTA sodium salt"/>
      <span end="27545" id="12925238-1040" start="27539">NaEDTA</span>
    </annotation>
    <annotation annotator="Mike Bada, University of Colorado Anschutz Medical Campus" id="CHEBI_2015_08_26_Instance_13555" type="identity">
      <class id="CHEBI_EXT:38867" label="anaesthetic"/>
      <span end="27685" id="12925238-1276" start="27664">anaesthetic chemicals</span>
    </annotation>
    <annotation annotator="Mike Bada, University of Colorado Anschutz Medical Campus" id="CHEBI_2015_08_26_Instance_100103" type="identity">
      <class id="CHEBI_EXT:EDTA" label="EDTA"/>
      <span end="28090" id="12925238-1038" start="28086">EDTA</span>
    </annotation>
    <annotation annotator="Mike Bada, University of Colorado Anschutz Medical Campus" id="CHEBI_2015_08_26_Instance_100108" type="identity">
      <class id="CHEBI:31705" label="iodixanol"/>
      <span end="28756" id="12925238-1042" start="28747">iodixanol</span>
    </annotation>
    <annotation annotator="Mike Bada, University of Colorado Anschutz Medical Campus" id="CHEBI_2015_08_26_Instance_380010" type="identity">
      <class id="CHEBI_CHMO_EXT:buffer_process" label="buffer process"/>
      <span end="28941" id="12925238-1426" start="28933">buffered</span>
    </annotation>
    <annotation annotator="Mike Bada, University of Colorado Anschutz Medical Campus" id="CHEBI_2015_08_26_Instance_330784" type="identity">
      <class id="CHEBI_EXT:saline_solution" label="saline solution"/>
      <span end="28955" id="12925238-1414" start="28942">salt solution</span>
    </annotation>
    <annotation annotator="Mike Bada, University of Colorado Anschutz Medical Campus" id="CHEBI_2015_08_26_Instance_100110" type="identity">
      <class id="CHEBI_CHMO_EXT:buffer_solution" label="buffer solution"/>
      <span end="28991" id="12925238-1044" start="28985">buffer</span>
    </annotation>
    <annotation annotator="Mike Bada, University of Colorado Anschutz Medical Campus" id="CHEBI_2015_08_26_Instance_13591" type="identity">
      <class id="CHEBI:46756" label="HEPES"/>
      <span end="29004" id="12925238-1306" start="28999">Hepes</span>
    </annotation>
    <annotation annotator="Mike Bada, University of Colorado Anschutz Medical Campus" id="CHEBI_2015_08_26_Instance_13559" type="identity">
      <class id="CHEBI:3312" label="calcium dichloride"/>
      <span end="29026" id="12925238-1278" start="29021">CaCl2</span>
    </annotation>
    <annotation annotator="Mike Bada, University of Colorado Anschutz Medical Campus" id="CHEBI_2015_08_26_Instance_13561" type="identity">
      <class id="CHEBI:17992" label="sucrose"/>
      <span end="29042" id="12925238-1280" start="29035">sucrose</span>
    </annotation>
    <annotation annotator="Mike Bada, University of Colorado Anschutz Medical Campus" id="CHEBI_2015_08_26_Instance_290286" type="identity">
      <class id="CHEBI_GO_EXT:peptidase_or_protease_or_proteinase_inhibitor" label="peptidase/protease/proteinase inhibitor"/>
      <span end="29069" id="12925238-1332" start="29048">proteinase inhibitors</span>
    </annotation>
    <annotation annotator="Mike Bada, University of Colorado Anschutz Medical Campus" id="CHEBI_2015_08_26_Instance_100112" type="identity">
      <class id="CHEBI:31705" label="iodixanol"/>
      <span end="29199" id="12925238-1046" start="29190">iodixanol</span>
    </annotation>
    <annotation annotator="Mike Bada, University of Colorado Anschutz Medical Campus" id="CHEBI_2015_08_26_Instance_100168" type="identity">
      <class id="CHEBI:75958" label="solution"/>
      <span end="29208" id="12925238-1096" start="29200">solution</span>
    </annotation>
    <annotation annotator="Mike Bada, University of Colorado Anschutz Medical Campus" id="CHEBI_2015_08_26_Instance_100170" type="identity">
      <class id="CHEBI:75958" label="solution"/>
      <span end="29252" id="12925238-1098" start="29244">solution</span>
    </annotation>
    <annotation annotator="Mike Bada, University of Colorado Anschutz Medical Campus" id="CHEBI_2015_08_26_Instance_100114" type="identity">
      <class id="CHEBI:31705" label="iodixanol"/>
      <span end="29268" id="12925238-1048" start="29259">iodixanol</span>
    </annotation>
    <annotation annotator="Mike Bada, University of Colorado Anschutz Medical Campus" id="CHEBI_2015_08_26_Instance_100116" type="identity">
      <class id="CHEBI_CHMO_EXT:buffer_solution" label="buffer solution"/>
      <span end="29288" id="12925238-1050" start="29282">buffer</span>
    </annotation>
    <annotation annotator="Mike Bada, University of Colorado Anschutz Medical Campus" id="CHEBI_2015_08_26_Instance_13565" type="identity">
      <class id="CHEBI:46756" label="HEPES"/>
      <span end="29302" id="12925238-1282" start="29297">Hepes</span>
    </annotation>
    <annotation annotator="Mike Bada, University of Colorado Anschutz Medical Campus" id="CHEBI_2015_08_26_Instance_13567" type="identity">
      <class id="CHEBI:3312" label="calcium dichloride"/>
      <span end="29324" id="12925238-1284" start="29319">CaCl2</span>
    </annotation>
    <annotation annotator="Mike Bada, University of Colorado Anschutz Medical Campus" id="CHEBI_2015_08_26_Instance_13569" type="identity">
      <class id="CHEBI:17992" label="sucrose"/>
      <span end="29340" id="12925238-1286" start="29333">sucrose</span>
    </annotation>
    <annotation annotator="Mike Bada, University of Colorado Anschutz Medical Campus" id="CHEBI_2015_08_26_Instance_100118" type="identity">
      <class id="CHEBI:31705" label="iodixanol"/>
      <span end="29377" id="12925238-1052" start="29368">iodixanol</span>
    </annotation>
    <annotation annotator="Mike Bada, University of Colorado Anschutz Medical Campus" id="CHEBI_2015_08_26_Instance_100172" type="identity">
      <class id="CHEBI:75958" label="solution"/>
      <span end="29386" id="12925238-1100" start="29378">solution</span>
    </annotation>
    <annotation annotator="Mike Bada, University of Colorado Anschutz Medical Campus" id="CHEBI_2015_08_26_Instance_100174" type="identity">
      <class id="CHEBI:75958" label="solution"/>
      <span end="29448" id="12925238-1102" start="29440">solution</span>
    </annotation>
    <annotation annotator="Mike Bada, University of Colorado Anschutz Medical Campus" id="CHEBI_2015_08_26_Instance_100176" type="identity">
      <class id="CHEBI:75958" label="solution"/>
      <span end="29480" id="12925238-1104" start="29472">solution</span>
    </annotation>
    <annotation annotator="Mike Bada, University of Colorado Anschutz Medical Campus" id="CHEBI_2015_08_26_Instance_100120" type="identity">
      <class id="CHEBI:31705" label="iodixanol"/>
      <span end="29508" id="12925238-1054" start="29499">iodixanol</span>
    </annotation>
    <annotation annotator="Mike Bada, University of Colorado Anschutz Medical Campus" id="CHEBI_2015_08_26_Instance_100122" type="identity">
      <class id="CHEBI:60004" label="mixture"/>
      <span end="29521" id="12925238-1056" start="29514">mixture</span>
    </annotation>
    <annotation annotator="Mike Bada, University of Colorado Anschutz Medical Campus" id="CHEBI_2015_08_26_Instance_100124" type="identity">
      <class id="CHEBI:31705" label="iodixanol"/>
      <span end="29605" id="12925238-1058" start="29596">iodixanol</span>
    </annotation>
    <annotation annotator="Mike Bada, University of Colorado Anschutz Medical Campus" id="CHEBI_2015_08_26_Instance_100127" type="identity">
      <class id="CHEBI_EXT:nitrogen" label="nitrogen"/>
      <span end="29923" id="12925238-1060" start="29915">nitrogen</span>
    </annotation>
    <annotation annotator="Mike Bada, University of Colorado Anschutz Medical Campus" id="CHEBI_2015_08_26_Instance_330734" type="identity">
      <class id="CHEBI_GO_EXT:hemoglobin" label="hemoglobin"/>
      <span end="30048" id="12925238-1406" start="30038">hemoglobin</span>
    </annotation>
    <annotation annotator="Mike Bada, University of Colorado Anschutz Medical Campus" id="CHEBI_2015_08_26_Instance_10493" type="identity">
      <class id="CHEBI:29108" label="calcium(2+)"/>
      <span end="30113" id="12925238-1172" start="30109">Ca2+</span>
    </annotation>
    <annotation annotator="Mike Bada, University of Colorado Anschutz Medical Campus" id="CHEBI_2015_08_26_Instance_100130" type="identity">
      <class id="CHEBI_EXT:lithium" label="lithium"/>
      <span end="30148" id="12925238-1062" start="30141">lithium</span>
    </annotation>
    <annotation annotator="Mike Bada, University of Colorado Anschutz Medical Campus" id="CHEBI_2015_08_26_Instance_13573" type="identity">
      <class id="CHEBI:28304" label="heparin"/>
      <span end="30156" id="12925238-1288" start="30149">heparin</span>
    </annotation>
    <annotation annotator="Mike Bada, University of Colorado Anschutz Medical Campus" id="CHEBI_2015_08_26_Instance_13575" type="identity">
      <class id="CHEBI:46756" label="HEPES"/>
      <span end="30293" id="12925238-1290" start="30288">Hepes</span>
    </annotation>
    <annotation annotator="Mike Bada, University of Colorado Anschutz Medical Campus" id="CHEBI_2015_08_26_Instance_10647" type="identity">
      <class id="CHEBI:26710" label="sodium chloride"/>
      <span end="30318" id="12925238-1242" start="30314">NaCl</span>
    </annotation>
    <annotation annotator="Mike Bada, University of Colorado Anschutz Medical Campus" id="CHEBI_2015_08_26_Instance_100132" type="identity">
      <class id="CHEBI_CHMO_EXT:buffer_solution" label="buffer solution"/>
      <span end="30334" id="12925238-1064" start="30328">buffer</span>
    </annotation>
    <annotation annotator="Mike Bada, University of Colorado Anschutz Medical Campus" id="CHEBI_2015_08_26_Instance_100134" type="identity">
      <class id="CHEBI_CHMO_EXT:buffer_solution" label="buffer solution"/>
      <span end="30425" id="12925238-1066" start="30419">buffer</span>
    </annotation>
    <annotation annotator="Mike Bada, University of Colorado Anschutz Medical Campus" id="CHEBI_2015_08_26_Instance_13577" type="identity">
      <class id="CHEBI:46756" label="HEPES"/>
      <span end="30438" id="12925238-1292" start="30433">Hepes</span>
    </annotation>
    <annotation annotator="Mike Bada, University of Colorado Anschutz Medical Campus" id="CHEBI_2015_08_26_Instance_10649" type="identity">
      <class id="CHEBI:26710" label="sodium chloride"/>
      <span end="30459" id="12925238-1244" start="30455">NaCl</span>
    </annotation>
    <annotation annotator="Mike Bada, University of Colorado Anschutz Medical Campus" id="CHEBI_2015_08_26_Instance_13579" type="identity">
      <class id="CHEBI:3312" label="calcium dichloride"/>
      <span end="30471" id="12925238-1294" start="30466">CaCl2</span>
    </annotation>
    <annotation annotator="Mike Bada, University of Colorado Anschutz Medical Campus" id="CHEBI_2015_08_26_Instance_10495" type="identity">
      <class id="CHEBI:29108" label="calcium(2+)"/>
      <span end="30493" id="12925238-1174" start="30489">Ca2+</span>
    </annotation>
    <annotation annotator="Mike Bada, University of Colorado Anschutz Medical Campus" id="CHEBI_2015_08_26_Instance_13581" type="identity">
      <class id="CHEBI_EXT:24869" label="ionophore"/>
      <span end="30503" id="12925238-1296" start="30494">ionophore</span>
    </annotation>
    <annotation annotator="Mike Bada, University of Colorado Anschutz Medical Campus" id="CHEBI_2015_08_26_Instance_100136" type="identity">
      <class id="CHEBI_EXT:EDTA" label="EDTA"/>
      <span end="30571" id="12925238-1068" start="30567">EDTA</span>
    </annotation>
    <annotation annotator="Mike Bada, University of Colorado Anschutz Medical Campus" id="CHEBI_2015_08_26_Instance_100178" type="identity">
      <class id="CHEBI:75958" label="solution"/>
      <span end="30597" id="12925238-1106" start="30589">solution</span>
    </annotation>
    <annotation annotator="Mike Bada, University of Colorado Anschutz Medical Campus" id="CHEBI_2015_08_26_Instance_100138" type="identity">
      <class id="CHEBI_CHMO_EXT:buffer_solution" label="buffer solution"/>
      <span end="30819" id="12925238-1070" start="30813">buffer</span>
    </annotation>
    <annotation annotator="Mike Bada, University of Colorado Anschutz Medical Campus" id="CHEBI_2015_08_26_Instance_100140" type="identity">
      <class id="CHEBI_CHMO_EXT:buffer_solution" label="buffer solution"/>
      <span end="31087" id="12925238-1072" start="31081">buffer</span>
    </annotation>
    <annotation annotator="Mike Bada, University of Colorado Anschutz Medical Campus" id="CHEBI_2015_08_26_Instance_13583" type="identity">
      <class id="CHEBI:15355" label="acetylcholine"/>
      <span end="31237" id="12925238-1298" start="31224">acetylcholine</span>
    </annotation>
    <annotation annotator="Mike Bada, University of Colorado Anschutz Medical Campus" id="CHEBI_2015_08_26_Instance_13585" type="identity">
      <class id="CHEBI:15355" label="acetylcholine"/>
      <span end="31301" id="12925238-1300" start="31288">Acetylcholine</span>
    </annotation>
    <annotation annotator="Mike Bada, University of Colorado Anschutz Medical Campus" id="CHEBI_2015_08_26_Instance_100142" type="identity">
      <class id="CHEBI_CHMO_EXT:buffer_solution" label="buffer solution"/>
      <span end="31400" id="12925238-1074" start="31394">buffer</span>
    </annotation>
    <annotation annotator="Mike Bada, University of Colorado Anschutz Medical Campus" id="CHEBI_2015_08_26_Instance_13587" type="identity">
      <class id="CHEBI:46756" label="HEPES"/>
      <span end="31413" id="12925238-1302" start="31408">Hepes</span>
    </annotation>
    <annotation annotator="Mike Bada, University of Colorado Anschutz Medical Campus" id="CHEBI_2015_08_26_Instance_10651" type="identity">
      <class id="CHEBI:26710" label="sodium chloride"/>
      <span end="31434" id="12925238-1246" start="31430">NaCl</span>
    </annotation>
    <annotation annotator="Mike Bada, University of Colorado Anschutz Medical Campus" id="CHEBI_2015_08_26_Instance_100144" type="identity">
      <class id="CHEBI:9750" label="Triton X-100"/>
      <span end="31454" id="12925238-1076" start="31442">Triton X-100</span>
    </annotation>
    <annotation annotator="Mike Bada, University of Colorado Anschutz Medical Campus" id="CHEBI_2015_08_26_Instance_13593" type="identity">
      <class id="CHEBI:37586" label="sodium phosphate"/>
      <span end="31539" id="12925238-1308" start="31523">sodium phosphate</span>
    </annotation>
    <annotation annotator="Mike Bada, University of Colorado Anschutz Medical Campus" id="CHEBI_2015_08_26_Instance_330418" type="identity">
      <class id="CHEBI_CHMO_EXT:buffer_solution" label="buffer solution"/>
      <span end="31546" id="12925238-1396" start="31540">buffer</span>
    </annotation>
    <annotation annotator="Mike Bada, University of Colorado Anschutz Medical Campus" id="CHEBI_2015_08_26_Instance_330404" type="identity">
      <class id="CHEBI:86228" label="dithionitrobenzoic acid"/>
      <span end="31582" id="12925238-1392" start="31578">DTNB</span>
    </annotation>
    <annotation annotator="Mike Bada, University of Colorado Anschutz Medical Campus" id="CHEBI_2015_08_26_Instance_330406" type="identity">
      <class id="CHEBI:86228" label="dithionitrobenzoic acid"/>
      <span end="31619" id="12925238-1394" start="31584">5,5'-dithiobis-(2-nitrobenzoic acid</span>
    </annotation>
    <annotation annotator="Mike Bada, University of Colorado Anschutz Medical Campus" id="CHEBI_2015_08_26_Instance_13595" type="identity">
      <class id="CHEBI:37586" label="sodium phosphate"/>
      <span end="31647" id="12925238-1310" start="31631">sodium phosphate</span>
    </annotation>
    <annotation annotator="Mike Bada, University of Colorado Anschutz Medical Campus" id="CHEBI_2015_08_26_Instance_100146" type="identity">
      <class id="CHEBI_CHMO_EXT:buffer_solution" label="buffer solution"/>
      <span end="31654" id="12925238-1078" start="31648">buffer</span>
    </annotation>
    <annotation annotator="Mike Bada, University of Colorado Anschutz Medical Campus" id="CHEBI_2015_08_26_Instance_13597" type="identity">
      <class id="CHEBI:15377" label="water"/>
      <span end="31709" id="12925238-1312" start="31706">H2O</span>
    </annotation>
    <annotation annotator="Mike Bada, University of Colorado Anschutz Medical Campus" id="CHEBI_2015_08_26_Instance_13599" type="identity">
      <class id="CHEBI:34683" label="disodium hydrogenphosphate"/>
      <span end="31935" id="12925238-1314" start="31928">Na2HPO4</span>
    </annotation>
    <annotation annotator="Mike Bada, University of Colorado Anschutz Medical Campus" id="CHEBI_2015_08_26_Instance_13601" type="identity">
      <class id="CHEBI:37585" label="sodium dihydrogenphosphate"/>
      <span end="31943" id="12925238-1316" start="31936">NaH2PO4</span>
    </annotation>
    <annotation annotator="Mike Bada, University of Colorado Anschutz Medical Campus" id="CHEBI_2015_08_26_Instance_380012" type="identity">
      <class id="CHEBI_CHMO_EXT:buffer_process" label="buffer process"/>
      <span end="31952" id="12925238-1428" start="31944">buffered</span>
    </annotation>
    <annotation annotator="Mike Bada, University of Colorado Anschutz Medical Campus" id="CHEBI_2015_08_26_Instance_10653" type="identity">
      <class id="CHEBI:26710" label="sodium chloride"/>
      <span end="31957" id="12925238-1248" start="31953">NaCl</span>
    </annotation>
    <annotation annotator="Mike Bada, University of Colorado Anschutz Medical Campus" id="CHEBI_2015_08_26_Instance_10655" type="identity">
      <class id="CHEBI:26710" label="sodium chloride"/>
      <span end="32007" id="12925238-1250" start="32003">NaCl</span>
    </annotation>
    <annotation annotator="Mike Bada, University of Colorado Anschutz Medical Campus" id="CHEBI_2015_08_26_Instance_100180" type="identity">
      <class id="CHEBI:75958" label="solution"/>
      <span end="32157" id="12925238-1108" start="32149">solution</span>
    </annotation>
    <annotation annotator="Mike Bada, University of Colorado Anschutz Medical Campus" id="CHEBI_2015_08_26_Instance_100148" type="identity">
      <class id="CHEBI_CHMO_EXT:buffer_solution" label="buffer solution"/>
      <span end="32933" id="12925238-1080" start="32927">buffer</span>
    </annotation>
    <annotation annotator="Mike Bada, University of Colorado Anschutz Medical Campus" id="CHEBI_2015_08_26_Instance_13589" type="identity">
      <class id="CHEBI:46756" label="HEPES"/>
      <span end="32945" id="12925238-1304" start="32940">Hepes</span>
    </annotation>
    <annotation annotator="Mike Bada, University of Colorado Anschutz Medical Campus" id="CHEBI_2015_08_26_Instance_10657" type="identity">
      <class id="CHEBI:26710" label="sodium chloride"/>
      <span end="32958" id="12925238-1252" start="32954">NaCl</span>
    </annotation>
    <annotation annotator="Mike Bada, University of Colorado Anschutz Medical Campus" id="CHEBI_2015_08_26_Instance_100150" type="identity">
      <class id="CHEBI:85129" label="ristocetin"/>
      <span end="33282" id="12925238-1082" start="33272">ristocetin</span>
    </annotation>
    <annotation annotator="Mike Bada, University of Colorado Anschutz Medical Campus" id="CHEBI_2015_08_26_Instance_100152" type="identity">
      <class id="CHEBI:75958" label="solution"/>
      <span end="33291" id="12925238-1084" start="33283">solution</span>
    </annotation>
    <annotation annotator="Mike Bada, University of Colorado Anschutz Medical Campus" id="CHEBI_2015_08_26_Instance_13603" type="identity">
      <class id="CHEBI_EXT:33893" label="reagent"/>
      <span end="33377" id="12925238-1318" start="33370">reagent</span>
    </annotation>
    <annotation annotator="Mike Bada, University of Colorado Anschutz Medical Campus" id="CHEBI_2015_08_26_Instance_330736" type="identity">
      <class id="CHEBI_GO_EXT:hemoglobin" label="hemoglobin"/>
      <span end="34517" id="12925238-1408" start="34506">haemoglobin</span>
    </annotation>
    <annotation annotator="Mike Bada, University of Colorado Anschutz Medical Campus" id="CHEBI_2015_08_26_Instance_330738" type="identity">
      <class id="CHEBI_GO_EXT:hemoglobin" label="hemoglobin"/>
      <span end="34579" id="12925238-1410" start="34568">haemoglobin</span>
    </annotation>
    <annotation annotator="Mike Bada, University of Colorado Anschutz Medical Campus" id="CHEBI_2015_08_26_Instance_330740" type="identity">
      <class id="CHEBI_GO_EXT:hemoglobin" label="hemoglobin"/>
      <span end="34606" id="12925238-1412" start="34595">haemoglobin</span>
    </annotation>
    <annotation annotator="Mike Bada, University of Colorado Anschutz Medical Campus" id="CHEBI_2015_08_26_Instance_100154" type="identity">
      <class id="CHEBI_SO_EXT:peptide_or_peptide_region" label="peptide or peptide region"/>
      <span end="34711" id="12925238-1086" start="34704">Peptide</span>
    </annotation>
    <annotation annotator="Mike Bada, University of Colorado Anschutz Medical Campus" id="CHEBI_2015_08_26_Instance_13605" type="identity">
      <class id="CHEBI:8984" label="sodium dodecyl sulfate"/>
      <span end="34925" id="12925238-1320" start="34922">SDS</span>
    </annotation>
    <annotation annotator="Mike Bada, University of Colorado Anschutz Medical Campus" id="CHEBI_2015_08_26_Instance_300310" type="identity">
      <class id="CHEBI_PR_EXT:protein" label="protein"/>
      <span end="36116" id="12925238-1388" start="36109">protein</span>
    </annotation>
    <annotation annotator="Mike Bada, University of Colorado Anschutz Medical Campus" id="CHEBI_2015_08_26_Instance_300312" type="identity">
      <class id="CHEBI_PR_EXT:protein" label="protein"/>
      <span end="36431" id="12925238-1390" start="36424">protein</span>
    </annotation>
    <annotation annotator="Mike Bada, University of Colorado Anschutz Medical Campus" id="CHEBI_2015_08_26_Instance_42367" type="identity">
      <class id="CHEBI_EXT:polyatomic_entity_or_group" label="polyatomic entity or group"/>
      <span end="36605" id="12925238-1432" start="36596">Molecular</span>
    </annotation>
    <graph-space id="Old Knowtator Relations"/>
  </document>
</knowtator-project>
