<?xml version="1.0" encoding="UTF-8" standalone="no"?>
<knowtator-project>
  <document id="14609438" text-file="14609438.txt">
    <annotation annotator="Mike Bada, University of Colorado Anschutz Medical Campus" id="CHEBI_2015_08_26_Instance_380003" type="identity">
      <class id="CHEBI_SO_EXT:tripeptide" label="tripeptide"/>
      <span end="22" id="14609438-1944" start="11">tripeptidyl</span>
    </annotation>
    <annotation annotator="Mike Bada, University of Colorado Anschutz Medical Campus" id="CHEBI_2015_08_26_Instance_100183" type="identity">
      <class id="CHEBI_SO_EXT:serine" label="serine"/>
      <span end="117" id="14609438-1462" start="111">serine</span>
    </annotation>
    <annotation annotator="Mike Bada, University of Colorado Anschutz Medical Campus" id="CHEBI_2015_08_26_Instance_100000" type="identity">
      <class id="CHEBI_EXT:carboxy_or_carboxylato_group" label="carboxy or carboxylato group"/>
      <span end="126" id="14609438-1460" start="118">carboxyl</span>
    </annotation>
    <annotation annotator="Mike Bada, University of Colorado Anschutz Medical Campus" id="CHEBI_2015_08_26_Instance_330520" type="identity">
      <class id="CHEBI_SO_EXT:tripeptide" label="tripeptide"/>
      <span end="172" id="14609438-1916" start="161">Tripeptidyl</span>
    </annotation>
    <annotation annotator="Mike Bada, University of Colorado Anschutz Medical Campus" id="CHEBI_2015_08_26_Instance_100002" type="identity">
      <class id="CHEBI_SO_EXT:serine" label="serine"/>
      <span end="253" id="14609438-1464" start="247">serine</span>
    </annotation>
    <annotation annotator="Mike Bada, University of Colorado Anschutz Medical Campus" id="CHEBI_2015_08_26_Instance_110004" type="identity">
      <class id="CHEBI_EXT:carboxy_or_carboxylato_group" label="carboxy or carboxylato group"/>
      <span end="262" id="14609438-1466" start="254">carboxyl</span>
    </annotation>
    <annotation annotator="Mike Bada, University of Colorado Anschutz Medical Campus" id="CHEBI_2015_08_26_Instance_170764" type="identity">
      <class id="CHEBI_GO_SO_EXT:enzyme" label="enzyme"/>
      <span end="323" id="14609438-1745" start="317">enzyme</span>
    </annotation>
    <annotation annotator="Mike Bada, University of Colorado Anschutz Medical Campus" id="CHEBI_2015_08_26_Instance_170766" type="identity">
      <class id="CHEBI_GO_SO_EXT:enzyme" label="enzyme"/>
      <span end="439" id="14609438-1747" start="432">enzymes</span>
    </annotation>
    <annotation annotator="Mike Bada, University of Colorado Anschutz Medical Campus" id="CHEBI_2015_08_26_Instance_170768" type="identity">
      <class id="CHEBI_GO_SO_EXT:enzyme" label="enzyme"/>
      <span end="754" id="14609438-1749" start="747">Enzymes</span>
    </annotation>
    <annotation annotator="Mike Bada, University of Colorado Anschutz Medical Campus" id="CHEBI_2015_08_26_Instance_170770" type="identity">
      <class id="CHEBI_GO_SO_EXT:enzyme" label="enzyme"/>
      <span end="916" id="14609438-1751" start="909">enzymes</span>
    </annotation>
    <annotation annotator="Mike Bada, University of Colorado Anschutz Medical Campus" id="CHEBI_2015_08_26_Instance_170772" type="identity">
      <class id="CHEBI_GO_SO_EXT:enzyme" label="enzyme"/>
      <span end="1392" id="14609438-1753" start="1385">enzymes</span>
    </annotation>
    <annotation annotator="Mike Bada, University of Colorado Anschutz Medical Campus" id="CHEBI_2015_08_26_Instance_170774" type="identity">
      <class id="CHEBI_GO_SO_EXT:enzyme" label="enzyme"/>
      <span end="1622" id="14609438-1755" start="1615">enzymes</span>
    </annotation>
    <annotation annotator="Mike Bada, University of Colorado Anschutz Medical Campus" id="CHEBI_2015_08_26_Instance_13615" type="identity">
      <class id="CHEBI_EXT:35222" label="inhibitor"/>
      <span end="1668" id="14609438-1663" start="1658">inhibitors</span>
    </annotation>
    <annotation annotator="Mike Bada, University of Colorado Anschutz Medical Campus" id="CHEBI_2015_08_26_Instance_330522" type="identity">
      <class id="CHEBI_SO_EXT:tripeptide" label="tripeptide"/>
      <span end="1728" id="14609438-1918" start="1717">tripeptidyl</span>
    </annotation>
    <annotation annotator="Mike Bada, University of Colorado Anschutz Medical Campus" id="CHEBI_2015_08_26_Instance_170776" type="identity">
      <class id="CHEBI_GO_SO_EXT:enzyme" label="enzyme"/>
      <span end="1999" id="14609438-1757" start="1993">enzyme</span>
    </annotation>
    <annotation annotator="Mike Bada, University of Colorado Anschutz Medical Campus" id="CHEBI_2015_08_26_Instance_170778" type="identity">
      <class id="CHEBI_GO_SO_EXT:enzyme" label="enzyme"/>
      <span end="2091" id="14609438-1759" start="2082">enzymatic</span>
    </annotation>
    <annotation annotator="Mike Bada, University of Colorado Anschutz Medical Campus" id="CHEBI_2015_08_26_Instance_110006" type="identity">
      <class id="CHEBI_SO_EXT:serine" label="serine"/>
      <span end="2321" id="14609438-1468" start="2315">serine</span>
    </annotation>
    <annotation annotator="Mike Bada, University of Colorado Anschutz Medical Campus" id="CHEBI_2015_08_26_Instance_170780" type="identity">
      <class id="CHEBI_GO_SO_EXT:enzyme" label="enzyme"/>
      <span end="2508" id="14609438-1761" start="2501">enzymes</span>
    </annotation>
    <annotation annotator="Mike Bada, University of Colorado Anschutz Medical Campus" id="CHEBI_2015_08_26_Instance_170782" type="identity">
      <class id="CHEBI_GO_SO_EXT:enzyme" label="enzyme"/>
      <span end="2595" id="14609438-1763" start="2588">enzymes</span>
    </annotation>
    <annotation annotator="Mike Bada, University of Colorado Anschutz Medical Campus" id="CHEBI_2015_08_26_Instance_170784" type="identity">
      <class id="CHEBI_GO_SO_EXT:enzyme" label="enzyme"/>
      <span end="2741" id="14609438-1765" start="2734">enzymes</span>
    </annotation>
    <annotation annotator="Mike Bada, University of Colorado Anschutz Medical Campus" id="CHEBI_2015_08_26_Instance_110008" type="identity">
      <class id="CHEBI_SO_EXT:serine" label="serine"/>
      <span end="2774" id="14609438-1470" start="2768">serine</span>
    </annotation>
    <annotation annotator="Mike Bada, University of Colorado Anschutz Medical Campus" id="CHEBI_2015_08_26_Instance_110010" type="identity">
      <class id="CHEBI_EXT:carboxy_or_carboxylato_group" label="carboxy or carboxylato group"/>
      <span end="2783" id="14609438-1472" start="2775">carboxyl</span>
    </annotation>
    <annotation annotator="Mike Bada, University of Colorado Anschutz Medical Campus" id="CHEBI_2015_08_26_Instance_400004" type="identity">
      <class id="CHEBI_SO_EXT:serine" label="serine"/>
      <span end="2878" id="14609438-1946" start="2875">Ser</span>
    </annotation>
    <annotation annotator="Mike Bada, University of Colorado Anschutz Medical Campus" id="CHEBI_2015_08_26_Instance_370002" type="identity">
      <class id="CHEBI_SO_EXT:glutamic_acid" label="glutamic acid"/>
      <span end="2883" id="14609438-1942" start="2880">Glu</span>
    </annotation>
    <annotation annotator="Mike Bada, University of Colorado Anschutz Medical Campus" id="CHEBI_2015_08_26_Instance_370000" type="identity">
      <class id="CHEBI_SO_EXT:aspartate_or_aspartic_acid" label="aspartate or aspartic acid"/>
      <span end="2888" id="14609438-1940" start="2885">Asp</span>
    </annotation>
    <annotation annotator="Mike Bada, University of Colorado Anschutz Medical Campus" id="CHEBI_2015_08_26_Instance_330001" type="identity">
      <class id="CHEBI_SO_EXT:aspartate_or_aspartic_acid" label="aspartate or aspartic acid"/>
      <span end="2919" id="14609438-1914" start="2916">Asp</span>
    </annotation>
    <annotation annotator="Mike Bada, University of Colorado Anschutz Medical Campus" id="CHEBI_2015_08_26_Instance_14515" type="identity">
      <class id="CHEBI:35406" label="oxoanion"/>
      <span end="2935" id="14609438-1729" start="2927">oxyanion</span>
    </annotation>
    <annotation annotator="Mike Bada, University of Colorado Anschutz Medical Campus" id="CHEBI_2015_08_26_Instance_170786" type="identity">
      <class id="CHEBI_GO_SO_EXT:enzyme" label="enzyme"/>
      <span end="3327" id="14609438-1767" start="3320">enzymes</span>
    </annotation>
    <annotation annotator="Mike Bada, University of Colorado Anschutz Medical Campus" id="CHEBI_2015_08_26_Instance_170788" type="identity">
      <class id="CHEBI_GO_SO_EXT:enzyme" label="enzyme"/>
      <span end="3483" id="14609438-1769" start="3477">enzyme</span>
    </annotation>
    <annotation annotator="Mike Bada, University of Colorado Anschutz Medical Campus" id="CHEBI_2015_08_26_Instance_42369" type="identity">
      <class id="CHEBI_EXT:polyatomic_entity_or_group" label="polyatomic entity or group"/>
      <span end="3612" id="14609438-1966" start="3603">molecular</span>
    </annotation>
    <annotation annotator="Mike Bada, University of Colorado Anschutz Medical Campus" id="CHEBI_2015_08_26_Instance_290010" type="identity">
      <class id="CHEBI_GO_EXT:biological_process_or_quality_or_role" label="biological process, quality or role"/>
      <span end="3698" id="14609438-1867" start="3688">biological</span>
    </annotation>
    <annotation annotator="Mike Bada, University of Colorado Anschutz Medical Campus" id="CHEBI_2015_08_26_Instance_170790" type="identity">
      <class id="CHEBI_GO_SO_EXT:enzyme" label="enzyme"/>
      <span end="3722" id="14609438-1771" start="3716">enzyme</span>
    </annotation>
    <annotation annotator="Mike Bada, University of Colorado Anschutz Medical Campus" id="CHEBI_2015_08_26_Instance_13643" type="identity">
      <class id="CHEBI_EXT:35222" label="inhibitor"/>
      <span end="3780" id="14609438-1665" start="3770">inhibitors</span>
    </annotation>
    <annotation annotator="Mike Bada, University of Colorado Anschutz Medical Campus" id="CHEBI_2015_08_26_Instance_42371" type="identity">
      <class id="CHEBI_EXT:polyatomic_entity_or_group" label="polyatomic entity or group"/>
      <span end="4043" id="14609438-1968" start="4034">molecular</span>
    </annotation>
    <annotation annotator="Mike Bada, University of Colorado Anschutz Medical Campus" id="CHEBI_2015_08_26_Instance_290012" type="identity">
      <class id="CHEBI_GO_EXT:biological_process_or_quality_or_role" label="biological process, quality or role"/>
      <span end="4157" id="14609438-1869" start="4147">biological</span>
    </annotation>
    <annotation annotator="Mike Bada, University of Colorado Anschutz Medical Campus" id="CHEBI_2015_08_26_Instance_170792" type="identity">
      <class id="CHEBI_GO_SO_EXT:enzyme" label="enzyme"/>
      <span end="4194" id="14609438-1773" start="4187">enzymes</span>
    </annotation>
    <annotation annotator="Mike Bada, University of Colorado Anschutz Medical Campus" id="CHEBI_2015_08_26_Instance_13645" type="identity">
      <class id="CHEBI_EXT:35222" label="inhibitor"/>
      <span end="4236" id="14609438-1667" start="4226">inhibitors</span>
    </annotation>
    <annotation annotator="Mike Bada, University of Colorado Anschutz Medical Campus" id="CHEBI_2015_08_26_Instance_170794" type="identity">
      <class id="CHEBI_GO_SO_EXT:enzyme" label="enzyme"/>
      <span end="4308" id="14609438-1775" start="4301">enzymes</span>
    </annotation>
    <annotation annotator="Mike Bada, University of Colorado Anschutz Medical Campus" id="CHEBI_2015_08_26_Instance_170796" type="identity">
      <class id="CHEBI_GO_SO_EXT:enzyme" label="enzyme"/>
      <span end="4327" id="14609438-1777" start="4320">enzymes</span>
    </annotation>
    <annotation annotator="Mike Bada, University of Colorado Anschutz Medical Campus" id="CHEBI_2015_08_26_Instance_170798" type="identity">
      <class id="CHEBI_GO_SO_EXT:enzyme" label="enzyme"/>
      <span end="4447" id="14609438-1779" start="4440">enzymes</span>
    </annotation>
    <annotation annotator="Mike Bada, University of Colorado Anschutz Medical Campus" id="CHEBI_2015_08_26_Instance_110023" type="identity">
      <class id="CHEBI_EXT:residue" label="residue"/>
      <span end="4506" id="14609438-1474" start="4498">residues</span>
    </annotation>
    <annotation annotator="Mike Bada, University of Colorado Anschutz Medical Campus" id="CHEBI_2015_08_26_Instance_170800" type="identity">
      <class id="CHEBI_GO_SO_EXT:enzyme" label="enzyme"/>
      <span end="4744" id="14609438-1781" start="4737">enzymes</span>
    </annotation>
    <annotation annotator="Mike Bada, University of Colorado Anschutz Medical Campus" id="CHEBI_2015_08_26_Instance_110025" type="identity">
      <class id="CHEBI_SO_EXT:amino_acid" label="amino acid"/>
      <span end="4771" id="14609438-1476" start="4760">amino acids</span>
    </annotation>
    <annotation annotator="Mike Bada, University of Colorado Anschutz Medical Campus" id="CHEBI_2015_08_26_Instance_110028" type="identity">
      <class id="CHEBI_SO_EXT:polypeptide" label="polypeptide"/>
      <span end="4810" id="14609438-1478" start="4793">polypeptide chain</span>
    </annotation>
    <annotation annotator="Mike Bada, University of Colorado Anschutz Medical Campus" id="CHEBI_2015_08_26_Instance_170802" type="identity">
      <class id="CHEBI_GO_SO_EXT:enzyme" label="enzyme"/>
      <span end="4994" id="14609438-1783" start="4987">enzymes</span>
    </annotation>
    <annotation annotator="Mike Bada, University of Colorado Anschutz Medical Campus" id="CHEBI_2015_08_26_Instance_170804" type="identity">
      <class id="CHEBI_GO_SO_EXT:enzyme" label="enzyme"/>
      <span end="5086" id="14609438-1785" start="5079">enzymes</span>
    </annotation>
    <annotation annotator="Mike Bada, University of Colorado Anschutz Medical Campus" id="CHEBI_2015_08_26_Instance_170806" type="identity">
      <class id="CHEBI_GO_SO_EXT:enzyme" label="enzyme"/>
      <span end="5294" id="14609438-1787" start="5288">enzyme</span>
    </annotation>
    <annotation annotator="Mike Bada, University of Colorado Anschutz Medical Campus" id="CHEBI_2015_08_26_Instance_170808" type="identity">
      <class id="CHEBI_GO_SO_EXT:enzyme" label="enzyme"/>
      <span end="5358" id="14609438-1789" start="5351">enzymes</span>
    </annotation>
    <annotation annotator="Mike Bada, University of Colorado Anschutz Medical Campus" id="CHEBI_2015_08_26_Instance_170810" type="identity">
      <class id="CHEBI_GO_SO_EXT:enzyme" label="enzyme"/>
      <span end="5409" id="14609438-1791" start="5402">enzymes</span>
    </annotation>
    <annotation annotator="Mike Bada, University of Colorado Anschutz Medical Campus" id="CHEBI_2015_08_26_Instance_110030" type="identity">
      <class id="CHEBI_EXT:residue" label="residue"/>
      <span end="5445" id="14609438-1480" start="5437">Residues</span>
    </annotation>
    <annotation annotator="Mike Bada, University of Colorado Anschutz Medical Campus" id="CHEBI_2015_08_26_Instance_110032" type="identity">
      <class id="CHEBI_EXT:residue" label="residue"/>
      <span end="5533" id="14609438-1482" start="5525">residues</span>
    </annotation>
    <annotation annotator="Mike Bada, University of Colorado Anschutz Medical Campus" id="CHEBI_2015_08_26_Instance_170812" type="identity">
      <class id="CHEBI_GO_SO_EXT:enzyme" label="enzyme"/>
      <span end="5589" id="14609438-1793" start="5583">enzyme</span>
    </annotation>
    <annotation annotator="Mike Bada, University of Colorado Anschutz Medical Campus" id="CHEBI_2015_08_26_Instance_110034" type="identity">
      <class id="CHEBI_EXT:residue" label="residue"/>
      <span end="5633" id="14609438-1484" start="5625">residues</span>
    </annotation>
    <annotation annotator="Mike Bada, University of Colorado Anschutz Medical Campus" id="CHEBI_2015_08_26_Instance_110036" type="identity">
      <class id="CHEBI_EXT:residue" label="residue"/>
      <span end="5699" id="14609438-1486" start="5691">residues</span>
    </annotation>
    <annotation annotator="" id="CHEBI_2015_08_26_backup_Instance_72" type="identity">
      <class id="CHEBI_SO_EXT:N_terminus_or_N_terminal_region" label="N-terminus or N-terminal region"/>
      <span end="5804" id="14609438-1446" start="5794">N terminus</span>
    </annotation>
    <annotation annotator="Mike Bada, University of Colorado Anschutz Medical Campus" id="CHEBI_2015_08_26_Instance_170814" type="identity">
      <class id="CHEBI_GO_SO_EXT:enzyme" label="enzyme"/>
      <span end="5825" id="14609438-1795" start="5819">enzyme</span>
    </annotation>
    <annotation annotator="Mike Bada, University of Colorado Anschutz Medical Campus" id="CHEBI_2015_08_26_Instance_170816" type="identity">
      <class id="CHEBI_GO_SO_EXT:enzyme" label="enzyme"/>
      <span end="5904" id="14609438-1797" start="5897">enzymes</span>
    </annotation>
    <annotation annotator="Mike Bada, University of Colorado Anschutz Medical Campus" id="CHEBI_2015_08_26_Instance_170818" type="identity">
      <class id="CHEBI_GO_SO_EXT:enzyme" label="enzyme"/>
      <span end="6136" id="14609438-1799" start="6130">enzyme</span>
    </annotation>
    <annotation annotator="Mike Bada, University of Colorado Anschutz Medical Campus" id="CHEBI_2015_08_26_Instance_110038" type="identity">
      <class id="CHEBI_SO_EXT:nucleotide" label="nucleotide"/>
      <span end="6352" id="14609438-1488" start="6342">nucleotide</span>
    </annotation>
    <annotation annotator="Mike Bada, University of Colorado Anschutz Medical Campus" id="CHEBI_2015_08_26_Instance_110040" type="identity">
      <class id="CHEBI_SO_EXT:nucleotide" label="nucleotide"/>
      <span end="6424" id="14609438-1490" start="6414">nucleotide</span>
    </annotation>
    <annotation annotator="Mike Bada, University of Colorado Anschutz Medical Campus" id="CHEBI_2015_08_26_Instance_110042" type="identity">
      <class id="CHEBI_SO_EXT:amino_acid" label="amino acid"/>
      <span end="6563" id="14609438-1492" start="6552">amino acids</span>
    </annotation>
    <annotation annotator="Mike Bada, University of Colorado Anschutz Medical Campus" id="CHEBI_2015_08_26_Instance_170820" type="identity">
      <class id="CHEBI_GO_SO_EXT:enzyme" label="enzyme"/>
      <span end="6843" id="14609438-1801" start="6837">enzyme</span>
    </annotation>
    <annotation annotator="Mike Bada, University of Colorado Anschutz Medical Campus" id="CHEBI_2015_08_26_Instance_110044" type="identity">
      <class id="CHEBI_SO_EXT:nucleotide" label="nucleotide"/>
      <span end="6865" id="14609438-1494" start="6854">nucleotides</span>
    </annotation>
    <annotation annotator="Mike Bada, University of Colorado Anschutz Medical Campus" id="CHEBI_2015_08_26_Instance_110046" type="identity">
      <class id="CHEBI_SO_EXT:amino_acid" label="amino acid"/>
      <span end="6937" id="14609438-1496" start="6927">amino acid</span>
    </annotation>
    <annotation annotator="Mike Bada, University of Colorado Anschutz Medical Campus" id="CHEBI_2015_08_26_Instance_110048" type="identity">
      <class id="CHEBI_SO_EXT:amino_acid" label="amino acid"/>
      <span end="7141" id="14609438-1498" start="7131">amino acid</span>
    </annotation>
    <annotation annotator="Mike Bada, University of Colorado Anschutz Medical Campus" id="CHEBI_2015_08_26_Instance_170822" type="identity">
      <class id="CHEBI_GO_SO_EXT:enzyme" label="enzyme"/>
      <span end="7198" id="14609438-1803" start="7191">enzymes</span>
    </annotation>
    <annotation annotator="" id="CHEBI_2015_08_26_backup_Instance_74" type="identity">
      <class id="CHEBI_SO_EXT:N_terminus_or_N_terminal_region" label="N-terminus or N-terminal region"/>
      <span end="7223" id="14609438-1448" start="7209">amino terminus</span>
    </annotation>
    <annotation annotator="Mike Bada, University of Colorado Anschutz Medical Campus" id="CHEBI_2015_08_26_Instance_110050" type="identity">
      <class id="CHEBI_SO_EXT:amino_acid" label="amino acid"/>
      <span end="7282" id="14609438-1500" start="7271">amino acids</span>
    </annotation>
    <annotation annotator="Mike Bada, University of Colorado Anschutz Medical Campus" id="CHEBI_2015_08_26_Instance_110053" type="identity">
      <class id="CHEBI_SO_EXT:methionine" label="methionine"/>
      <span end="7464" id="14609438-1502" start="7454">methionine</span>
    </annotation>
    <annotation annotator="Mike Bada, University of Colorado Anschutz Medical Campus" id="CHEBI_2015_08_26_Instance_110055" type="identity">
      <class id="CHEBI_EXT:residue" label="residue"/>
      <span end="7490" id="14609438-1504" start="7482">residues</span>
    </annotation>
    <annotation annotator="Mike Bada, University of Colorado Anschutz Medical Campus" id="CHEBI_2015_08_26_Instance_110057" type="identity">
      <class id="CHEBI_EXT:residue" label="residue"/>
      <span end="7789" id="14609438-1506" start="7781">Residues</span>
    </annotation>
    <annotation annotator="Mike Bada, University of Colorado Anschutz Medical Campus" id="CHEBI_2015_08_26_Instance_170824" type="identity">
      <class id="CHEBI_GO_SO_EXT:enzyme" label="enzyme"/>
      <span end="7819" id="14609438-1805" start="7812">enzymes</span>
    </annotation>
    <annotation annotator="Mike Bada, University of Colorado Anschutz Medical Campus" id="CHEBI_2015_08_26_Instance_110059" type="identity">
      <class id="CHEBI_EXT:residue" label="residue"/>
      <span end="7897" id="14609438-1508" start="7889">residues</span>
    </annotation>
    <annotation annotator="" id="CHEBI_2015_08_26_backup_Instance_76" type="identity">
      <class id="CHEBI_SO_EXT:N_terminus_or_N_terminal_region" label="N-terminus or N-terminal region"/>
      <span end="8235" id="14609438-1450" start="8225">N terminus</span>
    </annotation>
    <annotation annotator="Mike Bada, University of Colorado Anschutz Medical Campus" id="CHEBI_2015_08_26_Instance_110061" type="identity">
      <class id="CHEBI_SO_EXT:aspartic_acid" label="aspartic acid"/>
      <span end="8262" id="14609438-1510" start="8254">aspartic</span>
      <span end="8281" id="14609438-1511" start="8276">acids</span>
    </annotation>
    <annotation annotator="Mike Bada, University of Colorado Anschutz Medical Campus" id="CHEBI_2015_08_26_Instance_110063" type="identity">
      <class id="CHEBI_SO_EXT:glutamic_acid" label="glutamic acid"/>
      <span end="8281" id="14609438-1513" start="8267">glutamic acids</span>
    </annotation>
    <annotation annotator="Mike Bada, University of Colorado Anschutz Medical Campus" id="CHEBI_2015_08_26_Instance_170826" type="identity">
      <class id="CHEBI_GO_SO_EXT:enzyme" label="enzyme"/>
      <span end="8359" id="14609438-1807" start="8353">enzyme</span>
    </annotation>
    <annotation annotator="Mike Bada, University of Colorado Anschutz Medical Campus" id="CHEBI_2015_08_26_Instance_170828" type="identity">
      <class id="CHEBI_GO_SO_EXT:enzyme" label="enzyme"/>
      <span end="8548" id="14609438-1809" start="8542">enzyme</span>
    </annotation>
    <annotation annotator="Mike Bada, University of Colorado Anschutz Medical Campus" id="CHEBI_2015_08_26_Instance_170830" type="identity">
      <class id="CHEBI_GO_SO_EXT:enzyme" label="enzyme"/>
      <span end="8682" id="14609438-1811" start="8675">enzymes</span>
    </annotation>
    <annotation annotator="Mike Bada, University of Colorado Anschutz Medical Campus" id="CHEBI_2015_08_26_Instance_300314" type="identity">
      <class id="CHEBI_PR_EXT:protein" label="protein"/>
      <span end="9067" id="14609438-1880" start="9060">protein</span>
    </annotation>
    <annotation annotator="Mike Bada, University of Colorado Anschutz Medical Campus" id="CHEBI_2015_08_26_Instance_170832" type="identity">
      <class id="CHEBI_GO_SO_EXT:enzyme" label="enzyme"/>
      <span end="9123" id="14609438-1813" start="9117">enzyme</span>
    </annotation>
    <annotation annotator="Mike Bada, University of Colorado Anschutz Medical Campus" id="CHEBI_2015_08_26_Instance_170834" type="identity">
      <class id="CHEBI_GO_SO_EXT:enzyme" label="enzyme"/>
      <span end="9214" id="14609438-1815" start="9208">enzyme</span>
    </annotation>
    <annotation annotator="Mike Bada, University of Colorado Anschutz Medical Campus" id="CHEBI_2015_08_26_Instance_13713" type="identity">
      <class id="CHEBI:15377" label="water"/>
      <span end="9349" id="14609438-1703" start="9344">water</span>
    </annotation>
    <annotation annotator="Mike Bada, University of Colorado Anschutz Medical Campus" id="CHEBI_2015_08_26_Instance_170836" type="identity">
      <class id="CHEBI_GO_SO_EXT:enzyme" label="enzyme"/>
      <span end="9573" id="14609438-1817" start="9566">enzymes</span>
    </annotation>
    <annotation annotator="Mike Bada, University of Colorado Anschutz Medical Campus" id="CHEBI_2015_08_26_Instance_13647" type="identity">
      <class id="CHEBI_EXT:35222" label="inhibitor"/>
      <span end="9744" id="14609438-1669" start="9735">inhibitor</span>
    </annotation>
    <annotation annotator="Mike Bada, University of Colorado Anschutz Medical Campus" id="CHEBI_2015_08_26_Instance_13787" type="identity">
      <class id="CHEBI:36357" label="polyatomic entity"/>
      <span end="9827" id="14609438-1707" start="9819">compound</span>
    </annotation>
    <annotation annotator="Mike Bada, University of Colorado Anschutz Medical Campus" id="CHEBI_2015_08_26_Instance_110065" type="identity">
      <class id="CHEBI_SO_EXT:peptide_or_peptide_region" label="peptide or peptide region"/>
      <span end="9874" id="14609438-1515" start="9866">peptides</span>
    </annotation>
    <annotation annotator="Mike Bada, University of Colorado Anschutz Medical Campus" id="CHEBI_2015_08_26_Instance_13715" type="identity">
      <class id="CHEBI:17478" label="aldehyde"/>
      <span end="9891" id="14609438-1705" start="9883">aldehyde</span>
    </annotation>
    <annotation annotator="" id="CHEBI_2015_08_26_backup_Instance_576" type="identity">
      <class id="CHEBI_SO_EXT:C_terminus_or_C_terminal_region" label="C-terminus or C-terminal region"/>
      <span end="9925" id="14609438-1440" start="9916">C-termini</span>
    </annotation>
    <annotation annotator="Mike Bada, University of Colorado Anschutz Medical Campus" id="CHEBI_2015_08_26_Instance_290292" type="identity">
      <class id="CHEBI_GO_EXT:enzyme_inhibitor" label="enzyme inhibitor"/>
      <span end="9966" id="14609438-1877" start="9953">inhibitors of</span>
      <span end="9978" id="14609438-1878" start="9972">enzyme</span>
    </annotation>
    <annotation annotator="Mike Bada, University of Colorado Anschutz Medical Campus" id="CHEBI_2015_08_26_Instance_13649" type="identity">
      <class id="CHEBI_EXT:35222" label="inhibitor"/>
      <span end="10066" id="14609438-1671" start="10057">inhibitor</span>
    </annotation>
    <annotation annotator="Mike Bada, University of Colorado Anschutz Medical Campus" id="CHEBI_2015_08_26_Instance_13651" type="identity">
      <class id="CHEBI_EXT:35222" label="inhibitor"/>
      <span end="10146" id="14609438-1673" start="10137">inhibitor</span>
    </annotation>
    <annotation annotator="Mike Bada, University of Colorado Anschutz Medical Campus" id="CHEBI_2015_08_26_Instance_170838" type="identity">
      <class id="CHEBI_GO_SO_EXT:enzyme" label="enzyme"/>
      <span end="10161" id="14609438-1819" start="10155">enzyme</span>
    </annotation>
    <annotation annotator="Mike Bada, University of Colorado Anschutz Medical Campus" id="CHEBI_2015_08_26_Instance_13653" type="identity">
      <class id="CHEBI_EXT:35222" label="inhibitor"/>
      <span end="10344" id="14609438-1675" start="10335">inhibitor</span>
    </annotation>
    <annotation annotator="Mike Bada, University of Colorado Anschutz Medical Campus" id="CHEBI_2015_08_26_Instance_330524" type="identity">
      <class id="CHEBI_SO_EXT:tripeptide" label="tripeptide"/>
      <span end="10406" id="14609438-1920" start="10396">tripeptide</span>
    </annotation>
    <annotation annotator="Mike Bada, University of Colorado Anschutz Medical Campus" id="CHEBI_2015_08_26_Instance_170840" type="identity">
      <class id="CHEBI_GO_SO_EXT:enzyme" label="enzyme"/>
      <span end="10498" id="14609438-1821" start="10491">enzymes</span>
    </annotation>
    <annotation annotator="Mike Bada, University of Colorado Anschutz Medical Campus" id="CHEBI_2015_08_26_Instance_170842" type="identity">
      <class id="CHEBI_GO_SO_EXT:enzyme" label="enzyme"/>
      <span end="10627" id="14609438-1823" start="10621">enzyme</span>
    </annotation>
    <annotation annotator="Mike Bada, University of Colorado Anschutz Medical Campus" id="CHEBI_2015_08_26_Instance_110069" type="identity">
      <class id="CHEBI_EXT:residue" label="residue"/>
      <span end="10960" id="14609438-1517" start="10952">residues</span>
    </annotation>
    <annotation annotator="Mike Bada, University of Colorado Anschutz Medical Campus" id="CHEBI_2015_08_26_Instance_110071" type="identity">
      <class id="CHEBI:29826" label="disulfanediyl group"/>
      <span end="11034" id="14609438-1519" start="11020">disulfide bond</span>
    </annotation>
    <annotation annotator="Mike Bada, University of Colorado Anschutz Medical Campus" id="CHEBI_2015_08_26_Instance_300316" type="identity">
      <class id="CHEBI_PR_EXT:protein" label="protein"/>
      <span end="11137" id="14609438-1882" start="11130">protein</span>
    </annotation>
    <annotation annotator="Mike Bada, University of Colorado Anschutz Medical Campus" id="CHEBI_2015_08_26_Instance_110074" type="identity">
      <class id="CHEBI_SO_EXT:cysteine" label="cysteine"/>
      <span end="11187" id="14609438-1521" start="11178">cysteines</span>
    </annotation>
    <annotation annotator="Mike Bada, University of Colorado Anschutz Medical Campus" id="CHEBI_2015_08_26_Instance_110076" type="identity">
      <class id="CHEBI:29826" label="disulfanediyl group"/>
      <span end="11362" id="14609438-1523" start="11353">disulfide</span>
    </annotation>
    <annotation annotator="Mike Bada, University of Colorado Anschutz Medical Campus" id="CHEBI_2015_08_26_Instance_110078" type="identity">
      <class id="CHEBI:50325" label="proteinogenic amino-acid side-chain group"/>
      <span end="11709" id="14609438-1525" start="11698">Side chains</span>
    </annotation>
    <annotation annotator="Mike Bada, University of Colorado Anschutz Medical Campus" id="CHEBI_2015_08_26_Instance_110080" type="identity">
      <class id="CHEBI_EXT:residue" label="residue"/>
      <span end="11725" id="14609438-1527" start="11717">residues</span>
    </annotation>
    <annotation annotator="Mike Bada, University of Colorado Anschutz Medical Campus" id="CHEBI_2015_08_26_Instance_110082" type="identity">
      <class id="CHEBI_EXT:residue" label="residue"/>
      <span end="12171" id="14609438-1529" start="12163">Residues</span>
    </annotation>
    <annotation annotator="Mike Bada, University of Colorado Anschutz Medical Campus" id="CHEBI_2015_08_26_Instance_13655" type="identity">
      <class id="CHEBI_EXT:35222" label="inhibitor"/>
      <span end="12194" id="14609438-1677" start="12185">inhibitor</span>
    </annotation>
    <annotation annotator="Mike Bada, University of Colorado Anschutz Medical Campus" id="CHEBI_2015_08_26_Instance_13657" type="identity">
      <class id="CHEBI_EXT:35222" label="inhibitor"/>
      <span end="12347" id="14609438-1679" start="12337">inhibitors</span>
    </annotation>
    <annotation annotator="Mike Bada, University of Colorado Anschutz Medical Campus" id="CHEBI_2015_08_26_Instance_110085" type="identity">
      <class id="CHEBI_SO_EXT:tyrosine" label="tyrosine"/>
      <span end="12373" id="14609438-1531" start="12365">tyrosine</span>
    </annotation>
    <annotation annotator="Mike Bada, University of Colorado Anschutz Medical Campus" id="CHEBI_2015_08_26_Instance_110088" type="identity">
      <class id="CHEBI_SO_EXT:phenylalanine" label="phenylalanine"/>
      <span end="12392" id="14609438-1533" start="12379">phenylalanine</span>
    </annotation>
    <annotation annotator="Mike Bada, University of Colorado Anschutz Medical Campus" id="CHEBI_2015_08_26_Instance_110090" type="identity">
      <class id="CHEBI_EXT:residue" label="residue"/>
      <span end="12630" id="14609438-1535" start="12622">residues</span>
    </annotation>
    <annotation annotator="Mike Bada, University of Colorado Anschutz Medical Campus" id="CHEBI_2015_08_26_Instance_110093" type="identity">
      <class id="CHEBI_EXT:hydrogen" label="hydrogen"/>
      <span end="12795" id="14609438-1537" start="12787">hydrogen</span>
    </annotation>
    <annotation annotator="Mike Bada, University of Colorado Anschutz Medical Campus" id="CHEBI_2015_08_26_Instance_110095" type="identity">
      <class id="CHEBI:50325" label="proteinogenic amino-acid side-chain group"/>
      <span end="12834" id="14609438-1539" start="12824">side chain</span>
    </annotation>
    <annotation annotator="Mike Bada, University of Colorado Anschutz Medical Campus" id="CHEBI_2015_08_26_Instance_170844" type="identity">
      <class id="CHEBI_GO_SO_EXT:enzyme" label="enzyme"/>
      <span end="12957" id="14609438-1825" start="12950">enzymes</span>
    </annotation>
    <annotation annotator="Mike Bada, University of Colorado Anschutz Medical Campus" id="CHEBI_2015_08_26_Instance_110097" type="identity">
      <class id="CHEBI_EXT:residue" label="residue"/>
      <span end="13009" id="14609438-1541" start="13002">residue</span>
    </annotation>
    <annotation annotator="Mike Bada, University of Colorado Anschutz Medical Campus" id="CHEBI_2015_08_26_Instance_14517" type="identity">
      <class id="CHEBI:35406" label="oxoanion"/>
      <span end="13045" id="14609438-1731" start="13037">oxyanion</span>
    </annotation>
    <annotation annotator="Mike Bada, University of Colorado Anschutz Medical Campus" id="CHEBI_2015_08_26_Instance_110099" type="identity">
      <class id="CHEBI:50325" label="proteinogenic amino-acid side-chain group"/>
      <span end="13150" id="14609438-1543" start="13139">side chains</span>
    </annotation>
    <annotation annotator="Mike Bada, University of Colorado Anschutz Medical Campus" id="CHEBI_2015_08_26_Instance_13995" type="identity">
      <class id="CHEBI_EXT:46787" label="solvent"/>
      <span end="13273" id="14609438-1711" start="13266">solvent</span>
    </annotation>
    <annotation annotator="Mike Bada, University of Colorado Anschutz Medical Campus" id="CHEBI_2015_08_26_Instance_110101" type="identity">
      <class id="CHEBI_EXT:residue" label="residue"/>
      <span end="13342" id="14609438-1545" start="13334">residues</span>
    </annotation>
    <annotation annotator="Mike Bada, University of Colorado Anschutz Medical Campus" id="CHEBI_2015_08_26_Instance_110103" type="identity">
      <class id="CHEBI_EXT:residue" label="residue"/>
      <span end="13476" id="14609438-1547" start="13469">residue</span>
    </annotation>
    <annotation annotator="Mike Bada, University of Colorado Anschutz Medical Campus" id="CHEBI_2015_08_26_Instance_170846" type="identity">
      <class id="CHEBI_GO_SO_EXT:enzyme" label="enzyme"/>
      <span end="13558" id="14609438-1827" start="13552">enzyme</span>
    </annotation>
    <annotation annotator="Mike Bada, University of Colorado Anschutz Medical Campus" id="CHEBI_2015_08_26_Instance_13659" type="identity">
      <class id="CHEBI_EXT:35222" label="inhibitor"/>
      <span end="13623" id="14609438-1681" start="13614">inhibitor</span>
    </annotation>
    <annotation annotator="Mike Bada, University of Colorado Anschutz Medical Campus" id="CHEBI_2015_08_26_Instance_110105" type="identity">
      <class id="CHEBI_EXT:residue" label="residue"/>
      <span end="13685" id="14609438-1549" start="13677">residues</span>
    </annotation>
    <annotation annotator="Mike Bada, University of Colorado Anschutz Medical Campus" id="CHEBI_2015_08_26_Instance_170848" type="identity">
      <class id="CHEBI_GO_SO_EXT:enzyme" label="enzyme"/>
      <span end="13699" id="14609438-1829" start="13693">enzyme</span>
    </annotation>
    <annotation annotator="Mike Bada, University of Colorado Anschutz Medical Campus" id="CHEBI_2015_08_26_Instance_42373" type="identity">
      <class id="CHEBI_EXT:polyatomic_entity_or_group" label="polyatomic entity or group"/>
      <span end="13766" id="14609438-1970" start="13757">molecular</span>
    </annotation>
    <annotation annotator="Mike Bada, University of Colorado Anschutz Medical Campus" id="CHEBI_2015_08_26_Instance_13661" type="identity">
      <class id="CHEBI_EXT:35222" label="inhibitor"/>
      <span end="13808" id="14609438-1683" start="13799">inhibitor</span>
    </annotation>
    <annotation annotator="Mike Bada, University of Colorado Anschutz Medical Campus" id="CHEBI_2015_08_26_Instance_110107" type="identity">
      <class id="CHEBI_EXT:residue" label="residue"/>
      <span end="13847" id="14609438-1551" start="13839">residues</span>
    </annotation>
    <annotation annotator="Mike Bada, University of Colorado Anschutz Medical Campus" id="CHEBI_2015_08_26_Instance_110109" type="identity">
      <class id="CHEBI:50325" label="proteinogenic amino-acid side-chain group"/>
      <span end="14138" id="14609438-1553" start="14127">side chains</span>
    </annotation>
    <annotation annotator="Mike Bada, University of Colorado Anschutz Medical Campus" id="CHEBI_2015_08_26_Instance_110111" type="identity">
      <class id="CHEBI_EXT:hydrogen" label="hydrogen"/>
      <span end="14216" id="14609438-1555" start="14208">hydrogen</span>
    </annotation>
    <annotation annotator="Mike Bada, University of Colorado Anschutz Medical Campus" id="CHEBI_2015_08_26_Instance_110113" type="identity">
      <class id="CHEBI_SO_EXT:tyrosine" label="tyrosine"/>
      <span end="14241" id="14609438-1557" start="14233">tyrosine</span>
    </annotation>
    <annotation annotator="Mike Bada, University of Colorado Anschutz Medical Campus" id="CHEBI_2015_08_26_Instance_13663" type="identity">
      <class id="CHEBI_EXT:35222" label="inhibitor"/>
      <span end="14258" id="14609438-1685" start="14249">inhibitor</span>
    </annotation>
    <annotation annotator="Mike Bada, University of Colorado Anschutz Medical Campus" id="CHEBI_2015_08_26_Instance_110115" type="identity">
      <class id="CHEBI_EXT:residue" label="residue"/>
      <span end="14295" id="14609438-1559" start="14288">residue</span>
    </annotation>
    <annotation annotator="Mike Bada, University of Colorado Anschutz Medical Campus" id="CHEBI_2015_08_26_Instance_110117" type="identity">
      <class id="CHEBI_EXT:hydrogen" label="hydrogen"/>
      <span end="14411" id="14609438-1561" start="14403">hydrogen</span>
    </annotation>
    <annotation annotator="Mike Bada, University of Colorado Anschutz Medical Campus" id="CHEBI_2015_08_26_Instance_110119" type="identity">
      <class id="CHEBI_SO_EXT:tyrosine" label="tyrosine"/>
      <span end="14433" id="14609438-1563" start="14425">tyrosine</span>
    </annotation>
    <annotation annotator="Mike Bada, University of Colorado Anschutz Medical Campus" id="CHEBI_2015_08_26_Instance_110121" type="identity">
      <class id="CHEBI_EXT:residue" label="residue"/>
      <span end="14455" id="14609438-1565" start="14447">residues</span>
    </annotation>
    <annotation annotator="Mike Bada, University of Colorado Anschutz Medical Campus" id="CHEBI_2015_08_26_Instance_110123" type="identity">
      <class id="CHEBI_EXT:residue" label="residue"/>
      <span end="14561" id="14609438-1567" start="14554">residue</span>
    </annotation>
    <annotation annotator="Mike Bada, University of Colorado Anschutz Medical Campus" id="CHEBI_2015_08_26_Instance_110125" type="identity">
      <class id="CHEBI_EXT:residue" label="residue"/>
      <span end="14766" id="14609438-1569" start="14759">residue</span>
    </annotation>
    <annotation annotator="Mike Bada, University of Colorado Anschutz Medical Campus" id="CHEBI_2015_08_26_Instance_110127" type="identity">
      <class id="CHEBI:50325" label="proteinogenic amino-acid side-chain group"/>
      <span end="14892" id="14609438-1571" start="14882">side chain</span>
    </annotation>
    <annotation annotator="Mike Bada, University of Colorado Anschutz Medical Campus" id="CHEBI_2015_08_26_Instance_300318" type="identity">
      <class id="CHEBI_PR_EXT:protein" label="protein"/>
      <span end="15009" id="14609438-1884" start="15002">protein</span>
    </annotation>
    <annotation annotator="Mike Bada, University of Colorado Anschutz Medical Campus" id="CHEBI_2015_08_26_Instance_300320" type="identity">
      <class id="CHEBI_PR_EXT:protein" label="protein"/>
      <span end="15070" id="14609438-1886" start="15063">protein</span>
    </annotation>
    <annotation annotator="Mike Bada, University of Colorado Anschutz Medical Campus" id="CHEBI_2015_08_26_Instance_300322" type="identity">
      <class id="CHEBI_PR_EXT:protein" label="protein"/>
      <span end="15151" id="14609438-1888" start="15143">proteins</span>
    </annotation>
    <annotation annotator="Mike Bada, University of Colorado Anschutz Medical Campus" id="CHEBI_2015_08_26_Instance_300324" type="identity">
      <class id="CHEBI_PR_EXT:protein" label="protein"/>
      <span end="15357" id="14609438-1890" start="15349">proteins</span>
    </annotation>
    <annotation annotator="Mike Bada, University of Colorado Anschutz Medical Campus" id="CHEBI_2015_08_26_Instance_110129" type="identity">
      <class id="CHEBI:50325" label="proteinogenic amino-acid side-chain group"/>
      <span end="15414" id="14609438-1573" start="15403">side chains</span>
    </annotation>
    <annotation annotator="Mike Bada, University of Colorado Anschutz Medical Campus" id="CHEBI_2015_08_26_Instance_14585" type="identity">
      <class id="CHEBI_EXT:46787" label="solvent"/>
      <span end="15522" id="14609438-1733" start="15515">solvent</span>
    </annotation>
    <annotation annotator="Mike Bada, University of Colorado Anschutz Medical Campus" id="CHEBI_2015_08_26_Instance_110131" type="identity">
      <class id="CHEBI_EXT:residue" label="residue"/>
      <span end="15700" id="14609438-1575" start="15692">residues</span>
    </annotation>
    <annotation annotator="Mike Bada, University of Colorado Anschutz Medical Campus" id="CHEBI_2015_08_26_Instance_170850" type="identity">
      <class id="CHEBI_GO_SO_EXT:enzyme" label="enzyme"/>
      <span end="15766" id="14609438-1831" start="15759">enzymes</span>
    </annotation>
    <annotation annotator="Mike Bada, University of Colorado Anschutz Medical Campus" id="CHEBI_2015_08_26_Instance_110133" type="identity">
      <class id="CHEBI_EXT:residue" label="residue"/>
      <span end="15846" id="14609438-1577" start="15839">residue</span>
    </annotation>
    <annotation annotator="Mike Bada, University of Colorado Anschutz Medical Campus" id="CHEBI_2015_08_26_Instance_110135" type="identity">
      <class id="CHEBI_EXT:residue" label="residue"/>
      <span end="15915" id="14609438-1579" start="15908">residue</span>
    </annotation>
    <annotation annotator="Mike Bada, University of Colorado Anschutz Medical Campus" id="CHEBI_2015_08_26_Instance_14093" type="identity">
      <class id="CHEBI:33250" label="atom"/>
      <span end="15994" id="14609438-1727" start="15989">atoms</span>
    </annotation>
    <annotation annotator="Mike Bada, University of Colorado Anschutz Medical Campus" id="CHEBI_2015_08_26_Instance_170852" type="identity">
      <class id="CHEBI_GO_SO_EXT:enzyme" label="enzyme"/>
      <span end="16180" id="14609438-1833" start="16174">enzyme</span>
    </annotation>
    <annotation annotator="Mike Bada, University of Colorado Anschutz Medical Campus" id="CHEBI_2015_08_26_Instance_110137" type="identity">
      <class id="CHEBI:50325" label="proteinogenic amino-acid side-chain group"/>
      <span end="16215" id="14609438-1581" start="16205">side chain</span>
    </annotation>
    <annotation annotator="" id="CHEBI_2015_08_26_backup_Instance_34" type="identity">
      <class id="CHEBI_SO_EXT:N_terminus_or_N_terminal_region" label="N-terminus or N-terminal region"/>
      <span end="16331" id="14609438-1436" start="16321">N-terminal</span>
    </annotation>
    <annotation annotator="Mike Bada, University of Colorado Anschutz Medical Campus" id="CHEBI_2015_08_26_Instance_14589" type="identity">
      <class id="CHEBI:46882" label="amino group"/>
      <span end="16337" id="14609438-1735" start="16332">amine</span>
    </annotation>
    <annotation annotator="Mike Bada, University of Colorado Anschutz Medical Campus" id="CHEBI_2015_08_26_Instance_110139" type="identity">
      <class id="CHEBI_EXT:residue" label="residue"/>
      <span end="16374" id="14609438-1583" start="16367">residue</span>
    </annotation>
    <annotation annotator="Mike Bada, University of Colorado Anschutz Medical Campus" id="CHEBI_2015_08_26_Instance_110141" type="identity">
      <class id="CHEBI_EXT:carboxy_or_carboxylato_group" label="carboxy or carboxylato group"/>
      <span end="16491" id="14609438-1585" start="16480">carboxylate</span>
    </annotation>
    <annotation annotator="Mike Bada, University of Colorado Anschutz Medical Campus" id="CHEBI_2015_08_26_Instance_331298" type="identity">
      <class id="CHEBI_EXT:nitrogen" label="nitrogen"/>
      <span end="16508" id="14609438-1934" start="16500">nitrogen</span>
    </annotation>
    <annotation annotator="" id="CHEBI_2015_08_26_backup_Instance_78" type="identity">
      <class id="CHEBI_SO_EXT:N_terminus_or_N_terminal_region" label="N-terminus or N-terminal region"/>
      <span end="16526" id="14609438-1452" start="16516">N-terminus</span>
    </annotation>
    <annotation annotator="Mike Bada, University of Colorado Anschutz Medical Campus" id="CHEBI_2015_08_26_Instance_14593" type="identity">
      <class id="CHEBI:24433" label="group"/>
      <span end="16582" id="14609438-1737" start="16576">groups</span>
    </annotation>
    <annotation annotator="Mike Bada, University of Colorado Anschutz Medical Campus" id="CHEBI_2015_08_26_Instance_110143" type="identity">
      <class id="CHEBI_EXT:hydrogen" label="hydrogen"/>
      <span end="16613" id="14609438-1587" start="16605">hydrogen</span>
    </annotation>
    <annotation annotator="Mike Bada, University of Colorado Anschutz Medical Campus" id="CHEBI_2015_08_26_Instance_300326" type="identity">
      <class id="CHEBI_PR_EXT:protein" label="protein"/>
      <span end="16688" id="14609438-1892" start="16681">protein</span>
    </annotation>
    <annotation annotator="Mike Bada, University of Colorado Anschutz Medical Campus" id="CHEBI_2015_08_26_Instance_110145" type="identity">
      <class id="CHEBI_EXT:hydrogen" label="hydrogen"/>
      <span end="16757" id="14609438-1589" start="16749">hydrogen</span>
    </annotation>
    <annotation annotator="Mike Bada, University of Colorado Anschutz Medical Campus" id="CHEBI_2015_08_26_Instance_110147" type="identity">
      <class id="CHEBI_SO_EXT:serine" label="serine"/>
      <span end="16880" id="14609438-1591" start="16874">serine</span>
    </annotation>
    <annotation annotator="Mike Bada, University of Colorado Anschutz Medical Campus" id="CHEBI_2015_08_26_Instance_170854" type="identity">
      <class id="CHEBI_GO_SO_EXT:enzyme" label="enzyme"/>
      <span end="16933" id="14609438-1835" start="16926">enzymes</span>
    </annotation>
    <annotation annotator="Mike Bada, University of Colorado Anschutz Medical Campus" id="CHEBI_2015_08_26_Instance_170856" type="identity">
      <class id="CHEBI_GO_SO_EXT:enzyme" label="enzyme"/>
      <span end="17215" id="14609438-1837" start="17209">enzyme</span>
    </annotation>
    <annotation annotator="Mike Bada, University of Colorado Anschutz Medical Campus" id="CHEBI_2015_08_26_Instance_110149" type="identity">
      <class id="CHEBI_SO_EXT:amino_acid" label="amino acid"/>
      <span end="17309" id="14609438-1593" start="17299">amino acid</span>
    </annotation>
    <annotation annotator="Mike Bada, University of Colorado Anschutz Medical Campus" id="CHEBI_2015_08_26_Instance_170858" type="identity">
      <class id="CHEBI_GO_SO_EXT:enzyme" label="enzyme"/>
      <span end="17344" id="14609438-1839" start="17338">enzyme</span>
    </annotation>
    <annotation annotator="Mike Bada, University of Colorado Anschutz Medical Campus" id="CHEBI_2015_08_26_Instance_110151" type="identity">
      <class id="CHEBI_SO_EXT:serine" label="serine"/>
      <span end="17552" id="14609438-1595" start="17546">serine</span>
    </annotation>
    <annotation annotator="Mike Bada, University of Colorado Anschutz Medical Campus" id="CHEBI_2015_08_26_Instance_110153" type="identity">
      <class id="CHEBI:50325" label="proteinogenic amino-acid side-chain group"/>
      <span end="17578" id="14609438-1597" start="17568">side chain</span>
    </annotation>
    <annotation annotator="Mike Bada, University of Colorado Anschutz Medical Campus" id="CHEBI_2015_08_26_Instance_170860" type="identity">
      <class id="CHEBI_GO_SO_EXT:enzyme" label="enzyme"/>
      <span end="17612" id="14609438-1841" start="17603">enzymatic</span>
    </annotation>
    <annotation annotator="Mike Bada, University of Colorado Anschutz Medical Campus" id="CHEBI_2015_08_26_Instance_110155" type="identity">
      <class id="CHEBI_EXT:residue" label="residue"/>
      <span end="17640" id="14609438-1599" start="17632">residues</span>
    </annotation>
    <annotation annotator="Mike Bada, University of Colorado Anschutz Medical Campus" id="CHEBI_2015_08_26_Instance_110157" type="identity">
      <class id="CHEBI_EXT:residue" label="residue"/>
      <span end="17714" id="14609438-1601" start="17706">Residues</span>
    </annotation>
    <annotation annotator="Mike Bada, University of Colorado Anschutz Medical Campus" id="CHEBI_2015_08_26_Instance_170862" type="identity">
      <class id="CHEBI_GO_SO_EXT:enzyme" label="enzyme"/>
      <span end="17933" id="14609438-1843" start="17924">enzymatic</span>
    </annotation>
    <annotation annotator="Mike Bada, University of Colorado Anschutz Medical Campus" id="CHEBI_2015_08_26_Instance_13665" type="identity">
      <class id="CHEBI_EXT:35222" label="inhibitor"/>
      <span end="18195" id="14609438-1687" start="18185">inhibitors</span>
    </annotation>
    <annotation annotator="Mike Bada, University of Colorado Anschutz Medical Campus" id="CHEBI_2015_08_26_Instance_290014" type="identity">
      <class id="CHEBI_GO_EXT:biological_process_or_quality_or_role" label="biological process, quality or role"/>
      <span end="18252" id="14609438-1871" start="18240">biologically</span>
    </annotation>
    <annotation annotator="Mike Bada, University of Colorado Anschutz Medical Campus" id="CHEBI_2015_08_26_Instance_110160" type="identity">
      <class id="CHEBI_EXT:ATP" label="ATP"/>
      <span end="18755" id="14609438-1603" start="18752">ATP</span>
    </annotation>
    <annotation annotator="Mike Bada, University of Colorado Anschutz Medical Campus" id="CHEBI_2015_08_26_Instance_300328" type="identity">
      <class id="CHEBI_PR_EXT:protein" label="protein"/>
      <span end="18778" id="14609438-1894" start="18771">protein</span>
    </annotation>
    <annotation annotator="Mike Bada, University of Colorado Anschutz Medical Campus" id="CHEBI_2015_08_26_Instance_290016" type="identity">
      <class id="CHEBI_GO_EXT:biological_process_or_quality_or_role" label="biological process, quality or role"/>
      <span end="18824" id="14609438-1873" start="18814">biological</span>
    </annotation>
    <annotation annotator="" id="CHEBI_2015_08_26_backup_Instance_80" type="identity">
      <class id="CHEBI_SO_EXT:N_terminus_or_N_terminal_region" label="N-terminus or N-terminal region"/>
      <span end="18935" id="14609438-1454" start="18925">N terminus</span>
    </annotation>
    <annotation annotator="Mike Bada, University of Colorado Anschutz Medical Campus" id="CHEBI_2015_08_26_Instance_331312" type="identity">
      <class id="CHEBI_PR_EXT:angiotensin" label="angiotensin"/>
      <span end="19095" id="14609438-1936" start="19084">angiotensin</span>
    </annotation>
    <annotation annotator="Mike Bada, University of Colorado Anschutz Medical Campus" id="CHEBI_2015_08_26_Instance_110162" type="identity">
      <class id="CHEBI_SO_EXT:peptide_or_peptide_region" label="peptide or peptide region"/>
      <span end="19112" id="14609438-1605" start="19104">peptides</span>
    </annotation>
    <annotation annotator="Mike Bada, University of Colorado Anschutz Medical Campus" id="CHEBI_2015_08_26_Instance_110164" type="identity">
      <class id="CHEBI_SO_EXT:peptide_or_peptide_region" label="peptide or peptide region"/>
      <span end="19191" id="14609438-1607" start="19183">peptides</span>
    </annotation>
    <annotation annotator="Mike Bada, University of Colorado Anschutz Medical Campus" id="CHEBI_2015_08_26_Instance_110166" type="identity">
      <class id="CHEBI_SO_EXT:peptide_or_peptide_region" label="peptide or peptide region"/>
      <span end="19231" id="14609438-1609" start="19224">peptide</span>
    </annotation>
    <annotation annotator="Mike Bada, University of Colorado Anschutz Medical Campus" id="CHEBI_2015_08_26_Instance_110168" type="identity">
      <class id="CHEBI_SO_EXT:amino_acid" label="amino acid"/>
      <span end="19259" id="14609438-1611" start="19248">amino acids</span>
    </annotation>
    <annotation annotator="Mike Bada, University of Colorado Anschutz Medical Campus" id="CHEBI_2015_08_26_Instance_330526" type="identity">
      <class id="CHEBI_SO_EXT:tripeptide" label="tripeptide"/>
      <span end="19280" id="14609438-1922" start="19270">tripeptide</span>
    </annotation>
    <annotation annotator="" id="CHEBI_2015_08_26_backup_Instance_82" type="identity">
      <class id="CHEBI_SO_EXT:N_terminus_or_N_terminal_region" label="N-terminus or N-terminal region"/>
      <span end="19320" id="14609438-1456" start="19310">N terminus</span>
    </annotation>
    <annotation annotator="Mike Bada, University of Colorado Anschutz Medical Campus" id="CHEBI_2015_08_26_Instance_110170" type="identity">
      <class id="CHEBI_SO_EXT:peptide_or_peptide_region" label="peptide or peptide region"/>
      <span end="19390" id="14609438-1613" start="19383">peptide</span>
    </annotation>
    <annotation annotator="Mike Bada, University of Colorado Anschutz Medical Campus" id="CHEBI_2015_08_26_Instance_110172" type="identity">
      <class id="CHEBI_SO_EXT:peptide_or_peptide_region" label="peptide or peptide region"/>
      <span end="19569" id="14609438-1615" start="19562">peptide</span>
    </annotation>
    <annotation annotator="" id="CHEBI_2015_08_26_backup_Instance_84" type="identity">
      <class id="CHEBI_SO_EXT:N_terminus_or_N_terminal_region" label="N-terminus or N-terminal region"/>
      <span end="19598" id="14609438-1458" start="19588">N terminus</span>
    </annotation>
    <annotation annotator="" id="CHEBI_2015_08_26_backup_Instance_36" type="identity">
      <class id="CHEBI_SO_EXT:N_terminus_or_N_terminal_region" label="N-terminus or N-terminal region"/>
      <span end="19681" id="14609438-1438" start="19671">N-terminal</span>
    </annotation>
    <annotation annotator="Mike Bada, University of Colorado Anschutz Medical Campus" id="CHEBI_2015_08_26_Instance_14055" type="identity">
      <class id="CHEBI:46882" label="amino group"/>
      <span end="19693" id="14609438-1715" start="19682">amino group</span>
    </annotation>
    <annotation annotator="Mike Bada, University of Colorado Anschutz Medical Campus" id="CHEBI_2015_08_26_Instance_110174" type="identity">
      <class id="CHEBI:50325" label="proteinogenic amino-acid side-chain group"/>
      <span end="19713" id="14609438-1617" start="19703">side chain</span>
    </annotation>
    <annotation annotator="Mike Bada, University of Colorado Anschutz Medical Campus" id="CHEBI_2015_08_26_Instance_330528" type="identity">
      <class id="CHEBI_SO_EXT:tripeptide" label="tripeptide"/>
      <span end="19838" id="14609438-1924" start="19827">tripeptides</span>
    </annotation>
    <annotation annotator="Mike Bada, University of Colorado Anschutz Medical Campus" id="CHEBI_2015_08_26_Instance_331314" type="identity">
      <class id="CHEBI_PR_EXT:glucagon" label="glucagon"/>
      <span end="19878" id="14609438-1938" start="19870">glucagon</span>
    </annotation>
    <annotation annotator="Mike Bada, University of Colorado Anschutz Medical Campus" id="CHEBI_2015_08_26_Instance_330530" type="identity">
      <class id="CHEBI_SO_EXT:tripeptide" label="tripeptide"/>
      <span end="19962" id="14609438-1926" start="19951">tripeptides</span>
    </annotation>
    <annotation annotator="Mike Bada, University of Colorado Anschutz Medical Campus" id="CHEBI_2015_08_26_Instance_290018" type="identity">
      <class id="CHEBI_GO_EXT:biological_process_or_quality_or_role" label="biological process, quality or role"/>
      <span end="20069" id="14609438-1875" start="20057">biologically</span>
    </annotation>
    <annotation annotator="Mike Bada, University of Colorado Anschutz Medical Campus" id="CHEBI_2015_08_26_Instance_110184" type="identity">
      <class id="CHEBI_PR_EXT:collagen" label="collagen"/>
      <span end="20227" id="14609438-1619" start="20219">collagen</span>
    </annotation>
    <annotation annotator="Mike Bada, University of Colorado Anschutz Medical Campus" id="CHEBI_2015_08_26_Instance_110186" type="identity">
      <class id="CHEBI_SO_EXT:peptide_or_peptide_region" label="peptide or peptide region"/>
      <span end="20244" id="14609438-1621" start="20236">peptides</span>
    </annotation>
    <annotation annotator="Mike Bada, University of Colorado Anschutz Medical Campus" id="CHEBI_2015_08_26_Instance_330532" type="identity">
      <class id="CHEBI_SO_EXT:tripeptide" label="tripeptide"/>
      <span end="20266" id="14609438-1928" start="20255">tripeptides</span>
    </annotation>
    <annotation annotator="Mike Bada, University of Colorado Anschutz Medical Campus" id="CHEBI_2015_08_26_Instance_420005" type="identity">
      <class id="CHEBI_SO_EXT:glycine" label="glycine"/>
      <span end="20309" id="14609438-1948" start="20306">Gly</span>
    </annotation>
    <annotation annotator="Mike Bada, University of Colorado Anschutz Medical Campus" id="CHEBI_2015_08_26_Instance_420011" type="identity">
      <class id="CHEBI_SO_EXT:proline" label="proline"/>
      <span end="20313" id="14609438-1954" start="20310">Pro</span>
    </annotation>
    <annotation annotator="Mike Bada, University of Colorado Anschutz Medical Campus" id="CHEBI_2015_08_26_Instance_420017" type="identity">
      <class id="CHEBI_SO_EXT:methionine" label="methionine"/>
      <span end="20317" id="14609438-1960" start="20314">Met</span>
    </annotation>
    <annotation annotator="Mike Bada, University of Colorado Anschutz Medical Campus" id="CHEBI_2015_08_26_Instance_420007" type="identity">
      <class id="CHEBI_SO_EXT:glycine" label="glycine"/>
      <span end="20322" id="14609438-1950" start="20319">Gly</span>
    </annotation>
    <annotation annotator="Mike Bada, University of Colorado Anschutz Medical Campus" id="CHEBI_2015_08_26_Instance_420013" type="identity">
      <class id="CHEBI_SO_EXT:proline" label="proline"/>
      <span end="20326" id="14609438-1956" start="20323">Pro</span>
    </annotation>
    <annotation annotator="Mike Bada, University of Colorado Anschutz Medical Campus" id="CHEBI_2015_08_26_Instance_420019" type="identity">
      <class id="CHEBI_SO_EXT:arginine" label="arginine"/>
      <span end="20330" id="14609438-1962" start="20327">Arg</span>
    </annotation>
    <annotation annotator="Mike Bada, University of Colorado Anschutz Medical Campus" id="CHEBI_2015_08_26_Instance_420009" type="identity">
      <class id="CHEBI_SO_EXT:glycine" label="glycine"/>
      <span end="20339" id="14609438-1952" start="20336">Gly</span>
    </annotation>
    <annotation annotator="Mike Bada, University of Colorado Anschutz Medical Campus" id="CHEBI_2015_08_26_Instance_420015" type="identity">
      <class id="CHEBI_SO_EXT:proline" label="proline"/>
      <span end="20343" id="14609438-1958" start="20340">Pro</span>
    </annotation>
    <annotation annotator="Mike Bada, University of Colorado Anschutz Medical Campus" id="CHEBI_2015_08_26_Instance_420021" type="identity">
      <class id="CHEBI_SO_EXT:alanine" label="alanine"/>
      <span end="20347" id="14609438-1964" start="20344">Ala</span>
    </annotation>
    <annotation annotator="Mike Bada, University of Colorado Anschutz Medical Campus" id="CHEBI_2015_08_26_Instance_300330" type="identity">
      <class id="CHEBI_PR_EXT:protein" label="protein"/>
      <span end="20439" id="14609438-1896" start="20432">protein</span>
    </annotation>
    <annotation annotator="Mike Bada, University of Colorado Anschutz Medical Campus" id="CHEBI_2015_08_26_Instance_110190" type="identity">
      <class id="CHEBI_PR_EXT:collagen" label="collagen"/>
      <span end="20531" id="14609438-1623" start="20523">collagen</span>
    </annotation>
    <annotation annotator="Mike Bada, University of Colorado Anschutz Medical Campus" id="CHEBI_2015_08_26_Instance_110192" type="identity">
      <class id="CHEBI_SO_EXT:peptide_or_peptide_region" label="peptide or peptide region"/>
      <span end="20548" id="14609438-1625" start="20540">peptides</span>
    </annotation>
    <annotation annotator="Mike Bada, University of Colorado Anschutz Medical Campus" id="CHEBI_2015_08_26_Instance_110196" type="identity">
      <class id="CHEBI_PR_EXT:collagen" label="collagen"/>
      <span end="20581" id="14609438-1627" start="20573">collagen</span>
    </annotation>
    <annotation annotator="Mike Bada, University of Colorado Anschutz Medical Campus" id="CHEBI_2015_08_26_Instance_170864" type="identity">
      <class id="CHEBI_GO_SO_EXT:enzyme" label="enzyme"/>
      <span end="20697" id="14609438-1845" start="20691">enzyme</span>
    </annotation>
    <annotation annotator="Mike Bada, University of Colorado Anschutz Medical Campus" id="CHEBI_2015_08_26_Instance_110198" type="identity">
      <class id="CHEBI_PR_EXT:collagen" label="collagen"/>
      <span end="20760" id="14609438-1629" start="20752">collagen</span>
    </annotation>
    <annotation annotator="Mike Bada, University of Colorado Anschutz Medical Campus" id="CHEBI_2015_08_26_Instance_110200" type="identity">
      <class id="CHEBI_SO_EXT:serine" label="serine"/>
      <span end="20963" id="14609438-1631" start="20957">serine</span>
    </annotation>
    <annotation annotator="Mike Bada, University of Colorado Anschutz Medical Campus" id="CHEBI_2015_08_26_Instance_110202" type="identity">
      <class id="CHEBI_EXT:carboxy_or_carboxylato_group" label="carboxy or carboxylato group"/>
      <span end="20972" id="14609438-1633" start="20964">carboxyl</span>
    </annotation>
    <annotation annotator="Mike Bada, University of Colorado Anschutz Medical Campus" id="CHEBI_2015_08_26_Instance_170866" type="identity">
      <class id="CHEBI_GO_SO_EXT:enzyme" label="enzyme"/>
      <span end="20998" id="14609438-1847" start="20989">enzymatic</span>
    </annotation>
    <annotation annotator="Mike Bada, University of Colorado Anschutz Medical Campus" id="CHEBI_2015_08_26_Instance_170868" type="identity">
      <class id="CHEBI_GO_SO_EXT:enzyme" label="enzyme"/>
      <span end="21029" id="14609438-1849" start="21022">enzymes</span>
    </annotation>
    <annotation annotator="Mike Bada, University of Colorado Anschutz Medical Campus" id="CHEBI_2015_08_26_Instance_13667" type="identity">
      <class id="CHEBI_EXT:35222" label="inhibitor"/>
      <span end="21075" id="14609438-1689" start="21065">inhibitors</span>
    </annotation>
    <annotation annotator="Mike Bada, University of Colorado Anschutz Medical Campus" id="CHEBI_2015_08_26_Instance_170870" type="identity">
      <class id="CHEBI_GO_SO_EXT:enzyme" label="enzyme"/>
      <span end="21187" id="14609438-1851" start="21180">enzymes</span>
    </annotation>
    <annotation annotator="Mike Bada, University of Colorado Anschutz Medical Campus" id="CHEBI_2015_08_26_Instance_14075" type="identity">
      <class id="CHEBI:17478" label="aldehyde"/>
      <span end="21225" id="14609438-1717" start="21217">aldehyde</span>
    </annotation>
    <annotation annotator="Mike Bada, University of Colorado Anschutz Medical Campus" id="CHEBI_2015_08_26_Instance_110204" type="identity">
      <class id="CHEBI_SO_EXT:serine" label="serine"/>
      <span end="21305" id="14609438-1635" start="21299">serine</span>
    </annotation>
    <annotation annotator="Mike Bada, University of Colorado Anschutz Medical Campus" id="CHEBI_2015_08_26_Instance_14077" type="identity">
      <class id="CHEBI:17087" label="ketone"/>
      <span end="21348" id="14609438-1719" start="21342">ketone</span>
    </annotation>
    <annotation annotator="Mike Bada, University of Colorado Anschutz Medical Campus" id="CHEBI_2015_08_26_Instance_13669" type="identity">
      <class id="CHEBI_EXT:35222" label="inhibitor"/>
      <span end="21395" id="14609438-1691" start="21385">inhibitors</span>
    </annotation>
    <annotation annotator="Mike Bada, University of Colorado Anschutz Medical Campus" id="CHEBI_2015_08_26_Instance_330534" type="identity">
      <class id="CHEBI_SO_EXT:tripeptide" label="tripeptide"/>
      <span end="21492" id="14609438-1930" start="21481">tripeptides</span>
    </annotation>
    <annotation annotator="Mike Bada, University of Colorado Anschutz Medical Campus" id="CHEBI_2015_08_26_Instance_14595" type="identity">
      <class id="CHEBI:24433" label="group"/>
      <span end="21519" id="14609438-1739" start="21513">groups</span>
    </annotation>
    <annotation annotator="" id="CHEBI_2015_08_26_backup_Instance_578" type="identity">
      <class id="CHEBI_SO_EXT:N_terminus_or_N_terminal_region" label="N-terminus or N-terminal region"/>
      <span end="21538" id="14609438-1442" start="21529">N termini</span>
    </annotation>
    <annotation annotator="Mike Bada, University of Colorado Anschutz Medical Campus" id="CHEBI_2015_08_26_Instance_330536" type="identity">
      <class id="CHEBI_SO_EXT:tripeptide" label="tripeptide"/>
      <span end="21554" id="14609438-1932" start="21544">tripeptide</span>
    </annotation>
    <annotation annotator="Mike Bada, University of Colorado Anschutz Medical Campus" id="CHEBI_2015_08_26_Instance_13671" type="identity">
      <class id="CHEBI_EXT:35222" label="inhibitor"/>
      <span end="21571" id="14609438-1693" start="21561">inhibitors</span>
    </annotation>
    <annotation annotator="" id="CHEBI_2015_08_26_backup_Instance_580" type="identity">
      <class id="CHEBI_SO_EXT:N_terminus_or_N_terminal_region" label="N-terminus or N-terminal region"/>
      <span end="21591" id="14609438-1444" start="21582">N termini</span>
    </annotation>
    <annotation annotator="Mike Bada, University of Colorado Anschutz Medical Campus" id="CHEBI_2015_08_26_Instance_110210" type="identity">
      <class id="CHEBI_SO_EXT:peptide_or_peptide_region" label="peptide or peptide region"/>
      <span end="21762" id="14609438-1637" start="21755">peptide</span>
    </annotation>
    <annotation annotator="Mike Bada, University of Colorado Anschutz Medical Campus" id="CHEBI_2015_08_26_Instance_14599" type="identity">
      <class id="CHEBI:24433" label="group"/>
      <span end="21937" id="14609438-1743" start="21932">group</span>
    </annotation>
    <annotation annotator="Mike Bada, University of Colorado Anschutz Medical Campus" id="CHEBI_2015_08_26_Instance_13673" type="identity">
      <class id="CHEBI_EXT:35222" label="inhibitor"/>
      <span end="22057" id="14609438-1695" start="22047">inhibitors</span>
    </annotation>
    <annotation annotator="Mike Bada, University of Colorado Anschutz Medical Campus" id="CHEBI_2015_08_26_Instance_14083" type="identity">
      <class id="CHEBI:33250" label="atom"/>
      <span end="22197" id="14609438-1721" start="22191">atomic</span>
    </annotation>
    <annotation annotator="Mike Bada, University of Colorado Anschutz Medical Campus" id="CHEBI_2015_08_26_Instance_300332" type="identity">
      <class id="CHEBI_PR_EXT:protein" label="protein"/>
      <span end="22313" id="14609438-1898" start="22305">proteins</span>
    </annotation>
    <annotation annotator="Mike Bada, University of Colorado Anschutz Medical Campus" id="CHEBI_2015_08_26_Instance_14085" type="identity">
      <class id="CHEBI:33250" label="atom"/>
      <span end="22366" id="14609438-1723" start="22361">atoms</span>
    </annotation>
    <annotation annotator="Mike Bada, University of Colorado Anschutz Medical Campus" id="CHEBI_2015_08_26_Instance_170872" type="identity">
      <class id="CHEBI_GO_SO_EXT:enzyme" label="enzyme"/>
      <span end="22393" id="14609438-1853" start="22386">enzymes</span>
    </annotation>
    <annotation annotator="Mike Bada, University of Colorado Anschutz Medical Campus" id="CHEBI_2015_08_26_Instance_170874" type="identity">
      <class id="CHEBI_GO_SO_EXT:enzyme" label="enzyme"/>
      <span end="22424" id="14609438-1855" start="22417">enzymes</span>
    </annotation>
    <annotation annotator="Mike Bada, University of Colorado Anschutz Medical Campus" id="CHEBI_2015_08_26_Instance_110212" type="identity">
      <class id="CHEBI_SO_EXT:serine" label="serine"/>
      <span end="22483" id="14609438-1639" start="22477">serine</span>
    </annotation>
    <annotation annotator="Mike Bada, University of Colorado Anschutz Medical Campus" id="CHEBI_2015_08_26_Instance_110214" type="identity">
      <class id="CHEBI_EXT:carboxy_or_carboxylato_group" label="carboxy or carboxylato group"/>
      <span end="22492" id="14609438-1641" start="22484">carboxyl</span>
    </annotation>
    <annotation annotator="Mike Bada, University of Colorado Anschutz Medical Campus" id="CHEBI_2015_08_26_Instance_300334" type="identity">
      <class id="CHEBI_PR_EXT:protein" label="protein"/>
      <span end="22592" id="14609438-1900" start="22585">Protein</span>
    </annotation>
    <annotation annotator="Mike Bada, University of Colorado Anschutz Medical Campus" id="CHEBI_2015_08_26_Instance_250214" type="identity">
      <class id="CHEBI_SO_EXT:amino_acid" label="amino acid"/>
      <span end="22902" id="14609438-1863" start="22892">amino acid</span>
    </annotation>
    <annotation annotator="Mike Bada, University of Colorado Anschutz Medical Campus" id="CHEBI_2015_08_26_Instance_250216" type="identity">
      <class id="CHEBI_EXT:residue" label="residue"/>
      <span end="22910" id="14609438-1865" start="22903">residue</span>
    </annotation>
    <annotation annotator="Mike Bada, University of Colorado Anschutz Medical Campus" id="CHEBI_2015_08_26_Instance_300336" type="identity">
      <class id="CHEBI_PR_EXT:protein" label="protein"/>
      <span end="22980" id="14609438-1902" start="22972">proteins</span>
    </annotation>
    <annotation annotator="Mike Bada, University of Colorado Anschutz Medical Campus" id="CHEBI_2015_08_26_Instance_300338" type="identity">
      <class id="CHEBI_PR_EXT:protein" label="protein"/>
      <span end="23422" id="14609438-1904" start="23414">proteins</span>
    </annotation>
    <annotation annotator="Mike Bada, University of Colorado Anschutz Medical Campus" id="CHEBI_2015_08_26_Instance_300340" type="identity">
      <class id="CHEBI_PR_EXT:protein" label="protein"/>
      <span end="23815" id="14609438-1906" start="23807">proteins</span>
    </annotation>
    <annotation annotator="Mike Bada, University of Colorado Anschutz Medical Campus" id="CHEBI_2015_08_26_Instance_110216" type="identity">
      <class id="CHEBI_EXT:residue" label="residue"/>
      <span end="23923" id="14609438-1643" start="23915">residues</span>
    </annotation>
    <annotation annotator="Mike Bada, University of Colorado Anschutz Medical Campus" id="CHEBI_2015_08_26_Instance_13675" type="identity">
      <class id="CHEBI_EXT:35222" label="inhibitor"/>
      <span end="24113" id="14609438-1697" start="24104">inhibitor</span>
    </annotation>
    <annotation annotator="Mike Bada, University of Colorado Anschutz Medical Campus" id="CHEBI_2015_08_26_Instance_300342" type="identity">
      <class id="CHEBI_PR_EXT:protein" label="protein"/>
      <span end="24211" id="14609438-1908" start="24204">protein</span>
    </annotation>
    <annotation annotator="Mike Bada, University of Colorado Anschutz Medical Campus" id="CHEBI_2015_08_26_Instance_13677" type="identity">
      <class id="CHEBI_EXT:35222" label="inhibitor"/>
      <span end="24266" id="14609438-1699" start="24257">inhibitor</span>
    </annotation>
    <annotation annotator="Mike Bada, University of Colorado Anschutz Medical Campus" id="CHEBI_2015_08_26_Instance_110218" type="identity">
      <class id="CHEBI_EXT:residue" label="residue"/>
      <span end="24363" id="14609438-1645" start="24355">residues</span>
    </annotation>
    <annotation annotator="Mike Bada, University of Colorado Anschutz Medical Campus" id="CHEBI_2015_08_26_Instance_14087" type="identity">
      <class id="CHEBI:33250" label="atom"/>
      <span end="24399" id="14609438-1725" start="24393">atomic</span>
    </annotation>
    <annotation annotator="Mike Bada, University of Colorado Anschutz Medical Campus" id="CHEBI_2015_08_26_Instance_300344" type="identity">
      <class id="CHEBI_PR_EXT:protein" label="protein"/>
      <span end="24631" id="14609438-1910" start="24624">protein</span>
    </annotation>
    <annotation annotator="Mike Bada, University of Colorado Anschutz Medical Campus" id="CHEBI_2015_08_26_Instance_110220" type="identity">
      <class id="CHEBI_EXT:residue" label="residue"/>
      <span end="24667" id="14609438-1647" start="24659">residues</span>
    </annotation>
    <annotation annotator="Mike Bada, University of Colorado Anschutz Medical Campus" id="CHEBI_2015_08_26_Instance_110222" type="identity">
      <class id="CHEBI:50325" label="proteinogenic amino-acid side-chain group"/>
      <span end="24765" id="14609438-1649" start="24754">side chains</span>
    </annotation>
    <annotation annotator="Mike Bada, University of Colorado Anschutz Medical Campus" id="CHEBI_2015_08_26_Instance_110224" type="identity">
      <class id="CHEBI_EXT:residue" label="residue"/>
      <span end="24777" id="14609438-1651" start="24769">residues</span>
    </annotation>
    <annotation annotator="Mike Bada, University of Colorado Anschutz Medical Campus" id="CHEBI_2015_08_26_Instance_42375" type="identity">
      <class id="CHEBI_EXT:polyatomic_entity_or_group" label="polyatomic entity or group"/>
      <span end="24925" id="14609438-1972" start="24916">molecular</span>
    </annotation>
    <annotation annotator="Mike Bada, University of Colorado Anschutz Medical Campus" id="CHEBI_2015_08_26_Instance_110226" type="identity">
      <class id="CHEBI_EXT:residue" label="residue"/>
      <span end="25045" id="14609438-1653" start="25037">residues</span>
    </annotation>
    <annotation annotator="Mike Bada, University of Colorado Anschutz Medical Campus" id="CHEBI_2015_08_26_Instance_300346" type="identity">
      <class id="CHEBI_PR_EXT:protein" label="protein"/>
      <span end="25169" id="14609438-1912" start="25162">protein</span>
    </annotation>
    <annotation annotator="Mike Bada, University of Colorado Anschutz Medical Campus" id="CHEBI_2015_08_26_Instance_110228" type="identity">
      <class id="CHEBI:50325" label="proteinogenic amino-acid side-chain group"/>
      <span end="25238" id="14609438-1655" start="25228">side chain</span>
    </annotation>
    <annotation annotator="Mike Bada, University of Colorado Anschutz Medical Campus" id="CHEBI_2015_08_26_Instance_13977" type="identity">
      <class id="CHEBI:33250" label="atom"/>
      <span end="26037" id="14609438-1709" start="26031">atomic</span>
    </annotation>
    <annotation annotator="Mike Bada, University of Colorado Anschutz Medical Campus" id="CHEBI_2015_08_26_Instance_14597" type="identity">
      <class id="CHEBI:24866" label="salt"/>
      <span end="26062" id="14609438-1741" start="26058">salt</span>
    </annotation>
    <annotation annotator="Mike Bada, University of Colorado Anschutz Medical Campus" id="CHEBI_2015_08_26_Instance_110230" type="identity">
      <class id="CHEBI_EXT:hydrogen" label="hydrogen"/>
      <span end="26083" id="14609438-1657" start="26075">hydrogen</span>
    </annotation>
    <annotation annotator="Mike Bada, University of Colorado Anschutz Medical Campus" id="CHEBI_2015_08_26_Instance_14011" type="identity">
      <class id="CHEBI:33250" label="atom"/>
      <span end="26165" id="14609438-1713" start="26159">atomic</span>
    </annotation>
    <annotation annotator="Mike Bada, University of Colorado Anschutz Medical Campus" id="CHEBI_2015_08_26_Instance_170876" type="identity">
      <class id="CHEBI_GO_SO_EXT:enzyme" label="enzyme"/>
      <span end="26599" id="14609438-1857" start="26592">enzymes</span>
    </annotation>
    <annotation annotator="Mike Bada, University of Colorado Anschutz Medical Campus" id="CHEBI_2015_08_26_Instance_110232" type="identity">
      <class id="CHEBI_SO_EXT:serine" label="serine"/>
      <span end="26826" id="14609438-1659" start="26820">serine</span>
    </annotation>
    <annotation annotator="Mike Bada, University of Colorado Anschutz Medical Campus" id="CHEBI_2015_08_26_Instance_110234" type="identity">
      <class id="CHEBI_EXT:carboxy_or_carboxylato_group" label="carboxy or carboxylato group"/>
      <span end="26835" id="14609438-1661" start="26827">carboxyl</span>
    </annotation>
    <annotation annotator="Mike Bada, University of Colorado Anschutz Medical Campus" id="CHEBI_2015_08_26_Instance_13679" type="identity">
      <class id="CHEBI_EXT:35222" label="inhibitor"/>
      <span end="26881" id="14609438-1701" start="26871">inhibitors</span>
    </annotation>
    <annotation annotator="Mike Bada, University of Colorado Anschutz Medical Campus" id="CHEBI_2015_08_26_Instance_170878" type="identity">
      <class id="CHEBI_GO_SO_EXT:enzyme" label="enzyme"/>
      <span end="26920" id="14609438-1859" start="26914">enzyme</span>
    </annotation>
    <annotation annotator="Mike Bada, University of Colorado Anschutz Medical Campus" id="CHEBI_2015_08_26_Instance_170880" type="identity">
      <class id="CHEBI_GO_SO_EXT:enzyme" label="enzyme"/>
      <span end="26944" id="14609438-1861" start="26938">enzyme</span>
    </annotation>
    <graph-space id="Old Knowtator Relations"/>
  </document>
</knowtator-project>
