<?xml version="1.0" encoding="UTF-8" standalone="no"?>
<knowtator-project>
  <document id="14611657" text-file="14611657.txt">
    <annotation annotator="Mike Bada, University of Colorado Anschutz Medical Campus" id="CHEBI_2015_08_26_Instance_340012" type="identity">
      <class id="CHEBI_SO_EXT:molecular_indicator_or_label_or_marker_or_tag" label="molecular indicator/label/marker/tag"/>
      <span end="40" id="14611657-2209" start="36">tags</span>
    </annotation>
    <annotation annotator="Mike Bada, University of Colorado Anschutz Medical Campus" id="CHEBI_2015_08_26_Instance_340014" type="identity">
      <class id="CHEBI_SO_EXT:molecular_indicator_or_label_or_marker_or_tag" label="molecular indicator/label/marker/tag"/>
      <span end="448" id="14611657-2211" start="444">tags</span>
    </annotation>
    <annotation annotator="Mike Bada, University of Colorado Anschutz Medical Campus" id="CHEBI_2015_08_26_Instance_340016" type="identity">
      <class id="CHEBI_SO_EXT:molecular_indicator_or_label_or_marker_or_tag" label="molecular indicator/label/marker/tag"/>
      <span end="1020" id="14611657-2213" start="1016">tags</span>
    </annotation>
    <annotation annotator="Mike Bada, University of Colorado Anschutz Medical Campus" id="CHEBI_2015_08_26_Instance_120166" type="identity">
      <class id="CHEBI_SO_EXT:molecular_probe" label="molecular probe"/>
      <span end="2667" id="14611657-2127" start="2661">probes</span>
    </annotation>
    <annotation annotator="Mike Bada, University of Colorado Anschutz Medical Campus" id="CHEBI_2015_08_26_Instance_130093" type="identity">
      <class id="CHEBI_GO_EXT:ligand" label="ligand"/>
      <span end="2760" id="14611657-2131" start="2753">ligands</span>
    </annotation>
    <annotation annotator="Mike Bada, University of Colorado Anschutz Medical Campus" id="CHEBI_2015_08_26_Instance_300348" type="identity">
      <class id="CHEBI_PR_EXT:protein" label="protein"/>
      <span end="3143" id="14611657-2185" start="3135">proteins</span>
    </annotation>
    <annotation annotator="Mike Bada, University of Colorado Anschutz Medical Campus" id="CHEBI_2015_08_26_Instance_340018" type="identity">
      <class id="CHEBI_SO_EXT:molecular_indicator_or_label_or_marker_or_tag" label="molecular indicator/label/marker/tag"/>
      <span end="4860" id="14611657-2215" start="4857">tag</span>
    </annotation>
    <annotation annotator="Mike Bada, University of Colorado Anschutz Medical Campus" id="CHEBI_2015_08_26_Instance_110002" type="identity">
      <class id="CHEBI_SO_EXT:DNA" label="DNA"/>
      <span end="5498" id="14611657-1975" start="5495">DNA</span>
    </annotation>
    <annotation annotator="Mike Bada, University of Colorado Anschutz Medical Campus" id="CHEBI_2015_08_26_Instance_120004" type="identity">
      <class id="CHEBI:17089" label="glycoprotein"/>
      <span end="6321" id="14611657-1977" start="6309">glycoprotein</span>
    </annotation>
    <annotation annotator="Mike Bada, University of Colorado Anschutz Medical Campus" id="CHEBI_2015_08_26_Instance_120158" type="identity">
      <class id="CHEBI_SO_EXT:molecular_probe" label="molecular probe"/>
      <span end="8519" id="14611657-2119" start="8513">probes</span>
    </annotation>
    <annotation annotator="Mike Bada, University of Colorado Anschutz Medical Campus" id="CHEBI_2015_08_26_Instance_120006" type="identity">
      <class id="CHEBI_SO_EXT:DNA" label="DNA"/>
      <span end="9173" id="14611657-1979" start="9170">DNA</span>
    </annotation>
    <annotation annotator="Mike Bada, University of Colorado Anschutz Medical Campus" id="CHEBI_2015_08_26_Instance_120008" type="identity">
      <class id="CHEBI_SO_EXT:molecular_probe" label="molecular probe"/>
      <span end="9180" id="14611657-1981" start="9174">probes</span>
    </annotation>
    <annotation annotator="Mike Bada, University of Colorado Anschutz Medical Campus" id="CHEBI_2015_08_26_Instance_300350" type="identity">
      <class id="CHEBI_PR_EXT:protein" label="protein"/>
      <span end="10131" id="14611657-2187" start="10124">protein</span>
    </annotation>
    <annotation annotator="Mike Bada, University of Colorado Anschutz Medical Campus" id="CHEBI_2015_08_26_Instance_300352" type="identity">
      <class id="CHEBI_PR_EXT:protein" label="protein"/>
      <span end="10161" id="14611657-2189" start="10154">protein</span>
    </annotation>
    <annotation annotator="Mike Bada, University of Colorado Anschutz Medical Campus" id="CHEBI_2015_08_26_Instance_170432" type="identity">
      <class id="CHEBI_SO_EXT:base" label="base"/>
      <span end="11547" id="14611657-2169" start="11546">b</span>
    </annotation>
    <annotation annotator="Mike Bada, University of Colorado Anschutz Medical Campus" id="CHEBI_2015_08_26_Instance_120010" type="identity">
      <class id="CHEBI_SO_EXT:nucleotide" label="nucleotide"/>
      <span end="12003" id="14611657-1983" start="11993">nucleotide</span>
    </annotation>
    <annotation annotator="Mike Bada, University of Colorado Anschutz Medical Campus" id="CHEBI_2015_08_26_Instance_120160" type="identity">
      <class id="CHEBI_SO_EXT:molecular_probe" label="molecular probe"/>
      <span end="13188" id="14611657-2121" start="13182">probes</span>
    </annotation>
    <annotation annotator="Mike Bada, University of Colorado Anschutz Medical Campus" id="CHEBI_2015_08_26_Instance_120012" type="identity">
      <class id="CHEBI_SO_EXT:molecular_probe" label="molecular probe"/>
      <span end="13490" id="14611657-1985" start="13485">probe</span>
    </annotation>
    <annotation annotator="Mike Bada, University of Colorado Anschutz Medical Campus" id="CHEBI_2015_08_26_Instance_250218" type="identity">
      <class id="CHEBI_SO_EXT:proline" label="proline"/>
      <span end="13946" id="14611657-2181" start="13939">proline</span>
    </annotation>
    <annotation annotator="Mike Bada, University of Colorado Anschutz Medical Campus" id="CHEBI_2015_08_26_Instance_250220" type="identity">
      <class id="CHEBI_EXT:residue" label="residue"/>
      <span end="13954" id="14611657-2183" start="13947">residue</span>
    </annotation>
    <annotation annotator="Mike Bada, University of Colorado Anschutz Medical Campus" id="CHEBI_2015_08_26_Instance_120014" type="identity">
      <class id="CHEBI_SO_EXT:DNA" label="DNA"/>
      <span end="14255" id="14611657-1987" start="14252">DNA</span>
    </annotation>
    <annotation annotator="Mike Bada, University of Colorado Anschutz Medical Campus" id="CHEBI_2015_08_26_Instance_120016" type="identity">
      <class id="CHEBI_SO_EXT:RNA" label="RNA"/>
      <span end="14578" id="14611657-1989" start="14575">RNA</span>
    </annotation>
    <annotation annotator="Mike Bada, University of Colorado Anschutz Medical Campus" id="CHEBI_2015_08_26_Instance_120018" type="identity">
      <class id="CHEBI_SO_EXT:RNA" label="RNA"/>
      <span end="15203" id="14611657-1991" start="15200">RNA</span>
    </annotation>
    <annotation annotator="Mike Bada, University of Colorado Anschutz Medical Campus" id="CHEBI_2015_08_26_Instance_120020" type="identity">
      <class id="CHEBI_SO_EXT:molecular_probe" label="molecular probe"/>
      <span end="15682" id="14611657-1993" start="15676">probes</span>
    </annotation>
    <annotation annotator="Mike Bada, University of Colorado Anschutz Medical Campus" id="CHEBI_2015_08_26_Instance_120022" type="identity">
      <class id="CHEBI_SO_EXT:RNA" label="RNA"/>
      <span end="17578" id="14611657-1995" start="17575">RNA</span>
    </annotation>
    <annotation annotator="Mike Bada, University of Colorado Anschutz Medical Campus" id="CHEBI_2015_08_26_Instance_120024" type="identity">
      <class id="CHEBI_SO_EXT:DNA" label="DNA"/>
      <span end="17646" id="14611657-1997" start="17643">DNA</span>
    </annotation>
    <annotation annotator="Mike Bada, University of Colorado Anschutz Medical Campus" id="CHEBI_2015_08_26_Instance_120026" type="identity">
      <class id="CHEBI_SO_EXT:molecular_probe" label="molecular probe"/>
      <span end="17936" id="14611657-1999" start="17930">probes</span>
    </annotation>
    <annotation annotator="Mike Bada, University of Colorado Anschutz Medical Campus" id="CHEBI_2015_08_26_Instance_350110" type="identity">
      <class id="CHEBI_SO_EXT:oligonucleotide" label="oligonucleotide"/>
      <span end="18006" id="14611657-2219" start="18001">oligo</span>
    </annotation>
    <annotation annotator="Mike Bada, University of Colorado Anschutz Medical Campus" id="CHEBI_2015_08_26_Instance_140051" type="identity">
      <class id="CHEBI_EXT:thymine_nucleobase_or_nucleoside_or_nucleotide_molecular_entity_or_group" label="thymine nucleobase/nucleoside/nucleotide molecular entity or group"/>
      <span end="18009" id="14611657-2135" start="18007">dT</span>
    </annotation>
    <annotation annotator="Mike Bada, University of Colorado Anschutz Medical Campus" id="CHEBI_2015_08_26_Instance_120032" type="identity">
      <class id="CHEBI_SO_EXT:molecular_probe" label="molecular probe"/>
      <span end="19064" id="14611657-2001" start="19058">probes</span>
    </annotation>
    <annotation annotator="Mike Bada, University of Colorado Anschutz Medical Campus" id="CHEBI_2015_08_26_Instance_120034" type="identity">
      <class id="CHEBI_SO_EXT:molecular_probe" label="molecular probe"/>
      <span end="19142" id="14611657-2003" start="19136">probes</span>
    </annotation>
    <annotation annotator="Mike Bada, University of Colorado Anschutz Medical Campus" id="CHEBI_2015_08_26_Instance_120036" type="identity">
      <class id="CHEBI_SO_EXT:RNA" label="RNA"/>
      <span end="20013" id="14611657-2005" start="20010">RNA</span>
    </annotation>
    <annotation annotator="Mike Bada, University of Colorado Anschutz Medical Campus" id="CHEBI_2015_08_26_Instance_120038" type="identity">
      <class id="CHEBI_SO_EXT:RNA" label="RNA"/>
      <span end="20549" id="14611657-2007" start="20546">RNA</span>
    </annotation>
    <annotation annotator="Mike Bada, University of Colorado Anschutz Medical Campus" id="CHEBI_2015_08_26_Instance_120040" type="identity">
      <class id="CHEBI_EXT:adenine_nucleobase_or_nucleoside_or_nucleotide_molecular_entity_or_group" label="adenine nucleobase/nucleoside/nucleotide molecular entity or group"/>
      <span end="22018" id="14611657-2009" start="22017">A</span>
    </annotation>
    <annotation annotator="Mike Bada, University of Colorado Anschutz Medical Campus" id="CHEBI_2015_08_26_Instance_300354" type="identity">
      <class id="CHEBI_PR_EXT:protein" label="protein"/>
      <span end="22430" id="14611657-2191" start="22423">protein</span>
    </annotation>
    <annotation annotator="Mike Bada, University of Colorado Anschutz Medical Campus" id="CHEBI_2015_08_26_Instance_300356" type="identity">
      <class id="CHEBI_PR_EXT:protein" label="protein"/>
      <span end="22516" id="14611657-2193" start="22509">protein</span>
    </annotation>
    <annotation annotator="Mike Bada, University of Colorado Anschutz Medical Campus" id="CHEBI_2015_08_26_Instance_120044" type="identity">
      <class id="CHEBI_SO_EXT:amino_acid" label="amino acid"/>
      <span end="22589" id="14611657-2013" start="22578">amino acids</span>
    </annotation>
    <annotation annotator="Mike Bada, University of Colorado Anschutz Medical Campus" id="CHEBI_2015_08_26_Instance_120042" type="identity">
      <class id="CHEBI_SO_EXT:methionine" label="methionine"/>
      <span end="22626" id="14611657-2011" start="22616">methionine</span>
    </annotation>
    <annotation annotator="Mike Bada, University of Colorado Anschutz Medical Campus" id="CHEBI_2015_08_26_Instance_300358" type="identity">
      <class id="CHEBI_PR_EXT:protein" label="protein"/>
      <span end="23078" id="14611657-2195" start="23071">protein</span>
    </annotation>
    <annotation annotator="Mike Bada, University of Colorado Anschutz Medical Campus" id="CHEBI_2015_08_26_Instance_120046" type="identity">
      <class id="CHEBI_EXT:residue" label="residue"/>
      <span end="23162" id="14611657-2015" start="23154">residues</span>
    </annotation>
    <annotation annotator="Mike Bada, University of Colorado Anschutz Medical Campus" id="CHEBI_2015_08_26_Instance_120048" type="identity">
      <class id="CHEBI_SO_EXT:DNA" label="DNA"/>
      <span end="24299" id="14611657-2017" start="24296">DNA</span>
    </annotation>
    <annotation annotator="Mike Bada, University of Colorado Anschutz Medical Campus" id="CHEBI_2015_08_26_Instance_170362" type="identity">
      <class id="CHEBI_SO_EXT:base" label="base"/>
      <span end="24584" id="14611657-2151" start="24583">b</span>
    </annotation>
    <annotation annotator="Mike Bada, University of Colorado Anschutz Medical Campus" id="CHEBI_2015_08_26_Instance_170364" type="identity">
      <class id="CHEBI_SO_EXT:base" label="base"/>
      <span end="24617" id="14611657-2153" start="24616">b</span>
    </annotation>
    <annotation annotator="Mike Bada, University of Colorado Anschutz Medical Campus" id="CHEBI_2015_08_26_Instance_170366" type="identity">
      <class id="CHEBI_SO_EXT:base" label="base"/>
      <span end="25041" id="14611657-2155" start="25040">b</span>
    </annotation>
    <annotation annotator="Mike Bada, University of Colorado Anschutz Medical Campus" id="CHEBI_2015_08_26_Instance_170368" type="identity">
      <class id="CHEBI_SO_EXT:base" label="base"/>
      <span end="25229" id="14611657-2157" start="25228">b</span>
    </annotation>
    <annotation annotator="Mike Bada, University of Colorado Anschutz Medical Campus" id="CHEBI_2015_08_26_Instance_120050" type="identity">
      <class id="CHEBI_SO_EXT:DNA" label="DNA"/>
      <span end="25366" id="14611657-2019" start="25363">DNA</span>
    </annotation>
    <annotation annotator="Mike Bada, University of Colorado Anschutz Medical Campus" id="CHEBI_2015_08_26_Instance_120052" type="identity">
      <class id="CHEBI_SO_EXT:DNA" label="DNA"/>
      <span end="26149" id="14611657-2021" start="26146">DNA</span>
    </annotation>
    <annotation annotator="Mike Bada, University of Colorado Anschutz Medical Campus" id="CHEBI_2015_08_26_Instance_120054" type="identity">
      <class id="CHEBI_SO_EXT:DNA" label="DNA"/>
      <span end="26328" id="14611657-2023" start="26325">DNA</span>
    </annotation>
    <annotation annotator="Mike Bada, University of Colorado Anschutz Medical Campus" id="CHEBI_2015_08_26_Instance_170434" type="identity">
      <class id="CHEBI_SO_EXT:base" label="base"/>
      <span end="27018" id="14611657-2171" start="27017">b</span>
    </annotation>
    <annotation annotator="Mike Bada, University of Colorado Anschutz Medical Campus" id="CHEBI_2015_08_26_Instance_170436" type="identity">
      <class id="CHEBI_SO_EXT:base" label="base"/>
      <span end="27565" id="14611657-2173" start="27564">b</span>
    </annotation>
    <annotation annotator="Mike Bada, University of Colorado Anschutz Medical Campus" id="CHEBI_2015_08_26_Instance_170438" type="identity">
      <class id="CHEBI_SO_EXT:base" label="base"/>
      <span end="27576" id="14611657-2175" start="27575">b</span>
    </annotation>
    <annotation annotator="Mike Bada, University of Colorado Anschutz Medical Campus" id="CHEBI_2015_08_26_Instance_120056" type="identity">
      <class id="CHEBI_SO_EXT:mRNA" label="mRNA"/>
      <span end="31350" id="14611657-2025" start="31345">mRNAs</span>
    </annotation>
    <annotation annotator="Mike Bada, University of Colorado Anschutz Medical Campus" id="CHEBI_2015_08_26_Instance_170440" type="identity">
      <class id="CHEBI_SO_EXT:base" label="base"/>
      <span end="31613" id="14611657-2177" start="31612">b</span>
    </annotation>
    <annotation annotator="Mike Bada, University of Colorado Anschutz Medical Campus" id="CHEBI_2015_08_26_Instance_120058" type="identity">
      <class id="CHEBI_SO_EXT:molecular_probe" label="molecular probe"/>
      <span end="33236" id="14611657-2027" start="33230">probes</span>
    </annotation>
    <annotation annotator="Mike Bada, University of Colorado Anschutz Medical Campus" id="CHEBI_2015_08_26_Instance_120162" type="identity">
      <class id="CHEBI_SO_EXT:molecular_probe" label="molecular probe"/>
      <span end="33402" id="14611657-2123" start="33396">probes</span>
    </annotation>
    <annotation annotator="Mike Bada, University of Colorado Anschutz Medical Campus" id="CHEBI_2015_08_26_Instance_300360" type="identity">
      <class id="CHEBI_PR_EXT:protein" label="protein"/>
      <span end="33639" id="14611657-2197" start="33632">protein</span>
    </annotation>
    <annotation annotator="Mike Bada, University of Colorado Anschutz Medical Campus" id="CHEBI_2015_08_26_Instance_140009" type="identity">
      <class id="CHEBI_SO_EXT:oligonucleotide" label="oligonucleotide"/>
      <span end="33790" id="14611657-2133" start="33774">oligonucleotides</span>
    </annotation>
    <annotation annotator="Mike Bada, University of Colorado Anschutz Medical Campus" id="CHEBI_2015_08_26_Instance_120062" type="identity">
      <class id="CHEBI_SO_EXT:molecular_probe" label="molecular probe"/>
      <span end="34044" id="14611657-2029" start="34039">Probe</span>
    </annotation>
    <annotation annotator="Mike Bada, University of Colorado Anschutz Medical Campus" id="CHEBI_2015_08_26_Instance_120064" type="identity">
      <class id="CHEBI_SO_EXT:molecular_probe" label="molecular probe"/>
      <span end="34197" id="14611657-2031" start="34191">probes</span>
    </annotation>
    <annotation annotator="Mike Bada, University of Colorado Anschutz Medical Campus" id="CHEBI_2015_08_26_Instance_120066" type="identity">
      <class id="CHEBI_SO_EXT:mRNA" label="mRNA"/>
      <span end="34650" id="14611657-2033" start="34646">mRNA</span>
    </annotation>
    <annotation annotator="Mike Bada, University of Colorado Anschutz Medical Campus" id="CHEBI_2015_08_26_Instance_120068" type="identity">
      <class id="CHEBI_SO_EXT:mRNA" label="mRNA"/>
      <span end="35076" id="14611657-2035" start="35072">mRNA</span>
    </annotation>
    <annotation annotator="Mike Bada, University of Colorado Anschutz Medical Campus" id="CHEBI_2015_08_26_Instance_300362" type="identity">
      <class id="CHEBI_PR_EXT:protein" label="protein"/>
      <span end="35426" id="14611657-2199" start="35419">protein</span>
    </annotation>
    <annotation annotator="Mike Bada, University of Colorado Anschutz Medical Campus" id="CHEBI_2015_08_26_Instance_120070" type="identity">
      <class id="CHEBI_SO_EXT:methionine" label="methionine"/>
      <span end="35618" id="14611657-2037" start="35608">methionine</span>
    </annotation>
    <annotation annotator="Mike Bada, University of Colorado Anschutz Medical Campus" id="CHEBI_2015_08_26_Instance_120072" type="identity">
      <class id="CHEBI_SO_EXT:amino_acid" label="amino acid"/>
      <span end="35644" id="14611657-2039" start="35633">amino acids</span>
    </annotation>
    <annotation annotator="Mike Bada, University of Colorado Anschutz Medical Campus" id="CHEBI_2015_08_26_Instance_300364" type="identity">
      <class id="CHEBI_PR_EXT:protein" label="protein"/>
      <span end="35808" id="14611657-2201" start="35801">protein</span>
    </annotation>
    <annotation annotator="Mike Bada, University of Colorado Anschutz Medical Campus" id="CHEBI_2015_08_26_Instance_120074" type="identity">
      <class id="CHEBI_EXT:residue" label="residue"/>
      <span end="36126" id="14611657-2041" start="36118">residues</span>
    </annotation>
    <annotation annotator="Mike Bada, University of Colorado Anschutz Medical Campus" id="CHEBI_2015_08_26_Instance_120076" type="identity">
      <class id="CHEBI_SO_EXT:RNA" label="RNA"/>
      <span end="36311" id="14611657-2043" start="36308">RNA</span>
    </annotation>
    <annotation annotator="Mike Bada, University of Colorado Anschutz Medical Campus" id="CHEBI_2015_08_26_Instance_120078" type="identity">
      <class id="CHEBI_SO_EXT:RNA" label="RNA"/>
      <span end="36670" id="14611657-2045" start="36667">RNA</span>
    </annotation>
    <annotation annotator="Mike Bada, University of Colorado Anschutz Medical Campus" id="CHEBI_2015_08_26_Instance_300366" type="identity">
      <class id="CHEBI_PR_EXT:protein" label="protein"/>
      <span end="38274" id="14611657-2203" start="38266">proteins</span>
    </annotation>
    <annotation annotator="Mike Bada, University of Colorado Anschutz Medical Campus" id="CHEBI_2015_08_26_Instance_350112" type="identity">
      <class id="CHEBI_SO_EXT:oligonucleotide" label="oligonucleotide"/>
      <span end="39076" id="14611657-2221" start="39071">oligo</span>
    </annotation>
    <annotation annotator="Mike Bada, University of Colorado Anschutz Medical Campus" id="CHEBI_2015_08_26_Instance_140053" type="identity">
      <class id="CHEBI_EXT:thymine_nucleobase_or_nucleoside_or_nucleotide_molecular_entity_or_group" label="thymine nucleobase/nucleoside/nucleotide molecular entity or group"/>
      <span end="39079" id="14611657-2137" start="39077">dT</span>
    </annotation>
    <annotation annotator="Mike Bada, University of Colorado Anschutz Medical Campus" id="CHEBI_2015_08_26_Instance_120084" type="identity">
      <class id="CHEBI_SO_EXT:molecular_probe" label="molecular probe"/>
      <span end="39414" id="14611657-2047" start="39408">probes</span>
    </annotation>
    <annotation annotator="Mike Bada, University of Colorado Anschutz Medical Campus" id="CHEBI_2015_08_26_Instance_120086" type="identity">
      <class id="CHEBI_SO_EXT:DNA" label="DNA"/>
      <span end="39463" id="14611657-2049" start="39460">DNA</span>
    </annotation>
    <annotation annotator="Mike Bada, University of Colorado Anschutz Medical Campus" id="CHEBI_2015_08_26_Instance_120164" type="identity">
      <class id="CHEBI_SO_EXT:molecular_probe" label="molecular probe"/>
      <span end="39729" id="14611657-2125" start="39724">probe</span>
    </annotation>
    <annotation annotator="Mike Bada, University of Colorado Anschutz Medical Campus" id="CHEBI_2015_08_26_Instance_14149" type="identity">
      <class id="CHEBI:2511" label="agarose"/>
      <span end="39891" id="14611657-2139" start="39884">agarose</span>
    </annotation>
    <annotation annotator="Mike Bada, University of Colorado Anschutz Medical Campus" id="CHEBI_2015_08_26_Instance_14607" type="identity">
      <class id="CHEBI_EXT:37958" label="dye"/>
      <span end="39989" id="14611657-2147" start="39986">dye</span>
    </annotation>
    <annotation annotator="Mike Bada, University of Colorado Anschutz Medical Campus" id="CHEBI_2015_08_26_Instance_120088" type="identity">
      <class id="CHEBI_SO_EXT:DNA" label="DNA"/>
      <span end="40257" id="14611657-2051" start="40254">DNA</span>
    </annotation>
    <annotation annotator="Mike Bada, University of Colorado Anschutz Medical Campus" id="CHEBI_2015_08_26_Instance_120090" type="identity">
      <class id="CHEBI_EXT:adenine_nucleobase_or_nucleoside_or_nucleotide_molecular_entity_or_group" label="adenine nucleobase/nucleoside/nucleotide molecular entity or group"/>
      <span end="40371" id="14611657-2053" start="40370">A</span>
    </annotation>
    <annotation annotator="Mike Bada, University of Colorado Anschutz Medical Campus" id="CHEBI_2015_08_26_Instance_120093" type="identity">
      <class id="CHEBI_SO_EXT:base" label="base"/>
      <span end="40766" id="14611657-2055" start="40762">base</span>
    </annotation>
    <annotation annotator="Mike Bada, University of Colorado Anschutz Medical Campus" id="CHEBI_2015_08_26_Instance_170370" type="identity">
      <class id="CHEBI_SO_EXT:base" label="base"/>
      <span end="41591" id="14611657-2159" start="41590">b</span>
    </annotation>
    <annotation annotator="Mike Bada, University of Colorado Anschutz Medical Campus" id="CHEBI_2015_08_26_Instance_170372" type="identity">
      <class id="CHEBI_SO_EXT:base" label="base"/>
      <span end="41627" id="14611657-2161" start="41626">b</span>
    </annotation>
    <annotation annotator="Mike Bada, University of Colorado Anschutz Medical Campus" id="CHEBI_2015_08_26_Instance_170374" type="identity">
      <class id="CHEBI_SO_EXT:base" label="base"/>
      <span end="41724" id="14611657-2163" start="41723">b</span>
    </annotation>
    <annotation annotator="Mike Bada, University of Colorado Anschutz Medical Campus" id="CHEBI_2015_08_26_Instance_120095" type="identity">
      <class id="CHEBI_EXT:adenine_nucleobase_or_nucleoside_or_nucleotide_molecular_entity_or_group" label="adenine nucleobase/nucleoside/nucleotide molecular entity or group"/>
      <span end="41858" id="14611657-2057" start="41857">A</span>
    </annotation>
    <annotation annotator="Mike Bada, University of Colorado Anschutz Medical Campus" id="CHEBI_2015_08_26_Instance_120097" type="identity">
      <class id="CHEBI_SO_EXT:nucleotide" label="nucleotide"/>
      <span end="42043" id="14611657-2059" start="42033">nucleotide</span>
    </annotation>
    <annotation annotator="Mike Bada, University of Colorado Anschutz Medical Campus" id="CHEBI_2015_08_26_Instance_300368" type="identity">
      <class id="CHEBI_PR_EXT:protein" label="protein"/>
      <span end="44161" id="14611657-2205" start="44154">protein</span>
    </annotation>
    <annotation annotator="Mike Bada, University of Colorado Anschutz Medical Campus" id="CHEBI_2015_08_26_Instance_120099" type="identity">
      <class id="CHEBI_SO_EXT:RNA" label="RNA"/>
      <span end="45239" id="14611657-2061" start="45236">RNA</span>
    </annotation>
    <annotation annotator="Mike Bada, University of Colorado Anschutz Medical Campus" id="CHEBI_2015_08_26_Instance_120101" type="identity">
      <class id="CHEBI_SO_EXT:RNA" label="RNA"/>
      <span end="45398" id="14611657-2063" start="45395">RNA</span>
    </annotation>
    <annotation annotator="Mike Bada, University of Colorado Anschutz Medical Campus" id="CHEBI_2015_08_26_Instance_120176" type="identity">
      <class id="CHEBI_SO_EXT:hexanucleotide" label="hexanucleotide"/>
      <span end="45441" id="14611657-2129" start="45433">hexamers</span>
    </annotation>
    <annotation annotator="Mike Bada, University of Colorado Anschutz Medical Campus" id="CHEBI_2015_08_26_Instance_120103" type="identity">
      <class id="CHEBI_SO_EXT:RNA" label="RNA"/>
      <span end="46280" id="14611657-2065" start="46277">RNA</span>
    </annotation>
    <annotation annotator="Mike Bada, University of Colorado Anschutz Medical Campus" id="CHEBI_2015_08_26_Instance_120105" type="identity">
      <class id="CHEBI_SO_EXT:DNA" label="DNA"/>
      <span end="46326" id="14611657-2067" start="46323">DNA</span>
    </annotation>
    <annotation annotator="Mike Bada, University of Colorado Anschutz Medical Campus" id="CHEBI_2015_08_26_Instance_120108" type="identity">
      <class id="CHEBI_EXT:magnesium" label="magnesium"/>
      <span end="46449" id="14611657-2069" start="46440">magnesium</span>
    </annotation>
    <annotation annotator="Mike Bada, University of Colorado Anschutz Medical Campus" id="CHEBI_2015_08_26_Instance_14609" type="identity">
      <class id="CHEBI_EXT:39442" label="fluorescent probe"/>
      <span end="46498" id="14611657-2149" start="46481">fluorescent probe</span>
    </annotation>
    <annotation annotator="Mike Bada, University of Colorado Anschutz Medical Campus" id="CHEBI_2015_08_26_Instance_120110" type="identity">
      <class id="CHEBI_SO_EXT:DNA" label="DNA"/>
      <span end="46718" id="14611657-2071" start="46715">DNA</span>
    </annotation>
    <annotation annotator="Mike Bada, University of Colorado Anschutz Medical Campus" id="CHEBI_2015_08_26_Instance_120112" type="identity">
      <class id="CHEBI_SO_EXT:RNA" label="RNA"/>
      <span end="47022" id="14611657-2073" start="47019">RNA</span>
    </annotation>
    <annotation annotator="Mike Bada, University of Colorado Anschutz Medical Campus" id="CHEBI_2015_08_26_Instance_120114" type="identity">
      <class id="CHEBI_SO_EXT:RNA" label="RNA"/>
      <span end="47088" id="14611657-2075" start="47085">RNA</span>
    </annotation>
    <annotation annotator="Mike Bada, University of Colorado Anschutz Medical Campus" id="CHEBI_2015_08_26_Instance_120116" type="identity">
      <class id="CHEBI_SO_EXT:RNA" label="RNA"/>
      <span end="47593" id="14611657-2077" start="47590">RNA</span>
    </annotation>
    <annotation annotator="Mike Bada, University of Colorado Anschutz Medical Campus" id="CHEBI_2015_08_26_Instance_14157" type="identity">
      <class id="CHEBI:42098" label="digoxigenin"/>
      <span end="47680" id="14611657-2141" start="47669">digoxigenin</span>
    </annotation>
    <annotation annotator="Mike Bada, University of Colorado Anschutz Medical Campus" id="CHEBI_2015_08_26_Instance_380298" type="identity">
      <class id="CHEBI_SO_EXT:molecular_label_or_mark_or_tag_process" label="molecular label/mark/tag process"/>
      <span end="47688" id="14611657-2223" start="47681">labeled</span>
    </annotation>
    <annotation annotator="Mike Bada, University of Colorado Anschutz Medical Campus" id="CHEBI_2015_08_26_Instance_120118" type="identity">
      <class id="CHEBI_SO_EXT:riboprobe" label="riboprobe"/>
      <span end="47709" id="14611657-2079" start="47699">riboprobes</span>
    </annotation>
    <annotation annotator="Mike Bada, University of Colorado Anschutz Medical Campus" id="CHEBI_2015_08_26_Instance_170376" type="identity">
      <class id="CHEBI_SO_EXT:base" label="base"/>
      <span end="47760" id="14611657-2165" start="47759">b</span>
    </annotation>
    <annotation annotator="Mike Bada, University of Colorado Anschutz Medical Campus" id="CHEBI_2015_08_26_Instance_170378" type="identity">
      <class id="CHEBI_SO_EXT:base" label="base"/>
      <span end="47782" id="14611657-2167" start="47781">b</span>
    </annotation>
    <annotation annotator="Mike Bada, University of Colorado Anschutz Medical Campus" id="CHEBI_2015_08_26_Instance_120120" type="identity">
      <class id="CHEBI_SO_EXT:riboprobe" label="riboprobe"/>
      <span end="47794" id="14611657-2081" start="47785">Riboprobe</span>
    </annotation>
    <annotation annotator="Mike Bada, University of Colorado Anschutz Medical Campus" id="CHEBI_2015_08_26_Instance_14159" type="identity">
      <class id="CHEBI:16397" label="formamide"/>
      <span end="48065" id="14611657-2143" start="48056">formamide</span>
    </annotation>
    <annotation annotator="Mike Bada, University of Colorado Anschutz Medical Campus" id="CHEBI_2015_08_26_Instance_340342" type="identity">
      <class id="CHEBI_EXT:saline_sodium_citrate" label="saline sodium citrate"/>
      <span end="48133" id="14611657-2217" start="48130">SSC</span>
    </annotation>
    <annotation annotator="Mike Bada, University of Colorado Anschutz Medical Campus" id="CHEBI_2015_08_26_Instance_120122" type="identity">
      <class id="CHEBI_SO_EXT:molecular_probe" label="molecular probe"/>
      <span end="48146" id="14611657-2083" start="48140">probes</span>
    </annotation>
    <annotation annotator="Mike Bada, University of Colorado Anschutz Medical Campus" id="CHEBI_2015_08_26_Instance_120124" type="identity">
      <class id="CHEBI_SO_EXT:molecular_probe" label="molecular probe"/>
      <span end="48225" id="14611657-2085" start="48220">probe</span>
    </annotation>
    <annotation annotator="Mike Bada, University of Colorado Anschutz Medical Campus" id="CHEBI_2015_08_26_Instance_120126" type="identity">
      <class id="CHEBI_SO_EXT:molecular_probe" label="molecular probe"/>
      <span end="48311" id="14611657-2087" start="48306">probe</span>
    </annotation>
    <annotation annotator="Mike Bada, University of Colorado Anschutz Medical Campus" id="CHEBI_2015_08_26_Instance_120128" type="identity">
      <class id="CHEBI_SO_EXT:molecular_probe" label="molecular probe"/>
      <span end="48397" id="14611657-2089" start="48392">probe</span>
    </annotation>
    <annotation annotator="Mike Bada, University of Colorado Anschutz Medical Campus" id="CHEBI_2015_08_26_Instance_170442" type="identity">
      <class id="CHEBI_SO_EXT:base" label="base"/>
      <span end="48496" id="14611657-2179" start="48495">b</span>
    </annotation>
    <annotation annotator="Mike Bada, University of Colorado Anschutz Medical Campus" id="CHEBI_2015_08_26_Instance_42377" type="identity">
      <class id="CHEBI_EXT:polyatomic_entity_or_group" label="polyatomic entity or group"/>
      <span end="49572" id="14611657-2227" start="49563">Molecular</span>
    </annotation>
    <annotation annotator="Mike Bada, University of Colorado Anschutz Medical Campus" id="CHEBI_2015_08_26_Instance_120130" type="identity">
      <class id="CHEBI_SO_EXT:RNA" label="RNA"/>
      <span end="50361" id="14611657-2091" start="50358">RNA</span>
    </annotation>
    <annotation annotator="Mike Bada, University of Colorado Anschutz Medical Campus" id="CHEBI_2015_08_26_Instance_120134" type="identity">
      <class id="CHEBI_SO_EXT:RNA" label="RNA"/>
      <span end="51399" id="14611657-2095" start="51396">RNA</span>
    </annotation>
    <annotation annotator="Mike Bada, University of Colorado Anschutz Medical Campus" id="CHEBI_2015_08_26_Instance_120132" type="identity">
      <class id="CHEBI_SO_EXT:DNA" label="DNA"/>
      <span end="51536" id="14611657-2093" start="51533">DNA</span>
    </annotation>
    <annotation annotator="Mike Bada, University of Colorado Anschutz Medical Campus" id="CHEBI_2015_08_26_Instance_120136" type="identity">
      <class id="CHEBI_SO_EXT:RNA" label="RNA"/>
      <span end="52403" id="14611657-2097" start="52400">RNA</span>
    </annotation>
    <annotation annotator="Mike Bada, University of Colorado Anschutz Medical Campus" id="CHEBI_2015_08_26_Instance_14161" type="identity">
      <class id="CHEBI:42098" label="digoxigenin"/>
      <span end="52442" id="14611657-2145" start="52431">digoxigenin</span>
    </annotation>
    <annotation annotator="Mike Bada, University of Colorado Anschutz Medical Campus" id="CHEBI_2015_08_26_Instance_380300" type="identity">
      <class id="CHEBI_SO_EXT:molecular_label_or_mark_or_tag_process" label="molecular label/mark/tag process"/>
      <span end="52450" id="14611657-2225" start="52443">labeled</span>
    </annotation>
    <annotation annotator="Mike Bada, University of Colorado Anschutz Medical Campus" id="CHEBI_2015_08_26_Instance_120138" type="identity">
      <class id="CHEBI_SO_EXT:molecular_probe" label="molecular probe"/>
      <span end="52457" id="14611657-2099" start="52451">probes</span>
    </annotation>
    <annotation annotator="Mike Bada, University of Colorado Anschutz Medical Campus" id="CHEBI_2015_08_26_Instance_300370" type="identity">
      <class id="CHEBI_PR_EXT:protein" label="protein"/>
      <span end="53088" id="14611657-2207" start="53080">proteins</span>
    </annotation>
    <annotation annotator="Mike Bada, University of Colorado Anschutz Medical Campus" id="CHEBI_2015_08_26_Instance_120140" type="identity">
      <class id="CHEBI_EXT:residue" label="residue"/>
      <span end="53327" id="14611657-2101" start="53319">residues</span>
    </annotation>
    <annotation annotator="Mike Bada, University of Colorado Anschutz Medical Campus" id="CHEBI_2015_08_26_Instance_120142" type="identity">
      <class id="CHEBI_SO_EXT:methionine" label="methionine"/>
      <span end="54180" id="14611657-2103" start="54170">methionine</span>
    </annotation>
    <annotation annotator="Mike Bada, University of Colorado Anschutz Medical Campus" id="CHEBI_2015_08_26_Instance_120144" type="identity">
      <class id="CHEBI_SO_EXT:methionine" label="methionine"/>
      <span end="54213" id="14611657-2105" start="54212">M</span>
    </annotation>
    <annotation annotator="Mike Bada, University of Colorado Anschutz Medical Campus" id="CHEBI_2015_08_26_Instance_120146" type="identity">
      <class id="CHEBI_SO_EXT:methionine" label="methionine"/>
      <span end="54262" id="14611657-2107" start="54252">methionine</span>
    </annotation>
    <annotation annotator="Mike Bada, University of Colorado Anschutz Medical Campus" id="CHEBI_2015_08_26_Instance_120148" type="identity">
      <class id="CHEBI_EXT:adenine_nucleobase_or_nucleoside_or_nucleotide_molecular_entity_or_group" label="adenine nucleobase/nucleoside/nucleotide molecular entity or group"/>
      <span end="54437" id="14611657-2109" start="54436">A</span>
    </annotation>
    <annotation annotator="Mike Bada, University of Colorado Anschutz Medical Campus" id="CHEBI_2015_08_26_Instance_120150" type="identity">
      <class id="CHEBI_EXT:adenine_nucleobase_or_nucleoside_or_nucleotide_molecular_entity_or_group" label="adenine nucleobase/nucleoside/nucleotide molecular entity or group"/>
      <span end="54467" id="14611657-2111" start="54466">A</span>
    </annotation>
    <annotation annotator="Mike Bada, University of Colorado Anschutz Medical Campus" id="CHEBI_2015_08_26_Instance_120152" type="identity">
      <class id="CHEBI_SO_EXT:molecular_probe" label="molecular probe"/>
      <span end="55134" id="14611657-2113" start="55129">probe</span>
    </annotation>
    <annotation annotator="Mike Bada, University of Colorado Anschutz Medical Campus" id="CHEBI_2015_08_26_Instance_120154" type="identity">
      <class id="CHEBI_SO_EXT:molecular_probe" label="molecular probe"/>
      <span end="55142" id="14611657-2115" start="55137">Probe</span>
    </annotation>
    <annotation annotator="Mike Bada, University of Colorado Anschutz Medical Campus" id="CHEBI_2015_08_26_Instance_120156" type="identity">
      <class id="CHEBI_SO_EXT:molecular_probe" label="molecular probe"/>
      <span end="55255" id="14611657-2117" start="55249">probes</span>
    </annotation>
    <graph-space id="Old Knowtator Relations"/>
  </document>
</knowtator-project>
