<?xml version="1.0" encoding="UTF-8" standalone="no"?>
<knowtator-project>
    <document id="14723793" text-file="14723793.txt">
        <annotation annotator="Mike Bada, University of Colorado Anschutz Medical Campus" id="CHEBI_2015_08_26_Instance_300000" type="identity">
            <class id="CHEBI_EXT:polyatomic_entity_or_group" label="polyatomic entity or group"/>
            <span end="9" id="14723793-2488" start="0">Molecular</span>
        </annotation>
        <annotation annotator="Mike Bada, University of Colorado Anschutz Medical Campus" id="CHEBI_2015_08_26_Instance_300454" type="identity">
            <class id="CHEBI_PR_EXT:protein" label="protein"/>
            <span end="192" id="14723793-2490" start="185">protein</span>
        </annotation>
        <annotation annotator="Mike Bada, University of Colorado Anschutz Medical Campus" id="CHEBI_2015_08_26_Instance_300456" type="identity">
            <class id="CHEBI_PR_EXT:protein" label="protein"/>
            <span end="521" id="14723793-2492" start="513">proteins</span>
        </annotation>
        <annotation annotator="Mike Bada, University of Colorado Anschutz Medical Campus" id="CHEBI_2015_08_26_Instance_160169" type="identity">
            <class id="CHEBI_SO_EXT:amino_acid" label="amino acid"/>
            <span end="558" id="14723793-2290" start="547">amino acids</span>
        </annotation>
        <annotation annotator="Mike Bada, University of Colorado Anschutz Medical Campus" id="CHEBI_2015_08_26_Instance_160171" type="identity">
            <class id="CHEBI_SO_EXT:nucleotide" label="nucleotide"/>
            <span end="650" id="14723793-2292" start="640">nucleotide</span>
        </annotation>
        <annotation annotator="Mike Bada, University of Colorado Anschutz Medical Campus" id="CHEBI_2015_08_26_Instance_160173" type="identity">
            <class id="CHEBI_SO_EXT:amino_acid" label="amino acid"/>
            <span end="665" id="14723793-2294" start="655">amino acid</span>
        </annotation>
        <annotation annotator="Mike Bada, University of Colorado Anschutz Medical Campus" id="CHEBI_2015_08_26_Instance_160177" type="identity">
            <class id="CHEBI_SO_EXT:nucleotide" label="nucleotide"/>
            <span end="733" id="14723793-2298" start="723">nucleotide</span>
        </annotation>
        <annotation annotator="Mike Bada, University of Colorado Anschutz Medical Campus" id="CHEBI_2015_08_26_Instance_160175" type="identity">
            <class id="CHEBI_SO_EXT:amino_acid" label="amino acid"/>
            <span end="748" id="14723793-2296" start="738">amino acid</span>
        </annotation>
        <annotation annotator="Mike Bada, University of Colorado Anschutz Medical Campus" id="CHEBI_2015_08_26_Instance_300458" type="identity">
            <class id="CHEBI_PR_EXT:protein" label="protein"/>
            <span end="886" id="14723793-2494" start="878">proteins</span>
        </annotation>
        <annotation annotator="Mike Bada, University of Colorado Anschutz Medical Campus" id="CHEBI_2015_08_26_Instance_160179" type="identity">
            <class id="CHEBI_SO_EXT:amino_acid" label="amino acid"/>
            <span end="908" id="14723793-2300" start="906">AA</span>
        </annotation>
        <annotation annotator="Mike Bada, University of Colorado Anschutz Medical Campus" id="CHEBI_2015_08_26_Instance_300460" type="identity">
            <class id="CHEBI_PR_EXT:protein" label="protein"/>
            <span end="948" id="14723793-2496" start="941">protein</span>
        </annotation>
        <annotation annotator="Mike Bada, University of Colorado Anschutz Medical Campus" id="CHEBI_2015_08_26_Instance_160181" type="identity">
            <class id="CHEBI_SO_EXT:amino_acid" label="amino acid"/>
            <span end="956" id="14723793-2302" start="954">AA</span>
        </annotation>
        <annotation annotator="Mike Bada, University of Colorado Anschutz Medical Campus" id="CHEBI_2015_08_26_Instance_160183" type="identity">
            <class id="CHEBI_EXT:magnesium" label="magnesium"/>
            <span end="1016" id="14723793-2304" start="1007">magnesium</span>
        </annotation>
        <annotation annotator="Mike Bada, University of Colorado Anschutz Medical Campus" id="CHEBI_2015_08_26_Instance_160186" type="identity">
            <class id="CHEBI_EXT:cobalt" label="cobalt"/>
            <span end="1027" id="14723793-2306" start="1021">cobalt</span>
        </annotation>
        <annotation annotator="Mike Bada, University of Colorado Anschutz Medical Campus" id="CHEBI_2015_08_26_Instance_300462" type="identity">
            <class id="CHEBI_PR_EXT:protein" label="protein"/>
            <span end="1558" id="14723793-2498" start="1551">protein</span>
        </annotation>
        <annotation annotator="Mike Bada, University of Colorado Anschutz Medical Campus" id="CHEBI_2015_08_26_Instance_300464" type="identity">
            <class id="CHEBI_PR_EXT:protein" label="protein"/>
            <span end="1675" id="14723793-2500" start="1667">proteins</span>
        </annotation>
        <annotation annotator="Mike Bada, University of Colorado Anschutz Medical Campus" id="CHEBI_2015_08_26_Instance_15527" type="identity">
            <class id="CHEBI:24870" label="ion"/>
            <span end="1691" id="14723793-2288" start="1688">ion</span>
        </annotation>
        <annotation annotator="Mike Bada, University of Colorado Anschutz Medical Campus" id="CHEBI_2015_08_26_Instance_300466" type="identity">
            <class id="CHEBI_PR_EXT:protein" label="protein"/>
            <span end="1834" id="14723793-2502" start="1827">protein</span>
        </annotation>
        <annotation annotator="Mike Bada, University of Colorado Anschutz Medical Campus" id="CHEBI_2015_08_26_Instance_300468" type="identity">
            <class id="CHEBI_PR_EXT:protein" label="protein"/>
            <span end="1868" id="14723793-2504" start="1861">protein</span>
        </annotation>
        <annotation annotator="Mike Bada, University of Colorado Anschutz Medical Campus" id="CHEBI_2015_08_26_Instance_300002" type="identity">
            <class id="CHEBI_EXT:polyatomic_entity_or_group" label="polyatomic entity or group"/>
            <span end="2350" id="14723793-2592" start="2341">Molecular</span>
        </annotation>
        <annotation annotator="Mike Bada, University of Colorado Anschutz Medical Campus" id="CHEBI_2015_08_26_Instance_300470" type="identity">
            <class id="CHEBI_PR_EXT:protein" label="protein"/>
            <span end="2456" id="14723793-2506" start="2449">protein</span>
        </annotation>
        <annotation annotator="Mike Bada, University of Colorado Anschutz Medical Campus" id="CHEBI_2015_08_26_Instance_160188" type="identity">
            <class id="CHEBI_SO_EXT:molecular_indicator_or_label_or_marker_or_tag" label="molecular indicator/label/marker/tag"/>
            <span end="2565" id="14723793-2308" start="2558">markers</span>
        </annotation>
        <annotation annotator="Mike Bada, University of Colorado Anschutz Medical Campus" id="CHEBI_2015_08_26_Instance_350114" type="identity">
            <class id="CHEBI_SO_EXT:oligonucleotide" label="oligonucleotide"/>
            <span end="2752" id="14723793-2610" start="2747">oligo</span>
        </annotation>
        <annotation annotator="Mike Bada, University of Colorado Anschutz Medical Campus" id="CHEBI_2015_08_26_Instance_160192" type="identity">
            <class id="CHEBI_EXT:thymine_nucleobase_or_nucleoside_or_nucleotide_molecular_entity_or_group" label="thymine nucleobase/nucleoside/nucleotide molecular entity or group"/>
            <span end="2755" id="14723793-2310" start="2753">dT</span>
        </annotation>
        <annotation annotator="Mike Bada, University of Colorado Anschutz Medical Campus" id="CHEBI_2015_08_26_Instance_160194" type="identity">
            <class id="CHEBI_SO_EXT:molecular_indicator_or_label_or_marker_or_tag" label="molecular indicator/label/marker/tag"/>
            <span end="2839" id="14723793-2312" start="2833">marker</span>
        </annotation>
        <annotation annotator="Mike Bada, University of Colorado Anschutz Medical Campus" id="CHEBI_2015_08_26_Instance_350116" type="identity">
            <class id="CHEBI_SO_EXT:oligonucleotide" label="oligonucleotide"/>
            <span end="2864" id="14723793-2612" start="2860">olig</span>
        </annotation>
        <annotation annotator="Mike Bada, University of Colorado Anschutz Medical Campus" id="CHEBI_2015_08_26_Instance_160198" type="identity">
            <class id="CHEBI_EXT:thymine_nucleobase_or_nucleoside_or_nucleotide_molecular_entity_or_group" label="thymine nucleobase/nucleoside/nucleotide molecular entity or group"/>
            <span end="2867" id="14723793-2314" start="2865">dT</span>
        </annotation>
        <annotation annotator="Mike Bada, University of Colorado Anschutz Medical Campus" id="CHEBI_2015_08_26_Instance_160200" type="identity">
            <class id="CHEBI_SO_EXT:DNA" label="DNA"/>
            <span end="3170" id="14723793-2316" start="3167">DNA</span>
        </annotation>
        <annotation annotator="Mike Bada, University of Colorado Anschutz Medical Campus" id="CHEBI_2015_08_26_Instance_160202" type="identity">
            <class id="CHEBI_SO_EXT:DNA" label="DNA"/>
            <span end="3276" id="14723793-2318" start="3273">DNA</span>
        </annotation>
        <annotation annotator="Mike Bada, University of Colorado Anschutz Medical Campus" id="CHEBI_2015_08_26_Instance_160204" type="identity">
            <class id="CHEBI_SO_EXT:nucleotide" label="nucleotide"/>
            <span end="3427" id="14723793-2320" start="3417">nucleotide</span>
        </annotation>
        <annotation annotator="Mike Bada, University of Colorado Anschutz Medical Campus" id="CHEBI_2015_08_26_Instance_300472" type="identity">
            <class id="CHEBI_PR_EXT:protein" label="protein"/>
            <span end="3468" id="14723793-2508" start="3461">protein</span>
        </annotation>
        <annotation annotator="Mike Bada, University of Colorado Anschutz Medical Campus" id="CHEBI_2015_08_26_Instance_160206" type="identity">
            <class id="CHEBI_SO_EXT:amino_acid" label="amino acid"/>
            <span end="3489" id="14723793-2322" start="3478">amino acids</span>
        </annotation>
        <annotation annotator="Mike Bada, University of Colorado Anschutz Medical Campus" id="CHEBI_2015_08_26_Instance_160208" type="identity">
            <class id="CHEBI_SO_EXT:amino_acid" label="amino acid"/>
            <span end="3493" id="14723793-2324" start="3491">AA</span>
        </annotation>
        <annotation annotator="Mike Bada, University of Colorado Anschutz Medical Campus" id="CHEBI_2015_08_26_Instance_300474" type="identity">
            <class id="CHEBI_PR_EXT:protein" label="protein"/>
            <span end="3626" id="14723793-2510" start="3618">proteins</span>
        </annotation>
        <annotation annotator="Mike Bada, University of Colorado Anschutz Medical Campus" id="CHEBI_2015_08_26_Instance_160210" type="identity">
            <class id="CHEBI_SO_EXT:amino_acid" label="amino acid"/>
            <span end="3645" id="14723793-2326" start="3634">amino acids</span>
        </annotation>
        <annotation annotator="Mike Bada, University of Colorado Anschutz Medical Campus" id="CHEBI_2015_08_26_Instance_160212" type="identity">
            <class id="CHEBI_SO_EXT:amino_acid" label="amino acid"/>
            <span end="3662" id="14723793-2328" start="3651">amino acids</span>
        </annotation>
        <annotation annotator="Mike Bada, University of Colorado Anschutz Medical Campus" id="CHEBI_2015_08_26_Instance_160214" type="identity">
            <class id="CHEBI_SO_EXT:amino_acid" label="amino acid"/>
            <span end="3682" id="14723793-2330" start="3671">amino acids</span>
        </annotation>
        <annotation annotator="Mike Bada, University of Colorado Anschutz Medical Campus" id="CHEBI_2015_08_26_Instance_160216" type="identity">
            <class id="CHEBI_SO_EXT:molecular_probe" label="molecular probe"/>
            <span end="3976" id="14723793-2332" start="3970">probes</span>
        </annotation>
        <annotation annotator="Mike Bada, University of Colorado Anschutz Medical Campus" id="CHEBI_2015_08_26_Instance_330690" type="identity">
            <class id="CHEBI:33695" label="information biomacromolecule"/>
            <span end="4099" id="14723793-2602" start="4091">messages</span>
        </annotation>
        <annotation annotator="Mike Bada, University of Colorado Anschutz Medical Campus" id="CHEBI_2015_08_26_Instance_330692" type="identity">
            <class id="CHEBI:33695" label="information biomacromolecule"/>
            <span end="4182" id="14723793-2604" start="4175">message</span>
        </annotation>
        <annotation annotator="Mike Bada, University of Colorado Anschutz Medical Campus" id="CHEBI_2015_08_26_Instance_160222" type="identity">
            <class id="CHEBI_SO_EXT:RNA" label="RNA"/>
            <span end="4933" id="14723793-2334" start="4930">RNA</span>
        </annotation>
        <annotation annotator="Mike Bada, University of Colorado Anschutz Medical Campus" id="CHEBI_2015_08_26_Instance_300476" type="identity">
            <class id="CHEBI_PR_EXT:protein" label="protein"/>
            <span end="5074" id="14723793-2512" start="5066">proteins</span>
        </annotation>
        <annotation annotator="Mike Bada, University of Colorado Anschutz Medical Campus" id="CHEBI_2015_08_26_Instance_160224" type="identity">
            <class id="CHEBI_SO_EXT:molecular_indicator_or_label_or_marker_or_tag" label="molecular indicator/label/marker/tag"/>
            <span end="5505" id="14723793-2336" start="5498">markers</span>
        </annotation>
        <annotation annotator="Mike Bada, University of Colorado Anschutz Medical Campus" id="CHEBI_2015_08_26_Instance_160226" type="identity">
            <class id="CHEBI_SO_EXT:molecular_indicator_or_label_or_marker_or_tag" label="molecular indicator/label/marker/tag"/>
            <span end="5802" id="14723793-2338" start="5796">marker</span>
        </annotation>
        <annotation annotator="Mike Bada, University of Colorado Anschutz Medical Campus" id="CHEBI_2015_08_26_Instance_330004" type="identity">
            <class id="CHEBI_EXT:polyatomic_entity_or_group" label="polyatomic entity or group"/>
            <span end="5909" id="14723793-2594" start="5900">molecular</span>
        </annotation>
        <annotation annotator="Mike Bada, University of Colorado Anschutz Medical Campus" id="CHEBI_2015_08_26_Instance_160228" type="identity">
            <class id="CHEBI_SO_EXT:nucleotide" label="nucleotide"/>
            <span end="5996" id="14723793-2340" start="5986">nucleotide</span>
        </annotation>
        <annotation annotator="Mike Bada, University of Colorado Anschutz Medical Campus" id="CHEBI_2015_08_26_Instance_160230" type="identity">
            <class id="CHEBI_SO_EXT:amino_acid" label="amino acid"/>
            <span end="6003" id="14723793-2342" start="6001">AA</span>
        </annotation>
        <annotation annotator="Mike Bada, University of Colorado Anschutz Medical Campus" id="CHEBI_2015_08_26_Instance_160232" type="identity">
            <class id="CHEBI_SO_EXT:nucleotide" label="nucleotide"/>
            <span end="6153" id="14723793-2344" start="6143">nucleotide</span>
        </annotation>
        <annotation annotator="Mike Bada, University of Colorado Anschutz Medical Campus" id="CHEBI_2015_08_26_Instance_160234" type="identity">
            <class id="CHEBI_SO_EXT:amino_acid" label="amino acid"/>
            <span end="6173" id="14723793-2346" start="6171">AA</span>
        </annotation>
        <annotation annotator="Mike Bada, University of Colorado Anschutz Medical Campus" id="CHEBI_2015_08_26_Instance_160236" type="identity">
            <class id="CHEBI_SO_EXT:amino_acid" label="amino acid"/>
            <span end="6198" id="14723793-2348" start="6196">AA</span>
        </annotation>
        <annotation annotator="Mike Bada, University of Colorado Anschutz Medical Campus" id="CHEBI_2015_08_26_Instance_160238" type="identity">
            <class id="CHEBI_SO_EXT:nucleotide" label="nucleotide"/>
            <span end="6244" id="14723793-2350" start="6234">nucleotide</span>
        </annotation>
        <annotation annotator="Mike Bada, University of Colorado Anschutz Medical Campus" id="CHEBI_2015_08_26_Instance_160240" type="identity">
            <class id="CHEBI_SO_EXT:nucleotide" label="nucleotide"/>
            <span end="6276" id="14723793-2352" start="6265">nucleotides</span>
        </annotation>
        <annotation annotator="Mike Bada, University of Colorado Anschutz Medical Campus" id="CHEBI_2015_08_26_Instance_160242" type="identity">
            <class id="CHEBI_SO_EXT:nucleotide" label="nucleotide"/>
            <span end="6500" id="14723793-2354" start="6489">nucleotides</span>
        </annotation>
        <annotation annotator="Mike Bada, University of Colorado Anschutz Medical Campus" id="CHEBI_2015_08_26_Instance_160244" type="identity">
            <class id="CHEBI_SO_EXT:amino_acid" label="amino acid"/>
            <span end="6663" id="14723793-2356" start="6661">AA</span>
        </annotation>
        <annotation annotator="Mike Bada, University of Colorado Anschutz Medical Campus" id="CHEBI_2015_08_26_Instance_300478" type="identity">
            <class id="CHEBI_PR_EXT:protein" label="protein"/>
            <span end="6736" id="14723793-2514" start="6728">proteins</span>
        </annotation>
        <annotation annotator="Mike Bada, University of Colorado Anschutz Medical Campus" id="CHEBI_2015_08_26_Instance_300480" type="identity">
            <class id="CHEBI_PR_EXT:protein" label="protein"/>
            <span end="6942" id="14723793-2516" start="6934">proteins</span>
        </annotation>
        <annotation annotator="Mike Bada, University of Colorado Anschutz Medical Campus" id="CHEBI_2015_08_26_Instance_160246" type="identity">
            <class id="CHEBI_SO_EXT:amino_acid" label="amino acid"/>
            <span end="6964" id="14723793-2358" start="6962">AA</span>
        </annotation>
        <annotation annotator="Mike Bada, University of Colorado Anschutz Medical Campus" id="CHEBI_2015_08_26_Instance_300482" type="identity">
            <class id="CHEBI_PR_EXT:protein" label="protein"/>
            <span end="6998" id="14723793-2518" start="6991">protein</span>
        </annotation>
        <annotation annotator="Mike Bada, University of Colorado Anschutz Medical Campus" id="CHEBI_2015_08_26_Instance_160248" type="identity">
            <class id="CHEBI_SO_EXT:amino_acid" label="amino acid"/>
            <span end="7006" id="14723793-2360" start="7004">AA</span>
        </annotation>
        <annotation annotator="Mike Bada, University of Colorado Anschutz Medical Campus" id="CHEBI_2015_08_26_Instance_160250" type="identity">
            <class id="CHEBI_EXT:magnesium" label="magnesium"/>
            <span end="7066" id="14723793-2362" start="7057">magnesium</span>
        </annotation>
        <annotation annotator="Mike Bada, University of Colorado Anschutz Medical Campus" id="CHEBI_2015_08_26_Instance_160252" type="identity">
            <class id="CHEBI_EXT:cobalt" label="cobalt"/>
            <span end="7077" id="14723793-2364" start="7071">cobalt</span>
        </annotation>
        <annotation annotator="Mike Bada, University of Colorado Anschutz Medical Campus" id="CHEBI_2015_08_26_Instance_160254" type="identity">
            <class id="CHEBI_SO_EXT:amino_acid" label="amino acid"/>
            <span end="7097" id="14723793-2366" start="7095">AA</span>
        </annotation>
        <annotation annotator="Mike Bada, University of Colorado Anschutz Medical Campus" id="CHEBI_2015_08_26_Instance_300484" type="identity">
            <class id="CHEBI_PR_EXT:protein" label="protein"/>
            <span end="7150" id="14723793-2520" start="7142">proteins</span>
        </annotation>
        <annotation annotator="Mike Bada, University of Colorado Anschutz Medical Campus" id="CHEBI_2015_08_26_Instance_300486" type="identity">
            <class id="CHEBI_PR_EXT:protein" label="protein"/>
            <span end="7178" id="14723793-2522" start="7171">protein</span>
        </annotation>
        <annotation annotator="Mike Bada, University of Colorado Anschutz Medical Campus" id="CHEBI_2015_08_26_Instance_160256" type="identity">
            <class id="CHEBI_SO_EXT:amino_acid" label="amino acid"/>
            <span end="7186" id="14723793-2368" start="7184">AA</span>
        </annotation>
        <annotation annotator="Mike Bada, University of Colorado Anschutz Medical Campus" id="CHEBI_2015_08_26_Instance_300488" type="identity">
            <class id="CHEBI_PR_EXT:protein" label="protein"/>
            <span end="7283" id="14723793-2524" start="7276">protein</span>
        </annotation>
        <annotation annotator="Mike Bada, University of Colorado Anschutz Medical Campus" id="CHEBI_2015_08_26_Instance_160259" type="identity">
            <class id="CHEBI_EXT:copper" label="copper"/>
            <span end="7330" id="14723793-2370" start="7324">copper</span>
        </annotation>
        <annotation annotator="Mike Bada, University of Colorado Anschutz Medical Campus" id="CHEBI_2015_08_26_Instance_300490" type="identity">
            <class id="CHEBI_PR_EXT:protein" label="protein"/>
            <span end="7488" id="14723793-2526" start="7480">proteins</span>
        </annotation>
        <annotation annotator="Mike Bada, University of Colorado Anschutz Medical Campus" id="CHEBI_2015_08_26_Instance_160261" type="identity">
            <class id="CHEBI_SO_EXT:amino_acid" label="amino acid"/>
            <span end="7555" id="14723793-2372" start="7553">AA</span>
        </annotation>
        <annotation annotator="Mike Bada, University of Colorado Anschutz Medical Campus" id="CHEBI_2015_08_26_Instance_300492" type="identity">
            <class id="CHEBI_PR_EXT:protein" label="protein"/>
            <span end="7576" id="14723793-2528" start="7568">proteins</span>
        </annotation>
        <annotation annotator="Mike Bada, University of Colorado Anschutz Medical Campus" id="CHEBI_2015_08_26_Instance_160263" type="identity">
            <class id="CHEBI_SO_EXT:nucleotide" label="nucleotide"/>
            <span end="7607" id="14723793-2374" start="7597">Nucleotide</span>
        </annotation>
        <annotation annotator="Mike Bada, University of Colorado Anschutz Medical Campus" id="CHEBI_2015_08_26_Instance_160265" type="identity">
            <class id="CHEBI_SO_EXT:amino_acid" label="amino acid"/>
            <span end="7622" id="14723793-2376" start="7612">amino acid</span>
        </annotation>
        <annotation annotator="Mike Bada, University of Colorado Anschutz Medical Campus" id="CHEBI_2015_08_26_Instance_160267" type="identity">
            <class id="CHEBI_SO_EXT:amino_acid" label="amino acid"/>
            <span end="7702" id="14723793-2378" start="7692">Amino acid</span>
        </annotation>
        <annotation annotator="Mike Bada, University of Colorado Anschutz Medical Campus" id="CHEBI_2015_08_26_Instance_160269" type="identity">
            <class id="CHEBI_SO_EXT:amino_acid" label="amino acid"/>
            <span end="7976" id="14723793-2380" start="7965">amino acids</span>
        </annotation>
        <annotation annotator="Mike Bada, University of Colorado Anschutz Medical Campus" id="CHEBI_2015_08_26_Instance_160271" type="identity">
            <class id="CHEBI_SO_EXT:amino_acid" label="amino acid"/>
            <span end="7991" id="14723793-2382" start="7980">amino acids</span>
        </annotation>
        <annotation annotator="Mike Bada, University of Colorado Anschutz Medical Campus" id="CHEBI_2015_08_26_Instance_300494" type="identity">
            <class id="CHEBI_PR_EXT:protein" label="protein"/>
            <span end="8038" id="14723793-2530" start="8030">proteins</span>
        </annotation>
        <annotation annotator="Mike Bada, University of Colorado Anschutz Medical Campus" id="CHEBI_2015_08_26_Instance_160273" type="identity">
            <class id="CHEBI_SO_EXT:amino_acid" label="amino acid"/>
            <span end="8079" id="14723793-2384" start="8068">amino acids</span>
        </annotation>
        <annotation annotator="Mike Bada, University of Colorado Anschutz Medical Campus" id="CHEBI_2015_08_26_Instance_160275" type="identity">
            <class id="CHEBI_SO_EXT:amino_acid" label="amino acid"/>
            <span end="8094" id="14723793-2386" start="8083">amino acids</span>
        </annotation>
        <annotation annotator="Mike Bada, University of Colorado Anschutz Medical Campus" id="CHEBI_2015_08_26_Instance_300496" type="identity">
            <class id="CHEBI_PR_EXT:protein" label="protein"/>
            <span end="8146" id="14723793-2532" start="8138">proteins</span>
        </annotation>
        <annotation annotator="Mike Bada, University of Colorado Anschutz Medical Campus" id="CHEBI_2015_08_26_Instance_160277" type="identity">
            <class id="CHEBI_SO_EXT:amino_acid" label="amino acid"/>
            <span end="8230" id="14723793-2388" start="8220">Amino acid</span>
        </annotation>
        <annotation annotator="Mike Bada, University of Colorado Anschutz Medical Campus" id="CHEBI_2015_08_26_Instance_300498" type="identity">
            <class id="CHEBI_PR_EXT:protein" label="protein"/>
            <span end="8327" id="14723793-2534" start="8320">protein</span>
        </annotation>
        <annotation annotator="Mike Bada, University of Colorado Anschutz Medical Campus" id="CHEBI_2015_08_26_Instance_300500" type="identity">
            <class id="CHEBI_PR_EXT:protein" label="protein"/>
            <span end="8388" id="14723793-2536" start="8381">protein</span>
        </annotation>
        <annotation annotator="Mike Bada, University of Colorado Anschutz Medical Campus" id="CHEBI_2015_08_26_Instance_300502" type="identity">
            <class id="CHEBI_PR_EXT:protein" label="protein"/>
            <span end="8464" id="14723793-2538" start="8457">protein</span>
        </annotation>
        <annotation annotator="Mike Bada, University of Colorado Anschutz Medical Campus" id="CHEBI_2015_08_26_Instance_300504" type="identity">
            <class id="CHEBI_PR_EXT:protein" label="protein"/>
            <span end="8651" id="14723793-2540" start="8644">protein</span>
        </annotation>
        <annotation annotator="Mike Bada, University of Colorado Anschutz Medical Campus" id="CHEBI_2015_08_26_Instance_300506" type="identity">
            <class id="CHEBI_PR_EXT:protein" label="protein"/>
            <span end="8737" id="14723793-2542" start="8730">protein</span>
        </annotation>
        <annotation annotator="Mike Bada, University of Colorado Anschutz Medical Campus" id="CHEBI_2015_08_26_Instance_160279" type="identity">
            <class id="CHEBI_EXT:magnesium" label="magnesium"/>
            <span end="8804" id="14723793-2390" start="8795">magnesium</span>
        </annotation>
        <annotation annotator="Mike Bada, University of Colorado Anschutz Medical Campus" id="CHEBI_2015_08_26_Instance_160281" type="identity">
            <class id="CHEBI_EXT:cobalt" label="cobalt"/>
            <span end="8815" id="14723793-2392" start="8809">cobalt</span>
        </annotation>
        <annotation annotator="Mike Bada, University of Colorado Anschutz Medical Campus" id="CHEBI_2015_08_26_Instance_300508" type="identity">
            <class id="CHEBI_PR_EXT:protein" label="protein"/>
            <span end="8830" id="14723793-2544" start="8823">protein</span>
        </annotation>
        <annotation annotator="Mike Bada, University of Colorado Anschutz Medical Campus" id="CHEBI_2015_08_26_Instance_300510" type="identity">
            <class id="CHEBI_PR_EXT:protein" label="protein"/>
            <span end="8893" id="14723793-2546" start="8886">protein</span>
        </annotation>
        <annotation annotator="Mike Bada, University of Colorado Anschutz Medical Campus" id="CHEBI_2015_08_26_Instance_300512" type="identity">
            <class id="CHEBI_PR_EXT:protein" label="protein"/>
            <span end="9008" id="14723793-2548" start="9000">proteins</span>
        </annotation>
        <annotation annotator="Mike Bada, University of Colorado Anschutz Medical Campus" id="CHEBI_2015_08_26_Instance_300514" type="identity">
            <class id="CHEBI_PR_EXT:protein" label="protein"/>
            <span end="9199" id="14723793-2550" start="9192">protein</span>
        </annotation>
        <annotation annotator="Mike Bada, University of Colorado Anschutz Medical Campus" id="CHEBI_2015_08_26_Instance_300516" type="identity">
            <class id="CHEBI_PR_EXT:protein" label="protein"/>
            <span end="9422" id="14723793-2552" start="9414">proteins</span>
        </annotation>
        <annotation annotator="Mike Bada, University of Colorado Anschutz Medical Campus" id="CHEBI_2015_08_26_Instance_300518" type="identity">
            <class id="CHEBI_PR_EXT:protein" label="protein"/>
            <span end="9526" id="14723793-2554" start="9519">protein</span>
        </annotation>
        <annotation annotator="" id="CHEBI_2015_08_26_backup_Instance_86" type="identity">
            <class id="CHEBI_SO_EXT:N_terminus_or_N_terminal_region" label="N-terminus or N-terminal region"/>
            <span end="9748" id="14723793-2252" start="9738">N-terminus</span>
        </annotation>
        <annotation annotator="Mike Bada, University of Colorado Anschutz Medical Campus" id="CHEBI_2015_08_26_Instance_300520" type="identity">
            <class id="CHEBI_PR_EXT:protein" label="protein"/>
            <span end="9764" id="14723793-2556" start="9756">proteins</span>
        </annotation>
        <annotation annotator="Mike Bada, University of Colorado Anschutz Medical Campus" id="CHEBI_2015_08_26_Instance_300522" type="identity">
            <class id="CHEBI_PR_EXT:protein" label="protein"/>
            <span end="9969" id="14723793-2558" start="9962">protein</span>
        </annotation>
        <annotation annotator="Mike Bada, University of Colorado Anschutz Medical Campus" id="CHEBI_2015_08_26_Instance_160283" type="identity">
            <class id="CHEBI_EXT:residue" label="residue"/>
            <span end="10250" id="14723793-2394" start="10243">residue</span>
        </annotation>
        <annotation annotator="Mike Bada, University of Colorado Anschutz Medical Campus" id="CHEBI_2015_08_26_Instance_160285" type="identity">
            <class id="CHEBI_SO_EXT:alanine" label="alanine"/>
            <span end="10374" id="14723793-2396" start="10367">Alanine</span>
        </annotation>
        <annotation annotator="Mike Bada, University of Colorado Anschutz Medical Campus" id="CHEBI_2015_08_26_Instance_160287" type="identity">
            <class id="CHEBI_SO_EXT:leucine" label="leucine"/>
            <span end="10415" id="14723793-2398" start="10408">Leucine</span>
        </annotation>
        <annotation annotator="Mike Bada, University of Colorado Anschutz Medical Campus" id="CHEBI_2015_08_26_Instance_160289" type="identity">
            <class id="CHEBI_SO_EXT:proline" label="proline"/>
            <span end="10505" id="14723793-2400" start="10498">Proline</span>
        </annotation>
        <annotation annotator="Mike Bada, University of Colorado Anschutz Medical Campus" id="CHEBI_2015_08_26_Instance_160291" type="identity">
            <class id="CHEBI_SO_EXT:glycine" label="glycine"/>
            <span end="10659" id="14723793-2402" start="10652">glycine</span>
        </annotation>
        <annotation annotator="Mike Bada, University of Colorado Anschutz Medical Campus" id="CHEBI_2015_08_26_Instance_160293" type="identity">
            <class id="CHEBI_SO_EXT:alanine" label="alanine"/>
            <span end="10738" id="14723793-2404" start="10731">alanine</span>
        </annotation>
        <annotation annotator="Mike Bada, University of Colorado Anschutz Medical Campus" id="CHEBI_2015_08_26_Instance_160295" type="identity">
            <class id="CHEBI_SO_EXT:leucine" label="leucine"/>
            <span end="10778" id="14723793-2406" start="10771">leucine</span>
        </annotation>
        <annotation annotator="Mike Bada, University of Colorado Anschutz Medical Campus" id="CHEBI_2015_08_26_Instance_160297" type="identity">
            <class id="CHEBI_SO_EXT:leucine" label="leucine"/>
            <span end="10826" id="14723793-2408" start="10819">leucine</span>
        </annotation>
        <annotation annotator="Mike Bada, University of Colorado Anschutz Medical Campus" id="CHEBI_2015_08_26_Instance_160299" type="identity">
            <class id="CHEBI_SO_EXT:peptide_or_peptide_region" label="peptide or peptide region"/>
            <span end="10988" id="14723793-2410" start="10980">Peptides</span>
        </annotation>
        <annotation annotator="" id="CHEBI_2015_08_26_backup_Instance_88" type="identity">
            <class id="CHEBI_SO_EXT:N_terminus_or_N_terminal_region" label="N-terminus or N-terminal region"/>
            <span end="11002" id="14723793-2254" start="11000">N-</span>
            <span end="11064" id="14723793-2255" start="11054">terminuses</span>
        </annotation>
        <annotation annotator="" id="CHEBI_2015_08_26_backup_Instance_90" type="identity">
            <class id="CHEBI_SO_EXT:C_terminus_or_C_terminal_region" label="C-terminus or C-terminal region"/>
            <span end="11036" id="14723793-2257" start="11034">C-</span>
            <span end="11064" id="14723793-2258" start="11054">terminuses</span>
        </annotation>
        <annotation annotator="Mike Bada, University of Colorado Anschutz Medical Campus" id="CHEBI_2015_08_26_Instance_160303" type="identity">
            <class id="CHEBI_SO_EXT:peptide_or_peptide_region" label="peptide or peptide region"/>
            <span end="11083" id="14723793-2412" start="11076">peptide</span>
        </annotation>
        <annotation annotator="Mike Bada, University of Colorado Anschutz Medical Campus" id="CHEBI_2015_08_26_Instance_160305" type="identity">
            <class id="CHEBI_EXT:59132" label="antigen"/>
            <span end="11203" id="14723793-2414" start="11194">antigenic</span>
        </annotation>
        <annotation annotator="Mike Bada, University of Colorado Anschutz Medical Campus" id="CHEBI_2015_08_26_Instance_160307" type="identity">
            <class id="CHEBI_SO_EXT:peptide_or_peptide_region" label="peptide or peptide region"/>
            <span end="11298" id="14723793-2416" start="11291">peptide</span>
        </annotation>
        <annotation annotator="" id="CHEBI_2015_08_26_backup_Instance_38" type="identity">
            <class id="CHEBI_SO_EXT:C_terminus_or_C_terminal_region" label="C-terminus or C-terminal region"/>
            <span end="11502" id="14723793-2237" start="11492">C-terminal</span>
        </annotation>
        <annotation annotator="Mike Bada, University of Colorado Anschutz Medical Campus" id="CHEBI_2015_08_26_Instance_160311" type="identity">
            <class id="CHEBI_SO_EXT:peptide_or_peptide_region" label="peptide or peptide region"/>
            <span end="11510" id="14723793-2418" start="11503">peptide</span>
        </annotation>
        <annotation annotator="" id="CHEBI_2015_08_26_backup_Instance_40" type="identity">
            <class id="CHEBI_SO_EXT:N_terminus_or_N_terminal_region" label="N-terminus or N-terminal region"/>
            <span end="11585" id="14723793-2239" start="11575">N-terminal</span>
        </annotation>
        <annotation annotator="Mike Bada, University of Colorado Anschutz Medical Campus" id="CHEBI_2015_08_26_Instance_160313" type="identity">
            <class id="CHEBI_SO_EXT:peptide_or_peptide_region" label="peptide or peptide region"/>
            <span end="11593" id="14723793-2420" start="11586">peptide</span>
        </annotation>
        <annotation annotator="Mike Bada, University of Colorado Anschutz Medical Campus" id="CHEBI_2015_08_26_Instance_160315" type="identity">
            <class id="CHEBI_SO_EXT:peptide_or_peptide_region" label="peptide or peptide region"/>
            <span end="11779" id="14723793-2422" start="11772">peptide</span>
        </annotation>
        <annotation annotator="Mike Bada, University of Colorado Anschutz Medical Campus" id="CHEBI_2015_08_26_Instance_300524" type="identity">
            <class id="CHEBI_PR_EXT:protein" label="protein"/>
            <span end="11806" id="14723793-2560" start="11798">proteins</span>
        </annotation>
        <annotation annotator="" id="CHEBI_2015_08_26_backup_Instance_92" type="identity">
            <class id="CHEBI_SO_EXT:C_terminus_or_C_terminal_region" label="C-terminus or C-terminal region"/>
            <span end="11907" id="14723793-2260" start="11897">C-terminus</span>
        </annotation>
        <annotation annotator="" id="CHEBI_2015_08_26_backup_Instance_94" type="identity">
            <class id="CHEBI_SO_EXT:C_terminus_or_C_terminal_region" label="C-terminus or C-terminal region"/>
            <span end="12443" id="14723793-2262" start="12433">C-terminus</span>
        </annotation>
        <annotation annotator="" id="CHEBI_2015_08_26_backup_Instance_96" type="identity">
            <class id="CHEBI_SO_EXT:C_terminus_or_C_terminal_region" label="C-terminus or C-terminal region"/>
            <span end="12516" id="14723793-2264" start="12506">C-terminus</span>
        </annotation>
        <annotation annotator="" id="CHEBI_2015_08_26_backup_Instance_98" type="identity">
            <class id="CHEBI_SO_EXT:C_terminus_or_C_terminal_region" label="C-terminus or C-terminal region"/>
            <span end="12934" id="14723793-2266" start="12924">C-terminus</span>
        </annotation>
        <annotation annotator="Mike Bada, University of Colorado Anschutz Medical Campus" id="CHEBI_2015_08_26_Instance_300526" type="identity">
            <class id="CHEBI_PR_EXT:protein" label="protein"/>
            <span end="13267" id="14723793-2562" start="13259">proteins</span>
        </annotation>
        <annotation annotator="Mike Bada, University of Colorado Anschutz Medical Campus" id="CHEBI_2015_08_26_Instance_300528" type="identity">
            <class id="CHEBI_PR_EXT:protein" label="protein"/>
            <span end="13325" id="14723793-2564" start="13317">proteins</span>
        </annotation>
        <annotation annotator="Mike Bada, University of Colorado Anschutz Medical Campus" id="CHEBI_2015_08_26_Instance_160329" type="identity">
            <class id="CHEBI_SO_EXT:peptide_or_peptide_region" label="peptide or peptide region"/>
            <span end="13501" id="14723793-2424" start="13494">peptide</span>
        </annotation>
        <annotation annotator="" id="CHEBI_2015_08_26_backup_Instance_42" type="identity">
            <class id="CHEBI_SO_EXT:N_terminus_or_N_terminal_region" label="N-terminus or N-terminal region"/>
            <span end="13685" id="14723793-2241" start="13675">N-terminal</span>
        </annotation>
        <annotation annotator="" id="CHEBI_2015_08_26_backup_Instance_44" type="identity">
            <class id="CHEBI_SO_EXT:C_terminus_or_C_terminal_region" label="C-terminus or C-terminal region"/>
            <span end="13700" id="14723793-2243" start="13690">C-terminal</span>
        </annotation>
        <annotation annotator="Mike Bada, University of Colorado Anschutz Medical Campus" id="CHEBI_2015_08_26_Instance_160333" type="identity">
            <class id="CHEBI_SO_EXT:peptide_or_peptide_region" label="peptide or peptide region"/>
            <span end="13709" id="14723793-2426" start="13701">peptides</span>
        </annotation>
        <annotation annotator="" id="CHEBI_2015_08_26_backup_Instance_100" type="identity">
            <class id="CHEBI_SO_EXT:C_terminus_or_C_terminal_region" label="C-terminus or C-terminal region"/>
            <span end="13856" id="14723793-2231" start="13846">C-terminus</span>
        </annotation>
        <annotation annotator="Mike Bada, University of Colorado Anschutz Medical Campus" id="CHEBI_2015_08_26_Instance_300530" type="identity">
            <class id="CHEBI_PR_EXT:protein" label="protein"/>
            <span end="14876" id="14723793-2566" start="14868">proteins</span>
        </annotation>
        <annotation annotator="Mike Bada, University of Colorado Anschutz Medical Campus" id="CHEBI_2015_08_26_Instance_160337" type="identity">
            <class id="CHEBI_SO_EXT:amino_acid" label="amino acid"/>
            <span end="14898" id="14723793-2428" start="14896">AA</span>
        </annotation>
        <annotation annotator="Mike Bada, University of Colorado Anschutz Medical Campus" id="CHEBI_2015_08_26_Instance_300532" type="identity">
            <class id="CHEBI_PR_EXT:protein" label="protein"/>
            <span end="14938" id="14723793-2568" start="14931">protein</span>
        </annotation>
        <annotation annotator="Mike Bada, University of Colorado Anschutz Medical Campus" id="CHEBI_2015_08_26_Instance_300534" type="identity">
            <class id="CHEBI_PR_EXT:protein" label="protein"/>
            <span end="14962" id="14723793-2570" start="14955">protein</span>
        </annotation>
        <annotation annotator="Mike Bada, University of Colorado Anschutz Medical Campus" id="CHEBI_2015_08_26_Instance_300536" type="identity">
            <class id="CHEBI_PR_EXT:protein" label="protein"/>
            <span end="15000" id="14723793-2572" start="14993">protein</span>
        </annotation>
        <annotation annotator="Mike Bada, University of Colorado Anschutz Medical Campus" id="CHEBI_2015_08_26_Instance_160339" type="identity">
            <class id="CHEBI_EXT:magnesium" label="magnesium"/>
            <span end="15055" id="14723793-2430" start="15046">magnesium</span>
        </annotation>
        <annotation annotator="Mike Bada, University of Colorado Anschutz Medical Campus" id="CHEBI_2015_08_26_Instance_160341" type="identity">
            <class id="CHEBI_EXT:cobalt" label="cobalt"/>
            <span end="15066" id="14723793-2432" start="15060">cobalt</span>
        </annotation>
        <annotation annotator="Mike Bada, University of Colorado Anschutz Medical Campus" id="CHEBI_2015_08_26_Instance_160343" type="identity">
            <class id="CHEBI_EXT:cobalt" label="cobalt"/>
            <span end="15131" id="14723793-2434" start="15125">cobalt</span>
        </annotation>
        <annotation annotator="Mike Bada, University of Colorado Anschutz Medical Campus" id="CHEBI_2015_08_26_Instance_300538" type="identity">
            <class id="CHEBI_PR_EXT:protein" label="protein"/>
            <span end="15194" id="14723793-2574" start="15187">protein</span>
        </annotation>
        <annotation annotator="Mike Bada, University of Colorado Anschutz Medical Campus" id="CHEBI_2015_08_26_Instance_160345" type="identity">
            <class id="CHEBI_EXT:magnesium" label="magnesium"/>
            <span end="15235" id="14723793-2436" start="15226">magnesium</span>
        </annotation>
        <annotation annotator="Mike Bada, University of Colorado Anschutz Medical Campus" id="CHEBI_2015_08_26_Instance_160347" type="identity">
            <class id="CHEBI_EXT:cobalt" label="cobalt"/>
            <span end="15246" id="14723793-2438" start="15240">cobalt</span>
        </annotation>
        <annotation annotator="Mike Bada, University of Colorado Anschutz Medical Campus" id="CHEBI_2015_08_26_Instance_160349" type="identity">
            <class id="CHEBI_EXT:copper" label="copper"/>
            <span end="15300" id="14723793-2440" start="15294">copper</span>
        </annotation>
        <annotation annotator="Mike Bada, University of Colorado Anschutz Medical Campus" id="CHEBI_2015_08_26_Instance_300540" type="identity">
            <class id="CHEBI_PR_EXT:protein" label="protein"/>
            <span end="15324" id="14723793-2576" start="15316">proteins</span>
        </annotation>
        <annotation annotator="Mike Bada, University of Colorado Anschutz Medical Campus" id="CHEBI_2015_08_26_Instance_300542" type="identity">
            <class id="CHEBI_PR_EXT:protein" label="protein"/>
            <span end="15406" id="14723793-2578" start="15398">proteins</span>
        </annotation>
        <annotation annotator="Mike Bada, University of Colorado Anschutz Medical Campus" id="CHEBI_2015_08_26_Instance_300544" type="identity">
            <class id="CHEBI_PR_EXT:protein" label="protein"/>
            <span end="15538" id="14723793-2580" start="15530">proteins</span>
        </annotation>
        <annotation annotator="Mike Bada, University of Colorado Anschutz Medical Campus" id="CHEBI_2015_08_26_Instance_15009" type="identity">
            <class id="CHEBI:24870" label="ion"/>
            <span end="15571" id="14723793-2268" start="15568">ion</span>
        </annotation>
        <annotation annotator="" id="CHEBI_2015_08_26_backup_Instance_46" type="identity">
            <class id="CHEBI_SO_EXT:C_terminus_or_C_terminal_region" label="C-terminus or C-terminal region"/>
            <span end="15660" id="14723793-2245" start="15650">C-terminal</span>
        </annotation>
        <annotation annotator="Mike Bada, University of Colorado Anschutz Medical Campus" id="CHEBI_2015_08_26_Instance_160353" type="identity">
            <class id="CHEBI_SO_EXT:peptide_or_peptide_region" label="peptide or peptide region"/>
            <span end="15668" id="14723793-2442" start="15661">peptide</span>
        </annotation>
        <annotation annotator="Mike Bada, University of Colorado Anschutz Medical Campus" id="CHEBI_2015_08_26_Instance_300546" type="identity">
            <class id="CHEBI_PR_EXT:protein" label="protein"/>
            <span end="15820" id="14723793-2582" start="15812">proteins</span>
        </annotation>
        <annotation annotator="" id="CHEBI_2015_08_26_backup_Instance_102" type="identity">
            <class id="CHEBI_SO_EXT:C_terminus_or_C_terminal_region" label="C-terminus or C-terminal region"/>
            <span end="16109" id="14723793-2233" start="16099">C-terminus</span>
        </annotation>
        <annotation annotator="Mike Bada, University of Colorado Anschutz Medical Campus" id="CHEBI_2015_08_26_Instance_15011" type="identity">
            <class id="CHEBI:24870" label="ion"/>
            <span end="16320" id="14723793-2270" start="16317">ion</span>
        </annotation>
        <annotation annotator="Mike Bada, University of Colorado Anschutz Medical Campus" id="CHEBI_2015_08_26_Instance_300548" type="identity">
            <class id="CHEBI_PR_EXT:protein" label="protein"/>
            <span end="16455" id="14723793-2584" start="16447">proteins</span>
        </annotation>
        <annotation annotator="Mike Bada, University of Colorado Anschutz Medical Campus" id="CHEBI_2015_08_26_Instance_330006" type="identity">
            <class id="CHEBI_EXT:polyatomic_entity_or_group" label="polyatomic entity or group"/>
            <span end="16916" id="14723793-2596" start="16907">Molecular</span>
        </annotation>
        <annotation annotator="Mike Bada, University of Colorado Anschutz Medical Campus" id="CHEBI_2015_08_26_Instance_160357" type="identity">
            <class id="CHEBI_SO_EXT:DNA" label="DNA"/>
            <span end="17127" id="14723793-2444" start="17124">DNA</span>
        </annotation>
        <annotation annotator="Mike Bada, University of Colorado Anschutz Medical Campus" id="CHEBI_2015_08_26_Instance_160359" type="identity">
            <class id="CHEBI_SO_EXT:amino_acid" label="amino acid"/>
            <span end="17142" id="14723793-2446" start="17132">amino acid</span>
        </annotation>
        <annotation annotator="Mike Bada, University of Colorado Anschutz Medical Campus" id="CHEBI_2015_08_26_Instance_300550" type="identity">
            <class id="CHEBI_PR_EXT:protein" label="protein"/>
            <span end="17419" id="14723793-2586" start="17411">proteins</span>
        </annotation>
        <annotation annotator="" id="CHEBI_2015_08_26_backup_Instance_104" type="identity">
            <class id="CHEBI_SO_EXT:C_terminus_or_C_terminal_region" label="C-terminus or C-terminal region"/>
            <span end="17441" id="14723793-2235" start="17431">C-terminus</span>
        </annotation>
        <annotation annotator="Mike Bada, University of Colorado Anschutz Medical Campus" id="CHEBI_2015_08_26_Instance_160365" type="identity">
            <class id="CHEBI_SO_EXT:amino_acid" label="amino acid"/>
            <span end="17913" id="14723793-2450" start="17911">AA</span>
        </annotation>
        <annotation annotator="Mike Bada, University of Colorado Anschutz Medical Campus" id="CHEBI_2015_08_26_Instance_160363" type="identity">
            <class id="CHEBI_SO_EXT:molecular_indicator_or_label_or_marker_or_tag" label="molecular indicator/label/marker/tag"/>
            <span end="17982" id="14723793-2448" start="17975">markers</span>
        </annotation>
        <annotation annotator="Mike Bada, University of Colorado Anschutz Medical Campus" id="CHEBI_2015_08_26_Instance_160367" type="identity">
            <class id="CHEBI_SO_EXT:molecular_indicator_or_label_or_marker_or_tag" label="molecular indicator/label/marker/tag"/>
            <span end="18151" id="14723793-2452" start="18145">marker</span>
        </annotation>
        <annotation annotator="Mike Bada, University of Colorado Anschutz Medical Campus" id="CHEBI_2015_08_26_Instance_15013" type="identity">
            <class id="CHEBI:2511" label="agarose"/>
            <span end="18551" id="14723793-2272" start="18544">agarose</span>
        </annotation>
        <annotation annotator="Mike Bada, University of Colorado Anschutz Medical Campus" id="CHEBI_2015_08_26_Instance_160369" type="identity">
            <class id="CHEBI_SO_EXT:DNA" label="DNA"/>
            <span end="18862" id="14723793-2454" start="18859">DNA</span>
        </annotation>
        <annotation annotator="Mike Bada, University of Colorado Anschutz Medical Campus" id="CHEBI_2015_08_26_Instance_380304" type="identity">
            <class id="CHEBI_SO_EXT:molecular_label_or_mark_or_tag_process" label="molecular label/mark/tag process"/>
            <span end="19137" id="14723793-2614" start="19130">labeled</span>
        </annotation>
        <annotation annotator="Mike Bada, University of Colorado Anschutz Medical Campus" id="CHEBI_2015_08_26_Instance_15015" type="identity">
            <class id="CHEBI:37972" label="phosphorus-32 atom"/>
            <span end="19148" id="14723793-2274" start="19145">32P</span>
        </annotation>
        <annotation annotator="Mike Bada, University of Colorado Anschutz Medical Campus" id="CHEBI_2015_08_26_Instance_160371" type="identity">
            <class id="CHEBI_EXT:dCTP" label="dCTP"/>
            <span end="19153" id="14723793-2456" start="19149">dCTP</span>
        </annotation>
        <annotation annotator="Mike Bada, University of Colorado Anschutz Medical Campus" id="CHEBI_2015_08_26_Instance_160373" type="identity">
            <class id="CHEBI_CHMO_EXT:buffer_solution" label="buffer solution"/>
            <span end="19308" id="14723793-2458" start="19302">buffer</span>
        </annotation>
        <annotation annotator="Mike Bada, University of Colorado Anschutz Medical Campus" id="CHEBI_2015_08_26_Instance_340344" type="identity">
            <class id="CHEBI_EXT:saline_sodium_citrate" label="saline sodium citrate"/>
            <span end="19317" id="14723793-2606" start="19314">SSC</span>
        </annotation>
        <annotation annotator="Mike Bada, University of Colorado Anschutz Medical Campus" id="CHEBI_2015_08_26_Instance_15017" type="identity">
            <class id="CHEBI:8984" label="sodium dodecyl sulfate"/>
            <span end="19327" id="14723793-2276" start="19324">SDS</span>
        </annotation>
        <annotation annotator="Mike Bada, University of Colorado Anschutz Medical Campus" id="CHEBI_2015_08_26_Instance_160375" type="identity">
            <class id="CHEBI_CHMO_EXT:buffer_solution" label="buffer solution"/>
            <span end="19390" id="14723793-2460" start="19384">buffer</span>
        </annotation>
        <annotation annotator="Mike Bada, University of Colorado Anschutz Medical Campus" id="CHEBI_2015_08_26_Instance_340346" type="identity">
            <class id="CHEBI_EXT:saline_sodium_citrate" label="saline sodium citrate"/>
            <span end="19403" id="14723793-2608" start="19400">SSC</span>
        </annotation>
        <annotation annotator="Mike Bada, University of Colorado Anschutz Medical Campus" id="CHEBI_2015_08_26_Instance_15019" type="identity">
            <class id="CHEBI:8984" label="sodium dodecyl sulfate"/>
            <span end="19413" id="14723793-2278" start="19410">SDS</span>
        </annotation>
        <annotation annotator="Mike Bada, University of Colorado Anschutz Medical Campus" id="CHEBI_2015_08_26_Instance_160377" type="identity">
            <class id="CHEBI_SO_EXT:peptide_or_peptide_region" label="peptide or peptide region"/>
            <span end="19565" id="14723793-2462" start="19557">Peptides</span>
        </annotation>
        <annotation annotator="" id="CHEBI_2015_08_26_backup_Instance_48" type="identity">
            <class id="CHEBI_SO_EXT:N_terminus_or_N_terminal_region" label="N-terminus or N-terminal region"/>
            <span end="19621" id="14723793-2247" start="19619">N-</span>
            <span end="19637" id="14723793-2248" start="19628">terminals</span>
        </annotation>
        <annotation annotator="" id="CHEBI_2015_08_26_backup_Instance_50" type="identity">
            <class id="CHEBI_SO_EXT:C_terminus_or_C_terminal_region" label="C-terminus or C-terminal region"/>
            <span end="19637" id="14723793-2250" start="19626">C-terminals</span>
        </annotation>
        <annotation annotator="Mike Bada, University of Colorado Anschutz Medical Campus" id="CHEBI_2015_08_26_Instance_300552" type="identity">
            <class id="CHEBI_PR_EXT:protein" label="protein"/>
            <span end="20493" id="14723793-2588" start="20486">Protein</span>
        </annotation>
        <annotation annotator="Mike Bada, University of Colorado Anschutz Medical Campus" id="CHEBI_2015_08_26_Instance_160383" type="identity">
            <class id="CHEBI_SO_EXT:DNA" label="DNA"/>
            <span end="20501" id="14723793-2464" start="20498">DNA</span>
        </annotation>
        <annotation annotator="Mike Bada, University of Colorado Anschutz Medical Campus" id="CHEBI_2015_08_26_Instance_300554" type="identity">
            <class id="CHEBI_PR_EXT:protein" label="protein"/>
            <span end="20846" id="14723793-2590" start="20839">protein</span>
        </annotation>
        <annotation annotator="Mike Bada, University of Colorado Anschutz Medical Campus" id="CHEBI_2015_08_26_Instance_15021" type="identity">
            <class id="CHEBI:16526" label="carbon dioxide"/>
            <span end="21618" id="14723793-2280" start="21615">CO2</span>
        </annotation>
        <annotation annotator="Mike Bada, University of Colorado Anschutz Medical Campus" id="CHEBI_2015_08_26_Instance_15023" type="identity">
            <class id="CHEBI:16526" label="carbon dioxide"/>
            <span end="21755" id="14723793-2282" start="21752">CO2</span>
        </annotation>
        <annotation annotator="Mike Bada, University of Colorado Anschutz Medical Campus" id="CHEBI_2015_08_26_Instance_15025" type="identity">
            <class id="CHEBI:28680" label="cytarabine"/>
            <span end="21826" id="14723793-2284" start="21806">cytosine arabinoside</span>
        </annotation>
        <annotation annotator="Mike Bada, University of Colorado Anschutz Medical Campus" id="CHEBI_2015_08_26_Instance_160385" type="identity">
            <class id="CHEBI_EXT:paraformaldehye" label="paraformaldehyde"/>
            <span end="22082" id="14723793-2466" start="22066">paraformaldehyde</span>
        </annotation>
        <annotation annotator="Mike Bada, University of Colorado Anschutz Medical Campus" id="CHEBI_2015_08_26_Instance_160387" type="identity">
            <class id="CHEBI_EXT:paraformaldehye" label="paraformaldehyde"/>
            <span end="22087" id="14723793-2468" start="22084">PFA</span>
        </annotation>
        <annotation annotator="Mike Bada, University of Colorado Anschutz Medical Campus" id="CHEBI_2015_08_26_Instance_160389" type="identity">
            <class id="CHEBI:75958" label="solution"/>
            <span end="22139" id="14723793-2470" start="22131">solution</span>
        </annotation>
        <annotation annotator="Mike Bada, University of Colorado Anschutz Medical Campus" id="CHEBI_2015_08_26_Instance_160391" type="identity">
            <class id="CHEBI_EXT:paraformaldehye" label="paraformaldehyde"/>
            <span end="22157" id="14723793-2472" start="22154">PFA</span>
        </annotation>
        <annotation annotator="Mike Bada, University of Colorado Anschutz Medical Campus" id="CHEBI_2015_08_26_Instance_160393" type="identity">
            <class id="CHEBI:9750" label="Triton X-100"/>
            <span end="22179" id="14723793-2474" start="22167">Triton X-100</span>
        </annotation>
        <annotation annotator="Mike Bada, University of Colorado Anschutz Medical Campus" id="CHEBI_2015_08_26_Instance_160395" type="identity">
            <class id="CHEBI:75958" label="solution"/>
            <span end="22282" id="14723793-2476" start="22274">solution</span>
        </annotation>
        <annotation annotator="Mike Bada, University of Colorado Anschutz Medical Campus" id="CHEBI_2015_08_26_Instance_160405" type="identity">
            <class id="CHEBI:75958" label="solution"/>
            <span end="22471" id="14723793-2486" start="22463">solution</span>
        </annotation>
        <annotation annotator="Mike Bada, University of Colorado Anschutz Medical Campus" id="CHEBI_2015_08_26_Instance_160397" type="identity">
            <class id="CHEBI:52661" label="Alexa Fluor 488"/>
            <span end="22514" id="14723793-2478" start="22506">Alex 488</span>
        </annotation>
        <annotation annotator="Mike Bada, University of Colorado Anschutz Medical Campus" id="CHEBI_2015_08_26_Instance_160399" type="identity">
            <class id="CHEBI:75958" label="solution"/>
            <span end="22581" id="14723793-2480" start="22573">solution</span>
        </annotation>
        <annotation annotator="Mike Bada, University of Colorado Anschutz Medical Campus" id="CHEBI_2015_08_26_Instance_330008" type="identity">
            <class id="CHEBI_EXT:polyatomic_entity_or_group" label="polyatomic entity or group"/>
            <span end="22592" id="14723793-2598" start="22583">Molecular</span>
        </annotation>
        <annotation annotator="Mike Bada, University of Colorado Anschutz Medical Campus" id="CHEBI_2015_08_26_Instance_160401" type="identity">
            <class id="CHEBI_SO_EXT:molecular_probe" label="molecular probe"/>
            <span end="22599" id="14723793-2482" start="22593">Probes</span>
        </annotation>
        <annotation annotator="Mike Bada, University of Colorado Anschutz Medical Campus" id="CHEBI_2015_08_26_Instance_160403" type="identity">
            <class id="CHEBI:75958" label="solution"/>
            <span end="22686" id="14723793-2484" start="22678">solution</span>
        </annotation>
        <annotation annotator="Mike Bada, University of Colorado Anschutz Medical Campus" id="CHEBI_2015_08_26_Instance_15027" type="identity">
            <class id="CHEBI:17754" label="glycerol"/>
            <span end="22759" id="14723793-2286" start="22751">glycerol</span>
        </annotation>
        <annotation annotator="Mike Bada, University of Colorado Anschutz Medical Campus" id="CHEBI_2015_08_26_Instance_330010" type="identity">
            <class id="CHEBI_EXT:polyatomic_entity_or_group" label="polyatomic entity or group"/>
            <span end="23332" id="14723793-2600" start="23323">molecular</span>
        </annotation>
        <graph-space id="Old Knowtator Relations"/>
    </document>
</knowtator-project>
