<?xml version="1.0" encoding="UTF-8" standalone="no"?>
<knowtator-project>
  <document id="15005800" text-file="15005800.txt">
    <annotation annotator="Mike Bada, University of Colorado Anschutz Medical Campus" id="CHEBI_2015_08_26_Instance_16367" type="identity">
      <class id="CHEBI:15440" label="squalene"/>
      <span end="127" id="15005800-3157" start="119">squalene</span>
    </annotation>
    <annotation annotator="Mike Bada, University of Colorado Anschutz Medical Campus" id="CHEBI_2015_08_26_Instance_15261" type="identity">
      <class id="CHEBI:16113" label="cholesterol"/>
      <span end="139" id="15005800-2955" start="128">cholesterol</span>
    </annotation>
    <annotation annotator="Mike Bada, University of Colorado Anschutz Medical Campus" id="CHEBI_2015_08_26_Instance_331194" type="identity">
      <class id="CHEBI_EXT:biochemical" label="biochemical"/>
      <span end="410" id="15005800-3343" start="399">biochemical</span>
    </annotation>
    <annotation annotator="Mike Bada, University of Colorado Anschutz Medical Campus" id="CHEBI_2015_08_26_Instance_15263" type="identity">
      <class id="CHEBI:16113" label="cholesterol"/>
      <span end="616" id="15005800-2957" start="605">cholesterol</span>
    </annotation>
    <annotation annotator="Mike Bada, University of Colorado Anschutz Medical Campus" id="CHEBI_2015_08_26_Instance_15241" type="identity">
      <class id="CHEBI_EXT:35195" label="surfactant"/>
      <span end="1377" id="15005800-2935" start="1367">surfactant</span>
    </annotation>
    <annotation annotator="Mike Bada, University of Colorado Anschutz Medical Campus" id="CHEBI_2015_08_26_Instance_300564" type="identity">
      <class id="CHEBI_PR_EXT:protein" label="protein"/>
      <span end="1385" id="15005800-3289" start="1378">protein</span>
    </annotation>
    <annotation annotator="Mike Bada, University of Colorado Anschutz Medical Campus" id="CHEBI_2015_08_26_Instance_170109" type="identity">
      <class id="CHEBI_SO_EXT:mRNA" label="mRNA"/>
      <span end="1396" id="15005800-3171" start="1391">mRNAs</span>
    </annotation>
    <annotation annotator="Mike Bada, University of Colorado Anschutz Medical Campus" id="CHEBI_2015_08_26_Instance_15265" type="identity">
      <class id="CHEBI:16113" label="cholesterol"/>
      <span end="1457" id="15005800-2959" start="1446">cholesterol</span>
    </annotation>
    <annotation annotator="Mike Bada, University of Colorado Anschutz Medical Campus" id="CHEBI_2015_08_26_Instance_15267" type="identity">
      <class id="CHEBI:16113" label="cholesterol"/>
      <span end="1541" id="15005800-2961" start="1530">cholesterol</span>
    </annotation>
    <annotation annotator="Mike Bada, University of Colorado Anschutz Medical Campus" id="CHEBI_2015_08_26_Instance_15269" type="identity">
      <class id="CHEBI:16113" label="cholesterol"/>
      <span end="1855" id="15005800-2963" start="1844">cholesterol</span>
    </annotation>
    <annotation annotator="Mike Bada, University of Colorado Anschutz Medical Campus" id="CHEBI_2015_08_26_Instance_330016" type="identity">
      <class id="CHEBI_EXT:polyatomic_entity_or_group" label="polyatomic entity or group"/>
      <span end="2128" id="15005800-3337" start="2119">molecular</span>
    </annotation>
    <annotation annotator="Mike Bada, University of Colorado Anschutz Medical Campus" id="CHEBI_2015_08_26_Instance_15215" type="identity">
      <class id="CHEBI:15889" label="sterol"/>
      <span end="2190" id="15005800-2933" start="2184">sterol</span>
    </annotation>
    <annotation annotator="Mike Bada, University of Colorado Anschutz Medical Campus" id="CHEBI_2015_08_26_Instance_15271" type="identity">
      <class id="CHEBI:16113" label="cholesterol"/>
      <span end="2371" id="15005800-2965" start="2360">Cholesterol</span>
    </annotation>
    <annotation annotator="Mike Bada, University of Colorado Anschutz Medical Campus" id="CHEBI_2015_08_26_Instance_15273" type="identity">
      <class id="CHEBI:16113" label="cholesterol"/>
      <span end="2577" id="15005800-2967" start="2566">cholesterol</span>
    </annotation>
    <annotation annotator="Mike Bada, University of Colorado Anschutz Medical Campus" id="CHEBI_2015_08_26_Instance_15377" type="identity">
      <class id="CHEBI:15889" label="sterol"/>
      <span end="2590" id="15005800-3069" start="2583">sterols</span>
    </annotation>
    <annotation annotator="Mike Bada, University of Colorado Anschutz Medical Campus" id="CHEBI_2015_08_26_Instance_16099" type="identity">
      <class id="CHEBI:26125" label="phytosterols"/>
      <span end="2604" id="15005800-3151" start="2592">phytosterols</span>
    </annotation>
    <annotation annotator="Mike Bada, University of Colorado Anschutz Medical Campus" id="CHEBI_2015_08_26_Instance_15379" type="identity">
      <class id="CHEBI:16933" label="ergosterol"/>
      <span end="2616" id="15005800-3071" start="2606">ergosterol</span>
    </annotation>
    <annotation annotator="Mike Bada, University of Colorado Anschutz Medical Campus" id="CHEBI_2015_08_26_Instance_15275" type="identity">
      <class id="CHEBI:16113" label="cholesterol"/>
      <span end="2657" id="15005800-2969" start="2646">cholesterol</span>
    </annotation>
    <annotation annotator="Mike Bada, University of Colorado Anschutz Medical Campus" id="CHEBI_2015_08_26_Instance_15381" type="identity">
      <class id="CHEBI:15889" label="sterol"/>
      <span end="2687" id="15005800-3073" start="2680">sterols</span>
    </annotation>
    <annotation annotator="Mike Bada, University of Colorado Anschutz Medical Campus" id="CHEBI_2015_08_26_Instance_290040" type="identity">
      <class id="CHEBI_GO_EXT:biological_process_or_quality_or_role" label="biological process, quality or role"/>
      <span end="2701" id="15005800-3285" start="2691">biological</span>
    </annotation>
    <annotation annotator="Mike Bada, University of Colorado Anschutz Medical Campus" id="CHEBI_2015_08_26_Instance_15277" type="identity">
      <class id="CHEBI:16113" label="cholesterol"/>
      <span end="2886" id="15005800-2971" start="2875">cholesterol</span>
    </annotation>
    <annotation annotator="Mike Bada, University of Colorado Anschutz Medical Campus" id="CHEBI_2015_08_26_Instance_15279" type="identity">
      <class id="CHEBI:16113" label="cholesterol"/>
      <span end="2964" id="15005800-2973" start="2953">cholesterol</span>
    </annotation>
    <annotation annotator="Mike Bada, University of Colorado Anschutz Medical Campus" id="CHEBI_2015_08_26_Instance_15281" type="identity">
      <class id="CHEBI:16113" label="cholesterol"/>
      <span end="3007" id="15005800-2975" start="2996">cholesterol</span>
    </annotation>
    <annotation annotator="Mike Bada, University of Colorado Anschutz Medical Campus" id="CHEBI_2015_08_26_Instance_170111" type="identity">
      <class id="CHEBI:17759" label="cholesta-5,7-dien-3beta-ol"/>
      <span end="3249" id="15005800-3173" start="3229">7-dehydrocholesterol</span>
    </annotation>
    <annotation annotator="Mike Bada, University of Colorado Anschutz Medical Campus" id="CHEBI_2015_08_26_Instance_15283" type="identity">
      <class id="CHEBI:16113" label="cholesterol"/>
      <span end="3304" id="15005800-2977" start="3293">cholesterol</span>
    </annotation>
    <annotation annotator="Mike Bada, University of Colorado Anschutz Medical Campus" id="CHEBI_2015_08_26_Instance_16369" type="identity">
      <class id="CHEBI:15440" label="squalene"/>
      <span end="3402" id="15005800-3159" start="3394">squalene</span>
    </annotation>
    <annotation annotator="Mike Bada, University of Colorado Anschutz Medical Campus" id="CHEBI_2015_08_26_Instance_15285" type="identity">
      <class id="CHEBI:16113" label="cholesterol"/>
      <span end="3414" id="15005800-2979" start="3403">cholesterol</span>
    </annotation>
    <annotation annotator="Mike Bada, University of Colorado Anschutz Medical Campus" id="CHEBI_2015_08_26_Instance_15287" type="identity">
      <class id="CHEBI:16113" label="cholesterol"/>
      <span end="3725" id="15005800-2981" start="3714">cholesterol</span>
    </annotation>
    <annotation annotator="Mike Bada, University of Colorado Anschutz Medical Campus" id="CHEBI_2015_08_26_Instance_15289" type="identity">
      <class id="CHEBI:16113" label="cholesterol"/>
      <span end="3776" id="15005800-2983" start="3765">cholesterol</span>
    </annotation>
    <annotation annotator="Mike Bada, University of Colorado Anschutz Medical Campus" id="CHEBI_2015_08_26_Instance_170113" type="identity">
      <class id="CHEBI:17759" label="cholesta-5,7-dien-3beta-ol"/>
      <span end="3807" id="15005800-3175" start="3787">7-dehydrocholesterol</span>
    </annotation>
    <annotation annotator="Mike Bada, University of Colorado Anschutz Medical Campus" id="CHEBI_2015_08_26_Instance_170115" type="identity">
      <class id="CHEBI:17759" label="cholesta-5,7-dien-3beta-ol"/>
      <span end="3813" id="15005800-3177" start="3809">7DHC</span>
    </annotation>
    <annotation annotator="Mike Bada, University of Colorado Anschutz Medical Campus" id="CHEBI_2015_08_26_Instance_331196" type="identity">
      <class id="CHEBI_EXT:biochemical" label="biochemical"/>
      <span end="4094" id="15005800-3345" start="4083">biochemical</span>
    </annotation>
    <annotation annotator="Mike Bada, University of Colorado Anschutz Medical Campus" id="CHEBI_2015_08_26_Instance_331198" type="identity">
      <class id="CHEBI_EXT:biochemical" label="biochemical"/>
      <span end="5240" id="15005800-3347" start="5229">biochemical</span>
    </annotation>
    <annotation annotator="Mike Bada, University of Colorado Anschutz Medical Campus" id="CHEBI_2015_08_26_Instance_15291" type="identity">
      <class id="CHEBI:16113" label="cholesterol"/>
      <span end="5640" id="15005800-2985" start="5629">cholesterol</span>
    </annotation>
    <annotation annotator="Mike Bada, University of Colorado Anschutz Medical Campus" id="CHEBI_2015_08_26_Instance_15293" type="identity">
      <class id="CHEBI:16113" label="cholesterol"/>
      <span end="6356" id="15005800-2987" start="6345">cholesterol</span>
    </annotation>
    <annotation annotator="Mike Bada, University of Colorado Anschutz Medical Campus" id="CHEBI_2015_08_26_Instance_331200" type="identity">
      <class id="CHEBI_EXT:chemical_substance_or_polyatomic_entity" label="chemical substance or polyatomic entity"/>
      <span end="6381" id="15005800-3349" start="6373">chemical</span>
    </annotation>
    <annotation annotator="Mike Bada, University of Colorado Anschutz Medical Campus" id="CHEBI_2015_08_26_Instance_15383" type="identity">
      <class id="CHEBI_EXT:35222" label="inhibitor"/>
      <span end="6392" id="15005800-3075" start="6382">inhibitors</span>
    </annotation>
    <annotation annotator="Mike Bada, University of Colorado Anschutz Medical Campus" id="CHEBI_2015_08_26_Instance_15385" type="identity">
      <class id="CHEBI:15889" label="sterol"/>
      <span end="6503" id="15005800-3077" start="6497">sterol</span>
    </annotation>
    <annotation annotator="Mike Bada, University of Colorado Anschutz Medical Campus" id="CHEBI_2015_08_26_Instance_15295" type="identity">
      <class id="CHEBI:16113" label="cholesterol"/>
      <span end="6738" id="15005800-2989" start="6727">cholesterol</span>
    </annotation>
    <annotation annotator="Mike Bada, University of Colorado Anschutz Medical Campus" id="CHEBI_2015_08_26_Instance_15297" type="identity">
      <class id="CHEBI:16113" label="cholesterol"/>
      <span end="7166" id="15005800-2991" start="7155">cholesterol</span>
    </annotation>
    <annotation annotator="Mike Bada, University of Colorado Anschutz Medical Campus" id="CHEBI_2015_08_26_Instance_170117" type="identity">
      <class id="CHEBI:51686" label="haematoxylin"/>
      <span end="13497" id="15005800-3179" start="13496">H</span>
    </annotation>
    <annotation annotator="Mike Bada, University of Colorado Anschutz Medical Campus" id="CHEBI_2015_08_26_Instance_170119" type="identity">
      <class id="CHEBI_EXT:eosin" label="eosin"/>
      <span end="13503" id="15005800-3181" start="13502">E</span>
    </annotation>
    <annotation annotator="Mike Bada, University of Colorado Anschutz Medical Campus" id="CHEBI_2015_08_26_Instance_15299" type="identity">
      <class id="CHEBI:16113" label="cholesterol"/>
      <span end="14963" id="15005800-2993" start="14952">cholesterol</span>
    </annotation>
    <annotation annotator="Mike Bada, University of Colorado Anschutz Medical Campus" id="CHEBI_2015_08_26_Instance_170121" type="identity">
      <class id="CHEBI:472552" label="5-bromo-2'-deoxyuridine"/>
      <span end="15120" id="15005800-3183" start="15116">BrdU</span>
    </annotation>
    <annotation annotator="Mike Bada, University of Colorado Anschutz Medical Campus" id="CHEBI_2015_08_26_Instance_170123" type="identity">
      <class id="CHEBI:472552" label="5-bromo-2'-deoxyuridine"/>
      <span end="15154" id="15005800-3185" start="15150">BrdU</span>
    </annotation>
    <annotation annotator="Mike Bada, University of Colorado Anschutz Medical Campus" id="CHEBI_2015_08_26_Instance_170125" type="identity">
      <class id="CHEBI:472552" label="5-bromo-2'-deoxyuridine"/>
      <span end="15334" id="15005800-3187" start="15330">BrdU</span>
    </annotation>
    <annotation annotator="Mike Bada, University of Colorado Anschutz Medical Campus" id="CHEBI_2015_08_26_Instance_380308" type="identity">
      <class id="CHEBI_SO_EXT:molecular_label_or_mark_or_tag_process" label="molecular label/mark/tag process"/>
      <span end="15343" id="15005800-3355" start="15335">labeling</span>
    </annotation>
    <annotation annotator="Mike Bada, University of Colorado Anschutz Medical Campus" id="CHEBI_2015_08_26_Instance_380310" type="identity">
      <class id="CHEBI_SO_EXT:molecular_label_or_mark_or_tag_process" label="molecular label/mark/tag process"/>
      <span end="15485" id="15005800-3357" start="15477">labeling</span>
    </annotation>
    <annotation annotator="Mike Bada, University of Colorado Anschutz Medical Campus" id="CHEBI_2015_08_26_Instance_170127" type="identity">
      <class id="CHEBI_SO_EXT:molecular_indicator_or_label_or_marker_or_tag" label="molecular indicator/label/marker/tag"/>
      <span end="15600" id="15005800-3189" start="15594">marker</span>
    </annotation>
    <annotation annotator="Mike Bada, University of Colorado Anschutz Medical Campus" id="CHEBI_2015_08_26_Instance_170129" type="identity">
      <class id="CHEBI:472552" label="5-bromo-2'-deoxyuridine"/>
      <span end="16205" id="15005800-3191" start="16201">BrdU</span>
    </annotation>
    <annotation annotator="Mike Bada, University of Colorado Anschutz Medical Campus" id="CHEBI_2015_08_26_Instance_170131" type="identity">
      <class id="CHEBI:472552" label="5-bromo-2'-deoxyuridine"/>
      <span end="16417" id="15005800-3193" start="16413">BrdU</span>
    </annotation>
    <annotation annotator="Mike Bada, University of Colorado Anschutz Medical Campus" id="CHEBI_2015_08_26_Instance_380312" type="identity">
      <class id="CHEBI_SO_EXT:molecular_label_or_mark_or_tag_process" label="molecular label/mark/tag process"/>
      <span end="16425" id="15005800-3359" start="16418">labeled</span>
    </annotation>
    <annotation annotator="Mike Bada, University of Colorado Anschutz Medical Campus" id="CHEBI_2015_08_26_Instance_170133" type="identity">
      <class id="CHEBI:472552" label="5-bromo-2'-deoxyuridine"/>
      <span end="16541" id="15005800-3195" start="16537">BrdU</span>
    </annotation>
    <annotation annotator="Mike Bada, University of Colorado Anschutz Medical Campus" id="CHEBI_2015_08_26_Instance_170135" type="identity">
      <class id="CHEBI:472552" label="5-bromo-2'-deoxyuridine"/>
      <span end="16682" id="15005800-3197" start="16678">BrdU</span>
    </annotation>
    <annotation annotator="Mike Bada, University of Colorado Anschutz Medical Campus" id="CHEBI_2015_08_26_Instance_380314" type="identity">
      <class id="CHEBI_SO_EXT:molecular_label_or_mark_or_tag_process" label="molecular label/mark/tag process"/>
      <span end="16765" id="15005800-3361" start="16757">labeling</span>
    </annotation>
    <annotation annotator="Mike Bada, University of Colorado Anschutz Medical Campus" id="CHEBI_2015_08_26_Instance_16185" type="identity">
      <class id="CHEBI:15889" label="sterol"/>
      <span end="17332" id="15005800-3153" start="17326">Sterol</span>
    </annotation>
    <annotation annotator="Mike Bada, University of Colorado Anschutz Medical Campus" id="CHEBI_2015_08_26_Instance_170137" type="identity">
      <class id="CHEBI:17759" label="cholesta-5,7-dien-3beta-ol"/>
      <span end="17409" id="15005800-3199" start="17404">7-DHC</span>
    </annotation>
    <annotation annotator="Mike Bada, University of Colorado Anschutz Medical Campus" id="CHEBI_2015_08_26_Instance_15301" type="identity">
      <class id="CHEBI:16113" label="cholesterol"/>
      <span end="17451" id="15005800-2995" start="17440">cholesterol</span>
    </annotation>
    <annotation annotator="Mike Bada, University of Colorado Anschutz Medical Campus" id="CHEBI_2015_08_26_Instance_15303" type="identity">
      <class id="CHEBI:16113" label="cholesterol"/>
      <span end="17553" id="15005800-2997" start="17542">cholesterol</span>
    </annotation>
    <annotation annotator="Mike Bada, University of Colorado Anschutz Medical Campus" id="CHEBI_2015_08_26_Instance_15387" type="identity">
      <class id="CHEBI:15889" label="sterol"/>
      <span end="17644" id="15005800-3079" start="17637">sterols</span>
    </annotation>
    <annotation annotator="Mike Bada, University of Colorado Anschutz Medical Campus" id="CHEBI_2015_08_26_Instance_15305" type="identity">
      <class id="CHEBI:16113" label="cholesterol"/>
      <span end="17723" id="15005800-2999" start="17712">cholesterol</span>
    </annotation>
    <annotation annotator="Mike Bada, University of Colorado Anschutz Medical Campus" id="CHEBI_2015_08_26_Instance_15307" type="identity">
      <class id="CHEBI:16113" label="cholesterol"/>
      <span end="17824" id="15005800-3001" start="17813">cholesterol</span>
    </annotation>
    <annotation annotator="Mike Bada, University of Colorado Anschutz Medical Campus" id="CHEBI_2015_08_26_Instance_170139" type="identity">
      <class id="CHEBI:17759" label="cholesta-5,7-dien-3beta-ol"/>
      <span end="17998" id="15005800-3201" start="17993">7-DHC</span>
    </annotation>
    <annotation annotator="Mike Bada, University of Colorado Anschutz Medical Campus" id="CHEBI_2015_08_26_Instance_15389" type="identity">
      <class id="CHEBI:15889" label="sterol"/>
      <span end="18095" id="15005800-3081" start="18088">sterols</span>
    </annotation>
    <annotation annotator="Mike Bada, University of Colorado Anschutz Medical Campus" id="CHEBI_2015_08_26_Instance_15391" type="identity">
      <class id="CHEBI:15889" label="sterol"/>
      <span end="18230" id="15005800-3083" start="18224">Sterol</span>
    </annotation>
    <annotation annotator="Mike Bada, University of Colorado Anschutz Medical Campus" id="CHEBI_2015_08_26_Instance_15393" type="identity">
      <class id="CHEBI:15889" label="sterol"/>
      <span end="18266" id="15005800-3085" start="18260">Sterol</span>
    </annotation>
    <annotation annotator="Mike Bada, University of Colorado Anschutz Medical Campus" id="CHEBI_2015_08_26_Instance_15309" type="identity">
      <class id="CHEBI:16113" label="cholesterol"/>
      <span end="18298" id="15005800-3003" start="18287">cholesterol</span>
    </annotation>
    <annotation annotator="Mike Bada, University of Colorado Anschutz Medical Campus" id="CHEBI_2015_08_26_Instance_170141" type="identity">
      <class id="CHEBI:17759" label="cholesta-5,7-dien-3beta-ol"/>
      <span end="18320" id="15005800-3203" start="18316">7DHC</span>
    </annotation>
    <annotation annotator="Mike Bada, University of Colorado Anschutz Medical Campus" id="CHEBI_2015_08_26_Instance_15395" type="identity">
      <class id="CHEBI:15889" label="sterol"/>
      <span end="18527" id="15005800-3087" start="18520">sterols</span>
    </annotation>
    <annotation annotator="Mike Bada, University of Colorado Anschutz Medical Campus" id="CHEBI_2015_08_26_Instance_15311" type="identity">
      <class id="CHEBI:16113" label="cholesterol"/>
      <span end="18610" id="15005800-3005" start="18599">cholesterol</span>
    </annotation>
    <annotation annotator="Mike Bada, University of Colorado Anschutz Medical Campus" id="CHEBI_2015_08_26_Instance_15397" type="identity">
      <class id="CHEBI:15889" label="sterol"/>
      <span end="18705" id="15005800-3089" start="18698">sterols</span>
    </annotation>
    <annotation annotator="Mike Bada, University of Colorado Anschutz Medical Campus" id="CHEBI_2015_08_26_Instance_170143" type="identity">
      <class id="CHEBI:17759" label="cholesta-5,7-dien-3beta-ol"/>
      <span end="18711" id="15005800-3205" start="18707">7DHC</span>
    </annotation>
    <annotation annotator="Mike Bada, University of Colorado Anschutz Medical Campus" id="CHEBI_2015_08_26_Instance_15313" type="identity">
      <class id="CHEBI:16113" label="cholesterol"/>
      <span end="18769" id="15005800-3007" start="18758">Cholesterol</span>
    </annotation>
    <annotation annotator="Mike Bada, University of Colorado Anschutz Medical Campus" id="CHEBI_2015_08_26_Instance_15413" type="identity">
      <class id="CHEBI:26764" label="steroid hormone"/>
      <span end="18812" id="15005800-3105" start="18797">steroid hormone</span>
    </annotation>
    <annotation annotator="Mike Bada, University of Colorado Anschutz Medical Campus" id="CHEBI_2015_08_26_Instance_15415" type="identity">
      <class id="CHEBI:35341" label="steroid"/>
      <span end="19012" id="15005800-3107" start="19004">Steroids</span>
    </annotation>
    <annotation annotator="Mike Bada, University of Colorado Anschutz Medical Campus" id="CHEBI_2015_08_26_Instance_170145" type="identity">
      <class id="CHEBI:50858" label="corticosteroid"/>
      <span end="19046" id="15005800-3207" start="19031">corticosteroids</span>
    </annotation>
    <annotation annotator="Mike Bada, University of Colorado Anschutz Medical Campus" id="CHEBI_2015_08_26_Instance_15243" type="identity">
      <class id="CHEBI_EXT:35195" label="surfactant"/>
      <span end="19135" id="15005800-2937" start="19125">surfactant</span>
    </annotation>
    <annotation annotator="Mike Bada, University of Colorado Anschutz Medical Campus" id="CHEBI_2015_08_26_Instance_15419" type="identity">
      <class id="CHEBI:16827" label="corticosterone"/>
      <span end="19188" id="15005800-3109" start="19174">corticosterone</span>
    </annotation>
    <annotation annotator="Mike Bada, University of Colorado Anschutz Medical Campus" id="CHEBI_2015_08_26_Instance_15421" type="identity">
      <class id="CHEBI:16827" label="corticosterone"/>
      <span end="19265" id="15005800-3111" start="19251">corticosterone</span>
    </annotation>
    <annotation annotator="Mike Bada, University of Colorado Anschutz Medical Campus" id="CHEBI_2015_08_26_Instance_15423" type="identity">
      <class id="CHEBI:16827" label="corticosterone"/>
      <span end="19393" id="15005800-3113" start="19379">corticosterone</span>
    </annotation>
    <annotation annotator="Mike Bada, University of Colorado Anschutz Medical Campus" id="CHEBI_2015_08_26_Instance_15425" type="identity">
      <class id="CHEBI:16827" label="corticosterone"/>
      <span end="19606" id="15005800-3115" start="19592">corticosterone</span>
    </annotation>
    <annotation annotator="Mike Bada, University of Colorado Anschutz Medical Campus" id="CHEBI_2015_08_26_Instance_15427" type="identity">
      <class id="CHEBI:16827" label="corticosterone"/>
      <span end="19697" id="15005800-3117" start="19683">corticosterone</span>
    </annotation>
    <annotation annotator="Mike Bada, University of Colorado Anschutz Medical Campus" id="CHEBI_2015_08_26_Instance_15245" type="identity">
      <class id="CHEBI_EXT:35195" label="surfactant"/>
      <span end="19761" id="15005800-2939" start="19751">surfactant</span>
    </annotation>
    <annotation annotator="Mike Bada, University of Colorado Anschutz Medical Campus" id="CHEBI_2015_08_26_Instance_300566" type="identity">
      <class id="CHEBI_PR_EXT:protein" label="protein"/>
      <span end="19769" id="15005800-3291" start="19762">protein</span>
    </annotation>
    <annotation annotator="Mike Bada, University of Colorado Anschutz Medical Campus" id="CHEBI_2015_08_26_Instance_15247" type="identity">
      <class id="CHEBI_EXT:35195" label="surfactant"/>
      <span end="19792" id="15005800-2941" start="19782">Surfactant</span>
    </annotation>
    <annotation annotator="Mike Bada, University of Colorado Anschutz Medical Campus" id="CHEBI_2015_08_26_Instance_300568" type="identity">
      <class id="CHEBI_PR_EXT:protein" label="protein"/>
      <span end="19800" id="15005800-3293" start="19793">protein</span>
    </annotation>
    <annotation annotator="Mike Bada, University of Colorado Anschutz Medical Campus" id="CHEBI_2015_08_26_Instance_15249" type="identity">
      <class id="CHEBI_EXT:35195" label="surfactant"/>
      <span end="20123" id="15005800-2943" start="20113">surfactant</span>
    </annotation>
    <annotation annotator="Mike Bada, University of Colorado Anschutz Medical Campus" id="CHEBI_2015_08_26_Instance_300570" type="identity">
      <class id="CHEBI_PR_EXT:protein" label="protein"/>
      <span end="20131" id="15005800-3295" start="20124">protein</span>
    </annotation>
    <annotation annotator="Mike Bada, University of Colorado Anschutz Medical Campus" id="CHEBI_2015_08_26_Instance_15251" type="identity">
      <class id="CHEBI_EXT:35195" label="surfactant"/>
      <span end="20201" id="15005800-2945" start="20191">Surfactant</span>
    </annotation>
    <annotation annotator="Mike Bada, University of Colorado Anschutz Medical Campus" id="CHEBI_2015_08_26_Instance_300572" type="identity">
      <class id="CHEBI_PR_EXT:protein" label="protein"/>
      <span end="20209" id="15005800-3297" start="20202">protein</span>
    </annotation>
    <annotation annotator="Mike Bada, University of Colorado Anschutz Medical Campus" id="CHEBI_2015_08_26_Instance_170147" type="identity">
      <class id="CHEBI_SO_EXT:RNA" label="RNA"/>
      <span end="20771" id="15005800-3209" start="20768">RNA</span>
    </annotation>
    <annotation annotator="Mike Bada, University of Colorado Anschutz Medical Campus" id="CHEBI_2015_08_26_Instance_15253" type="identity">
      <class id="CHEBI_EXT:35195" label="surfactant"/>
      <span end="20958" id="15005800-2947" start="20948">surfactant</span>
    </annotation>
    <annotation annotator="Mike Bada, University of Colorado Anschutz Medical Campus" id="CHEBI_2015_08_26_Instance_300574" type="identity">
      <class id="CHEBI_PR_EXT:protein" label="protein"/>
      <span end="20966" id="15005800-3299" start="20959">protein</span>
    </annotation>
    <annotation annotator="Mike Bada, University of Colorado Anschutz Medical Campus" id="CHEBI_2015_08_26_Instance_170149" type="identity">
      <class id="CHEBI_SO_EXT:mRNA" label="mRNA"/>
      <span end="20972" id="15005800-3211" start="20967">mRNAs</span>
    </annotation>
    <annotation annotator="Mike Bada, University of Colorado Anschutz Medical Campus" id="CHEBI_2015_08_26_Instance_15255" type="identity">
      <class id="CHEBI_EXT:35195" label="surfactant"/>
      <span end="21262" id="15005800-2949" start="21252">surfactant</span>
    </annotation>
    <annotation annotator="Mike Bada, University of Colorado Anschutz Medical Campus" id="CHEBI_2015_08_26_Instance_300576" type="identity">
      <class id="CHEBI_PR_EXT:protein" label="protein"/>
      <span end="21717" id="15005800-3301" start="21710">protein</span>
    </annotation>
    <annotation annotator="Mike Bada, University of Colorado Anschutz Medical Campus" id="CHEBI_2015_08_26_Instance_170151" type="identity">
      <class id="CHEBI_SO_EXT:molecular_indicator_or_label_or_marker_or_tag" label="molecular indicator/label/marker/tag"/>
      <span end="21724" id="15005800-3213" start="21718">marker</span>
    </annotation>
    <annotation annotator="Mike Bada, University of Colorado Anschutz Medical Campus" id="CHEBI_2015_08_26_Instance_170153" type="identity">
      <class id="CHEBI_SO_EXT:molecular_indicator_or_label_or_marker_or_tag" label="molecular indicator/label/marker/tag"/>
      <span end="21835" id="15005800-3215" start="21829">marker</span>
    </annotation>
    <annotation annotator="Mike Bada, University of Colorado Anschutz Medical Campus" id="CHEBI_2015_08_26_Instance_350090" type="identity">
      <class id="CHEBI_GO_EXT:low_density_lipoprotein_particle" label="low-density lipoprotein particle"/>
      <span end="21977" id="15005800-3353" start="21954">low density lipoprotein</span>
    </annotation>
    <annotation annotator="Mike Bada, University of Colorado Anschutz Medical Campus" id="CHEBI_2015_08_26_Instance_170217" type="identity">
      <class id="CHEBI_SO_EXT:molecular_indicator_or_label_or_marker_or_tag" label="molecular indicator/label/marker/tag"/>
      <span end="22975" id="15005800-3277" start="22968">markers</span>
    </annotation>
    <annotation annotator="Mike Bada, University of Colorado Anschutz Medical Campus" id="CHEBI_2015_08_26_Instance_330018" type="identity">
      <class id="CHEBI_EXT:polyatomic_entity_or_group" label="polyatomic entity or group"/>
      <span end="24516" id="15005800-3339" start="24507">molecular</span>
    </annotation>
    <annotation annotator="Mike Bada, University of Colorado Anschutz Medical Campus" id="CHEBI_2015_08_26_Instance_15315" type="identity">
      <class id="CHEBI:16113" label="cholesterol"/>
      <span end="27668" id="15005800-3009" start="27657">cholesterol</span>
    </annotation>
    <annotation annotator="Mike Bada, University of Colorado Anschutz Medical Campus" id="CHEBI_2015_08_26_Instance_330326" type="identity">
      <class id="CHEBI:36357" label="polyatomic entity"/>
      <span end="27677" id="15005800-3341" start="27669">molecule</span>
    </annotation>
    <annotation annotator="" id="CHEBI_2015_08_26_backup_Instance_106" type="identity">
      <class id="CHEBI_SO_EXT:C_terminus_or_C_terminal_region" label="C-terminus or C-terminal region"/>
      <span end="27715" id="15005800-2911" start="27705">C-terminus</span>
    </annotation>
    <annotation annotator="Mike Bada, University of Colorado Anschutz Medical Campus" id="CHEBI_2015_08_26_Instance_15317" type="identity">
      <class id="CHEBI:16113" label="cholesterol"/>
      <span end="27814" id="15005800-3011" start="27803">cholesterol</span>
    </annotation>
    <annotation annotator="" id="CHEBI_2015_08_26_backup_Instance_110" type="identity">
      <class id="CHEBI_SO_EXT:N_terminus_or_N_terminal_region" label="N-terminus or N-terminal region"/>
      <span end="28114" id="15005800-2915" start="28113">N</span>
    </annotation>
    <annotation annotator="Mike Bada, University of Colorado Anschutz Medical Campus" id="CHEBI_2015_08_26_Instance_170157" type="identity">
      <class id="CHEBI_SO_EXT:peptide_or_peptide_region" label="peptide or peptide region"/>
      <span end="28122" id="15005800-3217" start="28115">peptide</span>
    </annotation>
    <annotation annotator="Mike Bada, University of Colorado Anschutz Medical Campus" id="CHEBI_2015_08_26_backup_Instance_10018" type="identity">
      <class id="CHEBI_SO_EXT:N_terminus_or_N_terminal_region" label="N-terminus or N-terminal region"/>
      <span end="28917" id="15005800-2909" start="28916">N</span>
    </annotation>
    <annotation annotator="Mike Bada, University of Colorado Anschutz Medical Campus" id="CHEBI_2015_08_26_Instance_170159" type="identity">
      <class id="CHEBI_SO_EXT:peptide_or_peptide_region" label="peptide or peptide region"/>
      <span end="28925" id="15005800-3219" start="28918">peptide</span>
    </annotation>
    <annotation annotator="Mike Bada, University of Colorado Anschutz Medical Campus" id="CHEBI_2015_08_26_Instance_300578" type="identity">
      <class id="CHEBI_PR_EXT:protein" label="protein"/>
      <span end="30637" id="15005800-3303" start="30629">proteins</span>
    </annotation>
    <annotation annotator="Mike Bada, University of Colorado Anschutz Medical Campus" id="CHEBI_2015_08_26_Instance_300580" type="identity">
      <class id="CHEBI_PR_EXT:protein" label="protein"/>
      <span end="30680" id="15005800-3305" start="30672">proteins</span>
    </annotation>
    <annotation annotator="Mike Bada, University of Colorado Anschutz Medical Campus" id="CHEBI_2015_08_26_Instance_300582" type="identity">
      <class id="CHEBI_PR_EXT:protein" label="protein"/>
      <span end="31344" id="15005800-3307" start="31337">protein</span>
    </annotation>
    <annotation annotator="Mike Bada, University of Colorado Anschutz Medical Campus" id="CHEBI_2015_08_26_Instance_15319" type="identity">
      <class id="CHEBI:16113" label="cholesterol"/>
      <span end="31548" id="15005800-3013" start="31537">cholesterol</span>
    </annotation>
    <annotation annotator="" id="CHEBI_2015_08_26_backup_Instance_52" type="identity">
      <class id="CHEBI_SO_EXT:N_terminus_or_N_terminal_region" label="N-terminus or N-terminal region"/>
      <span end="31568" id="15005800-2923" start="31558">N-terminal</span>
    </annotation>
    <annotation annotator="" id="CHEBI_2015_08_26_backup_Instance_56" type="identity">
      <class id="CHEBI_SO_EXT:N_terminus_or_N_terminal_region" label="N-terminus or N-terminal region"/>
      <span end="31727" id="15005800-2927" start="31726">N</span>
    </annotation>
    <annotation annotator="Mike Bada, University of Colorado Anschutz Medical Campus" id="CHEBI_2015_08_26_Instance_300584" type="identity">
      <class id="CHEBI_PR_EXT:protein" label="protein"/>
      <span end="31911" id="15005800-3309" start="31904">protein</span>
    </annotation>
    <annotation annotator="" id="CHEBI_2015_08_26_backup_Instance_58" type="identity">
      <class id="CHEBI_SO_EXT:N_terminus_or_N_terminal_region" label="N-terminus or N-terminal region"/>
      <span end="32074" id="15005800-2929" start="32073">N</span>
    </annotation>
    <annotation annotator="Mike Bada, University of Colorado Anschutz Medical Campus" id="CHEBI_2015_08_26_Instance_15443" type="identity">
      <class id="CHEBI:18059" label="lipid"/>
      <span end="32209" id="15005800-3121" start="32204">lipid</span>
    </annotation>
    <annotation annotator="Mike Bada, University of Colorado Anschutz Medical Campus" id="CHEBI_2015_08_26_Instance_15321" type="identity">
      <class id="CHEBI:16113" label="cholesterol"/>
      <span end="32624" id="15005800-3015" start="32613">cholesterol</span>
    </annotation>
    <annotation annotator="Mike Bada, University of Colorado Anschutz Medical Campus" id="CHEBI_2015_08_26_Instance_300586" type="identity">
      <class id="CHEBI_PR_EXT:protein" label="protein"/>
      <span end="32850" id="15005800-3311" start="32843">protein</span>
    </annotation>
    <annotation annotator="" id="CHEBI_2015_08_26_backup_Instance_60" type="identity">
      <class id="CHEBI_SO_EXT:N_terminus_or_N_terminal_region" label="N-terminus or N-terminal region"/>
      <span end="33055" id="15005800-2931" start="33054">N</span>
    </annotation>
    <annotation annotator="Mike Bada, University of Colorado Anschutz Medical Campus" id="CHEBI_2015_08_26_Instance_300588" type="identity">
      <class id="CHEBI_PR_EXT:protein" label="protein"/>
      <span end="33133" id="15005800-3313" start="33125">proteins</span>
    </annotation>
    <annotation annotator="" id="CHEBI_2015_08_26_backup_Instance_112" type="identity">
      <class id="CHEBI_SO_EXT:N_terminus_or_N_terminal_region" label="N-terminus or N-terminal region"/>
      <span end="33420" id="15005800-2917" start="33419">N</span>
    </annotation>
    <annotation annotator="" id="CHEBI_2015_08_26_backup_Instance_114" type="identity">
      <class id="CHEBI_SO_EXT:N_terminus_or_N_terminal_region" label="N-terminus or N-terminal region"/>
      <span end="33471" id="15005800-2919" start="33470">N</span>
    </annotation>
    <annotation annotator="Mike Bada, University of Colorado Anschutz Medical Campus" id="CHEBI_2015_08_26_Instance_300590" type="identity">
      <class id="CHEBI_PR_EXT:protein" label="protein"/>
      <span end="33480" id="15005800-3315" start="33472">proteins</span>
    </annotation>
    <annotation annotator="Mike Bada, University of Colorado Anschutz Medical Campus" id="CHEBI_2015_08_26_Instance_16349" type="identity">
      <class id="CHEBI:18059" label="lipid"/>
      <span end="33501" id="15005800-3155" start="33496">lipid</span>
    </annotation>
    <annotation annotator="" id="CHEBI_2015_08_26_backup_Instance_108" type="identity">
      <class id="CHEBI_SO_EXT:N_terminus_or_N_terminal_region" label="N-terminus or N-terminal region"/>
      <span end="33533" id="15005800-2913" start="33523">N terminus</span>
    </annotation>
    <annotation annotator="Mike Bada, University of Colorado Anschutz Medical Campus" id="CHEBI_2015_08_26_Instance_300592" type="identity">
      <class id="CHEBI_PR_EXT:protein" label="protein"/>
      <span end="33740" id="15005800-3317" start="33732">proteins</span>
    </annotation>
    <annotation annotator="Mike Bada, University of Colorado Anschutz Medical Campus" id="CHEBI_2015_08_26_Instance_170889" type="identity">
      <class id="CHEBI_GO_SO_EXT:enzyme" label="enzyme"/>
      <span end="33876" id="15005800-3279" start="33870">enzyme</span>
    </annotation>
    <annotation annotator="Mike Bada, University of Colorado Anschutz Medical Campus" id="CHEBI_2015_08_26_Instance_15323" type="identity">
      <class id="CHEBI:16113" label="cholesterol"/>
      <span end="33902" id="15005800-3017" start="33891">cholesterol</span>
    </annotation>
    <annotation annotator="Mike Bada, University of Colorado Anschutz Medical Campus" id="CHEBI_2015_08_26_Instance_170891" type="identity">
      <class id="CHEBI_GO_SO_EXT:enzyme" label="enzyme"/>
      <span end="34113" id="15005800-3281" start="34106">enzymes</span>
    </annotation>
    <annotation annotator="Mike Bada, University of Colorado Anschutz Medical Campus" id="CHEBI_2015_08_26_Instance_16371" type="identity">
      <class id="CHEBI:15440" label="squalene"/>
      <span end="34134" id="15005800-3161" start="34126">squalene</span>
    </annotation>
    <annotation annotator="Mike Bada, University of Colorado Anschutz Medical Campus" id="CHEBI_2015_08_26_Instance_15325" type="identity">
      <class id="CHEBI:16113" label="cholesterol"/>
      <span end="34155" id="15005800-3019" start="34144">cholesterol</span>
    </annotation>
    <annotation annotator="Mike Bada, University of Colorado Anschutz Medical Campus" id="CHEBI_2015_08_26_Instance_15327" type="identity">
      <class id="CHEBI:16113" label="cholesterol"/>
      <span end="34246" id="15005800-3021" start="34235">cholesterol</span>
    </annotation>
    <annotation annotator="Mike Bada, University of Colorado Anschutz Medical Campus" id="CHEBI_2015_08_26_Instance_15329" type="identity">
      <class id="CHEBI:16113" label="cholesterol"/>
      <span end="34296" id="15005800-3023" start="34285">cholesterol</span>
    </annotation>
    <annotation annotator="Mike Bada, University of Colorado Anschutz Medical Campus" id="CHEBI_2015_08_26_Instance_15257" type="identity">
      <class id="CHEBI_EXT:35195" label="surfactant"/>
      <span end="35315" id="15005800-2951" start="35304">surfactants</span>
    </annotation>
    <annotation annotator="Mike Bada, University of Colorado Anschutz Medical Campus" id="CHEBI_2015_08_26_Instance_170161" type="identity">
      <class id="CHEBI_SO_EXT:molecular_indicator_or_label_or_marker_or_tag" label="molecular indicator/label/marker/tag"/>
      <span end="35729" id="15005800-3221" start="35722">markers</span>
    </annotation>
    <annotation annotator="Mike Bada, University of Colorado Anschutz Medical Campus" id="CHEBI_2015_08_26_Instance_15259" type="identity">
      <class id="CHEBI_EXT:35195" label="surfactant"/>
      <span end="36059" id="15005800-2953" start="36049">surfactant</span>
    </annotation>
    <annotation annotator="Mike Bada, University of Colorado Anschutz Medical Campus" id="CHEBI_2015_08_26_Instance_300594" type="identity">
      <class id="CHEBI_PR_EXT:protein" label="protein"/>
      <span end="36068" id="15005800-3319" start="36060">proteins</span>
    </annotation>
    <annotation annotator="Mike Bada, University of Colorado Anschutz Medical Campus" id="CHEBI_2015_08_26_Instance_15331" type="identity">
      <class id="CHEBI:16113" label="cholesterol"/>
      <span end="36431" id="15005800-3025" start="36420">cholesterol</span>
    </annotation>
    <annotation annotator="Mike Bada, University of Colorado Anschutz Medical Campus" id="CHEBI_2015_08_26_Instance_170163" type="identity">
      <class id="CHEBI:17759" label="cholesta-5,7-dien-3beta-ol"/>
      <span end="36492" id="15005800-3223" start="36487">7-DHC</span>
    </annotation>
    <annotation annotator="Mike Bada, University of Colorado Anschutz Medical Campus" id="CHEBI_2015_08_26_Instance_15333" type="identity">
      <class id="CHEBI:16113" label="cholesterol"/>
      <span end="37348" id="15005800-3027" start="37337">cholesterol</span>
    </annotation>
    <annotation annotator="Mike Bada, University of Colorado Anschutz Medical Campus" id="CHEBI_2015_08_26_Instance_15335" type="identity">
      <class id="CHEBI:16113" label="cholesterol"/>
      <span end="37484" id="15005800-3029" start="37473">Cholesterol</span>
    </annotation>
    <annotation annotator="Mike Bada, University of Colorado Anschutz Medical Campus" id="CHEBI_2015_08_26_Instance_15399" type="identity">
      <class id="CHEBI:15889" label="sterol"/>
      <span end="37616" id="15005800-3091" start="37609">sterols</span>
    </annotation>
    <annotation annotator="Mike Bada, University of Colorado Anschutz Medical Campus" id="CHEBI_2015_08_26_Instance_15337" type="identity">
      <class id="CHEBI:16113" label="cholesterol"/>
      <span end="37632" id="15005800-3031" start="37621">cholesterol</span>
    </annotation>
    <annotation annotator="Mike Bada, University of Colorado Anschutz Medical Campus" id="CHEBI_2015_08_26_Instance_170165" type="identity">
      <class id="CHEBI:17759" label="cholesta-5,7-dien-3beta-ol"/>
      <span end="37730" id="15005800-3225" start="37726">7DHC</span>
    </annotation>
    <annotation annotator="Mike Bada, University of Colorado Anschutz Medical Campus" id="CHEBI_2015_08_26_Instance_15339" type="identity">
      <class id="CHEBI:16113" label="cholesterol"/>
      <span end="37785" id="15005800-3033" start="37774">cholesterol</span>
    </annotation>
    <annotation annotator="Mike Bada, University of Colorado Anschutz Medical Campus" id="CHEBI_2015_08_26_Instance_15401" type="identity">
      <class id="CHEBI:15889" label="sterol"/>
      <span end="37850" id="15005800-3093" start="37843">sterols</span>
    </annotation>
    <annotation annotator="Mike Bada, University of Colorado Anschutz Medical Campus" id="CHEBI_2015_08_26_Instance_15341" type="identity">
      <class id="CHEBI:16113" label="cholesterol"/>
      <span end="37904" id="15005800-3035" start="37893">cholesterol</span>
    </annotation>
    <annotation annotator="Mike Bada, University of Colorado Anschutz Medical Campus" id="CHEBI_2015_08_26_Instance_15343" type="identity">
      <class id="CHEBI:16113" label="cholesterol"/>
      <span end="38115" id="15005800-3037" start="38104">cholesterol</span>
    </annotation>
    <annotation annotator="Mike Bada, University of Colorado Anschutz Medical Campus" id="CHEBI_2015_08_26_Instance_15345" type="identity">
      <class id="CHEBI:16113" label="cholesterol"/>
      <span end="38148" id="15005800-3039" start="38137">cholesterol</span>
    </annotation>
    <annotation annotator="Mike Bada, University of Colorado Anschutz Medical Campus" id="CHEBI_2015_08_26_Instance_15347" type="identity">
      <class id="CHEBI:16113" label="cholesterol"/>
      <span end="38270" id="15005800-3041" start="38259">cholesterol</span>
    </annotation>
    <annotation annotator="Mike Bada, University of Colorado Anschutz Medical Campus" id="CHEBI_2015_08_26_Instance_15349" type="identity">
      <class id="CHEBI:16113" label="cholesterol"/>
      <span end="38325" id="15005800-3043" start="38314">cholesterol</span>
    </annotation>
    <annotation annotator="Mike Bada, University of Colorado Anschutz Medical Campus" id="CHEBI_2015_08_26_Instance_15403" type="identity">
      <class id="CHEBI:15889" label="sterol"/>
      <span end="38433" id="15005800-3095" start="38426">sterols</span>
    </annotation>
    <annotation annotator="Mike Bada, University of Colorado Anschutz Medical Campus" id="CHEBI_2015_08_26_Instance_15351" type="identity">
      <class id="CHEBI:16113" label="cholesterol"/>
      <span end="38536" id="15005800-3045" start="38525">cholesterol</span>
    </annotation>
    <annotation annotator="Mike Bada, University of Colorado Anschutz Medical Campus" id="CHEBI_2015_08_26_Instance_16391" type="identity">
      <class id="CHEBI:17737" label="desmosterol"/>
      <span end="38703" id="15005800-3163" start="38692">desmosterol</span>
    </annotation>
    <annotation annotator="Mike Bada, University of Colorado Anschutz Medical Campus" id="CHEBI_2015_08_26_Instance_15353" type="identity">
      <class id="CHEBI:16113" label="cholesterol"/>
      <span end="38747" id="15005800-3047" start="38736">cholesterol</span>
    </annotation>
    <annotation annotator="Mike Bada, University of Colorado Anschutz Medical Campus" id="CHEBI_2015_08_26_Instance_15355" type="identity">
      <class id="CHEBI:16113" label="cholesterol"/>
      <span end="38778" id="15005800-3049" start="38767">cholesterol</span>
    </annotation>
    <annotation annotator="Mike Bada, University of Colorado Anschutz Medical Campus" id="CHEBI_2015_08_26_Instance_15357" type="identity">
      <class id="CHEBI:16113" label="cholesterol"/>
      <span end="38871" id="15005800-3051" start="38860">cholesterol</span>
    </annotation>
    <annotation annotator="Mike Bada, University of Colorado Anschutz Medical Campus" id="CHEBI_2015_08_26_Instance_300596" type="identity">
      <class id="CHEBI_PR_EXT:protein" label="protein"/>
      <span end="39602" id="15005800-3321" start="39595">protein</span>
    </annotation>
    <annotation annotator="Mike Bada, University of Colorado Anschutz Medical Campus" id="CHEBI_2015_08_26_Instance_15359" type="identity">
      <class id="CHEBI:16113" label="cholesterol"/>
      <span end="39874" id="15005800-3053" start="39863">cholesterol</span>
    </annotation>
    <annotation annotator="Mike Bada, University of Colorado Anschutz Medical Campus" id="CHEBI_2015_08_26_Instance_170213" type="identity">
      <class id="CHEBI:17759" label="cholesta-5,7-dien-3beta-ol"/>
      <span end="39989" id="15005800-3273" start="39985">7DHC</span>
    </annotation>
    <annotation annotator="Mike Bada, University of Colorado Anschutz Medical Campus" id="CHEBI_2015_08_26_Instance_15405" type="identity">
      <class id="CHEBI:15889" label="sterol"/>
      <span end="40076" id="15005800-3097" start="40070">sterol</span>
    </annotation>
    <annotation annotator="Mike Bada, University of Colorado Anschutz Medical Campus" id="CHEBI_2015_08_26_Instance_300598" type="identity">
      <class id="CHEBI_PR_EXT:protein" label="protein"/>
      <span end="40288" id="15005800-3323" start="40280">proteins</span>
    </annotation>
    <annotation annotator="Mike Bada, University of Colorado Anschutz Medical Campus" id="CHEBI_2015_08_26_Instance_300600" type="identity">
      <class id="CHEBI_PR_EXT:protein" label="protein"/>
      <span end="40366" id="15005800-3325" start="40359">protein</span>
    </annotation>
    <annotation annotator="Mike Bada, University of Colorado Anschutz Medical Campus" id="CHEBI_2015_08_26_Instance_300602" type="identity">
      <class id="CHEBI_PR_EXT:protein" label="protein"/>
      <span end="40614" id="15005800-3327" start="40607">protein</span>
    </annotation>
    <annotation annotator="Mike Bada, University of Colorado Anschutz Medical Campus" id="CHEBI_2015_08_26_Instance_170167" type="identity">
      <class id="CHEBI:18059" label="lipid"/>
      <span end="40839" id="15005800-3227" start="40834">lipid</span>
    </annotation>
    <annotation annotator="Mike Bada, University of Colorado Anschutz Medical Campus" id="CHEBI_2015_08_26_Instance_16393" type="identity">
      <class id="CHEBI:23456" label="cyclodextrin"/>
      <span end="40898" id="15005800-3165" start="40886">cyclodextrin</span>
    </annotation>
    <annotation annotator="Mike Bada, University of Colorado Anschutz Medical Campus" id="CHEBI_2015_08_26_Instance_15407" type="identity">
      <class id="CHEBI:15889" label="sterol"/>
      <span end="41142" id="15005800-3099" start="41136">sterol</span>
    </annotation>
    <annotation annotator="Mike Bada, University of Colorado Anschutz Medical Campus" id="CHEBI_2015_08_26_Instance_15361" type="identity">
      <class id="CHEBI:16113" label="cholesterol"/>
      <span end="41467" id="15005800-3055" start="41456">cholesterol</span>
    </annotation>
    <annotation annotator="Mike Bada, University of Colorado Anschutz Medical Campus" id="CHEBI_2015_08_26_Instance_15363" type="identity">
      <class id="CHEBI:16113" label="cholesterol"/>
      <span end="41613" id="15005800-3057" start="41602">cholesterol</span>
    </annotation>
    <annotation annotator="Mike Bada, University of Colorado Anschutz Medical Campus" id="CHEBI_2015_08_26_Instance_15365" type="identity">
      <class id="CHEBI:16113" label="cholesterol"/>
      <span end="41767" id="15005800-3059" start="41756">cholesterol</span>
    </annotation>
    <annotation annotator="Mike Bada, University of Colorado Anschutz Medical Campus" id="CHEBI_2015_08_26_Instance_15367" type="identity">
      <class id="CHEBI:16113" label="cholesterol"/>
      <span end="42030" id="15005800-3061" start="42019">Cholesterol</span>
    </annotation>
    <annotation annotator="Mike Bada, University of Colorado Anschutz Medical Campus" id="CHEBI_2015_08_26_Instance_15369" type="identity">
      <class id="CHEBI:16113" label="cholesterol"/>
      <span end="42291" id="15005800-3063" start="42280">cholesterol</span>
    </annotation>
    <annotation annotator="Mike Bada, University of Colorado Anschutz Medical Campus" id="CHEBI_2015_08_26_Instance_15371" type="identity">
      <class id="CHEBI:16113" label="cholesterol"/>
      <span end="42365" id="15005800-3065" start="42354">cholesterol</span>
    </annotation>
    <annotation annotator="Mike Bada, University of Colorado Anschutz Medical Campus" id="CHEBI_2015_08_26_Instance_15373" type="identity">
      <class id="CHEBI:16113" label="cholesterol"/>
      <span end="42646" id="15005800-3067" start="42635">cholesterol</span>
    </annotation>
    <annotation annotator="Mike Bada, University of Colorado Anschutz Medical Campus" id="CHEBI_2015_08_26_Instance_331202" type="identity">
      <class id="CHEBI_EXT:biochemical" label="biochemical"/>
      <span end="43772" id="15005800-3351" start="43761">Biochemical</span>
    </annotation>
    <annotation annotator="Mike Bada, University of Colorado Anschutz Medical Campus" id="CHEBI_2015_08_26_Instance_15409" type="identity">
      <class id="CHEBI:15889" label="sterol"/>
      <span end="43800" id="15005800-3101" start="43794">sterol</span>
    </annotation>
    <annotation annotator="Mike Bada, University of Colorado Anschutz Medical Campus" id="CHEBI_2015_08_26_Instance_15429" type="identity">
      <class id="CHEBI:16827" label="corticosterone"/>
      <span end="43928" id="15005800-3119" start="43914">corticosterone</span>
    </annotation>
    <annotation annotator="Mike Bada, University of Colorado Anschutz Medical Campus" id="CHEBI_2015_08_26_Instance_180134" type="identity">
      <class id="CHEBI_GO_EXT:hormone" label="hormone"/>
      <span end="44060" id="15005800-3283" start="44053">hormone</span>
    </annotation>
    <annotation annotator="Mike Bada, University of Colorado Anschutz Medical Campus" id="CHEBI_2015_08_26_Instance_170169" type="identity">
      <class id="CHEBI_EXT:50913" label="fixative"/>
      <span end="44222" id="15005800-3229" start="44214">fixative</span>
    </annotation>
    <annotation annotator="Mike Bada, University of Colorado Anschutz Medical Campus" id="CHEBI_2015_08_26_Instance_15467" type="identity">
      <class id="CHEBI:17790" label="methanol"/>
      <span end="44232" id="15005800-3123" start="44224">methanol</span>
    </annotation>
    <annotation annotator="Mike Bada, University of Colorado Anschutz Medical Campus" id="CHEBI_2015_08_26_Instance_15469" type="identity">
      <class id="CHEBI:15347" label="acetone"/>
      <span end="44240" id="15005800-3125" start="44233">acetone</span>
    </annotation>
    <annotation annotator="Mike Bada, University of Colorado Anschutz Medical Campus" id="CHEBI_2015_08_26_Instance_15471" type="identity">
      <class id="CHEBI:15366" label="acetic acid"/>
      <span end="44252" id="15005800-3127" start="44241">acetic acid</span>
    </annotation>
    <annotation annotator="Mike Bada, University of Colorado Anschutz Medical Campus" id="CHEBI_2015_08_26_Instance_15473" type="identity">
      <class id="CHEBI:15377" label="water"/>
      <span end="44258" id="15005800-3129" start="44253">water</span>
    </annotation>
    <annotation annotator="Mike Bada, University of Colorado Anschutz Medical Campus" id="CHEBI_2015_08_26_Instance_170171" type="identity">
      <class id="CHEBI_EXT:paraformaldehye" label="paraformaldehyde"/>
      <span end="44298" id="15005800-3231" start="44282">paraformaldehyde</span>
    </annotation>
    <annotation annotator="Mike Bada, University of Colorado Anschutz Medical Campus" id="CHEBI_2015_08_26_Instance_15475" type="identity">
      <class id="CHEBI:16236" label="ethanol"/>
      <span end="44407" id="15005800-3131" start="44400">ethanol</span>
    </annotation>
    <annotation annotator="Mike Bada, University of Colorado Anschutz Medical Campus" id="CHEBI_2015_08_26_Instance_15477" type="identity">
      <class id="CHEBI:17578" label="toluene"/>
      <span end="44434" id="15005800-3133" start="44427">toluene</span>
    </annotation>
    <annotation annotator="Mike Bada, University of Colorado Anschutz Medical Campus" id="CHEBI_2015_08_26_Instance_15479" type="identity">
      <class id="CHEBI:27338" label="xylene"/>
      <span end="44675" id="15005800-3135" start="44669">xylene</span>
    </annotation>
    <annotation annotator="Mike Bada, University of Colorado Anschutz Medical Campus" id="CHEBI_2015_08_26_Instance_15481" type="identity">
      <class id="CHEBI:16236" label="ethanol"/>
      <span end="44726" id="15005800-3137" start="44719">ethanol</span>
    </annotation>
    <annotation annotator="Mike Bada, University of Colorado Anschutz Medical Campus" id="CHEBI_2015_08_26_Instance_170173" type="identity">
      <class id="CHEBI:53258" label="sodium citrate"/>
      <span end="44780" id="15005800-3233" start="44766">sodium citrate</span>
    </annotation>
    <annotation annotator="Mike Bada, University of Colorado Anschutz Medical Campus" id="CHEBI_2015_08_26_Instance_15487" type="identity">
      <class id="CHEBI:16240" label="hydrogen peroxide"/>
      <span end="44920" id="15005800-3139" start="44903">hydrogen peroxide</span>
    </annotation>
    <annotation annotator="Mike Bada, University of Colorado Anschutz Medical Campus" id="CHEBI_2015_08_26_Instance_170175" type="identity">
      <class id="CHEBI_EXT:metal" label="metal"/>
      <span end="45683" id="15005800-3235" start="45678">Metal</span>
    </annotation>
    <annotation annotator="Mike Bada, University of Colorado Anschutz Medical Campus" id="CHEBI_2015_08_26_Instance_170181" type="identity">
      <class id="CHEBI_EXT:59132" label="antigen"/>
      <span end="46451" id="15005800-3241" start="46444">antigen</span>
    </annotation>
    <annotation annotator="Mike Bada, University of Colorado Anschutz Medical Campus" id="CHEBI_2015_08_26_Instance_170177" type="identity">
      <class id="CHEBI:472552" label="5-bromo-2'-deoxyuridine"/>
      <span end="46481" id="15005800-3237" start="46464">bromodeoxyuridine</span>
    </annotation>
    <annotation annotator="Mike Bada, University of Colorado Anschutz Medical Campus" id="CHEBI_2015_08_26_Instance_170179" type="identity">
      <class id="CHEBI:472552" label="5-bromo-2'-deoxyuridine"/>
      <span end="46487" id="15005800-3239" start="46483">BrdU</span>
    </annotation>
    <annotation annotator="Mike Bada, University of Colorado Anschutz Medical Campus" id="CHEBI_2015_08_26_Instance_15489" type="identity">
      <class id="CHEBI:15358" label="histone"/>
      <span end="46529" id="15005800-3141" start="46522">histone</span>
    </annotation>
    <annotation annotator="Mike Bada, University of Colorado Anschutz Medical Campus" id="CHEBI_2015_08_26_Instance_170183" type="identity">
      <class id="CHEBI:472552" label="5-bromo-2'-deoxyuridine"/>
      <span end="46650" id="15005800-3243" start="46646">BrdU</span>
    </annotation>
    <annotation annotator="Mike Bada, University of Colorado Anschutz Medical Campus" id="CHEBI_2015_08_26_Instance_170215" type="identity">
      <class id="CHEBI:472552" label="5-bromo-2'-deoxyuridine"/>
      <span end="46762" id="15005800-3275" start="46758">BrdU</span>
    </annotation>
    <annotation annotator="Mike Bada, University of Colorado Anschutz Medical Campus" id="CHEBI_2015_08_26_Instance_170185" type="identity">
      <class id="CHEBI:472552" label="5-bromo-2'-deoxyuridine"/>
      <span end="46921" id="15005800-3245" start="46917">BrdU</span>
    </annotation>
    <annotation annotator="Mike Bada, University of Colorado Anschutz Medical Campus" id="CHEBI_2015_08_26_Instance_170187" type="identity">
      <class id="CHEBI:52302" label="Cy2 dye"/>
      <span end="47017" id="15005800-3247" start="47014">Cy2</span>
    </annotation>
    <annotation annotator="Mike Bada, University of Colorado Anschutz Medical Campus" id="CHEBI_2015_08_26_Instance_170189" type="identity">
      <class id="CHEBI_EXT:dUTP" label="dUTP"/>
      <span end="47181" id="15005800-3249" start="47177">dUTP</span>
    </annotation>
    <annotation annotator="Mike Bada, University of Colorado Anschutz Medical Campus" id="CHEBI_2015_08_26_Instance_380316" type="identity">
      <class id="CHEBI_SO_EXT:molecular_label_or_mark_or_tag_process" label="molecular label/mark/tag process"/>
      <span end="47199" id="15005800-3363" start="47191">labeling</span>
    </annotation>
    <annotation annotator="Mike Bada, University of Colorado Anschutz Medical Campus" id="CHEBI_2015_08_26_Instance_170191" type="identity">
      <class id="CHEBI:31624" label="fluorescein"/>
      <span end="47229" id="15005800-3251" start="47218">Fluorescein</span>
    </annotation>
    <annotation annotator="Mike Bada, University of Colorado Anschutz Medical Campus" id="CHEBI_2015_08_26_Instance_170193" type="identity">
      <class id="CHEBI_CHMO_EXT:buffer_solution" label="buffer solution"/>
      <span end="47555" id="15005800-3253" start="47549">buffer</span>
    </annotation>
    <annotation annotator="Mike Bada, University of Colorado Anschutz Medical Campus" id="CHEBI_2015_08_26_Instance_15493" type="identity">
      <class id="CHEBI:9754" label="tris"/>
      <span end="47567" id="15005800-3143" start="47563">Tris</span>
    </annotation>
    <annotation annotator="Mike Bada, University of Colorado Anschutz Medical Campus" id="CHEBI_2015_08_26_Instance_15495" type="identity">
      <class id="CHEBI:26710" label="sodium chloride"/>
      <span end="47586" id="15005800-3145" start="47582">NaCl</span>
    </annotation>
    <annotation annotator="Mike Bada, University of Colorado Anschutz Medical Campus" id="CHEBI_2015_08_26_Instance_170195" type="identity">
      <class id="CHEBI_EXT:EDTA" label="EDTA"/>
      <span end="47597" id="15005800-3255" start="47593">EDTA</span>
    </annotation>
    <annotation annotator="Mike Bada, University of Colorado Anschutz Medical Campus" id="CHEBI_2015_08_26_Instance_170197" type="identity">
      <class id="CHEBI:9750" label="Triton X-100"/>
      <span end="47614" id="15005800-3257" start="47602">Triton X-100</span>
    </annotation>
    <annotation annotator="Mike Bada, University of Colorado Anschutz Medical Campus" id="CHEBI_2015_08_26_Instance_15499" type="identity">
      <class id="CHEBI:18320" label="1,4-dithiothreitol"/>
      <span end="47626" id="15005800-3147" start="47623">DTT</span>
    </annotation>
    <annotation annotator="Mike Bada, University of Colorado Anschutz Medical Campus" id="CHEBI_2015_08_26_Instance_16399" type="identity">
      <class id="CHEBI:8102" label="phenylmethanesulfonyl fluoride"/>
      <span end="47637" id="15005800-3167" start="47633">PMSF</span>
    </annotation>
    <annotation annotator="Mike Bada, University of Colorado Anschutz Medical Campus" id="CHEBI_2015_08_26_Instance_170199" type="identity">
      <class id="CHEBI:6426" label="Leupeptin"/>
      <span end="47678" id="15005800-3259" start="47669">leupeptin</span>
    </annotation>
    <annotation annotator="Mike Bada, University of Colorado Anschutz Medical Campus" id="CHEBI_2015_08_26_Instance_170201" type="identity">
      <class id="CHEBI:7989" label="Pepstatin"/>
      <span end="47694" id="15005800-3261" start="47683">pepstatin A</span>
    </annotation>
    <annotation annotator="Mike Bada, University of Colorado Anschutz Medical Campus" id="CHEBI_2015_08_26_Instance_300604" type="identity">
      <class id="CHEBI_PR_EXT:protein" label="protein"/>
      <span end="47949" id="15005800-3329" start="47942">protein</span>
    </annotation>
    <annotation annotator="Mike Bada, University of Colorado Anschutz Medical Campus" id="CHEBI_2015_08_26_Instance_16401" type="identity">
      <class id="CHEBI_EXT:33893" label="reagent"/>
      <span end="48070" id="15005800-3169" start="48063">reagent</span>
    </annotation>
    <annotation annotator="" id="CHEBI_2015_08_26_backup_Instance_54" type="identity">
      <class id="CHEBI_SO_EXT:N_terminus_or_N_terminal_region" label="N-terminus or N-terminal region"/>
      <span end="48174" id="15005800-2925" start="48164">N-terminal</span>
    </annotation>
    <annotation annotator="Mike Bada, University of Colorado Anschutz Medical Campus" id="CHEBI_2015_08_26_Instance_300606" type="identity">
      <class id="CHEBI_PR_EXT:protein" label="protein"/>
      <span end="48412" id="15005800-3331" start="48405">protein</span>
    </annotation>
    <annotation annotator="Mike Bada, University of Colorado Anschutz Medical Campus" id="CHEBI_2015_08_26_Instance_300608" type="identity">
      <class id="CHEBI_PR_EXT:protein" label="protein"/>
      <span end="48458" id="15005800-3333" start="48451">Protein</span>
    </annotation>
    <annotation annotator="Mike Bada, University of Colorado Anschutz Medical Campus" id="CHEBI_2015_08_26_Instance_300610" type="identity">
      <class id="CHEBI_PR_EXT:protein" label="protein"/>
      <span end="48509" id="15005800-3335" start="48502">protein</span>
    </annotation>
    <annotation annotator="Mike Bada, University of Colorado Anschutz Medical Campus" id="CHEBI_2015_08_26_Instance_15503" type="identity">
      <class id="CHEBI:8984" label="sodium dodecyl sulfate"/>
      <span end="48618" id="15005800-3149" start="48615">SDS</span>
    </annotation>
    <annotation annotator="Mike Bada, University of Colorado Anschutz Medical Campus" id="CHEBI_2015_08_26_Instance_170203" type="identity">
      <class id="CHEBI:53325" label="nitrocellulose"/>
      <span end="48656" id="15005800-3263" start="48642">nitrocellulose</span>
    </annotation>
    <annotation annotator="Mike Bada, University of Colorado Anschutz Medical Campus" id="CHEBI_2015_08_26_Instance_170205" type="identity">
      <class id="CHEBI_SO_EXT:RNA" label="RNA"/>
      <span end="49008" id="15005800-3265" start="49005">RNA</span>
    </annotation>
    <annotation annotator="Mike Bada, University of Colorado Anschutz Medical Campus" id="CHEBI_2015_08_26_Instance_170211" type="identity">
      <class id="CHEBI_SO_EXT:molecular_probe" label="molecular probe"/>
      <span end="49052" id="15005800-3271" start="49046">probes</span>
    </annotation>
    <annotation annotator="Mike Bada, University of Colorado Anschutz Medical Campus" id="CHEBI_2015_08_26_Instance_290042" type="identity">
      <class id="CHEBI_GO_EXT:biological_process_or_quality_or_role" label="biological process, quality or role"/>
      <span end="49152" id="15005800-3287" start="49145">Biology</span>
    </annotation>
    <annotation annotator="Mike Bada, University of Colorado Anschutz Medical Campus" id="CHEBI_2015_08_26_Instance_170209" type="identity">
      <class id="CHEBI_SO_EXT:molecular_probe" label="molecular probe"/>
      <span end="49232" id="15005800-3269" start="49227">probe</span>
    </annotation>
    <annotation annotator="Mike Bada, University of Colorado Anschutz Medical Campus" id="CHEBI_2015_08_26_Instance_15411" type="identity">
      <class id="CHEBI:15889" label="sterol"/>
      <span end="49533" id="15005800-3103" start="49526">sterols</span>
    </annotation>
    <annotation annotator="Mike Bada, University of Colorado Anschutz Medical Campus" id="CHEBI_2015_08_26_Instance_170207" type="identity">
      <class id="CHEBI_SO_EXT:molecular_probe" label="molecular probe"/>
      <span end="49790" id="15005800-3267" start="49784">probes</span>
    </annotation>
    <annotation annotator="" id="CHEBI_2015_08_26_backup_Instance_116" type="identity">
      <class id="CHEBI_SO_EXT:N_terminus_or_N_terminal_region" label="N-terminus or N-terminal region"/>
      <span end="49856" id="15005800-2921" start="49855">N</span>
    </annotation>
    <graph-space id="Old Knowtator Relations"/>
  </document>
</knowtator-project>
