<?xml version="1.0" encoding="UTF-8" standalone="no"?>
<knowtator-project>
  <document id="15207008" text-file="15207008.txt">
    <annotation annotator="Mike Bada, University of Colorado Anschutz Medical Campus" id="CHEBI_2015_08_26_Instance_16811" type="identity">
      <class id="CHEBI_EXT:37527" label="acid"/>
      <span end="55" id="15207008-4723" start="49">acidic</span>
    </annotation>
    <annotation annotator="Mike Bada, University of Colorado Anschutz Medical Campus" id="CHEBI_2015_08_26_Instance_16813" type="identity">
      <class id="CHEBI_EXT:37527" label="acid"/>
      <span end="352" id="15207008-4725" start="346">acidic</span>
    </annotation>
    <annotation annotator="Mike Bada, University of Colorado Anschutz Medical Campus" id="CHEBI_2015_08_26_Instance_300828" type="identity">
      <class id="CHEBI_PR_EXT:protein" label="protein"/>
      <span end="517" id="15207008-4933" start="509">proteins</span>
    </annotation>
    <annotation annotator="Mike Bada, University of Colorado Anschutz Medical Campus" id="CHEBI_2015_08_26_Instance_300830" type="identity">
      <class id="CHEBI_PR_EXT:protein" label="protein"/>
      <span end="781" id="15207008-4935" start="773">proteins</span>
    </annotation>
    <annotation annotator="Mike Bada, University of Colorado Anschutz Medical Campus" id="CHEBI_2015_08_26_Instance_300832" type="identity">
      <class id="CHEBI_PR_EXT:protein" label="protein"/>
      <span end="811" id="15207008-4937" start="803">proteins</span>
    </annotation>
    <annotation annotator="Mike Bada, University of Colorado Anschutz Medical Campus" id="CHEBI_2015_08_26_Instance_300834" type="identity">
      <class id="CHEBI_PR_EXT:protein" label="protein"/>
      <span end="953" id="15207008-4939" start="945">proteins</span>
    </annotation>
    <annotation annotator="Mike Bada, University of Colorado Anschutz Medical Campus" id="CHEBI_2015_08_26_Instance_180136" type="identity">
      <class id="CHEBI_GO_EXT:hormone" label="hormone"/>
      <span end="1249" id="15207008-4779" start="1242">hormone</span>
    </annotation>
    <annotation annotator="Mike Bada, University of Colorado Anschutz Medical Campus" id="CHEBI_2015_08_26_Instance_300836" type="identity">
      <class id="CHEBI_PR_EXT:protein" label="protein"/>
      <span end="1333" id="15207008-4941" start="1326">protein</span>
    </annotation>
    <annotation annotator="Mike Bada, University of Colorado Anschutz Medical Campus" id="CHEBI_2015_08_26_Instance_300838" type="identity">
      <class id="CHEBI_PR_EXT:protein" label="protein"/>
      <span end="1402" id="15207008-4943" start="1394">proteins</span>
    </annotation>
    <annotation annotator="Mike Bada, University of Colorado Anschutz Medical Campus" id="CHEBI_2015_08_26_Instance_300840" type="identity">
      <class id="CHEBI_PR_EXT:protein" label="protein"/>
      <span end="1455" id="15207008-4945" start="1448">protein</span>
    </annotation>
    <annotation annotator="Mike Bada, University of Colorado Anschutz Medical Campus" id="CHEBI_2015_08_26_Instance_180138" type="identity">
      <class id="CHEBI_SO_EXT:RNA" label="RNA"/>
      <span end="1472" id="15207008-4781" start="1469">RNA</span>
    </annotation>
    <annotation annotator="Mike Bada, University of Colorado Anschutz Medical Campus" id="CHEBI_2015_08_26_Instance_300842" type="identity">
      <class id="CHEBI_PR_EXT:protein" label="protein"/>
      <span end="1549" id="15207008-4947" start="1541">proteins</span>
    </annotation>
    <annotation annotator="Mike Bada, University of Colorado Anschutz Medical Campus" id="CHEBI_2015_08_26_Instance_300844" type="identity">
      <class id="CHEBI_PR_EXT:protein" label="protein"/>
      <span end="1595" id="15207008-4949" start="1587">proteins</span>
    </annotation>
    <annotation annotator="Mike Bada, University of Colorado Anschutz Medical Campus" id="CHEBI_2015_08_26_Instance_300846" type="identity">
      <class id="CHEBI_PR_EXT:protein" label="protein"/>
      <span end="1707" id="15207008-4951" start="1699">proteins</span>
    </annotation>
    <annotation annotator="Mike Bada, University of Colorado Anschutz Medical Campus" id="CHEBI_2015_08_26_Instance_180140" type="identity">
      <class id="CHEBI_GO_EXT:hormone" label="hormone"/>
      <span end="1724" id="15207008-4783" start="1717">hormone</span>
    </annotation>
    <annotation annotator="Mike Bada, University of Colorado Anschutz Medical Campus" id="CHEBI_2015_08_26_Instance_300848" type="identity">
      <class id="CHEBI_PR_EXT:protein" label="protein"/>
      <span end="1823" id="15207008-4953" start="1815">proteins</span>
    </annotation>
    <annotation annotator="Mike Bada, University of Colorado Anschutz Medical Campus" id="CHEBI_2015_08_26_Instance_300850" type="identity">
      <class id="CHEBI_PR_EXT:protein" label="protein"/>
      <span end="3091" id="15207008-4955" start="3084">protein</span>
    </annotation>
    <annotation annotator="Mike Bada, University of Colorado Anschutz Medical Campus" id="CHEBI_2015_08_26_Instance_16815" type="identity">
      <class id="CHEBI_EXT:37527" label="acid"/>
      <span end="3132" id="15207008-4727" start="3126">acidic</span>
    </annotation>
    <annotation annotator="Mike Bada, University of Colorado Anschutz Medical Campus" id="CHEBI_2015_08_26_Instance_300852" type="identity">
      <class id="CHEBI_PR_EXT:protein" label="protein"/>
      <span end="6332" id="15207008-4957" start="6324">proteins</span>
    </annotation>
    <annotation annotator="Mike Bada, University of Colorado Anschutz Medical Campus" id="CHEBI_2015_08_26_Instance_300854" type="identity">
      <class id="CHEBI_PR_EXT:protein" label="protein"/>
      <span end="6488" id="15207008-4959" start="6480">proteins</span>
    </annotation>
    <annotation annotator="Mike Bada, University of Colorado Anschutz Medical Campus" id="CHEBI_2015_08_26_Instance_300856" type="identity">
      <class id="CHEBI_PR_EXT:protein" label="protein"/>
      <span end="6605" id="15207008-4961" start="6597">proteins</span>
    </annotation>
    <annotation annotator="Mike Bada, University of Colorado Anschutz Medical Campus" id="CHEBI_2015_08_26_Instance_300858" type="identity">
      <class id="CHEBI_PR_EXT:protein" label="protein"/>
      <span end="6695" id="15207008-4963" start="6687">proteins</span>
    </annotation>
    <annotation annotator="Mike Bada, University of Colorado Anschutz Medical Campus" id="CHEBI_2015_08_26_Instance_300860" type="identity">
      <class id="CHEBI_PR_EXT:protein" label="protein"/>
      <span end="6725" id="15207008-4965" start="6717">proteins</span>
    </annotation>
    <annotation annotator="Mike Bada, University of Colorado Anschutz Medical Campus" id="CHEBI_2015_08_26_Instance_300862" type="identity">
      <class id="CHEBI_PR_EXT:protein" label="protein"/>
      <span end="8088" id="15207008-4967" start="8081">protein</span>
    </annotation>
    <annotation annotator="Mike Bada, University of Colorado Anschutz Medical Campus" id="CHEBI_2015_08_26_Instance_180284" type="identity">
      <class id="CHEBI_SO_EXT:base" label="base"/>
      <span end="8154" id="15207008-4921" start="8153">b</span>
    </annotation>
    <annotation annotator="Mike Bada, University of Colorado Anschutz Medical Campus" id="CHEBI_2015_08_26_Instance_180142" type="identity">
      <class id="CHEBI_SO_EXT:RNA" label="RNA"/>
      <span end="9608" id="15207008-4785" start="9605">RNA</span>
    </annotation>
    <annotation annotator="Mike Bada, University of Colorado Anschutz Medical Campus" id="CHEBI_2015_08_26_Instance_180144" type="identity">
      <class id="CHEBI_SO_EXT:base" label="base"/>
      <span end="9760" id="15207008-4787" start="9759">b</span>
    </annotation>
    <annotation annotator="Mike Bada, University of Colorado Anschutz Medical Campus" id="CHEBI_2015_08_26_Instance_180146" type="identity">
      <class id="CHEBI_SO_EXT:base" label="base"/>
      <span end="10774" id="15207008-4789" start="10773">b</span>
    </annotation>
    <annotation annotator="Mike Bada, University of Colorado Anschutz Medical Campus" id="CHEBI_2015_08_26_Instance_180148" type="identity">
      <class id="CHEBI_SO_EXT:base" label="base"/>
      <span end="10917" id="15207008-4791" start="10916">b</span>
    </annotation>
    <annotation annotator="" id="CHEBI_2015_08_26_backup_Instance_230" type="identity">
      <class id="CHEBI_SO_EXT:N_terminus_or_N_terminal_region" label="N-terminus or N-terminal region"/>
      <span end="11315" id="15207008-4717" start="11305">N-terminal</span>
    </annotation>
    <annotation annotator="" id="CHEBI_2015_08_26_backup_Instance_232" type="identity">
      <class id="CHEBI_SO_EXT:C_terminus_or_C_terminal_region" label="C-terminus or C-terminal region"/>
      <span end="11330" id="15207008-4719" start="11320">C-terminal</span>
    </annotation>
    <annotation annotator="Mike Bada, University of Colorado Anschutz Medical Campus" id="CHEBI_2015_08_26_Instance_300864" type="identity">
      <class id="CHEBI_PR_EXT:protein" label="protein"/>
      <span end="11376" id="15207008-4969" start="11368">proteins</span>
    </annotation>
    <annotation annotator="Mike Bada, University of Colorado Anschutz Medical Campus" id="CHEBI_2015_08_26_Instance_180152" type="identity">
      <class id="CHEBI_SO_EXT:oligonucleotide" label="oligonucleotide"/>
      <span end="11520" id="15207008-4793" start="11505">oligonucleotide</span>
    </annotation>
    <annotation annotator="Mike Bada, University of Colorado Anschutz Medical Campus" id="CHEBI_2015_08_26_Instance_180154" type="identity">
      <class id="CHEBI_SO_EXT:methionine" label="methionine"/>
      <span end="11632" id="15207008-4795" start="11622">methionine</span>
    </annotation>
    <annotation annotator="Mike Bada, University of Colorado Anschutz Medical Campus" id="CHEBI_2015_08_26_Instance_180156" type="identity">
      <class id="CHEBI_SO_EXT:base" label="base"/>
      <span end="11816" id="15207008-4797" start="11815">b</span>
    </annotation>
    <annotation annotator="Mike Bada, University of Colorado Anschutz Medical Campus" id="CHEBI_2015_08_26_Instance_180158" type="identity">
      <class id="CHEBI_SO_EXT:base" label="base"/>
      <span end="11984" id="15207008-4799" start="11983">b</span>
    </annotation>
    <annotation annotator="Mike Bada, University of Colorado Anschutz Medical Campus" id="CHEBI_2015_08_26_Instance_180160" type="identity">
      <class id="CHEBI_SO_EXT:RNA" label="RNA"/>
      <span end="12296" id="15207008-4801" start="12293">RNA</span>
    </annotation>
    <annotation annotator="Mike Bada, University of Colorado Anschutz Medical Campus" id="CHEBI_2015_08_26_Instance_180162" type="identity">
      <class id="CHEBI_SO_EXT:nucleotide" label="nucleotide"/>
      <span end="12432" id="15207008-4803" start="12421">nucleotides</span>
    </annotation>
    <annotation annotator="Mike Bada, University of Colorado Anschutz Medical Campus" id="CHEBI_2015_08_26_Instance_300866" type="identity">
      <class id="CHEBI_PR_EXT:protein" label="protein"/>
      <span end="13576" id="15207008-4971" start="13569">protein</span>
    </annotation>
    <annotation annotator="Mike Bada, University of Colorado Anschutz Medical Campus" id="CHEBI_2015_08_26_Instance_300868" type="identity">
      <class id="CHEBI_PR_EXT:protein" label="protein"/>
      <span end="14402" id="15207008-4973" start="14394">proteins</span>
    </annotation>
    <annotation annotator="Mike Bada, University of Colorado Anschutz Medical Campus" id="CHEBI_2015_08_26_Instance_300870" type="identity">
      <class id="CHEBI_PR_EXT:protein" label="protein"/>
      <span end="14515" id="15207008-4975" start="14507">proteins</span>
    </annotation>
    <annotation annotator="Mike Bada, University of Colorado Anschutz Medical Campus" id="CHEBI_2015_08_26_Instance_180164" type="identity">
      <class id="CHEBI_SO_EXT:base" label="base"/>
      <span end="17478" id="15207008-4805" start="17477">b</span>
    </annotation>
    <annotation annotator="Mike Bada, University of Colorado Anschutz Medical Campus" id="CHEBI_2015_08_26_Instance_180166" type="identity">
      <class id="CHEBI_SO_EXT:base" label="base"/>
      <span end="17592" id="15207008-4807" start="17591">b</span>
    </annotation>
    <annotation annotator="Mike Bada, University of Colorado Anschutz Medical Campus" id="CHEBI_2015_08_26_Instance_180168" type="identity">
      <class id="CHEBI_SO_EXT:base" label="base"/>
      <span end="17724" id="15207008-4809" start="17723">b</span>
    </annotation>
    <annotation annotator="Mike Bada, University of Colorado Anschutz Medical Campus" id="CHEBI_2015_08_26_Instance_180286" type="identity">
      <class id="CHEBI_SO_EXT:base" label="base"/>
      <span end="18347" id="15207008-4923" start="18346">b</span>
    </annotation>
    <annotation annotator="Mike Bada, University of Colorado Anschutz Medical Campus" id="CHEBI_2015_08_26_Instance_180170" type="identity">
      <class id="CHEBI_SO_EXT:base" label="base"/>
      <span end="18651" id="15207008-4811" start="18650">b</span>
    </annotation>
    <annotation annotator="Mike Bada, University of Colorado Anschutz Medical Campus" id="CHEBI_2015_08_26_Instance_180172" type="identity">
      <class id="CHEBI_SO_EXT:base" label="base"/>
      <span end="19622" id="15207008-4813" start="19621">b</span>
    </annotation>
    <annotation annotator="Mike Bada, University of Colorado Anschutz Medical Campus" id="CHEBI_2015_08_26_Instance_300872" type="identity">
      <class id="CHEBI_PR_EXT:protein" label="protein"/>
      <span end="21591" id="15207008-4977" start="21584">protein</span>
    </annotation>
    <annotation annotator="Mike Bada, University of Colorado Anschutz Medical Campus" id="CHEBI_2015_08_26_Instance_300874" type="identity">
      <class id="CHEBI_PR_EXT:protein" label="protein"/>
      <span end="21626" id="15207008-4979" start="21618">proteins</span>
    </annotation>
    <annotation annotator="Mike Bada, University of Colorado Anschutz Medical Campus" id="CHEBI_2015_08_26_Instance_180174" type="identity">
      <class id="CHEBI_SO_EXT:DNA" label="DNA"/>
      <span end="22016" id="15207008-4815" start="22013">DNA</span>
    </annotation>
    <annotation annotator="Mike Bada, University of Colorado Anschutz Medical Campus" id="CHEBI_2015_08_26_Instance_180176" type="identity">
      <class id="CHEBI_SO_EXT:peptide_or_peptide_region" label="peptide or peptide region"/>
      <span end="22376" id="15207008-4817" start="22368">peptides</span>
    </annotation>
    <annotation annotator="Mike Bada, University of Colorado Anschutz Medical Campus" id="CHEBI_2015_08_26_Instance_300876" type="identity">
      <class id="CHEBI_PR_EXT:protein" label="protein"/>
      <span end="22422" id="15207008-4981" start="22414">proteins</span>
    </annotation>
    <annotation annotator="Mike Bada, University of Colorado Anschutz Medical Campus" id="CHEBI_2015_08_26_Instance_330398" type="identity">
      <class id="CHEBI:15377" label="water"/>
      <span end="22520" id="15207008-5145" start="22515">water</span>
    </annotation>
    <annotation annotator="Mike Bada, University of Colorado Anschutz Medical Campus" id="CHEBI_2015_08_26_Instance_300878" type="identity">
      <class id="CHEBI_PR_EXT:protein" label="protein"/>
      <span end="22670" id="15207008-4983" start="22662">proteins</span>
    </annotation>
    <annotation annotator="" id="CHEBI_2015_08_26_backup_Instance_122" type="identity">
      <class id="CHEBI_SO_EXT:C_terminus_or_C_terminal_region" label="C-terminus or C-terminal region"/>
      <span end="22792" id="15207008-4715" start="22776">carboxy terminus</span>
    </annotation>
    <annotation annotator="Mike Bada, University of Colorado Anschutz Medical Campus" id="CHEBI_2015_08_26_Instance_300880" type="identity">
      <class id="CHEBI_PR_EXT:protein" label="protein"/>
      <span end="22807" id="15207008-4985" start="22800">protein</span>
    </annotation>
    <annotation annotator="Mike Bada, University of Colorado Anschutz Medical Campus" id="CHEBI_2015_08_26_Instance_300882" type="identity">
      <class id="CHEBI_PR_EXT:protein" label="protein"/>
      <span end="22850" id="15207008-4987" start="22843">protein</span>
    </annotation>
    <annotation annotator="Mike Bada, University of Colorado Anschutz Medical Campus" id="CHEBI_2015_08_26_Instance_300884" type="identity">
      <class id="CHEBI_PR_EXT:protein" label="protein"/>
      <span end="22904" id="15207008-4989" start="22897">protein</span>
    </annotation>
    <annotation annotator="Mike Bada, University of Colorado Anschutz Medical Campus" id="CHEBI_2015_08_26_Instance_180180" type="identity">
      <class id="CHEBI_SO_EXT:amino_acid" label="amino acid"/>
      <span end="23599" id="15207008-4819" start="23589">amino acid</span>
    </annotation>
    <annotation annotator="Mike Bada, University of Colorado Anschutz Medical Campus" id="CHEBI_2015_08_26_Instance_300886" type="identity">
      <class id="CHEBI_PR_EXT:protein" label="protein"/>
      <span end="23747" id="15207008-4991" start="23739">proteins</span>
    </annotation>
    <annotation annotator="Mike Bada, University of Colorado Anschutz Medical Campus" id="CHEBI_2015_08_26_Instance_180182" type="identity">
      <class id="CHEBI_SO_EXT:amino_acid" label="amino acid"/>
      <span end="23859" id="15207008-4821" start="23848">amino acids</span>
    </annotation>
    <annotation annotator="Mike Bada, University of Colorado Anschutz Medical Campus" id="CHEBI_2015_08_26_Instance_300888" type="identity">
      <class id="CHEBI_PR_EXT:protein" label="protein"/>
      <span end="23885" id="15207008-4993" start="23878">protein</span>
    </annotation>
    <annotation annotator="Mike Bada, University of Colorado Anschutz Medical Campus" id="CHEBI_2015_08_26_Instance_180184" type="identity">
      <class id="CHEBI_SO_EXT:amino_acid" label="amino acid"/>
      <span end="23905" id="15207008-4823" start="23894">amino acids</span>
    </annotation>
    <annotation annotator="Mike Bada, University of Colorado Anschutz Medical Campus" id="CHEBI_2015_08_26_Instance_300890" type="identity">
      <class id="CHEBI_PR_EXT:protein" label="protein"/>
      <span end="23932" id="15207008-4995" start="23925">protein</span>
    </annotation>
    <annotation annotator="" id="CHEBI_2015_08_26_backup_Instance_234" type="identity">
      <class id="CHEBI_SO_EXT:N_terminus_or_N_terminal_region" label="N-terminus or N-terminal region"/>
      <span end="24098" id="15207008-4721" start="24088">N-terminal</span>
    </annotation>
    <annotation annotator="Mike Bada, University of Colorado Anschutz Medical Campus" id="CHEBI_2015_08_26_Instance_180186" type="identity">
      <class id="CHEBI_SO_EXT:amino_acid" label="amino acid"/>
      <span end="24131" id="15207008-4825" start="24120">amino acids</span>
    </annotation>
    <annotation annotator="Mike Bada, University of Colorado Anschutz Medical Campus" id="CHEBI_2015_08_26_Instance_300892" type="identity">
      <class id="CHEBI_PR_EXT:protein" label="protein"/>
      <span end="24388" id="15207008-4997" start="24380">proteins</span>
    </annotation>
    <annotation annotator="Mike Bada, University of Colorado Anschutz Medical Campus" id="CHEBI_2015_08_26_Instance_180188" type="identity">
      <class id="CHEBI_SO_EXT:amino_acid" label="amino acid"/>
      <span end="24738" id="15207008-4827" start="24728">amino acid</span>
    </annotation>
    <annotation annotator="Mike Bada, University of Colorado Anschutz Medical Campus" id="CHEBI_2015_08_26_Instance_180190" type="identity">
      <class id="CHEBI_SO_EXT:DNA" label="DNA"/>
      <span end="25074" id="15207008-4829" start="25071">DNA</span>
    </annotation>
    <annotation annotator="Mike Bada, University of Colorado Anschutz Medical Campus" id="CHEBI_2015_08_26_Instance_300894" type="identity">
      <class id="CHEBI_PR_EXT:protein" label="protein"/>
      <span end="25333" id="15207008-4999" start="25326">protein</span>
    </annotation>
    <annotation annotator="Mike Bada, University of Colorado Anschutz Medical Campus" id="CHEBI_2015_08_26_Instance_300896" type="identity">
      <class id="CHEBI_PR_EXT:protein" label="protein"/>
      <span end="25360" id="15207008-5001" start="25353">protein</span>
    </annotation>
    <annotation annotator="Mike Bada, University of Colorado Anschutz Medical Campus" id="CHEBI_2015_08_26_Instance_180192" type="identity">
      <class id="CHEBI_SO_EXT:base" label="base"/>
      <span end="26027" id="15207008-4831" start="26026">b</span>
    </annotation>
    <annotation annotator="Mike Bada, University of Colorado Anschutz Medical Campus" id="CHEBI_2015_08_26_Instance_180194" type="identity">
      <class id="CHEBI_SO_EXT:RNA" label="RNA"/>
      <span end="27176" id="15207008-4833" start="27173">RNA</span>
    </annotation>
    <annotation annotator="Mike Bada, University of Colorado Anschutz Medical Campus" id="CHEBI_2015_08_26_Instance_180196" type="identity">
      <class id="CHEBI_SO_EXT:RNA" label="RNA"/>
      <span end="27317" id="15207008-4835" start="27314">RNA</span>
    </annotation>
    <annotation annotator="Mike Bada, University of Colorado Anschutz Medical Campus" id="CHEBI_2015_08_26_Instance_180198" type="identity">
      <class id="CHEBI_SO_EXT:RNA" label="RNA"/>
      <span end="27733" id="15207008-4837" start="27730">RNA</span>
    </annotation>
    <annotation annotator="Mike Bada, University of Colorado Anschutz Medical Campus" id="CHEBI_2015_08_26_Instance_180200" type="identity">
      <class id="CHEBI_SO_EXT:methionine" label="methionine"/>
      <span end="27920" id="15207008-4839" start="27910">methionine</span>
    </annotation>
    <annotation annotator="Mike Bada, University of Colorado Anschutz Medical Campus" id="CHEBI_2015_08_26_Instance_180288" type="identity">
      <class id="CHEBI_SO_EXT:base" label="base"/>
      <span end="28668" id="15207008-4925" start="28667">b</span>
    </annotation>
    <annotation annotator="Mike Bada, University of Colorado Anschutz Medical Campus" id="CHEBI_2015_08_26_Instance_300898" type="identity">
      <class id="CHEBI_PR_EXT:protein" label="protein"/>
      <span end="28735" id="15207008-5003" start="28728">protein</span>
    </annotation>
    <annotation annotator="Mike Bada, University of Colorado Anschutz Medical Campus" id="CHEBI_2015_08_26_Instance_300900" type="identity">
      <class id="CHEBI_PR_EXT:protein" label="protein"/>
      <span end="28757" id="15207008-5005" start="28750">protein</span>
    </annotation>
    <annotation annotator="Mike Bada, University of Colorado Anschutz Medical Campus" id="CHEBI_2015_08_26_Instance_300902" type="identity">
      <class id="CHEBI_PR_EXT:protein" label="protein"/>
      <span end="28875" id="15207008-5007" start="28868">protein</span>
    </annotation>
    <annotation annotator="Mike Bada, University of Colorado Anschutz Medical Campus" id="CHEBI_2015_08_26_Instance_300904" type="identity">
      <class id="CHEBI_PR_EXT:protein" label="protein"/>
      <span end="28977" id="15207008-5009" start="28970">protein</span>
    </annotation>
    <annotation annotator="Mike Bada, University of Colorado Anschutz Medical Campus" id="CHEBI_2015_08_26_Instance_300906" type="identity">
      <class id="CHEBI_PR_EXT:protein" label="protein"/>
      <span end="28985" id="15207008-5011" start="28978">protein</span>
    </annotation>
    <annotation annotator="Mike Bada, University of Colorado Anschutz Medical Campus" id="CHEBI_2015_08_26_Instance_300908" type="identity">
      <class id="CHEBI_PR_EXT:protein" label="protein"/>
      <span end="29243" id="15207008-5013" start="29235">proteins</span>
    </annotation>
    <annotation annotator="Mike Bada, University of Colorado Anschutz Medical Campus" id="CHEBI_2015_08_26_Instance_300910" type="identity">
      <class id="CHEBI_PR_EXT:protein" label="protein"/>
      <span end="29294" id="15207008-5015" start="29286">proteins</span>
    </annotation>
    <annotation annotator="Mike Bada, University of Colorado Anschutz Medical Campus" id="CHEBI_2015_08_26_Instance_300912" type="identity">
      <class id="CHEBI_PR_EXT:protein" label="protein"/>
      <span end="29384" id="15207008-5017" start="29376">proteins</span>
    </annotation>
    <annotation annotator="Mike Bada, University of Colorado Anschutz Medical Campus" id="CHEBI_2015_08_26_Instance_300914" type="identity">
      <class id="CHEBI_PR_EXT:protein" label="protein"/>
      <span end="29569" id="15207008-5019" start="29561">proteins</span>
    </annotation>
    <annotation annotator="Mike Bada, University of Colorado Anschutz Medical Campus" id="CHEBI_2015_08_26_Instance_300916" type="identity">
      <class id="CHEBI_PR_EXT:protein" label="protein"/>
      <span end="29803" id="15207008-5021" start="29795">proteins</span>
    </annotation>
    <annotation annotator="Mike Bada, University of Colorado Anschutz Medical Campus" id="CHEBI_2015_08_26_Instance_300918" type="identity">
      <class id="CHEBI_PR_EXT:protein" label="protein"/>
      <span end="30181" id="15207008-5023" start="30173">proteins</span>
    </annotation>
    <annotation annotator="Mike Bada, University of Colorado Anschutz Medical Campus" id="CHEBI_2015_08_26_Instance_300920" type="identity">
      <class id="CHEBI_PR_EXT:protein" label="protein"/>
      <span end="30782" id="15207008-5025" start="30774">proteins</span>
    </annotation>
    <annotation annotator="Mike Bada, University of Colorado Anschutz Medical Campus" id="CHEBI_2015_08_26_Instance_17095" type="identity">
      <class id="CHEBI:15358" label="histone"/>
      <span end="30912" id="15207008-4743" start="30905">histone</span>
    </annotation>
    <annotation annotator="Mike Bada, University of Colorado Anschutz Medical Campus" id="CHEBI_2015_08_26_Instance_180202" type="identity">
      <class id="CHEBI_GO_EXT:hormone" label="hormone"/>
      <span end="31118" id="15207008-4841" start="31111">hormone</span>
    </annotation>
    <annotation annotator="Mike Bada, University of Colorado Anschutz Medical Campus" id="CHEBI_2015_08_26_Instance_300922" type="identity">
      <class id="CHEBI_PR_EXT:protein" label="protein"/>
      <span end="31248" id="15207008-5027" start="31240">proteins</span>
    </annotation>
    <annotation annotator="Mike Bada, University of Colorado Anschutz Medical Campus" id="CHEBI_2015_08_26_Instance_180204" type="identity">
      <class id="CHEBI_SO_EXT:RNA" label="RNA"/>
      <span end="31257" id="15207008-4843" start="31254">RNA</span>
    </annotation>
    <annotation annotator="Mike Bada, University of Colorado Anschutz Medical Campus" id="CHEBI_2015_08_26_Instance_300924" type="identity">
      <class id="CHEBI_PR_EXT:protein" label="protein"/>
      <span end="31273" id="15207008-5029" start="31266">protein</span>
    </annotation>
    <annotation annotator="Mike Bada, University of Colorado Anschutz Medical Campus" id="CHEBI_2015_08_26_Instance_180206" type="identity">
      <class id="CHEBI_SO_EXT:DNA" label="DNA"/>
      <span end="31386" id="15207008-4845" start="31383">DNA</span>
    </annotation>
    <annotation annotator="Mike Bada, University of Colorado Anschutz Medical Campus" id="CHEBI_2015_08_26_Instance_300926" type="identity">
      <class id="CHEBI_PR_EXT:protein" label="protein"/>
      <span end="31444" id="15207008-5031" start="31437">protein</span>
    </annotation>
    <annotation annotator="Mike Bada, University of Colorado Anschutz Medical Campus" id="CHEBI_2015_08_26_Instance_180208" type="identity">
      <class id="CHEBI_SO_EXT:DNA" label="DNA"/>
      <span end="31485" id="15207008-4847" start="31482">DNA</span>
    </annotation>
    <annotation annotator="Mike Bada, University of Colorado Anschutz Medical Campus" id="CHEBI_2015_08_26_Instance_300928" type="identity">
      <class id="CHEBI_PR_EXT:protein" label="protein"/>
      <span end="31638" id="15207008-5033" start="31630">proteins</span>
    </annotation>
    <annotation annotator="Mike Bada, University of Colorado Anschutz Medical Campus" id="CHEBI_2015_08_26_Instance_300930" type="identity">
      <class id="CHEBI_PR_EXT:protein" label="protein"/>
      <span end="31875" id="15207008-5035" start="31867">proteins</span>
    </annotation>
    <annotation annotator="Mike Bada, University of Colorado Anschutz Medical Campus" id="CHEBI_2015_08_26_Instance_17071" type="identity">
      <class id="CHEBI:15358" label="histone"/>
      <span end="32198" id="15207008-4729" start="32191">histone</span>
    </annotation>
    <annotation annotator="Mike Bada, University of Colorado Anschutz Medical Campus" id="CHEBI_2015_08_26_Instance_180210" type="identity">
      <class id="CHEBI_SO_EXT:DNA" label="DNA"/>
      <span end="32223" id="15207008-4849" start="32220">DNA</span>
    </annotation>
    <annotation annotator="Mike Bada, University of Colorado Anschutz Medical Campus" id="CHEBI_2015_08_26_Instance_180212" type="identity">
      <class id="CHEBI_SO_EXT:RNA" label="RNA"/>
      <span end="32268" id="15207008-4851" start="32265">RNA</span>
    </annotation>
    <annotation annotator="Mike Bada, University of Colorado Anschutz Medical Campus" id="CHEBI_2015_08_26_Instance_180214" type="identity">
      <class id="CHEBI_GO_EXT:hormone" label="hormone"/>
      <span end="32446" id="15207008-4853" start="32439">hormone</span>
    </annotation>
    <annotation annotator="Mike Bada, University of Colorado Anschutz Medical Campus" id="CHEBI_2015_08_26_Instance_300932" type="identity">
      <class id="CHEBI_PR_EXT:protein" label="protein"/>
      <span end="33324" id="15207008-5037" start="33316">proteins</span>
    </annotation>
    <annotation annotator="Mike Bada, University of Colorado Anschutz Medical Campus" id="CHEBI_2015_08_26_Instance_180216" type="identity">
      <class id="CHEBI_EXT:zinc" label="zinc"/>
      <span end="33453" id="15207008-4855" start="33449">zinc</span>
    </annotation>
    <annotation annotator="Mike Bada, University of Colorado Anschutz Medical Campus" id="CHEBI_2015_08_26_Instance_300934" type="identity">
      <class id="CHEBI_PR_EXT:protein" label="protein"/>
      <span end="33506" id="15207008-5039" start="33499">protein</span>
    </annotation>
    <annotation annotator="Mike Bada, University of Colorado Anschutz Medical Campus" id="CHEBI_2015_08_26_Instance_300936" type="identity">
      <class id="CHEBI_PR_EXT:protein" label="protein"/>
      <span end="33606" id="15207008-5041" start="33598">proteins</span>
    </annotation>
    <annotation annotator="Mike Bada, University of Colorado Anschutz Medical Campus" id="CHEBI_2015_08_26_Instance_300938" type="identity">
      <class id="CHEBI_PR_EXT:protein" label="protein"/>
      <span end="33642" id="15207008-5043" start="33634">proteins</span>
    </annotation>
    <annotation annotator="Mike Bada, University of Colorado Anschutz Medical Campus" id="CHEBI_2015_08_26_Instance_300940" type="identity">
      <class id="CHEBI_PR_EXT:protein" label="protein"/>
      <span end="33680" id="15207008-5045" start="33673">protein</span>
    </annotation>
    <annotation annotator="Mike Bada, University of Colorado Anschutz Medical Campus" id="CHEBI_2015_08_26_Instance_180218" type="identity">
      <class id="CHEBI_SO_EXT:glutamine" label="glutamine"/>
      <span end="33891" id="15207008-4857" start="33882">glutamine</span>
    </annotation>
    <annotation annotator="Mike Bada, University of Colorado Anschutz Medical Campus" id="CHEBI_2015_08_26_Instance_180220" type="identity">
      <class id="CHEBI_EXT:guanine_nucleobase_or_nucleoside_or_nucleotide_molecular_entity_or_group" label="guanine nucleobase/nucleoside/nucleotide molecular entity or group"/>
      <span end="33941" id="15207008-4859" start="33940">G</span>
    </annotation>
    <annotation annotator="Mike Bada, University of Colorado Anschutz Medical Campus" id="CHEBI_2015_08_26_Instance_300942" type="identity">
      <class id="CHEBI_PR_EXT:protein" label="protein"/>
      <span end="34057" id="15207008-5047" start="34049">proteins</span>
    </annotation>
    <annotation annotator="Mike Bada, University of Colorado Anschutz Medical Campus" id="CHEBI_2015_08_26_Instance_300944" type="identity">
      <class id="CHEBI_PR_EXT:protein" label="protein"/>
      <span end="34324" id="15207008-5049" start="34316">proteins</span>
    </annotation>
    <annotation annotator="Mike Bada, University of Colorado Anschutz Medical Campus" id="CHEBI_2015_08_26_Instance_300946" type="identity">
      <class id="CHEBI_PR_EXT:protein" label="protein"/>
      <span end="34383" id="15207008-5051" start="34375">proteins</span>
    </annotation>
    <annotation annotator="Mike Bada, University of Colorado Anschutz Medical Campus" id="CHEBI_2015_08_26_Instance_300948" type="identity">
      <class id="CHEBI_PR_EXT:protein" label="protein"/>
      <span end="34450" id="15207008-5053" start="34442">proteins</span>
    </annotation>
    <annotation annotator="Mike Bada, University of Colorado Anschutz Medical Campus" id="CHEBI_2015_08_26_Instance_180222" type="identity">
      <class id="CHEBI_SO_EXT:RNA" label="RNA"/>
      <span end="34535" id="15207008-4861" start="34532">RNA</span>
    </annotation>
    <annotation annotator="Mike Bada, University of Colorado Anschutz Medical Campus" id="CHEBI_2015_08_26_Instance_300950" type="identity">
      <class id="CHEBI_PR_EXT:protein" label="protein"/>
      <span end="34615" id="15207008-5055" start="34607">proteins</span>
    </annotation>
    <annotation annotator="Mike Bada, University of Colorado Anschutz Medical Campus" id="CHEBI_2015_08_26_Instance_300952" type="identity">
      <class id="CHEBI_PR_EXT:protein" label="protein"/>
      <span end="34725" id="15207008-5057" start="34718">protein</span>
    </annotation>
    <annotation annotator="Mike Bada, University of Colorado Anschutz Medical Campus" id="CHEBI_2015_08_26_Instance_300954" type="identity">
      <class id="CHEBI_PR_EXT:protein" label="protein"/>
      <span end="34989" id="15207008-5059" start="34982">protein</span>
    </annotation>
    <annotation annotator="Mike Bada, University of Colorado Anschutz Medical Campus" id="CHEBI_2015_08_26_Instance_300956" type="identity">
      <class id="CHEBI_PR_EXT:protein" label="protein"/>
      <span end="35203" id="15207008-5061" start="35196">protein</span>
    </annotation>
    <annotation annotator="Mike Bada, University of Colorado Anschutz Medical Campus" id="CHEBI_2015_08_26_Instance_180224" type="identity">
      <class id="CHEBI_GO_SO_EXT:enzyme" label="enzyme"/>
      <span end="35233" id="15207008-4863" start="35227">enzyme</span>
    </annotation>
    <annotation annotator="Mike Bada, University of Colorado Anschutz Medical Campus" id="CHEBI_2015_08_26_Instance_300958" type="identity">
      <class id="CHEBI_PR_EXT:protein" label="protein"/>
      <span end="35470" id="15207008-5063" start="35463">protein</span>
    </annotation>
    <annotation annotator="Mike Bada, University of Colorado Anschutz Medical Campus" id="CHEBI_2015_08_26_Instance_300960" type="identity">
      <class id="CHEBI_PR_EXT:protein" label="protein"/>
      <span end="35520" id="15207008-5065" start="35513">protein</span>
    </annotation>
    <annotation annotator="Mike Bada, University of Colorado Anschutz Medical Campus" id="CHEBI_2015_08_26_Instance_300962" type="identity">
      <class id="CHEBI_PR_EXT:protein" label="protein"/>
      <span end="35773" id="15207008-5067" start="35765">proteins</span>
    </annotation>
    <annotation annotator="Mike Bada, University of Colorado Anschutz Medical Campus" id="CHEBI_2015_08_26_Instance_180226" type="identity">
      <class id="CHEBI_SO_EXT:RNA" label="RNA"/>
      <span end="36011" id="15207008-4865" start="36008">RNA</span>
    </annotation>
    <annotation annotator="Mike Bada, University of Colorado Anschutz Medical Campus" id="CHEBI_2015_08_26_Instance_300964" type="identity">
      <class id="CHEBI_PR_EXT:protein" label="protein"/>
      <span end="36119" id="15207008-5069" start="36111">proteins</span>
    </annotation>
    <annotation annotator="Mike Bada, University of Colorado Anschutz Medical Campus" id="CHEBI_2015_08_26_Instance_300966" type="identity">
      <class id="CHEBI_PR_EXT:protein" label="protein"/>
      <span end="36200" id="15207008-5071" start="36192">proteins</span>
    </annotation>
    <annotation annotator="Mike Bada, University of Colorado Anschutz Medical Campus" id="CHEBI_2015_08_26_Instance_300968" type="identity">
      <class id="CHEBI_PR_EXT:protein" label="protein"/>
      <span end="36237" id="15207008-5073" start="36229">proteins</span>
    </annotation>
    <annotation annotator="Mike Bada, University of Colorado Anschutz Medical Campus" id="CHEBI_2015_08_26_Instance_18053" type="identity">
      <class id="CHEBI:15358" label="histone"/>
      <span end="36357" id="15207008-4927" start="36350">histone</span>
    </annotation>
    <annotation annotator="Mike Bada, University of Colorado Anschutz Medical Campus" id="CHEBI_2015_08_26_Instance_17075" type="identity">
      <class id="CHEBI:26537" label="retinoid"/>
      <span end="36435" id="15207008-4731" start="36427">retinoid</span>
    </annotation>
    <annotation annotator="Mike Bada, University of Colorado Anschutz Medical Campus" id="CHEBI_2015_08_26_Instance_300970" type="identity">
      <class id="CHEBI_PR_EXT:protein" label="protein"/>
      <span end="36461" id="15207008-5075" start="36454">protein</span>
    </annotation>
    <annotation annotator="Mike Bada, University of Colorado Anschutz Medical Campus" id="CHEBI_2015_08_26_Instance_180228" type="identity">
      <class id="CHEBI_GO_EXT:hormone" label="hormone"/>
      <span end="36663" id="15207008-4867" start="36656">hormone</span>
    </annotation>
    <annotation annotator="Mike Bada, University of Colorado Anschutz Medical Campus" id="CHEBI_2015_08_26_Instance_300972" type="identity">
      <class id="CHEBI_PR_EXT:protein" label="protein"/>
      <span end="36745" id="15207008-5077" start="36738">protein</span>
    </annotation>
    <annotation annotator="Mike Bada, University of Colorado Anschutz Medical Campus" id="CHEBI_2015_08_26_Instance_300974" type="identity">
      <class id="CHEBI_PR_EXT:protein" label="protein"/>
      <span end="36835" id="15207008-5079" start="36828">protein</span>
    </annotation>
    <annotation annotator="Mike Bada, University of Colorado Anschutz Medical Campus" id="CHEBI_2015_08_26_Instance_300976" type="identity">
      <class id="CHEBI_PR_EXT:protein" label="protein"/>
      <span end="36983" id="15207008-5081" start="36975">proteins</span>
    </annotation>
    <annotation annotator="Mike Bada, University of Colorado Anschutz Medical Campus" id="CHEBI_2015_08_26_Instance_300978" type="identity">
      <class id="CHEBI_PR_EXT:protein" label="protein"/>
      <span end="37220" id="15207008-5083" start="37213">protein</span>
    </annotation>
    <annotation annotator="Mike Bada, University of Colorado Anschutz Medical Campus" id="CHEBI_2015_08_26_Instance_300980" type="identity">
      <class id="CHEBI_PR_EXT:protein" label="protein"/>
      <span end="37764" id="15207008-5085" start="37757">protein</span>
    </annotation>
    <annotation annotator="Mike Bada, University of Colorado Anschutz Medical Campus" id="CHEBI_2015_08_26_Instance_300982" type="identity">
      <class id="CHEBI_PR_EXT:protein" label="protein"/>
      <span end="37937" id="15207008-5087" start="37927">protein(s)</span>
    </annotation>
    <annotation annotator="Mike Bada, University of Colorado Anschutz Medical Campus" id="CHEBI_2015_08_26_Instance_300984" type="identity">
      <class id="CHEBI_PR_EXT:protein" label="protein"/>
      <span end="37991" id="15207008-5089" start="37984">protein</span>
    </annotation>
    <annotation annotator="Mike Bada, University of Colorado Anschutz Medical Campus" id="CHEBI_2015_08_26_Instance_300986" type="identity">
      <class id="CHEBI_PR_EXT:protein" label="protein"/>
      <span end="38179" id="15207008-5091" start="38172">protein</span>
    </annotation>
    <annotation annotator="Mike Bada, University of Colorado Anschutz Medical Campus" id="CHEBI_2015_08_26_Instance_17077" type="identity">
      <class id="CHEBI:8984" label="sodium dodecyl sulfate"/>
      <span end="38530" id="15207008-4733" start="38527">SDS</span>
    </annotation>
    <annotation annotator="Mike Bada, University of Colorado Anschutz Medical Campus" id="CHEBI_2015_08_26_Instance_180230" type="identity">
      <class id="CHEBI_EXT:polyacrylamide" label="polyacrylamide"/>
      <span end="38545" id="15207008-4869" start="38531">polyacrylamide</span>
    </annotation>
    <annotation annotator="Mike Bada, University of Colorado Anschutz Medical Campus" id="CHEBI_2015_08_26_Instance_300988" type="identity">
      <class id="CHEBI_PR_EXT:protein" label="protein"/>
      <span end="38697" id="15207008-5093" start="38690">protein</span>
    </annotation>
    <annotation annotator="Mike Bada, University of Colorado Anschutz Medical Campus" id="CHEBI_2015_08_26_Instance_300990" type="identity">
      <class id="CHEBI_PR_EXT:protein" label="protein"/>
      <span end="39347" id="15207008-5095" start="39339">proteins</span>
    </annotation>
    <annotation annotator="Mike Bada, University of Colorado Anschutz Medical Campus" id="CHEBI_2015_08_26_Instance_300992" type="identity">
      <class id="CHEBI_PR_EXT:protein" label="protein"/>
      <span end="39408" id="15207008-5097" start="39400">proteins</span>
    </annotation>
    <annotation annotator="Mike Bada, University of Colorado Anschutz Medical Campus" id="CHEBI_2015_08_26_Instance_300994" type="identity">
      <class id="CHEBI_PR_EXT:protein" label="protein"/>
      <span end="39457" id="15207008-5099" start="39450">protein</span>
    </annotation>
    <annotation annotator="Mike Bada, University of Colorado Anschutz Medical Campus" id="CHEBI_2015_08_26_Instance_180232" type="identity">
      <class id="CHEBI_SO_EXT:DNA" label="DNA"/>
      <span end="39483" id="15207008-4871" start="39480">DNA</span>
    </annotation>
    <annotation annotator="Mike Bada, University of Colorado Anschutz Medical Campus" id="CHEBI_2015_08_26_Instance_300996" type="identity">
      <class id="CHEBI_PR_EXT:protein" label="protein"/>
      <span end="39506" id="15207008-5101" start="39499">protein</span>
    </annotation>
    <annotation annotator="Mike Bada, University of Colorado Anschutz Medical Campus" id="CHEBI_2015_08_26_Instance_180234" type="identity">
      <class id="CHEBI_SO_EXT:RNA" label="RNA"/>
      <span end="39523" id="15207008-4873" start="39520">RNA</span>
    </annotation>
    <annotation annotator="Mike Bada, University of Colorado Anschutz Medical Campus" id="CHEBI_2015_08_26_Instance_300998" type="identity">
      <class id="CHEBI_PR_EXT:protein" label="protein"/>
      <span end="39712" id="15207008-5103" start="39704">proteins</span>
    </annotation>
    <annotation annotator="Mike Bada, University of Colorado Anschutz Medical Campus" id="CHEBI_2015_08_26_Instance_301000" type="identity">
      <class id="CHEBI_PR_EXT:protein" label="protein"/>
      <span end="39838" id="15207008-5105" start="39830">proteins</span>
    </annotation>
    <annotation annotator="Mike Bada, University of Colorado Anschutz Medical Campus" id="CHEBI_2015_08_26_Instance_180236" type="identity">
      <class id="CHEBI_GO_EXT:hormone" label="hormone"/>
      <span end="39855" id="15207008-4875" start="39848">hormone</span>
    </annotation>
    <annotation annotator="Mike Bada, University of Colorado Anschutz Medical Campus" id="CHEBI_2015_08_26_Instance_301002" type="identity">
      <class id="CHEBI_PR_EXT:protein" label="protein"/>
      <span end="39892" id="15207008-5107" start="39884">proteins</span>
    </annotation>
    <annotation annotator="Mike Bada, University of Colorado Anschutz Medical Campus" id="CHEBI_2015_08_26_Instance_301004" type="identity">
      <class id="CHEBI_PR_EXT:protein" label="protein"/>
      <span end="40047" id="15207008-5109" start="40040">protein</span>
    </annotation>
    <annotation annotator="Mike Bada, University of Colorado Anschutz Medical Campus" id="CHEBI_2015_08_26_Instance_18055" type="identity">
      <class id="CHEBI:33848" label="polycyclic arene"/>
      <span end="40185" id="15207008-4929" start="40160">polyaromatic hydrocarbons</span>
    </annotation>
    <annotation annotator="Mike Bada, University of Colorado Anschutz Medical Campus" id="CHEBI_2015_08_26_Instance_17087" type="identity">
      <class id="CHEBI:15358" label="histone"/>
      <span end="40359" id="15207008-4735" start="40352">histone</span>
    </annotation>
    <annotation annotator="Mike Bada, University of Colorado Anschutz Medical Campus" id="CHEBI_2015_08_26_Instance_301006" type="identity">
      <class id="CHEBI_PR_EXT:protein" label="protein"/>
      <span end="40444" id="15207008-5111" start="40436">proteins</span>
    </annotation>
    <annotation annotator="Mike Bada, University of Colorado Anschutz Medical Campus" id="CHEBI_2015_08_26_Instance_301008" type="identity">
      <class id="CHEBI_PR_EXT:protein" label="protein"/>
      <span end="40543" id="15207008-5113" start="40535">proteins</span>
    </annotation>
    <annotation annotator="Mike Bada, University of Colorado Anschutz Medical Campus" id="CHEBI_2015_08_26_Instance_17089" type="identity">
      <class id="CHEBI:15358" label="histone"/>
      <span end="40582" id="15207008-4737" start="40575">histone</span>
    </annotation>
    <annotation annotator="Mike Bada, University of Colorado Anschutz Medical Campus" id="CHEBI_2015_08_26_Instance_17091" type="identity">
      <class id="CHEBI:15358" label="histone"/>
      <span end="40707" id="15207008-4739" start="40700">histone</span>
    </annotation>
    <annotation annotator="Mike Bada, University of Colorado Anschutz Medical Campus" id="CHEBI_2015_08_26_Instance_180238" type="identity">
      <class id="CHEBI_SO_EXT:RNA" label="RNA"/>
      <span end="40820" id="15207008-4877" start="40817">RNA</span>
    </annotation>
    <annotation annotator="Mike Bada, University of Colorado Anschutz Medical Campus" id="CHEBI_2015_08_26_Instance_301010" type="identity">
      <class id="CHEBI_PR_EXT:protein" label="protein"/>
      <span end="41069" id="15207008-5115" start="41062">protein</span>
    </annotation>
    <annotation annotator="Mike Bada, University of Colorado Anschutz Medical Campus" id="CHEBI_2015_08_26_Instance_301012" type="identity">
      <class id="CHEBI_PR_EXT:protein" label="protein"/>
      <span end="41376" id="15207008-5117" start="41369">protein</span>
    </annotation>
    <annotation annotator="Mike Bada, University of Colorado Anschutz Medical Campus" id="CHEBI_2015_08_26_Instance_17093" type="identity">
      <class id="CHEBI:15358" label="histone"/>
      <span end="41443" id="15207008-4741" start="41436">histone</span>
    </annotation>
    <annotation annotator="Mike Bada, University of Colorado Anschutz Medical Campus" id="CHEBI_2015_08_26_Instance_180240" type="identity">
      <class id="CHEBI_SO_EXT:base" label="base"/>
      <span end="41576" id="15207008-4879" start="41575">b</span>
    </annotation>
    <annotation annotator="Mike Bada, University of Colorado Anschutz Medical Campus" id="CHEBI_2015_08_26_Instance_301014" type="identity">
      <class id="CHEBI_PR_EXT:protein" label="protein"/>
      <span end="41635" id="15207008-5119" start="41628">protein</span>
    </annotation>
    <annotation annotator="Mike Bada, University of Colorado Anschutz Medical Campus" id="CHEBI_2015_08_26_Instance_180242" type="identity">
      <class id="CHEBI_SO_EXT:DNA" label="DNA"/>
      <span end="42117" id="15207008-4881" start="42114">DNA</span>
    </annotation>
    <annotation annotator="Mike Bada, University of Colorado Anschutz Medical Campus" id="CHEBI_2015_08_26_Instance_180244" type="identity">
      <class id="CHEBI_SO_EXT:peptide_or_peptide_region" label="peptide or peptide region"/>
      <span end="42319" id="15207008-4883" start="42311">peptides</span>
    </annotation>
    <annotation annotator="Mike Bada, University of Colorado Anschutz Medical Campus" id="CHEBI_2015_08_26_Instance_301016" type="identity">
      <class id="CHEBI_PR_EXT:protein" label="protein"/>
      <span end="42365" id="15207008-5121" start="42357">proteins</span>
    </annotation>
    <annotation annotator="Mike Bada, University of Colorado Anschutz Medical Campus" id="CHEBI_2015_08_26_Instance_330400" type="identity">
      <class id="CHEBI:15377" label="water"/>
      <span end="42448" id="15207008-5147" start="42443">water</span>
    </annotation>
    <annotation annotator="Mike Bada, University of Colorado Anschutz Medical Campus" id="CHEBI_2015_08_26_Instance_180246" type="identity">
      <class id="CHEBI_SO_EXT:methionine" label="methionine"/>
      <span end="43287" id="15207008-4885" start="43277">methionine</span>
    </annotation>
    <annotation annotator="Mike Bada, University of Colorado Anschutz Medical Campus" id="CHEBI_2015_08_26_Instance_180248" type="identity">
      <class id="CHEBI_EXT:adenine_nucleobase_or_nucleoside_or_nucleotide_molecular_entity_or_group" label="adenine nucleobase/nucleoside/nucleotide molecular entity or group"/>
      <span end="44194" id="15207008-4887" start="44193">A</span>
    </annotation>
    <annotation annotator="Mike Bada, University of Colorado Anschutz Medical Campus" id="CHEBI_2015_08_26_Instance_180250" type="identity">
      <class id="CHEBI_SO_EXT:mRNA" label="mRNA"/>
      <span end="44200" id="15207008-4889" start="44196">mRNA</span>
    </annotation>
    <annotation annotator="Mike Bada, University of Colorado Anschutz Medical Campus" id="CHEBI_2015_08_26_Instance_180254" type="identity">
      <class id="CHEBI_SO_EXT:RNA" label="RNA"/>
      <span end="44240" id="15207008-4891" start="44237">RNA</span>
    </annotation>
    <annotation annotator="Mike Bada, University of Colorado Anschutz Medical Campus" id="CHEBI_2015_08_26_Instance_180256" type="identity">
      <class id="CHEBI_SO_EXT:RNA" label="RNA"/>
      <span end="44407" id="15207008-4893" start="44404">RNA</span>
    </annotation>
    <annotation annotator="Mike Bada, University of Colorado Anschutz Medical Campus" id="CHEBI_2015_08_26_Instance_180258" type="identity">
      <class id="CHEBI_EXT:adenine_nucleobase_or_nucleoside_or_nucleotide_molecular_entity_or_group" label="adenine nucleobase/nucleoside/nucleotide molecular entity or group"/>
      <span end="44426" id="15207008-4895" start="44425">A</span>
    </annotation>
    <annotation annotator="Mike Bada, University of Colorado Anschutz Medical Campus" id="CHEBI_2015_08_26_Instance_180260" type="identity">
      <class id="CHEBI_SO_EXT:mRNA" label="mRNA"/>
      <span end="44432" id="15207008-4897" start="44428">mRNA</span>
    </annotation>
    <annotation annotator="Mike Bada, University of Colorado Anschutz Medical Campus" id="CHEBI_2015_08_26_Instance_180262" type="identity">
      <class id="CHEBI:33694" label="biomacromolecule"/>
      <span end="44672" id="15207008-4899" start="44662">Biopolymer</span>
    </annotation>
    <annotation annotator="Mike Bada, University of Colorado Anschutz Medical Campus" id="CHEBI_2015_08_26_Instance_180264" type="identity">
      <class id="CHEBI_SO_EXT:nucleotide" label="nucleotide"/>
      <span end="44713" id="15207008-4901" start="44703">nucleotide</span>
    </annotation>
    <annotation annotator="Mike Bada, University of Colorado Anschutz Medical Campus" id="CHEBI_2015_08_26_Instance_301018" type="identity">
      <class id="CHEBI_PR_EXT:protein" label="protein"/>
      <span end="45873" id="15207008-5123" start="45865">proteins</span>
    </annotation>
    <annotation annotator="Mike Bada, University of Colorado Anschutz Medical Campus" id="CHEBI_2015_08_26_Instance_301020" type="identity">
      <class id="CHEBI_PR_EXT:protein" label="protein"/>
      <span end="45913" id="15207008-5125" start="45906">protein</span>
    </annotation>
    <annotation annotator="Mike Bada, University of Colorado Anschutz Medical Campus" id="CHEBI_2015_08_26_Instance_301022" type="identity">
      <class id="CHEBI_PR_EXT:protein" label="protein"/>
      <span end="46685" id="15207008-5127" start="46678">protein</span>
    </annotation>
    <annotation annotator="Mike Bada, University of Colorado Anschutz Medical Campus" id="CHEBI_2015_08_26_Instance_301024" type="identity">
      <class id="CHEBI_PR_EXT:protein" label="protein"/>
      <span end="47611" id="15207008-5129" start="47604">protein</span>
    </annotation>
    <annotation annotator="Mike Bada, University of Colorado Anschutz Medical Campus" id="CHEBI_2015_08_26_Instance_301026" type="identity">
      <class id="CHEBI_PR_EXT:protein" label="protein"/>
      <span end="47864" id="15207008-5131" start="47856">proteins</span>
    </annotation>
    <annotation annotator="Mike Bada, University of Colorado Anschutz Medical Campus" id="CHEBI_2015_08_26_Instance_301028" type="identity">
      <class id="CHEBI_PR_EXT:protein" label="protein"/>
      <span end="48505" id="15207008-5133" start="48497">proteins</span>
    </annotation>
    <annotation annotator="Mike Bada, University of Colorado Anschutz Medical Campus" id="CHEBI_2015_08_26_Instance_180266" type="identity">
      <class id="CHEBI:61448" label="isopropyl beta-D-thiogalactopyranoside"/>
      <span end="48565" id="15207008-4903" start="48561">IPTG</span>
    </annotation>
    <annotation annotator="Mike Bada, University of Colorado Anschutz Medical Campus" id="CHEBI_2015_08_26_Instance_17101" type="identity">
      <class id="CHEBI:9754" label="tris"/>
      <span end="48658" id="15207008-4745" start="48654">Tris</span>
    </annotation>
    <annotation annotator="Mike Bada, University of Colorado Anschutz Medical Campus" id="CHEBI_2015_08_26_Instance_17103" type="identity">
      <class id="CHEBI:17883" label="hydrogen chloride"/>
      <span end="48662" id="15207008-4747" start="48659">HCl</span>
    </annotation>
    <annotation annotator="Mike Bada, University of Colorado Anschutz Medical Campus" id="CHEBI_2015_08_26_Instance_17105" type="identity">
      <class id="CHEBI:26710" label="sodium chloride"/>
      <span end="48682" id="15207008-4749" start="48678">NaCl</span>
    </annotation>
    <annotation annotator="Mike Bada, University of Colorado Anschutz Medical Campus" id="CHEBI_2015_08_26_Instance_180268" type="identity">
      <class id="CHEBI_EXT:EDTA" label="EDTA"/>
      <span end="48693" id="15207008-4905" start="48689">EDTA</span>
    </annotation>
    <annotation annotator="Mike Bada, University of Colorado Anschutz Medical Campus" id="CHEBI_2015_08_26_Instance_290312" type="identity">
      <class id="CHEBI_GO_EXT:peptidase_or_protease_or_proteinase_inhibitor" label="peptidase/protease/proteinase inhibitor"/>
      <span end="48719" id="15207008-4931" start="48701">Protease inhibitor</span>
    </annotation>
    <annotation annotator="Mike Bada, University of Colorado Anschutz Medical Campus" id="CHEBI_2015_08_26_Instance_17111" type="identity">
      <class id="CHEBI:16856" label="glutathione"/>
      <span end="48894" id="15207008-4751" start="48883">glutathione</span>
    </annotation>
    <annotation annotator="Mike Bada, University of Colorado Anschutz Medical Campus" id="CHEBI_2015_08_26_Instance_17113" type="identity">
      <class id="CHEBI:9754" label="tris"/>
      <span end="48932" id="15207008-4753" start="48928">Tris</span>
    </annotation>
    <annotation annotator="Mike Bada, University of Colorado Anschutz Medical Campus" id="CHEBI_2015_08_26_Instance_17115" type="identity">
      <class id="CHEBI:17883" label="hydrogen chloride"/>
      <span end="48936" id="15207008-4755" start="48933">HCl</span>
    </annotation>
    <annotation annotator="Mike Bada, University of Colorado Anschutz Medical Campus" id="CHEBI_2015_08_26_Instance_17117" type="identity">
      <class id="CHEBI:26710" label="sodium chloride"/>
      <span end="48956" id="15207008-4757" start="48952">NaCl</span>
    </annotation>
    <annotation annotator="Mike Bada, University of Colorado Anschutz Medical Campus" id="CHEBI_2015_08_26_Instance_180270" type="identity">
      <class id="CHEBI_EXT:EDTA" label="EDTA"/>
      <span end="48967" id="15207008-4907" start="48963">EDTA</span>
    </annotation>
    <annotation annotator="Mike Bada, University of Colorado Anschutz Medical Campus" id="CHEBI_2015_08_26_Instance_301030" type="identity">
      <class id="CHEBI_PR_EXT:protein" label="protein"/>
      <span end="49057" id="15207008-5135" start="49050">protein</span>
    </annotation>
    <annotation annotator="Mike Bada, University of Colorado Anschutz Medical Campus" id="CHEBI_2015_08_26_Instance_380326" type="identity">
      <class id="CHEBI_EXT:radiolabel_process" label="radiolabel process"/>
      <span end="49154" id="15207008-5151" start="49142">radiolabeled</span>
    </annotation>
    <annotation annotator="Mike Bada, University of Colorado Anschutz Medical Campus" id="CHEBI_2015_08_26_Instance_17121" type="identity">
      <class id="CHEBI:37983" label="sulfur-35 atom"/>
      <span end="49163" id="15207008-4759" start="49160">35S</span>
    </annotation>
    <annotation annotator="Mike Bada, University of Colorado Anschutz Medical Campus" id="CHEBI_2015_08_26_Instance_180272" type="identity">
      <class id="CHEBI_SO_EXT:methionine" label="methionine"/>
      <span end="49174" id="15207008-4909" start="49164">methionine</span>
    </annotation>
    <annotation annotator="Mike Bada, University of Colorado Anschutz Medical Campus" id="CHEBI_2015_08_26_Instance_301032" type="identity">
      <class id="CHEBI_PR_EXT:protein" label="protein"/>
      <span end="49260" id="15207008-5137" start="49253">protein</span>
    </annotation>
    <annotation annotator="Mike Bada, University of Colorado Anschutz Medical Campus" id="CHEBI_2015_08_26_Instance_17123" type="identity">
      <class id="CHEBI:9754" label="tris"/>
      <span end="49282" id="15207008-4761" start="49278">Tris</span>
    </annotation>
    <annotation annotator="Mike Bada, University of Colorado Anschutz Medical Campus" id="CHEBI_2015_08_26_Instance_17129" type="identity">
      <class id="CHEBI:17883" label="hydrogen chloride"/>
      <span end="49286" id="15207008-4767" start="49283">HCl</span>
    </annotation>
    <annotation annotator="Mike Bada, University of Colorado Anschutz Medical Campus" id="CHEBI_2015_08_26_Instance_17135" type="identity">
      <class id="CHEBI:26710" label="sodium chloride"/>
      <span end="49306" id="15207008-4771" start="49302">NaCl</span>
    </annotation>
    <annotation annotator="Mike Bada, University of Colorado Anschutz Medical Campus" id="CHEBI_2015_08_26_Instance_180274" type="identity">
      <class id="CHEBI_EXT:EDTA" label="EDTA"/>
      <span end="49317" id="15207008-4911" start="49313">EDTA</span>
    </annotation>
    <annotation annotator="Mike Bada, University of Colorado Anschutz Medical Campus" id="CHEBI_2015_08_26_Instance_17125" type="identity">
      <class id="CHEBI:9754" label="tris"/>
      <span end="49455" id="15207008-4763" start="49451">Tris</span>
    </annotation>
    <annotation annotator="Mike Bada, University of Colorado Anschutz Medical Campus" id="CHEBI_2015_08_26_Instance_17131" type="identity">
      <class id="CHEBI:17883" label="hydrogen chloride"/>
      <span end="49459" id="15207008-4769" start="49456">HCl</span>
    </annotation>
    <annotation annotator="Mike Bada, University of Colorado Anschutz Medical Campus" id="CHEBI_2015_08_26_Instance_17137" type="identity">
      <class id="CHEBI:26710" label="sodium chloride"/>
      <span end="49479" id="15207008-4773" start="49475">NaCl</span>
    </annotation>
    <annotation annotator="Mike Bada, University of Colorado Anschutz Medical Campus" id="CHEBI_2015_08_26_Instance_180276" type="identity">
      <class id="CHEBI_EXT:EDTA" label="EDTA"/>
      <span end="49490" id="15207008-4913" start="49486">EDTA</span>
    </annotation>
    <annotation annotator="Mike Bada, University of Colorado Anschutz Medical Campus" id="CHEBI_2015_08_26_Instance_301034" type="identity">
      <class id="CHEBI_PR_EXT:protein" label="protein"/>
      <span end="49512" id="15207008-5139" start="49504">proteins</span>
    </annotation>
    <annotation annotator="Mike Bada, University of Colorado Anschutz Medical Campus" id="CHEBI_2015_08_26_Instance_180278" type="identity">
      <class id="CHEBI_CHMO_EXT:buffer_solution" label="buffer solution"/>
      <span end="49588" id="15207008-4915" start="49582">buffer</span>
    </annotation>
    <annotation annotator="Mike Bada, University of Colorado Anschutz Medical Campus" id="CHEBI_2015_08_26_Instance_17127" type="identity">
      <class id="CHEBI:9754" label="tris"/>
      <span end="49601" id="15207008-4765" start="49597">Tris</span>
    </annotation>
    <annotation annotator="Mike Bada, University of Colorado Anschutz Medical Campus" id="CHEBI_2015_08_26_Instance_180280" type="identity">
      <class id="CHEBI:17883" label="hydrogen chloride"/>
      <span end="49605" id="15207008-4917" start="49602">HCl</span>
    </annotation>
    <annotation annotator="Mike Bada, University of Colorado Anschutz Medical Campus" id="CHEBI_2015_08_26_Instance_17143" type="identity">
      <class id="CHEBI:16856" label="glutathione"/>
      <span end="49639" id="15207008-4775" start="49628">glutathione</span>
    </annotation>
    <annotation annotator="Mike Bada, University of Colorado Anschutz Medical Campus" id="CHEBI_2015_08_26_Instance_301036" type="identity">
      <class id="CHEBI_PR_EXT:protein" label="protein"/>
      <span end="49654" id="15207008-5141" start="49646">proteins</span>
    </annotation>
    <annotation annotator="Mike Bada, University of Colorado Anschutz Medical Campus" id="CHEBI_2015_08_26_Instance_17145" type="identity">
      <class id="CHEBI:8984" label="sodium dodecyl sulfate"/>
      <span end="49679" id="15207008-4777" start="49676">SDS</span>
    </annotation>
    <annotation annotator="Mike Bada, University of Colorado Anschutz Medical Campus" id="CHEBI_2015_08_26_Instance_180282" type="identity">
      <class id="CHEBI_EXT:polyacrylamide" label="polyacrylamide"/>
      <span end="49694" id="15207008-4919" start="49680">polyacrylamide</span>
    </annotation>
    <annotation annotator="Mike Bada, University of Colorado Anschutz Medical Campus" id="CHEBI_2015_08_26_Instance_301038" type="identity">
      <class id="CHEBI_PR_EXT:protein" label="protein"/>
      <span end="49769" id="15207008-5143" start="49762">protein</span>
    </annotation>
    <annotation annotator="Mike Bada, University of Colorado Anschutz Medical Campus" id="CHEBI_2015_08_26_Instance_331330" type="identity">
      <class id="CHEBI_SO_EXT:base" label="base"/>
      <span end="50499" id="15207008-5149" start="50498">b</span>
    </annotation>
    <graph-space id="Old Knowtator Relations"/>
  </document>
</knowtator-project>
