<?xml version="1.0" encoding="UTF-8" standalone="no"?>
<knowtator-project>
  <document id="15320950" text-file="15320950.txt">
    <annotation annotator="Mike Bada, University of Colorado Anschutz Medical Campus" id="CHEBI_2015_08_26_Instance_301126" type="identity">
      <class id="CHEBI_PR_EXT:protein" label="protein"/>
      <span end="22" id="15320950-5921" start="15">protein</span>
    </annotation>
    <annotation annotator="Mike Bada, University of Colorado Anschutz Medical Campus" id="CHEBI_2015_08_26_Instance_301128" type="identity">
      <class id="CHEBI_PR_EXT:protein" label="protein"/>
      <span end="499" id="15320950-5923" start="491">proteins</span>
    </annotation>
    <annotation annotator="Mike Bada, University of Colorado Anschutz Medical Campus" id="CHEBI_2015_08_26_Instance_180626" type="identity">
      <class id="CHEBI_SO_EXT:mRNA" label="mRNA"/>
      <span end="566" id="15320950-5761" start="562">mRNA</span>
    </annotation>
    <annotation annotator="Mike Bada, University of Colorado Anschutz Medical Campus" id="CHEBI_2015_08_26_Instance_17589" type="identity">
      <class id="CHEBI:29103" label="potassium(1+)"/>
      <span end="657" id="15320950-5653" start="655">K+</span>
    </annotation>
    <annotation annotator="Mike Bada, University of Colorado Anschutz Medical Campus" id="CHEBI_2015_08_26_Instance_17499" type="identity">
      <class id="CHEBI:29103" label="potassium(1+)"/>
      <span end="1339" id="15320950-5563" start="1337">K+</span>
    </annotation>
    <annotation annotator="Mike Bada, University of Colorado Anschutz Medical Campus" id="CHEBI_2015_08_26_Instance_360024" type="identity">
      <class id="CHEBI_EXT:26130" label="biological pigment"/>
      <span end="1423" id="15320950-5991" start="1414">pigmented</span>
    </annotation>
    <annotation annotator="Mike Bada, University of Colorado Anschutz Medical Campus" id="CHEBI_2015_08_26_Instance_17711" type="identity">
      <class id="CHEBI:26519" label="radical"/>
      <span end="1461" id="15320950-5751" start="1449">free radical</span>
    </annotation>
    <annotation annotator="Mike Bada, University of Colorado Anschutz Medical Campus" id="CHEBI_2015_08_26_Instance_180628" type="identity">
      <class id="CHEBI_SO_EXT:mRNA" label="mRNA"/>
      <span end="1544" id="15320950-5763" start="1540">mRNA</span>
    </annotation>
    <annotation annotator="Mike Bada, University of Colorado Anschutz Medical Campus" id="CHEBI_2015_08_26_Instance_301130" type="identity">
      <class id="CHEBI_PR_EXT:protein" label="protein"/>
      <span end="1576" id="15320950-5925" start="1569">protein</span>
    </annotation>
    <annotation annotator="Mike Bada, University of Colorado Anschutz Medical Campus" id="CHEBI_2015_08_26_Instance_17501" type="identity">
      <class id="CHEBI:29103" label="potassium(1+)"/>
      <span end="1605" id="15320950-5565" start="1603">K+</span>
    </annotation>
    <annotation annotator="Mike Bada, University of Colorado Anschutz Medical Campus" id="CHEBI_2015_08_26_Instance_301132" type="identity">
      <class id="CHEBI_PR_EXT:protein" label="protein"/>
      <span end="1654" id="15320950-5927" start="1646">proteins</span>
    </annotation>
    <annotation annotator="Mike Bada, University of Colorado Anschutz Medical Campus" id="CHEBI_2015_08_26_Instance_17503" type="identity">
      <class id="CHEBI:29103" label="potassium(1+)"/>
      <span end="1671" id="15320950-5567" start="1669">K+</span>
    </annotation>
    <annotation annotator="Mike Bada, University of Colorado Anschutz Medical Campus" id="CHEBI_2015_08_26_Instance_17505" type="identity">
      <class id="CHEBI:29103" label="potassium(1+)"/>
      <span end="1712" id="15320950-5569" start="1710">K+</span>
    </annotation>
    <annotation annotator="Mike Bada, University of Colorado Anschutz Medical Campus" id="CHEBI_2015_08_26_Instance_17591" type="identity">
      <class id="CHEBI:29101" label="sodium(1+)"/>
      <span end="1741" id="15320950-5655" start="1738">Na+</span>
    </annotation>
    <annotation annotator="Mike Bada, University of Colorado Anschutz Medical Campus" id="CHEBI_2015_08_26_Instance_17507" type="identity">
      <class id="CHEBI:29103" label="potassium(1+)"/>
      <span end="1749" id="15320950-5571" start="1747">K+</span>
    </annotation>
    <annotation annotator="Mike Bada, University of Colorado Anschutz Medical Campus" id="CHEBI_2015_08_26_Instance_301134" type="identity">
      <class id="CHEBI_PR_EXT:protein" label="protein"/>
      <span end="1902" id="15320950-5929" start="1895">protein</span>
    </annotation>
    <annotation annotator="Mike Bada, University of Colorado Anschutz Medical Campus" id="CHEBI_2015_08_26_Instance_301136" type="identity">
      <class id="CHEBI_PR_EXT:protein" label="protein"/>
      <span end="2231" id="15320950-5931" start="2224">protein</span>
    </annotation>
    <annotation annotator="Mike Bada, University of Colorado Anschutz Medical Campus" id="CHEBI_2015_08_26_Instance_17607" type="identity">
      <class id="CHEBI:16382" label="iodide"/>
      <span end="2514" id="15320950-5671" start="2508">iodide</span>
    </annotation>
    <annotation annotator="Mike Bada, University of Colorado Anschutz Medical Campus" id="CHEBI_2015_08_26_Instance_17609" type="identity">
      <class id="CHEBI:16382" label="iodide"/>
      <span end="2579" id="15320950-5673" start="2573">iodide</span>
    </annotation>
    <annotation annotator="Mike Bada, University of Colorado Anschutz Medical Campus" id="CHEBI_2015_08_26_Instance_17611" type="identity">
      <class id="CHEBI:49706" label="perchlorate"/>
      <span end="2678" id="15320950-5675" start="2667">perchlorate</span>
    </annotation>
    <annotation annotator="Mike Bada, University of Colorado Anschutz Medical Campus" id="CHEBI_2015_08_26_Instance_17613" type="identity">
      <class id="CHEBI:22563" label="anion"/>
      <span end="2821" id="15320950-5677" start="2816">anion</span>
    </annotation>
    <annotation annotator="Mike Bada, University of Colorado Anschutz Medical Campus" id="CHEBI_2015_08_26_Instance_17615" type="identity">
      <class id="CHEBI:17996" label="chloride"/>
      <span end="2854" id="15320950-5679" start="2851">Cl-</span>
    </annotation>
    <annotation annotator="Mike Bada, University of Colorado Anschutz Medical Campus" id="CHEBI_2015_08_26_Instance_17617" type="identity">
      <class id="CHEBI:16382" label="iodide"/>
      <span end="2858" id="15320950-5681" start="2856">I-</span>
    </annotation>
    <annotation annotator="Mike Bada, University of Colorado Anschutz Medical Campus" id="CHEBI_2015_08_26_Instance_17677" type="identity">
      <class id="CHEBI:17544" label="hydrogencarbonate"/>
      <span end="2866" id="15320950-5721" start="2860">HCO3 -</span>
    </annotation>
    <annotation annotator="Mike Bada, University of Colorado Anschutz Medical Campus" id="CHEBI_2015_08_26_Instance_17619" type="identity">
      <class id="CHEBI:15740" label="formate"/>
      <span end="2878" id="15320950-5683" start="2871">formate</span>
    </annotation>
    <annotation annotator="Mike Bada, University of Colorado Anschutz Medical Campus" id="CHEBI_2015_08_26_Instance_180630" type="identity">
      <class id="CHEBI_SO_EXT:mRNA" label="mRNA"/>
      <span end="3275" id="15320950-5765" start="3271">mRNA</span>
    </annotation>
    <annotation annotator="Mike Bada, University of Colorado Anschutz Medical Campus" id="CHEBI_2015_08_26_Instance_301138" type="identity">
      <class id="CHEBI_PR_EXT:protein" label="protein"/>
      <span end="3444" id="15320950-5933" start="3437">protein</span>
    </annotation>
    <annotation annotator="Mike Bada, University of Colorado Anschutz Medical Campus" id="CHEBI_2015_08_26_Instance_301140" type="identity">
      <class id="CHEBI_PR_EXT:protein" label="protein"/>
      <span end="3772" id="15320950-5935" start="3764">proteins</span>
    </annotation>
    <annotation annotator="Mike Bada, University of Colorado Anschutz Medical Campus" id="CHEBI_2015_08_26_Instance_17509" type="identity">
      <class id="CHEBI:29103" label="potassium(1+)"/>
      <span end="4321" id="15320950-5573" start="4319">K+</span>
    </annotation>
    <annotation annotator="Mike Bada, University of Colorado Anschutz Medical Campus" id="CHEBI_2015_08_26_Instance_301142" type="identity">
      <class id="CHEBI_PR_EXT:protein" label="protein"/>
      <span end="4921" id="15320950-5937" start="4913">proteins</span>
    </annotation>
    <annotation annotator="Mike Bada, University of Colorado Anschutz Medical Campus" id="CHEBI_2015_08_26_Instance_17511" type="identity">
      <class id="CHEBI:29103" label="potassium(1+)"/>
      <span end="5002" id="15320950-5575" start="5000">K+</span>
    </annotation>
    <annotation annotator="Mike Bada, University of Colorado Anschutz Medical Campus" id="CHEBI_2015_08_26_Instance_17513" type="identity">
      <class id="CHEBI:29103" label="potassium(1+)"/>
      <span end="5077" id="15320950-5577" start="5075">K+</span>
    </annotation>
    <annotation annotator="Mike Bada, University of Colorado Anschutz Medical Campus" id="CHEBI_2015_08_26_Instance_380178" type="identity">
      <class id="CHEBI_EXT:anaesthetic_process" label="anaesthetic process"/>
      <span end="5362" id="15320950-5999" start="5350">anesthetized</span>
    </annotation>
    <annotation annotator="Mike Bada, University of Colorado Anschutz Medical Campus" id="CHEBI_2015_08_26_Instance_180632" type="identity">
      <class id="CHEBI:7984" label="Pentobarbital sodium"/>
      <span end="5388" id="15320950-5767" start="5368">sodium pentobarbital</span>
    </annotation>
    <annotation annotator="Mike Bada, University of Colorado Anschutz Medical Campus" id="CHEBI_2015_08_26_Instance_17625" type="identity">
      <class id="CHEBI:17996" label="chloride"/>
      <span end="5444" id="15320950-5685" start="5441">Cl-</span>
    </annotation>
    <annotation annotator="Mike Bada, University of Colorado Anschutz Medical Campus" id="CHEBI_2015_08_26_Instance_180636" type="identity">
      <class id="CHEBI_EXT:phosphate" label="phosphate"/>
      <span end="5459" id="15320950-5769" start="5450">phosphate</span>
    </annotation>
    <annotation annotator="Mike Bada, University of Colorado Anschutz Medical Campus" id="CHEBI_2015_08_26_Instance_380024" type="identity">
      <class id="CHEBI_CHMO_EXT:buffer_process" label="buffer process"/>
      <span end="5468" id="15320950-5997" start="5460">buffered</span>
    </annotation>
    <annotation annotator="Mike Bada, University of Colorado Anschutz Medical Campus" id="CHEBI_2015_08_26_Instance_180640" type="identity">
      <class id="CHEBI:84997" label="sodium gluconate"/>
      <span end="5481" id="15320950-5771" start="5469">Na-gluconate</span>
    </annotation>
    <annotation annotator="Mike Bada, University of Colorado Anschutz Medical Campus" id="CHEBI_2015_08_26_Instance_180642" type="identity">
      <class id="CHEBI:75958" label="solution"/>
      <span end="5490" id="15320950-5773" start="5482">solution</span>
    </annotation>
    <annotation annotator="Mike Bada, University of Colorado Anschutz Medical Campus" id="CHEBI_2015_08_26_Instance_180644" type="identity">
      <class id="CHEBI_EXT:paraformaldehye" label="paraformaldehyde"/>
      <span end="5521" id="15320950-5775" start="5505">paraformaldehyde</span>
    </annotation>
    <annotation annotator="Mike Bada, University of Colorado Anschutz Medical Campus" id="CHEBI_2015_08_26_Instance_180646" type="identity">
      <class id="CHEBI_EXT:EDTA" label="EDTA"/>
      <span end="5617" id="15320950-5777" start="5613">EDTA</span>
    </annotation>
    <annotation annotator="Mike Bada, University of Colorado Anschutz Medical Campus" id="CHEBI_2015_08_26_Instance_17635" type="identity">
      <class id="CHEBI:17992" label="sucrose"/>
      <span end="5646" id="15320950-5687" start="5639">sucrose</span>
    </annotation>
    <annotation annotator="Mike Bada, University of Colorado Anschutz Medical Campus" id="CHEBI_2015_08_26_Instance_17637" type="identity">
      <class id="CHEBI:46793" label="poly(ethylene glycol)"/>
      <span end="5696" id="15320950-5689" start="5677">polyethylene glycol</span>
    </annotation>
    <annotation annotator="Mike Bada, University of Colorado Anschutz Medical Campus" id="CHEBI_2015_08_26_Instance_180648" type="identity">
      <class id="CHEBI:9750" label="Triton X-100"/>
      <span end="5805" id="15320950-5779" start="5797">Triton-X</span>
    </annotation>
    <annotation annotator="Mike Bada, University of Colorado Anschutz Medical Campus" id="CHEBI_2015_08_26_Instance_180650" type="identity">
      <class id="CHEBI:9750" label="Triton X-100"/>
      <span end="5813" id="15320950-5781" start="5811">TX</span>
    </annotation>
    <annotation annotator="Mike Bada, University of Colorado Anschutz Medical Campus" id="CHEBI_2015_08_26_Instance_180652" type="identity">
      <class id="CHEBI:9750" label="Triton X-100"/>
      <span end="5917" id="15320950-5783" start="5915">TX</span>
    </annotation>
    <annotation annotator="Mike Bada, University of Colorado Anschutz Medical Campus" id="CHEBI_2015_08_26_Instance_180654" type="identity">
      <class id="CHEBI:9750" label="Triton X-100"/>
      <span end="6314" id="15320950-5785" start="6312">TX</span>
    </annotation>
    <annotation annotator="Mike Bada, University of Colorado Anschutz Medical Campus" id="CHEBI_2015_08_26_Instance_180656" type="identity">
      <class id="CHEBI:9750" label="Triton X-100"/>
      <span end="6413" id="15320950-5787" start="6411">TX</span>
    </annotation>
    <annotation annotator="Mike Bada, University of Colorado Anschutz Medical Campus" id="CHEBI_2015_08_26_Instance_180658" type="identity">
      <class id="CHEBI:52661" label="Alexa Fluor 488"/>
      <span end="6457" id="15320950-5789" start="6448">Alexa 488</span>
    </annotation>
    <annotation annotator="Mike Bada, University of Colorado Anschutz Medical Campus" id="CHEBI_2015_08_26_Instance_180660" type="identity">
      <class id="CHEBI:51248" label="Alexa Fluor 594"/>
      <span end="6485" id="15320950-5791" start="6476">Alexa 594</span>
    </annotation>
    <annotation annotator="Mike Bada, University of Colorado Anschutz Medical Campus" id="CHEBI_2015_08_26_Instance_180662" type="identity">
      <class id="CHEBI:51248" label="Alexa Fluor 594"/>
      <span end="6518" id="15320950-5793" start="6509">Alexa 594</span>
    </annotation>
    <annotation annotator="Mike Bada, University of Colorado Anschutz Medical Campus" id="CHEBI_2015_08_26_Instance_330050" type="identity">
      <class id="CHEBI_EXT:polyatomic_entity_or_group" label="polyatomic entity or group"/>
      <span end="6529" id="15320950-5967" start="6520">Molecular</span>
    </annotation>
    <annotation annotator="Mike Bada, University of Colorado Anschutz Medical Campus" id="CHEBI_2015_08_26_Instance_180664" type="identity">
      <class id="CHEBI_SO_EXT:molecular_probe" label="molecular probe"/>
      <span end="6536" id="15320950-5795" start="6530">Probes</span>
    </annotation>
    <annotation annotator="Mike Bada, University of Colorado Anschutz Medical Campus" id="CHEBI_2015_08_26_Instance_180666" type="identity">
      <class id="CHEBI:52661" label="Alexa Fluor 488"/>
      <span end="6610" id="15320950-5797" start="6601">Alexa 488</span>
    </annotation>
    <annotation annotator="Mike Bada, University of Colorado Anschutz Medical Campus" id="CHEBI_2015_08_26_Instance_17639" type="identity">
      <class id="CHEBI:8040" label="phalloidin"/>
      <span end="6632" id="15320950-5691" start="6622">phalloidin</span>
    </annotation>
    <annotation annotator="Mike Bada, University of Colorado Anschutz Medical Campus" id="CHEBI_2015_08_26_Instance_330052" type="identity">
      <class id="CHEBI_EXT:polyatomic_entity_or_group" label="polyatomic entity or group"/>
      <span end="6643" id="15320950-5969" start="6634">Molecular</span>
    </annotation>
    <annotation annotator="Mike Bada, University of Colorado Anschutz Medical Campus" id="CHEBI_2015_08_26_Instance_180668" type="identity">
      <class id="CHEBI_SO_EXT:molecular_probe" label="molecular probe"/>
      <span end="6650" id="15320950-5799" start="6644">Probes</span>
    </annotation>
    <annotation annotator="Mike Bada, University of Colorado Anschutz Medical Campus" id="CHEBI_2015_08_26_Instance_180670" type="identity">
      <class id="CHEBI:9750" label="Triton X-100"/>
      <span end="6701" id="15320950-5801" start="6699">TX</span>
    </annotation>
    <annotation annotator="Mike Bada, University of Colorado Anschutz Medical Campus" id="CHEBI_2015_08_26_Instance_380180" type="identity">
      <class id="CHEBI_EXT:anaesthetic_process" label="anaesthetic process"/>
      <span end="7060" id="15320950-6001" start="7048">anesthetized</span>
    </annotation>
    <annotation annotator="Mike Bada, University of Colorado Anschutz Medical Campus" id="CHEBI_2015_08_26_Instance_180672" type="identity">
      <class id="CHEBI:7984" label="Pentobarbital sodium"/>
      <span end="7086" id="15320950-5803" start="7066">sodium pentobarbital</span>
    </annotation>
    <annotation annotator="Mike Bada, University of Colorado Anschutz Medical Campus" id="CHEBI_2015_08_26_Instance_17645" type="identity">
      <class id="CHEBI:17997" label="dinitrogen"/>
      <span end="7163" id="15320950-5693" start="7161">N2</span>
    </annotation>
    <annotation annotator="Mike Bada, University of Colorado Anschutz Medical Campus" id="CHEBI_2015_08_26_Instance_180674" type="identity">
      <class id="CHEBI_SO_EXT:RNA" label="RNA"/>
      <span end="7650" id="15320950-5805" start="7647">RNA</span>
    </annotation>
    <annotation annotator="Mike Bada, University of Colorado Anschutz Medical Campus" id="CHEBI_2015_08_26_Instance_180676" type="identity">
      <class id="CHEBI_SO_EXT:DNA" label="DNA"/>
      <span end="7680" id="15320950-5807" start="7677">DNA</span>
    </annotation>
    <annotation annotator="Mike Bada, University of Colorado Anschutz Medical Campus" id="CHEBI_2015_08_26_Instance_180678" type="identity">
      <class id="CHEBI_GO_SO_EXT:enzyme" label="enzyme"/>
      <span end="7719" id="15320950-5809" start="7710">enzymatic</span>
    </annotation>
    <annotation annotator="Mike Bada, University of Colorado Anschutz Medical Campus" id="CHEBI_2015_08_26_Instance_180682" type="identity">
      <class id="CHEBI_SO_EXT:rRNA" label="rRNA"/>
      <span end="7800" id="15320950-5811" start="7796">rRNA</span>
    </annotation>
    <annotation annotator="Mike Bada, University of Colorado Anschutz Medical Campus" id="CHEBI_2015_08_26_Instance_180684" type="identity">
      <class id="CHEBI_SO_EXT:RNA" label="RNA"/>
      <span end="7932" id="15320950-5813" start="7929">RNA</span>
    </annotation>
    <annotation annotator="Mike Bada, University of Colorado Anschutz Medical Campus" id="CHEBI_2015_08_26_Instance_180686" type="identity">
      <class id="CHEBI_SO_EXT:RNA" label="RNA"/>
      <span end="8078" id="15320950-5815" start="8075">RNA</span>
    </annotation>
    <annotation annotator="Mike Bada, University of Colorado Anschutz Medical Campus" id="CHEBI_2015_08_26_Instance_180688" type="identity">
      <class id="CHEBI:51461" label="SYBR Green I"/>
      <span end="8211" id="15320950-5817" start="8199">SYBR green I</span>
    </annotation>
    <annotation annotator="Mike Bada, University of Colorado Anschutz Medical Campus" id="CHEBI_2015_08_26_Instance_330054" type="identity">
      <class id="CHEBI_EXT:polyatomic_entity_or_group" label="polyatomic entity or group"/>
      <span end="8222" id="15320950-5971" start="8213">Molecular</span>
    </annotation>
    <annotation annotator="Mike Bada, University of Colorado Anschutz Medical Campus" id="CHEBI_2015_08_26_Instance_180690" type="identity">
      <class id="CHEBI_SO_EXT:molecular_probe" label="molecular probe"/>
      <span end="8229" id="15320950-5819" start="8223">Probes</span>
    </annotation>
    <annotation annotator="Mike Bada, University of Colorado Anschutz Medical Campus" id="CHEBI_2015_08_26_Instance_180692" type="identity">
      <class id="CHEBI_SO_EXT:rRNA" label="rRNA"/>
      <span end="8255" id="15320950-5821" start="8251">rRNA</span>
    </annotation>
    <annotation annotator="Mike Bada, University of Colorado Anschutz Medical Campus" id="CHEBI_2015_08_26_Instance_180694" type="identity">
      <class id="CHEBI_SO_EXT:mRNA" label="mRNA"/>
      <span end="8264" id="15320950-5823" start="8260">mRNA</span>
    </annotation>
    <annotation annotator="Mike Bada, University of Colorado Anschutz Medical Campus" id="CHEBI_2015_08_26_Instance_17515" type="identity">
      <class id="CHEBI:29103" label="potassium(1+)"/>
      <span end="8275" id="15320950-5579" start="8273">K+</span>
    </annotation>
    <annotation annotator="Mike Bada, University of Colorado Anschutz Medical Campus" id="CHEBI_2015_08_26_Instance_17647" type="identity">
      <class id="CHEBI:2511" label="agarose"/>
      <span end="8916" id="15320950-5695" start="8909">agarose</span>
    </annotation>
    <annotation annotator="Mike Bada, University of Colorado Anschutz Medical Campus" id="CHEBI_2015_08_26_Instance_13927" type="identity">
      <class id="CHEBI:36357" label="polyatomic entity"/>
      <span end="9021" id="15320950-5555" start="9012">molecules</span>
    </annotation>
    <annotation annotator="Mike Bada, University of Colorado Anschutz Medical Campus" id="CHEBI_2015_08_26_Instance_13929" type="identity">
      <class id="CHEBI:36357" label="polyatomic entity"/>
      <span end="9113" id="15320950-5557" start="9104">molecules</span>
    </annotation>
    <annotation annotator="Mike Bada, University of Colorado Anschutz Medical Campus" id="CHEBI_2015_08_26_Instance_13931" type="identity">
      <class id="CHEBI:36357" label="polyatomic entity"/>
      <span end="9209" id="15320950-5559" start="9200">molecules</span>
    </annotation>
    <annotation annotator="Mike Bada, University of Colorado Anschutz Medical Campus" id="CHEBI_2015_08_26_Instance_13933" type="identity">
      <class id="CHEBI:36357" label="polyatomic entity"/>
      <span end="9486" id="15320950-5561" start="9477">molecules</span>
    </annotation>
    <annotation annotator="Mike Bada, University of Colorado Anschutz Medical Campus" id="CHEBI_2015_08_26_Instance_180696" type="identity">
      <class id="CHEBI_SO_EXT:rRNA" label="rRNA"/>
      <span end="9566" id="15320950-5825" start="9562">rRNA</span>
    </annotation>
    <annotation annotator="Mike Bada, University of Colorado Anschutz Medical Campus" id="CHEBI_2015_08_26_Instance_180698" type="identity">
      <class id="CHEBI_SO_EXT:rRNA" label="rRNA"/>
      <span end="9624" id="15320950-5827" start="9620">rRNA</span>
    </annotation>
    <annotation annotator="Mike Bada, University of Colorado Anschutz Medical Campus" id="CHEBI_2015_08_26_Instance_380182" type="identity">
      <class id="CHEBI_EXT:anaesthetic_process" label="anaesthetic process"/>
      <span end="9820" id="15320950-6003" start="9808">anesthetized</span>
    </annotation>
    <annotation annotator="Mike Bada, University of Colorado Anschutz Medical Campus" id="CHEBI_2015_08_26_Instance_180700" type="identity">
      <class id="CHEBI:7984" label="Pentobarbital sodium"/>
      <span end="9846" id="15320950-5829" start="9826">sodium pentobarbital</span>
    </annotation>
    <annotation annotator="Mike Bada, University of Colorado Anschutz Medical Campus" id="CHEBI_2015_08_26_Instance_180704" type="identity">
      <class id="CHEBI_EXT:platinum" label="platinum"/>
      <span end="10015" id="15320950-5831" start="10013">Pt</span>
    </annotation>
    <annotation annotator="Mike Bada, University of Colorado Anschutz Medical Campus" id="CHEBI_2015_08_26_Instance_180708" type="identity">
      <class id="CHEBI_EXT:iridium" label="iridium"/>
      <span end="10018" id="15320950-5833" start="10016">Ir</span>
    </annotation>
    <annotation annotator="Mike Bada, University of Colorado Anschutz Medical Campus" id="CHEBI_2015_08_26_Instance_180710" type="identity">
      <class id="CHEBI_EXT:platinum" label="platinum"/>
      <span end="10048" id="15320950-5835" start="10046">Pt</span>
    </annotation>
    <annotation annotator="Mike Bada, University of Colorado Anschutz Medical Campus" id="CHEBI_2015_08_26_Instance_180712" type="identity">
      <class id="CHEBI_EXT:platinum" label="platinum"/>
      <span end="10287" id="15320950-5837" start="10285">Pt</span>
    </annotation>
    <annotation annotator="Mike Bada, University of Colorado Anschutz Medical Campus" id="CHEBI_2015_08_26_Instance_380184" type="identity">
      <class id="CHEBI_EXT:anaesthetic_process" label="anaesthetic process"/>
      <span end="10563" id="15320950-6005" start="10551">anesthetized</span>
    </annotation>
    <annotation annotator="Mike Bada, University of Colorado Anschutz Medical Campus" id="CHEBI_2015_08_26_Instance_17653" type="identity">
      <class id="CHEBI:26714" label="sodium salt"/>
      <span end="10606" id="15320950-5697" start="10595">sodium salt</span>
    </annotation>
    <annotation annotator="Mike Bada, University of Colorado Anschutz Medical Campus" id="CHEBI_2015_08_26_Instance_17517" type="identity">
      <class id="CHEBI:29103" label="potassium(1+)"/>
      <span end="10675" id="15320950-5581" start="10673">K+</span>
    </annotation>
    <annotation annotator="Mike Bada, University of Colorado Anschutz Medical Campus" id="CHEBI_2015_08_26_Instance_17519" type="identity">
      <class id="CHEBI:29103" label="potassium(1+)"/>
      <span end="10941" id="15320950-5583" start="10939">K+</span>
    </annotation>
    <annotation annotator="Mike Bada, University of Colorado Anschutz Medical Campus" id="CHEBI_2015_08_26_Instance_330786" type="identity">
      <class id="CHEBI:75958" label="solution"/>
      <span end="10991" id="15320950-5989" start="10982">solutions</span>
    </annotation>
    <annotation annotator="Mike Bada, University of Colorado Anschutz Medical Campus" id="CHEBI_2015_08_26_Instance_17655" type="identity">
      <class id="CHEBI:36916" label="cation"/>
      <span end="11010" id="15320950-5699" start="11004">cation</span>
    </annotation>
    <annotation annotator="Mike Bada, University of Colorado Anschutz Medical Campus" id="CHEBI_2015_08_26_Instance_17521" type="identity">
      <class id="CHEBI:29103" label="potassium(1+)"/>
      <span end="11014" id="15320950-5585" start="11012">K+</span>
    </annotation>
    <annotation annotator="Mike Bada, University of Colorado Anschutz Medical Campus" id="CHEBI_2015_08_26_Instance_17593" type="identity">
      <class id="CHEBI:29101" label="sodium(1+)"/>
      <span end="11022" id="15320950-5657" start="11019">Na+</span>
    </annotation>
    <annotation annotator="Mike Bada, University of Colorado Anschutz Medical Campus" id="CHEBI_2015_08_26_Instance_17523" type="identity">
      <class id="CHEBI:29103" label="potassium(1+)"/>
      <span end="11080" id="15320950-5587" start="11078">K+</span>
    </annotation>
    <annotation annotator="Mike Bada, University of Colorado Anschutz Medical Campus" id="CHEBI_2015_08_26_Instance_17595" type="identity">
      <class id="CHEBI:29101" label="sodium(1+)"/>
      <span end="11099" id="15320950-5659" start="11096">Na+</span>
    </annotation>
    <annotation annotator="Mike Bada, University of Colorado Anschutz Medical Campus" id="CHEBI_2015_08_26_Instance_17525" type="identity">
      <class id="CHEBI:29103" label="potassium(1+)"/>
      <span end="11290" id="15320950-5589" start="11288">K+</span>
    </annotation>
    <annotation annotator="Mike Bada, University of Colorado Anschutz Medical Campus" id="CHEBI_2015_08_26_Instance_17597" type="identity">
      <class id="CHEBI:29101" label="sodium(1+)"/>
      <span end="11302" id="15320950-5661" start="11299">Na+</span>
    </annotation>
    <annotation annotator="Mike Bada, University of Colorado Anschutz Medical Campus" id="CHEBI_2015_08_26_Instance_17599" type="identity">
      <class id="CHEBI:29101" label="sodium(1+)"/>
      <span end="11372" id="15320950-5663" start="11369">Na+</span>
    </annotation>
    <annotation annotator="Mike Bada, University of Colorado Anschutz Medical Campus" id="CHEBI_2015_08_26_Instance_17601" type="identity">
      <class id="CHEBI:29101" label="sodium(1+)"/>
      <span end="11380" id="15320950-5665" start="11377">Na+</span>
    </annotation>
    <annotation annotator="Mike Bada, University of Colorado Anschutz Medical Campus" id="CHEBI_2015_08_26_Instance_17527" type="identity">
      <class id="CHEBI:29103" label="potassium(1+)"/>
      <span end="11493" id="15320950-5591" start="11491">K+</span>
    </annotation>
    <annotation annotator="Mike Bada, University of Colorado Anschutz Medical Campus" id="CHEBI_2015_08_26_Instance_180714" type="identity">
      <class id="CHEBI_SO_EXT:mRNA" label="mRNA"/>
      <span end="11814" id="15320950-5839" start="11810">mRNA</span>
    </annotation>
    <annotation annotator="Mike Bada, University of Colorado Anschutz Medical Campus" id="CHEBI_2015_08_26_Instance_301144" type="identity">
      <class id="CHEBI_PR_EXT:protein" label="protein"/>
      <span end="11983" id="15320950-5939" start="11976">protein</span>
    </annotation>
    <annotation annotator="Mike Bada, University of Colorado Anschutz Medical Campus" id="CHEBI_2015_08_26_Instance_180716" type="identity">
      <class id="CHEBI_EXT:59132" label="antigen"/>
      <span end="12227" id="15320950-5841" start="12218">antigenic</span>
    </annotation>
    <annotation annotator="Mike Bada, University of Colorado Anschutz Medical Campus" id="CHEBI_2015_08_26_Instance_180718" type="identity">
      <class id="CHEBI_SO_EXT:peptide_or_peptide_region" label="peptide or peptide region"/>
      <span end="12235" id="15320950-5843" start="12228">peptide</span>
    </annotation>
    <annotation annotator="Mike Bada, University of Colorado Anschutz Medical Campus" id="CHEBI_2015_08_26_Instance_17657" type="identity">
      <class id="CHEBI:17544" label="hydrogencarbonate"/>
      <span end="12662" id="15320950-5701" start="12656">HCO3 -</span>
    </annotation>
    <annotation annotator="Mike Bada, University of Colorado Anschutz Medical Campus" id="CHEBI_2015_08_26_Instance_17659" type="identity">
      <class id="CHEBI:17544" label="hydrogencarbonate"/>
      <span end="12702" id="15320950-5703" start="12696">HCO3 -</span>
    </annotation>
    <annotation annotator="Mike Bada, University of Colorado Anschutz Medical Campus" id="CHEBI_2015_08_26_Instance_17661" type="identity">
      <class id="CHEBI:17544" label="hydrogencarbonate"/>
      <span end="12764" id="15320950-5705" start="12758">HCO3 -</span>
    </annotation>
    <annotation annotator="Mike Bada, University of Colorado Anschutz Medical Campus" id="CHEBI_2015_08_26_Instance_17679" type="identity">
      <class id="CHEBI:16526" label="carbon dioxide"/>
      <span end="12805" id="15320950-5723" start="12802">CO2</span>
    </annotation>
    <annotation annotator="Mike Bada, University of Colorado Anschutz Medical Campus" id="CHEBI_2015_08_26_Instance_17683" type="identity">
      <class id="CHEBI:16526" label="carbon dioxide"/>
      <span end="12877" id="15320950-5725" start="12874">CO2</span>
    </annotation>
    <annotation annotator="Mike Bada, University of Colorado Anschutz Medical Campus" id="CHEBI_2015_08_26_Instance_17663" type="identity">
      <class id="CHEBI:17544" label="hydrogencarbonate"/>
      <span end="13011" id="15320950-5707" start="13005">HCO3 -</span>
    </annotation>
    <annotation annotator="Mike Bada, University of Colorado Anschutz Medical Campus" id="CHEBI_2015_08_26_Instance_17665" type="identity">
      <class id="CHEBI:17544" label="hydrogencarbonate"/>
      <span end="13060" id="15320950-5709" start="13054">HCO3 -</span>
    </annotation>
    <annotation annotator="Mike Bada, University of Colorado Anschutz Medical Campus" id="CHEBI_2015_08_26_Instance_17667" type="identity">
      <class id="CHEBI:17544" label="hydrogencarbonate"/>
      <span end="13167" id="15320950-5711" start="13161">HCO3 -</span>
    </annotation>
    <annotation annotator="Mike Bada, University of Colorado Anschutz Medical Campus" id="CHEBI_2015_08_26_Instance_301146" type="identity">
      <class id="CHEBI_PR_EXT:protein" label="protein"/>
      <span end="13212" id="15320950-5941" start="13205">Protein</span>
    </annotation>
    <annotation annotator="Mike Bada, University of Colorado Anschutz Medical Campus" id="CHEBI_2015_08_26_Instance_380330" type="identity">
      <class id="CHEBI_SO_EXT:molecular_label_or_mark_or_tag_process" label="molecular label/mark/tag process"/>
      <span end="14058" id="15320950-6007" start="14050">labeling</span>
    </annotation>
    <annotation annotator="Mike Bada, University of Colorado Anschutz Medical Campus" id="CHEBI_2015_08_26_Instance_17529" type="identity">
      <class id="CHEBI:29103" label="potassium(1+)"/>
      <span end="14070" id="15320950-5593" start="14068">K+</span>
    </annotation>
    <annotation annotator="Mike Bada, University of Colorado Anschutz Medical Campus" id="CHEBI_2015_08_26_Instance_301148" type="identity">
      <class id="CHEBI_PR_EXT:protein" label="protein"/>
      <span end="14157" id="15320950-5943" start="14150">protein</span>
    </annotation>
    <annotation annotator="Mike Bada, University of Colorado Anschutz Medical Campus" id="CHEBI_2015_08_26_Instance_380332" type="identity">
      <class id="CHEBI_SO_EXT:molecular_label_or_mark_or_tag_process" label="molecular label/mark/tag process"/>
      <span end="14169" id="15320950-6009" start="14163">labels</span>
    </annotation>
    <annotation annotator="Mike Bada, University of Colorado Anschutz Medical Campus" id="CHEBI_2015_08_26_Instance_380334" type="identity">
      <class id="CHEBI_SO_EXT:molecular_label_or_mark_or_tag_process" label="molecular label/mark/tag process"/>
      <span end="14254" id="15320950-6011" start="14246">labeling</span>
    </annotation>
    <annotation annotator="Mike Bada, University of Colorado Anschutz Medical Campus" id="CHEBI_2015_08_26_Instance_180720" type="identity">
      <class id="CHEBI_SO_EXT:mRNA" label="mRNA"/>
      <span end="14580" id="15320950-5845" start="14576">mRNA</span>
    </annotation>
    <annotation annotator="Mike Bada, University of Colorado Anschutz Medical Campus" id="CHEBI_2015_08_26_Instance_301150" type="identity">
      <class id="CHEBI_PR_EXT:protein" label="protein"/>
      <span end="14724" id="15320950-5945" start="14717">protein</span>
    </annotation>
    <annotation annotator="Mike Bada, University of Colorado Anschutz Medical Campus" id="CHEBI_2015_08_26_Instance_380336" type="identity">
      <class id="CHEBI_SO_EXT:molecular_label_or_mark_or_tag_process" label="molecular label/mark/tag process"/>
      <span end="14839" id="15320950-6013" start="14831">labeling</span>
    </annotation>
    <annotation annotator="Mike Bada, University of Colorado Anschutz Medical Campus" id="CHEBI_2015_08_26_Instance_17531" type="identity">
      <class id="CHEBI:29103" label="potassium(1+)"/>
      <span end="15797" id="15320950-5595" start="15795">K+</span>
    </annotation>
    <annotation annotator="Mike Bada, University of Colorado Anschutz Medical Campus" id="CHEBI_2015_08_26_Instance_17533" type="identity">
      <class id="CHEBI:29103" label="potassium(1+)"/>
      <span end="16161" id="15320950-5597" start="16159">K+</span>
    </annotation>
    <annotation annotator="Mike Bada, University of Colorado Anschutz Medical Campus" id="CHEBI_2015_08_26_Instance_17535" type="identity">
      <class id="CHEBI:29103" label="potassium(1+)"/>
      <span end="16317" id="15320950-5599" start="16315">K+</span>
    </annotation>
    <annotation annotator="Mike Bada, University of Colorado Anschutz Medical Campus" id="CHEBI_2015_08_26_Instance_17537" type="identity">
      <class id="CHEBI:29103" label="potassium(1+)"/>
      <span end="16490" id="15320950-5601" start="16488">K+</span>
    </annotation>
    <annotation annotator="Mike Bada, University of Colorado Anschutz Medical Campus" id="CHEBI_2015_08_26_Instance_17539" type="identity">
      <class id="CHEBI:29103" label="potassium(1+)"/>
      <span end="16883" id="15320950-5603" start="16881">K+</span>
    </annotation>
    <annotation annotator="Mike Bada, University of Colorado Anschutz Medical Campus" id="CHEBI_2015_08_26_Instance_17541" type="identity">
      <class id="CHEBI:29103" label="potassium(1+)"/>
      <span end="17003" id="15320950-5605" start="17001">K+</span>
    </annotation>
    <annotation annotator="Mike Bada, University of Colorado Anschutz Medical Campus" id="CHEBI_2015_08_26_Instance_17543" type="identity">
      <class id="CHEBI:29103" label="potassium(1+)"/>
      <span end="17713" id="15320950-5607" start="17711">K+</span>
    </annotation>
    <annotation annotator="Mike Bada, University of Colorado Anschutz Medical Campus" id="CHEBI_2015_08_26_Instance_17545" type="identity">
      <class id="CHEBI:29103" label="potassium(1+)"/>
      <span end="17930" id="15320950-5609" start="17928">K+</span>
    </annotation>
    <annotation annotator="Mike Bada, University of Colorado Anschutz Medical Campus" id="CHEBI_2015_08_26_Instance_17547" type="identity">
      <class id="CHEBI:29103" label="potassium(1+)"/>
      <span end="17988" id="15320950-5611" start="17986">K+</span>
    </annotation>
    <annotation annotator="Mike Bada, University of Colorado Anschutz Medical Campus" id="CHEBI_2015_08_26_Instance_17549" type="identity">
      <class id="CHEBI:29103" label="potassium(1+)"/>
      <span end="18032" id="15320950-5613" start="18030">K+</span>
    </annotation>
    <annotation annotator="Mike Bada, University of Colorado Anschutz Medical Campus" id="CHEBI_2015_08_26_Instance_180722" type="identity">
      <class id="CHEBI_SO_EXT:RNA" label="RNA"/>
      <span end="18748" id="15320950-5847" start="18745">RNA</span>
    </annotation>
    <annotation annotator="Mike Bada, University of Colorado Anschutz Medical Campus" id="CHEBI_2015_08_26_Instance_180724" type="identity">
      <class id="CHEBI_SO_EXT:rRNA" label="rRNA"/>
      <span end="18940" id="15320950-5849" start="18936">rRNA</span>
    </annotation>
    <annotation annotator="Mike Bada, University of Colorado Anschutz Medical Campus" id="CHEBI_2015_08_26_Instance_180726" type="identity">
      <class id="CHEBI_SO_EXT:mRNA" label="mRNA"/>
      <span end="18986" id="15320950-5851" start="18982">mRNA</span>
    </annotation>
    <annotation annotator="Mike Bada, University of Colorado Anschutz Medical Campus" id="CHEBI_2015_08_26_Instance_180728" type="identity">
      <class id="CHEBI_SO_EXT:rRNA" label="rRNA"/>
      <span end="19138" id="15320950-5853" start="19134">rRNA</span>
    </annotation>
    <annotation annotator="Mike Bada, University of Colorado Anschutz Medical Campus" id="CHEBI_2015_08_26_Instance_330328" type="identity">
      <class id="CHEBI:36357" label="polyatomic entity"/>
      <span end="19148" id="15320950-5977" start="19139">molecules</span>
    </annotation>
    <annotation annotator="Mike Bada, University of Colorado Anschutz Medical Campus" id="CHEBI_2015_08_26_Instance_180730" type="identity">
      <class id="CHEBI_SO_EXT:rRNA" label="rRNA"/>
      <span end="19158" id="15320950-5855" start="19154">rRNA</span>
    </annotation>
    <annotation annotator="Mike Bada, University of Colorado Anschutz Medical Campus" id="CHEBI_2015_08_26_Instance_180732" type="identity">
      <class id="CHEBI_SO_EXT:rRNA" label="rRNA"/>
      <span end="19292" id="15320950-5857" start="19288">rRNA</span>
    </annotation>
    <annotation annotator="Mike Bada, University of Colorado Anschutz Medical Campus" id="CHEBI_2015_08_26_Instance_180734" type="identity">
      <class id="CHEBI_SO_EXT:rRNA" label="rRNA"/>
      <span end="19399" id="15320950-5859" start="19395">rRNA</span>
    </annotation>
    <annotation annotator="Mike Bada, University of Colorado Anschutz Medical Campus" id="CHEBI_2015_08_26_Instance_180736" type="identity">
      <class id="CHEBI_SO_EXT:mRNA" label="mRNA"/>
      <span end="19496" id="15320950-5861" start="19492">mRNA</span>
    </annotation>
    <annotation annotator="Mike Bada, University of Colorado Anschutz Medical Campus" id="CHEBI_2015_08_26_Instance_180738" type="identity">
      <class id="CHEBI_SO_EXT:mRNA" label="mRNA"/>
      <span end="19670" id="15320950-5863" start="19666">mRNA</span>
    </annotation>
    <annotation annotator="Mike Bada, University of Colorado Anschutz Medical Campus" id="CHEBI_2015_08_26_Instance_180740" type="identity">
      <class id="CHEBI_SO_EXT:mRNA" label="mRNA"/>
      <span end="20030" id="15320950-5867" start="20026">mRNA</span>
    </annotation>
    <annotation annotator="Mike Bada, University of Colorado Anschutz Medical Campus" id="CHEBI_2015_08_26_Instance_330330" type="identity">
      <class id="CHEBI:36357" label="polyatomic entity"/>
      <span end="20040" id="15320950-5979" start="20031">molecules</span>
    </annotation>
    <annotation annotator="Mike Bada, University of Colorado Anschutz Medical Campus" id="CHEBI_2015_08_26_Instance_180742" type="identity">
      <class id="CHEBI_SO_EXT:mRNA" label="mRNA"/>
      <span end="20133" id="15320950-5869" start="20129">mRNA</span>
    </annotation>
    <annotation annotator="Mike Bada, University of Colorado Anschutz Medical Campus" id="CHEBI_2015_08_26_Instance_330332" type="identity">
      <class id="CHEBI:36357" label="polyatomic entity"/>
      <span end="20143" id="15320950-5981" start="20134">molecules</span>
    </annotation>
    <annotation annotator="Mike Bada, University of Colorado Anschutz Medical Campus" id="CHEBI_2015_08_26_Instance_180744" type="identity">
      <class id="CHEBI_SO_EXT:mRNA" label="mRNA"/>
      <span end="20452" id="15320950-5871" start="20448">mRNA</span>
    </annotation>
    <annotation annotator="Mike Bada, University of Colorado Anschutz Medical Campus" id="CHEBI_2015_08_26_Instance_180746" type="identity">
      <class id="CHEBI_SO_EXT:RNA" label="RNA"/>
      <span end="20570" id="15320950-5873" start="20567">RNA</span>
    </annotation>
    <annotation annotator="Mike Bada, University of Colorado Anschutz Medical Campus" id="CHEBI_2015_08_26_Instance_180748" type="identity">
      <class id="CHEBI_SO_EXT:RNA" label="RNA"/>
      <span end="20656" id="15320950-5875" start="20653">RNA</span>
    </annotation>
    <annotation annotator="Mike Bada, University of Colorado Anschutz Medical Campus" id="CHEBI_2015_08_26_Instance_180750" type="identity">
      <class id="CHEBI_SO_EXT:rRNA" label="rRNA"/>
      <span end="20729" id="15320950-5877" start="20725">rRNA</span>
    </annotation>
    <annotation annotator="Mike Bada, University of Colorado Anschutz Medical Campus" id="CHEBI_2015_08_26_Instance_180752" type="identity">
      <class id="CHEBI_SO_EXT:rRNA" label="rRNA"/>
      <span end="20819" id="15320950-5879" start="20815">rRNA</span>
    </annotation>
    <annotation annotator="Mike Bada, University of Colorado Anschutz Medical Campus" id="CHEBI_2015_08_26_Instance_180754" type="identity">
      <class id="CHEBI_SO_EXT:RNA" label="RNA"/>
      <span end="20855" id="15320950-5881" start="20852">RNA</span>
    </annotation>
    <annotation annotator="Mike Bada, University of Colorado Anschutz Medical Campus" id="CHEBI_2015_08_26_Instance_180756" type="identity">
      <class id="CHEBI_SO_EXT:rRNA" label="rRNA"/>
      <span end="21187" id="15320950-5883" start="21183">rRNA</span>
    </annotation>
    <annotation annotator="Mike Bada, University of Colorado Anschutz Medical Campus" id="CHEBI_2015_08_26_Instance_180758" type="identity">
      <class id="CHEBI_SO_EXT:mRNA" label="mRNA"/>
      <span end="21310" id="15320950-5885" start="21306">mRNA</span>
    </annotation>
    <annotation annotator="Mike Bada, University of Colorado Anschutz Medical Campus" id="CHEBI_2015_08_26_Instance_180760" type="identity">
      <class id="CHEBI_SO_EXT:mRNA" label="mRNA"/>
      <span end="21394" id="15320950-5889" start="21390">mRNA</span>
    </annotation>
    <annotation annotator="Mike Bada, University of Colorado Anschutz Medical Campus" id="CHEBI_2015_08_26_Instance_301152" type="identity">
      <class id="CHEBI_PR_EXT:protein" label="protein"/>
      <span end="21524" id="15320950-5947" start="21517">protein</span>
    </annotation>
    <annotation annotator="Mike Bada, University of Colorado Anschutz Medical Campus" id="CHEBI_2015_08_26_Instance_301154" type="identity">
      <class id="CHEBI_PR_EXT:protein" label="protein"/>
      <span end="21643" id="15320950-5949" start="21636">protein</span>
    </annotation>
    <annotation annotator="Mike Bada, University of Colorado Anschutz Medical Campus" id="CHEBI_2015_08_26_Instance_17551" type="identity">
      <class id="CHEBI:29103" label="potassium(1+)"/>
      <span end="21742" id="15320950-5615" start="21740">K+</span>
    </annotation>
    <annotation annotator="Mike Bada, University of Colorado Anschutz Medical Campus" id="CHEBI_2015_08_26_Instance_301156" type="identity">
      <class id="CHEBI_PR_EXT:protein" label="protein"/>
      <span end="21859" id="15320950-5951" start="21852">Protein</span>
    </annotation>
    <annotation annotator="Mike Bada, University of Colorado Anschutz Medical Campus" id="CHEBI_2015_08_26_Instance_180762" type="identity">
      <class id="CHEBI_SO_EXT:rRNA" label="rRNA"/>
      <span end="22698" id="15320950-5891" start="22694">rRNA</span>
    </annotation>
    <annotation annotator="Mike Bada, University of Colorado Anschutz Medical Campus" id="CHEBI_2015_08_26_Instance_330334" type="identity">
      <class id="CHEBI:36357" label="polyatomic entity"/>
      <span end="22708" id="15320950-5983" start="22699">molecules</span>
    </annotation>
    <annotation annotator="Mike Bada, University of Colorado Anschutz Medical Campus" id="CHEBI_2015_08_26_Instance_180764" type="identity">
      <class id="CHEBI_SO_EXT:rRNA" label="rRNA"/>
      <span end="23230" id="15320950-5893" start="23226">rRNA</span>
    </annotation>
    <annotation annotator="Mike Bada, University of Colorado Anschutz Medical Campus" id="CHEBI_2015_08_26_Instance_330336" type="identity">
      <class id="CHEBI:36357" label="polyatomic entity"/>
      <span end="23240" id="15320950-5985" start="23231">molecules</span>
    </annotation>
    <annotation annotator="Mike Bada, University of Colorado Anschutz Medical Campus" id="CHEBI_2015_08_26_Instance_330358" type="identity">
      <class id="CHEBI_EXT:26130" label="biological pigment"/>
      <span end="24984" id="15320950-5987" start="24977">pigment</span>
    </annotation>
    <annotation annotator="Mike Bada, University of Colorado Anschutz Medical Campus" id="CHEBI_2015_08_26_Instance_17553" type="identity">
      <class id="CHEBI:29103" label="potassium(1+)"/>
      <span end="27553" id="15320950-5617" start="27551">K+</span>
    </annotation>
    <annotation annotator="Mike Bada, University of Colorado Anschutz Medical Campus" id="CHEBI_2015_08_26_Instance_17555" type="identity">
      <class id="CHEBI:29103" label="potassium(1+)"/>
      <span end="27653" id="15320950-5619" start="27651">K+</span>
    </annotation>
    <annotation annotator="Mike Bada, University of Colorado Anschutz Medical Campus" id="CHEBI_2015_08_26_Instance_17557" type="identity">
      <class id="CHEBI:29103" label="potassium(1+)"/>
      <span end="27716" id="15320950-5621" start="27714">K+</span>
    </annotation>
    <annotation annotator="Mike Bada, University of Colorado Anschutz Medical Campus" id="CHEBI_2015_08_26_Instance_17559" type="identity">
      <class id="CHEBI:29103" label="potassium(1+)"/>
      <span end="27765" id="15320950-5623" start="27763">K+</span>
    </annotation>
    <annotation annotator="Mike Bada, University of Colorado Anschutz Medical Campus" id="CHEBI_2015_08_26_Instance_17561" type="identity">
      <class id="CHEBI:29103" label="potassium(1+)"/>
      <span end="27921" id="15320950-5625" start="27919">K+</span>
    </annotation>
    <annotation annotator="Mike Bada, University of Colorado Anschutz Medical Campus" id="CHEBI_2015_08_26_Instance_17563" type="identity">
      <class id="CHEBI:29103" label="potassium(1+)"/>
      <span end="28032" id="15320950-5627" start="28030">K+</span>
    </annotation>
    <annotation annotator="Mike Bada, University of Colorado Anschutz Medical Campus" id="CHEBI_2015_08_26_Instance_180766" type="identity">
      <class id="CHEBI:3213" label="bumetanide"/>
      <span end="28077" id="15320950-5895" start="28067">bumetanide</span>
    </annotation>
    <annotation annotator="Mike Bada, University of Colorado Anschutz Medical Campus" id="CHEBI_2015_08_26_Instance_301158" type="identity">
      <class id="CHEBI_PR_EXT:protein" label="protein"/>
      <span end="28218" id="15320950-5953" start="28210">proteins</span>
    </annotation>
    <annotation annotator="Mike Bada, University of Colorado Anschutz Medical Campus" id="CHEBI_2015_08_26_Instance_17565" type="identity">
      <class id="CHEBI:29103" label="potassium(1+)"/>
      <span end="28271" id="15320950-5629" start="28269">K+</span>
    </annotation>
    <annotation annotator="Mike Bada, University of Colorado Anschutz Medical Campus" id="CHEBI_2015_08_26_Instance_17567" type="identity">
      <class id="CHEBI:29103" label="potassium(1+)"/>
      <span end="28350" id="15320950-5631" start="28348">K+</span>
    </annotation>
    <annotation annotator="Mike Bada, University of Colorado Anschutz Medical Campus" id="CHEBI_2015_08_26_Instance_17569" type="identity">
      <class id="CHEBI:29103" label="potassium(1+)"/>
      <span end="28367" id="15320950-5633" start="28365">K+</span>
    </annotation>
    <annotation annotator="Mike Bada, University of Colorado Anschutz Medical Campus" id="CHEBI_2015_08_26_Instance_180768" type="identity">
      <class id="CHEBI:3213" label="bumetanide"/>
      <span end="28423" id="15320950-5897" start="28413">bumetanide</span>
    </annotation>
    <annotation annotator="Mike Bada, University of Colorado Anschutz Medical Campus" id="CHEBI_2015_08_26_Instance_180770" type="identity">
      <class id="CHEBI_EXT:77608" label="loop diuretic"/>
      <span end="28440" id="15320950-5899" start="28427">loop-diuretic</span>
    </annotation>
    <annotation annotator="Mike Bada, University of Colorado Anschutz Medical Campus" id="CHEBI_2015_08_26_Instance_17603" type="identity">
      <class id="CHEBI:29101" label="sodium(1+)"/>
      <span end="28462" id="15320950-5667" start="28459">Na+</span>
    </annotation>
    <annotation annotator="Mike Bada, University of Colorado Anschutz Medical Campus" id="CHEBI_2015_08_26_Instance_17571" type="identity">
      <class id="CHEBI:29103" label="potassium(1+)"/>
      <span end="28470" id="15320950-5635" start="28468">K+</span>
    </annotation>
    <annotation annotator="Mike Bada, University of Colorado Anschutz Medical Campus" id="CHEBI_2015_08_26_Instance_180772" type="identity">
      <class id="CHEBI:3213" label="bumetanide"/>
      <span end="28509" id="15320950-5901" start="28499">Bumetanide</span>
    </annotation>
    <annotation annotator="Mike Bada, University of Colorado Anschutz Medical Campus" id="CHEBI_2015_08_26_Instance_17573" type="identity">
      <class id="CHEBI:29103" label="potassium(1+)"/>
      <span end="28759" id="15320950-5637" start="28757">K+</span>
    </annotation>
    <annotation annotator="Mike Bada, University of Colorado Anschutz Medical Campus" id="CHEBI_2015_08_26_Instance_17605" type="identity">
      <class id="CHEBI:29101" label="sodium(1+)"/>
      <span end="28843" id="15320950-5669" start="28840">Na+</span>
    </annotation>
    <annotation annotator="Mike Bada, University of Colorado Anschutz Medical Campus" id="CHEBI_2015_08_26_Instance_17575" type="identity">
      <class id="CHEBI:29103" label="potassium(1+)"/>
      <span end="28851" id="15320950-5639" start="28849">K+</span>
    </annotation>
    <annotation annotator="Mike Bada, University of Colorado Anschutz Medical Campus" id="CHEBI_2015_08_26_Instance_301160" type="identity">
      <class id="CHEBI_PR_EXT:protein" label="protein"/>
      <span end="29005" id="15320950-5955" start="28998">protein</span>
    </annotation>
    <annotation annotator="Mike Bada, University of Colorado Anschutz Medical Campus" id="CHEBI_2015_08_26_Instance_301162" type="identity">
      <class id="CHEBI_PR_EXT:protein" label="protein"/>
      <span end="29127" id="15320950-5957" start="29119">proteins</span>
    </annotation>
    <annotation annotator="Mike Bada, University of Colorado Anschutz Medical Campus" id="CHEBI_2015_08_26_Instance_301164" type="identity">
      <class id="CHEBI_PR_EXT:protein" label="protein"/>
      <span end="29209" id="15320950-5959" start="29202">protein</span>
    </annotation>
    <annotation annotator="Mike Bada, University of Colorado Anschutz Medical Campus" id="CHEBI_2015_08_26_Instance_180774" type="identity">
      <class id="CHEBI_SO_EXT:mRNA" label="mRNA"/>
      <span end="29293" id="15320950-5903" start="29289">mRNA</span>
    </annotation>
    <annotation annotator="Mike Bada, University of Colorado Anschutz Medical Campus" id="CHEBI_2015_08_26_Instance_17577" type="identity">
      <class id="CHEBI:29103" label="potassium(1+)"/>
      <span end="29437" id="15320950-5641" start="29435">K+</span>
    </annotation>
    <annotation annotator="Mike Bada, University of Colorado Anschutz Medical Campus" id="CHEBI_2015_08_26_Instance_17579" type="identity">
      <class id="CHEBI:29103" label="potassium(1+)"/>
      <span end="29516" id="15320950-5643" start="29514">K+</span>
    </annotation>
    <annotation annotator="Mike Bada, University of Colorado Anschutz Medical Campus" id="CHEBI_2015_08_26_Instance_301166" type="identity">
      <class id="CHEBI_PR_EXT:protein" label="protein"/>
      <span end="29544" id="15320950-5961" start="29537">Protein</span>
    </annotation>
    <annotation annotator="Mike Bada, University of Colorado Anschutz Medical Campus" id="CHEBI_2015_08_26_Instance_17581" type="identity">
      <class id="CHEBI:29103" label="potassium(1+)"/>
      <span end="29897" id="15320950-5645" start="29895">K+</span>
    </annotation>
    <annotation annotator="Mike Bada, University of Colorado Anschutz Medical Campus" id="CHEBI_2015_08_26_Instance_301168" type="identity">
      <class id="CHEBI_PR_EXT:protein" label="protein"/>
      <span end="30071" id="15320950-5963" start="30064">protein</span>
    </annotation>
    <annotation annotator="Mike Bada, University of Colorado Anschutz Medical Campus" id="CHEBI_2015_08_26_Instance_17685" type="identity">
      <class id="CHEBI:16526" label="carbon dioxide"/>
      <span end="30134" id="15320950-5727" start="30131">CO2</span>
    </annotation>
    <annotation annotator="Mike Bada, University of Colorado Anschutz Medical Campus" id="CHEBI_2015_08_26_Instance_17669" type="identity">
      <class id="CHEBI:17544" label="hydrogencarbonate"/>
      <span end="30144" id="15320950-5713" start="30138">HCO3 -</span>
    </annotation>
    <annotation annotator="Mike Bada, University of Colorado Anschutz Medical Campus" id="CHEBI_2015_08_26_Instance_17687" type="identity">
      <class id="CHEBI:26519" label="radical"/>
      <span end="30177" id="15320950-5729" start="30164">free radicals</span>
    </annotation>
    <annotation annotator="Mike Bada, University of Colorado Anschutz Medical Campus" id="CHEBI_2015_08_26_Instance_17689" type="identity">
      <class id="CHEBI:16526" label="carbon dioxide"/>
      <span end="30191" id="15320950-5731" start="30188">CO2</span>
    </annotation>
    <annotation annotator="Mike Bada, University of Colorado Anschutz Medical Campus" id="CHEBI_2015_08_26_Instance_17691" type="identity">
      <class id="CHEBI:26519" label="radical"/>
      <span end="30209" id="15320950-5733" start="30196">free radicals</span>
    </annotation>
    <annotation annotator="Mike Bada, University of Colorado Anschutz Medical Campus" id="CHEBI_2015_08_26_Instance_17695" type="identity">
      <class id="CHEBI:16526" label="carbon dioxide"/>
      <span end="30378" id="15320950-5735" start="30375">CO2</span>
    </annotation>
    <annotation annotator="Mike Bada, University of Colorado Anschutz Medical Campus" id="CHEBI_2015_08_26_Instance_17671" type="identity">
      <class id="CHEBI:17544" label="hydrogencarbonate"/>
      <span end="30388" id="15320950-5715" start="30382">HCO3 -</span>
    </annotation>
    <annotation annotator="Mike Bada, University of Colorado Anschutz Medical Campus" id="CHEBI_2015_08_26_Instance_17697" type="identity">
      <class id="CHEBI:26519" label="radical"/>
      <span end="30435" id="15320950-5737" start="30422">free radicals</span>
    </annotation>
    <annotation annotator="Mike Bada, University of Colorado Anschutz Medical Campus" id="CHEBI_2015_08_26_Instance_17699" type="identity">
      <class id="CHEBI:26519" label="radical"/>
      <span end="30476" id="15320950-5739" start="30464">free radical</span>
    </annotation>
    <annotation annotator="Mike Bada, University of Colorado Anschutz Medical Campus" id="CHEBI_2015_08_26_Instance_18073" type="identity">
      <class id="CHEBI:16856" label="glutathione"/>
      <span end="30524" id="15320950-5865" start="30513">glutathione</span>
    </annotation>
    <annotation annotator="Mike Bada, University of Colorado Anschutz Medical Campus" id="CHEBI_2015_08_26_Instance_18075" type="identity">
      <class id="CHEBI:25179" label="melanin"/>
      <span end="30536" id="15320950-5887" start="30529">melanin</span>
    </annotation>
    <annotation annotator="Mike Bada, University of Colorado Anschutz Medical Campus" id="CHEBI_2015_08_26_Instance_18077" type="identity">
      <class id="CHEBI_EXT:26130" label="biological pigment"/>
      <span end="30544" id="15320950-5909" start="30537">pigment</span>
    </annotation>
    <annotation annotator="Mike Bada, University of Colorado Anschutz Medical Campus" id="CHEBI_2015_08_26_Instance_17673" type="identity">
      <class id="CHEBI:17544" label="hydrogencarbonate"/>
      <span end="30618" id="15320950-5717" start="30612">HCO3 -</span>
    </annotation>
    <annotation annotator="Mike Bada, University of Colorado Anschutz Medical Campus" id="CHEBI_2015_08_26_Instance_17675" type="identity">
      <class id="CHEBI:17544" label="hydrogencarbonate"/>
      <span end="30671" id="15320950-5719" start="30665">HCO3 -</span>
    </annotation>
    <annotation annotator="Mike Bada, University of Colorado Anschutz Medical Campus" id="CHEBI_2015_08_26_Instance_17701" type="identity">
      <class id="CHEBI:26519" label="radical"/>
      <span end="30779" id="15320950-5741" start="30767">free radical</span>
    </annotation>
    <annotation annotator="Mike Bada, University of Colorado Anschutz Medical Campus" id="CHEBI_2015_08_26_Instance_180776" type="identity">
      <class id="CHEBI_SO_EXT:cysteine" label="cysteine"/>
      <span end="30831" id="15320950-5905" start="30823">cysteine</span>
    </annotation>
    <annotation annotator="Mike Bada, University of Colorado Anschutz Medical Campus" id="CHEBI_2015_08_26_Instance_17715" type="identity">
      <class id="CHEBI:16856" label="glutathione"/>
      <span end="30890" id="15320950-5753" start="30879">glutathione</span>
    </annotation>
    <annotation annotator="Mike Bada, University of Colorado Anschutz Medical Campus" id="CHEBI_2015_08_26_Instance_17703" type="identity">
      <class id="CHEBI:26519" label="radical"/>
      <span end="30948" id="15320950-5743" start="30936">free radical</span>
    </annotation>
    <annotation annotator="Mike Bada, University of Colorado Anschutz Medical Campus" id="CHEBI_2015_08_26_Instance_17705" type="identity">
      <class id="CHEBI:26519" label="radical"/>
      <span end="31128" id="15320950-5745" start="31116">free radical</span>
    </annotation>
    <annotation annotator="Mike Bada, University of Colorado Anschutz Medical Campus" id="CHEBI_2015_08_26_Instance_17707" type="identity">
      <class id="CHEBI:26519" label="radical"/>
      <span end="31231" id="15320950-5747" start="31219">free radical</span>
    </annotation>
    <annotation annotator="Mike Bada, University of Colorado Anschutz Medical Campus" id="CHEBI_2015_08_26_Instance_301170" type="identity">
      <class id="CHEBI_PR_EXT:protein" label="protein"/>
      <span end="31277" id="15320950-5965" start="31270">protein</span>
    </annotation>
    <annotation annotator="Mike Bada, University of Colorado Anschutz Medical Campus" id="CHEBI_2015_08_26_Instance_17583" type="identity">
      <class id="CHEBI:29103" label="potassium(1+)"/>
      <span end="31354" id="15320950-5647" start="31352">K+</span>
    </annotation>
    <annotation annotator="Mike Bada, University of Colorado Anschutz Medical Campus" id="CHEBI_2015_08_26_Instance_17709" type="identity">
      <class id="CHEBI:26519" label="radical"/>
      <span end="31433" id="15320950-5749" start="31420">free radicals</span>
    </annotation>
    <annotation annotator="Mike Bada, University of Colorado Anschutz Medical Campus" id="CHEBI_2015_08_26_Instance_17585" type="identity">
      <class id="CHEBI:29103" label="potassium(1+)"/>
      <span end="31514" id="15320950-5649" start="31512">K+</span>
    </annotation>
    <annotation annotator="Mike Bada, University of Colorado Anschutz Medical Campus" id="CHEBI_2015_08_26_Instance_180778" type="identity">
      <class id="CHEBI_SO_EXT:cysteine" label="cysteine"/>
      <span end="31829" id="15320950-5907" start="31826">Cys</span>
    </annotation>
    <annotation annotator="Mike Bada, University of Colorado Anschutz Medical Campus" id="CHEBI_2015_08_26_Instance_180780" type="identity">
      <class id="CHEBI_SO_EXT:cysteine" label="cysteine"/>
      <span end="31839" id="15320950-5911" start="31831">cysteine</span>
    </annotation>
    <annotation annotator="Mike Bada, University of Colorado Anschutz Medical Campus" id="CHEBI_2015_08_26_Instance_410003" type="identity">
      <class id="CHEBI_SO_EXT:glutamate_or_glutamic_acid" label="glutamate or glutamic acid"/>
      <span end="31844" id="15320950-6015" start="31841">Glu</span>
    </annotation>
    <annotation annotator="Mike Bada, University of Colorado Anschutz Medical Campus" id="CHEBI_2015_08_26_Instance_180784" type="identity">
      <class id="CHEBI_EXT:glutamate" label="glutamate"/>
      <span end="31855" id="15320950-5913" start="31846">glutamate</span>
    </annotation>
    <annotation annotator="Mike Bada, University of Colorado Anschutz Medical Campus" id="CHEBI_2015_08_26_Instance_180786" type="identity">
      <class id="CHEBI_SO_EXT:glycine" label="glycine"/>
      <span end="31860" id="15320950-5915" start="31857">Gly</span>
    </annotation>
    <annotation annotator="Mike Bada, University of Colorado Anschutz Medical Campus" id="CHEBI_2015_08_26_Instance_180788" type="identity">
      <class id="CHEBI_SO_EXT:glycine" label="glycine"/>
      <span end="31869" id="15320950-5917" start="31862">glycine</span>
    </annotation>
    <annotation annotator="Mike Bada, University of Colorado Anschutz Medical Campus" id="CHEBI_2015_08_26_Instance_17721" type="identity">
      <class id="CHEBI:16856" label="glutathione"/>
      <span end="31911" id="15320950-5755" start="31900">glutathione</span>
    </annotation>
    <annotation annotator="Mike Bada, University of Colorado Anschutz Medical Campus" id="CHEBI_2015_08_26_Instance_180792" type="identity">
      <class id="CHEBI_EXT:sulfur" label="sulfur"/>
      <span end="31913" id="15320950-5919" start="31912">S</span>
    </annotation>
    <annotation annotator="Mike Bada, University of Colorado Anschutz Medical Campus" id="CHEBI_2015_08_26_Instance_17725" type="identity">
      <class id="CHEBI:16856" label="glutathione"/>
      <span end="31930" id="15320950-5759" start="31927">GSH</span>
    </annotation>
    <annotation annotator="Mike Bada, University of Colorado Anschutz Medical Campus" id="CHEBI_2015_08_26_Instance_17723" type="identity">
      <class id="CHEBI:16856" label="glutathione"/>
      <span end="31943" id="15320950-5757" start="31932">glutathione</span>
    </annotation>
    <annotation annotator="Mike Bada, University of Colorado Anschutz Medical Campus" id="CHEBI_2015_08_26_Instance_330056" type="identity">
      <class id="CHEBI_EXT:polyatomic_entity_or_group" label="polyatomic entity or group"/>
      <span end="32087" id="15320950-5973" start="32078">molecular</span>
    </annotation>
    <annotation annotator="Mike Bada, University of Colorado Anschutz Medical Campus" id="CHEBI_2015_08_26_Instance_370056" type="identity">
      <class id="CHEBI_GO_EXT:biological_process_or_quality_or_role" label="biological process, quality or role"/>
      <span end="32098" id="15320950-5993" start="32088">biological</span>
    </annotation>
    <annotation annotator="Mike Bada, University of Colorado Anschutz Medical Campus" id="CHEBI_2015_08_26_Instance_17587" type="identity">
      <class id="CHEBI:29103" label="potassium(1+)"/>
      <span end="32451" id="15320950-5651" start="32449">K+</span>
    </annotation>
    <annotation annotator="Mike Bada, University of Colorado Anschutz Medical Campus" id="CHEBI_2015_08_26_Instance_330058" type="identity">
      <class id="CHEBI_EXT:polyatomic_entity_or_group" label="polyatomic entity or group"/>
      <span end="33024" id="15320950-5975" start="33015">Molecular</span>
    </annotation>
    <annotation annotator="Mike Bada, University of Colorado Anschutz Medical Campus" id="CHEBI_2015_08_26_Instance_370058" type="identity">
      <class id="CHEBI_GO_EXT:biological_process_or_quality_or_role" label="biological process, quality or role"/>
      <span end="33032" id="15320950-5995" start="33025">Biology</span>
    </annotation>
    <graph-space id="Old Knowtator Relations"/>
  </document>
</knowtator-project>
