<?xml version="1.0" encoding="UTF-8" standalone="no"?>
<knowtator-project>
    <document id="15345036" text-file="15345036.txt">
        <annotation annotator="Mike Bada, University of Colorado Anschutz Medical Campus" id="CHEBI_2015_08_26_Instance_18607" type="identity">
            <class id="CHEBI:18303" label="phosphatidyl-L-serine"/>
            <span end="22" id="15345036-6600" start="4">phosphatidylserine</span>
        </annotation>
        <annotation annotator="Mike Bada, University of Colorado Anschutz Medical Campus" id="CHEBI_2015_08_26_Instance_18609" type="identity">
            <class id="CHEBI:18303" label="phosphatidyl-L-serine"/>
            <span end="268" id="15345036-6602" start="250">phosphatidylserine</span>
        </annotation>
        <annotation annotator="Mike Bada, University of Colorado Anschutz Medical Campus" id="CHEBI_2015_08_26_Instance_370064" type="identity">
            <class id="CHEBI_GO_EXT:biological_process_or_quality_or_role" label="biological process, quality or role"/>
            <span end="436" id="15345036-6720" start="426">biological</span>
        </annotation>
        <annotation annotator="Mike Bada, University of Colorado Anschutz Medical Campus" id="CHEBI_2015_08_26_Instance_18611" type="identity">
            <class id="CHEBI:18303" label="phosphatidyl-L-serine"/>
            <span end="471" id="15345036-6604" start="453">phosphatidylserine</span>
        </annotation>
        <annotation annotator="Mike Bada, University of Colorado Anschutz Medical Campus" id="CHEBI_2015_08_26_Instance_360026" type="identity">
            <class id="CHEBI_EXT:26130" label="biological pigment"/>
            <span end="983" id="15345036-6706" start="974">pigmented</span>
        </annotation>
        <annotation annotator="Mike Bada, University of Colorado Anschutz Medical Campus" id="CHEBI_2015_08_26_Instance_18423" type="identity">
            <class id="CHEBI:16412" label="lipopolysaccharide"/>
            <span end="1336" id="15345036-6530" start="1318">lipopolysaccharide</span>
        </annotation>
        <annotation annotator="Mike Bada, University of Colorado Anschutz Medical Campus" id="CHEBI_2015_08_26_Instance_18613" type="identity">
            <class id="CHEBI:18303" label="phosphatidyl-L-serine"/>
            <span end="1829" id="15345036-6606" start="1811">phosphatidylserine</span>
        </annotation>
        <annotation annotator="Mike Bada, University of Colorado Anschutz Medical Campus" id="CHEBI_2015_08_26_Instance_181077" type="identity">
            <class id="CHEBI_EXT:60816" label="immunogen"/>
            <span end="2570" id="15345036-6337" start="2559">immunogenic</span>
        </annotation>
        <annotation annotator="Mike Bada, University of Colorado Anschutz Medical Campus" id="CHEBI_2015_08_26_Instance_181079" type="identity">
            <class id="CHEBI_EXT:67079" label="anti-inflammatory agent"/>
            <span end="2917" id="15345036-6339" start="2900">anti-inflammatory</span>
            <span end="2949" id="15345036-6340" start="2940">mediators</span>
        </annotation>
        <annotation annotator="Mike Bada, University of Colorado Anschutz Medical Campus" id="CHEBI_2015_08_26_Instance_18661" type="identity">
            <class id="CHEBI_EXT:35705" label="immunosuppressive agent"/>
            <span end="2949" id="15345036-6650" start="2922">immunosuppressive mediators</span>
        </annotation>
        <annotation annotator="Mike Bada, University of Colorado Anschutz Medical Campus" id="CHEBI_2015_08_26_Instance_181081" type="identity">
            <class id="CHEBI_GO_EXT:ligand" label="ligand"/>
            <span end="3185" id="15345036-6342" start="3178">ligands</span>
        </annotation>
        <annotation annotator="Mike Bada, University of Colorado Anschutz Medical Campus" id="CHEBI_2015_08_26_Instance_13951" type="identity">
            <class id="CHEBI:36357" label="polyatomic entity"/>
            <span end="3846" id="15345036-6315" start="3837">molecules</span>
        </annotation>
        <annotation annotator="Mike Bada, University of Colorado Anschutz Medical Campus" id="CHEBI_2015_08_26_Instance_13953" type="identity">
            <class id="CHEBI:36357" label="polyatomic entity"/>
            <span end="4171" id="15345036-6317" start="4162">molecules</span>
        </annotation>
        <annotation annotator="Mike Bada, University of Colorado Anschutz Medical Campus" id="CHEBI_2015_08_26_Instance_301206" type="identity">
            <class id="CHEBI_PR_EXT:protein" label="protein"/>
            <span end="4298" id="15345036-6656" start="4291">protein</span>
        </annotation>
        <annotation annotator="Mike Bada, University of Colorado Anschutz Medical Campus" id="CHEBI_2015_08_26_Instance_181083" type="identity">
            <class id="CHEBI_SO_EXT:tyrosine" label="tyrosine"/>
            <span end="4349" id="15345036-6344" start="4341">tyrosine</span>
        </annotation>
        <annotation annotator="Mike Bada, University of Colorado Anschutz Medical Campus" id="CHEBI_2015_08_26_Instance_410064" type="identity">
            <class id="CHEBI_UBERON_EXT:triglyceride_or_adipose_tissue" label="fat (CHEBI/UBERON extension class)"/>
            <span end="4446" id="15345036-6732" start="4443">fat</span>
        </annotation>
        <annotation annotator="Mike Bada, University of Colorado Anschutz Medical Campus" id="CHEBI_2015_08_26_Instance_18427" type="identity">
            <class id="CHEBI:16247" label="phospholipid"/>
            <span end="4532" id="15345036-6532" start="4520">phospholipid</span>
        </annotation>
        <annotation annotator="Mike Bada, University of Colorado Anschutz Medical Campus" id="CHEBI_2015_08_26_Instance_18615" type="identity">
            <class id="CHEBI:18303" label="phosphatidyl-L-serine"/>
            <span end="4551" id="15345036-6608" start="4533">phosphatidylserine</span>
        </annotation>
        <annotation annotator="Mike Bada, University of Colorado Anschutz Medical Campus" id="CHEBI_2015_08_26_Instance_18639" type="identity">
            <class id="CHEBI:18303" label="phosphatidyl-L-serine"/>
            <span end="4555" id="15345036-6632" start="4553">PS</span>
        </annotation>
        <annotation annotator="Mike Bada, University of Colorado Anschutz Medical Campus" id="CHEBI_2015_08_26_Instance_13955" type="identity">
            <class id="CHEBI:36357" label="polyatomic entity"/>
            <span end="4856" id="15345036-6319" start="4847">molecules</span>
        </annotation>
        <annotation annotator="Mike Bada, University of Colorado Anschutz Medical Campus" id="CHEBI_2015_08_26_Instance_18641" type="identity">
            <class id="CHEBI:18303" label="phosphatidyl-L-serine"/>
            <span end="4885" id="15345036-6634" start="4883">PS</span>
        </annotation>
        <annotation annotator="Mike Bada, University of Colorado Anschutz Medical Campus" id="CHEBI_2015_08_26_Instance_301208" type="identity">
            <class id="CHEBI_PR_EXT:protein" label="protein"/>
            <span end="4938" id="15345036-6658" start="4930">proteins</span>
        </annotation>
        <annotation annotator="Mike Bada, University of Colorado Anschutz Medical Campus" id="CHEBI_2015_08_26_Instance_181085" type="identity">
            <class id="CHEBI:17089" label="glycoprotein"/>
            <span end="4954" id="15345036-6346" start="4942">glycoprotein</span>
        </annotation>
        <annotation annotator="Mike Bada, University of Colorado Anschutz Medical Campus" id="CHEBI_2015_08_26_Instance_301210" type="identity">
            <class id="CHEBI_PR_EXT:protein" label="protein"/>
            <span end="4968" id="15345036-6660" start="4961">protein</span>
        </annotation>
        <annotation annotator="Mike Bada, University of Colorado Anschutz Medical Campus" id="CHEBI_2015_08_26_Instance_410066" type="identity">
            <class id="CHEBI_UBERON_EXT:triglyceride_or_adipose_tissue" label="fat (CHEBI/UBERON extension class)"/>
            <span end="5081" id="15345036-6734" start="5078">fat</span>
        </annotation>
        <annotation annotator="Mike Bada, University of Colorado Anschutz Medical Campus" id="CHEBI_2015_08_26_Instance_301212" type="identity">
            <class id="CHEBI_PR_EXT:protein" label="protein"/>
            <span end="5097" id="15345036-6662" start="5090">protein</span>
        </annotation>
        <annotation annotator="Mike Bada, University of Colorado Anschutz Medical Campus" id="CHEBI_2015_08_26_Instance_18643" type="identity">
            <class id="CHEBI:18303" label="phosphatidyl-L-serine"/>
            <span end="5196" id="15345036-6636" start="5194">PS</span>
        </annotation>
        <annotation annotator="Mike Bada, University of Colorado Anschutz Medical Campus" id="CHEBI_2015_08_26_Instance_13957" type="identity">
            <class id="CHEBI:36357" label="polyatomic entity"/>
            <span end="5215" id="15345036-6321" start="5206">molecules</span>
        </annotation>
        <annotation annotator="Mike Bada, University of Colorado Anschutz Medical Campus" id="CHEBI_2015_08_26_Instance_181087" type="identity">
            <class id="CHEBI_GO_EXT:ligand" label="ligand"/>
            <span end="5286" id="15345036-6348" start="5280">ligand</span>
        </annotation>
        <annotation annotator="Mike Bada, University of Colorado Anschutz Medical Campus" id="CHEBI_2015_08_26_Instance_181089" type="identity">
            <class id="CHEBI_SO_EXT:tyrosine" label="tyrosine"/>
            <span end="5303" id="15345036-6350" start="5295">tyrosine</span>
        </annotation>
        <annotation annotator="Mike Bada, University of Colorado Anschutz Medical Campus" id="CHEBI_2015_08_26_Instance_13959" type="identity">
            <class id="CHEBI:36357" label="polyatomic entity"/>
            <span end="5406" id="15345036-6323" start="5397">molecules</span>
        </annotation>
        <annotation annotator="Mike Bada, University of Colorado Anschutz Medical Campus" id="CHEBI_2015_08_26_Instance_18645" type="identity">
            <class id="CHEBI:18303" label="phosphatidyl-L-serine"/>
            <span end="5419" id="15345036-6638" start="5417">PS</span>
        </annotation>
        <annotation annotator="Mike Bada, University of Colorado Anschutz Medical Campus" id="CHEBI_2015_08_26_Instance_350098" type="identity">
            <class id="CHEBI_GO_EXT:low_density_lipoprotein_particle" label="low-density lipoprotein particle"/>
            <span end="5497" id="15345036-6704" start="5474">low-density lipoprotein</span>
        </annotation>
        <annotation annotator="Mike Bada, University of Colorado Anschutz Medical Campus" id="CHEBI_2015_08_26_Instance_13961" type="identity">
            <class id="CHEBI:36357" label="polyatomic entity"/>
            <span end="5636" id="15345036-6325" start="5628">molecule</span>
        </annotation>
        <annotation annotator="Mike Bada, University of Colorado Anschutz Medical Campus" id="CHEBI_2015_08_26_Instance_18647" type="identity">
            <class id="CHEBI:18303" label="phosphatidyl-L-serine"/>
            <span end="5657" id="15345036-6640" start="5655">PS</span>
        </annotation>
        <annotation annotator="Mike Bada, University of Colorado Anschutz Medical Campus" id="CHEBI_2015_08_26_Instance_18617" type="identity">
            <class id="CHEBI:18303" label="phosphatidyl-L-serine"/>
            <span end="5711" id="15345036-6610" start="5693">phosphatidylserine</span>
        </annotation>
        <annotation annotator="Mike Bada, University of Colorado Anschutz Medical Campus" id="CHEBI_2015_08_26_Instance_18649" type="identity">
            <class id="CHEBI:18303" label="phosphatidyl-L-serine"/>
            <span end="5901" id="15345036-6642" start="5899">PS</span>
        </annotation>
        <annotation annotator="Mike Bada, University of Colorado Anschutz Medical Campus" id="CHEBI_2015_08_26_Instance_18651" type="identity">
            <class id="CHEBI:18303" label="phosphatidyl-L-serine"/>
            <span end="5919" id="15345036-6644" start="5917">PS</span>
        </annotation>
        <annotation annotator="Mike Bada, University of Colorado Anschutz Medical Campus" id="CHEBI_2015_08_26_Instance_13963" type="identity">
            <class id="CHEBI:36357" label="polyatomic entity"/>
            <span end="5936" id="15345036-6327" start="5928">molecule</span>
        </annotation>
        <annotation annotator="Mike Bada, University of Colorado Anschutz Medical Campus" id="CHEBI_2015_08_26_Instance_18653" type="identity">
            <class id="CHEBI:18303" label="phosphatidyl-L-serine"/>
            <span end="6015" id="15345036-6646" start="6013">PS</span>
        </annotation>
        <annotation annotator="Mike Bada, University of Colorado Anschutz Medical Campus" id="CHEBI_2015_08_26_Instance_181091" type="identity">
            <class id="CHEBI_EXT:67079" label="anti-inflammatory agent"/>
            <span end="6115" id="15345036-6352" start="6088">anti-inflammatory mediators</span>
        </annotation>
        <annotation annotator="Mike Bada, University of Colorado Anschutz Medical Campus" id="CHEBI_2015_08_26_Instance_181093" type="identity">
            <class id="CHEBI:44811" label="2-O-acetyl-1-O-hexadecyl-sn-glycero-3-phosphocholine"/>
            <span end="6193" id="15345036-6354" start="6167">platelet-activating factor</span>
        </annotation>
        <annotation annotator="Mike Bada, University of Colorado Anschutz Medical Campus" id="CHEBI_2015_08_26_Instance_181095" type="identity">
            <class id="CHEBI:44811" label="2-O-acetyl-1-O-hexadecyl-sn-glycero-3-phosphocholine"/>
            <span end="6198" id="15345036-6356" start="6195">PAF</span>
        </annotation>
        <annotation annotator="Mike Bada, University of Colorado Anschutz Medical Campus" id="CHEBI_2015_08_26_Instance_18663" type="identity">
            <class id="CHEBI:15551" label="prostaglandin E2"/>
            <span end="6221" id="15345036-6652" start="6205">prostaglandin E2</span>
        </annotation>
        <annotation annotator="Mike Bada, University of Colorado Anschutz Medical Campus" id="CHEBI_2015_08_26_Instance_301214" type="identity">
            <class id="CHEBI_PR_EXT:protein" label="protein"/>
            <span end="6836" id="15345036-6664" start="6829">protein</span>
        </annotation>
        <annotation annotator="Mike Bada, University of Colorado Anschutz Medical Campus" id="CHEBI_2015_08_26_Instance_18619" type="identity">
            <class id="CHEBI:18303" label="phosphatidyl-L-serine"/>
            <span end="7976" id="15345036-6612" start="7958">phosphatidylserine</span>
        </annotation>
        <annotation annotator="Mike Bada, University of Colorado Anschutz Medical Campus" id="CHEBI_2015_08_26_Instance_181097" type="identity">
            <class id="CHEBI:75055" label="5-bromo-4-chloro-3-indolyl beta-D-galactoside"/>
            <span end="11554" id="15345036-6358" start="11549">X-Gal</span>
        </annotation>
        <annotation annotator="Mike Bada, University of Colorado Anschutz Medical Campus" id="CHEBI_2015_08_26_Instance_181099" type="identity">
            <class id="CHEBI:75055" label="5-bromo-4-chloro-3-indolyl beta-D-galactoside"/>
            <span end="12388" id="15345036-6360" start="12383">X-Gal</span>
        </annotation>
        <annotation annotator="Mike Bada, University of Colorado Anschutz Medical Campus" id="CHEBI_2015_08_26_Instance_181101" type="identity">
            <class id="CHEBI_SO_EXT:base" label="base"/>
            <span end="13620" id="15345036-6362" start="13619">b</span>
        </annotation>
        <annotation annotator="Mike Bada, University of Colorado Anschutz Medical Campus" id="CHEBI_2015_08_26_Instance_360028" type="identity">
            <class id="CHEBI_EXT:26130" label="biological pigment"/>
            <span end="19410" id="15345036-6708" start="19401">pigmented</span>
        </annotation>
        <annotation annotator="Mike Bada, University of Colorado Anschutz Medical Campus" id="CHEBI_2015_08_26_Instance_360030" type="identity">
            <class id="CHEBI_EXT:26130" label="biological pigment"/>
            <span end="19574" id="15345036-6710" start="19565">pigmented</span>
        </annotation>
        <annotation annotator="Mike Bada, University of Colorado Anschutz Medical Campus" id="CHEBI_2015_08_26_Instance_360032" type="identity">
            <class id="CHEBI_EXT:26130" label="biological pigment"/>
            <span end="19675" id="15345036-6712" start="19666">pigmented</span>
        </annotation>
        <annotation annotator="Mike Bada, University of Colorado Anschutz Medical Campus" id="CHEBI_2015_08_26_Instance_360034" type="identity">
            <class id="CHEBI_EXT:26130" label="biological pigment"/>
            <span end="19919" id="15345036-6714" start="19910">pigmented</span>
        </annotation>
        <annotation annotator="Mike Bada, University of Colorado Anschutz Medical Campus" id="CHEBI_2015_08_26_Instance_181103" type="identity">
            <class id="CHEBI_SO_EXT:deoxyribonucleotide" label="deoxyribonucleotide"/>
            <span end="20908" id="15345036-6364" start="20893">deoxynucleotide</span>
        </annotation>
        <annotation annotator="Mike Bada, University of Colorado Anschutz Medical Campus" id="CHEBI_2015_08_26_Instance_181105" type="identity">
            <class id="CHEBI_EXT:UTP" label="UTP"/>
            <span end="20933" id="15345036-6366" start="20930">UTP</span>
        </annotation>
        <annotation annotator="Mike Bada, University of Colorado Anschutz Medical Campus" id="CHEBI_2015_08_26_Instance_380338" type="identity">
            <class id="CHEBI_SO_EXT:molecular_label_or_mark_or_tag_process" label="molecular label/mark/tag process"/>
            <span end="20946" id="15345036-6724" start="20938">labeling</span>
        </annotation>
        <annotation annotator="Mike Bada, University of Colorado Anschutz Medical Campus" id="CHEBI_2015_08_26_Instance_181107" type="identity">
            <class id="CHEBI_SO_EXT:molecular_indicator_or_label_or_marker_or_tag" label="molecular indicator/label/marker/tag"/>
            <span end="24231" id="15345036-6368" start="24225">marker</span>
        </annotation>
        <annotation annotator="Mike Bada, University of Colorado Anschutz Medical Campus" id="CHEBI_2015_08_26_Instance_181109" type="identity">
            <class id="CHEBI:51657" label="5-carboxytetramethylrhodamine"/>
            <span end="25947" id="15345036-6370" start="25918">5-carboxytetramethylrhodamine</span>
        </annotation>
        <annotation annotator="Mike Bada, University of Colorado Anschutz Medical Campus" id="CHEBI_2015_08_26_Instance_181111" type="identity">
            <class id="CHEBI:51657" label="5-carboxytetramethylrhodamine"/>
            <span end="25955" id="15345036-6372" start="25950">TAMRA</span>
        </annotation>
        <annotation annotator="Mike Bada, University of Colorado Anschutz Medical Campus" id="CHEBI_2015_08_26_Instance_380340" type="identity">
            <class id="CHEBI_SO_EXT:molecular_label_or_mark_or_tag_process" label="molecular label/mark/tag process"/>
            <span end="25965" id="15345036-6726" start="25958">labeled</span>
        </annotation>
        <annotation annotator="Mike Bada, University of Colorado Anschutz Medical Campus" id="CHEBI_2015_08_26_Instance_380342" type="identity">
            <class id="CHEBI_SO_EXT:molecular_label_or_mark_or_tag_process" label="molecular label/mark/tag process"/>
            <span end="26045" id="15345036-6728" start="26038">labeled</span>
        </annotation>
        <annotation annotator="Mike Bada, University of Colorado Anschutz Medical Campus" id="CHEBI_2015_08_26_Instance_17745" type="identity">
            <class id="CHEBI:16412" label="lipopolysaccharide"/>
            <span end="27364" id="15345036-6331" start="27346">lipopolysaccharide</span>
        </annotation>
        <annotation annotator="Mike Bada, University of Colorado Anschutz Medical Campus" id="CHEBI_2015_08_26_Instance_17941" type="identity">
            <class id="CHEBI:16412" label="lipopolysaccharide"/>
            <span end="27369" id="15345036-6333" start="27366">LPS</span>
        </annotation>
        <annotation annotator="Mike Bada, University of Colorado Anschutz Medical Campus" id="CHEBI_2015_08_26_Instance_18299" type="identity">
            <class id="CHEBI:16412" label="lipopolysaccharide"/>
            <span end="28027" id="15345036-6528" start="28024">LPS</span>
        </annotation>
        <annotation annotator="Mike Bada, University of Colorado Anschutz Medical Campus" id="CHEBI_2015_08_26_Instance_18439" type="identity">
            <class id="CHEBI:16412" label="lipopolysaccharide"/>
            <span end="28295" id="15345036-6534" start="28292">LPS</span>
        </annotation>
        <annotation annotator="Mike Bada, University of Colorado Anschutz Medical Campus" id="CHEBI_2015_08_26_Instance_17943" type="identity">
            <class id="CHEBI:16412" label="lipopolysaccharide"/>
            <span end="28409" id="15345036-6335" start="28406">LPS</span>
        </annotation>
        <annotation annotator="Mike Bada, University of Colorado Anschutz Medical Campus" id="CHEBI_2015_08_26_Instance_18441" type="identity">
            <class id="CHEBI:16412" label="lipopolysaccharide"/>
            <span end="28571" id="15345036-6536" start="28568">LPS</span>
        </annotation>
        <annotation annotator="Mike Bada, University of Colorado Anschutz Medical Campus" id="CHEBI_2015_08_26_Instance_18443" type="identity">
            <class id="CHEBI:16412" label="lipopolysaccharide"/>
            <span end="28734" id="15345036-6538" start="28731">LPS</span>
        </annotation>
        <annotation annotator="Mike Bada, University of Colorado Anschutz Medical Campus" id="CHEBI_2015_08_26_Instance_18445" type="identity">
            <class id="CHEBI:16412" label="lipopolysaccharide"/>
            <span end="28799" id="15345036-6540" start="28796">LPS</span>
        </annotation>
        <annotation annotator="Mike Bada, University of Colorado Anschutz Medical Campus" id="CHEBI_2015_08_26_Instance_18447" type="identity">
            <class id="CHEBI:16412" label="lipopolysaccharide"/>
            <span end="28891" id="15345036-6542" start="28888">LPS</span>
        </annotation>
        <annotation annotator="Mike Bada, University of Colorado Anschutz Medical Campus" id="CHEBI_2015_08_26_Instance_301216" type="identity">
            <class id="CHEBI_PR_EXT:protein" label="protein"/>
            <span end="29188" id="15345036-6666" start="29181">protein</span>
        </annotation>
        <annotation annotator="Mike Bada, University of Colorado Anschutz Medical Campus" id="CHEBI_2015_08_26_Instance_18449" type="identity">
            <class id="CHEBI:16412" label="lipopolysaccharide"/>
            <span end="29516" id="15345036-6544" start="29513">LPS</span>
        </annotation>
        <annotation annotator="Mike Bada, University of Colorado Anschutz Medical Campus" id="CHEBI_2015_08_26_Instance_18451" type="identity">
            <class id="CHEBI:16412" label="lipopolysaccharide"/>
            <span end="29552" id="15345036-6546" start="29549">LPS</span>
        </annotation>
        <annotation annotator="Mike Bada, University of Colorado Anschutz Medical Campus" id="CHEBI_2015_08_26_Instance_18621" type="identity">
            <class id="CHEBI:18303" label="phosphatidyl-L-serine"/>
            <span end="29877" id="15345036-6614" start="29859">phosphatidylserine</span>
        </annotation>
        <annotation annotator="Mike Bada, University of Colorado Anschutz Medical Campus" id="CHEBI_2015_08_26_Instance_181113" type="identity">
            <class id="CHEBI:7507" label="neomycin"/>
            <span end="30335" id="15345036-6374" start="30327">neomycin</span>
        </annotation>
        <annotation annotator="Mike Bada, University of Colorado Anschutz Medical Campus" id="CHEBI_2015_08_26_Instance_18469" type="identity">
            <class id="CHEBI_EXT:35195" label="surfactant"/>
            <span end="34231" id="15345036-6564" start="34221">surfactant</span>
        </annotation>
        <annotation annotator="Mike Bada, University of Colorado Anschutz Medical Campus" id="CHEBI_2015_08_26_Instance_18471" type="identity">
            <class id="CHEBI_EXT:35195" label="surfactant"/>
            <span end="34335" id="15345036-6566" start="34325">surfactant</span>
        </annotation>
        <annotation annotator="Mike Bada, University of Colorado Anschutz Medical Campus" id="CHEBI_2015_08_26_Instance_360036" type="identity">
            <class id="CHEBI_EXT:26130" label="biological pigment"/>
            <span end="35269" id="15345036-6716" start="35260">pigmented</span>
        </annotation>
        <annotation annotator="Mike Bada, University of Colorado Anschutz Medical Campus" id="CHEBI_2015_08_26_Instance_18623" type="identity">
            <class id="CHEBI:18303" label="phosphatidyl-L-serine"/>
            <span end="40857" id="15345036-6616" start="40839">phosphatidylserine</span>
        </annotation>
        <annotation annotator="Mike Bada, University of Colorado Anschutz Medical Campus" id="CHEBI_2015_08_26_Instance_18625" type="identity">
            <class id="CHEBI:18303" label="phosphatidyl-L-serine"/>
            <span end="43632" id="15345036-6618" start="43614">phosphatidylserine</span>
        </annotation>
        <annotation annotator="Mike Bada, University of Colorado Anschutz Medical Campus" id="CHEBI_2015_08_26_Instance_181117" type="identity">
            <class id="CHEBI_EXT:thioglycolate" label="thioglycolate"/>
            <span end="44157" id="15345036-6376" start="44143">thioglycollate</span>
        </annotation>
        <annotation annotator="Mike Bada, University of Colorado Anschutz Medical Campus" id="CHEBI_2015_08_26_Instance_181119" type="identity">
            <class id="CHEBI_EXT:thioglycolate" label="thioglycolate"/>
            <span end="44636" id="15345036-6378" start="44622">thioglycollate</span>
        </annotation>
        <annotation annotator="Mike Bada, University of Colorado Anschutz Medical Campus" id="CHEBI_2015_08_26_Instance_181121" type="identity">
            <class id="CHEBI_EXT:thioglycolate" label="thioglycolate"/>
            <span end="44945" id="15345036-6380" start="44931">thioglycollate</span>
        </annotation>
        <annotation annotator="Mike Bada, University of Colorado Anschutz Medical Campus" id="CHEBI_2015_08_26_Instance_18453" type="identity">
            <class id="CHEBI:16412" label="lipopolysaccharide"/>
            <span end="45428" id="15345036-6548" start="45425">LPS</span>
        </annotation>
        <annotation annotator="Mike Bada, University of Colorado Anschutz Medical Campus" id="CHEBI_2015_08_26_Instance_18473" type="identity">
            <class id="CHEBI_EXT:35224" label="effector"/>
            <span end="45510" id="15345036-6568" start="45502">effector</span>
        </annotation>
        <annotation annotator="Mike Bada, University of Colorado Anschutz Medical Campus" id="CHEBI_2015_08_26_Instance_301218" type="identity">
            <class id="CHEBI_PR_EXT:protein" label="protein"/>
            <span end="45787" id="15345036-6668" start="45780">protein</span>
        </annotation>
        <annotation annotator="Mike Bada, University of Colorado Anschutz Medical Campus" id="CHEBI_2015_08_26_Instance_18627" type="identity">
            <class id="CHEBI:18303" label="phosphatidyl-L-serine"/>
            <span end="45908" id="15345036-6620" start="45890">phosphatidylserine</span>
        </annotation>
        <annotation annotator="Mike Bada, University of Colorado Anschutz Medical Campus" id="CHEBI_2015_08_26_Instance_13965" type="identity">
            <class id="CHEBI:36357" label="polyatomic entity"/>
            <span end="47178" id="15345036-6329" start="47169">molecules</span>
        </annotation>
        <annotation annotator="Mike Bada, University of Colorado Anschutz Medical Campus" id="CHEBI_2015_08_26_Instance_18629" type="identity">
            <class id="CHEBI:18303" label="phosphatidyl-L-serine"/>
            <span end="47211" id="15345036-6622" start="47193">phosphatidylserine</span>
        </annotation>
        <annotation annotator="Mike Bada, University of Colorado Anschutz Medical Campus" id="CHEBI_2015_08_26_Instance_181123" type="identity">
            <class id="CHEBI_SO_EXT:peptide_or_peptide_region" label="peptide or peptide region"/>
            <span end="47561" id="15345036-6382" start="47554">peptide</span>
        </annotation>
        <annotation annotator="Mike Bada, University of Colorado Anschutz Medical Campus" id="CHEBI_2015_08_26_Instance_181125" type="identity">
            <class id="CHEBI_SO_EXT:peptide_or_peptide_region" label="peptide or peptide region"/>
            <span end="47628" id="15345036-6384" start="47621">peptide</span>
        </annotation>
        <annotation annotator="Mike Bada, University of Colorado Anschutz Medical Campus" id="CHEBI_2015_08_26_Instance_301220" type="identity">
            <class id="CHEBI_PR_EXT:protein" label="protein"/>
            <span end="47801" id="15345036-6670" start="47791">protein(s)</span>
        </annotation>
        <annotation annotator="Mike Bada, University of Colorado Anschutz Medical Campus" id="CHEBI_2015_08_26_Instance_18631" type="identity">
            <class id="CHEBI:18303" label="phosphatidyl-L-serine"/>
            <span end="48533" id="15345036-6624" start="48515">phosphatidylserine</span>
        </annotation>
        <annotation annotator="Mike Bada, University of Colorado Anschutz Medical Campus" id="CHEBI_2015_08_26_Instance_18633" type="identity">
            <class id="CHEBI:18303" label="phosphatidyl-L-serine"/>
            <span end="48597" id="15345036-6626" start="48579">phosphatidylserine</span>
        </annotation>
        <annotation annotator="Mike Bada, University of Colorado Anschutz Medical Campus" id="CHEBI_2015_08_26_Instance_18635" type="identity">
            <class id="CHEBI:18303" label="phosphatidyl-L-serine"/>
            <span end="48717" id="15345036-6628" start="48699">phosphatidylserine</span>
        </annotation>
        <annotation annotator="Mike Bada, University of Colorado Anschutz Medical Campus" id="CHEBI_2015_08_26_Instance_301222" type="identity">
            <class id="CHEBI_PR_EXT:protein" label="protein"/>
            <span end="48735" id="15345036-6672" start="48727">proteins</span>
        </annotation>
        <annotation annotator="Mike Bada, University of Colorado Anschutz Medical Campus" id="CHEBI_2015_08_26_Instance_330072" type="identity">
            <class id="CHEBI_EXT:polyatomic_entity_or_group" label="polyatomic entity or group"/>
            <span end="48977" id="15345036-6688" start="48968">molecular</span>
        </annotation>
        <annotation annotator="Mike Bada, University of Colorado Anschutz Medical Campus" id="CHEBI_2015_08_26_Instance_181127" type="identity">
            <class id="CHEBI_SO_EXT:base" label="base"/>
            <span end="49415" id="15345036-6386" start="49414">b</span>
        </annotation>
        <annotation annotator="Mike Bada, University of Colorado Anschutz Medical Campus" id="CHEBI_2015_08_26_Instance_181129" type="identity">
            <class id="CHEBI_SO_EXT:base" label="base"/>
            <span end="49547" id="15345036-6388" start="49546">b</span>
        </annotation>
        <annotation annotator="Mike Bada, University of Colorado Anschutz Medical Campus" id="CHEBI_2015_08_26_Instance_181263" type="identity">
            <class id="CHEBI_SO_EXT:base" label="base"/>
            <span end="49637" id="15345036-6520" start="49636">b</span>
        </annotation>
        <annotation annotator="Mike Bada, University of Colorado Anschutz Medical Campus" id="CHEBI_2015_08_26_Instance_181131" type="identity">
            <class id="CHEBI:7507" label="neomycin"/>
            <span end="49659" id="15345036-6390" start="49651">neomycin</span>
        </annotation>
        <annotation annotator="Mike Bada, University of Colorado Anschutz Medical Campus" id="CHEBI_2015_08_26_Instance_331380" type="identity">
            <class id="CHEBI_GO_EXT:neomycin_or_neomycin_phosphotransferase" label="neomycin or neomycin phosphotransferase"/>
            <span end="49689" id="15345036-6696" start="49686">neo</span>
        </annotation>
        <annotation annotator="Mike Bada, University of Colorado Anschutz Medical Campus" id="CHEBI_2015_08_26_Instance_181636" type="identity">
            <class id="CHEBI:42768" label="geneticin"/>
            <span end="49861" id="15345036-6524" start="49857">G418</span>
        </annotation>
        <annotation annotator="Mike Bada, University of Colorado Anschutz Medical Campus" id="CHEBI_2015_08_26_Instance_181638" type="identity">
            <class id="CHEBI:42768" label="geneticin"/>
            <span end="49895" id="15345036-6526" start="49891">G418</span>
        </annotation>
        <annotation annotator="Mike Bada, University of Colorado Anschutz Medical Campus" id="CHEBI_2015_08_26_Instance_181133" type="identity">
            <class id="CHEBI_SO_EXT:DNA" label="DNA"/>
            <span end="50450" id="15345036-6392" start="50447">DNA</span>
        </annotation>
        <annotation annotator="Mike Bada, University of Colorado Anschutz Medical Campus" id="CHEBI_2015_08_26_Instance_181135" type="identity">
            <class id="CHEBI_SO_EXT:DNA" label="DNA"/>
            <span end="51285" id="15345036-6394" start="51282">DNA</span>
        </annotation>
        <annotation annotator="Mike Bada, University of Colorado Anschutz Medical Campus" id="CHEBI_2015_08_26_Instance_181137" type="identity">
            <class id="CHEBI_SO_EXT:DNA" label="DNA"/>
            <span end="51379" id="15345036-6396" start="51376">DNA</span>
        </annotation>
        <annotation annotator="Mike Bada, University of Colorado Anschutz Medical Campus" id="CHEBI_2015_08_26_Instance_330074" type="identity">
            <class id="CHEBI_EXT:polyatomic_entity_or_group" label="polyatomic entity or group"/>
            <span end="51420" id="15345036-6690" start="51411">molecular</span>
        </annotation>
        <annotation annotator="Mike Bada, University of Colorado Anschutz Medical Campus" id="CHEBI_2015_08_26_Instance_181139" type="identity">
            <class id="CHEBI_SO_EXT:DNA" label="DNA"/>
            <span end="51439" id="15345036-6398" start="51436">DNA</span>
        </annotation>
        <annotation annotator="Mike Bada, University of Colorado Anschutz Medical Campus" id="CHEBI_2015_08_26_Instance_181141" type="identity">
            <class id="CHEBI_SO_EXT:DNA" label="DNA"/>
            <span end="51934" id="15345036-6400" start="51931">DNA</span>
        </annotation>
        <annotation annotator="Mike Bada, University of Colorado Anschutz Medical Campus" id="CHEBI_2015_08_26_Instance_331382" type="identity">
            <class id="CHEBI_GO_EXT:neomycin_or_neomycin_phosphotransferase" label="neomycin or neomycin phosphotransferase"/>
            <span end="52062" id="15345036-6698" start="52059">neo</span>
        </annotation>
        <annotation annotator="Mike Bada, University of Colorado Anschutz Medical Campus" id="CHEBI_2015_08_26_Instance_181143" type="identity">
            <class id="CHEBI_SO_EXT:DNA" label="DNA"/>
            <span end="52263" id="15345036-6402" start="52260">DNA</span>
        </annotation>
        <annotation annotator="Mike Bada, University of Colorado Anschutz Medical Campus" id="CHEBI_2015_08_26_Instance_18475" type="identity">
            <class id="CHEBI:2511" label="agarose"/>
            <span end="52411" id="15345036-6570" start="52404">agarose</span>
        </annotation>
        <annotation annotator="Mike Bada, University of Colorado Anschutz Medical Campus" id="CHEBI_2015_08_26_Instance_18477" type="identity">
            <class id="CHEBI:25614" label="nylons"/>
            <span end="52439" id="15345036-6572" start="52434">nylon</span>
        </annotation>
        <annotation annotator="Mike Bada, University of Colorado Anschutz Medical Campus" id="CHEBI_2015_08_26_Instance_181145" type="identity">
            <class id="CHEBI_SO_EXT:molecular_probe" label="molecular probe"/>
            <span end="52558" id="15345036-6404" start="52552">probes</span>
        </annotation>
        <annotation annotator="Mike Bada, University of Colorado Anschutz Medical Campus" id="CHEBI_2015_08_26_Instance_181147" type="identity">
            <class id="CHEBI_SO_EXT:molecular_probe" label="molecular probe"/>
            <span end="52631" id="15345036-6406" start="52626">probe</span>
        </annotation>
        <annotation annotator="Mike Bada, University of Colorado Anschutz Medical Campus" id="CHEBI_2015_08_26_Instance_181149" type="identity">
            <class id="CHEBI_SO_EXT:base" label="base"/>
            <span end="52672" id="15345036-6408" start="52671">b</span>
        </annotation>
        <annotation annotator="Mike Bada, University of Colorado Anschutz Medical Campus" id="CHEBI_2015_08_26_Instance_181151" type="identity">
            <class id="CHEBI_SO_EXT:base" label="base"/>
            <span end="52709" id="15345036-6410" start="52708">b</span>
        </annotation>
        <annotation annotator="Mike Bada, University of Colorado Anschutz Medical Campus" id="CHEBI_2015_08_26_Instance_181153" type="identity">
            <class id="CHEBI_SO_EXT:molecular_probe" label="molecular probe"/>
            <span end="52836" id="15345036-6412" start="52831">probe</span>
        </annotation>
        <annotation annotator="Mike Bada, University of Colorado Anschutz Medical Campus" id="CHEBI_2015_08_26_Instance_181155" type="identity">
            <class id="CHEBI_SO_EXT:base" label="base"/>
            <span end="52877" id="15345036-6414" start="52876">b</span>
        </annotation>
        <annotation annotator="Mike Bada, University of Colorado Anschutz Medical Campus" id="CHEBI_2015_08_26_Instance_181157" type="identity">
            <class id="CHEBI_SO_EXT:base" label="base"/>
            <span end="52907" id="15345036-6416" start="52906">b</span>
        </annotation>
        <annotation annotator="Mike Bada, University of Colorado Anschutz Medical Campus" id="CHEBI_2015_08_26_Instance_181159" type="identity">
            <class id="CHEBI_SO_EXT:RNA" label="RNA"/>
            <span end="53000" id="15345036-6418" start="52997">RNA</span>
        </annotation>
        <annotation annotator="Mike Bada, University of Colorado Anschutz Medical Campus" id="CHEBI_2015_08_26_Instance_18479" type="identity">
            <class id="CHEBI_EXT:33893" label="reagent"/>
            <span end="53059" id="15345036-6574" start="53052">reagent</span>
        </annotation>
        <annotation annotator="Mike Bada, University of Colorado Anschutz Medical Campus" id="CHEBI_2015_08_26_Instance_181161" type="identity">
            <class id="CHEBI_SO_EXT:RNA" label="RNA"/>
            <span end="53135" id="15345036-6420" start="53132">RNA</span>
        </annotation>
        <annotation annotator="Mike Bada, University of Colorado Anschutz Medical Campus" id="CHEBI_2015_08_26_Instance_18481" type="identity">
            <class id="CHEBI:25614" label="nylons"/>
            <span end="53214" id="15345036-6576" start="53209">nylon</span>
        </annotation>
        <annotation annotator="Mike Bada, University of Colorado Anschutz Medical Campus" id="CHEBI_2015_08_26_Instance_181163" type="identity">
            <class id="CHEBI_EXT:adenine_nucleobase_or_nucleoside_or_nucleotide_molecular_entity_or_group" label="adenine nucleobase/nucleoside/nucleotide molecular entity or group"/>
            <span end="53255" id="15345036-6422" start="53254">A</span>
        </annotation>
        <annotation annotator="Mike Bada, University of Colorado Anschutz Medical Campus" id="CHEBI_2015_08_26_Instance_181165" type="identity">
            <class id="CHEBI_SO_EXT:RNA" label="RNA"/>
            <span end="53260" id="15345036-6424" start="53257">RNA</span>
        </annotation>
        <annotation annotator="Mike Bada, University of Colorado Anschutz Medical Campus" id="CHEBI_2015_08_26_Instance_181167" type="identity">
            <class id="CHEBI_SO_EXT:molecular_probe" label="molecular probe"/>
            <span end="53352" id="15345036-6426" start="53347">probe</span>
        </annotation>
        <annotation annotator="Mike Bada, University of Colorado Anschutz Medical Campus" id="CHEBI_2015_08_26_Instance_181169" type="identity">
            <class id="CHEBI_SO_EXT:molecular_probe" label="molecular probe"/>
            <span end="53570" id="15345036-6428" start="53565">probe</span>
        </annotation>
        <annotation annotator="Mike Bada, University of Colorado Anschutz Medical Campus" id="CHEBI_2015_08_26_Instance_181171" type="identity">
            <class id="CHEBI_SO_EXT:RNA" label="RNA"/>
            <span end="53611" id="15345036-6430" start="53608">RNA</span>
        </annotation>
        <annotation annotator="Mike Bada, University of Colorado Anschutz Medical Campus" id="CHEBI_2015_08_26_Instance_181173" type="identity">
            <class id="CHEBI_SO_EXT:mRNA" label="mRNA"/>
            <span end="53731" id="15345036-6432" start="53727">mRNA</span>
        </annotation>
        <annotation annotator="Mike Bada, University of Colorado Anschutz Medical Campus" id="CHEBI_2015_08_26_Instance_181175" type="identity">
            <class id="CHEBI_SO_EXT:mRNA" label="mRNA"/>
            <span end="53808" id="15345036-6434" start="53804">mRNA</span>
        </annotation>
        <annotation annotator="Mike Bada, University of Colorado Anschutz Medical Campus" id="CHEBI_2015_08_26_Instance_301224" type="identity">
            <class id="CHEBI_PR_EXT:protein" label="protein"/>
            <span end="53861" id="15345036-6674" start="53854">protein</span>
        </annotation>
        <annotation annotator="Mike Bada, University of Colorado Anschutz Medical Campus" id="CHEBI_2015_08_26_Instance_181177" type="identity">
            <class id="CHEBI_CHMO_EXT:buffer_solution" label="buffer solution"/>
            <span end="53904" id="15345036-6436" start="53898">buffer</span>
        </annotation>
        <annotation annotator="Mike Bada, University of Colorado Anschutz Medical Campus" id="CHEBI_2015_08_26_Instance_181179" type="identity">
            <class id="CHEBI:78708" label="Nonidet P-40"/>
            <span end="53940" id="15345036-6438" start="53928">Nonidet P-40</span>
        </annotation>
        <annotation annotator="Mike Bada, University of Colorado Anschutz Medical Campus" id="CHEBI_2015_08_26_Instance_18483" type="identity">
            <class id="CHEBI:9177" label="sodium deoxycholate"/>
            <span end="53966" id="15345036-6578" start="53947">sodium deoxycholate</span>
        </annotation>
        <annotation annotator="Mike Bada, University of Colorado Anschutz Medical Campus" id="CHEBI_2015_08_26_Instance_18485" type="identity">
            <class id="CHEBI:8984" label="sodium dodecyl sulfate"/>
            <span end="53976" id="15345036-6580" start="53973">SDS</span>
        </annotation>
        <annotation annotator="Mike Bada, University of Colorado Anschutz Medical Campus" id="CHEBI_2015_08_26_Instance_290314" type="identity">
            <class id="CHEBI_GO_EXT:peptidase_or_protease_or_proteinase_inhibitor" label="peptidase/protease/proteinase inhibitor"/>
            <span end="53999" id="15345036-6654" start="53981">protease inhibitor</span>
        </annotation>
        <annotation annotator="Mike Bada, University of Colorado Anschutz Medical Campus" id="CHEBI_2015_08_26_Instance_181181" type="identity">
            <class id="CHEBI:60004" label="mixture"/>
            <span end="54008" id="15345036-6440" start="54000">cocktail</span>
        </annotation>
        <annotation annotator="Mike Bada, University of Colorado Anschutz Medical Campus" id="CHEBI_2015_08_26_Instance_301226" type="identity">
            <class id="CHEBI_PR_EXT:protein" label="protein"/>
            <span end="54064" id="15345036-6676" start="54057">protein</span>
        </annotation>
        <annotation annotator="Mike Bada, University of Colorado Anschutz Medical Campus" id="CHEBI_2015_08_26_Instance_18489" type="identity">
            <class id="CHEBI:8984" label="sodium dodecyl sulfate"/>
            <span end="54093" id="15345036-6582" start="54090">SDS</span>
        </annotation>
        <annotation annotator="Mike Bada, University of Colorado Anschutz Medical Campus" id="CHEBI_2015_08_26_Instance_181183" type="identity">
            <class id="CHEBI_EXT:polyacrylamide" label="polyacrylamide"/>
            <span end="54108" id="15345036-6442" start="54094">polyacrylamide</span>
        </annotation>
        <annotation annotator="Mike Bada, University of Colorado Anschutz Medical Campus" id="CHEBI_2015_08_26_Instance_181185" type="identity">
            <class id="CHEBI:53250" label="poly(vinylene fluoride)"/>
            <span end="54156" id="15345036-6444" start="54152">PVDF</span>
        </annotation>
        <annotation annotator="Mike Bada, University of Colorado Anschutz Medical Campus" id="CHEBI_2015_08_26_Instance_181187" type="identity">
            <class id="CHEBI_EXT:50913" label="fixative"/>
            <span end="55563" id="15345036-6446" start="55555">fixative</span>
        </annotation>
        <annotation annotator="Mike Bada, University of Colorado Anschutz Medical Campus" id="CHEBI_2015_08_26_Instance_380026" type="identity">
            <class id="CHEBI_CHMO_EXT:buffer_process" label="buffer process"/>
            <span end="55851" id="15345036-6722" start="55843">buffered</span>
        </annotation>
        <annotation annotator="Mike Bada, University of Colorado Anschutz Medical Campus" id="CHEBI_2015_08_26_Instance_181189" type="identity">
            <class id="CHEBI:16842" label="formaldehyde"/>
            <span end="55860" id="15345036-6448" start="55852">formalin</span>
        </annotation>
        <annotation annotator="Mike Bada, University of Colorado Anschutz Medical Campus" id="CHEBI_2015_08_26_Instance_18491" type="identity">
            <class id="CHEBI:30879" label="alcohol"/>
            <span end="55907" id="15345036-6584" start="55900">alcohol</span>
        </annotation>
        <annotation annotator="Mike Bada, University of Colorado Anschutz Medical Campus" id="CHEBI_2015_08_26_Instance_181191" type="identity">
            <class id="CHEBI:51686" label="haematoxylin"/>
            <span end="56024" id="15345036-6450" start="56013">hematoxylin</span>
        </annotation>
        <annotation annotator="Mike Bada, University of Colorado Anschutz Medical Campus" id="CHEBI_2015_08_26_Instance_181195" type="identity">
            <class id="CHEBI_EXT:eosin" label="eosin"/>
            <span end="56034" id="15345036-6454" start="56029">eosin</span>
        </annotation>
        <annotation annotator="Mike Bada, University of Colorado Anschutz Medical Campus" id="CHEBI_2015_08_26_Instance_181193" type="identity">
            <class id="CHEBI:51686" label="haematoxylin"/>
            <span end="56037" id="15345036-6452" start="56036">H</span>
        </annotation>
        <annotation annotator="Mike Bada, University of Colorado Anschutz Medical Campus" id="CHEBI_2015_08_26_Instance_181197" type="identity">
            <class id="CHEBI_EXT:eosin" label="eosin"/>
            <span end="56039" id="15345036-6456" start="56038">E</span>
        </annotation>
        <annotation annotator="Mike Bada, University of Colorado Anschutz Medical Campus" id="CHEBI_2015_08_26_Instance_181199" type="identity">
            <class id="CHEBI_EXT:cobalt" label="cobalt"/>
            <span end="56529" id="15345036-6458" start="56523">cobalt</span>
        </annotation>
        <annotation annotator="Mike Bada, University of Colorado Anschutz Medical Campus" id="CHEBI_2015_08_26_Instance_181201" type="identity">
            <class id="CHEBI_EXT:75050" label="chromogenic compound"/>
            <span end="56595" id="15345036-6460" start="56585">chromogens</span>
        </annotation>
        <annotation annotator="Mike Bada, University of Colorado Anschutz Medical Campus" id="CHEBI_2015_08_26_Instance_181205" type="identity">
            <class id="CHEBI:51686" label="haematoxylin"/>
            <span end="56642" id="15345036-6462" start="56631">hematoxylin</span>
        </annotation>
        <annotation annotator="Mike Bada, University of Colorado Anschutz Medical Campus" id="CHEBI_2015_08_26_Instance_181207" type="identity">
            <class id="CHEBI_SO_EXT:deoxyribonucleotide" label="deoxyribonucleotide"/>
            <span end="56685" id="15345036-6464" start="56669">deoxynucleotidyl</span>
        </annotation>
        <annotation annotator="Mike Bada, University of Colorado Anschutz Medical Campus" id="CHEBI_2015_08_26_Instance_181209" type="identity">
            <class id="CHEBI_EXT:UTP" label="UTP"/>
            <span end="56710" id="15345036-6466" start="56707">UTP</span>
        </annotation>
        <annotation annotator="Mike Bada, University of Colorado Anschutz Medical Campus" id="CHEBI_2015_08_26_Instance_380344" type="identity">
            <class id="CHEBI_SO_EXT:molecular_label_or_mark_or_tag_process" label="molecular label/mark/tag process"/>
            <span end="56723" id="15345036-6730" start="56715">labeling</span>
        </annotation>
        <annotation annotator="Mike Bada, University of Colorado Anschutz Medical Campus" id="CHEBI_2015_08_26_Instance_181211" type="identity">
            <class id="CHEBI_EXT:paraformaldehye" label="paraformaldehyde"/>
            <span end="56816" id="15345036-6468" start="56800">paraformaldehyde</span>
        </annotation>
        <annotation annotator="Mike Bada, University of Colorado Anschutz Medical Campus" id="CHEBI_2015_08_26_Instance_181213" type="identity">
            <class id="CHEBI_GO_SO_EXT:enzyme" label="enzyme"/>
            <span end="57047" id="15345036-6470" start="57034">enzymatically</span>
        </annotation>
        <annotation annotator="Mike Bada, University of Colorado Anschutz Medical Campus" id="CHEBI_2015_08_26_Instance_181215" type="identity">
            <class id="CHEBI_CHMO_EXT:buffer_solution" label="buffer solution"/>
            <span end="57088" id="15345036-6472" start="57082">buffer</span>
        </annotation>
        <annotation annotator="Mike Bada, University of Colorado Anschutz Medical Campus" id="CHEBI_2015_08_26_Instance_18495" type="identity">
            <class id="CHEBI:16526" label="carbon dioxide"/>
            <span end="57564" id="15345036-6586" start="57561">CO2</span>
        </annotation>
        <annotation annotator="Mike Bada, University of Colorado Anschutz Medical Campus" id="CHEBI_2015_08_26_Instance_181217" type="identity">
            <class id="CHEBI:51657" label="5-carboxytetramethylrhodamine"/>
            <span end="58100" id="15345036-6474" start="58095">TAMRA</span>
        </annotation>
        <annotation annotator="Mike Bada, University of Colorado Anschutz Medical Campus" id="CHEBI_2015_08_26_Instance_18497" type="identity">
            <class id="CHEBI:15738" label="staurosporine"/>
            <span end="58187" id="15345036-6588" start="58174">staurosporine</span>
        </annotation>
        <annotation annotator="Mike Bada, University of Colorado Anschutz Medical Campus" id="CHEBI_2015_08_26_Instance_18655" type="identity">
            <class id="CHEBI:18303" label="phosphatidyl-L-serine"/>
            <span end="58448" id="15345036-6648" start="58446">PS</span>
        </annotation>
        <annotation annotator="Mike Bada, University of Colorado Anschutz Medical Campus" id="CHEBI_2015_08_26_Instance_18499" type="identity">
            <class id="CHEBI:37926" label="fluorescein isothiocyanate"/>
            <span end="58532" id="15345036-6590" start="58528">FITC</span>
        </annotation>
        <annotation annotator="Mike Bada, University of Colorado Anschutz Medical Campus" id="CHEBI_2015_08_26_Instance_181219" type="identity">
            <class id="CHEBI:51240" label="propidium iodide"/>
            <span end="58563" id="15345036-6476" start="58547">propidium iodide</span>
        </annotation>
        <annotation annotator="Mike Bada, University of Colorado Anschutz Medical Campus" id="CHEBI_2015_08_26_Instance_18503" type="identity">
            <class id="CHEBI:16526" label="carbon dioxide"/>
            <span end="58742" id="15345036-6592" start="58739">CO2</span>
        </annotation>
        <annotation annotator="Mike Bada, University of Colorado Anschutz Medical Campus" id="CHEBI_2015_08_26_Instance_181221" type="identity">
            <class id="CHEBI_EXT:paraformaldehye" label="paraformaldehyde"/>
            <span end="59067" id="15345036-6478" start="59051">paraformaldehyde</span>
        </annotation>
        <annotation annotator="Mike Bada, University of Colorado Anschutz Medical Campus" id="CHEBI_2015_08_26_Instance_181225" type="identity">
            <class id="CHEBI:52661" label="Alexa Fluor 488"/>
            <span end="59196" id="15345036-6482" start="59187">Alexa 488</span>
        </annotation>
        <annotation annotator="Mike Bada, University of Colorado Anschutz Medical Campus" id="CHEBI_2015_08_26_Instance_330076" type="identity">
            <class id="CHEBI_EXT:polyatomic_entity_or_group" label="polyatomic entity or group"/>
            <span end="59207" id="15345036-6692" start="59198">Molecular</span>
        </annotation>
        <annotation annotator="Mike Bada, University of Colorado Anschutz Medical Campus" id="CHEBI_2015_08_26_Instance_181223" type="identity">
            <class id="CHEBI_SO_EXT:molecular_probe" label="molecular probe"/>
            <span end="59214" id="15345036-6480" start="59208">Probes</span>
        </annotation>
        <annotation annotator="Mike Bada, University of Colorado Anschutz Medical Campus" id="CHEBI_2015_08_26_Instance_18455" type="identity">
            <class id="CHEBI:16412" label="lipopolysaccharide"/>
            <span end="60071" id="15345036-6550" start="60068">LPS</span>
        </annotation>
        <annotation annotator="Mike Bada, University of Colorado Anschutz Medical Campus" id="CHEBI_2015_08_26_Instance_18457" type="identity">
            <class id="CHEBI:16412" label="lipopolysaccharide"/>
            <span end="60304" id="15345036-6552" start="60301">LPS</span>
        </annotation>
        <annotation annotator="Mike Bada, University of Colorado Anschutz Medical Campus" id="CHEBI_2015_08_26_Instance_301228" type="identity">
            <class id="CHEBI_PR_EXT:protein" label="protein"/>
            <span end="61133" id="15345036-6678" start="61126">protein</span>
        </annotation>
        <annotation annotator="Mike Bada, University of Colorado Anschutz Medical Campus" id="CHEBI_2015_08_26_Instance_301230" type="identity">
            <class id="CHEBI_PR_EXT:protein" label="protein"/>
            <span end="61426" id="15345036-6680" start="61419">protein</span>
        </annotation>
        <annotation annotator="Mike Bada, University of Colorado Anschutz Medical Campus" id="CHEBI_2015_08_26_Instance_181227" type="identity">
            <class id="CHEBI_SO_EXT:peptide_or_peptide_region" label="peptide or peptide region"/>
            <span end="61808" id="15345036-6484" start="61801">peptide</span>
        </annotation>
        <annotation annotator="Mike Bada, University of Colorado Anschutz Medical Campus" id="CHEBI_2015_08_26_Instance_18505" type="identity">
            <class id="CHEBI:10545" label="electron"/>
            <span end="61901" id="15345036-6594" start="61893">electron</span>
        </annotation>
        <annotation annotator="Mike Bada, University of Colorado Anschutz Medical Campus" id="CHEBI_2015_08_26_Instance_330078" type="identity">
            <class id="CHEBI_EXT:polyatomic_entity_or_group" label="polyatomic entity or group"/>
            <span end="62275" id="15345036-6694" start="62266">molecular</span>
        </annotation>
        <annotation annotator="Mike Bada, University of Colorado Anschutz Medical Campus" id="CHEBI_2015_08_26_Instance_18637" type="identity">
            <class id="CHEBI:18303" label="phosphatidyl-L-serine"/>
            <span end="62460" id="15345036-6630" start="62442">phosphatidylserine</span>
        </annotation>
        <annotation annotator="Mike Bada, University of Colorado Anschutz Medical Campus" id="CHEBI_2015_08_26_Instance_181229" type="identity">
            <class id="CHEBI:7507" label="neomycin"/>
            <span end="62661" id="15345036-6486" start="62653">neomycin</span>
        </annotation>
        <annotation annotator="Mike Bada, University of Colorado Anschutz Medical Campus" id="CHEBI_2015_08_26_Instance_331384" type="identity">
            <class id="CHEBI_GO_EXT:neomycin_or_neomycin_phosphotransferase" label="neomycin or neomycin phosphotransferase"/>
            <span end="62690" id="15345036-6700" start="62687">neo</span>
        </annotation>
        <annotation annotator="Mike Bada, University of Colorado Anschutz Medical Campus" id="CHEBI_2015_08_26_Instance_301232" type="identity">
            <class id="CHEBI_PR_EXT:protein" label="protein"/>
            <span end="62750" id="15345036-6682" start="62743">protein</span>
        </annotation>
        <annotation annotator="Mike Bada, University of Colorado Anschutz Medical Campus" id="CHEBI_2015_08_26_Instance_181231" type="identity">
            <class id="CHEBI_SO_EXT:molecular_probe" label="molecular probe"/>
            <span end="62956" id="15345036-6488" start="62951">probe</span>
        </annotation>
        <annotation annotator="Mike Bada, University of Colorado Anschutz Medical Campus" id="CHEBI_2015_08_26_Instance_181233" type="identity">
            <class id="CHEBI_SO_EXT:molecular_probe" label="molecular probe"/>
            <span end="63005" id="15345036-6490" start="63000">probe</span>
        </annotation>
        <annotation annotator="Mike Bada, University of Colorado Anschutz Medical Campus" id="CHEBI_2015_08_26_Instance_181235" type="identity">
            <class id="CHEBI_SO_EXT:molecular_probe" label="molecular probe"/>
            <span end="63026" id="15345036-6492" start="63021">probe</span>
        </annotation>
        <annotation annotator="Mike Bada, University of Colorado Anschutz Medical Campus" id="CHEBI_2015_08_26_Instance_181237" type="identity">
            <class id="CHEBI_SO_EXT:DNA" label="DNA"/>
            <span end="63069" id="15345036-6494" start="63066">DNA</span>
        </annotation>
        <annotation annotator="Mike Bada, University of Colorado Anschutz Medical Campus" id="CHEBI_2015_08_26_Instance_181239" type="identity">
            <class id="CHEBI_SO_EXT:molecular_probe" label="molecular probe"/>
            <span end="63189" id="15345036-6496" start="63184">probe</span>
        </annotation>
        <annotation annotator="Mike Bada, University of Colorado Anschutz Medical Campus" id="CHEBI_2015_08_26_Instance_181241" type="identity">
            <class id="CHEBI_SO_EXT:base" label="base"/>
            <span end="63303" id="15345036-6498" start="63302">b</span>
        </annotation>
        <annotation annotator="Mike Bada, University of Colorado Anschutz Medical Campus" id="CHEBI_2015_08_26_Instance_181243" type="identity">
            <class id="CHEBI_SO_EXT:base" label="base"/>
            <span end="63385" id="15345036-6500" start="63384">b</span>
        </annotation>
        <annotation annotator="Mike Bada, University of Colorado Anschutz Medical Campus" id="CHEBI_2015_08_26_Instance_181245" type="identity">
            <class id="CHEBI_SO_EXT:RNA" label="RNA"/>
            <span end="63623" id="15345036-6502" start="63620">RNA</span>
        </annotation>
        <annotation annotator="Mike Bada, University of Colorado Anschutz Medical Campus" id="CHEBI_2015_08_26_Instance_301234" type="identity">
            <class id="CHEBI_PR_EXT:protein" label="protein"/>
            <span end="63723" id="15345036-6684" start="63716">protein</span>
        </annotation>
        <annotation annotator="Mike Bada, University of Colorado Anschutz Medical Campus" id="CHEBI_2015_08_26_Instance_181247" type="identity">
            <class id="CHEBI:7507" label="neomycin"/>
            <span end="64663" id="15345036-6504" start="64655">neomycin</span>
        </annotation>
        <annotation annotator="Mike Bada, University of Colorado Anschutz Medical Campus" id="CHEBI_2015_08_26_Instance_301236" type="identity">
            <class id="CHEBI_PR_EXT:protein" label="protein"/>
            <span end="64697" id="15345036-6686" start="64690">protein</span>
        </annotation>
        <annotation annotator="Mike Bada, University of Colorado Anschutz Medical Campus" id="CHEBI_2015_08_26_Instance_181265" type="identity">
            <class id="CHEBI_GO_SO_EXT:enzyme" label="enzyme"/>
            <span end="64745" id="15345036-6522" start="64739">enzyme</span>
        </annotation>
        <annotation annotator="Mike Bada, University of Colorado Anschutz Medical Campus" id="CHEBI_2015_08_26_Instance_181249" type="identity">
            <class id="CHEBI_SO_EXT:RNA" label="RNA"/>
            <span end="65522" id="15345036-6506" start="65519">RNA</span>
        </annotation>
        <annotation annotator="Mike Bada, University of Colorado Anschutz Medical Campus" id="CHEBI_2015_08_26_Instance_181251" type="identity">
            <class id="CHEBI:51686" label="haematoxylin"/>
            <span end="65830" id="15345036-6508" start="65829">H</span>
        </annotation>
        <annotation annotator="Mike Bada, University of Colorado Anschutz Medical Campus" id="CHEBI_2015_08_26_Instance_181253" type="identity">
            <class id="CHEBI_EXT:eosin" label="eosin"/>
            <span end="65832" id="15345036-6510" start="65831">E</span>
        </annotation>
        <annotation annotator="Mike Bada, University of Colorado Anschutz Medical Campus" id="CHEBI_2015_08_26_Instance_331752" type="identity">
            <class id="CHEBI:24384" label="glycogens"/>
            <span end="67060" id="15345036-6702" start="67052">glycogen</span>
        </annotation>
        <annotation annotator="Mike Bada, University of Colorado Anschutz Medical Campus" id="CHEBI_2015_08_26_Instance_181255" type="identity">
            <class id="CHEBI:51686" label="haematoxylin"/>
            <span end="68187" id="15345036-6512" start="68186">H</span>
        </annotation>
        <annotation annotator="Mike Bada, University of Colorado Anschutz Medical Campus" id="CHEBI_2015_08_26_Instance_181257" type="identity">
            <class id="CHEBI_EXT:eosin" label="eosin"/>
            <span end="68189" id="15345036-6514" start="68188">E</span>
        </annotation>
        <annotation annotator="Mike Bada, University of Colorado Anschutz Medical Campus" id="CHEBI_2015_08_26_Instance_360038" type="identity">
            <class id="CHEBI_EXT:26130" label="biological pigment"/>
            <span end="68448" id="15345036-6718" start="68439">pigmented</span>
        </annotation>
        <annotation annotator="Mike Bada, University of Colorado Anschutz Medical Campus" id="CHEBI_2015_08_26_Instance_181259" type="identity">
            <class id="CHEBI_EXT:26130" label="biological pigment"/>
            <span end="68521" id="15345036-6516" start="68514">pigment</span>
        </annotation>
        <annotation annotator="Mike Bada, University of Colorado Anschutz Medical Campus" id="CHEBI_2015_08_26_Instance_181261" type="identity">
            <class id="CHEBI:51657" label="5-carboxytetramethylrhodamine"/>
            <span end="70129" id="15345036-6518" start="70124">TAMRA</span>
        </annotation>
        <annotation annotator="Mike Bada, University of Colorado Anschutz Medical Campus" id="CHEBI_2015_08_26_Instance_18509" type="identity">
            <class id="CHEBI:15738" label="staurosporine"/>
            <span end="70192" id="15345036-6596" start="70179">staurosporine</span>
        </annotation>
        <annotation annotator="Mike Bada, University of Colorado Anschutz Medical Campus" id="CHEBI_2015_08_26_Instance_18511" type="identity">
            <class id="CHEBI:15738" label="staurosporine"/>
            <span end="70569" id="15345036-6598" start="70556">staurosporine</span>
        </annotation>
        <annotation annotator="Mike Bada, University of Colorado Anschutz Medical Campus" id="CHEBI_2015_08_26_Instance_18461" type="identity">
            <class id="CHEBI:16412" label="lipopolysaccharide"/>
            <span end="70959" id="15345036-6556" start="70941">lipopolysaccharide</span>
        </annotation>
        <annotation annotator="Mike Bada, University of Colorado Anschutz Medical Campus" id="CHEBI_2015_08_26_Instance_18459" type="identity">
            <class id="CHEBI:16412" label="lipopolysaccharide"/>
            <span end="70964" id="15345036-6554" start="70961">LPS</span>
        </annotation>
        <annotation annotator="Mike Bada, University of Colorado Anschutz Medical Campus" id="CHEBI_2015_08_26_Instance_18463" type="identity">
            <class id="CHEBI:16412" label="lipopolysaccharide"/>
            <span end="71073" id="15345036-6558" start="71070">LPS</span>
        </annotation>
        <annotation annotator="Mike Bada, University of Colorado Anschutz Medical Campus" id="CHEBI_2015_08_26_Instance_18465" type="identity">
            <class id="CHEBI:16412" label="lipopolysaccharide"/>
            <span end="71141" id="15345036-6560" start="71138">LPS</span>
        </annotation>
        <annotation annotator="Mike Bada, University of Colorado Anschutz Medical Campus" id="CHEBI_2015_08_26_Instance_18467" type="identity">
            <class id="CHEBI:16412" label="lipopolysaccharide"/>
            <span end="71177" id="15345036-6562" start="71174">LPS</span>
        </annotation>
        <graph-space id="Old Knowtator Relations"/>
    </document>
</knowtator-project>
