<?xml version="1.0" encoding="UTF-8" standalone="no"?>
<knowtator-project>
  <document id="15588329" text-file="15588329.txt">
    <annotation annotator="Mike Bada, University of Colorado Anschutz Medical Campus" id="CHEBI_2015_08_26_Instance_181848" type="identity">
      <class id="CHEBI_SO_EXT:base" label="base"/>
      <span end="281" id="15588329-7436" start="280">b</span>
    </annotation>
    <annotation annotator="Mike Bada, University of Colorado Anschutz Medical Campus" id="CHEBI_2015_08_26_Instance_181614" type="identity">
      <class id="CHEBI_EXT:ATP" label="ATP"/>
      <span end="377" id="15588329-7244" start="374">ATP</span>
    </annotation>
    <annotation annotator="Mike Bada, University of Colorado Anschutz Medical Campus" id="CHEBI_2015_08_26_Instance_181616" type="identity">
      <class id="CHEBI_GO_SO_EXT:enzyme" label="enzyme"/>
      <span end="1167" id="15588329-7246" start="1161">enzyme</span>
    </annotation>
    <annotation annotator="Mike Bada, University of Colorado Anschutz Medical Campus" id="CHEBI_2015_08_26_Instance_181618" type="identity">
      <class id="CHEBI_EXT:ATP" label="ATP"/>
      <span end="1345" id="15588329-7248" start="1342">ATP</span>
    </annotation>
    <annotation annotator="Mike Bada, University of Colorado Anschutz Medical Campus" id="CHEBI_2015_08_26_Instance_181622" type="identity">
      <class id="CHEBI_SO_EXT:base" label="base"/>
      <span end="2015" id="15588329-7252" start="2014">b</span>
    </annotation>
    <annotation annotator="Mike Bada, University of Colorado Anschutz Medical Campus" id="CHEBI_2015_08_26_Instance_181620" type="identity">
      <class id="CHEBI_SO_EXT:DNA" label="DNA"/>
      <span end="2027" id="15588329-7250" start="2024">DNA</span>
    </annotation>
    <annotation annotator="Mike Bada, University of Colorado Anschutz Medical Campus" id="CHEBI_2015_08_26_Instance_181624" type="identity">
      <class id="CHEBI_SO_EXT:DNA" label="DNA"/>
      <span end="2114" id="15588329-7254" start="2111">DNA</span>
    </annotation>
    <annotation annotator="Mike Bada, University of Colorado Anschutz Medical Campus" id="CHEBI_2015_08_26_Instance_301318" type="identity">
      <class id="CHEBI_PR_EXT:protein" label="protein"/>
      <span end="2151" id="15588329-7544" start="2144">protein</span>
    </annotation>
    <annotation annotator="Mike Bada, University of Colorado Anschutz Medical Campus" id="CHEBI_2015_08_26_Instance_181626" type="identity">
      <class id="CHEBI_EXT:ATP" label="ATP"/>
      <span end="2322" id="15588329-7256" start="2319">ATP</span>
    </annotation>
    <annotation annotator="Mike Bada, University of Colorado Anschutz Medical Campus" id="CHEBI_2015_08_26_Instance_301320" type="identity">
      <class id="CHEBI_PR_EXT:protein" label="protein"/>
      <span end="2672" id="15588329-7546" start="2665">protein</span>
    </annotation>
    <annotation annotator="Mike Bada, University of Colorado Anschutz Medical Campus" id="CHEBI_2015_08_26_Instance_301322" type="identity">
      <class id="CHEBI_PR_EXT:protein" label="protein"/>
      <span end="2786" id="15588329-7548" start="2779">protein</span>
    </annotation>
    <annotation annotator="Mike Bada, University of Colorado Anschutz Medical Campus" id="CHEBI_2015_08_26_Instance_181628" type="identity">
      <class id="CHEBI_SO_EXT:amino_acid" label="amino acid"/>
      <span end="3024" id="15588329-7258" start="3014">amino acid</span>
    </annotation>
    <annotation annotator="Mike Bada, University of Colorado Anschutz Medical Campus" id="CHEBI_2015_08_26_Instance_181630" type="identity">
      <class id="CHEBI_SO_EXT:base" label="base"/>
      <span end="3202" id="15588329-7260" start="3201">b</span>
    </annotation>
    <annotation annotator="" id="CHEBI_2015_08_26_backup_Instance_248" type="identity">
      <class id="CHEBI_SO_EXT:C_terminus_or_C_terminal_region" label="C-terminus or C-terminal region"/>
      <span end="3333" id="15588329-7238" start="3323">C-terminal</span>
    </annotation>
    <annotation annotator="Mike Bada, University of Colorado Anschutz Medical Campus" id="CHEBI_2015_08_26_Instance_182090" type="identity">
      <class id="CHEBI_SO_EXT:epitope" label="epitope"/>
      <span end="3342" id="15588329-7438" start="3334">epitopes</span>
    </annotation>
    <annotation annotator="Mike Bada, University of Colorado Anschutz Medical Campus" id="CHEBI_2015_08_26_Instance_370066" type="identity">
      <class id="CHEBI_GO_EXT:biological_process_or_quality_or_role" label="biological process, quality or role"/>
      <span end="3835" id="15588329-7628" start="3825">biological</span>
    </annotation>
    <annotation annotator="Mike Bada, University of Colorado Anschutz Medical Campus" id="CHEBI_2015_08_26_Instance_181634" type="identity">
      <class id="CHEBI_EXT:59132" label="antigen"/>
      <span end="4650" id="15588329-7262" start="4643">antigen</span>
    </annotation>
    <annotation annotator="Mike Bada, University of Colorado Anschutz Medical Campus" id="CHEBI_2015_08_26_Instance_181640" type="identity">
      <class id="CHEBI:42768" label="geneticin"/>
      <span end="4666" id="15588329-7264" start="4662">G418</span>
    </annotation>
    <annotation annotator="Mike Bada, University of Colorado Anschutz Medical Campus" id="CHEBI_2015_08_26_Instance_181642" type="identity">
      <class id="CHEBI_EXT:59132" label="antigen"/>
      <span end="5013" id="15588329-7266" start="5006">antigen</span>
    </annotation>
    <annotation annotator="Mike Bada, University of Colorado Anschutz Medical Campus" id="CHEBI_2015_08_26_Instance_181644" type="identity">
      <class id="CHEBI:60004" label="mixture"/>
      <span end="5200" id="15588329-7268" start="5192">cocktail</span>
    </annotation>
    <annotation annotator="Mike Bada, University of Colorado Anschutz Medical Campus" id="CHEBI_2015_08_26_Instance_181646" type="identity">
      <class id="CHEBI_SO_EXT:molecular_indicator_or_label_or_marker_or_tag" label="molecular indicator/label/marker/tag"/>
      <span end="5404" id="15588329-7270" start="5398">marker</span>
    </annotation>
    <annotation annotator="Mike Bada, University of Colorado Anschutz Medical Campus" id="CHEBI_2015_08_26_Instance_181648" type="identity">
      <class id="CHEBI_SO_EXT:molecular_indicator_or_label_or_marker_or_tag" label="molecular indicator/label/marker/tag"/>
      <span end="5453" id="15588329-7272" start="5447">marker</span>
    </annotation>
    <annotation annotator="Mike Bada, University of Colorado Anschutz Medical Campus" id="CHEBI_2015_08_26_Instance_181650" type="identity">
      <class id="CHEBI_SO_EXT:molecular_indicator_or_label_or_marker_or_tag" label="molecular indicator/label/marker/tag"/>
      <span end="5553" id="15588329-7274" start="5547">marker</span>
    </annotation>
    <annotation annotator="Mike Bada, University of Colorado Anschutz Medical Campus" id="CHEBI_2015_08_26_Instance_181652" type="identity">
      <class id="CHEBI:60004" label="mixture"/>
      <span end="5750" id="15588329-7276" start="5742">cocktail</span>
    </annotation>
    <annotation annotator="Mike Bada, University of Colorado Anschutz Medical Campus" id="CHEBI_2015_08_26_Instance_181654" type="identity">
      <class id="CHEBI_SO_EXT:molecular_indicator_or_label_or_marker_or_tag" label="molecular indicator/label/marker/tag"/>
      <span end="5979" id="15588329-7278" start="5973">marker</span>
    </annotation>
    <annotation annotator="Mike Bada, University of Colorado Anschutz Medical Campus" id="CHEBI_2015_08_26_Instance_181656" type="identity">
      <class id="CHEBI_SO_EXT:molecular_indicator_or_label_or_marker_or_tag" label="molecular indicator/label/marker/tag"/>
      <span end="6071" id="15588329-7280" start="6065">marker</span>
    </annotation>
    <annotation annotator="Mike Bada, University of Colorado Anschutz Medical Campus" id="CHEBI_2015_08_26_Instance_181658" type="identity">
      <class id="CHEBI_SO_EXT:mRNA" label="mRNA"/>
      <span end="6387" id="15588329-7282" start="6383">mRNA</span>
    </annotation>
    <annotation annotator="Mike Bada, University of Colorado Anschutz Medical Campus" id="CHEBI_2015_08_26_Instance_301324" type="identity">
      <class id="CHEBI_PR_EXT:protein" label="protein"/>
      <span end="6431" id="15588329-7550" start="6424">protein</span>
    </annotation>
    <annotation annotator="" id="CHEBI_2015_08_26_backup_Instance_250" type="identity">
      <class id="CHEBI_SO_EXT:C_terminus_or_C_terminal_region" label="C-terminus or C-terminal region"/>
      <span end="6491" id="15588329-7240" start="6481">C-terminal</span>
    </annotation>
    <annotation annotator="Mike Bada, University of Colorado Anschutz Medical Campus" id="CHEBI_2015_08_26_Instance_182092" type="identity">
      <class id="CHEBI_SO_EXT:epitope" label="epitope"/>
      <span end="6500" id="15588329-7440" start="6492">epitopes</span>
    </annotation>
    <annotation annotator="Mike Bada, University of Colorado Anschutz Medical Campus" id="CHEBI_2015_08_26_Instance_330102" type="identity">
      <class id="CHEBI_EXT:polyatomic_entity_or_group" label="polyatomic entity or group"/>
      <span end="6531" id="15588329-7604" start="6522">molecular</span>
    </annotation>
    <annotation annotator="Mike Bada, University of Colorado Anschutz Medical Campus" id="CHEBI_2015_08_26_Instance_181664" type="identity">
      <class id="CHEBI_SO_EXT:mRNA" label="mRNA"/>
      <span end="6660" id="15588329-7286" start="6656">mRNA</span>
    </annotation>
    <annotation annotator="Mike Bada, University of Colorado Anschutz Medical Campus" id="CHEBI_2015_08_26_Instance_181662" type="identity">
      <class id="CHEBI_SO_EXT:RNA" label="RNA"/>
      <span end="6747" id="15588329-7284" start="6744">RNA</span>
    </annotation>
    <annotation annotator="Mike Bada, University of Colorado Anschutz Medical Campus" id="CHEBI_2015_08_26_Instance_181666" type="identity">
      <class id="CHEBI_SO_EXT:molecular_indicator_or_label_or_marker_or_tag" label="molecular indicator/label/marker/tag"/>
      <span end="7099" id="15588329-7288" start="7093">marker</span>
    </annotation>
    <annotation annotator="Mike Bada, University of Colorado Anschutz Medical Campus" id="CHEBI_2015_08_26_Instance_181668" type="identity">
      <class id="CHEBI_EXT:59132" label="antigen"/>
      <span end="7168" id="15588329-7290" start="7161">antigen</span>
    </annotation>
    <annotation annotator="Mike Bada, University of Colorado Anschutz Medical Campus" id="CHEBI_2015_08_26_Instance_181670" type="identity">
      <class id="CHEBI_SO_EXT:molecular_indicator_or_label_or_marker_or_tag" label="molecular indicator/label/marker/tag"/>
      <span end="7207" id="15588329-7292" start="7201">marker</span>
    </annotation>
    <annotation annotator="Mike Bada, University of Colorado Anschutz Medical Campus" id="CHEBI_2015_08_26_Instance_181672" type="identity">
      <class id="CHEBI:60004" label="mixture"/>
      <span end="7658" id="15588329-7294" start="7651">mixture</span>
    </annotation>
    <annotation annotator="Mike Bada, University of Colorado Anschutz Medical Campus" id="CHEBI_2015_08_26_Instance_181674" type="identity">
      <class id="CHEBI_SO_EXT:mRNA" label="mRNA"/>
      <span end="7671" id="15588329-7296" start="7667">mRNA</span>
    </annotation>
    <annotation annotator="Mike Bada, University of Colorado Anschutz Medical Campus" id="CHEBI_2015_08_26_Instance_181676" type="identity">
      <class id="CHEBI_SO_EXT:mRNA" label="mRNA"/>
      <span end="7844" id="15588329-7298" start="7840">mRNA</span>
    </annotation>
    <annotation annotator="Mike Bada, University of Colorado Anschutz Medical Campus" id="CHEBI_2015_08_26_Instance_181678" type="identity">
      <class id="CHEBI_SO_EXT:RNA" label="RNA"/>
      <span end="8042" id="15588329-7300" start="8039">RNA</span>
    </annotation>
    <annotation annotator="Mike Bada, University of Colorado Anschutz Medical Campus" id="CHEBI_2015_08_26_Instance_19391" type="identity">
      <class id="CHEBI:4883" label="ethidium bromide"/>
      <span end="8136" id="15588329-7452" start="8120">ethidium-bromide</span>
    </annotation>
    <annotation annotator="Mike Bada, University of Colorado Anschutz Medical Campus" id="CHEBI_2015_08_26_Instance_19393" type="identity">
      <class id="CHEBI:2511" label="agarose"/>
      <span end="8152" id="15588329-7454" start="8145">agarose</span>
    </annotation>
    <annotation annotator="Mike Bada, University of Colorado Anschutz Medical Campus" id="CHEBI_2015_08_26_Instance_181680" type="identity">
      <class id="CHEBI_SO_EXT:base" label="base"/>
      <span end="8204" id="15588329-7302" start="8203">b</span>
    </annotation>
    <annotation annotator="Mike Bada, University of Colorado Anschutz Medical Campus" id="CHEBI_2015_08_26_Instance_181682" type="identity">
      <class id="CHEBI_SO_EXT:base" label="base"/>
      <span end="8271" id="15588329-7304" start="8270">b</span>
    </annotation>
    <annotation annotator="Mike Bada, University of Colorado Anschutz Medical Campus" id="CHEBI_2015_08_26_Instance_181684" type="identity">
      <class id="CHEBI_SO_EXT:molecular_indicator_or_label_or_marker_or_tag" label="molecular indicator/label/marker/tag"/>
      <span end="8373" id="15588329-7306" start="8367">marker</span>
    </annotation>
    <annotation annotator="Mike Bada, University of Colorado Anschutz Medical Campus" id="CHEBI_2015_08_26_Instance_19383" type="identity">
      <class id="CHEBI:10545" label="electron"/>
      <span end="10142" id="15588329-7446" start="10134">electron</span>
    </annotation>
    <annotation annotator="Mike Bada, University of Colorado Anschutz Medical Campus" id="CHEBI_2015_08_26_Instance_301326" type="identity">
      <class id="CHEBI_PR_EXT:protein" label="protein"/>
      <span end="11029" id="15588329-7552" start="11022">protein</span>
    </annotation>
    <annotation annotator="Mike Bada, University of Colorado Anschutz Medical Campus" id="CHEBI_2015_08_26_Instance_301328" type="identity">
      <class id="CHEBI_PR_EXT:protein" label="protein"/>
      <span end="11102" id="15588329-7554" start="11095">protein</span>
    </annotation>
    <annotation annotator="Mike Bada, University of Colorado Anschutz Medical Campus" id="CHEBI_2015_08_26_Instance_301330" type="identity">
      <class id="CHEBI_PR_EXT:protein" label="protein"/>
      <span end="11252" id="15588329-7556" start="11245">protein</span>
    </annotation>
    <annotation annotator="Mike Bada, University of Colorado Anschutz Medical Campus" id="CHEBI_2015_08_26_Instance_301332" type="identity">
      <class id="CHEBI_PR_EXT:protein" label="protein"/>
      <span end="11380" id="15588329-7558" start="11373">protein</span>
    </annotation>
    <annotation annotator="Mike Bada, University of Colorado Anschutz Medical Campus" id="CHEBI_2015_08_26_Instance_301334" type="identity">
      <class id="CHEBI_PR_EXT:protein" label="protein"/>
      <span end="11434" id="15588329-7560" start="11427">Protein</span>
    </annotation>
    <annotation annotator="Mike Bada, University of Colorado Anschutz Medical Campus" id="CHEBI_2015_08_26_Instance_19767" type="identity">
      <class id="CHEBI:18070" label="cytochrome c"/>
      <span end="11473" id="15588329-7524" start="11461">cytochrome c</span>
    </annotation>
    <annotation annotator="Mike Bada, University of Colorado Anschutz Medical Campus" id="CHEBI_2015_08_26_Instance_19385" type="identity">
      <class id="CHEBI:10545" label="electron"/>
      <span end="11713" id="15588329-7448" start="11705">electron</span>
    </annotation>
    <annotation annotator="Mike Bada, University of Colorado Anschutz Medical Campus" id="CHEBI_2015_08_26_Instance_19387" type="identity">
      <class id="CHEBI:10545" label="electron"/>
      <span end="11804" id="15588329-7450" start="11796">electron</span>
    </annotation>
    <annotation annotator="Mike Bada, University of Colorado Anschutz Medical Campus" id="CHEBI_2015_08_26_Instance_181686" type="identity">
      <class id="CHEBI_EXT:ATP" label="ATP"/>
      <span end="12146" id="15588329-7308" start="12143">ATP</span>
    </annotation>
    <annotation annotator="Mike Bada, University of Colorado Anschutz Medical Campus" id="CHEBI_2015_08_26_Instance_330104" type="identity">
      <class id="CHEBI_EXT:polyatomic_entity_or_group" label="polyatomic entity or group"/>
      <span end="12994" id="15588329-7606" start="12985">molecular</span>
    </annotation>
    <annotation annotator="Mike Bada, University of Colorado Anschutz Medical Campus" id="CHEBI_2015_08_26_Instance_181688" type="identity">
      <class id="CHEBI_GO_SO_EXT:enzyme" label="enzyme"/>
      <span end="13093" id="15588329-7310" start="13087">enzyme</span>
    </annotation>
    <annotation annotator="Mike Bada, University of Colorado Anschutz Medical Campus" id="CHEBI_2015_08_26_Instance_181690" type="identity">
      <class id="CHEBI_GO_SO_EXT:enzyme" label="enzyme"/>
      <span end="13167" id="15588329-7312" start="13161">enzyme</span>
    </annotation>
    <annotation annotator="Mike Bada, University of Colorado Anschutz Medical Campus" id="CHEBI_2015_08_26_Instance_181692" type="identity">
      <class id="CHEBI_GO_SO_EXT:enzyme" label="enzyme"/>
      <span end="13448" id="15588329-7314" start="13442">enzyme</span>
    </annotation>
    <annotation annotator="Mike Bada, University of Colorado Anschutz Medical Campus" id="CHEBI_2015_08_26_Instance_301336" type="identity">
      <class id="CHEBI_PR_EXT:protein" label="protein"/>
      <span end="13903" id="15588329-7562" start="13896">protein</span>
    </annotation>
    <annotation annotator="Mike Bada, University of Colorado Anschutz Medical Campus" id="CHEBI_2015_08_26_Instance_181694" type="identity">
      <class id="CHEBI_GO_SO_EXT:enzyme" label="enzyme"/>
      <span end="14498" id="15588329-7316" start="14492">enzyme</span>
    </annotation>
    <annotation annotator="Mike Bada, University of Colorado Anschutz Medical Campus" id="CHEBI_2015_08_26_Instance_181696" type="identity">
      <class id="CHEBI_GO_SO_EXT:enzyme" label="enzyme"/>
      <span end="14713" id="15588329-7318" start="14707">enzyme</span>
    </annotation>
    <annotation annotator="Mike Bada, University of Colorado Anschutz Medical Campus" id="CHEBI_2015_08_26_Instance_181698" type="identity">
      <class id="CHEBI_GO_SO_EXT:enzyme" label="enzyme"/>
      <span end="14765" id="15588329-7320" start="14759">enzyme</span>
    </annotation>
    <annotation annotator="Mike Bada, University of Colorado Anschutz Medical Campus" id="CHEBI_2015_08_26_Instance_181700" type="identity">
      <class id="CHEBI_GO_SO_EXT:enzyme" label="enzyme"/>
      <span end="14829" id="15588329-7322" start="14820">enzymatic</span>
    </annotation>
    <annotation annotator="Mike Bada, University of Colorado Anschutz Medical Campus" id="CHEBI_2015_08_26_Instance_181702" type="identity">
      <class id="CHEBI_GO_SO_EXT:enzyme" label="enzyme"/>
      <span end="14888" id="15588329-7324" start="14879">enzymatic</span>
    </annotation>
    <annotation annotator="Mike Bada, University of Colorado Anschutz Medical Campus" id="CHEBI_2015_08_26_Instance_181704" type="identity">
      <class id="CHEBI_EXT:76219" label="fluorogen"/>
      <span end="14959" id="15588329-7326" start="14948">fluorogenic</span>
    </annotation>
    <annotation annotator="Mike Bada, University of Colorado Anschutz Medical Campus" id="CHEBI_2015_08_26_Instance_301338" type="identity">
      <class id="CHEBI_PR_EXT:protein" label="protein"/>
      <span end="15117" id="15588329-7564" start="15110">protein</span>
    </annotation>
    <annotation annotator="Mike Bada, University of Colorado Anschutz Medical Campus" id="CHEBI_2015_08_26_Instance_301340" type="identity">
      <class id="CHEBI_PR_EXT:protein" label="protein"/>
      <span end="15173" id="15588329-7566" start="15166">protein</span>
    </annotation>
    <annotation annotator="Mike Bada, University of Colorado Anschutz Medical Campus" id="CHEBI_2015_08_26_Instance_181706" type="identity">
      <class id="CHEBI_GO_SO_EXT:enzyme" label="enzyme"/>
      <span end="15231" id="15588329-7328" start="15222">enzymatic</span>
    </annotation>
    <annotation annotator="Mike Bada, University of Colorado Anschutz Medical Campus" id="CHEBI_2015_08_26_Instance_181708" type="identity">
      <class id="CHEBI_GO_SO_EXT:enzyme" label="enzyme"/>
      <span end="15392" id="15588329-7330" start="15383">enzymatic</span>
    </annotation>
    <annotation annotator="Mike Bada, University of Colorado Anschutz Medical Campus" id="CHEBI_2015_08_26_Instance_380440" type="identity">
      <class id="CHEBI_SO_EXT:molecular_label_or_mark_or_tag_process" label="molecular label/mark/tag process"/>
      <span end="15870" id="15588329-7634" start="15863">labeled</span>
    </annotation>
    <annotation annotator="Mike Bada, University of Colorado Anschutz Medical Campus" id="CHEBI_2015_08_26_Instance_181710" type="identity">
      <class id="CHEBI_SO_EXT:molecular_indicator_or_label_or_marker_or_tag" label="molecular indicator/label/marker/tag"/>
      <span end="15898" id="15588329-7332" start="15891">markers</span>
    </annotation>
    <annotation annotator="Mike Bada, University of Colorado Anschutz Medical Campus" id="CHEBI_2015_08_26_Instance_19771" type="identity">
      <class id="CHEBI:16249" label="protein disulfide"/>
      <span end="15917" id="15588329-7526" start="15900">protein disulfide</span>
    </annotation>
    <annotation annotator="Mike Bada, University of Colorado Anschutz Medical Campus" id="CHEBI_2015_08_26_Instance_181712" type="identity">
      <class id="CHEBI_SO_EXT:molecular_indicator_or_label_or_marker_or_tag" label="molecular indicator/label/marker/tag"/>
      <span end="16002" id="15588329-7334" start="15995">markers</span>
    </annotation>
    <annotation annotator="Mike Bada, University of Colorado Anschutz Medical Campus" id="CHEBI_2015_08_26_Instance_301342" type="identity">
      <class id="CHEBI_PR_EXT:protein" label="protein"/>
      <span end="16490" id="15588329-7568" start="16483">protein</span>
    </annotation>
    <annotation annotator="Mike Bada, University of Colorado Anschutz Medical Campus" id="CHEBI_2015_08_26_Instance_182094" type="identity">
      <class id="CHEBI_SO_EXT:epitope" label="epitope"/>
      <span end="16686" id="15588329-7442" start="16679">epitope</span>
    </annotation>
    <annotation annotator="Mike Bada, University of Colorado Anschutz Medical Campus" id="CHEBI_2015_08_26_Instance_310002" type="identity">
      <class id="CHEBI_EXT:37958" label="dye"/>
      <span end="16755" id="15588329-7602" start="16752">dye</span>
    </annotation>
    <annotation annotator="Mike Bada, University of Colorado Anschutz Medical Campus" id="CHEBI_2015_08_26_Instance_19777" type="identity">
      <class id="CHEBI_EXT:37527" label="acid"/>
      <span end="16796" id="15588329-7528" start="16790">acidic</span>
    </annotation>
    <annotation annotator="Mike Bada, University of Colorado Anschutz Medical Campus" id="CHEBI_2015_08_26_Instance_380442" type="identity">
      <class id="CHEBI_SO_EXT:molecular_label_or_mark_or_tag_process" label="molecular label/mark/tag process"/>
      <span end="16868" id="15588329-7636" start="16860">labeling</span>
    </annotation>
    <annotation annotator="Mike Bada, University of Colorado Anschutz Medical Campus" id="CHEBI_2015_08_26_Instance_380444" type="identity">
      <class id="CHEBI_SO_EXT:molecular_label_or_mark_or_tag_process" label="molecular label/mark/tag process"/>
      <span end="17003" id="15588329-7638" start="16995">labeling</span>
    </annotation>
    <annotation annotator="Mike Bada, University of Colorado Anschutz Medical Campus" id="CHEBI_2015_08_26_Instance_380446" type="identity">
      <class id="CHEBI_SO_EXT:molecular_label_or_mark_or_tag_process" label="molecular label/mark/tag process"/>
      <span end="17073" id="15588329-7640" start="17065">labeling</span>
    </annotation>
    <annotation annotator="Mike Bada, University of Colorado Anschutz Medical Campus" id="CHEBI_2015_08_26_Instance_340004" type="identity">
      <class id="CHEBI_EXT:37958" label="dye"/>
      <span end="17193" id="15588329-7616" start="17190">dye</span>
    </annotation>
    <annotation annotator="Mike Bada, University of Colorado Anschutz Medical Campus" id="CHEBI_2015_08_26_Instance_380448" type="identity">
      <class id="CHEBI_SO_EXT:molecular_label_or_mark_or_tag_process" label="molecular label/mark/tag process"/>
      <span end="17214" id="15588329-7642" start="17207">labeled</span>
    </annotation>
    <annotation annotator="Mike Bada, University of Colorado Anschutz Medical Campus" id="CHEBI_2015_08_26_Instance_380450" type="identity">
      <class id="CHEBI_SO_EXT:molecular_label_or_mark_or_tag_process" label="molecular label/mark/tag process"/>
      <span end="17440" id="15588329-7644" start="17433">labeled</span>
    </annotation>
    <annotation annotator="Mike Bada, University of Colorado Anschutz Medical Campus" id="CHEBI_2015_08_26_Instance_340006" type="identity">
      <class id="CHEBI_EXT:37958" label="dye"/>
      <span end="17720" id="15588329-7618" start="17717">dye</span>
    </annotation>
    <annotation annotator="Mike Bada, University of Colorado Anschutz Medical Campus" id="CHEBI_2015_08_26_Instance_181730" type="identity">
      <class id="CHEBI_SO_EXT:molecular_indicator_or_label_or_marker_or_tag" label="molecular indicator/label/marker/tag"/>
      <span end="17894" id="15588329-7336" start="17888">marker</span>
    </annotation>
    <annotation annotator="Mike Bada, University of Colorado Anschutz Medical Campus" id="CHEBI_2015_08_26_Instance_181732" type="identity">
      <class id="CHEBI:52071" label="dextran"/>
      <span end="18043" id="15588329-7338" start="18036">dextran</span>
    </annotation>
    <annotation annotator="Mike Bada, University of Colorado Anschutz Medical Campus" id="CHEBI_2015_08_26_Instance_19583" type="identity">
      <class id="CHEBI:37926" label="fluorescein isothiocyanate"/>
      <span end="18048" id="15588329-7522" start="18044">FITC</span>
    </annotation>
    <annotation annotator="Mike Bada, University of Colorado Anschutz Medical Campus" id="CHEBI_2015_08_26_Instance_181734" type="identity">
      <class id="CHEBI:52071" label="dextran"/>
      <span end="18126" id="15588329-7340" start="18119">dextran</span>
    </annotation>
    <annotation annotator="Mike Bada, University of Colorado Anschutz Medical Campus" id="CHEBI_2015_08_26_Instance_19581" type="identity">
      <class id="CHEBI:37926" label="fluorescein isothiocyanate"/>
      <span end="18131" id="15588329-7520" start="18127">FITC</span>
    </annotation>
    <annotation annotator="Mike Bada, University of Colorado Anschutz Medical Campus" id="CHEBI_2015_08_26_Instance_181736" type="identity">
      <class id="CHEBI:52071" label="dextran"/>
      <span end="18349" id="15588329-7342" start="18342">dextran</span>
    </annotation>
    <annotation annotator="Mike Bada, University of Colorado Anschutz Medical Campus" id="CHEBI_2015_08_26_Instance_19579" type="identity">
      <class id="CHEBI:37926" label="fluorescein isothiocyanate"/>
      <span end="18354" id="15588329-7518" start="18350">FITC</span>
    </annotation>
    <annotation annotator="Mike Bada, University of Colorado Anschutz Medical Campus" id="CHEBI_2015_08_26_Instance_181738" type="identity">
      <class id="CHEBI:52071" label="dextran"/>
      <span end="18532" id="15588329-7344" start="18525">Dextran</span>
    </annotation>
    <annotation annotator="Mike Bada, University of Colorado Anschutz Medical Campus" id="CHEBI_2015_08_26_Instance_19577" type="identity">
      <class id="CHEBI:37926" label="fluorescein isothiocyanate"/>
      <span end="18537" id="15588329-7516" start="18533">FITC</span>
    </annotation>
    <annotation annotator="Mike Bada, University of Colorado Anschutz Medical Campus" id="CHEBI_2015_08_26_Instance_181740" type="identity">
      <class id="CHEBI:52071" label="dextran"/>
      <span end="18725" id="15588329-7346" start="18718">dextran</span>
    </annotation>
    <annotation annotator="Mike Bada, University of Colorado Anschutz Medical Campus" id="CHEBI_2015_08_26_Instance_19559" type="identity">
      <class id="CHEBI:37926" label="fluorescein isothiocyanate"/>
      <span end="18730" id="15588329-7506" start="18726">FITC</span>
    </annotation>
    <annotation annotator="Mike Bada, University of Colorado Anschutz Medical Campus" id="CHEBI_2015_08_26_Instance_340072" type="identity">
      <class id="CHEBI_SO_EXT:molecular_indicator_or_label_or_marker_or_tag" label="molecular indicator/label/marker/tag"/>
      <span end="18736" id="15588329-7620" start="18731">label</span>
    </annotation>
    <annotation annotator="Mike Bada, University of Colorado Anschutz Medical Campus" id="CHEBI_2015_08_26_Instance_380452" type="identity">
      <class id="CHEBI_SO_EXT:molecular_label_or_mark_or_tag_process" label="molecular label/mark/tag process"/>
      <span end="18817" id="15588329-7646" start="18810">labeled</span>
    </annotation>
    <annotation annotator="Mike Bada, University of Colorado Anschutz Medical Campus" id="CHEBI_2015_08_26_Instance_181746" type="identity">
      <class id="CHEBI:52071" label="dextran"/>
      <span end="18878" id="15588329-7348" start="18871">dextran</span>
    </annotation>
    <annotation annotator="Mike Bada, University of Colorado Anschutz Medical Campus" id="CHEBI_2015_08_26_Instance_19557" type="identity">
      <class id="CHEBI:37926" label="fluorescein isothiocyanate"/>
      <span end="18883" id="15588329-7504" start="18879">FITC</span>
    </annotation>
    <annotation annotator="Mike Bada, University of Colorado Anschutz Medical Campus" id="CHEBI_2015_08_26_Instance_340074" type="identity">
      <class id="CHEBI_SO_EXT:molecular_indicator_or_label_or_marker_or_tag" label="molecular indicator/label/marker/tag"/>
      <span end="18889" id="15588329-7622" start="18884">label</span>
    </annotation>
    <annotation annotator="Mike Bada, University of Colorado Anschutz Medical Campus" id="CHEBI_2015_08_26_Instance_301344" type="identity">
      <class id="CHEBI_PR_EXT:protein" label="protein"/>
      <span end="19183" id="15588329-7570" start="19176">protein</span>
    </annotation>
    <annotation annotator="Mike Bada, University of Colorado Anschutz Medical Campus" id="CHEBI_2015_08_26_Instance_181748" type="identity">
      <class id="CHEBI_SO_EXT:molecular_indicator_or_label_or_marker_or_tag" label="molecular indicator/label/marker/tag"/>
      <span end="19548" id="15588329-7350" start="19542">marker</span>
    </annotation>
    <annotation annotator="Mike Bada, University of Colorado Anschutz Medical Campus" id="CHEBI_2015_08_26_Instance_330722" type="identity">
      <class id="CHEBI_EXT:ATP" label="ATP"/>
      <span end="19996" id="15588329-7612" start="19993">ATP</span>
    </annotation>
    <annotation annotator="Mike Bada, University of Colorado Anschutz Medical Campus" id="CHEBI_2015_08_26_Instance_19567" type="identity">
      <class id="CHEBI:16240" label="hydrogen peroxide"/>
      <span end="20087" id="15588329-7512" start="20070">hydrogen peroxide</span>
    </annotation>
    <annotation annotator="Mike Bada, University of Colorado Anschutz Medical Campus" id="CHEBI_2015_08_26_Instance_181752" type="identity">
      <class id="CHEBI_SO_EXT:molecular_indicator_or_label_or_marker_or_tag" label="molecular indicator/label/marker/tag"/>
      <span end="20585" id="15588329-7352" start="20579">marker</span>
    </annotation>
    <annotation annotator="Mike Bada, University of Colorado Anschutz Medical Campus" id="CHEBI_2015_08_26_Instance_181754" type="identity">
      <class id="CHEBI_EXT:ATP" label="ATP"/>
      <span end="20951" id="15588329-7354" start="20948">ATP</span>
    </annotation>
    <annotation annotator="Mike Bada, University of Colorado Anschutz Medical Campus" id="CHEBI_2015_08_26_Instance_181756" type="identity">
      <class id="CHEBI_EXT:ATP" label="ATP"/>
      <span end="21129" id="15588329-7356" start="21126">ATP</span>
    </annotation>
    <annotation annotator="Mike Bada, University of Colorado Anschutz Medical Campus" id="CHEBI_2015_08_26_Instance_181758" type="identity">
      <class id="CHEBI_EXT:ATP" label="ATP"/>
      <span end="21220" id="15588329-7358" start="21217">ATP</span>
    </annotation>
    <annotation annotator="Mike Bada, University of Colorado Anschutz Medical Campus" id="CHEBI_2015_08_26_Instance_181760" type="identity">
      <class id="CHEBI_EXT:ATP" label="ATP"/>
      <span end="21345" id="15588329-7360" start="21342">ATP</span>
    </annotation>
    <annotation annotator="Mike Bada, University of Colorado Anschutz Medical Campus" id="CHEBI_2015_08_26_Instance_19565" type="identity">
      <class id="CHEBI:16240" label="hydrogen peroxide"/>
      <span end="21545" id="15588329-7510" start="21528">hydrogen peroxide</span>
    </annotation>
    <annotation annotator="Mike Bada, University of Colorado Anschutz Medical Campus" id="CHEBI_2015_08_26_Instance_19563" type="identity">
      <class id="CHEBI:16240" label="hydrogen peroxide"/>
      <span end="21664" id="15588329-7508" start="21647">hydrogen peroxide</span>
    </annotation>
    <annotation annotator="Mike Bada, University of Colorado Anschutz Medical Campus" id="CHEBI_2015_08_26_Instance_19801" type="identity">
      <class id="CHEBI:16240" label="hydrogen peroxide"/>
      <span end="21791" id="15588329-7530" start="21787">H2O2</span>
    </annotation>
    <annotation annotator="Mike Bada, University of Colorado Anschutz Medical Campus" id="CHEBI_2015_08_26_Instance_19803" type="identity">
      <class id="CHEBI:16240" label="hydrogen peroxide"/>
      <span end="21881" id="15588329-7532" start="21877">H2O2</span>
    </annotation>
    <annotation annotator="Mike Bada, University of Colorado Anschutz Medical Campus" id="CHEBI_2015_08_26_Instance_181762" type="identity">
      <class id="CHEBI_GO_SO_EXT:enzyme" label="enzyme"/>
      <span end="23022" id="15588329-7362" start="23016">enzyme</span>
    </annotation>
    <annotation annotator="Mike Bada, University of Colorado Anschutz Medical Campus" id="CHEBI_2015_08_26_Instance_301346" type="identity">
      <class id="CHEBI_PR_EXT:protein" label="protein"/>
      <span end="23109" id="15588329-7572" start="23102">protein</span>
    </annotation>
    <annotation annotator="Mike Bada, University of Colorado Anschutz Medical Campus" id="CHEBI_2015_08_26_Instance_181764" type="identity">
      <class id="CHEBI_GO_SO_EXT:enzyme" label="enzyme"/>
      <span end="23195" id="15588329-7364" start="23186">enzymatic</span>
    </annotation>
    <annotation annotator="Mike Bada, University of Colorado Anschutz Medical Campus" id="CHEBI_2015_08_26_Instance_301348" type="identity">
      <class id="CHEBI_PR_EXT:protein" label="protein"/>
      <span end="23452" id="15588329-7574" start="23445">protein</span>
    </annotation>
    <annotation annotator="Mike Bada, University of Colorado Anschutz Medical Campus" id="CHEBI_2015_08_26_Instance_301350" type="identity">
      <class id="CHEBI_PR_EXT:protein" label="protein"/>
      <span end="24421" id="15588329-7576" start="24413">proteins</span>
    </annotation>
    <annotation annotator="Mike Bada, University of Colorado Anschutz Medical Campus" id="CHEBI_2015_08_26_Instance_181766" type="identity">
      <class id="CHEBI_SO_EXT:molecular_indicator_or_label_or_marker_or_tag" label="molecular indicator/label/marker/tag"/>
      <span end="24700" id="15588329-7366" start="24693">markers</span>
    </annotation>
    <annotation annotator="Mike Bada, University of Colorado Anschutz Medical Campus" id="CHEBI_2015_08_26_Instance_301352" type="identity">
      <class id="CHEBI_PR_EXT:protein" label="protein"/>
      <span end="24735" id="15588329-7578" start="24728">protein</span>
    </annotation>
    <annotation annotator="" id="CHEBI_2015_08_26_backup_Instance_252" type="identity">
      <class id="CHEBI_SO_EXT:C_terminus_or_C_terminal_region" label="C-terminus or C-terminal region"/>
      <span end="24751" id="15588329-7242" start="24741">C-terminal</span>
    </annotation>
    <annotation annotator="Mike Bada, University of Colorado Anschutz Medical Campus" id="CHEBI_2015_08_26_Instance_182096" type="identity">
      <class id="CHEBI_SO_EXT:epitope" label="epitope"/>
      <span end="24760" id="15588329-7444" start="24752">epitopes</span>
    </annotation>
    <annotation annotator="Mike Bada, University of Colorado Anschutz Medical Campus" id="CHEBI_2015_08_26_Instance_301354" type="identity">
      <class id="CHEBI_PR_EXT:protein" label="protein"/>
      <span end="24803" id="15588329-7580" start="24796">protein</span>
    </annotation>
    <annotation annotator="Mike Bada, University of Colorado Anschutz Medical Campus" id="CHEBI_2015_08_26_Instance_301356" type="identity">
      <class id="CHEBI_PR_EXT:protein" label="protein"/>
      <span end="24844" id="15588329-7582" start="24837">protein</span>
    </annotation>
    <annotation annotator="Mike Bada, University of Colorado Anschutz Medical Campus" id="CHEBI_2015_08_26_Instance_19543" type="identity">
      <class id="CHEBI_EXT:33893" label="reagent"/>
      <span end="25886" id="15588329-7494" start="25878">reagents</span>
    </annotation>
    <annotation annotator="Mike Bada, University of Colorado Anschutz Medical Campus" id="CHEBI_2015_08_26_Instance_370068" type="identity">
      <class id="CHEBI_GO_EXT:biological_process_or_quality_or_role" label="biological process, quality or role"/>
      <span end="26131" id="15588329-7630" start="26121">Biological</span>
    </annotation>
    <annotation annotator="Mike Bada, University of Colorado Anschutz Medical Campus" id="CHEBI_2015_08_26_Instance_181772" type="identity">
      <class id="CHEBI_EXT:59132" label="antigen"/>
      <span end="26438" id="15588329-7368" start="26431">antigen</span>
    </annotation>
    <annotation annotator="Mike Bada, University of Colorado Anschutz Medical Campus" id="CHEBI_2015_08_26_Instance_19805" type="identity">
      <class id="CHEBI:18070" label="cytochrome c"/>
      <span end="26554" id="15588329-7534" start="26542">cytochrome c</span>
    </annotation>
    <annotation annotator="Mike Bada, University of Colorado Anschutz Medical Campus" id="CHEBI_2015_08_26_Instance_181774" type="identity">
      <class id="CHEBI_EXT:59132" label="antigen"/>
      <span end="26781" id="15588329-7370" start="26774">antigen</span>
    </annotation>
    <annotation annotator="Mike Bada, University of Colorado Anschutz Medical Campus" id="CHEBI_2015_08_26_Instance_181776" type="identity">
      <class id="CHEBI_SO_EXT:molecular_indicator_or_label_or_marker_or_tag" label="molecular indicator/label/marker/tag"/>
      <span end="27067" id="15588329-7372" start="27060">markers</span>
    </annotation>
    <annotation annotator="Mike Bada, University of Colorado Anschutz Medical Campus" id="CHEBI_2015_08_26_Instance_181778" type="identity">
      <class id="CHEBI:15956" label="biotin"/>
      <span end="27095" id="15588329-7374" start="27089">biotin</span>
    </annotation>
    <annotation annotator="Mike Bada, University of Colorado Anschutz Medical Campus" id="CHEBI_2015_08_26_Instance_181780" type="identity">
      <class id="CHEBI:52071" label="dextran"/>
      <span end="27144" id="15588329-7376" start="27137">dextran</span>
    </annotation>
    <annotation annotator="Mike Bada, University of Colorado Anschutz Medical Campus" id="CHEBI_2015_08_26_Instance_19555" type="identity">
      <class id="CHEBI:37926" label="fluorescein isothiocyanate"/>
      <span end="27149" id="15588329-7502" start="27145">FITC</span>
    </annotation>
    <annotation annotator="Mike Bada, University of Colorado Anschutz Medical Campus" id="CHEBI_2015_08_26_Instance_181782" type="identity">
      <class id="CHEBI:52117" label="DND-99 dye"/>
      <span end="27185" id="15588329-7378" start="27163">Lysotracker Red DND-99</span>
    </annotation>
    <annotation annotator="Mike Bada, University of Colorado Anschutz Medical Campus" id="CHEBI_2015_08_26_Instance_330106" type="identity">
      <class id="CHEBI_EXT:polyatomic_entity_or_group" label="polyatomic entity or group"/>
      <span end="27204" id="15588329-7608" start="27195">Molecular</span>
    </annotation>
    <annotation annotator="Mike Bada, University of Colorado Anschutz Medical Campus" id="CHEBI_2015_08_26_Instance_181784" type="identity">
      <class id="CHEBI_SO_EXT:molecular_probe" label="molecular probe"/>
      <span end="27211" id="15588329-7380" start="27205">Probes</span>
    </annotation>
    <annotation annotator="Mike Bada, University of Colorado Anschutz Medical Campus" id="CHEBI_2015_08_26_Instance_330790" type="identity">
      <class id="CHEBI_EXT:saline_solution" label="saline solution"/>
      <span end="27626" id="15588329-7614" start="27613">Salt Solution</span>
    </annotation>
    <annotation annotator="Mike Bada, University of Colorado Anschutz Medical Campus" id="CHEBI_2015_08_26_Instance_19539" type="identity">
      <class id="CHEBI:17234" label="glucose"/>
      <span end="27673" id="15588329-7492" start="27666">glucose</span>
    </annotation>
    <annotation annotator="Mike Bada, University of Colorado Anschutz Medical Campus" id="CHEBI_2015_08_26_Instance_181790" type="identity">
      <class id="CHEBI_SO_EXT:DNA" label="DNA"/>
      <span end="27724" id="15588329-7384" start="27721">DNA</span>
    </annotation>
    <annotation annotator="Mike Bada, University of Colorado Anschutz Medical Campus" id="CHEBI_2015_08_26_Instance_181788" type="identity">
      <class id="CHEBI_EXT:EDTA" label="EDTA"/>
      <span end="27771" id="15588329-7382" start="27767">EDTA</span>
    </annotation>
    <annotation annotator="Mike Bada, University of Colorado Anschutz Medical Campus" id="CHEBI_2015_08_26_Instance_181794" type="identity">
      <class id="CHEBI_EXT:ornithine" label="ornithine"/>
      <span end="27922" id="15588329-7386" start="27913">ornithine</span>
    </annotation>
    <annotation annotator="Mike Bada, University of Colorado Anschutz Medical Campus" id="CHEBI_2015_08_26_Instance_19545" type="identity">
      <class id="CHEBI:16526" label="carbon dioxide"/>
      <span end="28035" id="15588329-7496" start="28032">CO2</span>
    </annotation>
    <annotation annotator="Mike Bada, University of Colorado Anschutz Medical Campus" id="CHEBI_2015_08_26_Instance_19551" type="identity">
      <class id="CHEBI:32588" label="potassium chloride"/>
      <span end="28199" id="15588329-7498" start="28196">KCl</span>
    </annotation>
    <annotation annotator="Mike Bada, University of Colorado Anschutz Medical Campus" id="CHEBI_2015_08_26_Instance_181796" type="identity">
      <class id="CHEBI_EXT:59132" label="antigen"/>
      <span end="28333" id="15588329-7388" start="28326">antigen</span>
    </annotation>
    <annotation annotator="Mike Bada, University of Colorado Anschutz Medical Campus" id="CHEBI_2015_08_26_Instance_181798" type="identity">
      <class id="CHEBI:7507" label="neomycin"/>
      <span end="28358" id="15588329-7390" start="28350">neomycin</span>
    </annotation>
    <annotation annotator="Mike Bada, University of Colorado Anschutz Medical Campus" id="CHEBI_2015_08_26_Instance_181800" type="identity">
      <class id="CHEBI:42768" label="geneticin"/>
      <span end="28585" id="15588329-7392" start="28581">G418</span>
    </annotation>
    <annotation annotator="Mike Bada, University of Colorado Anschutz Medical Campus" id="CHEBI_2015_08_26_Instance_181802" type="identity">
      <class id="CHEBI_EXT:ornithine" label="ornithine"/>
      <span end="28916" id="15588329-7394" start="28907">ornithine</span>
    </annotation>
    <annotation annotator="Mike Bada, University of Colorado Anschutz Medical Campus" id="CHEBI_2015_08_26_Instance_19527" type="identity">
      <class id="CHEBI:16526" label="carbon dioxide"/>
      <span end="28971" id="15588329-7482" start="28968">CO2</span>
    </annotation>
    <annotation annotator="Mike Bada, University of Colorado Anschutz Medical Campus" id="CHEBI_2015_08_26_Instance_181804" type="identity">
      <class id="CHEBI:60004" label="mixture"/>
      <span end="29160" id="15588329-7396" start="29152">cocktail</span>
    </annotation>
    <annotation annotator="Mike Bada, University of Colorado Anschutz Medical Campus" id="CHEBI_2015_08_26_Instance_19535" type="identity">
      <class id="CHEBI:48518" label="3-isobutyl-1-methylxanthine"/>
      <span end="29189" id="15588329-7488" start="29185">IBMX</span>
    </annotation>
    <annotation annotator="Mike Bada, University of Colorado Anschutz Medical Campus" id="CHEBI_2015_08_26_Instance_181806" type="identity">
      <class id="CHEBI:37537" label="phorbol 13-acetate 12-myristate"/>
      <span end="29201" id="15588329-7398" start="29198">TPA</span>
    </annotation>
    <annotation annotator="Mike Bada, University of Colorado Anschutz Medical Campus" id="CHEBI_2015_08_26_Instance_19533" type="identity">
      <class id="CHEBI:42471" label="forskolin"/>
      <span end="29218" id="15588329-7486" start="29209">forskolin</span>
    </annotation>
    <annotation annotator="Mike Bada, University of Colorado Anschutz Medical Campus" id="CHEBI_2015_08_26_Instance_19529" type="identity">
      <class id="CHEBI:18243" label="dopamine"/>
      <span end="29233" id="15588329-7484" start="29225">dopamine</span>
    </annotation>
    <annotation annotator="Mike Bada, University of Colorado Anschutz Medical Campus" id="CHEBI_2015_08_26_Instance_181808" type="identity">
      <class id="CHEBI_SO_EXT:DNA" label="DNA"/>
      <span end="29278" id="15588329-7400" start="29275">DNA</span>
    </annotation>
    <annotation annotator="Mike Bada, University of Colorado Anschutz Medical Campus" id="CHEBI_2015_08_26_Instance_181810" type="identity">
      <class id="CHEBI_SO_EXT:RNA" label="RNA"/>
      <span end="29782" id="15588329-7402" start="29779">RNA</span>
    </annotation>
    <annotation annotator="Mike Bada, University of Colorado Anschutz Medical Campus" id="CHEBI_2015_08_26_Instance_301358" type="identity">
      <class id="CHEBI_PR_EXT:protein" label="protein"/>
      <span end="30098" id="15588329-7584" start="30091">protein</span>
    </annotation>
    <annotation annotator="Mike Bada, University of Colorado Anschutz Medical Campus" id="CHEBI_2015_08_26_Instance_19809" type="identity">
      <class id="CHEBI:16842" label="formaldehyde"/>
      <span end="30297" id="15588329-7536" start="30285">formaldehyde</span>
    </annotation>
    <annotation annotator="Mike Bada, University of Colorado Anschutz Medical Campus" id="CHEBI_2015_08_26_Instance_181812" type="identity">
      <class id="CHEBI_EXT:phosphate" label="phosphate"/>
      <span end="30310" id="15588329-7404" start="30301">phosphate</span>
    </annotation>
    <annotation annotator="Mike Bada, University of Colorado Anschutz Medical Campus" id="CHEBI_2015_08_26_Instance_380028" type="identity">
      <class id="CHEBI_CHMO_EXT:buffer_process" label="buffer process"/>
      <span end="30319" id="15588329-7632" start="30311">buffered</span>
    </annotation>
    <annotation annotator="Mike Bada, University of Colorado Anschutz Medical Campus" id="CHEBI_2015_08_26_Instance_340304" type="identity">
      <class id="CHEBI_EXT:saline_solution" label="saline solution"/>
      <span end="30326" id="15588329-7626" start="30320">saline</span>
    </annotation>
    <annotation annotator="Mike Bada, University of Colorado Anschutz Medical Campus" id="CHEBI_2015_08_26_Instance_301360" type="identity">
      <class id="CHEBI_PR_EXT:protein" label="protein"/>
      <span end="30466" id="15588329-7586" start="30459">protein</span>
    </annotation>
    <annotation annotator="Mike Bada, University of Colorado Anschutz Medical Campus" id="CHEBI_2015_08_26_Instance_181814" type="identity">
      <class id="CHEBI:64276" label="glutaraldehyde"/>
      <span end="30536" id="15588329-7406" start="30522">glutaraldehyde</span>
    </annotation>
    <annotation annotator="Mike Bada, University of Colorado Anschutz Medical Campus" id="CHEBI_2015_08_26_Instance_181816" type="identity">
      <class id="CHEBI_EXT:paraformaldehye" label="paraformaldehyde"/>
      <span end="30556" id="15588329-7408" start="30540">paraformaldehyde</span>
    </annotation>
    <annotation annotator="Mike Bada, University of Colorado Anschutz Medical Campus" id="CHEBI_2015_08_26_Instance_19515" type="identity">
      <class id="CHEBI:16223" label="dimethylarsinate"/>
      <span end="30576" id="15588329-7472" start="30566">cacodylate</span>
    </annotation>
    <annotation annotator="Mike Bada, University of Colorado Anschutz Medical Campus" id="CHEBI_2015_08_26_Instance_181818" type="identity">
      <class id="CHEBI_CHMO_EXT:buffer_solution" label="buffer solution"/>
      <span end="30583" id="15588329-7410" start="30577">buffer</span>
    </annotation>
    <annotation annotator="Mike Bada, University of Colorado Anschutz Medical Campus" id="CHEBI_2015_08_26_Instance_340076" type="identity">
      <class id="CHEBI_SO_EXT:molecular_indicator_or_label_or_marker_or_tag" label="molecular indicator/label/marker/tag"/>
      <span end="30884" id="15588329-7624" start="30879">label</span>
    </annotation>
    <annotation annotator="Mike Bada, University of Colorado Anschutz Medical Campus" id="CHEBI_2015_08_26_Instance_19519" type="identity">
      <class id="CHEBI:16842" label="formaldehyde"/>
      <span end="31137" id="15588329-7476" start="31125">formaldehyde</span>
    </annotation>
    <annotation annotator="Mike Bada, University of Colorado Anschutz Medical Campus" id="CHEBI_2015_08_26_Instance_19517" type="identity">
      <class id="CHEBI:17790" label="methanol"/>
      <span end="31195" id="15588329-7474" start="31187">methanol</span>
    </annotation>
    <annotation annotator="Mike Bada, University of Colorado Anschutz Medical Campus" id="CHEBI_2015_08_26_Instance_19521" type="identity">
      <class id="CHEBI:15347" label="acetone"/>
      <span end="31203" id="15588329-7478" start="31196">acetone</span>
    </annotation>
    <annotation annotator="Mike Bada, University of Colorado Anschutz Medical Campus" id="CHEBI_2015_08_26_Instance_181822" type="identity">
      <class id="CHEBI_SO_EXT:glycine" label="glycine"/>
      <span end="31420" id="15588329-7412" start="31413">glycine</span>
    </annotation>
    <annotation annotator="Mike Bada, University of Colorado Anschutz Medical Campus" id="CHEBI_2015_08_26_Instance_181824" type="identity">
      <class id="CHEBI:9750" label="Triton X-100"/>
      <span end="31490" id="15588329-7414" start="31478">Triton X-100</span>
    </annotation>
    <annotation annotator="Mike Bada, University of Colorado Anschutz Medical Campus" id="CHEBI_2015_08_26_Instance_301362" type="identity">
      <class id="CHEBI_PR_EXT:protein" label="protein"/>
      <span end="32153" id="15588329-7588" start="32145">proteins</span>
    </annotation>
    <annotation annotator="Mike Bada, University of Colorado Anschutz Medical Campus" id="CHEBI_2015_08_26_Instance_19525" type="identity">
      <class id="CHEBI:9754" label="tris"/>
      <span end="32224" id="15588329-7480" start="32220">Tris</span>
    </annotation>
    <annotation annotator="Mike Bada, University of Colorado Anschutz Medical Campus" id="CHEBI_2015_08_26_Instance_181826" type="identity">
      <class id="CHEBI:9750" label="Triton X-100"/>
      <span end="32249" id="15588329-7416" start="32237">Triton X-100</span>
    </annotation>
    <annotation annotator="Mike Bada, University of Colorado Anschutz Medical Campus" id="CHEBI_2015_08_26_Instance_290316" type="identity">
      <class id="CHEBI_GO_EXT:peptidase_or_protease_or_proteinase_inhibitor" label="peptidase/protease/proteinase inhibitor"/>
      <span end="32308" id="15588329-7542" start="32289">protease inhibitors</span>
    </annotation>
    <annotation annotator="Mike Bada, University of Colorado Anschutz Medical Campus" id="CHEBI_2015_08_26_Instance_181828" type="identity">
      <class id="CHEBI:7989" label="Pepstatin"/>
      <span end="32353" id="15588329-7418" start="32342">pepstatin A</span>
    </annotation>
    <annotation annotator="Mike Bada, University of Colorado Anschutz Medical Campus" id="CHEBI_2015_08_26_Instance_181830" type="identity">
      <class id="CHEBI:6426" label="Leupeptin"/>
      <span end="32391" id="15588329-7420" start="32382">leupeptin</span>
    </annotation>
    <annotation annotator="Mike Bada, University of Colorado Anschutz Medical Campus" id="CHEBI_2015_08_26_Instance_301364" type="identity">
      <class id="CHEBI_PR_EXT:protein" label="protein"/>
      <span end="32577" id="15588329-7590" start="32570">protein</span>
    </annotation>
    <annotation annotator="Mike Bada, University of Colorado Anschutz Medical Campus" id="CHEBI_2015_08_26_Instance_301366" type="identity">
      <class id="CHEBI_PR_EXT:protein" label="protein"/>
      <span end="32611" id="15588329-7592" start="32604">Protein</span>
    </annotation>
    <annotation annotator="Mike Bada, University of Colorado Anschutz Medical Campus" id="CHEBI_2015_08_26_Instance_19501" type="identity">
      <class id="CHEBI:8984" label="sodium dodecyl sulfate"/>
      <span end="32639" id="15588329-7458" start="32636">SDS</span>
    </annotation>
    <annotation annotator="Mike Bada, University of Colorado Anschutz Medical Campus" id="CHEBI_2015_08_26_Instance_19499" type="identity">
      <class id="CHEBI:9754" label="tris"/>
      <span end="32706" id="15588329-7456" start="32702">tris</span>
    </annotation>
    <annotation annotator="Mike Bada, University of Colorado Anschutz Medical Campus" id="CHEBI_2015_08_26_Instance_19505" type="identity">
      <class id="CHEBI:46760" label="tricine"/>
      <span end="32714" id="15588329-7462" start="32707">tricine</span>
    </annotation>
    <annotation annotator="Mike Bada, University of Colorado Anschutz Medical Campus" id="CHEBI_2015_08_26_Instance_19503" type="identity">
      <class id="CHEBI:8984" label="sodium dodecyl sulfate"/>
      <span end="32718" id="15588329-7460" start="32715">SDS</span>
    </annotation>
    <annotation annotator="Mike Bada, University of Colorado Anschutz Medical Campus" id="CHEBI_2015_08_26_Instance_301368" type="identity">
      <class id="CHEBI_PR_EXT:protein" label="protein"/>
      <span end="32939" id="15588329-7594" start="32932">protein</span>
    </annotation>
    <annotation annotator="Mike Bada, University of Colorado Anschutz Medical Campus" id="CHEBI_2015_08_26_Instance_19509" type="identity">
      <class id="CHEBI:9754" label="tris"/>
      <span end="32996" id="15588329-7466" start="32992">Tris</span>
    </annotation>
    <annotation annotator="Mike Bada, University of Colorado Anschutz Medical Campus" id="CHEBI_2015_08_26_Instance_181832" type="identity">
      <class id="CHEBI:9750" label="Triton X-100"/>
      <span end="33023" id="15588329-7422" start="33011">Triton X-100</span>
    </annotation>
    <annotation annotator="Mike Bada, University of Colorado Anschutz Medical Campus" id="CHEBI_2015_08_26_Instance_301370" type="identity">
      <class id="CHEBI_PR_EXT:protein" label="protein"/>
      <span end="33164" id="15588329-7596" start="33157">protein</span>
    </annotation>
    <annotation annotator="Mike Bada, University of Colorado Anschutz Medical Campus" id="CHEBI_2015_08_26_Instance_301372" type="identity">
      <class id="CHEBI_PR_EXT:protein" label="protein"/>
      <span end="33222" id="15588329-7598" start="33215">Protein</span>
    </annotation>
    <annotation annotator="Mike Bada, University of Colorado Anschutz Medical Campus" id="CHEBI_2015_08_26_Instance_301374" type="identity">
      <class id="CHEBI_PR_EXT:protein" label="protein"/>
      <span end="33255" id="15588329-7600" start="33248">protein</span>
    </annotation>
    <annotation annotator="Mike Bada, University of Colorado Anschutz Medical Campus" id="CHEBI_2015_08_26_Instance_181834" type="identity">
      <class id="CHEBI_EXT:76219" label="fluorogen"/>
      <span end="33327" id="15588329-7424" start="33316">Fluorogenic</span>
    </annotation>
    <annotation annotator="Mike Bada, University of Colorado Anschutz Medical Campus" id="CHEBI_2015_08_26_Instance_330108" type="identity">
      <class id="CHEBI_EXT:polyatomic_entity_or_group" label="polyatomic entity or group"/>
      <span end="33528" id="15588329-7610" start="33519">Molecular</span>
    </annotation>
    <annotation annotator="Mike Bada, University of Colorado Anschutz Medical Campus" id="CHEBI_2015_08_26_Instance_181838" type="identity">
      <class id="CHEBI:52071" label="dextran"/>
      <span end="33989" id="15588329-7426" start="33982">dextran</span>
    </annotation>
    <annotation annotator="Mike Bada, University of Colorado Anschutz Medical Campus" id="CHEBI_2015_08_26_Instance_19553" type="identity">
      <class id="CHEBI:37926" label="fluorescein isothiocyanate"/>
      <span end="33994" id="15588329-7500" start="33990">FITC</span>
    </annotation>
    <annotation annotator="Mike Bada, University of Colorado Anschutz Medical Campus" id="CHEBI_2015_08_26_Instance_380454" type="identity">
      <class id="CHEBI_SO_EXT:molecular_label_or_mark_or_tag_process" label="molecular label/mark/tag process"/>
      <span end="34091" id="15588329-7648" start="34083">labeling</span>
    </annotation>
    <annotation annotator="Mike Bada, University of Colorado Anschutz Medical Campus" id="CHEBI_2015_08_26_Instance_19569" type="identity">
      <class id="CHEBI_EXT:37958" label="dye"/>
      <span end="34171" id="15588329-7514" start="34168">dye</span>
    </annotation>
    <annotation annotator="Mike Bada, University of Colorado Anschutz Medical Campus" id="CHEBI_2015_08_26_Instance_19815" type="identity">
      <class id="CHEBI:16842" label="formaldehyde"/>
      <span end="34214" id="15588329-7538" start="34202">formaldehyde</span>
    </annotation>
    <annotation annotator="Mike Bada, University of Colorado Anschutz Medical Campus" id="CHEBI_2015_08_26_Instance_181840" type="identity">
      <class id="CHEBI_EXT:ATP" label="ATP"/>
      <span end="35043" id="15588329-7428" start="35040">ATP</span>
    </annotation>
    <annotation annotator="Mike Bada, University of Colorado Anschutz Medical Campus" id="CHEBI_2015_08_26_Instance_181842" type="identity">
      <class id="CHEBI_EXT:ATP" label="ATP"/>
      <span end="35060" id="15588329-7430" start="35057">ATP</span>
    </annotation>
    <annotation annotator="Mike Bada, University of Colorado Anschutz Medical Campus" id="CHEBI_2015_08_26_Instance_19537" type="identity">
      <class id="CHEBI_EXT:33893" label="reagent"/>
      <span end="35381" id="15588329-7490" start="35374">Reagent</span>
    </annotation>
    <annotation annotator="Mike Bada, University of Colorado Anschutz Medical Campus" id="CHEBI_2015_08_26_Instance_181844" type="identity">
      <class id="CHEBI_EXT:ATP" label="ATP"/>
      <span end="35459" id="15588329-7432" start="35456">ATP</span>
    </annotation>
    <annotation annotator="Mike Bada, University of Colorado Anschutz Medical Campus" id="CHEBI_2015_08_26_Instance_19825" type="identity">
      <class id="CHEBI:16240" label="hydrogen peroxide"/>
      <span end="35735" id="15588329-7540" start="35718">Hydrogen peroxide</span>
    </annotation>
    <annotation annotator="Mike Bada, University of Colorado Anschutz Medical Campus" id="CHEBI_2015_08_26_Instance_19507" type="identity">
      <class id="CHEBI:16240" label="hydrogen peroxide"/>
      <span end="35941" id="15588329-7464" start="35924">hydrogen peroxide</span>
    </annotation>
    <annotation annotator="Mike Bada, University of Colorado Anschutz Medical Campus" id="CHEBI_2015_08_26_Instance_19513" type="identity">
      <class id="CHEBI:16240" label="hydrogen peroxide"/>
      <span end="36027" id="15588329-7470" start="36010">hydrogen peroxide</span>
    </annotation>
    <annotation annotator="Mike Bada, University of Colorado Anschutz Medical Campus" id="CHEBI_2015_08_26_Instance_181846" type="identity">
      <class id="CHEBI_EXT:ATP" label="ATP"/>
      <span end="36320" id="15588329-7434" start="36317">ATP</span>
    </annotation>
    <annotation annotator="Mike Bada, University of Colorado Anschutz Medical Campus" id="CHEBI_2015_08_26_Instance_19511" type="identity">
      <class id="CHEBI:10545" label="electron"/>
      <span end="37013" id="15588329-7468" start="37005">Electron</span>
    </annotation>
    <graph-space id="Old Knowtator Relations"/>
  </document>
</knowtator-project>
