<?xml version="1.0" encoding="UTF-8" standalone="no"?>
<knowtator-project>
    <document id="15630473" text-file="15630473.txt">
        <annotation annotator="Mike Bada, University of Colorado Anschutz Medical Campus" id="CHEBI_2015_08_26_Instance_181930" type="identity">
            <class id="CHEBI_EXT:52290" label="mitogen"/>
            <span end="653" id="15630473-7656" start="646">mitogen</span>
        </annotation>
        <annotation annotator="Mike Bada, University of Colorado Anschutz Medical Campus" id="CHEBI_2015_08_26_Instance_301426" type="identity">
            <class id="CHEBI_PR_EXT:protein" label="protein"/>
            <span end="671" id="15630473-7866" start="664">protein</span>
        </annotation>
        <annotation annotator="Mike Bada, University of Colorado Anschutz Medical Campus" id="CHEBI_2015_08_26_Instance_301428" type="identity">
            <class id="CHEBI_PR_EXT:protein" label="protein"/>
            <span end="896" id="15630473-7868" start="888">proteins</span>
        </annotation>
        <annotation annotator="Mike Bada, University of Colorado Anschutz Medical Campus" id="CHEBI_2015_08_26_Instance_330114" type="identity">
            <class id="CHEBI_EXT:polyatomic_entity_or_group" label="polyatomic entity or group"/>
            <span end="2086" id="15630473-8026" start="2077">molecular</span>
        </annotation>
        <annotation annotator="Mike Bada, University of Colorado Anschutz Medical Campus" id="CHEBI_2015_08_26_Instance_301430" type="identity">
            <class id="CHEBI_PR_EXT:protein" label="protein"/>
            <span end="2145" id="15630473-7870" start="2137">proteins</span>
        </annotation>
        <annotation annotator="Mike Bada, University of Colorado Anschutz Medical Campus" id="CHEBI_2015_08_26_Instance_181932" type="identity">
            <class id="CHEBI_EXT:62488" label="signalling molecule"/>
            <span end="2326" id="15630473-7658" start="2307">signaling molecules</span>
        </annotation>
        <annotation annotator="Mike Bada, University of Colorado Anschutz Medical Campus" id="CHEBI_2015_08_26_Instance_20351" type="identity">
            <class id="CHEBI_EXT:35224" label="effector"/>
            <span end="2792" id="15630473-7816" start="2783">effectors</span>
        </annotation>
        <annotation annotator="Mike Bada, University of Colorado Anschutz Medical Campus" id="CHEBI_2015_08_26_Instance_301432" type="identity">
            <class id="CHEBI_PR_EXT:protein" label="protein"/>
            <span end="5429" id="15630473-7872" start="5422">protein</span>
        </annotation>
        <annotation annotator="Mike Bada, University of Colorado Anschutz Medical Campus" id="CHEBI_2015_08_26_Instance_301434" type="identity">
            <class id="CHEBI_PR_EXT:protein" label="protein"/>
            <span end="5477" id="15630473-7874" start="5469">proteins</span>
        </annotation>
        <annotation annotator="Mike Bada, University of Colorado Anschutz Medical Campus" id="CHEBI_2015_08_26_Instance_181934" type="identity">
            <class id="CHEBI_EXT:52290" label="mitogen"/>
            <span end="5566" id="15630473-7660" start="5559">mitogen</span>
        </annotation>
        <annotation annotator="Mike Bada, University of Colorado Anschutz Medical Campus" id="CHEBI_2015_08_26_Instance_301436" type="identity">
            <class id="CHEBI_PR_EXT:protein" label="protein"/>
            <span end="5584" id="15630473-7876" start="5577">protein</span>
        </annotation>
        <annotation annotator="Mike Bada, University of Colorado Anschutz Medical Campus" id="CHEBI_2015_08_26_Instance_181936" type="identity">
            <class id="CHEBI_EXT:zinc" label="zinc"/>
            <span end="6124" id="15630473-7662" start="6120">zinc</span>
        </annotation>
        <annotation annotator="Mike Bada, University of Colorado Anschutz Medical Campus" id="CHEBI_2015_08_26_Instance_301438" type="identity">
            <class id="CHEBI_PR_EXT:protein" label="protein"/>
            <span end="6166" id="15630473-7878" start="6158">proteins</span>
        </annotation>
        <annotation annotator="Mike Bada, University of Colorado Anschutz Medical Campus" id="CHEBI_2015_08_26_Instance_181938" type="identity">
            <class id="CHEBI_SO_EXT:mRNA" label="mRNA"/>
            <span end="7447" id="15630473-7664" start="7443">mRNA</span>
        </annotation>
        <annotation annotator="Mike Bada, University of Colorado Anschutz Medical Campus" id="CHEBI_2015_08_26_Instance_301440" type="identity">
            <class id="CHEBI_PR_EXT:protein" label="protein"/>
            <span end="7787" id="15630473-7880" start="7780">protein</span>
        </annotation>
        <annotation annotator="Mike Bada, University of Colorado Anschutz Medical Campus" id="CHEBI_2015_08_26_Instance_181940" type="identity">
            <class id="CHEBI_SO_EXT:mRNA" label="mRNA"/>
            <span end="8204" id="15630473-7666" start="8200">mRNA</span>
        </annotation>
        <annotation annotator="Mike Bada, University of Colorado Anschutz Medical Campus" id="CHEBI_2015_08_26_Instance_301442" type="identity">
            <class id="CHEBI_PR_EXT:protein" label="protein"/>
            <span end="8216" id="15630473-7882" start="8209">Protein</span>
        </annotation>
        <annotation annotator="Mike Bada, University of Colorado Anschutz Medical Campus" id="CHEBI_2015_08_26_Instance_181942" type="identity">
            <class id="CHEBI_SO_EXT:mRNA" label="mRNA"/>
            <span end="9093" id="15630473-7668" start="9089">mRNA</span>
        </annotation>
        <annotation annotator="Mike Bada, University of Colorado Anschutz Medical Campus" id="CHEBI_2015_08_26_Instance_181944" type="identity">
            <class id="CHEBI_SO_EXT:mRNA" label="mRNA"/>
            <span end="9244" id="15630473-7670" start="9240">mRNA</span>
        </annotation>
        <annotation annotator="Mike Bada, University of Colorado Anschutz Medical Campus" id="CHEBI_2015_08_26_Instance_181946" type="identity">
            <class id="CHEBI_SO_EXT:molecular_probe" label="molecular probe"/>
            <span end="9335" id="15630473-7672" start="9330">probe</span>
        </annotation>
        <annotation annotator="Mike Bada, University of Colorado Anschutz Medical Campus" id="CHEBI_2015_08_26_Instance_181948" type="identity">
            <class id="CHEBI_SO_EXT:mRNA" label="mRNA"/>
            <span end="9866" id="15630473-7674" start="9862">mRNA</span>
        </annotation>
        <annotation annotator="Mike Bada, University of Colorado Anschutz Medical Campus" id="CHEBI_2015_08_26_Instance_181950" type="identity">
            <class id="CHEBI_SO_EXT:mRNA" label="mRNA"/>
            <span end="10208" id="15630473-7676" start="10204">mRNA</span>
        </annotation>
        <annotation annotator="Mike Bada, University of Colorado Anschutz Medical Campus" id="CHEBI_2015_08_26_Instance_301444" type="identity">
            <class id="CHEBI_PR_EXT:protein" label="protein"/>
            <span end="10247" id="15630473-7884" start="10240">protein</span>
        </annotation>
        <annotation annotator="" id="CHEBI_2015_08_26_backup_Instance_256" type="identity">
            <class id="CHEBI_SO_EXT:N_terminus_or_N_terminal_region" label="N-terminus or N-terminal region"/>
            <span end="10302" id="15630473-7652" start="10292">N-terminal</span>
        </annotation>
        <annotation annotator="Mike Bada, University of Colorado Anschutz Medical Campus" id="CHEBI_2015_08_26_Instance_181952" type="identity">
            <class id="CHEBI_EXT:zinc" label="zinc"/>
            <span end="10360" id="15630473-7678" start="10356">zinc</span>
        </annotation>
        <annotation annotator="Mike Bada, University of Colorado Anschutz Medical Campus" id="CHEBI_2015_08_26_Instance_301446" type="identity">
            <class id="CHEBI_PR_EXT:protein" label="protein"/>
            <span end="10460" id="15630473-7886" start="10452">proteins</span>
        </annotation>
        <annotation annotator="Mike Bada, University of Colorado Anschutz Medical Campus" id="CHEBI_2015_08_26_Instance_381067" type="identity">
            <class id="CHEBI_SO_EXT:molecular_label_or_mark_or_tag_process" label="molecular label/mark/tag process"/>
            <span end="10604" id="15630473-8074" start="10598">tagged</span>
        </annotation>
        <annotation annotator="Mike Bada, University of Colorado Anschutz Medical Campus" id="CHEBI_2015_08_26_Instance_301448" type="identity">
            <class id="CHEBI_PR_EXT:protein" label="protein"/>
            <span end="10618" id="15630473-7888" start="10611">protein</span>
        </annotation>
        <annotation annotator="Mike Bada, University of Colorado Anschutz Medical Campus" id="CHEBI_2015_08_26_Instance_380470" type="identity">
            <class id="CHEBI_SO_EXT:molecular_label_or_mark_or_tag_process" label="molecular label/mark/tag process"/>
            <span end="11321" id="15630473-8046" start="11314">labeled</span>
        </annotation>
        <annotation annotator="Mike Bada, University of Colorado Anschutz Medical Campus" id="CHEBI_2015_08_26_Instance_301450" type="identity">
            <class id="CHEBI_PR_EXT:protein" label="protein"/>
            <span end="11491" id="15630473-7890" start="11484">protein</span>
        </annotation>
        <annotation annotator="Mike Bada, University of Colorado Anschutz Medical Campus" id="CHEBI_2015_08_26_Instance_301452" type="identity">
            <class id="CHEBI_PR_EXT:protein" label="protein"/>
            <span end="11820" id="15630473-7892" start="11813">protein</span>
        </annotation>
        <annotation annotator="Mike Bada, University of Colorado Anschutz Medical Campus" id="CHEBI_2015_08_26_Instance_380472" type="identity">
            <class id="CHEBI_SO_EXT:molecular_label_or_mark_or_tag_process" label="molecular label/mark/tag process"/>
            <span end="12013" id="15630473-8048" start="12005">labeling</span>
        </annotation>
        <annotation annotator="Mike Bada, University of Colorado Anschutz Medical Campus" id="CHEBI_2015_08_26_Instance_181954" type="identity">
            <class id="CHEBI_EXT:59132" label="antigen"/>
            <span end="12356" id="15630473-7680" start="12349">antigen</span>
        </annotation>
        <annotation annotator="Mike Bada, University of Colorado Anschutz Medical Campus" id="CHEBI_2015_08_26_Instance_380909" type="identity">
            <class id="CHEBI_SO_EXT:molecular_label_or_mark_or_tag_process" label="molecular label/mark/tag process"/>
            <span end="12608" id="15630473-8070" start="12602">marked</span>
        </annotation>
        <annotation annotator="Mike Bada, University of Colorado Anschutz Medical Campus" id="CHEBI_2015_08_26_Instance_182098" type="identity">
            <class id="CHEBI_SO_EXT:epitope" label="epitope"/>
            <span end="13426" id="15630473-7802" start="13419">epitope</span>
        </annotation>
        <annotation annotator="Mike Bada, University of Colorado Anschutz Medical Campus" id="CHEBI_2015_08_26_Instance_301454" type="identity">
            <class id="CHEBI_PR_EXT:protein" label="protein"/>
            <span end="14263" id="15630473-7894" start="14256">protein</span>
        </annotation>
        <annotation annotator="Mike Bada, University of Colorado Anschutz Medical Campus" id="CHEBI_2015_08_26_Instance_381069" type="identity">
            <class id="CHEBI_SO_EXT:molecular_label_or_mark_or_tag_process" label="molecular label/mark/tag process"/>
            <span end="14330" id="15630473-8076" start="14324">tagged</span>
        </annotation>
        <annotation annotator="Mike Bada, University of Colorado Anschutz Medical Campus" id="CHEBI_2015_08_26_Instance_181958" type="identity">
            <class id="CHEBI_EXT:59132" label="antigen"/>
            <span end="14484" id="15630473-7682" start="14477">antigen</span>
        </annotation>
        <annotation annotator="Mike Bada, University of Colorado Anschutz Medical Campus" id="CHEBI_2015_08_26_Instance_301456" type="identity">
            <class id="CHEBI_PR_EXT:protein" label="protein"/>
            <span end="15378" id="15630473-7896" start="15371">protein</span>
        </annotation>
        <annotation annotator="Mike Bada, University of Colorado Anschutz Medical Campus" id="CHEBI_2015_08_26_Instance_181960" type="identity">
            <class id="CHEBI_SO_EXT:molecular_indicator_or_label_or_marker_or_tag" label="molecular indicator/label/marker/tag"/>
            <span end="15720" id="15630473-7684" start="15713">markers</span>
        </annotation>
        <annotation annotator="Mike Bada, University of Colorado Anschutz Medical Campus" id="CHEBI_2015_08_26_Instance_301458" type="identity">
            <class id="CHEBI_PR_EXT:protein" label="protein"/>
            <span end="16583" id="15630473-7898" start="16575">Proteins</span>
        </annotation>
        <annotation annotator="Mike Bada, University of Colorado Anschutz Medical Campus" id="CHEBI_2015_08_26_Instance_301460" type="identity">
            <class id="CHEBI_PR_EXT:protein" label="protein"/>
            <span end="16834" id="15630473-7900" start="16826">proteins</span>
        </annotation>
        <annotation annotator="Mike Bada, University of Colorado Anschutz Medical Campus" id="CHEBI_2015_08_26_Instance_301462" type="identity">
            <class id="CHEBI_PR_EXT:protein" label="protein"/>
            <span end="17095" id="15630473-7902" start="17087">proteins</span>
        </annotation>
        <annotation annotator="Mike Bada, University of Colorado Anschutz Medical Campus" id="CHEBI_2015_08_26_Instance_301464" type="identity">
            <class id="CHEBI_PR_EXT:protein" label="protein"/>
            <span end="17503" id="15630473-7904" start="17496">protein</span>
        </annotation>
        <annotation annotator="Mike Bada, University of Colorado Anschutz Medical Campus" id="CHEBI_2015_08_26_Instance_381071" type="identity">
            <class id="CHEBI_SO_EXT:molecular_label_or_mark_or_tag_process" label="molecular label/mark/tag process"/>
            <span end="18295" id="15630473-8078" start="18289">tagged</span>
        </annotation>
        <annotation annotator="Mike Bada, University of Colorado Anschutz Medical Campus" id="CHEBI_2015_08_26_Instance_381073" type="identity">
            <class id="CHEBI_SO_EXT:molecular_label_or_mark_or_tag_process" label="molecular label/mark/tag process"/>
            <span end="18404" id="15630473-8080" start="18398">tagged</span>
        </annotation>
        <annotation annotator="Mike Bada, University of Colorado Anschutz Medical Campus" id="CHEBI_2015_08_26_Instance_301466" type="identity">
            <class id="CHEBI_PR_EXT:protein" label="protein"/>
            <span end="18484" id="15630473-7906" start="18477">protein</span>
        </annotation>
        <annotation annotator="Mike Bada, University of Colorado Anschutz Medical Campus" id="CHEBI_2015_08_26_Instance_181962" type="identity">
            <class id="CHEBI_SO_EXT:mRNA" label="mRNA"/>
            <span end="18843" id="15630473-7686" start="18839">mRNA</span>
        </annotation>
        <annotation annotator="Mike Bada, University of Colorado Anschutz Medical Campus" id="CHEBI_2015_08_26_Instance_181964" type="identity">
            <class id="CHEBI_SO_EXT:molecular_indicator_or_label_or_marker_or_tag" label="molecular indicator/label/marker/tag"/>
            <span end="18887" id="15630473-7688" start="18880">markers</span>
        </annotation>
        <annotation annotator="Mike Bada, University of Colorado Anschutz Medical Campus" id="CHEBI_2015_08_26_Instance_301468" type="identity">
            <class id="CHEBI_PR_EXT:protein" label="protein"/>
            <span end="19157" id="15630473-7908" start="19149">proteins</span>
        </annotation>
        <annotation annotator="Mike Bada, University of Colorado Anschutz Medical Campus" id="CHEBI_2015_08_26_Instance_301470" type="identity">
            <class id="CHEBI_PR_EXT:protein" label="protein"/>
            <span end="19404" id="15630473-7910" start="19396">proteins</span>
        </annotation>
        <annotation annotator="Mike Bada, University of Colorado Anschutz Medical Campus" id="CHEBI_2015_08_26_Instance_301472" type="identity">
            <class id="CHEBI_PR_EXT:protein" label="protein"/>
            <span end="19973" id="15630473-7912" start="19966">protein</span>
        </annotation>
        <annotation annotator="Mike Bada, University of Colorado Anschutz Medical Campus" id="CHEBI_2015_08_26_Instance_181966" type="identity">
            <class id="CHEBI_SO_EXT:DNA" label="DNA"/>
            <span end="20318" id="15630473-7690" start="20315">DNA</span>
        </annotation>
        <annotation annotator="Mike Bada, University of Colorado Anschutz Medical Campus" id="CHEBI_2015_08_26_Instance_301474" type="identity">
            <class id="CHEBI_PR_EXT:protein" label="protein"/>
            <span end="20335" id="15630473-7914" start="20327">proteins</span>
        </annotation>
        <annotation annotator="Mike Bada, University of Colorado Anschutz Medical Campus" id="CHEBI_2015_08_26_Instance_301476" type="identity">
            <class id="CHEBI_PR_EXT:protein" label="protein"/>
            <span end="21034" id="15630473-7916" start="21027">protein</span>
        </annotation>
        <annotation annotator="Mike Bada, University of Colorado Anschutz Medical Campus" id="CHEBI_2015_08_26_Instance_181968" type="identity">
            <class id="CHEBI_SO_EXT:nucleotide" label="nucleotide"/>
            <span end="21083" id="15630473-7692" start="21073">nucleotide</span>
        </annotation>
        <annotation annotator="Mike Bada, University of Colorado Anschutz Medical Campus" id="CHEBI_2015_08_26_Instance_301478" type="identity">
            <class id="CHEBI_PR_EXT:protein" label="protein"/>
            <span end="21399" id="15630473-7918" start="21392">protein</span>
        </annotation>
        <annotation annotator="Mike Bada, University of Colorado Anschutz Medical Campus" id="CHEBI_2015_08_26_Instance_301480" type="identity">
            <class id="CHEBI_PR_EXT:protein" label="protein"/>
            <span end="21678" id="15630473-7920" start="21671">protein</span>
        </annotation>
        <annotation annotator="Mike Bada, University of Colorado Anschutz Medical Campus" id="CHEBI_2015_08_26_Instance_181970" type="identity">
            <class id="CHEBI_SO_EXT:peptide_or_peptide_region" label="peptide or peptide region"/>
            <span end="22522" id="15630473-7694" start="22515">peptide</span>
        </annotation>
        <annotation annotator="Mike Bada, University of Colorado Anschutz Medical Campus" id="CHEBI_2015_08_26_Instance_20339" type="identity">
            <class id="CHEBI_EXT:35222" label="inhibitor"/>
            <span end="22532" id="15630473-7806" start="22523">inhibitor</span>
        </annotation>
        <annotation annotator="Mike Bada, University of Colorado Anschutz Medical Campus" id="CHEBI_2015_08_26_Instance_181972" type="identity">
            <class id="CHEBI_SO_EXT:peptide_or_peptide_region" label="peptide or peptide region"/>
            <span end="22880" id="15630473-7696" start="22873">peptide</span>
        </annotation>
        <annotation annotator="Mike Bada, University of Colorado Anschutz Medical Campus" id="CHEBI_2015_08_26_Instance_20341" type="identity">
            <class id="CHEBI_EXT:35222" label="inhibitor"/>
            <span end="22890" id="15630473-7808" start="22881">inhibitor</span>
        </annotation>
        <annotation annotator="Mike Bada, University of Colorado Anschutz Medical Campus" id="CHEBI_2015_08_26_Instance_181974" type="identity">
            <class id="CHEBI_SO_EXT:nucleotide" label="nucleotide"/>
            <span end="23111" id="15630473-7698" start="23101">nucleotide</span>
        </annotation>
        <annotation annotator="Mike Bada, University of Colorado Anschutz Medical Campus" id="CHEBI_2015_08_26_Instance_330116" type="identity">
            <class id="CHEBI_EXT:polyatomic_entity_or_group" label="polyatomic entity or group"/>
            <span end="23486" id="15630473-8028" start="23477">molecular</span>
        </annotation>
        <annotation annotator="Mike Bada, University of Colorado Anschutz Medical Campus" id="CHEBI_2015_08_26_Instance_181976" type="identity">
            <class id="CHEBI_SO_EXT:mRNA" label="mRNA"/>
            <span end="23649" id="15630473-7700" start="23645">mRNA</span>
        </annotation>
        <annotation annotator="Mike Bada, University of Colorado Anschutz Medical Campus" id="CHEBI_2015_08_26_Instance_20345" type="identity">
            <class id="CHEBI_EXT:35222" label="inhibitor"/>
            <span end="24357" id="15630473-7810" start="24348">inhibitor</span>
        </annotation>
        <annotation annotator="Mike Bada, University of Colorado Anschutz Medical Campus" id="CHEBI_2015_08_26_Instance_301482" type="identity">
            <class id="CHEBI_PR_EXT:protein" label="protein"/>
            <span end="25807" id="15630473-7922" start="25800">protein</span>
        </annotation>
        <annotation annotator="Mike Bada, University of Colorado Anschutz Medical Campus" id="CHEBI_2015_08_26_Instance_20349" type="identity">
            <class id="CHEBI_EXT:35224" label="effector"/>
            <span end="26249" id="15630473-7814" start="26241">effector</span>
        </annotation>
        <annotation annotator="Mike Bada, University of Colorado Anschutz Medical Campus" id="CHEBI_2015_08_26_Instance_181978" type="identity">
            <class id="CHEBI_SO_EXT:mRNA" label="mRNA"/>
            <span end="26525" id="15630473-7702" start="26521">mRNA</span>
        </annotation>
        <annotation annotator="Mike Bada, University of Colorado Anschutz Medical Campus" id="CHEBI_2015_08_26_Instance_181980" type="identity">
            <class id="CHEBI_SO_EXT:base" label="base"/>
            <span end="26772" id="15630473-7704" start="26771">b</span>
        </annotation>
        <annotation annotator="Mike Bada, University of Colorado Anschutz Medical Campus" id="CHEBI_2015_08_26_Instance_301484" type="identity">
            <class id="CHEBI_PR_EXT:protein" label="protein"/>
            <span end="27057" id="15630473-7924" start="27050">protein</span>
        </annotation>
        <annotation annotator="Mike Bada, University of Colorado Anschutz Medical Campus" id="CHEBI_2015_08_26_Instance_301486" type="identity">
            <class id="CHEBI_PR_EXT:protein" label="protein"/>
            <span end="27489" id="15630473-7926" start="27482">protein</span>
        </annotation>
        <annotation annotator="Mike Bada, University of Colorado Anschutz Medical Campus" id="CHEBI_2015_08_26_Instance_301488" type="identity">
            <class id="CHEBI_PR_EXT:protein" label="protein"/>
            <span end="27645" id="15630473-7928" start="27638">protein</span>
        </annotation>
        <annotation annotator="Mike Bada, University of Colorado Anschutz Medical Campus" id="CHEBI_2015_08_26_Instance_181982" type="identity">
            <class id="CHEBI_SO_EXT:base" label="base"/>
            <span end="27716" id="15630473-7706" start="27715">b</span>
        </annotation>
        <annotation annotator="Mike Bada, University of Colorado Anschutz Medical Campus" id="CHEBI_2015_08_26_Instance_301490" type="identity">
            <class id="CHEBI_PR_EXT:protein" label="protein"/>
            <span end="27960" id="15630473-7930" start="27953">protein</span>
        </annotation>
        <annotation annotator="Mike Bada, University of Colorado Anschutz Medical Campus" id="CHEBI_2015_08_26_Instance_301492" type="identity">
            <class id="CHEBI_PR_EXT:protein" label="protein"/>
            <span end="28050" id="15630473-7932" start="28043">protein</span>
        </annotation>
        <annotation annotator="Mike Bada, University of Colorado Anschutz Medical Campus" id="CHEBI_2015_08_26_Instance_181984" type="identity">
            <class id="CHEBI_SO_EXT:mRNA" label="mRNA"/>
            <span end="28149" id="15630473-7708" start="28145">mRNA</span>
        </annotation>
        <annotation annotator="Mike Bada, University of Colorado Anschutz Medical Campus" id="CHEBI_2015_08_26_Instance_301494" type="identity">
            <class id="CHEBI_PR_EXT:protein" label="protein"/>
            <span end="28161" id="15630473-7934" start="28154">protein</span>
        </annotation>
        <annotation annotator="Mike Bada, University of Colorado Anschutz Medical Campus" id="CHEBI_2015_08_26_Instance_380474" type="identity">
            <class id="CHEBI_SO_EXT:molecular_label_or_mark_or_tag_process" label="molecular label/mark/tag process"/>
            <span end="28477" id="15630473-8050" start="28470">labeled</span>
        </annotation>
        <annotation annotator="Mike Bada, University of Colorado Anschutz Medical Campus" id="CHEBI_2015_08_26_Instance_380476" type="identity">
            <class id="CHEBI_SO_EXT:molecular_label_or_mark_or_tag_process" label="molecular label/mark/tag process"/>
            <span end="28525" id="15630473-8052" start="28517">labeling</span>
        </annotation>
        <annotation annotator="Mike Bada, University of Colorado Anschutz Medical Campus" id="CHEBI_2015_08_26_Instance_20353" type="identity">
            <class id="CHEBI_EXT:35224" label="effector"/>
            <span end="28701" id="15630473-7818" start="28693">effector</span>
        </annotation>
        <annotation annotator="Mike Bada, University of Colorado Anschutz Medical Campus" id="CHEBI_2015_08_26_Instance_301496" type="identity">
            <class id="CHEBI_PR_EXT:protein" label="protein"/>
            <span end="29139" id="15630473-7936" start="29132">protein</span>
        </annotation>
        <annotation annotator="Mike Bada, University of Colorado Anschutz Medical Campus" id="CHEBI_2015_08_26_Instance_181986" type="identity">
            <class id="CHEBI_SO_EXT:mRNA" label="mRNA"/>
            <span end="29326" id="15630473-7710" start="29321">mRNAs</span>
        </annotation>
        <annotation annotator="Mike Bada, University of Colorado Anschutz Medical Campus" id="CHEBI_2015_08_26_Instance_301498" type="identity">
            <class id="CHEBI_PR_EXT:protein" label="protein"/>
            <span end="29589" id="15630473-7938" start="29582">protein</span>
        </annotation>
        <annotation annotator="Mike Bada, University of Colorado Anschutz Medical Campus" id="CHEBI_2015_08_26_Instance_301500" type="identity">
            <class id="CHEBI_PR_EXT:protein" label="protein"/>
            <span end="34287" id="15630473-7940" start="34280">protein</span>
        </annotation>
        <annotation annotator="Mike Bada, University of Colorado Anschutz Medical Campus" id="CHEBI_2015_08_26_Instance_331214" type="identity">
            <class id="CHEBI_EXT:biochemical" label="biochemical"/>
            <span end="36712" id="15630473-8038" start="36701">biochemical</span>
        </annotation>
        <annotation annotator="Mike Bada, University of Colorado Anschutz Medical Campus" id="CHEBI_2015_08_26_Instance_301502" type="identity">
            <class id="CHEBI_PR_EXT:protein" label="protein"/>
            <span end="40334" id="15630473-7942" start="40326">proteins</span>
        </annotation>
        <annotation annotator="Mike Bada, University of Colorado Anschutz Medical Campus" id="CHEBI_2015_08_26_Instance_301504" type="identity">
            <class id="CHEBI_PR_EXT:protein" label="protein"/>
            <span end="40933" id="15630473-7944" start="40925">proteins</span>
        </annotation>
        <annotation annotator="Mike Bada, University of Colorado Anschutz Medical Campus" id="CHEBI_2015_08_26_Instance_301506" type="identity">
            <class id="CHEBI_PR_EXT:protein" label="protein"/>
            <span end="41854" id="15630473-7946" start="41846">proteins</span>
        </annotation>
        <annotation annotator="Mike Bada, University of Colorado Anschutz Medical Campus" id="CHEBI_2015_08_26_Instance_301508" type="identity">
            <class id="CHEBI_PR_EXT:protein" label="protein"/>
            <span end="42029" id="15630473-7948" start="42021">proteins</span>
        </annotation>
        <annotation annotator="Mike Bada, University of Colorado Anschutz Medical Campus" id="CHEBI_2015_08_26_Instance_330118" type="identity">
            <class id="CHEBI_EXT:polyatomic_entity_or_group" label="polyatomic entity or group"/>
            <span end="42449" id="15630473-8030" start="42440">molecular</span>
        </annotation>
        <annotation annotator="Mike Bada, University of Colorado Anschutz Medical Campus" id="CHEBI_2015_08_26_Instance_20139" type="identity">
            <class id="CHEBI_EXT:33893" label="reagent"/>
            <span end="42624" id="15630473-7804" start="42616">Reagents</span>
        </annotation>
        <annotation annotator="Mike Bada, University of Colorado Anschutz Medical Campus" id="CHEBI_2015_08_26_Instance_331216" type="identity">
            <class id="CHEBI_EXT:biochemical" label="biochemical"/>
            <span end="43376" id="15630473-8040" start="43364">Biochemicals</span>
        </annotation>
        <annotation annotator="Mike Bada, University of Colorado Anschutz Medical Campus" id="CHEBI_2015_08_26_Instance_20355" type="identity">
            <class id="CHEBI:37926" label="fluorescein isothiocyanate"/>
            <span end="43721" id="15630473-7820" start="43717">FITC</span>
        </annotation>
        <annotation annotator="Mike Bada, University of Colorado Anschutz Medical Campus" id="CHEBI_2015_08_26_Instance_181988" type="identity">
            <class id="CHEBI:51247" label="texas red"/>
            <span end="43733" id="15630473-7712" start="43724">Texas Red</span>
        </annotation>
        <annotation annotator="" id="CHEBI_2015_08_26_backup_Instance_258" type="identity">
            <class id="CHEBI_SO_EXT:N_terminus_or_N_terminal_region" label="N-terminus or N-terminal region"/>
            <span end="44098" id="15630473-7654" start="44088">N-terminal</span>
        </annotation>
        <annotation annotator="Mike Bada, University of Colorado Anschutz Medical Campus" id="CHEBI_2015_08_26_Instance_301510" type="identity">
            <class id="CHEBI_PR_EXT:protein" label="protein"/>
            <span end="44347" id="15630473-7950" start="44340">protein</span>
        </annotation>
        <annotation annotator="Mike Bada, University of Colorado Anschutz Medical Campus" id="CHEBI_2015_08_26_Instance_301512" type="identity">
            <class id="CHEBI_PR_EXT:protein" label="protein"/>
            <span end="44894" id="15630473-7952" start="44887">Protein</span>
        </annotation>
        <annotation annotator="Mike Bada, University of Colorado Anschutz Medical Campus" id="CHEBI_2015_08_26_Instance_181990" type="identity">
            <class id="CHEBI_CHMO_EXT:buffer_solution" label="buffer solution"/>
            <span end="44984" id="15630473-7714" start="44978">buffer</span>
        </annotation>
        <annotation annotator="Mike Bada, University of Colorado Anschutz Medical Campus" id="CHEBI_2015_08_26_Instance_181992" type="identity">
            <class id="CHEBI:63016" label="nonyl phenoxypolyethoxylethanol"/>
            <span end="44994" id="15630473-7716" start="44989">NP-40</span>
        </annotation>
        <annotation annotator="Mike Bada, University of Colorado Anschutz Medical Campus" id="CHEBI_2015_08_26_Instance_20359" type="identity">
            <class id="CHEBI:9177" label="sodium deoxycholate"/>
            <span end="45018" id="15630473-7822" start="44999">sodium deoxycholate</span>
        </annotation>
        <annotation annotator="Mike Bada, University of Colorado Anschutz Medical Campus" id="CHEBI_2015_08_26_Instance_20365" type="identity">
            <class id="CHEBI:9754" label="tris"/>
            <span end="45030" id="15630473-7824" start="45026">Tris</span>
        </annotation>
        <annotation annotator="Mike Bada, University of Colorado Anschutz Medical Campus" id="CHEBI_2015_08_26_Instance_20367" type="identity">
            <class id="CHEBI:17996" label="chloride"/>
            <span end="45033" id="15630473-7826" start="45031">Cl</span>
        </annotation>
        <annotation annotator="Mike Bada, University of Colorado Anschutz Medical Campus" id="CHEBI_2015_08_26_Instance_20369" type="identity">
            <class id="CHEBI:26710" label="sodium chloride"/>
            <span end="45055" id="15630473-7828" start="45051">NaCl</span>
        </annotation>
        <annotation annotator="Mike Bada, University of Colorado Anschutz Medical Campus" id="CHEBI_2015_08_26_Instance_20371" type="identity">
            <class id="CHEBI:35607" label="trisodium vanadate"/>
            <span end="45087" id="15630473-7830" start="45072">sodium vanadate</span>
        </annotation>
        <annotation annotator="Mike Bada, University of Colorado Anschutz Medical Campus" id="CHEBI_2015_08_26_Instance_20377" type="identity">
            <class id="CHEBI:8102" label="phenylmethanesulfonyl fluoride"/>
            <span end="45123" id="15630473-7832" start="45094">phenylmethylsulfonyl fluoride</span>
        </annotation>
        <annotation annotator="Mike Bada, University of Colorado Anschutz Medical Campus" id="CHEBI_2015_08_26_Instance_290318" type="identity">
            <class id="CHEBI_GO_EXT:peptidase_or_protease_or_proteinase_inhibitor" label="peptidase/protease/proteinase inhibitor"/>
            <span end="45148" id="15630473-7862" start="45129">protease inhibitors</span>
        </annotation>
        <annotation annotator="Mike Bada, University of Colorado Anschutz Medical Campus" id="CHEBI_2015_08_26_Instance_181994" type="identity">
            <class id="CHEBI_CHMO_EXT:buffer_solution" label="buffer solution"/>
            <span end="45180" id="15630473-7718" start="45173">bβuffer</span>
        </annotation>
        <annotation annotator="Mike Bada, University of Colorado Anschutz Medical Campus" id="CHEBI_2015_08_26_Instance_181996" type="identity">
            <class id="CHEBI_EXT:nitrogen" label="nitrogen"/>
            <span end="45259" id="15630473-7720" start="45251">nitrogen</span>
        </annotation>
        <annotation annotator="Mike Bada, University of Colorado Anschutz Medical Campus" id="CHEBI_2015_08_26_Instance_181998" type="identity">
            <class id="CHEBI_CHMO_EXT:buffer_solution" label="buffer solution"/>
            <span end="45353" id="15630473-7722" start="45347">buffer</span>
        </annotation>
        <annotation annotator="Mike Bada, University of Colorado Anschutz Medical Campus" id="CHEBI_2015_08_26_Instance_182000" type="identity">
            <class id="CHEBI:9750" label="Triton X-100"/>
            <span end="45370" id="15630473-7724" start="45358">Triton X-100</span>
        </annotation>
        <annotation annotator="Mike Bada, University of Colorado Anschutz Medical Campus" id="CHEBI_2015_08_26_Instance_182002" type="identity">
            <class id="CHEBI_EXT:EDTA" label="EDTA"/>
            <span end="45393" id="15630473-7726" start="45389">EDTA</span>
        </annotation>
        <annotation annotator="Mike Bada, University of Colorado Anschutz Medical Campus" id="CHEBI_2015_08_26_Instance_20385" type="identity">
            <class id="CHEBI:26710" label="sodium chloride"/>
            <span end="45406" id="15630473-7834" start="45402">NaCl</span>
        </annotation>
        <annotation annotator="Mike Bada, University of Colorado Anschutz Medical Campus" id="CHEBI_2015_08_26_Instance_20387" type="identity">
            <class id="CHEBI:9177" label="sodium deoxycholate"/>
            <span end="45430" id="15630473-7836" start="45411">sodium deoxycholate</span>
        </annotation>
        <annotation annotator="Mike Bada, University of Colorado Anschutz Medical Campus" id="CHEBI_2015_08_26_Instance_20393" type="identity">
            <class id="CHEBI:8984" label="sodium dodecyl sulfate"/>
            <span end="45444" id="15630473-7838" start="45441">SDS</span>
        </annotation>
        <annotation annotator="Mike Bada, University of Colorado Anschutz Medical Campus" id="CHEBI_2015_08_26_Instance_290320" type="identity">
            <class id="CHEBI_GO_EXT:peptidase_or_protease_or_proteinase_inhibitor" label="peptidase/protease/proteinase inhibitor"/>
            <span end="45469" id="15630473-7864" start="45450">protease inhibitors</span>
        </annotation>
        <annotation annotator="Mike Bada, University of Colorado Anschutz Medical Campus" id="CHEBI_2015_08_26_Instance_182004" type="identity">
            <class id="CHEBI_CHMO_EXT:buffer_solution" label="buffer solution"/>
            <span end="45487" id="15630473-7728" start="45481">buffer</span>
        </annotation>
        <annotation annotator="Mike Bada, University of Colorado Anschutz Medical Campus" id="CHEBI_2015_08_26_Instance_301514" type="identity">
            <class id="CHEBI_PR_EXT:protein" label="protein"/>
            <span end="45738" id="15630473-7954" start="45731">Protein</span>
        </annotation>
        <annotation annotator="Mike Bada, University of Colorado Anschutz Medical Campus" id="CHEBI_2015_08_26_Instance_301584" type="identity">
            <class id="CHEBI_PR_EXT:protein" label="protein"/>
            <span end="45866" id="15630473-8024" start="45859">Protein</span>
        </annotation>
        <annotation annotator="Mike Bada, University of Colorado Anschutz Medical Campus" id="CHEBI_2015_08_26_Instance_182006" type="identity">
            <class id="CHEBI_CHMO_EXT:buffer_solution" label="buffer solution"/>
            <span end="46008" id="15630473-7730" start="46002">buffer</span>
        </annotation>
        <annotation annotator="Mike Bada, University of Colorado Anschutz Medical Campus" id="CHEBI_2015_08_26_Instance_301516" type="identity">
            <class id="CHEBI_PR_EXT:protein" label="protein"/>
            <span end="46025" id="15630473-7956" start="46018">Protein</span>
        </annotation>
        <annotation annotator="Mike Bada, University of Colorado Anschutz Medical Campus" id="CHEBI_2015_08_26_Instance_182008" type="identity">
            <class id="CHEBI_EXT:59132" label="antigen"/>
            <span end="46054" id="15630473-7732" start="46047">antigen</span>
        </annotation>
        <annotation annotator="Mike Bada, University of Colorado Anschutz Medical Campus" id="CHEBI_2015_08_26_Instance_182010" type="identity">
            <class id="CHEBI_CHMO_EXT:buffer_solution" label="buffer solution"/>
            <span end="46095" id="15630473-7734" start="46089">buffer</span>
        </annotation>
        <annotation annotator="Mike Bada, University of Colorado Anschutz Medical Campus" id="CHEBI_2015_08_26_Instance_20397" type="identity">
            <class id="CHEBI:8984" label="sodium dodecyl sulfate"/>
            <span end="46142" id="15630473-7840" start="46139">SDS</span>
        </annotation>
        <annotation annotator="Mike Bada, University of Colorado Anschutz Medical Campus" id="CHEBI_2015_08_26_Instance_182012" type="identity">
            <class id="CHEBI:53325" label="nitrocellulose"/>
            <span end="46181" id="15630473-7736" start="46167">nitrocellulose</span>
        </annotation>
        <annotation annotator="Mike Bada, University of Colorado Anschutz Medical Campus" id="CHEBI_2015_08_26_Instance_331726" type="identity">
            <class id="CHEBI_EXT:calcium" label="calcium"/>
            <span end="46420" id="15630473-8042" start="46413">calcium</span>
        </annotation>
        <annotation annotator="Mike Bada, University of Colorado Anschutz Medical Campus" id="CHEBI_2015_08_26_Instance_20399" type="identity">
            <class id="CHEBI_EXT:33893" label="reagent"/>
            <span end="46518" id="15630473-7842" start="46511">reagent</span>
        </annotation>
        <annotation annotator="Mike Bada, University of Colorado Anschutz Medical Campus" id="CHEBI_2015_08_26_Instance_182014" type="identity">
            <class id="CHEBI_SO_EXT:base" label="base"/>
            <span end="47395" id="15630473-7738" start="47394">b</span>
        </annotation>
        <annotation annotator="Mike Bada, University of Colorado Anschutz Medical Campus" id="CHEBI_2015_08_26_Instance_182016" type="identity">
            <class id="CHEBI_SO_EXT:DNA" label="DNA"/>
            <span end="47647" id="15630473-7740" start="47644">DNA</span>
        </annotation>
        <annotation annotator="Mike Bada, University of Colorado Anschutz Medical Campus" id="CHEBI_2015_08_26_Instance_182018" type="identity">
            <class id="CHEBI_SO_EXT:molecular_probe" label="molecular probe"/>
            <span end="48337" id="15630473-7742" start="48331">probes</span>
        </annotation>
        <annotation annotator="Mike Bada, University of Colorado Anschutz Medical Campus" id="CHEBI_2015_08_26_Instance_182020" type="identity">
            <class id="CHEBI_SO_EXT:DNA" label="DNA"/>
            <span end="48542" id="15630473-7744" start="48539">DNA</span>
        </annotation>
        <annotation annotator="Mike Bada, University of Colorado Anschutz Medical Campus" id="CHEBI_2015_08_26_Instance_20405" type="identity">
            <class id="CHEBI:42098" label="digoxigenin"/>
            <span end="48929" id="15630473-7848" start="48918">digoxigenin</span>
        </annotation>
        <annotation annotator="Mike Bada, University of Colorado Anschutz Medical Campus" id="CHEBI_2015_08_26_Instance_380478" type="identity">
            <class id="CHEBI_SO_EXT:molecular_label_or_mark_or_tag_process" label="molecular label/mark/tag process"/>
            <span end="48937" id="15630473-8054" start="48930">labeled</span>
        </annotation>
        <annotation annotator="Mike Bada, University of Colorado Anschutz Medical Campus" id="CHEBI_2015_08_26_Instance_182022" type="identity">
            <class id="CHEBI_SO_EXT:molecular_probe" label="molecular probe"/>
            <span end="48968" id="15630473-7746" start="48958">riboprobes</span>
        </annotation>
        <annotation annotator="Mike Bada, University of Colorado Anschutz Medical Campus" id="CHEBI_2015_08_26_Instance_182024" type="identity">
            <class id="CHEBI_SO_EXT:molecular_probe" label="molecular probe"/>
            <span end="48999" id="15630473-7748" start="48993">probes</span>
        </annotation>
        <annotation annotator="Mike Bada, University of Colorado Anschutz Medical Campus" id="CHEBI_2015_08_26_Instance_182026" type="identity">
            <class id="CHEBI_EXT:paraformaldehye" label="paraformaldehyde"/>
            <span end="49165" id="15630473-7750" start="49162">PFA</span>
        </annotation>
        <annotation annotator="Mike Bada, University of Colorado Anschutz Medical Campus" id="CHEBI_2015_08_26_Instance_182028" type="identity">
            <class id="CHEBI_SO_EXT:molecular_probe" label="molecular probe"/>
            <span end="49268" id="15630473-7752" start="49263">probe</span>
        </annotation>
        <annotation annotator="Mike Bada, University of Colorado Anschutz Medical Campus" id="CHEBI_2015_08_26_Instance_20441" type="identity">
            <class id="CHEBI:42098" label="digoxigenin"/>
            <span end="49348" id="15630473-7856" start="49345">dig</span>
        </annotation>
        <annotation annotator="Mike Bada, University of Colorado Anschutz Medical Campus" id="CHEBI_2015_08_26_Instance_182030" type="identity">
            <class id="CHEBI:7586" label="nitro blue tetrazolium(2+)"/>
            <span end="49449" id="15630473-7754" start="49446">NBT</span>
        </annotation>
        <annotation annotator="Mike Bada, University of Colorado Anschutz Medical Campus" id="CHEBI_2015_08_26_Instance_182032" type="identity">
            <class id="CHEBI:75508" label="5-bromo-4-chloro-3-indolyl phosphate"/>
            <span end="49458" id="15630473-7756" start="49454">BCIP</span>
        </annotation>
        <annotation annotator="Mike Bada, University of Colorado Anschutz Medical Campus" id="CHEBI_2015_08_26_Instance_330354" type="identity">
            <class id="CHEBI_EXT:paraformaldehye" label="paraformaldehyde"/>
            <span end="49681" id="15630473-8032" start="49665">paraformaldehyde</span>
        </annotation>
        <annotation annotator="Mike Bada, University of Colorado Anschutz Medical Campus" id="CHEBI_2015_08_26_Instance_182034" type="identity">
            <class id="CHEBI_EXT:paraformaldehye" label="paraformaldehyde"/>
            <span end="49825" id="15630473-7758" start="49809">paraformaldehyde</span>
        </annotation>
        <annotation annotator="Mike Bada, University of Colorado Anschutz Medical Campus" id="CHEBI_2015_08_26_Instance_182036" type="identity">
            <class id="CHEBI_EXT:59132" label="antigen"/>
            <span end="50033" id="15630473-7760" start="50026">antigen</span>
        </annotation>
        <annotation annotator="Mike Bada, University of Colorado Anschutz Medical Campus" id="CHEBI_2015_08_26_Instance_182038" type="identity">
            <class id="CHEBI:53258" label="sodium citrate"/>
            <span end="50068" id="15630473-7762" start="50054">sodium citrate</span>
        </annotation>
        <annotation annotator="Mike Bada, University of Colorado Anschutz Medical Campus" id="CHEBI_2015_08_26_Instance_182040" type="identity">
            <class id="CHEBI_EXT:59132" label="antigen"/>
            <span end="50089" id="15630473-7764" start="50082">Antigen</span>
        </annotation>
        <annotation annotator="Mike Bada, University of Colorado Anschutz Medical Campus" id="CHEBI_2015_08_26_Instance_182042" type="identity">
            <class id="CHEBI_SO_EXT:RNA" label="RNA"/>
            <span end="50272" id="15630473-7766" start="50269">RNA</span>
        </annotation>
        <annotation annotator="Mike Bada, University of Colorado Anschutz Medical Campus" id="CHEBI_2015_08_26_Instance_350118" type="identity">
            <class id="CHEBI_SO_EXT:oligonucleotide" label="oligonucleotide"/>
            <span end="50418" id="15630473-8044" start="50413">oligo</span>
        </annotation>
        <annotation annotator="Mike Bada, University of Colorado Anschutz Medical Campus" id="CHEBI_2015_08_26_Instance_182046" type="identity">
            <class id="CHEBI_EXT:thymine_nucleobase_or_nucleoside_or_nucleotide_molecular_entity_or_group" label="thymine nucleobase/nucleoside/nucleotide molecular entity or group"/>
            <span end="50421" id="15630473-7768" start="50419">dT</span>
        </annotation>
        <annotation annotator="Mike Bada, University of Colorado Anschutz Medical Campus" id="CHEBI_2015_08_26_Instance_20401" type="identity">
            <class id="CHEBI_EXT:33893" label="reagent"/>
            <span end="51140" id="15630473-7844" start="51132">reagents</span>
        </annotation>
        <annotation annotator="Mike Bada, University of Colorado Anschutz Medical Campus" id="CHEBI_2015_08_26_Instance_301518" type="identity">
            <class id="CHEBI_PR_EXT:protein" label="protein"/>
            <span end="51564" id="15630473-7958" start="51557">protein</span>
        </annotation>
        <annotation annotator="Mike Bada, University of Colorado Anschutz Medical Campus" id="CHEBI_2015_08_26_Instance_301520" type="identity">
            <class id="CHEBI_PR_EXT:protein" label="protein"/>
            <span end="51722" id="15630473-7960" start="51715">protein</span>
        </annotation>
        <annotation annotator="Mike Bada, University of Colorado Anschutz Medical Campus" id="CHEBI_2015_08_26_Instance_182048" type="identity">
            <class id="CHEBI_EXT:52290" label="mitogen"/>
            <span end="51855" id="15630473-7770" start="51848">mitogen</span>
        </annotation>
        <annotation annotator="Mike Bada, University of Colorado Anschutz Medical Campus" id="CHEBI_2015_08_26_Instance_301522" type="identity">
            <class id="CHEBI_PR_EXT:protein" label="protein"/>
            <span end="51873" id="15630473-7962" start="51866">protein</span>
        </annotation>
        <annotation annotator="Mike Bada, University of Colorado Anschutz Medical Campus" id="CHEBI_2015_08_26_Instance_301524" type="identity">
            <class id="CHEBI_PR_EXT:protein" label="protein"/>
            <span end="52100" id="15630473-7964" start="52092">proteins</span>
        </annotation>
        <annotation annotator="Mike Bada, University of Colorado Anschutz Medical Campus" id="CHEBI_2015_08_26_Instance_21089" type="identity">
            <class id="CHEBI:36357" label="polyatomic entity"/>
            <span end="52448" id="15630473-7858" start="52440">compound</span>
        </annotation>
        <annotation annotator="Mike Bada, University of Colorado Anschutz Medical Campus" id="CHEBI_2015_08_26_Instance_182050" type="identity">
            <class id="CHEBI_SO_EXT:molecular_probe" label="molecular probe"/>
            <span end="52601" id="15630473-7772" start="52595">probes</span>
        </annotation>
        <annotation annotator="Mike Bada, University of Colorado Anschutz Medical Campus" id="CHEBI_2015_08_26_Instance_182052" type="identity">
            <class id="CHEBI_SO_EXT:RNA" label="RNA"/>
            <span end="52733" id="15630473-7774" start="52730">RNA</span>
        </annotation>
        <annotation annotator="Mike Bada, University of Colorado Anschutz Medical Campus" id="CHEBI_2015_08_26_Instance_301526" type="identity">
            <class id="CHEBI_PR_EXT:protein" label="protein"/>
            <span end="52888" id="15630473-7966" start="52881">protein</span>
        </annotation>
        <annotation annotator="Mike Bada, University of Colorado Anschutz Medical Campus" id="CHEBI_2015_08_26_Instance_301528" type="identity">
            <class id="CHEBI_PR_EXT:protein" label="protein"/>
            <span end="52929" id="15630473-7968" start="52922">Protein</span>
        </annotation>
        <annotation annotator="Mike Bada, University of Colorado Anschutz Medical Campus" id="CHEBI_2015_08_26_Instance_381075" type="identity">
            <class id="CHEBI_SO_EXT:molecular_label_or_mark_or_tag_process" label="molecular label/mark/tag process"/>
            <span end="53084" id="15630473-8082" start="53078">tagged</span>
        </annotation>
        <annotation annotator="Mike Bada, University of Colorado Anschutz Medical Campus" id="CHEBI_2015_08_26_Instance_301530" type="identity">
            <class id="CHEBI_PR_EXT:protein" label="protein"/>
            <span end="53198" id="15630473-7970" start="53190">proteins</span>
        </annotation>
        <annotation annotator="Mike Bada, University of Colorado Anschutz Medical Campus" id="CHEBI_2015_08_26_Instance_20415" type="identity">
            <class id="CHEBI:8984" label="sodium dodecyl sulfate"/>
            <span end="53224" id="15630473-7850" start="53221">SDS</span>
        </annotation>
        <annotation annotator="Mike Bada, University of Colorado Anschutz Medical Campus" id="CHEBI_2015_08_26_Instance_301532" type="identity">
            <class id="CHEBI_PR_EXT:protein" label="protein"/>
            <span end="53459" id="15630473-7972" start="53452">protein</span>
        </annotation>
        <annotation annotator="Mike Bada, University of Colorado Anschutz Medical Campus" id="CHEBI_2015_08_26_Instance_380480" type="identity">
            <class id="CHEBI_SO_EXT:molecular_label_or_mark_or_tag_process" label="molecular label/mark/tag process"/>
            <span end="54084" id="15630473-8056" start="54076">labeling</span>
        </annotation>
        <annotation annotator="Mike Bada, University of Colorado Anschutz Medical Campus" id="CHEBI_2015_08_26_Instance_380911" type="identity">
            <class id="CHEBI_SO_EXT:molecular_label_or_mark_or_tag_process" label="molecular label/mark/tag process"/>
            <span end="54324" id="15630473-8072" start="54319">marks</span>
        </annotation>
        <annotation annotator="Mike Bada, University of Colorado Anschutz Medical Campus" id="CHEBI_2015_08_26_Instance_380482" type="identity">
            <class id="CHEBI_SO_EXT:molecular_label_or_mark_or_tag_process" label="molecular label/mark/tag process"/>
            <span end="54411" id="15630473-8058" start="54403">labeling</span>
        </annotation>
        <annotation annotator="Mike Bada, University of Colorado Anschutz Medical Campus" id="CHEBI_2015_08_26_Instance_380484" type="identity">
            <class id="CHEBI_SO_EXT:molecular_label_or_mark_or_tag_process" label="molecular label/mark/tag process"/>
            <span end="54705" id="15630473-8060" start="54697">labeling</span>
        </annotation>
        <annotation annotator="Mike Bada, University of Colorado Anschutz Medical Campus" id="CHEBI_2015_08_26_Instance_25037" type="identity">
            <class id="CHEBI_EXT:33290" label="food"/>
            <span end="55353" id="15630473-7860" start="55349">food</span>
        </annotation>
        <annotation annotator="Mike Bada, University of Colorado Anschutz Medical Campus" id="CHEBI_2015_08_26_Instance_182054" type="identity">
            <class id="CHEBI:51686" label="haematoxylin"/>
            <span end="55441" id="15630473-7776" start="55430">Hematoxylin</span>
        </annotation>
        <annotation annotator="Mike Bada, University of Colorado Anschutz Medical Campus" id="CHEBI_2015_08_26_Instance_182056" type="identity">
            <class id="CHEBI_EXT:eosin" label="eosin"/>
            <span end="55452" id="15630473-7778" start="55447">eosin</span>
        </annotation>
        <annotation annotator="Mike Bada, University of Colorado Anschutz Medical Campus" id="CHEBI_2015_08_26_Instance_380486" type="identity">
            <class id="CHEBI_SO_EXT:molecular_label_or_mark_or_tag_process" label="molecular label/mark/tag process"/>
            <span end="55701" id="15630473-8062" start="55694">labeled</span>
        </annotation>
        <annotation annotator="Mike Bada, University of Colorado Anschutz Medical Campus" id="CHEBI_2015_08_26_Instance_380488" type="identity">
            <class id="CHEBI_SO_EXT:molecular_label_or_mark_or_tag_process" label="molecular label/mark/tag process"/>
            <span end="56688" id="15630473-8064" start="56681">labeled</span>
        </annotation>
        <annotation annotator="Mike Bada, University of Colorado Anschutz Medical Campus" id="CHEBI_2015_08_26_Instance_301534" type="identity">
            <class id="CHEBI_PR_EXT:protein" label="protein"/>
            <span end="56964" id="15630473-7974" start="56957">protein</span>
        </annotation>
        <annotation annotator="Mike Bada, University of Colorado Anschutz Medical Campus" id="CHEBI_2015_08_26_Instance_380490" type="identity">
            <class id="CHEBI_SO_EXT:molecular_label_or_mark_or_tag_process" label="molecular label/mark/tag process"/>
            <span end="57028" id="15630473-8066" start="57021">labeled</span>
        </annotation>
        <annotation annotator="Mike Bada, University of Colorado Anschutz Medical Campus" id="CHEBI_2015_08_26_Instance_182058" type="identity">
            <class id="CHEBI_SO_EXT:molecular_indicator_or_label_or_marker_or_tag" label="molecular indicator/label/marker/tag"/>
            <span end="57119" id="15630473-7780" start="57112">markers</span>
        </annotation>
        <annotation annotator="Mike Bada, University of Colorado Anschutz Medical Campus" id="CHEBI_2015_08_26_Instance_301536" type="identity">
            <class id="CHEBI_PR_EXT:protein" label="protein"/>
            <span end="57332" id="15630473-7976" start="57325">protein</span>
        </annotation>
        <annotation annotator="Mike Bada, University of Colorado Anschutz Medical Campus" id="CHEBI_2015_08_26_Instance_301538" type="identity">
            <class id="CHEBI_PR_EXT:protein" label="protein"/>
            <span end="57426" id="15630473-7978" start="57419">protein</span>
        </annotation>
        <annotation annotator="Mike Bada, University of Colorado Anschutz Medical Campus" id="CHEBI_2015_08_26_Instance_301540" type="identity">
            <class id="CHEBI_PR_EXT:protein" label="protein"/>
            <span end="57490" id="15630473-7980" start="57483">protein</span>
        </annotation>
        <annotation annotator="Mike Bada, University of Colorado Anschutz Medical Campus" id="CHEBI_2015_08_26_Instance_380492" type="identity">
            <class id="CHEBI_SO_EXT:molecular_label_or_mark_or_tag_process" label="molecular label/mark/tag process"/>
            <span end="58260" id="15630473-8068" start="58252">labeling</span>
        </annotation>
        <annotation annotator="Mike Bada, University of Colorado Anschutz Medical Campus" id="CHEBI_2015_08_26_Instance_301542" type="identity">
            <class id="CHEBI_PR_EXT:protein" label="protein"/>
            <span end="58775" id="15630473-7982" start="58768">protein</span>
        </annotation>
        <annotation annotator="Mike Bada, University of Colorado Anschutz Medical Campus" id="CHEBI_2015_08_26_Instance_301544" type="identity">
            <class id="CHEBI_PR_EXT:protein" label="protein"/>
            <span end="58857" id="15630473-7984" start="58849">proteins</span>
        </annotation>
        <annotation annotator="Mike Bada, University of Colorado Anschutz Medical Campus" id="CHEBI_2015_08_26_Instance_301546" type="identity">
            <class id="CHEBI_PR_EXT:protein" label="protein"/>
            <span end="58920" id="15630473-7986" start="58913">protein</span>
        </annotation>
        <annotation annotator="Mike Bada, University of Colorado Anschutz Medical Campus" id="CHEBI_2015_08_26_Instance_331160" type="identity">
            <class id="CHEBI_EXT:23357" label="cofactor"/>
            <span end="59029" id="15630473-8036" start="59021">cofactor</span>
        </annotation>
        <annotation annotator="Mike Bada, University of Colorado Anschutz Medical Campus" id="CHEBI_2015_08_26_Instance_301548" type="identity">
            <class id="CHEBI_PR_EXT:protein" label="protein"/>
            <span end="59069" id="15630473-7988" start="59061">proteins</span>
        </annotation>
        <annotation annotator="Mike Bada, University of Colorado Anschutz Medical Campus" id="CHEBI_2015_08_26_Instance_301550" type="identity">
            <class id="CHEBI_PR_EXT:protein" label="protein"/>
            <span end="59216" id="15630473-7990" start="59208">proteins</span>
        </annotation>
        <annotation annotator="Mike Bada, University of Colorado Anschutz Medical Campus" id="CHEBI_2015_08_26_Instance_182062" type="identity">
            <class id="CHEBI_EXT:GTP" label="GTP"/>
            <span end="59309" id="15630473-7782" start="59295">GTP nucleotide</span>
        </annotation>
        <annotation annotator="Mike Bada, University of Colorado Anschutz Medical Campus" id="CHEBI_2015_08_26_Instance_301552" type="identity">
            <class id="CHEBI_PR_EXT:protein" label="protein"/>
            <span end="59326" id="15630473-7992" start="59319">protein</span>
        </annotation>
        <annotation annotator="Mike Bada, University of Colorado Anschutz Medical Campus" id="CHEBI_2015_08_26_Instance_301554" type="identity">
            <class id="CHEBI_PR_EXT:protein" label="protein"/>
            <span end="59669" id="15630473-7994" start="59662">protein</span>
        </annotation>
        <annotation annotator="Mike Bada, University of Colorado Anschutz Medical Campus" id="CHEBI_2015_08_26_Instance_301556" type="identity">
            <class id="CHEBI_PR_EXT:protein" label="protein"/>
            <span end="59788" id="15630473-7996" start="59781">protein</span>
        </annotation>
        <annotation annotator="Mike Bada, University of Colorado Anschutz Medical Campus" id="CHEBI_2015_08_26_Instance_301558" type="identity">
            <class id="CHEBI_PR_EXT:protein" label="protein"/>
            <span end="60031" id="15630473-7998" start="60024">protein</span>
        </annotation>
        <annotation annotator="Mike Bada, University of Colorado Anschutz Medical Campus" id="CHEBI_2015_08_26_Instance_381077" type="identity">
            <class id="CHEBI_SO_EXT:molecular_label_or_mark_or_tag_process" label="molecular label/mark/tag process"/>
            <span end="60383" id="15630473-8084" start="60377">tagged</span>
        </annotation>
        <annotation annotator="Mike Bada, University of Colorado Anschutz Medical Campus" id="CHEBI_2015_08_26_Instance_182064" type="identity">
            <class id="CHEBI_EXT:calcium" label="calcium"/>
            <span end="60531" id="15630473-7784" start="60524">calcium</span>
        </annotation>
        <annotation annotator="Mike Bada, University of Colorado Anschutz Medical Campus" id="CHEBI_2015_08_26_Instance_182066" type="identity">
            <class id="CHEBI_EXT:calcium" label="calcium"/>
            <span end="60561" id="15630473-7786" start="60554">calcium</span>
        </annotation>
        <annotation annotator="Mike Bada, University of Colorado Anschutz Medical Campus" id="CHEBI_2015_08_26_Instance_381079" type="identity">
            <class id="CHEBI_SO_EXT:molecular_label_or_mark_or_tag_process" label="molecular label/mark/tag process"/>
            <span end="61145" id="15630473-8086" start="61139">tagged</span>
        </annotation>
        <annotation annotator="Mike Bada, University of Colorado Anschutz Medical Campus" id="CHEBI_2015_08_26_Instance_301560" type="identity">
            <class id="CHEBI_PR_EXT:protein" label="protein"/>
            <span end="61174" id="15630473-8000" start="61167">protein</span>
        </annotation>
        <annotation annotator="Mike Bada, University of Colorado Anschutz Medical Campus" id="CHEBI_2015_08_26_Instance_301562" type="identity">
            <class id="CHEBI_PR_EXT:protein" label="protein"/>
            <span end="61303" id="15630473-8002" start="61296">Protein</span>
        </annotation>
        <annotation annotator="Mike Bada, University of Colorado Anschutz Medical Campus" id="CHEBI_2015_08_26_Instance_301564" type="identity">
            <class id="CHEBI_PR_EXT:protein" label="protein"/>
            <span end="61515" id="15630473-8004" start="61508">protein</span>
        </annotation>
        <annotation annotator="Mike Bada, University of Colorado Anschutz Medical Campus" id="CHEBI_2015_08_26_Instance_20427" type="identity">
            <class id="CHEBI:8984" label="sodium dodecyl sulfate"/>
            <span end="61670" id="15630473-7852" start="61667">SDS</span>
        </annotation>
        <annotation annotator="Mike Bada, University of Colorado Anschutz Medical Campus" id="CHEBI_2015_08_26_Instance_301566" type="identity">
            <class id="CHEBI_PR_EXT:protein" label="protein"/>
            <span end="61841" id="15630473-8006" start="61833">proteins</span>
        </annotation>
        <annotation annotator="Mike Bada, University of Colorado Anschutz Medical Campus" id="CHEBI_2015_08_26_Instance_182068" type="identity">
            <class id="CHEBI_SO_EXT:peptide_or_peptide_region" label="peptide or peptide region"/>
            <span end="62267" id="15630473-7788" start="62260">peptide</span>
        </annotation>
        <annotation annotator="Mike Bada, University of Colorado Anschutz Medical Campus" id="CHEBI_2015_08_26_Instance_20347" type="identity">
            <class id="CHEBI_EXT:35222" label="inhibitor"/>
            <span end="62277" id="15630473-7812" start="62268">inhibitor</span>
        </annotation>
        <annotation annotator="Mike Bada, University of Colorado Anschutz Medical Campus" id="CHEBI_2015_08_26_Instance_330548" type="identity">
            <class id="CHEBI_EXT:35222" label="inhibitor"/>
            <span end="62282" id="15630473-8034" start="62279">inh</span>
        </annotation>
        <annotation annotator="Mike Bada, University of Colorado Anschutz Medical Campus" id="CHEBI_2015_08_26_Instance_301568" type="identity">
            <class id="CHEBI_PR_EXT:protein" label="protein"/>
            <span end="62367" id="15630473-8008" start="62360">protein</span>
        </annotation>
        <annotation annotator="Mike Bada, University of Colorado Anschutz Medical Campus" id="CHEBI_2015_08_26_Instance_20429" type="identity">
            <class id="CHEBI:8984" label="sodium dodecyl sulfate"/>
            <span end="62411" id="15630473-7854" start="62408">SDS</span>
        </annotation>
        <annotation annotator="Mike Bada, University of Colorado Anschutz Medical Campus" id="CHEBI_2015_08_26_Instance_301570" type="identity">
            <class id="CHEBI_PR_EXT:protein" label="protein"/>
            <span end="63035" id="15630473-8010" start="63027">proteins</span>
        </annotation>
        <annotation annotator="Mike Bada, University of Colorado Anschutz Medical Campus" id="CHEBI_2015_08_26_Instance_301572" type="identity">
            <class id="CHEBI_PR_EXT:protein" label="protein"/>
            <span end="63105" id="15630473-8012" start="63097">Proteins</span>
        </annotation>
        <annotation annotator="Mike Bada, University of Colorado Anschutz Medical Campus" id="CHEBI_2015_08_26_Instance_301574" type="identity">
            <class id="CHEBI_PR_EXT:protein" label="protein"/>
            <span end="63242" id="15630473-8014" start="63235">protein</span>
        </annotation>
        <annotation annotator="Mike Bada, University of Colorado Anschutz Medical Campus" id="CHEBI_2015_08_26_Instance_301576" type="identity">
            <class id="CHEBI_PR_EXT:protein" label="protein"/>
            <span end="63385" id="15630473-8016" start="63377">proteins</span>
        </annotation>
        <annotation annotator="Mike Bada, University of Colorado Anschutz Medical Campus" id="CHEBI_2015_08_26_Instance_182070" type="identity">
            <class id="CHEBI_SO_EXT:mRNA" label="mRNA"/>
            <span end="63634" id="15630473-7790" start="63630">mRNA</span>
        </annotation>
        <annotation annotator="Mike Bada, University of Colorado Anschutz Medical Campus" id="CHEBI_2015_08_26_Instance_182072" type="identity">
            <class id="CHEBI_SO_EXT:RNA" label="RNA"/>
            <span end="63741" id="15630473-7792" start="63737">RNAs</span>
        </annotation>
        <annotation annotator="Mike Bada, University of Colorado Anschutz Medical Campus" id="CHEBI_2015_08_26_Instance_182074" type="identity">
            <class id="CHEBI_SO_EXT:mRNA" label="mRNA"/>
            <span end="63947" id="15630473-7794" start="63942">mRNAs</span>
        </annotation>
        <annotation annotator="Mike Bada, University of Colorado Anschutz Medical Campus" id="CHEBI_2015_08_26_Instance_182076" type="identity">
            <class id="CHEBI_SO_EXT:mRNA" label="mRNA"/>
            <span end="63969" id="15630473-7796" start="63965">mRNA</span>
        </annotation>
        <annotation annotator="Mike Bada, University of Colorado Anschutz Medical Campus" id="CHEBI_2015_08_26_Instance_301578" type="identity">
            <class id="CHEBI_PR_EXT:protein" label="protein"/>
            <span end="64026" id="15630473-8018" start="64019">protein</span>
        </annotation>
        <annotation annotator="Mike Bada, University of Colorado Anschutz Medical Campus" id="CHEBI_2015_08_26_Instance_301580" type="identity">
            <class id="CHEBI_PR_EXT:protein" label="protein"/>
            <span end="64877" id="15630473-8020" start="64870">protein</span>
        </annotation>
        <annotation annotator="Mike Bada, University of Colorado Anschutz Medical Campus" id="CHEBI_2015_08_26_Instance_182078" type="identity">
            <class id="CHEBI_SO_EXT:mRNA" label="mRNA"/>
            <span end="65015" id="15630473-7798" start="65011">mRNA</span>
        </annotation>
        <annotation annotator="Mike Bada, University of Colorado Anschutz Medical Campus" id="CHEBI_2015_08_26_Instance_301582" type="identity">
            <class id="CHEBI_PR_EXT:protein" label="protein"/>
            <span end="65244" id="15630473-8022" start="65237">protein</span>
        </annotation>
        <annotation annotator="Mike Bada, University of Colorado Anschutz Medical Campus" id="CHEBI_2015_08_26_Instance_182080" type="identity">
            <class id="CHEBI_SO_EXT:molecular_indicator_or_label_or_marker_or_tag" label="molecular indicator/label/marker/tag"/>
            <span end="65370" id="15630473-7800" start="65363">markers</span>
        </annotation>
        <annotation annotator="Mike Bada, University of Colorado Anschutz Medical Campus" id="CHEBI_2015_08_26_Instance_20403" type="identity">
            <class id="CHEBI_EXT:33893" label="reagent"/>
            <span end="65861" id="15630473-7846" start="65853">reagents</span>
        </annotation>
        <graph-space id="Old Knowtator Relations"/>
    </document>
</knowtator-project>
