<?xml version="1.0" encoding="UTF-8" standalone="no"?>
<knowtator-project>
  <document id="15921521" text-file="15921521.txt">
    <annotation annotator="Mike Bada, University of Colorado Anschutz Medical Campus" id="CHEBI_2015_08_26_Instance_190000" type="identity">
      <class id="CHEBI_EXT:33290" label="food"/>
      <span end="713" id="15921521-10771" start="709">chow</span>
    </annotation>
    <annotation annotator="Mike Bada, University of Colorado Anschutz Medical Campus" id="CHEBI_2015_08_26_Instance_210002" type="identity">
      <class id="CHEBI_EXT:33290" label="food"/>
      <span end="1180" id="15921521-10775" start="1176">chow</span>
    </annotation>
    <annotation annotator="Mike Bada, University of Colorado Anschutz Medical Campus" id="CHEBI_2015_08_26_Instance_220044" type="identity">
      <class id="CHEBI_SO_EXT:molecular_indicator_or_label_or_marker_or_tag" label="molecular indicator/label/marker/tag"/>
      <span end="1264" id="15921521-10797" start="1258">marker</span>
    </annotation>
    <annotation annotator="Mike Bada, University of Colorado Anschutz Medical Campus" id="CHEBI_2015_08_26_Instance_220046" type="identity">
      <class id="CHEBI_SO_EXT:molecular_indicator_or_label_or_marker_or_tag" label="molecular indicator/label/marker/tag"/>
      <span end="1754" id="15921521-10799" start="1748">marker</span>
    </annotation>
    <annotation annotator="Mike Bada, University of Colorado Anschutz Medical Campus" id="CHEBI_2015_08_26_Instance_220048" type="identity">
      <class id="CHEBI_SO_EXT:molecular_indicator_or_label_or_marker_or_tag" label="molecular indicator/label/marker/tag"/>
      <span end="1795" id="15921521-10801" start="1789">marker</span>
    </annotation>
    <annotation annotator="Mike Bada, University of Colorado Anschutz Medical Campus" id="CHEBI_2015_08_26_Instance_220050" type="identity">
      <class id="CHEBI_SO_EXT:molecular_indicator_or_label_or_marker_or_tag" label="molecular indicator/label/marker/tag"/>
      <span end="1842" id="15921521-10803" start="1836">marker</span>
    </annotation>
    <annotation annotator="Mike Bada, University of Colorado Anschutz Medical Campus" id="CHEBI_2015_08_26_Instance_301890" type="identity">
      <class id="CHEBI_PR_EXT:protein" label="protein"/>
      <span end="2385" id="15921521-10905" start="2378">protein</span>
    </annotation>
    <annotation annotator="Mike Bada, University of Colorado Anschutz Medical Campus" id="CHEBI_2015_08_26_Instance_25855" type="identity">
      <class id="CHEBI:17996" label="chloride"/>
      <span end="2443" id="15921521-10901" start="2440">Cl-</span>
    </annotation>
    <annotation annotator="Mike Bada, University of Colorado Anschutz Medical Campus" id="CHEBI_2015_08_26_Instance_25857" type="identity">
      <class id="CHEBI:17544" label="hydrogencarbonate"/>
      <span end="2453" id="15921521-10903" start="2448">HCO3-</span>
    </annotation>
    <annotation annotator="Mike Bada, University of Colorado Anschutz Medical Campus" id="CHEBI_2015_08_26_Instance_301892" type="identity">
      <class id="CHEBI_PR_EXT:protein" label="protein"/>
      <span end="2882" id="15921521-10907" start="2875">protein</span>
    </annotation>
    <annotation annotator="Mike Bada, University of Colorado Anschutz Medical Campus" id="CHEBI_2015_08_26_Instance_220052" type="identity">
      <class id="CHEBI_GO_SO_EXT:enzyme" label="enzyme"/>
      <span end="3207" id="15921521-10805" start="3201">enzyme</span>
    </annotation>
    <annotation annotator="Mike Bada, University of Colorado Anschutz Medical Campus" id="CHEBI_2015_08_26_Instance_22835" type="identity">
      <class id="CHEBI_EXT:37527" label="acid"/>
      <span end="3262" id="15921521-10883" start="3258">acid</span>
    </annotation>
    <annotation annotator="Mike Bada, University of Colorado Anschutz Medical Campus" id="CHEBI_2015_08_26_Instance_22837" type="identity">
      <class id="CHEBI_EXT:33284" label="nutrient"/>
      <span end="3363" id="15921521-10885" start="3354">nutrients</span>
    </annotation>
    <annotation annotator="Mike Bada, University of Colorado Anschutz Medical Campus" id="CHEBI_2015_08_26_Instance_22839" type="identity">
      <class id="CHEBI_EXT:33284" label="nutrient"/>
      <span end="3420" id="15921521-10887" start="3411">nutrients</span>
    </annotation>
    <annotation annotator="Mike Bada, University of Colorado Anschutz Medical Campus" id="CHEBI_2015_08_26_Instance_220054" type="identity">
      <class id="CHEBI_GO_SO_EXT:enzyme" label="enzyme"/>
      <span end="3495" id="15921521-10807" start="3489">enzyme</span>
    </annotation>
    <annotation annotator="Mike Bada, University of Colorado Anschutz Medical Campus" id="CHEBI_2015_08_26_Instance_220056" type="identity">
      <class id="CHEBI_EXT:calcium" label="calcium"/>
      <span end="4432" id="15921521-10809" start="4425">calcium</span>
    </annotation>
    <annotation annotator="Mike Bada, University of Colorado Anschutz Medical Campus" id="CHEBI_2015_08_26_Instance_220060" type="identity">
      <class id="CHEBI_EXT:chlorine" label="chlorine"/>
      <span end="4445" id="15921521-10811" start="4443">Cl</span>
    </annotation>
    <annotation annotator="Mike Bada, University of Colorado Anschutz Medical Campus" id="CHEBI_2015_08_26_Instance_330844" type="identity">
      <class id="CHEBI_SO_EXT:molecular_indicator_or_label_or_marker_or_tag" label="molecular indicator/label/marker/tag"/>
      <span end="4513" id="15921521-10913" start="4507">Marker</span>
    </annotation>
    <annotation annotator="Mike Bada, University of Colorado Anschutz Medical Campus" id="CHEBI_2015_08_26_Instance_220062" type="identity">
      <class id="CHEBI_SO_EXT:molecular_indicator_or_label_or_marker_or_tag" label="molecular indicator/label/marker/tag"/>
      <span end="6991" id="15921521-10813" start="6984">markers</span>
    </annotation>
    <annotation annotator="Mike Bada, University of Colorado Anschutz Medical Campus" id="CHEBI_2015_08_26_Instance_220064" type="identity">
      <class id="CHEBI_SO_EXT:molecular_indicator_or_label_or_marker_or_tag" label="molecular indicator/label/marker/tag"/>
      <span end="7202" id="15921521-10815" start="7196">marker</span>
    </annotation>
    <annotation annotator="Mike Bada, University of Colorado Anschutz Medical Campus" id="CHEBI_2015_08_26_Instance_220066" type="identity">
      <class id="CHEBI_SO_EXT:molecular_indicator_or_label_or_marker_or_tag" label="molecular indicator/label/marker/tag"/>
      <span end="7428" id="15921521-10817" start="7422">marker</span>
    </annotation>
    <annotation annotator="Mike Bada, University of Colorado Anschutz Medical Campus" id="CHEBI_2015_08_26_Instance_220068" type="identity">
      <class id="CHEBI_SO_EXT:leucine" label="leucine"/>
      <span end="7533" id="15921521-10819" start="7526">Leucine</span>
    </annotation>
    <annotation annotator="Mike Bada, University of Colorado Anschutz Medical Campus" id="CHEBI_2015_08_26_Instance_220070" type="identity">
      <class id="CHEBI:17089" label="glycoprotein"/>
      <span end="7554" id="15921521-10821" start="7542">glycoprotein</span>
    </annotation>
    <annotation annotator="Mike Bada, University of Colorado Anschutz Medical Campus" id="CHEBI_2015_08_26_Instance_330846" type="identity">
      <class id="CHEBI_SO_EXT:molecular_indicator_or_label_or_marker_or_tag" label="molecular indicator/label/marker/tag"/>
      <span end="7579" id="15921521-10915" start="7573">marker</span>
    </annotation>
    <annotation annotator="Mike Bada, University of Colorado Anschutz Medical Campus" id="CHEBI_2015_08_26_Instance_220072" type="identity">
      <class id="CHEBI_SO_EXT:leucine" label="leucine"/>
      <span end="7704" id="15921521-10823" start="7697">leucine</span>
    </annotation>
    <annotation annotator="Mike Bada, University of Colorado Anschutz Medical Campus" id="CHEBI_2015_08_26_Instance_220074" type="identity">
      <class id="CHEBI:17089" label="glycoprotein"/>
      <span end="7744" id="15921521-10825" start="7732">glycoprotein</span>
    </annotation>
    <annotation annotator="Mike Bada, University of Colorado Anschutz Medical Campus" id="CHEBI_2015_08_26_Instance_220076" type="identity">
      <class id="CHEBI_SO_EXT:molecular_indicator_or_label_or_marker_or_tag" label="molecular indicator/label/marker/tag"/>
      <span end="7785" id="15921521-10827" start="7779">marker</span>
    </annotation>
    <annotation annotator="Mike Bada, University of Colorado Anschutz Medical Campus" id="CHEBI_2015_08_26_Instance_220078" type="identity">
      <class id="CHEBI_SO_EXT:molecular_indicator_or_label_or_marker_or_tag" label="molecular indicator/label/marker/tag"/>
      <span end="7937" id="15921521-10829" start="7931">marker</span>
    </annotation>
    <annotation annotator="Mike Bada, University of Colorado Anschutz Medical Campus" id="CHEBI_2015_08_26_Instance_340232" type="identity">
      <class id="CHEBI:60425" label="amyloid fibril"/>
      <span end="8055" id="15921521-10919" start="8048">amyloid</span>
    </annotation>
    <annotation annotator="Mike Bada, University of Colorado Anschutz Medical Campus" id="CHEBI_2015_08_26_Instance_220080" type="identity">
      <class id="CHEBI:17089" label="glycoprotein"/>
      <span end="8471" id="15921521-10831" start="8459">glycoprotein</span>
    </annotation>
    <annotation annotator="Mike Bada, University of Colorado Anschutz Medical Campus" id="CHEBI_2015_08_26_Instance_220082" type="identity">
      <class id="CHEBI:36357" label="polyatomic entity"/>
      <span end="8522" id="15921521-10833" start="8514">molecule</span>
    </annotation>
    <annotation annotator="Mike Bada, University of Colorado Anschutz Medical Campus" id="CHEBI_2015_08_26_Instance_220084" type="identity">
      <class id="CHEBI_SO_EXT:mRNA" label="mRNA"/>
      <span end="9016" id="15921521-10835" start="9012">mRNA</span>
    </annotation>
    <annotation annotator="Mike Bada, University of Colorado Anschutz Medical Campus" id="CHEBI_2015_08_26_Instance_220086" type="identity">
      <class id="CHEBI_SO_EXT:RNA" label="RNA"/>
      <span end="9881" id="15921521-10837" start="9878">RNA</span>
    </annotation>
    <annotation annotator="Mike Bada, University of Colorado Anschutz Medical Campus" id="CHEBI_2015_08_26_Instance_220088" type="identity">
      <class id="CHEBI_SO_EXT:mRNA" label="mRNA"/>
      <span end="10019" id="15921521-10839" start="10015">mRNA</span>
    </annotation>
    <annotation annotator="Mike Bada, University of Colorado Anschutz Medical Campus" id="CHEBI_2015_08_26_Instance_220004" type="identity">
      <class id="CHEBI_EXT:33290" label="food"/>
      <span end="11055" id="15921521-10777" start="11051">chow</span>
    </annotation>
    <annotation annotator="Mike Bada, University of Colorado Anschutz Medical Campus" id="CHEBI_2015_08_26_Instance_22863" type="identity">
      <class id="CHEBI:29149" label="periodic acid"/>
      <span end="11086" id="15921521-10889" start="11073">periodic acid</span>
    </annotation>
    <annotation annotator="Mike Bada, University of Colorado Anschutz Medical Campus" id="CHEBI_2015_08_26_Instance_220090" type="identity">
      <class id="CHEBI_SO_EXT:mRNA" label="mRNA"/>
      <span end="13752" id="15921521-10841" start="13748">mRNA</span>
    </annotation>
    <annotation annotator="Mike Bada, University of Colorado Anschutz Medical Campus" id="CHEBI_2015_08_26_Instance_220092" type="identity">
      <class id="CHEBI_SO_EXT:mRNA" label="mRNA"/>
      <span end="14030" id="15921521-10843" start="14026">mRNA</span>
    </annotation>
    <annotation annotator="Mike Bada, University of Colorado Anschutz Medical Campus" id="CHEBI_2015_08_26_Instance_220094" type="identity">
      <class id="CHEBI_SO_EXT:mRNA" label="mRNA"/>
      <span end="14206" id="15921521-10845" start="14202">mRNA</span>
    </annotation>
    <annotation annotator="Mike Bada, University of Colorado Anschutz Medical Campus" id="CHEBI_2015_08_26_Instance_220006" type="identity">
      <class id="CHEBI_EXT:33290" label="food"/>
      <span end="15914" id="15921521-10779" start="15910">chow</span>
    </annotation>
    <annotation annotator="Mike Bada, University of Colorado Anschutz Medical Campus" id="CHEBI_2015_08_26_Instance_220008" type="identity">
      <class id="CHEBI_EXT:33290" label="food"/>
      <span end="16102" id="15921521-10781" start="16098">chow</span>
    </annotation>
    <annotation annotator="Mike Bada, University of Colorado Anschutz Medical Campus" id="CHEBI_2015_08_26_Instance_220010" type="identity">
      <class id="CHEBI_EXT:33290" label="food"/>
      <span end="16208" id="15921521-10783" start="16204">chow</span>
    </annotation>
    <annotation annotator="Mike Bada, University of Colorado Anschutz Medical Campus" id="CHEBI_2015_08_26_Instance_220012" type="identity">
      <class id="CHEBI_EXT:33290" label="food"/>
      <span end="16292" id="15921521-10785" start="16288">chow</span>
    </annotation>
    <annotation annotator="Mike Bada, University of Colorado Anschutz Medical Campus" id="CHEBI_2015_08_26_Instance_220014" type="identity">
      <class id="CHEBI_EXT:33290" label="food"/>
      <span end="16387" id="15921521-10787" start="16383">chow</span>
    </annotation>
    <annotation annotator="Mike Bada, University of Colorado Anschutz Medical Campus" id="CHEBI_2015_08_26_Instance_220016" type="identity">
      <class id="CHEBI_EXT:33290" label="food"/>
      <span end="16588" id="15921521-10789" start="16584">chow</span>
    </annotation>
    <annotation annotator="Mike Bada, University of Colorado Anschutz Medical Campus" id="CHEBI_2015_08_26_Instance_220018" type="identity">
      <class id="CHEBI_EXT:33290" label="food"/>
      <span end="16716" id="15921521-10791" start="16712">chow</span>
    </annotation>
    <annotation annotator="Mike Bada, University of Colorado Anschutz Medical Campus" id="CHEBI_2015_08_26_Instance_220096" type="identity">
      <class id="CHEBI_SO_EXT:DNA" label="DNA"/>
      <span end="17340" id="15921521-10847" start="17337">DNA</span>
    </annotation>
    <annotation annotator="Mike Bada, University of Colorado Anschutz Medical Campus" id="CHEBI_2015_08_26_Instance_330848" type="identity">
      <class id="CHEBI_SO_EXT:molecular_indicator_or_label_or_marker_or_tag" label="molecular indicator/label/marker/tag"/>
      <span end="17372" id="15921521-10917" start="17365">markers</span>
    </annotation>
    <annotation annotator="Mike Bada, University of Colorado Anschutz Medical Campus" id="CHEBI_2015_08_26_Instance_220098" type="identity">
      <class id="CHEBI_SO_EXT:molecular_indicator_or_label_or_marker_or_tag" label="molecular indicator/label/marker/tag"/>
      <span end="17757" id="15921521-10849" start="17750">markers</span>
    </annotation>
    <annotation annotator="Mike Bada, University of Colorado Anschutz Medical Campus" id="CHEBI_2015_08_26_Instance_220100" type="identity">
      <class id="CHEBI_SO_EXT:molecular_indicator_or_label_or_marker_or_tag" label="molecular indicator/label/marker/tag"/>
      <span end="18016" id="15921521-10851" start="18009">markers</span>
    </annotation>
    <annotation annotator="Mike Bada, University of Colorado Anschutz Medical Campus" id="CHEBI_2015_08_26_Instance_220102" type="identity">
      <class id="CHEBI_SO_EXT:molecular_indicator_or_label_or_marker_or_tag" label="molecular indicator/label/marker/tag"/>
      <span end="18665" id="15921521-10853" start="18658">markers</span>
    </annotation>
    <annotation annotator="Mike Bada, University of Colorado Anschutz Medical Campus" id="CHEBI_2015_08_26_Instance_220104" type="identity">
      <class id="CHEBI_SO_EXT:molecular_indicator_or_label_or_marker_or_tag" label="molecular indicator/label/marker/tag"/>
      <span end="18731" id="15921521-10855" start="18724">markers</span>
    </annotation>
    <annotation annotator="Mike Bada, University of Colorado Anschutz Medical Campus" id="CHEBI_2015_08_26_Instance_220106" type="identity">
      <class id="CHEBI_SO_EXT:molecular_indicator_or_label_or_marker_or_tag" label="molecular indicator/label/marker/tag"/>
      <span end="18794" id="15921521-10857" start="18787">markers</span>
    </annotation>
    <annotation annotator="Mike Bada, University of Colorado Anschutz Medical Campus" id="CHEBI_2015_08_26_Instance_220108" type="identity">
      <class id="CHEBI_SO_EXT:molecular_indicator_or_label_or_marker_or_tag" label="molecular indicator/label/marker/tag"/>
      <span end="18916" id="15921521-10859" start="18909">markers</span>
    </annotation>
    <annotation annotator="Mike Bada, University of Colorado Anschutz Medical Campus" id="CHEBI_2015_08_26_Instance_220110" type="identity">
      <class id="CHEBI_SO_EXT:molecular_indicator_or_label_or_marker_or_tag" label="molecular indicator/label/marker/tag"/>
      <span end="19002" id="15921521-10861" start="18995">markers</span>
    </annotation>
    <annotation annotator="Mike Bada, University of Colorado Anschutz Medical Campus" id="CHEBI_2015_08_26_Instance_22865" type="identity">
      <class id="CHEBI:17996" label="chloride"/>
      <span end="19107" id="15921521-10891" start="19099">chloride</span>
    </annotation>
    <annotation annotator="Mike Bada, University of Colorado Anschutz Medical Campus" id="CHEBI_2015_08_26_Instance_220112" type="identity">
      <class id="CHEBI_EXT:potassium" label="potassium"/>
      <span end="19269" id="15921521-10863" start="19260">potassium</span>
    </annotation>
    <annotation annotator="Mike Bada, University of Colorado Anschutz Medical Campus" id="CHEBI_2015_08_26_Instance_220114" type="identity">
      <class id="CHEBI_SO_EXT:molecular_indicator_or_label_or_marker_or_tag" label="molecular indicator/label/marker/tag"/>
      <span end="19778" id="15921521-10865" start="19771">markers</span>
    </annotation>
    <annotation annotator="Mike Bada, University of Colorado Anschutz Medical Campus" id="CHEBI_2015_08_26_Instance_301894" type="identity">
      <class id="CHEBI_PR_EXT:protein" label="protein"/>
      <span end="20079" id="15921521-10909" start="20071">proteins</span>
    </annotation>
    <annotation annotator="Mike Bada, University of Colorado Anschutz Medical Campus" id="CHEBI_2015_08_26_Instance_340380" type="identity">
      <class id="CHEBI:82761" label="defensin"/>
      <span end="20571" id="15921521-10929" start="20562">defensins</span>
    </annotation>
    <annotation annotator="Mike Bada, University of Colorado Anschutz Medical Campus" id="CHEBI_2015_08_26_Instance_220116" type="identity">
      <class id="CHEBI_SO_EXT:molecular_indicator_or_label_or_marker_or_tag" label="molecular indicator/label/marker/tag"/>
      <span end="21288" id="15921521-10867" start="21281">markers</span>
    </annotation>
    <annotation annotator="Mike Bada, University of Colorado Anschutz Medical Campus" id="CHEBI_2015_08_26_Instance_301896" type="identity">
      <class id="CHEBI_PR_EXT:protein" label="protein"/>
      <span end="22201" id="15921521-10911" start="22193">proteins</span>
    </annotation>
    <annotation annotator="Mike Bada, University of Colorado Anschutz Medical Campus" id="CHEBI_2015_08_26_Instance_20951" type="identity">
      <class id="CHEBI_EXT:37527" label="acid"/>
      <span end="22522" id="15921521-10773" start="22516">acidic</span>
    </annotation>
    <annotation annotator="Mike Bada, University of Colorado Anschutz Medical Campus" id="CHEBI_2015_08_26_Instance_22869" type="identity">
      <class id="CHEBI_EXT:35224" label="effector"/>
      <span end="22671" id="15921521-10893" start="22663">effector</span>
    </annotation>
    <annotation annotator="Mike Bada, University of Colorado Anschutz Medical Campus" id="CHEBI_2015_08_26_Instance_220118" type="identity">
      <class id="CHEBI:36357" label="polyatomic entity"/>
      <span end="22681" id="15921521-10869" start="22672">molecules</span>
    </annotation>
    <annotation annotator="Mike Bada, University of Colorado Anschutz Medical Campus" id="CHEBI_2015_08_26_Instance_22871" type="identity">
      <class id="CHEBI:18295" label="histamine"/>
      <span end="22731" id="15921521-10895" start="22722">histamine</span>
    </annotation>
    <annotation annotator="Mike Bada, University of Colorado Anschutz Medical Campus" id="CHEBI_2015_08_26_Instance_22873" type="identity">
      <class id="CHEBI:26333" label="prostaglandin"/>
      <span end="22758" id="15921521-10897" start="22744">prostaglandins</span>
    </annotation>
    <annotation annotator="Mike Bada, University of Colorado Anschutz Medical Campus" id="CHEBI_2015_08_26_Instance_340372" type="identity">
      <class id="CHEBI_PR_EXT:gastrin" label="gastrin"/>
      <span end="23976" id="15921521-10923" start="23969">gastrin</span>
    </annotation>
    <annotation annotator="Mike Bada, University of Colorado Anschutz Medical Campus" id="CHEBI_2015_08_26_Instance_340374" type="identity">
      <class id="CHEBI_PR_EXT:gastrin" label="gastrin"/>
      <span end="24083" id="15921521-10925" start="24076">gastrin</span>
    </annotation>
    <annotation annotator="Mike Bada, University of Colorado Anschutz Medical Campus" id="CHEBI_2015_08_26_Instance_340376" type="identity">
      <class id="CHEBI_PR_EXT:gastrin" label="gastrin"/>
      <span end="24336" id="15921521-10927" start="24329">gastrin</span>
    </annotation>
    <annotation annotator="Mike Bada, University of Colorado Anschutz Medical Campus" id="CHEBI_2015_08_26_Instance_220020" type="identity">
      <class id="CHEBI_EXT:33290" label="food"/>
      <span end="24816" id="15921521-10793" start="24812">chow</span>
    </annotation>
    <annotation annotator="Mike Bada, University of Colorado Anschutz Medical Campus" id="CHEBI_2015_08_26_Instance_220022" type="identity">
      <class id="CHEBI_EXT:33290" label="food"/>
      <span end="24929" id="15921521-10795" start="24925">chow</span>
    </annotation>
    <annotation annotator="Mike Bada, University of Colorado Anschutz Medical Campus" id="CHEBI_2015_08_26_Instance_220120" type="identity">
      <class id="CHEBI_SO_EXT:molecular_indicator_or_label_or_marker_or_tag" label="molecular indicator/label/marker/tag"/>
      <span end="25595" id="15921521-10871" start="25588">markers</span>
    </annotation>
    <annotation annotator="Mike Bada, University of Colorado Anschutz Medical Campus" id="CHEBI_2015_08_26_Instance_220122" type="identity">
      <class id="CHEBI_SO_EXT:molecular_indicator_or_label_or_marker_or_tag" label="molecular indicator/label/marker/tag"/>
      <span end="25659" id="15921521-10873" start="25652">markers</span>
    </annotation>
    <annotation annotator="Mike Bada, University of Colorado Anschutz Medical Campus" id="CHEBI_2015_08_26_Instance_220124" type="identity">
      <class id="CHEBI_SO_EXT:RNA" label="RNA"/>
      <span end="25761" id="15921521-10875" start="25758">RNA</span>
    </annotation>
    <annotation annotator="Mike Bada, University of Colorado Anschutz Medical Campus" id="CHEBI_2015_08_26_Instance_220126" type="identity">
      <class id="CHEBI_SO_EXT:mRNA" label="mRNA"/>
      <span end="25999" id="15921521-10877" start="25995">mRNA</span>
    </annotation>
    <annotation annotator="Mike Bada, University of Colorado Anschutz Medical Campus" id="CHEBI_2015_08_26_Instance_220128" type="identity">
      <class id="CHEBI_EXT:phosphate" label="phosphate"/>
      <span end="26327" id="15921521-10879" start="26318">phosphate</span>
    </annotation>
    <annotation annotator="Mike Bada, University of Colorado Anschutz Medical Campus" id="CHEBI_2015_08_26_Instance_380036" type="identity">
      <class id="CHEBI_CHMO_EXT:buffer_process" label="buffer process"/>
      <span end="26336" id="15921521-10931" start="26328">buffered</span>
    </annotation>
    <annotation annotator="Mike Bada, University of Colorado Anschutz Medical Campus" id="CHEBI_2015_08_26_Instance_340312" type="identity">
      <class id="CHEBI_EXT:saline_solution" label="saline solution"/>
      <span end="26343" id="15921521-10921" start="26337">saline</span>
    </annotation>
    <annotation annotator="Mike Bada, University of Colorado Anschutz Medical Campus" id="CHEBI_2015_08_26_Instance_220130" type="identity">
      <class id="CHEBI_EXT:paraformaldehye" label="paraformaldehyde"/>
      <span end="26396" id="15921521-10881" start="26380">paraformaldehyde</span>
    </annotation>
    <annotation annotator="Mike Bada, University of Colorado Anschutz Medical Campus" id="CHEBI_2015_08_26_Instance_22877" type="identity">
      <class id="CHEBI:29149" label="periodic acid"/>
      <span end="26561" id="15921521-10899" start="26548">periodic acid</span>
    </annotation>
    <graph-space id="Old Knowtator Relations"/>
  </document>
</knowtator-project>
