<?xml version="1.0" encoding="UTF-8" standalone="no"?>
<knowtator-project>
  <document id="15938754" text-file="15938754.txt">
    <annotation annotator="Mike Bada, University of Colorado Anschutz Medical Campus" id="CHEBI_2015_08_26_Instance_22929" type="identity">
      <class id="CHEBI:15854" label="quinine"/>
      <span end="70" id="15938754-11124" start="63">quinine</span>
    </annotation>
    <annotation annotator="Mike Bada, University of Colorado Anschutz Medical Campus" id="CHEBI_2015_08_26_Instance_220134" type="identity">
      <class id="CHEBI:36357" label="polyatomic entity"/>
      <span end="168" id="15938754-10956" start="159">compounds</span>
    </annotation>
    <annotation annotator="Mike Bada, University of Colorado Anschutz Medical Campus" id="CHEBI_2015_08_26_Instance_25879" type="identity">
      <class id="CHEBI_EXT:33290" label="food"/>
      <span end="262" id="15938754-11230" start="258">food</span>
    </annotation>
    <annotation annotator="Mike Bada, University of Colorado Anschutz Medical Campus" id="CHEBI_2015_08_26_Instance_22931" type="identity">
      <class id="CHEBI:15854" label="quinine"/>
      <span end="568" id="15938754-11126" start="561">quinine</span>
    </annotation>
    <annotation annotator="Mike Bada, University of Colorado Anschutz Medical Campus" id="CHEBI_2015_08_26_Instance_25885" type="identity">
      <class id="CHEBI:17883" label="hydrogen chloride"/>
      <span end="582" id="15938754-11236" start="569">hydrochloride</span>
    </annotation>
    <annotation annotator="Mike Bada, University of Colorado Anschutz Medical Campus" id="CHEBI_2015_08_26_Instance_22935" type="identity">
      <class id="CHEBI:16150" label="benzoate"/>
      <span end="613" id="15938754-11128" start="605">benzoate</span>
    </annotation>
    <annotation annotator="Mike Bada, University of Colorado Anschutz Medical Campus" id="CHEBI_2015_08_26_Instance_220136" type="identity">
      <class id="CHEBI_SO_EXT:base" label="base"/>
      <span end="836" id="15938754-10958" start="835">b</span>
    </annotation>
    <annotation annotator="Mike Bada, University of Colorado Anschutz Medical Campus" id="CHEBI_2015_08_26_Instance_330382" type="identity">
      <class id="CHEBI_SO_EXT:nucleotide" label="nucleotide"/>
      <span end="982" id="15938754-11270" start="972">nucleotide</span>
    </annotation>
    <annotation annotator="Mike Bada, University of Colorado Anschutz Medical Campus" id="CHEBI_2015_08_26_Instance_22937" type="identity">
      <class id="CHEBI:15854" label="quinine"/>
      <span end="1065" id="15938754-11130" start="1058">quinine</span>
    </annotation>
    <annotation annotator="Mike Bada, University of Colorado Anschutz Medical Campus" id="CHEBI_2015_08_26_Instance_22939" type="identity">
      <class id="CHEBI:15854" label="quinine"/>
      <span end="1096" id="15938754-11132" start="1089">quinine</span>
    </annotation>
    <annotation annotator="Mike Bada, University of Colorado Anschutz Medical Campus" id="CHEBI_2015_08_26_Instance_22941" type="identity">
      <class id="CHEBI:15854" label="quinine"/>
      <span end="1458" id="15938754-11134" start="1451">quinine</span>
    </annotation>
    <annotation annotator="Mike Bada, University of Colorado Anschutz Medical Campus" id="CHEBI_2015_08_26_Instance_22943" type="identity">
      <class id="CHEBI:15854" label="quinine"/>
      <span end="1572" id="15938754-11136" start="1565">quinine</span>
    </annotation>
    <annotation annotator="Mike Bada, University of Colorado Anschutz Medical Campus" id="CHEBI_2015_08_26_Instance_22945" type="identity">
      <class id="CHEBI:15854" label="quinine"/>
      <span end="1692" id="15938754-11138" start="1685">quinine</span>
    </annotation>
    <annotation annotator="Mike Bada, University of Colorado Anschutz Medical Campus" id="CHEBI_2015_08_26_Instance_25881" type="identity">
      <class id="CHEBI_EXT:33290" label="food"/>
      <span end="2031" id="15938754-11232" start="2027">food</span>
    </annotation>
    <annotation annotator="Mike Bada, University of Colorado Anschutz Medical Campus" id="CHEBI_2015_08_26_Instance_26591" type="identity">
      <class id="CHEBI_EXT:33290" label="food"/>
      <span end="2073" id="15938754-11242" start="2068">foods</span>
    </annotation>
    <annotation annotator="Mike Bada, University of Colorado Anschutz Medical Campus" id="CHEBI_2015_08_26_Instance_26743" type="identity">
      <class id="CHEBI_EXT:33290" label="food"/>
      <span end="2151" id="15938754-11244" start="2146">foods</span>
    </annotation>
    <annotation annotator="Mike Bada, University of Colorado Anschutz Medical Campus" id="CHEBI_2015_08_26_Instance_240781" type="identity">
      <class id="CHEBI_EXT:chemical_substance_or_polyatomic_entity" label="chemical substance or polyatomic entity"/>
      <span end="2182" id="15938754-11216" start="2172">substances</span>
    </annotation>
    <annotation annotator="Mike Bada, University of Colorado Anschutz Medical Campus" id="CHEBI_2015_08_26_Instance_301898" type="identity">
      <class id="CHEBI_PR_EXT:protein" label="protein"/>
      <span end="2236" id="15938754-11246" start="2229">protein</span>
    </annotation>
    <annotation annotator="Mike Bada, University of Colorado Anschutz Medical Campus" id="CHEBI_2015_08_26_Instance_220140" type="identity">
      <class id="CHEBI_EXT:glutamate" label="glutamate"/>
      <span end="2448" id="15938754-10960" start="2439">glutamate</span>
    </annotation>
    <annotation annotator="Mike Bada, University of Colorado Anschutz Medical Campus" id="CHEBI_2015_08_26_Instance_220142" type="identity">
      <class id="CHEBI:36357" label="polyatomic entity"/>
      <span end="2542" id="15938754-10962" start="2533">compounds</span>
    </annotation>
    <annotation annotator="Mike Bada, University of Colorado Anschutz Medical Campus" id="CHEBI_2015_08_26_Instance_330850" type="identity">
      <class id="CHEBI_SO_EXT:molecular_indicator_or_label_or_marker_or_tag" label="molecular indicator/label/marker/tag"/>
      <span end="2678" id="15938754-11274" start="2671">markers</span>
    </annotation>
    <annotation annotator="Mike Bada, University of Colorado Anschutz Medical Campus" id="CHEBI_2015_08_26_Instance_22947" type="identity">
      <class id="CHEBI:15854" label="quinine"/>
      <span end="3341" id="15938754-11140" start="3334">quinine</span>
    </annotation>
    <annotation annotator="Mike Bada, University of Colorado Anschutz Medical Campus" id="CHEBI_2015_08_26_Instance_21263" type="identity">
      <class id="CHEBI:15854" label="quinine"/>
      <span end="3346" id="15938754-10942" start="3343">Qui</span>
    </annotation>
    <annotation annotator="Mike Bada, University of Colorado Anschutz Medical Campus" id="CHEBI_2015_08_26_Instance_23007" type="identity">
      <class id="CHEBI:27641" label="cicloheximide"/>
      <span end="3373" id="15938754-11186" start="3360">cyclohexamide</span>
    </annotation>
    <annotation annotator="Mike Bada, University of Colorado Anschutz Medical Campus" id="CHEBI_2015_08_26_Instance_21265" type="identity">
      <class id="CHEBI:27641" label="cicloheximide"/>
      <span end="3378" id="15938754-10944" start="3375">Cyx</span>
    </annotation>
    <annotation annotator="Mike Bada, University of Colorado Anschutz Medical Campus" id="CHEBI_2015_08_26_Instance_220144" type="identity">
      <class id="CHEBI_SO_EXT:molecular_indicator_or_label_or_marker_or_tag" label="molecular indicator/label/marker/tag"/>
      <span end="3518" id="15938754-10964" start="3512">marker</span>
    </annotation>
    <annotation annotator="Mike Bada, University of Colorado Anschutz Medical Campus" id="CHEBI_2015_08_26_Instance_220146" type="identity">
      <class id="CHEBI_SO_EXT:molecular_indicator_or_label_or_marker_or_tag" label="molecular indicator/label/marker/tag"/>
      <span end="3741" id="15938754-10966" start="3734">markers</span>
    </annotation>
    <annotation annotator="Mike Bada, University of Colorado Anschutz Medical Campus" id="CHEBI_2015_08_26_Instance_220148" type="identity">
      <class id="CHEBI_EXT:59941" label="amphiphile"/>
      <span end="4408" id="15938754-10968" start="4397">amphiphilic</span>
    </annotation>
    <annotation annotator="Mike Bada, University of Colorado Anschutz Medical Campus" id="CHEBI_2015_08_26_Instance_220150" type="identity">
      <class id="CHEBI:36357" label="polyatomic entity"/>
      <span end="4425" id="15938754-10970" start="4416">compounds</span>
    </annotation>
    <annotation annotator="Mike Bada, University of Colorado Anschutz Medical Campus" id="CHEBI_2015_08_26_Instance_22949" type="identity">
      <class id="CHEBI:15854" label="quinine"/>
      <span end="4442" id="15938754-11142" start="4435">quinine</span>
    </annotation>
    <annotation annotator="Mike Bada, University of Colorado Anschutz Medical Campus" id="CHEBI_2015_08_26_Instance_23009" type="identity">
      <class id="CHEBI:16150" label="benzoate"/>
      <span end="4466" id="15938754-11188" start="4458">benzoate</span>
    </annotation>
    <annotation annotator="Mike Bada, University of Colorado Anschutz Medical Campus" id="CHEBI_2015_08_26_Instance_22951" type="identity">
      <class id="CHEBI:15854" label="quinine"/>
      <span end="4546" id="15938754-11144" start="4539">Quinine</span>
    </annotation>
    <annotation annotator="Mike Bada, University of Colorado Anschutz Medical Campus" id="CHEBI_2015_08_26_Instance_301900" type="identity">
      <class id="CHEBI_PR_EXT:protein" label="protein"/>
      <span end="4579" id="15938754-11248" start="4571">proteins</span>
    </annotation>
    <annotation annotator="Mike Bada, University of Colorado Anschutz Medical Campus" id="CHEBI_2015_08_26_Instance_22953" type="identity">
      <class id="CHEBI:15854" label="quinine"/>
      <span end="4597" id="15938754-11146" start="4590">quinine</span>
    </annotation>
    <annotation annotator="Mike Bada, University of Colorado Anschutz Medical Campus" id="CHEBI_2015_08_26_Instance_23039" type="identity">
      <class id="CHEBI:29103" label="potassium(1+)"/>
      <span end="4625" id="15938754-11198" start="4623">K+</span>
    </annotation>
    <annotation annotator="Mike Bada, University of Colorado Anschutz Medical Campus" id="CHEBI_2015_08_26_Instance_23011" type="identity">
      <class id="CHEBI:27732" label="caffeine"/>
      <span end="4653" id="15938754-11190" start="4645">caffeine</span>
    </annotation>
    <annotation annotator="Mike Bada, University of Colorado Anschutz Medical Campus" id="CHEBI_2015_08_26_Instance_240797" type="identity">
      <class id="CHEBI_EXT:chemical_substance_or_polyatomic_entity" label="chemical substance or polyatomic entity"/>
      <span end="4687" id="15938754-11226" start="4678">substance</span>
    </annotation>
    <annotation annotator="Mike Bada, University of Colorado Anschutz Medical Campus" id="CHEBI_2015_08_26_Instance_22955" type="identity">
      <class id="CHEBI:15854" label="quinine"/>
      <span end="5080" id="15938754-11148" start="5073">quinine</span>
    </annotation>
    <annotation annotator="Mike Bada, University of Colorado Anschutz Medical Campus" id="CHEBI_2015_08_26_Instance_25887" type="identity">
      <class id="CHEBI:17883" label="hydrogen chloride"/>
      <span end="5094" id="15938754-11238" start="5081">hydrochloride</span>
    </annotation>
    <annotation annotator="Mike Bada, University of Colorado Anschutz Medical Campus" id="CHEBI_2015_08_26_Instance_23013" type="identity">
      <class id="CHEBI:16150" label="benzoate"/>
      <span end="5125" id="15938754-11192" start="5117">benzoate</span>
    </annotation>
    <annotation annotator="Mike Bada, University of Colorado Anschutz Medical Campus" id="CHEBI_2015_08_26_Instance_220154" type="identity">
      <class id="CHEBI_SO_EXT:molecular_indicator_or_label_or_marker_or_tag" label="molecular indicator/label/marker/tag"/>
      <span end="5209" id="15938754-10972" start="5202">markers</span>
    </annotation>
    <annotation annotator="Mike Bada, University of Colorado Anschutz Medical Campus" id="CHEBI_2015_08_26_Instance_331332" type="identity">
      <class id="CHEBI_SO_EXT:base" label="base"/>
      <span end="5258" id="15938754-11278" start="5257">b</span>
    </annotation>
    <annotation annotator="Mike Bada, University of Colorado Anschutz Medical Campus" id="CHEBI_2015_08_26_Instance_220156" type="identity">
      <class id="CHEBI_GO_EXT:ligand" label="ligand"/>
      <span end="6166" id="15938754-10974" start="6160">ligand</span>
    </annotation>
    <annotation annotator="Mike Bada, University of Colorado Anschutz Medical Campus" id="CHEBI_2015_08_26_Instance_220158" type="identity">
      <class id="CHEBI:36357" label="polyatomic entity"/>
      <span end="6199" id="15938754-10976" start="6191">compound</span>
    </annotation>
    <annotation annotator="Mike Bada, University of Colorado Anschutz Medical Campus" id="CHEBI_2015_08_26_Instance_220160" type="identity">
      <class id="CHEBI:36357" label="polyatomic entity"/>
      <span end="6512" id="15938754-10978" start="6503">compounds</span>
    </annotation>
    <annotation annotator="Mike Bada, University of Colorado Anschutz Medical Campus" id="CHEBI_2015_08_26_Instance_13743" type="identity">
      <class id="CHEBI:15377" label="water"/>
      <span end="7051" id="15938754-10934" start="7046">water</span>
    </annotation>
    <annotation annotator="Mike Bada, University of Colorado Anschutz Medical Campus" id="CHEBI_2015_08_26_Instance_13745" type="identity">
      <class id="CHEBI:16150" label="benzoate"/>
      <span end="7115" id="15938754-10936" start="7107">benzoate</span>
    </annotation>
    <annotation annotator="Mike Bada, University of Colorado Anschutz Medical Campus" id="CHEBI_2015_08_26_Instance_21271" type="identity">
      <class id="CHEBI:8502" label="6-propyl-2-thiouracil"/>
      <span end="7126" id="15938754-10950" start="7122">PROP</span>
    </annotation>
    <annotation annotator="Mike Bada, University of Colorado Anschutz Medical Campus" id="CHEBI_2015_08_26_Instance_21269" type="identity">
      <class id="CHEBI:8502" label="6-propyl-2-thiouracil"/>
      <span end="7148" id="15938754-10948" start="7128">6-n-propylthiouracil</span>
    </annotation>
    <annotation annotator="Mike Bada, University of Colorado Anschutz Medical Campus" id="CHEBI_2015_08_26_Instance_21273" type="identity">
      <class id="CHEBI:8502" label="6-propyl-2-thiouracil"/>
      <span end="7152" id="15938754-10952" start="7150">PR</span>
    </annotation>
    <annotation annotator="Mike Bada, University of Colorado Anschutz Medical Campus" id="CHEBI_2015_08_26_Instance_13747" type="identity">
      <class id="CHEBI:15854" label="quinine"/>
      <span end="7165" id="15938754-10938" start="7158">quinine</span>
    </annotation>
    <annotation annotator="Mike Bada, University of Colorado Anschutz Medical Campus" id="CHEBI_2015_08_26_Instance_13751" type="identity">
      <class id="CHEBI:17883" label="hydrogen chloride"/>
      <span end="7179" id="15938754-10940" start="7166">hydrochloride</span>
    </annotation>
    <annotation annotator="Mike Bada, University of Colorado Anschutz Medical Campus" id="CHEBI_2015_08_26_Instance_220162" type="identity">
      <class id="CHEBI_SO_EXT:molecular_indicator_or_label_or_marker_or_tag" label="molecular indicator/label/marker/tag"/>
      <span end="8892" id="15938754-10980" start="8885">markers</span>
    </annotation>
    <annotation annotator="Mike Bada, University of Colorado Anschutz Medical Campus" id="CHEBI_2015_08_26_Instance_220164" type="identity">
      <class id="CHEBI_SO_EXT:molecular_indicator_or_label_or_marker_or_tag" label="molecular indicator/label/marker/tag"/>
      <span end="9725" id="15938754-10982" start="9719">marker</span>
    </annotation>
    <annotation annotator="Mike Bada, University of Colorado Anschutz Medical Campus" id="CHEBI_2015_08_26_Instance_220166" type="identity">
      <class id="CHEBI_SO_EXT:molecular_indicator_or_label_or_marker_or_tag" label="molecular indicator/label/marker/tag"/>
      <span end="9781" id="15938754-10984" start="9774">markers</span>
    </annotation>
    <annotation annotator="Mike Bada, University of Colorado Anschutz Medical Campus" id="CHEBI_2015_08_26_Instance_220168" type="identity">
      <class id="CHEBI_SO_EXT:molecular_indicator_or_label_or_marker_or_tag" label="molecular indicator/label/marker/tag"/>
      <span end="9853" id="15938754-10986" start="9847">marker</span>
    </annotation>
    <annotation annotator="Mike Bada, University of Colorado Anschutz Medical Campus" id="CHEBI_2015_08_26_Instance_220170" type="identity">
      <class id="CHEBI_SO_EXT:molecular_indicator_or_label_or_marker_or_tag" label="molecular indicator/label/marker/tag"/>
      <span end="10081" id="15938754-10988" start="10075">marker</span>
    </annotation>
    <annotation annotator="Mike Bada, University of Colorado Anschutz Medical Campus" id="CHEBI_2015_08_26_Instance_220172" type="identity">
      <class id="CHEBI_SO_EXT:molecular_indicator_or_label_or_marker_or_tag" label="molecular indicator/label/marker/tag"/>
      <span end="10675" id="15938754-10990" start="10669">marker</span>
    </annotation>
    <annotation annotator="Mike Bada, University of Colorado Anschutz Medical Campus" id="CHEBI_2015_08_26_Instance_220174" type="identity">
      <class id="CHEBI_SO_EXT:molecular_indicator_or_label_or_marker_or_tag" label="molecular indicator/label/marker/tag"/>
      <span end="10722" id="15938754-10992" start="10715">markers</span>
    </annotation>
    <annotation annotator="Mike Bada, University of Colorado Anschutz Medical Campus" id="CHEBI_2015_08_26_Instance_220176" type="identity">
      <class id="CHEBI_SO_EXT:molecular_indicator_or_label_or_marker_or_tag" label="molecular indicator/label/marker/tag"/>
      <span end="10844" id="15938754-10994" start="10838">marker</span>
    </annotation>
    <annotation annotator="Mike Bada, University of Colorado Anschutz Medical Campus" id="CHEBI_2015_08_26_Instance_220178" type="identity">
      <class id="CHEBI_SO_EXT:base" label="base"/>
      <span end="10913" id="15938754-10996" start="10912">b</span>
    </annotation>
    <annotation annotator="Mike Bada, University of Colorado Anschutz Medical Campus" id="CHEBI_2015_08_26_Instance_220180" type="identity">
      <class id="CHEBI_SO_EXT:base" label="base"/>
      <span end="11191" id="15938754-10998" start="11190">b</span>
    </annotation>
    <annotation annotator="Mike Bada, University of Colorado Anschutz Medical Campus" id="CHEBI_2015_08_26_Instance_220182" type="identity">
      <class id="CHEBI_SO_EXT:molecular_indicator_or_label_or_marker_or_tag" label="molecular indicator/label/marker/tag"/>
      <span end="11296" id="15938754-11000" start="11290">marker</span>
    </annotation>
    <annotation annotator="Mike Bada, University of Colorado Anschutz Medical Campus" id="CHEBI_2015_08_26_Instance_220184" type="identity">
      <class id="CHEBI:36357" label="polyatomic entity"/>
      <span end="11426" id="15938754-11002" start="11417">compounds</span>
    </annotation>
    <annotation annotator="Mike Bada, University of Colorado Anschutz Medical Campus" id="CHEBI_2015_08_26_Instance_220186" type="identity">
      <class id="CHEBI_SO_EXT:molecular_indicator_or_label_or_marker_or_tag" label="molecular indicator/label/marker/tag"/>
      <span end="11603" id="15938754-11004" start="11597">marker</span>
    </annotation>
    <annotation annotator="Mike Bada, University of Colorado Anschutz Medical Campus" id="CHEBI_2015_08_26_Instance_220188" type="identity">
      <class id="CHEBI_SO_EXT:molecular_indicator_or_label_or_marker_or_tag" label="molecular indicator/label/marker/tag"/>
      <span end="11784" id="15938754-11006" start="11778">marker</span>
    </annotation>
    <annotation annotator="Mike Bada, University of Colorado Anschutz Medical Campus" id="CHEBI_2015_08_26_Instance_220190" type="identity">
      <class id="CHEBI_SO_EXT:molecular_indicator_or_label_or_marker_or_tag" label="molecular indicator/label/marker/tag"/>
      <span end="11906" id="15938754-11008" start="11899">markers</span>
    </annotation>
    <annotation annotator="Mike Bada, University of Colorado Anschutz Medical Campus" id="CHEBI_2015_08_26_Instance_220192" type="identity">
      <class id="CHEBI_SO_EXT:molecular_indicator_or_label_or_marker_or_tag" label="molecular indicator/label/marker/tag"/>
      <span end="12058" id="15938754-11010" start="12051">markers</span>
    </annotation>
    <annotation annotator="Mike Bada, University of Colorado Anschutz Medical Campus" id="CHEBI_2015_08_26_Instance_220194" type="identity">
      <class id="CHEBI_SO_EXT:base" label="base"/>
      <span end="12074" id="15938754-11012" start="12073">b</span>
    </annotation>
    <annotation annotator="Mike Bada, University of Colorado Anschutz Medical Campus" id="CHEBI_2015_08_26_Instance_220196" type="identity">
      <class id="CHEBI_SO_EXT:molecular_indicator_or_label_or_marker_or_tag" label="molecular indicator/label/marker/tag"/>
      <span end="12395" id="15938754-11014" start="12389">marker</span>
    </annotation>
    <annotation annotator="Mike Bada, University of Colorado Anschutz Medical Campus" id="CHEBI_2015_08_26_Instance_220198" type="identity">
      <class id="CHEBI_SO_EXT:proline" label="proline"/>
      <span end="12440" id="15938754-11016" start="12433">proline</span>
    </annotation>
    <annotation annotator="Mike Bada, University of Colorado Anschutz Medical Campus" id="CHEBI_2015_08_26_Instance_301902" type="identity">
      <class id="CHEBI_PR_EXT:protein" label="protein"/>
      <span end="12463" id="15938754-11250" start="12455">proteins</span>
    </annotation>
    <annotation annotator="Mike Bada, University of Colorado Anschutz Medical Campus" id="CHEBI_2015_08_26_Instance_220200" type="identity">
      <class id="CHEBI_SO_EXT:base" label="base"/>
      <span end="12506" id="15938754-11018" start="12505">b</span>
    </annotation>
    <annotation annotator="Mike Bada, University of Colorado Anschutz Medical Campus" id="CHEBI_2015_08_26_Instance_301904" type="identity">
      <class id="CHEBI_PR_EXT:protein" label="protein"/>
      <span end="12972" id="15938754-11252" start="12965">protein</span>
    </annotation>
    <annotation annotator="Mike Bada, University of Colorado Anschutz Medical Campus" id="CHEBI_2015_08_26_Instance_220202" type="identity">
      <class id="CHEBI_GO_EXT:ligand" label="ligand"/>
      <span end="12997" id="15938754-11020" start="12991">ligand</span>
    </annotation>
    <annotation annotator="Mike Bada, University of Colorado Anschutz Medical Campus" id="CHEBI_2015_08_26_Instance_301906" type="identity">
      <class id="CHEBI_PR_EXT:protein" label="protein"/>
      <span end="13164" id="15938754-11254" start="13157">protein</span>
    </annotation>
    <annotation annotator="Mike Bada, University of Colorado Anschutz Medical Campus" id="CHEBI_2015_08_26_Instance_220204" type="identity">
      <class id="CHEBI_SO_EXT:oligonucleotide" label="oligonucleotide"/>
      <span end="13600" id="15938754-11022" start="13584">oligonucleotides</span>
    </annotation>
    <annotation annotator="Mike Bada, University of Colorado Anschutz Medical Campus" id="CHEBI_2015_08_26_Instance_350126" type="identity">
      <class id="CHEBI_SO_EXT:oligonucleotide" label="oligonucleotide"/>
      <span end="13716" id="15938754-11280" start="13710">oligos</span>
    </annotation>
    <annotation annotator="Mike Bada, University of Colorado Anschutz Medical Campus" id="CHEBI_2015_08_26_Instance_220208" type="identity">
      <class id="CHEBI_SO_EXT:DNA" label="DNA"/>
      <span end="13777" id="15938754-11024" start="13774">DNA</span>
    </annotation>
    <annotation annotator="Mike Bada, University of Colorado Anschutz Medical Campus" id="CHEBI_2015_08_26_Instance_220210" type="identity">
      <class id="CHEBI_SO_EXT:amino_acid" label="amino acid"/>
      <span end="14033" id="15938754-11026" start="14023">amino acid</span>
    </annotation>
    <annotation annotator="Mike Bada, University of Colorado Anschutz Medical Campus" id="CHEBI_2015_08_26_Instance_220212" type="identity">
      <class id="CHEBI_SO_EXT:DNA" label="DNA"/>
      <span end="14119" id="15938754-11028" start="14116">DNA</span>
    </annotation>
    <annotation annotator="Mike Bada, University of Colorado Anschutz Medical Campus" id="CHEBI_2015_08_26_Instance_220214" type="identity">
      <class id="CHEBI_SO_EXT:oligonucleotide" label="oligonucleotide"/>
      <span end="14176" id="15938754-11030" start="14160">oligonucleotides</span>
    </annotation>
    <annotation annotator="Mike Bada, University of Colorado Anschutz Medical Campus" id="CHEBI_2015_08_26_Instance_220216" type="identity">
      <class id="CHEBI_SO_EXT:nucleotide" label="nucleotide"/>
      <span end="14611" id="15938754-11032" start="14601">nucleotide</span>
    </annotation>
    <annotation annotator="Mike Bada, University of Colorado Anschutz Medical Campus" id="CHEBI_2015_08_26_Instance_220218" type="identity">
      <class id="CHEBI_EXT:residue" label="residue"/>
      <span end="14705" id="15938754-11034" start="14697">residues</span>
    </annotation>
    <annotation annotator="Mike Bada, University of Colorado Anschutz Medical Campus" id="CHEBI_2015_08_26_Instance_220220" type="identity">
      <class id="CHEBI_SO_EXT:amino_acid" label="amino acid"/>
      <span end="14795" id="15938754-11036" start="14785">amino acid</span>
    </annotation>
    <annotation annotator="Mike Bada, University of Colorado Anschutz Medical Campus" id="CHEBI_2015_08_26_Instance_220222" type="identity">
      <class id="CHEBI_GO_SO_EXT:enzyme" label="enzyme"/>
      <span end="15372" id="15938754-11038" start="15365">enzymes</span>
    </annotation>
    <annotation annotator="Mike Bada, University of Colorado Anschutz Medical Campus" id="CHEBI_2015_08_26_Instance_220224" type="identity">
      <class id="CHEBI_SO_EXT:oligonucleotide" label="oligonucleotide"/>
      <span end="15393" id="15938754-11040" start="15377">oligonucleotides</span>
    </annotation>
    <annotation annotator="Mike Bada, University of Colorado Anschutz Medical Campus" id="CHEBI_2015_08_26_Instance_220226" type="identity">
      <class id="CHEBI_SO_EXT:DNA" label="DNA"/>
      <span end="15686" id="15938754-11042" start="15683">DNA</span>
    </annotation>
    <annotation annotator="Mike Bada, University of Colorado Anschutz Medical Campus" id="CHEBI_2015_08_26_Instance_220228" type="identity">
      <class id="CHEBI_SO_EXT:DNA" label="DNA"/>
      <span end="16933" id="15938754-11044" start="16930">DNA</span>
    </annotation>
    <annotation annotator="Mike Bada, University of Colorado Anschutz Medical Campus" id="CHEBI_2015_08_26_Instance_240789" type="identity">
      <class id="CHEBI_EXT:chemical_substance_or_polyatomic_entity" label="chemical substance or polyatomic entity"/>
      <span end="17867" id="15938754-11218" start="17857">chemically</span>
    </annotation>
    <annotation annotator="Mike Bada, University of Colorado Anschutz Medical Campus" id="CHEBI_2015_08_26_Instance_240793" type="identity">
      <class id="CHEBI_EXT:chemical_substance_or_polyatomic_entity" label="chemical substance or polyatomic entity"/>
      <span end="17901" id="15938754-11222" start="17891">substances</span>
    </annotation>
    <annotation annotator="Mike Bada, University of Colorado Anschutz Medical Campus" id="CHEBI_2015_08_26_Instance_220234" type="identity">
      <class id="CHEBI_GO_SO_EXT:enzyme" label="enzyme"/>
      <span end="17944" id="15938754-11046" start="17937">enzymes</span>
    </annotation>
    <annotation annotator="Mike Bada, University of Colorado Anschutz Medical Campus" id="CHEBI_2015_08_26_Instance_22957" type="identity">
      <class id="CHEBI:15854" label="quinine"/>
      <span end="18408" id="15938754-11150" start="18401">quinine</span>
    </annotation>
    <annotation annotator="Mike Bada, University of Colorado Anschutz Medical Campus" id="CHEBI_2015_08_26_Instance_21267" type="identity">
      <class id="CHEBI:15854" label="quinine"/>
      <span end="18420" id="15938754-10946" start="18417">Qui</span>
    </annotation>
    <annotation annotator="Mike Bada, University of Colorado Anschutz Medical Campus" id="CHEBI_2015_08_26_Instance_22959" type="identity">
      <class id="CHEBI:15854" label="quinine"/>
      <span end="18493" id="15938754-11152" start="18486">quinine</span>
    </annotation>
    <annotation annotator="Mike Bada, University of Colorado Anschutz Medical Campus" id="CHEBI_2015_08_26_Instance_330852" type="identity">
      <class id="CHEBI_SO_EXT:molecular_indicator_or_label_or_marker_or_tag" label="molecular indicator/label/marker/tag"/>
      <span end="18702" id="15938754-11276" start="18695">markers</span>
    </annotation>
    <annotation annotator="Mike Bada, University of Colorado Anschutz Medical Campus" id="CHEBI_2015_08_26_Instance_22961" type="identity">
      <class id="CHEBI:15854" label="quinine"/>
      <span end="18734" id="15938754-11154" start="18727">quinine</span>
    </annotation>
    <annotation annotator="Mike Bada, University of Colorado Anschutz Medical Campus" id="CHEBI_2015_08_26_Instance_220236" type="identity">
      <class id="CHEBI_SO_EXT:base" label="base"/>
      <span end="18756" id="15938754-11048" start="18755">b</span>
    </annotation>
    <annotation annotator="Mike Bada, University of Colorado Anschutz Medical Campus" id="CHEBI_2015_08_26_Instance_220238" type="identity">
      <class id="CHEBI_SO_EXT:proline" label="proline"/>
      <span end="18911" id="15938754-11050" start="18904">proline</span>
    </annotation>
    <annotation annotator="Mike Bada, University of Colorado Anschutz Medical Campus" id="CHEBI_2015_08_26_Instance_301908" type="identity">
      <class id="CHEBI_PR_EXT:protein" label="protein"/>
      <span end="18934" id="15938754-11256" start="18926">proteins</span>
    </annotation>
    <annotation annotator="Mike Bada, University of Colorado Anschutz Medical Campus" id="CHEBI_2015_08_26_Instance_301910" type="identity">
      <class id="CHEBI_PR_EXT:protein" label="protein"/>
      <span end="18965" id="15938754-11258" start="18957">proteins</span>
    </annotation>
    <annotation annotator="Mike Bada, University of Colorado Anschutz Medical Campus" id="CHEBI_2015_08_26_Instance_22963" type="identity">
      <class id="CHEBI:15854" label="quinine"/>
      <span end="19298" id="15938754-11156" start="19291">quinine</span>
    </annotation>
    <annotation annotator="Mike Bada, University of Colorado Anschutz Medical Campus" id="CHEBI_2015_08_26_Instance_22965" type="identity">
      <class id="CHEBI:15854" label="quinine"/>
      <span end="19454" id="15938754-11158" start="19447">quinine</span>
    </annotation>
    <annotation annotator="Mike Bada, University of Colorado Anschutz Medical Campus" id="CHEBI_2015_08_26_Instance_22967" type="identity">
      <class id="CHEBI:15854" label="quinine"/>
      <span end="19527" id="15938754-11160" start="19520">quinine</span>
    </annotation>
    <annotation annotator="Mike Bada, University of Colorado Anschutz Medical Campus" id="CHEBI_2015_08_26_Instance_301912" type="identity">
      <class id="CHEBI_PR_EXT:protein" label="protein"/>
      <span end="19560" id="15938754-11260" start="19552">proteins</span>
    </annotation>
    <annotation annotator="Mike Bada, University of Colorado Anschutz Medical Campus" id="CHEBI_2015_08_26_Instance_23035" type="identity">
      <class id="CHEBI:36916" label="cation"/>
      <span end="19572" id="15938754-11194" start="19564">cationic</span>
    </annotation>
    <annotation annotator="Mike Bada, University of Colorado Anschutz Medical Campus" id="CHEBI_2015_08_26_Instance_23037" type="identity">
      <class id="CHEBI:29103" label="potassium(1+)"/>
      <span end="19602" id="15938754-11196" start="19600">K+</span>
    </annotation>
    <annotation annotator="Mike Bada, University of Colorado Anschutz Medical Campus" id="CHEBI_2015_08_26_Instance_22969" type="identity">
      <class id="CHEBI:15854" label="quinine"/>
      <span end="19682" id="15938754-11162" start="19675">quinine</span>
    </annotation>
    <annotation annotator="Mike Bada, University of Colorado Anschutz Medical Campus" id="CHEBI_2015_08_26_Instance_22971" type="identity">
      <class id="CHEBI:15854" label="quinine"/>
      <span end="19799" id="15938754-11164" start="19792">quinine</span>
    </annotation>
    <annotation annotator="Mike Bada, University of Colorado Anschutz Medical Campus" id="CHEBI_2015_08_26_Instance_22973" type="identity">
      <class id="CHEBI:15854" label="quinine"/>
      <span end="20067" id="15938754-11166" start="20060">quinine</span>
    </annotation>
    <annotation annotator="Mike Bada, University of Colorado Anschutz Medical Campus" id="CHEBI_2015_08_26_Instance_23041" type="identity">
      <class id="CHEBI:24870" label="ion"/>
      <span end="20203" id="15938754-11200" start="20200">ion</span>
    </annotation>
    <annotation annotator="Mike Bada, University of Colorado Anschutz Medical Campus" id="CHEBI_2015_08_26_Instance_220240" type="identity">
      <class id="CHEBI_GO_SO_EXT:enzyme" label="enzyme"/>
      <span end="20221" id="15938754-11052" start="20214">enzymes</span>
    </annotation>
    <annotation annotator="Mike Bada, University of Colorado Anschutz Medical Campus" id="CHEBI_2015_08_26_Instance_22975" type="identity">
      <class id="CHEBI:15854" label="quinine"/>
      <span end="20369" id="15938754-11168" start="20362">quinine</span>
    </annotation>
    <annotation annotator="Mike Bada, University of Colorado Anschutz Medical Campus" id="CHEBI_2015_08_26_Instance_220242" type="identity">
      <class id="CHEBI_SO_EXT:molecular_indicator_or_label_or_marker_or_tag" label="molecular indicator/label/marker/tag"/>
      <span end="20671" id="15938754-11054" start="20664">markers</span>
    </annotation>
    <annotation annotator="Mike Bada, University of Colorado Anschutz Medical Campus" id="CHEBI_2015_08_26_Instance_22977" type="identity">
      <class id="CHEBI:15854" label="quinine"/>
      <span end="20866" id="15938754-11170" start="20859">quinine</span>
    </annotation>
    <annotation annotator="Mike Bada, University of Colorado Anschutz Medical Campus" id="CHEBI_2015_08_26_Instance_220244" type="identity">
      <class id="CHEBI:46261" label="N-phenylthiourea"/>
      <span end="21419" id="15938754-11056" start="21400">phenylthiocarbamide</span>
    </annotation>
    <annotation annotator="Mike Bada, University of Colorado Anschutz Medical Campus" id="CHEBI_2015_08_26_Instance_220246" type="identity">
      <class id="CHEBI:46261" label="N-phenylthiourea"/>
      <span end="21424" id="15938754-11058" start="21421">PTC</span>
    </annotation>
    <annotation annotator="Mike Bada, University of Colorado Anschutz Medical Campus" id="CHEBI_2015_08_26_Instance_220250" type="identity">
      <class id="CHEBI:32111" label="saccharin"/>
      <span end="21522" id="15938754-11062" start="21513">saccharin</span>
    </annotation>
    <annotation annotator="Mike Bada, University of Colorado Anschutz Medical Campus" id="CHEBI_2015_08_26_Instance_220248" type="identity">
      <class id="CHEBI:46261" label="N-phenylthiourea"/>
      <span end="21529" id="15938754-11060" start="21526">PTC</span>
    </annotation>
    <annotation annotator="Mike Bada, University of Colorado Anschutz Medical Campus" id="CHEBI_2015_08_26_Instance_220252" type="identity">
      <class id="CHEBI_EXT:62488" label="signalling molecule"/>
      <span end="21708" id="15938754-11064" start="21689">signaling molecules</span>
    </annotation>
    <annotation annotator="Mike Bada, University of Colorado Anschutz Medical Campus" id="CHEBI_2015_08_26_Instance_21275" type="identity">
      <class id="CHEBI:8502" label="6-propyl-2-thiouracil"/>
      <span end="21794" id="15938754-10954" start="21790">PROP</span>
    </annotation>
    <annotation annotator="Mike Bada, University of Colorado Anschutz Medical Campus" id="CHEBI_2015_08_26_Instance_22979" type="identity">
      <class id="CHEBI:15854" label="quinine"/>
      <span end="21889" id="15938754-11172" start="21882">quinine</span>
    </annotation>
    <annotation annotator="Mike Bada, University of Colorado Anschutz Medical Campus" id="CHEBI_2015_08_26_Instance_301914" type="identity">
      <class id="CHEBI_PR_EXT:protein" label="protein"/>
      <span end="22071" id="15938754-11262" start="22063">proteins</span>
    </annotation>
    <annotation annotator="Mike Bada, University of Colorado Anschutz Medical Campus" id="CHEBI_2015_08_26_Instance_220254" type="identity">
      <class id="CHEBI:36357" label="polyatomic entity"/>
      <span end="22167" id="15938754-11066" start="22158">compounds</span>
    </annotation>
    <annotation annotator="Mike Bada, University of Colorado Anschutz Medical Campus" id="CHEBI_2015_08_26_Instance_23043" type="identity">
      <class id="CHEBI:27641" label="cicloheximide"/>
      <span end="22195" id="15938754-11202" start="22182">cyclohexamide</span>
    </annotation>
    <annotation annotator="Mike Bada, University of Colorado Anschutz Medical Campus" id="CHEBI_2015_08_26_Instance_220256" type="identity">
      <class id="CHEBI_GO_EXT:ligand" label="ligand"/>
      <span end="22382" id="15938754-11068" start="22376">ligand</span>
    </annotation>
    <annotation annotator="Mike Bada, University of Colorado Anschutz Medical Campus" id="CHEBI_2015_08_26_Instance_220258" type="identity">
      <class id="CHEBI_GO_EXT:ligand" label="ligand"/>
      <span end="22613" id="15938754-11070" start="22607">ligand</span>
    </annotation>
    <annotation annotator="Mike Bada, University of Colorado Anschutz Medical Campus" id="CHEBI_2015_08_26_Instance_220260" type="identity">
      <class id="CHEBI_GO_EXT:ligand" label="ligand"/>
      <span end="22828" id="15938754-11072" start="22822">ligand</span>
    </annotation>
    <annotation annotator="Mike Bada, University of Colorado Anschutz Medical Campus" id="CHEBI_2015_08_26_Instance_301916" type="identity">
      <class id="CHEBI_PR_EXT:protein" label="protein"/>
      <span end="22870" id="15938754-11264" start="22862">proteins</span>
    </annotation>
    <annotation annotator="Mike Bada, University of Colorado Anschutz Medical Campus" id="CHEBI_2015_08_26_Instance_240795" type="identity">
      <class id="CHEBI_EXT:chemical_substance_or_polyatomic_entity" label="chemical substance or polyatomic entity"/>
      <span end="23722" id="15938754-11224" start="23713">substance</span>
    </annotation>
    <annotation annotator="Mike Bada, University of Colorado Anschutz Medical Campus" id="CHEBI_2015_08_26_Instance_22981" type="identity">
      <class id="CHEBI:15854" label="quinine"/>
      <span end="23730" id="15938754-11174" start="23723">quinine</span>
    </annotation>
    <annotation annotator="Mike Bada, University of Colorado Anschutz Medical Campus" id="CHEBI_2015_08_26_Instance_22983" type="identity">
      <class id="CHEBI:15854" label="quinine"/>
      <span end="23852" id="15938754-11176" start="23845">quinine</span>
    </annotation>
    <annotation annotator="Mike Bada, University of Colorado Anschutz Medical Campus" id="CHEBI_2015_08_26_Instance_22985" type="identity">
      <class id="CHEBI:15854" label="quinine"/>
      <span end="24091" id="15938754-11178" start="24084">quinine</span>
    </annotation>
    <annotation annotator="Mike Bada, University of Colorado Anschutz Medical Campus" id="CHEBI_2015_08_26_Instance_301918" type="identity">
      <class id="CHEBI_PR_EXT:protein" label="protein"/>
      <span end="24150" id="15938754-11266" start="24143">protein</span>
    </annotation>
    <annotation annotator="Mike Bada, University of Colorado Anschutz Medical Campus" id="CHEBI_2015_08_26_Instance_330802" type="identity">
      <class id="CHEBI:75958" label="solution"/>
      <span end="24458" id="15938754-11272" start="24449">solutions</span>
    </annotation>
    <annotation annotator="Mike Bada, University of Colorado Anschutz Medical Campus" id="CHEBI_2015_08_26_Instance_25883" type="identity">
      <class id="CHEBI_EXT:33290" label="food"/>
      <span end="25019" id="15938754-11234" start="25015">food</span>
    </annotation>
    <annotation annotator="Mike Bada, University of Colorado Anschutz Medical Campus" id="CHEBI_2015_08_26_Instance_23045" type="identity">
      <class id="CHEBI_EXT:33893" label="reagent"/>
      <span end="25107" id="15938754-11204" start="25100">reagent</span>
    </annotation>
    <annotation annotator="Mike Bada, University of Colorado Anschutz Medical Campus" id="CHEBI_2015_08_26_Instance_240791" type="identity">
      <class id="CHEBI_EXT:chemical_substance_or_polyatomic_entity" label="chemical substance or polyatomic entity"/>
      <span end="25123" id="15938754-11220" start="25114">chemicals</span>
    </annotation>
    <annotation annotator="Mike Bada, University of Colorado Anschutz Medical Campus" id="CHEBI_2015_08_26_Instance_23047" type="identity">
      <class id="CHEBI:17992" label="sucrose"/>
      <span end="25132" id="15938754-11206" start="25125">Sucrose</span>
    </annotation>
    <annotation annotator="Mike Bada, University of Colorado Anschutz Medical Campus" id="CHEBI_2015_08_26_Instance_23049" type="identity">
      <class id="CHEBI:16150" label="benzoate"/>
      <span end="25153" id="15938754-11208" start="25145">benzoate</span>
    </annotation>
    <annotation annotator="Mike Bada, University of Colorado Anschutz Medical Campus" id="CHEBI_2015_08_26_Instance_23051" type="identity">
      <class id="CHEBI:8502" label="6-propyl-2-thiouracil"/>
      <span end="25175" id="15938754-11210" start="25155">6-n-propylthiouracil</span>
    </annotation>
    <annotation annotator="Mike Bada, University of Colorado Anschutz Medical Campus" id="CHEBI_2015_08_26_Instance_22987" type="identity">
      <class id="CHEBI:15854" label="quinine"/>
      <span end="25187" id="15938754-11180" start="25180">quinine</span>
    </annotation>
    <annotation annotator="Mike Bada, University of Colorado Anschutz Medical Campus" id="CHEBI_2015_08_26_Instance_25889" type="identity">
      <class id="CHEBI:17883" label="hydrogen chloride"/>
      <span end="25201" id="15938754-11240" start="25188">hydrochloride</span>
    </annotation>
    <annotation annotator="Mike Bada, University of Colorado Anschutz Medical Campus" id="CHEBI_2015_08_26_Instance_220266" type="identity">
      <class id="CHEBI:75958" label="solution"/>
      <span end="25271" id="15938754-11074" start="25263">solution</span>
    </annotation>
    <annotation annotator="Mike Bada, University of Colorado Anschutz Medical Campus" id="CHEBI_2015_08_26_Instance_22905" type="identity">
      <class id="CHEBI:15377" label="water"/>
      <span end="25315" id="15938754-11100" start="25310">water</span>
    </annotation>
    <annotation annotator="Mike Bada, University of Colorado Anschutz Medical Campus" id="CHEBI_2015_08_26_Instance_22907" type="identity">
      <class id="CHEBI:15377" label="water"/>
      <span end="25722" id="15938754-11102" start="25717">water</span>
    </annotation>
    <annotation annotator="Mike Bada, University of Colorado Anschutz Medical Campus" id="CHEBI_2015_08_26_Instance_22909" type="identity">
      <class id="CHEBI:15377" label="water"/>
      <span end="25840" id="15938754-11104" start="25835">water</span>
    </annotation>
    <annotation annotator="Mike Bada, University of Colorado Anschutz Medical Campus" id="CHEBI_2015_08_26_Instance_22911" type="identity">
      <class id="CHEBI:15377" label="water"/>
      <span end="25988" id="15938754-11106" start="25983">water</span>
    </annotation>
    <annotation annotator="Mike Bada, University of Colorado Anschutz Medical Campus" id="CHEBI_2015_08_26_Instance_24639" type="identity">
      <class id="CHEBI:8502" label="6-propyl-2-thiouracil"/>
      <span end="26431" id="15938754-11228" start="26427">PROP</span>
    </annotation>
    <annotation annotator="Mike Bada, University of Colorado Anschutz Medical Campus" id="CHEBI_2015_08_26_Instance_23053" type="identity">
      <class id="CHEBI:17992" label="sucrose"/>
      <span end="26478" id="15938754-11212" start="26471">sucrose</span>
    </annotation>
    <annotation annotator="Mike Bada, University of Colorado Anschutz Medical Campus" id="CHEBI_2015_08_26_Instance_22913" type="identity">
      <class id="CHEBI:15377" label="water"/>
      <span end="26686" id="15938754-11108" start="26681">water</span>
    </annotation>
    <annotation annotator="Mike Bada, University of Colorado Anschutz Medical Campus" id="CHEBI_2015_08_26_Instance_22915" type="identity">
      <class id="CHEBI:15377" label="water"/>
      <span end="26900" id="15938754-11110" start="26895">water</span>
    </annotation>
    <annotation annotator="Mike Bada, University of Colorado Anschutz Medical Campus" id="CHEBI_2015_08_26_Instance_22917" type="identity">
      <class id="CHEBI:15377" label="water"/>
      <span end="26987" id="15938754-11112" start="26982">water</span>
    </annotation>
    <annotation annotator="Mike Bada, University of Colorado Anschutz Medical Campus" id="CHEBI_2015_08_26_Instance_22919" type="identity">
      <class id="CHEBI:15377" label="water"/>
      <span end="27013" id="15938754-11114" start="27008">water</span>
    </annotation>
    <annotation annotator="Mike Bada, University of Colorado Anschutz Medical Campus" id="CHEBI_2015_08_26_Instance_23055" type="identity">
      <class id="CHEBI:17992" label="sucrose"/>
      <span end="27272" id="15938754-11214" start="27265">sucrose</span>
    </annotation>
    <annotation annotator="Mike Bada, University of Colorado Anschutz Medical Campus" id="CHEBI_2015_08_26_Instance_220268" type="identity">
      <class id="CHEBI:36357" label="polyatomic entity"/>
      <span end="27364" id="15938754-11076" start="27356">compound</span>
    </annotation>
    <annotation annotator="Mike Bada, University of Colorado Anschutz Medical Campus" id="CHEBI_2015_08_26_Instance_22921" type="identity">
      <class id="CHEBI:15377" label="water"/>
      <span end="27402" id="15938754-11116" start="27397">water</span>
    </annotation>
    <annotation annotator="Mike Bada, University of Colorado Anschutz Medical Campus" id="CHEBI_2015_08_26_Instance_22923" type="identity">
      <class id="CHEBI:15377" label="water"/>
      <span end="27540" id="15938754-11118" start="27535">water</span>
    </annotation>
    <annotation annotator="Mike Bada, University of Colorado Anschutz Medical Campus" id="CHEBI_2015_08_26_Instance_22925" type="identity">
      <class id="CHEBI:15377" label="water"/>
      <span end="27627" id="15938754-11120" start="27622">water</span>
    </annotation>
    <annotation annotator="Mike Bada, University of Colorado Anschutz Medical Campus" id="CHEBI_2015_08_26_Instance_22927" type="identity">
      <class id="CHEBI:15377" label="water"/>
      <span end="27711" id="15938754-11122" start="27706">water</span>
    </annotation>
    <annotation annotator="Mike Bada, University of Colorado Anschutz Medical Campus" id="CHEBI_2015_08_26_Instance_220270" type="identity">
      <class id="CHEBI_SO_EXT:molecular_indicator_or_label_or_marker_or_tag" label="molecular indicator/label/marker/tag"/>
      <span end="28339" id="15938754-11078" start="28333">marker</span>
    </annotation>
    <annotation annotator="Mike Bada, University of Colorado Anschutz Medical Campus" id="CHEBI_2015_08_26_Instance_220272" type="identity">
      <class id="CHEBI_SO_EXT:molecular_indicator_or_label_or_marker_or_tag" label="molecular indicator/label/marker/tag"/>
      <span end="28644" id="15938754-11080" start="28637">markers</span>
    </annotation>
    <annotation annotator="Mike Bada, University of Colorado Anschutz Medical Campus" id="CHEBI_2015_08_26_Instance_220274" type="identity">
      <class id="CHEBI_SO_EXT:oligonucleotide" label="oligonucleotide"/>
      <span end="28824" id="15938754-11082" start="28808">Oligonucleotides</span>
    </annotation>
    <annotation annotator="Mike Bada, University of Colorado Anschutz Medical Campus" id="CHEBI_2015_08_26_Instance_220276" type="identity">
      <class id="CHEBI_SO_EXT:base" label="base"/>
      <span end="28946" id="15938754-11084" start="28945">b</span>
    </annotation>
    <annotation annotator="Mike Bada, University of Colorado Anschutz Medical Campus" id="CHEBI_2015_08_26_Instance_220278" type="identity">
      <class id="CHEBI_SO_EXT:DNA" label="DNA"/>
      <span end="29037" id="15938754-11086" start="29034">DNA</span>
    </annotation>
    <annotation annotator="Mike Bada, University of Colorado Anschutz Medical Campus" id="CHEBI_2015_08_26_Instance_220280" type="identity">
      <class id="CHEBI:33694" label="biomacromolecule"/>
      <span end="29346" id="15938754-11088" start="29336">Biopolymer</span>
    </annotation>
    <annotation annotator="Mike Bada, University of Colorado Anschutz Medical Campus" id="CHEBI_2015_08_26_Instance_220282" type="identity">
      <class id="CHEBI_SO_EXT:DNA" label="DNA"/>
      <span end="29704" id="15938754-11090" start="29701">DNA</span>
    </annotation>
    <annotation annotator="Mike Bada, University of Colorado Anschutz Medical Campus" id="CHEBI_2015_08_26_Instance_22989" type="identity">
      <class id="CHEBI:15854" label="quinine"/>
      <span end="29893" id="15938754-11182" start="29886">quinine</span>
    </annotation>
    <annotation annotator="Mike Bada, University of Colorado Anschutz Medical Campus" id="CHEBI_2015_08_26_Instance_22991" type="identity">
      <class id="CHEBI:15854" label="quinine"/>
      <span end="30107" id="15938754-11184" start="30100">quinine</span>
    </annotation>
    <annotation annotator="Mike Bada, University of Colorado Anschutz Medical Campus" id="CHEBI_2015_08_26_Instance_220284" type="identity">
      <class id="CHEBI_SO_EXT:molecular_indicator_or_label_or_marker_or_tag" label="molecular indicator/label/marker/tag"/>
      <span end="30425" id="15938754-11092" start="30418">Markers</span>
    </annotation>
    <annotation annotator="Mike Bada, University of Colorado Anschutz Medical Campus" id="CHEBI_2015_08_26_Instance_220286" type="identity">
      <class id="CHEBI_SO_EXT:base" label="base"/>
      <span end="30527" id="15938754-11094" start="30526">b</span>
    </annotation>
    <annotation annotator="Mike Bada, University of Colorado Anschutz Medical Campus" id="CHEBI_2015_08_26_Instance_220288" type="identity">
      <class id="CHEBI_SO_EXT:molecular_indicator_or_label_or_marker_or_tag" label="molecular indicator/label/marker/tag"/>
      <span end="31083" id="15938754-11096" start="31077">marker</span>
    </annotation>
    <annotation annotator="Mike Bada, University of Colorado Anschutz Medical Campus" id="CHEBI_2015_08_26_Instance_330164" type="identity">
      <class id="CHEBI_EXT:polyatomic_entity_or_group" label="polyatomic entity or group"/>
      <span end="31343" id="15938754-11268" start="31334">Molecular</span>
    </annotation>
    <annotation annotator="Mike Bada, University of Colorado Anschutz Medical Campus" id="CHEBI_2015_08_26_Instance_370100" type="identity">
      <class id="CHEBI_GO_EXT:biological_process_or_quality_or_role" label="biological process, quality or role"/>
      <span end="31354" id="15938754-11282" start="31344">biological</span>
    </annotation>
    <annotation annotator="Mike Bada, University of Colorado Anschutz Medical Campus" id="CHEBI_2015_08_26_Instance_220292" type="identity">
      <class id="CHEBI_SO_EXT:molecular_indicator_or_label_or_marker_or_tag" label="molecular indicator/label/marker/tag"/>
      <span end="31447" id="15938754-11098" start="31441">Marker</span>
    </annotation>
    <graph-space id="Old Knowtator Relations"/>
  </document>
</knowtator-project>
