<?xml version="1.0" encoding="UTF-8" standalone="no"?>
<knowtator-project>
    <document id="16109169" text-file="16109169.txt">
        <annotation annotator="Mike Bada, University of Colorado Anschutz Medical Campus" id="CHEBI_2015_08_26_Instance_302422" type="identity">
            <class id="CHEBI_PR_EXT:protein" label="protein"/>
            <span end="189" id="16109169-12036" start="182">protein</span>
        </annotation>
        <annotation annotator="Mike Bada, University of Colorado Anschutz Medical Campus" id="CHEBI_2015_08_26_Instance_240879" type="identity">
            <class id="CHEBI_SO_EXT:glutamine" label="glutamine"/>
            <span end="214" id="16109169-11928" start="205">glutamine</span>
        </annotation>
        <annotation annotator="Mike Bada, University of Colorado Anschutz Medical Campus" id="CHEBI_2015_08_26_Instance_240881" type="identity">
            <class id="CHEBI_SO_EXT:molecular_indicator_or_label_or_marker_or_tag" label="molecular indicator/label/marker/tag"/>
            <span end="1414" id="16109169-11930" start="1408">marker</span>
        </annotation>
        <annotation annotator="Mike Bada, University of Colorado Anschutz Medical Campus" id="CHEBI_2015_08_26_Instance_330178" type="identity">
            <class id="CHEBI_EXT:polyatomic_entity_or_group" label="polyatomic entity or group"/>
            <span end="1833" id="16109169-12052" start="1824">molecular</span>
        </annotation>
        <annotation annotator="Mike Bada, University of Colorado Anschutz Medical Campus" id="CHEBI_2015_08_26_Instance_240996" type="identity">
            <class id="CHEBI_SO_EXT:glutamine" label="glutamine"/>
            <span end="2045" id="16109169-12012" start="2036">glutamine</span>
        </annotation>
        <annotation annotator="Mike Bada, University of Colorado Anschutz Medical Campus" id="CHEBI_2015_08_26_Instance_240885" type="identity">
            <class id="CHEBI_SO_EXT:glutamine" label="glutamine"/>
            <span end="2291" id="16109169-11932" start="2282">glutamine</span>
        </annotation>
        <annotation annotator="Mike Bada, University of Colorado Anschutz Medical Campus" id="CHEBI_2015_08_26_Instance_302424" type="identity">
            <class id="CHEBI_PR_EXT:protein" label="protein"/>
            <span end="2333" id="16109169-12038" start="2326">protein</span>
        </annotation>
        <annotation annotator="Mike Bada, University of Colorado Anschutz Medical Campus" id="CHEBI_2015_08_26_Instance_330180" type="identity">
            <class id="CHEBI_EXT:polyatomic_entity_or_group" label="polyatomic entity or group"/>
            <span end="2370" id="16109169-12054" start="2361">molecular</span>
        </annotation>
        <annotation annotator="Mike Bada, University of Colorado Anschutz Medical Campus" id="CHEBI_2015_08_26_Instance_240889" type="identity">
            <class id="CHEBI_SO_EXT:glutamine" label="glutamine"/>
            <span end="2459" id="16109169-11934" start="2450">glutamine</span>
        </annotation>
        <annotation annotator="Mike Bada, University of Colorado Anschutz Medical Campus" id="CHEBI_2015_08_26_Instance_240891" type="identity">
            <class id="CHEBI_SO_EXT:glutamine" label="glutamine"/>
            <span end="2559" id="16109169-11936" start="2550">glutamine</span>
        </annotation>
        <annotation annotator="Mike Bada, University of Colorado Anschutz Medical Campus" id="CHEBI_2015_08_26_Instance_302426" type="identity">
            <class id="CHEBI_PR_EXT:protein" label="protein"/>
            <span end="2592" id="16109169-12040" start="2584">proteins</span>
        </annotation>
        <annotation annotator="Mike Bada, University of Colorado Anschutz Medical Campus" id="CHEBI_2015_08_26_Instance_240894" type="identity">
            <class id="CHEBI_SO_EXT:glutamine" label="glutamine"/>
            <span end="2669" id="16109169-11938" start="2660">glutamine</span>
        </annotation>
        <annotation annotator="Mike Bada, University of Colorado Anschutz Medical Campus" id="CHEBI_2015_08_26_Instance_240896" type="identity">
            <class id="CHEBI_SO_EXT:glutamine" label="glutamine"/>
            <span end="2790" id="16109169-11940" start="2781">glutamine</span>
        </annotation>
        <annotation annotator="Mike Bada, University of Colorado Anschutz Medical Campus" id="CHEBI_2015_08_26_Instance_302428" type="identity">
            <class id="CHEBI_PR_EXT:protein" label="protein"/>
            <span end="3100" id="16109169-12042" start="3093">protein</span>
        </annotation>
        <annotation annotator="Mike Bada, University of Colorado Anschutz Medical Campus" id="CHEBI_2015_08_26_Instance_302430" type="identity">
            <class id="CHEBI_PR_EXT:protein" label="protein"/>
            <span end="3186" id="16109169-12044" start="3179">protein</span>
        </annotation>
        <annotation annotator="Mike Bada, University of Colorado Anschutz Medical Campus" id="CHEBI_2015_08_26_Instance_240898" type="identity">
            <class id="CHEBI_SO_EXT:glutamine" label="glutamine"/>
            <span end="3515" id="16109169-11942" start="3506">glutamine</span>
        </annotation>
        <annotation annotator="Mike Bada, University of Colorado Anschutz Medical Campus" id="CHEBI_2015_08_26_Instance_330182" type="identity">
            <class id="CHEBI_EXT:polyatomic_entity_or_group" label="polyatomic entity or group"/>
            <span end="3576" id="16109169-12056" start="3567">molecular</span>
        </annotation>
        <annotation annotator="Mike Bada, University of Colorado Anschutz Medical Campus" id="CHEBI_2015_08_26_Instance_24755" type="identity">
            <class id="CHEBI_EXT:33284" label="nutrient"/>
            <span end="4933" id="16109169-12018" start="4924">nutrients</span>
        </annotation>
        <annotation annotator="Mike Bada, University of Colorado Anschutz Medical Campus" id="CHEBI_2015_08_26_Instance_240904" type="identity">
            <class id="CHEBI_EXT:iron" label="iron"/>
            <span end="5330" id="16109169-11944" start="5326">iron</span>
        </annotation>
        <annotation annotator="Mike Bada, University of Colorado Anschutz Medical Campus" id="CHEBI_2015_08_26_Instance_240906" type="identity">
            <class id="CHEBI_EXT:iron" label="iron"/>
            <span end="5378" id="16109169-11946" start="5374">iron</span>
        </annotation>
        <annotation annotator="Mike Bada, University of Colorado Anschutz Medical Campus" id="CHEBI_2015_08_26_Instance_24757" type="identity">
            <class id="CHEBI_EXT:33284" label="nutrient"/>
            <span end="6349" id="16109169-12020" start="6340">nutrients</span>
        </annotation>
        <annotation annotator="Mike Bada, University of Colorado Anschutz Medical Campus" id="CHEBI_2015_08_26_Instance_380929" type="identity">
            <class id="CHEBI_SO_EXT:molecular_label_or_mark_or_tag_process" label="molecular label/mark/tag process"/>
            <span end="7172" id="16109169-12066" start="7168">mark</span>
        </annotation>
        <annotation annotator="Mike Bada, University of Colorado Anschutz Medical Campus" id="CHEBI_2015_08_26_Instance_380931" type="identity">
            <class id="CHEBI_SO_EXT:molecular_label_or_mark_or_tag_process" label="molecular label/mark/tag process"/>
            <span end="10154" id="16109169-12068" start="10148">marked</span>
        </annotation>
        <annotation annotator="Mike Bada, University of Colorado Anschutz Medical Campus" id="CHEBI_2015_08_26_Instance_240908" type="identity">
            <class id="CHEBI_SO_EXT:molecular_indicator_or_label_or_marker_or_tag" label="molecular indicator/label/marker/tag"/>
            <span end="12111" id="16109169-11948" start="12104">markers</span>
        </annotation>
        <annotation annotator="Mike Bada, University of Colorado Anschutz Medical Campus" id="CHEBI_2015_08_26_Instance_240910" type="identity">
            <class id="CHEBI_SO_EXT:molecular_indicator_or_label_or_marker_or_tag" label="molecular indicator/label/marker/tag"/>
            <span end="12165" id="16109169-11950" start="12158">markers</span>
        </annotation>
        <annotation annotator="Mike Bada, University of Colorado Anschutz Medical Campus" id="CHEBI_2015_08_26_Instance_240912" type="identity">
            <class id="CHEBI_EXT:62488" label="signalling molecule"/>
            <span end="14055" id="16109169-11952" start="14036">signaling molecules</span>
        </annotation>
        <annotation annotator="Mike Bada, University of Colorado Anschutz Medical Campus" id="CHEBI_2015_08_26_Instance_240914" type="identity">
            <class id="CHEBI:36357" label="polyatomic entity"/>
            <span end="14152" id="16109169-11954" start="14143">molecules</span>
        </annotation>
        <annotation annotator="Mike Bada, University of Colorado Anschutz Medical Campus" id="CHEBI_2015_08_26_Instance_380933" type="identity">
            <class id="CHEBI_SO_EXT:molecular_label_or_mark_or_tag_process" label="molecular label/mark/tag process"/>
            <span end="14527" id="16109169-12070" start="14520">marking</span>
        </annotation>
        <annotation annotator="Mike Bada, University of Colorado Anschutz Medical Campus" id="CHEBI_2015_08_26_Instance_240916" type="identity">
            <class id="CHEBI:75055" label="5-bromo-4-chloro-3-indolyl beta-D-galactoside"/>
            <span end="15414" id="16109169-11956" start="15409">X-gal</span>
        </annotation>
        <annotation annotator="Mike Bada, University of Colorado Anschutz Medical Campus" id="CHEBI_2015_08_26_Instance_240918" type="identity">
            <class id="CHEBI_SO_EXT:molecular_indicator_or_label_or_marker_or_tag" label="molecular indicator/label/marker/tag"/>
            <span end="17228" id="16109169-11958" start="17221">markers</span>
        </annotation>
        <annotation annotator="Mike Bada, University of Colorado Anschutz Medical Campus" id="CHEBI_2015_08_26_Instance_240920" type="identity">
            <class id="CHEBI_EXT:62488" label="signalling molecule"/>
            <span end="18357" id="16109169-11960" start="18338">signaling molecules</span>
        </annotation>
        <annotation annotator="Mike Bada, University of Colorado Anschutz Medical Campus" id="CHEBI_2015_08_26_Instance_24759" type="identity">
            <class id="CHEBI:39015" label="apolipoprotein"/>
            <span end="18914" id="16109169-12022" start="18899">apolipoproteins</span>
        </annotation>
        <annotation annotator="Mike Bada, University of Colorado Anschutz Medical Campus" id="CHEBI_2015_08_26_Instance_240922" type="identity">
            <class id="CHEBI_SO_EXT:molecular_indicator_or_label_or_marker_or_tag" label="molecular indicator/label/marker/tag"/>
            <span end="19762" id="16109169-11962" start="19755">markers</span>
        </annotation>
        <annotation annotator="Mike Bada, University of Colorado Anschutz Medical Campus" id="CHEBI_2015_08_26_Instance_240924" type="identity">
            <class id="CHEBI_SO_EXT:molecular_indicator_or_label_or_marker_or_tag" label="molecular indicator/label/marker/tag"/>
            <span end="19857" id="16109169-11964" start="19850">markers</span>
        </annotation>
        <annotation annotator="Mike Bada, University of Colorado Anschutz Medical Campus" id="CHEBI_2015_08_26_Instance_240926" type="identity">
            <class id="CHEBI_EXT:62488" label="signalling molecule"/>
            <span end="20400" id="16109169-11966" start="20381">signaling molecules</span>
        </annotation>
        <annotation annotator="Mike Bada, University of Colorado Anschutz Medical Campus" id="CHEBI_2015_08_26_Instance_24751" type="identity">
            <class id="CHEBI_EXT:33284" label="nutrient"/>
            <span end="21200" id="16109169-12014" start="21192">nutrient</span>
        </annotation>
        <annotation annotator="Mike Bada, University of Colorado Anschutz Medical Campus" id="CHEBI_2015_08_26_Instance_240928" type="identity">
            <class id="CHEBI_EXT:62488" label="signalling molecule"/>
            <span end="21864" id="16109169-11968" start="21846">signaling molecule</span>
        </annotation>
        <annotation annotator="Mike Bada, University of Colorado Anschutz Medical Campus" id="CHEBI_2015_08_26_backup_Instance_20079" type="identity">
            <class id="CHEBI_GO_EXT:antagonist" label="antagonist"/>
            <span end="23179" id="16109169-11926" start="23168">antagonists</span>
        </annotation>
        <annotation annotator="Mike Bada, University of Colorado Anschutz Medical Campus" id="CHEBI_2015_08_26_Instance_24753" type="identity">
            <class id="CHEBI_EXT:33284" label="nutrient"/>
            <span end="24631" id="16109169-12016" start="24623">nutrient</span>
        </annotation>
        <annotation annotator="Mike Bada, University of Colorado Anschutz Medical Campus" id="CHEBI_2015_08_26_Instance_330184" type="identity">
            <class id="CHEBI_EXT:polyatomic_entity_or_group" label="polyatomic entity or group"/>
            <span end="24801" id="16109169-12058" start="24792">molecular</span>
        </annotation>
        <annotation annotator="Mike Bada, University of Colorado Anschutz Medical Campus" id="CHEBI_2015_08_26_Instance_240936" type="identity">
            <class id="CHEBI_SO_EXT:glutamine" label="glutamine"/>
            <span end="24899" id="16109169-11970" start="24890">glutamine</span>
        </annotation>
        <annotation annotator="Mike Bada, University of Colorado Anschutz Medical Campus" id="CHEBI_2015_08_26_Instance_330186" type="identity">
            <class id="CHEBI_EXT:polyatomic_entity_or_group" label="polyatomic entity or group"/>
            <span end="25498" id="16109169-12060" start="25489">molecular</span>
        </annotation>
        <annotation annotator="Mike Bada, University of Colorado Anschutz Medical Campus" id="CHEBI_2015_08_26_Instance_240940" type="identity">
            <class id="CHEBI_SO_EXT:molecular_indicator_or_label_or_marker_or_tag" label="molecular indicator/label/marker/tag"/>
            <span end="25871" id="16109169-11972" start="25864">markers</span>
        </annotation>
        <annotation annotator="Mike Bada, University of Colorado Anschutz Medical Campus" id="CHEBI_2015_08_26_Instance_240942" type="identity">
            <class id="CHEBI_SO_EXT:mRNA" label="mRNA"/>
            <span end="26577" id="16109169-11974" start="26573">mRNA</span>
        </annotation>
        <annotation annotator="Mike Bada, University of Colorado Anschutz Medical Campus" id="CHEBI_2015_08_26_Instance_24765" type="identity">
            <class id="CHEBI_EXT:33284" label="nutrient"/>
            <span end="28384" id="16109169-12024" start="28376">nutrient</span>
        </annotation>
        <annotation annotator="Mike Bada, University of Colorado Anschutz Medical Campus" id="CHEBI_2015_08_26_Instance_240944" type="identity">
            <class id="CHEBI_SO_EXT:molecular_indicator_or_label_or_marker_or_tag" label="molecular indicator/label/marker/tag"/>
            <span end="28581" id="16109169-11976" start="28574">markers</span>
        </annotation>
        <annotation annotator="Mike Bada, University of Colorado Anschutz Medical Campus" id="CHEBI_2015_08_26_Instance_302432" type="identity">
            <class id="CHEBI_PR_EXT:protein" label="protein"/>
            <span end="29633" id="16109169-12046" start="29626">protein</span>
        </annotation>
        <annotation annotator="Mike Bada, University of Colorado Anschutz Medical Campus" id="CHEBI_2015_08_26_Instance_302434" type="identity">
            <class id="CHEBI_PR_EXT:protein" label="protein"/>
            <span end="29833" id="16109169-12048" start="29826">protein</span>
        </annotation>
        <annotation annotator="Mike Bada, University of Colorado Anschutz Medical Campus" id="CHEBI_2015_08_26_Instance_330188" type="identity">
            <class id="CHEBI_EXT:polyatomic_entity_or_group" label="polyatomic entity or group"/>
            <span end="30164" id="16109169-12062" start="30155">molecular</span>
        </annotation>
        <annotation annotator="Mike Bada, University of Colorado Anschutz Medical Campus" id="CHEBI_2015_08_26_Instance_302436" type="identity">
            <class id="CHEBI_PR_EXT:protein" label="protein"/>
            <span end="30237" id="16109169-12050" start="30230">protein</span>
        </annotation>
        <annotation annotator="Mike Bada, University of Colorado Anschutz Medical Campus" id="CHEBI_2015_08_26_Instance_240948" type="identity">
            <class id="CHEBI_SO_EXT:glutamine" label="glutamine"/>
            <span end="30270" id="16109169-11978" start="30261">glutamine</span>
        </annotation>
        <annotation annotator="Mike Bada, University of Colorado Anschutz Medical Campus" id="CHEBI_2015_08_26_Instance_240950" type="identity">
            <class id="CHEBI_SO_EXT:glutamine" label="glutamine"/>
            <span end="30952" id="16109169-11980" start="30943">glutamine</span>
        </annotation>
        <annotation annotator="Mike Bada, University of Colorado Anschutz Medical Campus" id="CHEBI_2015_08_26_Instance_330190" type="identity">
            <class id="CHEBI_EXT:polyatomic_entity_or_group" label="polyatomic entity or group"/>
            <span end="31762" id="16109169-12064" start="31753">molecular</span>
        </annotation>
        <annotation annotator="Mike Bada, University of Colorado Anschutz Medical Campus" id="CHEBI_2015_08_26_Instance_240954" type="identity">
            <class id="CHEBI_SO_EXT:glutamine" label="glutamine"/>
            <span end="32150" id="16109169-11982" start="32141">glutamine</span>
        </annotation>
        <annotation annotator="Mike Bada, University of Colorado Anschutz Medical Campus" id="CHEBI_2015_08_26_Instance_240956" type="identity">
            <class id="CHEBI_EXT:paraformaldehye" label="paraformaldehyde"/>
            <span end="33145" id="16109169-11984" start="33129">paraformaldehyde</span>
        </annotation>
        <annotation annotator="Mike Bada, University of Colorado Anschutz Medical Campus" id="CHEBI_2015_08_26_Instance_240958" type="identity">
            <class id="CHEBI_EXT:paraformaldehye" label="paraformaldehyde"/>
            <span end="33204" id="16109169-11986" start="33188">paraformaldehyde</span>
        </annotation>
        <annotation annotator="Mike Bada, University of Colorado Anschutz Medical Campus" id="CHEBI_2015_08_26_Instance_240960" type="identity">
            <class id="CHEBI_SO_EXT:RNA" label="RNA"/>
            <span end="33263" id="16109169-11988" start="33260">RNA</span>
        </annotation>
        <annotation annotator="Mike Bada, University of Colorado Anschutz Medical Campus" id="CHEBI_2015_08_26_Instance_240962" type="identity">
            <class id="CHEBI_EXT:paraformaldehye" label="paraformaldehyde"/>
            <span end="33457" id="16109169-11990" start="33441">paraformaldehyde</span>
        </annotation>
        <annotation annotator="Mike Bada, University of Colorado Anschutz Medical Campus" id="CHEBI_2015_08_26_Instance_24767" type="identity">
            <class id="CHEBI:17754" label="glycerol"/>
            <span end="33495" id="16109169-12026" start="33487">glycerol</span>
        </annotation>
        <annotation annotator="Mike Bada, University of Colorado Anschutz Medical Campus" id="CHEBI_2015_08_26_Instance_240964" type="identity">
            <class id="CHEBI_SO_EXT:molecular_indicator_or_label_or_marker_or_tag" label="molecular indicator/label/marker/tag"/>
            <span end="33676" id="16109169-11992" start="33670">marker</span>
        </annotation>
        <annotation annotator="Mike Bada, University of Colorado Anschutz Medical Campus" id="CHEBI_2015_08_26_Instance_240966" type="identity">
            <class id="CHEBI_EXT:paraformaldehye" label="paraformaldehyde"/>
            <span end="33871" id="16109169-11994" start="33855">paraformaldehyde</span>
        </annotation>
        <annotation annotator="Mike Bada, University of Colorado Anschutz Medical Campus" id="CHEBI_2015_08_26_Instance_240968" type="identity">
            <class id="CHEBI:9750" label="Triton X-100"/>
            <span end="33924" id="16109169-11996" start="33918">TX-100</span>
        </annotation>
        <annotation annotator="Mike Bada, University of Colorado Anschutz Medical Campus" id="CHEBI_2015_08_26_Instance_240978" type="identity">
            <class id="CHEBI:67100" label="tris maleate"/>
            <span end="33975" id="16109169-12000" start="33963">Tris-Maleate</span>
        </annotation>
        <annotation annotator="Mike Bada, University of Colorado Anschutz Medical Campus" id="CHEBI_2015_08_26_Instance_240976" type="identity">
            <class id="CHEBI_CHMO_EXT:buffer_solution" label="buffer solution"/>
            <span end="33982" id="16109169-11998" start="33976">Buffer</span>
        </annotation>
        <annotation annotator="Mike Bada, University of Colorado Anschutz Medical Campus" id="CHEBI_2015_08_26_Instance_240980" type="identity">
            <class id="CHEBI:67100" label="tris maleate"/>
            <span end="34002" id="16109169-12002" start="33990">Tris-Maleate</span>
        </annotation>
        <annotation annotator="Mike Bada, University of Colorado Anschutz Medical Campus" id="CHEBI_2015_08_26_Instance_24785" type="identity">
            <class id="CHEBI:6636" label="magnesium dichloride"/>
            <span end="34026" id="16109169-12028" start="34021">MgCl2</span>
        </annotation>
        <annotation annotator="Mike Bada, University of Colorado Anschutz Medical Campus" id="CHEBI_2015_08_26_Instance_240984" type="identity">
            <class id="CHEBI:75958" label="solution"/>
            <span end="34101" id="16109169-12006" start="34093">solution</span>
        </annotation>
        <annotation annotator="Mike Bada, University of Colorado Anschutz Medical Campus" id="CHEBI_2015_08_26_Instance_240982" type="identity">
            <class id="CHEBI:67100" label="tris maleate"/>
            <span end="34121" id="16109169-12004" start="34109">Tris-Maleate</span>
        </annotation>
        <annotation annotator="Mike Bada, University of Colorado Anschutz Medical Campus" id="CHEBI_2015_08_26_Instance_24787" type="identity">
            <class id="CHEBI:6636" label="magnesium dichloride"/>
            <span end="34145" id="16109169-12030" start="34140">MgCl2</span>
        </annotation>
        <annotation annotator="Mike Bada, University of Colorado Anschutz Medical Campus" id="CHEBI_2015_08_26_Instance_240986" type="identity">
            <class id="CHEBI:9750" label="Triton X-100"/>
            <span end="34252" id="16109169-12008" start="34246">TX-100</span>
        </annotation>
        <annotation annotator="Mike Bada, University of Colorado Anschutz Medical Campus" id="CHEBI_2015_08_26_Instance_27185" type="identity">
            <class id="CHEBI:16526" label="carbon dioxide"/>
            <span end="34508" id="16109169-12034" start="34505">CO2</span>
        </annotation>
        <annotation annotator="Mike Bada, University of Colorado Anschutz Medical Campus" id="CHEBI_2015_08_26_Instance_240988" type="identity">
            <class id="CHEBI_EXT:paraformaldehye" label="paraformaldehyde"/>
            <span end="34556" id="16109169-12010" start="34540">paraformaldehyde</span>
        </annotation>
        <annotation annotator="Mike Bada, University of Colorado Anschutz Medical Campus" id="CHEBI_2015_08_26_Instance_24801" type="identity">
            <class id="CHEBI_EXT:33893" label="reagent"/>
            <span end="35283" id="16109169-12032" start="35275">reagents</span>
        </annotation>
        <graph-space id="Old Knowtator Relations"/>
    </document>
</knowtator-project>
