<?xml version="1.0" encoding="UTF-8" standalone="no"?>
<knowtator-project>
  <document id="16121255" text-file="16121255.txt">
    <annotation annotator="Mike Bada, University of Colorado Anschutz Medical Campus" id="CHEBI_2015_08_26_Instance_250138" type="identity">
      <class id="CHEBI_PR_EXT:vasopressin" label="vasopressin"/>
      <span end="217" id="16121255-12375" start="206">vasopressin</span>
    </annotation>
    <annotation annotator="Mike Bada, University of Colorado Anschutz Medical Campus" id="CHEBI_2015_08_26_Instance_250142" type="identity">
      <class id="CHEBI_PR_EXT:vasopressin" label="vasopressin"/>
      <span end="324" id="16121255-12379" start="313">vasopressin</span>
    </annotation>
    <annotation annotator="Mike Bada, University of Colorado Anschutz Medical Campus" id="CHEBI_2015_08_26_Instance_250140" type="identity">
      <class id="CHEBI_PR_EXT:vasopressin" label="vasopressin"/>
      <span end="367" id="16121255-12377" start="356">vasopressin</span>
    </annotation>
    <annotation annotator="Mike Bada, University of Colorado Anschutz Medical Campus" id="CHEBI_2015_08_26_Instance_25603" type="identity">
      <class id="CHEBI:15377" label="water"/>
      <span end="383" id="16121255-12617" start="378">water</span>
    </annotation>
    <annotation annotator="Mike Bada, University of Colorado Anschutz Medical Campus" id="CHEBI_2015_08_26_Instance_25659" type="identity">
      <class id="CHEBI:23995" label="N-ethyl-N-nitrosourea"/>
      <span end="561" id="16121255-12673" start="545">ethylnitrosourea</span>
    </annotation>
    <annotation annotator="Mike Bada, University of Colorado Anschutz Medical Campus" id="CHEBI_2015_08_26_Instance_25607" type="identity">
      <class id="CHEBI:15377" label="water"/>
      <span end="962" id="16121255-12621" start="957">water</span>
    </annotation>
    <annotation annotator="Mike Bada, University of Colorado Anschutz Medical Campus" id="CHEBI_2015_08_26_Instance_330204" type="identity">
      <class id="CHEBI_EXT:polyatomic_entity_or_group" label="polyatomic entity or group"/>
      <span end="1077" id="16121255-12859" start="1068">molecular</span>
    </annotation>
    <annotation annotator="Mike Bada, University of Colorado Anschutz Medical Campus" id="CHEBI_2015_08_26_Instance_302440" type="identity">
      <class id="CHEBI_PR_EXT:protein" label="protein"/>
      <span end="1213" id="16121255-12737" start="1206">protein</span>
    </annotation>
    <annotation annotator="Mike Bada, University of Colorado Anschutz Medical Campus" id="CHEBI_2015_08_26_Instance_302442" type="identity">
      <class id="CHEBI_PR_EXT:protein" label="protein"/>
      <span end="1339" id="16121255-12739" start="1332">protein</span>
    </annotation>
    <annotation annotator="Mike Bada, University of Colorado Anschutz Medical Campus" id="CHEBI_2015_08_26_Instance_340282" type="identity">
      <class id="CHEBI_EXT:52217" label="pharmaceutical"/>
      <span end="1440" id="16121255-12889" start="1425">pharmacological</span>
    </annotation>
    <annotation annotator="Mike Bada, University of Colorado Anschutz Medical Campus" id="CHEBI_2015_08_26_Instance_25609" type="identity">
      <class id="CHEBI:15377" label="water"/>
      <span end="1630" id="16121255-12623" start="1625">water</span>
    </annotation>
    <annotation annotator="Mike Bada, University of Colorado Anschutz Medical Campus" id="CHEBI_2015_08_26_Instance_25611" type="identity">
      <class id="CHEBI:15377" label="water"/>
      <span end="1685" id="16121255-12625" start="1680">water</span>
    </annotation>
    <annotation annotator="Mike Bada, University of Colorado Anschutz Medical Campus" id="CHEBI_2015_08_26_Instance_250094" type="identity">
      <class id="CHEBI_EXT:62488" label="signalling molecule"/>
      <span end="1733" id="16121255-12351" start="1715">signaling molecule</span>
    </annotation>
    <annotation annotator="Mike Bada, University of Colorado Anschutz Medical Campus" id="CHEBI_2015_08_26_Instance_250112" type="identity">
      <class id="CHEBI_PR_EXT:arginine_vasopressin" label="arginine vasopressin"/>
      <span end="1786" id="16121255-12353" start="1766">arginine vasopressin</span>
    </annotation>
    <annotation annotator="Mike Bada, University of Colorado Anschutz Medical Campus" id="CHEBI_2015_08_26_Instance_250114" type="identity">
      <class id="CHEBI_PR_EXT:arginine_vasopressin" label="arginine vasopressin"/>
      <span end="1791" id="16121255-12355" start="1788">AVP</span>
    </annotation>
    <annotation annotator="Mike Bada, University of Colorado Anschutz Medical Campus" id="CHEBI_2015_08_26_Instance_302444" type="identity">
      <class id="CHEBI_PR_EXT:protein" label="protein"/>
      <span end="1827" id="16121255-12741" start="1820">protein</span>
    </annotation>
    <annotation annotator="Mike Bada, University of Colorado Anschutz Medical Campus" id="CHEBI_2015_08_26_Instance_250116" type="identity">
      <class id="CHEBI_PR_EXT:arginine_vasopressin" label="arginine vasopressin"/>
      <span end="1863" id="16121255-12357" start="1860">AVP</span>
    </annotation>
    <annotation annotator="Mike Bada, University of Colorado Anschutz Medical Campus" id="CHEBI_2015_08_26_Instance_250118" type="identity">
      <class id="CHEBI_PR_EXT:arginine_vasopressin" label="arginine vasopressin"/>
      <span end="1885" id="16121255-12359" start="1882">AVP</span>
    </annotation>
    <annotation annotator="Mike Bada, University of Colorado Anschutz Medical Campus" id="CHEBI_2015_08_26_Instance_331230" type="identity">
      <class id="CHEBI_EXT:biochemical" label="biochemical"/>
      <span end="1956" id="16121255-12881" start="1945">biochemical</span>
    </annotation>
    <annotation annotator="Mike Bada, University of Colorado Anschutz Medical Campus" id="CHEBI_2015_08_26_Instance_302446" type="identity">
      <class id="CHEBI_PR_EXT:protein" label="protein"/>
      <span end="2017" id="16121255-12743" start="2010">protein</span>
    </annotation>
    <annotation annotator="Mike Bada, University of Colorado Anschutz Medical Campus" id="CHEBI_2015_08_26_Instance_25613" type="identity">
      <class id="CHEBI:15377" label="water"/>
      <span end="2142" id="16121255-12627" start="2137">water</span>
    </annotation>
    <annotation annotator="Mike Bada, University of Colorado Anschutz Medical Campus" id="CHEBI_2015_08_26_Instance_25615" type="identity">
      <class id="CHEBI:15377" label="water"/>
      <span end="2230" id="16121255-12629" start="2225">water</span>
    </annotation>
    <annotation annotator="Mike Bada, University of Colorado Anschutz Medical Campus" id="CHEBI_2015_08_26_Instance_25617" type="identity">
      <class id="CHEBI:15377" label="water"/>
      <span end="2289" id="16121255-12631" start="2284">water</span>
    </annotation>
    <annotation annotator="Mike Bada, University of Colorado Anschutz Medical Campus" id="CHEBI_2015_08_26_Instance_380246" type="identity">
      <class id="CHEBI_EXT:diuretic_agent_or_process" label="diuretic agent or process"/>
      <span end="3216" id="16121255-12897" start="3208">diuretic</span>
    </annotation>
    <annotation annotator="Mike Bada, University of Colorado Anschutz Medical Campus" id="CHEBI_2015_08_26_Instance_250120" type="identity">
      <class id="CHEBI_GO_EXT:hormone" label="hormone"/>
      <span end="3224" id="16121255-12361" start="3217">hormone</span>
    </annotation>
    <annotation annotator="Mike Bada, University of Colorado Anschutz Medical Campus" id="CHEBI_2015_08_26_Instance_250122" type="identity">
      <class id="CHEBI_PR_EXT:arginine_vasopressin" label="arginine vasopressin"/>
      <span end="3245" id="16121255-12363" start="3225">arginine vasopressin</span>
    </annotation>
    <annotation annotator="Mike Bada, University of Colorado Anschutz Medical Campus" id="CHEBI_2015_08_26_Instance_250124" type="identity">
      <class id="CHEBI_PR_EXT:arginine_vasopressin" label="arginine vasopressin"/>
      <span end="3250" id="16121255-12365" start="3247">AVP</span>
    </annotation>
    <annotation annotator="Mike Bada, University of Colorado Anschutz Medical Campus" id="CHEBI_2015_08_26_Instance_302448" type="identity">
      <class id="CHEBI_PR_EXT:protein" label="protein"/>
      <span end="3444" id="16121255-12745" start="3437">protein</span>
    </annotation>
    <annotation annotator="Mike Bada, University of Colorado Anschutz Medical Campus" id="CHEBI_2015_08_26_Instance_25619" type="identity">
      <class id="CHEBI:15377" label="water"/>
      <span end="3475" id="16121255-12633" start="3470">water</span>
    </annotation>
    <annotation annotator="Mike Bada, University of Colorado Anschutz Medical Campus" id="CHEBI_2015_08_26_Instance_302450" type="identity">
      <class id="CHEBI_PR_EXT:protein" label="protein"/>
      <span end="3588" id="16121255-12747" start="3580">proteins</span>
    </annotation>
    <annotation annotator="Mike Bada, University of Colorado Anschutz Medical Campus" id="CHEBI_2015_08_26_Instance_25621" type="identity">
      <class id="CHEBI:15377" label="water"/>
      <span end="3616" id="16121255-12635" start="3611">water</span>
    </annotation>
    <annotation annotator="Mike Bada, University of Colorado Anschutz Medical Campus" id="CHEBI_2015_08_26_Instance_25623" type="identity">
      <class id="CHEBI:15377" label="water"/>
      <span end="3733" id="16121255-12637" start="3728">water</span>
    </annotation>
    <annotation annotator="Mike Bada, University of Colorado Anschutz Medical Campus" id="CHEBI_2015_08_26_Instance_302452" type="identity">
      <class id="CHEBI_PR_EXT:protein" label="protein"/>
      <span end="3941" id="16121255-12749" start="3933">proteins</span>
    </annotation>
    <annotation annotator="Mike Bada, University of Colorado Anschutz Medical Campus" id="CHEBI_2015_08_26_Instance_302454" type="identity">
      <class id="CHEBI_PR_EXT:protein" label="protein"/>
      <span end="4309" id="16121255-12751" start="4302">protein</span>
    </annotation>
    <annotation annotator="Mike Bada, University of Colorado Anschutz Medical Campus" id="CHEBI_2015_08_26_Instance_25625" type="identity">
      <class id="CHEBI:15377" label="water"/>
      <span end="4396" id="16121255-12639" start="4391">water</span>
    </annotation>
    <annotation annotator="Mike Bada, University of Colorado Anschutz Medical Campus" id="CHEBI_2015_08_26_Instance_25627" type="identity">
      <class id="CHEBI:15377" label="water"/>
      <span end="4465" id="16121255-12641" start="4460">water</span>
    </annotation>
    <annotation annotator="Mike Bada, University of Colorado Anschutz Medical Campus" id="CHEBI_2015_08_26_Instance_250126" type="identity">
      <class id="CHEBI_PR_EXT:arginine_vasopressin" label="arginine vasopressin"/>
      <span end="4516" id="16121255-12367" start="4513">AVP</span>
    </annotation>
    <annotation annotator="Mike Bada, University of Colorado Anschutz Medical Campus" id="CHEBI_2015_08_26_Instance_25741" type="identity">
      <class id="CHEBI:17489" label="3',5'-cyclic AMP"/>
      <span end="4637" id="16121255-12683" start="4633">cAMP</span>
    </annotation>
    <annotation annotator="Mike Bada, University of Colorado Anschutz Medical Campus" id="CHEBI_2015_08_26_Instance_250128" type="identity">
      <class id="CHEBI_SO_EXT:serine" label="serine"/>
      <span end="4696" id="16121255-12369" start="4690">serine</span>
    </annotation>
    <annotation annotator="Mike Bada, University of Colorado Anschutz Medical Campus" id="CHEBI_2015_08_26_Instance_25743" type="identity">
      <class id="CHEBI:17489" label="3',5'-cyclic AMP"/>
      <span end="4708" id="16121255-12685" start="4704">cAMP</span>
    </annotation>
    <annotation annotator="Mike Bada, University of Colorado Anschutz Medical Campus" id="CHEBI_2015_08_26_Instance_302456" type="identity">
      <class id="CHEBI_PR_EXT:protein" label="protein"/>
      <span end="4726" id="16121255-12753" start="4719">protein</span>
    </annotation>
    <annotation annotator="Mike Bada, University of Colorado Anschutz Medical Campus" id="CHEBI_2015_08_26_Instance_25629" type="identity">
      <class id="CHEBI:15377" label="water"/>
      <span end="5057" id="16121255-12643" start="5052">water</span>
    </annotation>
    <annotation annotator="Mike Bada, University of Colorado Anschutz Medical Campus" id="CHEBI_2015_08_26_Instance_25745" type="identity">
      <class id="CHEBI:17489" label="3',5'-cyclic AMP"/>
      <span end="5110" id="16121255-12687" start="5106">cAMP</span>
    </annotation>
    <annotation annotator="Mike Bada, University of Colorado Anschutz Medical Campus" id="CHEBI_2015_08_26_Instance_302458" type="identity">
      <class id="CHEBI_PR_EXT:protein" label="protein"/>
      <span end="5234" id="16121255-12755" start="5227">protein</span>
    </annotation>
    <annotation annotator="Mike Bada, University of Colorado Anschutz Medical Campus" id="CHEBI_2015_08_26_Instance_25631" type="identity">
      <class id="CHEBI:15377" label="water"/>
      <span end="5788" id="16121255-12645" start="5783">water</span>
    </annotation>
    <annotation annotator="Mike Bada, University of Colorado Anschutz Medical Campus" id="CHEBI_2015_08_26_Instance_330206" type="identity">
      <class id="CHEBI_EXT:polyatomic_entity_or_group" label="polyatomic entity or group"/>
      <span end="6183" id="16121255-12861" start="6174">Molecular</span>
    </annotation>
    <annotation annotator="Mike Bada, University of Colorado Anschutz Medical Campus" id="CHEBI_2015_08_26_Instance_250132" type="identity">
      <class id="CHEBI:4450" label="desmopressin"/>
      <span end="6354" id="16121255-12371" start="6342">desmopressin</span>
    </annotation>
    <annotation annotator="Mike Bada, University of Colorado Anschutz Medical Campus" id="CHEBI_2015_08_26_backup_Instance_20044" type="identity">
      <class id="CHEBI_GO_EXT:agonist" label="agonist"/>
      <span end="6366" id="16121255-12345" start="6359">agonist</span>
    </annotation>
    <annotation annotator="Mike Bada, University of Colorado Anschutz Medical Campus" id="CHEBI_2015_08_26_Instance_250134" type="identity">
      <class id="CHEBI_PR_EXT:arginine_vasopressin" label="arginine vasopressin"/>
      <span end="6373" id="16121255-12373" start="6370">AVP</span>
    </annotation>
    <annotation annotator="Mike Bada, University of Colorado Anschutz Medical Campus" id="CHEBI_2015_08_26_Instance_302460" type="identity">
      <class id="CHEBI_PR_EXT:protein" label="protein"/>
      <span end="6513" id="16121255-12757" start="6506">protein</span>
    </annotation>
    <annotation annotator="Mike Bada, University of Colorado Anschutz Medical Campus" id="CHEBI_2015_08_26_Instance_25693" type="identity">
      <class id="CHEBI:23995" label="N-ethyl-N-nitrosourea"/>
      <span end="6744" id="16121255-12675" start="6728">ethylnitrosourea</span>
    </annotation>
    <annotation annotator="Mike Bada, University of Colorado Anschutz Medical Campus" id="CHEBI_2015_08_26_Instance_25695" type="identity">
      <class id="CHEBI:23995" label="N-ethyl-N-nitrosourea"/>
      <span end="6749" id="16121255-12677" start="6746">ENU</span>
    </annotation>
    <annotation annotator="Mike Bada, University of Colorado Anschutz Medical Campus" id="CHEBI_2015_08_26_Instance_25697" type="identity">
      <class id="CHEBI:17234" label="glucose"/>
      <span end="6984" id="16121255-12679" start="6977">glucose</span>
    </annotation>
    <annotation annotator="Mike Bada, University of Colorado Anschutz Medical Campus" id="CHEBI_2015_08_26_Instance_25699" type="identity">
      <class id="CHEBI:17234" label="glucose"/>
      <span end="7028" id="16121255-12681" start="7021">glucose</span>
    </annotation>
    <annotation annotator="Mike Bada, University of Colorado Anschutz Medical Campus" id="CHEBI_2015_08_26_Instance_250144" type="identity">
      <class id="CHEBI_EXT:thymine_nucleobase_or_nucleoside_or_nucleotide_molecular_entity_or_group" label="thymine nucleobase/nucleoside/nucleotide molecular entity or group"/>
      <span end="7295" id="16121255-12381" start="7288">thymine</span>
    </annotation>
    <annotation annotator="Mike Bada, University of Colorado Anschutz Medical Campus" id="CHEBI_2015_08_26_Instance_250146" type="identity">
      <class id="CHEBI_EXT:guanine_nucleobase_or_nucleoside_or_nucleotide_molecular_entity_or_group" label="guanine nucleobase/nucleoside/nucleotide molecular entity or group"/>
      <span end="7306" id="16121255-12383" start="7299">guanine</span>
    </annotation>
    <annotation annotator="Mike Bada, University of Colorado Anschutz Medical Campus" id="CHEBI_2015_08_26_Instance_250148" type="identity">
      <class id="CHEBI_EXT:thymine_nucleobase_or_nucleoside_or_nucleotide_molecular_entity_or_group" label="thymine nucleobase/nucleoside/nucleotide molecular entity or group"/>
      <span end="7309" id="16121255-12385" start="7308">T</span>
    </annotation>
    <annotation annotator="Mike Bada, University of Colorado Anschutz Medical Campus" id="CHEBI_2015_08_26_Instance_250150" type="identity">
      <class id="CHEBI_EXT:guanine_nucleobase_or_nucleoside_or_nucleotide_molecular_entity_or_group" label="guanine nucleobase/nucleoside/nucleotide molecular entity or group"/>
      <span end="7314" id="16121255-12387" start="7313">G</span>
    </annotation>
    <annotation annotator="Mike Bada, University of Colorado Anschutz Medical Campus" id="CHEBI_2015_08_26_Instance_250246" type="identity">
      <class id="CHEBI_SO_EXT:valine" label="valine"/>
      <span end="7380" id="16121255-12389" start="7374">valine</span>
    </annotation>
    <annotation annotator="Mike Bada, University of Colorado Anschutz Medical Campus" id="CHEBI_2015_08_26_Instance_250248" type="identity">
      <class id="CHEBI_SO_EXT:phenylalanine" label="phenylalanine"/>
      <span end="7398" id="16121255-12391" start="7385">phenylalanine</span>
    </annotation>
    <annotation annotator="Mike Bada, University of Colorado Anschutz Medical Campus" id="CHEBI_2015_08_26_Instance_250250" type="identity">
      <class id="CHEBI_SO_EXT:amino_acid" label="amino acid"/>
      <span end="7425" id="16121255-12393" start="7415">amino acid</span>
    </annotation>
    <annotation annotator="Mike Bada, University of Colorado Anschutz Medical Campus" id="CHEBI_2015_08_26_Instance_302462" type="identity">
      <class id="CHEBI_PR_EXT:protein" label="protein"/>
      <span end="7444" id="16121255-12759" start="7437">protein</span>
    </annotation>
    <annotation annotator="Mike Bada, University of Colorado Anschutz Medical Campus" id="CHEBI_2015_08_26_Instance_25633" type="identity">
      <class id="CHEBI:15377" label="water"/>
      <span end="7488" id="16121255-12647" start="7483">water</span>
    </annotation>
    <annotation annotator="Mike Bada, University of Colorado Anschutz Medical Campus" id="CHEBI_2015_08_26_Instance_250252" type="identity">
      <class id="CHEBI_SO_EXT:amino_acid" label="amino acid"/>
      <span end="7619" id="16121255-12395" start="7608">amino acids</span>
    </annotation>
    <annotation annotator="Mike Bada, University of Colorado Anschutz Medical Campus" id="CHEBI_2015_08_26_Instance_250254" type="identity">
      <class id="CHEBI_SO_EXT:phenylalanine" label="phenylalanine"/>
      <span end="7723" id="16121255-12397" start="7710">phenylalanine</span>
    </annotation>
    <annotation annotator="Mike Bada, University of Colorado Anschutz Medical Campus" id="CHEBI_2015_08_26_Instance_302464" type="identity">
      <class id="CHEBI_PR_EXT:protein" label="protein"/>
      <span end="7823" id="16121255-12761" start="7815">proteins</span>
    </annotation>
    <annotation annotator="Mike Bada, University of Colorado Anschutz Medical Campus" id="CHEBI_2015_08_26_Instance_25635" type="identity">
      <class id="CHEBI:15377" label="water"/>
      <span end="8097" id="16121255-12649" start="8092">water</span>
    </annotation>
    <annotation annotator="Mike Bada, University of Colorado Anschutz Medical Campus" id="CHEBI_2015_08_26_Instance_25637" type="identity">
      <class id="CHEBI:15377" label="water"/>
      <span end="8174" id="16121255-12651" start="8169">water</span>
    </annotation>
    <annotation annotator="Mike Bada, University of Colorado Anschutz Medical Campus" id="CHEBI_2015_08_26_Instance_25639" type="identity">
      <class id="CHEBI:15377" label="water"/>
      <span end="8241" id="16121255-12653" start="8236">water</span>
    </annotation>
    <annotation annotator="Mike Bada, University of Colorado Anschutz Medical Campus" id="CHEBI_2015_08_26_Instance_25641" type="identity">
      <class id="CHEBI:15377" label="water"/>
      <span end="8367" id="16121255-12655" start="8362">water</span>
    </annotation>
    <annotation annotator="Mike Bada, University of Colorado Anschutz Medical Campus" id="CHEBI_2015_08_26_Instance_250256" type="identity">
      <class id="CHEBI_PR_EXT:arginine_vasopressin" label="arginine vasopressin"/>
      <span end="8932" id="16121255-12399" start="8929">AVP</span>
    </annotation>
    <annotation annotator="Mike Bada, University of Colorado Anschutz Medical Campus" id="CHEBI_2015_08_26_Instance_250258" type="identity">
      <class id="CHEBI_PR_EXT:arginine_vasopressin" label="arginine vasopressin"/>
      <span end="8951" id="16121255-12401" start="8948">AVP</span>
    </annotation>
    <annotation annotator="Mike Bada, University of Colorado Anschutz Medical Campus" id="CHEBI_2015_08_26_Instance_250260" type="identity">
      <class id="CHEBI:4450" label="desmopressin"/>
      <span end="8994" id="16121255-12403" start="8960">1-deamino-8-D-arginine vasopressin</span>
    </annotation>
    <annotation annotator="Mike Bada, University of Colorado Anschutz Medical Campus" id="CHEBI_2015_08_26_Instance_250262" type="identity">
      <class id="CHEBI:4450" label="desmopressin"/>
      <span end="9001" id="16121255-12405" start="8996">dDAVP</span>
    </annotation>
    <annotation annotator="Mike Bada, University of Colorado Anschutz Medical Campus" id="CHEBI_2015_08_26_Instance_250264" type="identity">
      <class id="CHEBI:4450" label="desmopressin"/>
      <span end="9027" id="16121255-12407" start="9015">desmopressin</span>
    </annotation>
    <annotation annotator="Mike Bada, University of Colorado Anschutz Medical Campus" id="CHEBI_2015_08_26_backup_Instance_20046" type="identity">
      <class id="CHEBI_GO_EXT:agonist" label="agonist"/>
      <span end="9049" id="16121255-12347" start="9042">agonist</span>
    </annotation>
    <annotation annotator="Mike Bada, University of Colorado Anschutz Medical Campus" id="CHEBI_2015_08_26_Instance_250266" type="identity">
      <class id="CHEBI:4450" label="desmopressin"/>
      <span end="9102" id="16121255-12409" start="9097">dDAVP</span>
    </annotation>
    <annotation annotator="Mike Bada, University of Colorado Anschutz Medical Campus" id="CHEBI_2015_08_26_Instance_250268" type="identity">
      <class id="CHEBI:4450" label="desmopressin"/>
      <span end="9474" id="16121255-12411" start="9469">dDAVP</span>
    </annotation>
    <annotation annotator="Mike Bada, University of Colorado Anschutz Medical Campus" id="CHEBI_2015_08_26_Instance_250270" type="identity">
      <class id="CHEBI:4450" label="desmopressin"/>
      <span end="9505" id="16121255-12413" start="9500">dDAVP</span>
    </annotation>
    <annotation annotator="Mike Bada, University of Colorado Anschutz Medical Campus" id="CHEBI_2015_08_26_Instance_25643" type="identity">
      <class id="CHEBI:15377" label="water"/>
      <span end="9985" id="16121255-12657" start="9980">water</span>
    </annotation>
    <annotation annotator="Mike Bada, University of Colorado Anschutz Medical Campus" id="CHEBI_2015_08_26_Instance_302466" type="identity">
      <class id="CHEBI_PR_EXT:protein" label="protein"/>
      <span end="11499" id="16121255-12763" start="11492">protein</span>
    </annotation>
    <annotation annotator="Mike Bada, University of Colorado Anschutz Medical Campus" id="CHEBI_2015_08_26_Instance_302468" type="identity">
      <class id="CHEBI_PR_EXT:protein" label="protein"/>
      <span end="11560" id="16121255-12765" start="11553">protein</span>
    </annotation>
    <annotation annotator="Mike Bada, University of Colorado Anschutz Medical Campus" id="CHEBI_2015_08_26_Instance_250272" type="identity">
      <class id="CHEBI:37684" label="mannose"/>
      <span end="11673" id="16121255-12415" start="11666">mannose</span>
    </annotation>
    <annotation annotator="Mike Bada, University of Colorado Anschutz Medical Campus" id="CHEBI_2015_08_26_Instance_380634" type="identity">
      <class id="CHEBI_SO_EXT:molecular_label_or_mark_or_tag_process" label="molecular label/mark/tag process"/>
      <span end="11733" id="16121255-12899" start="11725">labeling</span>
    </annotation>
    <annotation annotator="Mike Bada, University of Colorado Anschutz Medical Campus" id="CHEBI_2015_08_26_Instance_330208" type="identity">
      <class id="CHEBI_EXT:polyatomic_entity_or_group" label="polyatomic entity or group"/>
      <span end="11871" id="16121255-12863" start="11862">molecular</span>
    </annotation>
    <annotation annotator="Mike Bada, University of Colorado Anschutz Medical Campus" id="CHEBI_2015_08_26_Instance_330210" type="identity">
      <class id="CHEBI_EXT:polyatomic_entity_or_group" label="polyatomic entity or group"/>
      <span end="11917" id="16121255-12865" start="11908">molecular</span>
    </annotation>
    <annotation annotator="Mike Bada, University of Colorado Anschutz Medical Campus" id="CHEBI_2015_08_26_Instance_330212" type="identity">
      <class id="CHEBI_EXT:polyatomic_entity_or_group" label="polyatomic entity or group"/>
      <span end="11973" id="16121255-12867" start="11964">molecular</span>
    </annotation>
    <annotation annotator="Mike Bada, University of Colorado Anschutz Medical Campus" id="CHEBI_2015_08_26_Instance_250280" type="identity">
      <class id="CHEBI:37684" label="mannose"/>
      <span end="12191" id="16121255-12417" start="12184">mannose</span>
    </annotation>
    <annotation annotator="Mike Bada, University of Colorado Anschutz Medical Campus" id="CHEBI_2015_08_26_Instance_250282" type="identity">
      <class id="CHEBI:16646" label="carbohydrate"/>
      <span end="12209" id="16121255-12419" start="12197">carbohydrate</span>
    </annotation>
    <annotation annotator="Mike Bada, University of Colorado Anschutz Medical Campus" id="CHEBI_2015_08_26_Instance_302470" type="identity">
      <class id="CHEBI_PR_EXT:protein" label="protein"/>
      <span end="12226" id="16121255-12767" start="12219">protein</span>
    </annotation>
    <annotation annotator="Mike Bada, University of Colorado Anschutz Medical Campus" id="CHEBI_2015_08_26_Instance_330214" type="identity">
      <class id="CHEBI_EXT:polyatomic_entity_or_group" label="polyatomic entity or group"/>
      <span end="12374" id="16121255-12869" start="12365">molecular</span>
    </annotation>
    <annotation annotator="Mike Bada, University of Colorado Anschutz Medical Campus" id="CHEBI_2015_08_26_Instance_302472" type="identity">
      <class id="CHEBI_PR_EXT:protein" label="protein"/>
      <span end="12449" id="16121255-12769" start="12441">proteins</span>
    </annotation>
    <annotation annotator="Mike Bada, University of Colorado Anschutz Medical Campus" id="CHEBI_2015_08_26_Instance_250286" type="identity">
      <class id="CHEBI:4450" label="desmopressin"/>
      <span end="12607" id="16121255-12421" start="12602">dDAVP</span>
    </annotation>
    <annotation annotator="Mike Bada, University of Colorado Anschutz Medical Campus" id="CHEBI_2015_08_26_Instance_250288" type="identity">
      <class id="CHEBI_PR_EXT:arginine_vasopressin" label="arginine vasopressin"/>
      <span end="12761" id="16121255-12423" start="12758">AVP</span>
    </annotation>
    <annotation annotator="Mike Bada, University of Colorado Anschutz Medical Campus" id="CHEBI_2015_08_26_Instance_250290" type="identity">
      <class id="CHEBI_PR_EXT:arginine_vasopressin" label="arginine vasopressin"/>
      <span end="13018" id="16121255-12425" start="13015">AVP</span>
    </annotation>
    <annotation annotator="Mike Bada, University of Colorado Anschutz Medical Campus" id="CHEBI_2015_08_26_Instance_250292" type="identity">
      <class id="CHEBI:4450" label="desmopressin"/>
      <span end="13394" id="16121255-12427" start="13389">dDAVP</span>
    </annotation>
    <annotation annotator="Mike Bada, University of Colorado Anschutz Medical Campus" id="CHEBI_2015_08_26_Instance_250294" type="identity">
      <class id="CHEBI:4450" label="desmopressin"/>
      <span end="13706" id="16121255-12429" start="13701">dDAVP</span>
    </annotation>
    <annotation annotator="Mike Bada, University of Colorado Anschutz Medical Campus" id="CHEBI_2015_08_26_Instance_250296" type="identity">
      <class id="CHEBI:4450" label="desmopressin"/>
      <span end="13948" id="16121255-12431" start="13943">dDAVP</span>
    </annotation>
    <annotation annotator="Mike Bada, University of Colorado Anschutz Medical Campus" id="CHEBI_2015_08_26_Instance_302474" type="identity">
      <class id="CHEBI_PR_EXT:protein" label="protein"/>
      <span end="14202" id="16121255-12771" start="14195">protein</span>
    </annotation>
    <annotation annotator="Mike Bada, University of Colorado Anschutz Medical Campus" id="CHEBI_2015_08_26_Instance_302476" type="identity">
      <class id="CHEBI_PR_EXT:protein" label="protein"/>
      <span end="14357" id="16121255-12773" start="14350">protein</span>
    </annotation>
    <annotation annotator="Mike Bada, University of Colorado Anschutz Medical Campus" id="CHEBI_2015_08_26_Instance_250298" type="identity">
      <class id="CHEBI:42471" label="forskolin"/>
      <span end="14887" id="16121255-12433" start="14878">forskolin</span>
    </annotation>
    <annotation annotator="Mike Bada, University of Colorado Anschutz Medical Campus" id="CHEBI_2015_08_26_Instance_25747" type="identity">
      <class id="CHEBI:17489" label="3',5'-cyclic AMP"/>
      <span end="14895" id="16121255-12689" start="14891">cAMP</span>
    </annotation>
    <annotation annotator="Mike Bada, University of Colorado Anschutz Medical Campus" id="CHEBI_2015_08_26_Instance_302478" type="identity">
      <class id="CHEBI_PR_EXT:protein" label="protein"/>
      <span end="14913" id="16121255-12775" start="14906">protein</span>
    </annotation>
    <annotation annotator="Mike Bada, University of Colorado Anschutz Medical Campus" id="CHEBI_2015_08_26_Instance_250300" type="identity">
      <class id="CHEBI:42471" label="forskolin"/>
      <span end="15162" id="16121255-12435" start="15153">forskolin</span>
    </annotation>
    <annotation annotator="Mike Bada, University of Colorado Anschutz Medical Campus" id="CHEBI_2015_08_26_Instance_250302" type="identity">
      <class id="CHEBI_SO_EXT:molecular_indicator_or_label_or_marker_or_tag" label="molecular indicator/label/marker/tag"/>
      <span end="15430" id="16121255-12437" start="15424">marker</span>
    </annotation>
    <annotation annotator="Mike Bada, University of Colorado Anschutz Medical Campus" id="CHEBI_2015_08_26_Instance_302480" type="identity">
      <class id="CHEBI_PR_EXT:protein" label="protein"/>
      <span end="15569" id="16121255-12777" start="15562">protein</span>
    </annotation>
    <annotation annotator="Mike Bada, University of Colorado Anschutz Medical Campus" id="CHEBI_2015_08_26_Instance_302482" type="identity">
      <class id="CHEBI_PR_EXT:protein" label="protein"/>
      <span end="16101" id="16121255-12779" start="16094">protein</span>
    </annotation>
    <annotation annotator="Mike Bada, University of Colorado Anschutz Medical Campus" id="CHEBI_2015_08_26_Instance_302484" type="identity">
      <class id="CHEBI_PR_EXT:protein" label="protein"/>
      <span end="16274" id="16121255-12781" start="16267">protein</span>
    </annotation>
    <annotation annotator="Mike Bada, University of Colorado Anschutz Medical Campus" id="CHEBI_2015_08_26_Instance_250304" type="identity">
      <class id="CHEBI:4450" label="desmopressin"/>
      <span end="16498" id="16121255-12439" start="16493">dDAVP</span>
    </annotation>
    <annotation annotator="Mike Bada, University of Colorado Anschutz Medical Campus" id="CHEBI_2015_08_26_Instance_302486" type="identity">
      <class id="CHEBI_PR_EXT:protein" label="protein"/>
      <span end="16616" id="16121255-12783" start="16609">protein</span>
    </annotation>
    <annotation annotator="Mike Bada, University of Colorado Anschutz Medical Campus" id="CHEBI_2015_08_26_Instance_302488" type="identity">
      <class id="CHEBI_PR_EXT:protein" label="protein"/>
      <span end="16719" id="16121255-12785" start="16712">protein</span>
    </annotation>
    <annotation annotator="Mike Bada, University of Colorado Anschutz Medical Campus" id="CHEBI_2015_08_26_Instance_302490" type="identity">
      <class id="CHEBI_PR_EXT:protein" label="protein"/>
      <span end="16768" id="16121255-12787" start="16761">protein</span>
    </annotation>
    <annotation annotator="Mike Bada, University of Colorado Anschutz Medical Campus" id="CHEBI_2015_08_26_Instance_302492" type="identity">
      <class id="CHEBI_PR_EXT:protein" label="protein"/>
      <span end="16990" id="16121255-12789" start="16983">protein</span>
    </annotation>
    <annotation annotator="Mike Bada, University of Colorado Anschutz Medical Campus" id="CHEBI_2015_08_26_Instance_302494" type="identity">
      <class id="CHEBI_PR_EXT:protein" label="protein"/>
      <span end="17042" id="16121255-12791" start="17035">protein</span>
    </annotation>
    <annotation annotator="Mike Bada, University of Colorado Anschutz Medical Campus" id="CHEBI_2015_08_26_Instance_302496" type="identity">
      <class id="CHEBI_PR_EXT:protein" label="protein"/>
      <span end="17196" id="16121255-12793" start="17189">protein</span>
    </annotation>
    <annotation annotator="Mike Bada, University of Colorado Anschutz Medical Campus" id="CHEBI_2015_08_26_Instance_302498" type="identity">
      <class id="CHEBI_PR_EXT:protein" label="protein"/>
      <span end="17257" id="16121255-12795" start="17250">protein</span>
    </annotation>
    <annotation annotator="Mike Bada, University of Colorado Anschutz Medical Campus" id="CHEBI_2015_08_26_Instance_302500" type="identity">
      <class id="CHEBI_PR_EXT:protein" label="protein"/>
      <span end="17350" id="16121255-12797" start="17342">proteins</span>
    </annotation>
    <annotation annotator="Mike Bada, University of Colorado Anschutz Medical Campus" id="CHEBI_2015_08_26_Instance_381137" type="identity">
      <class id="CHEBI_SO_EXT:molecular_label_or_mark_or_tag_process" label="molecular label/mark/tag process"/>
      <span end="17513" id="16121255-12901" start="17507">tagged</span>
    </annotation>
    <annotation annotator="Mike Bada, University of Colorado Anschutz Medical Campus" id="CHEBI_2015_08_26_Instance_302502" type="identity">
      <class id="CHEBI_PR_EXT:protein" label="protein"/>
      <span end="17969" id="16121255-12799" start="17961">proteins</span>
    </annotation>
    <annotation annotator="Mike Bada, University of Colorado Anschutz Medical Campus" id="CHEBI_2015_08_26_Instance_302504" type="identity">
      <class id="CHEBI_PR_EXT:protein" label="protein"/>
      <span end="18081" id="16121255-12801" start="18074">protein</span>
    </annotation>
    <annotation annotator="Mike Bada, University of Colorado Anschutz Medical Campus" id="CHEBI_2015_08_26_Instance_250306" type="identity">
      <class id="CHEBI:42471" label="forskolin"/>
      <span end="18355" id="16121255-12441" start="18346">forskolin</span>
    </annotation>
    <annotation annotator="Mike Bada, University of Colorado Anschutz Medical Campus" id="CHEBI_2015_08_26_Instance_250308" type="identity">
      <class id="CHEBI:42471" label="forskolin"/>
      <span end="19044" id="16121255-12443" start="19035">forskolin</span>
    </annotation>
    <annotation annotator="Mike Bada, University of Colorado Anschutz Medical Campus" id="CHEBI_2015_08_26_Instance_250310" type="identity">
      <class id="CHEBI:42471" label="forskolin"/>
      <span end="19274" id="16121255-12445" start="19265">forskolin</span>
    </annotation>
    <annotation annotator="Mike Bada, University of Colorado Anschutz Medical Campus" id="CHEBI_2015_08_26_Instance_331232" type="identity">
      <class id="CHEBI_EXT:biochemical" label="biochemical"/>
      <span end="19542" id="16121255-12883" start="19529">biochemically</span>
    </annotation>
    <annotation annotator="Mike Bada, University of Colorado Anschutz Medical Campus" id="CHEBI_2015_08_26_Instance_302506" type="identity">
      <class id="CHEBI_PR_EXT:protein" label="protein"/>
      <span end="19651" id="16121255-12803" start="19643">proteins</span>
    </annotation>
    <annotation annotator="Mike Bada, University of Colorado Anschutz Medical Campus" id="CHEBI_2015_08_26_Instance_250312" type="identity">
      <class id="CHEBI:42471" label="forskolin"/>
      <span end="19667" id="16121255-12447" start="19658">forskolin</span>
    </annotation>
    <annotation annotator="Mike Bada, University of Colorado Anschutz Medical Campus" id="CHEBI_2015_08_26_Instance_302508" type="identity">
      <class id="CHEBI_PR_EXT:protein" label="protein"/>
      <span end="19723" id="16121255-12805" start="19715">proteins</span>
    </annotation>
    <annotation annotator="Mike Bada, University of Colorado Anschutz Medical Campus" id="CHEBI_2015_08_26_Instance_302510" type="identity">
      <class id="CHEBI_PR_EXT:protein" label="protein"/>
      <span end="19962" id="16121255-12807" start="19954">proteins</span>
    </annotation>
    <annotation annotator="Mike Bada, University of Colorado Anschutz Medical Campus" id="CHEBI_2015_08_26_Instance_21329" type="identity">
      <class id="CHEBI:15956" label="biotin"/>
      <span end="19987" id="16121255-12349" start="19981">biotin</span>
    </annotation>
    <annotation annotator="Mike Bada, University of Colorado Anschutz Medical Campus" id="CHEBI_2015_08_26_Instance_25645" type="identity">
      <class id="CHEBI:15377" label="water"/>
      <span end="20312" id="16121255-12659" start="20307">water</span>
    </annotation>
    <annotation annotator="Mike Bada, University of Colorado Anschutz Medical Campus" id="CHEBI_2015_08_26_Instance_25647" type="identity">
      <class id="CHEBI:15377" label="water"/>
      <span end="20737" id="16121255-12661" start="20732">water</span>
    </annotation>
    <annotation annotator="Mike Bada, University of Colorado Anschutz Medical Campus" id="CHEBI_2015_08_26_Instance_330216" type="identity">
      <class id="CHEBI_EXT:polyatomic_entity_or_group" label="polyatomic entity or group"/>
      <span end="21195" id="16121255-12871" start="21186">molecular</span>
    </annotation>
    <annotation annotator="Mike Bada, University of Colorado Anschutz Medical Campus" id="CHEBI_2015_08_26_Instance_25649" type="identity">
      <class id="CHEBI:15377" label="water"/>
      <span end="21387" id="16121255-12663" start="21382">water</span>
    </annotation>
    <annotation annotator="Mike Bada, University of Colorado Anschutz Medical Campus" id="CHEBI_2015_08_26_Instance_250316" type="identity">
      <class id="CHEBI_PR_EXT:arginine_vasopressin" label="arginine vasopressin"/>
      <span end="21430" id="16121255-12449" start="21427">AVP</span>
    </annotation>
    <annotation annotator="Mike Bada, University of Colorado Anschutz Medical Campus" id="CHEBI_2015_08_26_Instance_25651" type="identity">
      <class id="CHEBI:15377" label="water"/>
      <span end="21461" id="16121255-12665" start="21456">water</span>
    </annotation>
    <annotation annotator="Mike Bada, University of Colorado Anschutz Medical Campus" id="CHEBI_2015_08_26_Instance_250318" type="identity">
      <class id="CHEBI:4450" label="desmopressin"/>
      <span end="21570" id="16121255-12451" start="21565">dDAVP</span>
    </annotation>
    <annotation annotator="Mike Bada, University of Colorado Anschutz Medical Campus" id="CHEBI_2015_08_26_Instance_250320" type="identity">
      <class id="CHEBI:4450" label="desmopressin"/>
      <span end="21586" id="16121255-12453" start="21581">dDAVP</span>
    </annotation>
    <annotation annotator="Mike Bada, University of Colorado Anschutz Medical Campus" id="CHEBI_2015_08_26_Instance_25653" type="identity">
      <class id="CHEBI:15377" label="water"/>
      <span end="21717" id="16121255-12667" start="21712">water</span>
    </annotation>
    <annotation annotator="Mike Bada, University of Colorado Anschutz Medical Campus" id="CHEBI_2015_08_26_Instance_250322" type="identity">
      <class id="CHEBI:4450" label="desmopressin"/>
      <span end="21786" id="16121255-12455" start="21781">dDAVP</span>
    </annotation>
    <annotation annotator="Mike Bada, University of Colorado Anschutz Medical Campus" id="CHEBI_2015_08_26_Instance_302512" type="identity">
      <class id="CHEBI_PR_EXT:protein" label="protein"/>
      <span end="21900" id="16121255-12809" start="21893">protein</span>
    </annotation>
    <annotation annotator="Mike Bada, University of Colorado Anschutz Medical Campus" id="CHEBI_2015_08_26_Instance_302514" type="identity">
      <class id="CHEBI_PR_EXT:protein" label="protein"/>
      <span end="22013" id="16121255-12811" start="22006">protein</span>
    </annotation>
    <annotation annotator="Mike Bada, University of Colorado Anschutz Medical Campus" id="CHEBI_2015_08_26_Instance_302516" type="identity">
      <class id="CHEBI_PR_EXT:protein" label="protein"/>
      <span end="22132" id="16121255-12813" start="22125">protein</span>
    </annotation>
    <annotation annotator="Mike Bada, University of Colorado Anschutz Medical Campus" id="CHEBI_2015_08_26_Instance_302518" type="identity">
      <class id="CHEBI_PR_EXT:protein" label="protein"/>
      <span end="22225" id="16121255-12815" start="22218">protein</span>
    </annotation>
    <annotation annotator="Mike Bada, University of Colorado Anschutz Medical Campus" id="CHEBI_2015_08_26_Instance_302520" type="identity">
      <class id="CHEBI_PR_EXT:protein" label="protein"/>
      <span end="22325" id="16121255-12817" start="22318">protein</span>
    </annotation>
    <annotation annotator="Mike Bada, University of Colorado Anschutz Medical Campus" id="CHEBI_2015_08_26_Instance_250324" type="identity">
      <class id="CHEBI:37684" label="mannose"/>
      <span end="22357" id="16121255-12457" start="22350">mannose</span>
    </annotation>
    <annotation annotator="Mike Bada, University of Colorado Anschutz Medical Campus" id="CHEBI_2015_08_26_Instance_302522" type="identity">
      <class id="CHEBI_PR_EXT:protein" label="protein"/>
      <span end="22535" id="16121255-12819" start="22528">protein</span>
    </annotation>
    <annotation annotator="Mike Bada, University of Colorado Anschutz Medical Campus" id="CHEBI_2015_08_26_Instance_302524" type="identity">
      <class id="CHEBI_PR_EXT:protein" label="protein"/>
      <span end="22588" id="16121255-12821" start="22581">protein</span>
    </annotation>
    <annotation annotator="Mike Bada, University of Colorado Anschutz Medical Campus" id="CHEBI_2015_08_26_Instance_302526" type="identity">
      <class id="CHEBI_PR_EXT:protein" label="protein"/>
      <span end="22704" id="16121255-12823" start="22697">protein</span>
    </annotation>
    <annotation annotator="Mike Bada, University of Colorado Anschutz Medical Campus" id="CHEBI_2015_08_26_Instance_302528" type="identity">
      <class id="CHEBI_PR_EXT:protein" label="protein"/>
      <span end="22784" id="16121255-12825" start="22777">protein</span>
    </annotation>
    <annotation annotator="Mike Bada, University of Colorado Anschutz Medical Campus" id="CHEBI_2015_08_26_Instance_250326" type="identity">
      <class id="CHEBI:4450" label="desmopressin"/>
      <span end="22869" id="16121255-12459" start="22864">dDAVP</span>
    </annotation>
    <annotation annotator="Mike Bada, University of Colorado Anschutz Medical Campus" id="CHEBI_2015_08_26_Instance_302530" type="identity">
      <class id="CHEBI_PR_EXT:protein" label="protein"/>
      <span end="22922" id="16121255-12827" start="22915">protein</span>
    </annotation>
    <annotation annotator="Mike Bada, University of Colorado Anschutz Medical Campus" id="CHEBI_2015_08_26_Instance_302532" type="identity">
      <class id="CHEBI_PR_EXT:protein" label="protein"/>
      <span end="22991" id="16121255-12829" start="22984">protein</span>
    </annotation>
    <annotation annotator="Mike Bada, University of Colorado Anschutz Medical Campus" id="CHEBI_2015_08_26_Instance_25655" type="identity">
      <class id="CHEBI:15377" label="water"/>
      <span end="23135" id="16121255-12669" start="23130">water</span>
    </annotation>
    <annotation annotator="Mike Bada, University of Colorado Anschutz Medical Campus" id="CHEBI_2015_08_26_Instance_250328" type="identity">
      <class id="CHEBI:37684" label="mannose"/>
      <span end="23357" id="16121255-12461" start="23350">mannose</span>
    </annotation>
    <annotation annotator="Mike Bada, University of Colorado Anschutz Medical Campus" id="CHEBI_2015_08_26_Instance_250330" type="identity">
      <class id="CHEBI:37684" label="mannose"/>
      <span end="23393" id="16121255-12463" start="23386">mannose</span>
    </annotation>
    <annotation annotator="Mike Bada, University of Colorado Anschutz Medical Campus" id="CHEBI_2015_08_26_Instance_250332" type="identity">
      <class id="CHEBI:50699" label="oligosaccharide"/>
      <span end="23414" id="16121255-12465" start="23399">oligosaccharide</span>
    </annotation>
    <annotation annotator="Mike Bada, University of Colorado Anschutz Medical Campus" id="CHEBI_2015_08_26_Instance_250334" type="identity">
      <class id="CHEBI:37684" label="mannose"/>
      <span end="23532" id="16121255-12467" start="23525">mannose</span>
    </annotation>
    <annotation annotator="Mike Bada, University of Colorado Anschutz Medical Campus" id="CHEBI_2015_08_26_Instance_250336" type="identity">
      <class id="CHEBI:50699" label="oligosaccharide"/>
      <span end="23647" id="16121255-12469" start="23633">oligosaccharyl</span>
    </annotation>
    <annotation annotator="Mike Bada, University of Colorado Anschutz Medical Campus" id="CHEBI_2015_08_26_Instance_302534" type="identity">
      <class id="CHEBI_PR_EXT:protein" label="protein"/>
      <span end="24050" id="16121255-12831" start="24043">protein</span>
    </annotation>
    <annotation annotator="Mike Bada, University of Colorado Anschutz Medical Campus" id="CHEBI_2015_08_26_Instance_302536" type="identity">
      <class id="CHEBI_PR_EXT:protein" label="protein"/>
      <span end="24149" id="16121255-12833" start="24142">protein</span>
    </annotation>
    <annotation annotator="Mike Bada, University of Colorado Anschutz Medical Campus" id="CHEBI_2015_08_26_Instance_302538" type="identity">
      <class id="CHEBI_PR_EXT:protein" label="protein"/>
      <span end="24232" id="16121255-12835" start="24225">protein</span>
    </annotation>
    <annotation annotator="Mike Bada, University of Colorado Anschutz Medical Campus" id="CHEBI_2015_08_26_Instance_302540" type="identity">
      <class id="CHEBI_PR_EXT:protein" label="protein"/>
      <span end="24274" id="16121255-12837" start="24267">protein</span>
    </annotation>
    <annotation annotator="Mike Bada, University of Colorado Anschutz Medical Campus" id="CHEBI_2015_08_26_Instance_302542" type="identity">
      <class id="CHEBI_PR_EXT:protein" label="protein"/>
      <span end="24481" id="16121255-12839" start="24474">protein</span>
    </annotation>
    <annotation annotator="Mike Bada, University of Colorado Anschutz Medical Campus" id="CHEBI_2015_08_26_Instance_302544" type="identity">
      <class id="CHEBI_PR_EXT:protein" label="protein"/>
      <span end="24691" id="16121255-12841" start="24684">protein</span>
    </annotation>
    <annotation annotator="Mike Bada, University of Colorado Anschutz Medical Campus" id="CHEBI_2015_08_26_Instance_302546" type="identity">
      <class id="CHEBI_PR_EXT:protein" label="protein"/>
      <span end="24969" id="16121255-12843" start="24962">protein</span>
    </annotation>
    <annotation annotator="Mike Bada, University of Colorado Anschutz Medical Campus" id="CHEBI_2015_08_26_Instance_25657" type="identity">
      <class id="CHEBI:15377" label="water"/>
      <span end="25211" id="16121255-12671" start="25206">water</span>
    </annotation>
    <annotation annotator="Mike Bada, University of Colorado Anschutz Medical Campus" id="CHEBI_2015_08_26_Instance_250340" type="identity">
      <class id="CHEBI:4450" label="desmopressin"/>
      <span end="25305" id="16121255-12471" start="25300">dDAVP</span>
    </annotation>
    <annotation annotator="Mike Bada, University of Colorado Anschutz Medical Campus" id="CHEBI_2015_08_26_Instance_250342" type="identity">
      <class id="CHEBI:4450" label="desmopressin"/>
      <span end="25739" id="16121255-12473" start="25734">dDAVP</span>
    </annotation>
    <annotation annotator="Mike Bada, University of Colorado Anschutz Medical Campus" id="CHEBI_2015_08_26_Instance_250344" type="identity">
      <class id="CHEBI:23995" label="N-ethyl-N-nitrosourea"/>
      <span end="26115" id="16121255-12475" start="26112">ENU</span>
    </annotation>
    <annotation annotator="Mike Bada, University of Colorado Anschutz Medical Campus" id="CHEBI_2015_08_26_Instance_25749" type="identity">
      <class id="CHEBI:23995" label="N-ethyl-N-nitrosourea"/>
      <span end="26138" id="16121255-12691" start="26135">ENU</span>
    </annotation>
    <annotation annotator="Mike Bada, University of Colorado Anschutz Medical Campus" id="CHEBI_2015_08_26_Instance_330384" type="identity">
      <class id="CHEBI_SO_EXT:oligonucleotide" label="oligonucleotide"/>
      <span end="26911" id="16121255-12877" start="26896">oligonucleotide</span>
    </annotation>
    <annotation annotator="Mike Bada, University of Colorado Anschutz Medical Campus" id="CHEBI_2015_08_26_Instance_330386" type="identity">
      <class id="CHEBI_SO_EXT:oligonucleotide" label="oligonucleotide"/>
      <span end="26980" id="16121255-12879" start="26965">oligonucleotide</span>
    </annotation>
    <annotation annotator="Mike Bada, University of Colorado Anschutz Medical Campus" id="CHEBI_2015_08_26_Instance_28609" type="identity">
      <class id="CHEBI_EXT:25435" label="mutagen"/>
      <span end="27394" id="16121255-12733" start="27385">mutagenic</span>
    </annotation>
    <annotation annotator="Mike Bada, University of Colorado Anschutz Medical Campus" id="CHEBI_2015_08_26_Instance_250346" type="identity">
      <class id="CHEBI_SO_EXT:oligonucleotide" label="oligonucleotide"/>
      <span end="27411" id="16121255-12477" start="27395">oligonucleotides</span>
    </annotation>
    <annotation annotator="Mike Bada, University of Colorado Anschutz Medical Campus" id="CHEBI_2015_08_26_Instance_25751" type="identity">
      <class id="CHEBI:17334" label="penicillin"/>
      <span end="27665" id="16121255-12693" start="27655">penicillin</span>
    </annotation>
    <annotation annotator="Mike Bada, University of Colorado Anschutz Medical Campus" id="CHEBI_2015_08_26_Instance_25753" type="identity">
      <class id="CHEBI:17076" label="streptomycin"/>
      <span end="27696" id="16121255-12695" start="27684">streptomycin</span>
    </annotation>
    <annotation annotator="Mike Bada, University of Colorado Anschutz Medical Campus" id="CHEBI_2015_08_26_Instance_250348" type="identity">
      <class id="CHEBI:16526" label="carbon dioxide"/>
      <span end="27715" id="16121255-12479" start="27712">CO2</span>
    </annotation>
    <annotation annotator="Mike Bada, University of Colorado Anschutz Medical Campus" id="CHEBI_2015_08_26_Instance_250350" type="identity">
      <class id="CHEBI:42768" label="geneticin"/>
      <span end="27939" id="16121255-12481" start="27935">G418</span>
    </annotation>
    <annotation annotator="Mike Bada, University of Colorado Anschutz Medical Campus" id="CHEBI_2015_08_26_Instance_250352" type="identity">
      <class id="CHEBI_EXT:33282" label="antibacterial agent"/>
      <span end="28056" id="16121255-12483" start="28046">antibiotic</span>
    </annotation>
    <annotation annotator="Mike Bada, University of Colorado Anschutz Medical Campus" id="CHEBI_2015_08_26_Instance_250354" type="identity">
      <class id="CHEBI_SO_EXT:DNA" label="DNA"/>
      <span end="28304" id="16121255-12485" start="28301">DNA</span>
    </annotation>
    <annotation annotator="Mike Bada, University of Colorado Anschutz Medical Campus" id="CHEBI_2015_08_26_Instance_250356" type="identity">
      <class id="CHEBI:4450" label="desmopressin"/>
      <span end="28853" id="16121255-12487" start="28848">dDAVP</span>
    </annotation>
    <annotation annotator="Mike Bada, University of Colorado Anschutz Medical Campus" id="CHEBI_2015_08_26_Instance_250358" type="identity">
      <class id="CHEBI:4450" label="desmopressin"/>
      <span end="28902" id="16121255-12489" start="28897">dDAVP</span>
    </annotation>
    <annotation annotator="Mike Bada, University of Colorado Anschutz Medical Campus" id="CHEBI_2015_08_26_Instance_25755" type="identity">
      <class id="CHEBI:9754" label="tris"/>
      <span end="29111" id="16121255-12697" start="29107">Tris</span>
    </annotation>
    <annotation annotator="Mike Bada, University of Colorado Anschutz Medical Campus" id="CHEBI_2015_08_26_Instance_25757" type="identity">
      <class id="CHEBI:17992" label="sucrose"/>
      <span end="29136" id="16121255-12699" start="29129">sucrose</span>
    </annotation>
    <annotation annotator="Mike Bada, University of Colorado Anschutz Medical Campus" id="CHEBI_2015_08_26_Instance_250360" type="identity">
      <class id="CHEBI_EXT:EDTA" label="EDTA"/>
      <span end="29151" id="16121255-12491" start="29147">EDTA</span>
    </annotation>
    <annotation annotator="Mike Bada, University of Colorado Anschutz Medical Campus" id="CHEBI_2015_08_26_Instance_290328" type="identity">
      <class id="CHEBI_GO_EXT:peptidase_or_protease_or_proteinase_inhibitor" label="peptidase/protease/proteinase inhibitor"/>
      <span end="29182" id="16121255-12735" start="29163">protease inhibitors</span>
    </annotation>
    <annotation annotator="Mike Bada, University of Colorado Anschutz Medical Campus" id="CHEBI_2015_08_26_Instance_250362" type="identity">
      <class id="CHEBI_CHMO_EXT:buffer_solution" label="buffer solution"/>
      <span end="29436" id="16121255-12493" start="29430">buffer</span>
    </annotation>
    <annotation annotator="Mike Bada, University of Colorado Anschutz Medical Campus" id="CHEBI_2015_08_26_Instance_302548" type="identity">
      <class id="CHEBI_PR_EXT:protein" label="protein"/>
      <span end="29449" id="16121255-12845" start="29442">protein</span>
    </annotation>
    <annotation annotator="Mike Bada, University of Colorado Anschutz Medical Campus" id="CHEBI_2015_08_26_Instance_25763" type="identity">
      <class id="CHEBI:8984" label="sodium dodecyl sulfate"/>
      <span end="29576" id="16121255-12701" start="29573">SDS</span>
    </annotation>
    <annotation annotator="Mike Bada, University of Colorado Anschutz Medical Campus" id="CHEBI_2015_08_26_Instance_250364" type="identity">
      <class id="CHEBI_EXT:polyacrylamide" label="polyacrylamide"/>
      <span end="29591" id="16121255-12495" start="29577">polyacrylamide</span>
    </annotation>
    <annotation annotator="Mike Bada, University of Colorado Anschutz Medical Campus" id="CHEBI_2015_08_26_Instance_250366" type="identity">
      <class id="CHEBI:53325" label="nitrocellulose"/>
      <span end="29631" id="16121255-12497" start="29617">nitrocellulose</span>
    </annotation>
    <annotation annotator="Mike Bada, University of Colorado Anschutz Medical Campus" id="CHEBI_2015_08_26_Instance_410136" type="identity">
      <class id="CHEBI_UBERON_EXT:triglyceride_or_adipose_tissue" label="fat (CHEBI/UBERON extension class)"/>
      <span end="29677" id="16121255-12905" start="29674">fat</span>
    </annotation>
    <annotation annotator="Mike Bada, University of Colorado Anschutz Medical Campus" id="CHEBI_2015_08_26_Instance_25765" type="identity">
      <class id="CHEBI:9754" label="tris"/>
      <span end="29690" id="16121255-12703" start="29686">Tris</span>
    </annotation>
    <annotation annotator="Mike Bada, University of Colorado Anschutz Medical Campus" id="CHEBI_2015_08_26_Instance_380042" type="identity">
      <class id="CHEBI_CHMO_EXT:buffer_process" label="buffer process"/>
      <span end="29699" id="16121255-12893" start="29691">buffered</span>
    </annotation>
    <annotation annotator="Mike Bada, University of Colorado Anschutz Medical Campus" id="CHEBI_2015_08_26_Instance_340318" type="identity">
      <class id="CHEBI_EXT:saline_solution" label="saline solution"/>
      <span end="29706" id="16121255-12891" start="29700">saline</span>
    </annotation>
    <annotation annotator="Mike Bada, University of Colorado Anschutz Medical Campus" id="CHEBI_2015_08_26_Instance_250368" type="identity">
      <class id="CHEBI:53424" label="polysorbate 20"/>
      <span end="29726" id="16121255-12499" start="29718">Tween 20</span>
    </annotation>
    <annotation annotator="Mike Bada, University of Colorado Anschutz Medical Campus" id="CHEBI_2015_08_26_Instance_25769" type="identity">
      <class id="CHEBI_EXT:33893" label="reagent"/>
      <span end="30061" id="16121255-12705" start="30054">reagent</span>
    </annotation>
    <annotation annotator="Mike Bada, University of Colorado Anschutz Medical Campus" id="CHEBI_2015_08_26_Instance_25771" type="identity">
      <class id="CHEBI:37586" label="sodium phosphate"/>
      <span end="30213" id="16121255-12707" start="30197">sodium phosphate</span>
    </annotation>
    <annotation annotator="Mike Bada, University of Colorado Anschutz Medical Campus" id="CHEBI_2015_08_26_Instance_25775" type="identity">
      <class id="CHEBI:8984" label="sodium dodecyl sulfate"/>
      <span end="30232" id="16121255-12709" start="30229">SDS</span>
    </annotation>
    <annotation annotator="Mike Bada, University of Colorado Anschutz Medical Campus" id="CHEBI_2015_08_26_Instance_25777" type="identity">
      <class id="CHEBI:41218" label="mercaptoethanol"/>
      <span end="30261" id="16121255-12711" start="30244">β-mercaptoethanol</span>
    </annotation>
    <annotation annotator="Mike Bada, University of Colorado Anschutz Medical Campus" id="CHEBI_2015_08_26_Instance_250370" type="identity">
      <class id="CHEBI_CHMO_EXT:buffer_solution" label="buffer solution"/>
      <span end="30457" id="16121255-12501" start="30451">buffer</span>
    </annotation>
    <annotation annotator="Mike Bada, University of Colorado Anschutz Medical Campus" id="CHEBI_2015_08_26_Instance_250372" type="identity">
      <class id="CHEBI_EXT:33893" label="reagent"/>
      <span end="30474" id="16121255-12503" start="30465">reactants</span>
    </annotation>
    <annotation annotator="Mike Bada, University of Colorado Anschutz Medical Campus" id="CHEBI_2015_08_26_Instance_25779" type="identity">
      <class id="CHEBI:9754" label="tris"/>
      <span end="30758" id="16121255-12713" start="30754">Tris</span>
    </annotation>
    <annotation annotator="Mike Bada, University of Colorado Anschutz Medical Campus" id="CHEBI_2015_08_26_Instance_250374" type="identity">
      <class id="CHEBI_EXT:EDTA" label="EDTA"/>
      <span end="30778" id="16121255-12505" start="30774">EDTA</span>
    </annotation>
    <annotation annotator="Mike Bada, University of Colorado Anschutz Medical Campus" id="CHEBI_2015_08_26_Instance_25783" type="identity">
      <class id="CHEBI:17992" label="sucrose"/>
      <span end="30798" id="16121255-12715" start="30791">sucrose</span>
    </annotation>
    <annotation annotator="Mike Bada, University of Colorado Anschutz Medical Campus" id="CHEBI_2015_08_26_Instance_250376" type="identity">
      <class id="CHEBI_CHMO_EXT:buffer_solution" label="buffer solution"/>
      <span end="30932" id="16121255-12507" start="30926">buffer</span>
    </annotation>
    <annotation annotator="Mike Bada, University of Colorado Anschutz Medical Campus" id="CHEBI_2015_08_26_Instance_25785" type="identity">
      <class id="CHEBI:9177" label="sodium deoxycholate"/>
      <span end="30970" id="16121255-12717" start="30951">sodium deoxycholate</span>
    </annotation>
    <annotation annotator="Mike Bada, University of Colorado Anschutz Medical Campus" id="CHEBI_2015_08_26_Instance_250378" type="identity">
      <class id="CHEBI_CHMO_EXT:buffer_solution" label="buffer solution"/>
      <span end="31178" id="16121255-12509" start="31172">buffer</span>
    </annotation>
    <annotation annotator="Mike Bada, University of Colorado Anschutz Medical Campus" id="CHEBI_2015_08_26_Instance_302550" type="identity">
      <class id="CHEBI_PR_EXT:protein" label="protein"/>
      <span end="31254" id="16121255-12847" start="31247">protein</span>
    </annotation>
    <annotation annotator="Mike Bada, University of Colorado Anschutz Medical Campus" id="CHEBI_2015_08_26_Instance_302552" type="identity">
      <class id="CHEBI_PR_EXT:protein" label="protein"/>
      <span end="31327" id="16121255-12849" start="31319">proteins</span>
    </annotation>
    <annotation annotator="Mike Bada, University of Colorado Anschutz Medical Campus" id="CHEBI_2015_08_26_Instance_250380" type="identity">
      <class id="CHEBI_CHMO_EXT:buffer_solution" label="buffer solution"/>
      <span end="31354" id="16121255-12511" start="31348">buffer</span>
    </annotation>
    <annotation annotator="Mike Bada, University of Colorado Anschutz Medical Campus" id="CHEBI_2015_08_26_Instance_250382" type="identity">
      <class id="CHEBI_CHMO_EXT:buffer_solution" label="buffer solution"/>
      <span end="31400" id="16121255-12513" start="31394">buffer</span>
    </annotation>
    <annotation annotator="Mike Bada, University of Colorado Anschutz Medical Campus" id="CHEBI_2015_08_26_Instance_250384" type="identity">
      <class id="CHEBI:42471" label="forskolin"/>
      <span end="31754" id="16121255-12515" start="31745">forskolin</span>
    </annotation>
    <annotation annotator="Mike Bada, University of Colorado Anschutz Medical Campus" id="CHEBI_2015_08_26_Instance_331718" type="identity">
      <class id="CHEBI:15956" label="biotin"/>
      <span end="31862" id="16121255-12885" start="31856">biotin</span>
    </annotation>
    <annotation annotator="Mike Bada, University of Colorado Anschutz Medical Campus" id="CHEBI_2015_08_26_Instance_25791" type="identity">
      <class id="CHEBI:9754" label="tris"/>
      <span end="31954" id="16121255-12719" start="31950">Tris</span>
    </annotation>
    <annotation annotator="Mike Bada, University of Colorado Anschutz Medical Campus" id="CHEBI_2015_08_26_Instance_302554" type="identity">
      <class id="CHEBI_PR_EXT:protein" label="protein"/>
      <span end="32207" id="16121255-12851" start="32199">proteins</span>
    </annotation>
    <annotation annotator="Mike Bada, University of Colorado Anschutz Medical Campus" id="CHEBI_2015_08_26_Instance_250386" type="identity">
      <class id="CHEBI_CHMO_EXT:buffer_solution" label="buffer solution"/>
      <span end="32234" id="16121255-12517" start="32228">buffer</span>
    </annotation>
    <annotation annotator="Mike Bada, University of Colorado Anschutz Medical Campus" id="CHEBI_2015_08_26_Instance_250388" type="identity">
      <class id="CHEBI_CHMO_EXT:buffer_solution" label="buffer solution"/>
      <span end="32272" id="16121255-12519" start="32266">buffer</span>
    </annotation>
    <annotation annotator="Mike Bada, University of Colorado Anschutz Medical Campus" id="CHEBI_2015_08_26_Instance_250390" type="identity">
      <class id="CHEBI_EXT:phosphate" label="phosphate"/>
      <span end="32445" id="16121255-12521" start="32436">phosphate</span>
    </annotation>
    <annotation annotator="Mike Bada, University of Colorado Anschutz Medical Campus" id="CHEBI_2015_08_26_Instance_380044" type="identity">
      <class id="CHEBI_CHMO_EXT:buffer_process" label="buffer process"/>
      <span end="32454" id="16121255-12895" start="32446">buffered</span>
    </annotation>
    <annotation annotator="Mike Bada, University of Colorado Anschutz Medical Campus" id="CHEBI_2015_08_26_Instance_250392" type="identity">
      <class id="CHEBI:16842" label="formaldehyde"/>
      <span end="32463" id="16121255-12523" start="32455">formalin</span>
    </annotation>
    <annotation annotator="Mike Bada, University of Colorado Anschutz Medical Campus" id="CHEBI_2015_08_26_Instance_250394" type="identity">
      <class id="CHEBI_EXT:59132" label="antigen"/>
      <span end="32559" id="16121255-12525" start="32552">antigen</span>
    </annotation>
    <annotation annotator="Mike Bada, University of Colorado Anschutz Medical Campus" id="CHEBI_2015_08_26_Instance_250396" type="identity">
      <class id="CHEBI:53258" label="sodium citrate"/>
      <span end="32596" id="16121255-12527" start="32582">sodium citrate</span>
    </annotation>
    <annotation annotator="Mike Bada, University of Colorado Anschutz Medical Campus" id="CHEBI_2015_08_26_Instance_250398" type="identity">
      <class id="CHEBI:52661" label="Alexa Fluor 488"/>
      <span end="32879" id="16121255-12529" start="32865">AlexaFluor 488</span>
    </annotation>
    <annotation annotator="Mike Bada, University of Colorado Anschutz Medical Campus" id="CHEBI_2015_08_26_Instance_330218" type="identity">
      <class id="CHEBI_EXT:polyatomic_entity_or_group" label="polyatomic entity or group"/>
      <span end="32927" id="16121255-12873" start="32918">Molecular</span>
    </annotation>
    <annotation annotator="Mike Bada, University of Colorado Anschutz Medical Campus" id="CHEBI_2015_08_26_Instance_250402" type="identity">
      <class id="CHEBI_SO_EXT:molecular_probe" label="molecular probe"/>
      <span end="32934" id="16121255-12531" start="32928">Probes</span>
    </annotation>
    <annotation annotator="Mike Bada, University of Colorado Anschutz Medical Campus" id="CHEBI_2015_08_26_Instance_250404" type="identity">
      <class id="CHEBI:51248" label="Alexa Fluor 594"/>
      <span end="33166" id="16121255-12533" start="33152">AlexaFluor 594</span>
    </annotation>
    <annotation annotator="Mike Bada, University of Colorado Anschutz Medical Campus" id="CHEBI_2015_08_26_Instance_330220" type="identity">
      <class id="CHEBI_EXT:polyatomic_entity_or_group" label="polyatomic entity or group"/>
      <span end="33224" id="16121255-12875" start="33215">Molecular</span>
    </annotation>
    <annotation annotator="Mike Bada, University of Colorado Anschutz Medical Campus" id="CHEBI_2015_08_26_Instance_250408" type="identity">
      <class id="CHEBI_SO_EXT:molecular_probe" label="molecular probe"/>
      <span end="33231" id="16121255-12535" start="33225">Probes</span>
    </annotation>
    <annotation annotator="Mike Bada, University of Colorado Anschutz Medical Campus" id="CHEBI_2015_08_26_Instance_250410" type="identity">
      <class id="CHEBI:51231" label="DAPI"/>
      <span end="33269" id="16121255-12537" start="33265">DAPI</span>
    </annotation>
    <annotation annotator="Mike Bada, University of Colorado Anschutz Medical Campus" id="CHEBI_2015_08_26_Instance_250412" type="identity">
      <class id="CHEBI:42471" label="forskolin"/>
      <span end="33650" id="16121255-12539" start="33641">forskolin</span>
    </annotation>
    <annotation annotator="Mike Bada, University of Colorado Anschutz Medical Campus" id="CHEBI_2015_08_26_Instance_25805" type="identity">
      <class id="CHEBI:17790" label="methanol"/>
      <span end="33684" id="16121255-12721" start="33676">methanol</span>
    </annotation>
    <annotation annotator="Mike Bada, University of Colorado Anschutz Medical Campus" id="CHEBI_2015_08_26_Instance_250414" type="identity">
      <class id="CHEBI:9750" label="Triton X-100"/>
      <span end="33766" id="16121255-12541" start="33754">Triton X-100</span>
    </annotation>
    <annotation annotator="Mike Bada, University of Colorado Anschutz Medical Campus" id="CHEBI_2015_08_26_Instance_250416" type="identity">
      <class id="CHEBI_SO_EXT:molecular_indicator_or_label_or_marker_or_tag" label="molecular indicator/label/marker/tag"/>
      <span end="33832" id="16121255-12543" start="33825">markers</span>
    </annotation>
    <annotation annotator="Mike Bada, University of Colorado Anschutz Medical Campus" id="CHEBI_2015_08_26_Instance_250418" type="identity">
      <class id="CHEBI:52661" label="Alexa Fluor 488"/>
      <span end="33983" id="16121255-12545" start="33969">AlexaFluor 488</span>
    </annotation>
    <annotation annotator="Mike Bada, University of Colorado Anschutz Medical Campus" id="CHEBI_2015_08_26_Instance_25807" type="identity">
      <class id="CHEBI:29101" label="sodium(1+)"/>
      <span end="34078" id="16121255-12723" start="34075">Na+</span>
    </annotation>
    <annotation annotator="Mike Bada, University of Colorado Anschutz Medical Campus" id="CHEBI_2015_08_26_Instance_25809" type="identity">
      <class id="CHEBI:29103" label="potassium(1+)"/>
      <span end="34081" id="16121255-12725" start="34079">K+</span>
    </annotation>
    <annotation annotator="Mike Bada, University of Colorado Anschutz Medical Campus" id="CHEBI_2015_08_26_Instance_250420" type="identity">
      <class id="CHEBI:37987" label="Cy3 dye"/>
      <span end="34268" id="16121255-12547" start="34265">Cy3</span>
    </annotation>
    <annotation annotator="Mike Bada, University of Colorado Anschutz Medical Campus" id="CHEBI_2015_08_26_Instance_250422" type="identity">
      <class id="CHEBI:51248" label="Alexa Fluor 594"/>
      <span end="34386" id="16121255-12549" start="34372">AlexaFluor 594</span>
    </annotation>
    <annotation annotator="Mike Bada, University of Colorado Anschutz Medical Campus" id="CHEBI_2015_08_26_Instance_250424" type="identity">
      <class id="CHEBI:51231" label="DAPI"/>
      <span end="34490" id="16121255-12551" start="34486">DAPI</span>
    </annotation>
    <annotation annotator="Mike Bada, University of Colorado Anschutz Medical Campus" id="CHEBI_2015_08_26_Instance_302556" type="identity">
      <class id="CHEBI_PR_EXT:protein" label="protein"/>
      <span end="34736" id="16121255-12853" start="34728">proteins</span>
    </annotation>
    <annotation annotator="Mike Bada, University of Colorado Anschutz Medical Campus" id="CHEBI_2015_08_26_Instance_340214" type="identity">
      <class id="CHEBI_PR_EXT:arginine_vasopressin" label="arginine vasopressin"/>
      <span end="35755" id="16121255-12887" start="35752">AVP</span>
    </annotation>
    <annotation annotator="Mike Bada, University of Colorado Anschutz Medical Campus" id="CHEBI_2015_08_26_Instance_250426" type="identity">
      <class id="CHEBI_PR_EXT:arginine_vasopressin" label="arginine vasopressin"/>
      <span end="35776" id="16121255-12553" start="35773">AVP</span>
    </annotation>
    <annotation annotator="Mike Bada, University of Colorado Anschutz Medical Campus" id="CHEBI_2015_08_26_Instance_250428" type="identity">
      <class id="CHEBI_PR_EXT:arginine_vasopressin" label="arginine vasopressin"/>
      <span end="35799" id="16121255-12555" start="35779">arginine vasopressin</span>
    </annotation>
    <annotation annotator="Mike Bada, University of Colorado Anschutz Medical Campus" id="CHEBI_2015_08_26_Instance_250430" type="identity">
      <class id="CHEBI:4450" label="desmopressin"/>
      <span end="35806" id="16121255-12557" start="35801">dDAVP</span>
    </annotation>
    <annotation annotator="Mike Bada, University of Colorado Anschutz Medical Campus" id="CHEBI_2015_08_26_Instance_250432" type="identity">
      <class id="CHEBI:4450" label="desmopressin"/>
      <span end="35843" id="16121255-12559" start="35809">1-deamino-8-D-arginine vasopressin</span>
    </annotation>
    <annotation annotator="Mike Bada, University of Colorado Anschutz Medical Campus" id="CHEBI_2015_08_26_Instance_250434" type="identity">
      <class id="CHEBI_SO_EXT:phenylalanine" label="phenylalanine"/>
      <span end="36134" id="16121255-12561" start="36131">Phe</span>
    </annotation>
    <annotation annotator="Mike Bada, University of Colorado Anschutz Medical Campus" id="CHEBI_2015_08_26_Instance_250436" type="identity">
      <class id="CHEBI_SO_EXT:valine" label="valine"/>
      <span end="36147" id="16121255-12563" start="36144">Val</span>
    </annotation>
    <annotation annotator="Mike Bada, University of Colorado Anschutz Medical Campus" id="CHEBI_2015_08_26_Instance_250438" type="identity">
      <class id="CHEBI_SO_EXT:amino_acid" label="amino acid"/>
      <span end="36210" id="16121255-12565" start="36200">Amino acid</span>
    </annotation>
    <annotation annotator="Mike Bada, University of Colorado Anschutz Medical Campus" id="CHEBI_2015_08_26_Instance_250440" type="identity">
      <class id="CHEBI_EXT:residue" label="residue"/>
      <span end="36247" id="16121255-12567" start="36239">residues</span>
    </annotation>
    <annotation annotator="Mike Bada, University of Colorado Anschutz Medical Campus" id="CHEBI_2015_08_26_Instance_250442" type="identity">
      <class id="CHEBI_EXT:residue" label="residue"/>
      <span end="36275" id="16121255-12569" start="36268">residue</span>
    </annotation>
    <annotation annotator="Mike Bada, University of Colorado Anschutz Medical Campus" id="CHEBI_2015_08_26_Instance_250444" type="identity">
      <class id="CHEBI_SO_EXT:phenylalanine" label="phenylalanine"/>
      <span end="36299" id="16121255-12571" start="36286">phenylalanine</span>
    </annotation>
    <annotation annotator="Mike Bada, University of Colorado Anschutz Medical Campus" id="CHEBI_2015_08_26_Instance_25605" type="identity">
      <class id="CHEBI:15377" label="water"/>
      <span end="36449" id="16121255-12619" start="36444">water</span>
    </annotation>
    <annotation annotator="Mike Bada, University of Colorado Anschutz Medical Campus" id="CHEBI_2015_08_26_Instance_250446" type="identity">
      <class id="CHEBI:4450" label="desmopressin"/>
      <span end="36841" id="16121255-12573" start="36836">dDAVP</span>
    </annotation>
    <annotation annotator="Mike Bada, University of Colorado Anschutz Medical Campus" id="CHEBI_2015_08_26_Instance_250448" type="identity">
      <class id="CHEBI:51686" label="haematoxylin"/>
      <span end="37495" id="16121255-12575" start="37484">Hematoxylin</span>
    </annotation>
    <annotation annotator="Mike Bada, University of Colorado Anschutz Medical Campus" id="CHEBI_2015_08_26_Instance_250450" type="identity">
      <class id="CHEBI_EXT:eosin" label="eosin"/>
      <span end="37505" id="16121255-12577" start="37500">eosin</span>
    </annotation>
    <annotation annotator="Mike Bada, University of Colorado Anschutz Medical Campus" id="CHEBI_2015_08_26_Instance_250452" type="identity">
      <class id="CHEBI:51686" label="haematoxylin"/>
      <span end="37626" id="16121255-12579" start="37615">Hematoxylin</span>
    </annotation>
    <annotation annotator="Mike Bada, University of Colorado Anschutz Medical Campus" id="CHEBI_2015_08_26_Instance_250454" type="identity">
      <class id="CHEBI_EXT:eosin" label="eosin"/>
      <span end="37636" id="16121255-12581" start="37631">eosin</span>
    </annotation>
    <annotation annotator="Mike Bada, University of Colorado Anschutz Medical Campus" id="CHEBI_2015_08_26_Instance_250456" type="identity">
      <class id="CHEBI:37684" label="mannose"/>
      <span end="38254" id="16121255-12583" start="38247">mannose</span>
    </annotation>
    <annotation annotator="Mike Bada, University of Colorado Anschutz Medical Campus" id="CHEBI_2015_08_26_Instance_250458" type="identity">
      <class id="CHEBI:37684" label="mannose"/>
      <span end="38260" id="16121255-12585" start="38258">m.</span>
    </annotation>
    <annotation annotator="Mike Bada, University of Colorado Anschutz Medical Campus" id="CHEBI_2015_08_26_Instance_302558" type="identity">
      <class id="CHEBI_PR_EXT:protein" label="protein"/>
      <span end="38283" id="16121255-12855" start="38275">proteins</span>
    </annotation>
    <annotation annotator="Mike Bada, University of Colorado Anschutz Medical Campus" id="CHEBI_2015_08_26_Instance_250460" type="identity">
      <class id="CHEBI:4450" label="desmopressin"/>
      <span end="38682" id="16121255-12587" start="38677">dDAVP</span>
    </annotation>
    <annotation annotator="Mike Bada, University of Colorado Anschutz Medical Campus" id="CHEBI_2015_08_26_Instance_250462" type="identity">
      <class id="CHEBI_SO_EXT:molecular_indicator_or_label_or_marker_or_tag" label="molecular indicator/label/marker/tag"/>
      <span end="38808" id="16121255-12589" start="38802">marker</span>
    </annotation>
    <annotation annotator="Mike Bada, University of Colorado Anschutz Medical Campus" id="CHEBI_2015_08_26_Instance_250464" type="identity">
      <class id="CHEBI:4450" label="desmopressin"/>
      <span end="39003" id="16121255-12591" start="38998">dDAVP</span>
    </annotation>
    <annotation annotator="Mike Bada, University of Colorado Anschutz Medical Campus" id="CHEBI_2015_08_26_Instance_250466" type="identity">
      <class id="CHEBI:42471" label="forskolin"/>
      <span end="39141" id="16121255-12593" start="39132">forskolin</span>
    </annotation>
    <annotation annotator="Mike Bada, University of Colorado Anschutz Medical Campus" id="CHEBI_2015_08_26_Instance_250468" type="identity">
      <class id="CHEBI_SO_EXT:molecular_indicator_or_label_or_marker_or_tag" label="molecular indicator/label/marker/tag"/>
      <span end="39287" id="16121255-12595" start="39281">marker</span>
    </annotation>
    <annotation annotator="Mike Bada, University of Colorado Anschutz Medical Campus" id="CHEBI_2015_08_26_Instance_25817" type="identity">
      <class id="CHEBI:29101" label="sodium(1+)"/>
      <span end="39291" id="16121255-12727" start="39288">Na+</span>
    </annotation>
    <annotation annotator="Mike Bada, University of Colorado Anschutz Medical Campus" id="CHEBI_2015_08_26_Instance_25819" type="identity">
      <class id="CHEBI:29103" label="potassium(1+)"/>
      <span end="39294" id="16121255-12729" start="39292">K+</span>
    </annotation>
    <annotation annotator="Mike Bada, University of Colorado Anschutz Medical Campus" id="CHEBI_2015_08_26_Instance_250470" type="identity">
      <class id="CHEBI:51231" label="DAPI"/>
      <span end="39351" id="16121255-12597" start="39347">DAPI</span>
    </annotation>
    <annotation annotator="Mike Bada, University of Colorado Anschutz Medical Campus" id="CHEBI_2015_08_26_Instance_250472" type="identity">
      <class id="CHEBI:42471" label="forskolin"/>
      <span end="39506" id="16121255-12599" start="39497">forskolin</span>
    </annotation>
    <annotation annotator="Mike Bada, University of Colorado Anschutz Medical Campus" id="CHEBI_2015_08_26_Instance_250474" type="identity">
      <class id="CHEBI:42471" label="forskolin"/>
      <span end="39785" id="16121255-12601" start="39776">forskolin</span>
    </annotation>
    <annotation annotator="Mike Bada, University of Colorado Anschutz Medical Campus" id="CHEBI_2015_08_26_Instance_250476" type="identity">
      <class id="CHEBI_SO_EXT:molecular_indicator_or_label_or_marker_or_tag" label="molecular indicator/label/marker/tag"/>
      <span end="39911" id="16121255-12603" start="39905">marker</span>
    </annotation>
    <annotation annotator="Mike Bada, University of Colorado Anschutz Medical Campus" id="CHEBI_2015_08_26_Instance_250478" type="identity">
      <class id="CHEBI_SO_EXT:molecular_indicator_or_label_or_marker_or_tag" label="molecular indicator/label/marker/tag"/>
      <span end="40001" id="16121255-12605" start="39995">marker</span>
    </annotation>
    <annotation annotator="Mike Bada, University of Colorado Anschutz Medical Campus" id="CHEBI_2015_08_26_Instance_250480" type="identity">
      <class id="CHEBI:4450" label="desmopressin"/>
      <span end="40196" id="16121255-12607" start="40191">dDAVP</span>
    </annotation>
    <annotation annotator="Mike Bada, University of Colorado Anschutz Medical Campus" id="CHEBI_2015_08_26_Instance_250482" type="identity">
      <class id="CHEBI:4450" label="desmopressin"/>
      <span end="40316" id="16121255-12609" start="40311">dDAVP</span>
    </annotation>
    <annotation annotator="Mike Bada, University of Colorado Anschutz Medical Campus" id="CHEBI_2015_08_26_Instance_250484" type="identity">
      <class id="CHEBI_SO_EXT:molecular_indicator_or_label_or_marker_or_tag" label="molecular indicator/label/marker/tag"/>
      <span end="40407" id="16121255-12611" start="40401">marker</span>
    </annotation>
    <annotation annotator="Mike Bada, University of Colorado Anschutz Medical Campus" id="CHEBI_2015_08_26_Instance_381139" type="identity">
      <class id="CHEBI_SO_EXT:molecular_label_or_mark_or_tag_process" label="molecular label/mark/tag process"/>
      <span end="40562" id="16121255-12903" start="40556">tagged</span>
    </annotation>
    <annotation annotator="Mike Bada, University of Colorado Anschutz Medical Campus" id="CHEBI_2015_08_26_Instance_250486" type="identity">
      <class id="CHEBI:42471" label="forskolin"/>
      <span end="41180" id="16121255-12613" start="41171">forskolin</span>
    </annotation>
    <annotation annotator="Mike Bada, University of Colorado Anschutz Medical Campus" id="CHEBI_2015_08_26_Instance_250488" type="identity">
      <class id="CHEBI:42471" label="forskolin"/>
      <span end="41485" id="16121255-12615" start="41476">forskolin</span>
    </annotation>
    <annotation annotator="Mike Bada, University of Colorado Anschutz Medical Campus" id="CHEBI_2015_08_26_Instance_302560" type="identity">
      <class id="CHEBI_PR_EXT:protein" label="protein"/>
      <span end="41525" id="16121255-12857" start="41517">proteins</span>
    </annotation>
    <annotation annotator="Mike Bada, University of Colorado Anschutz Medical Campus" id="CHEBI_2015_08_26_Instance_25821" type="identity">
      <class id="CHEBI_EXT:33893" label="reagent"/>
      <span end="41912" id="16121255-12731" start="41904">reagents</span>
    </annotation>
    <graph-space id="Old Knowtator Relations"/>
  </document>
</knowtator-project>
