<?xml version="1.0" encoding="UTF-8" standalone="no"?>
<knowtator-project>
  <document id="16255782" text-file="16255782.txt">
    <annotation annotator="Mike Bada, University of Colorado Anschutz Medical Campus" id="CHEBI_2015_08_26_Instance_230000" type="identity">
      <class id="CHEBI_GO_EXT:antioxidant" label="antioxidant"/>
      <span end="54" id="16255782-14899" start="43">antioxidant</span>
    </annotation>
    <annotation annotator="Mike Bada, University of Colorado Anschutz Medical Campus" id="CHEBI_2015_08_26_Instance_240002" type="identity">
      <class id="CHEBI_SO_EXT:DNA" label="DNA"/>
      <span end="62" id="16255782-14901" start="59">DNA</span>
    </annotation>
    <annotation annotator="Mike Bada, University of Colorado Anschutz Medical Campus" id="CHEBI_2015_08_26_Instance_260004" type="identity">
      <class id="CHEBI_GO_EXT:antioxidant" label="antioxidant"/>
      <span end="427" id="16255782-14903" start="416">antioxidant</span>
    </annotation>
    <annotation annotator="Mike Bada, University of Colorado Anschutz Medical Campus" id="CHEBI_2015_08_26_Instance_260006" type="identity">
      <class id="CHEBI_SO_EXT:DNA" label="DNA"/>
      <span end="661" id="16255782-14905" start="658">DNA</span>
    </annotation>
    <annotation annotator="Mike Bada, University of Colorado Anschutz Medical Campus" id="CHEBI_2015_08_26_Instance_260008" type="identity">
      <class id="CHEBI_GO_EXT:antioxidant" label="antioxidant"/>
      <span end="713" id="16255782-14907" start="702">antioxidant</span>
    </annotation>
    <annotation annotator="Mike Bada, University of Colorado Anschutz Medical Campus" id="CHEBI_2015_08_26_Instance_260010" type="identity">
      <class id="CHEBI_GO_EXT:antioxidant" label="antioxidant"/>
      <span end="770" id="16255782-14909" start="759">antioxidant</span>
    </annotation>
    <annotation annotator="Mike Bada, University of Colorado Anschutz Medical Campus" id="CHEBI_2015_08_26_Instance_260012" type="identity">
      <class id="CHEBI_SO_EXT:DNA" label="DNA"/>
      <span end="778" id="16255782-14911" start="775">DNA</span>
    </annotation>
    <annotation annotator="Mike Bada, University of Colorado Anschutz Medical Campus" id="CHEBI_2015_08_26_Instance_260014" type="identity">
      <class id="CHEBI_GO_EXT:antioxidant" label="antioxidant"/>
      <span end="1114" id="16255782-14913" start="1103">antioxidant</span>
    </annotation>
    <annotation annotator="Mike Bada, University of Colorado Anschutz Medical Campus" id="CHEBI_2015_08_26_Instance_260016" type="identity">
      <class id="CHEBI_SO_EXT:DNA" label="DNA"/>
      <span end="1158" id="16255782-14915" start="1155">DNA</span>
    </annotation>
    <annotation annotator="Mike Bada, University of Colorado Anschutz Medical Campus" id="CHEBI_2015_08_26_Instance_260018" type="identity">
      <class id="CHEBI_GO_EXT:antioxidant" label="antioxidant"/>
      <span end="1285" id="16255782-14917" start="1274">antioxidant</span>
    </annotation>
    <annotation annotator="Mike Bada, University of Colorado Anschutz Medical Campus" id="CHEBI_2015_08_26_Instance_260020" type="identity">
      <class id="CHEBI_SO_EXT:DNA" label="DNA"/>
      <span end="1293" id="16255782-14919" start="1290">DNA</span>
    </annotation>
    <annotation annotator="Mike Bada, University of Colorado Anschutz Medical Campus" id="CHEBI_2015_08_26_Instance_260022" type="identity">
      <class id="CHEBI_GO_EXT:antioxidant" label="antioxidant"/>
      <span end="1515" id="16255782-14921" start="1504">antioxidant</span>
    </annotation>
    <annotation annotator="Mike Bada, University of Colorado Anschutz Medical Campus" id="CHEBI_2015_08_26_Instance_260024" type="identity">
      <class id="CHEBI_SO_EXT:DNA" label="DNA"/>
      <span end="1522" id="16255782-14923" start="1519">DNA</span>
    </annotation>
    <annotation annotator="Mike Bada, University of Colorado Anschutz Medical Campus" id="CHEBI_2015_08_26_Instance_260026" type="identity">
      <class id="CHEBI_GO_EXT:antioxidant" label="antioxidant"/>
      <span end="2240" id="16255782-14925" start="2229">antioxidant</span>
    </annotation>
    <annotation annotator="Mike Bada, University of Colorado Anschutz Medical Campus" id="CHEBI_2015_08_26_Instance_260028" type="identity">
      <class id="CHEBI_SO_EXT:DNA" label="DNA"/>
      <span end="2248" id="16255782-14927" start="2245">DNA</span>
    </annotation>
    <annotation annotator="Mike Bada, University of Colorado Anschutz Medical Campus" id="CHEBI_2015_08_26_Instance_260030" type="identity">
      <class id="CHEBI_GO_EXT:antioxidant" label="antioxidant"/>
      <span end="2416" id="16255782-14929" start="2405">antioxidant</span>
    </annotation>
    <annotation annotator="Mike Bada, University of Colorado Anschutz Medical Campus" id="CHEBI_2015_08_26_Instance_260032" type="identity">
      <class id="CHEBI_SO_EXT:DNA" label="DNA"/>
      <span end="2424" id="16255782-14931" start="2421">DNA</span>
    </annotation>
    <annotation annotator="Mike Bada, University of Colorado Anschutz Medical Campus" id="CHEBI_2015_08_26_Instance_260034" type="identity">
      <class id="CHEBI_GO_EXT:antioxidant" label="antioxidant"/>
      <span end="2721" id="16255782-14933" start="2710">Antioxidant</span>
    </annotation>
    <annotation annotator="Mike Bada, University of Colorado Anschutz Medical Campus" id="CHEBI_2015_08_26_Instance_260036" type="identity">
      <class id="CHEBI_SO_EXT:DNA" label="DNA"/>
      <span end="2729" id="16255782-14935" start="2726">DNA</span>
    </annotation>
    <annotation annotator="Mike Bada, University of Colorado Anschutz Medical Campus" id="CHEBI_2015_08_26_Instance_260038" type="identity">
      <class id="CHEBI_GO_SO_EXT:enzyme" label="enzyme"/>
      <span end="2744" id="16255782-14937" start="2737">enzymes</span>
    </annotation>
    <annotation annotator="Mike Bada, University of Colorado Anschutz Medical Campus" id="CHEBI_2015_08_26_Instance_260040" type="identity">
      <class id="CHEBI_GO_EXT:antioxidant" label="antioxidant"/>
      <span end="3023" id="16255782-14939" start="3012">Antioxidant</span>
    </annotation>
    <annotation annotator="Mike Bada, University of Colorado Anschutz Medical Campus" id="CHEBI_2015_08_26_Instance_260042" type="identity">
      <class id="CHEBI_GO_SO_EXT:enzyme" label="enzyme"/>
      <span end="3031" id="16255782-14941" start="3024">enzymes</span>
    </annotation>
    <annotation annotator="Mike Bada, University of Colorado Anschutz Medical Campus" id="CHEBI_2015_08_26_Instance_29689" type="identity">
      <class id="CHEBI:26523" label="reactive oxygen species"/>
      <span end="3073" id="16255782-15165" start="3050">reactive oxygen species</span>
    </annotation>
    <annotation annotator="Mike Bada, University of Colorado Anschutz Medical Campus" id="CHEBI_2015_08_26_Instance_29691" type="identity">
      <class id="CHEBI_EXT:35703" label="xenobiotic"/>
      <span end="3132" id="16255782-15167" start="3121">xenobiotics</span>
    </annotation>
    <annotation annotator="Mike Bada, University of Colorado Anschutz Medical Campus" id="CHEBI_2015_08_26_Instance_29695" type="identity">
      <class id="CHEBI:26523" label="reactive oxygen species"/>
      <span end="3257" id="16255782-15169" start="3234">Reactive oxygen species</span>
    </annotation>
    <annotation annotator="Mike Bada, University of Colorado Anschutz Medical Campus" id="CHEBI_2015_08_26_Instance_302732" type="identity">
      <class id="CHEBI_PR_EXT:protein" label="protein"/>
      <span end="3322" id="16255782-15171" start="3314">proteins</span>
    </annotation>
    <annotation annotator="Mike Bada, University of Colorado Anschutz Medical Campus" id="CHEBI_2015_08_26_Instance_27379" type="identity">
      <class id="CHEBI:18059" label="lipid"/>
      <span end="3347" id="16255782-15141" start="3341">lipids</span>
    </annotation>
    <annotation annotator="Mike Bada, University of Colorado Anschutz Medical Campus" id="CHEBI_2015_08_26_Instance_302734" type="identity">
      <class id="CHEBI_PR_EXT:protein" label="protein"/>
      <span end="3360" id="16255782-15173" start="3352">proteins</span>
    </annotation>
    <annotation annotator="Mike Bada, University of Colorado Anschutz Medical Campus" id="CHEBI_2015_08_26_Instance_260044" type="identity">
      <class id="CHEBI_SO_EXT:base" label="base"/>
      <span end="3399" id="16255782-14943" start="3381">nucleic acid bases</span>
    </annotation>
    <annotation annotator="Mike Bada, University of Colorado Anschutz Medical Campus" id="CHEBI_2015_08_26_Instance_260046" type="identity">
      <class id="CHEBI_SO_EXT:DNA" label="DNA"/>
      <span end="3434" id="16255782-14945" start="3431">DNA</span>
    </annotation>
    <annotation annotator="Mike Bada, University of Colorado Anschutz Medical Campus" id="CHEBI_2015_08_26_Instance_260048" type="identity">
      <class id="CHEBI_GO_SO_EXT:enzyme" label="enzyme"/>
      <span end="3449" id="16255782-14947" start="3442">enzymes</span>
    </annotation>
    <annotation annotator="Mike Bada, University of Colorado Anschutz Medical Campus" id="CHEBI_2015_08_26_Instance_260050" type="identity">
      <class id="CHEBI_SO_EXT:DNA" label="DNA"/>
      <span end="3483" id="16255782-14949" start="3480">DNA</span>
    </annotation>
    <annotation annotator="Mike Bada, University of Colorado Anschutz Medical Campus" id="CHEBI_2015_08_26_Instance_20003" type="identity">
      <class id="CHEBI_MOP_EXT:oxidising_agent_or_oxidation" label="oxidation or oxidizing agent"/>
      <span end="3501" id="16255782-14897" start="3494">oxidant</span>
    </annotation>
    <annotation annotator="Mike Bada, University of Colorado Anschutz Medical Campus" id="CHEBI_2015_08_26_Instance_260054" type="identity">
      <class id="CHEBI_EXT:50903" label="carcinogenic agent"/>
      <span end="3584" id="16255782-14951" start="3573">carcinogens</span>
    </annotation>
    <annotation annotator="Mike Bada, University of Colorado Anschutz Medical Campus" id="CHEBI_2015_08_26_Instance_260056" type="identity">
      <class id="CHEBI_GO_EXT:antioxidant" label="antioxidant"/>
      <span end="3702" id="16255782-14953" start="3691">antioxidant</span>
    </annotation>
    <annotation annotator="Mike Bada, University of Colorado Anschutz Medical Campus" id="CHEBI_2015_08_26_Instance_260058" type="identity">
      <class id="CHEBI_GO_EXT:antioxidant" label="antioxidant"/>
      <span end="3853" id="16255782-14955" start="3842">antioxidant</span>
    </annotation>
    <annotation annotator="Mike Bada, University of Colorado Anschutz Medical Campus" id="CHEBI_2015_08_26_Instance_260060" type="identity">
      <class id="CHEBI_GO_EXT:antioxidant" label="antioxidant"/>
      <span end="3986" id="16255782-14957" start="3975">antioxidant</span>
    </annotation>
    <annotation annotator="Mike Bada, University of Colorado Anschutz Medical Campus" id="CHEBI_2015_08_26_Instance_260062" type="identity">
      <class id="CHEBI_SO_EXT:DNA" label="DNA"/>
      <span end="3993" id="16255782-14959" start="3990">DNA</span>
    </annotation>
    <annotation annotator="Mike Bada, University of Colorado Anschutz Medical Campus" id="CHEBI_2015_08_26_Instance_260064" type="identity">
      <class id="CHEBI_GO_EXT:antioxidant" label="antioxidant"/>
      <span end="4438" id="16255782-14961" start="4427">antioxidant</span>
    </annotation>
    <annotation annotator="Mike Bada, University of Colorado Anschutz Medical Campus" id="CHEBI_2015_08_26_Instance_260066" type="identity">
      <class id="CHEBI_SO_EXT:DNA" label="DNA"/>
      <span end="4446" id="16255782-14963" start="4443">DNA</span>
    </annotation>
    <annotation annotator="Mike Bada, University of Colorado Anschutz Medical Campus" id="CHEBI_2015_08_26_Instance_260068" type="identity">
      <class id="CHEBI_SO_EXT:DNA" label="DNA"/>
      <span end="4785" id="16255782-14965" start="4782">DNA</span>
    </annotation>
    <annotation annotator="Mike Bada, University of Colorado Anschutz Medical Campus" id="CHEBI_2015_08_26_Instance_260070" type="identity">
      <class id="CHEBI_GO_EXT:antioxidant" label="antioxidant"/>
      <span end="4901" id="16255782-14967" start="4890">antioxidant</span>
    </annotation>
    <annotation annotator="Mike Bada, University of Colorado Anschutz Medical Campus" id="CHEBI_2015_08_26_Instance_260072" type="identity">
      <class id="CHEBI_SO_EXT:DNA" label="DNA"/>
      <span end="4913" id="16255782-14969" start="4910">DNA</span>
    </annotation>
    <annotation annotator="Mike Bada, University of Colorado Anschutz Medical Campus" id="CHEBI_2015_08_26_Instance_260074" type="identity">
      <class id="CHEBI_SO_EXT:RNA" label="RNA"/>
      <span end="5811" id="16255782-14971" start="5808">RNA</span>
    </annotation>
    <annotation annotator="Mike Bada, University of Colorado Anschutz Medical Campus" id="CHEBI_2015_08_26_Instance_350128" type="identity">
      <class id="CHEBI_SO_EXT:oligonucleotide" label="oligonucleotide"/>
      <span end="5908" id="16255782-15177" start="5903">oligo</span>
    </annotation>
    <annotation annotator="Mike Bada, University of Colorado Anschutz Medical Campus" id="CHEBI_2015_08_26_Instance_260078" type="identity">
      <class id="CHEBI_EXT:thymine_nucleobase_or_nucleoside_or_nucleotide_molecular_entity_or_group" label="thymine nucleobase/nucleoside/nucleotide molecular entity or group"/>
      <span end="5911" id="16255782-14973" start="5909">dT</span>
    </annotation>
    <annotation annotator="Mike Bada, University of Colorado Anschutz Medical Campus" id="CHEBI_2015_08_26_Instance_260080" type="identity">
      <class id="CHEBI_SO_EXT:DNA" label="DNA"/>
      <span end="6279" id="16255782-14975" start="6276">DNA</span>
    </annotation>
    <annotation annotator="Mike Bada, University of Colorado Anschutz Medical Campus" id="CHEBI_2015_08_26_Instance_260082" type="identity">
      <class id="CHEBI_SO_EXT:DNA" label="DNA"/>
      <span end="6294" id="16255782-14977" start="6291">DNA</span>
    </annotation>
    <annotation annotator="Mike Bada, University of Colorado Anschutz Medical Campus" id="CHEBI_2015_08_26_Instance_27387" type="identity">
      <class id="CHEBI_EXT:33893" label="reagent"/>
      <span end="6312" id="16255782-15147" start="6304">reagents</span>
    </annotation>
    <annotation annotator="Mike Bada, University of Colorado Anschutz Medical Campus" id="CHEBI_2015_08_26_Instance_27383" type="identity">
      <class id="CHEBI_EXT:33893" label="reagent"/>
      <span end="6527" id="16255782-15143" start="6519">reagents</span>
    </annotation>
    <annotation annotator="Mike Bada, University of Colorado Anschutz Medical Campus" id="CHEBI_2015_08_26_Instance_27385" type="identity">
      <class id="CHEBI_EXT:33893" label="reagent"/>
      <span end="6634" id="16255782-15145" start="6626">reagents</span>
    </annotation>
    <annotation annotator="Mike Bada, University of Colorado Anschutz Medical Campus" id="CHEBI_2015_08_26_Instance_27401" type="identity">
      <class id="CHEBI_EXT:35222" label="inhibitor"/>
      <span end="7000" id="16255782-15161" start="6990">inhibitors</span>
    </annotation>
    <annotation annotator="Mike Bada, University of Colorado Anschutz Medical Campus" id="CHEBI_2015_08_26_Instance_27389" type="identity">
      <class id="CHEBI_EXT:33893" label="reagent"/>
      <span end="7827" id="16255782-15149" start="7819">reagents</span>
    </annotation>
    <annotation annotator="Mike Bada, University of Colorado Anschutz Medical Campus" id="CHEBI_2015_08_26_Instance_260084" type="identity">
      <class id="CHEBI:36357" label="polyatomic entity"/>
      <span end="7883" id="16255782-14979" start="7874">molecules</span>
    </annotation>
    <annotation annotator="Mike Bada, University of Colorado Anschutz Medical Campus" id="CHEBI_2015_08_26_Instance_260086" type="identity">
      <class id="CHEBI:36357" label="polyatomic entity"/>
      <span end="7978" id="16255782-14981" start="7969">molecules</span>
    </annotation>
    <annotation annotator="Mike Bada, University of Colorado Anschutz Medical Campus" id="CHEBI_2015_08_26_Instance_27403" type="identity">
      <class id="CHEBI_EXT:35222" label="inhibitor"/>
      <span end="8136" id="16255782-15163" start="8126">inhibitors</span>
    </annotation>
    <annotation annotator="Mike Bada, University of Colorado Anschutz Medical Campus" id="CHEBI_2015_08_26_Instance_260088" type="identity">
      <class id="CHEBI_GO_EXT:antioxidant" label="antioxidant"/>
      <span end="8581" id="16255782-14983" start="8570">antioxidant</span>
    </annotation>
    <annotation annotator="Mike Bada, University of Colorado Anschutz Medical Campus" id="CHEBI_2015_08_26_Instance_260090" type="identity">
      <class id="CHEBI_SO_EXT:DNA" label="DNA"/>
      <span end="8589" id="16255782-14985" start="8586">DNA</span>
    </annotation>
    <annotation annotator="Mike Bada, University of Colorado Anschutz Medical Campus" id="CHEBI_2015_08_26_Instance_260092" type="identity">
      <class id="CHEBI_GO_EXT:antioxidant" label="antioxidant"/>
      <span end="8768" id="16255782-14987" start="8757">antioxidant</span>
    </annotation>
    <annotation annotator="Mike Bada, University of Colorado Anschutz Medical Campus" id="CHEBI_2015_08_26_Instance_260096" type="identity">
      <class id="CHEBI_SO_EXT:DNA" label="DNA"/>
      <span end="8775" id="16255782-14989" start="8772">DNA</span>
    </annotation>
    <annotation annotator="Mike Bada, University of Colorado Anschutz Medical Campus" id="CHEBI_2015_08_26_Instance_370108" type="identity">
      <class id="CHEBI_GO_EXT:biological_process_or_quality_or_role" label="biological process, quality or role"/>
      <span end="8926" id="16255782-15179" start="8916">biological</span>
    </annotation>
    <annotation annotator="Mike Bada, University of Colorado Anschutz Medical Campus" id="CHEBI_2015_08_26_Instance_260098" type="identity">
      <class id="CHEBI_GO_EXT:antioxidant" label="antioxidant"/>
      <span end="9174" id="16255782-14991" start="9163">antioxidant</span>
    </annotation>
    <annotation annotator="Mike Bada, University of Colorado Anschutz Medical Campus" id="CHEBI_2015_08_26_Instance_260100" type="identity">
      <class id="CHEBI_SO_EXT:DNA" label="DNA"/>
      <span end="9181" id="16255782-14993" start="9178">DNA</span>
    </annotation>
    <annotation annotator="Mike Bada, University of Colorado Anschutz Medical Campus" id="CHEBI_2015_08_26_Instance_260102" type="identity">
      <class id="CHEBI_SO_EXT:base" label="base"/>
      <span end="9754" id="16255782-14995" start="9750">base</span>
    </annotation>
    <annotation annotator="Mike Bada, University of Colorado Anschutz Medical Campus" id="CHEBI_2015_08_26_Instance_260104" type="identity">
      <class id="CHEBI_SO_EXT:base" label="base"/>
      <span end="9795" id="16255782-14997" start="9791">base</span>
    </annotation>
    <annotation annotator="Mike Bada, University of Colorado Anschutz Medical Campus" id="CHEBI_2015_08_26_Instance_260106" type="identity">
      <class id="CHEBI_SO_EXT:base" label="base"/>
      <span end="9826" id="16255782-14999" start="9822">base</span>
    </annotation>
    <annotation annotator="Mike Bada, University of Colorado Anschutz Medical Campus" id="CHEBI_2015_08_26_Instance_260108" type="identity">
      <class id="CHEBI_SO_EXT:base" label="base"/>
      <span end="9945" id="16255782-15001" start="9941">base</span>
    </annotation>
    <annotation annotator="Mike Bada, University of Colorado Anschutz Medical Campus" id="CHEBI_2015_08_26_Instance_27391" type="identity">
      <class id="CHEBI_EXT:33893" label="reagent"/>
      <span end="10366" id="16255782-15151" start="10358">reagents</span>
    </annotation>
    <annotation annotator="Mike Bada, University of Colorado Anschutz Medical Campus" id="CHEBI_2015_08_26_Instance_260110" type="identity">
      <class id="CHEBI_GO_EXT:antioxidant" label="antioxidant"/>
      <span end="10773" id="16255782-15003" start="10762">antioxidant</span>
    </annotation>
    <annotation annotator="Mike Bada, University of Colorado Anschutz Medical Campus" id="CHEBI_2015_08_26_Instance_260112" type="identity">
      <class id="CHEBI_SO_EXT:DNA" label="DNA"/>
      <span end="10785" id="16255782-15005" start="10782">DNA</span>
    </annotation>
    <annotation annotator="Mike Bada, University of Colorado Anschutz Medical Campus" id="CHEBI_2015_08_26_Instance_27397" type="identity">
      <class id="CHEBI_EXT:35222" label="inhibitor"/>
      <span end="10991" id="16255782-15157" start="10982">inhibitor</span>
    </annotation>
    <annotation annotator="Mike Bada, University of Colorado Anschutz Medical Campus" id="CHEBI_2015_08_26_Instance_260114" type="identity">
      <class id="CHEBI:36357" label="polyatomic entity"/>
      <span end="11332" id="16255782-15007" start="11323">molecules</span>
    </annotation>
    <annotation annotator="Mike Bada, University of Colorado Anschutz Medical Campus" id="CHEBI_2015_08_26_Instance_260116" type="identity">
      <class id="CHEBI_GO_EXT:antioxidant" label="antioxidant"/>
      <span end="11609" id="16255782-15009" start="11598">antioxidant</span>
    </annotation>
    <annotation annotator="Mike Bada, University of Colorado Anschutz Medical Campus" id="CHEBI_2015_08_26_Instance_260118" type="identity">
      <class id="CHEBI_SO_EXT:DNA" label="DNA"/>
      <span end="11616" id="16255782-15011" start="11613">DNA</span>
    </annotation>
    <annotation annotator="Mike Bada, University of Colorado Anschutz Medical Campus" id="CHEBI_2015_08_26_Instance_260120" type="identity">
      <class id="CHEBI_GO_EXT:antioxidant" label="antioxidant"/>
      <span end="11800" id="16255782-15013" start="11789">antioxidant</span>
    </annotation>
    <annotation annotator="Mike Bada, University of Colorado Anschutz Medical Campus" id="CHEBI_2015_08_26_Instance_260122" type="identity">
      <class id="CHEBI_SO_EXT:DNA" label="DNA"/>
      <span end="11807" id="16255782-15015" start="11804">DNA</span>
    </annotation>
    <annotation annotator="Mike Bada, University of Colorado Anschutz Medical Campus" id="CHEBI_2015_08_26_Instance_260124" type="identity">
      <class id="CHEBI_GO_EXT:antioxidant" label="antioxidant"/>
      <span end="13627" id="16255782-15017" start="13616">antioxidant</span>
    </annotation>
    <annotation annotator="Mike Bada, University of Colorado Anschutz Medical Campus" id="CHEBI_2015_08_26_Instance_260126" type="identity">
      <class id="CHEBI_SO_EXT:DNA" label="DNA"/>
      <span end="13635" id="16255782-15019" start="13632">DNA</span>
    </annotation>
    <annotation annotator="Mike Bada, University of Colorado Anschutz Medical Campus" id="CHEBI_2015_08_26_Instance_260128" type="identity">
      <class id="CHEBI_GO_EXT:antioxidant" label="antioxidant"/>
      <span end="14135" id="16255782-15021" start="14124">antioxidant</span>
    </annotation>
    <annotation annotator="Mike Bada, University of Colorado Anschutz Medical Campus" id="CHEBI_2015_08_26_Instance_260130" type="identity">
      <class id="CHEBI_SO_EXT:DNA" label="DNA"/>
      <span end="14143" id="16255782-15023" start="14140">DNA</span>
    </annotation>
    <annotation annotator="Mike Bada, University of Colorado Anschutz Medical Campus" id="CHEBI_2015_08_26_Instance_260132" type="identity">
      <class id="CHEBI_GO_EXT:antioxidant" label="antioxidant"/>
      <span end="14332" id="16255782-15025" start="14321">antioxidant</span>
    </annotation>
    <annotation annotator="Mike Bada, University of Colorado Anschutz Medical Campus" id="CHEBI_2015_08_26_Instance_260134" type="identity">
      <class id="CHEBI_SO_EXT:DNA" label="DNA"/>
      <span end="14339" id="16255782-15027" start="14336">DNA</span>
    </annotation>
    <annotation annotator="Mike Bada, University of Colorado Anschutz Medical Campus" id="CHEBI_2015_08_26_Instance_260136" type="identity">
      <class id="CHEBI_GO_EXT:antioxidant" label="antioxidant"/>
      <span end="14798" id="16255782-15029" start="14787">antioxidant</span>
    </annotation>
    <annotation annotator="Mike Bada, University of Colorado Anschutz Medical Campus" id="CHEBI_2015_08_26_Instance_260138" type="identity">
      <class id="CHEBI_SO_EXT:DNA" label="DNA"/>
      <span end="14805" id="16255782-15031" start="14802">DNA</span>
    </annotation>
    <annotation annotator="Mike Bada, University of Colorado Anschutz Medical Campus" id="CHEBI_2015_08_26_Instance_260140" type="identity">
      <class id="CHEBI_GO_EXT:antioxidant" label="antioxidant"/>
      <span end="14918" id="16255782-15033" start="14907">antioxidant</span>
    </annotation>
    <annotation annotator="Mike Bada, University of Colorado Anschutz Medical Campus" id="CHEBI_2015_08_26_Instance_260142" type="identity">
      <class id="CHEBI_SO_EXT:DNA" label="DNA"/>
      <span end="14926" id="16255782-15035" start="14923">DNA</span>
    </annotation>
    <annotation annotator="Mike Bada, University of Colorado Anschutz Medical Campus" id="CHEBI_2015_08_26_Instance_260144" type="identity">
      <class id="CHEBI_GO_EXT:antioxidant" label="antioxidant"/>
      <span end="15031" id="16255782-15037" start="15020">antioxidant</span>
    </annotation>
    <annotation annotator="Mike Bada, University of Colorado Anschutz Medical Campus" id="CHEBI_2015_08_26_Instance_260146" type="identity">
      <class id="CHEBI_SO_EXT:DNA" label="DNA"/>
      <span end="15038" id="16255782-15039" start="15035">DNA</span>
    </annotation>
    <annotation annotator="Mike Bada, University of Colorado Anschutz Medical Campus" id="CHEBI_2015_08_26_Instance_260148" type="identity">
      <class id="CHEBI_GO_EXT:antioxidant" label="antioxidant"/>
      <span end="15336" id="16255782-15041" start="15325">antioxidant</span>
    </annotation>
    <annotation annotator="Mike Bada, University of Colorado Anschutz Medical Campus" id="CHEBI_2015_08_26_Instance_260150" type="identity">
      <class id="CHEBI_SO_EXT:DNA" label="DNA"/>
      <span end="15343" id="16255782-15043" start="15340">DNA</span>
    </annotation>
    <annotation annotator="Mike Bada, University of Colorado Anschutz Medical Campus" id="CHEBI_2015_08_26_Instance_260152" type="identity">
      <class id="CHEBI_GO_EXT:antioxidant" label="antioxidant"/>
      <span end="16412" id="16255782-15045" start="16401">antioxidant</span>
    </annotation>
    <annotation annotator="Mike Bada, University of Colorado Anschutz Medical Campus" id="CHEBI_2015_08_26_Instance_260154" type="identity">
      <class id="CHEBI_SO_EXT:DNA" label="DNA"/>
      <span end="16419" id="16255782-15047" start="16416">DNA</span>
    </annotation>
    <annotation annotator="Mike Bada, University of Colorado Anschutz Medical Campus" id="CHEBI_2015_08_26_Instance_260156" type="identity">
      <class id="CHEBI_GO_EXT:antioxidant" label="antioxidant"/>
      <span end="16659" id="16255782-15049" start="16648">antioxidant</span>
    </annotation>
    <annotation annotator="Mike Bada, University of Colorado Anschutz Medical Campus" id="CHEBI_2015_08_26_Instance_260158" type="identity">
      <class id="CHEBI_SO_EXT:DNA" label="DNA"/>
      <span end="16666" id="16255782-15051" start="16663">DNA</span>
    </annotation>
    <annotation annotator="Mike Bada, University of Colorado Anschutz Medical Campus" id="CHEBI_2015_08_26_Instance_260160" type="identity">
      <class id="CHEBI_GO_EXT:antioxidant" label="antioxidant"/>
      <span end="16981" id="16255782-15053" start="16970">antioxidant</span>
    </annotation>
    <annotation annotator="Mike Bada, University of Colorado Anschutz Medical Campus" id="CHEBI_2015_08_26_Instance_260162" type="identity">
      <class id="CHEBI_SO_EXT:DNA" label="DNA"/>
      <span end="16988" id="16255782-15055" start="16985">DNA</span>
    </annotation>
    <annotation annotator="Mike Bada, University of Colorado Anschutz Medical Campus" id="CHEBI_2015_08_26_Instance_260164" type="identity">
      <class id="CHEBI_GO_EXT:antioxidant" label="antioxidant"/>
      <span end="17302" id="16255782-15057" start="17291">antioxidant</span>
    </annotation>
    <annotation annotator="Mike Bada, University of Colorado Anschutz Medical Campus" id="CHEBI_2015_08_26_Instance_260166" type="identity">
      <class id="CHEBI_SO_EXT:DNA" label="DNA"/>
      <span end="17310" id="16255782-15059" start="17307">DNA</span>
    </annotation>
    <annotation annotator="Mike Bada, University of Colorado Anschutz Medical Campus" id="CHEBI_2015_08_26_Instance_260168" type="identity">
      <class id="CHEBI_GO_EXT:antioxidant" label="antioxidant"/>
      <span end="17485" id="16255782-15061" start="17474">antioxidant</span>
    </annotation>
    <annotation annotator="Mike Bada, University of Colorado Anschutz Medical Campus" id="CHEBI_2015_08_26_Instance_260170" type="identity">
      <class id="CHEBI_SO_EXT:DNA" label="DNA"/>
      <span end="17496" id="16255782-15063" start="17493">DNA</span>
    </annotation>
    <annotation annotator="Mike Bada, University of Colorado Anschutz Medical Campus" id="CHEBI_2015_08_26_Instance_260172" type="identity">
      <class id="CHEBI_SO_EXT:DNA" label="DNA"/>
      <span end="17609" id="16255782-15065" start="17606">DNA</span>
    </annotation>
    <annotation annotator="Mike Bada, University of Colorado Anschutz Medical Campus" id="CHEBI_2015_08_26_Instance_30005" type="identity">
      <class id="CHEBI_MOP_EXT:oxidising_agent_or_oxidation" label="oxidation or oxidizing agent"/>
      <span end="18159" id="16255782-15181" start="18152">oxidant</span>
    </annotation>
    <annotation annotator="Mike Bada, University of Colorado Anschutz Medical Campus" id="CHEBI_2015_08_26_Instance_260180" type="identity">
      <class id="CHEBI_GO_EXT:antioxidant" label="antioxidant"/>
      <span end="18369" id="16255782-15067" start="18358">antioxidant</span>
    </annotation>
    <annotation annotator="Mike Bada, University of Colorado Anschutz Medical Campus" id="CHEBI_2015_08_26_Instance_260182" type="identity">
      <class id="CHEBI_GO_EXT:antioxidant" label="antioxidant"/>
      <span end="18593" id="16255782-15069" start="18582">antioxidant</span>
    </annotation>
    <annotation annotator="Mike Bada, University of Colorado Anschutz Medical Campus" id="CHEBI_2015_08_26_Instance_260184" type="identity">
      <class id="CHEBI_SO_EXT:DNA" label="DNA"/>
      <span end="18601" id="16255782-15071" start="18598">DNA</span>
    </annotation>
    <annotation annotator="Mike Bada, University of Colorado Anschutz Medical Campus" id="CHEBI_2015_08_26_Instance_302736" type="identity">
      <class id="CHEBI_PR_EXT:protein" label="protein"/>
      <span end="18752" id="16255782-15175" start="18745">protein</span>
    </annotation>
    <annotation annotator="Mike Bada, University of Colorado Anschutz Medical Campus" id="CHEBI_2015_08_26_Instance_260186" type="identity">
      <class id="CHEBI_SO_EXT:DNA" label="DNA"/>
      <span end="18801" id="16255782-15073" start="18798">DNA</span>
    </annotation>
    <annotation annotator="Mike Bada, University of Colorado Anschutz Medical Campus" id="CHEBI_2015_08_26_Instance_260188" type="identity">
      <class id="CHEBI_GO_EXT:antioxidant" label="antioxidant"/>
      <span end="18824" id="16255782-15075" start="18813">antioxidant</span>
    </annotation>
    <annotation annotator="Mike Bada, University of Colorado Anschutz Medical Campus" id="CHEBI_2015_08_26_Instance_260190" type="identity">
      <class id="CHEBI_SO_EXT:DNA" label="DNA"/>
      <span end="19017" id="16255782-15077" start="19014">DNA</span>
    </annotation>
    <annotation annotator="Mike Bada, University of Colorado Anschutz Medical Campus" id="CHEBI_2015_08_26_Instance_260192" type="identity">
      <class id="CHEBI_GO_EXT:antioxidant" label="antioxidant"/>
      <span end="19040" id="16255782-15079" start="19029">antioxidant</span>
    </annotation>
    <annotation annotator="Mike Bada, University of Colorado Anschutz Medical Campus" id="CHEBI_2015_08_26_Instance_260194" type="identity">
      <class id="CHEBI_SO_EXT:DNA" label="DNA"/>
      <span end="19262" id="16255782-15081" start="19259">DNA</span>
    </annotation>
    <annotation annotator="Mike Bada, University of Colorado Anschutz Medical Campus" id="CHEBI_2015_08_26_Instance_260196" type="identity">
      <class id="CHEBI_GO_SO_EXT:enzyme" label="enzyme"/>
      <span end="19276" id="16255782-15083" start="19270">enzyme</span>
    </annotation>
    <annotation annotator="Mike Bada, University of Colorado Anschutz Medical Campus" id="CHEBI_2015_08_26_Instance_260198" type="identity">
      <class id="CHEBI_SO_EXT:DNA" label="DNA"/>
      <span end="19423" id="16255782-15085" start="19420">DNA</span>
    </annotation>
    <annotation annotator="Mike Bada, University of Colorado Anschutz Medical Campus" id="CHEBI_2015_08_26_Instance_260200" type="identity">
      <class id="CHEBI_SO_EXT:DNA" label="DNA"/>
      <span end="19493" id="16255782-15087" start="19490">DNA</span>
    </annotation>
    <annotation annotator="Mike Bada, University of Colorado Anschutz Medical Campus" id="CHEBI_2015_08_26_Instance_260202" type="identity">
      <class id="CHEBI_SO_EXT:DNA" label="DNA"/>
      <span end="19513" id="16255782-15089" start="19510">DNA</span>
    </annotation>
    <annotation annotator="Mike Bada, University of Colorado Anschutz Medical Campus" id="CHEBI_2015_08_26_Instance_260204" type="identity">
      <class id="CHEBI_SO_EXT:DNA" label="DNA"/>
      <span end="19653" id="16255782-15091" start="19650">DNA</span>
    </annotation>
    <annotation annotator="Mike Bada, University of Colorado Anschutz Medical Campus" id="CHEBI_2015_08_26_Instance_260206" type="identity">
      <class id="CHEBI_EXT:50903" label="carcinogenic agent"/>
      <span end="20071" id="16255782-15093" start="20060">carcinogens</span>
    </annotation>
    <annotation annotator="Mike Bada, University of Colorado Anschutz Medical Campus" id="CHEBI_2015_08_26_Instance_260208" type="identity">
      <class id="CHEBI_EXT:63248" label="oxidising agent"/>
      <span end="20081" id="16255782-15095" start="20073">oxidants</span>
    </annotation>
    <annotation annotator="Mike Bada, University of Colorado Anschutz Medical Campus" id="CHEBI_2015_08_26_Instance_260210" type="identity">
      <class id="CHEBI_SO_EXT:DNA" label="DNA"/>
      <span end="20089" id="16255782-15097" start="20086">DNA</span>
    </annotation>
    <annotation annotator="Mike Bada, University of Colorado Anschutz Medical Campus" id="CHEBI_2015_08_26_Instance_260216" type="identity">
      <class id="CHEBI_SO_EXT:biomarker" label="biomarker"/>
      <span end="20583" id="16255782-15099" start="20573">biomarkers</span>
    </annotation>
    <annotation annotator="Mike Bada, University of Colorado Anschutz Medical Campus" id="CHEBI_2015_08_26_Instance_260218" type="identity">
      <class id="CHEBI_SO_EXT:biomarker" label="biomarker"/>
      <span end="21260" id="16255782-15101" start="21250">biomarkers</span>
    </annotation>
    <annotation annotator="Mike Bada, University of Colorado Anschutz Medical Campus" id="CHEBI_2015_08_26_Instance_260220" type="identity">
      <class id="CHEBI_SO_EXT:biomarker" label="biomarker"/>
      <span end="21361" id="16255782-15103" start="21352">biomarker</span>
    </annotation>
    <annotation annotator="Mike Bada, University of Colorado Anschutz Medical Campus" id="CHEBI_2015_08_26_Instance_260222" type="identity">
      <class id="CHEBI_GO_EXT:antioxidant" label="antioxidant"/>
      <span end="21455" id="16255782-15105" start="21444">antioxidant</span>
    </annotation>
    <annotation annotator="Mike Bada, University of Colorado Anschutz Medical Campus" id="CHEBI_2015_08_26_Instance_260224" type="identity">
      <class id="CHEBI_SO_EXT:DNA" label="DNA"/>
      <span end="21463" id="16255782-15107" start="21460">DNA</span>
    </annotation>
    <annotation annotator="Mike Bada, University of Colorado Anschutz Medical Campus" id="CHEBI_2015_08_26_Instance_260226" type="identity">
      <class id="CHEBI_SO_EXT:biomarker" label="biomarker"/>
      <span end="21565" id="16255782-15109" start="21555">Biomarkers</span>
    </annotation>
    <annotation annotator="Mike Bada, University of Colorado Anschutz Medical Campus" id="CHEBI_2015_08_26_Instance_27399" type="identity">
      <class id="CHEBI_EXT:35222" label="inhibitor"/>
      <span end="21776" id="16255782-15159" start="21766">inhibitors</span>
    </annotation>
    <annotation annotator="Mike Bada, University of Colorado Anschutz Medical Campus" id="CHEBI_2015_08_26_Instance_260228" type="identity">
      <class id="CHEBI_GO_EXT:antioxidant" label="antioxidant"/>
      <span end="22562" id="16255782-15111" start="22551">antioxidant</span>
    </annotation>
    <annotation annotator="Mike Bada, University of Colorado Anschutz Medical Campus" id="CHEBI_2015_08_26_Instance_260230" type="identity">
      <class id="CHEBI_SO_EXT:DNA" label="DNA"/>
      <span end="22569" id="16255782-15113" start="22566">DNA</span>
    </annotation>
    <annotation annotator="Mike Bada, University of Colorado Anschutz Medical Campus" id="CHEBI_2015_08_26_Instance_260232" type="identity">
      <class id="CHEBI_GO_EXT:antioxidant" label="antioxidant"/>
      <span end="22697" id="16255782-15115" start="22686">antioxidant</span>
    </annotation>
    <annotation annotator="Mike Bada, University of Colorado Anschutz Medical Campus" id="CHEBI_2015_08_26_Instance_260234" type="identity">
      <class id="CHEBI_SO_EXT:DNA" label="DNA"/>
      <span end="22708" id="16255782-15117" start="22705">DNA</span>
    </annotation>
    <annotation annotator="Mike Bada, University of Colorado Anschutz Medical Campus" id="CHEBI_2015_08_26_Instance_27393" type="identity">
      <class id="CHEBI_EXT:33893" label="reagent"/>
      <span end="22888" id="16255782-15153" start="22880">reagents</span>
    </annotation>
    <annotation annotator="Mike Bada, University of Colorado Anschutz Medical Campus" id="CHEBI_2015_08_26_Instance_27395" type="identity">
      <class id="CHEBI_EXT:33893" label="reagent"/>
      <span end="23895" id="16255782-15155" start="23887">reagents</span>
    </annotation>
    <annotation annotator="Mike Bada, University of Colorado Anschutz Medical Campus" id="CHEBI_2015_08_26_Instance_260236" type="identity">
      <class id="CHEBI:36357" label="polyatomic entity"/>
      <span end="25758" id="16255782-15119" start="25749">molecules</span>
    </annotation>
    <annotation annotator="Mike Bada, University of Colorado Anschutz Medical Campus" id="CHEBI_2015_08_26_Instance_260238" type="identity">
      <class id="CHEBI:36357" label="polyatomic entity"/>
      <span end="25780" id="16255782-15121" start="25771">molecules</span>
    </annotation>
    <annotation annotator="Mike Bada, University of Colorado Anschutz Medical Campus" id="CHEBI_2015_08_26_Instance_260240" type="identity">
      <class id="CHEBI_GO_EXT:antioxidant" label="antioxidant"/>
      <span end="26333" id="16255782-15123" start="26322">antioxidant</span>
    </annotation>
    <annotation annotator="Mike Bada, University of Colorado Anschutz Medical Campus" id="CHEBI_2015_08_26_Instance_260242" type="identity">
      <class id="CHEBI_SO_EXT:DNA" label="DNA"/>
      <span end="26340" id="16255782-15125" start="26337">DNA</span>
    </annotation>
    <annotation annotator="Mike Bada, University of Colorado Anschutz Medical Campus" id="CHEBI_2015_08_26_Instance_260244" type="identity">
      <class id="CHEBI:36357" label="polyatomic entity"/>
      <span end="26552" id="16255782-15127" start="26543">molecules</span>
    </annotation>
    <annotation annotator="Mike Bada, University of Colorado Anschutz Medical Campus" id="CHEBI_2015_08_26_Instance_260246" type="identity">
      <class id="CHEBI_GO_EXT:antioxidant" label="antioxidant"/>
      <span end="26900" id="16255782-15129" start="26889">antioxidant</span>
    </annotation>
    <annotation annotator="Mike Bada, University of Colorado Anschutz Medical Campus" id="CHEBI_2015_08_26_Instance_260248" type="identity">
      <class id="CHEBI_SO_EXT:DNA" label="DNA"/>
      <span end="26907" id="16255782-15131" start="26904">DNA</span>
    </annotation>
    <annotation annotator="Mike Bada, University of Colorado Anschutz Medical Campus" id="CHEBI_2015_08_26_Instance_260252" type="identity">
      <class id="CHEBI_GO_EXT:antioxidant" label="antioxidant"/>
      <span end="27139" id="16255782-15135" start="27128">antioxidant</span>
    </annotation>
    <annotation annotator="Mike Bada, University of Colorado Anschutz Medical Campus" id="CHEBI_2015_08_26_Instance_260250" type="identity">
      <class id="CHEBI_SO_EXT:DNA" label="DNA"/>
      <span end="27146" id="16255782-15133" start="27143">DNA</span>
    </annotation>
    <annotation annotator="Mike Bada, University of Colorado Anschutz Medical Campus" id="CHEBI_2015_08_26_Instance_260254" type="identity">
      <class id="CHEBI_GO_EXT:antioxidant" label="antioxidant"/>
      <span end="27586" id="16255782-15137" start="27575">antioxidant</span>
    </annotation>
    <annotation annotator="Mike Bada, University of Colorado Anschutz Medical Campus" id="CHEBI_2015_08_26_Instance_260256" type="identity">
      <class id="CHEBI_SO_EXT:DNA" label="DNA"/>
      <span end="27593" id="16255782-15139" start="27590">DNA</span>
    </annotation>
    <graph-space id="Old Knowtator Relations"/>
  </document>
</knowtator-project>
