<?xml version="1.0" encoding="UTF-8" standalone="no"?>
<knowtator-project>
  <document id="16362077" text-file="16362077.txt">
    <annotation annotator="Mike Bada, University of Colorado Anschutz Medical Campus" id="CHEBI_2015_08_26_Instance_260530" type="identity">
      <class id="CHEBI_SO_EXT:RNA" label="RNA"/>
      <span end="25" id="16362077-16573" start="22">RNA</span>
    </annotation>
    <annotation annotator="Mike Bada, University of Colorado Anschutz Medical Campus" id="CHEBI_2015_08_26_Instance_302810" type="identity">
      <class id="CHEBI_PR_EXT:protein" label="protein"/>
      <span end="41" id="16362077-16877" start="34">Protein</span>
    </annotation>
    <annotation annotator="Mike Bada, University of Colorado Anschutz Medical Campus" id="CHEBI_2015_08_26_Instance_260532" type="identity">
      <class id="CHEBI_SO_EXT:RNA" label="RNA"/>
      <span end="168" id="16362077-16575" start="165">RNA</span>
    </annotation>
    <annotation annotator="Mike Bada, University of Colorado Anschutz Medical Campus" id="CHEBI_2015_08_26_Instance_302812" type="identity">
      <class id="CHEBI_PR_EXT:protein" label="protein"/>
      <span end="184" id="16362077-16879" start="177">protein</span>
    </annotation>
    <annotation annotator="Mike Bada, University of Colorado Anschutz Medical Campus" id="CHEBI_2015_08_26_Instance_260534" type="identity">
      <class id="CHEBI_SO_EXT:RNA" label="RNA"/>
      <span end="239" id="16362077-16577" start="236">RNA</span>
    </annotation>
    <annotation annotator="Mike Bada, University of Colorado Anschutz Medical Campus" id="CHEBI_2015_08_26_Instance_260536" type="identity">
      <class id="CHEBI_SO_EXT:RNA" label="RNA"/>
      <span end="841" id="16362077-16579" start="838">RNA</span>
    </annotation>
    <annotation annotator="Mike Bada, University of Colorado Anschutz Medical Campus" id="CHEBI_2015_08_26_Instance_260538" type="identity">
      <class id="CHEBI_SO_EXT:molecular_indicator_or_label_or_marker_or_tag" label="molecular indicator/label/marker/tag"/>
      <span end="983" id="16362077-16581" start="977">marker</span>
    </annotation>
    <annotation annotator="Mike Bada, University of Colorado Anschutz Medical Campus" id="CHEBI_2015_08_26_Instance_302814" type="identity">
      <class id="CHEBI_PR_EXT:protein" label="protein"/>
      <span end="1060" id="16362077-16881" start="1053">protein</span>
    </annotation>
    <annotation annotator="Mike Bada, University of Colorado Anschutz Medical Campus" id="CHEBI_2015_08_26_Instance_260540" type="identity">
      <class id="CHEBI:8228" label="pioglitazone"/>
      <span end="1239" id="16362077-16583" start="1227">pioglitazone</span>
    </annotation>
    <annotation annotator="Mike Bada, University of Colorado Anschutz Medical Campus" id="CHEBI_2015_08_26_Instance_410164" type="identity">
      <class id="CHEBI_UBERON_EXT:triglyceride_or_adipose_tissue" label="fat (CHEBI/UBERON extension class)"/>
      <span end="1530" id="16362077-16957" start="1525">fatty</span>
    </annotation>
    <annotation annotator="Mike Bada, University of Colorado Anschutz Medical Campus" id="CHEBI_2015_08_26_Instance_260542" type="identity">
      <class id="CHEBI_SO_EXT:RNA" label="RNA"/>
      <span end="2241" id="16362077-16585" start="2238">RNA</span>
    </annotation>
    <annotation annotator="Mike Bada, University of Colorado Anschutz Medical Campus" id="CHEBI_2015_08_26_Instance_302816" type="identity">
      <class id="CHEBI_PR_EXT:protein" label="protein"/>
      <span end="2257" id="16362077-16883" start="2250">protein</span>
    </annotation>
    <annotation annotator="Mike Bada, University of Colorado Anschutz Medical Campus" id="CHEBI_2015_08_26_Instance_302818" type="identity">
      <class id="CHEBI_PR_EXT:protein" label="protein"/>
      <span end="2268" id="16362077-16885" start="2261">protein</span>
    </annotation>
    <annotation annotator="Mike Bada, University of Colorado Anschutz Medical Campus" id="CHEBI_2015_08_26_Instance_260544" type="identity">
      <class id="CHEBI_GO_EXT:hormone" label="hormone"/>
      <span end="3714" id="16362077-16587" start="3706">hormones</span>
    </annotation>
    <annotation annotator="Mike Bada, University of Colorado Anschutz Medical Campus" id="CHEBI_2015_08_26_Instance_260546" type="identity">
      <class id="CHEBI_SO_EXT:biomarker" label="biomarker"/>
      <span end="4105" id="16362077-16589" start="4095">biomarkers</span>
    </annotation>
    <annotation annotator="Mike Bada, University of Colorado Anschutz Medical Campus" id="CHEBI_2015_08_26_Instance_440016" type="identity">
      <class id="CHEBI_PR_EXT:parathyroid_hormone" label="parathyroid hormone"/>
      <span end="4232" id="16362077-16973" start="4213">parathyroid hormone</span>
    </annotation>
    <annotation annotator="Mike Bada, University of Colorado Anschutz Medical Campus" id="CHEBI_2015_08_26_Instance_27931" type="identity">
      <class id="CHEBI:27300" label="vitamin D"/>
      <span end="4242" id="16362077-16845" start="4233">vitamin D</span>
    </annotation>
    <annotation annotator="Mike Bada, University of Colorado Anschutz Medical Campus" id="CHEBI_2015_08_26_Instance_260550" type="identity">
      <class id="CHEBI_GO_EXT:hormone" label="hormone"/>
      <span end="4272" id="16362077-16591" start="4265">hormone</span>
    </annotation>
    <annotation annotator="Mike Bada, University of Colorado Anschutz Medical Campus" id="CHEBI_2015_08_26_Instance_340258" type="identity">
      <class id="CHEBI_PR_EXT:leptin" label="leptin"/>
      <span end="4299" id="16362077-16945" start="4293">leptin</span>
    </annotation>
    <annotation annotator="Mike Bada, University of Colorado Anschutz Medical Campus" id="CHEBI_2015_08_26_Instance_410166" type="identity">
      <class id="CHEBI_UBERON_EXT:triglyceride_or_adipose_tissue" label="fat (CHEBI/UBERON extension class)"/>
      <span end="4695" id="16362077-16959" start="4692">fat</span>
    </annotation>
    <annotation annotator="Mike Bada, University of Colorado Anschutz Medical Campus" id="CHEBI_2015_08_26_Instance_302820" type="identity">
      <class id="CHEBI_PR_EXT:protein" label="protein"/>
      <span end="5035" id="16362077-16887" start="5027">proteins</span>
    </annotation>
    <annotation annotator="Mike Bada, University of Colorado Anschutz Medical Campus" id="CHEBI_2015_08_26_Instance_260552" type="identity">
      <class id="CHEBI_SO_EXT:RNA" label="RNA"/>
      <span end="5216" id="16362077-16593" start="5213">RNA</span>
    </annotation>
    <annotation annotator="Mike Bada, University of Colorado Anschutz Medical Campus" id="CHEBI_2015_08_26_Instance_302822" type="identity">
      <class id="CHEBI_PR_EXT:protein" label="protein"/>
      <span end="5233" id="16362077-16889" start="5225">proteins</span>
    </annotation>
    <annotation annotator="Mike Bada, University of Colorado Anschutz Medical Campus" id="CHEBI_2015_08_26_Instance_260554" type="identity">
      <class id="CHEBI_SO_EXT:RNA" label="RNA"/>
      <span end="5270" id="16362077-16595" start="5267">RNA</span>
    </annotation>
    <annotation annotator="Mike Bada, University of Colorado Anschutz Medical Campus" id="CHEBI_2015_08_26_Instance_302824" type="identity">
      <class id="CHEBI_PR_EXT:protein" label="protein"/>
      <span end="5287" id="16362077-16891" start="5279">proteins</span>
    </annotation>
    <annotation annotator="Mike Bada, University of Colorado Anschutz Medical Campus" id="CHEBI_2015_08_26_Instance_302826" type="identity">
      <class id="CHEBI_PR_EXT:protein" label="protein"/>
      <span end="5410" id="16362077-16893" start="5402">proteins</span>
    </annotation>
    <annotation annotator="Mike Bada, University of Colorado Anschutz Medical Campus" id="CHEBI_2015_08_26_Instance_260556" type="identity">
      <class id="CHEBI_SO_EXT:RNA" label="RNA"/>
      <span end="5619" id="16362077-16597" start="5616">RNA</span>
    </annotation>
    <annotation annotator="Mike Bada, University of Colorado Anschutz Medical Campus" id="CHEBI_2015_08_26_Instance_302828" type="identity">
      <class id="CHEBI_PR_EXT:protein" label="protein"/>
      <span end="5635" id="16362077-16895" start="5628">protein</span>
    </annotation>
    <annotation annotator="Mike Bada, University of Colorado Anschutz Medical Campus" id="CHEBI_2015_08_26_Instance_302830" type="identity">
      <class id="CHEBI_PR_EXT:protein" label="protein"/>
      <span end="5902" id="16362077-16897" start="5895">protein</span>
    </annotation>
    <annotation annotator="Mike Bada, University of Colorado Anschutz Medical Campus" id="CHEBI_2015_08_26_Instance_302832" type="identity">
      <class id="CHEBI_PR_EXT:protein" label="protein"/>
      <span end="6013" id="16362077-16899" start="6006">protein</span>
    </annotation>
    <annotation annotator="Mike Bada, University of Colorado Anschutz Medical Campus" id="CHEBI_2015_08_26_Instance_260558" type="identity">
      <class id="CHEBI_SO_EXT:RNA" label="RNA"/>
      <span end="6219" id="16362077-16599" start="6216">RNA</span>
    </annotation>
    <annotation annotator="Mike Bada, University of Colorado Anschutz Medical Campus" id="CHEBI_2015_08_26_Instance_302834" type="identity">
      <class id="CHEBI_PR_EXT:protein" label="protein"/>
      <span end="6236" id="16362077-16901" start="6228">proteins</span>
    </annotation>
    <annotation annotator="Mike Bada, University of Colorado Anschutz Medical Campus" id="CHEBI_2015_08_26_Instance_302836" type="identity">
      <class id="CHEBI_PR_EXT:protein" label="protein"/>
      <span end="6363" id="16362077-16903" start="6356">protein</span>
    </annotation>
    <annotation annotator="Mike Bada, University of Colorado Anschutz Medical Campus" id="CHEBI_2015_08_26_Instance_260560" type="identity">
      <class id="CHEBI_SO_EXT:RNA" label="RNA"/>
      <span end="6543" id="16362077-16601" start="6540">RNA</span>
    </annotation>
    <annotation annotator="Mike Bada, University of Colorado Anschutz Medical Campus" id="CHEBI_2015_08_26_Instance_260562" type="identity">
      <class id="CHEBI_SO_EXT:mRNA" label="mRNA"/>
      <span end="6573" id="16362077-16603" start="6569">mRNA</span>
    </annotation>
    <annotation annotator="Mike Bada, University of Colorado Anschutz Medical Campus" id="CHEBI_2015_08_26_Instance_260564" type="identity">
      <class id="CHEBI_SO_EXT:mRNA" label="mRNA"/>
      <span end="7544" id="16362077-16605" start="7540">mRNA</span>
    </annotation>
    <annotation annotator="Mike Bada, University of Colorado Anschutz Medical Campus" id="CHEBI_2015_08_26_Instance_302838" type="identity">
      <class id="CHEBI_PR_EXT:protein" label="protein"/>
      <span end="7613" id="16362077-16905" start="7606">protein</span>
    </annotation>
    <annotation annotator="Mike Bada, University of Colorado Anschutz Medical Campus" id="CHEBI_2015_08_26_Instance_260566" type="identity">
      <class id="CHEBI_SO_EXT:peptide_or_peptide_region" label="peptide or peptide region"/>
      <span end="7846" id="16362077-16607" start="7839">peptide</span>
    </annotation>
    <annotation annotator="Mike Bada, University of Colorado Anschutz Medical Campus" id="CHEBI_2015_08_26_Instance_260568" type="identity">
      <class id="CHEBI_SO_EXT:amino_acid" label="amino acid"/>
      <span end="7878" id="16362077-16609" start="7867">amino acids</span>
    </annotation>
    <annotation annotator="Mike Bada, University of Colorado Anschutz Medical Campus" id="CHEBI_2015_08_26_Instance_302840" type="identity">
      <class id="CHEBI_PR_EXT:protein" label="protein"/>
      <span end="7916" id="16362077-16907" start="7909">protein</span>
    </annotation>
    <annotation annotator="Mike Bada, University of Colorado Anschutz Medical Campus" id="CHEBI_2015_08_26_Instance_260570" type="identity">
      <class id="CHEBI_SO_EXT:peptide_or_peptide_region" label="peptide or peptide region"/>
      <span end="8718" id="16362077-16611" start="8711">peptide</span>
    </annotation>
    <annotation annotator="Mike Bada, University of Colorado Anschutz Medical Campus" id="CHEBI_2015_08_26_Instance_302842" type="identity">
      <class id="CHEBI_PR_EXT:protein" label="protein"/>
      <span end="8809" id="16362077-16909" start="8802">protein</span>
    </annotation>
    <annotation annotator="Mike Bada, University of Colorado Anschutz Medical Campus" id="CHEBI_2015_08_26_Instance_260572" type="identity">
      <class id="CHEBI_SO_EXT:RNA" label="RNA"/>
      <span end="9162" id="16362077-16613" start="9159">RNA</span>
    </annotation>
    <annotation annotator="Mike Bada, University of Colorado Anschutz Medical Campus" id="CHEBI_2015_08_26_Instance_260574" type="identity">
      <class id="CHEBI_SO_EXT:DNA" label="DNA"/>
      <span end="9304" id="16362077-16615" start="9301">DNA</span>
    </annotation>
    <annotation annotator="Mike Bada, University of Colorado Anschutz Medical Campus" id="CHEBI_2015_08_26_Instance_302844" type="identity">
      <class id="CHEBI_PR_EXT:protein" label="protein"/>
      <span end="9462" id="16362077-16911" start="9455">protein</span>
    </annotation>
    <annotation annotator="Mike Bada, University of Colorado Anschutz Medical Campus" id="CHEBI_2015_08_26_Instance_260578" type="identity">
      <class id="CHEBI_SO_EXT:peptide_or_peptide_region" label="peptide or peptide region"/>
      <span end="9611" id="16362077-16617" start="9604">peptide</span>
    </annotation>
    <annotation annotator="" id="CHEBI_2015_08_26_backup_Instance_452" type="identity">
      <class id="CHEBI_SO_EXT:C_terminus_or_C_terminal_region" label="C-terminus or C-terminal region"/>
      <span end="9702" id="16362077-16561" start="9692">C-terminal</span>
    </annotation>
    <annotation annotator="Mike Bada, University of Colorado Anschutz Medical Campus" id="CHEBI_2015_08_26_Instance_260582" type="identity">
      <class id="CHEBI_SO_EXT:amino_acid" label="amino acid"/>
      <span end="9717" id="16362077-16619" start="9706">amino acids</span>
    </annotation>
    <annotation annotator="Mike Bada, University of Colorado Anschutz Medical Campus" id="CHEBI_2015_08_26_Instance_260584" type="identity">
      <class id="CHEBI_SO_EXT:mRNA" label="mRNA"/>
      <span end="10165" id="16362077-16621" start="10161">mRNA</span>
    </annotation>
    <annotation annotator="Mike Bada, University of Colorado Anschutz Medical Campus" id="CHEBI_2015_08_26_Instance_28131" type="identity">
      <class id="CHEBI:46662" label="mineral"/>
      <span end="11783" id="16362077-16871" start="11776">mineral</span>
    </annotation>
    <annotation annotator="Mike Bada, University of Colorado Anschutz Medical Campus" id="CHEBI_2015_08_26_Instance_28133" type="identity">
      <class id="CHEBI:46662" label="mineral"/>
      <span end="12149" id="16362077-16873" start="12142">mineral</span>
    </annotation>
    <annotation annotator="Mike Bada, University of Colorado Anschutz Medical Campus" id="CHEBI_2015_08_26_Instance_260586" type="identity">
      <class id="CHEBI_GO_SO_EXT:enzyme" label="enzyme"/>
      <span end="14230" id="16362077-16623" start="14224">enzyme</span>
    </annotation>
    <annotation annotator="Mike Bada, University of Colorado Anschutz Medical Campus" id="CHEBI_2015_08_26_Instance_260594" type="identity">
      <class id="CHEBI_SO_EXT:biomarker" label="biomarker"/>
      <span end="14330" id="16362077-16629" start="14321">biomarker</span>
    </annotation>
    <annotation annotator="Mike Bada, University of Colorado Anschutz Medical Campus" id="CHEBI_2015_08_26_Instance_260592" type="identity">
      <class id="CHEBI_EXT:tartrate" label="tartrate"/>
      <span end="14359" id="16362077-16627" start="14351">tartrate</span>
    </annotation>
    <annotation annotator="Mike Bada, University of Colorado Anschutz Medical Campus" id="CHEBI_2015_08_26_Instance_260590" type="identity">
      <class id="CHEBI_EXT:tartrate" label="tartrate"/>
      <span end="14383" id="16362077-16625" start="14375">tartrate</span>
    </annotation>
    <annotation annotator="Mike Bada, University of Colorado Anschutz Medical Campus" id="CHEBI_2015_08_26_Instance_27989" type="identity">
      <class id="CHEBI_EXT:37527" label="acid"/>
      <span end="14398" id="16362077-16847" start="14394">acid</span>
    </annotation>
    <annotation annotator="Mike Bada, University of Colorado Anschutz Medical Campus" id="CHEBI_2015_08_26_Instance_260596" type="identity">
      <class id="CHEBI_SO_EXT:molecular_indicator_or_label_or_marker_or_tag" label="molecular indicator/label/marker/tag"/>
      <span end="14450" id="16362077-16631" start="14444">marker</span>
    </annotation>
    <annotation annotator="Mike Bada, University of Colorado Anschutz Medical Campus" id="CHEBI_2015_08_26_Instance_27991" type="identity">
      <class id="CHEBI:46662" label="mineral"/>
      <span end="15180" id="16362077-16849" start="15173">mineral</span>
    </annotation>
    <annotation annotator="Mike Bada, University of Colorado Anschutz Medical Campus" id="CHEBI_2015_08_26_Instance_410168" type="identity">
      <class id="CHEBI_UBERON_EXT:triglyceride_or_adipose_tissue" label="fat (CHEBI/UBERON extension class)"/>
      <span end="15379" id="16362077-16961" start="15376">fat</span>
    </annotation>
    <annotation annotator="Mike Bada, University of Colorado Anschutz Medical Campus" id="CHEBI_2015_08_26_Instance_410170" type="identity">
      <class id="CHEBI_UBERON_EXT:triglyceride_or_adipose_tissue" label="fat (CHEBI/UBERON extension class)"/>
      <span end="15625" id="16362077-16963" start="15622">fat</span>
    </annotation>
    <annotation annotator="Mike Bada, University of Colorado Anschutz Medical Campus" id="CHEBI_2015_08_26_backup_Instance_10002" type="identity">
      <class id="CHEBI_SO_EXT:C_terminus_or_C_terminal_region" label="C-terminus or C-terminal region"/>
      <span end="15924" id="16362077-16557" start="15923">C</span>
    </annotation>
    <annotation annotator="Mike Bada, University of Colorado Anschutz Medical Campus" id="CHEBI_2015_08_26_Instance_260600" type="identity">
      <class id="CHEBI_EXT:50114" label="estrogen"/>
      <span end="16123" id="16362077-16633" start="16115">estrogen</span>
    </annotation>
    <annotation annotator="Mike Bada, University of Colorado Anschutz Medical Campus" id="CHEBI_2015_08_26_Instance_240001" type="identity">
      <class id="CHEBI_PR_EXT:leptin" label="leptin"/>
      <span end="16296" id="16362077-16567" start="16290">leptin</span>
    </annotation>
    <annotation annotator="Mike Bada, University of Colorado Anschutz Medical Campus" id="CHEBI_2015_08_26_Instance_260003" type="identity">
      <class id="CHEBI_PR_EXT:leptin" label="leptin"/>
      <span end="16343" id="16362077-16643" start="16337">leptin</span>
    </annotation>
    <annotation annotator="Mike Bada, University of Colorado Anschutz Medical Campus" id="CHEBI_2015_08_26_Instance_270005" type="identity">
      <class id="CHEBI_EXT:50114" label="estrogen"/>
      <span end="16659" id="16362077-16645" start="16651">estrogen</span>
    </annotation>
    <annotation annotator="Mike Bada, University of Colorado Anschutz Medical Campus" id="CHEBI_2015_08_26_Instance_270007" type="identity">
      <class id="CHEBI_PR_EXT:leptin" label="leptin"/>
      <span end="16734" id="16362077-16647" start="16728">leptin</span>
    </annotation>
    <annotation annotator="Mike Bada, University of Colorado Anschutz Medical Campus" id="CHEBI_2015_08_26_Instance_330262" type="identity">
      <class id="CHEBI_EXT:polyatomic_entity_or_group" label="polyatomic entity or group"/>
      <span end="17653" id="16362077-16933" start="17644">molecular</span>
    </annotation>
    <annotation annotator="Mike Bada, University of Colorado Anschutz Medical Campus" id="CHEBI_2015_08_26_Instance_270011" type="identity">
      <class id="CHEBI_SO_EXT:molecular_indicator_or_label_or_marker_or_tag" label="molecular indicator/label/marker/tag"/>
      <span end="17661" id="16362077-16649" start="17654">markers</span>
    </annotation>
    <annotation annotator="Mike Bada, University of Colorado Anschutz Medical Campus" id="CHEBI_2015_08_26_Instance_270013" type="identity">
      <class id="CHEBI_SO_EXT:RNA" label="RNA"/>
      <span end="17748" id="16362077-16651" start="17745">RNA</span>
    </annotation>
    <annotation annotator="Mike Bada, University of Colorado Anschutz Medical Campus" id="CHEBI_2015_08_26_Instance_270015" type="identity">
      <class id="CHEBI_PR_EXT:collagen" label="collagen"/>
      <span end="17806" id="16362077-16653" start="17798">collagen</span>
    </annotation>
    <annotation annotator="Mike Bada, University of Colorado Anschutz Medical Campus" id="CHEBI_2015_08_26_Instance_27999" type="identity">
      <class id="CHEBI:10545" label="electron"/>
      <span end="18131" id="16362077-16851" start="18123">electron</span>
    </annotation>
    <annotation annotator="Mike Bada, University of Colorado Anschutz Medical Campus" id="CHEBI_2015_08_26_Instance_270017" type="identity">
      <class id="CHEBI_PR_EXT:leptin" label="leptin"/>
      <span end="18880" id="16362077-16655" start="18874">leptin</span>
    </annotation>
    <annotation annotator="Mike Bada, University of Colorado Anschutz Medical Campus" id="CHEBI_2015_08_26_Instance_270019" type="identity">
      <class id="CHEBI:8228" label="pioglitazone"/>
      <span end="19237" id="16362077-16657" start="19225">pioglitazone</span>
    </annotation>
    <annotation annotator="Mike Bada, University of Colorado Anschutz Medical Campus" id="CHEBI_2015_08_26_Instance_28001" type="identity">
      <class id="CHEBI:17939" label="puromycin"/>
      <span end="20441" id="16362077-16853" start="20432">puromycin</span>
    </annotation>
    <annotation annotator="Mike Bada, University of Colorado Anschutz Medical Campus" id="CHEBI_2015_08_26_Instance_270021" type="identity">
      <class id="CHEBI_SO_EXT:mRNA" label="mRNA"/>
      <span end="20768" id="16362077-16659" start="20763">mRNAs</span>
    </annotation>
    <annotation annotator="Mike Bada, University of Colorado Anschutz Medical Campus" id="CHEBI_2015_08_26_Instance_270023" type="identity">
      <class id="CHEBI_SO_EXT:RNA" label="RNA"/>
      <span end="21129" id="16362077-16661" start="21126">RNA</span>
    </annotation>
    <annotation annotator="Mike Bada, University of Colorado Anschutz Medical Campus" id="CHEBI_2015_08_26_Instance_270025" type="identity">
      <class id="CHEBI_EXT:51217" label="fluorochrome"/>
      <span end="21526" id="16362077-16663" start="21514">fluorochrome</span>
    </annotation>
    <annotation annotator="Mike Bada, University of Colorado Anschutz Medical Campus" id="CHEBI_2015_08_26_Instance_380692" type="identity">
      <class id="CHEBI_SO_EXT:molecular_label_or_mark_or_tag_process" label="molecular label/mark/tag process"/>
      <span end="21535" id="16362077-16953" start="21527">labeling</span>
    </annotation>
    <annotation annotator="Mike Bada, University of Colorado Anschutz Medical Campus" id="CHEBI_2015_08_26_Instance_270027" type="identity">
      <class id="CHEBI_EXT:51217" label="fluorochrome"/>
      <span end="21780" id="16362077-16665" start="21768">fluorochrome</span>
    </annotation>
    <annotation annotator="Mike Bada, University of Colorado Anschutz Medical Campus" id="CHEBI_2015_08_26_Instance_340080" type="identity">
      <class id="CHEBI_SO_EXT:molecular_indicator_or_label_or_marker_or_tag" label="molecular indicator/label/marker/tag"/>
      <span end="21787" id="16362077-16941" start="21781">labels</span>
    </annotation>
    <annotation annotator="Mike Bada, University of Colorado Anschutz Medical Campus" id="CHEBI_2015_08_26_Instance_302846" type="identity">
      <class id="CHEBI_PR_EXT:protein" label="protein"/>
      <span end="23300" id="16362077-16913" start="23293">protein</span>
    </annotation>
    <annotation annotator="Mike Bada, University of Colorado Anschutz Medical Campus" id="CHEBI_2015_08_26_Instance_270031" type="identity">
      <class id="CHEBI_SO_EXT:mRNA" label="mRNA"/>
      <span end="23428" id="16362077-16667" start="23424">mRNA</span>
    </annotation>
    <annotation annotator="Mike Bada, University of Colorado Anschutz Medical Campus" id="CHEBI_2015_08_26_Instance_302848" type="identity">
      <class id="CHEBI_PR_EXT:protein" label="protein"/>
      <span end="24041" id="16362077-16915" start="24034">protein</span>
    </annotation>
    <annotation annotator="Mike Bada, University of Colorado Anschutz Medical Campus" id="CHEBI_2015_08_26_Instance_270033" type="identity">
      <class id="CHEBI_EXT:50114" label="estrogen"/>
      <span end="24987" id="16362077-16669" start="24979">estrogen</span>
    </annotation>
    <annotation annotator="Mike Bada, University of Colorado Anschutz Medical Campus" id="CHEBI_2015_08_26_Instance_340260" type="identity">
      <class id="CHEBI_PR_EXT:leptin" label="leptin"/>
      <span end="25056" id="16362077-16947" start="25050">leptin</span>
    </annotation>
    <annotation annotator="Mike Bada, University of Colorado Anschutz Medical Campus" id="CHEBI_2015_08_26_Instance_270035" type="identity">
      <class id="CHEBI_PR_EXT:leptin" label="leptin"/>
      <span end="25344" id="16362077-16671" start="25338">leptin</span>
    </annotation>
    <annotation annotator="Mike Bada, University of Colorado Anschutz Medical Campus" id="CHEBI_2015_08_26_Instance_302850" type="identity">
      <class id="CHEBI_PR_EXT:protein" label="protein"/>
      <span end="25761" id="16362077-16917" start="25754">protein</span>
    </annotation>
    <annotation annotator="Mike Bada, University of Colorado Anschutz Medical Campus" id="CHEBI_2015_08_26_Instance_270037" type="identity">
      <class id="CHEBI_SO_EXT:tyrosine" label="tyrosine"/>
      <span end="25884" id="16362077-16673" start="25876">tyrosine</span>
    </annotation>
    <annotation annotator="Mike Bada, University of Colorado Anschutz Medical Campus" id="CHEBI_2015_08_26_Instance_410172" type="identity">
      <class id="CHEBI_UBERON_EXT:triglyceride_or_adipose_tissue" label="fat (CHEBI/UBERON extension class)"/>
      <span end="27621" id="16362077-16965" start="27616">fatty</span>
    </annotation>
    <annotation annotator="Mike Bada, University of Colorado Anschutz Medical Campus" id="CHEBI_2015_08_26_Instance_270039" type="identity">
      <class id="CHEBI_SO_EXT:RNA" label="RNA"/>
      <span end="27840" id="16362077-16675" start="27837">RNA</span>
    </annotation>
    <annotation annotator="Mike Bada, University of Colorado Anschutz Medical Campus" id="CHEBI_2015_08_26_Instance_302852" type="identity">
      <class id="CHEBI_PR_EXT:protein" label="protein"/>
      <span end="27856" id="16362077-16919" start="27849">protein</span>
    </annotation>
    <annotation annotator="Mike Bada, University of Colorado Anschutz Medical Campus" id="CHEBI_2015_08_26_Instance_270041" type="identity">
      <class id="CHEBI_SO_EXT:RNA" label="RNA"/>
      <span end="27956" id="16362077-16677" start="27953">RNA</span>
    </annotation>
    <annotation annotator="Mike Bada, University of Colorado Anschutz Medical Campus" id="CHEBI_2015_08_26_Instance_340262" type="identity">
      <class id="CHEBI_PR_EXT:leptin" label="leptin"/>
      <span end="28218" id="16362077-16949" start="28212">leptin</span>
    </annotation>
    <annotation annotator="Mike Bada, University of Colorado Anschutz Medical Campus" id="CHEBI_2015_08_26_Instance_270043" type="identity">
      <class id="CHEBI_PR_EXT:leptin" label="leptin"/>
      <span end="28487" id="16362077-16679" start="28481">leptin</span>
    </annotation>
    <annotation annotator="Mike Bada, University of Colorado Anschutz Medical Campus" id="CHEBI_2015_08_26_Instance_270045" type="identity">
      <class id="CHEBI_PR_EXT:leptin" label="leptin"/>
      <span end="28649" id="16362077-16681" start="28643">leptin</span>
    </annotation>
    <annotation annotator="Mike Bada, University of Colorado Anschutz Medical Campus" id="CHEBI_2015_08_26_Instance_270047" type="identity">
      <class id="CHEBI_PR_EXT:leptin" label="leptin"/>
      <span end="28731" id="16362077-16683" start="28725">leptin</span>
    </annotation>
    <annotation annotator="Mike Bada, University of Colorado Anschutz Medical Campus" id="CHEBI_2015_08_26_Instance_270049" type="identity">
      <class id="CHEBI_PR_EXT:leptin" label="leptin"/>
      <span end="28940" id="16362077-16685" start="28934">leptin</span>
    </annotation>
    <annotation annotator="Mike Bada, University of Colorado Anschutz Medical Campus" id="CHEBI_2015_08_26_Instance_28005" type="identity">
      <class id="CHEBI_EXT:35222" label="inhibitor"/>
      <span end="29304" id="16362077-16855" start="29294">inhibitors</span>
    </annotation>
    <annotation annotator="Mike Bada, University of Colorado Anschutz Medical Campus" id="CHEBI_2015_08_26_Instance_270051" type="identity">
      <class id="CHEBI_EXT:paraformaldehye" label="paraformaldehyde"/>
      <span end="29901" id="16362077-16687" start="29885">paraformaldehyde</span>
    </annotation>
    <annotation annotator="Mike Bada, University of Colorado Anschutz Medical Campus" id="CHEBI_2015_08_26_Instance_270053" type="identity">
      <class id="CHEBI:51686" label="haematoxylin"/>
      <span end="30220" id="16362077-16689" start="30209">hematoxylin</span>
    </annotation>
    <annotation annotator="Mike Bada, University of Colorado Anschutz Medical Campus" id="CHEBI_2015_08_26_Instance_270055" type="identity">
      <class id="CHEBI:51903" label="calcein"/>
      <span end="30293" id="16362077-16691" start="30286">calcein</span>
    </annotation>
    <annotation annotator="Mike Bada, University of Colorado Anschutz Medical Campus" id="CHEBI_2015_08_26_Instance_28009" type="identity">
      <class id="CHEBI:27902" label="tetracycline"/>
      <span end="30329" id="16362077-16857" start="30317">tetracycline</span>
    </annotation>
    <annotation annotator="Mike Bada, University of Colorado Anschutz Medical Campus" id="CHEBI_2015_08_26_Instance_380694" type="identity">
      <class id="CHEBI_SO_EXT:molecular_label_or_mark_or_tag_process" label="molecular label/mark/tag process"/>
      <span end="30367" id="16362077-16955" start="30362">label</span>
    </annotation>
    <annotation annotator="Mike Bada, University of Colorado Anschutz Medical Campus" id="CHEBI_2015_08_26_Instance_270057" type="identity">
      <class id="CHEBI_EXT:paraformaldehye" label="paraformaldehyde"/>
      <span end="30447" id="16362077-16693" start="30431">paraformaldehyde</span>
    </annotation>
    <annotation annotator="Mike Bada, University of Colorado Anschutz Medical Campus" id="CHEBI_2015_08_26_Instance_270059" type="identity">
      <class id="CHEBI_EXT:poly_methyl_methacrylate" label="poly(methyl methacrylate)"/>
      <span end="30532" id="16362077-16695" start="30510">polymethylmethacrylate</span>
    </annotation>
    <annotation annotator="Mike Bada, University of Colorado Anschutz Medical Campus" id="CHEBI_2015_08_26_Instance_270065" type="identity">
      <class id="CHEBI:34840" label="methyl methacrylate"/>
      <span end="30537" id="16362077-16697" start="30534">MMA</span>
    </annotation>
    <annotation annotator="Mike Bada, University of Colorado Anschutz Medical Campus" id="CHEBI_2015_08_26_Instance_330670" type="identity">
      <class id="CHEBI:60004" label="mixture"/>
      <span end="30551" id="16362077-16937" start="30544">mixture</span>
    </annotation>
    <annotation annotator="Mike Bada, University of Colorado Anschutz Medical Campus" id="CHEBI_2015_08_26_Instance_270067" type="identity">
      <class id="CHEBI:34840" label="methyl methacrylate"/>
      <span end="30562" id="16362077-16699" start="30559">MMA</span>
    </annotation>
    <annotation annotator="Mike Bada, University of Colorado Anschutz Medical Campus" id="CHEBI_2015_08_26_Instance_270069" type="identity">
      <class id="CHEBI:34288" label="2-hydroxyethyl methacrylate"/>
      <span end="30589" id="16362077-16701" start="30571">glycolmethacrylate</span>
    </annotation>
    <annotation annotator="Mike Bada, University of Colorado Anschutz Medical Campus" id="CHEBI_2015_08_26_Instance_270071" type="identity">
      <class id="CHEBI:34288" label="2-hydroxyethyl methacrylate"/>
      <span end="30594" id="16362077-16703" start="30591">GMA</span>
    </annotation>
    <annotation annotator="Mike Bada, University of Colorado Anschutz Medical Campus" id="CHEBI_2015_08_26_Instance_270073" type="identity">
      <class id="CHEBI:34840" label="methyl methacrylate"/>
      <span end="30630" id="16362077-16705" start="30627">MMA</span>
    </annotation>
    <annotation annotator="Mike Bada, University of Colorado Anschutz Medical Campus" id="CHEBI_2015_08_26_Instance_270075" type="identity">
      <class id="CHEBI:34840" label="methyl methacrylate"/>
      <span end="30757" id="16362077-16707" start="30754">MMA</span>
    </annotation>
    <annotation annotator="Mike Bada, University of Colorado Anschutz Medical Campus" id="CHEBI_2015_08_26_Instance_270077" type="identity">
      <class id="CHEBI:34288" label="2-hydroxyethyl methacrylate"/>
      <span end="30761" id="16362077-16709" start="30758">GMA</span>
    </annotation>
    <annotation annotator="Mike Bada, University of Colorado Anschutz Medical Campus" id="CHEBI_2015_08_26_Instance_28011" type="identity">
      <class id="CHEBI:46662" label="mineral"/>
      <span end="31234" id="16362077-16859" start="31227">Mineral</span>
    </annotation>
    <annotation annotator="Mike Bada, University of Colorado Anschutz Medical Campus" id="CHEBI_2015_08_26_Instance_270079" type="identity">
      <class id="CHEBI_SO_EXT:molecular_probe" label="molecular probe"/>
      <span end="31454" id="16362077-16711" start="31449">probe</span>
    </annotation>
    <annotation annotator="Mike Bada, University of Colorado Anschutz Medical Campus" id="CHEBI_2015_08_26_Instance_270081" type="identity">
      <class id="CHEBI_SO_EXT:DNA" label="DNA"/>
      <span end="31487" id="16362077-16713" start="31484">DNA</span>
    </annotation>
    <annotation annotator="Mike Bada, University of Colorado Anschutz Medical Campus" id="CHEBI_2015_08_26_Instance_270083" type="identity">
      <class id="CHEBI_SO_EXT:base" label="base"/>
      <span end="31505" id="16362077-16715" start="31504">b</span>
    </annotation>
    <annotation annotator="Mike Bada, University of Colorado Anschutz Medical Campus" id="CHEBI_2015_08_26_Instance_270085" type="identity">
      <class id="CHEBI_SO_EXT:DNA" label="DNA"/>
      <span end="31671" id="16362077-16717" start="31668">DNA</span>
    </annotation>
    <annotation annotator="Mike Bada, University of Colorado Anschutz Medical Campus" id="CHEBI_2015_08_26_Instance_270087" type="identity">
      <class id="CHEBI_SO_EXT:oligonucleotide" label="oligonucleotide"/>
      <span end="31740" id="16362077-16719" start="31724">oligonucleotides</span>
    </annotation>
    <annotation annotator="Mike Bada, University of Colorado Anschutz Medical Campus" id="CHEBI_2015_08_26_Instance_270089" type="identity">
      <class id="CHEBI_SO_EXT:base" label="base"/>
      <span end="31835" id="16362077-16721" start="31834">b</span>
    </annotation>
    <annotation annotator="Mike Bada, University of Colorado Anschutz Medical Campus" id="CHEBI_2015_08_26_Instance_270091" type="identity">
      <class id="CHEBI_SO_EXT:DNA" label="DNA"/>
      <span end="31839" id="16362077-16723" start="31836">DNA</span>
    </annotation>
    <annotation annotator="Mike Bada, University of Colorado Anschutz Medical Campus" id="CHEBI_2015_08_26_Instance_270093" type="identity">
      <class id="CHEBI_SO_EXT:base" label="base"/>
      <span end="31972" id="16362077-16725" start="31971">b</span>
    </annotation>
    <annotation annotator="Mike Bada, University of Colorado Anschutz Medical Campus" id="CHEBI_2015_08_26_Instance_270095" type="identity">
      <class id="CHEBI:7507" label="neomycin"/>
      <span end="32260" id="16362077-16727" start="32252">neomycin</span>
    </annotation>
    <annotation annotator="Mike Bada, University of Colorado Anschutz Medical Campus" id="CHEBI_2015_08_26_Instance_270097" type="identity">
      <class id="CHEBI_SO_EXT:base" label="base"/>
      <span end="32339" id="16362077-16729" start="32338">b</span>
    </annotation>
    <annotation annotator="Mike Bada, University of Colorado Anschutz Medical Campus" id="CHEBI_2015_08_26_Instance_270099" type="identity">
      <class id="CHEBI_SO_EXT:DNA" label="DNA"/>
      <span end="32343" id="16362077-16731" start="32340">DNA</span>
    </annotation>
    <annotation annotator="Mike Bada, University of Colorado Anschutz Medical Campus" id="CHEBI_2015_08_26_Instance_270101" type="identity">
      <class id="CHEBI_SO_EXT:DNA" label="DNA"/>
      <span end="33271" id="16362077-16733" start="33268">DNA</span>
    </annotation>
    <annotation annotator="Mike Bada, University of Colorado Anschutz Medical Campus" id="CHEBI_2015_08_26_Instance_270103" type="identity">
      <class id="CHEBI_SO_EXT:DNA" label="DNA"/>
      <span end="33371" id="16362077-16735" start="33368">DNA</span>
    </annotation>
    <annotation annotator="Mike Bada, University of Colorado Anschutz Medical Campus" id="CHEBI_2015_08_26_Instance_270105" type="identity">
      <class id="CHEBI_SO_EXT:molecular_probe" label="molecular probe"/>
      <span end="33402" id="16362077-16737" start="33397">probe</span>
    </annotation>
    <annotation annotator="Mike Bada, University of Colorado Anschutz Medical Campus" id="CHEBI_2015_08_26_Instance_270107" type="identity">
      <class id="CHEBI_SO_EXT:oligonucleotide" label="oligonucleotide"/>
      <span end="33491" id="16362077-16739" start="33475">oligonucleotides</span>
    </annotation>
    <annotation annotator="Mike Bada, University of Colorado Anschutz Medical Campus" id="CHEBI_2015_08_26_Instance_270109" type="identity">
      <class id="CHEBI_SO_EXT:oligonucleotide" label="oligonucleotide"/>
      <span end="33659" id="16362077-16741" start="33643">oligonucleotides</span>
    </annotation>
    <annotation annotator="Mike Bada, University of Colorado Anschutz Medical Campus" id="CHEBI_2015_08_26_Instance_270111" type="identity">
      <class id="CHEBI_SO_EXT:oligonucleotide" label="oligonucleotide"/>
      <span end="33832" id="16362077-16743" start="33816">oligonucleotides</span>
    </annotation>
    <annotation annotator="Mike Bada, University of Colorado Anschutz Medical Campus" id="CHEBI_2015_08_26_Instance_30729" type="identity">
      <class id="CHEBI_EXT:38867" label="anaesthetic"/>
      <span end="34112" id="16362077-16929" start="34102">anesthetic</span>
    </annotation>
    <annotation annotator="Mike Bada, University of Colorado Anschutz Medical Campus" id="CHEBI_2015_08_26_Instance_410174" type="identity">
      <class id="CHEBI_UBERON_EXT:triglyceride_or_adipose_tissue" label="fat (CHEBI/UBERON extension class)"/>
      <span end="34277" id="16362077-16967" start="34274">fat</span>
    </annotation>
    <annotation annotator="Mike Bada, University of Colorado Anschutz Medical Campus" id="CHEBI_2015_08_26_Instance_380208" type="identity">
      <class id="CHEBI_EXT:anaesthetic_process" label="anaesthetic process"/>
      <span end="34436" id="16362077-16951" start="34424">anesthetized</span>
    </annotation>
    <annotation annotator="Mike Bada, University of Colorado Anschutz Medical Campus" id="CHEBI_2015_08_26_Instance_270113" type="identity">
      <class id="CHEBI_EXT:paraformaldehye" label="paraformaldehyde"/>
      <span end="34666" id="16362077-16745" start="34650">paraformaldehyde</span>
    </annotation>
    <annotation annotator="Mike Bada, University of Colorado Anschutz Medical Campus" id="CHEBI_2015_08_26_Instance_28017" type="identity">
      <class id="CHEBI:16469" label="17beta-estradiol"/>
      <span end="35307" id="16362077-16861" start="35294">17β estradiol</span>
    </annotation>
    <annotation annotator="Mike Bada, University of Colorado Anschutz Medical Campus" id="CHEBI_2015_08_26_Instance_270115" type="identity">
      <class id="CHEBI_PR_EXT:leptin" label="leptin"/>
      <span end="35357" id="16362077-16747" start="35351">leptin</span>
    </annotation>
    <annotation annotator="Mike Bada, University of Colorado Anschutz Medical Campus" id="CHEBI_2015_08_26_Instance_270117" type="identity">
      <class id="CHEBI_SO_EXT:RNA" label="RNA"/>
      <span end="35828" id="16362077-16749" start="35825">RNA</span>
    </annotation>
    <annotation annotator="Mike Bada, University of Colorado Anschutz Medical Campus" id="CHEBI_2015_08_26_Instance_270119" type="identity">
      <class id="CHEBI_EXT:paraformaldehye" label="paraformaldehyde"/>
      <span end="36312" id="16362077-16751" start="36296">paraformaldehyde</span>
    </annotation>
    <annotation annotator="Mike Bada, University of Colorado Anschutz Medical Campus" id="CHEBI_2015_08_26_Instance_28019" type="identity">
      <class id="CHEBI:18219" label="ammonium hydroxide"/>
      <span end="36440" id="16362077-16863" start="36422">ammonium hydroxide</span>
    </annotation>
    <annotation annotator="Mike Bada, University of Colorado Anschutz Medical Campus" id="CHEBI_2015_08_26_Instance_270121" type="identity">
      <class id="CHEBI_EXT:gold" label="gold"/>
      <span end="36486" id="16362077-16753" start="36484">Au</span>
    </annotation>
    <annotation annotator="Mike Bada, University of Colorado Anschutz Medical Campus" id="CHEBI_2015_08_26_Instance_270123" type="identity">
      <class id="CHEBI_EXT:palladium" label="palladium"/>
      <span end="36489" id="16362077-16755" start="36487">Pd</span>
    </annotation>
    <annotation annotator="Mike Bada, University of Colorado Anschutz Medical Campus" id="CHEBI_2015_08_26_Instance_28021" type="identity">
      <class id="CHEBI:10545" label="electron"/>
      <span end="36528" id="16362077-16865" start="36520">electron</span>
    </annotation>
    <annotation annotator="Mike Bada, University of Colorado Anschutz Medical Campus" id="CHEBI_2015_08_26_Instance_28023" type="identity">
      <class id="CHEBI:10545" label="electron"/>
      <span end="36556" id="16362077-16867" start="36548">Electron</span>
    </annotation>
    <annotation annotator="Mike Bada, University of Colorado Anschutz Medical Campus" id="CHEBI_2015_08_26_Instance_270125" type="identity">
      <class id="CHEBI_SO_EXT:RNA" label="RNA"/>
      <span end="37257" id="16362077-16757" start="37254">RNA</span>
    </annotation>
    <annotation annotator="Mike Bada, University of Colorado Anschutz Medical Campus" id="CHEBI_2015_08_26_Instance_270127" type="identity">
      <class id="CHEBI_SO_EXT:RNA" label="RNA"/>
      <span end="37341" id="16362077-16759" start="37338">RNA</span>
    </annotation>
    <annotation annotator="Mike Bada, University of Colorado Anschutz Medical Campus" id="CHEBI_2015_08_26_Instance_28025" type="identity">
      <class id="CHEBI_EXT:33893" label="reagent"/>
      <span end="37372" id="16362077-16869" start="37365">reagent</span>
    </annotation>
    <annotation annotator="Mike Bada, University of Colorado Anschutz Medical Campus" id="CHEBI_2015_08_26_Instance_270129" type="identity">
      <class id="CHEBI_SO_EXT:RNA" label="RNA"/>
      <span end="37474" id="16362077-16761" start="37471">RNA</span>
    </annotation>
    <annotation annotator="Mike Bada, University of Colorado Anschutz Medical Campus" id="CHEBI_2015_08_26_Instance_270131" type="identity">
      <class id="CHEBI_SO_EXT:base" label="base"/>
      <span end="38077" id="16362077-16763" start="38073">base</span>
    </annotation>
    <annotation annotator="Mike Bada, University of Colorado Anschutz Medical Campus" id="CHEBI_2015_08_26_Instance_270133" type="identity">
      <class id="CHEBI_SO_EXT:double_stranded_DNA" label="double-stranded DNA"/>
      <span end="38100" id="16362077-16765" start="38078">duplex DNA nucleotides</span>
    </annotation>
    <annotation annotator="Mike Bada, University of Colorado Anschutz Medical Campus" id="CHEBI_2015_08_26_Instance_270135" type="identity">
      <class id="CHEBI_SO_EXT:base" label="base"/>
      <span end="38164" id="16362077-16767" start="38160">base</span>
    </annotation>
    <annotation annotator="Mike Bada, University of Colorado Anschutz Medical Campus" id="CHEBI_2015_08_26_Instance_270137" type="identity">
      <class id="CHEBI_EXT:residue" label="residue"/>
      <span end="38173" id="16362077-16769" start="38165">residues</span>
    </annotation>
    <annotation annotator="Mike Bada, University of Colorado Anschutz Medical Campus" id="CHEBI_2015_08_26_Instance_270139" type="identity">
      <class id="CHEBI_SO_EXT:DNA" label="DNA"/>
      <span end="38445" id="16362077-16771" start="38442">DNA</span>
    </annotation>
    <annotation annotator="Mike Bada, University of Colorado Anschutz Medical Campus" id="CHEBI_2015_08_26_Instance_24973" type="identity">
      <class id="CHEBI:17939" label="puromycin"/>
      <span end="38549" id="16362077-16565" start="38540">puromycin</span>
    </annotation>
    <annotation annotator="Mike Bada, University of Colorado Anschutz Medical Campus" id="CHEBI_2015_08_26_Instance_270141" type="identity">
      <class id="CHEBI_SO_EXT:RNA" label="RNA"/>
      <span end="38973" id="16362077-16773" start="38970">RNA</span>
    </annotation>
    <annotation annotator="Mike Bada, University of Colorado Anschutz Medical Campus" id="CHEBI_2015_08_26_Instance_270143" type="identity">
      <class id="CHEBI_SO_EXT:biomarker" label="biomarker"/>
      <span end="39517" id="16362077-16775" start="39507">Biomarkers</span>
    </annotation>
    <annotation annotator="Mike Bada, University of Colorado Anschutz Medical Campus" id="CHEBI_2015_08_26_Instance_25045" type="identity">
      <class id="CHEBI:46662" label="mineral"/>
      <span end="40173" id="16362077-16569" start="40166">mineral</span>
    </annotation>
    <annotation annotator="Mike Bada, University of Colorado Anschutz Medical Campus" id="CHEBI_2015_08_26_Instance_25523" type="identity">
      <class id="CHEBI:46662" label="mineral"/>
      <span end="40201" id="16362077-16571" start="40194">mineral</span>
    </annotation>
    <annotation annotator="Mike Bada, University of Colorado Anschutz Medical Campus" id="CHEBI_2015_08_26_Instance_302854" type="identity">
      <class id="CHEBI_PR_EXT:protein" label="protein"/>
      <span end="40245" id="16362077-16921" start="40238">protein</span>
    </annotation>
    <annotation annotator="Mike Bada, University of Colorado Anschutz Medical Campus" id="CHEBI_2015_08_26_backup_Instance_10004" type="identity">
      <class id="CHEBI_SO_EXT:C_terminus_or_C_terminal_region" label="C-terminus or C-terminal region"/>
      <span end="40282" id="16362077-16559" start="40281">C</span>
    </annotation>
    <annotation annotator="Mike Bada, University of Colorado Anschutz Medical Campus" id="CHEBI_2015_08_26_Instance_270147" type="identity">
      <class id="CHEBI_SO_EXT:RNA" label="RNA"/>
      <span end="40406" id="16362077-16777" start="40403">RNA</span>
    </annotation>
    <annotation annotator="Mike Bada, University of Colorado Anschutz Medical Campus" id="CHEBI_2015_08_26_Instance_270149" type="identity">
      <class id="CHEBI_EXT:tartrate" label="tartrate"/>
      <span end="40423" id="16362077-16779" start="40415">tartrate</span>
    </annotation>
    <annotation annotator="Mike Bada, University of Colorado Anschutz Medical Campus" id="CHEBI_2015_08_26_Instance_26313" type="identity">
      <class id="CHEBI_EXT:37527" label="acid"/>
      <span end="40438" id="16362077-16635" start="40434">acid</span>
    </annotation>
    <annotation annotator="Mike Bada, University of Colorado Anschutz Medical Campus" id="CHEBI_2015_08_26_Instance_270151" type="identity">
      <class id="CHEBI_EXT:paraformaldehye" label="paraformaldehyde"/>
      <span end="40642" id="16362077-16781" start="40626">paraformaldehyde</span>
    </annotation>
    <annotation annotator="Mike Bada, University of Colorado Anschutz Medical Campus" id="CHEBI_2015_08_26_Instance_270153" type="identity">
      <class id="CHEBI:51686" label="haematoxylin"/>
      <span end="40914" id="16362077-16783" start="40903">hematoxylin</span>
    </annotation>
    <annotation annotator="Mike Bada, University of Colorado Anschutz Medical Campus" id="CHEBI_2015_08_26_Instance_270155" type="identity">
      <class id="CHEBI:51686" label="haematoxylin"/>
      <span end="41296" id="16362077-16785" start="41285">hematoxylin</span>
    </annotation>
    <annotation annotator="Mike Bada, University of Colorado Anschutz Medical Campus" id="CHEBI_2015_08_26_Instance_270157" type="identity">
      <class id="CHEBI_EXT:eosin" label="eosin"/>
      <span end="41306" id="16362077-16787" start="41301">eosin</span>
    </annotation>
    <annotation annotator="Mike Bada, University of Colorado Anschutz Medical Campus" id="CHEBI_2015_08_26_Instance_270159" type="identity">
      <class id="CHEBI_SO_EXT:peptide_or_peptide_region" label="peptide or peptide region"/>
      <span end="41384" id="16362077-16789" start="41377">peptide</span>
    </annotation>
    <annotation annotator="Mike Bada, University of Colorado Anschutz Medical Campus" id="CHEBI_2015_08_26_Instance_270161" type="identity">
      <class id="CHEBI_SO_EXT:DNA" label="DNA"/>
      <span end="41863" id="16362077-16791" start="41860">DNA</span>
    </annotation>
    <annotation annotator="Mike Bada, University of Colorado Anschutz Medical Campus" id="CHEBI_2015_08_26_Instance_270163" type="identity">
      <class id="CHEBI_SO_EXT:molecular_probe" label="molecular probe"/>
      <span end="41888" id="16362077-16793" start="41883">probe</span>
    </annotation>
    <annotation annotator="Mike Bada, University of Colorado Anschutz Medical Campus" id="CHEBI_2015_08_26_Instance_331444" type="identity">
      <class id="CHEBI_GO_EXT:neomycin_or_neomycin_phosphotransferase" label="neomycin or neomycin phosphotransferase"/>
      <span end="42112" id="16362077-16939" start="42104">neomycin</span>
    </annotation>
    <annotation annotator="Mike Bada, University of Colorado Anschutz Medical Campus" id="CHEBI_2015_08_26_Instance_270167" type="identity">
      <class id="CHEBI_SO_EXT:DNA" label="DNA"/>
      <span end="42165" id="16362077-16795" start="42162">DNA</span>
    </annotation>
    <annotation annotator="Mike Bada, University of Colorado Anschutz Medical Campus" id="CHEBI_2015_08_26_Instance_270169" type="identity">
      <class id="CHEBI_SO_EXT:DNA" label="DNA"/>
      <span end="42238" id="16362077-16797" start="42235">DNA</span>
    </annotation>
    <annotation annotator="Mike Bada, University of Colorado Anschutz Medical Campus" id="CHEBI_2015_08_26_Instance_270171" type="identity">
      <class id="CHEBI_SO_EXT:base" label="base"/>
      <span end="42283" id="16362077-16799" start="42282">b</span>
    </annotation>
    <annotation annotator="Mike Bada, University of Colorado Anschutz Medical Campus" id="CHEBI_2015_08_26_Instance_270173" type="identity">
      <class id="CHEBI_SO_EXT:base" label="base"/>
      <span end="42309" id="16362077-16801" start="42308">b</span>
    </annotation>
    <annotation annotator="Mike Bada, University of Colorado Anschutz Medical Campus" id="CHEBI_2015_08_26_Instance_302856" type="identity">
      <class id="CHEBI_PR_EXT:protein" label="protein"/>
      <span end="42391" id="16362077-16923" start="42384">Protein</span>
    </annotation>
    <annotation annotator="Mike Bada, University of Colorado Anschutz Medical Campus" id="CHEBI_2015_08_26_Instance_270175" type="identity">
      <class id="CHEBI_SO_EXT:peptide_or_peptide_region" label="peptide or peptide region"/>
      <span end="42548" id="16362077-16803" start="42541">peptide</span>
    </annotation>
    <annotation annotator="Mike Bada, University of Colorado Anschutz Medical Campus" id="CHEBI_2015_08_26_Instance_270179" type="identity">
      <class id="CHEBI_EXT:60816" label="immunogen"/>
      <span end="42594" id="16362077-16807" start="42583">immunogenic</span>
    </annotation>
    <annotation annotator="Mike Bada, University of Colorado Anschutz Medical Campus" id="CHEBI_2015_08_26_Instance_270177" type="identity">
      <class id="CHEBI_SO_EXT:peptide_or_peptide_region" label="peptide or peptide region"/>
      <span end="42602" id="16362077-16805" start="42595">peptide</span>
    </annotation>
    <annotation annotator="Mike Bada, University of Colorado Anschutz Medical Campus" id="CHEBI_2015_08_26_Instance_270181" type="identity">
      <class id="CHEBI_SO_EXT:amino_acid" label="amino acid"/>
      <span end="42631" id="16362077-16809" start="42620">amino acids</span>
    </annotation>
    <annotation annotator="" id="CHEBI_2015_08_26_backup_Instance_454" type="identity">
      <class id="CHEBI_SO_EXT:C_terminus_or_C_terminal_region" label="C-terminus or C-terminal region"/>
      <span end="42712" id="16362077-16563" start="42702">C-terminal</span>
    </annotation>
    <annotation annotator="Mike Bada, University of Colorado Anschutz Medical Campus" id="CHEBI_2015_08_26_Instance_270185" type="identity">
      <class id="CHEBI_SO_EXT:amino_acid" label="amino acid"/>
      <span end="42727" id="16362077-16811" start="42716">amino acids</span>
    </annotation>
    <annotation annotator="Mike Bada, University of Colorado Anschutz Medical Campus" id="CHEBI_2015_08_26_Instance_330264" type="identity">
      <class id="CHEBI_EXT:polyatomic_entity_or_group" label="polyatomic entity or group"/>
      <span end="42814" id="16362077-16935" start="42805">molecular</span>
    </annotation>
    <annotation annotator="Mike Bada, University of Colorado Anschutz Medical Campus" id="CHEBI_2015_08_26_Instance_270189" type="identity">
      <class id="CHEBI_SO_EXT:molecular_indicator_or_label_or_marker_or_tag" label="molecular indicator/label/marker/tag"/>
      <span end="42827" id="16362077-16813" start="42820">markers</span>
    </annotation>
    <annotation annotator="Mike Bada, University of Colorado Anschutz Medical Campus" id="CHEBI_2015_08_26_Instance_30731" type="identity">
      <class id="CHEBI_EXT:38867" label="anaesthetic"/>
      <span end="42995" id="16362077-16931" start="42985">anesthetic</span>
    </annotation>
    <annotation annotator="Mike Bada, University of Colorado Anschutz Medical Campus" id="CHEBI_2015_08_26_Instance_270191" type="identity">
      <class id="CHEBI_EXT:paraformaldehye" label="paraformaldehyde"/>
      <span end="43506" id="16362077-16815" start="43490">paraformaldehyde</span>
    </annotation>
    <annotation annotator="Mike Bada, University of Colorado Anschutz Medical Campus" id="CHEBI_2015_08_26_Instance_270193" type="identity">
      <class id="CHEBI_EXT:paraformaldehye" label="paraformaldehyde"/>
      <span end="45088" id="16362077-16817" start="45072">paraformaldehyde</span>
    </annotation>
    <annotation annotator="Mike Bada, University of Colorado Anschutz Medical Campus" id="CHEBI_2015_08_26_Instance_270195" type="identity">
      <class id="CHEBI_EXT:paraformaldehye" label="paraformaldehyde"/>
      <span end="45863" id="16362077-16819" start="45847">paraformaldehyde</span>
    </annotation>
    <annotation annotator="Mike Bada, University of Colorado Anschutz Medical Campus" id="CHEBI_2015_08_26_Instance_26605" type="identity">
      <class id="CHEBI:32130" label="silver(1+) nitrate"/>
      <span end="45943" id="16362077-16637" start="45929">silver nitrate</span>
    </annotation>
    <annotation annotator="Mike Bada, University of Colorado Anschutz Medical Campus" id="CHEBI_2015_08_26_Instance_270197" type="identity">
      <class id="CHEBI:8228" label="pioglitazone"/>
      <span end="47021" id="16362077-16821" start="47009">pioglitazone</span>
    </annotation>
    <annotation annotator="Mike Bada, University of Colorado Anschutz Medical Campus" id="CHEBI_2015_08_26_Instance_270199" type="identity">
      <class id="CHEBI_EXT:paraformaldehye" label="paraformaldehyde"/>
      <span end="47070" id="16362077-16823" start="47054">paraformaldehyde</span>
    </annotation>
    <annotation annotator="Mike Bada, University of Colorado Anschutz Medical Campus" id="CHEBI_2015_08_26_Instance_410176" type="identity">
      <class id="CHEBI_UBERON_EXT:triglyceride_or_adipose_tissue" label="fat (CHEBI/UBERON extension class)"/>
      <span end="47115" id="16362077-16969" start="47112">fat</span>
    </annotation>
    <annotation annotator="Mike Bada, University of Colorado Anschutz Medical Campus" id="CHEBI_2015_08_26_Instance_270201" type="identity">
      <class id="CHEBI_SO_EXT:RNA" label="RNA"/>
      <span end="47276" id="16362077-16825" start="47273">RNA</span>
    </annotation>
    <annotation annotator="Mike Bada, University of Colorado Anschutz Medical Campus" id="CHEBI_2015_08_26_Instance_270203" type="identity">
      <class id="CHEBI_SO_EXT:DNA" label="DNA"/>
      <span end="47355" id="16362077-16827" start="47352">DNA</span>
    </annotation>
    <annotation annotator="Mike Bada, University of Colorado Anschutz Medical Campus" id="CHEBI_2015_08_26_Instance_26767" type="identity">
      <class id="CHEBI:2511" label="agarose"/>
      <span end="47392" id="16362077-16639" start="47385">agarose</span>
    </annotation>
    <annotation annotator="Mike Bada, University of Colorado Anschutz Medical Campus" id="CHEBI_2015_08_26_Instance_26769" type="identity">
      <class id="CHEBI:4883" label="ethidium bromide"/>
      <span end="47427" id="16362077-16641" start="47411">ethidium bromide</span>
    </annotation>
    <annotation annotator="Mike Bada, University of Colorado Anschutz Medical Campus" id="CHEBI_2015_08_26_Instance_270205" type="identity">
      <class id="CHEBI_SO_EXT:molecular_indicator_or_label_or_marker_or_tag" label="molecular indicator/label/marker/tag"/>
      <span end="47465" id="16362077-16829" start="47458">markers</span>
    </annotation>
    <annotation annotator="Mike Bada, University of Colorado Anschutz Medical Campus" id="CHEBI_2015_08_26_Instance_27201" type="identity">
      <class id="CHEBI:17939" label="puromycin"/>
      <span end="47842" id="16362077-16839" start="47833">puromycin</span>
    </annotation>
    <annotation annotator="Mike Bada, University of Colorado Anschutz Medical Campus" id="CHEBI_2015_08_26_Instance_302858" type="identity">
      <class id="CHEBI_PR_EXT:protein" label="protein"/>
      <span end="47935" id="16362077-16925" start="47928">protein</span>
    </annotation>
    <annotation annotator="Mike Bada, University of Colorado Anschutz Medical Campus" id="CHEBI_2015_08_26_Instance_270207" type="identity">
      <class id="CHEBI_SO_EXT:molecular_indicator_or_label_or_marker_or_tag" label="molecular indicator/label/marker/tag"/>
      <span end="48263" id="16362077-16831" start="48257">marker</span>
    </annotation>
    <annotation annotator="Mike Bada, University of Colorado Anschutz Medical Campus" id="CHEBI_2015_08_26_Instance_270209" type="identity">
      <class id="CHEBI_SO_EXT:DNA" label="DNA"/>
      <span end="48360" id="16362077-16833" start="48357">DNA</span>
    </annotation>
    <annotation annotator="Mike Bada, University of Colorado Anschutz Medical Campus" id="CHEBI_2015_08_26_Instance_27203" type="identity">
      <class id="CHEBI:2511" label="agarose"/>
      <span end="48397" id="16362077-16841" start="48390">agarose</span>
    </annotation>
    <annotation annotator="Mike Bada, University of Colorado Anschutz Medical Campus" id="CHEBI_2015_08_26_Instance_27205" type="identity">
      <class id="CHEBI:4883" label="ethidium bromide"/>
      <span end="48431" id="16362077-16843" start="48415">ethidium bromide</span>
    </annotation>
    <annotation annotator="Mike Bada, University of Colorado Anschutz Medical Campus" id="CHEBI_2015_08_26_Instance_410178" type="identity">
      <class id="CHEBI_UBERON_EXT:triglyceride_or_adipose_tissue" label="fat (CHEBI/UBERON extension class)"/>
      <span end="48505" id="16362077-16971" start="48500">Fatty</span>
    </annotation>
    <annotation annotator="Mike Bada, University of Colorado Anschutz Medical Campus" id="CHEBI_2015_08_26_Instance_270211" type="identity">
      <class id="CHEBI_EXT:51217" label="fluorochrome"/>
      <span end="48980" id="16362077-16835" start="48968">fluorochrome</span>
    </annotation>
    <annotation annotator="Mike Bada, University of Colorado Anschutz Medical Campus" id="CHEBI_2015_08_26_Instance_340082" type="identity">
      <class id="CHEBI_SO_EXT:molecular_indicator_or_label_or_marker_or_tag" label="molecular indicator/label/marker/tag"/>
      <span end="48987" id="16362077-16943" start="48981">labels</span>
    </annotation>
    <annotation annotator="Mike Bada, University of Colorado Anschutz Medical Campus" id="CHEBI_2015_08_26_Instance_28135" type="identity">
      <class id="CHEBI:46662" label="mineral"/>
      <span end="49193" id="16362077-16875" start="49186">Mineral</span>
    </annotation>
    <annotation annotator="Mike Bada, University of Colorado Anschutz Medical Campus" id="CHEBI_2015_08_26_Instance_270215" type="identity">
      <class id="CHEBI_SO_EXT:RNA" label="RNA"/>
      <span end="49891" id="16362077-16837" start="49888">RNA</span>
    </annotation>
    <annotation annotator="Mike Bada, University of Colorado Anschutz Medical Campus" id="CHEBI_2015_08_26_Instance_302860" type="identity">
      <class id="CHEBI_PR_EXT:protein" label="protein"/>
      <span end="49907" id="16362077-16927" start="49900">protein</span>
    </annotation>
    <graph-space id="Old Knowtator Relations"/>
  </document>
</knowtator-project>
