<?xml version="1.0" encoding="UTF-8" standalone="no"?>
<knowtator-project>
  <document id="16433929" text-file="16433929.txt">
    <annotation annotator="Mike Bada, University of Colorado Anschutz Medical Campus" id="CHEBI_2015_08_26_Instance_270363" type="identity">
      <class id="CHEBI_GO_SO_EXT:enzyme" label="enzyme"/>
      <span end="280" id="16433929-16995" start="273">enzymes</span>
    </annotation>
    <annotation annotator="Mike Bada, University of Colorado Anschutz Medical Campus" id="CHEBI_2015_08_26_Instance_270365" type="identity">
      <class id="CHEBI_GO_SO_EXT:enzyme" label="enzyme"/>
      <span end="615" id="16433929-16997" start="608">enzymes</span>
    </annotation>
    <annotation annotator="Mike Bada, University of Colorado Anschutz Medical Campus" id="CHEBI_2015_08_26_Instance_25921" type="identity">
      <class id="CHEBI:29108" label="calcium(2+)"/>
      <span end="1684" id="16433929-16993" start="1680">Ca2+</span>
    </annotation>
    <annotation annotator="Mike Bada, University of Colorado Anschutz Medical Campus" id="CHEBI_2015_08_26_Instance_270367" type="identity">
      <class id="CHEBI_SO_EXT:cysteine" label="cysteine"/>
      <span end="1704" id="16433929-16999" start="1696">cysteine</span>
    </annotation>
    <annotation annotator="Mike Bada, University of Colorado Anschutz Medical Campus" id="CHEBI_2015_08_26_Instance_270371" type="identity">
      <class id="CHEBI_GO_SO_EXT:enzyme" label="enzyme"/>
      <span end="1882" id="16433929-17001" start="1875">enzymes</span>
    </annotation>
    <annotation annotator="Mike Bada, University of Colorado Anschutz Medical Campus" id="CHEBI_2015_08_26_Instance_270373" type="identity">
      <class id="CHEBI_SO_EXT:amino_acid" label="amino acid"/>
      <span end="2136" id="16433929-17003" start="2126">amino acid</span>
    </annotation>
    <annotation annotator="Mike Bada, University of Colorado Anschutz Medical Campus" id="CHEBI_2015_08_26_Instance_302884" type="identity">
      <class id="CHEBI_PR_EXT:protein" label="protein"/>
      <span end="2207" id="16433929-17189" start="2200">protein</span>
    </annotation>
    <annotation annotator="Mike Bada, University of Colorado Anschutz Medical Campus" id="CHEBI_2015_08_26_Instance_25039" type="identity">
      <class id="CHEBI:29108" label="calcium(2+)"/>
      <span end="2480" id="16433929-16983" start="2476">Ca2+</span>
    </annotation>
    <annotation annotator="Mike Bada, University of Colorado Anschutz Medical Campus" id="CHEBI_2015_08_26_Instance_25145" type="identity">
      <class id="CHEBI:29108" label="calcium(2+)"/>
      <span end="2536" id="16433929-16985" start="2532">Ca2+</span>
    </annotation>
    <annotation annotator="Mike Bada, University of Colorado Anschutz Medical Campus" id="CHEBI_2015_08_26_Instance_25147" type="identity">
      <class id="CHEBI:29108" label="calcium(2+)"/>
      <span end="2571" id="16433929-16987" start="2567">Ca2+</span>
    </annotation>
    <annotation annotator="Mike Bada, University of Colorado Anschutz Medical Campus" id="CHEBI_2015_08_26_Instance_270375" type="identity">
      <class id="CHEBI_EXT:calcium" label="calcium"/>
      <span end="2685" id="16433929-17005" start="2678">calcium</span>
    </annotation>
    <annotation annotator="Mike Bada, University of Colorado Anschutz Medical Campus" id="CHEBI_2015_08_26_Instance_25151" type="identity">
      <class id="CHEBI:29108" label="calcium(2+)"/>
      <span end="2793" id="16433929-16989" start="2789">Ca2+</span>
    </annotation>
    <annotation annotator="Mike Bada, University of Colorado Anschutz Medical Campus" id="CHEBI_2015_08_26_Instance_270377" type="identity">
      <class id="CHEBI_GO_SO_EXT:enzyme" label="enzyme"/>
      <span end="2929" id="16433929-17007" start="2922">enzymes</span>
    </annotation>
    <annotation annotator="Mike Bada, University of Colorado Anschutz Medical Campus" id="CHEBI_2015_08_26_Instance_370112" type="identity">
      <class id="CHEBI_GO_EXT:biological_process_or_quality_or_role" label="biological process, quality or role"/>
      <span end="3060" id="16433929-17218" start="3050">biological</span>
    </annotation>
    <annotation annotator="Mike Bada, University of Colorado Anschutz Medical Campus" id="CHEBI_2015_08_26_Instance_270379" type="identity">
      <class id="CHEBI_EXT:82824" label="calpain inhibitor"/>
      <span end="3738" id="16433929-17009" start="3716">inhibitors of calpains</span>
    </annotation>
    <annotation annotator="Mike Bada, University of Colorado Anschutz Medical Campus" id="CHEBI_2015_08_26_Instance_302886" type="identity">
      <class id="CHEBI_PR_EXT:protein" label="protein"/>
      <span end="3899" id="16433929-17191" start="3892">protein</span>
    </annotation>
    <annotation annotator="Mike Bada, University of Colorado Anschutz Medical Campus" id="CHEBI_2015_08_26_Instance_330550" type="identity">
      <class id="CHEBI_EXT:82824" label="calpain inhibitor"/>
      <span end="3912" id="16433929-17215" start="3900">inhibitor of</span>
      <span end="3929" id="16433929-17216" start="3922">calpain</span>
    </annotation>
    <annotation annotator="Mike Bada, University of Colorado Anschutz Medical Campus" id="CHEBI_2015_08_26_Instance_302888" type="identity">
      <class id="CHEBI_PR_EXT:protein" label="protein"/>
      <span end="4239" id="16433929-17193" start="4232">protein</span>
    </annotation>
    <annotation annotator="Mike Bada, University of Colorado Anschutz Medical Campus" id="CHEBI_2015_08_26_Instance_270381" type="identity">
      <class id="CHEBI_EXT:82824" label="calpain inhibitor"/>
      <span end="4317" id="16433929-17011" start="4300">calpain inhibitor</span>
    </annotation>
    <annotation annotator="Mike Bada, University of Colorado Anschutz Medical Campus" id="CHEBI_2015_08_26_Instance_28227" type="identity">
      <class id="CHEBI:29917" label="thiol group"/>
      <span end="4352" id="16433929-17157" start="4347">thiol</span>
    </annotation>
    <annotation annotator="Mike Bada, University of Colorado Anschutz Medical Campus" id="CHEBI_2015_08_26_Instance_28229" type="identity">
      <class id="CHEBI_EXT:23888" label="drug"/>
      <span end="7256" id="16433929-17159" start="7252">drug</span>
    </annotation>
    <annotation annotator="Mike Bada, University of Colorado Anschutz Medical Campus" id="CHEBI_2015_08_26_Instance_270396" type="identity">
      <class id="CHEBI_SO_EXT:molecular_probe" label="molecular probe"/>
      <span end="7389" id="16433929-17013" start="7384">probe</span>
    </annotation>
    <annotation annotator="Mike Bada, University of Colorado Anschutz Medical Campus" id="CHEBI_2015_08_26_Instance_270398" type="identity">
      <class id="CHEBI_SO_EXT:base" label="base"/>
      <span end="7465" id="16433929-17015" start="7464">b</span>
    </annotation>
    <annotation annotator="Mike Bada, University of Colorado Anschutz Medical Campus" id="CHEBI_2015_08_26_Instance_270400" type="identity">
      <class id="CHEBI_SO_EXT:base" label="base"/>
      <span end="7515" id="16433929-17017" start="7514">b</span>
    </annotation>
    <annotation annotator="Mike Bada, University of Colorado Anschutz Medical Campus" id="CHEBI_2015_08_26_Instance_270402" type="identity">
      <class id="CHEBI_SO_EXT:molecular_probe" label="molecular probe"/>
      <span end="7610" id="16433929-17019" start="7605">probe</span>
    </annotation>
    <annotation annotator="Mike Bada, University of Colorado Anschutz Medical Campus" id="CHEBI_2015_08_26_Instance_270404" type="identity">
      <class id="CHEBI_SO_EXT:base" label="base"/>
      <span end="7644" id="16433929-17021" start="7643">b</span>
    </annotation>
    <annotation annotator="Mike Bada, University of Colorado Anschutz Medical Campus" id="CHEBI_2015_08_26_Instance_270406" type="identity">
      <class id="CHEBI_SO_EXT:base" label="base"/>
      <span end="7665" id="16433929-17023" start="7664">b</span>
    </annotation>
    <annotation annotator="Mike Bada, University of Colorado Anschutz Medical Campus" id="CHEBI_2015_08_26_Instance_270408" type="identity">
      <class id="CHEBI_SO_EXT:base" label="base"/>
      <span end="7696" id="16433929-17025" start="7695">b</span>
    </annotation>
    <annotation annotator="Mike Bada, University of Colorado Anschutz Medical Campus" id="CHEBI_2015_08_26_Instance_270410" type="identity">
      <class id="CHEBI_SO_EXT:base" label="base"/>
      <span end="7717" id="16433929-17027" start="7716">b</span>
    </annotation>
    <annotation annotator="Mike Bada, University of Colorado Anschutz Medical Campus" id="CHEBI_2015_08_26_Instance_270412" type="identity">
      <class id="CHEBI_SO_EXT:base" label="base"/>
      <span end="7758" id="16433929-17029" start="7757">b</span>
    </annotation>
    <annotation annotator="Mike Bada, University of Colorado Anschutz Medical Campus" id="CHEBI_2015_08_26_Instance_270414" type="identity">
      <class id="CHEBI_SO_EXT:base" label="base"/>
      <span end="7779" id="16433929-17031" start="7778">b</span>
    </annotation>
    <annotation annotator="Mike Bada, University of Colorado Anschutz Medical Campus" id="CHEBI_2015_08_26_Instance_270416" type="identity">
      <class id="CHEBI_SO_EXT:molecular_probe" label="molecular probe"/>
      <span end="7828" id="16433929-17033" start="7823">probe</span>
    </annotation>
    <annotation annotator="Mike Bada, University of Colorado Anschutz Medical Campus" id="CHEBI_2015_08_26_Instance_430056" type="identity">
      <class id="CHEBI_GO_EXT:neomycin_or_neomycin_phosphotransferase" label="neomycin or neomycin phosphotransferase"/>
      <span end="7853" id="16433929-17224" start="7850">Neo</span>
    </annotation>
    <annotation annotator="Mike Bada, University of Colorado Anschutz Medical Campus" id="CHEBI_2015_08_26_Instance_270418" type="identity">
      <class id="CHEBI_SO_EXT:base" label="base"/>
      <span end="7889" id="16433929-17035" start="7888">b</span>
    </annotation>
    <annotation annotator="Mike Bada, University of Colorado Anschutz Medical Campus" id="CHEBI_2015_08_26_Instance_270422" type="identity">
      <class id="CHEBI_SO_EXT:DNA" label="DNA"/>
      <span end="8435" id="16433929-17037" start="8432">DNA</span>
    </annotation>
    <annotation annotator="Mike Bada, University of Colorado Anschutz Medical Campus" id="CHEBI_2015_08_26_Instance_28315" type="identity">
      <class id="CHEBI:42098" label="digoxigenin"/>
      <span end="8485" id="16433929-17183" start="8482">DIG</span>
    </annotation>
    <annotation annotator="Mike Bada, University of Colorado Anschutz Medical Campus" id="CHEBI_2015_08_26_Instance_380704" type="identity">
      <class id="CHEBI_SO_EXT:molecular_label_or_mark_or_tag_process" label="molecular label/mark/tag process"/>
      <span end="8493" id="16433929-17220" start="8486">labeled</span>
    </annotation>
    <annotation annotator="Mike Bada, University of Colorado Anschutz Medical Campus" id="CHEBI_2015_08_26_Instance_270424" type="identity">
      <class id="CHEBI_SO_EXT:base" label="base"/>
      <span end="8614" id="16433929-17039" start="8613">b</span>
    </annotation>
    <annotation annotator="Mike Bada, University of Colorado Anschutz Medical Campus" id="CHEBI_2015_08_26_Instance_270426" type="identity">
      <class id="CHEBI_SO_EXT:base" label="base"/>
      <span end="8710" id="16433929-17041" start="8709">b</span>
    </annotation>
    <annotation annotator="Mike Bada, University of Colorado Anschutz Medical Campus" id="CHEBI_2015_08_26_Instance_430058" type="identity">
      <class id="CHEBI_GO_EXT:neomycin_or_neomycin_phosphotransferase" label="neomycin or neomycin phosphotransferase"/>
      <span end="9331" id="16433929-17226" start="9328">Neo</span>
    </annotation>
    <annotation annotator="Mike Bada, University of Colorado Anschutz Medical Campus" id="CHEBI_2015_08_26_Instance_270432" type="identity">
      <class id="CHEBI_SO_EXT:molecular_indicator_or_label_or_marker_or_tag" label="molecular indicator/label/marker/tag"/>
      <span end="9494" id="16433929-17045" start="9493">M</span>
    </annotation>
    <annotation annotator="Mike Bada, University of Colorado Anschutz Medical Campus" id="CHEBI_2015_08_26_Instance_330278" type="identity">
      <class id="CHEBI_EXT:polyatomic_entity_or_group" label="polyatomic entity or group"/>
      <span end="9517" id="16433929-17209" start="9508">molecular</span>
    </annotation>
    <annotation annotator="Mike Bada, University of Colorado Anschutz Medical Campus" id="CHEBI_2015_08_26_Instance_270430" type="identity">
      <class id="CHEBI_SO_EXT:molecular_indicator_or_label_or_marker_or_tag" label="molecular indicator/label/marker/tag"/>
      <span end="9531" id="16433929-17043" start="9525">marker</span>
    </annotation>
    <annotation annotator="Mike Bada, University of Colorado Anschutz Medical Campus" id="CHEBI_2015_08_26_Instance_270460" type="identity">
      <class id="CHEBI_SO_EXT:mRNA" label="mRNA"/>
      <span end="11257" id="16433929-17059" start="11242">mRNA transcript</span>
    </annotation>
    <annotation annotator="Mike Bada, University of Colorado Anschutz Medical Campus" id="CHEBI_2015_08_26_Instance_302890" type="identity">
      <class id="CHEBI_PR_EXT:protein" label="protein"/>
      <span end="11268" id="16433929-17195" start="11261">protein</span>
    </annotation>
    <annotation annotator="Mike Bada, University of Colorado Anschutz Medical Campus" id="CHEBI_2015_08_26_Instance_430060" type="identity">
      <class id="CHEBI_GO_EXT:neomycin_or_neomycin_phosphotransferase" label="neomycin or neomycin phosphotransferase"/>
      <span end="12321" id="16433929-17228" start="12318">Neo</span>
    </annotation>
    <annotation annotator="Mike Bada, University of Colorado Anschutz Medical Campus" id="CHEBI_2015_08_26_Instance_430062" type="identity">
      <class id="CHEBI_GO_EXT:neomycin_or_neomycin_phosphotransferase" label="neomycin or neomycin phosphotransferase"/>
      <span end="12582" id="16433929-17230" start="12579">Neo</span>
    </annotation>
    <annotation annotator="Mike Bada, University of Colorado Anschutz Medical Campus" id="CHEBI_2015_08_26_Instance_270436" type="identity">
      <class id="CHEBI_SO_EXT:molecular_indicator_or_label_or_marker_or_tag" label="molecular indicator/label/marker/tag"/>
      <span end="13737" id="16433929-17047" start="13736">M</span>
    </annotation>
    <annotation annotator="Mike Bada, University of Colorado Anschutz Medical Campus" id="CHEBI_2015_08_26_Instance_330280" type="identity">
      <class id="CHEBI_EXT:polyatomic_entity_or_group" label="polyatomic entity or group"/>
      <span end="13760" id="16433929-17211" start="13751">molecular</span>
    </annotation>
    <annotation annotator="Mike Bada, University of Colorado Anschutz Medical Campus" id="CHEBI_2015_08_26_Instance_270438" type="identity">
      <class id="CHEBI_SO_EXT:molecular_indicator_or_label_or_marker_or_tag" label="molecular indicator/label/marker/tag"/>
      <span end="13774" id="16433929-17049" start="13768">marker</span>
    </annotation>
    <annotation annotator="Mike Bada, University of Colorado Anschutz Medical Campus" id="CHEBI_2015_08_26_Instance_270440" type="identity">
      <class id="CHEBI:42768" label="geneticin"/>
      <span end="15482" id="16433929-17051" start="15478">G418</span>
    </annotation>
    <annotation annotator="Mike Bada, University of Colorado Anschutz Medical Campus" id="CHEBI_2015_08_26_Instance_28237" type="identity">
      <class id="CHEBI_EXT:23888" label="drug"/>
      <span end="15760" id="16433929-17161" start="15756">drug</span>
    </annotation>
    <annotation annotator="Mike Bada, University of Colorado Anschutz Medical Campus" id="CHEBI_2015_08_26_Instance_270444" type="identity">
      <class id="CHEBI_GO_SO_EXT:enzyme" label="enzyme"/>
      <span end="16161" id="16433929-17053" start="16154">enzymes</span>
    </annotation>
    <annotation annotator="Mike Bada, University of Colorado Anschutz Medical Campus" id="CHEBI_2015_08_26_Instance_28239" type="identity">
      <class id="CHEBI_EXT:35222" label="inhibitor"/>
      <span end="16242" id="16433929-17163" start="16232">inhibitors</span>
    </annotation>
    <annotation annotator="" id="CHEBI_2015_08_26_backup_Instance_150" type="identity">
      <class id="CHEBI_SO_EXT:C_terminus_or_C_terminal_region" label="C-terminus or C-terminal region"/>
      <span end="18572" id="16433929-16977" start="18562">C-terminus</span>
    </annotation>
    <annotation annotator="Mike Bada, University of Colorado Anschutz Medical Campus" id="CHEBI_2015_08_26_Instance_430064" type="identity">
      <class id="CHEBI_GO_EXT:neomycin_or_neomycin_phosphotransferase" label="neomycin or neomycin phosphotransferase"/>
      <span end="18629" id="16433929-17232" start="18626">Neo</span>
    </annotation>
    <annotation annotator="Mike Bada, University of Colorado Anschutz Medical Campus" id="CHEBI_2015_08_26_Instance_302892" type="identity">
      <class id="CHEBI_PR_EXT:protein" label="protein"/>
      <span end="18704" id="16433929-17197" start="18697">protein</span>
    </annotation>
    <annotation annotator="" id="CHEBI_2015_08_26_backup_Instance_456" type="identity">
      <class id="CHEBI_SO_EXT:C_terminus_or_C_terminal_region" label="C-terminus or C-terminal region"/>
      <span end="18815" id="16433929-16979" start="18805">C-terminal</span>
    </annotation>
    <annotation annotator="Mike Bada, University of Colorado Anschutz Medical Campus" id="CHEBI_2015_08_26_Instance_270454" type="identity">
      <class id="CHEBI_SO_EXT:amino_acid" label="amino acid"/>
      <span end="18829" id="16433929-17055" start="18819">amino acid</span>
    </annotation>
    <annotation annotator="Mike Bada, University of Colorado Anschutz Medical Campus" id="CHEBI_2015_08_26_Instance_270456" type="identity">
      <class id="CHEBI_EXT:residue" label="residue"/>
      <span end="18838" id="16433929-17057" start="18830">residues</span>
    </annotation>
    <annotation annotator="Mike Bada, University of Colorado Anschutz Medical Campus" id="CHEBI_2015_08_26_Instance_302894" type="identity">
      <class id="CHEBI_PR_EXT:protein" label="protein"/>
      <span end="19840" id="16433929-17199" start="19832">proteins</span>
    </annotation>
    <annotation annotator="Mike Bada, University of Colorado Anschutz Medical Campus" id="CHEBI_2015_08_26_Instance_270462" type="identity">
      <class id="CHEBI_SO_EXT:mRNA" label="mRNA"/>
      <span end="20082" id="16433929-17061" start="20078">mRNA</span>
    </annotation>
    <annotation annotator="" id="CHEBI_2015_08_26_backup_Instance_458" type="identity">
      <class id="CHEBI_SO_EXT:C_terminus_or_C_terminal_region" label="C-terminus or C-terminal region"/>
      <span end="20347" id="16433929-16981" start="20337">C-terminal</span>
    </annotation>
    <annotation annotator="Mike Bada, University of Colorado Anschutz Medical Campus" id="CHEBI_2015_08_26_Instance_270466" type="identity">
      <class id="CHEBI_SO_EXT:amino_acid" label="amino acid"/>
      <span end="20353" id="16433929-17063" start="20348">acids</span>
    </annotation>
    <annotation annotator="Mike Bada, University of Colorado Anschutz Medical Campus" id="CHEBI_2015_08_26_Instance_270470" type="identity">
      <class id="CHEBI_GO_SO_EXT:enzyme" label="enzyme"/>
      <span end="21420" id="16433929-17065" start="21413">enzymes</span>
    </annotation>
    <annotation annotator="Mike Bada, University of Colorado Anschutz Medical Campus" id="CHEBI_2015_08_26_Instance_25919" type="identity">
      <class id="CHEBI:29108" label="calcium(2+)"/>
      <span end="21721" id="16433929-16991" start="21717">Ca2+</span>
    </annotation>
    <annotation annotator="Mike Bada, University of Colorado Anschutz Medical Campus" id="CHEBI_2015_08_26_Instance_270474" type="identity">
      <class id="CHEBI_SO_EXT:tyrosine" label="tyrosine"/>
      <span end="22307" id="16433929-17067" start="22299">tyrosine</span>
    </annotation>
    <annotation annotator="Mike Bada, University of Colorado Anschutz Medical Campus" id="CHEBI_2015_08_26_Instance_302896" type="identity">
      <class id="CHEBI_PR_EXT:protein" label="protein"/>
      <span end="22343" id="16433929-17201" start="22335">proteins</span>
    </annotation>
    <annotation annotator="Mike Bada, University of Colorado Anschutz Medical Campus" id="CHEBI_2015_08_26_Instance_270476" type="identity">
      <class id="CHEBI_SO_EXT:mRNA" label="mRNA"/>
      <span end="24518" id="16433929-17069" start="24514">mRNA</span>
    </annotation>
    <annotation annotator="Mike Bada, University of Colorado Anschutz Medical Campus" id="CHEBI_2015_08_26_Instance_302898" type="identity">
      <class id="CHEBI_PR_EXT:protein" label="protein"/>
      <span end="24533" id="16433929-17203" start="24526">protein</span>
    </annotation>
    <annotation annotator="Mike Bada, University of Colorado Anschutz Medical Campus" id="CHEBI_2015_08_26_Instance_302900" type="identity">
      <class id="CHEBI_PR_EXT:protein" label="protein"/>
      <span end="25477" id="16433929-17205" start="25469">proteins</span>
    </annotation>
    <annotation annotator="Mike Bada, University of Colorado Anschutz Medical Campus" id="CHEBI_2015_08_26_Instance_270480" type="identity">
      <class id="CHEBI_EXT:calcium" label="calcium"/>
      <span end="25677" id="16433929-17071" start="25670">calcium</span>
    </annotation>
    <annotation annotator="Mike Bada, University of Colorado Anschutz Medical Campus" id="CHEBI_2015_08_26_Instance_270482" type="identity">
      <class id="CHEBI:42768" label="geneticin"/>
      <span end="27098" id="16433929-17073" start="27094">G418</span>
    </annotation>
    <annotation annotator="Mike Bada, University of Colorado Anschutz Medical Campus" id="CHEBI_2015_08_26_Instance_270484" type="identity">
      <class id="CHEBI_SO_EXT:amino_acid" label="amino acid"/>
      <span end="29233" id="16433929-17075" start="29222">amino acids</span>
    </annotation>
    <annotation annotator="Mike Bada, University of Colorado Anschutz Medical Campus" id="CHEBI_2015_08_26_Instance_270486" type="identity">
      <class id="CHEBI_SO_EXT:base" label="base"/>
      <span end="29319" id="16433929-17077" start="29318">b</span>
    </annotation>
    <annotation annotator="Mike Bada, University of Colorado Anschutz Medical Campus" id="CHEBI_2015_08_26_Instance_270488" type="identity">
      <class id="CHEBI_SO_EXT:base" label="base"/>
      <span end="29499" id="16433929-17079" start="29498">b</span>
    </annotation>
    <annotation annotator="Mike Bada, University of Colorado Anschutz Medical Campus" id="CHEBI_2015_08_26_Instance_270490" type="identity">
      <class id="CHEBI_EXT:adenine_nucleobase_or_nucleoside_or_nucleotide_molecular_entity_or_group" label="adenine nucleobase/nucleoside/nucleotide molecular entity or group"/>
      <span end="29623" id="16433929-17081" start="29622">A</span>
    </annotation>
    <annotation annotator="Mike Bada, University of Colorado Anschutz Medical Campus" id="CHEBI_2015_08_26_Instance_430066" type="identity">
      <class id="CHEBI_GO_EXT:neomycin_or_neomycin_phosphotransferase" label="neomycin or neomycin phosphotransferase"/>
      <span end="30401" id="16433929-17234" start="30398">Neo</span>
    </annotation>
    <annotation annotator="Mike Bada, University of Colorado Anschutz Medical Campus" id="CHEBI_2015_08_26_Instance_270492" type="identity">
      <class id="CHEBI_SO_EXT:amino_acid" label="amino acid"/>
      <span end="30452" id="16433929-17083" start="30441">amino acids</span>
    </annotation>
    <annotation annotator="Mike Bada, University of Colorado Anschutz Medical Campus" id="CHEBI_2015_08_26_Instance_270494" type="identity">
      <class id="CHEBI_EXT:residue" label="residue"/>
      <span end="30533" id="16433929-17085" start="30525">residues</span>
    </annotation>
    <annotation annotator="Mike Bada, University of Colorado Anschutz Medical Campus" id="CHEBI_2015_08_26_Instance_270496" type="identity">
      <class id="CHEBI_SO_EXT:base" label="base"/>
      <span end="30611" id="16433929-17087" start="30610">b</span>
    </annotation>
    <annotation annotator="Mike Bada, University of Colorado Anschutz Medical Campus" id="CHEBI_2015_08_26_Instance_430068" type="identity">
      <class id="CHEBI_GO_EXT:neomycin_or_neomycin_phosphotransferase" label="neomycin or neomycin phosphotransferase"/>
      <span end="30725" id="16433929-17236" start="30722">Neo</span>
    </annotation>
    <annotation annotator="Mike Bada, University of Colorado Anschutz Medical Campus" id="CHEBI_2015_08_26_Instance_430070" type="identity">
      <class id="CHEBI_GO_EXT:neomycin_or_neomycin_phosphotransferase" label="neomycin or neomycin phosphotransferase"/>
      <span end="30946" id="16433929-17238" start="30943">Neo</span>
    </annotation>
    <annotation annotator="Mike Bada, University of Colorado Anschutz Medical Campus" id="CHEBI_2015_08_26_Instance_270498" type="identity">
      <class id="CHEBI_SO_EXT:base" label="base"/>
      <span end="31108" id="16433929-17089" start="31107">b</span>
    </annotation>
    <annotation annotator="Mike Bada, University of Colorado Anschutz Medical Campus" id="CHEBI_2015_08_26_Instance_430072" type="identity">
      <class id="CHEBI_GO_EXT:neomycin_or_neomycin_phosphotransferase" label="neomycin or neomycin phosphotransferase"/>
      <span end="31198" id="16433929-17240" start="31195">Neo</span>
    </annotation>
    <annotation annotator="Mike Bada, University of Colorado Anschutz Medical Campus" id="CHEBI_2015_08_26_Instance_270500" type="identity">
      <class id="CHEBI_EXT:thymine_nucleobase_or_nucleoside_or_nucleotide_molecular_entity_or_group" label="thymine nucleobase/nucleoside/nucleotide molecular entity or group"/>
      <span end="31212" id="16433929-17091" start="31203">thymidine</span>
    </annotation>
    <annotation annotator="Mike Bada, University of Colorado Anschutz Medical Campus" id="CHEBI_2015_08_26_Instance_430074" type="identity">
      <class id="CHEBI_GO_EXT:neomycin_or_neomycin_phosphotransferase" label="neomycin or neomycin phosphotransferase"/>
      <span end="31567" id="16433929-17242" start="31564">Neo</span>
    </annotation>
    <annotation annotator="Mike Bada, University of Colorado Anschutz Medical Campus" id="CHEBI_2015_08_26_Instance_270502" type="identity">
      <class id="CHEBI_SO_EXT:base" label="base"/>
      <span end="31594" id="16433929-17093" start="31593">b</span>
    </annotation>
    <annotation annotator="Mike Bada, University of Colorado Anschutz Medical Campus" id="CHEBI_2015_08_26_Instance_270506" type="identity">
      <class id="CHEBI_SO_EXT:asparagine" label="asparagine"/>
      <span end="31687" id="16433929-17095" start="31677">asparagine</span>
    </annotation>
    <annotation annotator="Mike Bada, University of Colorado Anschutz Medical Campus" id="CHEBI_2015_08_26_Instance_270508" type="identity">
      <class id="CHEBI_EXT:residue" label="residue"/>
      <span end="31695" id="16433929-17097" start="31688">residue</span>
    </annotation>
    <annotation annotator="Mike Bada, University of Colorado Anschutz Medical Campus" id="CHEBI_2015_08_26_Instance_430076" type="identity">
      <class id="CHEBI_GO_EXT:neomycin_or_neomycin_phosphotransferase" label="neomycin or neomycin phosphotransferase"/>
      <span end="31741" id="16433929-17244" start="31738">Neo</span>
    </annotation>
    <annotation annotator="Mike Bada, University of Colorado Anschutz Medical Campus" id="CHEBI_2015_08_26_Instance_270510" type="identity">
      <class id="CHEBI_SO_EXT:base" label="base"/>
      <span end="31771" id="16433929-17099" start="31770">b</span>
    </annotation>
    <annotation annotator="Mike Bada, University of Colorado Anschutz Medical Campus" id="CHEBI_2015_08_26_Instance_270512" type="identity">
      <class id="CHEBI_SO_EXT:base" label="base"/>
      <span end="31839" id="16433929-17101" start="31838">b</span>
    </annotation>
    <annotation annotator="Mike Bada, University of Colorado Anschutz Medical Campus" id="CHEBI_2015_08_26_Instance_270514" type="identity">
      <class id="CHEBI_SO_EXT:molecular_probe" label="molecular probe"/>
      <span end="31889" id="16433929-17103" start="31884">probe</span>
    </annotation>
    <annotation annotator="Mike Bada, University of Colorado Anschutz Medical Campus" id="CHEBI_2015_08_26_Instance_270516" type="identity">
      <class id="CHEBI_SO_EXT:base" label="base"/>
      <span end="31951" id="16433929-17105" start="31950">b</span>
    </annotation>
    <annotation annotator="Mike Bada, University of Colorado Anschutz Medical Campus" id="CHEBI_2015_08_26_Instance_270518" type="identity">
      <class id="CHEBI_SO_EXT:base" label="base"/>
      <span end="32005" id="16433929-17107" start="32004">b</span>
    </annotation>
    <annotation annotator="Mike Bada, University of Colorado Anschutz Medical Campus" id="CHEBI_2015_08_26_Instance_270520" type="identity">
      <class id="CHEBI_SO_EXT:molecular_probe" label="molecular probe"/>
      <span end="32171" id="16433929-17109" start="32166">probe</span>
    </annotation>
    <annotation annotator="Mike Bada, University of Colorado Anschutz Medical Campus" id="CHEBI_2015_08_26_Instance_270522" type="identity">
      <class id="CHEBI:5291" label="gelatin"/>
      <span end="32450" id="16433929-17111" start="32443">gelatin</span>
    </annotation>
    <annotation annotator="Mike Bada, University of Colorado Anschutz Medical Campus" id="CHEBI_2015_08_26_Instance_31099" type="identity">
      <class id="CHEBI:16526" label="carbon dioxide"/>
      <span end="32535" id="16433929-17207" start="32532">CO2</span>
    </annotation>
    <annotation annotator="Mike Bada, University of Colorado Anschutz Medical Campus" id="CHEBI_2015_08_26_Instance_28287" type="identity">
      <class id="CHEBI:17234" label="glucose"/>
      <span end="32573" id="16433929-17165" start="32566">glucose</span>
    </annotation>
    <annotation annotator="Mike Bada, University of Colorado Anschutz Medical Campus" id="CHEBI_2015_08_26_Instance_270524" type="identity">
      <class id="CHEBI_SO_EXT:amino_acid" label="amino acid"/>
      <span end="32649" id="16433929-17113" start="32638">amino acids</span>
    </annotation>
    <annotation annotator="Mike Bada, University of Colorado Anschutz Medical Campus" id="CHEBI_2015_08_26_Instance_270526" type="identity">
      <class id="CHEBI_SO_EXT:glutamine" label="glutamine"/>
      <span end="32665" id="16433929-17115" start="32656">glutamine</span>
    </annotation>
    <annotation annotator="Mike Bada, University of Colorado Anschutz Medical Campus" id="CHEBI_2015_08_26_Instance_270528" type="identity">
      <class id="CHEBI:50144" label="sodium pyruvate"/>
      <span end="32687" id="16433929-17117" start="32672">sodium pyruvate</span>
    </annotation>
    <annotation annotator="Mike Bada, University of Colorado Anschutz Medical Campus" id="CHEBI_2015_08_26_Instance_28299" type="identity">
      <class id="CHEBI:41218" label="mercaptoethanol"/>
      <span end="32713" id="16433929-17167" start="32696">2-mercaptoethanol</span>
    </annotation>
    <annotation annotator="Mike Bada, University of Colorado Anschutz Medical Campus" id="CHEBI_2015_08_26_Instance_28301" type="identity">
      <class id="CHEBI:17334" label="penicillin"/>
      <span end="32734" id="16433929-17169" start="32724">penicillin</span>
    </annotation>
    <annotation annotator="Mike Bada, University of Colorado Anschutz Medical Campus" id="CHEBI_2015_08_26_Instance_28303" type="identity">
      <class id="CHEBI:17076" label="streptomycin"/>
      <span end="32758" id="16433929-17171" start="32746">streptomycin</span>
    </annotation>
    <annotation annotator="Mike Bada, University of Colorado Anschutz Medical Campus" id="CHEBI_2015_08_26_Instance_270530" type="identity">
      <class id="CHEBI:2682" label="amphotericin B"/>
      <span end="32781" id="16433929-17119" start="32769">amphotericin</span>
    </annotation>
    <annotation annotator="Mike Bada, University of Colorado Anschutz Medical Campus" id="CHEBI_2015_08_26_Instance_270532" type="identity">
      <class id="CHEBI:5291" label="gelatin"/>
      <span end="32944" id="16433929-17121" start="32937">Gelatin</span>
    </annotation>
    <annotation annotator="Mike Bada, University of Colorado Anschutz Medical Campus" id="CHEBI_2015_08_26_Instance_28305" type="identity">
      <class id="CHEBI_EXT:33893" label="reagent"/>
      <span end="33057" id="16433929-17173" start="33049">reagents</span>
    </annotation>
    <annotation annotator="Mike Bada, University of Colorado Anschutz Medical Campus" id="CHEBI_2015_08_26_Instance_270534" type="identity">
      <class id="CHEBI:5291" label="gelatin"/>
      <span end="33224" id="16433929-17123" start="33217">gelatin</span>
    </annotation>
    <annotation annotator="Mike Bada, University of Colorado Anschutz Medical Campus" id="CHEBI_2015_08_26_Instance_270536" type="identity">
      <class id="CHEBI:42768" label="geneticin"/>
      <span end="33309" id="16433929-17125" start="33305">G418</span>
    </annotation>
    <annotation annotator="Mike Bada, University of Colorado Anschutz Medical Campus" id="CHEBI_2015_08_26_Instance_270538" type="identity">
      <class id="CHEBI:465284" label="ganciclovir"/>
      <span end="33343" id="16433929-17127" start="33332">ganciclovir</span>
    </annotation>
    <annotation annotator="Mike Bada, University of Colorado Anschutz Medical Campus" id="CHEBI_2015_08_26_Instance_28307" type="identity">
      <class id="CHEBI_EXT:23888" label="drug"/>
      <span end="33379" id="16433929-17175" start="33375">Drug</span>
    </annotation>
    <annotation annotator="Mike Bada, University of Colorado Anschutz Medical Campus" id="CHEBI_2015_08_26_Instance_270540" type="identity">
      <class id="CHEBI:5291" label="gelatin"/>
      <span end="33429" id="16433929-17129" start="33422">gelatin</span>
    </annotation>
    <annotation annotator="Mike Bada, University of Colorado Anschutz Medical Campus" id="CHEBI_2015_08_26_Instance_28309" type="identity">
      <class id="CHEBI:42098" label="digoxigenin"/>
      <span end="34393" id="16433929-17177" start="34382">digoxigenin</span>
    </annotation>
    <annotation annotator="Mike Bada, University of Colorado Anschutz Medical Campus" id="CHEBI_2015_08_26_Instance_28311" type="identity">
      <class id="CHEBI:42098" label="digoxigenin"/>
      <span end="34398" id="16433929-17179" start="34395">DIG</span>
    </annotation>
    <annotation annotator="Mike Bada, University of Colorado Anschutz Medical Campus" id="CHEBI_2015_08_26_Instance_330344" type="identity">
      <class id="CHEBI_SO_EXT:DNA" label="DNA"/>
      <span end="34501" id="16433929-17213" start="34498">DNA</span>
    </annotation>
    <annotation annotator="Mike Bada, University of Colorado Anschutz Medical Campus" id="CHEBI_2015_08_26_Instance_28313" type="identity">
      <class id="CHEBI:42098" label="digoxigenin"/>
      <span end="34527" id="16433929-17181" start="34524">DIG</span>
    </annotation>
    <annotation annotator="Mike Bada, University of Colorado Anschutz Medical Campus" id="CHEBI_2015_08_26_Instance_380706" type="identity">
      <class id="CHEBI_SO_EXT:molecular_label_or_mark_or_tag_process" label="molecular label/mark/tag process"/>
      <span end="34535" id="16433929-17222" start="34528">labeled</span>
    </annotation>
    <annotation annotator="Mike Bada, University of Colorado Anschutz Medical Campus" id="CHEBI_2015_08_26_Instance_430078" type="identity">
      <class id="CHEBI_GO_EXT:neomycin_or_neomycin_phosphotransferase" label="neomycin or neomycin phosphotransferase"/>
      <span end="34698" id="16433929-17246" start="34695">Neo</span>
    </annotation>
    <annotation annotator="Mike Bada, University of Colorado Anschutz Medical Campus" id="CHEBI_2015_08_26_Instance_270542" type="identity">
      <class id="CHEBI_SO_EXT:DNA" label="DNA"/>
      <span end="34875" id="16433929-17131" start="34872">DNA</span>
    </annotation>
    <annotation annotator="Mike Bada, University of Colorado Anschutz Medical Campus" id="CHEBI_2015_08_26_Instance_270544" type="identity">
      <class id="CHEBI_SO_EXT:oligonucleotide" label="oligonucleotide"/>
      <span end="34913" id="16433929-17133" start="34898">oligonucleotide</span>
    </annotation>
    <annotation annotator="Mike Bada, University of Colorado Anschutz Medical Campus" id="CHEBI_2015_08_26_Instance_430080" type="identity">
      <class id="CHEBI_GO_EXT:neomycin_or_neomycin_phosphotransferase" label="neomycin or neomycin phosphotransferase"/>
      <span end="35382" id="16433929-17248" start="35379">Neo</span>
    </annotation>
    <annotation annotator="Mike Bada, University of Colorado Anschutz Medical Campus" id="CHEBI_2015_08_26_Instance_270546" type="identity">
      <class id="CHEBI_SO_EXT:oligonucleotide" label="oligonucleotide"/>
      <span end="35666" id="16433929-17135" start="35651">Oligonucleotide</span>
    </annotation>
    <annotation annotator="Mike Bada, University of Colorado Anschutz Medical Campus" id="CHEBI_2015_08_26_Instance_270548" type="identity">
      <class id="CHEBI_CHMO_EXT:buffer_solution" label="buffer solution"/>
      <span end="35948" id="16433929-17137" start="35942">buffer</span>
    </annotation>
    <annotation annotator="Mike Bada, University of Colorado Anschutz Medical Campus" id="CHEBI_2015_08_26_Instance_430082" type="identity">
      <class id="CHEBI_GO_EXT:neomycin_or_neomycin_phosphotransferase" label="neomycin or neomycin phosphotransferase"/>
      <span end="36670" id="16433929-17250" start="36667">Neo</span>
    </annotation>
    <annotation annotator="Mike Bada, University of Colorado Anschutz Medical Campus" id="CHEBI_2015_08_26_Instance_430084" type="identity">
      <class id="CHEBI_GO_EXT:neomycin_or_neomycin_phosphotransferase" label="neomycin or neomycin phosphotransferase"/>
      <span end="36809" id="16433929-17252" start="36806">Neo</span>
    </annotation>
    <annotation annotator="Mike Bada, University of Colorado Anschutz Medical Campus" id="CHEBI_2015_08_26_Instance_270550" type="identity">
      <class id="CHEBI_CHMO_EXT:buffer_solution" label="buffer solution"/>
      <span end="38149" id="16433929-17139" start="38143">buffer</span>
    </annotation>
    <annotation annotator="Mike Bada, University of Colorado Anschutz Medical Campus" id="CHEBI_2015_08_26_Instance_28317" type="identity">
      <class id="CHEBI:9754" label="tris"/>
      <span end="38161" id="16433929-17185" start="38157">Tris</span>
    </annotation>
    <annotation annotator="Mike Bada, University of Colorado Anschutz Medical Campus" id="CHEBI_2015_08_26_Instance_28319" type="identity">
      <class id="CHEBI:17883" label="hydrogen chloride"/>
      <span end="38165" id="16433929-17187" start="38162">HCl</span>
    </annotation>
    <annotation annotator="Mike Bada, University of Colorado Anschutz Medical Campus" id="CHEBI_2015_08_26_Instance_270552" type="identity">
      <class id="CHEBI:9750" label="Triton X-100"/>
      <span end="38184" id="16433929-17141" start="38172">Triton X-100</span>
    </annotation>
    <annotation annotator="Mike Bada, University of Colorado Anschutz Medical Campus" id="CHEBI_2015_08_26_Instance_270554" type="identity">
      <class id="CHEBI_SO_EXT:base" label="base"/>
      <span end="38452" id="16433929-17143" start="38451">b</span>
    </annotation>
    <annotation annotator="Mike Bada, University of Colorado Anschutz Medical Campus" id="CHEBI_2015_08_26_Instance_270556" type="identity">
      <class id="CHEBI_SO_EXT:base" label="base"/>
      <span end="38462" id="16433929-17145" start="38458">base</span>
    </annotation>
    <annotation annotator="Mike Bada, University of Colorado Anschutz Medical Campus" id="CHEBI_2015_08_26_Instance_270558" type="identity">
      <class id="CHEBI_SO_EXT:base" label="base"/>
      <span end="38472" id="16433929-17147" start="38468">base</span>
    </annotation>
    <annotation annotator="Mike Bada, University of Colorado Anschutz Medical Campus" id="CHEBI_2015_08_26_Instance_270560" type="identity">
      <class id="CHEBI_SO_EXT:DNA" label="DNA"/>
      <span end="39109" id="16433929-17149" start="39106">DNA</span>
    </annotation>
    <annotation annotator="Mike Bada, University of Colorado Anschutz Medical Campus" id="CHEBI_2015_08_26_Instance_270562" type="identity">
      <class id="CHEBI_SO_EXT:base" label="base"/>
      <span end="39254" id="16433929-17151" start="39253">b</span>
    </annotation>
    <annotation annotator="Mike Bada, University of Colorado Anschutz Medical Campus" id="CHEBI_2015_08_26_Instance_270564" type="identity">
      <class id="CHEBI_SO_EXT:base" label="base"/>
      <span end="39338" id="16433929-17153" start="39337">b</span>
    </annotation>
    <annotation annotator="Mike Bada, University of Colorado Anschutz Medical Campus" id="CHEBI_2015_08_26_Instance_270566" type="identity">
      <class id="CHEBI_SO_EXT:DNA" label="DNA"/>
      <span end="39757" id="16433929-17155" start="39754">DNA</span>
    </annotation>
    <graph-space id="Old Knowtator Relations"/>
  </document>
</knowtator-project>
