<?xml version="1.0" encoding="UTF-8" standalone="no"?>
<knowtator-project>
    <document id="16462940" text-file="16462940.txt">
        <annotation annotator="Mike Bada, University of Colorado Anschutz Medical Campus" id="CHEBI_2015_08_26_Instance_410180" type="identity">
            <class id="CHEBI_UBERON_EXT:triglyceride_or_adipose_tissue" label="fat (CHEBI/UBERON extension class)"/>
            <span end="37" id="16462940-17345" start="34">Fat</span>
        </annotation>
        <annotation annotator="Mike Bada, University of Colorado Anschutz Medical Campus" id="CHEBI_2015_08_26_Instance_28325" type="identity">
            <class id="CHEBI:39015" label="apolipoprotein"/>
            <span end="602" id="16462940-17317" start="588">apolipoprotein</span>
        </annotation>
        <annotation annotator="Mike Bada, University of Colorado Anschutz Medical Campus" id="CHEBI_2015_08_26_Instance_410182" type="identity">
            <class id="CHEBI_UBERON_EXT:triglyceride_or_adipose_tissue" label="fat (CHEBI/UBERON extension class)"/>
            <span end="1022" id="16462940-17347" start="1019">fat</span>
        </annotation>
        <annotation annotator="Mike Bada, University of Colorado Anschutz Medical Campus" id="CHEBI_2015_08_26_Instance_410184" type="identity">
            <class id="CHEBI_UBERON_EXT:triglyceride_or_adipose_tissue" label="fat (CHEBI/UBERON extension class)"/>
            <span end="1299" id="16462940-17349" start="1296">fat</span>
        </annotation>
        <annotation annotator="Mike Bada, University of Colorado Anschutz Medical Campus" id="CHEBI_2015_08_26_Instance_410186" type="identity">
            <class id="CHEBI_UBERON_EXT:triglyceride_or_adipose_tissue" label="fat (CHEBI/UBERON extension class)"/>
            <span end="1791" id="16462940-17351" start="1788">fat</span>
        </annotation>
        <annotation annotator="Mike Bada, University of Colorado Anschutz Medical Campus" id="CHEBI_2015_08_26_Instance_410188" type="identity">
            <class id="CHEBI_UBERON_EXT:triglyceride_or_adipose_tissue" label="fat (CHEBI/UBERON extension class)"/>
            <span end="2117" id="16462940-17353" start="2114">fat</span>
        </annotation>
        <annotation annotator="Mike Bada, University of Colorado Anschutz Medical Campus" id="CHEBI_2015_08_26_Instance_410190" type="identity">
            <class id="CHEBI_UBERON_EXT:triglyceride_or_adipose_tissue" label="fat (CHEBI/UBERON extension class)"/>
            <span end="2604" id="16462940-17355" start="2601">fat</span>
        </annotation>
        <annotation annotator="Mike Bada, University of Colorado Anschutz Medical Campus" id="CHEBI_2015_08_26_Instance_410192" type="identity">
            <class id="CHEBI_UBERON_EXT:triglyceride_or_adipose_tissue" label="fat (CHEBI/UBERON extension class)"/>
            <span end="2716" id="16462940-17357" start="2713">fat</span>
        </annotation>
        <annotation annotator="Mike Bada, University of Colorado Anschutz Medical Campus" id="CHEBI_2015_08_26_Instance_28327" type="identity">
            <class id="CHEBI:39015" label="apolipoprotein"/>
            <span end="5600" id="16462940-17319" start="5586">apolipoprotein</span>
        </annotation>
        <annotation annotator="Mike Bada, University of Colorado Anschutz Medical Campus" id="CHEBI_2015_08_26_Instance_410194" type="identity">
            <class id="CHEBI_UBERON_EXT:triglyceride_or_adipose_tissue" label="fat (CHEBI/UBERON extension class)"/>
            <span end="6064" id="16462940-17359" start="6061">fat</span>
        </annotation>
        <annotation annotator="Mike Bada, University of Colorado Anschutz Medical Campus" id="CHEBI_2015_08_26_Instance_410196" type="identity">
            <class id="CHEBI_UBERON_EXT:triglyceride_or_adipose_tissue" label="fat (CHEBI/UBERON extension class)"/>
            <span end="6167" id="16462940-17361" start="6164">Fat</span>
        </annotation>
        <annotation annotator="Mike Bada, University of Colorado Anschutz Medical Campus" id="CHEBI_2015_08_26_Instance_410198" type="identity">
            <class id="CHEBI_UBERON_EXT:triglyceride_or_adipose_tissue" label="fat (CHEBI/UBERON extension class)"/>
            <span end="6322" id="16462940-17363" start="6319">fat</span>
        </annotation>
        <annotation annotator="Mike Bada, University of Colorado Anschutz Medical Campus" id="CHEBI_2015_08_26_Instance_410200" type="identity">
            <class id="CHEBI_UBERON_EXT:triglyceride_or_adipose_tissue" label="fat (CHEBI/UBERON extension class)"/>
            <span end="6469" id="16462940-17365" start="6466">fat</span>
        </annotation>
        <annotation annotator="Mike Bada, University of Colorado Anschutz Medical Campus" id="CHEBI_2015_08_26_Instance_410202" type="identity">
            <class id="CHEBI_UBERON_EXT:triglyceride_or_adipose_tissue" label="fat (CHEBI/UBERON extension class)"/>
            <span end="6486" id="16462940-17367" start="6483">fat</span>
        </annotation>
        <annotation annotator="Mike Bada, University of Colorado Anschutz Medical Campus" id="CHEBI_2015_08_26_Instance_410204" type="identity">
            <class id="CHEBI_UBERON_EXT:triglyceride_or_adipose_tissue" label="fat (CHEBI/UBERON extension class)"/>
            <span end="6706" id="16462940-17369" start="6703">fat</span>
        </annotation>
        <annotation annotator="Mike Bada, University of Colorado Anschutz Medical Campus" id="CHEBI_2015_08_26_Instance_410206" type="identity">
            <class id="CHEBI_UBERON_EXT:triglyceride_or_adipose_tissue" label="fat (CHEBI/UBERON extension class)"/>
            <span end="6871" id="16462940-17371" start="6868">fat</span>
        </annotation>
        <annotation annotator="Mike Bada, University of Colorado Anschutz Medical Campus" id="CHEBI_2015_08_26_Instance_250000" type="identity">
            <class id="CHEBI_SO_EXT:nucleotide" label="nucleotide"/>
            <span end="6975" id="16462940-17257" start="6965">nucleotide</span>
        </annotation>
        <annotation annotator="Mike Bada, University of Colorado Anschutz Medical Campus" id="CHEBI_2015_08_26_Instance_410208" type="identity">
            <class id="CHEBI_UBERON_EXT:triglyceride_or_adipose_tissue" label="fat (CHEBI/UBERON extension class)"/>
            <span end="7141" id="16462940-17373" start="7138">fat</span>
        </annotation>
        <annotation annotator="Mike Bada, University of Colorado Anschutz Medical Campus" id="CHEBI_2015_08_26_Instance_260002" type="identity">
            <class id="CHEBI_SO_EXT:molecular_indicator_or_label_or_marker_or_tag" label="molecular indicator/label/marker/tag"/>
            <span end="7183" id="16462940-17259" start="7177">marker</span>
        </annotation>
        <annotation annotator="Mike Bada, University of Colorado Anschutz Medical Campus" id="CHEBI_2015_08_26_Instance_280004" type="identity">
            <class id="CHEBI_SO_EXT:molecular_indicator_or_label_or_marker_or_tag" label="molecular indicator/label/marker/tag"/>
            <span end="7245" id="16462940-17261" start="7238">markers</span>
        </annotation>
        <annotation annotator="Mike Bada, University of Colorado Anschutz Medical Campus" id="CHEBI_2015_08_26_Instance_410210" type="identity">
            <class id="CHEBI_UBERON_EXT:triglyceride_or_adipose_tissue" label="fat (CHEBI/UBERON extension class)"/>
            <span end="9228" id="16462940-17375" start="9225">fat</span>
        </annotation>
        <annotation annotator="Mike Bada, University of Colorado Anschutz Medical Campus" id="CHEBI_2015_08_26_Instance_410212" type="identity">
            <class id="CHEBI_UBERON_EXT:triglyceride_or_adipose_tissue" label="fat (CHEBI/UBERON extension class)"/>
            <span end="9766" id="16462940-17377" start="9763">fat</span>
        </annotation>
        <annotation annotator="Mike Bada, University of Colorado Anschutz Medical Campus" id="CHEBI_2015_08_26_Instance_410214" type="identity">
            <class id="CHEBI_UBERON_EXT:triglyceride_or_adipose_tissue" label="fat (CHEBI/UBERON extension class)"/>
            <span end="10732" id="16462940-17379" start="10729">fat</span>
        </annotation>
        <annotation annotator="Mike Bada, University of Colorado Anschutz Medical Campus" id="CHEBI_2015_08_26_Instance_410216" type="identity">
            <class id="CHEBI_UBERON_EXT:triglyceride_or_adipose_tissue" label="fat (CHEBI/UBERON extension class)"/>
            <span end="10866" id="16462940-17381" start="10863">fat</span>
        </annotation>
        <annotation annotator="Mike Bada, University of Colorado Anschutz Medical Campus" id="CHEBI_2015_08_26_Instance_410218" type="identity">
            <class id="CHEBI_UBERON_EXT:triglyceride_or_adipose_tissue" label="fat (CHEBI/UBERON extension class)"/>
            <span end="11275" id="16462940-17383" start="11272">fat</span>
        </annotation>
        <annotation annotator="Mike Bada, University of Colorado Anschutz Medical Campus" id="CHEBI_2015_08_26_Instance_410220" type="identity">
            <class id="CHEBI_UBERON_EXT:triglyceride_or_adipose_tissue" label="fat (CHEBI/UBERON extension class)"/>
            <span end="11646" id="16462940-17385" start="11643">fat</span>
        </annotation>
        <annotation annotator="Mike Bada, University of Colorado Anschutz Medical Campus" id="CHEBI_2015_08_26_Instance_280006" type="identity">
            <class id="CHEBI_SO_EXT:oligonucleotide" label="oligonucleotide"/>
            <span end="11771" id="16462940-17263" start="11756">oligonucleotide</span>
        </annotation>
        <annotation annotator="Mike Bada, University of Colorado Anschutz Medical Campus" id="CHEBI_2015_08_26_Instance_280008" type="identity">
            <class id="CHEBI_SO_EXT:molecular_probe" label="molecular probe"/>
            <span end="11882" id="16462940-17265" start="11876">probes</span>
        </annotation>
        <annotation annotator="Mike Bada, University of Colorado Anschutz Medical Campus" id="CHEBI_2015_08_26_Instance_280010" type="identity">
            <class id="CHEBI_SO_EXT:base" label="base"/>
            <span end="14168" id="16462940-17267" start="14167">b</span>
        </annotation>
        <annotation annotator="Mike Bada, University of Colorado Anschutz Medical Campus" id="CHEBI_2015_08_26_Instance_410222" type="identity">
            <class id="CHEBI_UBERON_EXT:triglyceride_or_adipose_tissue" label="fat (CHEBI/UBERON extension class)"/>
            <span end="16078" id="16462940-17387" start="16075">Fat</span>
        </annotation>
        <annotation annotator="Mike Bada, University of Colorado Anschutz Medical Campus" id="CHEBI_2015_08_26_Instance_410224" type="identity">
            <class id="CHEBI_UBERON_EXT:triglyceride_or_adipose_tissue" label="fat (CHEBI/UBERON extension class)"/>
            <span end="16189" id="16462940-17389" start="16186">fat</span>
        </annotation>
        <annotation annotator="Mike Bada, University of Colorado Anschutz Medical Campus" id="CHEBI_2015_08_26_Instance_410226" type="identity">
            <class id="CHEBI_UBERON_EXT:triglyceride_or_adipose_tissue" label="fat (CHEBI/UBERON extension class)"/>
            <span end="16484" id="16462940-17391" start="16481">fat</span>
        </annotation>
        <annotation annotator="Mike Bada, University of Colorado Anschutz Medical Campus" id="CHEBI_2015_08_26_Instance_410228" type="identity">
            <class id="CHEBI_UBERON_EXT:triglyceride_or_adipose_tissue" label="fat (CHEBI/UBERON extension class)"/>
            <span end="16718" id="16462940-17393" start="16715">Fat</span>
        </annotation>
        <annotation annotator="Mike Bada, University of Colorado Anschutz Medical Campus" id="CHEBI_2015_08_26_Instance_280012" type="identity">
            <class id="CHEBI_SO_EXT:oligonucleotide" label="oligonucleotide"/>
            <span end="16764" id="16462940-17269" start="16748">oligonucleotides</span>
        </annotation>
        <annotation annotator="Mike Bada, University of Colorado Anschutz Medical Campus" id="CHEBI_2015_08_26_Instance_410230" type="identity">
            <class id="CHEBI_UBERON_EXT:triglyceride_or_adipose_tissue" label="fat (CHEBI/UBERON extension class)"/>
            <span end="16886" id="16462940-17395" start="16883">fat</span>
        </annotation>
        <annotation annotator="Mike Bada, University of Colorado Anschutz Medical Campus" id="CHEBI_2015_08_26_Instance_410232" type="identity">
            <class id="CHEBI_UBERON_EXT:triglyceride_or_adipose_tissue" label="fat (CHEBI/UBERON extension class)"/>
            <span end="17484" id="16462940-17397" start="17481">fat</span>
        </annotation>
        <annotation annotator="Mike Bada, University of Colorado Anschutz Medical Campus" id="CHEBI_2015_08_26_Instance_410236" type="identity">
            <class id="CHEBI_UBERON_EXT:triglyceride_or_adipose_tissue" label="fat (CHEBI/UBERON extension class)"/>
            <span end="17704" id="16462940-17399" start="17701">fat</span>
        </annotation>
        <annotation annotator="Mike Bada, University of Colorado Anschutz Medical Campus" id="CHEBI_2015_08_26_Instance_410238" type="identity">
            <class id="CHEBI_UBERON_EXT:triglyceride_or_adipose_tissue" label="fat (CHEBI/UBERON extension class)"/>
            <span end="17782" id="16462940-17401" start="17779">fat</span>
        </annotation>
        <annotation annotator="Mike Bada, University of Colorado Anschutz Medical Campus" id="CHEBI_2015_08_26_Instance_410240" type="identity">
            <class id="CHEBI_UBERON_EXT:triglyceride_or_adipose_tissue" label="fat (CHEBI/UBERON extension class)"/>
            <span end="17921" id="16462940-17403" start="17918">fat</span>
        </annotation>
        <annotation annotator="Mike Bada, University of Colorado Anschutz Medical Campus" id="CHEBI_2015_08_26_Instance_410242" type="identity">
            <class id="CHEBI_UBERON_EXT:triglyceride_or_adipose_tissue" label="fat (CHEBI/UBERON extension class)"/>
            <span end="18129" id="16462940-17405" start="18126">fat</span>
        </annotation>
        <annotation annotator="Mike Bada, University of Colorado Anschutz Medical Campus" id="CHEBI_2015_08_26_Instance_410244" type="identity">
            <class id="CHEBI_UBERON_EXT:triglyceride_or_adipose_tissue" label="fat (CHEBI/UBERON extension class)"/>
            <span end="18188" id="16462940-17407" start="18185">fat</span>
        </annotation>
        <annotation annotator="Mike Bada, University of Colorado Anschutz Medical Campus" id="CHEBI_2015_08_26_Instance_410246" type="identity">
            <class id="CHEBI_UBERON_EXT:triglyceride_or_adipose_tissue" label="fat (CHEBI/UBERON extension class)"/>
            <span end="18843" id="16462940-17409" start="18840">fat</span>
        </annotation>
        <annotation annotator="Mike Bada, University of Colorado Anschutz Medical Campus" id="CHEBI_2015_08_26_Instance_410248" type="identity">
            <class id="CHEBI_UBERON_EXT:triglyceride_or_adipose_tissue" label="fat (CHEBI/UBERON extension class)"/>
            <span end="18893" id="16462940-17411" start="18890">fat</span>
        </annotation>
        <annotation annotator="Mike Bada, University of Colorado Anschutz Medical Campus" id="CHEBI_2015_08_26_Instance_410250" type="identity">
            <class id="CHEBI_UBERON_EXT:triglyceride_or_adipose_tissue" label="fat (CHEBI/UBERON extension class)"/>
            <span end="19134" id="16462940-17413" start="19131">fat</span>
        </annotation>
        <annotation annotator="Mike Bada, University of Colorado Anschutz Medical Campus" id="CHEBI_2015_08_26_Instance_410252" type="identity">
            <class id="CHEBI_UBERON_EXT:triglyceride_or_adipose_tissue" label="fat (CHEBI/UBERON extension class)"/>
            <span end="19250" id="16462940-17415" start="19247">fat</span>
        </annotation>
        <annotation annotator="Mike Bada, University of Colorado Anschutz Medical Campus" id="CHEBI_2015_08_26_Instance_410254" type="identity">
            <class id="CHEBI_UBERON_EXT:triglyceride_or_adipose_tissue" label="fat (CHEBI/UBERON extension class)"/>
            <span end="19346" id="16462940-17417" start="19343">fat</span>
        </annotation>
        <annotation annotator="Mike Bada, University of Colorado Anschutz Medical Campus" id="CHEBI_2015_08_26_Instance_410256" type="identity">
            <class id="CHEBI_UBERON_EXT:triglyceride_or_adipose_tissue" label="fat (CHEBI/UBERON extension class)"/>
            <span end="19434" id="16462940-17419" start="19431">fat</span>
        </annotation>
        <annotation annotator="Mike Bada, University of Colorado Anschutz Medical Campus" id="CHEBI_2015_08_26_Instance_410258" type="identity">
            <class id="CHEBI_UBERON_EXT:triglyceride_or_adipose_tissue" label="fat (CHEBI/UBERON extension class)"/>
            <span end="20365" id="16462940-17421" start="20362">fat</span>
        </annotation>
        <annotation annotator="Mike Bada, University of Colorado Anschutz Medical Campus" id="CHEBI_2015_08_26_Instance_410260" type="identity">
            <class id="CHEBI_UBERON_EXT:triglyceride_or_adipose_tissue" label="fat (CHEBI/UBERON extension class)"/>
            <span end="20453" id="16462940-17423" start="20450">fat</span>
        </annotation>
        <annotation annotator="Mike Bada, University of Colorado Anschutz Medical Campus" id="CHEBI_2015_08_26_Instance_410262" type="identity">
            <class id="CHEBI_UBERON_EXT:triglyceride_or_adipose_tissue" label="fat (CHEBI/UBERON extension class)"/>
            <span end="20550" id="16462940-17425" start="20547">fat</span>
        </annotation>
        <annotation annotator="Mike Bada, University of Colorado Anschutz Medical Campus" id="CHEBI_2015_08_26_Instance_410264" type="identity">
            <class id="CHEBI_UBERON_EXT:triglyceride_or_adipose_tissue" label="fat (CHEBI/UBERON extension class)"/>
            <span end="20657" id="16462940-17427" start="20654">fat</span>
        </annotation>
        <annotation annotator="Mike Bada, University of Colorado Anschutz Medical Campus" id="CHEBI_2015_08_26_Instance_410266" type="identity">
            <class id="CHEBI_UBERON_EXT:triglyceride_or_adipose_tissue" label="fat (CHEBI/UBERON extension class)"/>
            <span end="20887" id="16462940-17429" start="20884">fat</span>
        </annotation>
        <annotation annotator="Mike Bada, University of Colorado Anschutz Medical Campus" id="CHEBI_2015_08_26_Instance_410268" type="identity">
            <class id="CHEBI_UBERON_EXT:triglyceride_or_adipose_tissue" label="fat (CHEBI/UBERON extension class)"/>
            <span end="21492" id="16462940-17431" start="21489">fat</span>
        </annotation>
        <annotation annotator="Mike Bada, University of Colorado Anschutz Medical Campus" id="CHEBI_2015_08_26_Instance_410270" type="identity">
            <class id="CHEBI_UBERON_EXT:triglyceride_or_adipose_tissue" label="fat (CHEBI/UBERON extension class)"/>
            <span end="21637" id="16462940-17433" start="21634">fat</span>
        </annotation>
        <annotation annotator="Mike Bada, University of Colorado Anschutz Medical Campus" id="CHEBI_2015_08_26_Instance_410272" type="identity">
            <class id="CHEBI_UBERON_EXT:triglyceride_or_adipose_tissue" label="fat (CHEBI/UBERON extension class)"/>
            <span end="23323" id="16462940-17435" start="23320">fat</span>
        </annotation>
        <annotation annotator="Mike Bada, University of Colorado Anschutz Medical Campus" id="CHEBI_2015_08_26_Instance_410274" type="identity">
            <class id="CHEBI_UBERON_EXT:triglyceride_or_adipose_tissue" label="fat (CHEBI/UBERON extension class)"/>
            <span end="23585" id="16462940-17437" start="23582">fat</span>
        </annotation>
        <annotation annotator="Mike Bada, University of Colorado Anschutz Medical Campus" id="CHEBI_2015_08_26_Instance_410276" type="identity">
            <class id="CHEBI_UBERON_EXT:triglyceride_or_adipose_tissue" label="fat (CHEBI/UBERON extension class)"/>
            <span end="23604" id="16462940-17439" start="23601">fat</span>
        </annotation>
        <annotation annotator="Mike Bada, University of Colorado Anschutz Medical Campus" id="CHEBI_2015_08_26_Instance_410278" type="identity">
            <class id="CHEBI_UBERON_EXT:triglyceride_or_adipose_tissue" label="fat (CHEBI/UBERON extension class)"/>
            <span end="23823" id="16462940-17441" start="23820">fat</span>
        </annotation>
        <annotation annotator="Mike Bada, University of Colorado Anschutz Medical Campus" id="CHEBI_2015_08_26_Instance_410280" type="identity">
            <class id="CHEBI_UBERON_EXT:triglyceride_or_adipose_tissue" label="fat (CHEBI/UBERON extension class)"/>
            <span end="24182" id="16462940-17443" start="24179">fat</span>
        </annotation>
        <annotation annotator="Mike Bada, University of Colorado Anschutz Medical Campus" id="CHEBI_2015_08_26_Instance_280014" type="identity">
            <class id="CHEBI_GO_EXT:hormone" label="hormone"/>
            <span end="24430" id="16462940-17271" start="24423">hormone</span>
        </annotation>
        <annotation annotator="Mike Bada, University of Colorado Anschutz Medical Campus" id="CHEBI_2015_08_26_Instance_280016" type="identity">
            <class id="CHEBI_GO_EXT:hormone" label="hormone"/>
            <span end="25839" id="16462940-17273" start="25831">hormones</span>
        </annotation>
        <annotation annotator="Mike Bada, University of Colorado Anschutz Medical Campus" id="CHEBI_2015_08_26_Instance_280018" type="identity">
            <class id="CHEBI_EXT:50112" label="sex hormone"/>
            <span end="25975" id="16462940-17275" start="25964">sex hormone</span>
        </annotation>
        <annotation annotator="Mike Bada, University of Colorado Anschutz Medical Campus" id="CHEBI_2015_08_26_Instance_410282" type="identity">
            <class id="CHEBI_UBERON_EXT:triglyceride_or_adipose_tissue" label="fat (CHEBI/UBERON extension class)"/>
            <span end="26266" id="16462940-17445" start="26263">fat</span>
        </annotation>
        <annotation annotator="Mike Bada, University of Colorado Anschutz Medical Campus" id="CHEBI_2015_08_26_Instance_410284" type="identity">
            <class id="CHEBI_UBERON_EXT:triglyceride_or_adipose_tissue" label="fat (CHEBI/UBERON extension class)"/>
            <span end="26365" id="16462940-17447" start="26362">fat</span>
        </annotation>
        <annotation annotator="Mike Bada, University of Colorado Anschutz Medical Campus" id="CHEBI_2015_08_26_Instance_280020" type="identity">
            <class id="CHEBI_SO_EXT:mRNA" label="mRNA"/>
            <span end="27312" id="16462940-17277" start="27308">mRNA</span>
        </annotation>
        <annotation annotator="Mike Bada, University of Colorado Anschutz Medical Campus" id="CHEBI_2015_08_26_Instance_410288" type="identity">
            <class id="CHEBI_UBERON_EXT:triglyceride_or_adipose_tissue" label="fat (CHEBI/UBERON extension class)"/>
            <span end="27814" id="16462940-17449" start="27811">Fat</span>
        </annotation>
        <annotation annotator="Mike Bada, University of Colorado Anschutz Medical Campus" id="CHEBI_2015_08_26_Instance_410290" type="identity">
            <class id="CHEBI_UBERON_EXT:triglyceride_or_adipose_tissue" label="fat (CHEBI/UBERON extension class)"/>
            <span end="27926" id="16462940-17451" start="27923">fat</span>
        </annotation>
        <annotation annotator="Mike Bada, University of Colorado Anschutz Medical Campus" id="CHEBI_2015_08_26_Instance_410292" type="identity">
            <class id="CHEBI_UBERON_EXT:triglyceride_or_adipose_tissue" label="fat (CHEBI/UBERON extension class)"/>
            <span end="28098" id="16462940-17453" start="28095">fat</span>
        </annotation>
        <annotation annotator="Mike Bada, University of Colorado Anschutz Medical Campus" id="CHEBI_2015_08_26_Instance_410294" type="identity">
            <class id="CHEBI_UBERON_EXT:triglyceride_or_adipose_tissue" label="fat (CHEBI/UBERON extension class)"/>
            <span end="28246" id="16462940-17455" start="28243">fat</span>
        </annotation>
        <annotation annotator="Mike Bada, University of Colorado Anschutz Medical Campus" id="CHEBI_2015_08_26_Instance_410296" type="identity">
            <class id="CHEBI_UBERON_EXT:triglyceride_or_adipose_tissue" label="fat (CHEBI/UBERON extension class)"/>
            <span end="29040" id="16462940-17457" start="29037">fat</span>
        </annotation>
        <annotation annotator="Mike Bada, University of Colorado Anschutz Medical Campus" id="CHEBI_2015_08_26_Instance_410298" type="identity">
            <class id="CHEBI_UBERON_EXT:triglyceride_or_adipose_tissue" label="fat (CHEBI/UBERON extension class)"/>
            <span end="29269" id="16462940-17459" start="29266">fat</span>
        </annotation>
        <annotation annotator="Mike Bada, University of Colorado Anschutz Medical Campus" id="CHEBI_2015_08_26_Instance_410300" type="identity">
            <class id="CHEBI_UBERON_EXT:triglyceride_or_adipose_tissue" label="fat (CHEBI/UBERON extension class)"/>
            <span end="29380" id="16462940-17461" start="29377">fat</span>
        </annotation>
        <annotation annotator="Mike Bada, University of Colorado Anschutz Medical Campus" id="CHEBI_2015_08_26_Instance_410302" type="identity">
            <class id="CHEBI_UBERON_EXT:triglyceride_or_adipose_tissue" label="fat (CHEBI/UBERON extension class)"/>
            <span end="29750" id="16462940-17463" start="29747">fat</span>
        </annotation>
        <annotation annotator="Mike Bada, University of Colorado Anschutz Medical Campus" id="CHEBI_2015_08_26_Instance_302902" type="identity">
            <class id="CHEBI_PR_EXT:protein" label="protein"/>
            <span end="31056" id="16462940-17335" start="31049">protein</span>
        </annotation>
        <annotation annotator="Mike Bada, University of Colorado Anschutz Medical Campus" id="CHEBI_2015_08_26_Instance_280022" type="identity">
            <class id="CHEBI_GO_EXT:hormone" label="hormone"/>
            <span end="31111" id="16462940-17279" start="31103">hormonal</span>
        </annotation>
        <annotation annotator="Mike Bada, University of Colorado Anschutz Medical Campus" id="CHEBI_2015_08_26_Instance_410304" type="identity">
            <class id="CHEBI_UBERON_EXT:triglyceride_or_adipose_tissue" label="fat (CHEBI/UBERON extension class)"/>
            <span end="31694" id="16462940-17465" start="31691">fat</span>
        </annotation>
        <annotation annotator="Mike Bada, University of Colorado Anschutz Medical Campus" id="CHEBI_2015_08_26_Instance_220042" type="identity">
            <class id="CHEBI_EXT:33290" label="food"/>
            <span end="32899" id="16462940-17255" start="32895">Chow</span>
        </annotation>
        <annotation annotator="Mike Bada, University of Colorado Anschutz Medical Campus" id="CHEBI_2015_08_26_Instance_410306" type="identity">
            <class id="CHEBI_UBERON_EXT:triglyceride_or_adipose_tissue" label="fat (CHEBI/UBERON extension class)"/>
            <span end="32917" id="16462940-17467" start="32914">fat</span>
        </annotation>
        <annotation annotator="Mike Bada, University of Colorado Anschutz Medical Campus" id="CHEBI_2015_08_26_Instance_410308" type="identity">
            <class id="CHEBI_UBERON_EXT:triglyceride_or_adipose_tissue" label="fat (CHEBI/UBERON extension class)"/>
            <span end="32995" id="16462940-17469" start="32992">fat</span>
        </annotation>
        <annotation annotator="Mike Bada, University of Colorado Anschutz Medical Campus" id="CHEBI_2015_08_26_Instance_28345" type="identity">
            <class id="CHEBI:16113" label="cholesterol"/>
            <span end="33017" id="16462940-17325" start="33006">cholesterol</span>
        </annotation>
        <annotation annotator="Mike Bada, University of Colorado Anschutz Medical Campus" id="CHEBI_2015_08_26_Instance_28343" type="identity">
            <class id="CHEBI:17997" label="dinitrogen"/>
            <span end="33140" id="16462940-17323" start="33138">N2</span>
        </annotation>
        <annotation annotator="Mike Bada, University of Colorado Anschutz Medical Campus" id="CHEBI_2015_08_26_Instance_410310" type="identity">
            <class id="CHEBI_UBERON_EXT:triglyceride_or_adipose_tissue" label="fat (CHEBI/UBERON extension class)"/>
            <span end="33157" id="16462940-17471" start="33154">fat</span>
        </annotation>
        <annotation annotator="Mike Bada, University of Colorado Anschutz Medical Campus" id="CHEBI_2015_08_26_Instance_280024" type="identity">
            <class id="CHEBI_SO_EXT:RNA" label="RNA"/>
            <span end="33195" id="16462940-17281" start="33192">RNA</span>
        </annotation>
        <annotation annotator="Mike Bada, University of Colorado Anschutz Medical Campus" id="CHEBI_2015_08_26_Instance_280026" type="identity">
            <class id="CHEBI_SO_EXT:RNA" label="RNA"/>
            <span end="33271" id="16462940-17283" start="33268">RNA</span>
        </annotation>
        <annotation annotator="Mike Bada, University of Colorado Anschutz Medical Campus" id="CHEBI_2015_08_26_Instance_280028" type="identity">
            <class id="CHEBI_SO_EXT:molecular_probe" label="molecular probe"/>
            <span end="33517" id="16462940-17285" start="33511">probes</span>
        </annotation>
        <annotation annotator="Mike Bada, University of Colorado Anschutz Medical Campus" id="CHEBI_2015_08_26_Instance_280030" type="identity">
            <class id="CHEBI_SO_EXT:oligonucleotide" label="oligonucleotide"/>
            <span end="33556" id="16462940-17287" start="33540">oligonucleotides</span>
        </annotation>
        <annotation annotator="Mike Bada, University of Colorado Anschutz Medical Campus" id="CHEBI_2015_08_26_Instance_280032" type="identity">
            <class id="CHEBI_SO_EXT:RNA" label="RNA"/>
            <span end="33704" id="16462940-17289" start="33701">RNA</span>
        </annotation>
        <annotation annotator="Mike Bada, University of Colorado Anschutz Medical Campus" id="CHEBI_2015_08_26_Instance_28347" type="identity">
            <class id="CHEBI_EXT:33893" label="reagent"/>
            <span end="33735" id="16462940-17327" start="33728">reagent</span>
        </annotation>
        <annotation annotator="Mike Bada, University of Colorado Anschutz Medical Campus" id="CHEBI_2015_08_26_Instance_280034" type="identity">
            <class id="CHEBI_SO_EXT:RNA" label="RNA"/>
            <span end="33853" id="16462940-17291" start="33850">RNA</span>
        </annotation>
        <annotation annotator="Mike Bada, University of Colorado Anschutz Medical Campus" id="CHEBI_2015_08_26_Instance_380708" type="identity">
            <class id="CHEBI_SO_EXT:molecular_label_or_mark_or_tag_process" label="molecular label/mark/tag process"/>
            <span end="33889" id="16462940-17343" start="33882">labeled</span>
        </annotation>
        <annotation annotator="Mike Bada, University of Colorado Anschutz Medical Campus" id="CHEBI_2015_08_26_Instance_280036" type="identity">
            <class id="CHEBI:37987" label="Cy3 dye"/>
            <span end="33905" id="16462940-17293" start="33902">Cy3</span>
        </annotation>
        <annotation annotator="Mike Bada, University of Colorado Anschutz Medical Campus" id="CHEBI_2015_08_26_Instance_280038" type="identity">
            <class id="CHEBI:37989" label="Cy5 dye"/>
            <span end="33912" id="16462940-17295" start="33909">Cy5</span>
        </annotation>
        <annotation annotator="Mike Bada, University of Colorado Anschutz Medical Campus" id="CHEBI_2015_08_26_Instance_280040" type="identity">
            <class id="CHEBI_EXT:51217" label="fluorochrome"/>
            <span end="33925" id="16462940-17297" start="33913">fluorochrome</span>
        </annotation>
        <annotation annotator="Mike Bada, University of Colorado Anschutz Medical Campus" id="CHEBI_2015_08_26_Instance_280042" type="identity">
            <class id="CHEBI:37987" label="Cy3 dye"/>
            <span end="33939" id="16462940-17299" start="33936">Cy3</span>
        </annotation>
        <annotation annotator="Mike Bada, University of Colorado Anschutz Medical Campus" id="CHEBI_2015_08_26_Instance_280044" type="identity">
            <class id="CHEBI:37989" label="Cy5 dye"/>
            <span end="33946" id="16462940-17301" start="33943">Cy5</span>
        </annotation>
        <annotation annotator="Mike Bada, University of Colorado Anschutz Medical Campus" id="CHEBI_2015_08_26_Instance_280046" type="identity">
            <class id="CHEBI_SO_EXT:RNA" label="RNA"/>
            <span end="33964" id="16462940-17303" start="33961">RNA</span>
        </annotation>
        <annotation annotator="Mike Bada, University of Colorado Anschutz Medical Campus" id="CHEBI_2015_08_26_Instance_280048" type="identity">
            <class id="CHEBI_SO_EXT:DNA" label="DNA"/>
            <span end="34946" id="16462940-17305" start="34943">DNA</span>
        </annotation>
        <annotation annotator="Mike Bada, University of Colorado Anschutz Medical Campus" id="CHEBI_2015_08_26_Instance_28349" type="identity">
            <class id="CHEBI:15882" label="phenol"/>
            <span end="34981" id="16462940-17329" start="34975">phenol</span>
        </annotation>
        <annotation annotator="Mike Bada, University of Colorado Anschutz Medical Campus" id="CHEBI_2015_08_26_Instance_28351" type="identity">
            <class id="CHEBI:35255" label="chloroform"/>
            <span end="34992" id="16462940-17331" start="34982">chloroform</span>
        </annotation>
        <annotation annotator="Mike Bada, University of Colorado Anschutz Medical Campus" id="CHEBI_2015_08_26_Instance_330282" type="identity">
            <class id="CHEBI_EXT:polyatomic_entity_or_group" label="polyatomic entity or group"/>
            <span end="35352" id="16462940-17337" start="35343">molecular</span>
        </annotation>
        <annotation annotator="Mike Bada, University of Colorado Anschutz Medical Campus" id="CHEBI_2015_08_26_Instance_280052" type="identity">
            <class id="CHEBI_SO_EXT:molecular_probe" label="molecular probe"/>
            <span end="35368" id="16462940-17307" start="35363">probe</span>
        </annotation>
        <annotation annotator="Mike Bada, University of Colorado Anschutz Medical Campus" id="CHEBI_2015_08_26_Instance_280054" type="identity">
            <class id="CHEBI_SO_EXT:molecular_indicator_or_label_or_marker_or_tag" label="molecular indicator/label/marker/tag"/>
            <span end="36291" id="16462940-17309" start="36285">marker</span>
        </annotation>
        <annotation annotator="Mike Bada, University of Colorado Anschutz Medical Campus" id="CHEBI_2015_08_26_Instance_280056" type="identity">
            <class id="CHEBI_SO_EXT:molecular_indicator_or_label_or_marker_or_tag" label="molecular indicator/label/marker/tag"/>
            <span end="38644" id="16462940-17311" start="38638">marker</span>
        </annotation>
        <annotation annotator="Mike Bada, University of Colorado Anschutz Medical Campus" id="CHEBI_2015_08_26_Instance_330858" type="identity">
            <class id="CHEBI_SO_EXT:molecular_indicator_or_label_or_marker_or_tag" label="molecular indicator/label/marker/tag"/>
            <span end="39344" id="16462940-17339" start="39338">marker</span>
        </annotation>
        <annotation annotator="Mike Bada, University of Colorado Anschutz Medical Campus" id="CHEBI_2015_08_26_Instance_330860" type="identity">
            <class id="CHEBI_SO_EXT:molecular_indicator_or_label_or_marker_or_tag" label="molecular indicator/label/marker/tag"/>
            <span end="41524" id="16462940-17341" start="41518">marker</span>
        </annotation>
        <annotation annotator="Mike Bada, University of Colorado Anschutz Medical Campus" id="CHEBI_2015_08_26_Instance_280058" type="identity">
            <class id="CHEBI_SO_EXT:oligonucleotide" label="oligonucleotide"/>
            <span end="41841" id="16462940-17313" start="41825">oligonucleotides</span>
        </annotation>
        <annotation annotator="Mike Bada, University of Colorado Anschutz Medical Campus" id="CHEBI_2015_08_26_Instance_410312" type="identity">
            <class id="CHEBI_UBERON_EXT:triglyceride_or_adipose_tissue" label="fat (CHEBI/UBERON extension class)"/>
            <span end="41965" id="16462940-17473" start="41962">fat</span>
        </annotation>
        <annotation annotator="Mike Bada, University of Colorado Anschutz Medical Campus" id="CHEBI_2015_08_26_Instance_410314" type="identity">
            <class id="CHEBI_UBERON_EXT:triglyceride_or_adipose_tissue" label="fat (CHEBI/UBERON extension class)"/>
            <span end="42707" id="16462940-17475" start="42704">fat</span>
        </annotation>
        <annotation annotator="Mike Bada, University of Colorado Anschutz Medical Campus" id="CHEBI_2015_08_26_Instance_410316" type="identity">
            <class id="CHEBI_UBERON_EXT:triglyceride_or_adipose_tissue" label="fat (CHEBI/UBERON extension class)"/>
            <span end="43436" id="16462940-17477" start="43433">fat</span>
        </annotation>
        <annotation annotator="Mike Bada, University of Colorado Anschutz Medical Campus" id="CHEBI_2015_08_26_Instance_410318" type="identity">
            <class id="CHEBI_UBERON_EXT:triglyceride_or_adipose_tissue" label="fat (CHEBI/UBERON extension class)"/>
            <span end="43729" id="16462940-17479" start="43726">Fat</span>
        </annotation>
        <annotation annotator="Mike Bada, University of Colorado Anschutz Medical Campus" id="CHEBI_2015_08_26_Instance_28329" type="identity">
            <class id="CHEBI:39015" label="apolipoprotein"/>
            <span end="44145" id="16462940-17321" start="44131">apolipoprotein</span>
        </annotation>
        <annotation annotator="Mike Bada, University of Colorado Anschutz Medical Campus" id="CHEBI_2015_08_26_Instance_280060" type="identity">
            <class id="CHEBI_SO_EXT:nucleotide" label="nucleotide"/>
            <span end="44380" id="16462940-17315" start="44370">nucleotide</span>
        </annotation>
        <annotation annotator="Mike Bada, University of Colorado Anschutz Medical Campus" id="CHEBI_2015_08_26_Instance_410320" type="identity">
            <class id="CHEBI_UBERON_EXT:triglyceride_or_adipose_tissue" label="fat (CHEBI/UBERON extension class)"/>
            <span end="44452" id="16462940-17481" start="44449">Fat</span>
        </annotation>
        <annotation annotator="Mike Bada, University of Colorado Anschutz Medical Campus" id="CHEBI_2015_08_26_Instance_410322" type="identity">
            <class id="CHEBI_UBERON_EXT:triglyceride_or_adipose_tissue" label="fat (CHEBI/UBERON extension class)"/>
            <span end="45010" id="16462940-17483" start="45007">fat</span>
        </annotation>
        <annotation annotator="Mike Bada, University of Colorado Anschutz Medical Campus" id="CHEBI_2015_08_26_Instance_410324" type="identity">
            <class id="CHEBI_UBERON_EXT:triglyceride_or_adipose_tissue" label="fat (CHEBI/UBERON extension class)"/>
            <span end="45077" id="16462940-17485" start="45074">fat</span>
        </annotation>
        <annotation annotator="Mike Bada, University of Colorado Anschutz Medical Campus" id="CHEBI_2015_08_26_Instance_410326" type="identity">
            <class id="CHEBI_UBERON_EXT:triglyceride_or_adipose_tissue" label="fat (CHEBI/UBERON extension class)"/>
            <span end="45613" id="16462940-17487" start="45610">Fat</span>
        </annotation>
        <annotation annotator="Mike Bada, University of Colorado Anschutz Medical Campus" id="CHEBI_2015_08_26_Instance_410328" type="identity">
            <class id="CHEBI_UBERON_EXT:triglyceride_or_adipose_tissue" label="fat (CHEBI/UBERON extension class)"/>
            <span end="45787" id="16462940-17489" start="45784">fat</span>
        </annotation>
        <annotation annotator="Mike Bada, University of Colorado Anschutz Medical Campus" id="CHEBI_2015_08_26_Instance_410330" type="identity">
            <class id="CHEBI_UBERON_EXT:triglyceride_or_adipose_tissue" label="fat (CHEBI/UBERON extension class)"/>
            <span end="47585" id="16462940-17491" start="47582">Fat</span>
        </annotation>
        <annotation annotator="Mike Bada, University of Colorado Anschutz Medical Campus" id="CHEBI_2015_08_26_Instance_410332" type="identity">
            <class id="CHEBI_UBERON_EXT:triglyceride_or_adipose_tissue" label="fat (CHEBI/UBERON extension class)"/>
            <span end="47684" id="16462940-17493" start="47681">fat</span>
        </annotation>
        <annotation annotator="Mike Bada, University of Colorado Anschutz Medical Campus" id="CHEBI_2015_08_26_Instance_410334" type="identity">
            <class id="CHEBI_UBERON_EXT:triglyceride_or_adipose_tissue" label="fat (CHEBI/UBERON extension class)"/>
            <span end="47860" id="16462940-17495" start="47857">fat</span>
        </annotation>
        <annotation annotator="Mike Bada, University of Colorado Anschutz Medical Campus" id="CHEBI_2015_08_26_Instance_410336" type="identity">
            <class id="CHEBI_UBERON_EXT:triglyceride_or_adipose_tissue" label="fat (CHEBI/UBERON extension class)"/>
            <span end="48004" id="16462940-17497" start="48001">fat</span>
        </annotation>
        <annotation annotator="Mike Bada, University of Colorado Anschutz Medical Campus" id="CHEBI_2015_08_26_Instance_410340" type="identity">
            <class id="CHEBI_UBERON_EXT:triglyceride_or_adipose_tissue" label="fat (CHEBI/UBERON extension class)"/>
            <span end="48127" id="16462940-17499" start="48124">fat</span>
        </annotation>
        <annotation annotator="Mike Bada, University of Colorado Anschutz Medical Campus" id="CHEBI_2015_08_26_Instance_410342" type="identity">
            <class id="CHEBI_UBERON_EXT:triglyceride_or_adipose_tissue" label="fat (CHEBI/UBERON extension class)"/>
            <span end="48518" id="16462940-17501" start="48515">fat</span>
        </annotation>
        <annotation annotator="Mike Bada, University of Colorado Anschutz Medical Campus" id="CHEBI_2015_08_26_Instance_410344" type="identity">
            <class id="CHEBI_UBERON_EXT:triglyceride_or_adipose_tissue" label="fat (CHEBI/UBERON extension class)"/>
            <span end="48622" id="16462940-17503" start="48619">Fat</span>
        </annotation>
        <annotation annotator="Mike Bada, University of Colorado Anschutz Medical Campus" id="CHEBI_2015_08_26_Instance_410346" type="identity">
            <class id="CHEBI_UBERON_EXT:triglyceride_or_adipose_tissue" label="fat (CHEBI/UBERON extension class)"/>
            <span end="49084" id="16462940-17505" start="49081">fat</span>
        </annotation>
        <annotation annotator="Mike Bada, University of Colorado Anschutz Medical Campus" id="CHEBI_2015_08_26_Instance_410348" type="identity">
            <class id="CHEBI_UBERON_EXT:triglyceride_or_adipose_tissue" label="fat (CHEBI/UBERON extension class)"/>
            <span end="49533" id="16462940-17507" start="49530">Fat</span>
        </annotation>
        <annotation annotator="Mike Bada, University of Colorado Anschutz Medical Campus" id="CHEBI_2015_08_26_Instance_410350" type="identity">
            <class id="CHEBI_UBERON_EXT:triglyceride_or_adipose_tissue" label="fat (CHEBI/UBERON extension class)"/>
            <span end="49641" id="16462940-17509" start="49638">Fat</span>
        </annotation>
        <annotation annotator="Mike Bada, University of Colorado Anschutz Medical Campus" id="CHEBI_2015_08_26_Instance_410352" type="identity">
            <class id="CHEBI_UBERON_EXT:triglyceride_or_adipose_tissue" label="fat (CHEBI/UBERON extension class)"/>
            <span end="49756" id="16462940-17511" start="49753">Fat</span>
        </annotation>
        <annotation annotator="Mike Bada, University of Colorado Anschutz Medical Campus" id="CHEBI_2015_08_26_Instance_28355" type="identity">
            <class id="CHEBI_EXT:33893" label="reagent"/>
            <span end="50007" id="16462940-17333" start="49999">reagents</span>
        </annotation>
        <annotation annotator="Mike Bada, University of Colorado Anschutz Medical Campus" id="CHEBI_2015_08_26_Instance_410354" type="identity">
            <class id="CHEBI_UBERON_EXT:triglyceride_or_adipose_tissue" label="fat (CHEBI/UBERON extension class)"/>
            <span end="50663" id="16462940-17513" start="50660">fat</span>
        </annotation>
        <graph-space id="Old Knowtator Relations"/>
    </document>
</knowtator-project>
