<?xml version="1.0" encoding="UTF-8" standalone="no"?>
<knowtator-project>
    <document id="16504143" text-file="16504143.txt">
        <annotation annotator="Mike Bada, University of Colorado Anschutz Medical Campus" id="CHEBI_2015_08_26_Instance_280078" type="identity">
            <class id="CHEBI:36357" label="polyatomic entity"/>
            <span end="230" id="16504143-17539" start="222">molecule</span>
        </annotation>
        <annotation annotator="Mike Bada, University of Colorado Anschutz Medical Campus" id="CHEBI_2015_08_26_Instance_28373" type="identity">
            <class id="CHEBI:15377" label="water"/>
            <span end="742" id="16504143-17597" start="737">water</span>
        </annotation>
        <annotation annotator="Mike Bada, University of Colorado Anschutz Medical Campus" id="CHEBI_2015_08_26_Instance_28375" type="identity">
            <class id="CHEBI:15377" label="water"/>
            <span end="853" id="16504143-17599" start="848">water</span>
        </annotation>
        <annotation annotator="Mike Bada, University of Colorado Anschutz Medical Campus" id="CHEBI_2015_08_26_Instance_28377" type="identity">
            <class id="CHEBI:15377" label="water"/>
            <span end="904" id="16504143-17601" start="899">water</span>
        </annotation>
        <annotation annotator="Mike Bada, University of Colorado Anschutz Medical Campus" id="CHEBI_2015_08_26_Instance_280080" type="identity">
            <class id="CHEBI:36357" label="polyatomic entity"/>
            <span end="1243" id="16504143-17541" start="1235">molecule</span>
        </annotation>
        <annotation annotator="Mike Bada, University of Colorado Anschutz Medical Campus" id="CHEBI_2015_08_26_Instance_302904" type="identity">
            <class id="CHEBI_PR_EXT:protein" label="protein"/>
            <span end="1454" id="16504143-17629" start="1446">proteins</span>
        </annotation>
        <annotation annotator="Mike Bada, University of Colorado Anschutz Medical Campus" id="CHEBI_2015_08_26_Instance_280082" type="identity">
            <class id="CHEBI:36357" label="polyatomic entity"/>
            <span end="1706" id="16504143-17543" start="1697">molecules</span>
        </annotation>
        <annotation annotator="Mike Bada, University of Colorado Anschutz Medical Campus" id="CHEBI_2015_08_26_Instance_280086" type="identity">
            <class id="CHEBI:36357" label="polyatomic entity"/>
            <span end="2202" id="16504143-17545" start="2193">molecules</span>
        </annotation>
        <annotation annotator="Mike Bada, University of Colorado Anschutz Medical Campus" id="CHEBI_2015_08_26_Instance_302906" type="identity">
            <class id="CHEBI_PR_EXT:protein" label="protein"/>
            <span end="2508" id="16504143-17631" start="2501">protein</span>
        </annotation>
        <annotation annotator="Mike Bada, University of Colorado Anschutz Medical Campus" id="CHEBI_2015_08_26_Instance_302908" type="identity">
            <class id="CHEBI_PR_EXT:protein" label="protein"/>
            <span end="3319" id="16504143-17633" start="3311">proteins</span>
        </annotation>
        <annotation annotator="Mike Bada, University of Colorado Anschutz Medical Campus" id="CHEBI_2015_08_26_Instance_280088" type="identity">
            <class id="CHEBI_EXT:62488" label="signalling molecule"/>
            <span end="3357" id="16504143-17547" start="3337">signalling molecules</span>
        </annotation>
        <annotation annotator="Mike Bada, University of Colorado Anschutz Medical Campus" id="CHEBI_2015_08_26_Instance_302910" type="identity">
            <class id="CHEBI_PR_EXT:protein" label="protein"/>
            <span end="4881" id="16504143-17635" start="4874">protein</span>
        </annotation>
        <annotation annotator="Mike Bada, University of Colorado Anschutz Medical Campus" id="CHEBI_2015_08_26_Instance_302912" type="identity">
            <class id="CHEBI_PR_EXT:protein" label="protein"/>
            <span end="4935" id="16504143-17637" start="4928">protein</span>
        </annotation>
        <annotation annotator="Mike Bada, University of Colorado Anschutz Medical Campus" id="CHEBI_2015_08_26_Instance_302914" type="identity">
            <class id="CHEBI_PR_EXT:protein" label="protein"/>
            <span end="5003" id="16504143-17639" start="4996">protein</span>
        </annotation>
        <annotation annotator="Mike Bada, University of Colorado Anschutz Medical Campus" id="CHEBI_2015_08_26_Instance_302916" type="identity">
            <class id="CHEBI_PR_EXT:protein" label="protein"/>
            <span end="5065" id="16504143-17641" start="5057">proteins</span>
        </annotation>
        <annotation annotator="Mike Bada, University of Colorado Anschutz Medical Campus" id="CHEBI_2015_08_26_Instance_302918" type="identity">
            <class id="CHEBI_PR_EXT:protein" label="protein"/>
            <span end="5188" id="16504143-17643" start="5181">protein</span>
        </annotation>
        <annotation annotator="Mike Bada, University of Colorado Anschutz Medical Campus" id="CHEBI_2015_08_26_Instance_302920" type="identity">
            <class id="CHEBI_PR_EXT:protein" label="protein"/>
            <span end="5250" id="16504143-17645" start="5243">protein</span>
        </annotation>
        <annotation annotator="Mike Bada, University of Colorado Anschutz Medical Campus" id="CHEBI_2015_08_26_Instance_302922" type="identity">
            <class id="CHEBI_PR_EXT:protein" label="protein"/>
            <span end="5372" id="16504143-17647" start="5365">protein</span>
        </annotation>
        <annotation annotator="Mike Bada, University of Colorado Anschutz Medical Campus" id="CHEBI_2015_08_26_Instance_302924" type="identity">
            <class id="CHEBI_PR_EXT:protein" label="protein"/>
            <span end="5511" id="16504143-17649" start="5504">protein</span>
        </annotation>
        <annotation annotator="Mike Bada, University of Colorado Anschutz Medical Campus" id="CHEBI_2015_08_26_Instance_28379" type="identity">
            <class id="CHEBI:15377" label="water"/>
            <span end="6985" id="16504143-17603" start="6980">Water</span>
        </annotation>
        <annotation annotator="Mike Bada, University of Colorado Anschutz Medical Campus" id="CHEBI_2015_08_26_Instance_28381" type="identity">
            <class id="CHEBI:15377" label="water"/>
            <span end="7126" id="16504143-17605" start="7121">water</span>
        </annotation>
        <annotation annotator="Mike Bada, University of Colorado Anschutz Medical Campus" id="CHEBI_2015_08_26_Instance_28383" type="identity">
            <class id="CHEBI:15377" label="water"/>
            <span end="8686" id="16504143-17607" start="8681">water</span>
        </annotation>
        <annotation annotator="Mike Bada, University of Colorado Anschutz Medical Campus" id="CHEBI_2015_08_26_Instance_280090" type="identity">
            <class id="CHEBI_SO_EXT:mRNA" label="mRNA"/>
            <span end="10847" id="16504143-17549" start="10843">mRNA</span>
        </annotation>
        <annotation annotator="Mike Bada, University of Colorado Anschutz Medical Campus" id="CHEBI_2015_08_26_Instance_28385" type="identity">
            <class id="CHEBI:15377" label="water"/>
            <span end="11151" id="16504143-17609" start="11146">water</span>
        </annotation>
        <annotation annotator="Mike Bada, University of Colorado Anschutz Medical Campus" id="CHEBI_2015_08_26_Instance_28387" type="identity">
            <class id="CHEBI:15377" label="water"/>
            <span end="12823" id="16504143-17611" start="12818">water</span>
        </annotation>
        <annotation annotator="Mike Bada, University of Colorado Anschutz Medical Campus" id="CHEBI_2015_08_26_Instance_280092" type="identity">
            <class id="CHEBI:36357" label="polyatomic entity"/>
            <span end="15378" id="16504143-17551" start="15369">molecules</span>
        </annotation>
        <annotation annotator="Mike Bada, University of Colorado Anschutz Medical Campus" id="CHEBI_2015_08_26_Instance_280094" type="identity">
            <class id="CHEBI:36357" label="polyatomic entity"/>
            <span end="15417" id="16504143-17553" start="15409">molecule</span>
        </annotation>
        <annotation annotator="Mike Bada, University of Colorado Anschutz Medical Campus" id="CHEBI_2015_08_26_Instance_280098" type="identity">
            <class id="CHEBI_EXT:NMDA" label="NMDA"/>
            <span end="15931" id="16504143-17555" start="15927">NMDA</span>
        </annotation>
        <annotation annotator="Mike Bada, University of Colorado Anschutz Medical Campus" id="CHEBI_2015_08_26_Instance_330284" type="identity">
            <class id="CHEBI_EXT:polyatomic_entity_or_group" label="polyatomic entity or group"/>
            <span end="17170" id="16504143-17665" start="17161">molecular</span>
        </annotation>
        <annotation annotator="Mike Bada, University of Colorado Anschutz Medical Campus" id="CHEBI_2015_08_26_Instance_28389" type="identity">
            <class id="CHEBI:15377" label="water"/>
            <span end="17727" id="16504143-17613" start="17722">water</span>
        </annotation>
        <annotation annotator="Mike Bada, University of Colorado Anschutz Medical Campus" id="CHEBI_2015_08_26_Instance_302926" type="identity">
            <class id="CHEBI_PR_EXT:protein" label="protein"/>
            <span end="17891" id="16504143-17651" start="17883">proteins</span>
        </annotation>
        <annotation annotator="Mike Bada, University of Colorado Anschutz Medical Campus" id="CHEBI_2015_08_26_Instance_280102" type="identity">
            <class id="CHEBI_SO_EXT:base" label="base"/>
            <span end="17996" id="16504143-17557" start="17995">b</span>
        </annotation>
        <annotation annotator="Mike Bada, University of Colorado Anschutz Medical Campus" id="CHEBI_2015_08_26_Instance_330346" type="identity">
            <class id="CHEBI_SO_EXT:DNA" label="DNA"/>
            <span end="18006" id="16504143-17667" start="18003">DNA</span>
        </annotation>
        <annotation annotator="Mike Bada, University of Colorado Anschutz Medical Campus" id="CHEBI_2015_08_26_Instance_280104" type="identity">
            <class id="CHEBI_SO_EXT:DNA" label="DNA"/>
            <span end="18095" id="16504143-17559" start="18092">DNA</span>
        </annotation>
        <annotation annotator="Mike Bada, University of Colorado Anschutz Medical Campus" id="CHEBI_2015_08_26_Instance_280106" type="identity">
            <class id="CHEBI:60004" label="mixture"/>
            <span end="18146" id="16504143-17561" start="18143">mix</span>
        </annotation>
        <annotation annotator="Mike Bada, University of Colorado Anschutz Medical Campus" id="CHEBI_2015_08_26_Instance_280108" type="identity">
            <class id="CHEBI_SO_EXT:base" label="base"/>
            <span end="18353" id="16504143-17563" start="18352">b</span>
        </annotation>
        <annotation annotator="Mike Bada, University of Colorado Anschutz Medical Campus" id="CHEBI_2015_08_26_Instance_280110" type="identity">
            <class id="CHEBI_SO_EXT:DNA" label="DNA"/>
            <span end="18365" id="16504143-17565" start="18362">DNA</span>
        </annotation>
        <annotation annotator="Mike Bada, University of Colorado Anschutz Medical Campus" id="CHEBI_2015_08_26_Instance_280112" type="identity">
            <class id="CHEBI_SO_EXT:molecular_indicator_or_label_or_marker_or_tag" label="molecular indicator/label/marker/tag"/>
            <span end="18498" id="16504143-17567" start="18492">marker</span>
        </annotation>
        <annotation annotator="Mike Bada, University of Colorado Anschutz Medical Campus" id="CHEBI_2015_08_26_Instance_280114" type="identity">
            <class id="CHEBI_SO_EXT:DNA" label="DNA"/>
            <span end="18901" id="16504143-17569" start="18898">DNA</span>
        </annotation>
        <annotation annotator="Mike Bada, University of Colorado Anschutz Medical Campus" id="CHEBI_2015_08_26_Instance_280116" type="identity">
            <class id="CHEBI_SO_EXT:DNA" label="DNA"/>
            <span end="19354" id="16504143-17571" start="19351">DNA</span>
        </annotation>
        <annotation annotator="Mike Bada, University of Colorado Anschutz Medical Campus" id="CHEBI_2015_08_26_Instance_280118" type="identity">
            <class id="CHEBI_SO_EXT:DNA" label="DNA"/>
            <span end="19460" id="16504143-17573" start="19457">DNA</span>
        </annotation>
        <annotation annotator="Mike Bada, University of Colorado Anschutz Medical Campus" id="CHEBI_2015_08_26_Instance_24971" type="identity">
            <class id="CHEBI:37972" label="phosphorus-32 atom"/>
            <span end="19485" id="16504143-17517" start="19482">32P</span>
        </annotation>
        <annotation annotator="Mike Bada, University of Colorado Anschutz Medical Campus" id="CHEBI_2015_08_26_Instance_380710" type="identity">
            <class id="CHEBI_SO_EXT:molecular_label_or_mark_or_tag_process" label="molecular label/mark/tag process"/>
            <span end="19495" id="16504143-17673" start="19487">labelled</span>
        </annotation>
        <annotation annotator="Mike Bada, University of Colorado Anschutz Medical Campus" id="CHEBI_2015_08_26_Instance_280120" type="identity">
            <class id="CHEBI_SO_EXT:molecular_probe" label="molecular probe"/>
            <span end="19506" id="16504143-17575" start="19501">probe</span>
        </annotation>
        <annotation annotator="Mike Bada, University of Colorado Anschutz Medical Campus" id="CHEBI_2015_08_26_Instance_280122" type="identity">
            <class id="CHEBI_SO_EXT:base" label="base"/>
            <span end="19526" id="16504143-17577" start="19525">b</span>
        </annotation>
        <annotation annotator="Mike Bada, University of Colorado Anschutz Medical Campus" id="CHEBI_2015_08_26_Instance_302928" type="identity">
            <class id="CHEBI_PR_EXT:protein" label="protein"/>
            <span end="19632" id="16504143-17653" start="19625">protein</span>
        </annotation>
        <annotation annotator="Mike Bada, University of Colorado Anschutz Medical Campus" id="CHEBI_2015_08_26_Instance_280124" type="identity">
            <class id="CHEBI_CHMO_EXT:buffer_solution" label="buffer solution"/>
            <span end="19812" id="16504143-17579" start="19806">buffer</span>
        </annotation>
        <annotation annotator="Mike Bada, University of Colorado Anschutz Medical Campus" id="CHEBI_2015_08_26_Instance_25143" type="identity">
            <class id="CHEBI:9754" label="tris"/>
            <span end="19824" id="16504143-17519" start="19820">Tris</span>
        </annotation>
        <annotation annotator="Mike Bada, University of Colorado Anschutz Medical Campus" id="CHEBI_2015_08_26_Instance_25439" type="identity">
            <class id="CHEBI:17883" label="hydrogen chloride"/>
            <span end="19828" id="16504143-17521" start="19825">HCl</span>
        </annotation>
        <annotation annotator="Mike Bada, University of Colorado Anschutz Medical Campus" id="CHEBI_2015_08_26_Instance_26307" type="identity">
            <class id="CHEBI:26710" label="sodium chloride"/>
            <span end="19849" id="16504143-17523" start="19845">NaCl</span>
        </annotation>
        <annotation annotator="Mike Bada, University of Colorado Anschutz Medical Campus" id="CHEBI_2015_08_26_Instance_280126" type="identity">
            <class id="CHEBI:63016" label="nonyl phenoxypolyethoxylethanol"/>
            <span end="19859" id="16504143-17581" start="19854">NP-40</span>
        </annotation>
        <annotation annotator="Mike Bada, University of Colorado Anschutz Medical Campus" id="CHEBI_2015_08_26_Instance_290336" type="identity">
            <class id="CHEBI_GO_EXT:peptidase_or_protease_or_proteinase_inhibitor" label="peptidase/protease/proteinase inhibitor"/>
            <span end="19879" id="16504143-17627" start="19861">protease inhibitor</span>
        </annotation>
        <annotation annotator="Mike Bada, University of Colorado Anschutz Medical Campus" id="CHEBI_2015_08_26_Instance_280128" type="identity">
            <class id="CHEBI:60004" label="mixture"/>
            <span end="19888" id="16504143-17583" start="19880">cocktail</span>
        </annotation>
        <annotation annotator="Mike Bada, University of Colorado Anschutz Medical Campus" id="CHEBI_2015_08_26_Instance_302930" type="identity">
            <class id="CHEBI_PR_EXT:protein" label="protein"/>
            <span end="19984" id="16504143-17655" start="19976">proteins</span>
        </annotation>
        <annotation annotator="Mike Bada, University of Colorado Anschutz Medical Campus" id="CHEBI_2015_08_26_Instance_26595" type="identity">
            <class id="CHEBI:8984" label="sodium dodecyl sulfate"/>
            <span end="20144" id="16504143-17525" start="20141">SDS</span>
        </annotation>
        <annotation annotator="Mike Bada, University of Colorado Anschutz Medical Campus" id="CHEBI_2015_08_26_Instance_280130" type="identity">
            <class id="CHEBI:53250" label="poly(vinylene fluoride)"/>
            <span end="20176" id="16504143-17585" start="20172">PVDF</span>
        </annotation>
        <annotation annotator="Mike Bada, University of Colorado Anschutz Medical Campus" id="CHEBI_2015_08_26_Instance_380712" type="identity">
            <class id="CHEBI_SO_EXT:molecular_label_or_mark_or_tag_process" label="molecular label/mark/tag process"/>
            <span end="20365" id="16504143-17675" start="20357">labelled</span>
        </annotation>
        <annotation annotator="Mike Bada, University of Colorado Anschutz Medical Campus" id="CHEBI_2015_08_26_Instance_280132" type="identity">
            <class id="CHEBI_EXT:poly_methyl_methacrylate" label="poly(methyl methacrylate)"/>
            <span end="21233" id="16504143-17587" start="21224">Plexiglas</span>
        </annotation>
        <annotation annotator="Mike Bada, University of Colorado Anschutz Medical Campus" id="CHEBI_2015_08_26_Instance_28391" type="identity">
            <class id="CHEBI:15377" label="water"/>
            <span end="21333" id="16504143-17615" start="21328">Water</span>
        </annotation>
        <annotation annotator="Mike Bada, University of Colorado Anschutz Medical Campus" id="CHEBI_2015_08_26_Instance_28393" type="identity">
            <class id="CHEBI:15377" label="water"/>
            <span end="21412" id="16504143-17617" start="21407">water</span>
        </annotation>
        <annotation annotator="Mike Bada, University of Colorado Anschutz Medical Campus" id="CHEBI_2015_08_26_Instance_280136" type="identity">
            <class id="CHEBI_EXT:acrylic" label="acrylic"/>
            <span end="21637" id="16504143-17589" start="21630">acrylic</span>
        </annotation>
        <annotation annotator="Mike Bada, University of Colorado Anschutz Medical Campus" id="CHEBI_2015_08_26_Instance_28395" type="identity">
            <class id="CHEBI:15377" label="water"/>
            <span end="21712" id="16504143-17619" start="21707">water</span>
        </annotation>
        <annotation annotator="Mike Bada, University of Colorado Anschutz Medical Campus" id="CHEBI_2015_08_26_Instance_28397" type="identity">
            <class id="CHEBI:15377" label="water"/>
            <span end="24974" id="16504143-17621" start="24969">water</span>
        </annotation>
        <annotation annotator="Mike Bada, University of Colorado Anschutz Medical Campus" id="CHEBI_2015_08_26_Instance_380056" type="identity">
            <class id="CHEBI_CHMO_EXT:buffer_process" label="buffer process"/>
            <span end="25359" id="16504143-17671" start="25351">buffered</span>
        </annotation>
        <annotation annotator="Mike Bada, University of Colorado Anschutz Medical Campus" id="CHEBI_2015_08_26_Instance_280138" type="identity">
            <class id="CHEBI:16842" label="formaldehyde"/>
            <span end="25368" id="16504143-17591" start="25360">formalin</span>
        </annotation>
        <annotation annotator="Mike Bada, University of Colorado Anschutz Medical Campus" id="CHEBI_2015_08_26_Instance_280140" type="identity">
            <class id="CHEBI:51686" label="haematoxylin"/>
            <span end="25459" id="16504143-17593" start="25448">hematoxylin</span>
        </annotation>
        <annotation annotator="Mike Bada, University of Colorado Anschutz Medical Campus" id="CHEBI_2015_08_26_Instance_280142" type="identity">
            <class id="CHEBI_EXT:eosin" label="eosin"/>
            <span end="25469" id="16504143-17595" start="25464">eosin</span>
        </annotation>
        <annotation annotator="Mike Bada, University of Colorado Anschutz Medical Campus" id="CHEBI_2015_08_26_Instance_331248" type="identity">
            <class id="CHEBI_EXT:biochemical" label="biochemical"/>
            <span end="25611" id="16504143-17669" start="25600">biochemical</span>
        </annotation>
        <annotation annotator="Mike Bada, University of Colorado Anschutz Medical Campus" id="CHEBI_2015_08_26_Instance_302932" type="identity">
            <class id="CHEBI_PR_EXT:protein" label="protein"/>
            <span end="26344" id="16504143-17657" start="26337">protein</span>
        </annotation>
        <annotation annotator="Mike Bada, University of Colorado Anschutz Medical Campus" id="CHEBI_2015_08_26_Instance_280062" type="identity">
            <class id="CHEBI_SO_EXT:cysteine" label="cysteine"/>
            <span end="26428" id="16504143-17527" start="26420">Cysteine</span>
        </annotation>
        <annotation annotator="Mike Bada, University of Colorado Anschutz Medical Campus" id="CHEBI_2015_08_26_Instance_280064" type="identity">
            <class id="CHEBI_SO_EXT:molecular_probe" label="molecular probe"/>
            <span end="26706" id="16504143-17529" start="26701">probe</span>
        </annotation>
        <annotation annotator="Mike Bada, University of Colorado Anschutz Medical Campus" id="CHEBI_2015_08_26_Instance_280066" type="identity">
            <class id="CHEBI_SO_EXT:DNA" label="DNA"/>
            <span end="26987" id="16504143-17531" start="26984">DNA</span>
        </annotation>
        <annotation annotator="Mike Bada, University of Colorado Anschutz Medical Campus" id="CHEBI_2015_08_26_Instance_280068" type="identity">
            <class id="CHEBI_SO_EXT:DNA" label="DNA"/>
            <span end="27005" id="16504143-17533" start="27002">DNA</span>
        </annotation>
        <annotation annotator="Mike Bada, University of Colorado Anschutz Medical Campus" id="CHEBI_2015_08_26_Instance_280070" type="identity">
            <class id="CHEBI_SO_EXT:base" label="base"/>
            <span end="27082" id="16504143-17535" start="27081">b</span>
        </annotation>
        <annotation annotator="Mike Bada, University of Colorado Anschutz Medical Campus" id="CHEBI_2015_08_26_Instance_280072" type="identity">
            <class id="CHEBI_SO_EXT:base" label="base"/>
            <span end="27094" id="16504143-17537" start="27093">b</span>
        </annotation>
        <annotation annotator="Mike Bada, University of Colorado Anschutz Medical Campus" id="CHEBI_2015_08_26_Instance_302934" type="identity">
            <class id="CHEBI_PR_EXT:protein" label="protein"/>
            <span end="27259" id="16504143-17659" start="27252">protein</span>
        </annotation>
        <annotation annotator="Mike Bada, University of Colorado Anschutz Medical Campus" id="CHEBI_2015_08_26_Instance_381143" type="identity">
            <class id="CHEBI_SO_EXT:molecular_label_or_mark_or_tag_process" label="molecular label/mark/tag process"/>
            <span end="27385" id="16504143-17677" start="27379">tagged</span>
        </annotation>
        <annotation annotator="Mike Bada, University of Colorado Anschutz Medical Campus" id="CHEBI_2015_08_26_Instance_302936" type="identity">
            <class id="CHEBI_PR_EXT:protein" label="protein"/>
            <span end="27406" id="16504143-17661" start="27399">protein</span>
        </annotation>
        <annotation annotator="Mike Bada, University of Colorado Anschutz Medical Campus" id="CHEBI_2015_08_26_Instance_302938" type="identity">
            <class id="CHEBI_PR_EXT:protein" label="protein"/>
            <span end="27484" id="16504143-17663" start="27477">protein</span>
        </annotation>
        <annotation annotator="Mike Bada, University of Colorado Anschutz Medical Campus" id="CHEBI_2015_08_26_Instance_28399" type="identity">
            <class id="CHEBI:15377" label="water"/>
            <span end="27679" id="16504143-17623" start="27674">water</span>
        </annotation>
        <annotation annotator="Mike Bada, University of Colorado Anschutz Medical Campus" id="CHEBI_2015_08_26_Instance_28401" type="identity">
            <class id="CHEBI:15377" label="water"/>
            <span end="27974" id="16504143-17625" start="27969">water</span>
        </annotation>
        <graph-space id="Old Knowtator Relations"/>
    </document>
</knowtator-project>
