<?xml version="1.0" encoding="UTF-8" standalone="no"?>
<knowtator-project>
  <document id="16504174" text-file="16504174.txt">
    <annotation annotator="Mike Bada, University of Colorado Anschutz Medical Campus" id="CHEBI_2015_08_26_Instance_302940" type="identity">
      <class id="CHEBI_PR_EXT:protein" label="protein"/>
      <span end="200" id="16504174-17839" start="193">protein</span>
    </annotation>
    <annotation annotator="Mike Bada, University of Colorado Anschutz Medical Campus" id="CHEBI_2015_08_26_Instance_330286" type="identity">
      <class id="CHEBI_EXT:polyatomic_entity_or_group" label="polyatomic entity or group"/>
      <span end="2432" id="16504174-17859" start="2423">molecular</span>
    </annotation>
    <annotation annotator="Mike Bada, University of Colorado Anschutz Medical Campus" id="CHEBI_2015_08_26_Instance_370114" type="identity">
      <class id="CHEBI_GO_EXT:biological_process_or_quality_or_role" label="biological process, quality or role"/>
      <span end="2569" id="16504174-17865" start="2562">biology</span>
    </annotation>
    <annotation annotator="Mike Bada, University of Colorado Anschutz Medical Campus" id="CHEBI_2015_08_26_Instance_270002" type="identity">
      <class id="CHEBI:36357" label="polyatomic entity"/>
      <span end="2599" id="16504174-17683" start="2590">molecules</span>
    </annotation>
    <annotation annotator="Mike Bada, University of Colorado Anschutz Medical Campus" id="CHEBI_2015_08_26_Instance_290004" type="identity">
      <class id="CHEBI_SO_EXT:DNA" label="DNA"/>
      <span end="2797" id="16504174-17725" start="2794">DNA</span>
    </annotation>
    <annotation annotator="Mike Bada, University of Colorado Anschutz Medical Campus" id="CHEBI_2015_08_26_Instance_340046" type="identity">
      <class id="CHEBI_SO_EXT:molecular_indicator_or_label_or_marker_or_tag" label="molecular indicator/label/marker/tag"/>
      <span end="2848" id="16504174-17861" start="2845">tag</span>
    </annotation>
    <annotation annotator="Mike Bada, University of Colorado Anschutz Medical Campus" id="CHEBI_2015_08_26_Instance_27743" type="identity">
      <class id="CHEBI:26536" label="retinoic acid"/>
      <span end="3054" id="16504174-17681" start="3041">retinoic acid</span>
    </annotation>
    <annotation annotator="Mike Bada, University of Colorado Anschutz Medical Campus" id="CHEBI_2015_08_26_Instance_290046" type="identity">
      <class id="CHEBI_SO_EXT:polypeptide" label="polypeptide"/>
      <span end="3330" id="16504174-17727" start="3319">polypeptide</span>
    </annotation>
    <annotation annotator="Mike Bada, University of Colorado Anschutz Medical Campus" id="CHEBI_2015_08_26_Instance_290048" type="identity">
      <class id="CHEBI_SO_EXT:amino_acid" label="amino acid"/>
      <span end="3349" id="16504174-17729" start="3338">amino acids</span>
    </annotation>
    <annotation annotator="Mike Bada, University of Colorado Anschutz Medical Campus" id="CHEBI_2015_08_26_Instance_290050" type="identity">
      <class id="CHEBI_SO_EXT:RNA" label="RNA"/>
      <span end="3399" id="16504174-17731" start="3396">RNA</span>
    </annotation>
    <annotation annotator="Mike Bada, University of Colorado Anschutz Medical Campus" id="CHEBI_2015_08_26_Instance_290052" type="identity">
      <class id="CHEBI_SO_EXT:RNA" label="RNA"/>
      <span end="3477" id="16504174-17733" start="3474">RNA</span>
    </annotation>
    <annotation annotator="Mike Bada, University of Colorado Anschutz Medical Campus" id="CHEBI_2015_08_26_Instance_302942" type="identity">
      <class id="CHEBI_PR_EXT:protein" label="protein"/>
      <span end="3493" id="16504174-17841" start="3486">protein</span>
    </annotation>
    <annotation annotator="Mike Bada, University of Colorado Anschutz Medical Campus" id="CHEBI_2015_08_26_Instance_302944" type="identity">
      <class id="CHEBI_PR_EXT:protein" label="protein"/>
      <span end="4120" id="16504174-17843" start="4113">protein</span>
    </annotation>
    <annotation annotator="Mike Bada, University of Colorado Anschutz Medical Campus" id="CHEBI_2015_08_26_Instance_290054" type="identity">
      <class id="CHEBI_SO_EXT:DNA" label="DNA"/>
      <span end="4692" id="16504174-17735" start="4689">DNA</span>
    </annotation>
    <annotation annotator="Mike Bada, University of Colorado Anschutz Medical Campus" id="CHEBI_2015_08_26_Instance_302946" type="identity">
      <class id="CHEBI_PR_EXT:protein" label="protein"/>
      <span end="4868" id="16504174-17845" start="4860">proteins</span>
    </annotation>
    <annotation annotator="Mike Bada, University of Colorado Anschutz Medical Campus" id="CHEBI_2015_08_26_Instance_290056" type="identity">
      <class id="CHEBI_SO_EXT:DNA" label="DNA"/>
      <span end="5383" id="16504174-17737" start="5380">DNA</span>
    </annotation>
    <annotation annotator="Mike Bada, University of Colorado Anschutz Medical Campus" id="CHEBI_2015_08_26_Instance_290058" type="identity">
      <class id="CHEBI_SO_EXT:DNA" label="DNA"/>
      <span end="5693" id="16504174-17739" start="5690">DNA</span>
    </annotation>
    <annotation annotator="Mike Bada, University of Colorado Anschutz Medical Campus" id="CHEBI_2015_08_26_Instance_290060" type="identity">
      <class id="CHEBI_SO_EXT:DNA" label="DNA"/>
      <span end="5895" id="16504174-17741" start="5892">DNA</span>
    </annotation>
    <annotation annotator="Mike Bada, University of Colorado Anschutz Medical Campus" id="CHEBI_2015_08_26_Instance_290062" type="identity">
      <class id="CHEBI_SO_EXT:DNA" label="DNA"/>
      <span end="5989" id="16504174-17743" start="5986">DNA</span>
    </annotation>
    <annotation annotator="Mike Bada, University of Colorado Anschutz Medical Campus" id="CHEBI_2015_08_26_Instance_290064" type="identity">
      <class id="CHEBI_SO_EXT:DNA" label="DNA"/>
      <span end="6483" id="16504174-17745" start="6480">DNA</span>
    </annotation>
    <annotation annotator="Mike Bada, University of Colorado Anschutz Medical Campus" id="CHEBI_2015_08_26_Instance_28217" type="identity">
      <class id="CHEBI:26536" label="retinoic acid"/>
      <span end="6731" id="16504174-17685" start="6718">retinoic acid</span>
    </annotation>
    <annotation annotator="Mike Bada, University of Colorado Anschutz Medical Campus" id="CHEBI_2015_08_26_Instance_290066" type="identity">
      <class id="CHEBI_SO_EXT:base" label="base"/>
      <span end="7009" id="16504174-17747" start="7005">base</span>
    </annotation>
    <annotation annotator="Mike Bada, University of Colorado Anschutz Medical Campus" id="CHEBI_2015_08_26_Instance_290068" type="identity">
      <class id="CHEBI_SO_EXT:DNA" label="DNA"/>
      <span end="7258" id="16504174-17749" start="7255">DNA</span>
    </annotation>
    <annotation annotator="Mike Bada, University of Colorado Anschutz Medical Campus" id="CHEBI_2015_08_26_Instance_28517" type="identity">
      <class id="CHEBI:26536" label="retinoic acid"/>
      <span end="7481" id="16504174-17687" start="7468">retinoic acid</span>
    </annotation>
    <annotation annotator="Mike Bada, University of Colorado Anschutz Medical Campus" id="CHEBI_2015_08_26_Instance_290070" type="identity">
      <class id="CHEBI_SO_EXT:nucleotide" label="nucleotide"/>
      <span end="7980" id="16504174-17751" start="7970">nucleotide</span>
    </annotation>
    <annotation annotator="Mike Bada, University of Colorado Anschutz Medical Campus" id="CHEBI_2015_08_26_Instance_290072" type="identity">
      <class id="CHEBI_SO_EXT:nucleotide" label="nucleotide"/>
      <span end="8033" id="16504174-17753" start="8023">nucleotide</span>
    </annotation>
    <annotation annotator="Mike Bada, University of Colorado Anschutz Medical Campus" id="CHEBI_2015_08_26_Instance_290076" type="identity">
      <class id="CHEBI_SO_EXT:base" label="base"/>
      <span end="8084" id="16504174-17757" start="8080">base</span>
    </annotation>
    <annotation annotator="Mike Bada, University of Colorado Anschutz Medical Campus" id="CHEBI_2015_08_26_Instance_290074" type="identity">
      <class id="CHEBI_SO_EXT:base" label="base"/>
      <span end="8189" id="16504174-17755" start="8185">base</span>
    </annotation>
    <annotation annotator="Mike Bada, University of Colorado Anschutz Medical Campus" id="CHEBI_2015_08_26_Instance_302948" type="identity">
      <class id="CHEBI_PR_EXT:protein" label="protein"/>
      <span end="8453" id="16504174-17847" start="8446">protein</span>
    </annotation>
    <annotation annotator="Mike Bada, University of Colorado Anschutz Medical Campus" id="CHEBI_2015_08_26_Instance_290078" type="identity">
      <class id="CHEBI:7507" label="neomycin"/>
      <span end="8979" id="16504174-17759" start="8971">neomycin</span>
    </annotation>
    <annotation annotator="Mike Bada, University of Colorado Anschutz Medical Campus" id="CHEBI_2015_08_26_Instance_28519" type="identity">
      <class id="CHEBI:24753" label="hygromycin"/>
      <span end="9042" id="16504174-17689" start="9032">hygromycin</span>
    </annotation>
    <annotation annotator="Mike Bada, University of Colorado Anschutz Medical Campus" id="CHEBI_2015_08_26_Instance_28521" type="identity">
      <class id="CHEBI_EXT:27026" label="toxin"/>
      <span end="9670" id="16504174-17691" start="9665">toxin</span>
    </annotation>
    <annotation annotator="Mike Bada, University of Colorado Anschutz Medical Campus" id="CHEBI_2015_08_26_Instance_290080" type="identity">
      <class id="CHEBI_SO_EXT:RNA" label="RNA"/>
      <span end="10217" id="16504174-17761" start="10214">RNA</span>
    </annotation>
    <annotation annotator="Mike Bada, University of Colorado Anschutz Medical Campus" id="CHEBI_2015_08_26_Instance_28523" type="identity">
      <class id="CHEBI:4883" label="ethidium bromide"/>
      <span end="10235" id="16504174-17693" start="10219">ethidium bromide</span>
    </annotation>
    <annotation annotator="Mike Bada, University of Colorado Anschutz Medical Campus" id="CHEBI_2015_08_26_Instance_290082" type="identity">
      <class id="CHEBI_SO_EXT:rRNA" label="rRNA"/>
      <span end="10261" id="16504174-17763" start="10248">ribosomal RNA</span>
    </annotation>
    <annotation annotator="Mike Bada, University of Colorado Anschutz Medical Campus" id="CHEBI_2015_08_26_Instance_290084" type="identity">
      <class id="CHEBI:42768" label="geneticin"/>
      <span end="10400" id="16504174-17765" start="10396">G418</span>
    </annotation>
    <annotation annotator="Mike Bada, University of Colorado Anschutz Medical Campus" id="CHEBI_2015_08_26_Instance_28529" type="identity">
      <class id="CHEBI:26536" label="retinoic acid"/>
      <span end="11049" id="16504174-17695" start="11036">retinoic acid</span>
    </annotation>
    <annotation annotator="Mike Bada, University of Colorado Anschutz Medical Campus" id="CHEBI_2015_08_26_Instance_290086" type="identity">
      <class id="CHEBI:51686" label="haematoxylin"/>
      <span end="11838" id="16504174-17767" start="11827">hematoxylin</span>
    </annotation>
    <annotation annotator="Mike Bada, University of Colorado Anschutz Medical Campus" id="CHEBI_2015_08_26_Instance_290088" type="identity">
      <class id="CHEBI_EXT:eosin" label="eosin"/>
      <span end="11846" id="16504174-17769" start="11841">eosin</span>
    </annotation>
    <annotation annotator="Mike Bada, University of Colorado Anschutz Medical Campus" id="CHEBI_2015_08_26_Instance_290090" type="identity">
      <class id="CHEBI_SO_EXT:oligonucleotide" label="oligonucleotide"/>
      <span end="11941" id="16504174-17771" start="11926">oligonucleotide</span>
    </annotation>
    <annotation annotator="Mike Bada, University of Colorado Anschutz Medical Campus" id="CHEBI_2015_08_26_Instance_290092" type="identity">
      <class id="CHEBI_SO_EXT:DNA" label="DNA"/>
      <span end="11951" id="16504174-17773" start="11948">DNA</span>
    </annotation>
    <annotation annotator="Mike Bada, University of Colorado Anschutz Medical Campus" id="CHEBI_2015_08_26_Instance_290096" type="identity">
      <class id="CHEBI_SO_EXT:molecular_indicator_or_label_or_marker_or_tag" label="molecular indicator/label/marker/tag"/>
      <span end="12155" id="16504174-17775" start="12149">marker</span>
    </annotation>
    <annotation annotator="Mike Bada, University of Colorado Anschutz Medical Campus" id="CHEBI_2015_08_26_Instance_302950" type="identity">
      <class id="CHEBI_PR_EXT:protein" label="protein"/>
      <span end="12269" id="16504174-17849" start="12262">protein</span>
    </annotation>
    <annotation annotator="Mike Bada, University of Colorado Anschutz Medical Campus" id="CHEBI_2015_08_26_Instance_340358" type="identity">
      <class id="CHEBI_PR_EXT:insulin_like_growth_factor_2" label="insulin-like growth factor 2"/>
      <span end="12519" id="16504174-17863" start="12515">Igf2</span>
    </annotation>
    <annotation annotator="Mike Bada, University of Colorado Anschutz Medical Campus" id="CHEBI_2015_08_26_Instance_290098" type="identity">
      <class id="CHEBI_SO_EXT:RNA" label="RNA"/>
      <span end="12627" id="16504174-17777" start="12624">RNA</span>
    </annotation>
    <annotation annotator="Mike Bada, University of Colorado Anschutz Medical Campus" id="CHEBI_2015_08_26_Instance_290100" type="identity">
      <class id="CHEBI_SO_EXT:mRNA" label="mRNA"/>
      <span end="12665" id="16504174-17779" start="12661">mRNA</span>
    </annotation>
    <annotation annotator="Mike Bada, University of Colorado Anschutz Medical Campus" id="CHEBI_2015_08_26_Instance_290102" type="identity">
      <class id="CHEBI_SO_EXT:DNA" label="DNA"/>
      <span end="12805" id="16504174-17781" start="12802">DNA</span>
    </annotation>
    <annotation annotator="Mike Bada, University of Colorado Anschutz Medical Campus" id="CHEBI_2015_08_26_Instance_290104" type="identity">
      <class id="CHEBI_SO_EXT:RNA" label="RNA"/>
      <span end="12836" id="16504174-17783" start="12833">RNA</span>
    </annotation>
    <annotation annotator="Mike Bada, University of Colorado Anschutz Medical Campus" id="CHEBI_2015_08_26_Instance_380714" type="identity">
      <class id="CHEBI_SO_EXT:molecular_label_or_mark_or_tag_process" label="molecular label/mark/tag process"/>
      <span end="12896" id="16504174-17867" start="12889">labeled</span>
    </annotation>
    <annotation annotator="Mike Bada, University of Colorado Anschutz Medical Campus" id="CHEBI_2015_08_26_Instance_290106" type="identity">
      <class id="CHEBI:37987" label="Cy3 dye"/>
      <span end="12905" id="16504174-17785" start="12902">Cy3</span>
    </annotation>
    <annotation annotator="Mike Bada, University of Colorado Anschutz Medical Campus" id="CHEBI_2015_08_26_Instance_290108" type="identity">
      <class id="CHEBI:37989" label="Cy5 dye"/>
      <span end="12913" id="16504174-17787" start="12910">Cy5</span>
    </annotation>
    <annotation annotator="Mike Bada, University of Colorado Anschutz Medical Campus" id="CHEBI_2015_08_26_Instance_290110" type="identity">
      <class id="CHEBI_SO_EXT:DNA" label="DNA"/>
      <span end="14677" id="16504174-17789" start="14674">DNA</span>
    </annotation>
    <annotation annotator="Mike Bada, University of Colorado Anschutz Medical Campus" id="CHEBI_2015_08_26_Instance_290112" type="identity">
      <class id="CHEBI_GO_SO_EXT:enzyme" label="enzyme"/>
      <span end="14833" id="16504174-17791" start="14827">enzyme</span>
    </annotation>
    <annotation annotator="Mike Bada, University of Colorado Anschutz Medical Campus" id="CHEBI_2015_08_26_Instance_290116" type="identity">
      <class id="CHEBI_SO_EXT:molecular_probe" label="molecular probe"/>
      <span end="15159" id="16504174-17793" start="15153">probes</span>
    </annotation>
    <annotation annotator="Mike Bada, University of Colorado Anschutz Medical Campus" id="CHEBI_2015_08_26_Instance_290118" type="identity">
      <class id="CHEBI_SO_EXT:molecular_probe" label="molecular probe"/>
      <span end="15192" id="16504174-17795" start="15186">probes</span>
    </annotation>
    <annotation annotator="Mike Bada, University of Colorado Anschutz Medical Campus" id="CHEBI_2015_08_26_Instance_28531" type="identity">
      <class id="CHEBI_EXT:27026" label="toxin"/>
      <span end="17085" id="16504174-17697" start="17080">toxin</span>
    </annotation>
    <annotation annotator="Mike Bada, University of Colorado Anschutz Medical Campus" id="CHEBI_2015_08_26_Instance_290120" type="identity">
      <class id="CHEBI:42768" label="geneticin"/>
      <span end="17324" id="16504174-17797" start="17320">G418</span>
    </annotation>
    <annotation annotator="Mike Bada, University of Colorado Anschutz Medical Campus" id="CHEBI_2015_08_26_Instance_28533" type="identity">
      <class id="CHEBI:16976" label="hygromycin B"/>
      <span end="17350" id="16504174-17699" start="17338">hygromycin B</span>
    </annotation>
    <annotation annotator="Mike Bada, University of Colorado Anschutz Medical Campus" id="CHEBI_2015_08_26_Instance_290122" type="identity">
      <class id="CHEBI_SO_EXT:DNA" label="DNA"/>
      <span end="17377" id="16504174-17799" start="17374">DNA</span>
    </annotation>
    <annotation annotator="Mike Bada, University of Colorado Anschutz Medical Campus" id="CHEBI_2015_08_26_Instance_290124" type="identity">
      <class id="CHEBI:42768" label="geneticin"/>
      <span end="17387" id="16504174-17801" start="17383">G418</span>
    </annotation>
    <annotation annotator="Mike Bada, University of Colorado Anschutz Medical Campus" id="CHEBI_2015_08_26_Instance_28535" type="identity">
      <class id="CHEBI:16976" label="hygromycin B"/>
      <span end="17404" id="16504174-17701" start="17392">hygromycin B</span>
    </annotation>
    <annotation annotator="Mike Bada, University of Colorado Anschutz Medical Campus" id="CHEBI_2015_08_26_Instance_290126" type="identity">
      <class id="CHEBI_SO_EXT:DNA" label="DNA"/>
      <span end="17563" id="16504174-17803" start="17560">DNA</span>
    </annotation>
    <annotation annotator="Mike Bada, University of Colorado Anschutz Medical Campus" id="CHEBI_2015_08_26_Instance_290128" type="identity">
      <class id="CHEBI:75958" label="solution"/>
      <span end="17612" id="16504174-17805" start="17604">Solution</span>
    </annotation>
    <annotation annotator="Mike Bada, University of Colorado Anschutz Medical Campus" id="CHEBI_2015_08_26_Instance_290130" type="identity">
      <class id="CHEBI_SO_EXT:DNA" label="DNA"/>
      <span end="17673" id="16504174-17807" start="17670">DNA</span>
    </annotation>
    <annotation annotator="Mike Bada, University of Colorado Anschutz Medical Campus" id="CHEBI_2015_08_26_Instance_28537" type="identity">
      <class id="CHEBI:2511" label="agarose"/>
      <span end="17737" id="16504174-17703" start="17730">agarose</span>
    </annotation>
    <annotation annotator="Mike Bada, University of Colorado Anschutz Medical Campus" id="CHEBI_2015_08_26_Instance_31111" type="identity">
      <class id="CHEBI:25614" label="nylons"/>
      <span end="17768" id="16504174-17857" start="17763">nylon</span>
    </annotation>
    <annotation annotator="Mike Bada, University of Colorado Anschutz Medical Campus" id="CHEBI_2015_08_26_Instance_290132" type="identity">
      <class id="CHEBI_SO_EXT:molecular_probe" label="molecular probe"/>
      <span end="17814" id="16504174-17809" start="17809">probe</span>
    </annotation>
    <annotation annotator="Mike Bada, University of Colorado Anschutz Medical Campus" id="CHEBI_2015_08_26_Instance_290134" type="identity">
      <class id="CHEBI_SO_EXT:molecular_probe" label="molecular probe"/>
      <span end="17943" id="16504174-17811" start="17938">probe</span>
    </annotation>
    <annotation annotator="Mike Bada, University of Colorado Anschutz Medical Campus" id="CHEBI_2015_08_26_Instance_380716" type="identity">
      <class id="CHEBI_SO_EXT:molecular_label_or_mark_or_tag_process" label="molecular label/mark/tag process"/>
      <span end="17964" id="16504174-17869" start="17957">labeled</span>
    </annotation>
    <annotation annotator="Mike Bada, University of Colorado Anschutz Medical Campus" id="CHEBI_2015_08_26_Instance_290136" type="identity">
      <class id="CHEBI_SO_EXT:DNA" label="DNA"/>
      <span end="18092" id="16504174-17813" start="18089">DNA</span>
    </annotation>
    <annotation annotator="Mike Bada, University of Colorado Anschutz Medical Campus" id="CHEBI_2015_08_26_Instance_290138" type="identity">
      <class id="CHEBI_SO_EXT:molecular_probe" label="molecular probe"/>
      <span end="18171" id="16504174-17815" start="18166">probe</span>
    </annotation>
    <annotation annotator="Mike Bada, University of Colorado Anschutz Medical Campus" id="CHEBI_2015_08_26_Instance_290140" type="identity">
      <class id="CHEBI_SO_EXT:molecular_probe" label="molecular probe"/>
      <span end="18308" id="16504174-17817" start="18303">probe</span>
    </annotation>
    <annotation annotator="Mike Bada, University of Colorado Anschutz Medical Campus" id="CHEBI_2015_08_26_Instance_302952" type="identity">
      <class id="CHEBI_PR_EXT:protein" label="protein"/>
      <span end="18956" id="16504174-17851" start="18949">protein</span>
    </annotation>
    <annotation annotator="Mike Bada, University of Colorado Anschutz Medical Campus" id="CHEBI_2015_08_26_Instance_290142" type="identity">
      <class id="CHEBI_SO_EXT:histidine" label="histidine"/>
      <span end="19030" id="16504174-17819" start="19021">Histidine</span>
    </annotation>
    <annotation annotator="Mike Bada, University of Colorado Anschutz Medical Campus" id="CHEBI_2015_08_26_Instance_381145" type="identity">
      <class id="CHEBI_SO_EXT:molecular_label_or_mark_or_tag_process" label="molecular label/mark/tag process"/>
      <span end="19037" id="16504174-17873" start="19031">tagged</span>
    </annotation>
    <annotation annotator="Mike Bada, University of Colorado Anschutz Medical Campus" id="CHEBI_2015_08_26_Instance_290144" type="identity">
      <class id="CHEBI_EXT:nickel" label="nickel"/>
      <span end="19064" id="16504174-17821" start="19062">Ni</span>
    </annotation>
    <annotation annotator="Mike Bada, University of Colorado Anschutz Medical Campus" id="CHEBI_2015_08_26_Instance_28541" type="identity">
      <class id="CHEBI:44557" label="nitrilotriacetic acid"/>
      <span end="19086" id="16504174-17705" start="19065">nitrilotriacetic acid</span>
    </annotation>
    <annotation annotator="Mike Bada, University of Colorado Anschutz Medical Campus" id="CHEBI_2015_08_26_Instance_28543" type="identity">
      <class id="CHEBI:2511" label="agarose"/>
      <span end="19094" id="16504174-17707" start="19087">agarose</span>
    </annotation>
    <annotation annotator="Mike Bada, University of Colorado Anschutz Medical Campus" id="CHEBI_2015_08_26_Instance_28545" type="identity">
      <class id="CHEBI:16199" label="urea"/>
      <span end="19159" id="16504174-17709" start="19155">urea</span>
    </annotation>
    <annotation annotator="Mike Bada, University of Colorado Anschutz Medical Campus" id="CHEBI_2015_08_26_Instance_28547" type="identity">
      <class id="CHEBI:16199" label="urea"/>
      <span end="19192" id="16504174-17711" start="19188">urea</span>
    </annotation>
    <annotation annotator="Mike Bada, University of Colorado Anschutz Medical Campus" id="CHEBI_2015_08_26_Instance_302954" type="identity">
      <class id="CHEBI_PR_EXT:protein" label="protein"/>
      <span end="19218" id="16504174-17853" start="19210">proteins</span>
    </annotation>
    <annotation annotator="Mike Bada, University of Colorado Anschutz Medical Campus" id="CHEBI_2015_08_26_Instance_302956" type="identity">
      <class id="CHEBI_PR_EXT:protein" label="protein"/>
      <span end="19400" id="16504174-17855" start="19392">proteins</span>
    </annotation>
    <annotation annotator="Mike Bada, University of Colorado Anschutz Medical Campus" id="CHEBI_2015_08_26_Instance_28549" type="identity">
      <class id="CHEBI:8984" label="sodium dodecyl sulfate"/>
      <span end="19441" id="16504174-17713" start="19419">sodium dodecyl sulfate</span>
    </annotation>
    <annotation annotator="Mike Bada, University of Colorado Anschutz Medical Campus" id="CHEBI_2015_08_26_Instance_28551" type="identity">
      <class id="CHEBI:8984" label="sodium dodecyl sulfate"/>
      <span end="19446" id="16504174-17715" start="19443">SDS</span>
    </annotation>
    <annotation annotator="Mike Bada, University of Colorado Anschutz Medical Campus" id="CHEBI_2015_08_26_Instance_290146" type="identity">
      <class id="CHEBI_EXT:polyacrylamide" label="polyacrylamide"/>
      <span end="19466" id="16504174-17823" start="19452">polyacrylamide</span>
    </annotation>
    <annotation annotator="Mike Bada, University of Colorado Anschutz Medical Campus" id="CHEBI_2015_08_26_Instance_290148" type="identity">
      <class id="CHEBI:53325" label="nitrocellulose"/>
      <span end="19505" id="16504174-17825" start="19491">nitrocellulose</span>
    </annotation>
    <annotation annotator="Mike Bada, University of Colorado Anschutz Medical Campus" id="CHEBI_2015_08_26_Instance_28557" type="identity">
      <class id="CHEBI:41774" label="tamoxifen"/>
      <span end="20075" id="16504174-17717" start="20066">Tamoxifen</span>
    </annotation>
    <annotation annotator="Mike Bada, University of Colorado Anschutz Medical Campus" id="CHEBI_2015_08_26_Instance_290150" type="identity">
      <class id="CHEBI:6716" label="medroxyprogesterone acetate"/>
      <span end="20100" id="16504174-17827" start="20088">Depo-provera</span>
    </annotation>
    <annotation annotator="Mike Bada, University of Colorado Anschutz Medical Campus" id="CHEBI_2015_08_26_Instance_290152" type="identity">
      <class id="CHEBI_SO_EXT:amino_acid" label="amino acid"/>
      <span end="20402" id="16504174-17829" start="20391">Amino Acids</span>
    </annotation>
    <annotation annotator="Mike Bada, University of Colorado Anschutz Medical Campus" id="CHEBI_2015_08_26_Instance_290154" type="identity">
      <class id="CHEBI_EXT:L_glutamine" label="L-glutamine"/>
      <span end="20433" id="16504174-17831" start="20422">L-glutamine</span>
    </annotation>
    <annotation annotator="Mike Bada, University of Colorado Anschutz Medical Campus" id="CHEBI_2015_08_26_Instance_28563" type="identity">
      <class id="CHEBI:17334" label="penicillin"/>
      <span end="20466" id="16504174-17719" start="20456">Penicillin</span>
    </annotation>
    <annotation annotator="Mike Bada, University of Colorado Anschutz Medical Campus" id="CHEBI_2015_08_26_Instance_28565" type="identity">
      <class id="CHEBI:17076" label="streptomycin"/>
      <span end="20479" id="16504174-17721" start="20467">Streptomysin</span>
    </annotation>
    <annotation annotator="Mike Bada, University of Colorado Anschutz Medical Campus" id="CHEBI_2015_08_26_Instance_28567" type="identity">
      <class id="CHEBI:41218" label="mercaptoethanol"/>
      <span end="20523" id="16504174-17723" start="20506">2-mercaptoethanol</span>
    </annotation>
    <annotation annotator="Mike Bada, University of Colorado Anschutz Medical Campus" id="CHEBI_2015_08_26_Instance_290156" type="identity">
      <class id="CHEBI_SO_EXT:RNA" label="RNA"/>
      <span end="21113" id="16504174-17833" start="21110">RNA</span>
    </annotation>
    <annotation annotator="Mike Bada, University of Colorado Anschutz Medical Campus" id="CHEBI_2015_08_26_Instance_380718" type="identity">
      <class id="CHEBI_SO_EXT:molecular_label_or_mark_or_tag_process" label="molecular label/mark/tag process"/>
      <span end="21170" id="16504174-17871" start="21163">labeled</span>
    </annotation>
    <annotation annotator="Mike Bada, University of Colorado Anschutz Medical Campus" id="CHEBI_2015_08_26_Instance_290158" type="identity">
      <class id="CHEBI:37987" label="Cy3 dye"/>
      <span end="21179" id="16504174-17835" start="21176">Cy3</span>
    </annotation>
    <annotation annotator="Mike Bada, University of Colorado Anschutz Medical Campus" id="CHEBI_2015_08_26_Instance_290160" type="identity">
      <class id="CHEBI:37989" label="Cy5 dye"/>
      <span end="21187" id="16504174-17837" start="21184">Cy5</span>
    </annotation>
    <graph-space id="Old Knowtator Relations"/>
  </document>
</knowtator-project>
