<?xml version="1.0" encoding="UTF-8" standalone="no"?>
<knowtator-project>
    <document id="16628246" text-file="16628246.txt">
        <annotation annotator="Mike Bada, University of Colorado Anschutz Medical Campus" id="CHEBI_2015_08_26_Instance_310042" type="identity">
            <class id="CHEBI_PR_EXT:protein" label="protein"/>
            <span end="190" id="16628246-19237" start="182">proteins</span>
        </annotation>
        <annotation annotator="Mike Bada, University of Colorado Anschutz Medical Campus" id="CHEBI_2015_08_26_Instance_310044" type="identity">
            <class id="CHEBI_PR_EXT:protein" label="protein"/>
            <span end="378" id="16628246-19239" start="370">proteins</span>
        </annotation>
        <annotation annotator="Mike Bada, University of Colorado Anschutz Medical Campus" id="CHEBI_2015_08_26_Instance_310046" type="identity">
            <class id="CHEBI_PR_EXT:protein" label="protein"/>
            <span end="648" id="16628246-19241" start="641">protein</span>
        </annotation>
        <annotation annotator="Mike Bada, University of Colorado Anschutz Medical Campus" id="CHEBI_2015_08_26_Instance_310048" type="identity">
            <class id="CHEBI_PR_EXT:protein" label="protein"/>
            <span end="1514" id="16628246-19243" start="1506">proteins</span>
        </annotation>
        <annotation annotator="Mike Bada, University of Colorado Anschutz Medical Campus" id="CHEBI_2015_08_26_Instance_321409" type="identity">
            <class id="CHEBI_SO_EXT:DNA" label="DNA"/>
            <span end="1538" id="16628246-19313" start="1535">DNA</span>
        </annotation>
        <annotation annotator="Mike Bada, University of Colorado Anschutz Medical Campus" id="CHEBI_2015_08_26_Instance_310050" type="identity">
            <class id="CHEBI_PR_EXT:protein" label="protein"/>
            <span end="1611" id="16628246-19245" start="1603">proteins</span>
        </annotation>
        <annotation annotator="Mike Bada, University of Colorado Anschutz Medical Campus" id="CHEBI_2015_08_26_Instance_321411" type="identity">
            <class id="CHEBI_SO_EXT:DNA" label="DNA"/>
            <span end="1633" id="16628246-19315" start="1630">DNA</span>
        </annotation>
        <annotation annotator="Mike Bada, University of Colorado Anschutz Medical Campus" id="CHEBI_2015_08_26_Instance_310052" type="identity">
            <class id="CHEBI_PR_EXT:protein" label="protein"/>
            <span end="1876" id="16628246-19247" start="1868">proteins</span>
        </annotation>
        <annotation annotator="Mike Bada, University of Colorado Anschutz Medical Campus" id="CHEBI_2015_08_26_Instance_310054" type="identity">
            <class id="CHEBI_PR_EXT:protein" label="protein"/>
            <span end="2017" id="16628246-19249" start="2009">proteins</span>
        </annotation>
        <annotation annotator="Mike Bada, University of Colorado Anschutz Medical Campus" id="CHEBI_2015_08_26_Instance_370128" type="identity">
            <class id="CHEBI_GO_EXT:biological_process_or_quality_or_role" label="biological process, quality or role"/>
            <span end="2050" id="16628246-19601" start="2043">biology</span>
        </annotation>
        <annotation annotator="Mike Bada, University of Colorado Anschutz Medical Campus" id="CHEBI_2015_08_26_Instance_30411" type="identity">
            <class id="CHEBI:5386" label="globin"/>
            <span end="3105" id="16628246-19209" start="3099">globin</span>
        </annotation>
        <annotation annotator="Mike Bada, University of Colorado Anschutz Medical Campus" id="CHEBI_2015_08_26_Instance_30397" type="identity">
            <class id="CHEBI:5386" label="globin"/>
            <span end="3158" id="16628246-19203" start="3152">globin</span>
        </annotation>
        <annotation annotator="Mike Bada, University of Colorado Anschutz Medical Campus" id="CHEBI_2015_08_26_Instance_330772" type="identity">
            <class id="CHEBI_GO_EXT:hemoglobin" label="hemoglobin"/>
            <span end="3181" id="16628246-19581" start="3170">haemoglobin</span>
        </annotation>
        <annotation annotator="Mike Bada, University of Colorado Anschutz Medical Campus" id="CHEBI_2015_08_26_Instance_330774" type="identity">
            <class id="CHEBI_GO_EXT:hemoglobin" label="hemoglobin"/>
            <span end="3282" id="16628246-19583" start="3271">haemoglobin</span>
        </annotation>
        <annotation annotator="Mike Bada, University of Colorado Anschutz Medical Campus" id="CHEBI_2015_08_26_Instance_321415" type="identity">
            <class id="CHEBI_SO_EXT:base" label="base"/>
            <span end="3725" id="16628246-19317" start="3724">b</span>
        </annotation>
        <annotation annotator="Mike Bada, University of Colorado Anschutz Medical Campus" id="CHEBI_2015_08_26_Instance_321417" type="identity">
            <class id="CHEBI_SO_EXT:DNA" label="DNA"/>
            <span end="3740" id="16628246-19319" start="3737">DNA</span>
        </annotation>
        <annotation annotator="Mike Bada, University of Colorado Anschutz Medical Campus" id="CHEBI_2015_08_26_Instance_310056" type="identity">
            <class id="CHEBI_PR_EXT:protein" label="protein"/>
            <span end="3805" id="16628246-19251" start="3798">protein</span>
        </annotation>
        <annotation annotator="Mike Bada, University of Colorado Anschutz Medical Campus" id="CHEBI_2015_08_26_Instance_310058" type="identity">
            <class id="CHEBI_PR_EXT:protein" label="protein"/>
            <span end="3866" id="16628246-19253" start="3859">protein</span>
        </annotation>
        <annotation annotator="Mike Bada, University of Colorado Anschutz Medical Campus" id="CHEBI_2015_08_26_Instance_321419" type="identity">
            <class id="CHEBI_SO_EXT:base" label="base"/>
            <span end="3922" id="16628246-19321" start="3921">b</span>
        </annotation>
        <annotation annotator="Mike Bada, University of Colorado Anschutz Medical Campus" id="CHEBI_2015_08_26_Instance_321421" type="identity">
            <class id="CHEBI_SO_EXT:base" label="base"/>
            <span end="4042" id="16628246-19323" start="4041">b</span>
        </annotation>
        <annotation annotator="Mike Bada, University of Colorado Anschutz Medical Campus" id="CHEBI_2015_08_26_Instance_321423" type="identity">
            <class id="CHEBI_EXT:adenine_nucleobase_or_nucleoside_or_nucleotide_molecular_entity_or_group" label="adenine nucleobase/nucleoside/nucleotide molecular entity or group"/>
            <span end="4154" id="16628246-19325" start="4153">A</span>
        </annotation>
        <annotation annotator="Mike Bada, University of Colorado Anschutz Medical Campus" id="CHEBI_2015_08_26_Instance_321425" type="identity">
            <class id="CHEBI_EXT:zinc" label="zinc"/>
            <span end="4449" id="16628246-19327" start="4445">zinc</span>
        </annotation>
        <annotation annotator="Mike Bada, University of Colorado Anschutz Medical Campus" id="CHEBI_2015_08_26_Instance_310060" type="identity">
            <class id="CHEBI_PR_EXT:protein" label="protein"/>
            <span end="4563" id="16628246-19255" start="4556">protein</span>
        </annotation>
        <annotation annotator="Mike Bada, University of Colorado Anschutz Medical Campus" id="CHEBI_2015_08_26_Instance_310062" type="identity">
            <class id="CHEBI_PR_EXT:protein" label="protein"/>
            <span end="4571" id="16628246-19257" start="4564">protein</span>
        </annotation>
        <annotation annotator="Mike Bada, University of Colorado Anschutz Medical Campus" id="CHEBI_2015_08_26_Instance_310064" type="identity">
            <class id="CHEBI_PR_EXT:protein" label="protein"/>
            <span end="4664" id="16628246-19259" start="4656">proteins</span>
        </annotation>
        <annotation annotator="Mike Bada, University of Colorado Anschutz Medical Campus" id="CHEBI_2015_08_26_Instance_321427" type="identity">
            <class id="CHEBI_SO_EXT:DNA" label="DNA"/>
            <span end="5018" id="16628246-19329" start="5015">DNA</span>
        </annotation>
        <annotation annotator="Mike Bada, University of Colorado Anschutz Medical Campus" id="CHEBI_2015_08_26_Instance_310066" type="identity">
            <class id="CHEBI_PR_EXT:protein" label="protein"/>
            <span end="5258" id="16628246-19261" start="5251">protein</span>
        </annotation>
        <annotation annotator="Mike Bada, University of Colorado Anschutz Medical Campus" id="CHEBI_2015_08_26_Instance_30407" type="identity">
            <class id="CHEBI:5386" label="globin"/>
            <span end="5412" id="16628246-19205" start="5406">globin</span>
        </annotation>
        <annotation annotator="Mike Bada, University of Colorado Anschutz Medical Campus" id="CHEBI_2015_08_26_Instance_310068" type="identity">
            <class id="CHEBI_PR_EXT:protein" label="protein"/>
            <span end="5561" id="16628246-19263" start="5554">protein</span>
        </annotation>
        <annotation annotator="Mike Bada, University of Colorado Anschutz Medical Campus" id="CHEBI_2015_08_26_Instance_310070" type="identity">
            <class id="CHEBI_PR_EXT:protein" label="protein"/>
            <span end="5631" id="16628246-19265" start="5624">protein</span>
        </annotation>
        <annotation annotator="Mike Bada, University of Colorado Anschutz Medical Campus" id="CHEBI_2015_08_26_Instance_310072" type="identity">
            <class id="CHEBI_PR_EXT:protein" label="protein"/>
            <span end="5852" id="16628246-19267" start="5845">protein</span>
        </annotation>
        <annotation annotator="Mike Bada, University of Colorado Anschutz Medical Campus" id="CHEBI_2015_08_26_Instance_310074" type="identity">
            <class id="CHEBI_PR_EXT:protein" label="protein"/>
            <span end="6460" id="16628246-19269" start="6453">protein</span>
        </annotation>
        <annotation annotator="Mike Bada, University of Colorado Anschutz Medical Campus" id="CHEBI_2015_08_26_Instance_310076" type="identity">
            <class id="CHEBI_PR_EXT:protein" label="protein"/>
            <span end="7191" id="16628246-19271" start="7184">protein</span>
        </annotation>
        <annotation annotator="Mike Bada, University of Colorado Anschutz Medical Campus" id="CHEBI_2015_08_26_Instance_310078" type="identity">
            <class id="CHEBI_PR_EXT:protein" label="protein"/>
            <span end="7779" id="16628246-19273" start="7772">protein</span>
        </annotation>
        <annotation annotator="Mike Bada, University of Colorado Anschutz Medical Campus" id="CHEBI_2015_08_26_Instance_310080" type="identity">
            <class id="CHEBI_PR_EXT:protein" label="protein"/>
            <span end="8306" id="16628246-19275" start="8299">protein</span>
        </annotation>
        <annotation annotator="Mike Bada, University of Colorado Anschutz Medical Campus" id="CHEBI_2015_08_26_Instance_321429" type="identity">
            <class id="CHEBI:472552" label="5-bromo-2'-deoxyuridine"/>
            <span end="9826" id="16628246-19331" start="9809">bromodeoxyuridine</span>
        </annotation>
        <annotation annotator="Mike Bada, University of Colorado Anschutz Medical Campus" id="CHEBI_2015_08_26_Instance_321431" type="identity">
            <class id="CHEBI:472552" label="5-bromo-2'-deoxyuridine"/>
            <span end="9832" id="16628246-19333" start="9828">BrdU</span>
        </annotation>
        <annotation annotator="Mike Bada, University of Colorado Anschutz Medical Campus" id="CHEBI_2015_08_26_Instance_30413" type="identity">
            <class id="CHEBI:15358" label="histone"/>
            <span end="10202" id="16628246-19211" start="10195">histone</span>
        </annotation>
        <annotation annotator="Mike Bada, University of Colorado Anschutz Medical Campus" id="CHEBI_2015_08_26_Instance_330866" type="identity">
            <class id="CHEBI_SO_EXT:molecular_indicator_or_label_or_marker_or_tag" label="molecular indicator/label/marker/tag"/>
            <span end="10224" id="16628246-19585" start="10218">marker</span>
        </annotation>
        <annotation annotator="Mike Bada, University of Colorado Anschutz Medical Campus" id="CHEBI_2015_08_26_Instance_321435" type="identity">
            <class id="CHEBI_SO_EXT:DNA" label="DNA"/>
            <span end="11339" id="16628246-19335" start="11336">DNA</span>
        </annotation>
        <annotation annotator="Mike Bada, University of Colorado Anschutz Medical Campus" id="CHEBI_2015_08_26_Instance_321437" type="identity">
            <class id="CHEBI_SO_EXT:DNA" label="DNA"/>
            <span end="11466" id="16628246-19337" start="11463">DNA</span>
        </annotation>
        <annotation annotator="Mike Bada, University of Colorado Anschutz Medical Campus" id="CHEBI_2015_08_26_Instance_321717" type="identity">
            <class id="CHEBI_GO_SO_EXT:enzyme" label="enzyme"/>
            <span end="11623" id="16628246-19575" start="11616">enzymes</span>
        </annotation>
        <annotation annotator="Mike Bada, University of Colorado Anschutz Medical Campus" id="CHEBI_2015_08_26_Instance_321439" type="identity">
            <class id="CHEBI_SO_EXT:DNA" label="DNA"/>
            <span end="12180" id="16628246-19339" start="12177">DNA</span>
        </annotation>
        <annotation annotator="Mike Bada, University of Colorado Anschutz Medical Campus" id="CHEBI_2015_08_26_Instance_310082" type="identity">
            <class id="CHEBI_PR_EXT:protein" label="protein"/>
            <span end="12785" id="16628246-19277" start="12778">protein</span>
        </annotation>
        <annotation annotator="Mike Bada, University of Colorado Anschutz Medical Campus" id="CHEBI_2015_08_26_Instance_321441" type="identity">
            <class id="CHEBI_SO_EXT:DNA" label="DNA"/>
            <span end="12793" id="16628246-19341" start="12790">DNA</span>
        </annotation>
        <annotation annotator="Mike Bada, University of Colorado Anschutz Medical Campus" id="CHEBI_2015_08_26_Instance_310084" type="identity">
            <class id="CHEBI_PR_EXT:protein" label="protein"/>
            <span end="12958" id="16628246-19279" start="12951">protein</span>
        </annotation>
        <annotation annotator="Mike Bada, University of Colorado Anschutz Medical Campus" id="CHEBI_2015_08_26_Instance_321443" type="identity">
            <class id="CHEBI_SO_EXT:DNA" label="DNA"/>
            <span end="14870" id="16628246-19343" start="14867">DNA</span>
        </annotation>
        <annotation annotator="Mike Bada, University of Colorado Anschutz Medical Campus" id="CHEBI_2015_08_26_Instance_321445" type="identity">
            <class id="CHEBI:51686" label="haematoxylin"/>
            <span end="15515" id="16628246-19345" start="15503">haematoxylin</span>
        </annotation>
        <annotation annotator="Mike Bada, University of Colorado Anschutz Medical Campus" id="CHEBI_2015_08_26_Instance_321447" type="identity">
            <class id="CHEBI_SO_EXT:DNA" label="DNA"/>
            <span end="17080" id="16628246-19347" start="17077">DNA</span>
        </annotation>
        <annotation annotator="Mike Bada, University of Colorado Anschutz Medical Campus" id="CHEBI_2015_08_26_Instance_330868" type="identity">
            <class id="CHEBI_SO_EXT:molecular_indicator_or_label_or_marker_or_tag" label="molecular indicator/label/marker/tag"/>
            <span end="17360" id="16628246-19587" start="17354">marker</span>
        </annotation>
        <annotation annotator="Mike Bada, University of Colorado Anschutz Medical Campus" id="CHEBI_2015_08_26_Instance_321451" type="identity">
            <class id="CHEBI_EXT:dUTP" label="dUTP"/>
            <span end="17728" id="16628246-19349" start="17724">dUTP</span>
        </annotation>
        <annotation annotator="Mike Bada, University of Colorado Anschutz Medical Campus" id="CHEBI_2015_08_26_Instance_380724" type="identity">
            <class id="CHEBI_SO_EXT:molecular_label_or_mark_or_tag_process" label="molecular label/mark/tag process"/>
            <span end="17746" id="16628246-19603" start="17738">labeling</span>
        </annotation>
        <annotation annotator="Mike Bada, University of Colorado Anschutz Medical Campus" id="CHEBI_2015_08_26_Instance_330870" type="identity">
            <class id="CHEBI_SO_EXT:molecular_indicator_or_label_or_marker_or_tag" label="molecular indicator/label/marker/tag"/>
            <span end="18438" id="16628246-19589" start="18432">marker</span>
        </annotation>
        <annotation annotator="Mike Bada, University of Colorado Anschutz Medical Campus" id="CHEBI_2015_08_26_Instance_30417" type="identity">
            <class id="CHEBI:15358" label="histone"/>
            <span end="18469" id="16628246-19213" start="18462">histone</span>
        </annotation>
        <annotation annotator="Mike Bada, University of Colorado Anschutz Medical Campus" id="CHEBI_2015_08_26_Instance_321455" type="identity">
            <class id="CHEBI:81588" label="Placental lactogen"/>
            <span end="20023" id="16628246-19351" start="20005">placental lactogen</span>
        </annotation>
        <annotation annotator="Mike Bada, University of Colorado Anschutz Medical Campus" id="CHEBI_2015_08_26_Instance_321461" type="identity">
            <class id="CHEBI:81588" label="Placental lactogen"/>
            <span end="20029" id="16628246-19355" start="20027">Pl</span>
        </annotation>
        <annotation annotator="Mike Bada, University of Colorado Anschutz Medical Campus" id="CHEBI_2015_08_26_Instance_330872" type="identity">
            <class id="CHEBI_SO_EXT:molecular_indicator_or_label_or_marker_or_tag" label="molecular indicator/label/marker/tag"/>
            <span end="20042" id="16628246-19591" start="20036">marker</span>
        </annotation>
        <annotation annotator="Mike Bada, University of Colorado Anschutz Medical Campus" id="CHEBI_2015_08_26_Instance_321465" type="identity">
            <class id="CHEBI:81588" label="Placental lactogen"/>
            <span end="20094" id="16628246-19359" start="20092">Pl</span>
        </annotation>
        <annotation annotator="Mike Bada, University of Colorado Anschutz Medical Campus" id="CHEBI_2015_08_26_Instance_321463" type="identity">
            <class id="CHEBI:81588" label="Placental lactogen"/>
            <span end="20300" id="16628246-19357" start="20298">Pl</span>
        </annotation>
        <annotation annotator="Mike Bada, University of Colorado Anschutz Medical Campus" id="CHEBI_2015_08_26_Instance_321459" type="identity">
            <class id="CHEBI:81588" label="Placental lactogen"/>
            <span end="20600" id="16628246-19353" start="20598">Pl</span>
        </annotation>
        <annotation annotator="Mike Bada, University of Colorado Anschutz Medical Campus" id="CHEBI_2015_08_26_Instance_310086" type="identity">
            <class id="CHEBI_PR_EXT:protein" label="protein"/>
            <span end="24068" id="16628246-19281" start="24061">protein</span>
        </annotation>
        <annotation annotator="Mike Bada, University of Colorado Anschutz Medical Campus" id="CHEBI_2015_08_26_Instance_310088" type="identity">
            <class id="CHEBI_PR_EXT:protein" label="protein"/>
            <span end="26175" id="16628246-19283" start="26168">protein</span>
        </annotation>
        <annotation annotator="Mike Bada, University of Colorado Anschutz Medical Campus" id="CHEBI_2015_08_26_Instance_310090" type="identity">
            <class id="CHEBI_PR_EXT:protein" label="protein"/>
            <span end="26279" id="16628246-19285" start="26272">protein</span>
        </annotation>
        <annotation annotator="Mike Bada, University of Colorado Anschutz Medical Campus" id="CHEBI_2015_08_26_Instance_310092" type="identity">
            <class id="CHEBI_PR_EXT:protein" label="protein"/>
            <span end="27288" id="16628246-19287" start="27281">protein</span>
        </annotation>
        <annotation annotator="Mike Bada, University of Colorado Anschutz Medical Campus" id="CHEBI_2015_08_26_Instance_310094" type="identity">
            <class id="CHEBI_PR_EXT:protein" label="protein"/>
            <span end="27354" id="16628246-19289" start="27347">protein</span>
        </annotation>
        <annotation annotator="Mike Bada, University of Colorado Anschutz Medical Campus" id="CHEBI_2015_08_26_Instance_310096" type="identity">
            <class id="CHEBI_PR_EXT:protein" label="protein"/>
            <span end="27533" id="16628246-19291" start="27526">protein</span>
        </annotation>
        <annotation annotator="Mike Bada, University of Colorado Anschutz Medical Campus" id="CHEBI_2015_08_26_Instance_321467" type="identity">
            <class id="CHEBI_GO_EXT:hormone" label="hormone"/>
            <span end="28897" id="16628246-19361" start="28889">hormones</span>
        </annotation>
        <annotation annotator="Mike Bada, University of Colorado Anschutz Medical Campus" id="CHEBI_2015_08_26_Instance_310098" type="identity">
            <class id="CHEBI_PR_EXT:protein" label="protein"/>
            <span end="29647" id="16628246-19293" start="29640">protein</span>
        </annotation>
        <annotation annotator="Mike Bada, University of Colorado Anschutz Medical Campus" id="CHEBI_2015_08_26_Instance_310100" type="identity">
            <class id="CHEBI_PR_EXT:protein" label="protein"/>
            <span end="29816" id="16628246-19295" start="29809">protein</span>
        </annotation>
        <annotation annotator="Mike Bada, University of Colorado Anschutz Medical Campus" id="CHEBI_2015_08_26_Instance_310102" type="identity">
            <class id="CHEBI_PR_EXT:protein" label="protein"/>
            <span end="30253" id="16628246-19297" start="30246">protein</span>
        </annotation>
        <annotation annotator="Mike Bada, University of Colorado Anschutz Medical Campus" id="CHEBI_2015_08_26_Instance_21311" type="identity">
            <class id="CHEBI_EXT:22695" label="base"/>
            <span end="32563" id="16628246-19201" start="32558">basic</span>
        </annotation>
        <annotation annotator="Mike Bada, University of Colorado Anschutz Medical Campus" id="CHEBI_2015_08_26_Instance_30409" type="identity">
            <class id="CHEBI:5386" label="globin"/>
            <span end="34102" id="16628246-19207" start="34096">globin</span>
        </annotation>
        <annotation annotator="Mike Bada, University of Colorado Anschutz Medical Campus" id="CHEBI_2015_08_26_Instance_310104" type="identity">
            <class id="CHEBI_PR_EXT:protein" label="protein"/>
            <span end="35143" id="16628246-19299" start="35136">protein</span>
        </annotation>
        <annotation annotator="Mike Bada, University of Colorado Anschutz Medical Campus" id="CHEBI_2015_08_26_Instance_321469" type="identity">
            <class id="CHEBI:14314" label="D-glucose 6-phosphate"/>
            <span end="35521" id="16628246-19363" start="35502">glucose 6-phosphate</span>
        </annotation>
        <annotation annotator="Mike Bada, University of Colorado Anschutz Medical Campus" id="CHEBI_2015_08_26_Instance_330294" type="identity">
            <class id="CHEBI_EXT:polyatomic_entity_or_group" label="polyatomic entity or group"/>
            <span end="37660" id="16628246-19577" start="37651">molecular</span>
        </annotation>
        <annotation annotator="Mike Bada, University of Colorado Anschutz Medical Campus" id="CHEBI_2015_08_26_Instance_321475" type="identity">
            <class id="CHEBI:42768" label="geneticin"/>
            <span end="40632" id="16628246-19367" start="40628">G418</span>
        </annotation>
        <annotation annotator="Mike Bada, University of Colorado Anschutz Medical Campus" id="CHEBI_2015_08_26_Instance_321473" type="identity">
            <class id="CHEBI:465284" label="ganciclovir"/>
            <span end="40648" id="16628246-19365" start="40637">ganciclovir</span>
        </annotation>
        <annotation annotator="Mike Bada, University of Colorado Anschutz Medical Campus" id="CHEBI_2015_08_26_Instance_321477" type="identity">
            <class id="CHEBI_SO_EXT:DNA" label="DNA"/>
            <span end="40746" id="16628246-19369" start="40743">DNA</span>
        </annotation>
        <annotation annotator="Mike Bada, University of Colorado Anschutz Medical Campus" id="CHEBI_2015_08_26_Instance_321479" type="identity">
            <class id="CHEBI_SO_EXT:molecular_probe" label="molecular probe"/>
            <span end="40780" id="16628246-19371" start="40775">probe</span>
        </annotation>
        <annotation annotator="Mike Bada, University of Colorado Anschutz Medical Campus" id="CHEBI_2015_08_26_Instance_321481" type="identity">
            <class id="CHEBI_SO_EXT:molecular_probe" label="molecular probe"/>
            <span end="40840" id="16628246-19373" start="40835">probe</span>
        </annotation>
        <annotation annotator="Mike Bada, University of Colorado Anschutz Medical Campus" id="CHEBI_2015_08_26_Instance_321483" type="identity">
            <class id="CHEBI_SO_EXT:base" label="base"/>
            <span end="40850" id="16628246-19375" start="40849">b</span>
        </annotation>
        <annotation annotator="Mike Bada, University of Colorado Anschutz Medical Campus" id="CHEBI_2015_08_26_Instance_321485" type="identity">
            <class id="CHEBI_SO_EXT:DNA" label="DNA"/>
            <span end="40901" id="16628246-19377" start="40898">DNA</span>
        </annotation>
        <annotation annotator="Mike Bada, University of Colorado Anschutz Medical Campus" id="CHEBI_2015_08_26_Instance_321487" type="identity">
            <class id="CHEBI_SO_EXT:molecular_probe" label="molecular probe"/>
            <span end="41021" id="16628246-19379" start="41016">probe</span>
        </annotation>
        <annotation annotator="Mike Bada, University of Colorado Anschutz Medical Campus" id="CHEBI_2015_08_26_Instance_321489" type="identity">
            <class id="CHEBI:42768" label="geneticin"/>
            <span end="41607" id="16628246-19381" start="41603">G418</span>
        </annotation>
        <annotation annotator="Mike Bada, University of Colorado Anschutz Medical Campus" id="CHEBI_2015_08_26_Instance_321491" type="identity">
            <class id="CHEBI_SO_EXT:molecular_probe" label="molecular probe"/>
            <span end="41863" id="16628246-19383" start="41858">probe</span>
        </annotation>
        <annotation annotator="Mike Bada, University of Colorado Anschutz Medical Campus" id="CHEBI_2015_08_26_Instance_321493" type="identity">
            <class id="CHEBI_SO_EXT:RNA" label="RNA"/>
            <span end="41989" id="16628246-19385" start="41986">RNA</span>
        </annotation>
        <annotation annotator="Mike Bada, University of Colorado Anschutz Medical Campus" id="CHEBI_2015_08_26_Instance_30423" type="identity">
            <class id="CHEBI_EXT:33893" label="reagent"/>
            <span end="42016" id="16628246-19215" start="42009">Reagent</span>
        </annotation>
        <annotation annotator="Mike Bada, University of Colorado Anschutz Medical Campus" id="CHEBI_2015_08_26_Instance_321495" type="identity">
            <class id="CHEBI_SO_EXT:molecular_probe" label="molecular probe"/>
            <span end="42106" id="16628246-19387" start="42101">probe</span>
        </annotation>
        <annotation annotator="Mike Bada, University of Colorado Anschutz Medical Campus" id="CHEBI_2015_08_26_Instance_321497" type="identity">
            <class id="CHEBI_SO_EXT:molecular_probe" label="molecular probe"/>
            <span end="42274" id="16628246-19389" start="42269">probe</span>
        </annotation>
        <annotation annotator="Mike Bada, University of Colorado Anschutz Medical Campus" id="CHEBI_2015_08_26_Instance_310106" type="identity">
            <class id="CHEBI_PR_EXT:protein" label="protein"/>
            <span end="42332" id="16628246-19301" start="42325">Protein</span>
        </annotation>
        <annotation annotator="Mike Bada, University of Colorado Anschutz Medical Campus" id="CHEBI_2015_08_26_Instance_321499" type="identity">
            <class id="CHEBI_SO_EXT:DNA" label="DNA"/>
            <span end="42591" id="16628246-19391" start="42588">DNA</span>
        </annotation>
        <annotation annotator="Mike Bada, University of Colorado Anschutz Medical Campus" id="CHEBI_2015_08_26_Instance_321501" type="identity">
            <class id="CHEBI_SO_EXT:DNA" label="DNA"/>
            <span end="42725" id="16628246-19393" start="42722">DNA</span>
        </annotation>
        <annotation annotator="Mike Bada, University of Colorado Anschutz Medical Campus" id="CHEBI_2015_08_26_Instance_321505" type="identity">
            <class id="CHEBI_GO_SO_EXT:enzyme" label="enzyme"/>
            <span end="42785" id="16628246-19397" start="42778">enzymes</span>
        </annotation>
        <annotation annotator="Mike Bada, University of Colorado Anschutz Medical Campus" id="CHEBI_2015_08_26_Instance_321503" type="identity">
            <class id="CHEBI_SO_EXT:molecular_probe" label="molecular probe"/>
            <span end="42858" id="16628246-19395" start="42852">probes</span>
        </annotation>
        <annotation annotator="Mike Bada, University of Colorado Anschutz Medical Campus" id="CHEBI_2015_08_26_Instance_321509" type="identity">
            <class id="CHEBI_SO_EXT:DNA" label="DNA"/>
            <span end="42895" id="16628246-19399" start="42892">DNA</span>
        </annotation>
        <annotation annotator="Mike Bada, University of Colorado Anschutz Medical Campus" id="CHEBI_2015_08_26_Instance_321511" type="identity">
            <class id="CHEBI_SO_EXT:oligonucleotide" label="oligonucleotide"/>
            <span end="42993" id="16628246-19401" start="42978">Oligonucleotide</span>
        </annotation>
        <annotation annotator="Mike Bada, University of Colorado Anschutz Medical Campus" id="CHEBI_2015_08_26_Instance_321513" type="identity">
            <class id="CHEBI_SO_EXT:molecular_probe" label="molecular probe"/>
            <span end="43000" id="16628246-19403" start="42994">probes</span>
        </annotation>
        <annotation annotator="Mike Bada, University of Colorado Anschutz Medical Campus" id="CHEBI_2015_08_26_Instance_321515" type="identity">
            <class id="CHEBI_SO_EXT:molecular_probe" label="molecular probe"/>
            <span end="43100" id="16628246-19405" start="43095">probe</span>
        </annotation>
        <annotation annotator="Mike Bada, University of Colorado Anschutz Medical Campus" id="CHEBI_2015_08_26_Instance_321517" type="identity">
            <class id="CHEBI_SO_EXT:oligonucleotide" label="oligonucleotide"/>
            <span end="43129" id="16628246-19407" start="43114">oligonucleotide</span>
        </annotation>
        <annotation annotator="Mike Bada, University of Colorado Anschutz Medical Campus" id="CHEBI_2015_08_26_Instance_321519" type="identity">
            <class id="CHEBI_SO_EXT:molecular_probe" label="molecular probe"/>
            <span end="43165" id="16628246-19409" start="43160">probe</span>
        </annotation>
        <annotation annotator="Mike Bada, University of Colorado Anschutz Medical Campus" id="CHEBI_2015_08_26_Instance_321521" type="identity">
            <class id="CHEBI_SO_EXT:oligonucleotide" label="oligonucleotide"/>
            <span end="43194" id="16628246-19411" start="43179">oligonucleotide</span>
        </annotation>
        <annotation annotator="Mike Bada, University of Colorado Anschutz Medical Campus" id="CHEBI_2015_08_26_Instance_321523" type="identity">
            <class id="CHEBI_SO_EXT:molecular_probe" label="molecular probe"/>
            <span end="43216" id="16628246-19413" start="43211">probe</span>
        </annotation>
        <annotation annotator="Mike Bada, University of Colorado Anschutz Medical Campus" id="CHEBI_2015_08_26_Instance_321525" type="identity">
            <class id="CHEBI_SO_EXT:oligonucleotide" label="oligonucleotide"/>
            <span end="43454" id="16628246-19415" start="43439">oligonucleotide</span>
        </annotation>
        <annotation annotator="Mike Bada, University of Colorado Anschutz Medical Campus" id="CHEBI_2015_08_26_Instance_321527" type="identity">
            <class id="CHEBI_SO_EXT:DNA" label="DNA"/>
            <span end="43871" id="16628246-19417" start="43868">DNA</span>
        </annotation>
        <annotation annotator="Mike Bada, University of Colorado Anschutz Medical Campus" id="CHEBI_2015_08_26_Instance_321529" type="identity">
            <class id="CHEBI_SO_EXT:molecular_probe" label="molecular probe"/>
            <span end="43897" id="16628246-19419" start="43892">probe</span>
        </annotation>
        <annotation annotator="Mike Bada, University of Colorado Anschutz Medical Campus" id="CHEBI_2015_08_26_Instance_321531" type="identity">
            <class id="CHEBI_EXT:paraformaldehye" label="paraformaldehyde"/>
            <span end="44312" id="16628246-19421" start="44296">paraformaldehyde</span>
        </annotation>
        <annotation annotator="Mike Bada, University of Colorado Anschutz Medical Campus" id="CHEBI_2015_08_26_Instance_30425" type="identity">
            <class id="CHEBI:16236" label="ethanol"/>
            <span end="44420" id="16628246-19217" start="44413">ethanol</span>
        </annotation>
        <annotation annotator="Mike Bada, University of Colorado Anschutz Medical Campus" id="CHEBI_2015_08_26_Instance_30427" type="identity">
            <class id="CHEBI:27338" label="xylene"/>
            <span end="44438" id="16628246-19219" start="44432">xylene</span>
        </annotation>
        <annotation annotator="Mike Bada, University of Colorado Anschutz Medical Campus" id="CHEBI_2015_08_26_Instance_321533" type="identity">
            <class id="CHEBI:81588" label="Placental lactogen"/>
            <span end="44798" id="16628246-19423" start="44780">Placental lactogen</span>
        </annotation>
        <annotation annotator="Mike Bada, University of Colorado Anschutz Medical Campus" id="CHEBI_2015_08_26_Instance_30429" type="identity">
            <class id="CHEBI:32958" label="phosphate group"/>
            <span end="44882" id="16628246-19221" start="44875">phospho</span>
        </annotation>
        <annotation annotator="Mike Bada, University of Colorado Anschutz Medical Campus" id="CHEBI_2015_08_26_Instance_30431" type="identity">
            <class id="CHEBI:15358" label="histone"/>
            <span end="44898" id="16628246-19223" start="44891">histone</span>
        </annotation>
        <annotation annotator="Mike Bada, University of Colorado Anschutz Medical Campus" id="CHEBI_2015_08_26_Instance_321535" type="identity">
            <class id="CHEBI:51686" label="haematoxylin"/>
            <span end="45041" id="16628246-19425" start="45029">haematoxylin</span>
        </annotation>
        <annotation annotator="Mike Bada, University of Colorado Anschutz Medical Campus" id="CHEBI_2015_08_26_Instance_380726" type="identity">
            <class id="CHEBI_SO_EXT:molecular_label_or_mark_or_tag_process" label="molecular label/mark/tag process"/>
            <span end="45217" id="16628246-19605" start="45208">labelling</span>
        </annotation>
        <annotation annotator="Mike Bada, University of Colorado Anschutz Medical Campus" id="CHEBI_2015_08_26_Instance_321537" type="identity">
            <class id="CHEBI:51231" label="DAPI"/>
            <span end="45275" id="16628246-19427" start="45271">DAPI</span>
        </annotation>
        <annotation annotator="Mike Bada, University of Colorado Anschutz Medical Campus" id="CHEBI_2015_08_26_Instance_321539" type="identity">
            <class id="CHEBI_SO_EXT:riboprobe" label="riboprobe"/>
            <span end="45538" id="16628246-19429" start="45529">riboprobe</span>
        </annotation>
        <annotation annotator="Mike Bada, University of Colorado Anschutz Medical Campus" id="CHEBI_2015_08_26_Instance_321541" type="identity">
            <class id="CHEBI:81588" label="Placental lactogen"/>
            <span end="45660" id="16628246-19431" start="45642">placental lactogen</span>
        </annotation>
        <annotation annotator="Mike Bada, University of Colorado Anschutz Medical Campus" id="CHEBI_2015_08_26_Instance_321543" type="identity">
            <class id="CHEBI:81588" label="Placental lactogen"/>
            <span end="45666" id="16628246-19433" start="45664">Pl</span>
        </annotation>
        <annotation annotator="Mike Bada, University of Colorado Anschutz Medical Campus" id="CHEBI_2015_08_26_Instance_321545" type="identity">
            <class id="CHEBI_SO_EXT:riboprobe" label="riboprobe"/>
            <span end="45679" id="16628246-19435" start="45670">riboprobe</span>
        </annotation>
        <annotation annotator="Mike Bada, University of Colorado Anschutz Medical Campus" id="CHEBI_2015_08_26_Instance_321547" type="identity">
            <class id="CHEBI_SO_EXT:DNA" label="DNA"/>
            <span end="46164" id="16628246-19437" start="46161">DNA</span>
        </annotation>
        <annotation annotator="Mike Bada, University of Colorado Anschutz Medical Campus" id="CHEBI_2015_08_26_Instance_321549" type="identity">
            <class id="CHEBI:472552" label="5-bromo-2'-deoxyuridine"/>
            <span end="46405" id="16628246-19439" start="46401">BrdU</span>
        </annotation>
        <annotation annotator="Mike Bada, University of Colorado Anschutz Medical Campus" id="CHEBI_2015_08_26_Instance_321551" type="identity">
            <class id="CHEBI:472552" label="5-bromo-2'-deoxyuridine"/>
            <span end="46516" id="16628246-19441" start="46512">BrdU</span>
        </annotation>
        <annotation annotator="Mike Bada, University of Colorado Anschutz Medical Campus" id="CHEBI_2015_08_26_Instance_30437" type="identity">
            <class id="CHEBI:37926" label="fluorescein isothiocyanate"/>
            <span end="46521" id="16628246-19227" start="46517">FITC</span>
        </annotation>
        <annotation annotator="Mike Bada, University of Colorado Anschutz Medical Campus" id="CHEBI_2015_08_26_Instance_321553" type="identity">
            <class id="CHEBI:51240" label="propidium iodide"/>
            <span end="46574" id="16628246-19443" start="46558">propidium iodide</span>
        </annotation>
        <annotation annotator="Mike Bada, University of Colorado Anschutz Medical Campus" id="CHEBI_2015_08_26_Instance_321555" type="identity">
            <class id="CHEBI:472552" label="5-bromo-2'-deoxyuridine"/>
            <span end="46650" id="16628246-19445" start="46646">BrdU</span>
        </annotation>
        <annotation annotator="Mike Bada, University of Colorado Anschutz Medical Campus" id="CHEBI_2015_08_26_Instance_321557" type="identity">
            <class id="CHEBI:472552" label="5-bromo-2'-deoxyuridine"/>
            <span end="46674" id="16628246-19447" start="46670">BrdU</span>
        </annotation>
        <annotation annotator="Mike Bada, University of Colorado Anschutz Medical Campus" id="CHEBI_2015_08_26_Instance_321559" type="identity">
            <class id="CHEBI:472552" label="5-bromo-2'-deoxyuridine"/>
            <span end="46711" id="16628246-19449" start="46707">BrdU</span>
        </annotation>
        <annotation annotator="Mike Bada, University of Colorado Anschutz Medical Campus" id="CHEBI_2015_08_26_Instance_330874" type="identity">
            <class id="CHEBI_SO_EXT:molecular_indicator_or_label_or_marker_or_tag" label="molecular indicator/label/marker/tag"/>
            <span end="47039" id="16628246-19593" start="47033">marker</span>
        </annotation>
        <annotation annotator="Mike Bada, University of Colorado Anschutz Medical Campus" id="CHEBI_2015_08_26_Instance_30435" type="identity">
            <class id="CHEBI:15358" label="histone"/>
            <span end="47070" id="16628246-19225" start="47063">histone</span>
        </annotation>
        <annotation annotator="Mike Bada, University of Colorado Anschutz Medical Campus" id="CHEBI_2015_08_26_Instance_30439" type="identity">
            <class id="CHEBI:37926" label="fluorescein isothiocyanate"/>
            <span end="47079" id="16628246-19229" start="47075">FITC</span>
        </annotation>
        <annotation annotator="Mike Bada, University of Colorado Anschutz Medical Campus" id="CHEBI_2015_08_26_Instance_321563" type="identity">
            <class id="CHEBI:51240" label="propidium iodide"/>
            <span end="47132" id="16628246-19451" start="47116">propidium iodide</span>
        </annotation>
        <annotation annotator="Mike Bada, University of Colorado Anschutz Medical Campus" id="CHEBI_2015_08_26_Instance_331710" type="identity">
            <class id="CHEBI:37926" label="fluorescein isothiocyanate"/>
            <span end="47546" id="16628246-19599" start="47542">FITC</span>
        </annotation>
        <annotation annotator="Mike Bada, University of Colorado Anschutz Medical Campus" id="CHEBI_2015_08_26_Instance_321565" type="identity">
            <class id="CHEBI:51240" label="propidium iodide"/>
            <span end="47595" id="16628246-19453" start="47579">propidium iodide</span>
        </annotation>
        <annotation annotator="Mike Bada, University of Colorado Anschutz Medical Campus" id="CHEBI_2015_08_26_Instance_321567" type="identity">
            <class id="CHEBI_SO_EXT:DNA" label="DNA"/>
            <span end="47857" id="16628246-19455" start="47854">DNA</span>
        </annotation>
        <annotation annotator="Mike Bada, University of Colorado Anschutz Medical Campus" id="CHEBI_2015_08_26_Instance_321569" type="identity">
            <class id="CHEBI_SO_EXT:DNA" label="DNA"/>
            <span end="47924" id="16628246-19457" start="47921">DNA</span>
        </annotation>
        <annotation annotator="Mike Bada, University of Colorado Anschutz Medical Campus" id="CHEBI_2015_08_26_Instance_321573" type="identity">
            <class id="CHEBI_GO_SO_EXT:enzyme" label="enzyme"/>
            <span end="48103" id="16628246-19461" start="48097">enzyme</span>
        </annotation>
        <annotation annotator="Mike Bada, University of Colorado Anschutz Medical Campus" id="CHEBI_2015_08_26_Instance_321571" type="identity">
            <class id="CHEBI_SO_EXT:DNA" label="DNA"/>
            <span end="48197" id="16628246-19459" start="48194">DNA</span>
        </annotation>
        <annotation annotator="Mike Bada, University of Colorado Anschutz Medical Campus" id="CHEBI_2015_08_26_Instance_321577" type="identity">
            <class id="CHEBI_SO_EXT:molecular_probe" label="molecular probe"/>
            <span end="48270" id="16628246-19463" start="48264">probes</span>
        </annotation>
        <annotation annotator="Mike Bada, University of Colorado Anschutz Medical Campus" id="CHEBI_2015_08_26_Instance_321581" type="identity">
            <class id="CHEBI_SO_EXT:DNA" label="DNA"/>
            <span end="48529" id="16628246-19467" start="48526">DNA</span>
        </annotation>
        <annotation annotator="Mike Bada, University of Colorado Anschutz Medical Campus" id="CHEBI_2015_08_26_Instance_321579" type="identity">
            <class id="CHEBI_SO_EXT:DNA" label="DNA"/>
            <span end="48627" id="16628246-19465" start="48624">DNA</span>
        </annotation>
        <annotation annotator="Mike Bada, University of Colorado Anschutz Medical Campus" id="CHEBI_2015_08_26_Instance_321583" type="identity">
            <class id="CHEBI:51686" label="haematoxylin"/>
            <span end="49591" id="16628246-19469" start="49579">haematoxylin</span>
        </annotation>
        <annotation annotator="Mike Bada, University of Colorado Anschutz Medical Campus" id="CHEBI_2015_08_26_Instance_321585" type="identity">
            <class id="CHEBI_SO_EXT:molecular_probe" label="molecular probe"/>
            <span end="50661" id="16628246-19471" start="50656">probe</span>
        </annotation>
        <annotation annotator="Mike Bada, University of Colorado Anschutz Medical Campus" id="CHEBI_2015_08_26_Instance_321587" type="identity">
            <class id="CHEBI_SO_EXT:nucleotide" label="nucleotide"/>
            <span end="50691" id="16628246-19473" start="50680">nucleotides</span>
        </annotation>
        <annotation annotator="Mike Bada, University of Colorado Anschutz Medical Campus" id="CHEBI_2015_08_26_Instance_321589" type="identity">
            <class id="CHEBI_SO_EXT:molecular_probe" label="molecular probe"/>
            <span end="50730" id="16628246-19475" start="50725">probe</span>
        </annotation>
        <annotation annotator="Mike Bada, University of Colorado Anschutz Medical Campus" id="CHEBI_2015_08_26_Instance_321591" type="identity">
            <class id="CHEBI_SO_EXT:nucleotide" label="nucleotide"/>
            <span end="50758" id="16628246-19477" start="50747">nucleotides</span>
        </annotation>
        <annotation annotator="Mike Bada, University of Colorado Anschutz Medical Campus" id="CHEBI_2015_08_26_Instance_321593" type="identity">
            <class id="CHEBI_SO_EXT:molecular_probe" label="molecular probe"/>
            <span end="50790" id="16628246-19479" start="50785">probe</span>
        </annotation>
        <annotation annotator="Mike Bada, University of Colorado Anschutz Medical Campus" id="CHEBI_2015_08_26_Instance_321595" type="identity">
            <class id="CHEBI_SO_EXT:molecular_probe" label="molecular probe"/>
            <span end="50988" id="16628246-19481" start="50983">probe</span>
        </annotation>
        <annotation annotator="Mike Bada, University of Colorado Anschutz Medical Campus" id="CHEBI_2015_08_26_Instance_321597" type="identity">
            <class id="CHEBI:472552" label="5-bromo-2'-deoxyuridine"/>
            <span end="51261" id="16628246-19483" start="51257">BrdU</span>
        </annotation>
        <annotation annotator="Mike Bada, University of Colorado Anschutz Medical Campus" id="CHEBI_2015_08_26_Instance_321599" type="identity">
            <class id="CHEBI:472552" label="5-bromo-2'-deoxyuridine"/>
            <span end="51281" id="16628246-19485" start="51264">bromodeoxyuridine</span>
        </annotation>
        <annotation annotator="Mike Bada, University of Colorado Anschutz Medical Campus" id="CHEBI_2015_08_26_Instance_321601" type="identity">
            <class id="CHEBI_SO_EXT:DNA" label="DNA"/>
            <span end="51392" id="16628246-19487" start="51389">DNA</span>
        </annotation>
        <annotation annotator="Mike Bada, University of Colorado Anschutz Medical Campus" id="CHEBI_2015_08_26_Instance_321605" type="identity">
            <class id="CHEBI_EXT:dUTP" label="dUTP"/>
            <span end="51449" id="16628246-19489" start="51445">dUTP</span>
        </annotation>
        <annotation annotator="Mike Bada, University of Colorado Anschutz Medical Campus" id="CHEBI_2015_08_26_Instance_380728" type="identity">
            <class id="CHEBI_SO_EXT:molecular_label_or_mark_or_tag_process" label="molecular label/mark/tag process"/>
            <span end="51467" id="16628246-19607" start="51459">labeling</span>
        </annotation>
        <annotation annotator="Mike Bada, University of Colorado Anschutz Medical Campus" id="CHEBI_2015_08_26_Instance_310108" type="identity">
            <class id="CHEBI_PR_EXT:protein" label="protein"/>
            <span end="51791" id="16628246-19303" start="51784">protein</span>
        </annotation>
        <annotation annotator="Mike Bada, University of Colorado Anschutz Medical Campus" id="CHEBI_2015_08_26_Instance_330296" type="identity">
            <class id="CHEBI_EXT:polyatomic_entity_or_group" label="polyatomic entity or group"/>
            <span end="52066" id="16628246-19579" start="52057">molecular</span>
        </annotation>
        <annotation annotator="Mike Bada, University of Colorado Anschutz Medical Campus" id="CHEBI_2015_08_26_Instance_321609" type="identity">
            <class id="CHEBI_EXT:adenine_nucleobase_or_nucleoside_or_nucleotide_molecular_entity_or_group" label="adenine nucleobase/nucleoside/nucleotide molecular entity or group"/>
            <span end="52172" id="16628246-19491" start="52171">A</span>
        </annotation>
        <annotation annotator="Mike Bada, University of Colorado Anschutz Medical Campus" id="CHEBI_2015_08_26_Instance_310110" type="identity">
            <class id="CHEBI_PR_EXT:protein" label="protein"/>
            <span end="52285" id="16628246-19305" start="52277">proteins</span>
        </annotation>
        <annotation annotator="Mike Bada, University of Colorado Anschutz Medical Campus" id="CHEBI_2015_08_26_Instance_321611" type="identity">
            <class id="CHEBI_SO_EXT:amino_acid" label="amino acid"/>
            <span end="52388" id="16628246-19493" start="52377">amino acids</span>
        </annotation>
        <annotation annotator="Mike Bada, University of Colorado Anschutz Medical Campus" id="CHEBI_2015_08_26_Instance_310112" type="identity">
            <class id="CHEBI_PR_EXT:protein" label="protein"/>
            <span end="52450" id="16628246-19307" start="52443">Protein</span>
        </annotation>
        <annotation annotator="Mike Bada, University of Colorado Anschutz Medical Campus" id="CHEBI_2015_08_26_Instance_321613" type="identity">
            <class id="CHEBI_SO_EXT:molecular_probe" label="molecular probe"/>
            <span end="53280" id="16628246-19495" start="53274">probes</span>
        </annotation>
        <annotation annotator="Mike Bada, University of Colorado Anschutz Medical Campus" id="CHEBI_2015_08_26_Instance_321615" type="identity">
            <class id="CHEBI_SO_EXT:DNA" label="DNA"/>
            <span end="53354" id="16628246-19497" start="53351">DNA</span>
        </annotation>
        <annotation annotator="Mike Bada, University of Colorado Anschutz Medical Campus" id="CHEBI_2015_08_26_Instance_321623" type="identity">
            <class id="CHEBI_SO_EXT:molecular_probe" label="molecular probe"/>
            <span end="53539" id="16628246-19505" start="53533">probes</span>
        </annotation>
        <annotation annotator="Mike Bada, University of Colorado Anschutz Medical Campus" id="CHEBI_2015_08_26_Instance_321617" type="identity">
            <class id="CHEBI_SO_EXT:base" label="base"/>
            <span end="53589" id="16628246-19499" start="53588">b</span>
        </annotation>
        <annotation annotator="Mike Bada, University of Colorado Anschutz Medical Campus" id="CHEBI_2015_08_26_Instance_321619" type="identity">
            <class id="CHEBI_SO_EXT:base" label="base"/>
            <span end="53647" id="16628246-19501" start="53646">b</span>
        </annotation>
        <annotation annotator="Mike Bada, University of Colorado Anschutz Medical Campus" id="CHEBI_2015_08_26_Instance_321625" type="identity">
            <class id="CHEBI_SO_EXT:molecular_probe" label="molecular probe"/>
            <span end="53660" id="16628246-19507" start="53655">probe</span>
        </annotation>
        <annotation annotator="Mike Bada, University of Colorado Anschutz Medical Campus" id="CHEBI_2015_08_26_Instance_321621" type="identity">
            <class id="CHEBI_SO_EXT:base" label="base"/>
            <span end="53671" id="16628246-19503" start="53670">b</span>
        </annotation>
        <annotation annotator="Mike Bada, University of Colorado Anschutz Medical Campus" id="CHEBI_2015_08_26_Instance_321627" type="identity">
            <class id="CHEBI_SO_EXT:molecular_probe" label="molecular probe"/>
            <span end="53685" id="16628246-19509" start="53680">probe</span>
        </annotation>
        <annotation annotator="Mike Bada, University of Colorado Anschutz Medical Campus" id="CHEBI_2015_08_26_Instance_321629" type="identity">
            <class id="CHEBI_SO_EXT:DNA" label="DNA"/>
            <span end="53735" id="16628246-19511" start="53732">DNA</span>
        </annotation>
        <annotation annotator="Mike Bada, University of Colorado Anschutz Medical Campus" id="CHEBI_2015_08_26_Instance_321631" type="identity">
            <class id="CHEBI_SO_EXT:molecular_probe" label="molecular probe"/>
            <span end="53969" id="16628246-19513" start="53964">probe</span>
        </annotation>
        <annotation annotator="Mike Bada, University of Colorado Anschutz Medical Campus" id="CHEBI_2015_08_26_Instance_321633" type="identity">
            <class id="CHEBI_SO_EXT:base" label="base"/>
            <span end="54064" id="16628246-19515" start="54063">b</span>
        </annotation>
        <annotation annotator="Mike Bada, University of Colorado Anschutz Medical Campus" id="CHEBI_2015_08_26_Instance_321635" type="identity">
            <class id="CHEBI_SO_EXT:RNA" label="RNA"/>
            <span end="54114" id="16628246-19517" start="54111">RNA</span>
        </annotation>
        <annotation annotator="Mike Bada, University of Colorado Anschutz Medical Campus" id="CHEBI_2015_08_26_Instance_321637" type="identity">
            <class id="CHEBI_SO_EXT:molecular_probe" label="molecular probe"/>
            <span end="54187" id="16628246-19519" start="54182">probe</span>
        </annotation>
        <annotation annotator="Mike Bada, University of Colorado Anschutz Medical Campus" id="CHEBI_2015_08_26_Instance_321639" type="identity">
            <class id="CHEBI_SO_EXT:molecular_probe" label="molecular probe"/>
            <span end="54269" id="16628246-19521" start="54264">probe</span>
        </annotation>
        <annotation annotator="Mike Bada, University of Colorado Anschutz Medical Campus" id="CHEBI_2015_08_26_Instance_321641" type="identity">
            <class id="CHEBI_SO_EXT:base" label="base"/>
            <span end="54360" id="16628246-19523" start="54359">b</span>
        </annotation>
        <annotation annotator="Mike Bada, University of Colorado Anschutz Medical Campus" id="CHEBI_2015_08_26_Instance_321643" type="identity">
            <class id="CHEBI_SO_EXT:base" label="base"/>
            <span end="54401" id="16628246-19525" start="54400">b</span>
        </annotation>
        <annotation annotator="Mike Bada, University of Colorado Anschutz Medical Campus" id="CHEBI_2015_08_26_Instance_321645" type="identity">
            <class id="CHEBI_SO_EXT:peptide_or_peptide_region" label="peptide or peptide region"/>
            <span end="54564" id="16628246-19527" start="54557">peptide</span>
        </annotation>
        <annotation annotator="Mike Bada, University of Colorado Anschutz Medical Campus" id="CHEBI_2015_08_26_Instance_310114" type="identity">
            <class id="CHEBI_PR_EXT:protein" label="protein"/>
            <span end="54593" id="16628246-19309" start="54586">protein</span>
        </annotation>
        <annotation annotator="Mike Bada, University of Colorado Anschutz Medical Campus" id="CHEBI_2015_08_26_Instance_321647" type="identity">
            <class id="CHEBI_SO_EXT:DNA" label="DNA"/>
            <span end="54917" id="16628246-19529" start="54914">DNA</span>
        </annotation>
        <annotation annotator="Mike Bada, University of Colorado Anschutz Medical Campus" id="CHEBI_2015_08_26_Instance_321649" type="identity">
            <class id="CHEBI_SO_EXT:DNA" label="DNA"/>
            <span end="55012" id="16628246-19531" start="55009">DNA</span>
        </annotation>
        <annotation annotator="Mike Bada, University of Colorado Anschutz Medical Campus" id="CHEBI_2015_08_26_Instance_321651" type="identity">
            <class id="CHEBI_SO_EXT:molecular_probe" label="molecular probe"/>
            <span end="55089" id="16628246-19533" start="55084">probe</span>
        </annotation>
        <annotation annotator="Mike Bada, University of Colorado Anschutz Medical Campus" id="CHEBI_2015_08_26_Instance_321653" type="identity">
            <class id="CHEBI_GO_SO_EXT:enzyme" label="enzyme"/>
            <span end="55333" id="16628246-19535" start="55326">enzymes</span>
        </annotation>
        <annotation annotator="Mike Bada, University of Colorado Anschutz Medical Campus" id="CHEBI_2015_08_26_Instance_321657" type="identity">
            <class id="CHEBI_SO_EXT:molecular_probe" label="molecular probe"/>
            <span end="55389" id="16628246-19537" start="55383">probes</span>
        </annotation>
        <annotation annotator="Mike Bada, University of Colorado Anschutz Medical Campus" id="CHEBI_2015_08_26_Instance_321661" type="identity">
            <class id="CHEBI_GO_SO_EXT:enzyme" label="enzyme"/>
            <span end="55527" id="16628246-19539" start="55520">enzymes</span>
        </annotation>
        <annotation annotator="Mike Bada, University of Colorado Anschutz Medical Campus" id="CHEBI_2015_08_26_Instance_321665" type="identity">
            <class id="CHEBI_SO_EXT:DNA" label="DNA"/>
            <span end="55638" id="16628246-19541" start="55635">DNA</span>
        </annotation>
        <annotation annotator="Mike Bada, University of Colorado Anschutz Medical Campus" id="CHEBI_2015_08_26_Instance_321669" type="identity">
            <class id="CHEBI_GO_SO_EXT:enzyme" label="enzyme"/>
            <span end="55819" id="16628246-19543" start="55812">enzymes</span>
        </annotation>
        <annotation annotator="Mike Bada, University of Colorado Anschutz Medical Campus" id="CHEBI_2015_08_26_Instance_321673" type="identity">
            <class id="CHEBI_SO_EXT:molecular_probe" label="molecular probe"/>
            <span end="55876" id="16628246-19545" start="55870">probes</span>
        </annotation>
        <annotation annotator="Mike Bada, University of Colorado Anschutz Medical Campus" id="CHEBI_2015_08_26_Instance_321677" type="identity">
            <class id="CHEBI_GO_SO_EXT:enzyme" label="enzyme"/>
            <span end="55971" id="16628246-19547" start="55965">enzyme</span>
        </annotation>
        <annotation annotator="Mike Bada, University of Colorado Anschutz Medical Campus" id="CHEBI_2015_08_26_Instance_321681" type="identity">
            <class id="CHEBI_GO_SO_EXT:enzyme" label="enzyme"/>
            <span end="56129" id="16628246-19549" start="56123">enzyme</span>
        </annotation>
        <annotation annotator="Mike Bada, University of Colorado Anschutz Medical Campus" id="CHEBI_2015_08_26_Instance_321685" type="identity">
            <class id="CHEBI_GO_SO_EXT:enzyme" label="enzyme"/>
            <span end="56354" id="16628246-19551" start="56348">enzyme</span>
        </annotation>
        <annotation annotator="Mike Bada, University of Colorado Anschutz Medical Campus" id="CHEBI_2015_08_26_Instance_321689" type="identity">
            <class id="CHEBI:75055" label="5-bromo-4-chloro-3-indolyl beta-D-galactoside"/>
            <span end="56628" id="16628246-19553" start="56623">X-gal</span>
        </annotation>
        <annotation annotator="Mike Bada, University of Colorado Anschutz Medical Campus" id="CHEBI_2015_08_26_Instance_310116" type="identity">
            <class id="CHEBI_PR_EXT:protein" label="protein"/>
            <span end="57167" id="16628246-19311" start="57160">protein</span>
        </annotation>
        <annotation annotator="Mike Bada, University of Colorado Anschutz Medical Campus" id="CHEBI_2015_08_26_Instance_321691" type="identity">
            <class id="CHEBI:51686" label="haematoxylin"/>
            <span end="57560" id="16628246-19555" start="57548">haematoxylin</span>
        </annotation>
        <annotation annotator="Mike Bada, University of Colorado Anschutz Medical Campus" id="CHEBI_2015_08_26_Instance_321693" type="identity">
            <class id="CHEBI_SO_EXT:DNA" label="DNA"/>
            <span end="58179" id="16628246-19557" start="58176">DNA</span>
        </annotation>
        <annotation annotator="Mike Bada, University of Colorado Anschutz Medical Campus" id="CHEBI_2015_08_26_Instance_380730" type="identity">
            <class id="CHEBI_SO_EXT:molecular_label_or_mark_or_tag_process" label="molecular label/mark/tag process"/>
            <span end="58481" id="16628246-19609" start="58473">labelled</span>
        </annotation>
        <annotation annotator="Mike Bada, University of Colorado Anschutz Medical Campus" id="CHEBI_2015_08_26_Instance_30453" type="identity">
            <class id="CHEBI:31624" label="fluorescein"/>
            <span end="58498" id="16628246-19231" start="58487">fluorescein</span>
        </annotation>
        <annotation annotator="Mike Bada, University of Colorado Anschutz Medical Campus" id="CHEBI_2015_08_26_Instance_321697" type="identity">
            <class id="CHEBI_EXT:dUTP" label="dUTP"/>
            <span end="58503" id="16628246-19559" start="58499">dUTP</span>
        </annotation>
        <annotation annotator="Mike Bada, University of Colorado Anschutz Medical Campus" id="CHEBI_2015_08_26_Instance_321699" type="identity">
            <class id="CHEBI:51231" label="DAPI"/>
            <span end="58543" id="16628246-19561" start="58539">DAPI</span>
        </annotation>
        <annotation annotator="Mike Bada, University of Colorado Anschutz Medical Campus" id="CHEBI_2015_08_26_Instance_330876" type="identity">
            <class id="CHEBI_SO_EXT:molecular_indicator_or_label_or_marker_or_tag" label="molecular indicator/label/marker/tag"/>
            <span end="58665" id="16628246-19595" start="58659">marker</span>
        </annotation>
        <annotation annotator="Mike Bada, University of Colorado Anschutz Medical Campus" id="CHEBI_2015_08_26_Instance_30455" type="identity">
            <class id="CHEBI:15358" label="histone"/>
            <span end="58696" id="16628246-19233" start="58689">histone</span>
        </annotation>
        <annotation annotator="Mike Bada, University of Colorado Anschutz Medical Campus" id="CHEBI_2015_08_26_Instance_321703" type="identity">
            <class id="CHEBI:51686" label="haematoxylin"/>
            <span end="58747" id="16628246-19563" start="58735">haematoxylin</span>
        </annotation>
        <annotation annotator="Mike Bada, University of Colorado Anschutz Medical Campus" id="CHEBI_2015_08_26_Instance_321705" type="identity">
            <class id="CHEBI_SO_EXT:DNA" label="DNA"/>
            <span end="59154" id="16628246-19565" start="59151">DNA</span>
        </annotation>
        <annotation annotator="Mike Bada, University of Colorado Anschutz Medical Campus" id="CHEBI_2015_08_26_Instance_321707" type="identity">
            <class id="CHEBI:81588" label="Placental lactogen"/>
            <span end="59704" id="16628246-19567" start="59702">Pl</span>
        </annotation>
        <annotation annotator="Mike Bada, University of Colorado Anschutz Medical Campus" id="CHEBI_2015_08_26_Instance_330878" type="identity">
            <class id="CHEBI_SO_EXT:molecular_indicator_or_label_or_marker_or_tag" label="molecular indicator/label/marker/tag"/>
            <span end="59716" id="16628246-19597" start="59710">marker</span>
        </annotation>
        <annotation annotator="Mike Bada, University of Colorado Anschutz Medical Campus" id="CHEBI_2015_08_26_Instance_321711" type="identity">
            <class id="CHEBI_SO_EXT:DNA" label="DNA"/>
            <span end="59902" id="16628246-19569" start="59899">DNA</span>
        </annotation>
        <annotation annotator="Mike Bada, University of Colorado Anschutz Medical Campus" id="CHEBI_2015_08_26_Instance_321713" type="identity">
            <class id="CHEBI:81588" label="Placental lactogen"/>
            <span end="59957" id="16628246-19571" start="59955">Pl</span>
        </annotation>
        <annotation annotator="Mike Bada, University of Colorado Anschutz Medical Campus" id="CHEBI_2015_08_26_Instance_321715" type="identity">
            <class id="CHEBI:81588" label="Placental lactogen"/>
            <span end="60083" id="16628246-19573" start="60081">Pl</span>
        </annotation>
        <annotation annotator="Mike Bada, University of Colorado Anschutz Medical Campus" id="CHEBI_2015_08_26_Instance_30457" type="identity">
            <class id="CHEBI_EXT:33893" label="reagent"/>
            <span end="61524" id="16628246-19235" start="61516">reagents</span>
        </annotation>
        <graph-space id="Old Knowtator Relations"/>
    </document>
</knowtator-project>
