<?xml version="1.0" encoding="UTF-8" standalone="no"?>
<knowtator-project>
  <document id="16700629" text-file="16700629.txt">
    <annotation annotator="Mike Bada, University of Colorado Anschutz Medical Campus" id="CHEBI_2015_08_26_Instance_310154" type="identity">
      <class id="CHEBI_PR_EXT:protein" label="protein"/>
      <span end="2416" id="16700629-20049" start="2409">protein</span>
    </annotation>
    <annotation annotator="Mike Bada, University of Colorado Anschutz Medical Campus" id="CHEBI_2015_08_26_Instance_321925" type="identity">
      <class id="CHEBI_PR_EXT:insulin_like_growth_factor_1" label="insulin-like growth factor 1"/>
      <span end="5261" id="16700629-20071" start="5233">insulin-like growth factor 1</span>
    </annotation>
    <annotation annotator="Mike Bada, University of Colorado Anschutz Medical Campus" id="CHEBI_2015_08_26_Instance_330944" type="identity">
      <class id="CHEBI_SO_EXT:molecular_indicator_or_label_or_marker_or_tag" label="molecular indicator/label/marker/tag"/>
      <span end="6392" id="16700629-20111" start="6385">markers</span>
    </annotation>
    <annotation annotator="Mike Bada, University of Colorado Anschutz Medical Campus" id="CHEBI_2015_08_26_Instance_310156" type="identity">
      <class id="CHEBI_PR_EXT:protein" label="protein"/>
      <span end="8012" id="16700629-20051" start="8005">protein</span>
    </annotation>
    <annotation annotator="Mike Bada, University of Colorado Anschutz Medical Campus" id="CHEBI_2015_08_26_Instance_330946" type="identity">
      <class id="CHEBI_SO_EXT:molecular_indicator_or_label_or_marker_or_tag" label="molecular indicator/label/marker/tag"/>
      <span end="8469" id="16700629-20113" start="8463">marker</span>
    </annotation>
    <annotation annotator="Mike Bada, University of Colorado Anschutz Medical Campus" id="CHEBI_2015_08_26_Instance_30625" type="identity">
      <class id="CHEBI:23367" label="molecular entity"/>
      <span end="8513" id="16700629-20027" start="8505">molecule</span>
    </annotation>
    <annotation annotator="Mike Bada, University of Colorado Anschutz Medical Campus" id="CHEBI_2015_08_26_Instance_310158" type="identity">
      <class id="CHEBI_PR_EXT:protein" label="protein"/>
      <span end="9460" id="16700629-20053" start="9453">protein</span>
    </annotation>
    <annotation annotator="Mike Bada, University of Colorado Anschutz Medical Campus" id="CHEBI_2015_08_26_Instance_310160" type="identity">
      <class id="CHEBI_PR_EXT:protein" label="protein"/>
      <span end="10056" id="16700629-20055" start="10049">protein</span>
    </annotation>
    <annotation annotator="Mike Bada, University of Colorado Anschutz Medical Campus" id="CHEBI_2015_08_26_Instance_381181" type="identity">
      <class id="CHEBI_SO_EXT:molecular_label_or_mark_or_tag_process" label="molecular label/mark/tag process"/>
      <span end="10183" id="16700629-20143" start="10177">tagged</span>
    </annotation>
    <annotation annotator="Mike Bada, University of Colorado Anschutz Medical Campus" id="CHEBI_2015_08_26_Instance_330948" type="identity">
      <class id="CHEBI_SO_EXT:molecular_indicator_or_label_or_marker_or_tag" label="molecular indicator/label/marker/tag"/>
      <span end="15078" id="16700629-20115" start="15071">markers</span>
    </annotation>
    <annotation annotator="Mike Bada, University of Colorado Anschutz Medical Campus" id="CHEBI_2015_08_26_Instance_321933" type="identity">
      <class id="CHEBI_SO_EXT:mRNA" label="mRNA"/>
      <span end="15251" id="16700629-20073" start="15247">mRNA</span>
    </annotation>
    <annotation annotator="Mike Bada, University of Colorado Anschutz Medical Campus" id="CHEBI_2015_08_26_Instance_330950" type="identity">
      <class id="CHEBI_SO_EXT:molecular_indicator_or_label_or_marker_or_tag" label="molecular indicator/label/marker/tag"/>
      <span end="16310" id="16700629-20117" start="16304">marker</span>
    </annotation>
    <annotation annotator="Mike Bada, University of Colorado Anschutz Medical Campus" id="CHEBI_2015_08_26_Instance_30641" type="identity">
      <class id="CHEBI:15358" label="histone"/>
      <span end="16334" id="16700629-20029" start="16327">histone</span>
    </annotation>
    <annotation annotator="Mike Bada, University of Colorado Anschutz Medical Campus" id="CHEBI_2015_08_26_Instance_330952" type="identity">
      <class id="CHEBI_SO_EXT:molecular_indicator_or_label_or_marker_or_tag" label="molecular indicator/label/marker/tag"/>
      <span end="17121" id="16700629-20119" start="17114">markers</span>
    </annotation>
    <annotation annotator="Mike Bada, University of Colorado Anschutz Medical Campus" id="CHEBI_2015_08_26_Instance_321937" type="identity">
      <class id="CHEBI_GO_EXT:hormone" label="hormone"/>
      <span end="17178" id="16700629-20075" start="17171">hormone</span>
    </annotation>
    <annotation annotator="Mike Bada, University of Colorado Anschutz Medical Campus" id="CHEBI_2015_08_26_Instance_330954" type="identity">
      <class id="CHEBI_SO_EXT:molecular_indicator_or_label_or_marker_or_tag" label="molecular indicator/label/marker/tag"/>
      <span end="18191" id="16700629-20121" start="18184">markers</span>
    </annotation>
    <annotation annotator="Mike Bada, University of Colorado Anschutz Medical Campus" id="CHEBI_2015_08_26_Instance_330956" type="identity">
      <class id="CHEBI_SO_EXT:molecular_indicator_or_label_or_marker_or_tag" label="molecular indicator/label/marker/tag"/>
      <span end="18484" id="16700629-20123" start="18478">marker</span>
    </annotation>
    <annotation annotator="Mike Bada, University of Colorado Anschutz Medical Campus" id="CHEBI_2015_08_26_Instance_310162" type="identity">
      <class id="CHEBI_PR_EXT:protein" label="protein"/>
      <span end="19803" id="16700629-20057" start="19796">protein</span>
    </annotation>
    <annotation annotator="Mike Bada, University of Colorado Anschutz Medical Campus" id="CHEBI_2015_08_26_Instance_321943" type="identity">
      <class id="CHEBI_SO_EXT:mRNA" label="mRNA"/>
      <span end="21486" id="16700629-20077" start="21482">mRNA</span>
    </annotation>
    <annotation annotator="Mike Bada, University of Colorado Anschutz Medical Campus" id="CHEBI_2015_08_26_Instance_330958" type="identity">
      <class id="CHEBI_SO_EXT:molecular_indicator_or_label_or_marker_or_tag" label="molecular indicator/label/marker/tag"/>
      <span end="25598" id="16700629-20125" start="25592">marker</span>
    </annotation>
    <annotation annotator="Mike Bada, University of Colorado Anschutz Medical Campus" id="CHEBI_2015_08_26_Instance_310164" type="identity">
      <class id="CHEBI_PR_EXT:protein" label="protein"/>
      <span end="25810" id="16700629-20059" start="25803">protein</span>
    </annotation>
    <annotation annotator="Mike Bada, University of Colorado Anschutz Medical Campus" id="CHEBI_2015_08_26_backup_Instance_20085" type="identity">
      <class id="CHEBI_GO_EXT:antagonist" label="antagonist"/>
      <span end="26197" id="16700629-20025" start="26187">antagonist</span>
    </annotation>
    <annotation annotator="Mike Bada, University of Colorado Anschutz Medical Campus" id="CHEBI_2015_08_26_Instance_310166" type="identity">
      <class id="CHEBI_PR_EXT:protein" label="protein"/>
      <span end="27839" id="16700629-20061" start="27831">proteins</span>
    </annotation>
    <annotation annotator="Mike Bada, University of Colorado Anschutz Medical Campus" id="CHEBI_2015_08_26_Instance_310168" type="identity">
      <class id="CHEBI_PR_EXT:protein" label="protein"/>
      <span end="28709" id="16700629-20063" start="28702">protein</span>
    </annotation>
    <annotation annotator="Mike Bada, University of Colorado Anschutz Medical Campus" id="CHEBI_2015_08_26_Instance_370132" type="identity">
      <class id="CHEBI_GO_EXT:biological_process_or_quality_or_role" label="biological process, quality or role"/>
      <span end="29076" id="16700629-20133" start="29064">biologically</span>
    </annotation>
    <annotation annotator="Mike Bada, University of Colorado Anschutz Medical Campus" id="CHEBI_2015_08_26_Instance_330304" type="identity">
      <class id="CHEBI_EXT:polyatomic_entity_or_group" label="polyatomic entity or group"/>
      <span end="30193" id="16700629-20103" start="30184">molecular</span>
    </annotation>
    <annotation annotator="Mike Bada, University of Colorado Anschutz Medical Campus" id="CHEBI_2015_08_26_Instance_321949" type="identity">
      <class id="CHEBI_EXT:paraformaldehye" label="paraformaldehyde"/>
      <span end="31311" id="16700629-20079" start="31295">paraformaldehyde</span>
    </annotation>
    <annotation annotator="Mike Bada, University of Colorado Anschutz Medical Campus" id="CHEBI_2015_08_26_Instance_321951" type="identity">
      <class id="CHEBI_SO_EXT:molecular_probe" label="molecular probe"/>
      <span end="31448" id="16700629-20081" start="31442">Probes</span>
    </annotation>
    <annotation annotator="Mike Bada, University of Colorado Anschutz Medical Campus" id="CHEBI_2015_08_26_Instance_30647" type="identity">
      <class id="CHEBI:42098" label="digoxigenin"/>
      <span end="31542" id="16700629-20031" start="31531">Digoxigenin</span>
    </annotation>
    <annotation annotator="Mike Bada, University of Colorado Anschutz Medical Campus" id="CHEBI_2015_08_26_Instance_380732" type="identity">
      <class id="CHEBI_SO_EXT:molecular_label_or_mark_or_tag_process" label="molecular label/mark/tag process"/>
      <span end="31550" id="16700629-20135" start="31543">labeled</span>
    </annotation>
    <annotation annotator="Mike Bada, University of Colorado Anschutz Medical Campus" id="CHEBI_2015_08_26_Instance_321953" type="identity">
      <class id="CHEBI_SO_EXT:molecular_probe" label="molecular probe"/>
      <span end="31557" id="16700629-20083" start="31551">probes</span>
    </annotation>
    <annotation annotator="Mike Bada, University of Colorado Anschutz Medical Campus" id="CHEBI_2015_08_26_Instance_30649" type="identity">
      <class id="CHEBI:15358" label="histone"/>
      <span end="32038" id="16700629-20033" start="32031">histone</span>
    </annotation>
    <annotation annotator="Mike Bada, University of Colorado Anschutz Medical Campus" id="CHEBI_2015_08_26_Instance_321955" type="identity">
      <class id="CHEBI_EXT:51217" label="fluorochrome"/>
      <span end="32114" id="16700629-20085" start="32103">fluorophore</span>
    </annotation>
    <annotation annotator="Mike Bada, University of Colorado Anschutz Medical Campus" id="CHEBI_2015_08_26_Instance_321957" type="identity">
      <class id="CHEBI:37987" label="Cy3 dye"/>
      <span end="32463" id="16700629-20087" start="32460">Cy3</span>
    </annotation>
    <annotation annotator="Mike Bada, University of Colorado Anschutz Medical Campus" id="CHEBI_2015_08_26_Instance_321959" type="identity">
      <class id="CHEBI_EXT:51217" label="fluorochrome"/>
      <span end="32475" id="16700629-20089" start="32464">fluorophore</span>
    </annotation>
    <annotation annotator="Mike Bada, University of Colorado Anschutz Medical Campus" id="CHEBI_2015_08_26_Instance_330306" type="identity">
      <class id="CHEBI_EXT:polyatomic_entity_or_group" label="polyatomic entity or group"/>
      <span end="32486" id="16700629-20105" start="32477">Molecular</span>
    </annotation>
    <annotation annotator="Mike Bada, University of Colorado Anschutz Medical Campus" id="CHEBI_2015_08_26_Instance_321963" type="identity">
      <class id="CHEBI_SO_EXT:molecular_probe" label="molecular probe"/>
      <span end="32493" id="16700629-20091" start="32487">Probes</span>
    </annotation>
    <annotation annotator="Mike Bada, University of Colorado Anschutz Medical Campus" id="CHEBI_2015_08_26_Instance_330448" type="identity">
      <class id="CHEBI_CHMO_EXT:buffer_solution" label="buffer solution"/>
      <span end="33009" id="16700629-20109" start="33003">buffer</span>
    </annotation>
    <annotation annotator="Mike Bada, University of Colorado Anschutz Medical Campus" id="CHEBI_2015_08_26_Instance_321965" type="identity">
      <class id="CHEBI_EXT:33282" label="antibacterial agent"/>
      <span end="33273" id="16700629-20093" start="33262">antibiotics</span>
    </annotation>
    <annotation annotator="Mike Bada, University of Colorado Anschutz Medical Campus" id="CHEBI_2015_08_26_Instance_30653" type="identity">
      <class id="CHEBI_EXT:35718" label="antifungal agent"/>
      <span end="33286" id="16700629-20037" start="33274">antimycotics</span>
    </annotation>
    <annotation annotator="Mike Bada, University of Colorado Anschutz Medical Campus" id="CHEBI_2015_08_26_Instance_30651" type="identity">
      <class id="CHEBI:16526" label="carbon dioxide"/>
      <span end="33303" id="16700629-20035" start="33300">CO2</span>
    </annotation>
    <annotation annotator="Mike Bada, University of Colorado Anschutz Medical Campus" id="CHEBI_2015_08_26_Instance_330308" type="identity">
      <class id="CHEBI_EXT:polyatomic_entity_or_group" label="polyatomic entity or group"/>
      <span end="33550" id="16700629-20107" start="33541">Molecular</span>
    </annotation>
    <annotation annotator="Mike Bada, University of Colorado Anschutz Medical Campus" id="CHEBI_2015_08_26_Instance_321969" type="identity">
      <class id="CHEBI_SO_EXT:molecular_probe" label="molecular probe"/>
      <span end="33557" id="16700629-20095" start="33551">Probes</span>
    </annotation>
    <annotation annotator="Mike Bada, University of Colorado Anschutz Medical Campus" id="CHEBI_2015_08_26_Instance_30655" type="identity">
      <class id="CHEBI:16526" label="carbon dioxide"/>
      <span end="33775" id="16700629-20039" start="33772">CO2</span>
    </annotation>
    <annotation annotator="Mike Bada, University of Colorado Anschutz Medical Campus" id="CHEBI_2015_08_26_Instance_30657" type="identity">
      <class id="CHEBI:28304" label="heparin"/>
      <span end="33966" id="16700629-20041" start="33959">heparin</span>
    </annotation>
    <annotation annotator="Mike Bada, University of Colorado Anschutz Medical Campus" id="CHEBI_2015_08_26_Instance_30659" type="identity">
      <class id="CHEBI:2511" label="agarose"/>
      <span end="33974" id="16700629-20043" start="33967">agarose</span>
    </annotation>
    <annotation annotator="Mike Bada, University of Colorado Anschutz Medical Campus" id="CHEBI_2015_08_26_Instance_310170" type="identity">
      <class id="CHEBI_PR_EXT:protein" label="protein"/>
      <span end="34886" id="16700629-20065" start="34879">protein</span>
    </annotation>
    <annotation annotator="Mike Bada, University of Colorado Anschutz Medical Campus" id="CHEBI_2015_08_26_Instance_321971" type="identity">
      <class id="CHEBI:36357" label="polyatomic entity"/>
      <span end="34971" id="16700629-20097" start="34963">molecule</span>
    </annotation>
    <annotation annotator="Mike Bada, University of Colorado Anschutz Medical Campus" id="CHEBI_2015_08_26_Instance_310172" type="identity">
      <class id="CHEBI_PR_EXT:protein" label="protein"/>
      <span end="35208" id="16700629-20067" start="35201">protein</span>
    </annotation>
    <annotation annotator="Mike Bada, University of Colorado Anschutz Medical Campus" id="CHEBI_2015_08_26_Instance_380951" type="identity">
      <class id="CHEBI_SO_EXT:molecular_label_or_mark_or_tag_process" label="molecular label/mark/tag process"/>
      <span end="35951" id="16700629-20137" start="35946">marks</span>
    </annotation>
    <annotation annotator="Mike Bada, University of Colorado Anschutz Medical Campus" id="CHEBI_2015_08_26_Instance_310174" type="identity">
      <class id="CHEBI_PR_EXT:protein" label="protein"/>
      <span end="36438" id="16700629-20069" start="36431">protein</span>
    </annotation>
    <annotation annotator="Mike Bada, University of Colorado Anschutz Medical Campus" id="CHEBI_2015_08_26_Instance_380953" type="identity">
      <class id="CHEBI_SO_EXT:molecular_label_or_mark_or_tag_process" label="molecular label/mark/tag process"/>
      <span end="36551" id="16700629-20139" start="36546">marks</span>
    </annotation>
    <annotation annotator="Mike Bada, University of Colorado Anschutz Medical Campus" id="CHEBI_2015_08_26_Instance_330960" type="identity">
      <class id="CHEBI_SO_EXT:molecular_indicator_or_label_or_marker_or_tag" label="molecular indicator/label/marker/tag"/>
      <span end="36913" id="16700629-20127" start="36907">marker</span>
    </annotation>
    <annotation annotator="Mike Bada, University of Colorado Anschutz Medical Campus" id="CHEBI_2015_08_26_Instance_380955" type="identity">
      <class id="CHEBI_SO_EXT:molecular_label_or_mark_or_tag_process" label="molecular label/mark/tag process"/>
      <span end="37223" id="16700629-20141" start="37218">marks</span>
    </annotation>
    <annotation annotator="Mike Bada, University of Colorado Anschutz Medical Campus" id="CHEBI_2015_08_26_Instance_321975" type="identity">
      <class id="CHEBI_SO_EXT:mRNA" label="mRNA"/>
      <span end="37750" id="16700629-20099" start="37746">mRNA</span>
    </annotation>
    <annotation annotator="Mike Bada, University of Colorado Anschutz Medical Campus" id="CHEBI_2015_08_26_Instance_30667" type="identity">
      <class id="CHEBI:15358" label="histone"/>
      <span end="38207" id="16700629-20045" start="38200">histone</span>
    </annotation>
    <annotation annotator="Mike Bada, University of Colorado Anschutz Medical Campus" id="CHEBI_2015_08_26_Instance_330962" type="identity">
      <class id="CHEBI_SO_EXT:molecular_indicator_or_label_or_marker_or_tag" label="molecular indicator/label/marker/tag"/>
      <span end="39081" id="16700629-20129" start="39075">marker</span>
    </annotation>
    <annotation annotator="Mike Bada, University of Colorado Anschutz Medical Campus" id="CHEBI_2015_08_26_Instance_330964" type="identity">
      <class id="CHEBI_SO_EXT:molecular_indicator_or_label_or_marker_or_tag" label="molecular indicator/label/marker/tag"/>
      <span end="39465" id="16700629-20131" start="39459">marker</span>
    </annotation>
    <annotation annotator="Mike Bada, University of Colorado Anschutz Medical Campus" id="CHEBI_2015_08_26_Instance_321981" type="identity">
      <class id="CHEBI_SO_EXT:peptide_or_peptide_region" label="peptide or peptide region"/>
      <span end="39943" id="16700629-20101" start="39936">peptide</span>
    </annotation>
    <annotation annotator="Mike Bada, University of Colorado Anschutz Medical Campus" id="CHEBI_2015_08_26_Instance_30669" type="identity">
      <class id="CHEBI_EXT:33893" label="reagent"/>
      <span end="42094" id="16700629-20047" start="42086">reagents</span>
    </annotation>
    <graph-space id="Old Knowtator Relations"/>
  </document>
</knowtator-project>
