<?xml version="1.0" encoding="UTF-8" standalone="no"?>
<knowtator-project>
  <document id="17002498" text-file="17002498.txt">
    <annotation annotator="Mike Bada, University of Colorado Anschutz Medical Campus" id="CHEBI_2015_08_26_Instance_330366" type="identity">
      <class id="CHEBI_EXT:26130" label="biological pigment"/>
      <span end="1782" id="17002498-20562" start="1775">pigment</span>
    </annotation>
    <annotation annotator="Mike Bada, University of Colorado Anschutz Medical Campus" id="CHEBI_2015_08_26_Instance_310262" type="identity">
      <class id="CHEBI_PR_EXT:protein" label="protein"/>
      <span end="3204" id="17002498-20350" start="3196">proteins</span>
    </annotation>
    <annotation annotator="Mike Bada, University of Colorado Anschutz Medical Campus" id="CHEBI_2015_08_26_Instance_310264" type="identity">
      <class id="CHEBI_PR_EXT:protein" label="protein"/>
      <span end="3305" id="17002498-20352" start="3298">protein</span>
    </annotation>
    <annotation annotator="Mike Bada, University of Colorado Anschutz Medical Campus" id="CHEBI_2015_08_26_Instance_330368" type="identity">
      <class id="CHEBI_EXT:26130" label="biological pigment"/>
      <span end="4333" id="17002498-20564" start="4326">pigment</span>
    </annotation>
    <annotation annotator="Mike Bada, University of Colorado Anschutz Medical Campus" id="CHEBI_2015_08_26_Instance_322627" type="identity">
      <class id="CHEBI:7507" label="neomycin"/>
      <span end="6948" id="17002498-20420" start="6940">neomycin</span>
    </annotation>
    <annotation annotator="Mike Bada, University of Colorado Anschutz Medical Campus" id="CHEBI_2015_08_26_Instance_331498" type="identity">
      <class id="CHEBI_GO_EXT:neomycin_or_neomycin_phosphotransferase" label="neomycin or neomycin phosphotransferase"/>
      <span end="7023" id="17002498-20578" start="7022">N</span>
    </annotation>
    <annotation annotator="Mike Bada, University of Colorado Anschutz Medical Campus" id="CHEBI_2015_08_26_Instance_430092" type="identity">
      <class id="CHEBI:7507" label="neomycin"/>
      <span end="7036" id="17002498-20596" start="7028">neomycin</span>
    </annotation>
    <annotation annotator="Mike Bada, University of Colorado Anschutz Medical Campus" id="CHEBI_2015_08_26_Instance_430094" type="identity">
      <class id="CHEBI:7507" label="neomycin"/>
      <span end="7062" id="17002498-20598" start="7054">neomycin</span>
    </annotation>
    <annotation annotator="Mike Bada, University of Colorado Anschutz Medical Campus" id="CHEBI_2015_08_26_Instance_430096" type="identity">
      <class id="CHEBI:7507" label="neomycin"/>
      <span end="7573" id="17002498-20600" start="7565">neomycin</span>
    </annotation>
    <annotation annotator="Mike Bada, University of Colorado Anschutz Medical Campus" id="CHEBI_2015_08_26_Instance_322635" type="identity">
      <class id="CHEBI_SO_EXT:polypeptide" label="polypeptide"/>
      <span end="8077" id="17002498-20422" start="8066">polypeptide</span>
    </annotation>
    <annotation annotator="Mike Bada, University of Colorado Anschutz Medical Campus" id="CHEBI_2015_08_26_Instance_322637" type="identity">
      <class id="CHEBI_SO_EXT:amino_acid" label="amino acid"/>
      <span end="8092" id="17002498-20424" start="8090">aa</span>
    </annotation>
    <annotation annotator="Mike Bada, University of Colorado Anschutz Medical Campus" id="CHEBI_2015_08_26_Instance_322639" type="identity">
      <class id="CHEBI_SO_EXT:amino_acid" label="amino acid"/>
      <span end="8129" id="17002498-20426" start="8127">aa</span>
    </annotation>
    <annotation annotator="Mike Bada, University of Colorado Anschutz Medical Campus" id="CHEBI_2015_08_26_Instance_310266" type="identity">
      <class id="CHEBI_PR_EXT:protein" label="protein"/>
      <span end="8166" id="17002498-20354" start="8159">protein</span>
    </annotation>
    <annotation annotator="Mike Bada, University of Colorado Anschutz Medical Campus" id="CHEBI_2015_08_26_Instance_322641" type="identity">
      <class id="CHEBI_SO_EXT:DNA" label="DNA"/>
      <span end="8203" id="17002498-20428" start="8200">DNA</span>
    </annotation>
    <annotation annotator="Mike Bada, University of Colorado Anschutz Medical Campus" id="CHEBI_2015_08_26_Instance_31513" type="identity">
      <class id="CHEBI_EXT:37958" label="dye"/>
      <span end="12313" id="17002498-20360" start="12310">dye</span>
    </annotation>
    <annotation annotator="Mike Bada, University of Colorado Anschutz Medical Campus" id="CHEBI_2015_08_26_Instance_31515" type="identity">
      <class id="CHEBI_EXT:37958" label="dye"/>
      <span end="12501" id="17002498-20362" start="12498">dye</span>
    </annotation>
    <annotation annotator="Mike Bada, University of Colorado Anschutz Medical Campus" id="CHEBI_2015_08_26_Instance_360054" type="identity">
      <class id="CHEBI_EXT:26130" label="biological pigment"/>
      <span end="12885" id="17002498-20584" start="12876">pigmented</span>
    </annotation>
    <annotation annotator="Mike Bada, University of Colorado Anschutz Medical Campus" id="CHEBI_2015_08_26_Instance_31529" type="identity">
      <class id="CHEBI_EXT:33290" label="food"/>
      <span end="14173" id="17002498-20376" start="14169">food</span>
    </annotation>
    <annotation annotator="Mike Bada, University of Colorado Anschutz Medical Campus" id="CHEBI_2015_08_26_Instance_31523" type="identity">
      <class id="CHEBI_EXT:33290" label="food"/>
      <span end="14305" id="17002498-20370" start="14301">food</span>
    </annotation>
    <annotation annotator="Mike Bada, University of Colorado Anschutz Medical Campus" id="CHEBI_2015_08_26_Instance_31531" type="identity">
      <class id="CHEBI:16866" label="alizarin"/>
      <span end="15450" id="17002498-20378" start="15438">Alizarin red</span>
    </annotation>
    <annotation annotator="Mike Bada, University of Colorado Anschutz Medical Campus" id="CHEBI_2015_08_26_Instance_322643" type="identity">
      <class id="CHEBI_EXT:polyatomic_entity_or_group" label="polyatomic entity or group"/>
      <span end="15794" id="17002498-20430" start="15785">molecular</span>
    </annotation>
    <annotation annotator="Mike Bada, University of Colorado Anschutz Medical Campus" id="CHEBI_2015_08_26_Instance_322645" type="identity">
      <class id="CHEBI_SO_EXT:DNA" label="DNA"/>
      <span end="15916" id="17002498-20432" start="15913">DNA</span>
    </annotation>
    <annotation annotator="Mike Bada, University of Colorado Anschutz Medical Campus" id="CHEBI_2015_08_26_Instance_322647" type="identity">
      <class id="CHEBI_SO_EXT:DNA" label="DNA"/>
      <span end="16082" id="17002498-20434" start="16079">DNA</span>
    </annotation>
    <annotation annotator="Mike Bada, University of Colorado Anschutz Medical Campus" id="CHEBI_2015_08_26_Instance_322649" type="identity">
      <class id="CHEBI_SO_EXT:DNA" label="DNA"/>
      <span end="16336" id="17002498-20436" start="16333">DNA</span>
    </annotation>
    <annotation annotator="Mike Bada, University of Colorado Anschutz Medical Campus" id="CHEBI_2015_08_26_Instance_322651" type="identity">
      <class id="CHEBI_SO_EXT:RNA" label="RNA"/>
      <span end="16797" id="17002498-20438" start="16794">RNA</span>
    </annotation>
    <annotation annotator="Mike Bada, University of Colorado Anschutz Medical Campus" id="CHEBI_2015_08_26_Instance_322653" type="identity">
      <class id="CHEBI_SO_EXT:RNA" label="RNA"/>
      <span end="17246" id="17002498-20440" start="17243">RNA</span>
    </annotation>
    <annotation annotator="Mike Bada, University of Colorado Anschutz Medical Campus" id="CHEBI_2015_08_26_Instance_331276" type="identity">
      <class id="CHEBI_EXT:biochemical" label="biochemical"/>
      <span end="17837" id="17002498-20576" start="17824">biochemically</span>
    </annotation>
    <annotation annotator="Mike Bada, University of Colorado Anschutz Medical Campus" id="CHEBI_2015_08_26_Instance_410464" type="identity">
      <class id="CHEBI_UBERON_EXT:triglyceride_or_adipose_tissue" label="fat (CHEBI/UBERON extension class)"/>
      <span end="18394" id="17002498-20592" start="18391">fat</span>
    </annotation>
    <annotation annotator="Mike Bada, University of Colorado Anschutz Medical Campus" id="CHEBI_2015_08_26_Instance_331006" type="identity">
      <class id="CHEBI_SO_EXT:molecular_indicator_or_label_or_marker_or_tag" label="molecular indicator/label/marker/tag"/>
      <span end="19737" id="17002498-20570" start="19730">markers</span>
    </annotation>
    <annotation annotator="Mike Bada, University of Colorado Anschutz Medical Campus" id="CHEBI_2015_08_26_Instance_331008" type="identity">
      <class id="CHEBI_SO_EXT:molecular_indicator_or_label_or_marker_or_tag" label="molecular indicator/label/marker/tag"/>
      <span end="20540" id="17002498-20572" start="20533">markers</span>
    </annotation>
    <annotation annotator="Mike Bada, University of Colorado Anschutz Medical Campus" id="CHEBI_2015_08_26_Instance_322659" type="identity">
      <class id="CHEBI:472552" label="5-bromo-2'-deoxyuridine"/>
      <span end="20756" id="17002498-20442" start="20752">BrdU</span>
    </annotation>
    <annotation annotator="Mike Bada, University of Colorado Anschutz Medical Campus" id="CHEBI_2015_08_26_Instance_370136" type="identity">
      <class id="CHEBI_GO_EXT:biological_process_or_quality_or_role" label="biological process, quality or role"/>
      <span end="24185" id="17002498-20586" start="24178">biology</span>
    </annotation>
    <annotation annotator="Mike Bada, University of Colorado Anschutz Medical Campus" id="CHEBI_2015_08_26_Instance_31525" type="identity">
      <class id="CHEBI_EXT:33290" label="food"/>
      <span end="24897" id="17002498-20372" start="24893">food</span>
    </annotation>
    <annotation annotator="Mike Bada, University of Colorado Anschutz Medical Campus" id="CHEBI_2015_08_26_Instance_322661" type="identity">
      <class id="CHEBI:51686" label="haematoxylin"/>
      <span end="26406" id="17002498-20444" start="26405">H</span>
    </annotation>
    <annotation annotator="Mike Bada, University of Colorado Anschutz Medical Campus" id="CHEBI_2015_08_26_Instance_322663" type="identity">
      <class id="CHEBI_EXT:eosin" label="eosin"/>
      <span end="26408" id="17002498-20446" start="26407">E</span>
    </annotation>
    <annotation annotator="Mike Bada, University of Colorado Anschutz Medical Campus" id="CHEBI_2015_08_26_Instance_322665" type="identity">
      <class id="CHEBI:472552" label="5-bromo-2'-deoxyuridine"/>
      <span end="26895" id="17002498-20448" start="26891">BrdU</span>
    </annotation>
    <annotation annotator="Mike Bada, University of Colorado Anschutz Medical Campus" id="CHEBI_2015_08_26_Instance_322667" type="identity">
      <class id="CHEBI:51686" label="haematoxylin"/>
      <span end="28578" id="17002498-20450" start="28577">H</span>
    </annotation>
    <annotation annotator="Mike Bada, University of Colorado Anschutz Medical Campus" id="CHEBI_2015_08_26_Instance_322669" type="identity">
      <class id="CHEBI_EXT:eosin" label="eosin"/>
      <span end="28580" id="17002498-20452" start="28579">E</span>
    </annotation>
    <annotation annotator="Mike Bada, University of Colorado Anschutz Medical Campus" id="CHEBI_2015_08_26_Instance_331010" type="identity">
      <class id="CHEBI_SO_EXT:molecular_indicator_or_label_or_marker_or_tag" label="molecular indicator/label/marker/tag"/>
      <span end="30311" id="17002498-20574" start="30304">markers</span>
    </annotation>
    <annotation annotator="Mike Bada, University of Colorado Anschutz Medical Campus" id="CHEBI_2015_08_26_Instance_322673" type="identity">
      <class id="CHEBI:472552" label="5-bromo-2'-deoxyuridine"/>
      <span end="30526" id="17002498-20454" start="30522">BrdU</span>
    </annotation>
    <annotation annotator="Mike Bada, University of Colorado Anschutz Medical Campus" id="CHEBI_2015_08_26_Instance_31541" type="identity">
      <class id="CHEBI_EXT:26130" label="biological pigment"/>
      <span end="32339" id="17002498-20380" start="32332">pigment</span>
    </annotation>
    <annotation annotator="Mike Bada, University of Colorado Anschutz Medical Campus" id="CHEBI_2015_08_26_Instance_322675" type="identity">
      <class id="CHEBI:36357" label="polyatomic entity"/>
      <span end="33671" id="17002498-20456" start="33662">molecules</span>
    </annotation>
    <annotation annotator="" id="CHEBI_2015_08_26_backup_Instance_510" type="identity">
      <class id="CHEBI_SO_EXT:N_terminus_or_N_terminal_region" label="N-terminus or N-terminal region"/>
      <span end="33948" id="17002498-20348" start="33938">N-terminal</span>
    </annotation>
    <annotation annotator="Mike Bada, University of Colorado Anschutz Medical Campus" id="CHEBI_2015_08_26_Instance_330554" type="identity">
      <class id="CHEBI_EXT:35222" label="inhibitor"/>
      <span end="34211" id="17002498-20568" start="34202">inhibitor</span>
    </annotation>
    <annotation annotator="Mike Bada, University of Colorado Anschutz Medical Campus" id="CHEBI_2015_08_26_Instance_31527" type="identity">
      <class id="CHEBI_EXT:33290" label="food"/>
      <span end="39591" id="17002498-20374" start="39587">food</span>
    </annotation>
    <annotation annotator="Mike Bada, University of Colorado Anschutz Medical Campus" id="CHEBI_2015_08_26_Instance_410466" type="identity">
      <class id="CHEBI_UBERON_EXT:triglyceride_or_adipose_tissue" label="fat (CHEBI/UBERON extension class)"/>
      <span end="39677" id="17002498-20594" start="39674">fat</span>
    </annotation>
    <annotation annotator="Mike Bada, University of Colorado Anschutz Medical Campus" id="CHEBI_2015_08_26_Instance_331506" type="identity">
      <class id="CHEBI_GO_EXT:neomycin_or_neomycin_phosphotransferase" label="neomycin or neomycin phosphotransferase"/>
      <span end="45831" id="17002498-20580" start="45828">neo</span>
    </annotation>
    <annotation annotator="Mike Bada, University of Colorado Anschutz Medical Campus" id="CHEBI_2015_08_26_Instance_322677" type="identity">
      <class id="CHEBI:42768" label="geneticin"/>
      <span end="46057" id="17002498-20458" start="46053">G418</span>
    </annotation>
    <annotation annotator="Mike Bada, University of Colorado Anschutz Medical Campus" id="CHEBI_2015_08_26_Instance_322679" type="identity">
      <class id="CHEBI_SO_EXT:DNA" label="DNA"/>
      <span end="46566" id="17002498-20460" start="46563">DNA</span>
    </annotation>
    <annotation annotator="Mike Bada, University of Colorado Anschutz Medical Campus" id="CHEBI_2015_08_26_Instance_331508" type="identity">
      <class id="CHEBI_GO_EXT:neomycin_or_neomycin_phosphotransferase" label="neomycin or neomycin phosphotransferase"/>
      <span end="46791" id="17002498-20582" start="46788">neo</span>
    </annotation>
    <annotation annotator="Mike Bada, University of Colorado Anschutz Medical Campus" id="CHEBI_2015_08_26_Instance_322681" type="identity">
      <class id="CHEBI_SO_EXT:DNA" label="DNA"/>
      <span end="47864" id="17002498-20462" start="47861">DNA</span>
    </annotation>
    <annotation annotator="Mike Bada, University of Colorado Anschutz Medical Campus" id="CHEBI_2015_08_26_Instance_31545" type="identity">
      <class id="CHEBI:9754" label="tris"/>
      <span end="48566" id="17002498-20382" start="48562">Tris</span>
    </annotation>
    <annotation annotator="Mike Bada, University of Colorado Anschutz Medical Campus" id="CHEBI_2015_08_26_Instance_31549" type="identity">
      <class id="CHEBI:17883" label="hydrogen chloride"/>
      <span end="48570" id="17002498-20384" start="48567">HCl</span>
    </annotation>
    <annotation annotator="Mike Bada, University of Colorado Anschutz Medical Campus" id="CHEBI_2015_08_26_Instance_31551" type="identity">
      <class id="CHEBI:32588" label="potassium chloride"/>
      <span end="48590" id="17002498-20386" start="48587">KCl</span>
    </annotation>
    <annotation annotator="Mike Bada, University of Colorado Anschutz Medical Campus" id="CHEBI_2015_08_26_Instance_31553" type="identity">
      <class id="CHEBI:6636" label="magnesium dichloride"/>
      <span end="48604" id="17002498-20388" start="48599">MgCl2</span>
    </annotation>
    <annotation annotator="Mike Bada, University of Colorado Anschutz Medical Campus" id="CHEBI_2015_08_26_Instance_322683" type="identity">
      <class id="CHEBI_EXT:dNTP" label="dNTP"/>
      <span end="48617" id="17002498-20464" start="48613">dNTP</span>
    </annotation>
    <annotation annotator="Mike Bada, University of Colorado Anschutz Medical Campus" id="CHEBI_2015_08_26_Instance_322685" type="identity">
      <class id="CHEBI_EXT:gold" label="gold"/>
      <span end="48668" id="17002498-20466" start="48664">Gold</span>
    </annotation>
    <annotation annotator="Mike Bada, University of Colorado Anschutz Medical Campus" id="CHEBI_2015_08_26_Instance_322687" type="identity">
      <class id="CHEBI_GO_SO_EXT:enzyme" label="enzyme"/>
      <span end="48804" id="17002498-20468" start="48798">enzyme</span>
    </annotation>
    <annotation annotator="Mike Bada, University of Colorado Anschutz Medical Campus" id="CHEBI_2015_08_26_Instance_322691" type="identity">
      <class id="CHEBI:75055" label="5-bromo-4-chloro-3-indolyl beta-D-galactoside"/>
      <span end="49054" id="17002498-20470" start="49049">X-gal</span>
    </annotation>
    <annotation annotator="Mike Bada, University of Colorado Anschutz Medical Campus" id="CHEBI_2015_08_26_Instance_322695" type="identity">
      <class id="CHEBI:60004" label="mixture"/>
      <span end="49067" id="17002498-20474" start="49064">mix</span>
    </annotation>
    <annotation annotator="Mike Bada, University of Colorado Anschutz Medical Campus" id="CHEBI_2015_08_26_Instance_31565" type="identity">
      <class id="CHEBI:37586" label="sodium phosphate"/>
      <span end="49091" id="17002498-20396" start="49086">NaPO4</span>
    </annotation>
    <annotation annotator="Mike Bada, University of Colorado Anschutz Medical Campus" id="CHEBI_2015_08_26_Instance_31559" type="identity">
      <class id="CHEBI:6636" label="magnesium dichloride"/>
      <span end="49105" id="17002498-20390" start="49100">MgCl2</span>
    </annotation>
    <annotation annotator="Mike Bada, University of Colorado Anschutz Medical Campus" id="CHEBI_2015_08_26_Instance_31561" type="identity">
      <class id="CHEBI:30060" label="potassium hexacyanoferrate(3-)"/>
      <span end="49121" id="17002498-20392" start="49112">K3Fe(CN)6</span>
    </annotation>
    <annotation annotator="Mike Bada, University of Colorado Anschutz Medical Campus" id="CHEBI_2015_08_26_Instance_31563" type="identity">
      <class id="CHEBI:30059" label="potassium hexacyanoferrate(4-)"/>
      <span end="49137" id="17002498-20394" start="49128">K4Fe(CN)6</span>
    </annotation>
    <annotation annotator="Mike Bada, University of Colorado Anschutz Medical Campus" id="CHEBI_2015_08_26_Instance_322693" type="identity">
      <class id="CHEBI:75055" label="5-bromo-4-chloro-3-indolyl beta-D-galactoside"/>
      <span end="49156" id="17002498-20472" start="49151">X-gal</span>
    </annotation>
    <annotation annotator="Mike Bada, University of Colorado Anschutz Medical Campus" id="CHEBI_2015_08_26_Instance_322697" type="identity">
      <class id="CHEBI:75958" label="solution"/>
      <span end="49254" id="17002498-20476" start="49246">solution</span>
    </annotation>
    <annotation annotator="Mike Bada, University of Colorado Anschutz Medical Campus" id="CHEBI_2015_08_26_Instance_322699" type="identity">
      <class id="CHEBI_EXT:paraformaldehye" label="paraformaldehyde"/>
      <span end="49464" id="17002498-20478" start="49448">paraformaldehyde</span>
    </annotation>
    <annotation annotator="Mike Bada, University of Colorado Anschutz Medical Campus" id="CHEBI_2015_08_26_Instance_31567" type="identity">
      <class id="CHEBI:32035" label="potassium hydroxide"/>
      <span end="49702" id="17002498-20398" start="49683">potassium hydroxide</span>
    </annotation>
    <annotation annotator="Mike Bada, University of Colorado Anschutz Medical Campus" id="CHEBI_2015_08_26_Instance_31573" type="identity">
      <class id="CHEBI:32035" label="potassium hydroxide"/>
      <span end="49707" id="17002498-20400" start="49704">KOH</span>
    </annotation>
    <annotation annotator="Mike Bada, University of Colorado Anschutz Medical Campus" id="CHEBI_2015_08_26_Instance_322701" type="identity">
      <class id="CHEBI:75958" label="solution"/>
      <span end="49767" id="17002498-20480" start="49759">solution</span>
    </annotation>
    <annotation annotator="Mike Bada, University of Colorado Anschutz Medical Campus" id="CHEBI_2015_08_26_Instance_31575" type="identity">
      <class id="CHEBI:32035" label="potassium hydroxide"/>
      <span end="49777" id="17002498-20402" start="49774">KOH</span>
    </annotation>
    <annotation annotator="Mike Bada, University of Colorado Anschutz Medical Campus" id="CHEBI_2015_08_26_Instance_31577" type="identity">
      <class id="CHEBI:16866" label="alizarin"/>
      <span end="49821" id="17002498-20404" start="49809">alizarin red</span>
    </annotation>
    <annotation annotator="Mike Bada, University of Colorado Anschutz Medical Campus" id="CHEBI_2015_08_26_Instance_322703" type="identity">
      <class id="CHEBI:17754" label="glycerol"/>
      <span end="49936" id="17002498-20482" start="49928">glycerin</span>
    </annotation>
    <annotation annotator="Mike Bada, University of Colorado Anschutz Medical Campus" id="CHEBI_2015_08_26_Instance_322705" type="identity">
      <class id="CHEBI_SO_EXT:DNA" label="DNA"/>
      <span end="50130" id="17002498-20484" start="50127">DNA</span>
    </annotation>
    <annotation annotator="Mike Bada, University of Colorado Anschutz Medical Campus" id="CHEBI_2015_08_26_Instance_322707" type="identity">
      <class id="CHEBI_SO_EXT:RNA" label="RNA"/>
      <span end="50252" id="17002498-20486" start="50249">RNA</span>
    </annotation>
    <annotation annotator="Mike Bada, University of Colorado Anschutz Medical Campus" id="CHEBI_2015_08_26_Instance_31519" type="identity">
      <class id="CHEBI_EXT:33893" label="reagent"/>
      <span end="50312" id="17002498-20366" start="50305">reagent</span>
    </annotation>
    <annotation annotator="Mike Bada, University of Colorado Anschutz Medical Campus" id="CHEBI_2015_08_26_Instance_322709" type="identity">
      <class id="CHEBI_EXT:platinum" label="platinum"/>
      <span end="50425" id="17002498-20488" start="50417">Platinum</span>
    </annotation>
    <annotation annotator="Mike Bada, University of Colorado Anschutz Medical Campus" id="CHEBI_2015_08_26_Instance_322711" type="identity">
      <class id="CHEBI_SO_EXT:RNA" label="RNA"/>
      <span end="50549" id="17002498-20490" start="50546">RNA</span>
    </annotation>
    <annotation annotator="Mike Bada, University of Colorado Anschutz Medical Campus" id="CHEBI_2015_08_26_Instance_322713" type="identity">
      <class id="CHEBI:472552" label="5-bromo-2'-deoxyuridine"/>
      <span end="50826" id="17002498-20492" start="50822">BrdU</span>
    </annotation>
    <annotation annotator="Mike Bada, University of Colorado Anschutz Medical Campus" id="CHEBI_2015_08_26_Instance_380756" type="identity">
      <class id="CHEBI_SO_EXT:molecular_label_or_mark_or_tag_process" label="molecular label/mark/tag process"/>
      <span end="50835" id="17002498-20588" start="50827">labeling</span>
    </annotation>
    <annotation annotator="Mike Bada, University of Colorado Anschutz Medical Campus" id="CHEBI_2015_08_26_Instance_322715" type="identity">
      <class id="CHEBI:472552" label="5-bromo-2'-deoxyuridine"/>
      <span end="50921" id="17002498-20494" start="50917">BrdU</span>
    </annotation>
    <annotation annotator="Mike Bada, University of Colorado Anschutz Medical Campus" id="CHEBI_2015_08_26_Instance_31581" type="identity">
      <class id="CHEBI:16526" label="carbon dioxide"/>
      <span end="51170" id="17002498-20406" start="51167">CO2</span>
    </annotation>
    <annotation annotator="Mike Bada, University of Colorado Anschutz Medical Campus" id="CHEBI_2015_08_26_Instance_322717" type="identity">
      <class id="CHEBI_EXT:nitrogen" label="nitrogen"/>
      <span end="51262" id="17002498-20496" start="51254">nitrogen</span>
    </annotation>
    <annotation annotator="Mike Bada, University of Colorado Anschutz Medical Campus" id="CHEBI_2015_08_26_Instance_31521" type="identity">
      <class id="CHEBI_EXT:33893" label="reagent"/>
      <span end="51307" id="17002498-20368" start="51300">reagent</span>
    </annotation>
    <annotation annotator="Mike Bada, University of Colorado Anschutz Medical Campus" id="CHEBI_2015_08_26_Instance_322719" type="identity">
      <class id="CHEBI_EXT:polyatomic_entity_or_group" label="polyatomic entity or group"/>
      <span end="51344" id="17002498-20498" start="51335">molecular</span>
    </annotation>
    <annotation annotator="Mike Bada, University of Colorado Anschutz Medical Campus" id="CHEBI_2015_08_26_Instance_322721" type="identity">
      <class id="CHEBI:75958" label="solution"/>
      <span end="51414" id="17002498-20500" start="51406">solution</span>
    </annotation>
    <annotation annotator="Mike Bada, University of Colorado Anschutz Medical Campus" id="CHEBI_2015_08_26_Instance_322723" type="identity">
      <class id="CHEBI_EXT:polyatomic_entity_or_group" label="polyatomic entity or group"/>
      <span end="51583" id="17002498-20502" start="51574">molecular</span>
    </annotation>
    <annotation annotator="Mike Bada, University of Colorado Anschutz Medical Campus" id="CHEBI_2015_08_26_Instance_322725" type="identity">
      <class id="CHEBI:75958" label="solution"/>
      <span end="51647" id="17002498-20504" start="51639">solution</span>
    </annotation>
    <annotation annotator="Mike Bada, University of Colorado Anschutz Medical Campus" id="CHEBI_2015_08_26_Instance_31585" type="identity">
      <class id="CHEBI:27338" label="xylene"/>
      <span end="51859" id="17002498-20408" start="51853">xylene</span>
    </annotation>
    <annotation annotator="Mike Bada, University of Colorado Anschutz Medical Campus" id="CHEBI_2015_08_26_Instance_31587" type="identity">
      <class id="CHEBI:30879" label="alcohol"/>
      <span end="51880" id="17002498-20410" start="51873">alcohol</span>
    </annotation>
    <annotation annotator="Mike Bada, University of Colorado Anschutz Medical Campus" id="CHEBI_2015_08_26_Instance_31589" type="identity">
      <class id="CHEBI:16240" label="hydrogen peroxide"/>
      <span end="51943" id="17002498-20412" start="51939">H2O2</span>
    </annotation>
    <annotation annotator="Mike Bada, University of Colorado Anschutz Medical Campus" id="CHEBI_2015_08_26_Instance_31591" type="identity">
      <class id="CHEBI:17790" label="methanol"/>
      <span end="51955" id="17002498-20414" start="51947">methanol</span>
    </annotation>
    <annotation annotator="Mike Bada, University of Colorado Anschutz Medical Campus" id="CHEBI_2015_08_26_Instance_31593" type="identity">
      <class id="CHEBI:15377" label="water"/>
      <span end="51998" id="17002498-20416" start="51993">water</span>
    </annotation>
    <annotation annotator="Mike Bada, University of Colorado Anschutz Medical Campus" id="CHEBI_2015_08_26_Instance_322727" type="identity">
      <class id="CHEBI_EXT:59132" label="antigen"/>
      <span end="52014" id="17002498-20506" start="52007">antigen</span>
    </annotation>
    <annotation annotator="Mike Bada, University of Colorado Anschutz Medical Campus" id="CHEBI_2015_08_26_Instance_322729" type="identity">
      <class id="CHEBI_EXT:citrate" label="citrate"/>
      <span end="52108" id="17002498-20508" start="52101">citrate</span>
    </annotation>
    <annotation annotator="Mike Bada, University of Colorado Anschutz Medical Campus" id="CHEBI_2015_08_26_Instance_330458" type="identity">
      <class id="CHEBI_CHMO_EXT:buffer_solution" label="buffer solution"/>
      <span end="52115" id="17002498-20566" start="52109">buffer</span>
    </annotation>
    <annotation annotator="Mike Bada, University of Colorado Anschutz Medical Campus" id="CHEBI_2015_08_26_Instance_322731" type="identity">
      <class id="CHEBI:472552" label="5-bromo-2'-deoxyuridine"/>
      <span end="52515" id="17002498-20510" start="52511">BrdU</span>
    </annotation>
    <annotation annotator="Mike Bada, University of Colorado Anschutz Medical Campus" id="CHEBI_2015_08_26_Instance_322733" type="identity">
      <class id="CHEBI:51686" label="haematoxylin"/>
      <span end="52841" id="17002498-20512" start="52830">hematoxylin</span>
    </annotation>
    <annotation annotator="Mike Bada, University of Colorado Anschutz Medical Campus" id="CHEBI_2015_08_26_Instance_322735" type="identity">
      <class id="CHEBI_SO_EXT:molecular_probe" label="molecular probe"/>
      <span end="52899" id="17002498-20514" start="52894">probe</span>
    </annotation>
    <annotation annotator="Mike Bada, University of Colorado Anschutz Medical Campus" id="CHEBI_2015_08_26_Instance_322737" type="identity">
      <class id="CHEBI_SO_EXT:molecular_probe" label="molecular probe"/>
      <span end="52946" id="17002498-20516" start="52941">probe</span>
    </annotation>
    <annotation annotator="Mike Bada, University of Colorado Anschutz Medical Campus" id="CHEBI_2015_08_26_Instance_322739" type="identity">
      <class id="CHEBI_SO_EXT:riboprobe" label="riboprobe"/>
      <span end="53010" id="17002498-20518" start="53000">Riboprobes</span>
    </annotation>
    <annotation annotator="Mike Bada, University of Colorado Anschutz Medical Campus" id="CHEBI_2015_08_26_Instance_380758" type="identity">
      <class id="CHEBI_SO_EXT:molecular_label_or_mark_or_tag_process" label="molecular label/mark/tag process"/>
      <span end="53018" id="17002498-20590" start="53011">labeled</span>
    </annotation>
    <annotation annotator="Mike Bada, University of Colorado Anschutz Medical Campus" id="CHEBI_2015_08_26_Instance_322741" type="identity">
      <class id="CHEBI:42098" label="digoxigenin"/>
      <span end="53027" id="17002498-20520" start="53024">DIG</span>
    </annotation>
    <annotation annotator="Mike Bada, University of Colorado Anschutz Medical Campus" id="CHEBI_2015_08_26_Instance_322743" type="identity">
      <class id="CHEBI:75958" label="solution"/>
      <span end="53092" id="17002498-20522" start="53084">solution</span>
    </annotation>
    <annotation annotator="Mike Bada, University of Colorado Anschutz Medical Campus" id="CHEBI_2015_08_26_Instance_322745" type="identity">
      <class id="CHEBI:51686" label="haematoxylin"/>
      <span end="53364" id="17002498-20524" start="53363">H</span>
    </annotation>
    <annotation annotator="Mike Bada, University of Colorado Anschutz Medical Campus" id="CHEBI_2015_08_26_Instance_322749" type="identity">
      <class id="CHEBI_EXT:eosin" label="eosin"/>
      <span end="53366" id="17002498-20526" start="53365">E</span>
    </annotation>
    <annotation annotator="Mike Bada, University of Colorado Anschutz Medical Campus" id="CHEBI_2015_08_26_Instance_31517" type="identity">
      <class id="CHEBI_EXT:37958" label="dye"/>
      <span end="53706" id="17002498-20364" start="53703">dye</span>
    </annotation>
    <annotation annotator="Mike Bada, University of Colorado Anschutz Medical Campus" id="CHEBI_2015_08_26_Instance_310268" type="identity">
      <class id="CHEBI_PR_EXT:protein" label="protein"/>
      <span end="54702" id="17002498-20356" start="54695">protein</span>
    </annotation>
    <annotation annotator="Mike Bada, University of Colorado Anschutz Medical Campus" id="CHEBI_2015_08_26_Instance_430098" type="identity">
      <class id="CHEBI:7507" label="neomycin"/>
      <span end="55530" id="17002498-20602" start="55522">neomycin</span>
    </annotation>
    <annotation annotator="Mike Bada, University of Colorado Anschutz Medical Campus" id="CHEBI_2015_08_26_Instance_322753" type="identity">
      <class id="CHEBI_SO_EXT:molecular_probe" label="molecular probe"/>
      <span end="55823" id="17002498-20528" start="55818">probe</span>
    </annotation>
    <annotation annotator="Mike Bada, University of Colorado Anschutz Medical Campus" id="CHEBI_2015_08_26_Instance_310270" type="identity">
      <class id="CHEBI_PR_EXT:protein" label="protein"/>
      <span end="55974" id="17002498-20358" start="55967">protein</span>
    </annotation>
    <annotation annotator="Mike Bada, University of Colorado Anschutz Medical Campus" id="CHEBI_2015_08_26_Instance_322755" type="identity">
      <class id="CHEBI_SO_EXT:amino_acid" label="amino acid"/>
      <span end="56001" id="17002498-20530" start="55999">aa</span>
    </annotation>
    <annotation annotator="Mike Bada, University of Colorado Anschutz Medical Campus" id="CHEBI_2015_08_26_Instance_322757" type="identity">
      <class id="CHEBI_SO_EXT:DNA" label="DNA"/>
      <span end="56089" id="17002498-20532" start="56086">DNA</span>
    </annotation>
    <annotation annotator="Mike Bada, University of Colorado Anschutz Medical Campus" id="CHEBI_2015_08_26_Instance_322763" type="identity">
      <class id="CHEBI_SO_EXT:molecular_probe" label="molecular probe"/>
      <span end="56187" id="17002498-20538" start="56182">probe</span>
    </annotation>
    <annotation annotator="Mike Bada, University of Colorado Anschutz Medical Campus" id="CHEBI_2015_08_26_Instance_322761" type="identity">
      <class id="CHEBI_SO_EXT:DNA" label="DNA"/>
      <span end="56205" id="17002498-20536" start="56202">DNA</span>
    </annotation>
    <annotation annotator="Mike Bada, University of Colorado Anschutz Medical Campus" id="CHEBI_2015_08_26_Instance_322759" type="identity">
      <class id="CHEBI_SO_EXT:base" label="base"/>
      <span end="56274" id="17002498-20534" start="56273">b</span>
    </annotation>
    <annotation annotator="Mike Bada, University of Colorado Anschutz Medical Campus" id="CHEBI_2015_08_26_Instance_322765" type="identity">
      <class id="CHEBI_SO_EXT:base" label="base"/>
      <span end="56314" id="17002498-20540" start="56313">b</span>
    </annotation>
    <annotation annotator="Mike Bada, University of Colorado Anschutz Medical Campus" id="CHEBI_2015_08_26_Instance_322767" type="identity">
      <class id="CHEBI_SO_EXT:DNA" label="DNA"/>
      <span end="56365" id="17002498-20542" start="56362">DNA</span>
    </annotation>
    <annotation annotator="Mike Bada, University of Colorado Anschutz Medical Campus" id="CHEBI_2015_08_26_Instance_322769" type="identity">
      <class id="CHEBI_SO_EXT:base" label="base"/>
      <span end="56436" id="17002498-20544" start="56435">b</span>
    </annotation>
    <annotation annotator="Mike Bada, University of Colorado Anschutz Medical Campus" id="CHEBI_2015_08_26_Instance_322771" type="identity">
      <class id="CHEBI_SO_EXT:DNA" label="DNA"/>
      <span end="58332" id="17002498-20546" start="58329">DNA</span>
    </annotation>
    <annotation annotator="Mike Bada, University of Colorado Anschutz Medical Campus" id="CHEBI_2015_08_26_Instance_322773" type="identity">
      <class id="CHEBI_SO_EXT:RNA" label="RNA"/>
      <span end="58628" id="17002498-20548" start="58625">RNA</span>
    </annotation>
    <annotation annotator="Mike Bada, University of Colorado Anschutz Medical Campus" id="CHEBI_2015_08_26_Instance_322775" type="identity">
      <class id="CHEBI:51686" label="haematoxylin"/>
      <span end="58975" id="17002498-20550" start="58974">H</span>
    </annotation>
    <annotation annotator="Mike Bada, University of Colorado Anschutz Medical Campus" id="CHEBI_2015_08_26_Instance_322777" type="identity">
      <class id="CHEBI_EXT:eosin" label="eosin"/>
      <span end="58977" id="17002498-20552" start="58976">E</span>
    </annotation>
    <annotation annotator="Mike Bada, University of Colorado Anschutz Medical Campus" id="CHEBI_2015_08_26_Instance_322779" type="identity">
      <class id="CHEBI_SO_EXT:molecular_probe" label="molecular probe"/>
      <span end="59842" id="17002498-20554" start="59837">probe</span>
    </annotation>
    <annotation annotator="Mike Bada, University of Colorado Anschutz Medical Campus" id="CHEBI_2015_08_26_Instance_322781" type="identity">
      <class id="CHEBI:51686" label="haematoxylin"/>
      <span end="60538" id="17002498-20556" start="60537">H</span>
    </annotation>
    <annotation annotator="Mike Bada, University of Colorado Anschutz Medical Campus" id="CHEBI_2015_08_26_Instance_322783" type="identity">
      <class id="CHEBI_EXT:eosin" label="eosin"/>
      <span end="60540" id="17002498-20558" start="60539">E</span>
    </annotation>
    <annotation annotator="Mike Bada, University of Colorado Anschutz Medical Campus" id="CHEBI_2015_08_26_Instance_322785" type="identity">
      <class id="CHEBI:472552" label="5-bromo-2'-deoxyuridine"/>
      <span end="60573" id="17002498-20560" start="60569">BrdU</span>
    </annotation>
    <annotation annotator="Mike Bada, University of Colorado Anschutz Medical Campus" id="CHEBI_2015_08_26_Instance_31599" type="identity">
      <class id="CHEBI_EXT:33893" label="reagent"/>
      <span end="61428" id="17002498-20418" start="61420">reagents</span>
    </annotation>
    <graph-space id="Old Knowtator Relations"/>
  </document>
</knowtator-project>
