<?xml version="1.0" encoding="UTF-8" standalone="no"?>
<knowtator-project>
    <document id="17020410" text-file="17020410.txt">
        <annotation annotator="Mike Bada, University of Colorado Anschutz Medical Campus" id="CHEBI_2015_08_26_Instance_322787" type="identity">
            <class id="CHEBI_SO_EXT:DNA" label="DNA"/>
            <span end="694" id="17020410-20643" start="691">DNA</span>
        </annotation>
        <annotation annotator="Mike Bada, University of Colorado Anschutz Medical Campus" id="CHEBI_2015_08_26_Instance_331278" type="identity">
            <class id="CHEBI_EXT:biochemical" label="biochemical"/>
            <span end="2029" id="17020410-20775" start="2018">biochemical</span>
        </annotation>
        <annotation annotator="Mike Bada, University of Colorado Anschutz Medical Campus" id="CHEBI_2015_08_26_Instance_322789" type="identity">
            <class id="CHEBI_GO_SO_EXT:enzyme" label="enzyme"/>
            <span end="2112" id="17020410-20645" start="2105">enzymes</span>
        </annotation>
        <annotation annotator="Mike Bada, University of Colorado Anschutz Medical Campus" id="CHEBI_2015_08_26_Instance_25133" type="identity">
            <class id="CHEBI:15539" label="propionyl-CoA"/>
            <span end="2135" id="17020410-20605" start="2123">propinyl-CoA</span>
        </annotation>
        <annotation annotator="Mike Bada, University of Colorado Anschutz Medical Campus" id="CHEBI_2015_08_26_Instance_322793" type="identity">
            <class id="CHEBI:57472" label="(N(omega)-L-arginino)succinate(1-)"/>
            <span end="2170" id="17020410-20647" start="2153">argininosuccinate</span>
        </annotation>
        <annotation annotator="Mike Bada, University of Colorado Anschutz Medical Campus" id="CHEBI_2015_08_26_Instance_322795" type="identity">
            <class id="CHEBI:53025" label="L-galactose 1-phosphate"/>
            <span end="2203" id="17020410-20649" start="2182">galactose-1-phosphate</span>
        </annotation>
        <annotation annotator="Mike Bada, University of Colorado Anschutz Medical Campus" id="CHEBI_2015_08_26_Instance_26581" type="identity">
            <class id="CHEBI:16625" label="methylmalonyl-CoA"/>
            <span end="2250" id="17020410-20607" start="2233">methylmalonyl CoA</span>
        </annotation>
        <annotation annotator="Mike Bada, University of Colorado Anschutz Medical Campus" id="CHEBI_2015_08_26_Instance_322797" type="identity">
            <class id="CHEBI_SO_EXT:DNA" label="DNA"/>
            <span end="2998" id="17020410-20651" start="2995">DNA</span>
        </annotation>
        <annotation annotator="Mike Bada, University of Colorado Anschutz Medical Campus" id="CHEBI_2015_08_26_Instance_322799" type="identity">
            <class id="CHEBI_SO_EXT:DNA" label="DNA"/>
            <span end="3155" id="17020410-20653" start="3152">DNA</span>
        </annotation>
        <annotation annotator="Mike Bada, University of Colorado Anschutz Medical Campus" id="CHEBI_2015_08_26_Instance_322803" type="identity">
            <class id="CHEBI_SO_EXT:nucleotide" label="nucleotide"/>
            <span end="3188" id="17020410-20655" start="3178">nucleotide</span>
        </annotation>
        <annotation annotator="Mike Bada, University of Colorado Anschutz Medical Campus" id="CHEBI_2015_08_26_Instance_322805" type="identity">
            <class id="CHEBI_EXT:sulfur" label="sulfur"/>
            <span end="3948" id="17020410-20657" start="3941">sulphur</span>
        </annotation>
        <annotation annotator="Mike Bada, University of Colorado Anschutz Medical Campus" id="CHEBI_2015_08_26_Instance_370138" type="identity">
            <class id="CHEBI_GO_EXT:biological_process_or_quality_or_role" label="biological process, quality or role"/>
            <span end="4733" id="17020410-20781" start="4723">biological</span>
        </annotation>
        <annotation annotator="Mike Bada, University of Colorado Anschutz Medical Campus" id="CHEBI_2015_08_26_Instance_322807" type="identity">
            <class id="CHEBI_SO_EXT:DNA" label="DNA"/>
            <span end="5478" id="17020410-20659" start="5475">DNA</span>
        </annotation>
        <annotation annotator="Mike Bada, University of Colorado Anschutz Medical Campus" id="CHEBI_2015_08_26_Instance_322809" type="identity">
            <class id="CHEBI_SO_EXT:amino_acid" label="amino acid"/>
            <span end="5697" id="17020410-20661" start="5687">amino acid</span>
        </annotation>
        <annotation annotator="Mike Bada, University of Colorado Anschutz Medical Campus" id="CHEBI_2015_08_26_Instance_322815" type="identity">
            <class id="CHEBI_SO_EXT:mRNA" label="mRNA"/>
            <span end="5768" id="17020410-20665" start="5764">mRNA</span>
        </annotation>
        <annotation annotator="Mike Bada, University of Colorado Anschutz Medical Campus" id="CHEBI_2015_08_26_Instance_322813" type="identity">
            <class id="CHEBI_SO_EXT:mRNA" label="mRNA"/>
            <span end="5942" id="17020410-20663" start="5938">mRNA</span>
        </annotation>
        <annotation annotator="Mike Bada, University of Colorado Anschutz Medical Campus" id="CHEBI_2015_08_26_Instance_322819" type="identity">
            <class id="CHEBI_SO_EXT:RNA" label="RNA"/>
            <span end="6002" id="17020410-20669" start="5999">RNA</span>
        </annotation>
        <annotation annotator="Mike Bada, University of Colorado Anschutz Medical Campus" id="CHEBI_2015_08_26_Instance_310272" type="identity">
            <class id="CHEBI_PR_EXT:protein" label="protein"/>
            <span end="6118" id="17020410-20609" start="6111">protein</span>
        </annotation>
        <annotation annotator="Mike Bada, University of Colorado Anschutz Medical Campus" id="CHEBI_2015_08_26_Instance_310274" type="identity">
            <class id="CHEBI_PR_EXT:protein" label="protein"/>
            <span end="6583" id="17020410-20611" start="6576">protein</span>
        </annotation>
        <annotation annotator="Mike Bada, University of Colorado Anschutz Medical Campus" id="CHEBI_2015_08_26_Instance_430100" type="identity">
            <class id="CHEBI_GO_EXT:neomycin_or_neomycin_phosphotransferase" label="neomycin or neomycin phosphotransferase"/>
            <span end="7157" id="17020410-20799" start="7154">neo</span>
        </annotation>
        <annotation annotator="Mike Bada, University of Colorado Anschutz Medical Campus" id="CHEBI_2015_08_26_Instance_322817" type="identity">
            <class id="CHEBI_SO_EXT:mRNA" label="mRNA"/>
            <span end="7204" id="17020410-20667" start="7200">mRNA</span>
        </annotation>
        <annotation annotator="Mike Bada, University of Colorado Anschutz Medical Campus" id="CHEBI_2015_08_26_Instance_322823" type="identity">
            <class id="CHEBI_SO_EXT:base" label="base"/>
            <span end="7700" id="17020410-20671" start="7696">base</span>
        </annotation>
        <annotation annotator="Mike Bada, University of Colorado Anschutz Medical Campus" id="CHEBI_2015_08_26_Instance_330780" type="identity">
            <class id="CHEBI:5386" label="globin"/>
            <span end="7864" id="17020410-20771" start="7858">globin</span>
        </annotation>
        <annotation annotator="Mike Bada, University of Colorado Anschutz Medical Campus" id="CHEBI_2015_08_26_Instance_330782" type="identity">
            <class id="CHEBI:5386" label="globin"/>
            <span end="7986" id="17020410-20773" start="7980">globin</span>
        </annotation>
        <annotation annotator="Mike Bada, University of Colorado Anschutz Medical Campus" id="CHEBI_2015_08_26_Instance_322827" type="identity">
            <class id="CHEBI_SO_EXT:molecular_probe" label="molecular probe"/>
            <span end="8200" id="17020410-20673" start="8195">probe</span>
        </annotation>
        <annotation annotator="Mike Bada, University of Colorado Anschutz Medical Campus" id="CHEBI_2015_08_26_Instance_322829" type="identity">
            <class id="CHEBI_SO_EXT:DNA" label="DNA"/>
            <span end="8411" id="17020410-20675" start="8408">DNA</span>
        </annotation>
        <annotation annotator="Mike Bada, University of Colorado Anschutz Medical Campus" id="CHEBI_2015_08_26_Instance_322831" type="identity">
            <class id="CHEBI_SO_EXT:molecular_probe" label="molecular probe"/>
            <span end="8515" id="17020410-20677" start="8510">probe</span>
        </annotation>
        <annotation annotator="Mike Bada, University of Colorado Anschutz Medical Campus" id="CHEBI_2015_08_26_Instance_322835" type="identity">
            <class id="CHEBI_SO_EXT:base" label="base"/>
            <span end="8568" id="17020410-20681" start="8564">base</span>
        </annotation>
        <annotation annotator="Mike Bada, University of Colorado Anschutz Medical Campus" id="CHEBI_2015_08_26_Instance_322833" type="identity">
            <class id="CHEBI_SO_EXT:base" label="base"/>
            <span end="8572" id="17020410-20679" start="8571">b</span>
        </annotation>
        <annotation annotator="Mike Bada, University of Colorado Anschutz Medical Campus" id="CHEBI_2015_08_26_Instance_322837" type="identity">
            <class id="CHEBI_SO_EXT:base" label="base"/>
            <span end="8648" id="17020410-20683" start="8647">b</span>
        </annotation>
        <annotation annotator="Mike Bada, University of Colorado Anschutz Medical Campus" id="CHEBI_2015_08_26_Instance_322839" type="identity">
            <class id="CHEBI_SO_EXT:mRNA" label="mRNA"/>
            <span end="8840" id="17020410-20685" start="8836">mRNA</span>
        </annotation>
        <annotation annotator="Mike Bada, University of Colorado Anschutz Medical Campus" id="CHEBI_2015_08_26_Instance_322841" type="identity">
            <class id="CHEBI_SO_EXT:RNA" label="RNA"/>
            <span end="9096" id="17020410-20687" start="9093">RNA</span>
        </annotation>
        <annotation annotator="Mike Bada, University of Colorado Anschutz Medical Campus" id="CHEBI_2015_08_26_Instance_322843" type="identity">
            <class id="CHEBI_SO_EXT:base" label="base"/>
            <span end="9276" id="17020410-20689" start="9275">b</span>
        </annotation>
        <annotation annotator="Mike Bada, University of Colorado Anschutz Medical Campus" id="CHEBI_2015_08_26_Instance_322845" type="identity">
            <class id="CHEBI_SO_EXT:molecular_probe" label="molecular probe"/>
            <span end="9297" id="17020410-20691" start="9292">probe</span>
        </annotation>
        <annotation annotator="Mike Bada, University of Colorado Anschutz Medical Campus" id="CHEBI_2015_08_26_Instance_322847" type="identity">
            <class id="CHEBI_SO_EXT:mRNA" label="mRNA"/>
            <span end="9311" id="17020410-20693" start="9306">mRNAs</span>
        </annotation>
        <annotation annotator="Mike Bada, University of Colorado Anschutz Medical Campus" id="CHEBI_2015_08_26_Instance_322849" type="identity">
            <class id="CHEBI_SO_EXT:base" label="base"/>
            <span end="9333" id="17020410-20695" start="9332">b</span>
        </annotation>
        <annotation annotator="Mike Bada, University of Colorado Anschutz Medical Campus" id="CHEBI_2015_08_26_Instance_31685" type="identity">
            <class id="CHEBI:4883" label="ethidium bromide"/>
            <span end="9406" id="17020410-20627" start="9390">ethidium bromide</span>
        </annotation>
        <annotation annotator="Mike Bada, University of Colorado Anschutz Medical Campus" id="CHEBI_2015_08_26_Instance_31691" type="identity">
            <class id="CHEBI:4883" label="ethidium bromide"/>
            <span end="9412" id="17020410-20629" start="9408">EtBr</span>
        </annotation>
        <annotation annotator="Mike Bada, University of Colorado Anschutz Medical Campus" id="CHEBI_2015_08_26_Instance_322851" type="identity">
            <class id="CHEBI_SO_EXT:RNA" label="RNA"/>
            <span end="9457" id="17020410-20697" start="9454">RNA</span>
        </annotation>
        <annotation annotator="Mike Bada, University of Colorado Anschutz Medical Campus" id="CHEBI_2015_08_26_Instance_322853" type="identity">
            <class id="CHEBI_SO_EXT:amino_acid" label="amino acid"/>
            <span end="10410" id="17020410-20699" start="10400">amino acid</span>
        </annotation>
        <annotation annotator="Mike Bada, University of Colorado Anschutz Medical Campus" id="CHEBI_2015_08_26_Instance_310276" type="identity">
            <class id="CHEBI_PR_EXT:protein" label="protein"/>
            <span end="10488" id="17020410-20613" start="10481">protein</span>
        </annotation>
        <annotation annotator="Mike Bada, University of Colorado Anschutz Medical Campus" id="CHEBI_2015_08_26_Instance_322855" type="identity">
            <class id="CHEBI_SO_EXT:mRNA" label="mRNA"/>
            <span end="10548" id="17020410-20701" start="10544">mRNA</span>
        </annotation>
        <annotation annotator="Mike Bada, University of Colorado Anschutz Medical Campus" id="CHEBI_2015_08_26_Instance_31707" type="identity">
            <class id="CHEBI:10545" label="electron"/>
            <span end="11166" id="17020410-20631" start="11158">electron</span>
        </annotation>
        <annotation annotator="Mike Bada, University of Colorado Anschutz Medical Campus" id="CHEBI_2015_08_26_Instance_322857" type="identity">
            <class id="CHEBI_SO_EXT:amino_acid" label="amino acid"/>
            <span end="11353" id="17020410-20703" start="11343">Amino acid</span>
        </annotation>
        <annotation annotator="Mike Bada, University of Colorado Anschutz Medical Campus" id="CHEBI_2015_08_26_Instance_322859" type="identity">
            <class id="CHEBI_SO_EXT:cysteine" label="cysteine"/>
            <span end="11386" id="17020410-20705" start="11378">cysteine</span>
        </annotation>
        <annotation annotator="Mike Bada, University of Colorado Anschutz Medical Campus" id="CHEBI_2015_08_26_Instance_322861" type="identity">
            <class id="CHEBI_SO_EXT:cysteine" label="cysteine"/>
            <span end="12313" id="17020410-20707" start="12305">Cysteine</span>
        </annotation>
        <annotation annotator="Mike Bada, University of Colorado Anschutz Medical Campus" id="CHEBI_2015_08_26_Instance_31715" type="identity">
            <class id="CHEBI:46662" label="mineral"/>
            <span end="13905" id="17020410-20633" start="13898">mineral</span>
        </annotation>
        <annotation annotator="Mike Bada, University of Colorado Anschutz Medical Campus" id="CHEBI_2015_08_26_Instance_31717" type="identity">
            <class id="CHEBI:46662" label="mineral"/>
            <span end="15128" id="17020410-20635" start="15121">mineral</span>
        </annotation>
        <annotation annotator="Mike Bada, University of Colorado Anschutz Medical Campus" id="CHEBI_2015_08_26_Instance_31719" type="identity">
            <class id="CHEBI:46662" label="mineral"/>
            <span end="15345" id="17020410-20637" start="15338">mineral</span>
        </annotation>
        <annotation annotator="Mike Bada, University of Colorado Anschutz Medical Campus" id="CHEBI_2015_08_26_Instance_322863" type="identity">
            <class id="CHEBI_SO_EXT:cysteine" label="cysteine"/>
            <span end="16410" id="17020410-20709" start="16402">cysteine</span>
        </annotation>
        <annotation annotator="Mike Bada, University of Colorado Anschutz Medical Campus" id="CHEBI_2015_08_26_Instance_322865" type="identity">
            <class id="CHEBI_SO_EXT:cysteine" label="cysteine"/>
            <span end="16428" id="17020410-20711" start="16420">cysteine</span>
        </annotation>
        <annotation annotator="Mike Bada, University of Colorado Anschutz Medical Campus" id="CHEBI_2015_08_26_Instance_322867" type="identity">
            <class id="CHEBI_EXT:polyatomic_entity_or_group" label="polyatomic entity or group"/>
            <span end="16883" id="17020410-20713" start="16874">Molecular</span>
        </annotation>
        <annotation annotator="Mike Bada, University of Colorado Anschutz Medical Campus" id="CHEBI_2015_08_26_Instance_322869" type="identity">
            <class id="CHEBI_SO_EXT:DNA" label="DNA"/>
            <span end="16985" id="17020410-20715" start="16982">DNA</span>
        </annotation>
        <annotation annotator="Mike Bada, University of Colorado Anschutz Medical Campus" id="CHEBI_2015_08_26_Instance_322871" type="identity">
            <class id="CHEBI_SO_EXT:RNA" label="RNA"/>
            <span end="17042" id="17020410-20717" start="17039">RNA</span>
        </annotation>
        <annotation annotator="Mike Bada, University of Colorado Anschutz Medical Campus" id="CHEBI_2015_08_26_Instance_420023" type="identity">
            <class id="CHEBI_SO_EXT:histidine" label="histidine"/>
            <span end="20557" id="17020410-20797" start="20554">His</span>
        </annotation>
        <annotation annotator="Mike Bada, University of Colorado Anschutz Medical Campus" id="CHEBI_2015_08_26_Instance_380760" type="identity">
            <class id="CHEBI_EXT:radiolabel_process" label="radiolabel process"/>
            <span end="20683" id="17020410-20785" start="20670">radiolabelled</span>
        </annotation>
        <annotation annotator="Mike Bada, University of Colorado Anschutz Medical Campus" id="CHEBI_2015_08_26_Instance_322873" type="identity">
            <class id="CHEBI_SO_EXT:nucleotide" label="nucleotide"/>
            <span end="20749" id="17020410-20719" start="20738">nucleotides</span>
        </annotation>
        <annotation annotator="Mike Bada, University of Colorado Anschutz Medical Campus" id="CHEBI_2015_08_26_Instance_322875" type="identity">
            <class id="CHEBI_SO_EXT:nucleotide" label="nucleotide"/>
            <span end="20790" id="17020410-20721" start="20780">nucleotide</span>
        </annotation>
        <annotation annotator="Mike Bada, University of Colorado Anschutz Medical Campus" id="CHEBI_2015_08_26_Instance_322877" type="identity">
            <class id="CHEBI_EXT:polyacrylamide" label="polyacrylamide"/>
            <span end="20832" id="17020410-20723" start="20818">polyacrylamide</span>
        </annotation>
        <annotation annotator="Mike Bada, University of Colorado Anschutz Medical Campus" id="CHEBI_2015_08_26_Instance_380762" type="identity">
            <class id="CHEBI_SO_EXT:molecular_label_or_mark_or_tag_process" label="molecular label/mark/tag process"/>
            <span end="21320" id="17020410-20787" start="21312">labelled</span>
        </annotation>
        <annotation annotator="Mike Bada, University of Colorado Anschutz Medical Campus" id="CHEBI_2015_08_26_Instance_380764" type="identity">
            <class id="CHEBI_SO_EXT:molecular_label_or_mark_or_tag_process" label="molecular label/mark/tag process"/>
            <span end="21358" id="17020410-20789" start="21350">labelled</span>
        </annotation>
        <annotation annotator="Mike Bada, University of Colorado Anschutz Medical Campus" id="CHEBI_2015_08_26_Instance_380766" type="identity">
            <class id="CHEBI_SO_EXT:molecular_label_or_mark_or_tag_process" label="molecular label/mark/tag process"/>
            <span end="21482" id="17020410-20791" start="21474">labelled</span>
        </annotation>
        <annotation annotator="Mike Bada, University of Colorado Anschutz Medical Campus" id="CHEBI_2015_08_26_Instance_380768" type="identity">
            <class id="CHEBI_SO_EXT:molecular_label_or_mark_or_tag_process" label="molecular label/mark/tag process"/>
            <span end="21575" id="17020410-20793" start="21567">labelled</span>
        </annotation>
        <annotation annotator="Mike Bada, University of Colorado Anschutz Medical Campus" id="CHEBI_2015_08_26_Instance_322879" type="identity">
            <class id="CHEBI_SO_EXT:mRNA" label="mRNA"/>
            <span end="22099" id="17020410-20725" start="22095">mRNA</span>
        </annotation>
        <annotation annotator="Mike Bada, University of Colorado Anschutz Medical Campus" id="CHEBI_2015_08_26_Instance_322881" type="identity">
            <class id="CHEBI_SO_EXT:mRNA" label="mRNA"/>
            <span end="22482" id="17020410-20727" start="22478">mRNA</span>
        </annotation>
        <annotation annotator="Mike Bada, University of Colorado Anschutz Medical Campus" id="CHEBI_2015_08_26_Instance_310278" type="identity">
            <class id="CHEBI_PR_EXT:protein" label="protein"/>
            <span end="22558" id="17020410-20615" start="22551">protein</span>
        </annotation>
        <annotation annotator="Mike Bada, University of Colorado Anschutz Medical Campus" id="CHEBI_2015_08_26_Instance_322883" type="identity">
            <class id="CHEBI_SO_EXT:mRNA" label="mRNA"/>
            <span end="22859" id="17020410-20729" start="22855">mRNA</span>
        </annotation>
        <annotation annotator="Mike Bada, University of Colorado Anschutz Medical Campus" id="CHEBI_2015_08_26_Instance_322885" type="identity">
            <class id="CHEBI_SO_EXT:mRNA" label="mRNA"/>
            <span end="23342" id="17020410-20731" start="23338">mRNA</span>
        </annotation>
        <annotation annotator="Mike Bada, University of Colorado Anschutz Medical Campus" id="CHEBI_2015_08_26_Instance_310280" type="identity">
            <class id="CHEBI_PR_EXT:protein" label="protein"/>
            <span end="23399" id="17020410-20617" start="23392">protein</span>
        </annotation>
        <annotation annotator="Mike Bada, University of Colorado Anschutz Medical Campus" id="CHEBI_2015_08_26_Instance_310282" type="identity">
            <class id="CHEBI_PR_EXT:protein" label="protein"/>
            <span end="25114" id="17020410-20619" start="25106">proteins</span>
        </annotation>
        <annotation annotator="Mike Bada, University of Colorado Anschutz Medical Campus" id="CHEBI_2015_08_26_Instance_331280" type="identity">
            <class id="CHEBI_EXT:biochemical" label="biochemical"/>
            <span end="28024" id="17020410-20777" start="28013">biochemical</span>
        </annotation>
        <annotation annotator="Mike Bada, University of Colorado Anschutz Medical Campus" id="CHEBI_2015_08_26_Instance_310284" type="identity">
            <class id="CHEBI_PR_EXT:protein" label="protein"/>
            <span end="28388" id="17020410-20621" start="28380">proteins</span>
        </annotation>
        <annotation annotator="Mike Bada, University of Colorado Anschutz Medical Campus" id="CHEBI_2015_08_26_Instance_322891" type="identity">
            <class id="CHEBI_EXT:polyatomic_entity_or_group" label="polyatomic entity or group"/>
            <span end="29014" id="17020410-20733" start="29005">molecular</span>
        </annotation>
        <annotation annotator="Mike Bada, University of Colorado Anschutz Medical Campus" id="CHEBI_2015_08_26_Instance_322893" type="identity">
            <class id="CHEBI:36357" label="polyatomic entity"/>
            <span end="29097" id="17020410-20735" start="29088">molecules</span>
        </annotation>
        <annotation annotator="Mike Bada, University of Colorado Anschutz Medical Campus" id="CHEBI_2015_08_26_Instance_322895" type="identity">
            <class id="CHEBI:36357" label="polyatomic entity"/>
            <span end="29188" id="17020410-20737" start="29179">molecules</span>
        </annotation>
        <annotation annotator="Mike Bada, University of Colorado Anschutz Medical Campus" id="CHEBI_2015_08_26_Instance_322897" type="identity">
            <class id="CHEBI_SO_EXT:DNA" label="DNA"/>
            <span end="29207" id="17020410-20739" start="29204">DNA</span>
        </annotation>
        <annotation annotator="Mike Bada, University of Colorado Anschutz Medical Campus" id="CHEBI_2015_08_26_Instance_322899" type="identity">
            <class id="CHEBI_SO_EXT:DNA" label="DNA"/>
            <span end="29332" id="17020410-20741" start="29329">DNA</span>
        </annotation>
        <annotation annotator="Mike Bada, University of Colorado Anschutz Medical Campus" id="CHEBI_2015_08_26_Instance_310286" type="identity">
            <class id="CHEBI_PR_EXT:protein" label="protein"/>
            <span end="29400" id="17020410-20623" start="29392">proteins</span>
        </annotation>
        <annotation annotator="Mike Bada, University of Colorado Anschutz Medical Campus" id="CHEBI_2015_08_26_Instance_331282" type="identity">
            <class id="CHEBI_EXT:biochemical" label="biochemical"/>
            <span end="29458" id="17020410-20779" start="29445">biochemically</span>
        </annotation>
        <annotation annotator="Mike Bada, University of Colorado Anschutz Medical Campus" id="CHEBI_2015_08_26_Instance_322901" type="identity">
            <class id="CHEBI_SO_EXT:cysteine" label="cysteine"/>
            <span end="30785" id="17020410-20743" start="30777">cysteine</span>
        </annotation>
        <annotation annotator="Mike Bada, University of Colorado Anschutz Medical Campus" id="CHEBI_2015_08_26_Instance_310288" type="identity">
            <class id="CHEBI_PR_EXT:protein" label="protein"/>
            <span end="32102" id="17020410-20625" start="32095">protein</span>
        </annotation>
        <annotation annotator="Mike Bada, University of Colorado Anschutz Medical Campus" id="CHEBI_2015_08_26_Instance_322903" type="identity">
            <class id="CHEBI:30860" label="methylmalonic acid"/>
            <span end="32486" id="17020410-20745" start="32473">methylmalonic</span>
        </annotation>
        <annotation annotator="Mike Bada, University of Colorado Anschutz Medical Campus" id="CHEBI_2015_08_26_Instance_322905" type="identity">
            <class id="CHEBI_SO_EXT:nucleotide" label="nucleotide"/>
            <span end="33111" id="17020410-20747" start="33101">nucleotide</span>
        </annotation>
        <annotation annotator="Mike Bada, University of Colorado Anschutz Medical Campus" id="CHEBI_2015_08_26_Instance_322907" type="identity">
            <class id="CHEBI:51686" label="haematoxylin"/>
            <span end="34197" id="17020410-20749" start="34185">Haematoxylin</span>
        </annotation>
        <annotation annotator="Mike Bada, University of Colorado Anschutz Medical Campus" id="CHEBI_2015_08_26_Instance_322909" type="identity">
            <class id="CHEBI_EXT:eosin" label="eosin"/>
            <span end="34207" id="17020410-20751" start="34202">eosin</span>
        </annotation>
        <annotation annotator="Mike Bada, University of Colorado Anschutz Medical Campus" id="CHEBI_2015_08_26_Instance_322911" type="identity">
            <class id="CHEBI_SO_EXT:amino_acid" label="amino acid"/>
            <span end="34275" id="17020410-20753" start="34265">Amino acid</span>
        </annotation>
        <annotation annotator="Mike Bada, University of Colorado Anschutz Medical Campus" id="CHEBI_2015_08_26_Instance_31737" type="identity">
            <class id="CHEBI:46662" label="mineral"/>
            <span end="34467" id="17020410-20639" start="34460">mineral</span>
        </annotation>
        <annotation annotator="Mike Bada, University of Colorado Anschutz Medical Campus" id="CHEBI_2015_08_26_Instance_380770" type="identity">
            <class id="CHEBI_SO_EXT:molecular_label_or_mark_or_tag_process" label="molecular label/mark/tag process"/>
            <span end="35566" id="17020410-20795" start="35557">labelling</span>
        </annotation>
        <annotation annotator="Mike Bada, University of Colorado Anschutz Medical Campus" id="CHEBI_2015_08_26_Instance_31739" type="identity">
            <class id="CHEBI_EXT:33893" label="reagent"/>
            <span end="36447" id="17020410-20641" start="36439">reagents</span>
        </annotation>
        <annotation annotator="Mike Bada, University of Colorado Anschutz Medical Campus" id="CHEBI_2015_08_26_Instance_322913" type="identity">
            <class id="CHEBI_SO_EXT:base" label="base"/>
            <span end="37011" id="17020410-20755" start="37007">base</span>
        </annotation>
        <annotation annotator="Mike Bada, University of Colorado Anschutz Medical Campus" id="CHEBI_2015_08_26_Instance_322917" type="identity">
            <class id="CHEBI_SO_EXT:base" label="base"/>
            <span end="37080" id="17020410-20759" start="37079">b</span>
        </annotation>
        <annotation annotator="Mike Bada, University of Colorado Anschutz Medical Campus" id="CHEBI_2015_08_26_Instance_322915" type="identity">
            <class id="CHEBI_SO_EXT:base" label="base"/>
            <span end="37091" id="17020410-20757" start="37087">base</span>
        </annotation>
        <annotation annotator="Mike Bada, University of Colorado Anschutz Medical Campus" id="CHEBI_2015_08_26_Instance_322919" type="identity">
            <class id="CHEBI_SO_EXT:nucleotide" label="nucleotide"/>
            <span end="37109" id="17020410-20761" start="37099">nucleotide</span>
        </annotation>
        <annotation annotator="Mike Bada, University of Colorado Anschutz Medical Campus" id="CHEBI_2015_08_26_Instance_322921" type="identity">
            <class id="CHEBI_SO_EXT:DNA" label="DNA"/>
            <span end="37192" id="17020410-20763" start="37189">DNA</span>
        </annotation>
        <annotation annotator="Mike Bada, University of Colorado Anschutz Medical Campus" id="CHEBI_2015_08_26_Instance_322925" type="identity">
            <class id="CHEBI_SO_EXT:RNA" label="RNA"/>
            <span end="37263" id="17020410-20767" start="37260">RNA</span>
        </annotation>
        <annotation annotator="Mike Bada, University of Colorado Anschutz Medical Campus" id="CHEBI_2015_08_26_Instance_322923" type="identity">
            <class id="CHEBI_SO_EXT:DNA" label="DNA"/>
            <span end="37329" id="17020410-20765" start="37326">DNA</span>
        </annotation>
        <annotation annotator="Mike Bada, University of Colorado Anschutz Medical Campus" id="CHEBI_2015_08_26_Instance_322927" type="identity">
            <class id="CHEBI_EXT:polyatomic_entity_or_group" label="polyatomic entity or group"/>
            <span end="37772" id="17020410-20769" start="37763">Molecular</span>
        </annotation>
        <annotation annotator="Mike Bada, University of Colorado Anschutz Medical Campus" id="CHEBI_2015_08_26_Instance_370142" type="identity">
            <class id="CHEBI_GO_EXT:biological_process_or_quality_or_role" label="biological process, quality or role"/>
            <span end="37789" id="17020410-20783" start="37782">Biology</span>
        </annotation>
        <graph-space id="Old Knowtator Relations"/>
    </document>
</knowtator-project>
