<?xml version="1.0" encoding="UTF-8" standalone="no"?>
<knowtator-project>
  <document id="17083276" text-file="17083276.txt">
    <annotation annotator="Mike Bada, University of Colorado Anschutz Medical Campus" id="CHEBI_2015_08_26_Instance_380957" type="identity">
      <class id="CHEBI_SO_EXT:molecular_label_or_mark_or_tag_process" label="molecular label/mark/tag process"/>
      <span end="165" id="17083276-22129" start="158">marking</span>
    </annotation>
    <annotation annotator="Mike Bada, University of Colorado Anschutz Medical Campus" id="CHEBI_2015_08_26_Instance_323520" type="identity">
      <class id="CHEBI_SO_EXT:RNA" label="RNA"/>
      <span end="1220" id="17083276-21803" start="1217">RNA</span>
    </annotation>
    <annotation annotator="Mike Bada, University of Colorado Anschutz Medical Campus" id="CHEBI_2015_08_26_Instance_31437" type="identity">
      <class id="CHEBI:15358" label="histone"/>
      <span end="1434" id="17083276-21729" start="1427">histone</span>
    </annotation>
    <annotation annotator="Mike Bada, University of Colorado Anschutz Medical Campus" id="CHEBI_2015_08_26_Instance_380959" type="identity">
      <class id="CHEBI_SO_EXT:molecular_indicator_or_label_or_marker_or_tag" label="molecular indicator/label/marker/tag"/>
      <span end="1452" id="17083276-22131" start="1447">marks</span>
    </annotation>
    <annotation annotator="Mike Bada, University of Colorado Anschutz Medical Campus" id="CHEBI_2015_08_26_Instance_380961" type="identity">
      <class id="CHEBI_SO_EXT:molecular_label_or_mark_or_tag_process" label="molecular label/mark/tag process"/>
      <span end="1894" id="17083276-22133" start="1887">marking</span>
    </annotation>
    <annotation annotator="Mike Bada, University of Colorado Anschutz Medical Campus" id="CHEBI_2015_08_26_Instance_323522" type="identity">
      <class id="CHEBI_SO_EXT:DNA" label="DNA"/>
      <span end="2090" id="17083276-21805" start="2087">DNA</span>
    </annotation>
    <annotation annotator="Mike Bada, University of Colorado Anschutz Medical Campus" id="CHEBI_2015_08_26_Instance_31439" type="identity">
      <class id="CHEBI:15358" label="histone"/>
      <span end="2121" id="17083276-21731" start="2114">histone</span>
    </annotation>
    <annotation annotator="Mike Bada, University of Colorado Anschutz Medical Campus" id="CHEBI_2015_08_26_Instance_331600" type="identity">
      <class id="CHEBI_PR_EXT:protein" label="protein"/>
      <span end="2130" id="17083276-22115" start="2122">proteins</span>
    </annotation>
    <annotation annotator="Mike Bada, University of Colorado Anschutz Medical Campus" id="CHEBI_2015_08_26_Instance_331284" type="identity">
      <class id="CHEBI_EXT:biochemical" label="biochemical"/>
      <span end="2180" id="17083276-22103" start="2169">biochemical</span>
    </annotation>
    <annotation annotator="Mike Bada, University of Colorado Anschutz Medical Campus" id="CHEBI_2015_08_26_Instance_323524" type="identity">
      <class id="CHEBI_SO_EXT:DNA" label="DNA"/>
      <span end="2446" id="17083276-21807" start="2443">DNA</span>
    </annotation>
    <annotation annotator="Mike Bada, University of Colorado Anschutz Medical Campus" id="CHEBI_2015_08_26_Instance_323526" type="identity">
      <class id="CHEBI_GO_SO_EXT:enzyme" label="enzyme"/>
      <span end="2659" id="17083276-21809" start="2652">enzymes</span>
    </annotation>
    <annotation annotator="Mike Bada, University of Colorado Anschutz Medical Campus" id="CHEBI_2015_08_26_Instance_323530" type="identity">
      <class id="CHEBI_SO_EXT:DNA" label="DNA"/>
      <span end="3478" id="17083276-21811" start="3475">DNA</span>
    </annotation>
    <annotation annotator="Mike Bada, University of Colorado Anschutz Medical Campus" id="CHEBI_2015_08_26_Instance_31441" type="identity">
      <class id="CHEBI:15358" label="histone"/>
      <span end="3641" id="17083276-21733" start="3634">histone</span>
    </annotation>
    <annotation annotator="Mike Bada, University of Colorado Anschutz Medical Campus" id="CHEBI_2015_08_26_Instance_323534" type="identity">
      <class id="CHEBI_GO_SO_EXT:enzyme" label="enzyme"/>
      <span end="3659" id="17083276-21813" start="3652">enzymes</span>
    </annotation>
    <annotation annotator="Mike Bada, University of Colorado Anschutz Medical Campus" id="CHEBI_2015_08_26_Instance_31443" type="identity">
      <class id="CHEBI:15358" label="histone"/>
      <span end="3702" id="17083276-21735" start="3695">histone</span>
    </annotation>
    <annotation annotator="Mike Bada, University of Colorado Anschutz Medical Campus" id="CHEBI_2015_08_26_Instance_31445" type="identity">
      <class id="CHEBI:15358" label="histone"/>
      <span end="3830" id="17083276-21737" start="3823">histone</span>
    </annotation>
    <annotation annotator="Mike Bada, University of Colorado Anschutz Medical Campus" id="CHEBI_2015_08_26_Instance_31447" type="identity">
      <class id="CHEBI:15358" label="histone"/>
      <span end="4059" id="17083276-21739" start="4052">histone</span>
    </annotation>
    <annotation annotator="Mike Bada, University of Colorado Anschutz Medical Campus" id="CHEBI_2015_08_26_Instance_31449" type="identity">
      <class id="CHEBI:15358" label="histone"/>
      <span end="4178" id="17083276-21741" start="4171">histone</span>
    </annotation>
    <annotation annotator="Mike Bada, University of Colorado Anschutz Medical Campus" id="CHEBI_2015_08_26_Instance_323540" type="identity">
      <class id="CHEBI_SO_EXT:DNA" label="DNA"/>
      <span end="4226" id="17083276-21817" start="4223">DNA</span>
    </annotation>
    <annotation annotator="Mike Bada, University of Colorado Anschutz Medical Campus" id="CHEBI_2015_08_26_Instance_323538" type="identity">
      <class id="CHEBI_SO_EXT:DNA" label="DNA"/>
      <span end="4252" id="17083276-21815" start="4249">DNA</span>
    </annotation>
    <annotation annotator="Mike Bada, University of Colorado Anschutz Medical Campus" id="CHEBI_2015_08_26_Instance_31451" type="identity">
      <class id="CHEBI:15358" label="histone"/>
      <span end="4308" id="17083276-21743" start="4301">histone</span>
    </annotation>
    <annotation annotator="Mike Bada, University of Colorado Anschutz Medical Campus" id="CHEBI_2015_08_26_Instance_323542" type="identity">
      <class id="CHEBI_SO_EXT:DNA" label="DNA"/>
      <span end="4368" id="17083276-21819" start="4365">DNA</span>
    </annotation>
    <annotation annotator="Mike Bada, University of Colorado Anschutz Medical Campus" id="CHEBI_2015_08_26_Instance_31641" type="identity">
      <class id="CHEBI:15358" label="histone"/>
      <span end="4404" id="17083276-21759" start="4397">histone</span>
    </annotation>
    <annotation annotator="Mike Bada, University of Colorado Anschutz Medical Campus" id="CHEBI_2015_08_26_Instance_323544" type="identity">
      <class id="CHEBI_SO_EXT:DNA" label="DNA"/>
      <span end="4480" id="17083276-21821" start="4477">DNA</span>
    </annotation>
    <annotation annotator="Mike Bada, University of Colorado Anschutz Medical Campus" id="CHEBI_2015_08_26_Instance_310378" type="identity">
      <class id="CHEBI_PR_EXT:protein" label="protein"/>
      <span end="4615" id="17083276-21697" start="4607">proteins</span>
    </annotation>
    <annotation annotator="Mike Bada, University of Colorado Anschutz Medical Campus" id="CHEBI_2015_08_26_Instance_310380" type="identity">
      <class id="CHEBI_PR_EXT:protein" label="protein"/>
      <span end="4677" id="17083276-21699" start="4670">protein</span>
    </annotation>
    <annotation annotator="Mike Bada, University of Colorado Anschutz Medical Campus" id="CHEBI_2015_08_26_Instance_310382" type="identity">
      <class id="CHEBI_PR_EXT:protein" label="protein"/>
      <span end="4731" id="17083276-21701" start="4724">protein</span>
    </annotation>
    <annotation annotator="Mike Bada, University of Colorado Anschutz Medical Campus" id="CHEBI_2015_08_26_Instance_31643" type="identity">
      <class id="CHEBI:15358" label="histone"/>
      <span end="4753" id="17083276-21761" start="4746">histone</span>
    </annotation>
    <annotation annotator="Mike Bada, University of Colorado Anschutz Medical Campus" id="CHEBI_2015_08_26_Instance_31645" type="identity">
      <class id="CHEBI:15358" label="histone"/>
      <span end="4788" id="17083276-21763" start="4781">histone</span>
    </annotation>
    <annotation annotator="Mike Bada, University of Colorado Anschutz Medical Campus" id="CHEBI_2015_08_26_Instance_323546" type="identity">
      <class id="CHEBI:36357" label="polyatomic entity"/>
      <span end="4916" id="17083276-21823" start="4907">molecules</span>
    </annotation>
    <annotation annotator="Mike Bada, University of Colorado Anschutz Medical Campus" id="CHEBI_2015_08_26_Instance_31647" type="identity">
      <class id="CHEBI:15358" label="histone"/>
      <span end="5189" id="17083276-21765" start="5182">histone</span>
    </annotation>
    <annotation annotator="Mike Bada, University of Colorado Anschutz Medical Campus" id="CHEBI_2015_08_26_Instance_331286" type="identity">
      <class id="CHEBI_EXT:biochemical" label="biochemical"/>
      <span end="5242" id="17083276-22105" start="5229">biochemically</span>
    </annotation>
    <annotation annotator="Mike Bada, University of Colorado Anschutz Medical Campus" id="CHEBI_2015_08_26_Instance_323548" type="identity">
      <class id="CHEBI_SO_EXT:RNA" label="RNA"/>
      <span end="5528" id="17083276-21825" start="5525">RNA</span>
    </annotation>
    <annotation annotator="Mike Bada, University of Colorado Anschutz Medical Campus" id="CHEBI_2015_08_26_Instance_380963" type="identity">
      <class id="CHEBI_SO_EXT:molecular_label_or_mark_or_tag_process" label="molecular label/mark/tag process"/>
      <span end="5727" id="17083276-22135" start="5720">marking</span>
    </annotation>
    <annotation annotator="Mike Bada, University of Colorado Anschutz Medical Campus" id="CHEBI_2015_08_26_Instance_310384" type="identity">
      <class id="CHEBI_PR_EXT:protein" label="protein"/>
      <span end="6941" id="17083276-21703" start="6934">protein</span>
    </annotation>
    <annotation annotator="Mike Bada, University of Colorado Anschutz Medical Campus" id="CHEBI_2015_08_26_Instance_310386" type="identity">
      <class id="CHEBI_PR_EXT:protein" label="protein"/>
      <span end="7030" id="17083276-21705" start="7023">protein</span>
    </annotation>
    <annotation annotator="Mike Bada, University of Colorado Anschutz Medical Campus" id="CHEBI_2015_08_26_Instance_323550" type="identity">
      <class id="CHEBI_EXT:51217" label="fluorochrome"/>
      <span end="7398" id="17083276-21827" start="7386">fluorochrome</span>
    </annotation>
    <annotation annotator="Mike Bada, University of Colorado Anschutz Medical Campus" id="CHEBI_2015_08_26_Instance_323552" type="identity">
      <class id="CHEBI:51231" label="DAPI"/>
      <span end="7403" id="17083276-21829" start="7399">DAPI</span>
    </annotation>
    <annotation annotator="Mike Bada, University of Colorado Anschutz Medical Campus" id="CHEBI_2015_08_26_Instance_323554" type="identity">
      <class id="CHEBI:51231" label="DAPI"/>
      <span end="7652" id="17083276-21831" start="7648">DAPI</span>
    </annotation>
    <annotation annotator="Mike Bada, University of Colorado Anschutz Medical Campus" id="CHEBI_2015_08_26_Instance_323556" type="identity">
      <class id="CHEBI:51231" label="DAPI"/>
      <span end="8059" id="17083276-21833" start="8055">DAPI</span>
    </annotation>
    <annotation annotator="Mike Bada, University of Colorado Anschutz Medical Campus" id="CHEBI_2015_08_26_Instance_323558" type="identity">
      <class id="CHEBI:51231" label="DAPI"/>
      <span end="8238" id="17083276-21835" start="8234">DAPI</span>
    </annotation>
    <annotation annotator="Mike Bada, University of Colorado Anschutz Medical Campus" id="CHEBI_2015_08_26_Instance_323560" type="identity">
      <class id="CHEBI:51231" label="DAPI"/>
      <span end="8384" id="17083276-21837" start="8380">DAPI</span>
    </annotation>
    <annotation annotator="Mike Bada, University of Colorado Anschutz Medical Campus" id="CHEBI_2015_08_26_Instance_323564" type="identity">
      <class id="CHEBI:51231" label="DAPI"/>
      <span end="8692" id="17083276-21841" start="8688">DAPI</span>
    </annotation>
    <annotation annotator="Mike Bada, University of Colorado Anschutz Medical Campus" id="CHEBI_2015_08_26_Instance_323562" type="identity">
      <class id="CHEBI:51231" label="DAPI"/>
      <span end="8753" id="17083276-21839" start="8749">DAPI</span>
    </annotation>
    <annotation annotator="Mike Bada, University of Colorado Anschutz Medical Campus" id="CHEBI_2015_08_26_Instance_323566" type="identity">
      <class id="CHEBI:51231" label="DAPI"/>
      <span end="8959" id="17083276-21843" start="8955">DAPI</span>
    </annotation>
    <annotation annotator="Mike Bada, University of Colorado Anschutz Medical Campus" id="CHEBI_2015_08_26_Instance_310388" type="identity">
      <class id="CHEBI_PR_EXT:protein" label="protein"/>
      <span end="9352" id="17083276-21707" start="9345">protein</span>
    </annotation>
    <annotation annotator="Mike Bada, University of Colorado Anschutz Medical Campus" id="CHEBI_2015_08_26_Instance_323568" type="identity">
      <class id="CHEBI:51231" label="DAPI"/>
      <span end="9971" id="17083276-21845" start="9967">DAPI</span>
    </annotation>
    <annotation annotator="Mike Bada, University of Colorado Anschutz Medical Campus" id="CHEBI_2015_08_26_Instance_323570" type="identity">
      <class id="CHEBI:51231" label="DAPI"/>
      <span end="10031" id="17083276-21847" start="10027">DAPI</span>
    </annotation>
    <annotation annotator="Mike Bada, University of Colorado Anschutz Medical Campus" id="CHEBI_2015_08_26_Instance_310390" type="identity">
      <class id="CHEBI_PR_EXT:protein" label="protein"/>
      <span end="11096" id="17083276-21709" start="11089">protein</span>
    </annotation>
    <annotation annotator="Mike Bada, University of Colorado Anschutz Medical Campus" id="CHEBI_2015_08_26_Instance_310392" type="identity">
      <class id="CHEBI_PR_EXT:protein" label="protein"/>
      <span end="11593" id="17083276-21711" start="11585">proteins</span>
    </annotation>
    <annotation annotator="Mike Bada, University of Colorado Anschutz Medical Campus" id="CHEBI_2015_08_26_Instance_31649" type="identity">
      <class id="CHEBI:15358" label="histone"/>
      <span end="11609" id="17083276-21767" start="11602">histone</span>
    </annotation>
    <annotation annotator="Mike Bada, University of Colorado Anschutz Medical Campus" id="CHEBI_2015_08_26_Instance_323572" type="identity">
      <class id="CHEBI_EXT:thymine_nucleobase_or_nucleoside_or_nucleotide_molecular_entity_or_group" label="thymine nucleobase/nucleoside/nucleotide molecular entity or group"/>
      <span end="12129" id="17083276-21849" start="12120">thymidine</span>
    </annotation>
    <annotation annotator="Mike Bada, University of Colorado Anschutz Medical Campus" id="CHEBI_2015_08_26_Instance_323574" type="identity">
      <class id="CHEBI:472552" label="5-bromo-2'-deoxyuridine"/>
      <span end="12154" id="17083276-21851" start="12137">bromodeoxyuridine</span>
    </annotation>
    <annotation annotator="Mike Bada, University of Colorado Anschutz Medical Campus" id="CHEBI_2015_08_26_Instance_323576" type="identity">
      <class id="CHEBI:472552" label="5-bromo-2'-deoxyuridine"/>
      <span end="12160" id="17083276-21853" start="12156">BrdU</span>
    </annotation>
    <annotation annotator="Mike Bada, University of Colorado Anschutz Medical Campus" id="CHEBI_2015_08_26_Instance_330638" type="identity">
      <class id="CHEBI_EXT:59132" label="antigen"/>
      <span end="12219" id="17083276-22099" start="12212">antigen</span>
    </annotation>
    <annotation annotator="Mike Bada, University of Colorado Anschutz Medical Campus" id="CHEBI_2015_08_26_Instance_323578" type="identity">
      <class id="CHEBI_SO_EXT:DNA" label="DNA"/>
      <span end="12309" id="17083276-21855" start="12306">DNA</span>
    </annotation>
    <annotation annotator="Mike Bada, University of Colorado Anschutz Medical Campus" id="CHEBI_2015_08_26_Instance_323580" type="identity">
      <class id="CHEBI_SO_EXT:DNA" label="DNA"/>
      <span end="12855" id="17083276-21857" start="12852">DNA</span>
    </annotation>
    <annotation annotator="Mike Bada, University of Colorado Anschutz Medical Campus" id="CHEBI_2015_08_26_Instance_323582" type="identity">
      <class id="CHEBI:51231" label="DAPI"/>
      <span end="13228" id="17083276-21859" start="13224">DAPI</span>
    </annotation>
    <annotation annotator="Mike Bada, University of Colorado Anschutz Medical Campus" id="CHEBI_2015_08_26_Instance_323584" type="identity">
      <class id="CHEBI:51231" label="DAPI"/>
      <span end="13522" id="17083276-21861" start="13518">DAPI</span>
    </annotation>
    <annotation annotator="Mike Bada, University of Colorado Anschutz Medical Campus" id="CHEBI_2015_08_26_Instance_323586" type="identity">
      <class id="CHEBI:51231" label="DAPI"/>
      <span end="13825" id="17083276-21863" start="13821">DAPI</span>
    </annotation>
    <annotation annotator="Mike Bada, University of Colorado Anschutz Medical Campus" id="CHEBI_2015_08_26_Instance_323588" type="identity">
      <class id="CHEBI:51231" label="DAPI"/>
      <span end="14039" id="17083276-21865" start="14035">DAPI</span>
    </annotation>
    <annotation annotator="Mike Bada, University of Colorado Anschutz Medical Campus" id="CHEBI_2015_08_26_Instance_31651" type="identity">
      <class id="CHEBI:15358" label="histone"/>
      <span end="14566" id="17083276-21769" start="14559">histone</span>
    </annotation>
    <annotation annotator="Mike Bada, University of Colorado Anschutz Medical Campus" id="CHEBI_2015_08_26_Instance_323590" type="identity">
      <class id="CHEBI_SO_EXT:DNA" label="DNA"/>
      <span end="14598" id="17083276-21867" start="14595">DNA</span>
    </annotation>
    <annotation annotator="Mike Bada, University of Colorado Anschutz Medical Campus" id="CHEBI_2015_08_26_Instance_31653" type="identity">
      <class id="CHEBI:15358" label="histone"/>
      <span end="15041" id="17083276-21771" start="15034">histone</span>
    </annotation>
    <annotation annotator="Mike Bada, University of Colorado Anschutz Medical Campus" id="CHEBI_2015_08_26_Instance_330466" type="identity">
      <class id="CHEBI_CHMO_EXT:buffer_solution" label="buffer solution"/>
      <span end="15183" id="17083276-22085" start="15176">buffers</span>
    </annotation>
    <annotation annotator="Mike Bada, University of Colorado Anschutz Medical Campus" id="CHEBI_2015_08_26_Instance_32871" type="identity">
      <class id="CHEBI:24866" label="salt"/>
      <span end="15203" id="17083276-22061" start="15199">salt</span>
    </annotation>
    <annotation annotator="Mike Bada, University of Colorado Anschutz Medical Campus" id="CHEBI_2015_08_26_Instance_32873" type="identity">
      <class id="CHEBI:26710" label="sodium chloride"/>
      <span end="15243" id="17083276-22063" start="15239">NaCl</span>
    </annotation>
    <annotation annotator="Mike Bada, University of Colorado Anschutz Medical Campus" id="CHEBI_2015_08_26_Instance_32875" type="identity">
      <class id="CHEBI:26710" label="sodium chloride"/>
      <span end="15255" id="17083276-22065" start="15251">NaCl</span>
    </annotation>
    <annotation annotator="Mike Bada, University of Colorado Anschutz Medical Campus" id="CHEBI_2015_08_26_Instance_31655" type="identity">
      <class id="CHEBI:15358" label="histone"/>
      <span end="15297" id="17083276-21773" start="15290">histone</span>
    </annotation>
    <annotation annotator="Mike Bada, University of Colorado Anschutz Medical Campus" id="CHEBI_2015_08_26_Instance_380965" type="identity">
      <class id="CHEBI_SO_EXT:molecular_indicator_or_label_or_marker_or_tag" label="molecular indicator/label/marker/tag"/>
      <span end="15779" id="17083276-22137" start="15774">marks</span>
    </annotation>
    <annotation annotator="Mike Bada, University of Colorado Anschutz Medical Campus" id="CHEBI_2015_08_26_Instance_323592" type="identity">
      <class id="CHEBI_SO_EXT:DNA" label="DNA"/>
      <span end="15861" id="17083276-21869" start="15858">DNA</span>
    </annotation>
    <annotation annotator="Mike Bada, University of Colorado Anschutz Medical Campus" id="CHEBI_2015_08_26_Instance_323594" type="identity">
      <class id="CHEBI_SO_EXT:DNA" label="DNA"/>
      <span end="16096" id="17083276-21871" start="16093">DNA</span>
    </annotation>
    <annotation annotator="Mike Bada, University of Colorado Anschutz Medical Campus" id="CHEBI_2015_08_26_Instance_323596" type="identity">
      <class id="CHEBI_SO_EXT:DNA" label="DNA"/>
      <span end="16500" id="17083276-21873" start="16497">DNA</span>
    </annotation>
    <annotation annotator="Mike Bada, University of Colorado Anschutz Medical Campus" id="CHEBI_2015_08_26_Instance_31657" type="identity">
      <class id="CHEBI:15358" label="histone"/>
      <span end="16589" id="17083276-21775" start="16582">histone</span>
    </annotation>
    <annotation annotator="Mike Bada, University of Colorado Anschutz Medical Campus" id="CHEBI_2015_08_26_Instance_323598" type="identity">
      <class id="CHEBI_SO_EXT:DNA" label="DNA"/>
      <span end="16719" id="17083276-21875" start="16716">DNA</span>
    </annotation>
    <annotation annotator="Mike Bada, University of Colorado Anschutz Medical Campus" id="CHEBI_2015_08_26_Instance_323600" type="identity">
      <class id="CHEBI_SO_EXT:DNA" label="DNA"/>
      <span end="17231" id="17083276-21877" start="17228">DNA</span>
    </annotation>
    <annotation annotator="Mike Bada, University of Colorado Anschutz Medical Campus" id="CHEBI_2015_08_26_Instance_380967" type="identity">
      <class id="CHEBI_SO_EXT:molecular_indicator_or_label_or_marker_or_tag" label="molecular indicator/label/marker/tag"/>
      <span end="17430" id="17083276-22139" start="17426">mark</span>
    </annotation>
    <annotation annotator="Mike Bada, University of Colorado Anschutz Medical Campus" id="CHEBI_2015_08_26_Instance_323602" type="identity">
      <class id="CHEBI:51231" label="DAPI"/>
      <span end="17646" id="17083276-21879" start="17642">DAPI</span>
    </annotation>
    <annotation annotator="Mike Bada, University of Colorado Anschutz Medical Campus" id="CHEBI_2015_08_26_Instance_323606" type="identity">
      <class id="CHEBI_SO_EXT:epitope" label="epitope"/>
      <span end="18059" id="17083276-21883" start="18051">epitopes</span>
    </annotation>
    <annotation annotator="Mike Bada, University of Colorado Anschutz Medical Campus" id="CHEBI_2015_08_26_Instance_323604" type="identity">
      <class id="CHEBI:51231" label="DAPI"/>
      <span end="18104" id="17083276-21881" start="18100">DAPI</span>
    </annotation>
    <annotation annotator="Mike Bada, University of Colorado Anschutz Medical Campus" id="CHEBI_2015_08_26_Instance_380969" type="identity">
      <class id="CHEBI_SO_EXT:molecular_label_or_mark_or_tag_process" label="molecular label/mark/tag process"/>
      <span end="18296" id="17083276-22141" start="18289">marking</span>
    </annotation>
    <annotation annotator="Mike Bada, University of Colorado Anschutz Medical Campus" id="CHEBI_2015_08_26_Instance_323608" type="identity">
      <class id="CHEBI_SO_EXT:DNA" label="DNA"/>
      <span end="18499" id="17083276-21885" start="18496">DNA</span>
    </annotation>
    <annotation annotator="Mike Bada, University of Colorado Anschutz Medical Campus" id="CHEBI_2015_08_26_Instance_323610" type="identity">
      <class id="CHEBI_SO_EXT:DNA" label="DNA"/>
      <span end="18729" id="17083276-21887" start="18726">DNA</span>
    </annotation>
    <annotation annotator="Mike Bada, University of Colorado Anschutz Medical Campus" id="CHEBI_2015_08_26_Instance_323612" type="identity">
      <class id="CHEBI_SO_EXT:DNA" label="DNA"/>
      <span end="18945" id="17083276-21889" start="18942">DNA</span>
    </annotation>
    <annotation annotator="Mike Bada, University of Colorado Anschutz Medical Campus" id="CHEBI_2015_08_26_Instance_310394" type="identity">
      <class id="CHEBI_PR_EXT:protein" label="protein"/>
      <span end="20079" id="17083276-21713" start="20071">proteins</span>
    </annotation>
    <annotation annotator="Mike Bada, University of Colorado Anschutz Medical Campus" id="CHEBI_2015_08_26_Instance_380971" type="identity">
      <class id="CHEBI_SO_EXT:molecular_label_or_mark_or_tag_process" label="molecular label/mark/tag process"/>
      <span end="21133" id="17083276-22143" start="21126">marking</span>
    </annotation>
    <annotation annotator="Mike Bada, University of Colorado Anschutz Medical Campus" id="CHEBI_2015_08_26_Instance_380973" type="identity">
      <class id="CHEBI_SO_EXT:molecular_label_or_mark_or_tag_process" label="molecular label/mark/tag process"/>
      <span end="21263" id="17083276-22145" start="21256">marking</span>
    </annotation>
    <annotation annotator="Mike Bada, University of Colorado Anschutz Medical Campus" id="CHEBI_2015_08_26_Instance_31659" type="identity">
      <class id="CHEBI:15358" label="histone"/>
      <span end="21448" id="17083276-21777" start="21441">histone</span>
    </annotation>
    <annotation annotator="Mike Bada, University of Colorado Anschutz Medical Campus" id="CHEBI_2015_08_26_Instance_323614" type="identity">
      <class id="CHEBI_SO_EXT:DNA" label="DNA"/>
      <span end="23059" id="17083276-21891" start="23056">DNA</span>
    </annotation>
    <annotation annotator="Mike Bada, University of Colorado Anschutz Medical Campus" id="CHEBI_2015_08_26_Instance_323616" type="identity">
      <class id="CHEBI:36357" label="polyatomic entity"/>
      <span end="23155" id="17083276-21893" start="23147">molecule</span>
    </annotation>
    <annotation annotator="Mike Bada, University of Colorado Anschutz Medical Campus" id="CHEBI_2015_08_26_Instance_310396" type="identity">
      <class id="CHEBI_PR_EXT:protein" label="protein"/>
      <span end="23255" id="17083276-21715" start="23248">protein</span>
    </annotation>
    <annotation annotator="Mike Bada, University of Colorado Anschutz Medical Campus" id="CHEBI_2015_08_26_Instance_323624" type="identity">
      <class id="CHEBI_SO_EXT:DNA" label="DNA"/>
      <span end="24539" id="17083276-21897" start="24536">DNA</span>
    </annotation>
    <annotation annotator="Mike Bada, University of Colorado Anschutz Medical Campus" id="CHEBI_2015_08_26_Instance_31661" type="identity">
      <class id="CHEBI:15358" label="histone"/>
      <span end="24563" id="17083276-21779" start="24556">histone</span>
    </annotation>
    <annotation annotator="Mike Bada, University of Colorado Anschutz Medical Campus" id="CHEBI_2015_08_26_Instance_323618" type="identity">
      <class id="CHEBI_GO_SO_EXT:enzyme" label="enzyme"/>
      <span end="24581" id="17083276-21895" start="24574">enzymes</span>
    </annotation>
    <annotation annotator="Mike Bada, University of Colorado Anschutz Medical Campus" id="CHEBI_2015_08_26_Instance_323626" type="identity">
      <class id="CHEBI_SO_EXT:base" label="base"/>
      <span end="24945" id="17083276-21899" start="24944">b</span>
    </annotation>
    <annotation annotator="Mike Bada, University of Colorado Anschutz Medical Campus" id="CHEBI_2015_08_26_Instance_323628" type="identity">
      <class id="CHEBI_SO_EXT:DNA" label="DNA"/>
      <span end="24985" id="17083276-21901" start="24982">DNA</span>
    </annotation>
    <annotation annotator="Mike Bada, University of Colorado Anschutz Medical Campus" id="CHEBI_2015_08_26_Instance_430106" type="identity">
      <class id="CHEBI:7507" label="neomycin"/>
      <span end="25052" id="17083276-22151" start="25044">neomycin</span>
    </annotation>
    <annotation annotator="Mike Bada, University of Colorado Anschutz Medical Campus" id="CHEBI_2015_08_26_Instance_32877" type="identity">
      <class id="CHEBI_EXT:27026" label="toxin"/>
      <span end="25077" id="17083276-22067" start="25072">toxin</span>
    </annotation>
    <annotation annotator="Mike Bada, University of Colorado Anschutz Medical Campus" id="CHEBI_2015_08_26_Instance_330674" type="identity">
      <class id="CHEBI:60004" label="mixture"/>
      <span end="25556" id="17083276-22101" start="25553">mix</span>
    </annotation>
    <annotation annotator="Mike Bada, University of Colorado Anschutz Medical Campus" id="CHEBI_2015_08_26_Instance_323630" type="identity">
      <class id="CHEBI_SO_EXT:oligonucleotide" label="oligonucleotide"/>
      <span end="25583" id="17083276-21903" start="25568">oligonucleotide</span>
    </annotation>
    <annotation annotator="Mike Bada, University of Colorado Anschutz Medical Campus" id="CHEBI_2015_08_26_Instance_323632" type="identity">
      <class id="CHEBI_SO_EXT:oligonucleotide" label="oligonucleotide"/>
      <span end="25804" id="17083276-21905" start="25789">oligonucleotide</span>
    </annotation>
    <annotation annotator="Mike Bada, University of Colorado Anschutz Medical Campus" id="CHEBI_2015_08_26_Instance_32879" type="identity">
      <class id="CHEBI:2511" label="agarose"/>
      <span end="25886" id="17083276-22069" start="25879">agarose</span>
    </annotation>
    <annotation annotator="Mike Bada, University of Colorado Anschutz Medical Campus" id="CHEBI_2015_08_26_Instance_32881" type="identity">
      <class id="CHEBI:17939" label="puromycin"/>
      <span end="26109" id="17083276-22071" start="26100">puromycin</span>
    </annotation>
    <annotation annotator="Mike Bada, University of Colorado Anschutz Medical Campus" id="CHEBI_2015_08_26_Instance_323636" type="identity">
      <class id="CHEBI_SO_EXT:RNA" label="RNA"/>
      <span end="26476" id="17083276-21909" start="26473">RNA</span>
    </annotation>
    <annotation annotator="Mike Bada, University of Colorado Anschutz Medical Campus" id="CHEBI_2015_08_26_Instance_323634" type="identity">
      <class id="CHEBI_SO_EXT:RNA" label="RNA"/>
      <span end="26577" id="17083276-21907" start="26574">RNA</span>
    </annotation>
    <annotation annotator="Mike Bada, University of Colorado Anschutz Medical Campus" id="CHEBI_2015_08_26_Instance_323640" type="identity">
      <class id="CHEBI_SO_EXT:RNA" label="RNA"/>
      <span end="26648" id="17083276-21913" start="26645">RNA</span>
    </annotation>
    <annotation annotator="Mike Bada, University of Colorado Anschutz Medical Campus" id="CHEBI_2015_08_26_Instance_323638" type="identity">
      <class id="CHEBI:5291" label="gelatin"/>
      <span end="26684" id="17083276-21911" start="26677">gelatin</span>
    </annotation>
    <annotation annotator="Mike Bada, University of Colorado Anschutz Medical Campus" id="CHEBI_2015_08_26_Instance_32883" type="identity">
      <class id="CHEBI:17939" label="puromycin"/>
      <span end="26760" id="17083276-22073" start="26751">Puromycin</span>
    </annotation>
    <annotation annotator="Mike Bada, University of Colorado Anschutz Medical Campus" id="CHEBI_2015_08_26_Instance_32885" type="identity">
      <class id="CHEBI:17939" label="puromycin"/>
      <span end="27433" id="17083276-22075" start="27424">puromycin</span>
    </annotation>
    <annotation annotator="Mike Bada, University of Colorado Anschutz Medical Campus" id="CHEBI_2015_08_26_Instance_323642" type="identity">
      <class id="CHEBI_EXT:paraformaldehye" label="paraformaldehyde"/>
      <span end="27858" id="17083276-21915" start="27842">paraformaldehyde</span>
    </annotation>
    <annotation annotator="Mike Bada, University of Colorado Anschutz Medical Campus" id="CHEBI_2015_08_26_Instance_32887" type="identity">
      <class id="CHEBI_EXT:37527" label="acid"/>
      <span end="27978" id="17083276-22077" start="27974">acid</span>
    </annotation>
    <annotation annotator="Mike Bada, University of Colorado Anschutz Medical Campus" id="CHEBI_2015_08_26_Instance_323644" type="identity">
      <class id="CHEBI:472552" label="5-bromo-2'-deoxyuridine"/>
      <span end="28212" id="17083276-21917" start="28208">BrdU</span>
    </annotation>
    <annotation annotator="Mike Bada, University of Colorado Anschutz Medical Campus" id="CHEBI_2015_08_26_Instance_323646" type="identity">
      <class id="CHEBI_EXT:polyatomic_entity_or_group" label="polyatomic entity or group"/>
      <span end="28562" id="17083276-21919" start="28553">Molecular</span>
    </annotation>
    <annotation annotator="Mike Bada, University of Colorado Anschutz Medical Campus" id="CHEBI_2015_08_26_Instance_323648" type="identity">
      <class id="CHEBI_SO_EXT:molecular_probe" label="molecular probe"/>
      <span end="28569" id="17083276-21921" start="28563">Probes</span>
    </annotation>
    <annotation annotator="Mike Bada, University of Colorado Anschutz Medical Campus" id="CHEBI_2015_08_26_Instance_330468" type="identity">
      <class id="CHEBI_CHMO_EXT:buffer_solution" label="buffer solution"/>
      <span end="28668" id="17083276-22087" start="28662">buffer</span>
    </annotation>
    <annotation annotator="Mike Bada, University of Colorado Anschutz Medical Campus" id="CHEBI_2015_08_26_Instance_32889" type="identity">
      <class id="CHEBI:8984" label="sodium dodecyl sulfate"/>
      <span end="28694" id="17083276-22079" start="28691">SDS</span>
    </annotation>
    <annotation annotator="Mike Bada, University of Colorado Anschutz Medical Campus" id="CHEBI_2015_08_26_Instance_31663" type="identity">
      <class id="CHEBI:15358" label="histone"/>
      <span end="28812" id="17083276-21781" start="28805">Histone</span>
    </annotation>
    <annotation annotator="Mike Bada, University of Colorado Anschutz Medical Campus" id="CHEBI_2015_08_26_Instance_330352" type="identity">
      <class id="CHEBI_SO_EXT:DNA" label="DNA"/>
      <span end="28894" id="17083276-22083" start="28891">DNA</span>
    </annotation>
    <annotation annotator="Mike Bada, University of Colorado Anschutz Medical Campus" id="CHEBI_2015_08_26_Instance_323650" type="identity">
      <class id="CHEBI_SO_EXT:molecular_probe" label="molecular probe"/>
      <span end="28908" id="17083276-21923" start="28902">Probes</span>
    </annotation>
    <annotation annotator="Mike Bada, University of Colorado Anschutz Medical Campus" id="CHEBI_2015_08_26_Instance_323658" type="identity">
      <class id="CHEBI:15956" label="biotin"/>
      <span end="28947" id="17083276-21929" start="28941">Biotin</span>
    </annotation>
    <annotation annotator="Mike Bada, University of Colorado Anschutz Medical Campus" id="CHEBI_2015_08_26_Instance_323654" type="identity">
      <class id="CHEBI_EXT:dUTP" label="dUTP"/>
      <span end="28955" id="17083276-21925" start="28951">dUTP</span>
    </annotation>
    <annotation annotator="Mike Bada, University of Colorado Anschutz Medical Campus" id="CHEBI_2015_08_26_Instance_32891" type="identity">
      <class id="CHEBI:42098" label="digoxigenin"/>
      <span end="28970" id="17083276-22081" start="28959">Digoxigenin</span>
    </annotation>
    <annotation annotator="Mike Bada, University of Colorado Anschutz Medical Campus" id="CHEBI_2015_08_26_Instance_323656" type="identity">
      <class id="CHEBI_EXT:dUTP" label="dUTP"/>
      <span end="28978" id="17083276-21927" start="28974">dUTP</span>
    </annotation>
    <annotation annotator="Mike Bada, University of Colorado Anschutz Medical Campus" id="CHEBI_2015_08_26_Instance_380780" type="identity">
      <class id="CHEBI_SO_EXT:molecular_label_or_mark_or_tag_process" label="molecular label/mark/tag process"/>
      <span end="29014" id="17083276-22117" start="29007">labeled</span>
    </annotation>
    <annotation annotator="Mike Bada, University of Colorado Anschutz Medical Campus" id="CHEBI_2015_08_26_Instance_323660" type="identity">
      <class id="CHEBI_SO_EXT:molecular_probe" label="molecular probe"/>
      <span end="29021" id="17083276-21931" start="29015">probes</span>
    </annotation>
    <annotation annotator="Mike Bada, University of Colorado Anschutz Medical Campus" id="CHEBI_2015_08_26_Instance_331288" type="identity">
      <class id="CHEBI_EXT:biochemical" label="biochemical"/>
      <span end="29353" id="17083276-22107" start="29342">biochemical</span>
    </annotation>
    <annotation annotator="Mike Bada, University of Colorado Anschutz Medical Campus" id="CHEBI_2015_08_26_Instance_330470" type="identity">
      <class id="CHEBI_CHMO_EXT:buffer_solution" label="buffer solution"/>
      <span end="29429" id="17083276-22089" start="29423">buffer</span>
    </annotation>
    <annotation annotator="Mike Bada, University of Colorado Anschutz Medical Campus" id="CHEBI_2015_08_26_Instance_21761" type="identity">
      <class id="CHEBI:9754" label="tris"/>
      <span end="29443" id="17083276-21675" start="29439">Tris</span>
    </annotation>
    <annotation annotator="Mike Bada, University of Colorado Anschutz Medical Campus" id="CHEBI_2015_08_26_Instance_25901" type="identity">
      <class id="CHEBI:17883" label="hydrogen chloride"/>
      <span end="29447" id="17083276-21677" start="29444">HCl</span>
    </annotation>
    <annotation annotator="Mike Bada, University of Colorado Anschutz Medical Campus" id="CHEBI_2015_08_26_Instance_27167" type="identity">
      <class id="CHEBI:17992" label="sucrose"/>
      <span end="29471" id="17083276-21679" start="29464">sucrose</span>
    </annotation>
    <annotation annotator="Mike Bada, University of Colorado Anschutz Medical Campus" id="CHEBI_2015_08_26_Instance_27863" type="identity">
      <class id="CHEBI:32588" label="potassium chloride"/>
      <span end="29482" id="17083276-21681" start="29479">KCl</span>
    </annotation>
    <annotation annotator="Mike Bada, University of Colorado Anschutz Medical Campus" id="CHEBI_2015_08_26_Instance_28167" type="identity">
      <class id="CHEBI:26710" label="sodium chloride"/>
      <span end="29494" id="17083276-21683" start="29490">NaCl</span>
    </annotation>
    <annotation annotator="Mike Bada, University of Colorado Anschutz Medical Campus" id="CHEBI_2015_08_26_Instance_28169" type="identity">
      <class id="CHEBI:6636" label="magnesium dichloride"/>
      <span end="29506" id="17083276-21685" start="29501">MgCl2</span>
    </annotation>
    <annotation annotator="Mike Bada, University of Colorado Anschutz Medical Campus" id="CHEBI_2015_08_26_Instance_323664" type="identity">
      <class id="CHEBI_EXT:EGTA" label="EGTA"/>
      <span end="29519" id="17083276-21933" start="29515">EGTA</span>
    </annotation>
    <annotation annotator="Mike Bada, University of Colorado Anschutz Medical Campus" id="CHEBI_2015_08_26_Instance_28173" type="identity">
      <class id="CHEBI:17992" label="sucrose"/>
      <span end="29666" id="17083276-21687" start="29659">sucrose</span>
    </annotation>
    <annotation annotator="Mike Bada, University of Colorado Anschutz Medical Campus" id="CHEBI_2015_08_26_Instance_330472" type="identity">
      <class id="CHEBI_CHMO_EXT:buffer_solution" label="buffer solution"/>
      <span end="29683" id="17083276-22091" start="29677">buffer</span>
    </annotation>
    <annotation annotator="Mike Bada, University of Colorado Anschutz Medical Campus" id="CHEBI_2015_08_26_Instance_323666" type="identity">
      <class id="CHEBI:17992" label="sucrose"/>
      <span end="29704" id="17083276-21935" start="29697">sucrose</span>
    </annotation>
    <annotation annotator="Mike Bada, University of Colorado Anschutz Medical Campus" id="CHEBI_2015_08_26_Instance_330474" type="identity">
      <class id="CHEBI_CHMO_EXT:buffer_solution" label="buffer solution"/>
      <span end="29740" id="17083276-22093" start="29734">buffer</span>
    </annotation>
    <annotation annotator="Mike Bada, University of Colorado Anschutz Medical Campus" id="CHEBI_2015_08_26_Instance_10879" type="identity">
      <class id="CHEBI:9754" label="tris"/>
      <span end="29752" id="17083276-21669" start="29748">Tris</span>
    </annotation>
    <annotation annotator="Mike Bada, University of Colorado Anschutz Medical Campus" id="CHEBI_2015_08_26_Instance_11089" type="identity">
      <class id="CHEBI:17883" label="hydrogen chloride"/>
      <span end="29756" id="17083276-21671" start="29753">HCl</span>
    </annotation>
    <annotation annotator="Mike Bada, University of Colorado Anschutz Medical Campus" id="CHEBI_2015_08_26_Instance_28175" type="identity">
      <class id="CHEBI:26710" label="sodium chloride"/>
      <span end="29777" id="17083276-21689" start="29773">NaCl</span>
    </annotation>
    <annotation annotator="Mike Bada, University of Colorado Anschutz Medical Campus" id="CHEBI_2015_08_26_Instance_29617" type="identity">
      <class id="CHEBI:17992" label="sucrose"/>
      <span end="29793" id="17083276-21691" start="29786">sucrose</span>
    </annotation>
    <annotation annotator="Mike Bada, University of Colorado Anschutz Medical Campus" id="CHEBI_2015_08_26_Instance_30267" type="identity">
      <class id="CHEBI:6636" label="magnesium dichloride"/>
      <span end="29805" id="17083276-21693" start="29800">MgCl2</span>
    </annotation>
    <annotation annotator="Mike Bada, University of Colorado Anschutz Medical Campus" id="CHEBI_2015_08_26_Instance_30553" type="identity">
      <class id="CHEBI:3312" label="calcium dichloride"/>
      <span end="29817" id="17083276-21695" start="29812">CaCl2</span>
    </annotation>
    <annotation annotator="Mike Bada, University of Colorado Anschutz Medical Campus" id="CHEBI_2015_08_26_Instance_31257" type="identity">
      <class id="CHEBI:8984" label="sodium dodecyl sulfate"/>
      <span end="30040" id="17083276-21721" start="30037">SDS</span>
    </annotation>
    <annotation annotator="Mike Bada, University of Colorado Anschutz Medical Campus" id="CHEBI_2015_08_26_Instance_323668" type="identity">
      <class id="CHEBI_EXT:EDTA" label="EDTA"/>
      <span end="30055" id="17083276-21937" start="30051">EDTA</span>
    </annotation>
    <annotation annotator="Mike Bada, University of Colorado Anschutz Medical Campus" id="CHEBI_2015_08_26_Instance_323670" type="identity">
      <class id="CHEBI_SO_EXT:DNA" label="DNA"/>
      <span end="30070" id="17083276-21939" start="30066">DNAs</span>
    </annotation>
    <annotation annotator="Mike Bada, University of Colorado Anschutz Medical Campus" id="CHEBI_2015_08_26_Instance_31261" type="identity">
      <class id="CHEBI:15882" label="phenol"/>
      <span end="30129" id="17083276-21723" start="30123">phenol</span>
    </annotation>
    <annotation annotator="Mike Bada, University of Colorado Anschutz Medical Campus" id="CHEBI_2015_08_26_Instance_31263" type="identity">
      <class id="CHEBI:35255" label="chloroform"/>
      <span end="30140" id="17083276-21725" start="30130">chloroform</span>
    </annotation>
    <annotation annotator="Mike Bada, University of Colorado Anschutz Medical Campus" id="CHEBI_2015_08_26_Instance_31431" type="identity">
      <class id="CHEBI:17824" label="propan-2-ol"/>
      <span end="30167" id="17083276-21727" start="30156">isopropanol</span>
    </annotation>
    <annotation annotator="Mike Bada, University of Colorado Anschutz Medical Campus" id="CHEBI_2015_08_26_Instance_31665" type="identity">
      <class id="CHEBI:15358" label="histone"/>
      <span end="30217" id="17083276-21783" start="30210">histone</span>
    </annotation>
    <annotation annotator="Mike Bada, University of Colorado Anschutz Medical Campus" id="CHEBI_2015_08_26_Instance_330476" type="identity">
      <class id="CHEBI_CHMO_EXT:buffer_solution" label="buffer solution"/>
      <span end="30330" id="17083276-22095" start="30324">buffer</span>
    </annotation>
    <annotation annotator="Mike Bada, University of Colorado Anschutz Medical Campus" id="CHEBI_2015_08_26_Instance_31627" type="identity">
      <class id="CHEBI:46756" label="HEPES"/>
      <span end="30345" id="17083276-21745" start="30340">Hepes</span>
    </annotation>
    <annotation annotator="Mike Bada, University of Colorado Anschutz Medical Campus" id="CHEBI_2015_08_26_Instance_31629" type="identity">
      <class id="CHEBI:17754" label="glycerol"/>
      <span end="30367" id="17083276-21747" start="30359">Glycerol</span>
    </annotation>
    <annotation annotator="Mike Bada, University of Colorado Anschutz Medical Campus" id="CHEBI_2015_08_26_Instance_31631" type="identity">
      <class id="CHEBI:6636" label="magnesium dichloride"/>
      <span end="30379" id="17083276-21749" start="30374">MgCl2</span>
    </annotation>
    <annotation annotator="Mike Bada, University of Colorado Anschutz Medical Campus" id="CHEBI_2015_08_26_Instance_31633" type="identity">
      <class id="CHEBI:18320" label="1,4-dithiothreitol"/>
      <span end="30404" id="17083276-21751" start="30401">DTT</span>
    </annotation>
    <annotation annotator="Mike Bada, University of Colorado Anschutz Medical Campus" id="CHEBI_2015_08_26_Instance_31635" type="identity">
      <class id="CHEBI:8102" label="phenylmethanesulfonyl fluoride"/>
      <span end="30417" id="17083276-21753" start="30413">PMSF</span>
    </annotation>
    <annotation annotator="Mike Bada, University of Colorado Anschutz Medical Campus" id="CHEBI_2015_08_26_Instance_31637" type="identity">
      <class id="CHEBI:26710" label="sodium chloride"/>
      <span end="30484" id="17083276-21755" start="30480">NaCl</span>
    </annotation>
    <annotation annotator="Mike Bada, University of Colorado Anschutz Medical Campus" id="CHEBI_2015_08_26_Instance_31667" type="identity">
      <class id="CHEBI:15358" label="histone"/>
      <span end="30588" id="17083276-21785" start="30581">histone</span>
    </annotation>
    <annotation annotator="Mike Bada, University of Colorado Anschutz Medical Campus" id="CHEBI_2015_08_26_Instance_310398" type="identity">
      <class id="CHEBI_PR_EXT:protein" label="protein"/>
      <span end="30821" id="17083276-21717" start="30814">protein</span>
    </annotation>
    <annotation annotator="Mike Bada, University of Colorado Anschutz Medical Campus" id="CHEBI_2015_08_26_Instance_323672" type="identity">
      <class id="CHEBI_SO_EXT:DNA" label="DNA"/>
      <span end="30874" id="17083276-21941" start="30871">DNA</span>
    </annotation>
    <annotation annotator="Mike Bada, University of Colorado Anschutz Medical Campus" id="CHEBI_2015_08_26_Instance_31639" type="identity">
      <class id="CHEBI:2511" label="agarose"/>
      <span end="30910" id="17083276-21757" start="30903">agarose</span>
    </annotation>
    <annotation annotator="Mike Bada, University of Colorado Anschutz Medical Campus" id="CHEBI_2015_08_26_Instance_323674" type="identity">
      <class id="CHEBI_SO_EXT:molecular_probe" label="molecular probe"/>
      <span end="31327" id="17083276-21943" start="31322">probe</span>
    </annotation>
    <annotation annotator="Mike Bada, University of Colorado Anschutz Medical Campus" id="CHEBI_2015_08_26_Instance_323676" type="identity">
      <class id="CHEBI_SO_EXT:molecular_probe" label="molecular probe"/>
      <span end="31463" id="17083276-21945" start="31457">Probes</span>
    </annotation>
    <annotation annotator="Mike Bada, University of Colorado Anschutz Medical Campus" id="CHEBI_2015_08_26_Instance_323678" type="identity">
      <class id="CHEBI_SO_EXT:molecular_probe" label="molecular probe"/>
      <span end="31525" id="17083276-21947" start="31520">probe</span>
    </annotation>
    <annotation annotator="Mike Bada, University of Colorado Anschutz Medical Campus" id="CHEBI_2015_08_26_Instance_31669" type="identity">
      <class id="CHEBI:15358" label="histone"/>
      <span end="31930" id="17083276-21787" start="31923">histone</span>
    </annotation>
    <annotation annotator="Mike Bada, University of Colorado Anschutz Medical Campus" id="CHEBI_2015_08_26_Instance_323680" type="identity">
      <class id="CHEBI:51231" label="DAPI"/>
      <span end="32105" id="17083276-21949" start="32101">DAPI</span>
    </annotation>
    <annotation annotator="Mike Bada, University of Colorado Anschutz Medical Campus" id="CHEBI_2015_08_26_Instance_323682" type="identity">
      <class id="CHEBI_SO_EXT:DNA" label="DNA"/>
      <span end="32709" id="17083276-21951" start="32706">DNA</span>
    </annotation>
    <annotation annotator="Mike Bada, University of Colorado Anschutz Medical Campus" id="CHEBI_2015_08_26_Instance_331580" type="identity">
      <class id="CHEBI:472552" label="5-bromo-2'-deoxyuridine"/>
      <span end="32831" id="17083276-22111" start="32827">BrdU</span>
    </annotation>
    <annotation annotator="Mike Bada, University of Colorado Anschutz Medical Campus" id="CHEBI_2015_08_26_Instance_380782" type="identity">
      <class id="CHEBI_SO_EXT:molecular_label_or_mark_or_tag_process" label="molecular label/mark/tag process"/>
      <span end="32928" id="17083276-22119" start="32921">labeled</span>
    </annotation>
    <annotation annotator="Mike Bada, University of Colorado Anschutz Medical Campus" id="CHEBI_2015_08_26_Instance_323684" type="identity">
      <class id="CHEBI:472552" label="5-bromo-2'-deoxyuridine"/>
      <span end="32946" id="17083276-21953" start="32942">BrdU</span>
    </annotation>
    <annotation annotator="Mike Bada, University of Colorado Anschutz Medical Campus" id="CHEBI_2015_08_26_Instance_323686" type="identity">
      <class id="CHEBI:472552" label="5-bromo-2'-deoxyuridine"/>
      <span end="32997" id="17083276-21955" start="32993">BrdU</span>
    </annotation>
    <annotation annotator="Mike Bada, University of Colorado Anschutz Medical Campus" id="CHEBI_2015_08_26_Instance_323688" type="identity">
      <class id="CHEBI:472552" label="5-bromo-2'-deoxyuridine"/>
      <span end="33046" id="17083276-21957" start="33042">BrdU</span>
    </annotation>
    <annotation annotator="Mike Bada, University of Colorado Anschutz Medical Campus" id="CHEBI_2015_08_26_Instance_323690" type="identity">
      <class id="CHEBI:51231" label="DAPI"/>
      <span end="33065" id="17083276-21959" start="33061">DAPI</span>
    </annotation>
    <annotation annotator="Mike Bada, University of Colorado Anschutz Medical Campus" id="CHEBI_2015_08_26_Instance_323692" type="identity">
      <class id="CHEBI_SO_EXT:molecular_probe" label="molecular probe"/>
      <span end="33509" id="17083276-21961" start="33503">probes</span>
    </annotation>
    <annotation annotator="Mike Bada, University of Colorado Anschutz Medical Campus" id="CHEBI_2015_08_26_Instance_323694" type="identity">
      <class id="CHEBI:472552" label="5-bromo-2'-deoxyuridine"/>
      <span end="33681" id="17083276-21963" start="33677">BrdU</span>
    </annotation>
    <annotation annotator="Mike Bada, University of Colorado Anschutz Medical Campus" id="CHEBI_2015_08_26_Instance_323696" type="identity">
      <class id="CHEBI:472552" label="5-bromo-2'-deoxyuridine"/>
      <span end="33701" id="17083276-21965" start="33684">bromodeoxyuridine</span>
    </annotation>
    <annotation annotator="Mike Bada, University of Colorado Anschutz Medical Campus" id="CHEBI_2015_08_26_Instance_323698" type="identity">
      <class id="CHEBI_EXT:59132" label="antigen"/>
      <span end="33997" id="17083276-21967" start="33990">antigen</span>
    </annotation>
    <annotation annotator="Mike Bada, University of Colorado Anschutz Medical Campus" id="CHEBI_2015_08_26_Instance_330580" type="identity">
      <class id="CHEBI_SO_EXT:RNA" label="RNA"/>
      <span end="34039" id="17083276-22097" start="34036">RNA</span>
    </annotation>
    <annotation annotator="Mike Bada, University of Colorado Anschutz Medical Campus" id="CHEBI_2015_08_26_Instance_323700" type="identity">
      <class id="CHEBI_SO_EXT:RNA" label="RNA"/>
      <span end="34083" id="17083276-21969" start="34080">RNA</span>
    </annotation>
    <annotation annotator="Mike Bada, University of Colorado Anschutz Medical Campus" id="CHEBI_2015_08_26_Instance_310400" type="identity">
      <class id="CHEBI_PR_EXT:protein" label="protein"/>
      <span end="34336" id="17083276-21719" start="34329">protein</span>
    </annotation>
    <annotation annotator="Mike Bada, University of Colorado Anschutz Medical Campus" id="CHEBI_2015_08_26_Instance_31791" type="identity">
      <class id="CHEBI_EXT:37527" label="acid"/>
      <span end="34413" id="17083276-21789" start="34407">acidic</span>
    </annotation>
    <annotation annotator="Mike Bada, University of Colorado Anschutz Medical Campus" id="CHEBI_2015_08_26_Instance_323704" type="identity">
      <class id="CHEBI_SO_EXT:DNA" label="DNA"/>
      <span end="34653" id="17083276-21973" start="34650">DNA</span>
    </annotation>
    <annotation annotator="Mike Bada, University of Colorado Anschutz Medical Campus" id="CHEBI_2015_08_26_Instance_31793" type="identity">
      <class id="CHEBI_EXT:27026" label="toxin"/>
      <span end="34708" id="17083276-21791" start="34703">toxin</span>
    </annotation>
    <annotation annotator="Mike Bada, University of Colorado Anschutz Medical Campus" id="CHEBI_2015_08_26_Instance_323702" type="identity">
      <class id="CHEBI:7507" label="neomycin"/>
      <span end="34727" id="17083276-21971" start="34719">neomycin</span>
    </annotation>
    <annotation annotator="Mike Bada, University of Colorado Anschutz Medical Campus" id="CHEBI_2015_08_26_Instance_323706" type="identity">
      <class id="CHEBI_SO_EXT:molecular_probe" label="molecular probe"/>
      <span end="34851" id="17083276-21975" start="34846">probe</span>
    </annotation>
    <annotation annotator="Mike Bada, University of Colorado Anschutz Medical Campus" id="CHEBI_2015_08_26_Instance_323708" type="identity">
      <class id="CHEBI_SO_EXT:oligonucleotide" label="oligonucleotide"/>
      <span end="34988" id="17083276-21977" start="34973">oligonucleotide</span>
    </annotation>
    <annotation annotator="Mike Bada, University of Colorado Anschutz Medical Campus" id="CHEBI_2015_08_26_Instance_380784" type="identity">
      <class id="CHEBI_SO_EXT:molecular_label_or_mark_or_tag_process" label="molecular label/mark/tag process"/>
      <span end="35510" id="17083276-22121" start="35502">labeling</span>
    </annotation>
    <annotation annotator="Mike Bada, University of Colorado Anschutz Medical Campus" id="CHEBI_2015_08_26_Instance_380786" type="identity">
      <class id="CHEBI_SO_EXT:molecular_label_or_mark_or_tag_process" label="molecular label/mark/tag process"/>
      <span end="35573" id="17083276-22123" start="35565">labeling</span>
    </annotation>
    <annotation annotator="Mike Bada, University of Colorado Anschutz Medical Campus" id="CHEBI_2015_08_26_Instance_323710" type="identity">
      <class id="CHEBI:51231" label="DAPI"/>
      <span end="35681" id="17083276-21979" start="35677">DAPI</span>
    </annotation>
    <annotation annotator="Mike Bada, University of Colorado Anschutz Medical Campus" id="CHEBI_2015_08_26_Instance_323712" type="identity">
      <class id="CHEBI_SO_EXT:DNA" label="DNA"/>
      <span end="35693" id="17083276-21981" start="35690">DNA</span>
    </annotation>
    <annotation annotator="Mike Bada, University of Colorado Anschutz Medical Campus" id="CHEBI_2015_08_26_Instance_323714" type="identity">
      <class id="CHEBI:51231" label="DAPI"/>
      <span end="35756" id="17083276-21983" start="35752">DAPI</span>
    </annotation>
    <annotation annotator="Mike Bada, University of Colorado Anschutz Medical Campus" id="CHEBI_2015_08_26_Instance_323716" type="identity">
      <class id="CHEBI:51231" label="DAPI"/>
      <span end="35955" id="17083276-21985" start="35951">DAPI</span>
    </annotation>
    <annotation annotator="Mike Bada, University of Colorado Anschutz Medical Campus" id="CHEBI_2015_08_26_Instance_323718" type="identity">
      <class id="CHEBI:51231" label="DAPI"/>
      <span end="36049" id="17083276-21987" start="36045">DAPI</span>
    </annotation>
    <annotation annotator="Mike Bada, University of Colorado Anschutz Medical Campus" id="CHEBI_2015_08_26_Instance_323720" type="identity">
      <class id="CHEBI:51231" label="DAPI"/>
      <span end="36437" id="17083276-21989" start="36433">DAPI</span>
    </annotation>
    <annotation annotator="Mike Bada, University of Colorado Anschutz Medical Campus" id="CHEBI_2015_08_26_Instance_323722" type="identity">
      <class id="CHEBI:51231" label="DAPI"/>
      <span end="36544" id="17083276-21991" start="36540">DAPI</span>
    </annotation>
    <annotation annotator="Mike Bada, University of Colorado Anschutz Medical Campus" id="CHEBI_2015_08_26_Instance_31795" type="identity">
      <class id="CHEBI:17939" label="puromycin"/>
      <span end="36884" id="17083276-21793" start="36875">puromycin</span>
    </annotation>
    <annotation annotator="Mike Bada, University of Colorado Anschutz Medical Campus" id="CHEBI_2015_08_26_Instance_31797" type="identity">
      <class id="CHEBI:17939" label="puromycin"/>
      <span end="37002" id="17083276-21795" start="36993">puromycin</span>
    </annotation>
    <annotation annotator="Mike Bada, University of Colorado Anschutz Medical Campus" id="CHEBI_2015_08_26_Instance_323724" type="identity">
      <class id="CHEBI:51231" label="DAPI"/>
      <span end="37371" id="17083276-21993" start="37367">DAPI</span>
    </annotation>
    <annotation annotator="Mike Bada, University of Colorado Anschutz Medical Campus" id="CHEBI_2015_08_26_Instance_323726" type="identity">
      <class id="CHEBI_SO_EXT:DNA" label="DNA"/>
      <span end="37383" id="17083276-21995" start="37380">DNA</span>
    </annotation>
    <annotation annotator="Mike Bada, University of Colorado Anschutz Medical Campus" id="CHEBI_2015_08_26_Instance_323730" type="identity">
      <class id="CHEBI:51231" label="DAPI"/>
      <span end="37672" id="17083276-21999" start="37668">DAPI</span>
    </annotation>
    <annotation annotator="Mike Bada, University of Colorado Anschutz Medical Campus" id="CHEBI_2015_08_26_Instance_323728" type="identity">
      <class id="CHEBI_SO_EXT:DNA" label="DNA"/>
      <span end="37684" id="17083276-21997" start="37681">DNA</span>
    </annotation>
    <annotation annotator="Mike Bada, University of Colorado Anschutz Medical Campus" id="CHEBI_2015_08_26_Instance_323732" type="identity">
      <class id="CHEBI:51231" label="DAPI"/>
      <span end="37921" id="17083276-22001" start="37917">DAPI</span>
    </annotation>
    <annotation annotator="Mike Bada, University of Colorado Anschutz Medical Campus" id="CHEBI_2015_08_26_Instance_323734" type="identity">
      <class id="CHEBI_SO_EXT:DNA" label="DNA"/>
      <span end="37933" id="17083276-22003" start="37930">DNA</span>
    </annotation>
    <annotation annotator="Mike Bada, University of Colorado Anschutz Medical Campus" id="CHEBI_2015_08_26_Instance_323736" type="identity">
      <class id="CHEBI_SO_EXT:DNA" label="DNA"/>
      <span end="38045" id="17083276-22005" start="38042">DNA</span>
    </annotation>
    <annotation annotator="Mike Bada, University of Colorado Anschutz Medical Campus" id="CHEBI_2015_08_26_Instance_32127" type="identity">
      <class id="CHEBI:17939" label="puromycin"/>
      <span end="38167" id="17083276-21799" start="38158">puromycin</span>
    </annotation>
    <annotation annotator="Mike Bada, University of Colorado Anschutz Medical Campus" id="CHEBI_2015_08_26_Instance_380788" type="identity">
      <class id="CHEBI_SO_EXT:molecular_label_or_mark_or_tag_process" label="molecular label/mark/tag process"/>
      <span end="38203" id="17083276-22125" start="38196">labeled</span>
    </annotation>
    <annotation annotator="Mike Bada, University of Colorado Anschutz Medical Campus" id="CHEBI_2015_08_26_Instance_323740" type="identity">
      <class id="CHEBI:472552" label="5-bromo-2'-deoxyuridine"/>
      <span end="38224" id="17083276-22009" start="38220">BrdU</span>
    </annotation>
    <annotation annotator="Mike Bada, University of Colorado Anschutz Medical Campus" id="CHEBI_2015_08_26_Instance_331582" type="identity">
      <class id="CHEBI:472552" label="5-bromo-2'-deoxyuridine"/>
      <span end="38290" id="17083276-22113" start="38286">BrdU</span>
    </annotation>
    <annotation annotator="Mike Bada, University of Colorado Anschutz Medical Campus" id="CHEBI_2015_08_26_Instance_323738" type="identity">
      <class id="CHEBI:472552" label="5-bromo-2'-deoxyuridine"/>
      <span end="38436" id="17083276-22007" start="38432">BrdU</span>
    </annotation>
    <annotation annotator="Mike Bada, University of Colorado Anschutz Medical Campus" id="CHEBI_2015_08_26_Instance_323742" type="identity">
      <class id="CHEBI:472552" label="5-bromo-2'-deoxyuridine"/>
      <span end="38954" id="17083276-22011" start="38950">BrdU</span>
    </annotation>
    <annotation annotator="Mike Bada, University of Colorado Anschutz Medical Campus" id="CHEBI_2015_08_26_Instance_323744" type="identity">
      <class id="CHEBI_SO_EXT:DNA" label="DNA"/>
      <span end="38976" id="17083276-22013" start="38973">DNA</span>
    </annotation>
    <annotation annotator="Mike Bada, University of Colorado Anschutz Medical Campus" id="CHEBI_2015_08_26_Instance_323746" type="identity">
      <class id="CHEBI_SO_EXT:DNA" label="DNA"/>
      <span end="39436" id="17083276-22015" start="39433">DNA</span>
    </annotation>
    <annotation annotator="Mike Bada, University of Colorado Anschutz Medical Campus" id="CHEBI_2015_08_26_Instance_323748" type="identity">
      <class id="CHEBI_SO_EXT:DNA" label="DNA"/>
      <span end="39514" id="17083276-22017" start="39511">DNA</span>
    </annotation>
    <annotation annotator="Mike Bada, University of Colorado Anschutz Medical Campus" id="CHEBI_2015_08_26_Instance_323750" type="identity">
      <class id="CHEBI_SO_EXT:molecular_probe" label="molecular probe"/>
      <span end="39521" id="17083276-22019" start="39515">probes</span>
    </annotation>
    <annotation annotator="Mike Bada, University of Colorado Anschutz Medical Campus" id="CHEBI_2015_08_26_Instance_323752" type="identity">
      <class id="CHEBI:51231" label="DAPI"/>
      <span end="39709" id="17083276-22021" start="39705">DAPI</span>
    </annotation>
    <annotation annotator="Mike Bada, University of Colorado Anschutz Medical Campus" id="CHEBI_2015_08_26_Instance_323754" type="identity">
      <class id="CHEBI:51231" label="DAPI"/>
      <span end="40630" id="17083276-22023" start="40626">DAPI</span>
    </annotation>
    <annotation annotator="Mike Bada, University of Colorado Anschutz Medical Campus" id="CHEBI_2015_08_26_Instance_323758" type="identity">
      <class id="CHEBI_SO_EXT:DNA" label="DNA"/>
      <span end="41190" id="17083276-22027" start="41187">DNA</span>
    </annotation>
    <annotation annotator="Mike Bada, University of Colorado Anschutz Medical Campus" id="CHEBI_2015_08_26_Instance_32325" type="identity">
      <class id="CHEBI:2511" label="agarose"/>
      <span end="41227" id="17083276-21801" start="41220">agarose</span>
    </annotation>
    <annotation annotator="Mike Bada, University of Colorado Anschutz Medical Campus" id="CHEBI_2015_08_26_Instance_32851" type="identity">
      <class id="CHEBI:4883" label="ethidium bromide"/>
      <span end="41271" id="17083276-22053" start="41255">ethidium bromide</span>
    </annotation>
    <annotation annotator="Mike Bada, University of Colorado Anschutz Medical Campus" id="CHEBI_2015_08_26_Instance_323756" type="identity">
      <class id="CHEBI_SO_EXT:DNA" label="DNA"/>
      <span end="41298" id="17083276-22025" start="41295">DNA</span>
    </annotation>
    <annotation annotator="Mike Bada, University of Colorado Anschutz Medical Campus" id="CHEBI_2015_08_26_Instance_323760" type="identity">
      <class id="CHEBI_SO_EXT:DNA" label="DNA"/>
      <span end="41312" id="17083276-22029" start="41309">DNA</span>
    </annotation>
    <annotation annotator="Mike Bada, University of Colorado Anschutz Medical Campus" id="CHEBI_2015_08_26_Instance_11299" type="identity">
      <class id="CHEBI:25614" label="nylons"/>
      <span end="41337" id="17083276-21673" start="41332">nylon</span>
    </annotation>
    <annotation annotator="Mike Bada, University of Colorado Anschutz Medical Campus" id="CHEBI_2015_08_26_Instance_32853" type="identity">
      <class id="CHEBI:37972" label="phosphorus-32 atom"/>
      <span end="41388" id="17083276-22055" start="41385">32P</span>
    </annotation>
    <annotation annotator="Mike Bada, University of Colorado Anschutz Medical Campus" id="CHEBI_2015_08_26_Instance_380790" type="identity">
      <class id="CHEBI_SO_EXT:molecular_label_or_mark_or_tag_process" label="molecular label/mark/tag process"/>
      <span end="41396" id="17083276-22127" start="41389">labeled</span>
    </annotation>
    <annotation annotator="Mike Bada, University of Colorado Anschutz Medical Campus" id="CHEBI_2015_08_26_Instance_323762" type="identity">
      <class id="CHEBI_SO_EXT:molecular_probe" label="molecular probe"/>
      <span end="41430" id="17083276-22031" start="41425">probe</span>
    </annotation>
    <annotation annotator="Mike Bada, University of Colorado Anschutz Medical Campus" id="CHEBI_2015_08_26_Instance_323764" type="identity">
      <class id="CHEBI_SO_EXT:DNA" label="DNA"/>
      <span end="41451" id="17083276-22033" start="41448">DNA</span>
    </annotation>
    <annotation annotator="Mike Bada, University of Colorado Anschutz Medical Campus" id="CHEBI_2015_08_26_Instance_323766" type="identity">
      <class id="CHEBI_SO_EXT:DNA" label="DNA"/>
      <span end="41555" id="17083276-22035" start="41552">DNA</span>
    </annotation>
    <annotation annotator="Mike Bada, University of Colorado Anschutz Medical Campus" id="CHEBI_2015_08_26_Instance_323768" type="identity">
      <class id="CHEBI_SO_EXT:DNA" label="DNA"/>
      <span end="41740" id="17083276-22037" start="41737">DNA</span>
    </annotation>
    <annotation annotator="Mike Bada, University of Colorado Anschutz Medical Campus" id="CHEBI_2015_08_26_Instance_32855" type="identity">
      <class id="CHEBI:2511" label="agarose"/>
      <span end="41764" id="17083276-22057" start="41757">agarose</span>
    </annotation>
    <annotation annotator="Mike Bada, University of Colorado Anschutz Medical Campus" id="CHEBI_2015_08_26_Instance_323770" type="identity">
      <class id="CHEBI_SO_EXT:molecular_probe" label="molecular probe"/>
      <span end="41839" id="17083276-22039" start="41834">probe</span>
    </annotation>
    <annotation annotator="Mike Bada, University of Colorado Anschutz Medical Campus" id="CHEBI_2015_08_26_Instance_380975" type="identity">
      <class id="CHEBI_SO_EXT:molecular_label_or_mark_or_tag_process" label="molecular label/mark/tag process"/>
      <span end="41889" id="17083276-22147" start="41882">Marking</span>
    </annotation>
    <annotation annotator="Mike Bada, University of Colorado Anschutz Medical Campus" id="CHEBI_2015_08_26_Instance_31799" type="identity">
      <class id="CHEBI:15358" label="histone"/>
      <span end="42065" id="17083276-21797" start="42058">histone</span>
    </annotation>
    <annotation annotator="Mike Bada, University of Colorado Anschutz Medical Campus" id="CHEBI_2015_08_26_Instance_380977" type="identity">
      <class id="CHEBI_SO_EXT:molecular_indicator_or_label_or_marker_or_tag" label="molecular indicator/label/marker/tag"/>
      <span end="42071" id="17083276-22149" start="42066">marks</span>
    </annotation>
    <annotation annotator="Mike Bada, University of Colorado Anschutz Medical Campus" id="CHEBI_2015_08_26_Instance_323772" type="identity">
      <class id="CHEBI_SO_EXT:DNA" label="DNA"/>
      <span end="42193" id="17083276-22041" start="42190">DNA</span>
    </annotation>
    <annotation annotator="Mike Bada, University of Colorado Anschutz Medical Campus" id="CHEBI_2015_08_26_Instance_32857" type="identity">
      <class id="CHEBI:2511" label="agarose"/>
      <span end="42274" id="17083276-22059" start="42267">agarose</span>
    </annotation>
    <annotation annotator="Mike Bada, University of Colorado Anschutz Medical Campus" id="CHEBI_2015_08_26_Instance_323774" type="identity">
      <class id="CHEBI_SO_EXT:molecular_probe" label="molecular probe"/>
      <span end="42351" id="17083276-22043" start="42346">probe</span>
    </annotation>
    <annotation annotator="Mike Bada, University of Colorado Anschutz Medical Campus" id="CHEBI_2015_08_26_Instance_323778" type="identity">
      <class id="CHEBI_SO_EXT:molecular_probe" label="molecular probe"/>
      <span end="42520" id="17083276-22047" start="42515">probe</span>
    </annotation>
    <annotation annotator="Mike Bada, University of Colorado Anschutz Medical Campus" id="CHEBI_2015_08_26_Instance_323776" type="identity">
      <class id="CHEBI_SO_EXT:molecular_probe" label="molecular probe"/>
      <span end="42613" id="17083276-22045" start="42608">probe</span>
    </annotation>
    <annotation annotator="Mike Bada, University of Colorado Anschutz Medical Campus" id="CHEBI_2015_08_26_Instance_323780" type="identity">
      <class id="CHEBI_SO_EXT:DNA" label="DNA"/>
      <span end="42662" id="17083276-22049" start="42659">DNA</span>
    </annotation>
    <annotation annotator="Mike Bada, University of Colorado Anschutz Medical Campus" id="CHEBI_2015_08_26_Instance_323782" type="identity">
      <class id="CHEBI_SO_EXT:DNA" label="DNA"/>
      <span end="42733" id="17083276-22051" start="42730">DNA</span>
    </annotation>
    <annotation annotator="Mike Bada, University of Colorado Anschutz Medical Campus" id="CHEBI_2015_08_26_Instance_331310" type="identity">
      <class id="CHEBI:33250" label="atom"/>
      <span end="44009" id="17083276-22109" start="44001">Atomique</span>
    </annotation>
    <graph-space id="Old Knowtator Relations"/>
  </document>
</knowtator-project>
