<?xml version="1.0" encoding="UTF-8" standalone="no"?>
<knowtator-project>
  <document id="17194222" text-file="17194222.txt">
    <annotation annotator="Mike Bada, University of Colorado Anschutz Medical Campus" id="CHEBI_2015_08_26_Instance_310402" type="identity">
      <class id="CHEBI_PR_EXT:protein" label="protein"/>
      <span end="129" id="17194222-22163" start="122">protein</span>
    </annotation>
    <annotation annotator="Mike Bada, University of Colorado Anschutz Medical Campus" id="CHEBI_2015_08_26_Instance_323784" type="identity">
      <class id="CHEBI:36357" label="polyatomic entity"/>
      <span end="478" id="17194222-22177" start="469">molecules</span>
    </annotation>
    <annotation annotator="Mike Bada, University of Colorado Anschutz Medical Campus" id="CHEBI_2015_08_26_Instance_323786" type="identity">
      <class id="CHEBI:36357" label="polyatomic entity"/>
      <span end="555" id="17194222-22179" start="546">molecules</span>
    </annotation>
    <annotation annotator="Mike Bada, University of Colorado Anschutz Medical Campus" id="CHEBI_2015_08_26_Instance_323788" type="identity">
      <class id="CHEBI_EXT:62488" label="signalling molecule"/>
      <span end="1575" id="17194222-22181" start="1556">signaling molecules</span>
    </annotation>
    <annotation annotator="Mike Bada, University of Colorado Anschutz Medical Campus" id="CHEBI_2015_08_26_Instance_310404" type="identity">
      <class id="CHEBI_PR_EXT:protein" label="protein"/>
      <span end="1610" id="17194222-22165" start="1602">proteins</span>
    </annotation>
    <annotation annotator="Mike Bada, University of Colorado Anschutz Medical Campus" id="CHEBI_2015_08_26_Instance_310406" type="identity">
      <class id="CHEBI_PR_EXT:protein" label="protein"/>
      <span end="2847" id="17194222-22167" start="2839">proteins</span>
    </annotation>
    <annotation annotator="Mike Bada, University of Colorado Anschutz Medical Campus" id="CHEBI_2015_08_26_Instance_323790" type="identity">
      <class id="CHEBI_EXT:62488" label="signalling molecule"/>
      <span end="2887" id="17194222-22183" start="2868">signaling molecules</span>
    </annotation>
    <annotation annotator="Mike Bada, University of Colorado Anschutz Medical Campus" id="CHEBI_2015_08_26_Instance_323792" type="identity">
      <class id="CHEBI:36357" label="polyatomic entity"/>
      <span end="3285" id="17194222-22185" start="3276">molecules</span>
    </annotation>
    <annotation annotator="Mike Bada, University of Colorado Anschutz Medical Campus" id="CHEBI_2015_08_26_Instance_323794" type="identity">
      <class id="CHEBI:36357" label="polyatomic entity"/>
      <span end="5751" id="17194222-22187" start="5742">molecules</span>
    </annotation>
    <annotation annotator="Mike Bada, University of Colorado Anschutz Medical Campus" id="CHEBI_2015_08_26_backup_Instance_20089" type="identity">
      <class id="CHEBI_GO_EXT:antagonist" label="antagonist"/>
      <span end="7446" id="17194222-22155" start="7435">antagonists</span>
    </annotation>
    <annotation annotator="Mike Bada, University of Colorado Anschutz Medical Campus" id="CHEBI_2015_08_26_backup_Instance_20091" type="identity">
      <class id="CHEBI_GO_EXT:antagonist" label="antagonist"/>
      <span end="7851" id="17194222-22157" start="7841">antagonist</span>
    </annotation>
    <annotation annotator="Mike Bada, University of Colorado Anschutz Medical Campus" id="CHEBI_2015_08_26_Instance_323798" type="identity">
      <class id="CHEBI_EXT:35222" label="inhibitor"/>
      <span end="8791" id="17194222-22189" start="8782">inhibitor</span>
    </annotation>
    <annotation annotator="Mike Bada, University of Colorado Anschutz Medical Campus" id="CHEBI_2015_08_26_Instance_331328" type="identity">
      <class id="CHEBI_GO_EXT:ligand" label="ligand"/>
      <span end="9492" id="17194222-22513" start="9485">ligands</span>
    </annotation>
    <annotation annotator="Mike Bada, University of Colorado Anschutz Medical Campus" id="CHEBI_2015_08_26_Instance_32953" type="identity">
      <class id="CHEBI:16866" label="alizarin"/>
      <span end="13740" id="17194222-22375" start="13728">Alizarin red</span>
    </annotation>
    <annotation annotator="Mike Bada, University of Colorado Anschutz Medical Campus" id="CHEBI_2015_08_26_Instance_323802" type="identity">
      <class id="CHEBI:51739" label="acridine orange"/>
      <span end="18369" id="17194222-22193" start="18354">acridine orange</span>
    </annotation>
    <annotation annotator="Mike Bada, University of Colorado Anschutz Medical Campus" id="CHEBI_2015_08_26_Instance_323800" type="identity">
      <class id="CHEBI:51739" label="acridine orange"/>
      <span end="18549" id="17194222-22191" start="18534">acridine orange</span>
    </annotation>
    <annotation annotator="Mike Bada, University of Colorado Anschutz Medical Campus" id="CHEBI_2015_08_26_Instance_331028" type="identity">
      <class id="CHEBI_SO_EXT:molecular_indicator_or_label_or_marker_or_tag" label="molecular indicator/label/marker/tag"/>
      <span end="19266" id="17194222-22479" start="19260">marker</span>
    </annotation>
    <annotation annotator="Mike Bada, University of Colorado Anschutz Medical Campus" id="CHEBI_2015_08_26_Instance_323806" type="identity">
      <class id="CHEBI:51739" label="acridine orange"/>
      <span end="19354" id="17194222-22195" start="19339">acridine orange</span>
    </annotation>
    <annotation annotator="Mike Bada, University of Colorado Anschutz Medical Campus" id="CHEBI_2015_08_26_Instance_331030" type="identity">
      <class id="CHEBI_SO_EXT:molecular_indicator_or_label_or_marker_or_tag" label="molecular indicator/label/marker/tag"/>
      <span end="19379" id="17194222-22481" start="19372">markers</span>
    </annotation>
    <annotation annotator="Mike Bada, University of Colorado Anschutz Medical Campus" id="CHEBI_2015_08_26_Instance_323808" type="identity">
      <class id="CHEBI:51739" label="acridine orange"/>
      <span end="19576" id="17194222-22197" start="19561">acridine orange</span>
    </annotation>
    <annotation annotator="Mike Bada, University of Colorado Anschutz Medical Campus" id="CHEBI_2015_08_26_Instance_310408" type="identity">
      <class id="CHEBI_PR_EXT:protein" label="protein"/>
      <span end="20335" id="17194222-22169" start="20328">protein</span>
    </annotation>
    <annotation annotator="Mike Bada, University of Colorado Anschutz Medical Campus" id="CHEBI_2015_08_26_Instance_331032" type="identity">
      <class id="CHEBI_SO_EXT:molecular_indicator_or_label_or_marker_or_tag" label="molecular indicator/label/marker/tag"/>
      <span end="22876" id="17194222-22483" start="22870">marker</span>
    </annotation>
    <annotation annotator="Mike Bada, University of Colorado Anschutz Medical Campus" id="CHEBI_2015_08_26_Instance_323814" type="identity">
      <class id="CHEBI_EXT:polyatomic_entity_or_group" label="polyatomic entity or group"/>
      <span end="22991" id="17194222-22199" start="22982">molecular</span>
    </annotation>
    <annotation annotator="Mike Bada, University of Colorado Anschutz Medical Campus" id="CHEBI_2015_08_26_Instance_331034" type="identity">
      <class id="CHEBI_SO_EXT:molecular_indicator_or_label_or_marker_or_tag" label="molecular indicator/label/marker/tag"/>
      <span end="22999" id="17194222-22485" start="22992">markers</span>
    </annotation>
    <annotation annotator="Mike Bada, University of Colorado Anschutz Medical Campus" id="CHEBI_2015_08_26_Instance_330626" type="identity">
      <class id="CHEBI_SO_EXT:molecular_probe" label="molecular probe"/>
      <span end="24671" id="17194222-22447" start="24666">probe</span>
    </annotation>
    <annotation annotator="Mike Bada, University of Colorado Anschutz Medical Campus" id="CHEBI_2015_08_26_Instance_331036" type="identity">
      <class id="CHEBI_SO_EXT:molecular_indicator_or_label_or_marker_or_tag" label="molecular indicator/label/marker/tag"/>
      <span end="24733" id="17194222-22487" start="24727">marker</span>
    </annotation>
    <annotation annotator="Mike Bada, University of Colorado Anschutz Medical Campus" id="CHEBI_2015_08_26_Instance_323820" type="identity">
      <class id="CHEBI:36357" label="polyatomic entity"/>
      <span end="26311" id="17194222-22201" start="26302">molecules</span>
    </annotation>
    <annotation annotator="Mike Bada, University of Colorado Anschutz Medical Campus" id="CHEBI_2015_08_26_Instance_323822" type="identity">
      <class id="CHEBI_EXT:polyatomic_entity_or_group" label="polyatomic entity or group"/>
      <span end="26509" id="17194222-22203" start="26500">molecular</span>
    </annotation>
    <annotation annotator="Mike Bada, University of Colorado Anschutz Medical Campus" id="CHEBI_2015_08_26_Instance_32981" type="identity">
      <class id="CHEBI:16866" label="alizarin"/>
      <span end="26763" id="17194222-22377" start="26751">Alizarin red</span>
    </annotation>
    <annotation annotator="Mike Bada, University of Colorado Anschutz Medical Campus" id="CHEBI_2015_08_26_Instance_323824" type="identity">
      <class id="CHEBI_PR_EXT:collagen" label="collagen"/>
      <span end="27123" id="17194222-22205" start="27115">collagen</span>
    </annotation>
    <annotation annotator="Mike Bada, University of Colorado Anschutz Medical Campus" id="CHEBI_2015_08_26_Instance_323826" type="identity">
      <class id="CHEBI_PR_EXT:collagen" label="collagen"/>
      <span end="27177" id="17194222-22207" start="27169">collagen</span>
    </annotation>
    <annotation annotator="Mike Bada, University of Colorado Anschutz Medical Campus" id="CHEBI_2015_08_26_Instance_323828" type="identity">
      <class id="CHEBI_PR_EXT:collagen" label="collagen"/>
      <span end="27232" id="17194222-22209" start="27224">collagen</span>
    </annotation>
    <annotation annotator="Mike Bada, University of Colorado Anschutz Medical Campus" id="CHEBI_2015_08_26_Instance_323830" type="identity">
      <class id="CHEBI_SO_EXT:molecular_probe" label="molecular probe"/>
      <span end="27713" id="17194222-22211" start="27708">probe</span>
    </annotation>
    <annotation annotator="Mike Bada, University of Colorado Anschutz Medical Campus" id="CHEBI_2015_08_26_Instance_331038" type="identity">
      <class id="CHEBI_SO_EXT:molecular_indicator_or_label_or_marker_or_tag" label="molecular indicator/label/marker/tag"/>
      <span end="27995" id="17194222-22489" start="27989">marker</span>
    </annotation>
    <annotation annotator="Mike Bada, University of Colorado Anschutz Medical Campus" id="CHEBI_2015_08_26_Instance_323836" type="identity">
      <class id="CHEBI_PR_EXT:collagen" label="collagen"/>
      <span end="28788" id="17194222-22213" start="28780">collagen</span>
    </annotation>
    <annotation annotator="Mike Bada, University of Colorado Anschutz Medical Campus" id="CHEBI_2015_08_26_Instance_331040" type="identity">
      <class id="CHEBI_SO_EXT:molecular_indicator_or_label_or_marker_or_tag" label="molecular indicator/label/marker/tag"/>
      <span end="28910" id="17194222-22491" start="28903">markers</span>
    </annotation>
    <annotation annotator="Mike Bada, University of Colorado Anschutz Medical Campus" id="CHEBI_2015_08_26_Instance_323838" type="identity">
      <class id="CHEBI_SO_EXT:mRNA" label="mRNA"/>
      <span end="29311" id="17194222-22215" start="29307">mRNA</span>
    </annotation>
    <annotation annotator="Mike Bada, University of Colorado Anschutz Medical Campus" id="CHEBI_2015_08_26_Instance_323840" type="identity">
      <class id="CHEBI_EXT:polyatomic_entity_or_group" label="polyatomic entity or group"/>
      <span end="29741" id="17194222-22217" start="29732">molecular</span>
    </annotation>
    <annotation annotator="Mike Bada, University of Colorado Anschutz Medical Campus" id="CHEBI_2015_08_26_Instance_331042" type="identity">
      <class id="CHEBI_SO_EXT:molecular_indicator_or_label_or_marker_or_tag" label="molecular indicator/label/marker/tag"/>
      <span end="30053" id="17194222-22493" start="30047">marker</span>
    </annotation>
    <annotation annotator="Mike Bada, University of Colorado Anschutz Medical Campus" id="CHEBI_2015_08_26_Instance_323844" type="identity">
      <class id="CHEBI_PR_EXT:collagen" label="collagen"/>
      <span end="30057" id="17194222-22219" start="30054">Col</span>
    </annotation>
    <annotation annotator="Mike Bada, University of Colorado Anschutz Medical Campus" id="CHEBI_2015_08_26_Instance_323846" type="identity">
      <class id="CHEBI_PR_EXT:collagen" label="collagen"/>
      <span end="33553" id="17194222-22221" start="33545">collagen</span>
    </annotation>
    <annotation annotator="Mike Bada, University of Colorado Anschutz Medical Campus" id="CHEBI_2015_08_26_Instance_323848" type="identity">
      <class id="CHEBI_PR_EXT:collagen" label="collagen"/>
      <span end="33833" id="17194222-22223" start="33825">collagen</span>
    </annotation>
    <annotation annotator="Mike Bada, University of Colorado Anschutz Medical Campus" id="CHEBI_2015_08_26_backup_Instance_20093" type="identity">
      <class id="CHEBI_GO_EXT:antagonist" label="antagonist"/>
      <span end="36350" id="17194222-22159" start="36340">antagonist</span>
    </annotation>
    <annotation annotator="Mike Bada, University of Colorado Anschutz Medical Campus" id="CHEBI_2015_08_26_Instance_310410" type="identity">
      <class id="CHEBI_PR_EXT:protein" label="protein"/>
      <span end="36630" id="17194222-22171" start="36623">protein</span>
    </annotation>
    <annotation annotator="Mike Bada, University of Colorado Anschutz Medical Campus" id="CHEBI_2015_08_26_Instance_323852" type="identity">
      <class id="CHEBI_GO_EXT:ligand" label="ligand"/>
      <span end="37290" id="17194222-22225" start="37284">ligand</span>
    </annotation>
    <annotation annotator="Mike Bada, University of Colorado Anschutz Medical Campus" id="CHEBI_2015_08_26_backup_Instance_20095" type="identity">
      <class id="CHEBI_GO_EXT:antagonist" label="antagonist"/>
      <span end="38227" id="17194222-22161" start="38216">antagonists</span>
    </annotation>
    <annotation annotator="Mike Bada, University of Colorado Anschutz Medical Campus" id="CHEBI_2015_08_26_Instance_323854" type="identity">
      <class id="CHEBI:36357" label="polyatomic entity"/>
      <span end="43884" id="17194222-22227" start="43875">molecules</span>
    </annotation>
    <annotation annotator="Mike Bada, University of Colorado Anschutz Medical Campus" id="CHEBI_2015_08_26_Instance_323856" type="identity">
      <class id="CHEBI:36357" label="polyatomic entity"/>
      <span end="44030" id="17194222-22229" start="44021">molecules</span>
    </annotation>
    <annotation annotator="Mike Bada, University of Colorado Anschutz Medical Campus" id="CHEBI_2015_08_26_Instance_331290" type="identity">
      <class id="CHEBI_EXT:biochemical" label="biochemical"/>
      <span end="44125" id="17194222-22511" start="44114">biochemical</span>
    </annotation>
    <annotation annotator="Mike Bada, University of Colorado Anschutz Medical Campus" id="CHEBI_2015_08_26_Instance_323858" type="identity">
      <class id="CHEBI_GO_EXT:ligand" label="ligand"/>
      <span end="44386" id="17194222-22231" start="44380">ligand</span>
    </annotation>
    <annotation annotator="Mike Bada, University of Colorado Anschutz Medical Campus" id="CHEBI_2015_08_26_Instance_32991" type="identity">
      <class id="CHEBI_EXT:33893" label="reagent"/>
      <span end="45701" id="17194222-22379" start="45693">Reagents</span>
    </annotation>
    <annotation annotator="Mike Bada, University of Colorado Anschutz Medical Campus" id="CHEBI_2015_08_26_Instance_32993" type="identity">
      <class id="CHEBI:27338" label="xylene"/>
      <span end="45710" id="17194222-22381" start="45704">Xylene</span>
    </annotation>
    <annotation annotator="Mike Bada, University of Colorado Anschutz Medical Campus" id="CHEBI_2015_08_26_Instance_32995" type="identity">
      <class id="CHEBI:16397" label="formamide"/>
      <span end="45721" id="17194222-22383" start="45712">formamide</span>
    </annotation>
    <annotation annotator="Mike Bada, University of Colorado Anschutz Medical Campus" id="CHEBI_2015_08_26_Instance_32997" type="identity">
      <class id="CHEBI:36610" label="acetic anhydride"/>
      <span end="45743" id="17194222-22385" start="45727">acetic anhydride</span>
    </annotation>
    <annotation annotator="Mike Bada, University of Colorado Anschutz Medical Campus" id="CHEBI_2015_08_26_Instance_32999" type="identity">
      <class id="CHEBI:16866" label="alizarin"/>
      <span end="45822" id="17194222-22387" start="45810">Alizarin red</span>
    </annotation>
    <annotation annotator="Mike Bada, University of Colorado Anschutz Medical Campus" id="CHEBI_2015_08_26_Instance_323860" type="identity">
      <class id="CHEBI_EXT:paraformaldehye" label="paraformaldehyde"/>
      <span end="45858" id="17194222-22233" start="45842">paraformaldehyde</span>
    </annotation>
    <annotation annotator="Mike Bada, University of Colorado Anschutz Medical Campus" id="CHEBI_2015_08_26_Instance_323862" type="identity">
      <class id="CHEBI:53248" label="poly(vinylpyrrolidone)"/>
      <span end="45880" id="17194222-22235" start="45860">polyvinylpyrrolidone</span>
    </annotation>
    <annotation annotator="Mike Bada, University of Colorado Anschutz Medical Campus" id="CHEBI_2015_08_26_Instance_323866" type="identity">
      <class id="CHEBI_SO_EXT:tRNA" label="tRNA"/>
      <span end="45909" id="17194222-22237" start="45905">tRNA</span>
    </annotation>
    <annotation annotator="Mike Bada, University of Colorado Anschutz Medical Campus" id="CHEBI_2015_08_26_Instance_33003" type="identity">
      <class id="CHEBI:18320" label="1,4-dithiothreitol"/>
      <span end="45929" id="17194222-22389" start="45915">dithiothreitol</span>
    </annotation>
    <annotation annotator="Mike Bada, University of Colorado Anschutz Medical Campus" id="CHEBI_2015_08_26_Instance_33005" type="identity">
      <class id="CHEBI:10545" label="electron"/>
      <span end="46030" id="17194222-22391" start="46022">Electron</span>
    </annotation>
    <annotation annotator="Mike Bada, University of Colorado Anschutz Medical Campus" id="CHEBI_2015_08_26_Instance_33007" type="identity">
      <class id="CHEBI:34674" label="dextran sulfate"/>
      <span end="46093" id="17194222-22393" start="46078">Dextran sulfate</span>
    </annotation>
    <annotation annotator="Mike Bada, University of Colorado Anschutz Medical Campus" id="CHEBI_2015_08_26_Instance_340244" type="identity">
      <class id="CHEBI_EXT:52217" label="pharmaceutical"/>
      <span end="46344" id="17194222-22515" start="46329">Pharmaceuticals</span>
    </annotation>
    <annotation annotator="Mike Bada, University of Colorado Anschutz Medical Campus" id="CHEBI_2015_08_26_Instance_310412" type="identity">
      <class id="CHEBI_PR_EXT:protein" label="protein"/>
      <span end="46416" id="17194222-22173" start="46409">protein</span>
    </annotation>
    <annotation annotator="Mike Bada, University of Colorado Anschutz Medical Campus" id="CHEBI_2015_08_26_Instance_323868" type="identity">
      <class id="CHEBI_SO_EXT:DNA" label="DNA"/>
      <span end="47638" id="17194222-22239" start="47635">DNA</span>
    </annotation>
    <annotation annotator="Mike Bada, University of Colorado Anschutz Medical Campus" id="CHEBI_2015_08_26_Instance_323870" type="identity">
      <class id="CHEBI_SO_EXT:base" label="base"/>
      <span end="49297" id="17194222-22241" start="49296">b</span>
    </annotation>
    <annotation annotator="Mike Bada, University of Colorado Anschutz Medical Campus" id="CHEBI_2015_08_26_Instance_33009" type="identity">
      <class id="CHEBI:16526" label="carbon dioxide"/>
      <span end="49498" id="17194222-22395" start="49484">carbon dioxide</span>
    </annotation>
    <annotation annotator="Mike Bada, University of Colorado Anschutz Medical Campus" id="CHEBI_2015_08_26_Instance_33011" type="identity">
      <class id="CHEBI:16236" label="ethanol"/>
      <span end="49609" id="17194222-22397" start="49602">ethanol</span>
    </annotation>
    <annotation annotator="Mike Bada, University of Colorado Anschutz Medical Campus" id="CHEBI_2015_08_26_Instance_33013" type="identity">
      <class id="CHEBI:15347" label="acetone"/>
      <span end="49654" id="17194222-22399" start="49647">acetone</span>
    </annotation>
    <annotation annotator="Mike Bada, University of Colorado Anschutz Medical Campus" id="CHEBI_2015_08_26_Instance_410490" type="identity">
      <class id="CHEBI_UBERON_EXT:triglyceride_or_adipose_tissue" label="fat (CHEBI/UBERON extension class)"/>
      <span end="49677" id="17194222-22531" start="49674">fat</span>
    </annotation>
    <annotation annotator="Mike Bada, University of Colorado Anschutz Medical Campus" id="CHEBI_2015_08_26_Instance_33015" type="identity">
      <class id="CHEBI:16866" label="alizarin"/>
      <span end="49819" id="17194222-22401" start="49807">Alizarin red</span>
    </annotation>
    <annotation annotator="Mike Bada, University of Colorado Anschutz Medical Campus" id="CHEBI_2015_08_26_Instance_330676" type="identity">
      <class id="CHEBI:60004" label="mixture"/>
      <span end="49837" id="17194222-22451" start="49830">mixture</span>
    </annotation>
    <annotation annotator="Mike Bada, University of Colorado Anschutz Medical Campus" id="CHEBI_2015_08_26_Instance_33017" type="identity">
      <class id="CHEBI:15366" label="acetic acid"/>
      <span end="49860" id="17194222-22403" start="49849">acetic acid</span>
    </annotation>
    <annotation annotator="Mike Bada, University of Colorado Anschutz Medical Campus" id="CHEBI_2015_08_26_Instance_33019" type="identity">
      <class id="CHEBI:16236" label="ethanol"/>
      <span end="49876" id="17194222-22405" start="49869">ethanol</span>
    </annotation>
    <annotation annotator="Mike Bada, University of Colorado Anschutz Medical Campus" id="CHEBI_2015_08_26_Instance_33021" type="identity">
      <class id="CHEBI:32035" label="potassium hydroxide"/>
      <span end="50097" id="17194222-22407" start="50094">KOH</span>
    </annotation>
    <annotation annotator="Mike Bada, University of Colorado Anschutz Medical Campus" id="CHEBI_2015_08_26_Instance_323872" type="identity">
      <class id="CHEBI:75958" label="solution"/>
      <span end="50133" id="17194222-22243" start="50125">solution</span>
    </annotation>
    <annotation annotator="Mike Bada, University of Colorado Anschutz Medical Campus" id="CHEBI_2015_08_26_Instance_33023" type="identity">
      <class id="CHEBI:17754" label="glycerol"/>
      <span end="50207" id="17194222-22409" start="50199">glycerol</span>
    </annotation>
    <annotation annotator="Mike Bada, University of Colorado Anschutz Medical Campus" id="CHEBI_2015_08_26_Instance_323878" type="identity">
      <class id="CHEBI:51739" label="acridine orange"/>
      <span end="50242" id="17194222-22249" start="50227">Acridine orange</span>
    </annotation>
    <annotation annotator="Mike Bada, University of Colorado Anschutz Medical Campus" id="CHEBI_2015_08_26_Instance_323874" type="identity">
      <class id="CHEBI:51739" label="acridine orange"/>
      <span end="50316" id="17194222-22245" start="50301">acridine orange</span>
    </annotation>
    <annotation annotator="Mike Bada, University of Colorado Anschutz Medical Campus" id="CHEBI_2015_08_26_Instance_323880" type="identity">
      <class id="CHEBI:75958" label="solution"/>
      <span end="50410" id="17194222-22251" start="50402">solution</span>
    </annotation>
    <annotation annotator="Mike Bada, University of Colorado Anschutz Medical Campus" id="CHEBI_2015_08_26_Instance_323876" type="identity">
      <class id="CHEBI:51739" label="acridine orange"/>
      <span end="50429" id="17194222-22247" start="50414">acridine orange</span>
    </annotation>
    <annotation annotator="Mike Bada, University of Colorado Anschutz Medical Campus" id="CHEBI_2015_08_26_Instance_323882" type="identity">
      <class id="CHEBI_EXT:paraformaldehye" label="paraformaldehyde"/>
      <span end="50901" id="17194222-22253" start="50885">paraformaldehyde</span>
    </annotation>
    <annotation annotator="Mike Bada, University of Colorado Anschutz Medical Campus" id="CHEBI_2015_08_26_Instance_33025" type="identity">
      <class id="CHEBI:9754" label="tris"/>
      <span end="50983" id="17194222-22411" start="50979">Tris</span>
    </annotation>
    <annotation annotator="Mike Bada, University of Colorado Anschutz Medical Campus" id="CHEBI_2015_08_26_Instance_330478" type="identity">
      <class id="CHEBI_CHMO_EXT:buffer_solution" label="buffer solution"/>
      <span end="50990" id="17194222-22427" start="50984">buffer</span>
    </annotation>
    <annotation annotator="Mike Bada, University of Colorado Anschutz Medical Campus" id="CHEBI_2015_08_26_Instance_323884" type="identity">
      <class id="CHEBI_EXT:EDTA" label="EDTA"/>
      <span end="51010" id="17194222-22255" start="51006">EDTA</span>
    </annotation>
    <annotation annotator="Mike Bada, University of Colorado Anschutz Medical Campus" id="CHEBI_2015_08_26_Instance_323886" type="identity">
      <class id="CHEBI:53248" label="poly(vinylpyrrolidone)"/>
      <span end="51040" id="17194222-22257" start="51020">polyvinylpyrrolidone</span>
    </annotation>
    <annotation annotator="Mike Bada, University of Colorado Anschutz Medical Campus" id="CHEBI_2015_08_26_Instance_33029" type="identity">
      <class id="CHEBI:16236" label="ethanol"/>
      <span end="51122" id="17194222-22413" start="51115">ethanol</span>
    </annotation>
    <annotation annotator="Mike Bada, University of Colorado Anschutz Medical Campus" id="CHEBI_2015_08_26_Instance_33031" type="identity">
      <class id="CHEBI:27338" label="xylene"/>
      <span end="51148" id="17194222-22415" start="51142">xylene</span>
    </annotation>
    <annotation annotator="Mike Bada, University of Colorado Anschutz Medical Campus" id="CHEBI_2015_08_26_Instance_323888" type="identity">
      <class id="CHEBI:51686" label="haematoxylin"/>
      <span end="51232" id="17194222-22259" start="51221">hematoxylin</span>
    </annotation>
    <annotation annotator="Mike Bada, University of Colorado Anschutz Medical Campus" id="CHEBI_2015_08_26_Instance_323892" type="identity">
      <class id="CHEBI_EXT:eosin" label="eosin"/>
      <span end="51242" id="17194222-22263" start="51237">eosin</span>
    </annotation>
    <annotation annotator="Mike Bada, University of Colorado Anschutz Medical Campus" id="CHEBI_2015_08_26_Instance_323890" type="identity">
      <class id="CHEBI:51686" label="haematoxylin"/>
      <span end="51245" id="17194222-22261" start="51244">H</span>
    </annotation>
    <annotation annotator="Mike Bada, University of Colorado Anschutz Medical Campus" id="CHEBI_2015_08_26_Instance_323894" type="identity">
      <class id="CHEBI_EXT:eosin" label="eosin"/>
      <span end="51249" id="17194222-22265" start="51248">E</span>
    </annotation>
    <annotation annotator="Mike Bada, University of Colorado Anschutz Medical Campus" id="CHEBI_2015_08_26_Instance_33033" type="identity">
      <class id="CHEBI:42098" label="digoxigenin"/>
      <span end="51346" id="17194222-22417" start="51335">digoxigenin</span>
    </annotation>
    <annotation annotator="Mike Bada, University of Colorado Anschutz Medical Campus" id="CHEBI_2015_08_26_Instance_380792" type="identity">
      <class id="CHEBI_SO_EXT:molecular_label_or_mark_or_tag_process" label="molecular label/mark/tag process"/>
      <span end="51354" id="17194222-22519" start="51347">labeled</span>
    </annotation>
    <annotation annotator="Mike Bada, University of Colorado Anschutz Medical Campus" id="CHEBI_2015_08_26_Instance_323896" type="identity">
      <class id="CHEBI_SO_EXT:molecular_probe" label="molecular probe"/>
      <span end="51361" id="17194222-22267" start="51355">probes</span>
    </annotation>
    <annotation annotator="Mike Bada, University of Colorado Anschutz Medical Campus" id="CHEBI_2015_08_26_Instance_380794" type="identity">
      <class id="CHEBI_EXT:radiolabel_process" label="radiolabel process"/>
      <span end="51442" id="17194222-22521" start="51430">radiolabeled</span>
    </annotation>
    <annotation annotator="Mike Bada, University of Colorado Anschutz Medical Campus" id="CHEBI_2015_08_26_Instance_323898" type="identity">
      <class id="CHEBI_SO_EXT:molecular_probe" label="molecular probe"/>
      <span end="51449" id="17194222-22269" start="51443">probes</span>
    </annotation>
    <annotation annotator="Mike Bada, University of Colorado Anschutz Medical Campus" id="CHEBI_2015_08_26_Instance_33037" type="identity">
      <class id="CHEBI:27338" label="xylene"/>
      <span end="51556" id="17194222-22419" start="51550">xylene</span>
    </annotation>
    <annotation annotator="Mike Bada, University of Colorado Anschutz Medical Campus" id="CHEBI_2015_08_26_Instance_33039" type="identity">
      <class id="CHEBI:16236" label="ethanol"/>
      <span end="51596" id="17194222-22421" start="51589">ethanol</span>
    </annotation>
    <annotation annotator="Mike Bada, University of Colorado Anschutz Medical Campus" id="CHEBI_2015_08_26_Instance_323900" type="identity">
      <class id="CHEBI_EXT:paraformaldehye" label="paraformaldehyde"/>
      <span end="51651" id="17194222-22271" start="51635">paraformaldehyde</span>
    </annotation>
    <annotation annotator="Mike Bada, University of Colorado Anschutz Medical Campus" id="CHEBI_2015_08_26_Instance_323902" type="identity">
      <class id="CHEBI_EXT:paraformaldehye" label="paraformaldehyde"/>
      <span end="51797" id="17194222-22273" start="51781">paraformaldehyde</span>
    </annotation>
    <annotation annotator="Mike Bada, University of Colorado Anschutz Medical Campus" id="CHEBI_2015_08_26_Instance_323904" type="identity">
      <class id="CHEBI:75958" label="solution"/>
      <span end="51859" id="17194222-22275" start="51851">solution</span>
    </annotation>
    <annotation annotator="Mike Bada, University of Colorado Anschutz Medical Campus" id="CHEBI_2015_08_26_Instance_33043" type="identity">
      <class id="CHEBI:17883" label="hydrogen chloride"/>
      <span end="51893" id="17194222-22423" start="51876">hydrochloric acid</span>
    </annotation>
    <annotation annotator="Mike Bada, University of Colorado Anschutz Medical Campus" id="CHEBI_2015_08_26_Instance_33045" type="identity">
      <class id="CHEBI:28621" label="triethanolamine"/>
      <span end="51917" id="17194222-22425" start="51901">triethanol amine</span>
    </annotation>
    <annotation annotator="Mike Bada, University of Colorado Anschutz Medical Campus" id="CHEBI_2015_08_26_Instance_33047" type="identity">
      <class id="CHEBI:36610" label="acetic anhydride"/>
      <span end="51945" id="17194222-22429" start="51929">acetic anhydride</span>
    </annotation>
    <annotation annotator="Mike Bada, University of Colorado Anschutz Medical Campus" id="CHEBI_2015_08_26_Instance_33049" type="identity">
      <class id="CHEBI:16236" label="ethanol"/>
      <span end="52047" id="17194222-22435" start="52040">ethanol</span>
    </annotation>
    <annotation annotator="Mike Bada, University of Colorado Anschutz Medical Campus" id="CHEBI_2015_08_26_Instance_323906" type="identity">
      <class id="CHEBI:75958" label="solution"/>
      <span end="52128" id="17194222-22277" start="52120">solution</span>
    </annotation>
    <annotation annotator="Mike Bada, University of Colorado Anschutz Medical Campus" id="CHEBI_2015_08_26_Instance_33051" type="identity">
      <class id="CHEBI:16397" label="formamide"/>
      <span end="52153" id="17194222-22437" start="52144">formamide</span>
    </annotation>
    <annotation annotator="Mike Bada, University of Colorado Anschutz Medical Campus" id="CHEBI_2015_08_26_Instance_33053" type="identity">
      <class id="CHEBI:34674" label="dextran sulfate"/>
      <span end="52174" id="17194222-22439" start="52159">dextran sulfate</span>
    </annotation>
    <annotation annotator="Mike Bada, University of Colorado Anschutz Medical Campus" id="CHEBI_2015_08_26_Instance_323908" type="identity">
      <class id="CHEBI:75958" label="solution"/>
      <span end="52198" id="17194222-22279" start="52190">solution</span>
    </annotation>
    <annotation annotator="Mike Bada, University of Colorado Anschutz Medical Campus" id="CHEBI_2015_08_26_Instance_33055" type="identity">
      <class id="CHEBI:26710" label="sodium chloride"/>
      <span end="52221" id="17194222-22441" start="52206">sodium chloride</span>
    </annotation>
    <annotation annotator="Mike Bada, University of Colorado Anschutz Medical Campus" id="CHEBI_2015_08_26_Instance_33057" type="identity">
      <class id="CHEBI:9754" label="tris"/>
      <span end="52234" id="17194222-22443" start="52230">Tris</span>
    </annotation>
    <annotation annotator="Mike Bada, University of Colorado Anschutz Medical Campus" id="CHEBI_2015_08_26_Instance_330480" type="identity">
      <class id="CHEBI_CHMO_EXT:buffer_solution" label="buffer solution"/>
      <span end="52241" id="17194222-22431" start="52235">buffer</span>
    </annotation>
    <annotation annotator="Mike Bada, University of Colorado Anschutz Medical Campus" id="CHEBI_2015_08_26_Instance_323910" type="identity">
      <class id="CHEBI_EXT:EDTA" label="EDTA"/>
      <span end="52264" id="17194222-22281" start="52260">EDTA</span>
    </annotation>
    <annotation annotator="Mike Bada, University of Colorado Anschutz Medical Campus" id="CHEBI_2015_08_26_Instance_33061" type="identity">
      <class id="CHEBI:18320" label="1,4-dithiothreitol"/>
      <span end="52287" id="17194222-22445" start="52273">dithiothreitol</span>
    </annotation>
    <annotation annotator="Mike Bada, University of Colorado Anschutz Medical Campus" id="CHEBI_2015_08_26_Instance_33063" type="identity">
      <class id="CHEBI:8984" label="sodium dodecyl sulfate"/>
      <span end="52298" id="17194222-22449" start="52295">SDS</span>
    </annotation>
    <annotation annotator="Mike Bada, University of Colorado Anschutz Medical Campus" id="CHEBI_2015_08_26_Instance_323912" type="identity">
      <class id="CHEBI_SO_EXT:tRNA" label="tRNA"/>
      <span end="52311" id="17194222-22283" start="52307">tRNA</span>
    </annotation>
    <annotation annotator="Mike Bada, University of Colorado Anschutz Medical Campus" id="CHEBI_2015_08_26_Instance_33067" type="identity">
      <class id="CHEBI:37983" label="sulfur-35 atom"/>
      <span end="52320" id="17194222-22453" start="52317">35S</span>
    </annotation>
    <annotation annotator="Mike Bada, University of Colorado Anschutz Medical Campus" id="CHEBI_2015_08_26_Instance_380796" type="identity">
      <class id="CHEBI_SO_EXT:molecular_label_or_mark_or_tag_process" label="molecular label/mark/tag process"/>
      <span end="52328" id="17194222-22523" start="52321">labeled</span>
    </annotation>
    <annotation annotator="Mike Bada, University of Colorado Anschutz Medical Campus" id="CHEBI_2015_08_26_Instance_323914" type="identity">
      <class id="CHEBI_SO_EXT:molecular_probe" label="molecular probe"/>
      <span end="52339" id="17194222-22285" start="52334">probe</span>
    </annotation>
    <annotation annotator="Mike Bada, University of Colorado Anschutz Medical Campus" id="CHEBI_2015_08_26_Instance_323916" type="identity">
      <class id="CHEBI:75958" label="solution"/>
      <span end="52461" id="17194222-22287" start="52453">solution</span>
    </annotation>
    <annotation annotator="Mike Bada, University of Colorado Anschutz Medical Campus" id="CHEBI_2015_08_26_Instance_340356" type="identity">
      <class id="CHEBI_EXT:saline_sodium_citrate" label="saline sodium citrate"/>
      <span end="52479" id="17194222-22517" start="52476">SSC</span>
    </annotation>
    <annotation annotator="Mike Bada, University of Colorado Anschutz Medical Campus" id="CHEBI_2015_08_26_Instance_33069" type="identity">
      <class id="CHEBI:18320" label="1,4-dithiothreitol"/>
      <span end="52504" id="17194222-22455" start="52490">dithiothreitol</span>
    </annotation>
    <annotation annotator="Mike Bada, University of Colorado Anschutz Medical Campus" id="CHEBI_2015_08_26_Instance_330812" type="identity">
      <class id="CHEBI:75958" label="solution"/>
      <span end="52549" id="17194222-22465" start="52541">solution</span>
    </annotation>
    <annotation annotator="Mike Bada, University of Colorado Anschutz Medical Campus" id="CHEBI_2015_08_26_Instance_33071" type="identity">
      <class id="CHEBI:16397" label="formamide"/>
      <span end="52574" id="17194222-22457" start="52565">formamide</span>
    </annotation>
    <annotation annotator="Mike Bada, University of Colorado Anschutz Medical Campus" id="CHEBI_2015_08_26_Instance_323920" type="identity">
      <class id="CHEBI_EXT:saline_sodium_citrate" label="saline sodium citrate"/>
      <span end="52582" id="17194222-22289" start="52579">SSC</span>
    </annotation>
    <annotation annotator="Mike Bada, University of Colorado Anschutz Medical Campus" id="CHEBI_2015_08_26_Instance_33073" type="identity">
      <class id="CHEBI:18320" label="1,4-dithiothreitol"/>
      <span end="52608" id="17194222-22459" start="52594">dithiothreitol</span>
    </annotation>
    <annotation annotator="Mike Bada, University of Colorado Anschutz Medical Campus" id="CHEBI_2015_08_26_Instance_323922" type="identity">
      <class id="CHEBI:75958" label="solution"/>
      <span end="52651" id="17194222-22291" start="52643">solution</span>
    </annotation>
    <annotation annotator="Mike Bada, University of Colorado Anschutz Medical Campus" id="CHEBI_2015_08_26_Instance_33075" type="identity">
      <class id="CHEBI:9754" label="tris"/>
      <span end="52699" id="17194222-22461" start="52695">Tris</span>
    </annotation>
    <annotation annotator="Mike Bada, University of Colorado Anschutz Medical Campus" id="CHEBI_2015_08_26_Instance_330482" type="identity">
      <class id="CHEBI_CHMO_EXT:buffer_solution" label="buffer solution"/>
      <span end="52706" id="17194222-22433" start="52700">buffer</span>
    </annotation>
    <annotation annotator="Mike Bada, University of Colorado Anschutz Medical Campus" id="CHEBI_2015_08_26_Instance_33077" type="identity">
      <class id="CHEBI:26710" label="sodium chloride"/>
      <span end="52738" id="17194222-22463" start="52723">sodium chloride</span>
    </annotation>
    <annotation annotator="Mike Bada, University of Colorado Anschutz Medical Campus" id="CHEBI_2015_08_26_Instance_323924" type="identity">
      <class id="CHEBI_EXT:EDTA" label="EDTA"/>
      <span end="52756" id="17194222-22293" start="52752">EDTA</span>
    </annotation>
    <annotation annotator="Mike Bada, University of Colorado Anschutz Medical Campus" id="CHEBI_2015_08_26_Instance_33089" type="identity">
      <class id="CHEBI:16397" label="formamide"/>
      <span end="52812" id="17194222-22467" start="52803">formamide</span>
    </annotation>
    <annotation annotator="Mike Bada, University of Colorado Anschutz Medical Campus" id="CHEBI_2015_08_26_Instance_323926" type="identity">
      <class id="CHEBI_EXT:saline_sodium_citrate" label="saline sodium citrate"/>
      <span end="52820" id="17194222-22295" start="52817">SSC</span>
    </annotation>
    <annotation annotator="Mike Bada, University of Colorado Anschutz Medical Campus" id="CHEBI_2015_08_26_Instance_33091" type="identity">
      <class id="CHEBI:18320" label="1,4-dithiothreitol"/>
      <span end="52846" id="17194222-22469" start="52832">dithiothreitol</span>
    </annotation>
    <annotation annotator="Mike Bada, University of Colorado Anschutz Medical Campus" id="CHEBI_2015_08_26_Instance_323928" type="identity">
      <class id="CHEBI_EXT:saline_sodium_citrate" label="saline sodium citrate"/>
      <span end="52915" id="17194222-22297" start="52912">SSC</span>
    </annotation>
    <annotation annotator="Mike Bada, University of Colorado Anschutz Medical Campus" id="CHEBI_2015_08_26_Instance_33093" type="identity">
      <class id="CHEBI:18320" label="1,4-dithiothreitol"/>
      <span end="52936" id="17194222-22471" start="52922">dithiothreitol</span>
    </annotation>
    <annotation annotator="Mike Bada, University of Colorado Anschutz Medical Campus" id="CHEBI_2015_08_26_Instance_323930" type="identity">
      <class id="CHEBI_EXT:saline_sodium_citrate" label="saline sodium citrate"/>
      <span end="52970" id="17194222-22299" start="52967">SSC</span>
    </annotation>
    <annotation annotator="Mike Bada, University of Colorado Anschutz Medical Campus" id="CHEBI_2015_08_26_Instance_33095" type="identity">
      <class id="CHEBI:18320" label="1,4-dithiothreitol"/>
      <span end="52991" id="17194222-22473" start="52977">dithiothreitol</span>
    </annotation>
    <annotation annotator="Mike Bada, University of Colorado Anschutz Medical Campus" id="CHEBI_2015_08_26_Instance_323932" type="identity">
      <class id="CHEBI:51686" label="haematoxylin"/>
      <span end="53183" id="17194222-22301" start="53182">H</span>
    </annotation>
    <annotation annotator="Mike Bada, University of Colorado Anschutz Medical Campus" id="CHEBI_2015_08_26_Instance_323934" type="identity">
      <class id="CHEBI_EXT:eosin" label="eosin"/>
      <span end="53185" id="17194222-22303" start="53184">E</span>
    </annotation>
    <annotation annotator="Mike Bada, University of Colorado Anschutz Medical Campus" id="CHEBI_2015_08_26_Instance_33097" type="identity">
      <class id="CHEBI:37983" label="sulfur-35 atom"/>
      <span end="53194" id="17194222-22475" start="53191">35S</span>
    </annotation>
    <annotation annotator="Mike Bada, University of Colorado Anschutz Medical Campus" id="CHEBI_2015_08_26_Instance_380798" type="identity">
      <class id="CHEBI_SO_EXT:molecular_label_or_mark_or_tag_process" label="molecular label/mark/tag process"/>
      <span end="53202" id="17194222-22525" start="53195">labeled</span>
    </annotation>
    <annotation annotator="Mike Bada, University of Colorado Anschutz Medical Campus" id="CHEBI_2015_08_26_Instance_323936" type="identity">
      <class id="CHEBI_SO_EXT:molecular_probe" label="molecular probe"/>
      <span end="53214" id="17194222-22305" start="53208">probes</span>
    </annotation>
    <annotation annotator="Mike Bada, University of Colorado Anschutz Medical Campus" id="CHEBI_2015_08_26_Instance_323938" type="identity">
      <class id="CHEBI_PR_EXT:collagen" label="collagen"/>
      <span end="53270" id="17194222-22307" start="53262">collagen</span>
    </annotation>
    <annotation annotator="Mike Bada, University of Colorado Anschutz Medical Campus" id="CHEBI_2015_08_26_Instance_323940" type="identity">
      <class id="CHEBI_SO_EXT:molecular_probe" label="molecular probe"/>
      <span end="53351" id="17194222-22309" start="53345">probes</span>
    </annotation>
    <annotation annotator="Mike Bada, University of Colorado Anschutz Medical Campus" id="CHEBI_2015_08_26_Instance_323942" type="identity">
      <class id="CHEBI_SO_EXT:riboprobe" label="riboprobe"/>
      <span end="53411" id="17194222-22311" start="53402">Riboprobe</span>
    </annotation>
    <annotation annotator="Mike Bada, University of Colorado Anschutz Medical Campus" id="CHEBI_2015_08_26_Instance_323946" type="identity">
      <class id="CHEBI:51686" label="haematoxylin"/>
      <span end="53763" id="17194222-22315" start="53752">Hematoxylin</span>
    </annotation>
    <annotation annotator="Mike Bada, University of Colorado Anschutz Medical Campus" id="CHEBI_2015_08_26_Instance_323944" type="identity">
      <class id="CHEBI_EXT:eosin" label="eosin"/>
      <span end="53773" id="17194222-22313" start="53768">eosin</span>
    </annotation>
    <annotation annotator="Mike Bada, University of Colorado Anschutz Medical Campus" id="CHEBI_2015_08_26_Instance_33099" type="identity">
      <class id="CHEBI:16866" label="alizarin"/>
      <span end="53836" id="17194222-22477" start="53824">Alizarin red</span>
    </annotation>
    <annotation annotator="Mike Bada, University of Colorado Anschutz Medical Campus" id="CHEBI_2015_08_26_Instance_323948" type="identity">
      <class id="CHEBI:51739" label="acridine orange"/>
      <span end="54014" id="17194222-22317" start="53999">Acridine orange</span>
    </annotation>
    <annotation annotator="Mike Bada, University of Colorado Anschutz Medical Campus" id="CHEBI_2015_08_26_Instance_323950" type="identity">
      <class id="CHEBI:51739" label="acridine orange"/>
      <span end="54125" id="17194222-22319" start="54110">Acridine orange</span>
    </annotation>
    <annotation annotator="Mike Bada, University of Colorado Anschutz Medical Campus" id="CHEBI_2015_08_26_Instance_323952" type="identity">
      <class id="CHEBI_SO_EXT:mRNA" label="mRNA"/>
      <span end="54337" id="17194222-22321" start="54333">mRNA</span>
    </annotation>
    <annotation annotator="Mike Bada, University of Colorado Anschutz Medical Campus" id="CHEBI_2015_08_26_Instance_323954" type="identity">
      <class id="CHEBI_SO_EXT:mRNA" label="mRNA"/>
      <span end="54600" id="17194222-22323" start="54596">mRNA</span>
    </annotation>
    <annotation annotator="Mike Bada, University of Colorado Anschutz Medical Campus" id="CHEBI_2015_08_26_Instance_323956" type="identity">
      <class id="CHEBI_SO_EXT:molecular_probe" label="molecular probe"/>
      <span end="54607" id="17194222-22325" start="54601">probes</span>
    </annotation>
    <annotation annotator="Mike Bada, University of Colorado Anschutz Medical Campus" id="CHEBI_2015_08_26_Instance_323958" type="identity">
      <class id="CHEBI_SO_EXT:mRNA" label="mRNA"/>
      <span end="54714" id="17194222-22327" start="54710">mRNA</span>
    </annotation>
    <annotation annotator="Mike Bada, University of Colorado Anschutz Medical Campus" id="CHEBI_2015_08_26_Instance_331044" type="identity">
      <class id="CHEBI_SO_EXT:molecular_indicator_or_label_or_marker_or_tag" label="molecular indicator/label/marker/tag"/>
      <span end="55173" id="17194222-22495" start="55167">Marker</span>
    </annotation>
    <annotation annotator="Mike Bada, University of Colorado Anschutz Medical Campus" id="CHEBI_2015_08_26_Instance_323962" type="identity">
      <class id="CHEBI_PR_EXT:collagen" label="collagen"/>
      <span end="55243" id="17194222-22329" start="55240">Col</span>
    </annotation>
    <annotation annotator="Mike Bada, University of Colorado Anschutz Medical Campus" id="CHEBI_2015_08_26_Instance_323964" type="identity">
      <class id="CHEBI_PR_EXT:collagen" label="collagen"/>
      <span end="55255" id="17194222-22331" start="55252">Col</span>
    </annotation>
    <annotation annotator="Mike Bada, University of Colorado Anschutz Medical Campus" id="CHEBI_2015_08_26_Instance_323966" type="identity">
      <class id="CHEBI_PR_EXT:collagen" label="collagen"/>
      <span end="55270" id="17194222-22333" start="55267">Col</span>
    </annotation>
    <annotation annotator="Mike Bada, University of Colorado Anschutz Medical Campus" id="CHEBI_2015_08_26_Instance_323968" type="identity">
      <class id="CHEBI_SO_EXT:mRNA" label="mRNA"/>
      <span end="55281" id="17194222-22335" start="55277">mRNA</span>
    </annotation>
    <annotation annotator="Mike Bada, University of Colorado Anschutz Medical Campus" id="CHEBI_2015_08_26_Instance_323970" type="identity">
      <class id="CHEBI_SO_EXT:molecular_probe" label="molecular probe"/>
      <span end="55288" id="17194222-22337" start="55282">probes</span>
    </annotation>
    <annotation annotator="Mike Bada, University of Colorado Anschutz Medical Campus" id="CHEBI_2015_08_26_Instance_331046" type="identity">
      <class id="CHEBI_SO_EXT:molecular_indicator_or_label_or_marker_or_tag" label="molecular indicator/label/marker/tag"/>
      <span end="55390" id="17194222-22497" start="55384">Marker</span>
    </annotation>
    <annotation annotator="Mike Bada, University of Colorado Anschutz Medical Campus" id="CHEBI_2015_08_26_Instance_323974" type="identity">
      <class id="CHEBI_PR_EXT:collagen" label="collagen"/>
      <span end="55471" id="17194222-22339" start="55468">Col</span>
    </annotation>
    <annotation annotator="Mike Bada, University of Colorado Anschutz Medical Campus" id="CHEBI_2015_08_26_Instance_323976" type="identity">
      <class id="CHEBI_PR_EXT:collagen" label="collagen"/>
      <span end="55483" id="17194222-22341" start="55480">Col</span>
    </annotation>
    <annotation annotator="Mike Bada, University of Colorado Anschutz Medical Campus" id="CHEBI_2015_08_26_Instance_323978" type="identity">
      <class id="CHEBI_PR_EXT:collagen" label="collagen"/>
      <span end="55498" id="17194222-22343" start="55495">Col</span>
    </annotation>
    <annotation annotator="Mike Bada, University of Colorado Anschutz Medical Campus" id="CHEBI_2015_08_26_Instance_323980" type="identity">
      <class id="CHEBI_SO_EXT:mRNA" label="mRNA"/>
      <span end="55509" id="17194222-22345" start="55505">mRNA</span>
    </annotation>
    <annotation annotator="Mike Bada, University of Colorado Anschutz Medical Campus" id="CHEBI_2015_08_26_Instance_323982" type="identity">
      <class id="CHEBI_SO_EXT:molecular_probe" label="molecular probe"/>
      <span end="55516" id="17194222-22347" start="55510">probes</span>
    </annotation>
    <annotation annotator="Mike Bada, University of Colorado Anschutz Medical Campus" id="CHEBI_2015_08_26_Instance_33111" type="identity">
      <class id="CHEBI:16866" label="alizarin"/>
      <span end="55658" id="17194222-22501" start="55646">Alizarin red</span>
    </annotation>
    <annotation annotator="Mike Bada, University of Colorado Anschutz Medical Campus" id="CHEBI_2015_08_26_Instance_310414" type="identity">
      <class id="CHEBI_PR_EXT:protein" label="protein"/>
      <span end="57203" id="17194222-22175" start="57196">protein</span>
    </annotation>
    <annotation annotator="Mike Bada, University of Colorado Anschutz Medical Campus" id="CHEBI_2015_08_26_Instance_323984" type="identity">
      <class id="CHEBI_SO_EXT:mRNA" label="mRNA"/>
      <span end="57555" id="17194222-22349" start="57551">mRNA</span>
    </annotation>
    <annotation annotator="Mike Bada, University of Colorado Anschutz Medical Campus" id="CHEBI_2015_08_26_Instance_33115" type="identity">
      <class id="CHEBI:16866" label="alizarin"/>
      <span end="58330" id="17194222-22503" start="58318">Alizarin red</span>
    </annotation>
    <annotation annotator="Mike Bada, University of Colorado Anschutz Medical Campus" id="CHEBI_2015_08_26_Instance_323990" type="identity">
      <class id="CHEBI:51739" label="acridine orange"/>
      <span end="59224" id="17194222-22355" start="59209">acridine orange</span>
    </annotation>
    <annotation annotator="Mike Bada, University of Colorado Anschutz Medical Campus" id="CHEBI_2015_08_26_Instance_323988" type="identity">
      <class id="CHEBI:51739" label="acridine orange"/>
      <span end="59282" id="17194222-22353" start="59267">Acridine orange</span>
    </annotation>
    <annotation annotator="Mike Bada, University of Colorado Anschutz Medical Campus" id="CHEBI_2015_08_26_Instance_323986" type="identity">
      <class id="CHEBI:51739" label="acridine orange"/>
      <span end="59428" id="17194222-22351" start="59413">acridine orange</span>
    </annotation>
    <annotation annotator="Mike Bada, University of Colorado Anschutz Medical Campus" id="CHEBI_2015_08_26_Instance_323992" type="identity">
      <class id="CHEBI_SO_EXT:mRNA" label="mRNA"/>
      <span end="59555" id="17194222-22357" start="59551">mRNA</span>
    </annotation>
    <annotation annotator="Mike Bada, University of Colorado Anschutz Medical Campus" id="CHEBI_2015_08_26_Instance_323994" type="identity">
      <class id="CHEBI_SO_EXT:mRNA" label="mRNA"/>
      <span end="59696" id="17194222-22359" start="59692">mRNA</span>
    </annotation>
    <annotation annotator="Mike Bada, University of Colorado Anschutz Medical Campus" id="CHEBI_2015_08_26_Instance_323996" type="identity">
      <class id="CHEBI:36357" label="polyatomic entity"/>
      <span end="59800" id="17194222-22361" start="59791">Molecules</span>
    </annotation>
    <annotation annotator="Mike Bada, University of Colorado Anschutz Medical Campus" id="CHEBI_2015_08_26_Instance_323998" type="identity">
      <class id="CHEBI:51686" label="haematoxylin"/>
      <span end="60849" id="17194222-22363" start="60838">Hematoxylin</span>
    </annotation>
    <annotation annotator="Mike Bada, University of Colorado Anschutz Medical Campus" id="CHEBI_2015_08_26_Instance_324000" type="identity">
      <class id="CHEBI_EXT:eosin" label="eosin"/>
      <span end="60859" id="17194222-22365" start="60854">eosin</span>
    </annotation>
    <annotation annotator="Mike Bada, University of Colorado Anschutz Medical Campus" id="CHEBI_2015_08_26_Instance_33121" type="identity">
      <class id="CHEBI:42098" label="digoxigenin"/>
      <span end="61160" id="17194222-22505" start="61149">digoxigenin</span>
    </annotation>
    <annotation annotator="Mike Bada, University of Colorado Anschutz Medical Campus" id="CHEBI_2015_08_26_Instance_380800" type="identity">
      <class id="CHEBI_SO_EXT:molecular_label_or_mark_or_tag_process" label="molecular label/mark/tag process"/>
      <span end="61168" id="17194222-22527" start="61161">labeled</span>
    </annotation>
    <annotation annotator="Mike Bada, University of Colorado Anschutz Medical Campus" id="CHEBI_2015_08_26_Instance_324002" type="identity">
      <class id="CHEBI_SO_EXT:riboprobe" label="riboprobe"/>
      <span end="61188" id="17194222-22367" start="61179">rioprobes</span>
    </annotation>
    <annotation annotator="Mike Bada, University of Colorado Anschutz Medical Campus" id="CHEBI_2015_08_26_Instance_324006" type="identity">
      <class id="CHEBI_SO_EXT:riboprobe" label="riboprobe"/>
      <span end="61345" id="17194222-22371" start="61335">riboprobes</span>
    </annotation>
    <annotation annotator="Mike Bada, University of Colorado Anschutz Medical Campus" id="CHEBI_2015_08_26_Instance_324004" type="identity">
      <class id="CHEBI_SO_EXT:mRNA" label="mRNA"/>
      <span end="61359" id="17194222-22369" start="61355">mRNA</span>
    </annotation>
    <annotation annotator="Mike Bada, University of Colorado Anschutz Medical Campus" id="CHEBI_2015_08_26_Instance_33125" type="identity">
      <class id="CHEBI:42098" label="digoxigenin"/>
      <span end="61886" id="17194222-22507" start="61875">digoxigenin</span>
    </annotation>
    <annotation annotator="Mike Bada, University of Colorado Anschutz Medical Campus" id="CHEBI_2015_08_26_Instance_380802" type="identity">
      <class id="CHEBI_SO_EXT:molecular_label_or_mark_or_tag_process" label="molecular label/mark/tag process"/>
      <span end="61894" id="17194222-22529" start="61887">labeled</span>
    </annotation>
    <annotation annotator="Mike Bada, University of Colorado Anschutz Medical Campus" id="CHEBI_2015_08_26_Instance_324008" type="identity">
      <class id="CHEBI_SO_EXT:riboprobe" label="riboprobe"/>
      <span end="61904" id="17194222-22373" start="61895">riboprobe</span>
    </annotation>
    <annotation annotator="Mike Bada, University of Colorado Anschutz Medical Campus" id="CHEBI_2015_08_26_Instance_33127" type="identity">
      <class id="CHEBI:16866" label="alizarin"/>
      <span end="64507" id="17194222-22509" start="64495">Alizarin red</span>
    </annotation>
    <annotation annotator="Mike Bada, University of Colorado Anschutz Medical Campus" id="CHEBI_2015_08_26_Instance_331048" type="identity">
      <class id="CHEBI_SO_EXT:molecular_indicator_or_label_or_marker_or_tag" label="molecular indicator/label/marker/tag"/>
      <span end="64980" id="17194222-22499" start="64974">marker</span>
    </annotation>
    <graph-space id="Old Knowtator Relations"/>
  </document>
</knowtator-project>
