<?xml version="1.0" encoding="UTF-8" standalone="no"?>
<knowtator-project>
    <document id="17447844" text-file="17447844.txt">
        <annotation annotator="Mike Bada, University of Colorado Anschutz Medical Campus" id="CHEBI_2015_08_26_Instance_310578" type="identity">
            <class id="CHEBI_PR_EXT:protein" label="protein"/>
            <span end="673" id="17447844-22827" start="666">protein</span>
        </annotation>
        <annotation annotator="Mike Bada, University of Colorado Anschutz Medical Campus" id="CHEBI_2015_08_26_Instance_380979" type="identity">
            <class id="CHEBI_SO_EXT:molecular_indicator_or_label_or_marker_or_tag" label="molecular indicator/label/marker/tag"/>
            <span end="1017" id="17447844-22963" start="1012">marks</span>
        </annotation>
        <annotation annotator="Mike Bada, University of Colorado Anschutz Medical Campus" id="CHEBI_2015_08_26_Instance_32287" type="identity">
            <class id="CHEBI:15358" label="histone"/>
            <span end="1215" id="17447844-22909" start="1208">histone</span>
        </annotation>
        <annotation annotator="Mike Bada, University of Colorado Anschutz Medical Campus" id="CHEBI_2015_08_26_Instance_310580" type="identity">
            <class id="CHEBI_PR_EXT:protein" label="protein"/>
            <span end="1271" id="17447844-22829" start="1264">protein</span>
        </annotation>
        <annotation annotator="Mike Bada, University of Colorado Anschutz Medical Campus" id="CHEBI_2015_08_26_Instance_310582" type="identity">
            <class id="CHEBI_PR_EXT:protein" label="protein"/>
            <span end="2480" id="17447844-22831" start="2473">protein</span>
        </annotation>
        <annotation annotator="Mike Bada, University of Colorado Anschutz Medical Campus" id="CHEBI_2015_08_26_Instance_310584" type="identity">
            <class id="CHEBI_PR_EXT:protein" label="protein"/>
            <span end="2674" id="17447844-22833" start="2666">proteins</span>
        </annotation>
        <annotation annotator="Mike Bada, University of Colorado Anschutz Medical Campus" id="CHEBI_2015_08_26_Instance_11189" type="identity">
            <class id="CHEBI:15358" label="histone"/>
            <span end="2715" id="17447844-22793" start="2708">histone</span>
        </annotation>
        <annotation annotator="Mike Bada, University of Colorado Anschutz Medical Campus" id="CHEBI_2015_08_26_Instance_331602" type="identity">
            <class id="CHEBI_PR_EXT:protein" label="protein"/>
            <span end="2724" id="17447844-22953" start="2716">proteins</span>
        </annotation>
        <annotation annotator="Mike Bada, University of Colorado Anschutz Medical Campus" id="CHEBI_2015_08_26_Instance_310586" type="identity">
            <class id="CHEBI_PR_EXT:protein" label="protein"/>
            <span end="5878" id="17447844-22835" start="5870">proteins</span>
        </annotation>
        <annotation annotator="Mike Bada, University of Colorado Anschutz Medical Campus" id="CHEBI_2015_08_26_Instance_11191" type="identity">
            <class id="CHEBI:15358" label="histone"/>
            <span end="5953" id="17447844-22795" start="5946">histone</span>
        </annotation>
        <annotation annotator="Mike Bada, University of Colorado Anschutz Medical Campus" id="CHEBI_2015_08_26_Instance_11199" type="identity">
            <class id="CHEBI:15358" label="histone"/>
            <span end="5989" id="17447844-22803" start="5981">histones</span>
        </annotation>
        <annotation annotator="Mike Bada, University of Colorado Anschutz Medical Campus" id="CHEBI_2015_08_26_Instance_380981" type="identity">
            <class id="CHEBI_SO_EXT:molecular_indicator_or_label_or_marker_or_tag" label="molecular indicator/label/marker/tag"/>
            <span end="6408" id="17447844-22965" start="6403">marks</span>
        </annotation>
        <annotation annotator="Mike Bada, University of Colorado Anschutz Medical Campus" id="CHEBI_2015_08_26_Instance_40154" type="identity">
            <class id="CHEBI_EXT:polyatomic_entity_or_group" label="polyatomic entity or group"/>
            <span end="6706" id="17447844-22981" start="6697">molecular</span>
        </annotation>
        <annotation annotator="Mike Bada, University of Colorado Anschutz Medical Campus" id="CHEBI_2015_08_26_Instance_40156" type="identity">
            <class id="CHEBI_SO_EXT:DNA" label="DNA"/>
            <span end="6900" id="17447844-22983" start="6897">DNA</span>
        </annotation>
        <annotation annotator="Mike Bada, University of Colorado Anschutz Medical Campus" id="CHEBI_2015_08_26_Instance_40158" type="identity">
            <class id="CHEBI_SO_EXT:mRNA" label="mRNA"/>
            <span end="7634" id="17447844-22985" start="7630">mRNA</span>
        </annotation>
        <annotation annotator="Mike Bada, University of Colorado Anschutz Medical Campus" id="CHEBI_2015_08_26_Instance_310588" type="identity">
            <class id="CHEBI_PR_EXT:protein" label="protein"/>
            <span end="8909" id="17447844-22837" start="8902">protein</span>
        </annotation>
        <annotation annotator="Mike Bada, University of Colorado Anschutz Medical Campus" id="CHEBI_2015_08_26_Instance_310590" type="identity">
            <class id="CHEBI_PR_EXT:protein" label="protein"/>
            <span end="9534" id="17447844-22839" start="9526">Proteins</span>
        </annotation>
        <annotation annotator="Mike Bada, University of Colorado Anschutz Medical Campus" id="CHEBI_2015_08_26_Instance_40160" type="identity">
            <class id="CHEBI_SO_EXT:mRNA" label="mRNA"/>
            <span end="9563" id="17447844-22987" start="9559">mRNA</span>
        </annotation>
        <annotation annotator="Mike Bada, University of Colorado Anschutz Medical Campus" id="CHEBI_2015_08_26_Instance_40162" type="identity">
            <class id="CHEBI_SO_EXT:mRNA" label="mRNA"/>
            <span end="9670" id="17447844-22989" start="9666">mRNA</span>
        </annotation>
        <annotation annotator="Mike Bada, University of Colorado Anschutz Medical Campus" id="CHEBI_2015_08_26_Instance_40164" type="identity">
            <class id="CHEBI_SO_EXT:mRNA" label="mRNA"/>
            <span end="9744" id="17447844-22991" start="9740">mRNA</span>
        </annotation>
        <annotation annotator="Mike Bada, University of Colorado Anschutz Medical Campus" id="CHEBI_2015_08_26_Instance_40166" type="identity">
            <class id="CHEBI_SO_EXT:mRNA" label="mRNA"/>
            <span end="10081" id="17447844-22993" start="10077">mRNA</span>
        </annotation>
        <annotation annotator="Mike Bada, University of Colorado Anschutz Medical Campus" id="CHEBI_2015_08_26_Instance_40168" type="identity">
            <class id="CHEBI_SO_EXT:mRNA" label="mRNA"/>
            <span end="10134" id="17447844-22995" start="10130">mRNA</span>
        </annotation>
        <annotation annotator="Mike Bada, University of Colorado Anschutz Medical Campus" id="CHEBI_2015_08_26_Instance_40170" type="identity">
            <class id="CHEBI_SO_EXT:mRNA" label="mRNA"/>
            <span end="10280" id="17447844-22997" start="10276">mRNA</span>
        </annotation>
        <annotation annotator="Mike Bada, University of Colorado Anschutz Medical Campus" id="CHEBI_2015_08_26_Instance_40172" type="identity">
            <class id="CHEBI_SO_EXT:mRNA" label="mRNA"/>
            <span end="10546" id="17447844-22999" start="10542">mRNA</span>
        </annotation>
        <annotation annotator="Mike Bada, University of Colorado Anschutz Medical Campus" id="CHEBI_2015_08_26_Instance_310592" type="identity">
            <class id="CHEBI_PR_EXT:protein" label="protein"/>
            <span end="10558" id="17447844-22841" start="10551">Protein</span>
        </annotation>
        <annotation annotator="Mike Bada, University of Colorado Anschutz Medical Campus" id="CHEBI_2015_08_26_Instance_40174" type="identity">
            <class id="CHEBI_SO_EXT:mRNA" label="mRNA"/>
            <span end="10593" id="17447844-23001" start="10589">mRNA</span>
        </annotation>
        <annotation annotator="Mike Bada, University of Colorado Anschutz Medical Campus" id="CHEBI_2015_08_26_Instance_40176" type="identity">
            <class id="CHEBI_SO_EXT:mRNA" label="mRNA"/>
            <span end="10744" id="17447844-23003" start="10740">mRNA</span>
        </annotation>
        <annotation annotator="Mike Bada, University of Colorado Anschutz Medical Campus" id="CHEBI_2015_08_26_Instance_310594" type="identity">
            <class id="CHEBI_PR_EXT:protein" label="protein"/>
            <span end="10904" id="17447844-22843" start="10897">protein</span>
        </annotation>
        <annotation annotator="Mike Bada, University of Colorado Anschutz Medical Campus" id="CHEBI_2015_08_26_Instance_40178" type="identity">
            <class id="CHEBI:51231" label="DAPI"/>
            <span end="11021" id="17447844-23005" start="11017">DAPI</span>
        </annotation>
        <annotation annotator="Mike Bada, University of Colorado Anschutz Medical Campus" id="CHEBI_2015_08_26_Instance_310596" type="identity">
            <class id="CHEBI_PR_EXT:protein" label="protein"/>
            <span end="11364" id="17447844-22845" start="11357">protein</span>
        </annotation>
        <annotation annotator="" id="CHEBI_2015_08_26_backup_Instance_558" type="identity">
            <class id="CHEBI_SO_EXT:C_terminus_or_C_terminal_region" label="C-terminus or C-terminal region"/>
            <span end="11424" id="17447844-22789" start="11414">C-terminal</span>
        </annotation>
        <annotation annotator="Mike Bada, University of Colorado Anschutz Medical Campus" id="CHEBI_2015_08_26_Instance_310598" type="identity">
            <class id="CHEBI_PR_EXT:protein" label="protein"/>
            <span end="11447" id="17447844-22847" start="11440">protein</span>
        </annotation>
        <annotation annotator="Mike Bada, University of Colorado Anschutz Medical Campus" id="CHEBI_2015_08_26_Instance_310600" type="identity">
            <class id="CHEBI_PR_EXT:protein" label="protein"/>
            <span end="11581" id="17447844-22849" start="11573">proteins</span>
        </annotation>
        <annotation annotator="Mike Bada, University of Colorado Anschutz Medical Campus" id="CHEBI_2015_08_26_Instance_310602" type="identity">
            <class id="CHEBI_PR_EXT:protein" label="protein"/>
            <span end="11664" id="17447844-22851" start="11657">protein</span>
        </annotation>
        <annotation annotator="Mike Bada, University of Colorado Anschutz Medical Campus" id="CHEBI_2015_08_26_Instance_310604" type="identity">
            <class id="CHEBI_PR_EXT:protein" label="protein"/>
            <span end="11890" id="17447844-22853" start="11883">protein</span>
        </annotation>
        <annotation annotator="Mike Bada, University of Colorado Anschutz Medical Campus" id="CHEBI_2015_08_26_Instance_310606" type="identity">
            <class id="CHEBI_PR_EXT:protein" label="protein"/>
            <span end="12659" id="17447844-22855" start="12652">protein</span>
        </annotation>
        <annotation annotator="Mike Bada, University of Colorado Anschutz Medical Campus" id="CHEBI_2015_08_26_Instance_310608" type="identity">
            <class id="CHEBI_PR_EXT:protein" label="protein"/>
            <span end="12913" id="17447844-22857" start="12906">protein</span>
        </annotation>
        <annotation annotator="Mike Bada, University of Colorado Anschutz Medical Campus" id="CHEBI_2015_08_26_Instance_331068" type="identity">
            <class id="CHEBI_SO_EXT:molecular_indicator_or_label_or_marker_or_tag" label="molecular indicator/label/marker/tag"/>
            <span end="13054" id="17447844-22911" start="13047">markers</span>
        </annotation>
        <annotation annotator="Mike Bada, University of Colorado Anschutz Medical Campus" id="CHEBI_2015_08_26_Instance_40184" type="identity">
            <class id="CHEBI:7507" label="neomycin"/>
            <span end="14348" id="17447844-23007" start="14340">neomycin</span>
        </annotation>
        <annotation annotator="Mike Bada, University of Colorado Anschutz Medical Campus" id="CHEBI_2015_08_26_Instance_331514" type="identity">
            <class id="CHEBI_GO_EXT:neomycin_or_neomycin_phosphotransferase" label="neomycin or neomycin phosphotransferase"/>
            <span end="14373" id="17447844-22927" start="14370">neo</span>
        </annotation>
        <annotation annotator="Mike Bada, University of Colorado Anschutz Medical Campus" id="CHEBI_2015_08_26_Instance_331516" type="identity">
            <class id="CHEBI_GO_EXT:neomycin_or_neomycin_phosphotransferase" label="neomycin or neomycin phosphotransferase"/>
            <span end="14976" id="17447844-22929" start="14973">neo</span>
        </annotation>
        <annotation annotator="Mike Bada, University of Colorado Anschutz Medical Campus" id="CHEBI_2015_08_26_Instance_310610" type="identity">
            <class id="CHEBI_PR_EXT:protein" label="protein"/>
            <span end="15123" id="17447844-22859" start="15116">protein</span>
        </annotation>
        <annotation annotator="Mike Bada, University of Colorado Anschutz Medical Campus" id="CHEBI_2015_08_26_Instance_310612" type="identity">
            <class id="CHEBI_PR_EXT:protein" label="protein"/>
            <span end="15346" id="17447844-22861" start="15339">protein</span>
        </annotation>
        <annotation annotator="Mike Bada, University of Colorado Anschutz Medical Campus" id="CHEBI_2015_08_26_Instance_40186" type="identity">
            <class id="CHEBI:51686" label="haematoxylin"/>
            <span end="17577" id="17447844-23009" start="17566">hematoxylin</span>
        </annotation>
        <annotation annotator="Mike Bada, University of Colorado Anschutz Medical Campus" id="CHEBI_2015_08_26_Instance_40188" type="identity">
            <class id="CHEBI_EXT:eosin" label="eosin"/>
            <span end="17587" id="17447844-23011" start="17582">eosin</span>
        </annotation>
        <annotation annotator="Mike Bada, University of Colorado Anschutz Medical Campus" id="CHEBI_2015_08_26_Instance_380834" type="identity">
            <class id="CHEBI_SO_EXT:molecular_label_or_mark_or_tag_process" label="molecular label/mark/tag process"/>
            <span end="17936" id="17447844-22959" start="17928">labeling</span>
        </annotation>
        <annotation annotator="Mike Bada, University of Colorado Anschutz Medical Campus" id="CHEBI_2015_08_26_Instance_380836" type="identity">
            <class id="CHEBI_SO_EXT:molecular_label_or_mark_or_tag_process" label="molecular label/mark/tag process"/>
            <span end="18057" id="17447844-22961" start="18049">labeling</span>
        </annotation>
        <annotation annotator="Mike Bada, University of Colorado Anschutz Medical Campus" id="CHEBI_2015_08_26_Instance_331070" type="identity">
            <class id="CHEBI_SO_EXT:molecular_indicator_or_label_or_marker_or_tag" label="molecular indicator/label/marker/tag"/>
            <span end="19530" id="17447844-22913" start="19523">markers</span>
        </annotation>
        <annotation annotator="Mike Bada, University of Colorado Anschutz Medical Campus" id="CHEBI_2015_08_26_Instance_310614" type="identity">
            <class id="CHEBI_PR_EXT:protein" label="protein"/>
            <span end="20164" id="17447844-22863" start="20157">protein</span>
        </annotation>
        <annotation annotator="Mike Bada, University of Colorado Anschutz Medical Campus" id="CHEBI_2015_08_26_Instance_310616" type="identity">
            <class id="CHEBI_PR_EXT:protein" label="protein"/>
            <span end="21603" id="17447844-22865" start="21596">protein</span>
        </annotation>
        <annotation annotator="Mike Bada, University of Colorado Anschutz Medical Campus" id="CHEBI_2015_08_26_Instance_331072" type="identity">
            <class id="CHEBI_SO_EXT:molecular_indicator_or_label_or_marker_or_tag" label="molecular indicator/label/marker/tag"/>
            <span end="22420" id="17447844-22915" start="22414">marker</span>
        </annotation>
        <annotation annotator="Mike Bada, University of Colorado Anschutz Medical Campus" id="CHEBI_2015_08_26_Instance_331074" type="identity">
            <class id="CHEBI_SO_EXT:molecular_indicator_or_label_or_marker_or_tag" label="molecular indicator/label/marker/tag"/>
            <span end="24163" id="17447844-22917" start="24156">markers</span>
        </annotation>
        <annotation annotator="Mike Bada, University of Colorado Anschutz Medical Campus" id="CHEBI_2015_08_26_Instance_331076" type="identity">
            <class id="CHEBI_SO_EXT:molecular_indicator_or_label_or_marker_or_tag" label="molecular indicator/label/marker/tag"/>
            <span end="24179" id="17447844-22919" start="24173">marker</span>
        </annotation>
        <annotation annotator="Mike Bada, University of Colorado Anschutz Medical Campus" id="CHEBI_2015_08_26_Instance_331078" type="identity">
            <class id="CHEBI_SO_EXT:molecular_indicator_or_label_or_marker_or_tag" label="molecular indicator/label/marker/tag"/>
            <span end="24256" id="17447844-22921" start="24250">marker</span>
        </annotation>
        <annotation annotator="Mike Bada, University of Colorado Anschutz Medical Campus" id="CHEBI_2015_08_26_Instance_310618" type="identity">
            <class id="CHEBI_PR_EXT:protein" label="protein"/>
            <span end="24287" id="17447844-22867" start="24279">proteins</span>
        </annotation>
        <annotation annotator="Mike Bada, University of Colorado Anschutz Medical Campus" id="CHEBI_2015_08_26_Instance_40196" type="identity">
            <class id="CHEBI_EXT:50113" label="androgen"/>
            <span end="24376" id="17447844-23013" start="24368">androgen</span>
        </annotation>
        <annotation annotator="Mike Bada, University of Colorado Anschutz Medical Campus" id="CHEBI_2015_08_26_Instance_40200" type="identity">
            <class id="CHEBI:51231" label="DAPI"/>
            <span end="25205" id="17447844-23015" start="25201">DAPI</span>
        </annotation>
        <annotation annotator="Mike Bada, University of Colorado Anschutz Medical Campus" id="CHEBI_2015_08_26_Instance_40202" type="identity">
            <class id="CHEBI:51686" label="haematoxylin"/>
            <span end="25542" id="17447844-23017" start="25531">hematoxylin</span>
        </annotation>
        <annotation annotator="Mike Bada, University of Colorado Anschutz Medical Campus" id="CHEBI_2015_08_26_Instance_40204" type="identity">
            <class id="CHEBI_EXT:eosin" label="eosin"/>
            <span end="25552" id="17447844-23019" start="25547">eosin</span>
        </annotation>
        <annotation annotator="Mike Bada, University of Colorado Anschutz Medical Campus" id="CHEBI_2015_08_26_Instance_380983" type="identity">
            <class id="CHEBI_SO_EXT:molecular_label_or_mark_or_tag_process" label="molecular label/mark/tag process"/>
            <span end="28745" id="17447844-22967" start="28739">marked</span>
        </annotation>
        <annotation annotator="Mike Bada, University of Colorado Anschutz Medical Campus" id="CHEBI_2015_08_26_Instance_380985" type="identity">
            <class id="CHEBI_SO_EXT:molecular_indicator_or_label_or_marker_or_tag" label="molecular indicator/label/marker/tag"/>
            <span end="29610" id="17447844-22969" start="29605">marks</span>
        </annotation>
        <annotation annotator="Mike Bada, University of Colorado Anschutz Medical Campus" id="CHEBI_2015_08_26_Instance_40206" type="identity">
            <class id="CHEBI_SO_EXT:RNA" label="RNA"/>
            <span end="30974" id="17447844-23021" start="30971">RNA</span>
        </annotation>
        <annotation annotator="Mike Bada, University of Colorado Anschutz Medical Campus" id="CHEBI_2015_08_26_Instance_40210" type="identity">
            <class id="CHEBI_SO_EXT:RNA" label="RNA"/>
            <span end="31038" id="17447844-23025" start="31035">RNA</span>
        </annotation>
        <annotation annotator="Mike Bada, University of Colorado Anschutz Medical Campus" id="CHEBI_2015_08_26_Instance_40208" type="identity">
            <class id="CHEBI:51231" label="DAPI"/>
            <span end="31086" id="17447844-23023" start="31082">DAPI</span>
        </annotation>
        <annotation annotator="Mike Bada, University of Colorado Anschutz Medical Campus" id="CHEBI_2015_08_26_Instance_310620" type="identity">
            <class id="CHEBI_PR_EXT:protein" label="protein"/>
            <span end="31694" id="17447844-22869" start="31687">protein</span>
        </annotation>
        <annotation annotator="Mike Bada, University of Colorado Anschutz Medical Campus" id="CHEBI_2015_08_26_Instance_40212" type="identity">
            <class id="CHEBI_SO_EXT:RNA" label="RNA"/>
            <span end="32267" id="17447844-23027" start="32264">RNA</span>
        </annotation>
        <annotation annotator="Mike Bada, University of Colorado Anschutz Medical Campus" id="CHEBI_2015_08_26_Instance_40214" type="identity">
            <class id="CHEBI:51231" label="DAPI"/>
            <span end="32653" id="17447844-23029" start="32649">DAPI</span>
        </annotation>
        <annotation annotator="Mike Bada, University of Colorado Anschutz Medical Campus" id="CHEBI_2015_08_26_Instance_380987" type="identity">
            <class id="CHEBI_SO_EXT:molecular_indicator_or_label_or_marker_or_tag" label="molecular indicator/label/marker/tag"/>
            <span end="32980" id="17447844-22971" start="32976">mark</span>
        </annotation>
        <annotation annotator="Mike Bada, University of Colorado Anschutz Medical Campus" id="CHEBI_2015_08_26_Instance_380989" type="identity">
            <class id="CHEBI_SO_EXT:molecular_indicator_or_label_or_marker_or_tag" label="molecular indicator/label/marker/tag"/>
            <span end="33120" id="17447844-22973" start="33116">mark</span>
        </annotation>
        <annotation annotator="Mike Bada, University of Colorado Anschutz Medical Campus" id="CHEBI_2015_08_26_Instance_331080" type="identity">
            <class id="CHEBI_SO_EXT:molecular_indicator_or_label_or_marker_or_tag" label="molecular indicator/label/marker/tag"/>
            <span end="33640" id="17447844-22923" start="33633">markers</span>
        </annotation>
        <annotation annotator="Mike Bada, University of Colorado Anschutz Medical Campus" id="CHEBI_2015_08_26_Instance_11193" type="identity">
            <class id="CHEBI:15358" label="histone"/>
            <span end="34096" id="17447844-22797" start="34089">histone</span>
        </annotation>
        <annotation annotator="Mike Bada, University of Colorado Anschutz Medical Campus" id="CHEBI_2015_08_26_Instance_40216" type="identity">
            <class id="CHEBI_SO_EXT:lysine" label="lysine"/>
            <span end="34139" id="17447844-23031" start="34133">lysine</span>
        </annotation>
        <annotation annotator="Mike Bada, University of Colorado Anschutz Medical Campus" id="CHEBI_2015_08_26_Instance_331082" type="identity">
            <class id="CHEBI_SO_EXT:molecular_indicator_or_label_or_marker_or_tag" label="molecular indicator/label/marker/tag"/>
            <span end="34322" id="17447844-22925" start="34315">markers</span>
        </annotation>
        <annotation annotator="Mike Bada, University of Colorado Anschutz Medical Campus" id="CHEBI_2015_08_26_Instance_380991" type="identity">
            <class id="CHEBI_SO_EXT:molecular_indicator_or_label_or_marker_or_tag" label="molecular indicator/label/marker/tag"/>
            <span end="34672" id="17447844-22975" start="34667">marks</span>
        </annotation>
        <annotation annotator="Mike Bada, University of Colorado Anschutz Medical Campus" id="CHEBI_2015_08_26_Instance_40220" type="identity">
            <class id="CHEBI_SO_EXT:double_stranded_DNA" label="double-stranded DNA"/>
            <span end="35209" id="17447844-23033" start="35192">double-strand DNA</span>
        </annotation>
        <annotation annotator="Mike Bada, University of Colorado Anschutz Medical Campus" id="CHEBI_2015_08_26_Instance_40222" type="identity">
            <class id="CHEBI:51231" label="DAPI"/>
            <span end="36201" id="17447844-23035" start="36197">DAPI</span>
        </annotation>
        <annotation annotator="Mike Bada, University of Colorado Anschutz Medical Campus" id="CHEBI_2015_08_26_Instance_310622" type="identity">
            <class id="CHEBI_PR_EXT:protein" label="protein"/>
            <span end="36588" id="17447844-22871" start="36581">protein</span>
        </annotation>
        <annotation annotator="Mike Bada, University of Colorado Anschutz Medical Campus" id="CHEBI_2015_08_26_Instance_310624" type="identity">
            <class id="CHEBI_PR_EXT:protein" label="protein"/>
            <span end="36781" id="17447844-22873" start="36774">protein</span>
        </annotation>
        <annotation annotator="Mike Bada, University of Colorado Anschutz Medical Campus" id="CHEBI_2015_08_26_Instance_380993" type="identity">
            <class id="CHEBI_SO_EXT:molecular_indicator_or_label_or_marker_or_tag" label="molecular indicator/label/marker/tag"/>
            <span end="38522" id="17447844-22977" start="38517">marks</span>
        </annotation>
        <annotation annotator="Mike Bada, University of Colorado Anschutz Medical Campus" id="CHEBI_2015_08_26_Instance_380995" type="identity">
            <class id="CHEBI_SO_EXT:molecular_indicator_or_label_or_marker_or_tag" label="molecular indicator/label/marker/tag"/>
            <span end="38909" id="17447844-22979" start="38904">marks</span>
        </annotation>
        <annotation annotator="Mike Bada, University of Colorado Anschutz Medical Campus" id="CHEBI_2015_08_26_Instance_310626" type="identity">
            <class id="CHEBI_PR_EXT:protein" label="protein"/>
            <span end="38926" id="17447844-22875" start="38919">protein</span>
        </annotation>
        <annotation annotator="Mike Bada, University of Colorado Anschutz Medical Campus" id="CHEBI_2015_08_26_Instance_40224" type="identity">
            <class id="CHEBI_EXT:polyatomic_entity_or_group" label="polyatomic entity or group"/>
            <span end="40116" id="17447844-23037" start="40107">molecular</span>
        </annotation>
        <annotation annotator="Mike Bada, University of Colorado Anschutz Medical Campus" id="CHEBI_2015_08_26_Instance_310628" type="identity">
            <class id="CHEBI_PR_EXT:protein" label="protein"/>
            <span end="40164" id="17447844-22877" start="40156">proteins</span>
        </annotation>
        <annotation annotator="Mike Bada, University of Colorado Anschutz Medical Campus" id="CHEBI_2015_08_26_Instance_11195" type="identity">
            <class id="CHEBI:15358" label="histone"/>
            <span end="40235" id="17447844-22799" start="40228">histone</span>
        </annotation>
        <annotation annotator="Mike Bada, University of Colorado Anschutz Medical Campus" id="CHEBI_2015_08_26_Instance_11201" type="identity">
            <class id="CHEBI:15358" label="histone"/>
            <span end="40266" id="17447844-22805" start="40258">histones</span>
        </annotation>
        <annotation annotator="Mike Bada, University of Colorado Anschutz Medical Campus" id="CHEBI_2015_08_26_Instance_11197" type="identity">
            <class id="CHEBI:15358" label="histone"/>
            <span end="40293" id="17447844-22801" start="40286">histone</span>
        </annotation>
        <annotation annotator="Mike Bada, University of Colorado Anschutz Medical Campus" id="CHEBI_2015_08_26_Instance_13023" type="identity">
            <class id="CHEBI:32875" label="methyl group"/>
            <span end="40300" id="17447844-22825" start="40294">methyl</span>
        </annotation>
        <annotation annotator="Mike Bada, University of Colorado Anschutz Medical Campus" id="CHEBI_2015_08_26_Instance_310630" type="identity">
            <class id="CHEBI_PR_EXT:protein" label="protein"/>
            <span end="40332" id="17447844-22879" start="40324">proteins</span>
        </annotation>
        <annotation annotator="Mike Bada, University of Colorado Anschutz Medical Campus" id="CHEBI_2015_08_26_Instance_310632" type="identity">
            <class id="CHEBI_PR_EXT:protein" label="protein"/>
            <span end="40413" id="17447844-22881" start="40405">proteins</span>
        </annotation>
        <annotation annotator="Mike Bada, University of Colorado Anschutz Medical Campus" id="CHEBI_2015_08_26_Instance_310634" type="identity">
            <class id="CHEBI_PR_EXT:protein" label="protein"/>
            <span end="40454" id="17447844-22883" start="40446">proteins</span>
        </annotation>
        <annotation annotator="Mike Bada, University of Colorado Anschutz Medical Campus" id="CHEBI_2015_08_26_Instance_310636" type="identity">
            <class id="CHEBI_PR_EXT:protein" label="protein"/>
            <span end="40565" id="17447844-22885" start="40557">proteins</span>
        </annotation>
        <annotation annotator="Mike Bada, University of Colorado Anschutz Medical Campus" id="CHEBI_2015_08_26_Instance_310638" type="identity">
            <class id="CHEBI_PR_EXT:protein" label="protein"/>
            <span end="40736" id="17447844-22887" start="40728">proteins</span>
        </annotation>
        <annotation annotator="Mike Bada, University of Colorado Anschutz Medical Campus" id="CHEBI_2015_08_26_Instance_310640" type="identity">
            <class id="CHEBI_PR_EXT:protein" label="protein"/>
            <span end="40886" id="17447844-22889" start="40878">proteins</span>
        </annotation>
        <annotation annotator="Mike Bada, University of Colorado Anschutz Medical Campus" id="CHEBI_2015_08_26_Instance_310642" type="identity">
            <class id="CHEBI_PR_EXT:protein" label="protein"/>
            <span end="40928" id="17447844-22891" start="40920">proteins</span>
        </annotation>
        <annotation annotator="Mike Bada, University of Colorado Anschutz Medical Campus" id="CHEBI_2015_08_26_Instance_310644" type="identity">
            <class id="CHEBI_PR_EXT:protein" label="protein"/>
            <span end="41667" id="17447844-22893" start="41659">proteins</span>
        </annotation>
        <annotation annotator="Mike Bada, University of Colorado Anschutz Medical Campus" id="CHEBI_2015_08_26_Instance_310646" type="identity">
            <class id="CHEBI_PR_EXT:protein" label="protein"/>
            <span end="42056" id="17447844-22895" start="42048">proteins</span>
        </annotation>
        <annotation annotator="Mike Bada, University of Colorado Anschutz Medical Campus" id="CHEBI_2015_08_26_Instance_310648" type="identity">
            <class id="CHEBI_PR_EXT:protein" label="protein"/>
            <span end="43599" id="17447844-22897" start="43592">protein</span>
        </annotation>
        <annotation annotator="Mike Bada, University of Colorado Anschutz Medical Campus" id="CHEBI_2015_08_26_Instance_310650" type="identity">
            <class id="CHEBI_PR_EXT:protein" label="protein"/>
            <span end="44054" id="17447844-22899" start="44047">protein</span>
        </annotation>
        <annotation annotator="Mike Bada, University of Colorado Anschutz Medical Campus" id="CHEBI_2015_08_26_Instance_331518" type="identity">
            <class id="CHEBI_GO_EXT:neomycin_or_neomycin_phosphotransferase" label="neomycin or neomycin phosphotransferase"/>
            <span end="44692" id="17447844-22931" start="44689">neo</span>
        </annotation>
        <annotation annotator="Mike Bada, University of Colorado Anschutz Medical Campus" id="CHEBI_2015_08_26_Instance_40226" type="identity">
            <class id="CHEBI_SO_EXT:DNA" label="DNA"/>
            <span end="44743" id="17447844-23039" start="44740">DNA</span>
        </annotation>
        <annotation annotator="Mike Bada, University of Colorado Anschutz Medical Campus" id="CHEBI_2015_08_26_Instance_331520" type="identity">
            <class id="CHEBI_GO_EXT:neomycin_or_neomycin_phosphotransferase" label="neomycin or neomycin phosphotransferase"/>
            <span end="44858" id="17447844-22933" start="44855">neo</span>
        </annotation>
        <annotation annotator="Mike Bada, University of Colorado Anschutz Medical Campus" id="CHEBI_2015_08_26_Instance_40232" type="identity">
            <class id="CHEBI:42768" label="geneticin"/>
            <span end="45398" id="17447844-23045" start="45394">G418</span>
        </annotation>
        <annotation annotator="Mike Bada, University of Colorado Anschutz Medical Campus" id="CHEBI_2015_08_26_Instance_40228" type="identity">
            <class id="CHEBI_SO_EXT:DNA" label="DNA"/>
            <span end="45459" id="17447844-23041" start="45456">DNA</span>
        </annotation>
        <annotation annotator="Mike Bada, University of Colorado Anschutz Medical Campus" id="CHEBI_2015_08_26_Instance_40230" type="identity">
            <class id="CHEBI_SO_EXT:molecular_probe" label="molecular probe"/>
            <span end="45465" id="17447844-23043" start="45460">probe</span>
        </annotation>
        <annotation annotator="Mike Bada, University of Colorado Anschutz Medical Campus" id="CHEBI_2015_08_26_Instance_40234" type="identity">
            <class id="CHEBI_SO_EXT:DNA" label="DNA"/>
            <span end="45525" id="17447844-23047" start="45522">DNA</span>
        </annotation>
        <annotation annotator="Mike Bada, University of Colorado Anschutz Medical Campus" id="CHEBI_2015_08_26_Instance_40236" type="identity">
            <class id="CHEBI_SO_EXT:molecular_probe" label="molecular probe"/>
            <span end="45655" id="17447844-23049" start="45649">Probes</span>
        </annotation>
        <annotation annotator="Mike Bada, University of Colorado Anschutz Medical Campus" id="CHEBI_2015_08_26_Instance_40238" type="identity">
            <class id="CHEBI_SO_EXT:molecular_probe" label="molecular probe"/>
            <span end="45737" id="17447844-23051" start="45732">probe</span>
        </annotation>
        <annotation annotator="Mike Bada, University of Colorado Anschutz Medical Campus" id="CHEBI_2015_08_26_Instance_40240" type="identity">
            <class id="CHEBI_SO_EXT:molecular_probe" label="molecular probe"/>
            <span end="45766" id="17447844-23053" start="45761">probe</span>
        </annotation>
        <annotation annotator="Mike Bada, University of Colorado Anschutz Medical Campus" id="CHEBI_2015_08_26_Instance_331522" type="identity">
            <class id="CHEBI_GO_EXT:neomycin_or_neomycin_phosphotransferase" label="neomycin or neomycin phosphotransferase"/>
            <span end="45848" id="17447844-22935" start="45845">neo</span>
        </annotation>
        <annotation annotator="Mike Bada, University of Colorado Anschutz Medical Campus" id="CHEBI_2015_08_26_Instance_331524" type="identity">
            <class id="CHEBI_GO_EXT:neomycin_or_neomycin_phosphotransferase" label="neomycin or neomycin phosphotransferase"/>
            <span end="45999" id="17447844-22937" start="45996">neo</span>
        </annotation>
        <annotation annotator="Mike Bada, University of Colorado Anschutz Medical Campus" id="CHEBI_2015_08_26_Instance_331526" type="identity">
            <class id="CHEBI_GO_EXT:neomycin_or_neomycin_phosphotransferase" label="neomycin or neomycin phosphotransferase"/>
            <span end="46016" id="17447844-22939" start="46013">neo</span>
        </annotation>
        <annotation annotator="Mike Bada, University of Colorado Anschutz Medical Campus" id="CHEBI_2015_08_26_Instance_40242" type="identity">
            <class id="CHEBI_SO_EXT:DNA" label="DNA"/>
            <span end="46273" id="17447844-23055" start="46270">DNA</span>
        </annotation>
        <annotation annotator="Mike Bada, University of Colorado Anschutz Medical Campus" id="CHEBI_2015_08_26_Instance_40244" type="identity">
            <class id="CHEBI_EXT:50913" label="fixative"/>
            <span end="47523" id="17447844-23057" start="47515">fixative</span>
        </annotation>
        <annotation annotator="Mike Bada, University of Colorado Anschutz Medical Campus" id="CHEBI_2015_08_26_Instance_40246" type="identity">
            <class id="CHEBI_EXT:phosphate" label="phosphate"/>
            <span end="47536" id="17447844-23059" start="47527">phosphate</span>
        </annotation>
        <annotation annotator="Mike Bada, University of Colorado Anschutz Medical Campus" id="CHEBI_2015_08_26_Instance_380066" type="identity">
            <class id="CHEBI_CHMO_EXT:buffer_process" label="buffer process"/>
            <span end="47545" id="17447844-22957" start="47537">buffered</span>
        </annotation>
        <annotation annotator="Mike Bada, University of Colorado Anschutz Medical Campus" id="CHEBI_2015_08_26_Instance_40248" type="identity">
            <class id="CHEBI:16842" label="formaldehyde"/>
            <span end="47554" id="17447844-23061" start="47546">formalin</span>
        </annotation>
        <annotation annotator="Mike Bada, University of Colorado Anschutz Medical Campus" id="CHEBI_2015_08_26_Instance_11247" type="identity">
            <class id="CHEBI:16236" label="ethanol"/>
            <span end="47618" id="17447844-22807" start="47611">ethanol</span>
        </annotation>
        <annotation annotator="Mike Bada, University of Colorado Anschutz Medical Campus" id="CHEBI_2015_08_26_Instance_40250" type="identity">
            <class id="CHEBI:73702" label="wax"/>
            <span end="47655" id="17447844-23063" start="47652">wax</span>
        </annotation>
        <annotation annotator="Mike Bada, University of Colorado Anschutz Medical Campus" id="CHEBI_2015_08_26_Instance_40252" type="identity">
            <class id="CHEBI:51686" label="haematoxylin"/>
            <span end="47734" id="17447844-23065" start="47723">hematoxylin</span>
        </annotation>
        <annotation annotator="Mike Bada, University of Colorado Anschutz Medical Campus" id="CHEBI_2015_08_26_Instance_40254" type="identity">
            <class id="CHEBI_EXT:eosin" label="eosin"/>
            <span end="47744" id="17447844-23067" start="47739">eosin</span>
        </annotation>
        <annotation annotator="Mike Bada, University of Colorado Anschutz Medical Campus" id="CHEBI_2015_08_26_Instance_11249" type="identity">
            <class id="CHEBI:16240" label="hydrogen peroxide"/>
            <span end="47870" id="17447844-22809" start="47853">hydrogen peroxide</span>
        </annotation>
        <annotation annotator="Mike Bada, University of Colorado Anschutz Medical Campus" id="CHEBI_2015_08_26_Instance_40256" type="identity">
            <class id="CHEBI:53424" label="polysorbate 20"/>
            <span end="48172" id="17447844-23069" start="48164">Tween 20</span>
        </annotation>
        <annotation annotator="Mike Bada, University of Colorado Anschutz Medical Campus" id="CHEBI_2015_08_26_Instance_11255" type="identity">
            <class id="CHEBI:30769" label="citric acid"/>
            <span end="48216" id="17447844-22811" start="48205">citric acid</span>
        </annotation>
        <annotation annotator="Mike Bada, University of Colorado Anschutz Medical Campus" id="CHEBI_2015_08_26_Instance_310652" type="identity">
            <class id="CHEBI_PR_EXT:protein" label="protein"/>
            <span end="48569" id="17447844-22901" start="48562">protein</span>
        </annotation>
        <annotation annotator="Mike Bada, University of Colorado Anschutz Medical Campus" id="CHEBI_2015_08_26_Instance_11257" type="identity">
            <class id="CHEBI:16856" label="glutathione"/>
            <span end="48592" id="17447844-22813" start="48581">glutathione</span>
        </annotation>
        <annotation annotator="Mike Bada, University of Colorado Anschutz Medical Campus" id="CHEBI_2015_08_26_Instance_40258" type="identity">
            <class id="CHEBI_EXT:sulfur" label="sulfur"/>
            <span end="48594" id="17447844-23071" start="48593">S</span>
        </annotation>
        <annotation annotator="" id="CHEBI_2015_08_26_backup_Instance_560" type="identity">
            <class id="CHEBI_SO_EXT:C_terminus_or_C_terminal_region" label="C-terminus or C-terminal region"/>
            <span end="48636" id="17447844-22791" start="48626">C-terminal</span>
        </annotation>
        <annotation annotator="Mike Bada, University of Colorado Anschutz Medical Campus" id="CHEBI_2015_08_26_Instance_40260" type="identity">
            <class id="CHEBI_SO_EXT:amino_acid" label="amino acid"/>
            <span end="48652" id="17447844-23073" start="48641">amino acids</span>
        </annotation>
        <annotation annotator="Mike Bada, University of Colorado Anschutz Medical Campus" id="CHEBI_2015_08_26_Instance_40262" type="identity">
            <class id="CHEBI_EXT:polyatomic_entity_or_group" label="polyatomic entity or group"/>
            <span end="48898" id="17447844-23075" start="48889">Molecular</span>
        </annotation>
        <annotation annotator="Mike Bada, University of Colorado Anschutz Medical Campus" id="CHEBI_2015_08_26_Instance_40264" type="identity">
            <class id="CHEBI_SO_EXT:molecular_probe" label="molecular probe"/>
            <span end="48905" id="17447844-23077" start="48899">Probes</span>
        </annotation>
        <annotation annotator="Mike Bada, University of Colorado Anschutz Medical Campus" id="CHEBI_2015_08_26_Instance_11269" type="identity">
            <class id="CHEBI:32958" label="phosphate group"/>
            <span end="49491" id="17447844-22815" start="49484">phospho</span>
        </annotation>
        <annotation annotator="Mike Bada, University of Colorado Anschutz Medical Campus" id="CHEBI_2015_08_26_Instance_11271" type="identity">
            <class id="CHEBI:32958" label="phosphate group"/>
            <span end="49576" id="17447844-22817" start="49569">phospho</span>
        </annotation>
        <annotation annotator="Mike Bada, University of Colorado Anschutz Medical Campus" id="CHEBI_2015_08_26_Instance_40274" type="identity">
            <class id="CHEBI:52661" label="Alexa Fluor 488"/>
            <span end="50012" id="17447844-23087" start="50003">Alexa 488</span>
        </annotation>
        <annotation annotator="Mike Bada, University of Colorado Anschutz Medical Campus" id="CHEBI_2015_08_26_Instance_40272" type="identity">
            <class id="CHEBI:51248" label="Alexa Fluor 594"/>
            <span end="50040" id="17447844-23085" start="50031">Alexa 594</span>
        </annotation>
        <annotation annotator="Mike Bada, University of Colorado Anschutz Medical Campus" id="CHEBI_2015_08_26_Instance_331568" type="identity">
            <class id="CHEBI:51248" label="Alexa Fluor 594"/>
            <span end="50065" id="17447844-22951" start="50056">Alexa 594</span>
        </annotation>
        <annotation annotator="Mike Bada, University of Colorado Anschutz Medical Campus" id="CHEBI_2015_08_26_Instance_40270" type="identity">
            <class id="CHEBI:52661" label="Alexa Fluor 488"/>
            <span end="50096" id="17447844-23083" start="50087">Alexa 488</span>
        </annotation>
        <annotation annotator="Mike Bada, University of Colorado Anschutz Medical Campus" id="CHEBI_2015_08_26_Instance_40266" type="identity">
            <class id="CHEBI_EXT:polyatomic_entity_or_group" label="polyatomic entity or group"/>
            <span end="50107" id="17447844-23079" start="50098">Molecular</span>
        </annotation>
        <annotation annotator="Mike Bada, University of Colorado Anschutz Medical Campus" id="CHEBI_2015_08_26_Instance_40268" type="identity">
            <class id="CHEBI_SO_EXT:molecular_probe" label="molecular probe"/>
            <span end="50114" id="17447844-23081" start="50108">Probes</span>
        </annotation>
        <annotation annotator="Mike Bada, University of Colorado Anschutz Medical Campus" id="CHEBI_2015_08_26_Instance_11273" type="identity">
            <class id="CHEBI:37926" label="fluorescein isothiocyanate"/>
            <span end="50152" id="17447844-22819" start="50148">FITC</span>
        </annotation>
        <annotation annotator="Mike Bada, University of Colorado Anschutz Medical Campus" id="CHEBI_2015_08_26_Instance_40276" type="identity">
            <class id="CHEBI:51247" label="texas red"/>
            <span end="50253" id="17447844-23089" start="50244">Texas Red</span>
        </annotation>
        <annotation annotator="Mike Bada, University of Colorado Anschutz Medical Campus" id="CHEBI_2015_08_26_Instance_40278" type="identity">
            <class id="CHEBI_SO_EXT:RNA" label="RNA"/>
            <span end="50530" id="17447844-23091" start="50527">RNA</span>
        </annotation>
        <annotation annotator="Mike Bada, University of Colorado Anschutz Medical Campus" id="CHEBI_2015_08_26_Instance_40280" type="identity">
            <class id="CHEBI_SO_EXT:RNA" label="RNA"/>
            <span end="50709" id="17447844-23093" start="50706">RNA</span>
        </annotation>
        <annotation annotator="Mike Bada, University of Colorado Anschutz Medical Campus" id="CHEBI_2015_08_26_Instance_40286" type="identity">
            <class id="CHEBI_SO_EXT:RNA" label="RNA"/>
            <span end="50765" id="17447844-23099" start="50762">RNA</span>
        </annotation>
        <annotation annotator="Mike Bada, University of Colorado Anschutz Medical Campus" id="CHEBI_2015_08_26_Instance_40284" type="identity">
            <class id="CHEBI_SO_EXT:RNA" label="RNA"/>
            <span end="50805" id="17447844-23097" start="50802">RNA</span>
        </annotation>
        <annotation annotator="Mike Bada, University of Colorado Anschutz Medical Campus" id="CHEBI_2015_08_26_Instance_40282" type="identity">
            <class id="CHEBI_SO_EXT:DNA" label="DNA"/>
            <span end="50853" id="17447844-23095" start="50850">DNA</span>
        </annotation>
        <annotation annotator="Mike Bada, University of Colorado Anschutz Medical Campus" id="CHEBI_2015_08_26_Instance_310654" type="identity">
            <class id="CHEBI_PR_EXT:protein" label="protein"/>
            <span end="51329" id="17447844-22903" start="51322">protein</span>
        </annotation>
        <annotation annotator="Mike Bada, University of Colorado Anschutz Medical Campus" id="CHEBI_2015_08_26_Instance_331528" type="identity">
            <class id="CHEBI_GO_EXT:neomycin_or_neomycin_phosphotransferase" label="neomycin or neomycin phosphotransferase"/>
            <span end="51695" id="17447844-22941" start="51692">neo</span>
        </annotation>
        <annotation annotator="Mike Bada, University of Colorado Anschutz Medical Campus" id="CHEBI_2015_08_26_Instance_40288" type="identity">
            <class id="CHEBI:7507" label="neomycin"/>
            <span end="51849" id="17447844-23101" start="51840">neomycine</span>
        </annotation>
        <annotation annotator="Mike Bada, University of Colorado Anschutz Medical Campus" id="CHEBI_2015_08_26_Instance_331530" type="identity">
            <class id="CHEBI_GO_EXT:neomycin_or_neomycin_phosphotransferase" label="neomycin or neomycin phosphotransferase"/>
            <span end="51962" id="17447844-22943" start="51959">neo</span>
        </annotation>
        <annotation annotator="Mike Bada, University of Colorado Anschutz Medical Campus" id="CHEBI_2015_08_26_Instance_331532" type="identity">
            <class id="CHEBI_GO_EXT:neomycin_or_neomycin_phosphotransferase" label="neomycin or neomycin phosphotransferase"/>
            <span end="52113" id="17447844-22945" start="52110">neo</span>
        </annotation>
        <annotation annotator="Mike Bada, University of Colorado Anschutz Medical Campus" id="CHEBI_2015_08_26_Instance_331534" type="identity">
            <class id="CHEBI_GO_EXT:neomycin_or_neomycin_phosphotransferase" label="neomycin or neomycin phosphotransferase"/>
            <span end="52190" id="17447844-22947" start="52187">neo</span>
        </annotation>
        <annotation annotator="Mike Bada, University of Colorado Anschutz Medical Campus" id="CHEBI_2015_08_26_Instance_331536" type="identity">
            <class id="CHEBI_GO_EXT:neomycin_or_neomycin_phosphotransferase" label="neomycin or neomycin phosphotransferase"/>
            <span end="52264" id="17447844-22949" start="52261">neo</span>
        </annotation>
        <annotation annotator="Mike Bada, University of Colorado Anschutz Medical Campus" id="CHEBI_2015_08_26_Instance_40290" type="identity">
            <class id="CHEBI_SO_EXT:DNA" label="DNA"/>
            <span end="52382" id="17447844-23103" start="52378">DNAs</span>
        </annotation>
        <annotation annotator="Mike Bada, University of Colorado Anschutz Medical Campus" id="CHEBI_2015_08_26_Instance_420037" type="identity">
            <class id="CHEBI_SO_EXT:molecular_probe" label="molecular probe"/>
            <span end="52464" id="17447844-23127" start="52459">probe</span>
        </annotation>
        <annotation annotator="Mike Bada, University of Colorado Anschutz Medical Campus" id="CHEBI_2015_08_26_Instance_40294" type="identity">
            <class id="CHEBI_SO_EXT:base" label="base"/>
            <span end="52486" id="17447844-23105" start="52485">b</span>
        </annotation>
        <annotation annotator="Mike Bada, University of Colorado Anschutz Medical Campus" id="CHEBI_2015_08_26_Instance_40296" type="identity">
            <class id="CHEBI_SO_EXT:base" label="base"/>
            <span end="52507" id="17447844-23107" start="52506">b</span>
        </annotation>
        <annotation annotator="Mike Bada, University of Colorado Anschutz Medical Campus" id="CHEBI_2015_08_26_Instance_420039" type="identity">
            <class id="CHEBI_SO_EXT:molecular_probe" label="molecular probe"/>
            <span end="52552" id="17447844-23129" start="52547">probe</span>
        </annotation>
        <annotation annotator="Mike Bada, University of Colorado Anschutz Medical Campus" id="CHEBI_2015_08_26_Instance_40298" type="identity">
            <class id="CHEBI_SO_EXT:base" label="base"/>
            <span end="52574" id="17447844-23109" start="52573">b</span>
        </annotation>
        <annotation annotator="Mike Bada, University of Colorado Anschutz Medical Campus" id="CHEBI_2015_08_26_Instance_40300" type="identity">
            <class id="CHEBI_SO_EXT:base" label="base"/>
            <span end="52597" id="17447844-23111" start="52596">b</span>
        </annotation>
        <annotation annotator="Mike Bada, University of Colorado Anschutz Medical Campus" id="CHEBI_2015_08_26_Instance_40304" type="identity">
            <class id="CHEBI_EXT:50113" label="androgen"/>
            <span end="52979" id="17447844-23113" start="52971">Androgen</span>
        </annotation>
        <annotation annotator="Mike Bada, University of Colorado Anschutz Medical Campus" id="CHEBI_2015_08_26_Instance_40306" type="identity">
            <class id="CHEBI_EXT:50113" label="androgen"/>
            <span end="53096" id="17447844-23115" start="53088">androgen</span>
        </annotation>
        <annotation annotator="Mike Bada, University of Colorado Anschutz Medical Campus" id="CHEBI_2015_08_26_Instance_40308" type="identity">
            <class id="CHEBI:51231" label="DAPI"/>
            <span end="53140" id="17447844-23117" start="53136">DAPI</span>
        </annotation>
        <annotation annotator="Mike Bada, University of Colorado Anschutz Medical Campus" id="CHEBI_2015_08_26_Instance_40310" type="identity">
            <class id="CHEBI_EXT:50113" label="androgen"/>
            <span end="53218" id="17447844-23119" start="53210">androgen</span>
        </annotation>
        <annotation annotator="Mike Bada, University of Colorado Anschutz Medical Campus" id="CHEBI_2015_08_26_Instance_310656" type="identity">
            <class id="CHEBI_PR_EXT:protein" label="protein"/>
            <span end="53235" id="17447844-22905" start="53228">protein</span>
        </annotation>
        <annotation annotator="Mike Bada, University of Colorado Anschutz Medical Campus" id="CHEBI_2015_08_26_Instance_40312" type="identity">
            <class id="CHEBI_EXT:50113" label="androgen"/>
            <span end="53424" id="17447844-23121" start="53416">androgen</span>
        </annotation>
        <annotation annotator="Mike Bada, University of Colorado Anschutz Medical Campus" id="CHEBI_2015_08_26_Instance_40314" type="identity">
            <class id="CHEBI:51231" label="DAPI"/>
            <span end="53692" id="17447844-23123" start="53688">DAPI</span>
        </annotation>
        <annotation annotator="Mike Bada, University of Colorado Anschutz Medical Campus" id="CHEBI_2015_08_26_Instance_370164" type="identity">
            <class id="CHEBI_GO_EXT:biological_process_or_quality_or_role" label="biological process, quality or role"/>
            <span end="55026" id="17447844-22955" start="55019">Biology</span>
        </annotation>
        <annotation annotator="Mike Bada, University of Colorado Anschutz Medical Campus" id="CHEBI_2015_08_26_Instance_11277" type="identity">
            <class id="CHEBI:16856" label="glutathione"/>
            <span end="55359" id="17447844-22821" start="55348">glutathione</span>
        </annotation>
        <annotation annotator="Mike Bada, University of Colorado Anschutz Medical Campus" id="CHEBI_2015_08_26_Instance_40316" type="identity">
            <class id="CHEBI_EXT:sulfur" label="sulfur"/>
            <span end="55361" id="17447844-23125" start="55360">S</span>
        </annotation>
        <annotation annotator="Mike Bada, University of Colorado Anschutz Medical Campus" id="CHEBI_2015_08_26_Instance_310658" type="identity">
            <class id="CHEBI_PR_EXT:protein" label="protein"/>
            <span end="55405" id="17447844-22907" start="55398">protein</span>
        </annotation>
        <annotation annotator="Mike Bada, University of Colorado Anschutz Medical Campus" id="CHEBI_2015_08_26_Instance_11279" type="identity">
            <class id="CHEBI_EXT:33893" label="reagent"/>
            <span end="56046" id="17447844-22823" start="56038">reagents</span>
        </annotation>
        <graph-space id="Old Knowtator Relations"/>
    </document>
</knowtator-project>
