<?xml version="1.0" encoding="UTF-8" standalone="no"?>
<knowtator-project>
  <document id="17590087" text-file="17590087.txt">
    <annotation annotator="Mike Bada, University of Colorado Anschutz Medical Campus" id="CHEBI_2015_08_26_Instance_41569" type="identity">
      <class id="CHEBI_EXT:1D_myo_inositol_1_4_5_trisphosphate" label="1D-myo-inositol 1,4,5-trisphosphate"/>
      <span end="536" id="17590087-23215" start="509">inositol 1,4,5-triphosphate</span>
    </annotation>
    <annotation annotator="Mike Bada, University of Colorado Anschutz Medical Campus" id="CHEBI_2015_08_26_Instance_30677" type="identity">
      <class id="CHEBI:24870" label="ion"/>
      <span end="3698" id="17590087-23169" start="3695">ion</span>
    </annotation>
    <annotation annotator="Mike Bada, University of Colorado Anschutz Medical Campus" id="CHEBI_2015_08_26_Instance_41571" type="identity">
      <class id="CHEBI_SO_EXT:nucleotide" label="nucleotide"/>
      <span end="4098" id="17590087-23217" start="4088">nucleotide</span>
    </annotation>
    <annotation annotator="Mike Bada, University of Colorado Anschutz Medical Campus" id="CHEBI_2015_08_26_Instance_331090" type="identity">
      <class id="CHEBI_SO_EXT:molecular_indicator_or_label_or_marker_or_tag" label="molecular indicator/label/marker/tag"/>
      <span end="4297" id="17590087-23199" start="4291">marker</span>
    </annotation>
    <annotation annotator="Mike Bada, University of Colorado Anschutz Medical Campus" id="CHEBI_2015_08_26_Instance_41575" type="identity">
      <class id="CHEBI_EXT:1D_myo_inositol_1_4_5_trisphosphate" label="1D-myo-inositol 1,4,5-trisphosphate"/>
      <span end="4785" id="17590087-23219" start="4758">inositol 1,4,5-triphosphate</span>
    </annotation>
    <annotation annotator="Mike Bada, University of Colorado Anschutz Medical Campus" id="CHEBI_2015_08_26_Instance_41577" type="identity">
      <class id="CHEBI_SO_EXT:DNA" label="DNA"/>
      <span end="6658" id="17590087-23221" start="6655">DNA</span>
    </annotation>
    <annotation annotator="Mike Bada, University of Colorado Anschutz Medical Campus" id="CHEBI_2015_08_26_Instance_41579" type="identity">
      <class id="CHEBI_SO_EXT:base" label="base"/>
      <span end="7696" id="17590087-23223" start="7695">b</span>
    </annotation>
    <annotation annotator="Mike Bada, University of Colorado Anschutz Medical Campus" id="CHEBI_2015_08_26_Instance_41581" type="identity">
      <class id="CHEBI_SO_EXT:base" label="base"/>
      <span end="7707" id="17590087-23225" start="7706">b</span>
    </annotation>
    <annotation annotator="Mike Bada, University of Colorado Anschutz Medical Campus" id="CHEBI_2015_08_26_Instance_41583" type="identity">
      <class id="CHEBI_SO_EXT:base" label="base"/>
      <span end="7845" id="17590087-23227" start="7844">b</span>
    </annotation>
    <annotation annotator="Mike Bada, University of Colorado Anschutz Medical Campus" id="CHEBI_2015_08_26_Instance_41585" type="identity">
      <class id="CHEBI_SO_EXT:base" label="base"/>
      <span end="7930" id="17590087-23229" start="7929">b</span>
    </annotation>
    <annotation annotator="Mike Bada, University of Colorado Anschutz Medical Campus" id="CHEBI_2015_08_26_Instance_41587" type="identity">
      <class id="CHEBI_SO_EXT:base" label="base"/>
      <span end="8487" id="17590087-23231" start="8486">b</span>
    </annotation>
    <annotation annotator="Mike Bada, University of Colorado Anschutz Medical Campus" id="CHEBI_2015_08_26_Instance_41589" type="identity">
      <class id="CHEBI_SO_EXT:base" label="base"/>
      <span end="8539" id="17590087-23233" start="8538">b</span>
    </annotation>
    <annotation annotator="Mike Bada, University of Colorado Anschutz Medical Campus" id="CHEBI_2015_08_26_Instance_41591" type="identity">
      <class id="CHEBI_SO_EXT:base" label="base"/>
      <span end="8930" id="17590087-23235" start="8929">b</span>
    </annotation>
    <annotation annotator="Mike Bada, University of Colorado Anschutz Medical Campus" id="CHEBI_2015_08_26_Instance_41593" type="identity">
      <class id="CHEBI_SO_EXT:base" label="base"/>
      <span end="8962" id="17590087-23237" start="8961">b</span>
    </annotation>
    <annotation annotator="Mike Bada, University of Colorado Anschutz Medical Campus" id="CHEBI_2015_08_26_Instance_41595" type="identity">
      <class id="CHEBI_SO_EXT:base" label="base"/>
      <span end="9347" id="17590087-23239" start="9346">b</span>
    </annotation>
    <annotation annotator="Mike Bada, University of Colorado Anschutz Medical Campus" id="CHEBI_2015_08_26_Instance_41597" type="identity">
      <class id="CHEBI_SO_EXT:DNA" label="DNA"/>
      <span end="9414" id="17590087-23241" start="9411">DNA</span>
    </annotation>
    <annotation annotator="Mike Bada, University of Colorado Anschutz Medical Campus" id="CHEBI_2015_08_26_Instance_41599" type="identity">
      <class id="CHEBI_SO_EXT:DNA" label="DNA"/>
      <span end="10051" id="17590087-23243" start="10048">DNA</span>
    </annotation>
    <annotation annotator="Mike Bada, University of Colorado Anschutz Medical Campus" id="CHEBI_2015_08_26_Instance_41601" type="identity">
      <class id="CHEBI_SO_EXT:base" label="base"/>
      <span end="10657" id="17590087-23245" start="10656">b</span>
    </annotation>
    <annotation annotator="Mike Bada, University of Colorado Anschutz Medical Campus" id="CHEBI_2015_08_26_Instance_370172" type="identity">
      <class id="CHEBI_GO_EXT:biological_process_or_quality_or_role" label="biological process, quality or role"/>
      <span end="11850" id="17590087-23211" start="11838">biologically</span>
    </annotation>
    <annotation annotator="Mike Bada, University of Colorado Anschutz Medical Campus" id="CHEBI_2015_08_26_Instance_310678" type="identity">
      <class id="CHEBI_PR_EXT:protein" label="protein"/>
      <span end="11894" id="17590087-23171" start="11887">protein</span>
    </annotation>
    <annotation annotator="Mike Bada, University of Colorado Anschutz Medical Campus" id="CHEBI_2015_08_26_Instance_10235" type="identity">
      <class id="CHEBI:29108" label="calcium(2+)"/>
      <span end="12029" id="17590087-23139" start="12025">Ca2+</span>
    </annotation>
    <annotation annotator="Mike Bada, University of Colorado Anschutz Medical Campus" id="CHEBI_2015_08_26_Instance_310680" type="identity">
      <class id="CHEBI_PR_EXT:protein" label="protein"/>
      <span end="12204" id="17590087-23173" start="12197">protein</span>
    </annotation>
    <annotation annotator="" id="CHEBI_2015_08_26_backup_Instance_562" type="identity">
      <class id="CHEBI_SO_EXT:N_terminus_or_N_terminal_region" label="N-terminus or N-terminal region"/>
      <span end="12515" id="17590087-23133" start="12505">N-terminal</span>
    </annotation>
    <annotation annotator="Mike Bada, University of Colorado Anschutz Medical Campus" id="CHEBI_2015_08_26_Instance_41605" type="identity">
      <class id="CHEBI:25450" label="myo-inositol trisphosphate"/>
      <span end="12537" id="17590087-23249" start="12516">inositol triphosphate</span>
    </annotation>
    <annotation annotator="" id="CHEBI_2015_08_26_backup_Instance_564" type="identity">
      <class id="CHEBI_SO_EXT:C_terminus_or_C_terminal_region" label="C-terminus or C-terminal region"/>
      <span end="12589" id="17590087-23135" start="12579">C-terminal</span>
    </annotation>
    <annotation annotator="Mike Bada, University of Colorado Anschutz Medical Campus" id="CHEBI_2015_08_26_Instance_310682" type="identity">
      <class id="CHEBI_PR_EXT:protein" label="protein"/>
      <span end="12640" id="17590087-23175" start="12633">protein</span>
    </annotation>
    <annotation annotator="Mike Bada, University of Colorado Anschutz Medical Campus" id="CHEBI_2015_08_26_Instance_41611" type="identity">
      <class id="CHEBI_EXT:ATP" label="ATP"/>
      <span end="12682" id="17590087-23251" start="12679">ATP</span>
    </annotation>
    <annotation annotator="Mike Bada, University of Colorado Anschutz Medical Campus" id="CHEBI_2015_08_26_Instance_11103" type="identity">
      <class id="CHEBI:29108" label="calcium(2+)"/>
      <span end="12721" id="17590087-23141" start="12717">Ca2+</span>
    </annotation>
    <annotation annotator="Mike Bada, University of Colorado Anschutz Medical Campus" id="CHEBI_2015_08_26_Instance_11105" type="identity">
      <class id="CHEBI:29108" label="calcium(2+)"/>
      <span end="12751" id="17590087-23143" start="12747">Ca2+</span>
    </annotation>
    <annotation annotator="Mike Bada, University of Colorado Anschutz Medical Campus" id="CHEBI_2015_08_26_Instance_41613" type="identity">
      <class id="CHEBI_EXT:33280" label="molecular messenger"/>
      <span end="12842" id="17590087-23253" start="12833">messenger</span>
    </annotation>
    <annotation annotator="Mike Bada, University of Colorado Anschutz Medical Campus" id="CHEBI_2015_08_26_Instance_41603" type="identity">
      <class id="CHEBI_EXT:1D_myo_inositol_1_4_5_trisphosphate" label="1D-myo-inositol 1,4,5-trisphosphate"/>
      <span end="12870" id="17590087-23247" start="12843">inositol 1,4,5-triphosphate</span>
    </annotation>
    <annotation annotator="Mike Bada, University of Colorado Anschutz Medical Campus" id="CHEBI_2015_08_26_Instance_310684" type="identity">
      <class id="CHEBI_PR_EXT:protein" label="protein"/>
      <span end="13494" id="17590087-23177" start="13487">protein</span>
    </annotation>
    <annotation annotator="" id="CHEBI_2015_08_26_backup_Instance_566" type="identity">
      <class id="CHEBI_SO_EXT:C_terminus_or_C_terminal_region" label="C-terminus or C-terminal region"/>
      <span end="13646" id="17590087-23137" start="13636">C-terminal</span>
    </annotation>
    <annotation annotator="Mike Bada, University of Colorado Anschutz Medical Campus" id="CHEBI_2015_08_26_Instance_310686" type="identity">
      <class id="CHEBI_PR_EXT:protein" label="protein"/>
      <span end="13722" id="17590087-23179" start="13715">protein</span>
    </annotation>
    <annotation annotator="Mike Bada, University of Colorado Anschutz Medical Campus" id="CHEBI_2015_08_26_Instance_11325" type="identity">
      <class id="CHEBI:29108" label="calcium(2+)"/>
      <span end="15155" id="17590087-23145" start="15151">Ca2+</span>
    </annotation>
    <annotation annotator="Mike Bada, University of Colorado Anschutz Medical Campus" id="CHEBI_2015_08_26_Instance_41615" type="identity">
      <class id="CHEBI_SO_EXT:DNA" label="DNA"/>
      <span end="15311" id="17590087-23255" start="15308">DNA</span>
    </annotation>
    <annotation annotator="Mike Bada, University of Colorado Anschutz Medical Campus" id="CHEBI_2015_08_26_Instance_11327" type="identity">
      <class id="CHEBI_EXT:37958" label="dye"/>
      <span end="15612" id="17590087-23147" start="15609">dye</span>
    </annotation>
    <annotation annotator="Mike Bada, University of Colorado Anschutz Medical Campus" id="CHEBI_2015_08_26_Instance_331092" type="identity">
      <class id="CHEBI_SO_EXT:molecular_indicator_or_label_or_marker_or_tag" label="molecular indicator/label/marker/tag"/>
      <span end="15838" id="17590087-23201" start="15832">marker</span>
    </annotation>
    <annotation annotator="Mike Bada, University of Colorado Anschutz Medical Campus" id="CHEBI_2015_08_26_Instance_41619" type="identity">
      <class id="CHEBI_SO_EXT:base" label="base"/>
      <span end="16137" id="17590087-23257" start="16136">b</span>
    </annotation>
    <annotation annotator="Mike Bada, University of Colorado Anschutz Medical Campus" id="CHEBI_2015_08_26_Instance_331094" type="identity">
      <class id="CHEBI_SO_EXT:molecular_indicator_or_label_or_marker_or_tag" label="molecular indicator/label/marker/tag"/>
      <span end="16154" id="17590087-23203" start="16147">markers</span>
    </annotation>
    <annotation annotator="Mike Bada, University of Colorado Anschutz Medical Campus" id="CHEBI_2015_08_26_Instance_41623" type="identity">
      <class id="CHEBI_SO_EXT:DNA" label="DNA"/>
      <span end="16730" id="17590087-23259" start="16727">DNA</span>
    </annotation>
    <annotation annotator="Mike Bada, University of Colorado Anschutz Medical Campus" id="CHEBI_2015_08_26_Instance_310688" type="identity">
      <class id="CHEBI_PR_EXT:protein" label="protein"/>
      <span end="17329" id="17590087-23181" start="17322">protein</span>
    </annotation>
    <annotation annotator="Mike Bada, University of Colorado Anschutz Medical Campus" id="CHEBI_2015_08_26_Instance_330496" type="identity">
      <class id="CHEBI_CHMO_EXT:buffer_solution" label="buffer solution"/>
      <span end="17556" id="17590087-23191" start="17550">buffer</span>
    </annotation>
    <annotation annotator="Mike Bada, University of Colorado Anschutz Medical Campus" id="CHEBI_2015_08_26_Instance_11329" type="identity">
      <class id="CHEBI:9754" label="tris"/>
      <span end="17578" id="17590087-23149" start="17574">Tris</span>
    </annotation>
    <annotation annotator="Mike Bada, University of Colorado Anschutz Medical Campus" id="CHEBI_2015_08_26_Instance_11799" type="identity">
      <class id="CHEBI:17883" label="hydrogen chloride"/>
      <span end="17582" id="17590087-23151" start="17579">HCl</span>
    </annotation>
    <annotation annotator="Mike Bada, University of Colorado Anschutz Medical Campus" id="CHEBI_2015_08_26_Instance_11801" type="identity">
      <class id="CHEBI:26710" label="sodium chloride"/>
      <span end="17595" id="17590087-23153" start="17591">NaCl</span>
    </annotation>
    <annotation annotator="Mike Bada, University of Colorado Anschutz Medical Campus" id="CHEBI_2015_08_26_Instance_41625" type="identity">
      <class id="CHEBI_EXT:EDTA" label="EDTA"/>
      <span end="17606" id="17590087-23261" start="17602">EDTA</span>
    </annotation>
    <annotation annotator="Mike Bada, University of Colorado Anschutz Medical Campus" id="CHEBI_2015_08_26_Instance_41627" type="identity">
      <class id="CHEBI:9750" label="Triton X-100"/>
      <span end="17623" id="17590087-23263" start="17611">Triton X-100</span>
    </annotation>
    <annotation annotator="Mike Bada, University of Colorado Anschutz Medical Campus" id="CHEBI_2015_08_26_Instance_12977" type="identity">
      <class id="CHEBI:9177" label="sodium deoxycholate"/>
      <span end="17647" id="17590087-23155" start="17628">sodium deoxycholate</span>
    </annotation>
    <annotation annotator="Mike Bada, University of Colorado Anschutz Medical Campus" id="CHEBI_2015_08_26_Instance_12981" type="identity">
      <class id="CHEBI:8984" label="sodium dodecyl sulfate"/>
      <span end="17657" id="17590087-23157" start="17654">SDS</span>
    </annotation>
    <annotation annotator="Mike Bada, University of Colorado Anschutz Medical Campus" id="CHEBI_2015_08_26_Instance_41629" type="identity">
      <class id="CHEBI:60004" label="mixture"/>
      <span end="17673" id="17590087-23265" start="17665">cocktail</span>
    </annotation>
    <annotation annotator="Mike Bada, University of Colorado Anschutz Medical Campus" id="CHEBI_2015_08_26_Instance_41631" type="identity">
      <class id="CHEBI_GO_EXT:peptidase_or_protease_or_proteinase_inhibitor" label="peptidase/protease/proteinase inhibitor"/>
      <span end="17696" id="17590087-23267" start="17677">protease inhibitors</span>
    </annotation>
    <annotation annotator="Mike Bada, University of Colorado Anschutz Medical Campus" id="CHEBI_2015_08_26_Instance_330498" type="identity">
      <class id="CHEBI_CHMO_EXT:buffer_solution" label="buffer solution"/>
      <span end="17804" id="17590087-23193" start="17798">buffer</span>
    </annotation>
    <annotation annotator="Mike Bada, University of Colorado Anschutz Medical Campus" id="CHEBI_2015_08_26_Instance_12985" type="identity">
      <class id="CHEBI:8984" label="sodium dodecyl sulfate"/>
      <span end="17893" id="17590087-23159" start="17890">SDS</span>
    </annotation>
    <annotation annotator="Mike Bada, University of Colorado Anschutz Medical Campus" id="CHEBI_2015_08_26_Instance_41633" type="identity">
      <class id="CHEBI_EXT:paraformaldehye" label="paraformaldehyde"/>
      <span end="18113" id="17590087-23269" start="18097">paraformaldehyde</span>
    </annotation>
    <annotation annotator="Mike Bada, University of Colorado Anschutz Medical Campus" id="CHEBI_2015_08_26_Instance_41635" type="identity">
      <class id="CHEBI_EXT:50913" label="fixative"/>
      <span end="18167" id="17590087-23271" start="18159">fixative</span>
    </annotation>
    <annotation annotator="Mike Bada, University of Colorado Anschutz Medical Campus" id="CHEBI_2015_08_26_Instance_41637" type="identity">
      <class id="CHEBI:5291" label="gelatin"/>
      <span end="18200" id="17590087-23273" start="18193">gelatin</span>
    </annotation>
    <annotation annotator="Mike Bada, University of Colorado Anschutz Medical Campus" id="CHEBI_2015_08_26_Instance_41639" type="identity">
      <class id="CHEBI:75958" label="solution"/>
      <span end="18507" id="17590087-23275" start="18499">solution</span>
    </annotation>
    <annotation annotator="Mike Bada, University of Colorado Anschutz Medical Campus" id="CHEBI_2015_08_26_Instance_41641" type="identity">
      <class id="CHEBI:9750" label="Triton X-100"/>
      <span end="18574" id="17590087-23277" start="18562">Triton X-100</span>
    </annotation>
    <annotation annotator="Mike Bada, University of Colorado Anschutz Medical Campus" id="CHEBI_2015_08_26_Instance_41643" type="identity">
      <class id="CHEBI:75958" label="solution"/>
      <span end="18869" id="17590087-23279" start="18861">solution</span>
    </annotation>
    <annotation annotator="Mike Bada, University of Colorado Anschutz Medical Campus" id="CHEBI_2015_08_26_Instance_41645" type="identity">
      <class id="CHEBI:52673" label="Alexa Fluor 555"/>
      <span end="19009" id="17590087-23281" start="18994">Alexa Fluor 555</span>
    </annotation>
    <annotation annotator="Mike Bada, University of Colorado Anschutz Medical Campus" id="CHEBI_2015_08_26_Instance_41647" type="identity">
      <class id="CHEBI:52661" label="Alexa Fluor 488"/>
      <span end="19050" id="17590087-23283" start="19035">Alexa Fluor 488</span>
    </annotation>
    <annotation annotator="Mike Bada, University of Colorado Anschutz Medical Campus" id="CHEBI_2015_08_26_Instance_380068" type="identity">
      <class id="CHEBI_CHMO_EXT:buffer_process" label="buffer process"/>
      <span end="19203" id="17590087-23213" start="19195">buffered</span>
    </annotation>
    <annotation annotator="Mike Bada, University of Colorado Anschutz Medical Campus" id="CHEBI_2015_08_26_Instance_41649" type="identity">
      <class id="CHEBI_SO_EXT:peptide_or_peptide_region" label="peptide or peptide region"/>
      <span end="19728" id="17590087-23285" start="19721">peptide</span>
    </annotation>
    <annotation annotator="Mike Bada, University of Colorado Anschutz Medical Campus" id="CHEBI_2015_08_26_Instance_41651" type="identity">
      <class id="CHEBI_SO_EXT:DNA" label="DNA"/>
      <span end="19942" id="17590087-23287" start="19939">DNA</span>
    </annotation>
    <annotation annotator="Mike Bada, University of Colorado Anschutz Medical Campus" id="CHEBI_2015_08_26_Instance_12987" type="identity">
      <class id="CHEBI_EXT:37958" label="dye"/>
      <span end="20128" id="17590087-23161" start="20125">dye</span>
    </annotation>
    <annotation annotator="Mike Bada, University of Colorado Anschutz Medical Campus" id="CHEBI_2015_08_26_Instance_41653" type="identity">
      <class id="CHEBI_SO_EXT:DNA" label="DNA"/>
      <span end="20437" id="17590087-23289" start="20434">DNA</span>
    </annotation>
    <annotation annotator="Mike Bada, University of Colorado Anschutz Medical Campus" id="CHEBI_2015_08_26_Instance_41655" type="identity">
      <class id="CHEBI_SO_EXT:DNA" label="DNA"/>
      <span end="21950" id="17590087-23291" start="21947">DNA</span>
    </annotation>
    <annotation annotator="Mike Bada, University of Colorado Anschutz Medical Campus" id="CHEBI_2015_08_26_Instance_12989" type="identity">
      <class id="CHEBI_EXT:37958" label="dye"/>
      <span end="22029" id="17590087-23163" start="22026">Dye</span>
    </annotation>
    <annotation annotator="Mike Bada, University of Colorado Anschutz Medical Campus" id="CHEBI_2015_08_26_Instance_41657" type="identity">
      <class id="CHEBI_SO_EXT:base" label="base"/>
      <span end="22806" id="17590087-23293" start="22805">b</span>
    </annotation>
    <annotation annotator="Mike Bada, University of Colorado Anschutz Medical Campus" id="CHEBI_2015_08_26_Instance_41659" type="identity">
      <class id="CHEBI_SO_EXT:base" label="base"/>
      <span end="22837" id="17590087-23295" start="22836">b</span>
    </annotation>
    <annotation annotator="Mike Bada, University of Colorado Anschutz Medical Campus" id="CHEBI_2015_08_26_Instance_41661" type="identity">
      <class id="CHEBI_SO_EXT:DNA" label="DNA"/>
      <span end="23129" id="17590087-23297" start="23126">DNA</span>
    </annotation>
    <annotation annotator="Mike Bada, University of Colorado Anschutz Medical Campus" id="CHEBI_2015_08_26_Instance_310690" type="identity">
      <class id="CHEBI_PR_EXT:protein" label="protein"/>
      <span end="24278" id="17590087-23183" start="24271">protein</span>
    </annotation>
    <annotation annotator="Mike Bada, University of Colorado Anschutz Medical Campus" id="CHEBI_2015_08_26_Instance_310692" type="identity">
      <class id="CHEBI_PR_EXT:protein" label="protein"/>
      <span end="24333" id="17590087-23185" start="24326">Protein</span>
    </annotation>
    <annotation annotator="Mike Bada, University of Colorado Anschutz Medical Campus" id="CHEBI_2015_08_26_Instance_330500" type="identity">
      <class id="CHEBI_CHMO_EXT:buffer_solution" label="buffer solution"/>
      <span end="24377" id="17590087-23195" start="24371">buffer</span>
    </annotation>
    <annotation annotator="Mike Bada, University of Colorado Anschutz Medical Campus" id="CHEBI_2015_08_26_Instance_41663" type="identity">
      <class id="CHEBI:9750" label="Triton X-100"/>
      <span end="24412" id="17590087-23299" start="24400">Triton X-100</span>
    </annotation>
    <annotation annotator="Mike Bada, University of Colorado Anschutz Medical Campus" id="CHEBI_2015_08_26_Instance_41665" type="identity">
      <class id="CHEBI:60004" label="mixture"/>
      <span end="24428" id="17590087-23301" start="24420">cocktail</span>
    </annotation>
    <annotation annotator="Mike Bada, University of Colorado Anschutz Medical Campus" id="CHEBI_2015_08_26_Instance_41667" type="identity">
      <class id="CHEBI_GO_EXT:peptidase_or_protease_or_proteinase_inhibitor" label="peptidase/protease/proteinase inhibitor"/>
      <span end="24451" id="17590087-23303" start="24432">protease inhibitors</span>
    </annotation>
    <annotation annotator="Mike Bada, University of Colorado Anschutz Medical Campus" id="CHEBI_2015_08_26_Instance_330502" type="identity">
      <class id="CHEBI_CHMO_EXT:buffer_solution" label="buffer solution"/>
      <span end="24568" id="17590087-23197" start="24562">buffer</span>
    </annotation>
    <annotation annotator="Mike Bada, University of Colorado Anschutz Medical Campus" id="CHEBI_2015_08_26_Instance_12993" type="identity">
      <class id="CHEBI:8984" label="sodium dodecyl sulfate"/>
      <span end="24643" id="17590087-23165" start="24640">SDS</span>
    </annotation>
    <annotation annotator="Mike Bada, University of Colorado Anschutz Medical Campus" id="CHEBI_2015_08_26_Instance_331096" type="identity">
      <class id="CHEBI_SO_EXT:molecular_indicator_or_label_or_marker_or_tag" label="molecular indicator/label/marker/tag"/>
      <span end="25245" id="17590087-23205" start="25238">markers</span>
    </annotation>
    <annotation annotator="Mike Bada, University of Colorado Anschutz Medical Campus" id="CHEBI_2015_08_26_Instance_41671" type="identity">
      <class id="CHEBI_SO_EXT:nucleotide" label="nucleotide"/>
      <span end="25639" id="17590087-23305" start="25628">nucleotides</span>
    </annotation>
    <annotation annotator="Mike Bada, University of Colorado Anschutz Medical Campus" id="CHEBI_2015_08_26_Instance_41673" type="identity">
      <class id="CHEBI_SO_EXT:base" label="base"/>
      <span end="26539" id="17590087-23307" start="26538">b</span>
    </annotation>
    <annotation annotator="Mike Bada, University of Colorado Anschutz Medical Campus" id="CHEBI_2015_08_26_Instance_41675" type="identity">
      <class id="CHEBI_SO_EXT:base" label="base"/>
      <span end="26569" id="17590087-23309" start="26568">b</span>
    </annotation>
    <annotation annotator="Mike Bada, University of Colorado Anschutz Medical Campus" id="CHEBI_2015_08_26_Instance_41677" type="identity">
      <class id="CHEBI_SO_EXT:DNA" label="DNA"/>
      <span end="27067" id="17590087-23311" start="27064">DNA</span>
    </annotation>
    <annotation annotator="Mike Bada, University of Colorado Anschutz Medical Campus" id="CHEBI_2015_08_26_Instance_41679" type="identity">
      <class id="CHEBI_SO_EXT:nucleotide" label="nucleotide"/>
      <span end="27273" id="17590087-23313" start="27262">nucleotides</span>
    </annotation>
    <annotation annotator="Mike Bada, University of Colorado Anschutz Medical Campus" id="CHEBI_2015_08_26_Instance_41681" type="identity">
      <class id="CHEBI_SO_EXT:nucleotide" label="nucleotide"/>
      <span end="27332" id="17590087-23315" start="27321">nucleotides</span>
    </annotation>
    <annotation annotator="Mike Bada, University of Colorado Anschutz Medical Campus" id="CHEBI_2015_08_26_Instance_41683" type="identity">
      <class id="CHEBI_SO_EXT:nucleotide" label="nucleotide"/>
      <span end="27850" id="17590087-23317" start="27840">nucleotide</span>
    </annotation>
    <annotation annotator="Mike Bada, University of Colorado Anschutz Medical Campus" id="CHEBI_2015_08_26_Instance_310694" type="identity">
      <class id="CHEBI_PR_EXT:protein" label="protein"/>
      <span end="27958" id="17590087-23187" start="27951">Protein</span>
    </annotation>
    <annotation annotator="Mike Bada, University of Colorado Anschutz Medical Campus" id="CHEBI_2015_08_26_Instance_331570" type="identity">
      <class id="CHEBI:52673" label="Alexa Fluor 555"/>
      <span end="28282" id="17590087-23207" start="28267">Alexa Fluor 555</span>
    </annotation>
    <annotation annotator="Mike Bada, University of Colorado Anschutz Medical Campus" id="CHEBI_2015_08_26_Instance_331572" type="identity">
      <class id="CHEBI:52661" label="Alexa Fluor 488"/>
      <span end="28380" id="17590087-23209" start="28365">Alexa Fluor 488</span>
    </annotation>
    <annotation annotator="Mike Bada, University of Colorado Anschutz Medical Campus" id="CHEBI_2015_08_26_Instance_41685" type="identity">
      <class id="CHEBI_SO_EXT:DNA" label="DNA"/>
      <span end="28895" id="17590087-23319" start="28892">DNA</span>
    </annotation>
    <annotation annotator="Mike Bada, University of Colorado Anschutz Medical Campus" id="CHEBI_2015_08_26_Instance_41687" type="identity">
      <class id="CHEBI_SO_EXT:base" label="base"/>
      <span end="29073" id="17590087-23321" start="29072">b</span>
    </annotation>
    <annotation annotator="Mike Bada, University of Colorado Anschutz Medical Campus" id="CHEBI_2015_08_26_Instance_41689" type="identity">
      <class id="CHEBI_SO_EXT:base" label="base"/>
      <span end="29685" id="17590087-23323" start="29684">b</span>
    </annotation>
    <annotation annotator="Mike Bada, University of Colorado Anschutz Medical Campus" id="CHEBI_2015_08_26_Instance_310696" type="identity">
      <class id="CHEBI_PR_EXT:protein" label="protein"/>
      <span end="31282" id="17590087-23189" start="31275">Protein</span>
    </annotation>
    <annotation annotator="Mike Bada, University of Colorado Anschutz Medical Campus" id="CHEBI_2015_08_26_Instance_13003" type="identity">
      <class id="CHEBI_EXT:33893" label="reagent"/>
      <span end="32253" id="17590087-23167" start="32245">reagents</span>
    </annotation>
    <graph-space id="Old Knowtator Relations"/>
  </document>
</knowtator-project>
