<?xml version="1.0" encoding="UTF-8" standalone="no"?>
<knowtator-project>
    <document id="17608565" text-file="17608565.txt">
        <annotation annotator="Mike Bada, University of Colorado Anschutz Medical Campus" id="CHEBI_2015_08_26_Instance_310698" type="identity">
            <class id="CHEBI_PR_EXT:protein" label="protein"/>
            <span end="161" id="17608565-23393" start="154">protein</span>
        </annotation>
        <annotation annotator="Mike Bada, University of Colorado Anschutz Medical Campus" id="CHEBI_2015_08_26_Instance_13165" type="identity">
            <class id="CHEBI:15355" label="acetylcholine"/>
            <span end="819" id="17608565-23379" start="808">cholinergic</span>
        </annotation>
        <annotation annotator="Mike Bada, University of Colorado Anschutz Medical Campus" id="CHEBI_2015_08_26_Instance_310700" type="identity">
            <class id="CHEBI_PR_EXT:protein" label="protein"/>
            <span end="1710" id="17608565-23395" start="1703">protein</span>
        </annotation>
        <annotation annotator="Mike Bada, University of Colorado Anschutz Medical Campus" id="CHEBI_2015_08_26_Instance_41691" type="identity">
            <class id="CHEBI:51231" label="DAPI"/>
            <span end="5078" id="17608565-23559" start="5074">DAPI</span>
        </annotation>
        <annotation annotator="Mike Bada, University of Colorado Anschutz Medical Campus" id="CHEBI_2015_08_26_Instance_41693" type="identity">
            <class id="CHEBI:472552" label="5-bromo-2'-deoxyuridine"/>
            <span end="5113" id="17608565-23561" start="5109">BrdU</span>
        </annotation>
        <annotation annotator="Mike Bada, University of Colorado Anschutz Medical Campus" id="CHEBI_2015_08_26_Instance_331584" type="identity">
            <class id="CHEBI:472552" label="5-bromo-2'-deoxyuridine"/>
            <span end="5210" id="17608565-23509" start="5206">BrdU</span>
        </annotation>
        <annotation annotator="Mike Bada, University of Colorado Anschutz Medical Campus" id="CHEBI_2015_08_26_Instance_331586" type="identity">
            <class id="CHEBI:472552" label="5-bromo-2'-deoxyuridine"/>
            <span end="5235" id="17608565-23511" start="5231">BrdU</span>
        </annotation>
        <annotation annotator="Mike Bada, University of Colorado Anschutz Medical Campus" id="CHEBI_2015_08_26_Instance_310702" type="identity">
            <class id="CHEBI_PR_EXT:protein" label="protein"/>
            <span end="5649" id="17608565-23397" start="5642">protein</span>
        </annotation>
        <annotation annotator="Mike Bada, University of Colorado Anschutz Medical Campus" id="CHEBI_2015_08_26_Instance_41697" type="identity">
            <class id="CHEBI_SO_EXT:DNA" label="DNA"/>
            <span end="6120" id="17608565-23563" start="6117">DNA</span>
        </annotation>
        <annotation annotator="Mike Bada, University of Colorado Anschutz Medical Campus" id="CHEBI_2015_08_26_Instance_310704" type="identity">
            <class id="CHEBI_PR_EXT:protein" label="protein"/>
            <span end="6150" id="17608565-23399" start="6142">proteins</span>
        </annotation>
        <annotation annotator="Mike Bada, University of Colorado Anschutz Medical Campus" id="CHEBI_2015_08_26_Instance_41699" type="identity">
            <class id="CHEBI_SO_EXT:mRNA" label="mRNA"/>
            <span end="8257" id="17608565-23565" start="8253">mRNA</span>
        </annotation>
        <annotation annotator="Mike Bada, University of Colorado Anschutz Medical Campus" id="CHEBI_2015_08_26_Instance_13167" type="identity">
            <class id="CHEBI:15355" label="acetylcholine"/>
            <span end="10047" id="17608565-23381" start="10036">cholinergic</span>
        </annotation>
        <annotation annotator="Mike Bada, University of Colorado Anschutz Medical Campus" id="CHEBI_2015_08_26_Instance_380842" type="identity">
            <class id="CHEBI_SO_EXT:molecular_label_or_mark_or_tag_process" label="molecular label/mark/tag process"/>
            <span end="12197" id="17608565-23517" start="12189">labelled</span>
        </annotation>
        <annotation annotator="Mike Bada, University of Colorado Anschutz Medical Campus" id="CHEBI_2015_08_26_Instance_41701" type="identity">
            <class id="CHEBI:472552" label="5-bromo-2'-deoxyuridine"/>
            <span end="12220" id="17608565-23567" start="12203">bromodeoxyuridine</span>
        </annotation>
        <annotation annotator="Mike Bada, University of Colorado Anschutz Medical Campus" id="CHEBI_2015_08_26_Instance_41703" type="identity">
            <class id="CHEBI:472552" label="5-bromo-2'-deoxyuridine"/>
            <span end="12226" id="17608565-23569" start="12222">BrdU</span>
        </annotation>
        <annotation annotator="Mike Bada, University of Colorado Anschutz Medical Campus" id="CHEBI_2015_08_26_Instance_41705" type="identity">
            <class id="CHEBI:472552" label="5-bromo-2'-deoxyuridine"/>
            <span end="12292" id="17608565-23571" start="12288">BrdU</span>
        </annotation>
        <annotation annotator="Mike Bada, University of Colorado Anschutz Medical Campus" id="CHEBI_2015_08_26_Instance_41707" type="identity">
            <class id="CHEBI_SO_EXT:DNA" label="DNA"/>
            <span end="12417" id="17608565-23573" start="12414">DNA</span>
        </annotation>
        <annotation annotator="Mike Bada, University of Colorado Anschutz Medical Campus" id="CHEBI_2015_08_26_Instance_41711" type="identity">
            <class id="CHEBI:472552" label="5-bromo-2'-deoxyuridine"/>
            <span end="12550" id="17608565-23577" start="12546">BrdU</span>
        </annotation>
        <annotation annotator="Mike Bada, University of Colorado Anschutz Medical Campus" id="CHEBI_2015_08_26_Instance_41709" type="identity">
            <class id="CHEBI:472552" label="5-bromo-2'-deoxyuridine"/>
            <span end="12647" id="17608565-23575" start="12643">BrdU</span>
        </annotation>
        <annotation annotator="Mike Bada, University of Colorado Anschutz Medical Campus" id="CHEBI_2015_08_26_Instance_41713" type="identity">
            <class id="CHEBI_EXT:phosphohistone" label="phosphohistone"/>
            <span end="13192" id="17608565-23579" start="13178">phosphohistone</span>
        </annotation>
        <annotation annotator="Mike Bada, University of Colorado Anschutz Medical Campus" id="CHEBI_2015_08_26_Instance_380844" type="identity">
            <class id="CHEBI_SO_EXT:molecular_label_or_mark_or_tag_process" label="molecular label/mark/tag process"/>
            <span end="14017" id="17608565-23519" start="14008">labelling</span>
        </annotation>
        <annotation annotator="Mike Bada, University of Colorado Anschutz Medical Campus" id="CHEBI_2015_08_26_Instance_331098" type="identity">
            <class id="CHEBI_SO_EXT:molecular_indicator_or_label_or_marker_or_tag" label="molecular indicator/label/marker/tag"/>
            <span end="14062" id="17608565-23453" start="14055">markers</span>
        </annotation>
        <annotation annotator="Mike Bada, University of Colorado Anschutz Medical Campus" id="CHEBI_2015_08_26_Instance_41717" type="identity">
            <class id="CHEBI:51231" label="DAPI"/>
            <span end="14548" id="17608565-23581" start="14544">DAPI</span>
        </annotation>
        <annotation annotator="Mike Bada, University of Colorado Anschutz Medical Campus" id="CHEBI_2015_08_26_Instance_331100" type="identity">
            <class id="CHEBI_SO_EXT:molecular_indicator_or_label_or_marker_or_tag" label="molecular indicator/label/marker/tag"/>
            <span end="14567" id="17608565-23455" start="14560">markers</span>
        </annotation>
        <annotation annotator="Mike Bada, University of Colorado Anschutz Medical Campus" id="CHEBI_2015_08_26_Instance_41723" type="identity">
            <class id="CHEBI_EXT:polyatomic_entity_or_group" label="polyatomic entity or group"/>
            <span end="15711" id="17608565-23585" start="15702">molecular</span>
        </annotation>
        <annotation annotator="Mike Bada, University of Colorado Anschutz Medical Campus" id="CHEBI_2015_08_26_Instance_41725" type="identity">
            <class id="CHEBI:472552" label="5-bromo-2'-deoxyuridine"/>
            <span end="16144" id="17608565-23587" start="16140">BrdU</span>
        </annotation>
        <annotation annotator="Mike Bada, University of Colorado Anschutz Medical Campus" id="CHEBI_2015_08_26_Instance_41727" type="identity">
            <class id="CHEBI_EXT:dUTP" label="dUTP"/>
            <span end="16162" id="17608565-23589" start="16158">dUTP</span>
        </annotation>
        <annotation annotator="Mike Bada, University of Colorado Anschutz Medical Campus" id="CHEBI_2015_08_26_Instance_380846" type="identity">
            <class id="CHEBI_SO_EXT:molecular_label_or_mark_or_tag_process" label="molecular label/mark/tag process"/>
            <span end="16181" id="17608565-23521" start="16172">labelling</span>
        </annotation>
        <annotation annotator="Mike Bada, University of Colorado Anschutz Medical Campus" id="CHEBI_2015_08_26_Instance_41721" type="identity">
            <class id="CHEBI_EXT:polyatomic_entity_or_group" label="polyatomic entity or group"/>
            <span end="16255" id="17608565-23583" start="16246">molecular</span>
        </annotation>
        <annotation annotator="Mike Bada, University of Colorado Anschutz Medical Campus" id="CHEBI_2015_08_26_Instance_41729" type="identity">
            <class id="CHEBI_EXT:59132" label="antigen"/>
            <span end="16622" id="17608565-23591" start="16615">antigen</span>
        </annotation>
        <annotation annotator="Mike Bada, University of Colorado Anschutz Medical Campus" id="CHEBI_2015_08_26_Instance_331102" type="identity">
            <class id="CHEBI_SO_EXT:molecular_indicator_or_label_or_marker_or_tag" label="molecular indicator/label/marker/tag"/>
            <span end="16881" id="17608565-23457" start="16874">markers</span>
        </annotation>
        <annotation annotator="Mike Bada, University of Colorado Anschutz Medical Campus" id="CHEBI_2015_08_26_Instance_331104" type="identity">
            <class id="CHEBI_SO_EXT:molecular_indicator_or_label_or_marker_or_tag" label="molecular indicator/label/marker/tag"/>
            <span end="16931" id="17608565-23459" start="16924">markers</span>
        </annotation>
        <annotation annotator="Mike Bada, University of Colorado Anschutz Medical Campus" id="CHEBI_2015_08_26_Instance_310706" type="identity">
            <class id="CHEBI_PR_EXT:protein" label="protein"/>
            <span end="19164" id="17608565-23401" start="19156">proteins</span>
        </annotation>
        <annotation annotator="Mike Bada, University of Colorado Anschutz Medical Campus" id="CHEBI_2015_08_26_Instance_331106" type="identity">
            <class id="CHEBI_SO_EXT:molecular_indicator_or_label_or_marker_or_tag" label="molecular indicator/label/marker/tag"/>
            <span end="22684" id="17608565-23461" start="22677">markers</span>
        </annotation>
        <annotation annotator="Mike Bada, University of Colorado Anschutz Medical Campus" id="CHEBI_2015_08_26_Instance_310708" type="identity">
            <class id="CHEBI_PR_EXT:protein" label="protein"/>
            <span end="22716" id="17608565-23403" start="22708">proteins</span>
        </annotation>
        <annotation annotator="Mike Bada, University of Colorado Anschutz Medical Campus" id="CHEBI_2015_08_26_Instance_331108" type="identity">
            <class id="CHEBI_SO_EXT:molecular_indicator_or_label_or_marker_or_tag" label="molecular indicator/label/marker/tag"/>
            <span end="22817" id="17608565-23463" start="22810">markers</span>
        </annotation>
        <annotation annotator="Mike Bada, University of Colorado Anschutz Medical Campus" id="CHEBI_2015_08_26_Instance_380997" type="identity">
            <class id="CHEBI_SO_EXT:molecular_label_or_mark_or_tag_process" label="molecular label/mark/tag process"/>
            <span end="22947" id="17608565-23547" start="22942">marks</span>
        </annotation>
        <annotation annotator="Mike Bada, University of Colorado Anschutz Medical Campus" id="CHEBI_2015_08_26_Instance_41737" type="identity">
            <class id="CHEBI:51231" label="DAPI"/>
            <span end="23578" id="17608565-23593" start="23574">DAPI</span>
        </annotation>
        <annotation annotator="Mike Bada, University of Colorado Anschutz Medical Campus" id="CHEBI_2015_08_26_Instance_41739" type="identity">
            <class id="CHEBI:51231" label="DAPI"/>
            <span end="23721" id="17608565-23595" start="23717">DAPI</span>
        </annotation>
        <annotation annotator="Mike Bada, University of Colorado Anschutz Medical Campus" id="CHEBI_2015_08_26_Instance_13169" type="identity">
            <class id="CHEBI:15355" label="acetylcholine"/>
            <span end="24404" id="17608565-23383" start="24393">cholinergic</span>
        </annotation>
        <annotation annotator="Mike Bada, University of Colorado Anschutz Medical Campus" id="CHEBI_2015_08_26_Instance_13057" type="identity">
            <class id="CHEBI:15355" label="acetylcholine"/>
            <span end="24902" id="17608565-23335" start="24888">acetyl choline</span>
        </annotation>
        <annotation annotator="Mike Bada, University of Colorado Anschutz Medical Campus" id="CHEBI_2015_08_26_Instance_331110" type="identity">
            <class id="CHEBI_SO_EXT:molecular_indicator_or_label_or_marker_or_tag" label="molecular indicator/label/marker/tag"/>
            <span end="24960" id="17608565-23465" start="24954">marker</span>
        </annotation>
        <annotation annotator="Mike Bada, University of Colorado Anschutz Medical Campus" id="CHEBI_2015_08_26_Instance_380999" type="identity">
            <class id="CHEBI_SO_EXT:molecular_label_or_mark_or_tag_process" label="molecular label/mark/tag process"/>
            <span end="25112" id="17608565-23549" start="25107">marks</span>
        </annotation>
        <annotation annotator="Mike Bada, University of Colorado Anschutz Medical Campus" id="CHEBI_2015_08_26_Instance_310710" type="identity">
            <class id="CHEBI_PR_EXT:protein" label="protein"/>
            <span end="25353" id="17608565-23405" start="25346">protein</span>
        </annotation>
        <annotation annotator="Mike Bada, University of Colorado Anschutz Medical Campus" id="CHEBI_2015_08_26_Instance_41743" type="identity">
            <class id="CHEBI_EXT:potassium" label="potassium"/>
            <span end="25401" id="17608565-23597" start="25392">potassium</span>
        </annotation>
        <annotation annotator="Mike Bada, University of Colorado Anschutz Medical Campus" id="CHEBI_2015_08_26_Instance_13061" type="identity">
            <class id="CHEBI:16865" label="gamma-aminobutyric acid"/>
            <span end="25525" id="17608565-23337" start="25502">gamma-aminobutyric acid</span>
        </annotation>
        <annotation annotator="Mike Bada, University of Colorado Anschutz Medical Campus" id="CHEBI_2015_08_26_Instance_13063" type="identity">
            <class id="CHEBI:16865" label="gamma-aminobutyric acid"/>
            <span end="25531" id="17608565-23339" start="25527">GABA</span>
        </annotation>
        <annotation annotator="Mike Bada, University of Colorado Anschutz Medical Campus" id="CHEBI_2015_08_26_Instance_13145" type="identity">
            <class id="CHEBI_EXT:25512" label="neurotransmitter"/>
            <span end="25564" id="17608565-23377" start="25548">neurotransmitter</span>
        </annotation>
        <annotation annotator="Mike Bada, University of Colorado Anschutz Medical Campus" id="CHEBI_2015_08_26_Instance_380848" type="identity">
            <class id="CHEBI_SO_EXT:molecular_label_or_mark_or_tag_process" label="molecular label/mark/tag process"/>
            <span end="25749" id="17608565-23523" start="25743">labels</span>
        </annotation>
        <annotation annotator="Mike Bada, University of Colorado Anschutz Medical Campus" id="CHEBI_2015_08_26_Instance_331112" type="identity">
            <class id="CHEBI_SO_EXT:molecular_indicator_or_label_or_marker_or_tag" label="molecular indicator/label/marker/tag"/>
            <span end="26394" id="17608565-23467" start="26387">markers</span>
        </annotation>
        <annotation annotator="Mike Bada, University of Colorado Anschutz Medical Campus" id="CHEBI_2015_08_26_Instance_381001" type="identity">
            <class id="CHEBI_SO_EXT:molecular_label_or_mark_or_tag_process" label="molecular label/mark/tag process"/>
            <span end="26424" id="17608565-23551" start="26419">marks</span>
        </annotation>
        <annotation annotator="Mike Bada, University of Colorado Anschutz Medical Campus" id="CHEBI_2015_08_26_Instance_331114" type="identity">
            <class id="CHEBI_SO_EXT:molecular_indicator_or_label_or_marker_or_tag" label="molecular indicator/label/marker/tag"/>
            <span end="26554" id="17608565-23469" start="26548">marker</span>
        </annotation>
        <annotation annotator="Mike Bada, University of Colorado Anschutz Medical Campus" id="CHEBI_2015_08_26_Instance_13065" type="identity">
            <class id="CHEBI:16865" label="gamma-aminobutyric acid"/>
            <span end="27062" id="17608565-23341" start="27058">GABA</span>
        </annotation>
        <annotation annotator="Mike Bada, University of Colorado Anschutz Medical Campus" id="CHEBI_2015_08_26_Instance_331116" type="identity">
            <class id="CHEBI_SO_EXT:molecular_indicator_or_label_or_marker_or_tag" label="molecular indicator/label/marker/tag"/>
            <span end="27819" id="17608565-23471" start="27812">markers</span>
        </annotation>
        <annotation annotator="Mike Bada, University of Colorado Anschutz Medical Campus" id="CHEBI_2015_08_26_Instance_41751" type="identity">
            <class id="CHEBI:51231" label="DAPI"/>
            <span end="27978" id="17608565-23599" start="27974">DAPI</span>
        </annotation>
        <annotation annotator="Mike Bada, University of Colorado Anschutz Medical Campus" id="CHEBI_2015_08_26_Instance_331118" type="identity">
            <class id="CHEBI_SO_EXT:molecular_indicator_or_label_or_marker_or_tag" label="molecular indicator/label/marker/tag"/>
            <span end="28001" id="17608565-23473" start="27995">marker</span>
        </annotation>
        <annotation annotator="Mike Bada, University of Colorado Anschutz Medical Campus" id="CHEBI_2015_08_26_Instance_381003" type="identity">
            <class id="CHEBI_SO_EXT:molecular_label_or_mark_or_tag_process" label="molecular label/mark/tag process"/>
            <span end="28045" id="17608565-23553" start="28040">marks</span>
        </annotation>
        <annotation annotator="Mike Bada, University of Colorado Anschutz Medical Campus" id="CHEBI_2015_08_26_Instance_41755" type="identity">
            <class id="CHEBI:51231" label="DAPI"/>
            <span end="28633" id="17608565-23601" start="28629">DAPI</span>
        </annotation>
        <annotation annotator="Mike Bada, University of Colorado Anschutz Medical Campus" id="CHEBI_2015_08_26_Instance_380850" type="identity">
            <class id="CHEBI_SO_EXT:molecular_label_or_mark_or_tag_process" label="molecular label/mark/tag process"/>
            <span end="28702" id="17608565-23525" start="28694">labelled</span>
        </annotation>
        <annotation annotator="Mike Bada, University of Colorado Anschutz Medical Campus" id="CHEBI_2015_08_26_Instance_41757" type="identity">
            <class id="CHEBI:51231" label="DAPI"/>
            <span end="28834" id="17608565-23603" start="28830">DAPI</span>
        </annotation>
        <annotation annotator="Mike Bada, University of Colorado Anschutz Medical Campus" id="CHEBI_2015_08_26_Instance_331120" type="identity">
            <class id="CHEBI_SO_EXT:molecular_indicator_or_label_or_marker_or_tag" label="molecular indicator/label/marker/tag"/>
            <span end="28863" id="17608565-23475" start="28857">marker</span>
        </annotation>
        <annotation annotator="Mike Bada, University of Colorado Anschutz Medical Campus" id="CHEBI_2015_08_26_Instance_380852" type="identity">
            <class id="CHEBI_SO_EXT:molecular_label_or_mark_or_tag_process" label="molecular label/mark/tag process"/>
            <span end="28922" id="17608565-23527" start="28914">labelled</span>
        </annotation>
        <annotation annotator="Mike Bada, University of Colorado Anschutz Medical Campus" id="CHEBI_2015_08_26_Instance_310712" type="identity">
            <class id="CHEBI_PR_EXT:protein" label="protein"/>
            <span end="29370" id="17608565-23407" start="29362">proteins</span>
        </annotation>
        <annotation annotator="Mike Bada, University of Colorado Anschutz Medical Campus" id="CHEBI_2015_08_26_Instance_13067" type="identity">
            <class id="CHEBI:16865" label="gamma-aminobutyric acid"/>
            <span end="30252" id="17608565-23343" start="30248">GABA</span>
        </annotation>
        <annotation annotator="Mike Bada, University of Colorado Anschutz Medical Campus" id="CHEBI_2015_08_26_Instance_331122" type="identity">
            <class id="CHEBI_SO_EXT:molecular_indicator_or_label_or_marker_or_tag" label="molecular indicator/label/marker/tag"/>
            <span end="31402" id="17608565-23477" start="31396">marker</span>
        </annotation>
        <annotation annotator="Mike Bada, University of Colorado Anschutz Medical Campus" id="CHEBI_2015_08_26_Instance_331124" type="identity">
            <class id="CHEBI_SO_EXT:molecular_indicator_or_label_or_marker_or_tag" label="molecular indicator/label/marker/tag"/>
            <span end="31644" id="17608565-23479" start="31638">marker</span>
        </annotation>
        <annotation annotator="Mike Bada, University of Colorado Anschutz Medical Campus" id="CHEBI_2015_08_26_Instance_381005" type="identity">
            <class id="CHEBI_SO_EXT:molecular_label_or_mark_or_tag_process" label="molecular label/mark/tag process"/>
            <span end="32647" id="17608565-23555" start="32642">marks</span>
        </annotation>
        <annotation annotator="Mike Bada, University of Colorado Anschutz Medical Campus" id="CHEBI_2015_08_26_Instance_331126" type="identity">
            <class id="CHEBI_SO_EXT:molecular_indicator_or_label_or_marker_or_tag" label="molecular indicator/label/marker/tag"/>
            <span end="33900" id="17608565-23481" start="33893">markers</span>
        </annotation>
        <annotation annotator="Mike Bada, University of Colorado Anschutz Medical Campus" id="CHEBI_2015_08_26_Instance_380854" type="identity">
            <class id="CHEBI_SO_EXT:molecular_label_or_mark_or_tag_process" label="molecular label/mark/tag process"/>
            <span end="34115" id="17608565-23529" start="34106">labelling</span>
        </annotation>
        <annotation annotator="Mike Bada, University of Colorado Anschutz Medical Campus" id="CHEBI_2015_08_26_Instance_310714" type="identity">
            <class id="CHEBI_PR_EXT:protein" label="protein"/>
            <span end="34247" id="17608565-23409" start="34240">protein</span>
        </annotation>
        <annotation annotator="Mike Bada, University of Colorado Anschutz Medical Campus" id="CHEBI_2015_08_26_Instance_41767" type="identity">
            <class id="CHEBI:51231" label="DAPI"/>
            <span end="34904" id="17608565-23605" start="34900">DAPI</span>
        </annotation>
        <annotation annotator="Mike Bada, University of Colorado Anschutz Medical Campus" id="CHEBI_2015_08_26_Instance_310716" type="identity">
            <class id="CHEBI_PR_EXT:protein" label="protein"/>
            <span end="35037" id="17608565-23411" start="35030">protein</span>
        </annotation>
        <annotation annotator="Mike Bada, University of Colorado Anschutz Medical Campus" id="CHEBI_2015_08_26_Instance_41769" type="identity">
            <class id="CHEBI:51231" label="DAPI"/>
            <span end="35222" id="17608565-23607" start="35218">DAPI</span>
        </annotation>
        <annotation annotator="Mike Bada, University of Colorado Anschutz Medical Campus" id="CHEBI_2015_08_26_Instance_310718" type="identity">
            <class id="CHEBI_PR_EXT:protein" label="protein"/>
            <span end="35261" id="17608565-23413" start="35254">protein</span>
        </annotation>
        <annotation annotator="Mike Bada, University of Colorado Anschutz Medical Campus" id="CHEBI_2015_08_26_Instance_41771" type="identity">
            <class id="CHEBI:51231" label="DAPI"/>
            <span end="35367" id="17608565-23609" start="35363">DAPI</span>
        </annotation>
        <annotation annotator="Mike Bada, University of Colorado Anschutz Medical Campus" id="CHEBI_2015_08_26_Instance_380856" type="identity">
            <class id="CHEBI_SO_EXT:molecular_label_or_mark_or_tag_process" label="molecular label/mark/tag process"/>
            <span end="35462" id="17608565-23531" start="35454">labelled</span>
        </annotation>
        <annotation annotator="Mike Bada, University of Colorado Anschutz Medical Campus" id="CHEBI_2015_08_26_Instance_380858" type="identity">
            <class id="CHEBI_SO_EXT:molecular_label_or_mark_or_tag_process" label="molecular label/mark/tag process"/>
            <span end="35521" id="17608565-23533" start="35513">labelled</span>
        </annotation>
        <annotation annotator="Mike Bada, University of Colorado Anschutz Medical Campus" id="CHEBI_2015_08_26_Instance_331128" type="identity">
            <class id="CHEBI_SO_EXT:molecular_indicator_or_label_or_marker_or_tag" label="molecular indicator/label/marker/tag"/>
            <span end="35748" id="17608565-23483" start="35741">markers</span>
        </annotation>
        <annotation annotator="Mike Bada, University of Colorado Anschutz Medical Campus" id="CHEBI_2015_08_26_Instance_381007" type="identity">
            <class id="CHEBI_SO_EXT:molecular_label_or_mark_or_tag_process" label="molecular label/mark/tag process"/>
            <span end="35802" id="17608565-23557" start="35797">marks</span>
        </annotation>
        <annotation annotator="Mike Bada, University of Colorado Anschutz Medical Campus" id="CHEBI_2015_08_26_Instance_331130" type="identity">
            <class id="CHEBI_SO_EXT:molecular_indicator_or_label_or_marker_or_tag" label="molecular indicator/label/marker/tag"/>
            <span end="35848" id="17608565-23485" start="35842">marker</span>
        </annotation>
        <annotation annotator="Mike Bada, University of Colorado Anschutz Medical Campus" id="CHEBI_2015_08_26_Instance_13171" type="identity">
            <class id="CHEBI:15355" label="acetylcholine"/>
            <span end="35953" id="17608565-23385" start="35942">cholinergic</span>
        </annotation>
        <annotation annotator="Mike Bada, University of Colorado Anschutz Medical Campus" id="CHEBI_2015_08_26_Instance_13173" type="identity">
            <class id="CHEBI:15355" label="acetylcholine"/>
            <span end="36092" id="17608565-23387" start="36081">cholinergic</span>
        </annotation>
        <annotation annotator="" id="CHEBI_2015_08_26_backup_Instance_568" type="identity">
            <class id="CHEBI_SO_EXT:C_terminus_or_C_terminal_region" label="C-terminus or C-terminal region"/>
            <span end="36582" id="17608565-23329" start="36572">C-terminal</span>
        </annotation>
        <annotation annotator="Mike Bada, University of Colorado Anschutz Medical Campus" id="CHEBI_2015_08_26_Instance_41779" type="identity">
            <class id="CHEBI_SO_EXT:polypeptide" label="polypeptide"/>
            <span end="37062" id="17608565-23611" start="37051">polypeptide</span>
        </annotation>
        <annotation annotator="Mike Bada, University of Colorado Anschutz Medical Campus" id="CHEBI_2015_08_26_Instance_310720" type="identity">
            <class id="CHEBI_PR_EXT:protein" label="protein"/>
            <span end="38233" id="17608565-23415" start="38225">proteins</span>
        </annotation>
        <annotation annotator="Mike Bada, University of Colorado Anschutz Medical Campus" id="CHEBI_2015_08_26_Instance_331132" type="identity">
            <class id="CHEBI_SO_EXT:molecular_indicator_or_label_or_marker_or_tag" label="molecular indicator/label/marker/tag"/>
            <span end="38330" id="17608565-23487" start="38324">marker</span>
        </annotation>
        <annotation annotator="Mike Bada, University of Colorado Anschutz Medical Campus" id="CHEBI_2015_08_26_Instance_310722" type="identity">
            <class id="CHEBI_PR_EXT:protein" label="protein"/>
            <span end="38724" id="17608565-23417" start="38716">Proteins</span>
        </annotation>
        <annotation annotator="Mike Bada, University of Colorado Anschutz Medical Campus" id="CHEBI_2015_08_26_Instance_310724" type="identity">
            <class id="CHEBI_PR_EXT:protein" label="protein"/>
            <span end="38939" id="17608565-23419" start="38931">proteins</span>
        </annotation>
        <annotation annotator="Mike Bada, University of Colorado Anschutz Medical Campus" id="CHEBI_2015_08_26_Instance_310726" type="identity">
            <class id="CHEBI_PR_EXT:protein" label="protein"/>
            <span end="39029" id="17608565-23421" start="39022">protein</span>
        </annotation>
        <annotation annotator="Mike Bada, University of Colorado Anschutz Medical Campus" id="CHEBI_2015_08_26_Instance_41783" type="identity">
            <class id="CHEBI_SO_EXT:mRNA" label="mRNA"/>
            <span end="39498" id="17608565-23613" start="39494">mRNA</span>
        </annotation>
        <annotation annotator="Mike Bada, University of Colorado Anschutz Medical Campus" id="CHEBI_2015_08_26_Instance_41785" type="identity">
            <class id="CHEBI_SO_EXT:mRNA" label="mRNA"/>
            <span end="39693" id="17608565-23615" start="39689">mRNA</span>
        </annotation>
        <annotation annotator="Mike Bada, University of Colorado Anschutz Medical Campus" id="CHEBI_2015_08_26_Instance_41787" type="identity">
            <class id="CHEBI_SO_EXT:mRNA" label="mRNA"/>
            <span end="39740" id="17608565-23617" start="39736">mRNA</span>
        </annotation>
        <annotation annotator="Mike Bada, University of Colorado Anschutz Medical Campus" id="CHEBI_2015_08_26_Instance_41789" type="identity">
            <class id="CHEBI_SO_EXT:mRNA" label="mRNA"/>
            <span end="39771" id="17608565-23619" start="39767">mRNA</span>
        </annotation>
        <annotation annotator="Mike Bada, University of Colorado Anschutz Medical Campus" id="CHEBI_2015_08_26_Instance_41791" type="identity">
            <class id="CHEBI_SO_EXT:mRNA" label="mRNA"/>
            <span end="39827" id="17608565-23621" start="39822">mRNAs</span>
        </annotation>
        <annotation annotator="Mike Bada, University of Colorado Anschutz Medical Campus" id="CHEBI_2015_08_26_Instance_41793" type="identity">
            <class id="CHEBI_SO_EXT:mRNA" label="mRNA"/>
            <span end="39867" id="17608565-23623" start="39863">mRNA</span>
        </annotation>
        <annotation annotator="Mike Bada, University of Colorado Anschutz Medical Campus" id="CHEBI_2015_08_26_Instance_41797" type="identity">
            <class id="CHEBI:51231" label="DAPI"/>
            <span end="40308" id="17608565-23625" start="40304">DAPI</span>
        </annotation>
        <annotation annotator="Mike Bada, University of Colorado Anschutz Medical Campus" id="CHEBI_2015_08_26_Instance_331134" type="identity">
            <class id="CHEBI_SO_EXT:molecular_indicator_or_label_or_marker_or_tag" label="molecular indicator/label/marker/tag"/>
            <span end="40357" id="17608565-23489" start="40351">marker</span>
        </annotation>
        <annotation annotator="Mike Bada, University of Colorado Anschutz Medical Campus" id="CHEBI_2015_08_26_Instance_331138" type="identity">
            <class id="CHEBI_SO_EXT:molecular_indicator_or_label_or_marker_or_tag" label="molecular indicator/label/marker/tag"/>
            <span end="40476" id="17608565-23493" start="40475">M</span>
        </annotation>
        <annotation annotator="Mike Bada, University of Colorado Anschutz Medical Campus" id="CHEBI_2015_08_26_Instance_41799" type="identity">
            <class id="CHEBI_EXT:polyatomic_entity_or_group" label="polyatomic entity or group"/>
            <span end="40487" id="17608565-23627" start="40478">molecular</span>
        </annotation>
        <annotation annotator="Mike Bada, University of Colorado Anschutz Medical Campus" id="CHEBI_2015_08_26_Instance_331136" type="identity">
            <class id="CHEBI_SO_EXT:molecular_indicator_or_label_or_marker_or_tag" label="molecular indicator/label/marker/tag"/>
            <span end="40499" id="17608565-23491" start="40493">marker</span>
        </annotation>
        <annotation annotator="Mike Bada, University of Colorado Anschutz Medical Campus" id="CHEBI_2015_08_26_backup_Instance_20124" type="identity">
            <class id="CHEBI_GO_EXT:cyclin_dependent_kinase_inhibitor" label="cyclin-dependent kinase inhibitor"/>
            <span end="41238" id="17608565-23327" start="41224">Cdk inhibitors</span>
        </annotation>
        <annotation annotator="Mike Bada, University of Colorado Anschutz Medical Campus" id="CHEBI_2015_08_26_Instance_41805" type="identity">
            <class id="CHEBI_SO_EXT:RNA" label="RNA"/>
            <span end="41820" id="17608565-23629" start="41817">RNA</span>
        </annotation>
        <annotation annotator="Mike Bada, University of Colorado Anschutz Medical Campus" id="CHEBI_2015_08_26_Instance_41807" type="identity">
            <class id="CHEBI_SO_EXT:RNA" label="RNA"/>
            <span end="41895" id="17608565-23631" start="41892">RNA</span>
        </annotation>
        <annotation annotator="Mike Bada, University of Colorado Anschutz Medical Campus" id="CHEBI_2015_08_26_Instance_310728" type="identity">
            <class id="CHEBI_PR_EXT:protein" label="protein"/>
            <span end="41945" id="17608565-23423" start="41938">protein</span>
        </annotation>
        <annotation annotator="Mike Bada, University of Colorado Anschutz Medical Campus" id="CHEBI_2015_08_26_Instance_330720" type="identity">
            <class id="CHEBI:33695" label="information biomacromolecule"/>
            <span end="42044" id="17608565-23451" start="42037">message</span>
        </annotation>
        <annotation annotator="Mike Bada, University of Colorado Anschutz Medical Campus" id="CHEBI_2015_08_26_Instance_41811" type="identity">
            <class id="CHEBI_EXT:polyatomic_entity_or_group" label="polyatomic entity or group"/>
            <span end="44039" id="17608565-23633" start="44030">molecular</span>
        </annotation>
        <annotation annotator="Mike Bada, University of Colorado Anschutz Medical Campus" id="CHEBI_2015_08_26_Instance_331140" type="identity">
            <class id="CHEBI_SO_EXT:molecular_indicator_or_label_or_marker_or_tag" label="molecular indicator/label/marker/tag"/>
            <span end="45831" id="17608565-23495" start="45825">marker</span>
        </annotation>
        <annotation annotator="Mike Bada, University of Colorado Anschutz Medical Campus" id="CHEBI_2015_08_26_Instance_13175" type="identity">
            <class id="CHEBI:15355" label="acetylcholine"/>
            <span end="45962" id="17608565-23389" start="45951">cholinergic</span>
        </annotation>
        <annotation annotator="Mike Bada, University of Colorado Anschutz Medical Campus" id="CHEBI_2015_08_26_Instance_310730" type="identity">
            <class id="CHEBI_PR_EXT:protein" label="protein"/>
            <span end="46079" id="17608565-23425" start="46071">proteins</span>
        </annotation>
        <annotation annotator="Mike Bada, University of Colorado Anschutz Medical Campus" id="CHEBI_2015_08_26_Instance_380860" type="identity">
            <class id="CHEBI_SO_EXT:molecular_label_or_mark_or_tag_process" label="molecular label/mark/tag process"/>
            <span end="47796" id="17608565-23535" start="47787">labelling</span>
        </annotation>
        <annotation annotator="Mike Bada, University of Colorado Anschutz Medical Campus" id="CHEBI_2015_08_26_Instance_310732" type="identity">
            <class id="CHEBI_PR_EXT:protein" label="protein"/>
            <span end="48596" id="17608565-23427" start="48589">protein</span>
        </annotation>
        <annotation annotator="" id="CHEBI_2015_08_26_backup_Instance_570" type="identity">
            <class id="CHEBI_SO_EXT:C_terminus_or_C_terminal_region" label="C-terminus or C-terminal region"/>
            <span end="49159" id="17608565-23331" start="49149">C-terminal</span>
        </annotation>
        <annotation annotator="Mike Bada, University of Colorado Anschutz Medical Campus" id="CHEBI_2015_08_26_Instance_41819" type="identity">
            <class id="CHEBI_SO_EXT:amino_acid" label="amino acid"/>
            <span end="49171" id="17608565-23637" start="49160">amino acids</span>
        </annotation>
        <annotation annotator="Mike Bada, University of Colorado Anschutz Medical Campus" id="CHEBI_2015_08_26_Instance_41817" type="identity">
            <class id="CHEBI_SO_EXT:DNA" label="DNA"/>
            <span end="49196" id="17608565-23635" start="49193">DNA</span>
        </annotation>
        <annotation annotator="Mike Bada, University of Colorado Anschutz Medical Campus" id="CHEBI_2015_08_26_Instance_330588" type="identity">
            <class id="CHEBI_EXT:residue" label="residue"/>
            <span end="49444" id="17608565-23449" start="49437">residue</span>
        </annotation>
        <annotation annotator="" id="CHEBI_2015_08_26_backup_Instance_586" type="identity">
            <class id="CHEBI_SO_EXT:N_terminus_or_N_terminal_region" label="N-terminus or N-terminal region"/>
            <span end="49454" id="17608565-23333" start="49445">N-termini</span>
        </annotation>
        <annotation annotator="Mike Bada, University of Colorado Anschutz Medical Campus" id="CHEBI_2015_08_26_Instance_310734" type="identity">
            <class id="CHEBI_PR_EXT:protein" label="protein"/>
            <span end="49852" id="17608565-23429" start="49844">proteins</span>
        </annotation>
        <annotation annotator="Mike Bada, University of Colorado Anschutz Medical Campus" id="CHEBI_2015_08_26_Instance_310736" type="identity">
            <class id="CHEBI_PR_EXT:protein" label="protein"/>
            <span end="49955" id="17608565-23431" start="49947">proteins</span>
        </annotation>
        <annotation annotator="Mike Bada, University of Colorado Anschutz Medical Campus" id="CHEBI_2015_08_26_Instance_331142" type="identity">
            <class id="CHEBI_SO_EXT:molecular_indicator_or_label_or_marker_or_tag" label="molecular indicator/label/marker/tag"/>
            <span end="51186" id="17608565-23497" start="51179">markers</span>
        </annotation>
        <annotation annotator="Mike Bada, University of Colorado Anschutz Medical Campus" id="CHEBI_2015_08_26_Instance_41823" type="identity">
            <class id="CHEBI:472552" label="5-bromo-2'-deoxyuridine"/>
            <span end="51339" id="17608565-23639" start="51335">BrdU</span>
        </annotation>
        <annotation annotator="Mike Bada, University of Colorado Anschutz Medical Campus" id="CHEBI_2015_08_26_Instance_13117" type="identity">
            <class id="CHEBI:28790" label="serotonin"/>
            <span end="51452" id="17608565-23357" start="51443">serotonin</span>
        </annotation>
        <annotation annotator="Mike Bada, University of Colorado Anschutz Medical Campus" id="CHEBI_2015_08_26_Instance_41825" type="identity">
            <class id="CHEBI:472552" label="5-bromo-2'-deoxyuridine"/>
            <span end="51486" id="17608565-23641" start="51482">BrdU</span>
        </annotation>
        <annotation annotator="Mike Bada, University of Colorado Anschutz Medical Campus" id="CHEBI_2015_08_26_Instance_310738" type="identity">
            <class id="CHEBI_PR_EXT:protein" label="protein"/>
            <span end="52664" id="17608565-23433" start="52656">proteins</span>
        </annotation>
        <annotation annotator="Mike Bada, University of Colorado Anschutz Medical Campus" id="CHEBI_2015_08_26_Instance_41827" type="identity">
            <class id="CHEBI:75958" label="solution"/>
            <span end="53226" id="17608565-23643" start="53218">solution</span>
        </annotation>
        <annotation annotator="Mike Bada, University of Colorado Anschutz Medical Campus" id="CHEBI_2015_08_26_Instance_41829" type="identity">
            <class id="CHEBI_EXT:paraformaldehye" label="paraformaldehyde"/>
            <span end="54761" id="17608565-23645" start="54745">paraformaldehyde</span>
        </annotation>
        <annotation annotator="Mike Bada, University of Colorado Anschutz Medical Campus" id="CHEBI_2015_08_26_Instance_41831" type="identity">
            <class id="CHEBI:472552" label="5-bromo-2'-deoxyuridine"/>
            <span end="54972" id="17608565-23647" start="54968">BrdU</span>
        </annotation>
        <annotation annotator="Mike Bada, University of Colorado Anschutz Medical Campus" id="CHEBI_2015_08_26_Instance_41833" type="identity">
            <class id="CHEBI:472552" label="5-bromo-2'-deoxyuridine"/>
            <span end="55058" id="17608565-23649" start="55054">BrdU</span>
        </annotation>
        <annotation annotator="Mike Bada, University of Colorado Anschutz Medical Campus" id="CHEBI_2015_08_26_Instance_41835" type="identity">
            <class id="CHEBI:15956" label="biotin"/>
            <span end="55094" id="17608565-23651" start="55088">biotin</span>
        </annotation>
        <annotation annotator="Mike Bada, University of Colorado Anschutz Medical Campus" id="CHEBI_2015_08_26_Instance_41839" type="identity">
            <class id="CHEBI_EXT:59132" label="antigen"/>
            <span end="55295" id="17608565-23655" start="55288">antigen</span>
        </annotation>
        <annotation annotator="Mike Bada, University of Colorado Anschutz Medical Campus" id="CHEBI_2015_08_26_Instance_13119" type="identity">
            <class id="CHEBI:30769" label="citric acid"/>
            <span end="55354" id="17608565-23359" start="55343">citric acid</span>
        </annotation>
        <annotation annotator="Mike Bada, University of Colorado Anschutz Medical Campus" id="CHEBI_2015_08_26_Instance_41837" type="identity">
            <class id="CHEBI:75958" label="solution"/>
            <span end="55363" id="17608565-23653" start="55355">solution</span>
        </annotation>
        <annotation annotator="Mike Bada, University of Colorado Anschutz Medical Campus" id="CHEBI_2015_08_26_Instance_41843" type="identity">
            <class id="CHEBI:60004" label="mixture"/>
            <span end="55535" id="17608565-23659" start="55528">mixture</span>
        </annotation>
        <annotation annotator="Mike Bada, University of Colorado Anschutz Medical Campus" id="CHEBI_2015_08_26_Instance_41841" type="identity">
            <class id="CHEBI:75958" label="solution"/>
            <span end="55544" id="17608565-23657" start="55536">solution</span>
        </annotation>
        <annotation annotator="Mike Bada, University of Colorado Anschutz Medical Campus" id="CHEBI_2015_08_26_Instance_41845" type="identity">
            <class id="CHEBI_SO_EXT:deoxyribonucleotide" label="deoxyribonucleotide"/>
            <span end="55593" id="17608565-23661" start="55578">deoxynucleotide</span>
        </annotation>
        <annotation annotator="Mike Bada, University of Colorado Anschutz Medical Campus" id="CHEBI_2015_08_26_Instance_331544" type="identity">
            <class id="CHEBI:15956" label="biotin"/>
            <span end="55621" id="17608565-23507" start="55615">biotin</span>
        </annotation>
        <annotation annotator="Mike Bada, University of Colorado Anschutz Medical Campus" id="CHEBI_2015_08_26_Instance_331542" type="identity">
            <class id="CHEBI_EXT:dUTP" label="dUTP"/>
            <span end="55629" id="17608565-23505" start="55625">dUTP</span>
        </annotation>
        <annotation annotator="Mike Bada, University of Colorado Anschutz Medical Campus" id="CHEBI_2015_08_26_Instance_13247" type="identity">
            <class id="CHEBI:35696" label="cobalt dichloride"/>
            <span end="55646" id="17608565-23391" start="55641">CoCl2</span>
        </annotation>
        <annotation annotator="Mike Bada, University of Colorado Anschutz Medical Campus" id="CHEBI_2015_08_26_Instance_41847" type="identity">
            <class id="CHEBI_SO_EXT:deoxyribonucleotide" label="deoxyribonucleotide"/>
            <span end="55684" id="17608565-23663" start="55669">deoxynucleotide</span>
        </annotation>
        <annotation annotator="Mike Bada, University of Colorado Anschutz Medical Campus" id="CHEBI_2015_08_26_Instance_330504" type="identity">
            <class id="CHEBI_CHMO_EXT:buffer_solution" label="buffer solution"/>
            <span end="55703" id="17608565-23445" start="55697">buffer</span>
        </annotation>
        <annotation annotator="Mike Bada, University of Colorado Anschutz Medical Campus" id="CHEBI_2015_08_26_Instance_13123" type="identity">
            <class id="CHEBI:15377" label="water"/>
            <span end="55733" id="17608565-23361" start="55728">water</span>
        </annotation>
        <annotation annotator="Mike Bada, University of Colorado Anschutz Medical Campus" id="CHEBI_2015_08_26_Instance_41849" type="identity">
            <class id="CHEBI_EXT:saline_sodium_citrate" label="saline sodium citrate"/>
            <span end="55763" id="17608565-23665" start="55760">SSC</span>
        </annotation>
        <annotation annotator="Mike Bada, University of Colorado Anschutz Medical Campus" id="CHEBI_2015_08_26_Instance_330506" type="identity">
            <class id="CHEBI_CHMO_EXT:buffer_solution" label="buffer solution"/>
            <span end="55770" id="17608565-23447" start="55764">buffer</span>
        </annotation>
        <annotation annotator="Mike Bada, University of Colorado Anschutz Medical Campus" id="CHEBI_2015_08_26_Instance_41871" type="identity">
            <class id="CHEBI:52661" label="Alexa Fluor 488"/>
            <span end="55810" id="17608565-23687" start="55801">Alexa 488</span>
        </annotation>
        <annotation annotator="Mike Bada, University of Colorado Anschutz Medical Campus" id="CHEBI_2015_08_26_Instance_41873" type="identity">
            <class id="CHEBI:51766" label="Alexa Fluor 568"/>
            <span end="55824" id="17608565-23689" start="55815">Alexa 568</span>
        </annotation>
        <annotation annotator="Mike Bada, University of Colorado Anschutz Medical Campus" id="CHEBI_2015_08_26_Instance_41865" type="identity">
            <class id="CHEBI_EXT:polyatomic_entity_or_group" label="polyatomic entity or group"/>
            <span end="55857" id="17608565-23681" start="55848">Molecular</span>
        </annotation>
        <annotation annotator="Mike Bada, University of Colorado Anschutz Medical Campus" id="CHEBI_2015_08_26_Instance_41867" type="identity">
            <class id="CHEBI_SO_EXT:molecular_probe" label="molecular probe"/>
            <span end="55864" id="17608565-23683" start="55858">Probes</span>
        </annotation>
        <annotation annotator="Mike Bada, University of Colorado Anschutz Medical Campus" id="CHEBI_2015_08_26_Instance_380862" type="identity">
            <class id="CHEBI_SO_EXT:molecular_label_or_mark_or_tag_process" label="molecular label/mark/tag process"/>
            <span end="55955" id="17608565-23537" start="55947">labelled</span>
        </annotation>
        <annotation annotator="Mike Bada, University of Colorado Anschutz Medical Campus" id="CHEBI_2015_08_26_Instance_41875" type="identity">
            <class id="CHEBI:52661" label="Alexa Fluor 488"/>
            <span end="56011" id="17608565-23691" start="56002">Alexa 488</span>
        </annotation>
        <annotation annotator="Mike Bada, University of Colorado Anschutz Medical Campus" id="CHEBI_2015_08_26_Instance_41877" type="identity">
            <class id="CHEBI:51766" label="Alexa Fluor 568"/>
            <span end="56024" id="17608565-23693" start="56015">Alexa 568</span>
        </annotation>
        <annotation annotator="Mike Bada, University of Colorado Anschutz Medical Campus" id="CHEBI_2015_08_26_Instance_41851" type="identity">
            <class id="CHEBI:52661" label="Alexa Fluor 488"/>
            <span end="56054" id="17608565-23667" start="56045">Alexa 488</span>
        </annotation>
        <annotation annotator="Mike Bada, University of Colorado Anschutz Medical Campus" id="CHEBI_2015_08_26_Instance_41853" type="identity">
            <class id="CHEBI:51766" label="Alexa Fluor 568"/>
            <span end="56067" id="17608565-23669" start="56058">Alexa 568</span>
        </annotation>
        <annotation annotator="Mike Bada, University of Colorado Anschutz Medical Campus" id="CHEBI_2015_08_26_Instance_41855" type="identity">
            <class id="CHEBI:52661" label="Alexa Fluor 488"/>
            <span end="56095" id="17608565-23671" start="56086">Alexa 488</span>
        </annotation>
        <annotation annotator="Mike Bada, University of Colorado Anschutz Medical Campus" id="CHEBI_2015_08_26_Instance_41857" type="identity">
            <class id="CHEBI:51766" label="Alexa Fluor 568"/>
            <span end="56108" id="17608565-23673" start="56099">Alexa 568</span>
        </annotation>
        <annotation annotator="Mike Bada, University of Colorado Anschutz Medical Campus" id="CHEBI_2015_08_26_Instance_41859" type="identity">
            <class id="CHEBI:52661" label="Alexa Fluor 488"/>
            <span end="56136" id="17608565-23675" start="56127">Alexa 488</span>
        </annotation>
        <annotation annotator="Mike Bada, University of Colorado Anschutz Medical Campus" id="CHEBI_2015_08_26_Instance_41861" type="identity">
            <class id="CHEBI:51766" label="Alexa Fluor 568"/>
            <span end="56149" id="17608565-23677" start="56140">Alexa 568</span>
        </annotation>
        <annotation annotator="Mike Bada, University of Colorado Anschutz Medical Campus" id="CHEBI_2015_08_26_Instance_41863" type="identity">
            <class id="CHEBI_EXT:polyatomic_entity_or_group" label="polyatomic entity or group"/>
            <span end="56169" id="17608565-23679" start="56160">Molecular</span>
        </annotation>
        <annotation annotator="Mike Bada, University of Colorado Anschutz Medical Campus" id="CHEBI_2015_08_26_Instance_41869" type="identity">
            <class id="CHEBI_SO_EXT:molecular_probe" label="molecular probe"/>
            <span end="56176" id="17608565-23685" start="56170">Probes</span>
        </annotation>
        <annotation annotator="Mike Bada, University of Colorado Anschutz Medical Campus" id="CHEBI_2015_08_26_Instance_41879" type="identity">
            <class id="CHEBI:51231" label="DAPI"/>
            <span end="56239" id="17608565-23695" start="56212">4,6-diamidino-2-phenyindole</span>
        </annotation>
        <annotation annotator="Mike Bada, University of Colorado Anschutz Medical Campus" id="CHEBI_2015_08_26_Instance_41881" type="identity">
            <class id="CHEBI:51231" label="DAPI"/>
            <span end="56245" id="17608565-23697" start="56241">DAPI</span>
        </annotation>
        <annotation annotator="Mike Bada, University of Colorado Anschutz Medical Campus" id="CHEBI_2015_08_26_Instance_380864" type="identity">
            <class id="CHEBI_SO_EXT:molecular_label_or_mark_or_tag_process" label="molecular label/mark/tag process"/>
            <span end="56292" id="17608565-23539" start="56284">Labelled</span>
        </annotation>
        <annotation annotator="Mike Bada, University of Colorado Anschutz Medical Campus" id="CHEBI_2015_08_26_Instance_380866" type="identity">
            <class id="CHEBI_SO_EXT:molecular_label_or_mark_or_tag_process" label="molecular label/mark/tag process"/>
            <span end="56473" id="17608565-23541" start="56465">labelled</span>
        </annotation>
        <annotation annotator="Mike Bada, University of Colorado Anschutz Medical Campus" id="CHEBI_2015_08_26_Instance_41883" type="identity">
            <class id="CHEBI_SO_EXT:RNA" label="RNA"/>
            <span end="57413" id="17608565-23699" start="57410">RNA</span>
        </annotation>
        <annotation annotator="Mike Bada, University of Colorado Anschutz Medical Campus" id="CHEBI_2015_08_26_Instance_41885" type="identity">
            <class id="CHEBI_SO_EXT:RNA" label="RNA"/>
            <span end="57468" id="17608565-23701" start="57465">RNA</span>
        </annotation>
        <annotation annotator="Mike Bada, University of Colorado Anschutz Medical Campus" id="CHEBI_2015_08_26_Instance_13127" type="identity">
            <class id="CHEBI_EXT:33893" label="reagent"/>
            <span end="57535" id="17608565-23363" start="57528">reagent</span>
        </annotation>
        <annotation annotator="Mike Bada, University of Colorado Anschutz Medical Campus" id="CHEBI_2015_08_26_Instance_41887" type="identity">
            <class id="CHEBI_SO_EXT:DNA" label="DNA"/>
            <span end="57624" id="17608565-23703" start="57621">DNA</span>
        </annotation>
        <annotation annotator="Mike Bada, University of Colorado Anschutz Medical Campus" id="CHEBI_2015_08_26_Instance_41889" type="identity">
            <class id="CHEBI_SO_EXT:DNA" label="DNA"/>
            <span end="57675" id="17608565-23705" start="57672">DNA</span>
        </annotation>
        <annotation annotator="Mike Bada, University of Colorado Anschutz Medical Campus" id="CHEBI_2015_08_26_Instance_41891" type="identity">
            <class id="CHEBI_SO_EXT:RNA" label="RNA"/>
            <span end="57753" id="17608565-23707" start="57750">RNA</span>
        </annotation>
        <annotation annotator="Mike Bada, University of Colorado Anschutz Medical Campus" id="CHEBI_2015_08_26_Instance_370174" type="identity">
            <class id="CHEBI_GO_EXT:biological_process_or_quality_or_role" label="biological process, quality or role"/>
            <span end="58029" id="17608565-23513" start="58019">biological</span>
        </annotation>
        <annotation annotator="Mike Bada, University of Colorado Anschutz Medical Campus" id="CHEBI_2015_08_26_Instance_41893" type="identity">
            <class id="CHEBI:51461" label="SYBR Green I"/>
            <span end="58053" id="17608565-23709" start="58043">SYBR Green</span>
        </annotation>
        <annotation annotator="Mike Bada, University of Colorado Anschutz Medical Campus" id="CHEBI_2015_08_26_Instance_41897" type="identity">
            <class id="CHEBI:60004" label="mixture"/>
            <span end="58068" id="17608565-23713" start="58065">Mix</span>
        </annotation>
        <annotation annotator="Mike Bada, University of Colorado Anschutz Medical Campus" id="CHEBI_2015_08_26_Instance_41895" type="identity">
            <class id="CHEBI:51461" label="SYBR Green I"/>
            <span end="58226" id="17608565-23711" start="58216">SYBR Green</span>
        </annotation>
        <annotation annotator="Mike Bada, University of Colorado Anschutz Medical Campus" id="CHEBI_2015_08_26_Instance_41899" type="identity">
            <class id="CHEBI:60004" label="mixture"/>
            <span end="58241" id="17608565-23715" start="58238">Mix</span>
        </annotation>
        <annotation annotator="Mike Bada, University of Colorado Anschutz Medical Campus" id="CHEBI_2015_08_26_Instance_13129" type="identity">
            <class id="CHEBI:15377" label="water"/>
            <span end="58318" id="17608565-23365" start="58315">H2O</span>
        </annotation>
        <annotation annotator="Mike Bada, University of Colorado Anschutz Medical Campus" id="CHEBI_2015_08_26_Instance_41901" type="identity">
            <class id="CHEBI_EXT:77182" label="food colouring"/>
            <span end="58342" id="17608565-23717" start="58331">Food Colour</span>
        </annotation>
        <annotation annotator="Mike Bada, University of Colorado Anschutz Medical Campus" id="CHEBI_2015_08_26_Instance_13133" type="identity">
            <class id="CHEBI:15377" label="water"/>
            <span end="58435" id="17608565-23367" start="58432">H2O</span>
        </annotation>
        <annotation annotator="Mike Bada, University of Colorado Anschutz Medical Campus" id="CHEBI_2015_08_26_Instance_41903" type="identity">
            <class id="CHEBI_EXT:77182" label="food colouring"/>
            <span end="58461" id="17608565-23719" start="58450">Food Colour</span>
        </annotation>
        <annotation annotator="Mike Bada, University of Colorado Anschutz Medical Campus" id="CHEBI_2015_08_26_Instance_41905" type="identity">
            <class id="CHEBI_SO_EXT:DNA" label="DNA"/>
            <span end="58859" id="17608565-23721" start="58856">DNA</span>
        </annotation>
        <annotation annotator="Mike Bada, University of Colorado Anschutz Medical Campus" id="CHEBI_2015_08_26_Instance_41907" type="identity">
            <class id="CHEBI_SO_EXT:RNA" label="RNA"/>
            <span end="58929" id="17608565-23723" start="58925">RNAs</span>
        </annotation>
        <annotation annotator="Mike Bada, University of Colorado Anschutz Medical Campus" id="CHEBI_2015_08_26_Instance_41909" type="identity">
            <class id="CHEBI_SO_EXT:mRNA" label="mRNA"/>
            <span end="58959" id="17608565-23725" start="58955">mRNA</span>
        </annotation>
        <annotation annotator="Mike Bada, University of Colorado Anschutz Medical Campus" id="CHEBI_2015_08_26_Instance_41911" type="identity">
            <class id="CHEBI:75958" label="solution"/>
            <span end="59111" id="17608565-23727" start="59103">solution</span>
        </annotation>
        <annotation annotator="Mike Bada, University of Colorado Anschutz Medical Campus" id="CHEBI_2015_08_26_Instance_310740" type="identity">
            <class id="CHEBI_PR_EXT:protein" label="protein"/>
            <span end="59145" id="17608565-23435" start="59137">proteins</span>
        </annotation>
        <annotation annotator="Mike Bada, University of Colorado Anschutz Medical Campus" id="CHEBI_2015_08_26_Instance_310742" type="identity">
            <class id="CHEBI_PR_EXT:protein" label="protein"/>
            <span end="59291" id="17608565-23437" start="59283">Proteins</span>
        </annotation>
        <annotation annotator="Mike Bada, University of Colorado Anschutz Medical Campus" id="CHEBI_2015_08_26_Instance_13137" type="identity">
            <class id="CHEBI:8984" label="sodium dodecyl sulfate"/>
            <span end="59317" id="17608565-23369" start="59314">SDS</span>
        </annotation>
        <annotation annotator="Mike Bada, University of Colorado Anschutz Medical Campus" id="CHEBI_2015_08_26_Instance_41913" type="identity">
            <class id="CHEBI:53325" label="nitrocellulose"/>
            <span end="59356" id="17608565-23729" start="59342">nitrocellulose</span>
        </annotation>
        <annotation annotator="Mike Bada, University of Colorado Anschutz Medical Campus" id="CHEBI_2015_08_26_Instance_13139" type="identity">
            <class id="CHEBI:34683" label="disodium hydrogenphosphate"/>
            <span end="59535" id="17608565-23371" start="59528">Na2HPO4</span>
        </annotation>
        <annotation annotator="Mike Bada, University of Colorado Anschutz Medical Campus" id="CHEBI_2015_08_26_Instance_13141" type="identity">
            <class id="CHEBI:37585" label="sodium dihydrogenphosphate"/>
            <span end="59551" id="17608565-23373" start="59544">NaH2PO4</span>
        </annotation>
        <annotation annotator="Mike Bada, University of Colorado Anschutz Medical Campus" id="CHEBI_2015_08_26_Instance_13143" type="identity">
            <class id="CHEBI:26710" label="sodium chloride"/>
            <span end="59563" id="17608565-23375" start="59559">NaCl</span>
        </annotation>
        <annotation annotator="Mike Bada, University of Colorado Anschutz Medical Campus" id="CHEBI_2015_08_26_Instance_41915" type="identity">
            <class id="CHEBI:53424" label="polysorbate 20"/>
            <span end="59578" id="17608565-23731" start="59570">Tween-20</span>
        </annotation>
        <annotation annotator="Mike Bada, University of Colorado Anschutz Medical Campus" id="CHEBI_2015_08_26_Instance_380242" type="identity">
            <class id="CHEBI_EXT:anaesthetic_process" label="anaesthetic process"/>
            <span end="60445" id="17608565-23515" start="60432">anaesthetized</span>
        </annotation>
        <annotation annotator="Mike Bada, University of Colorado Anschutz Medical Campus" id="CHEBI_2015_08_26_Instance_41917" type="identity">
            <class id="CHEBI:6121" label="ketamine"/>
            <span end="60483" id="17608565-23733" start="60475">ketamine</span>
        </annotation>
        <annotation annotator="Mike Bada, University of Colorado Anschutz Medical Campus" id="CHEBI_2015_08_26_Instance_41919" type="identity">
            <class id="CHEBI:51231" label="DAPI"/>
            <span end="61602" id="17608565-23735" start="61598">DAPI</span>
        </annotation>
        <annotation annotator="Mike Bada, University of Colorado Anschutz Medical Campus" id="CHEBI_2015_08_26_Instance_41921" type="identity">
            <class id="CHEBI:472552" label="5-bromo-2'-deoxyuridine"/>
            <span end="61637" id="17608565-23737" start="61633">BrdU</span>
        </annotation>
        <annotation annotator="Mike Bada, University of Colorado Anschutz Medical Campus" id="CHEBI_2015_08_26_Instance_41923" type="identity">
            <class id="CHEBI:472552" label="5-bromo-2'-deoxyuridine"/>
            <span end="61697" id="17608565-23739" start="61693">BrdU</span>
        </annotation>
        <annotation annotator="Mike Bada, University of Colorado Anschutz Medical Campus" id="CHEBI_2015_08_26_Instance_41925" type="identity">
            <class id="CHEBI_SO_EXT:DNA" label="DNA"/>
            <span end="61772" id="17608565-23741" start="61769">DNA</span>
        </annotation>
        <annotation annotator="Mike Bada, University of Colorado Anschutz Medical Campus" id="CHEBI_2015_08_26_Instance_41927" type="identity">
            <class id="CHEBI:51231" label="DAPI"/>
            <span end="62179" id="17608565-23743" start="62175">DAPI</span>
        </annotation>
        <annotation annotator="Mike Bada, University of Colorado Anschutz Medical Campus" id="CHEBI_2015_08_26_Instance_41929" type="identity">
            <class id="CHEBI:472552" label="5-bromo-2'-deoxyuridine"/>
            <span end="62235" id="17608565-23745" start="62231">BrdU</span>
        </annotation>
        <annotation annotator="Mike Bada, University of Colorado Anschutz Medical Campus" id="CHEBI_2015_08_26_Instance_41931" type="identity">
            <class id="CHEBI:472552" label="5-bromo-2'-deoxyuridine"/>
            <span end="62309" id="17608565-23747" start="62305">BrdU</span>
        </annotation>
        <annotation annotator="Mike Bada, University of Colorado Anschutz Medical Campus" id="CHEBI_2015_08_26_Instance_41933" type="identity">
            <class id="CHEBI:51231" label="DAPI"/>
            <span end="62721" id="17608565-23749" start="62717">DAPI</span>
        </annotation>
        <annotation annotator="Mike Bada, University of Colorado Anschutz Medical Campus" id="CHEBI_2015_08_26_Instance_41935" type="identity">
            <class id="CHEBI:51231" label="DAPI"/>
            <span end="63318" id="17608565-23751" start="63314">DAPI</span>
        </annotation>
        <annotation annotator="Mike Bada, University of Colorado Anschutz Medical Campus" id="CHEBI_2015_08_26_Instance_331144" type="identity">
            <class id="CHEBI_SO_EXT:molecular_indicator_or_label_or_marker_or_tag" label="molecular indicator/label/marker/tag"/>
            <span end="63337" id="17608565-23499" start="63330">markers</span>
        </annotation>
        <annotation annotator="Mike Bada, University of Colorado Anschutz Medical Campus" id="CHEBI_2015_08_26_Instance_41939" type="identity">
            <class id="CHEBI:51231" label="DAPI"/>
            <span end="64326" id="17608565-23753" start="64322">DAPI</span>
        </annotation>
        <annotation annotator="Mike Bada, University of Colorado Anschutz Medical Campus" id="CHEBI_2015_08_26_Instance_13069" type="identity">
            <class id="CHEBI:16865" label="gamma-aminobutyric acid"/>
            <span end="64546" id="17608565-23345" start="64542">GABA</span>
        </annotation>
        <annotation annotator="Mike Bada, University of Colorado Anschutz Medical Campus" id="CHEBI_2015_08_26_Instance_41941" type="identity">
            <class id="CHEBI_EXT:25512" label="neurotransmitter"/>
            <span end="64563" id="17608565-23755" start="64547">Neurotransmitter</span>
        </annotation>
        <annotation annotator="Mike Bada, University of Colorado Anschutz Medical Campus" id="CHEBI_2015_08_26_Instance_41943" type="identity">
            <class id="CHEBI:51231" label="DAPI"/>
            <span end="64730" id="17608565-23757" start="64726">DAPI</span>
        </annotation>
        <annotation annotator="Mike Bada, University of Colorado Anschutz Medical Campus" id="CHEBI_2015_08_26_Instance_13071" type="identity">
            <class id="CHEBI:16865" label="gamma-aminobutyric acid"/>
            <span end="64757" id="17608565-23347" start="64753">GABA</span>
        </annotation>
        <annotation annotator="Mike Bada, University of Colorado Anschutz Medical Campus" id="CHEBI_2015_08_26_Instance_13073" type="identity">
            <class id="CHEBI:16865" label="gamma-aminobutyric acid"/>
            <span end="64842" id="17608565-23349" start="64838">GABA</span>
        </annotation>
        <annotation annotator="Mike Bada, University of Colorado Anschutz Medical Campus" id="CHEBI_2015_08_26_Instance_380868" type="identity">
            <class id="CHEBI_SO_EXT:molecular_label_or_mark_or_tag_process" label="molecular label/mark/tag process"/>
            <span end="64851" id="17608565-23543" start="64843">labelled</span>
        </annotation>
        <annotation annotator="Mike Bada, University of Colorado Anschutz Medical Campus" id="CHEBI_2015_08_26_Instance_13075" type="identity">
            <class id="CHEBI:16865" label="gamma-aminobutyric acid"/>
            <span end="65110" id="17608565-23351" start="65106">GABA</span>
        </annotation>
        <annotation annotator="Mike Bada, University of Colorado Anschutz Medical Campus" id="CHEBI_2015_08_26_Instance_310744" type="identity">
            <class id="CHEBI_PR_EXT:protein" label="protein"/>
            <span end="65639" id="17608565-23439" start="65632">protein</span>
        </annotation>
        <annotation annotator="Mike Bada, University of Colorado Anschutz Medical Campus" id="CHEBI_2015_08_26_Instance_310746" type="identity">
            <class id="CHEBI_PR_EXT:protein" label="protein"/>
            <span end="65747" id="17608565-23441" start="65740">protein</span>
        </annotation>
        <annotation annotator="Mike Bada, University of Colorado Anschutz Medical Campus" id="CHEBI_2015_08_26_Instance_331146" type="identity">
            <class id="CHEBI_SO_EXT:molecular_indicator_or_label_or_marker_or_tag" label="molecular indicator/label/marker/tag"/>
            <span end="65887" id="17608565-23501" start="65881">Marker</span>
        </annotation>
        <annotation annotator="Mike Bada, University of Colorado Anschutz Medical Campus" id="CHEBI_2015_08_26_Instance_331148" type="identity">
            <class id="CHEBI_SO_EXT:molecular_indicator_or_label_or_marker_or_tag" label="molecular indicator/label/marker/tag"/>
            <span end="66492" id="17608565-23503" start="66486">marker</span>
        </annotation>
        <annotation annotator="Mike Bada, University of Colorado Anschutz Medical Campus" id="CHEBI_2015_08_26_Instance_41949" type="identity">
            <class id="CHEBI:472552" label="5-bromo-2'-deoxyuridine"/>
            <span end="66767" id="17608565-23759" start="66763">BrdU</span>
        </annotation>
        <annotation annotator="Mike Bada, University of Colorado Anschutz Medical Campus" id="CHEBI_2015_08_26_Instance_41951" type="identity">
            <class id="CHEBI:472552" label="5-bromo-2'-deoxyuridine"/>
            <span end="66787" id="17608565-23761" start="66770">bromodeoxyuridine</span>
        </annotation>
        <annotation annotator="Mike Bada, University of Colorado Anschutz Medical Campus" id="CHEBI_2015_08_26_Instance_41953" type="identity">
            <class id="CHEBI:51231" label="DAPI"/>
            <span end="66837" id="17608565-23763" start="66833">DAPI</span>
        </annotation>
        <annotation annotator="Mike Bada, University of Colorado Anschutz Medical Campus" id="CHEBI_2015_08_26_Instance_41955" type="identity">
            <class id="CHEBI:51231" label="DAPI"/>
            <span end="66867" id="17608565-23765" start="66840">4,6-diamidino-2-phenyindole</span>
        </annotation>
        <annotation annotator="Mike Bada, University of Colorado Anschutz Medical Campus" id="CHEBI_2015_08_26_Instance_13077" type="identity">
            <class id="CHEBI:16865" label="gamma-aminobutyric acid"/>
            <span end="67028" id="17608565-23353" start="67024">GABA</span>
        </annotation>
        <annotation annotator="Mike Bada, University of Colorado Anschutz Medical Campus" id="CHEBI_2015_08_26_Instance_13079" type="identity">
            <class id="CHEBI:16865" label="gamma-aminobutyric acid"/>
            <span end="67054" id="17608565-23355" start="67031">gamma-aminobutyric acid</span>
        </annotation>
        <annotation annotator="Mike Bada, University of Colorado Anschutz Medical Campus" id="CHEBI_2015_08_26_Instance_41957" type="identity">
            <class id="CHEBI_EXT:phosphohistone" label="phosphohistone"/>
            <span end="67292" id="17608565-23767" start="67278">phosphohistone</span>
        </annotation>
        <annotation annotator="Mike Bada, University of Colorado Anschutz Medical Campus" id="CHEBI_2015_08_26_Instance_310748" type="identity">
            <class id="CHEBI_PR_EXT:protein" label="protein"/>
            <span end="67323" id="17608565-23443" start="67316">protein</span>
        </annotation>
        <annotation annotator="Mike Bada, University of Colorado Anschutz Medical Campus" id="CHEBI_2015_08_26_Instance_41959" type="identity">
            <class id="CHEBI_EXT:dUTP" label="dUTP"/>
            <span end="67500" id="17608565-23769" start="67496">dUTP</span>
        </annotation>
        <annotation annotator="Mike Bada, University of Colorado Anschutz Medical Campus" id="CHEBI_2015_08_26_Instance_380870" type="identity">
            <class id="CHEBI_SO_EXT:molecular_label_or_mark_or_tag_process" label="molecular label/mark/tag process"/>
            <span end="67519" id="17608565-23545" start="67510">labelling</span>
        </annotation>
        <graph-space id="Old Knowtator Relations"/>
    </document>
</knowtator-project>
