<?xml version="1.0" encoding="UTF-8" standalone="no"?>
<knowtator-project>
  <document id="17696610" text-file="17696610.txt">
    <annotation annotator="Mike Bada, University of Colorado Anschutz Medical Campus" id="CHEBI_2015_08_26_Instance_42215" type="identity">
      <class id="CHEBI_SO_EXT:molecular_indicator_or_label_or_marker_or_tag" label="molecular indicator/label/marker/tag"/>
      <span end="718" id="17696610-23893" start="711">markers</span>
    </annotation>
    <annotation annotator="Mike Bada, University of Colorado Anschutz Medical Campus" id="CHEBI_2015_08_26_Instance_42217" type="identity">
      <class id="CHEBI_SO_EXT:molecular_indicator_or_label_or_marker_or_tag" label="molecular indicator/label/marker/tag"/>
      <span end="836" id="17696610-23895" start="829">markers</span>
    </annotation>
    <annotation annotator="Mike Bada, University of Colorado Anschutz Medical Campus" id="CHEBI_2015_08_26_Instance_24697" type="identity">
      <class id="CHEBI:44658" label="okadaic acid"/>
      <span end="868" id="17696610-23808" start="856">okadaic acid</span>
    </annotation>
    <annotation annotator="Mike Bada, University of Colorado Anschutz Medical Campus" id="CHEBI_2015_08_26_Instance_42211" type="identity">
      <class id="CHEBI_SO_EXT:DNA" label="DNA"/>
      <span end="1500" id="17696610-23889" start="1497">DNA</span>
    </annotation>
    <annotation annotator="Mike Bada, University of Colorado Anschutz Medical Campus" id="CHEBI_2015_08_26_Instance_42213" type="identity">
      <class id="CHEBI_SO_EXT:DNA" label="DNA"/>
      <span end="2182" id="17696610-23891" start="2179">DNA</span>
    </annotation>
    <annotation annotator="Mike Bada, University of Colorado Anschutz Medical Campus" id="CHEBI_2015_08_26_Instance_42219" type="identity">
      <class id="CHEBI_SO_EXT:DNA" label="DNA"/>
      <span end="2614" id="17696610-23897" start="2611">DNA</span>
    </annotation>
    <annotation annotator="Mike Bada, University of Colorado Anschutz Medical Campus" id="CHEBI_2015_08_26_Instance_21367" type="identity">
      <class id="CHEBI:36357" label="polyatomic entity"/>
      <span end="2624" id="17696610-23804" start="2615">molecules</span>
    </annotation>
    <annotation annotator="Mike Bada, University of Colorado Anschutz Medical Campus" id="CHEBI_2015_08_26_Instance_42221" type="identity">
      <class id="CHEBI_SO_EXT:DNA" label="DNA"/>
      <span end="2882" id="17696610-23899" start="2879">DNA</span>
    </annotation>
    <annotation annotator="Mike Bada, University of Colorado Anschutz Medical Campus" id="CHEBI_2015_08_26_Instance_42223" type="identity">
      <class id="CHEBI_SO_EXT:DNA" label="DNA"/>
      <span end="3597" id="17696610-23901" start="3594">DNA</span>
    </annotation>
    <annotation annotator="Mike Bada, University of Colorado Anschutz Medical Campus" id="CHEBI_2015_08_26_Instance_310786" type="identity">
      <class id="CHEBI_PR_EXT:protein" label="protein"/>
      <span end="4512" id="17696610-23810" start="4504">proteins</span>
    </annotation>
    <annotation annotator="Mike Bada, University of Colorado Anschutz Medical Campus" id="CHEBI_2015_08_26_Instance_42225" type="identity">
      <class id="CHEBI_SO_EXT:DNA" label="DNA"/>
      <span end="4558" id="17696610-23903" start="4555">DNA</span>
    </annotation>
    <annotation annotator="Mike Bada, University of Colorado Anschutz Medical Campus" id="CHEBI_2015_08_26_Instance_310788" type="identity">
      <class id="CHEBI_PR_EXT:protein" label="protein"/>
      <span end="6469" id="17696610-23812" start="6462">protein</span>
    </annotation>
    <annotation annotator="Mike Bada, University of Colorado Anschutz Medical Campus" id="CHEBI_2015_08_26_Instance_42227" type="identity">
      <class id="CHEBI_EXT:60311" label="thyroid hormone"/>
      <span end="6678" id="17696610-23905" start="6663">thyroid hormone</span>
    </annotation>
    <annotation annotator="Mike Bada, University of Colorado Anschutz Medical Campus" id="CHEBI_2015_08_26_Instance_310790" type="identity">
      <class id="CHEBI_PR_EXT:protein" label="protein"/>
      <span end="6707" id="17696610-23814" start="6700">protein</span>
    </annotation>
    <annotation annotator="Mike Bada, University of Colorado Anschutz Medical Campus" id="CHEBI_2015_08_26_Instance_310792" type="identity">
      <class id="CHEBI_PR_EXT:protein" label="protein"/>
      <span end="6730" id="17696610-23816" start="6723">protein</span>
    </annotation>
    <annotation annotator="Mike Bada, University of Colorado Anschutz Medical Campus" id="CHEBI_2015_08_26_Instance_42229" type="identity">
      <class id="CHEBI_SO_EXT:amino_acid" label="amino acid"/>
      <span end="6756" id="17696610-23907" start="6746">amino acid</span>
    </annotation>
    <annotation annotator="Mike Bada, University of Colorado Anschutz Medical Campus" id="CHEBI_2015_08_26_Instance_310794" type="identity">
      <class id="CHEBI_PR_EXT:protein" label="protein"/>
      <span end="6923" id="17696610-23818" start="6916">protein</span>
    </annotation>
    <annotation annotator="Mike Bada, University of Colorado Anschutz Medical Campus" id="CHEBI_2015_08_26_Instance_42231" type="identity">
      <class id="CHEBI_SO_EXT:mRNA" label="mRNA"/>
      <span end="7137" id="17696610-23909" start="7133">mRNA</span>
    </annotation>
    <annotation annotator="Mike Bada, University of Colorado Anschutz Medical Campus" id="CHEBI_2015_08_26_Instance_310796" type="identity">
      <class id="CHEBI_PR_EXT:protein" label="protein"/>
      <span end="7585" id="17696610-23820" start="7578">protein</span>
    </annotation>
    <annotation annotator="Mike Bada, University of Colorado Anschutz Medical Campus" id="CHEBI_2015_08_26_Instance_42233" type="identity">
      <class id="CHEBI_SO_EXT:amino_acid" label="amino acid"/>
      <span end="7745" id="17696610-23911" start="7743">AA</span>
    </annotation>
    <annotation annotator="Mike Bada, University of Colorado Anschutz Medical Campus" id="CHEBI_2015_08_26_Instance_42235" type="identity">
      <class id="CHEBI_SO_EXT:RNA" label="RNA"/>
      <span end="8447" id="17696610-23913" start="8444">RNA</span>
    </annotation>
    <annotation annotator="Mike Bada, University of Colorado Anschutz Medical Campus" id="CHEBI_2015_08_26_Instance_310798" type="identity">
      <class id="CHEBI_PR_EXT:protein" label="protein"/>
      <span end="8582" id="17696610-23822" start="8575">protein</span>
    </annotation>
    <annotation annotator="Mike Bada, University of Colorado Anschutz Medical Campus" id="CHEBI_2015_08_26_Instance_310800" type="identity">
      <class id="CHEBI_PR_EXT:protein" label="protein"/>
      <span end="8715" id="17696610-23824" start="8708">protein</span>
    </annotation>
    <annotation annotator="Mike Bada, University of Colorado Anschutz Medical Campus" id="CHEBI_2015_08_26_Instance_42237" type="identity">
      <class id="CHEBI_SO_EXT:peptide_or_peptide_region" label="peptide or peptide region"/>
      <span end="11453" id="17696610-23915" start="11446">peptide</span>
    </annotation>
    <annotation annotator="Mike Bada, University of Colorado Anschutz Medical Campus" id="CHEBI_2015_08_26_Instance_42239" type="identity">
      <class id="CHEBI_SO_EXT:mRNA" label="mRNA"/>
      <span end="11831" id="17696610-23917" start="11827">mRNA</span>
    </annotation>
    <annotation annotator="Mike Bada, University of Colorado Anschutz Medical Campus" id="CHEBI_2015_08_26_Instance_310802" type="identity">
      <class id="CHEBI_PR_EXT:protein" label="protein"/>
      <span end="11868" id="17696610-23826" start="11861">protein</span>
    </annotation>
    <annotation annotator="Mike Bada, University of Colorado Anschutz Medical Campus" id="CHEBI_2015_08_26_Instance_42241" type="identity">
      <class id="CHEBI_SO_EXT:peptide_or_peptide_region" label="peptide or peptide region"/>
      <span end="12177" id="17696610-23919" start="12170">peptide</span>
    </annotation>
    <annotation annotator="Mike Bada, University of Colorado Anschutz Medical Campus" id="CHEBI_2015_08_26_Instance_380880" type="identity">
      <class id="CHEBI_SO_EXT:molecular_label_or_mark_or_tag_process" label="molecular label/mark/tag process"/>
      <span end="12242" id="17696610-23879" start="12235">labeled</span>
    </annotation>
    <annotation annotator="Mike Bada, University of Colorado Anschutz Medical Campus" id="CHEBI_2015_08_26_Instance_381009" type="identity">
      <class id="CHEBI_SO_EXT:molecular_label_or_mark_or_tag_process" label="molecular label/mark/tag process"/>
      <span end="12827" id="17696610-23885" start="12821">marked</span>
    </annotation>
    <annotation annotator="Mike Bada, University of Colorado Anschutz Medical Campus" id="CHEBI_2015_08_26_Instance_310804" type="identity">
      <class id="CHEBI_PR_EXT:protein" label="protein"/>
      <span end="12856" id="17696610-23828" start="12849">protein</span>
    </annotation>
    <annotation annotator="Mike Bada, University of Colorado Anschutz Medical Campus" id="CHEBI_2015_08_26_Instance_42243" type="identity">
      <class id="CHEBI:51686" label="haematoxylin"/>
      <span end="13819" id="17696610-23921" start="13808">hematoxylin</span>
    </annotation>
    <annotation annotator="Mike Bada, University of Colorado Anschutz Medical Campus" id="CHEBI_2015_08_26_Instance_42245" type="identity">
      <class id="CHEBI_EXT:eosin" label="eosin"/>
      <span end="13825" id="17696610-23923" start="13820">eosin</span>
    </annotation>
    <annotation annotator="Mike Bada, University of Colorado Anschutz Medical Campus" id="CHEBI_2015_08_26_Instance_380882" type="identity">
      <class id="CHEBI_SO_EXT:molecular_label_or_mark_or_tag_process" label="molecular label/mark/tag process"/>
      <span end="16830" id="17696610-23881" start="16822">labeling</span>
    </annotation>
    <annotation annotator="Mike Bada, University of Colorado Anschutz Medical Campus" id="CHEBI_2015_08_26_Instance_42247" type="identity">
      <class id="CHEBI_SO_EXT:DNA" label="DNA"/>
      <span end="17520" id="17696610-23925" start="17517">DNA</span>
    </annotation>
    <annotation annotator="Mike Bada, University of Colorado Anschutz Medical Campus" id="CHEBI_2015_08_26_Instance_340106" type="identity">
      <class id="CHEBI_EXT:51217" label="fluorochrome"/>
      <span end="17811" id="17696610-23871" start="17799">fluorophores</span>
    </annotation>
    <annotation annotator="Mike Bada, University of Colorado Anschutz Medical Campus" id="CHEBI_2015_08_26_Instance_380884" type="identity">
      <class id="CHEBI_SO_EXT:molecular_label_or_mark_or_tag_process" label="molecular label/mark/tag process"/>
      <span end="18098" id="17696610-23883" start="18090">labeling</span>
    </annotation>
    <annotation annotator="Mike Bada, University of Colorado Anschutz Medical Campus" id="CHEBI_2015_08_26_Instance_42249" type="identity">
      <class id="CHEBI_SO_EXT:molecular_indicator_or_label_or_marker_or_tag" label="molecular indicator/label/marker/tag"/>
      <span end="19636" id="17696610-23927" start="19629">markers</span>
    </annotation>
    <annotation annotator="Mike Bada, University of Colorado Anschutz Medical Campus" id="CHEBI_2015_08_26_Instance_310806" type="identity">
      <class id="CHEBI_PR_EXT:protein" label="protein"/>
      <span end="20574" id="17696610-23830" start="20567">protein</span>
    </annotation>
    <annotation annotator="Mike Bada, University of Colorado Anschutz Medical Campus" id="CHEBI_2015_08_26_Instance_42251" type="identity">
      <class id="CHEBI:36357" label="polyatomic entity"/>
      <span end="20891" id="17696610-23929" start="20882">molecules</span>
    </annotation>
    <annotation annotator="Mike Bada, University of Colorado Anschutz Medical Campus" id="CHEBI_2015_08_26_Instance_42253" type="identity">
      <class id="CHEBI_SO_EXT:DNA" label="DNA"/>
      <span end="21383" id="17696610-23931" start="21380">DNA</span>
    </annotation>
    <annotation annotator="Mike Bada, University of Colorado Anschutz Medical Campus" id="CHEBI_2015_08_26_Instance_310808" type="identity">
      <class id="CHEBI_PR_EXT:protein" label="protein"/>
      <span end="21409" id="17696610-23832" start="21402">protein</span>
    </annotation>
    <annotation annotator="Mike Bada, University of Colorado Anschutz Medical Campus" id="CHEBI_2015_08_26_Instance_310810" type="identity">
      <class id="CHEBI_PR_EXT:protein" label="protein"/>
      <span end="21433" id="17696610-23834" start="21426">protein</span>
    </annotation>
    <annotation annotator="Mike Bada, University of Colorado Anschutz Medical Campus" id="CHEBI_2015_08_26_Instance_310812" type="identity">
      <class id="CHEBI_PR_EXT:protein" label="protein"/>
      <span end="21469" id="17696610-23836" start="21462">protein</span>
    </annotation>
    <annotation annotator="Mike Bada, University of Colorado Anschutz Medical Campus" id="CHEBI_2015_08_26_Instance_42255" type="identity">
      <class id="CHEBI_SO_EXT:molecular_indicator_or_label_or_marker_or_tag" label="molecular indicator/label/marker/tag"/>
      <span end="21605" id="17696610-23933" start="21598">markers</span>
    </annotation>
    <annotation annotator="Mike Bada, University of Colorado Anschutz Medical Campus" id="CHEBI_2015_08_26_Instance_42257" type="identity">
      <class id="CHEBI_SO_EXT:single_stranded_DNA" label="single-stranded DNA"/>
      <span end="21769" id="17696610-23935" start="21764">ssDNA</span>
    </annotation>
    <annotation annotator="Mike Bada, University of Colorado Anschutz Medical Campus" id="CHEBI_2015_08_26_Instance_310814" type="identity">
      <class id="CHEBI_PR_EXT:protein" label="protein"/>
      <span end="21785" id="17696610-23838" start="21778">protein</span>
    </annotation>
    <annotation annotator="Mike Bada, University of Colorado Anschutz Medical Campus" id="CHEBI_2015_08_26_Instance_42259" type="identity">
      <class id="CHEBI_SO_EXT:DNA" label="DNA"/>
      <span end="22165" id="17696610-23937" start="22162">DNA</span>
    </annotation>
    <annotation annotator="Mike Bada, University of Colorado Anschutz Medical Campus" id="CHEBI_2015_08_26_Instance_42261" type="identity">
      <class id="CHEBI:36357" label="polyatomic entity"/>
      <span end="22412" id="17696610-23939" start="22403">molecules</span>
    </annotation>
    <annotation annotator="Mike Bada, University of Colorado Anschutz Medical Campus" id="CHEBI_2015_08_26_Instance_42263" type="identity">
      <class id="CHEBI_SO_EXT:DNA" label="DNA"/>
      <span end="22664" id="17696610-23941" start="22661">DNA</span>
    </annotation>
    <annotation annotator="Mike Bada, University of Colorado Anschutz Medical Campus" id="CHEBI_2015_08_26_Instance_42265" type="identity">
      <class id="CHEBI_SO_EXT:molecular_indicator_or_label_or_marker_or_tag" label="molecular indicator/label/marker/tag"/>
      <span end="22679" id="17696610-23943" start="22672">markers</span>
    </annotation>
    <annotation annotator="Mike Bada, University of Colorado Anschutz Medical Campus" id="CHEBI_2015_08_26_Instance_42267" type="identity">
      <class id="CHEBI_SO_EXT:DNA" label="DNA"/>
      <span end="22722" id="17696610-23945" start="22719">DNA</span>
    </annotation>
    <annotation annotator="Mike Bada, University of Colorado Anschutz Medical Campus" id="CHEBI_2015_08_26_Instance_42269" type="identity">
      <class id="CHEBI_SO_EXT:DNA" label="DNA"/>
      <span end="22873" id="17696610-23947" start="22870">DNA</span>
    </annotation>
    <annotation annotator="Mike Bada, University of Colorado Anschutz Medical Campus" id="CHEBI_2015_08_26_Instance_42271" type="identity">
      <class id="CHEBI_SO_EXT:molecular_indicator_or_label_or_marker_or_tag" label="molecular indicator/label/marker/tag"/>
      <span end="22888" id="17696610-23949" start="22881">markers</span>
    </annotation>
    <annotation annotator="Mike Bada, University of Colorado Anschutz Medical Campus" id="CHEBI_2015_08_26_Instance_42273" type="identity">
      <class id="CHEBI_SO_EXT:molecular_indicator_or_label_or_marker_or_tag" label="molecular indicator/label/marker/tag"/>
      <span end="23303" id="17696610-23951" start="23296">Markers</span>
    </annotation>
    <annotation annotator="Mike Bada, University of Colorado Anschutz Medical Campus" id="CHEBI_2015_08_26_Instance_310816" type="identity">
      <class id="CHEBI_PR_EXT:protein" label="protein"/>
      <span end="23642" id="17696610-23840" start="23634">proteins</span>
    </annotation>
    <annotation annotator="Mike Bada, University of Colorado Anschutz Medical Campus" id="CHEBI_2015_08_26_Instance_381011" type="identity">
      <class id="CHEBI_SO_EXT:molecular_label_or_mark_or_tag_process" label="molecular label/mark/tag process"/>
      <span end="23726" id="17696610-23887" start="23722">mark</span>
    </annotation>
    <annotation annotator="Mike Bada, University of Colorado Anschutz Medical Campus" id="CHEBI_2015_08_26_Instance_42275" type="identity">
      <class id="CHEBI_SO_EXT:molecular_indicator_or_label_or_marker_or_tag" label="molecular indicator/label/marker/tag"/>
      <span end="24095" id="17696610-23953" start="24088">markers</span>
    </annotation>
    <annotation annotator="Mike Bada, University of Colorado Anschutz Medical Campus" id="CHEBI_2015_08_26_Instance_310818" type="identity">
      <class id="CHEBI_PR_EXT:protein" label="protein"/>
      <span end="24737" id="17696610-23842" start="24730">protein</span>
    </annotation>
    <annotation annotator="Mike Bada, University of Colorado Anschutz Medical Campus" id="CHEBI_2015_08_26_Instance_21369" type="identity">
      <class id="CHEBI_EXT:35222" label="inhibitor"/>
      <span end="24759" id="17696610-23806" start="24750">inhibitor</span>
    </annotation>
    <annotation annotator="Mike Bada, University of Colorado Anschutz Medical Campus" id="CHEBI_2015_08_26_Instance_13459" type="identity">
      <class id="CHEBI:44658" label="okadaic acid"/>
      <span end="24772" id="17696610-23776" start="24760">okadaic acid</span>
    </annotation>
    <annotation annotator="Mike Bada, University of Colorado Anschutz Medical Campus" id="CHEBI_2015_08_26_Instance_13461" type="identity">
      <class id="CHEBI:44658" label="okadaic acid"/>
      <span end="24776" id="17696610-23778" start="24774">OA</span>
    </annotation>
    <annotation annotator="Mike Bada, University of Colorado Anschutz Medical Campus" id="CHEBI_2015_08_26_Instance_42277" type="identity">
      <class id="CHEBI_EXT:chemical_substance_or_polyatomic_entity" label="chemical substance or polyatomic entity"/>
      <span end="24789" id="17696610-23955" start="24781">chemical</span>
    </annotation>
    <annotation annotator="Mike Bada, University of Colorado Anschutz Medical Campus" id="CHEBI_2015_08_26_Instance_340108" type="identity">
      <class id="CHEBI_EXT:51217" label="fluorochrome"/>
      <span end="27170" id="17696610-23873" start="27158">fluorophores</span>
    </annotation>
    <annotation annotator="Mike Bada, University of Colorado Anschutz Medical Campus" id="CHEBI_2015_08_26_Instance_310820" type="identity">
      <class id="CHEBI_PR_EXT:protein" label="protein"/>
      <span end="32112" id="17696610-23844" start="32104">proteins</span>
    </annotation>
    <annotation annotator="Mike Bada, University of Colorado Anschutz Medical Campus" id="CHEBI_2015_08_26_Instance_13467" type="identity">
      <class id="CHEBI:44658" label="okadaic acid"/>
      <span end="33784" id="17696610-23780" start="33782">OA</span>
    </annotation>
    <annotation annotator="Mike Bada, University of Colorado Anschutz Medical Campus" id="CHEBI_2015_08_26_Instance_310822" type="identity">
      <class id="CHEBI_PR_EXT:protein" label="protein"/>
      <span end="34113" id="17696610-23846" start="34105">proteins</span>
    </annotation>
    <annotation annotator="Mike Bada, University of Colorado Anschutz Medical Campus" id="CHEBI_2015_08_26_Instance_310824" type="identity">
      <class id="CHEBI_PR_EXT:protein" label="protein"/>
      <span end="34289" id="17696610-23848" start="34282">protein</span>
    </annotation>
    <annotation annotator="Mike Bada, University of Colorado Anschutz Medical Campus" id="CHEBI_2015_08_26_Instance_310826" type="identity">
      <class id="CHEBI_PR_EXT:protein" label="protein"/>
      <span end="34300" id="17696610-23850" start="34293">protein</span>
    </annotation>
    <annotation annotator="Mike Bada, University of Colorado Anschutz Medical Campus" id="CHEBI_2015_08_26_Instance_42279" type="identity">
      <class id="CHEBI_SO_EXT:DNA" label="DNA"/>
      <span end="34304" id="17696610-23957" start="34301">DNA</span>
    </annotation>
    <annotation annotator="Mike Bada, University of Colorado Anschutz Medical Campus" id="CHEBI_2015_08_26_Instance_42281" type="identity">
      <class id="CHEBI_SO_EXT:DNA" label="DNA"/>
      <span end="35140" id="17696610-23959" start="35137">DNA</span>
    </annotation>
    <annotation annotator="Mike Bada, University of Colorado Anschutz Medical Campus" id="CHEBI_2015_08_26_Instance_42283" type="identity">
      <class id="CHEBI_SO_EXT:DNA" label="DNA"/>
      <span end="35326" id="17696610-23961" start="35323">DNA</span>
    </annotation>
    <annotation annotator="Mike Bada, University of Colorado Anschutz Medical Campus" id="CHEBI_2015_08_26_Instance_13469" type="identity">
      <class id="CHEBI:44658" label="okadaic acid"/>
      <span end="35433" id="17696610-23782" start="35431">OA</span>
    </annotation>
    <annotation annotator="Mike Bada, University of Colorado Anschutz Medical Campus" id="CHEBI_2015_08_26_Instance_13427" type="identity">
      <class id="CHEBI:4911" label="etoposide"/>
      <span end="35654" id="17696610-23774" start="35645">etoposide</span>
    </annotation>
    <annotation annotator="Mike Bada, University of Colorado Anschutz Medical Campus" id="CHEBI_2015_08_26_Instance_13471" type="identity">
      <class id="CHEBI:44658" label="okadaic acid"/>
      <span end="35782" id="17696610-23784" start="35780">OA</span>
    </annotation>
    <annotation annotator="Mike Bada, University of Colorado Anschutz Medical Campus" id="CHEBI_2015_08_26_Instance_42285" type="identity">
      <class id="CHEBI_SO_EXT:molecular_indicator_or_label_or_marker_or_tag" label="molecular indicator/label/marker/tag"/>
      <span end="36478" id="17696610-23963" start="36471">markers</span>
    </annotation>
    <annotation annotator="Mike Bada, University of Colorado Anschutz Medical Campus" id="CHEBI_2015_08_26_Instance_310828" type="identity">
      <class id="CHEBI_PR_EXT:protein" label="protein"/>
      <span end="36814" id="17696610-23852" start="36807">protein</span>
    </annotation>
    <annotation annotator="Mike Bada, University of Colorado Anschutz Medical Campus" id="CHEBI_2015_08_26_Instance_310830" type="identity">
      <class id="CHEBI_PR_EXT:protein" label="protein"/>
      <span end="36942" id="17696610-23854" start="36935">protein</span>
    </annotation>
    <annotation annotator="Mike Bada, University of Colorado Anschutz Medical Campus" id="CHEBI_2015_08_26_Instance_310832" type="identity">
      <class id="CHEBI_PR_EXT:protein" label="protein"/>
      <span end="37294" id="17696610-23856" start="37286">proteins</span>
    </annotation>
    <annotation annotator="Mike Bada, University of Colorado Anschutz Medical Campus" id="CHEBI_2015_08_26_Instance_13485" type="identity">
      <class id="CHEBI:15358" label="histone"/>
      <span end="38146" id="17696610-23796" start="38139">histone</span>
    </annotation>
    <annotation annotator="Mike Bada, University of Colorado Anschutz Medical Campus" id="CHEBI_2015_08_26_Instance_42287" type="identity">
      <class id="CHEBI_SO_EXT:DNA" label="DNA"/>
      <span end="38617" id="17696610-23965" start="38614">DNA</span>
    </annotation>
    <annotation annotator="Mike Bada, University of Colorado Anschutz Medical Campus" id="CHEBI_2015_08_26_Instance_42289" type="identity">
      <class id="CHEBI:7507" label="neomycin"/>
      <span end="40075" id="17696610-23967" start="40067">neomycin</span>
    </annotation>
    <annotation annotator="Mike Bada, University of Colorado Anschutz Medical Campus" id="CHEBI_2015_08_26_Instance_42291" type="identity">
      <class id="CHEBI_SO_EXT:DNA" label="DNA"/>
      <span end="41123" id="17696610-23969" start="41120">DNA</span>
    </annotation>
    <annotation annotator="Mike Bada, University of Colorado Anschutz Medical Campus" id="CHEBI_2015_08_26_Instance_42293" type="identity">
      <class id="CHEBI_SO_EXT:RNA" label="RNA"/>
      <span end="41262" id="17696610-23971" start="41259">RNA</span>
    </annotation>
    <annotation annotator="Mike Bada, University of Colorado Anschutz Medical Campus" id="CHEBI_2015_08_26_Instance_350144" type="identity">
      <class id="CHEBI_SO_EXT:oligonucleotide" label="oligonucleotide"/>
      <span end="41372" id="17696610-23877" start="41367">oligo</span>
    </annotation>
    <annotation annotator="Mike Bada, University of Colorado Anschutz Medical Campus" id="CHEBI_2015_08_26_Instance_42297" type="identity">
      <class id="CHEBI_EXT:thymine_nucleobase_or_nucleoside_or_nucleotide_molecular_entity_or_group" label="thymine nucleobase/nucleoside/nucleotide molecular entity or group"/>
      <span end="41375" id="17696610-23973" start="41373">dT</span>
    </annotation>
    <annotation annotator="Mike Bada, University of Colorado Anschutz Medical Campus" id="CHEBI_2015_08_26_Instance_310834" type="identity">
      <class id="CHEBI_PR_EXT:protein" label="protein"/>
      <span end="41493" id="17696610-23858" start="41486">protein</span>
    </annotation>
    <annotation annotator="Mike Bada, University of Colorado Anschutz Medical Campus" id="CHEBI_2015_08_26_Instance_42299" type="identity">
      <class id="CHEBI_SO_EXT:peptide_or_peptide_region" label="peptide or peptide region"/>
      <span end="42025" id="17696610-23975" start="42018">peptide</span>
    </annotation>
    <annotation annotator="Mike Bada, University of Colorado Anschutz Medical Campus" id="CHEBI_2015_08_26_Instance_42301" type="identity">
      <class id="CHEBI_SO_EXT:amino_acid" label="amino acid"/>
      <span end="42054" id="17696610-23977" start="42043">amino acids</span>
    </annotation>
    <annotation annotator="Mike Bada, University of Colorado Anschutz Medical Campus" id="CHEBI_2015_08_26_Instance_42303" type="identity">
      <class id="CHEBI_SO_EXT:peptide_or_peptide_region" label="peptide or peptide region"/>
      <span end="42399" id="17696610-23979" start="42392">peptide</span>
    </annotation>
    <annotation annotator="Mike Bada, University of Colorado Anschutz Medical Campus" id="CHEBI_2015_08_26_Instance_330512" type="identity">
      <class id="CHEBI_CHMO_EXT:buffer_solution" label="buffer solution"/>
      <span end="42459" id="17696610-23867" start="42453">buffer</span>
    </annotation>
    <annotation annotator="Mike Bada, University of Colorado Anschutz Medical Campus" id="CHEBI_2015_08_26_Instance_13495" type="identity">
      <class id="CHEBI:8984" label="sodium dodecyl sulfate"/>
      <span end="42483" id="17696610-23798" start="42480">SDS</span>
    </annotation>
    <annotation annotator="Mike Bada, University of Colorado Anschutz Medical Campus" id="CHEBI_2015_08_26_Instance_42305" type="identity">
      <class id="CHEBI:53325" label="nitrocellulose"/>
      <span end="42538" id="17696610-23981" start="42524">Nitrocellulose</span>
    </annotation>
    <annotation annotator="Mike Bada, University of Colorado Anschutz Medical Campus" id="CHEBI_2015_08_26_Instance_331764" type="identity">
      <class id="CHEBI_EXT:60816" label="immunogen"/>
      <span end="42755" id="17696610-23869" start="42746">immunogen</span>
    </annotation>
    <annotation annotator="Mike Bada, University of Colorado Anschutz Medical Campus" id="CHEBI_2015_08_26_Instance_42307" type="identity">
      <class id="CHEBI_SO_EXT:peptide_or_peptide_region" label="peptide or peptide region"/>
      <span end="42779" id="17696610-23983" start="42772">peptide</span>
    </annotation>
    <annotation annotator="Mike Bada, University of Colorado Anschutz Medical Campus" id="CHEBI_2015_08_26_Instance_42309" type="identity">
      <class id="CHEBI:64985" label="bioconjugate"/>
      <span end="42960" id="17696610-23985" start="42951">conjugate</span>
    </annotation>
    <annotation annotator="Mike Bada, University of Colorado Anschutz Medical Campus" id="CHEBI_2015_08_26_Instance_42311" type="identity">
      <class id="CHEBI:51686" label="haematoxylin"/>
      <span end="43104" id="17696610-23987" start="43093">hematoxylin</span>
    </annotation>
    <annotation annotator="Mike Bada, University of Colorado Anschutz Medical Campus" id="CHEBI_2015_08_26_Instance_42313" type="identity">
      <class id="CHEBI_EXT:eosin" label="eosin"/>
      <span end="43114" id="17696610-23989" start="43109">eosin</span>
    </annotation>
    <annotation annotator="Mike Bada, University of Colorado Anschutz Medical Campus" id="CHEBI_2015_08_26_Instance_42315" type="identity">
      <class id="CHEBI_EXT:59132" label="antigen"/>
      <span end="43123" id="17696610-23991" start="43116">Antigen</span>
    </annotation>
    <annotation annotator="Mike Bada, University of Colorado Anschutz Medical Campus" id="CHEBI_2015_08_26_Instance_310836" type="identity">
      <class id="CHEBI_PR_EXT:protein" label="protein"/>
      <span end="43527" id="17696610-23860" start="43519">proteins</span>
    </annotation>
    <annotation annotator="Mike Bada, University of Colorado Anschutz Medical Campus" id="CHEBI_2015_08_26_Instance_310838" type="identity">
      <class id="CHEBI_PR_EXT:protein" label="protein"/>
      <span end="43792" id="17696610-23862" start="43784">proteins</span>
    </annotation>
    <annotation annotator="Mike Bada, University of Colorado Anschutz Medical Campus" id="CHEBI_2015_08_26_Instance_13497" type="identity">
      <class id="CHEBI:15358" label="histone"/>
      <span end="44929" id="17696610-23800" start="44922">histone</span>
    </annotation>
    <annotation annotator="Mike Bada, University of Colorado Anschutz Medical Campus" id="CHEBI_2015_08_26_Instance_330318" type="identity">
      <class id="CHEBI:51248" label="Alexa Fluor 594"/>
      <span end="45127" id="17696610-23864" start="45116">Alexa Fluor</span>
      <span end="45138" id="17696610-23865" start="45135">594</span>
    </annotation>
    <annotation annotator="Mike Bada, University of Colorado Anschutz Medical Campus" id="CHEBI_2015_08_26_Instance_42317" type="identity">
      <class id="CHEBI:52661" label="Alexa Fluor 488"/>
      <span end="45131" id="17696610-23993" start="45116">Alexa Fluor 488</span>
    </annotation>
    <annotation annotator="Mike Bada, University of Colorado Anschutz Medical Campus" id="CHEBI_2015_08_26_Instance_42319" type="identity">
      <class id="CHEBI_EXT:polyatomic_entity_or_group" label="polyatomic entity or group"/>
      <span end="45149" id="17696610-23995" start="45140">Molecular</span>
    </annotation>
    <annotation annotator="Mike Bada, University of Colorado Anschutz Medical Campus" id="CHEBI_2015_08_26_Instance_42321" type="identity">
      <class id="CHEBI_SO_EXT:molecular_probe" label="molecular probe"/>
      <span end="45156" id="17696610-23997" start="45150">Probes</span>
    </annotation>
    <annotation annotator="Mike Bada, University of Colorado Anschutz Medical Campus" id="CHEBI_2015_08_26_Instance_13473" type="identity">
      <class id="CHEBI:44658" label="okadaic acid"/>
      <span end="45335" id="17696610-23786" start="45333">OA</span>
    </annotation>
    <annotation annotator="Mike Bada, University of Colorado Anschutz Medical Campus" id="CHEBI_2015_08_26_Instance_13475" type="identity">
      <class id="CHEBI:44658" label="okadaic acid"/>
      <span end="45524" id="17696610-23788" start="45522">OA</span>
    </annotation>
    <annotation annotator="Mike Bada, University of Colorado Anschutz Medical Campus" id="CHEBI_2015_08_26_Instance_13477" type="identity">
      <class id="CHEBI:44658" label="okadaic acid"/>
      <span end="45565" id="17696610-23790" start="45563">OA</span>
    </annotation>
    <annotation annotator="Mike Bada, University of Colorado Anschutz Medical Campus" id="CHEBI_2015_08_26_Instance_13499" type="identity">
      <class id="CHEBI:16526" label="carbon dioxide"/>
      <span end="45664" id="17696610-23802" start="45661">CO2</span>
    </annotation>
    <annotation annotator="Mike Bada, University of Colorado Anschutz Medical Campus" id="CHEBI_2015_08_26_Instance_42323" type="identity">
      <class id="CHEBI:51231" label="DAPI"/>
      <span end="45729" id="17696610-23999" start="45725">DAPI</span>
    </annotation>
    <annotation annotator="Mike Bada, University of Colorado Anschutz Medical Campus" id="CHEBI_2015_08_26_Instance_42325" type="identity">
      <class id="CHEBI_SO_EXT:amino_acid" label="amino acid"/>
      <span end="45981" id="17696610-24001" start="45971">Amino acid</span>
    </annotation>
    <annotation annotator="Mike Bada, University of Colorado Anschutz Medical Campus" id="CHEBI_2015_08_26_Instance_340110" type="identity">
      <class id="CHEBI_EXT:51217" label="fluorochrome"/>
      <span end="46690" id="17696610-23875" start="46678">Fluorophores</span>
    </annotation>
    <annotation annotator="Mike Bada, University of Colorado Anschutz Medical Campus" id="CHEBI_2015_08_26_Instance_42327" type="identity">
      <class id="CHEBI_SO_EXT:amino_acid" label="amino acid"/>
      <span end="46958" id="17696610-24003" start="46948">Amino Acid</span>
    </annotation>
    <annotation annotator="Mike Bada, University of Colorado Anschutz Medical Campus" id="CHEBI_2015_08_26_Instance_13479" type="identity">
      <class id="CHEBI:44658" label="okadaic acid"/>
      <span end="47727" id="17696610-23792" start="47725">OA</span>
    </annotation>
    <annotation annotator="Mike Bada, University of Colorado Anschutz Medical Campus" id="CHEBI_2015_08_26_Instance_13481" type="identity">
      <class id="CHEBI:44658" label="okadaic acid"/>
      <span end="47742" id="17696610-23794" start="47730">okadaic acid</span>
    </annotation>
    <graph-space id="Old Knowtator Relations"/>
  </document>
</knowtator-project>
