<?xml version="1.0" encoding="UTF-8" standalone="no"?>
<knowtator-project>
  <document id="14609438" text-file="14609438.txt">
    <annotation annotator="Nicole Vasilevsky" id="MOP+extension_classes_Instance_14" type="identity">
      <class id="GO_MOP_EXT:catalysis" label="catalysis"/>
      <span end="2420" id="14609438-39" start="2411">catalytic</span>
    </annotation>
    <annotation annotator="Nicole Vasilevsky" id="MOP+extension_classes_Instance_16" type="identity">
      <class id="GO_MOP_EXT:catalysis" label="catalysis"/>
      <span end="2867" id="14609438-41" start="2858">catalytic</span>
    </annotation>
    <annotation annotator="Michael Bada" id="MOP_Instance_100022" type="identity">
      <class id="MOP:0000780" label="breaking of covalent bond"/>
      <span end="4522" id="14609438-61" start="4515">cleaved</span>
    </annotation>
    <annotation annotator="Nicole Vasilevsky" id="MOP+extension_classes_Instance_18" type="identity">
      <class id="GO_MOP_EXT:catalysis" label="catalysis"/>
      <span end="4575" id="14609438-43" start="4566">catalytic</span>
    </annotation>
    <annotation annotator="Nicole Vasilevsky" id="MOP+extension_classes_Instance_20" type="identity">
      <class id="GO_MOP_EXT:catalysis" label="catalysis"/>
      <span end="4859" id="14609438-45" start="4850">catalytic</span>
    </annotation>
    <annotation annotator="Michael Bada" id="MOP_Instance_100028" type="identity">
      <class id="MOP:0000780" label="breaking of covalent bond"/>
      <span end="5772" id="14609438-63" start="5764">cleavage</span>
    </annotation>
    <annotation annotator="Nicole Vasilevsky" id="MOP+extension_classes_Instance_22" type="identity">
      <class id="GO_MOP_EXT:catalysis" label="catalysis"/>
      <span end="7617" id="14609438-47" start="7608">catalytic</span>
    </annotation>
    <annotation annotator="Nicole Vasilevsky" id="MOP+extension_classes_Instance_24" type="identity">
      <class id="GO_MOP_EXT:catalysis" label="catalysis"/>
      <span end="8157" id="14609438-49" start="8148">catalytic</span>
    </annotation>
    <annotation annotator="Nicole Vasilevsky" id="MOP+extension_classes_Instance_26" type="identity">
      <class id="GO_MOP_EXT:catalysis" label="catalysis"/>
      <span end="8310" id="14609438-51" start="8301">catalytic</span>
    </annotation>
    <annotation annotator="Michael Bada" id="MOP_Instance_100039" type="identity">
      <class id="MOP:0000779" label="formation of covalent bond"/>
      <span end="9734" id="14609438-65" start="9718">covalently-bound</span>
    </annotation>
    <annotation annotator="Nicole Vasilevsky" id="MOP+extension_classes_Instance_28" type="identity">
      <class id="GO_MOP_EXT:catalysis" label="catalysis"/>
      <span end="12909" id="14609438-53" start="12900">catalytic</span>
    </annotation>
    <annotation annotator="Nicole Vasilevsky" id="MOP+extension_classes_Instance_30" type="identity">
      <class id="GO_MOP_EXT:catalysis" label="catalysis"/>
      <span end="17545" id="14609438-55" start="17536">catalytic</span>
    </annotation>
    <annotation annotator="Michael Bada" id="MOP_Instance_100047" type="identity">
      <class id="MOP:0000780" label="breaking of covalent bond"/>
      <span end="19150" id="14609438-67" start="19142">cleavage</span>
    </annotation>
    <annotation annotator="Michael Bada" id="MOP_Instance_40008" type="identity">
      <class id="MOP:0000030" label="acetylation"/>
      <span end="19580" id="14609438-73" start="19570">acetylated</span>
    </annotation>
    <annotation annotator="Michael Bada" id="MOP_Instance_100051" type="identity">
      <class id="MOP:0000780" label="breaking of covalent bond"/>
      <span end="20218" id="14609438-69" start="20212">cleave</span>
    </annotation>
    <annotation annotator="Michael Bada" id="MOP_Instance_100053" type="identity">
      <class id="MOP:0000780" label="breaking of covalent bond"/>
      <span end="20513" id="14609438-71" start="20507">cleave</span>
    </annotation>
    <annotation annotator="Nicole Vasilevsky" id="MOP+extension_classes_Instance_32" type="identity">
      <class id="GO_MOP_EXT:catalysis" label="catalysis"/>
      <span end="20855" id="14609438-57" start="20846">catalytic</span>
    </annotation>
    <annotation annotator="Nicole Vasilevsky" id="MOP+extension_classes_Instance_34" type="identity">
      <class id="GO_MOP_EXT:catalysis" label="catalysis"/>
      <span end="21298" id="14609438-59" start="21289">catalytic</span>
    </annotation>
    <graph-space id="Old Knowtator Relations"/>
  </document>
</knowtator-project>
