<?xml version="1.0" encoding="UTF-8" standalone="no"?>
<knowtator-project>
    <document id="15328533" text-file="15328533.txt">
        <annotation annotator="Michael Bada" id="MOP_Instance_130000" type="identity">
            <class id="MOP:0000568" label="oxidation"/>
            <span end="1165" id="15328533-136" start="1156">oxidative</span>
        </annotation>
        <annotation annotator="Michael Bada" id="MOP_Instance_130002" type="identity">
            <class id="MOP:0000568" label="oxidation"/>
            <span end="1371" id="15328533-140" start="1362">oxidative</span>
        </annotation>
        <annotation annotator="Michael Bada" id="MOP_Instance_140004" type="identity">
            <class id="MOP:0000568" label="oxidation"/>
            <span end="1630" id="15328533-142" start="1621">oxidative</span>
        </annotation>
        <annotation annotator="Michael Bada" id="MOP_Instance_140006" type="identity">
            <class id="MOP:0000568" label="oxidation"/>
            <span end="1747" id="15328533-144" start="1738">oxidative</span>
        </annotation>
        <annotation annotator="Michael Bada" id="MOP_Instance_140008" type="identity">
            <class id="MOP:0000568" label="oxidation"/>
            <span end="2955" id="15328533-146" start="2946">oxidative</span>
        </annotation>
        <annotation annotator="Michael Bada" id="MOP_Instance_140010" type="identity">
            <class id="MOP:0000568" label="oxidation"/>
            <span end="3244" id="15328533-148" start="3235">oxidative</span>
        </annotation>
        <annotation annotator="Michael Bada" id="MOP_Instance_140000" type="identity">
            <class id="MOP:0000568" label="oxidation"/>
            <span end="3594" id="15328533-138" start="3585">oxidation</span>
        </annotation>
        <annotation annotator="Michael Bada" id="MOP_Instance_140012" type="identity">
            <class id="MOP:0000568" label="oxidation"/>
            <span end="5966" id="15328533-150" start="5957">oxidative</span>
        </annotation>
        <annotation annotator="Michael Bada" id="MOP_Instance_140014" type="identity">
            <class id="MOP:0000568" label="oxidation"/>
            <span end="6364" id="15328533-152" start="6355">oxidative</span>
        </annotation>
        <annotation annotator="Michael Bada" id="MOP_Instance_140076" type="identity">
            <class id="MOP:0000615" label="electron transfer"/>
            <span end="6555" id="15328533-172" start="6538">electron transfer</span>
        </annotation>
        <annotation annotator="Michael Bada" id="MOP_Instance_140002" type="identity">
            <class id="MOP:0000568" label="oxidation"/>
            <span end="6638" id="15328533-178" start="6629">oxidation</span>
        </annotation>
        <annotation annotator="Michael Bada" id="MOP_Instance_160004" type="identity">
            <class id="MOP:0000568" label="oxidation"/>
            <span end="8148" id="15328533-180" start="8139">oxidation</span>
        </annotation>
        <annotation annotator="Michael Bada" id="MOP_Instance_140078" type="identity">
            <class id="MOP:0000568" label="oxidation"/>
            <span end="8489" id="15328533-174" start="8480">oxidative</span>
        </annotation>
        <annotation annotator="Michael Bada" id="MOP_Instance_140080" type="identity">
            <class id="MOP:0000568" label="oxidation"/>
            <span end="8537" id="15328533-176" start="8528">oxidative</span>
        </annotation>
        <annotation annotator="Michael Bada" id="MOP_Instance_140016" type="identity">
            <class id="MOP:0000568" label="oxidation"/>
            <span end="9386" id="15328533-154" start="9377">oxidative</span>
        </annotation>
        <annotation annotator="Michael Bada" id="MOP_Instance_140018" type="identity">
            <class id="MOP:0000568" label="oxidation"/>
            <span end="10229" id="15328533-156" start="10220">oxidative</span>
        </annotation>
        <annotation annotator="Michael Bada" id="MOP_Instance_140020" type="identity">
            <class id="MOP:0000568" label="oxidation"/>
            <span end="12300" id="15328533-158" start="12291">oxidation</span>
        </annotation>
        <annotation annotator="Michael Bada" id="MOP_Instance_140022" type="identity">
            <class id="MOP:0000568" label="oxidation"/>
            <span end="12500" id="15328533-160" start="12491">oxidation</span>
        </annotation>
        <annotation annotator="Michael Bada" id="MOP_Instance_140024" type="identity">
            <class id="MOP:0000568" label="oxidation"/>
            <span end="12761" id="15328533-162" start="12752">oxidative</span>
        </annotation>
        <annotation annotator="Michael Bada" id="MOP_Instance_140026" type="identity">
            <class id="MOP:0000568" label="oxidation"/>
            <span end="14086" id="15328533-164" start="14077">oxidation</span>
        </annotation>
        <annotation annotator="Michael Bada" id="MOP_Instance_140028" type="identity">
            <class id="MOP:0000568" label="oxidation"/>
            <span end="15446" id="15328533-166" start="15437">oxidative</span>
        </annotation>
        <annotation annotator="Michael Bada" id="MOP_Instance_140030" type="identity">
            <class id="MOP:0000568" label="oxidation"/>
            <span end="15997" id="15328533-168" start="15988">oxidative</span>
        </annotation>
        <annotation annotator="Michael Bada" id="MOP_Instance_140032" type="identity">
            <class id="MOP:0000568" label="oxidation"/>
            <span end="21652" id="15328533-170" start="21643">Oxidative</span>
        </annotation>
        <graph-space id="Old Knowtator Relations"/>
    </document>
</knowtator-project>
