<?xml version="1.0" encoding="UTF-8" standalone="no"?>
<knowtator-project>
    <document id="15588329" text-file="15588329.txt">
        <annotation annotator="Michael Bada" id="MOP_Instance_150000" type="identity">
            <class id="MOP:0000568" label="oxidation"/>
            <span end="1400" id="15588329-210" start="1391">oxidative</span>
        </annotation>
        <annotation annotator="Michael Bada" id="MOP_Instance_150002" type="identity">
            <class id="MOP:0000568" label="oxidation"/>
            <span end="20188" id="15588329-212" start="20179">oxidative</span>
        </annotation>
        <annotation annotator="Michael Bada" id="MOP_Instance_170004" type="identity">
            <class id="MOP:0000568" label="oxidation"/>
            <span end="21636" id="15588329-214" start="21627">oxidative</span>
        </annotation>
        <annotation annotator="Michael Bada" id="MOP_Instance_170006" type="identity">
            <class id="MOP:0000779" label="formation of covalent bond"/>
            <span end="26981" id="15588329-216" start="26971">conjugated</span>
        </annotation>
        <graph-space id="Old Knowtator Relations"/>
    </document>
</knowtator-project>
