<?xml version="1.0" encoding="UTF-8" standalone="no"?>
<knowtator-project>
    <document id="15819996" text-file="15819996.txt">
        <annotation annotator="Michael Bada" id="MOP_Instance_170078" type="identity">
            <class id="MOP:0000779" label="formation of covalent bond"/>
            <span end="6190" id="15819996-298" start="6183">coupled</span>
        </annotation>
        <annotation annotator="Michael Bada" id="MOP_Instance_170012" type="identity">
            <class id="MOP:0000779" label="formation of covalent bond"/>
            <span end="7466" id="15819996-286" start="7456">conjugated</span>
        </annotation>
        <annotation annotator="Michael Bada" id="MOP_Instance_170020" type="identity">
            <class id="MOP:0000779" label="formation of covalent bond"/>
            <span end="7973" id="15819996-290" start="7963">conjugated</span>
        </annotation>
        <annotation annotator="Michael Bada" id="MOP_Instance_170014" type="identity">
            <class id="MOP:0000779" label="formation of covalent bond"/>
            <span end="8445" id="15819996-288" start="8435">conjugated</span>
        </annotation>
        <annotation annotator="Michael Bada" id="MOP_Instance_170022" type="identity">
            <class id="MOP:0000779" label="formation of covalent bond"/>
            <span end="9914" id="15819996-292" start="9904">conjugated</span>
        </annotation>
        <annotation annotator="Michael Bada" id="MOP_Instance_170026" type="identity">
            <class id="MOP:0000779" label="formation of covalent bond"/>
            <span end="33904" id="15819996-294" start="33894">conjugated</span>
        </annotation>
        <annotation annotator="Michael Bada" id="MOP_Instance_170028" type="identity">
            <class id="MOP:0000779" label="formation of covalent bond"/>
            <span end="34138" id="15819996-296" start="34128">conjugated</span>
        </annotation>
        <annotation annotator="Michael Bada" id="MOP_Instance_170091" type="identity">
            <class id="MOP:0000779" label="formation of covalent bond"/>
            <span end="34363" id="15819996-300" start="34356">coupled</span>
        </annotation>
        <annotation annotator="Michael Bada" id="MOP_Instance_170093" type="identity">
            <class id="MOP:0000779" label="formation of covalent bond"/>
            <span end="38251" id="15819996-302" start="38244">coupled</span>
        </annotation>
        <graph-space id="Old Knowtator Relations"/>
    </document>
</knowtator-project>
