<?xml version="1.0" encoding="UTF-8" standalone="no"?>
<knowtator-project>
  <document id="15836427" text-file="15836427.txt">
    <annotation annotator="Michael Bada" id="MOP_Instance_170010" type="identity">
      <class id="MOP:0000093" label="biotinylation"/>
      <span end="34273" id="15836427-306" start="34261">biotinylated</span>
    </annotation>
    <annotation annotator="Michael Bada" id="MOP_Instance_170016" type="identity">
      <class id="MOP:0000779" label="formation of covalent bond"/>
      <span end="34732" id="15836427-308" start="34722">conjugated</span>
    </annotation>
    <annotation annotator="Michael Bada" id="MOP_Instance_170018" type="identity">
      <class id="MOP:0000779" label="formation of covalent bond"/>
      <span end="35084" id="15836427-310" start="35074">conjugated</span>
    </annotation>
    <graph-space id="Old Knowtator Relations"/>
  </document>
</knowtator-project>
