<?xml version="1.0" encoding="UTF-8" standalone="no"?>
<knowtator-project>
  <document id="15876356" text-file="15876356.txt">
    <annotation annotator="Nicole Vasilevsky" id="MOP+extension_classes_Instance_51" type="identity">
      <class id="GO_MOP_EXT:catalysis" label="catalysis"/>
      <span end="1579" id="15876356-314" start="1566">catalytically</span>
    </annotation>
    <annotation annotator="Michael Bada" id="MOP_Instance_170002" type="identity">
      <class id="MOP:0000780" label="breaking of covalent bond"/>
      <span end="1743" id="15876356-322" start="1737">cleave</span>
    </annotation>
    <annotation annotator="Nicole Vasilevsky" id="MOP+extension_classes_Instance_53" type="identity">
      <class id="GO_MOP_EXT:catalysis" label="catalysis"/>
      <span end="2484" id="15876356-316" start="2475">catalytic</span>
    </annotation>
    <annotation annotator="Nicole Vasilevsky" id="MOP+extension_classes_Instance_55" type="identity">
      <class id="GO_MOP_EXT:catalysis" label="catalysis"/>
      <span end="2877" id="15876356-318" start="2868">catalytic</span>
    </annotation>
    <annotation annotator="Michael Bada" id="MOP_Instance_160000" type="identity">
      <class id="MOP:0000779" label="formation of covalent bond"/>
      <span end="18566" id="15876356-320" start="18559">coupled</span>
    </annotation>
    <graph-space id="Old Knowtator Relations"/>
  </document>
</knowtator-project>
