<?xml version="1.0" encoding="UTF-8" standalone="no"?>
<knowtator-project>
  <document id="15917436" text-file="15917436.txt">
    <annotation annotator="Michael Bada" id="MOP_Instance_180006" type="identity">
      <class id="MOP:0000619" label="hydrolysis"/>
      <span end="1575" id="15917436-334" start="1565">hydrolysis</span>
    </annotation>
    <annotation annotator="Michael Bada" id="MOP_Instance_160002" type="identity">
      <class id="MOP:0000619" label="hydrolysis"/>
      <span end="1746" id="15917436-330" start="1736">hydrolysis</span>
    </annotation>
    <annotation annotator="Michael Bada" id="MOP_Instance_180004" type="identity">
      <class id="MOP:0000619" label="hydrolysis"/>
      <span end="3419" id="15917436-332" start="3409">hydrolysis</span>
    </annotation>
    <annotation annotator="Michael Bada" id="MOP_Instance_190013" type="identity">
      <class id="MOP:0000780" label="breaking of covalent bond"/>
      <span end="10429" id="15917436-340" start="10421">Cleavage</span>
    </annotation>
    <annotation annotator="Michael Bada" id="MOP_Instance_190006" type="identity">
      <class id="MOP:0000780" label="breaking of covalent bond"/>
      <span end="11453" id="15917436-336" start="11444">cleavages</span>
    </annotation>
    <annotation annotator="Michael Bada" id="MOP_Instance_190008" type="identity">
      <class id="MOP:0000780" label="breaking of covalent bond"/>
      <span end="11552" id="15917436-338" start="11543">cleavages</span>
    </annotation>
    <annotation annotator="Nicole Vasilevsky" id="MOP+extension_classes_Instance_59" type="identity">
      <class id="GO_MOP_EXT:catalysis" label="catalysis"/>
      <span end="16038" id="15917436-326" start="16029">catalyzes</span>
    </annotation>
    <annotation annotator="Nicole Vasilevsky" id="MOP+extension_classes_Instance_61" type="identity">
      <class id="GO_MOP_EXT:catalysis" label="catalysis"/>
      <span end="36337" id="15917436-328" start="36329">catalyze</span>
    </annotation>
    <graph-space id="Old Knowtator Relations"/>
  </document>
</knowtator-project>
