<?xml version="1.0" encoding="UTF-8" standalone="no"?>
<knowtator-project>
  <document id="16121256" text-file="16121256.txt">
    <annotation annotator="Michael Bada" id="MOP_Instance_200068" type="identity">
      <class id="MOP:0000568" label="oxidation"/>
      <span end="212" id="16121256-437" start="203">oxidation</span>
    </annotation>
    <annotation annotator="Michael Bada" id="MOP_Instance_200070" type="identity">
      <class id="MOP:0000568" label="oxidation"/>
      <span end="929" id="16121256-439" start="920">oxidation</span>
    </annotation>
    <annotation annotator="Michael Bada" id="MOP_Instance_200072" type="identity">
      <class id="MOP:0000568" label="oxidation"/>
      <span end="995" id="16121256-441" start="986">oxidation</span>
    </annotation>
    <annotation annotator="Michael Bada" id="MOP_Instance_200074" type="identity">
      <class id="MOP:0000568" label="oxidation"/>
      <span end="1160" id="16121256-443" start="1151">oxidation</span>
    </annotation>
    <annotation annotator="Michael Bada" id="MOP_Instance_200076" type="identity">
      <class id="MOP:0000568" label="oxidation"/>
      <span end="2139" id="16121256-445" start="2130">oxidation</span>
    </annotation>
    <annotation annotator="Michael Bada" id="MOP_Instance_200078" type="identity">
      <class id="MOP:0000568" label="oxidation"/>
      <span end="2230" id="16121256-447" start="2221">oxidation</span>
    </annotation>
    <annotation annotator="Nicole Vasilevsky" id="MOP+extension_classes_Instance_64" type="identity">
      <class id="GO_MOP_EXT:catalysis" label="catalysis"/>
      <span end="2542" id="16121256-433" start="2532">catalyzing</span>
    </annotation>
    <annotation annotator="Michael Bada" id="MOP_Instance_200091" type="identity">
      <class id="MOP:0000590" label="dehydrogenation"/>
      <span end="2562" id="16121256-457" start="2547">dehydrogenation</span>
    </annotation>
    <annotation annotator="Michael Bada" id="MOP_Instance_200080" type="identity">
      <class id="MOP:0000568" label="oxidation"/>
      <span end="2922" id="16121256-449" start="2913">oxidation</span>
    </annotation>
    <annotation annotator="Michael Bada" id="MOP_Instance_200084" type="identity">
      <class id="MOP:0000615" label="electron transfer"/>
      <span end="9929" id="16121256-453" start="9911">electron transport</span>
    </annotation>
    <annotation annotator="Michael Bada" id="MOP_Instance_200103" type="identity">
      <class id="MOP:0000569" label="reduction"/>
      <span end="9958" id="16121256-467" start="9949">reduction</span>
    </annotation>
    <annotation annotator="Michael Bada" id="MOP_Instance_200093" type="identity">
      <class id="MOP:0000590" label="dehydrogenation"/>
      <span end="10099" id="16121256-459" start="10086">dehydrogenate</span>
    </annotation>
    <annotation annotator="Michael Bada" id="MOP_Instance_200095" type="identity">
      <class id="MOP:0000590" label="dehydrogenation"/>
      <span end="10238" id="16121256-461" start="10223">dehydrogenation</span>
    </annotation>
    <annotation annotator="Michael Bada" id="MOP_Instance_200105" type="identity">
      <class id="MOP:0000569" label="reduction"/>
      <span end="17057" id="16121256-469" start="17048">reduction</span>
    </annotation>
    <annotation annotator="Michael Bada" id="MOP_Instance_200097" type="identity">
      <class id="MOP:0000590" label="dehydrogenation"/>
      <span end="17223" id="16121256-463" start="17210">dehydrogenate</span>
    </annotation>
    <annotation annotator="Michael Bada" id="MOP_Instance_200082" type="identity">
      <class id="MOP:0000568" label="oxidation"/>
      <span end="20421" id="16121256-451" start="20412">oxidation</span>
    </annotation>
    <annotation annotator="Michael Bada" id="MOP_Instance_200008" type="identity">
      <class id="MOP:0000779" label="formation of covalent bond"/>
      <span end="25963" id="16121256-435" start="25953">conjugated</span>
    </annotation>
    <annotation annotator="Michael Bada" id="MOP_Instance_200101" type="identity">
      <class id="MOP:0000569" label="reduction"/>
      <span end="26359" id="16121256-465" start="26350">reduction</span>
    </annotation>
    <annotation annotator="Michael Bada" id="MOP_Instance_200086" type="identity">
      <class id="MOP:0000615" label="electron transfer"/>
      <span end="29348" id="16121256-455" start="29330">electron transport</span>
    </annotation>
    <graph-space id="Old Knowtator Relations"/>
  </document>
</knowtator-project>
