<?xml version="1.0" encoding="UTF-8" standalone="no"?>
<knowtator-project>
  <document id="16216087" text-file="16216087.txt">
    <annotation annotator="Michael Bada" id="MOP_Instance_200062" type="identity">
      <class id="MOP:0000779" label="formation of covalent bond"/>
      <span end="47898" id="16216087-472" start="47891">coupled</span>
    </annotation>
    <annotation annotator="Michael Bada" id="MOP_Instance_200064" type="identity">
      <class id="MOP:0000779" label="formation of covalent bond"/>
      <span end="47956" id="16216087-474" start="47949">coupled</span>
    </annotation>
    <graph-space id="Old Knowtator Relations"/>
  </document>
</knowtator-project>
