<?xml version="1.0" encoding="UTF-8" standalone="no"?>
<knowtator-project>
  <document id="16255782" text-file="16255782.txt">
    <annotation annotator="Nicole Vasilevsky" id="MOP_Instance_300109" type="identity">
      <class id="CHEBI_MOP_EXT:oxidising_agent_or_oxidation" label="oxidation or oxidizing agent"/>
      <span end="54" id="16255782-524" start="47">oxidant</span>
    </annotation>
    <annotation annotator="Nicole Vasilevsky" id="MOP_Instance_300111" type="identity">
      <class id="CHEBI_MOP_EXT:oxidising_agent_or_oxidation" label="oxidation or oxidizing agent"/>
      <span end="427" id="16255782-526" start="420">oxidant</span>
    </annotation>
    <annotation annotator="Nicole Vasilevsky" id="MOP_Instance_300113" type="identity">
      <class id="CHEBI_MOP_EXT:oxidising_agent_or_oxidation" label="oxidation or oxidizing agent"/>
      <span end="713" id="16255782-528" start="706">oxidant</span>
    </annotation>
    <annotation annotator="Nicole Vasilevsky" id="MOP_Instance_300115" type="identity">
      <class id="CHEBI_MOP_EXT:oxidising_agent_or_oxidation" label="oxidation or oxidizing agent"/>
      <span end="770" id="16255782-530" start="763">oxidant</span>
    </annotation>
    <annotation annotator="Nicole Vasilevsky" id="MOP_Instance_300117" type="identity">
      <class id="CHEBI_MOP_EXT:oxidising_agent_or_oxidation" label="oxidation or oxidizing agent"/>
      <span end="1114" id="16255782-532" start="1107">oxidant</span>
    </annotation>
    <annotation annotator="Nicole Vasilevsky" id="MOP_Instance_300119" type="identity">
      <class id="CHEBI_MOP_EXT:oxidising_agent_or_oxidation" label="oxidation or oxidizing agent"/>
      <span end="1285" id="16255782-534" start="1278">oxidant</span>
    </annotation>
    <annotation annotator="Nicole Vasilevsky" id="MOP_Instance_300121" type="identity">
      <class id="CHEBI_MOP_EXT:oxidising_agent_or_oxidation" label="oxidation or oxidizing agent"/>
      <span end="1515" id="16255782-536" start="1508">oxidant</span>
    </annotation>
    <annotation annotator="Nicole Vasilevsky" id="MOP_Instance_300123" type="identity">
      <class id="CHEBI_MOP_EXT:oxidising_agent_or_oxidation" label="oxidation or oxidizing agent"/>
      <span end="2240" id="16255782-538" start="2233">oxidant</span>
    </annotation>
    <annotation annotator="Nicole Vasilevsky" id="MOP_Instance_300125" type="identity">
      <class id="CHEBI_MOP_EXT:oxidising_agent_or_oxidation" label="oxidation or oxidizing agent"/>
      <span end="2416" id="16255782-540" start="2409">oxidant</span>
    </annotation>
    <annotation annotator="Nicole Vasilevsky" id="MOP_Instance_300127" type="identity">
      <class id="CHEBI_MOP_EXT:oxidising_agent_or_oxidation" label="oxidation or oxidizing agent"/>
      <span end="2721" id="16255782-542" start="2714">oxidant</span>
    </annotation>
    <annotation annotator="Nicole Vasilevsky" id="MOP_Instance_300129" type="identity">
      <class id="CHEBI_MOP_EXT:oxidising_agent_or_oxidation" label="oxidation or oxidizing agent"/>
      <span end="3023" id="16255782-544" start="3016">oxidant</span>
    </annotation>
    <annotation annotator="Nicole Vasilevsky" id="MOP_Instance_300131" type="identity">
      <class id="CHEBI_MOP_EXT:oxidising_agent_or_oxidation" label="oxidation or oxidizing agent"/>
      <span end="3501" id="16255782-546" start="3494">oxidant</span>
    </annotation>
    <annotation annotator="Nicole Vasilevsky" id="MOP_Instance_300133" type="identity">
      <class id="CHEBI_MOP_EXT:oxidising_agent_or_oxidation" label="oxidation or oxidizing agent"/>
      <span end="3702" id="16255782-548" start="3695">oxidant</span>
    </annotation>
    <annotation annotator="Nicole Vasilevsky" id="MOP_Instance_300135" type="identity">
      <class id="CHEBI_MOP_EXT:oxidising_agent_or_oxidation" label="oxidation or oxidizing agent"/>
      <span end="3853" id="16255782-550" start="3846">oxidant</span>
    </annotation>
    <annotation annotator="Nicole Vasilevsky" id="MOP_Instance_300137" type="identity">
      <class id="CHEBI_MOP_EXT:oxidising_agent_or_oxidation" label="oxidation or oxidizing agent"/>
      <span end="3986" id="16255782-552" start="3979">oxidant</span>
    </annotation>
    <annotation annotator="Nicole Vasilevsky" id="MOP_Instance_300139" type="identity">
      <class id="CHEBI_MOP_EXT:oxidising_agent_or_oxidation" label="oxidation or oxidizing agent"/>
      <span end="4438" id="16255782-554" start="4431">oxidant</span>
    </annotation>
    <annotation annotator="Nicole Vasilevsky" id="MOP_Instance_300141" type="identity">
      <class id="CHEBI_MOP_EXT:oxidising_agent_or_oxidation" label="oxidation or oxidizing agent"/>
      <span end="4901" id="16255782-556" start="4894">oxidant</span>
    </annotation>
    <annotation annotator="Nicole Vasilevsky" id="MOP_Instance_300143" type="identity">
      <class id="CHEBI_MOP_EXT:oxidising_agent_or_oxidation" label="oxidation or oxidizing agent"/>
      <span end="8581" id="16255782-558" start="8574">oxidant</span>
    </annotation>
    <annotation annotator="Nicole Vasilevsky" id="MOP_Instance_300145" type="identity">
      <class id="CHEBI_MOP_EXT:oxidising_agent_or_oxidation" label="oxidation or oxidizing agent"/>
      <span end="8768" id="16255782-560" start="8761">oxidant</span>
    </annotation>
    <annotation annotator="Nicole Vasilevsky" id="MOP_Instance_300147" type="identity">
      <class id="CHEBI_MOP_EXT:oxidising_agent_or_oxidation" label="oxidation or oxidizing agent"/>
      <span end="9174" id="16255782-562" start="9167">oxidant</span>
    </annotation>
    <annotation annotator="Nicole Vasilevsky" id="MOP_Instance_300149" type="identity">
      <class id="CHEBI_MOP_EXT:oxidising_agent_or_oxidation" label="oxidation or oxidizing agent"/>
      <span end="10773" id="16255782-564" start="10766">oxidant</span>
    </annotation>
    <annotation annotator="Nicole Vasilevsky" id="MOP_Instance_300151" type="identity">
      <class id="CHEBI_MOP_EXT:oxidising_agent_or_oxidation" label="oxidation or oxidizing agent"/>
      <span end="11609" id="16255782-566" start="11602">oxidant</span>
    </annotation>
    <annotation annotator="Nicole Vasilevsky" id="MOP_Instance_300153" type="identity">
      <class id="CHEBI_MOP_EXT:oxidising_agent_or_oxidation" label="oxidation or oxidizing agent"/>
      <span end="11800" id="16255782-568" start="11793">oxidant</span>
    </annotation>
    <annotation annotator="Nicole Vasilevsky" id="MOP_Instance_300155" type="identity">
      <class id="CHEBI_MOP_EXT:oxidising_agent_or_oxidation" label="oxidation or oxidizing agent"/>
      <span end="13627" id="16255782-570" start="13620">oxidant</span>
    </annotation>
    <annotation annotator="Nicole Vasilevsky" id="MOP_Instance_300157" type="identity">
      <class id="CHEBI_MOP_EXT:oxidising_agent_or_oxidation" label="oxidation or oxidizing agent"/>
      <span end="14135" id="16255782-572" start="14128">oxidant</span>
    </annotation>
    <annotation annotator="Nicole Vasilevsky" id="MOP_Instance_300159" type="identity">
      <class id="CHEBI_MOP_EXT:oxidising_agent_or_oxidation" label="oxidation or oxidizing agent"/>
      <span end="14332" id="16255782-574" start="14325">oxidant</span>
    </annotation>
    <annotation annotator="Nicole Vasilevsky" id="MOP_Instance_300161" type="identity">
      <class id="CHEBI_MOP_EXT:oxidising_agent_or_oxidation" label="oxidation or oxidizing agent"/>
      <span end="14798" id="16255782-576" start="14791">oxidant</span>
    </annotation>
    <annotation annotator="Nicole Vasilevsky" id="MOP_Instance_300163" type="identity">
      <class id="CHEBI_MOP_EXT:oxidising_agent_or_oxidation" label="oxidation or oxidizing agent"/>
      <span end="14918" id="16255782-578" start="14911">oxidant</span>
    </annotation>
    <annotation annotator="Nicole Vasilevsky" id="MOP_Instance_300165" type="identity">
      <class id="CHEBI_MOP_EXT:oxidising_agent_or_oxidation" label="oxidation or oxidizing agent"/>
      <span end="15031" id="16255782-580" start="15024">oxidant</span>
    </annotation>
    <annotation annotator="Nicole Vasilevsky" id="MOP_Instance_300167" type="identity">
      <class id="CHEBI_MOP_EXT:oxidising_agent_or_oxidation" label="oxidation or oxidizing agent"/>
      <span end="15336" id="16255782-582" start="15329">oxidant</span>
    </annotation>
    <annotation annotator="Nicole Vasilevsky" id="MOP_Instance_300169" type="identity">
      <class id="CHEBI_MOP_EXT:oxidising_agent_or_oxidation" label="oxidation or oxidizing agent"/>
      <span end="16412" id="16255782-584" start="16405">oxidant</span>
    </annotation>
    <annotation annotator="Nicole Vasilevsky" id="MOP_Instance_300171" type="identity">
      <class id="CHEBI_MOP_EXT:oxidising_agent_or_oxidation" label="oxidation or oxidizing agent"/>
      <span end="16659" id="16255782-586" start="16652">oxidant</span>
    </annotation>
    <annotation annotator="Nicole Vasilevsky" id="MOP_Instance_300173" type="identity">
      <class id="CHEBI_MOP_EXT:oxidising_agent_or_oxidation" label="oxidation or oxidizing agent"/>
      <span end="16981" id="16255782-588" start="16974">oxidant</span>
    </annotation>
    <annotation annotator="Nicole Vasilevsky" id="MOP_Instance_300175" type="identity">
      <class id="CHEBI_MOP_EXT:oxidising_agent_or_oxidation" label="oxidation or oxidizing agent"/>
      <span end="17302" id="16255782-590" start="17295">oxidant</span>
    </annotation>
    <annotation annotator="Nicole Vasilevsky" id="MOP_Instance_300177" type="identity">
      <class id="CHEBI_MOP_EXT:oxidising_agent_or_oxidation" label="oxidation or oxidizing agent"/>
      <span end="17485" id="16255782-592" start="17478">oxidant</span>
    </annotation>
    <annotation annotator="Nicole Vasilevsky" id="MOP_Instance_300179" type="identity">
      <class id="CHEBI_MOP_EXT:oxidising_agent_or_oxidation" label="oxidation or oxidizing agent"/>
      <span end="18159" id="16255782-594" start="18152">oxidant</span>
    </annotation>
    <annotation annotator="Nicole Vasilevsky" id="MOP_Instance_300181" type="identity">
      <class id="CHEBI_MOP_EXT:oxidising_agent_or_oxidation" label="oxidation or oxidizing agent"/>
      <span end="18369" id="16255782-596" start="18362">oxidant</span>
    </annotation>
    <annotation annotator="Nicole Vasilevsky" id="MOP_Instance_300183" type="identity">
      <class id="CHEBI_MOP_EXT:oxidising_agent_or_oxidation" label="oxidation or oxidizing agent"/>
      <span end="18593" id="16255782-598" start="18586">oxidant</span>
    </annotation>
    <annotation annotator="Nicole Vasilevsky" id="MOP_Instance_300185" type="identity">
      <class id="CHEBI_MOP_EXT:oxidising_agent_or_oxidation" label="oxidation or oxidizing agent"/>
      <span end="18824" id="16255782-600" start="18817">oxidant</span>
    </annotation>
    <annotation annotator="Nicole Vasilevsky" id="MOP_Instance_300187" type="identity">
      <class id="CHEBI_MOP_EXT:oxidising_agent_or_oxidation" label="oxidation or oxidizing agent"/>
      <span end="19040" id="16255782-602" start="19033">oxidant</span>
    </annotation>
    <annotation annotator="Nicole Vasilevsky" id="MOP_Instance_300189" type="identity">
      <class id="CHEBI_MOP_EXT:oxidising_agent_or_oxidation" label="oxidation or oxidizing agent"/>
      <span end="21455" id="16255782-604" start="21448">oxidant</span>
    </annotation>
    <annotation annotator="Nicole Vasilevsky" id="MOP_Instance_300191" type="identity">
      <class id="CHEBI_MOP_EXT:oxidising_agent_or_oxidation" label="oxidation or oxidizing agent"/>
      <span end="22562" id="16255782-606" start="22555">oxidant</span>
    </annotation>
    <annotation annotator="Nicole Vasilevsky" id="MOP_Instance_300193" type="identity">
      <class id="CHEBI_MOP_EXT:oxidising_agent_or_oxidation" label="oxidation or oxidizing agent"/>
      <span end="22697" id="16255782-608" start="22690">oxidant</span>
    </annotation>
    <annotation annotator="Nicole Vasilevsky" id="MOP_Instance_300195" type="identity">
      <class id="CHEBI_MOP_EXT:oxidising_agent_or_oxidation" label="oxidation or oxidizing agent"/>
      <span end="26333" id="16255782-610" start="26326">oxidant</span>
    </annotation>
    <annotation annotator="Nicole Vasilevsky" id="MOP_Instance_300197" type="identity">
      <class id="CHEBI_MOP_EXT:oxidising_agent_or_oxidation" label="oxidation or oxidizing agent"/>
      <span end="26900" id="16255782-612" start="26893">oxidant</span>
    </annotation>
    <annotation annotator="Nicole Vasilevsky" id="MOP_Instance_300199" type="identity">
      <class id="CHEBI_MOP_EXT:oxidising_agent_or_oxidation" label="oxidation or oxidizing agent"/>
      <span end="27139" id="16255782-614" start="27132">oxidant</span>
    </annotation>
    <annotation annotator="Nicole Vasilevsky" id="MOP_Instance_300201" type="identity">
      <class id="CHEBI_MOP_EXT:oxidising_agent_or_oxidation" label="oxidation or oxidizing agent"/>
      <span end="27586" id="16255782-616" start="27579">oxidant</span>
    </annotation>
    <graph-space id="Old Knowtator Relations"/>
  </document>
</knowtator-project>
