<?xml version="1.0" encoding="UTF-8" standalone="no"?>
<knowtator-project>
  <document id="16279840" text-file="16279840.txt">
    <annotation annotator="Michael Bada" id="MOP_Instance_220044" type="identity">
      <class id="MOP:0000780" label="breaking of covalent bond"/>
      <span end="166" id="16279840-630" start="160">cleave</span>
    </annotation>
    <annotation annotator="Michael Bada" id="MOP_Instance_220052" type="identity">
      <class id="MOP:0000780" label="breaking of covalent bond"/>
      <span end="3722" id="16279840-638" start="3714">cleaving</span>
    </annotation>
    <annotation annotator="Michael Bada" id="MOP_Instance_220046" type="identity">
      <class id="MOP:0000780" label="breaking of covalent bond"/>
      <span end="3769" id="16279840-632" start="3763">cleave</span>
    </annotation>
    <annotation annotator="Michael Bada" id="MOP_Instance_220048" type="identity">
      <class id="MOP:0000780" label="breaking of covalent bond"/>
      <span end="3946" id="16279840-634" start="3938">cleaving</span>
    </annotation>
    <annotation annotator="Michael Bada" id="MOP_Instance_220050" type="identity">
      <class id="MOP:0000780" label="breaking of covalent bond"/>
      <span end="4138" id="16279840-636" start="4130">cleaving</span>
    </annotation>
    <annotation annotator="Michael Bada" id="MOP_Instance_220011" type="identity">
      <class id="MOP:0000780" label="breaking of covalent bond"/>
      <span end="6825" id="16279840-628" start="6822">cut</span>
    </annotation>
    <annotation annotator="Michael Bada" id="MOP_Instance_220007" type="identity">
      <class id="MOP:0000779" label="formation of covalent bond"/>
      <span end="12682" id="16279840-624" start="12672">conjugated</span>
    </annotation>
    <annotation annotator="Michael Bada" id="MOP_Instance_190001" type="identity">
      <class id="MOP:0000779" label="formation of covalent bond"/>
      <span end="13574" id="16279840-620" start="13568">linked</span>
    </annotation>
    <annotation annotator="Michael Bada" id="MOP_Instance_220009" type="identity">
      <class id="MOP:0000779" label="formation of covalent bond"/>
      <span end="18133" id="16279840-626" start="18123">conjugated</span>
    </annotation>
    <annotation annotator="Michael Bada" id="MOP_Instance_220054" type="identity">
      <class id="MOP:0000780" label="breaking of covalent bond"/>
      <span end="43205" id="16279840-640" start="43197">cleavage</span>
    </annotation>
    <annotation annotator="Michael Bada" id="MOP_Instance_200001" type="identity">
      <class id="MOP:0000780" label="breaking of covalent bond"/>
      <span end="56286" id="16279840-622" start="56283">cut</span>
    </annotation>
    <annotation annotator="Michael Bada" id="MOP_Instance_220056" type="identity">
      <class id="MOP:0000780" label="breaking of covalent bond"/>
      <span end="66769" id="16279840-642" start="66761">cleavage</span>
    </annotation>
    <graph-space id="Old Knowtator Relations"/>
  </document>
</knowtator-project>
