<?xml version="1.0" encoding="UTF-8" standalone="no"?>
<knowtator-project>
  <document id="16433929" text-file="16433929.txt">
    <annotation annotator="Nicole Vasilevsky" id="MOP+extension_classes_Instance_75" type="identity">
      <class id="GO_MOP_EXT:catalysis" label="catalysis"/>
      <span end="315" id="16433929-649" start="306">catalytic</span>
    </annotation>
    <annotation annotator="Nicole Vasilevsky" id="MOP+extension_classes_Instance_77" type="identity">
      <class id="GO_MOP_EXT:catalysis" label="catalysis"/>
      <span end="1922" id="16433929-651" start="1913">catalytic</span>
    </annotation>
    <annotation annotator="Nicole Vasilevsky" id="MOP+extension_classes_Instance_79" type="identity">
      <class id="GO_MOP_EXT:catalysis" label="catalysis"/>
      <span end="5960" id="16433929-653" start="5951">catalytic</span>
    </annotation>
    <annotation annotator="Nicole Vasilevsky" id="MOP+extension_classes_Instance_81" type="identity">
      <class id="GO_MOP_EXT:catalysis" label="catalysis"/>
      <span end="17389" id="16433929-655" start="17380">catalytic</span>
    </annotation>
    <annotation annotator="Nicole Vasilevsky" id="MOP+extension_classes_Instance_83" type="identity">
      <class id="GO_MOP_EXT:catalysis" label="catalysis"/>
      <span end="17783" id="16433929-657" start="17774">catalytic</span>
    </annotation>
    <annotation annotator="Michael Bada" id="MOP_Instance_220042" type="identity">
      <class id="MOP:0000780" label="breaking of covalent bond"/>
      <span end="21527" id="16433929-661" start="21521">cleave</span>
    </annotation>
    <annotation annotator="Nicole Vasilevsky" id="MOP+extension_classes_Instance_85" type="identity">
      <class id="GO_MOP_EXT:catalysis" label="catalysis"/>
      <span end="30518" id="16433929-659" start="30509">catalytic</span>
    </annotation>
    <graph-space id="Old Knowtator Relations"/>
  </document>
</knowtator-project>
