<?xml version="1.0" encoding="UTF-8" standalone="no"?>
<knowtator-project>
  <document id="16504143" text-file="16504143.txt">
    <annotation annotator="Nicole Vasilevsky" id="MOP+extension_classes_Instance_88" type="identity">
      <class id="GO_MOP_EXT:catalysis" label="catalysis"/>
      <span end="1578" id="16504143-666" start="1565">catalytically</span>
    </annotation>
    <annotation annotator="Nicole Vasilevsky" id="MOP+extension_classes_Instance_90" type="identity">
      <class id="GO_MOP_EXT:catalysis" label="catalysis"/>
      <span end="3066" id="16504143-668" start="3057">catalytic</span>
    </annotation>
    <annotation annotator="Nicole Vasilevsky" id="MOP_Instance_10040" type="identity">
      <class id="GO_MOP_EXT:glycosylation" label="glycosylation"/>
      <span end="19975" id="16504143-670" start="19963">glycosylated</span>
    </annotation>
    <graph-space id="Old Knowtator Relations"/>
  </document>
</knowtator-project>
