<?xml version="1.0" encoding="UTF-8" standalone="no"?>
<knowtator-project>
    <document id="16507151" text-file="16507151.txt">
        <annotation annotator="Michael Bada" id="MOP_Instance_230034" type="identity">
            <class id="MOP:0000629" label="polymerisation"/>
            <span end="7918" id="16507151-680" start="7904">polymerization</span>
        </annotation>
        <annotation annotator="Michael Bada" id="MOP_Instance_230052" type="identity">
            <class id="MOP:0000779" label="formation of covalent bond"/>
            <span end="9262" id="16507151-684" start="9255">coupled</span>
        </annotation>
        <annotation annotator="Michael Bada" id="MOP_Instance_230048" type="identity">
            <class id="MOP:0000779" label="formation of covalent bond"/>
            <span end="9612" id="16507151-682" start="9602">conjugated</span>
        </annotation>
        <annotation annotator="Michael Bada" id="MOP_Instance_200000" type="identity">
            <class id="MOP:0000635" label="chain reaction"/>
            <span end="18017" id="16507151-678" start="18003">chain reaction</span>
        </annotation>
        <graph-space id="Old Knowtator Relations"/>
    </document>
</knowtator-project>
