<?xml version="1.0" encoding="UTF-8" standalone="no"?>
<knowtator-project>
  <document id="16579849" text-file="16579849.txt">
    <annotation annotator="Michael Bada" id="MOP_Instance_230061" type="identity">
      <class id="MOP:0000568" label="oxidation"/>
      <span end="2315" id="16579849-709" start="2306">oxidative</span>
    </annotation>
    <annotation annotator="Nicole Vasilevsky" id="MOP+extension_classes_Instance_93" type="identity">
      <class id="GO_MOP_EXT:catalysis" label="catalysis"/>
      <span end="3541" id="16579849-703" start="3532">catalytic</span>
    </annotation>
    <annotation annotator="Michael Bada" id="MOP_Instance_230057" type="identity">
      <class id="MOP:0000780" label="breaking of covalent bond"/>
      <span end="3884" id="16579849-707" start="3876">cleavage</span>
    </annotation>
    <annotation annotator="Michael Bada" id="MOP_Instance_230042" type="identity">
      <class id="MOP:0000779" label="formation of covalent bond"/>
      <span end="15951" id="16579849-705" start="15941">conjugated</span>
    </annotation>
    <graph-space id="Old Knowtator Relations"/>
  </document>
</knowtator-project>
