<?xml version="1.0" encoding="UTF-8" standalone="no"?>
<knowtator-project>
  <document id="17002498" text-file="17002498.txt">
    <annotation annotator="Nicole Vasilevsky" id="MOP+extension_classes_Instance_99" type="identity">
      <class id="GO_MOP_EXT:catalysis" label="catalysis"/>
      <span end="49333" id="17002498-783" start="49324">catalyzes</span>
    </annotation>
    <annotation annotator="Michael Bada" id="MOP_Instance_230032" type="identity">
      <class id="MOP:0000093" label="biotinylation"/>
      <span end="52537" id="17002498-785" start="52525">Biotinylated</span>
    </annotation>
    <graph-space id="Old Knowtator Relations"/>
  </document>
</knowtator-project>
