<?xml version="1.0" encoding="UTF-8" standalone="no"?>
<knowtator-project>
  <document id="17020410" text-file="17020410.txt">
    <annotation annotator="Michael Bada" id="MOP_Instance_240032" type="identity">
      <class id="MOP:0000780" label="breaking of covalent bond"/>
      <span end="20360" id="17020410-789" start="20352">Incision</span>
    </annotation>
    <annotation annotator="Michael Bada" id="MOP_Instance_240034" type="identity">
      <class id="MOP:0000780" label="breaking of covalent bond"/>
      <span end="34882" id="17020410-791" start="34874">incision</span>
    </annotation>
    <annotation annotator="Michael Bada" id="MOP_Instance_240036" type="identity">
      <class id="MOP:0000780" label="breaking of covalent bond"/>
      <span end="35413" id="17020410-793" start="35405">incision</span>
    </annotation>
    <graph-space id="Old Knowtator Relations"/>
  </document>
</knowtator-project>
