<?xml version="1.0" encoding="UTF-8" standalone="no"?>
<knowtator-project>
  <document id="17069463" text-file="17069463.txt">
    <annotation annotator="Michael Bada" id="MOP_Instance_240002" type="identity">
      <class id="MOP:0000779" label="formation of covalent bond"/>
      <span end="5349" id="17069463-810" start="5338">conjugating</span>
    </annotation>
    <annotation annotator="Michael Bada" id="MOP_Instance_250004" type="identity">
      <class id="MOP:0000780" label="breaking of covalent bond"/>
      <span end="10395" id="17069463-812" start="10387">cleavage</span>
    </annotation>
    <annotation annotator="Nicole Vasilevsky" id="MOP+extension_classes_Instance_103" type="identity">
      <class id="GO_MOP_EXT:catalysis" label="catalysis"/>
      <span end="20946" id="17069463-806" start="20936">catalyzing</span>
    </annotation>
    <annotation annotator="Nicole Vasilevsky" id="MOP+extension_classes_Instance_105" type="identity">
      <class id="GO_MOP_EXT:catalysis" label="catalysis"/>
      <span end="32110" id="17069463-808" start="32101">catalysis</span>
    </annotation>
    <annotation annotator="Michael Bada" id="MOP_Instance_250009" type="identity">
      <class id="MOP:0000779" label="formation of covalent bond"/>
      <span end="34862" id="17069463-814" start="34851">conjugating</span>
    </annotation>
    <annotation annotator="Michael Bada" id="MOP_Instance_250011" type="identity">
      <class id="MOP:0000779" label="formation of covalent bond"/>
      <span end="45999" id="17069463-816" start="45989">conjugated</span>
    </annotation>
    <graph-space id="Old Knowtator Relations"/>
  </document>
</knowtator-project>
