<?xml version="1.0" encoding="UTF-8" standalone="no"?>
<knowtator-project>
  <document id="17083276" text-file="17083276.txt">
    <annotation annotator="Nicole Vasilevsky" id="MOP_Instance_55" type="identity">
      <class id="GO_MOP_EXT:methylation" label="methylation"/>
      <span end="1446" id="17083276-828" start="1435">methylation</span>
    </annotation>
    <annotation annotator="Nicole Vasilevsky" id="MOP_Instance_57" type="identity">
      <class id="GO_MOP_EXT:methylation" label="methylation"/>
      <span end="3490" id="17083276-830" start="3479">methylation</span>
    </annotation>
    <annotation annotator="Nicole Vasilevsky" id="MOP_Instance_59" type="identity">
      <class id="GO_MOP_EXT:methylation" label="methylation"/>
      <span end="15877" id="17083276-832" start="15866">methylation</span>
    </annotation>
    <annotation annotator="Nicole Vasilevsky" id="MOP_Instance_61" type="identity">
      <class id="GO_MOP_EXT:methylation" label="methylation"/>
      <span end="16108" id="17083276-834" start="16097">methylation</span>
    </annotation>
    <annotation annotator="Nicole Vasilevsky" id="MOP_Instance_63" type="identity">
      <class id="GO_MOP_EXT:methylation" label="methylation"/>
      <span end="16198" id="17083276-836" start="16187">methylation</span>
    </annotation>
    <annotation annotator="Nicole Vasilevsky" id="MOP_Instance_65" type="identity">
      <class id="GO_MOP_EXT:methylation" label="methylation"/>
      <span end="16512" id="17083276-838" start="16501">methylation</span>
    </annotation>
    <annotation annotator="Nicole Vasilevsky" id="MOP_Instance_67" type="identity">
      <class id="GO_MOP_EXT:methylation" label="methylation"/>
      <span end="21775" id="17083276-840" start="21764">methylation</span>
    </annotation>
    <annotation annotator="Nicole Vasilevsky" id="MOP_Instance_69" type="identity">
      <class id="GO_MOP_EXT:methylation" label="methylation"/>
      <span end="21891" id="17083276-842" start="21880">methylation</span>
    </annotation>
    <annotation annotator="Nicole Vasilevsky" id="MOP_Instance_71" type="identity">
      <class id="GO_MOP_EXT:methylation" label="methylation"/>
      <span end="24551" id="17083276-844" start="24540">methylation</span>
    </annotation>
    <annotation annotator="Nicole Vasilevsky" id="MOP_Instance_73" type="identity">
      <class id="GO_MOP_EXT:methylation" label="methylation"/>
      <span end="41467" id="17083276-846" start="41456">Methylation</span>
    </annotation>
    <graph-space id="Old Knowtator Relations"/>
  </document>
</knowtator-project>
