<?xml version="1.0" encoding="UTF-8" standalone="no"?>
<knowtator-project>
  <document id="17447844" text-file="17447844.txt">
    <annotation annotator="Nicole Vasilevsky" id="MOP_Instance_75" type="identity">
      <class id="GO_MOP_EXT:methylation" label="methylation"/>
      <span end="1243" id="17447844-869" start="1232">methylation</span>
    </annotation>
    <annotation annotator="Nicole Vasilevsky" id="MOP_Instance_77" type="identity">
      <class id="GO_MOP_EXT:methylation" label="methylation"/>
      <span end="34112" id="17447844-871" start="34102">methylated</span>
    </annotation>
    <annotation annotator="Nicole Vasilevsky" id="MOP_Instance_79" type="identity">
      <class id="GO_MOP_EXT:methylation" label="methylation"/>
      <span end="34129" id="17447844-873" start="34119">methylated</span>
    </annotation>
    <annotation annotator="Michael Bada" id="MOP_Instance_260008" type="identity">
      <class id="MOP:0000780" label="breaking of covalent bond"/>
      <span end="35216" id="17447844-867" start="35210">breaks</span>
    </annotation>
    <graph-space id="Old Knowtator Relations"/>
  </document>
</knowtator-project>
