<?xml version="1.0" encoding="UTF-8" standalone="no"?>
<knowtator-project>
  <document id="17590087" text-file="17590087.txt">
    <annotation annotator="Nicole Vasilevsky" id="MOP_Instance_270005" type="identity">
      <class id="MOP:0000569" label="reduction"/>
      <span end="17790" id="17590087-877" start="17782">reducing</span>
    </annotation>
    <annotation annotator="Nicole Vasilevsky" id="MOP_Instance_270007" type="identity">
      <class id="MOP:0000569" label="reduction"/>
      <span end="24554" id="17590087-879" start="24546">reducing</span>
    </annotation>
    <graph-space id="Old Knowtator Relations"/>
  </document>
</knowtator-project>
