<?xml version="1.0" encoding="UTF-8" standalone="no"?>
<knowtator-project>
  <document id="17696610" text-file="17696610.txt">
    <annotation annotator="Michael Bada" id="MOP_Instance_260060" type="identity">
      <class id="MOP:0000780" label="breaking of covalent bond"/>
      <span end="2610" id="17696610-889" start="2604">broken</span>
    </annotation>
    <annotation annotator="Michael Bada" id="MOP_Instance_260062" type="identity">
      <class id="MOP:0000780" label="breaking of covalent bond"/>
      <span end="3315" id="17696610-891" start="3309">breaks</span>
    </annotation>
    <annotation annotator="Michael Bada" id="MOP_Instance_260064" type="identity">
      <class id="MOP:0000780" label="breaking of covalent bond"/>
      <span end="3817" id="17696610-893" start="3811">breaks</span>
    </annotation>
    <annotation annotator="Michael Bada" id="MOP_Instance_260066" type="identity">
      <class id="MOP:0000779" label="formation of covalent bond"/>
      <span end="8889" id="17696610-895" start="8879">conjugated</span>
    </annotation>
    <annotation annotator="Michael Bada" id="MOP_Instance_260068" type="identity">
      <class id="MOP:0000629" label="polymerisation"/>
      <span end="27916" id="17696610-897" start="27902">polymerization</span>
    </annotation>
    <annotation annotator="Michael Bada" id="MOP_Instance_260070" type="identity">
      <class id="MOP:0000780" label="breaking of covalent bond"/>
      <span end="32248" id="17696610-899" start="32242">breaks</span>
    </annotation>
    <annotation annotator="Michael Bada" id="MOP_Instance_260072" type="identity">
      <class id="MOP:0000779" label="formation of covalent bond"/>
      <span end="42103" id="17696610-901" start="42093">conjugated</span>
    </annotation>
    <annotation annotator="Michael Bada" id="MOP_Instance_260074" type="identity">
      <class id="MOP:0000779" label="formation of covalent bond"/>
      <span end="45103" id="17696610-903" start="45093">conjugated</span>
    </annotation>
    <annotation annotator="Michael Bada" id="MOP_Instance_260076" type="identity">
      <class id="MOP:0000629" label="polymerisation"/>
      <span end="47527" id="17696610-905" start="47513">polymerization</span>
    </annotation>
    <annotation annotator="Michael Bada" id="MOP_Instance_260078" type="identity">
      <class id="MOP:0000780" label="breaking of covalent bond"/>
      <span end="47611" id="17696610-907" start="47606">break</span>
    </annotation>
    <graph-space id="Old Knowtator Relations"/>
  </document>
</knowtator-project>
