<?xml version="1.0" encoding="UTF-8" standalone="no"?>
<knowtator-project>
    <document id="11897010" text-file="11897010.txt">
        <annotation annotator="Mike Bada, University of Colorado School of Medicine" id="SO_2017_06_11_Instance_41947" type="identity">
            <class id="SO:0000704" label="gene"/>
            <span end="53" id="11897010-327" start="49">gene</span>
        </annotation>
        <annotation annotator="" id="SO_2017_06_11_Instance_130302" type="identity">
            <class id="SO:1001187" label="alternatively_spliced_transcript"/>
            <span end="97" id="11897010-222" start="65">alternatively spliced transcript</span>
        </annotation>
        <annotation annotator="Mike Bada, University of Colorado School of Medicine" id="SO_2017_06_11_Instance_41951" type="identity">
            <class id="SO:0000704" label="gene"/>
            <span end="313" id="11897010-329" start="309">gene</span>
        </annotation>
        <annotation annotator="Mike Bada, University of Colorado School of Medicine" id="SO_2017_06_11_Instance_25107" type="identity">
            <class id="SO:0000853" label="homologous_region"/>
            <span end="499" id="11897010-271" start="490">homologue</span>
        </annotation>
        <annotation annotator="Mike Bada, University of Colorado School of Medicine" id="SO_2017_06_11_Instance_41955" type="identity">
            <class id="SO:0000704" label="gene"/>
            <span end="606" id="11897010-331" start="601">genes</span>
        </annotation>
        <annotation annotator="Mike Bada, University of Colorado School of Medicine" id="SO_2017_06_11_Instance_18051" type="identity">
            <class id="SO:0000860" label="syntenic"/>
            <span end="639" id="11897010-237" start="632">synteny</span>
        </annotation>
        <annotation annotator="Mike Bada, University of Colorado School of Medicine" id="SO_2017_06_11_Instance_41961" type="identity">
            <class id="SO:0000236" label="ORF"/>
            <span end="776" id="11897010-333" start="758">open reading frame</span>
        </annotation>
        <annotation annotator="Mike Bada, University of Colorado School of Medicine" id="SO_2017_06_11_Instance_41965" type="identity">
            <class id="SO:0000673" label="transcript"/>
            <span end="814" id="11897010-335" start="804">transcript</span>
        </annotation>
        <annotation annotator="Mike Bada, University of Colorado School of Medicine" id="SO_2017_06_11_Instance_41967" type="identity">
            <class id="SO:0000147" label="exon"/>
            <span end="863" id="11897010-337" start="858">exons</span>
        </annotation>
        <annotation annotator="Mike Bada, University of Colorado School of Medicine" id="SO_2017_06_11_Instance_41969" type="identity">
            <class id="SO:0000673" label="transcript"/>
            <span end="913" id="11897010-339" start="903">transcript</span>
        </annotation>
        <annotation annotator="Mike Bada, University of Colorado School of Medicine" id="SO_2017_06_11_Instance_27177" type="identity">
            <class id="SO:0000417" label="polypeptide_domain"/>
            <span end="1123" id="11897010-299" start="1116">domains</span>
        </annotation>
        <annotation annotator="" id="SO_2017_06_11_Instance_120543" type="identity">
            <class id="SO:0001529" label="endosomal_localization_signal"/>
            <span end="1169" id="11897010-212" start="1160">endosomal</span>
            <span end="1196" id="11897010-213" start="1180">targeting signal</span>
        </annotation>
        <annotation annotator="" id="SO_2017_06_11_Instance_120545" type="identity">
            <class id="SO:0001530" label="lysosomal_localization_signal"/>
            <span end="1196" id="11897010-215" start="1170">lysosomal targeting signal</span>
        </annotation>
        <annotation annotator="Mike Bada, University of Colorado School of Medicine" id="SO_2017_06_11_Instance_41981" type="identity">
            <class id="SO:0000673" label="transcript"/>
            <span end="1502" id="11897010-341" start="1491">transcripts</span>
        </annotation>
        <annotation annotator="Mike Bada, University of Colorado School of Medicine" id="SO_2017_06_11_Instance_41983" type="identity">
            <class id="SO:0000704" label="gene"/>
            <span end="1567" id="11897010-343" start="1563">gene</span>
        </annotation>
        <annotation annotator="Mike Bada, University of Colorado School of Medicine" id="SO_2017_06_11_Instance_41985" type="identity">
            <class id="SO:0000704" label="gene"/>
            <span end="2274" id="11897010-345" start="2270">gene</span>
        </annotation>
        <annotation annotator="Mike Bada, University of Colorado School of Medicine" id="SO_2017_06_11_Instance_41987" type="identity">
            <class id="SO:0000704" label="gene"/>
            <span end="2534" id="11897010-347" start="2530">gene</span>
        </annotation>
        <annotation annotator="Mike Bada, University of Colorado School of Medicine" id="SO_2017_06_11_Instance_41991" type="identity">
            <class id="SO:0000704" label="gene"/>
            <span end="2700" id="11897010-349" start="2696">gene</span>
        </annotation>
        <annotation annotator="Mike Bada, University of Colorado School of Medicine" id="SO_2017_06_11_Instance_25109" type="identity">
            <class id="SO:0000853" label="homologous_region"/>
            <span end="3053" id="11897010-273" start="3044">homologue</span>
        </annotation>
        <annotation annotator="Mike Bada, University of Colorado School of Medicine" id="SO_2017_06_11_Instance_41993" type="identity">
            <class id="SO:0000704" label="gene"/>
            <span end="3227" id="11897010-351" start="3223">gene</span>
        </annotation>
        <annotation annotator="Mike Bada, University of Colorado School of Medicine" id="SO_2017_06_11_Instance_25111" type="identity">
            <class id="SO:0000853" label="homologous_region"/>
            <span end="3308" id="11897010-275" start="3299">homologue</span>
        </annotation>
        <annotation annotator="Mike Bada, University of Colorado School of Medicine" id="SO_2017_06_11_Instance_25113" type="identity">
            <class id="SO:0000853" label="homologous_region"/>
            <span end="3473" id="11897010-277" start="3464">homologue</span>
        </annotation>
        <annotation annotator="Mike Bada, University of Colorado School of Medicine" id="SO_2017_06_11_Instance_25115" type="identity">
            <class id="SO:0000853" label="homologous_region"/>
            <span end="3519" id="11897010-279" start="3510">homologue</span>
        </annotation>
        <annotation annotator="Mike Bada, University of Colorado School of Medicine" id="SO_2017_06_11_Instance_41997" type="identity">
            <class id="SO:0001026" label="genome"/>
            <span end="3604" id="11897010-353" start="3597">genomic</span>
        </annotation>
        <annotation annotator="Mike Bada, University of Colorado School of Medicine" id="SO_2017_06_11_Instance_41999" type="identity">
            <class id="SO:0000153" label="BAC"/>
            <span end="3675" id="11897010-355" start="3672">BAC</span>
        </annotation>
        <annotation annotator="Mike Bada, University of Colorado School of Medicine" id="SO_2017_06_11_Instance_42003" type="identity">
            <class id="SO:0001026" label="genome"/>
            <span end="3753" id="11897010-357" start="3747">Genome</span>
        </annotation>
        <annotation annotator="Mike Bada, University of Colorado School of Medicine" id="SO_2017_06_11_Instance_42005" type="identity">
            <class id="SO:0001026" label="genome"/>
            <span end="3830" id="11897010-359" start="3824">Genome</span>
        </annotation>
        <annotation annotator="Mike Bada, University of Colorado School of Medicine" id="SO_2017_06_11_Instance_42009" type="identity">
            <class id="SO:0000153" label="BAC"/>
            <span end="3872" id="11897010-361" start="3869">BAC</span>
        </annotation>
        <annotation annotator="Mike Bada, University of Colorado School of Medicine" id="SO_2017_06_11_Instance_42013" type="identity">
            <class id="SO:0001249" label="fragment_assembly"/>
            <span end="3937" id="11897010-363" start="3925">physical map</span>
        </annotation>
        <annotation annotator="Mike Bada, University of Colorado School of Medicine" id="SO_2017_06_11_Instance_42017" type="identity">
            <class id="SO:0000153" label="BAC"/>
            <span end="3976" id="11897010-365" start="3973">BAC</span>
        </annotation>
        <annotation annotator="Mike Bada, University of Colorado School of Medicine" id="SO_2017_06_11_Instance_42019" type="identity">
            <class id="SO:0000345" label="EST"/>
            <span end="4020" id="11897010-367" start="4017">EST</span>
        </annotation>
        <annotation annotator="Mike Bada, University of Colorado School of Medicine" id="SO_2017_06_11_Instance_42021" type="identity">
            <class id="SO:0000345" label="EST"/>
            <span end="4061" id="11897010-369" start="4057">ESTs</span>
        </annotation>
        <annotation annotator="Mike Bada, University of Colorado School of Medicine" id="SO_2017_06_11_Instance_42025" type="identity">
            <class id="SO:0001249" label="fragment_assembly"/>
            <span end="4140" id="11897010-371" start="4132">Physical</span>
            <span end="4159" id="11897010-372" start="4156">map</span>
        </annotation>
        <annotation annotator="Mike Bada, University of Colorado School of Medicine" id="SO_2017_06_11_Instance_42027" type="identity">
            <class id="SO:0000673" label="transcript"/>
            <span end="4155" id="11897010-374" start="4145">transcript</span>
        </annotation>
        <annotation annotator="Mike Bada, University of Colorado School of Medicine" id="SO_2017_06_11_Instance_42029" type="identity">
            <class id="SO:0000704" label="gene"/>
            <span end="4178" id="11897010-376" start="4174">gene</span>
        </annotation>
        <annotation annotator="Mike Bada, University of Colorado School of Medicine" id="SO_2017_06_11_Instance_42033" type="identity">
            <class id="SO:0001249" label="fragment_assembly"/>
            <span end="4203" id="11897010-378" start="4191">Physical map</span>
        </annotation>
        <annotation annotator="Mike Bada, University of Colorado School of Medicine" id="SO_2017_06_11_Instance_27199" type="identity">
            <class id="SO:0000860" label="syntenic"/>
            <span end="4260" id="11897010-313" start="4251">syntenous</span>
        </annotation>
        <annotation annotator="Mike Bada, University of Colorado School of Medicine" id="SO_2017_06_11_Instance_42041" type="identity">
            <class id="SO:0000704" label="gene"/>
            <span end="4306" id="11897010-380" start="4301">genes</span>
        </annotation>
        <annotation annotator="Mike Bada, University of Colorado School of Medicine" id="SO_2017_06_11_Instance_42045" type="identity">
            <class id="SO:0000153" label="BAC"/>
            <span end="4356" id="11897010-382" start="4352">BACs</span>
        </annotation>
        <annotation annotator="Mike Bada, University of Colorado School of Medicine" id="SO_2017_06_11_Instance_42047" type="identity">
            <class id="SO:0000673" label="transcript"/>
            <span end="4459" id="11897010-384" start="4449">transcript</span>
        </annotation>
        <annotation annotator="Mike Bada, University of Colorado School of Medicine" id="SO_2017_06_11_Instance_42049" type="identity">
            <class id="SO:0000147" label="exon"/>
            <span end="4488" id="11897010-386" start="4483">exons</span>
        </annotation>
        <annotation annotator="Mike Bada, University of Colorado School of Medicine" id="SO_2017_06_11_Instance_42055" type="identity">
            <class id="SO:0000147" label="exon"/>
            <span end="4594" id="11897010-388" start="4590">exon</span>
        </annotation>
        <annotation annotator="" id="SO_2017_06_11_Instance_130304" type="identity">
            <class id="SO:1001187" label="alternatively_spliced_transcript"/>
            <span end="4637" id="11897010-224" start="4605">alternatively spliced transcript</span>
        </annotation>
        <annotation annotator="Mike Bada, University of Colorado School of Medicine" id="SO_2017_06_11_Instance_25117" type="identity">
            <class id="SO:0000853" label="homologous_region"/>
            <span end="4693" id="11897010-281" start="4684">homologue</span>
        </annotation>
        <annotation annotator="Mike Bada, University of Colorado School of Medicine" id="SO_2017_06_11_Instance_42059" type="identity">
            <class id="SO:0000704" label="gene"/>
            <span end="4723" id="11897010-390" start="4719">gene</span>
        </annotation>
        <annotation annotator="Mike Bada, University of Colorado School of Medicine" id="SO_2017_06_11_Instance_42061" type="identity">
            <class id="SO:0000673" label="transcript"/>
            <span end="4787" id="11897010-392" start="4777">transcript</span>
        </annotation>
        <annotation annotator="Mike Bada, University of Colorado School of Medicine" id="SO_2017_06_11_Instance_42063" type="identity">
            <class id="SO:0000153" label="BAC"/>
            <span end="4834" id="11897010-394" start="4831">BAC</span>
        </annotation>
        <annotation annotator="Mike Bada, University of Colorado School of Medicine" id="SO_2017_06_11_Instance_42067" type="identity">
            <class id="SO:0000673" label="transcript"/>
            <span end="4995" id="11897010-396" start="4985">transcript</span>
        </annotation>
        <annotation annotator="Mike Bada, University of Colorado School of Medicine" id="SO_2017_06_11_Instance_42069" type="identity">
            <class id="SO:0000236" label="ORF"/>
            <span end="5022" id="11897010-398" start="5004">open reading frame</span>
        </annotation>
        <annotation annotator="Mike Bada, University of Colorado School of Medicine" id="SO_2017_06_11_Instance_42075" type="identity">
            <class id="SO:0000153" label="BAC"/>
            <span end="5121" id="11897010-400" start="5118">BAC</span>
        </annotation>
        <annotation annotator="Mike Bada, University of Colorado School of Medicine" id="SO_2017_06_11_Instance_42079" type="identity">
            <class id="SO:0000704" label="gene"/>
            <span end="5148" id="11897010-402" start="5144">gene</span>
        </annotation>
        <annotation annotator="Mike Bada, University of Colorado School of Medicine" id="SO_2017_06_11_Instance_42081" type="identity">
            <class id="SO:0000147" label="exon"/>
            <span end="5169" id="11897010-404" start="5164">exons</span>
        </annotation>
        <annotation annotator="Mike Bada, University of Colorado School of Medicine" id="SO_2017_06_11_Instance_42083" type="identity">
            <class id="SO:0000673" label="transcript"/>
            <span end="5199" id="11897010-406" start="5189">transcript</span>
        </annotation>
        <annotation annotator="Mike Bada, University of Colorado School of Medicine" id="SO_2017_06_11_Instance_25119" type="identity">
            <class id="SO:0000853" label="homologous_region"/>
            <span end="5323" id="11897010-283" start="5314">homologue</span>
        </annotation>
        <annotation annotator="Mike Bada, University of Colorado School of Medicine" id="SO_2017_06_11_Instance_42089" type="identity">
            <class id="SO:0000704" label="gene"/>
            <span end="5353" id="11897010-408" start="5349">gene</span>
        </annotation>
        <annotation annotator="Mike Bada, University of Colorado School of Medicine" id="SO_2017_06_11_Instance_25121" type="identity">
            <class id="SO:0000853" label="homologous_region"/>
            <span end="5465" id="11897010-285" start="5456">homologue</span>
        </annotation>
        <annotation annotator="Mike Bada, University of Colorado School of Medicine" id="SO_2017_06_11_Instance_42091" type="identity">
            <class id="SO:0000704" label="gene"/>
            <span end="5510" id="11897010-410" start="5506">gene</span>
        </annotation>
        <annotation annotator="Mike Bada, University of Colorado School of Medicine" id="SO_2017_06_11_Instance_42093" type="identity">
            <class id="SO:0000028" label="base_pair"/>
            <span end="5541" id="11897010-412" start="5531">base pairs</span>
        </annotation>
        <annotation annotator="Mike Bada, University of Colorado School of Medicine" id="SO_2017_06_11_Instance_24869" type="identity">
            <class id="SO:0000551" label="polyA_signal_sequence"/>
            <span end="5574" id="11897010-267" start="5552">polyadenylation signal</span>
        </annotation>
        <annotation annotator="Mike Bada, University of Colorado School of Medicine" id="SO_2017_06_11_Instance_42095" type="identity">
            <class id="SO:0000673" label="transcript"/>
            <span end="5601" id="11897010-414" start="5591">transcript</span>
        </annotation>
        <annotation annotator="Mike Bada, University of Colorado School of Medicine" id="SO_2017_06_11_Instance_18065" type="identity">
            <class id="SO:0000853" label="homologous_region"/>
            <span end="5695" id="11897010-241" start="5685">homologous</span>
            <span end="5715" id="11897010-242" start="5709">region</span>
        </annotation>
        <annotation annotator="Mike Bada, University of Colorado School of Medicine" id="SO_2017_06_11_Instance_42103" type="identity">
            <class id="SO:0000704" label="gene"/>
            <span end="5762" id="11897010-416" start="5758">gene</span>
        </annotation>
        <annotation annotator="Mike Bada, University of Colorado School of Medicine" id="SO_2017_06_11_Instance_18055" type="identity">
            <class id="SO:0005858" label="syntenic_region"/>
            <span end="5813" id="11897010-239" start="5796">region of synteny</span>
        </annotation>
        <annotation annotator="Mike Bada, University of Colorado School of Medicine" id="SO_2017_06_11_Instance_25123" type="identity">
            <class id="SO:0000853" label="homologous_region"/>
            <span end="6001" id="11897010-287" start="5992">homologue</span>
        </annotation>
        <annotation annotator="Mike Bada, University of Colorado School of Medicine" id="SO_2017_06_11_Instance_25125" type="identity">
            <class id="SO:0000853" label="homologous_region"/>
            <span end="6124" id="11897010-289" start="6115">homologue</span>
        </annotation>
        <annotation annotator="Mike Bada, University of Colorado School of Medicine" id="SO_2017_06_11_Instance_27179" type="identity">
            <class id="SO:0000417" label="polypeptide_domain"/>
            <span end="6378" id="11897010-301" start="6371">domains</span>
        </annotation>
        <annotation annotator="Mike Bada, University of Colorado School of Medicine" id="SO_2017_06_11_Instance_25127" type="identity">
            <class id="SO:0000853" label="homologous_region"/>
            <span end="6554" id="11897010-291" start="6544">homologues</span>
        </annotation>
        <annotation annotator="Mike Bada, University of Colorado School of Medicine" id="SO_2017_06_11_Instance_27181" type="identity">
            <class id="SO:0000417" label="polypeptide_domain"/>
            <span end="6597" id="11897010-303" start="6590">domains</span>
        </annotation>
        <annotation annotator="" id="SO_2017_06_11_Instance_130274" type="identity">
            <class id="SO:0001529" label="endosomal_localization_signal"/>
            <span end="6700" id="11897010-217" start="6691">endosomal</span>
            <span end="6727" id="11897010-218" start="6711">targeting signal</span>
        </annotation>
        <annotation annotator="" id="SO_2017_06_11_Instance_130276" type="identity">
            <class id="SO:0001530" label="lysosomal_localization_signal"/>
            <span end="6727" id="11897010-220" start="6701">lysosomal targeting signal</span>
        </annotation>
        <annotation annotator="Mike Bada, University of Colorado School of Medicine" id="SO_2017_06_11_Instance_42123" type="identity">
            <class id="SO:0000147" label="exon"/>
            <span end="6873" id="11897010-418" start="6869">exon</span>
        </annotation>
        <annotation annotator="Mike Bada, University of Colorado School of Medicine" id="SO_2017_06_11_Instance_24731" type="identity">
            <class id="SO:0001060" label="sequence_variant"/>
            <span end="6944" id="11897010-257" start="6937">isoform</span>
        </annotation>
        <annotation annotator="Mike Bada, University of Colorado School of Medicine" id="SO_2017_06_11_Instance_24733" type="identity">
            <class id="SO:0001060" label="sequence_variant"/>
            <span end="7017" id="11897010-259" start="7010">isoform</span>
        </annotation>
        <annotation annotator="Mike Bada, University of Colorado School of Medicine" id="SO_2017_06_11_Instance_42127" type="identity">
            <class id="SO:0000704" label="gene"/>
            <span end="7279" id="11897010-420" start="7275">gene</span>
        </annotation>
        <annotation annotator="Mike Bada, University of Colorado School of Medicine" id="SO_2017_06_11_Instance_42129" type="identity">
            <class id="SO:0000673" label="transcript"/>
            <span end="7307" id="11897010-422" start="7297">transcript</span>
        </annotation>
        <annotation annotator="" id="SO_2017_06_11_Instance_210522" type="identity">
            <class id="SO:0000851" label="CDS_region"/>
            <span end="7401" id="11897010-252" start="7391">regions of</span>
            <span end="7421" id="11897010-253" start="7406">coding sequence</span>
        </annotation>
        <annotation annotator="Mike Bada, University of Colorado School of Medicine" id="SO_2017_06_11_Instance_42135" type="identity">
            <class id="SO:0000205" label="three_prime_UTR"/>
            <span end="7432" id="11897010-424" start="7426">3' UTR</span>
        </annotation>
        <annotation annotator="Mike Bada, University of Colorado School of Medicine" id="SO_2017_06_11_Instance_42139" type="identity">
            <class id="SO:0000673" label="transcript"/>
            <span end="7484" id="11897010-426" start="7473">transcripts</span>
        </annotation>
        <annotation annotator="Mike Bada, University of Colorado School of Medicine" id="SO_2017_06_11_Instance_42143" type="identity">
            <class id="SO:0000147" label="exon"/>
            <span end="7622" id="11897010-428" start="7618">exon</span>
        </annotation>
        <annotation annotator="Mike Bada, University of Colorado School of Medicine" id="SO_2017_06_11_Instance_42153" type="identity">
            <class id="SO:0000147" label="exon"/>
            <span end="7941" id="11897010-430" start="7937">exon</span>
        </annotation>
        <annotation annotator="Mike Bada, University of Colorado School of Medicine" id="SO_2017_06_11_Instance_27207" type="identity">
            <class id="SO:0000852" label="exon_region"/>
            <span end="8069" id="11897010-315" start="8054">segment of exon</span>
        </annotation>
        <annotation annotator="Mike Bada, University of Colorado School of Medicine" id="SO_2017_06_11_Instance_42167" type="identity">
            <class id="SO:0000673" label="transcript"/>
            <span end="8276" id="11897010-432" start="8266">transcript</span>
        </annotation>
        <annotation annotator="Mike Bada, University of Colorado School of Medicine" id="SO_2017_06_11_Instance_42169" type="identity">
            <class id="SO:0000345" label="EST"/>
            <span end="8303" id="11897010-434" start="8300">EST</span>
        </annotation>
        <annotation annotator="Mike Bada, University of Colorado School of Medicine" id="SO_2017_06_11_Instance_42171" type="identity">
            <class id="SO:0000188" label="intron"/>
            <span end="8330" id="11897010-436" start="8324">intron</span>
        </annotation>
        <annotation annotator="Mike Bada, University of Colorado School of Medicine" id="SO_2017_06_11_Instance_42173" type="identity">
            <class id="SO:0001026" label="genome"/>
            <span end="8353" id="11897010-438" start="8346">genomic</span>
        </annotation>
        <annotation annotator="" id="SO_2017_06_11_Instance_224385" type="identity">
            <class id="SO:0000357" label="flanked"/>
            <span end="8371" id="11897010-255" start="8363">flanking</span>
        </annotation>
        <annotation annotator="Mike Bada, University of Colorado School of Medicine" id="SO_2017_06_11_Instance_42175" type="identity">
            <class id="SO:0000704" label="gene"/>
            <span end="8387" id="11897010-440" start="8383">gene</span>
        </annotation>
        <annotation annotator="Mike Bada, University of Colorado School of Medicine" id="SO_2017_06_11_Instance_42177" type="identity">
            <class id="SO:0000345" label="EST"/>
            <span end="8397" id="11897010-442" start="8393">ESTs</span>
        </annotation>
        <annotation annotator="Mike Bada, University of Colorado School of Medicine" id="SO_2017_06_11_Instance_42181" type="identity">
            <class id="SO:0000188" label="intron"/>
            <span end="8449" id="11897010-444" start="8443">intron</span>
        </annotation>
        <annotation annotator="Mike Bada, University of Colorado School of Medicine" id="SO_2017_06_11_Instance_42187" type="identity">
            <class id="SO:0000345" label="EST"/>
            <span end="8548" id="11897010-446" start="8544">ESTs</span>
        </annotation>
        <annotation annotator="Mike Bada, University of Colorado School of Medicine" id="SO_2017_06_11_Instance_42189" type="identity">
            <class id="SO:0000147" label="exon"/>
            <span end="8616" id="11897010-448" start="8612">exon</span>
        </annotation>
        <annotation annotator="Mike Bada, University of Colorado School of Medicine" id="SO_2017_06_11_Instance_42191" type="identity">
            <class id="SO:0000147" label="exon"/>
            <span end="8650" id="11897010-450" start="8646">exon</span>
        </annotation>
        <annotation annotator="Mike Bada, University of Colorado School of Medicine" id="SO_2017_06_11_Instance_42193" type="identity">
            <class id="SO:0000147" label="exon"/>
            <span end="8680" id="11897010-452" start="8676">exon</span>
        </annotation>
        <annotation annotator="Mike Bada, University of Colorado School of Medicine" id="SO_2017_06_11_Instance_42197" type="identity">
            <class id="SO:0000345" label="EST"/>
            <span end="8703" id="11897010-454" start="8700">EST</span>
        </annotation>
        <annotation annotator="Mike Bada, University of Colorado School of Medicine" id="SO_2017_06_11_Instance_42199" type="identity">
            <class id="SO:0000028" label="base_pair"/>
            <span end="8734" id="11897010-456" start="8732">bp</span>
        </annotation>
        <annotation annotator="Mike Bada, University of Colorado School of Medicine" id="SO_2017_06_11_Instance_42201" type="identity">
            <class id="SO:0000147" label="exon"/>
            <span end="8746" id="11897010-458" start="8742">exon</span>
        </annotation>
        <annotation annotator="Mike Bada, University of Colorado School of Medicine" id="SO_2017_06_11_Instance_42203" type="identity">
            <class id="SO:0000147" label="exon"/>
            <span end="8784" id="11897010-460" start="8780">exon</span>
        </annotation>
        <annotation annotator="Mike Bada, University of Colorado School of Medicine" id="SO_2017_06_11_Instance_42207" type="identity">
            <class id="SO:0000188" label="intron"/>
            <span end="8885" id="11897010-462" start="8879">intron</span>
        </annotation>
        <annotation annotator="Mike Bada, University of Colorado School of Medicine" id="SO_2017_06_11_Instance_27209" type="identity">
            <class id="SO:0000673" label="transcript"/>
            <span end="9038" id="11897010-317" start="9028">transcript</span>
        </annotation>
        <annotation annotator="Mike Bada, University of Colorado School of Medicine" id="SO_2017_06_11_Instance_42213" type="identity">
            <class id="SO:0000112" label="primer"/>
            <span end="9060" id="11897010-464" start="9053">primers</span>
        </annotation>
        <annotation annotator="Mike Bada, University of Colorado School of Medicine" id="SO_2017_06_11_Instance_42215" type="identity">
            <class id="SO:0000147" label="exon"/>
            <span end="9069" id="11897010-466" start="9064">exons</span>
        </annotation>
        <annotation annotator="Mike Bada, University of Colorado School of Medicine" id="SO_2017_06_11_Instance_42217" type="identity">
            <class id="SO:0000112" label="primer"/>
            <span end="9100" id="11897010-468" start="9094">primer</span>
        </annotation>
        <annotation annotator="Mike Bada, University of Colorado School of Medicine" id="SO_2017_06_11_Instance_42219" type="identity">
            <class id="SO:0000188" label="intron"/>
            <span end="9110" id="11897010-470" start="9104">intron</span>
        </annotation>
        <annotation annotator="Mike Bada, University of Colorado School of Medicine" id="SO_2017_06_11_Instance_42225" type="identity">
            <class id="SO:0000673" label="transcript"/>
            <span end="9247" id="11897010-472" start="9237">transcript</span>
        </annotation>
        <annotation annotator="Mike Bada, University of Colorado School of Medicine" id="SO_2017_06_11_Instance_42227" type="identity">
            <class id="SO:0000147" label="exon"/>
            <span end="9318" id="11897010-474" start="9314">exon</span>
        </annotation>
        <annotation annotator="Mike Bada, University of Colorado School of Medicine" id="SO_2017_06_11_Instance_42229" type="identity">
            <class id="SO:0000147" label="exon"/>
            <span end="9341" id="11897010-476" start="9337">exon</span>
        </annotation>
        <annotation annotator="Mike Bada, University of Colorado School of Medicine" id="SO_2017_06_11_Instance_42231" type="identity">
            <class id="SO:0000028" label="base_pair"/>
            <span end="9358" id="11897010-478" start="9356">bp</span>
        </annotation>
        <annotation annotator="Mike Bada, University of Colorado School of Medicine" id="SO_2017_06_11_Instance_42233" type="identity">
            <class id="SO:0000188" label="intron"/>
            <span end="9372" id="11897010-480" start="9366">intron</span>
        </annotation>
        <annotation annotator="Mike Bada, University of Colorado School of Medicine" id="SO_2017_06_11_Instance_42235" type="identity">
            <class id="SO:0000028" label="base_pair"/>
            <span end="9401" id="11897010-482" start="9399">bp</span>
        </annotation>
        <annotation annotator="Mike Bada, University of Colorado School of Medicine" id="SO_2017_06_11_Instance_42237" type="identity">
            <class id="SO:0000147" label="exon"/>
            <span end="9406" id="11897010-484" start="9402">exon</span>
        </annotation>
        <annotation annotator="Mike Bada, University of Colorado School of Medicine" id="SO_2017_06_11_Instance_42239" type="identity">
            <class id="SO:0000147" label="exon"/>
            <span end="9440" id="11897010-486" start="9436">exon</span>
        </annotation>
        <annotation annotator="Mike Bada, University of Colorado School of Medicine" id="SO_2017_06_11_Instance_42241" type="identity">
            <class id="SO:0000236" label="ORF"/>
            <span end="9467" id="11897010-488" start="9449">open reading frame</span>
        </annotation>
        <annotation annotator="" id="SO_2017_06_11_Instance_130306" type="identity">
            <class id="SO:1001187" label="alternatively_spliced_transcript"/>
            <span end="9508" id="11897010-226" start="9476">alternatively spliced transcript</span>
        </annotation>
        <annotation annotator="Mike Bada, University of Colorado School of Medicine" id="SO_2017_06_11_Instance_42249" type="identity">
            <class id="SO:0000673" label="transcript"/>
            <span end="9600" id="11897010-490" start="9590">transcript</span>
        </annotation>
        <annotation annotator="Mike Bada, University of Colorado School of Medicine" id="SO_2017_06_11_Instance_24735" type="identity">
            <class id="SO:0001060" label="sequence_variant"/>
            <span end="9640" id="11897010-261" start="9633">isoform</span>
        </annotation>
        <annotation annotator="Mike Bada, University of Colorado School of Medicine" id="SO_2017_06_11_Instance_27183" type="identity">
            <class id="SO:0000417" label="polypeptide_domain"/>
            <span end="9729" id="11897010-305" start="9722">domains</span>
        </annotation>
        <annotation annotator="Mike Bada, University of Colorado School of Medicine" id="SO_2017_06_11_Instance_42257" type="identity">
            <class id="SO:0000673" label="transcript"/>
            <span end="9885" id="11897010-492" start="9875">transcript</span>
        </annotation>
        <annotation annotator="Mike Bada, University of Colorado School of Medicine" id="SO_2017_06_11_Instance_42261" type="identity">
            <class id="SO:0000673" label="transcript"/>
            <span end="9986" id="11897010-494" start="9976">transcript</span>
        </annotation>
        <annotation annotator="Mike Bada, University of Colorado School of Medicine" id="SO_2017_06_11_Instance_42263" type="identity">
            <class id="SO:0000147" label="exon"/>
            <span end="10058" id="11897010-496" start="10054">exon</span>
        </annotation>
        <annotation annotator="Mike Bada, University of Colorado School of Medicine" id="SO_2017_06_11_Instance_42265" type="identity">
            <class id="SO:0000188" label="intron"/>
            <span end="10071" id="11897010-498" start="10065">intron</span>
        </annotation>
        <annotation annotator="Mike Bada, University of Colorado School of Medicine" id="SO_2017_06_11_Instance_42269" type="identity">
            <class id="SO:0000673" label="transcript"/>
            <span end="10149" id="11897010-500" start="10138">transcripts</span>
        </annotation>
        <annotation annotator="Mike Bada, University of Colorado School of Medicine" id="SO_2017_06_11_Instance_27185" type="identity">
            <class id="SO:0000417" label="polypeptide_domain"/>
            <span end="10492" id="11897010-307" start="10485">domains</span>
        </annotation>
        <annotation annotator="Mike Bada, University of Colorado School of Medicine" id="SO_2017_06_11_Instance_42275" type="identity">
            <class id="SO:1001187" label="alternatively_spliced_transcript"/>
            <span end="10589" id="11897010-502" start="10568">alternatively spliced</span>
            <span end="10606" id="11897010-503" start="10596">transcript</span>
        </annotation>
        <annotation annotator="Mike Bada, University of Colorado School of Medicine" id="SO_2017_06_11_Instance_42277" type="identity">
            <class id="SO:0001026" label="genome"/>
            <span end="10641" id="11897010-505" start="10634">genomic</span>
        </annotation>
        <annotation annotator="Mike Bada, University of Colorado School of Medicine" id="SO_2017_06_11_Instance_42281" type="identity">
            <class id="SO:0000673" label="transcript"/>
            <span end="10794" id="11897010-507" start="10784">transcript</span>
        </annotation>
        <annotation annotator="Mike Bada, University of Colorado School of Medicine" id="SO_2017_06_11_Instance_42285" type="identity">
            <class id="SO:0000188" label="intron"/>
            <span end="10903" id="11897010-509" start="10897">intron</span>
        </annotation>
        <annotation annotator="Mike Bada, University of Colorado School of Medicine" id="SO_2017_06_11_Instance_42287" type="identity">
            <class id="SO:0000147" label="exon"/>
            <span end="10931" id="11897010-511" start="10927">exon</span>
        </annotation>
        <annotation annotator="Mike Bada, University of Colorado School of Medicine" id="SO_2017_06_11_Instance_42293" type="identity">
            <class id="SO:0000860" label="syntenic"/>
            <span end="10980" id="11897010-513" start="10972">syntenic</span>
        </annotation>
        <annotation annotator="Mike Bada, University of Colorado School of Medicine" id="SO_2017_06_11_Instance_27213" type="identity">
            <class id="SO:1001187" label="alternatively_spliced_transcript"/>
            <span end="11016" id="11897010-319" start="11007">alternate</span>
            <span end="11033" id="11897010-320" start="11023">transcript</span>
        </annotation>
        <annotation annotator="Mike Bada, University of Colorado School of Medicine" id="SO_2017_06_11_Instance_27215" type="identity">
            <class id="SO:1001187" label="alternatively_spliced_transcript"/>
            <span end="11176" id="11897010-322" start="11154">alternative transcript</span>
        </annotation>
        <annotation annotator="Mike Bada, University of Colorado School of Medicine" id="SO_2017_06_11_Instance_27217" type="identity">
            <class id="SO:1001187" label="alternatively_spliced_transcript"/>
            <span end="11246" id="11897010-324" start="11237">alternate</span>
            <span end="11264" id="11897010-325" start="11254">transcript</span>
        </annotation>
        <annotation annotator="Mike Bada, University of Colorado School of Medicine" id="SO_2017_06_11_Instance_42313" type="identity">
            <class id="SO:0000673" label="transcript"/>
            <span end="11615" id="11897010-515" start="11604">transcripts</span>
        </annotation>
        <annotation annotator="Mike Bada, University of Colorado School of Medicine" id="SO_2017_06_11_Instance_14441" type="identity">
            <class id="SO:0001060" label="sequence_variant"/>
            <span end="11659" id="11897010-235" start="11652">isoform</span>
        </annotation>
        <annotation annotator="Mike Bada, University of Colorado School of Medicine" id="SO_2017_06_11_Instance_25129" type="identity">
            <class id="SO:0000853" label="homologous_region"/>
            <span end="11684" id="11897010-293" start="11675">homologue</span>
        </annotation>
        <annotation annotator="Mike Bada, University of Colorado School of Medicine" id="SO_2017_06_11_Instance_27187" type="identity">
            <class id="SO:0000417" label="polypeptide_domain"/>
            <span end="11792" id="11897010-309" start="11785">domains</span>
        </annotation>
        <annotation annotator="" id="SO_2017_06_11_Instance_130316" type="identity">
            <class id="SO:0001529" label="endosomal_localization_signal"/>
            <span end="11947" id="11897010-228" start="11938">endosomal</span>
            <span end="11974" id="11897010-229" start="11958">targeting signal</span>
        </annotation>
        <annotation annotator="" id="SO_2017_06_11_Instance_130318" type="identity">
            <class id="SO:0001530" label="lysosomal_localization_signal"/>
            <span end="11974" id="11897010-231" start="11948">lysosomal targeting signal</span>
        </annotation>
        <annotation annotator="Mike Bada, University of Colorado School of Medicine" id="SO_2017_06_11_Instance_25131" type="identity">
            <class id="SO:0000853" label="homologous_region"/>
            <span end="12077" id="11897010-295" start="12068">homologue</span>
        </annotation>
        <annotation annotator="Mike Bada, University of Colorado School of Medicine" id="SO_2017_06_11_Instance_42323" type="identity">
            <class id="SO:0000704" label="gene"/>
            <span end="12221" id="11897010-517" start="12217">gene</span>
        </annotation>
        <annotation annotator="Mike Bada, University of Colorado School of Medicine" id="SO_2017_06_11_Instance_24801" type="identity">
            <class id="SO:0001060" label="sequence_variant"/>
            <span end="12274" id="11897010-263" start="12267">isoform</span>
        </annotation>
        <annotation annotator="" id="SO_2017_06_11_Instance_130322" type="identity">
            <class id="SO:0001530" label="lysosomal_localization_signal"/>
            <span end="12402" id="11897010-233" start="12376">lysosomal targeting signal</span>
        </annotation>
        <annotation annotator="Mike Bada, University of Colorado School of Medicine" id="SO_2017_06_11_Instance_27189" type="identity">
            <class id="SO:0000417" label="polypeptide_domain"/>
            <span end="12445" id="11897010-311" start="12438">domains</span>
        </annotation>
        <annotation annotator="Mike Bada, University of Colorado School of Medicine" id="SO_2017_06_11_Instance_24803" type="identity">
            <class id="SO:0001060" label="sequence_variant"/>
            <span end="12643" id="11897010-265" start="12636">isoform</span>
        </annotation>
        <annotation annotator="Mike Bada, University of Colorado School of Medicine" id="SO_2017_06_11_Instance_42333" type="identity">
            <class id="SO:0000704" label="gene"/>
            <span end="12840" id="11897010-519" start="12836">gene</span>
        </annotation>
        <annotation annotator="Mike Bada, University of Colorado School of Medicine" id="SO_2017_06_11_Instance_24899" type="identity">
            <class id="SO:0001060" label="sequence_variant"/>
            <span end="12908" id="11897010-269" start="12901">isoform</span>
        </annotation>
        <annotation annotator="Mike Bada, University of Colorado School of Medicine" id="SO_2017_06_11_Instance_42337" type="identity">
            <class id="SO:0000704" label="gene"/>
            <span end="13047" id="11897010-521" start="13042">genes</span>
        </annotation>
        <annotation annotator="Mike Bada, University of Colorado School of Medicine" id="SO_2017_06_11_Instance_27175" type="identity">
            <class id="SO:0000417" label="polypeptide_domain"/>
            <span end="13340" id="11897010-297" start="13334">domain</span>
        </annotation>
        <annotation annotator="Mike Bada, University of Colorado School of Medicine" id="SO_2017_06_11_Instance_42345" type="identity">
            <class id="SO:0001026" label="genome"/>
            <span end="13442" id="11897010-523" start="13436">genome</span>
        </annotation>
        <annotation annotator="Mike Bada, University of Colorado School of Medicine" id="SO_2017_06_11_Instance_42347" type="identity">
            <class id="SO:0000704" label="gene"/>
            <span end="13493" id="11897010-525" start="13488">genes</span>
        </annotation>
        <annotation annotator="Mike Bada, University of Colorado School of Medicine" id="SO_2017_06_11_Instance_42349" type="identity">
            <class id="SO:0000345" label="EST"/>
            <span end="13618" id="11897010-527" start="13595">expressed sequence tags</span>
        </annotation>
        <annotation annotator="Mike Bada, University of Colorado School of Medicine" id="SO_2017_06_11_Instance_42351" type="identity">
            <class id="SO:0000345" label="EST"/>
            <span end="13624" id="11897010-529" start="13620">ESTs</span>
        </annotation>
        <annotation annotator="Mike Bada, University of Colorado School of Medicine" id="SO_2017_06_11_Instance_42353" type="identity">
            <class id="SO:0000704" label="gene"/>
            <span end="13741" id="11897010-531" start="13734">genetic</span>
        </annotation>
        <annotation annotator="Mike Bada, University of Colorado School of Medicine" id="SO_2017_06_11_Instance_42357" type="identity">
            <class id="SO:1001187" label="alternatively_spliced_transcript"/>
            <span end="13989" id="11897010-533" start="13956">alternatively spliced transcripts</span>
        </annotation>
        <annotation annotator="Mike Bada, University of Colorado School of Medicine" id="SO_2017_06_11_Instance_42359" type="identity">
            <class id="SO:0001026" label="genome"/>
            <span end="14108" id="11897010-535" start="14102">Genome</span>
        </annotation>
        <annotation annotator="Mike Bada, University of Colorado School of Medicine" id="SO_2017_06_11_Instance_42373" type="identity">
            <class id="SO:0000112" label="primer"/>
            <span end="14793" id="11897010-537" start="14787">primer</span>
        </annotation>
        <annotation annotator="Mike Bada, University of Colorado School of Medicine" id="SO_2017_06_11_Instance_42377" type="identity">
            <class id="SO:0000112" label="primer"/>
            <span end="14874" id="11897010-539" start="14867">primers</span>
        </annotation>
        <annotation annotator="Mike Bada, University of Colorado School of Medicine" id="SO_2017_06_11_Instance_42379" type="identity">
            <class id="SO:0001030" label="forward"/>
            <span end="14910" id="11897010-541" start="14903">forward</span>
        </annotation>
        <annotation annotator="Mike Bada, University of Colorado School of Medicine" id="SO_2017_06_11_Instance_42381" type="identity">
            <class id="SO:0001031" label="reverse"/>
            <span end="14950" id="11897010-543" start="14943">reverse</span>
        </annotation>
        <annotation annotator="Mike Bada, University of Colorado School of Medicine" id="SO_2017_06_11_Instance_42383" type="identity">
            <class id="SO:0001026" label="genome"/>
            <span end="15053" id="11897010-545" start="15046">genomic</span>
        </annotation>
        <annotation annotator="Mike Bada, University of Colorado School of Medicine" id="SO_2017_06_11_Instance_19381" type="identity">
            <class id="SO:0001384" label="CDS_fragment"/>
            <span end="15308" id="11897010-244" start="15297">fragment of</span>
            <span end="15333" id="11897010-245" start="15320">coding region</span>
        </annotation>
        <annotation annotator="Mike Bada, University of Colorado School of Medicine" id="SO_2017_06_11_Instance_42385" type="identity">
            <class id="SO:0000147" label="exon"/>
            <span end="15355" id="11897010-547" start="15351">exon</span>
        </annotation>
        <annotation annotator="Mike Bada, University of Colorado School of Medicine" id="SO_2017_06_11_Instance_42389" type="identity">
            <class id="SO:0000112" label="primer"/>
            <span end="15386" id="11897010-549" start="15379">primers</span>
        </annotation>
        <annotation annotator="Mike Bada, University of Colorado School of Medicine" id="SO_2017_06_11_Instance_42391" type="identity">
            <class id="SO:0001030" label="forward"/>
            <span end="15421" id="11897010-551" start="15414">forward</span>
        </annotation>
        <annotation annotator="Mike Bada, University of Colorado School of Medicine" id="SO_2017_06_11_Instance_42393" type="identity">
            <class id="SO:0001031" label="reverse"/>
            <span end="15461" id="11897010-553" start="15454">reverse</span>
        </annotation>
        <annotation annotator="Mike Bada, University of Colorado School of Medicine" id="SO_2017_06_11_Instance_19383" type="identity">
            <class id="SO:0001384" label="CDS_fragment"/>
            <span end="15824" id="11897010-247" start="15813">fragment of</span>
            <span end="15845" id="11897010-248" start="15832">coding region</span>
        </annotation>
        <annotation annotator="Mike Bada, University of Colorado School of Medicine" id="SO_2017_06_11_Instance_42397" type="identity">
            <class id="SO:0000147" label="exon"/>
            <span end="15867" id="11897010-555" start="15863">exon</span>
        </annotation>
        <annotation annotator="Mike Bada, University of Colorado School of Medicine" id="SO_2017_06_11_Instance_20453" type="identity">
            <class id="SO:1001187" label="alternatively_spliced_transcript"/>
            <span end="15913" id="11897010-250" start="15903">transcript</span>
        </annotation>
        <annotation annotator="Mike Bada, University of Colorado School of Medicine" id="SO_2017_06_11_Instance_42403" type="identity">
            <class id="SO:0000147" label="exon"/>
            <span end="15964" id="11897010-557" start="15959">exons</span>
        </annotation>
        <annotation annotator="Mike Bada, University of Colorado School of Medicine" id="SO_2017_06_11_Instance_42405" type="identity">
            <class id="SO:0000112" label="primer"/>
            <span end="15987" id="11897010-559" start="15980">primers</span>
        </annotation>
        <annotation annotator="Mike Bada, University of Colorado School of Medicine" id="SO_2017_06_11_Instance_42407" type="identity">
            <class id="SO:0001030" label="forward"/>
            <span end="16021" id="11897010-561" start="16014">forward</span>
        </annotation>
        <annotation annotator="Mike Bada, University of Colorado School of Medicine" id="SO_2017_06_11_Instance_42409" type="identity">
            <class id="SO:0001031" label="reverse"/>
            <span end="16062" id="11897010-563" start="16055">reverse</span>
        </annotation>
        <graph-space id="Old Knowtator Relations"/>
    </document>
</knowtator-project>
