<?xml version="1.0" encoding="UTF-8" standalone="no"?>
<knowtator-project>
  <document id="12546709" text-file="12546709.txt">
    <annotation annotator="Mike Bada, University of Colorado School of Medicine" id="SO_2017_06_11_Instance_42537" type="identity">
      <class id="SO:0000704" label="gene"/>
      <span end="269" id="12546709-688" start="265">gene</span>
    </annotation>
    <annotation annotator="Mike Bada, University of Colorado School of Medicine" id="SO_2017_06_11_Instance_42539" type="identity">
      <class id="SO:0000704" label="gene"/>
      <span end="719" id="12546709-690" start="714">genes</span>
    </annotation>
    <annotation annotator="Mike Bada, University of Colorado School of Medicine" id="SO_2017_06_11_Instance_18069" type="identity">
      <class id="SO:0000857" label="homologous"/>
      <span end="1822" id="12546709-680" start="1814">homology</span>
    </annotation>
    <annotation annotator="Mike Bada, University of Colorado School of Medicine" id="SO_2017_06_11_Instance_18071" type="identity">
      <class id="SO:0000857" label="homologous"/>
      <span end="3191" id="12546709-682" start="3183">homology</span>
    </annotation>
    <annotation annotator="Mike Bada, University of Colorado School of Medicine" id="SO_2017_06_11_Instance_24837" type="identity">
      <class id="SO:0001026" label="genome"/>
      <span end="5086" id="12546709-686" start="5079">genomic</span>
    </annotation>
    <annotation annotator="Mike Bada, University of Colorado School of Medicine" id="SO_2017_06_11_Instance_42551" type="identity">
      <class id="SO:0000704" label="gene"/>
      <span end="5573" id="12546709-692" start="5569">gene</span>
    </annotation>
    <annotation annotator="Mike Bada, University of Colorado School of Medicine" id="SO_2017_06_11_Instance_42553" type="identity">
      <class id="SO:0000704" label="gene"/>
      <span end="5684" id="12546709-694" start="5680">gene</span>
    </annotation>
    <annotation annotator="Mike Bada, University of Colorado School of Medicine" id="SO_2017_06_11_Instance_42557" type="identity">
      <class id="SO:0000704" label="gene"/>
      <span end="6162" id="12546709-696" start="6158">gene</span>
    </annotation>
    <annotation annotator="Mike Bada, University of Colorado School of Medicine" id="SO_2017_06_11_Instance_42561" type="identity">
      <class id="SO:0000704" label="gene"/>
      <span end="6901" id="12546709-698" start="6896">genes</span>
    </annotation>
    <annotation annotator="Mike Bada, University of Colorado School of Medicine" id="SO_2017_06_11_Instance_42567" type="identity">
      <class id="SO:0000704" label="gene"/>
      <span end="7531" id="12546709-700" start="7527">gene</span>
    </annotation>
    <annotation annotator="Mike Bada, University of Colorado School of Medicine" id="SO_2017_06_11_Instance_42631" type="identity">
      <class id="SO:0000704" label="gene"/>
      <span end="22459" id="12546709-702" start="22455">gene</span>
    </annotation>
    <annotation annotator="Mike Bada, University of Colorado School of Medicine" id="SO_2017_06_11_Instance_42633" type="identity">
      <class id="SO:0000704" label="gene"/>
      <span end="22570" id="12546709-704" start="22566">gene</span>
    </annotation>
    <annotation annotator="Mike Bada, University of Colorado School of Medicine" id="SO_2017_06_11_Instance_42637" type="identity">
      <class id="SO:0000704" label="gene"/>
      <span end="22972" id="12546709-706" start="22968">gene</span>
    </annotation>
    <annotation annotator="Mike Bada, University of Colorado School of Medicine" id="SO_2017_06_11_Instance_42641" type="identity">
      <class id="SO:0000704" label="gene"/>
      <span end="24046" id="12546709-708" start="24042">gene</span>
    </annotation>
    <annotation annotator="Mike Bada, University of Colorado School of Medicine" id="SO_2017_06_11_Instance_23701" type="identity">
      <class id="SO:0001026" label="genome"/>
      <span end="31354" id="12546709-684" start="31347">genomic</span>
    </annotation>
    <graph-space id="Old Knowtator Relations"/>
  </document>
</knowtator-project>
