<?xml version="1.0" encoding="UTF-8" standalone="no"?>
<knowtator-project>
    <document id="15061865" text-file="15061865.txt">
        <annotation annotator="Mike Bada, University of Colorado School of Medicine" id="SO_2017_06_11_Instance_46029" type="identity">
            <class id="SO:0000704" label="gene"/>
            <span end="4309" id="15061865-2924" start="4304">genes</span>
        </annotation>
        <annotation annotator="Mike Bada, University of Colorado School of Medicine" id="SO_2017_06_11_Instance_27761" type="identity">
            <class id="SO:0000704" label="gene"/>
            <span end="16058" id="15061865-2922" start="16047">genetically</span>
        </annotation>
        <annotation annotator="Mike Bada, University of Colorado School of Medicine" id="SO_2017_06_11_Instance_46049" type="identity">
            <class id="SO:0001023" label="allele"/>
            <span end="16124" id="15061865-2926" start="16117">alleles</span>
        </annotation>
        <annotation annotator="Mike Bada, University of Colorado School of Medicine" id="SO_2017_06_11_Instance_24233" type="identity">
            <class id="SO:0000704" label="gene"/>
            <span end="16785" id="15061865-2920" start="16778">genetic</span>
        </annotation>
        <graph-space id="Old Knowtator Relations"/>
    </document>
</knowtator-project>
