<?xml version="1.0" encoding="UTF-8" standalone="no"?>
<knowtator-project>
    <document id="15314655" text-file="15314655.txt">
        <annotation annotator="Mike Bada, University of Colorado School of Medicine" id="SO_2017_06_11_Instance_47075" type="identity">
            <class id="SO:0000704" label="gene"/>
            <span end="28" id="15314655-3821" start="24">Gene</span>
        </annotation>
        <annotation annotator="Mike Bada, University of Colorado School of Medicine" id="SO_2017_06_11_Instance_47077" type="identity">
            <class id="SO:0000704" label="gene"/>
            <span end="331" id="15314655-3823" start="327">gene</span>
        </annotation>
        <annotation annotator="Mike Bada, University of Colorado School of Medicine" id="SO_2017_06_11_Instance_47079" type="identity">
            <class id="SO:0000855" label="orthologous_region"/>
            <span end="486" id="15314655-3825" start="478">ortholog</span>
        </annotation>
        <annotation annotator="Mike Bada, University of Colorado School of Medicine" id="SO_2017_06_11_Instance_47081" type="identity">
            <class id="SO:0001023" label="allele"/>
            <span end="832" id="15314655-3827" start="825">alleles</span>
        </annotation>
        <annotation annotator="" id="SO_2017_06_11_Instance_171394" type="identity">
            <class id="SO:0001587" label="stop_gained"/>
            <span end="866" id="15314655-3752" start="845">premature stop codons</span>
        </annotation>
        <annotation annotator="Mike Bada, University of Colorado School of Medicine" id="SO_2017_06_11_Instance_28431" type="identity">
            <class id="SO:0000704" label="gene"/>
            <span end="2785" id="15314655-3819" start="2778">genetic</span>
        </annotation>
        <annotation annotator="Mike Bada, University of Colorado School of Medicine" id="SO_2017_06_11_Instance_47091" type="identity">
            <class id="SO:0000704" label="gene"/>
            <span end="2816" id="15314655-3829" start="2811">genes</span>
        </annotation>
        <annotation annotator="Mike Bada, University of Colorado School of Medicine" id="SO_2017_06_11_Instance_25773" type="identity">
            <class id="SO:0000704" label="gene"/>
            <span end="2945" id="15314655-3783" start="2938">genetic</span>
        </annotation>
        <annotation annotator="Mike Bada, University of Colorado School of Medicine" id="SO_2017_06_11_Instance_47093" type="identity">
            <class id="SO:0000704" label="gene"/>
            <span end="3177" id="15314655-3831" start="3172">genes</span>
        </annotation>
        <annotation annotator="Mike Bada, University of Colorado School of Medicine" id="SO_2017_06_11_Instance_47095" type="identity">
            <class id="SO:0001023" label="allele"/>
            <span end="3244" id="15314655-3833" start="3238">allele</span>
        </annotation>
        <annotation annotator="Mike Bada, University of Colorado School of Medicine" id="SO_2017_06_11_Instance_47097" type="identity">
            <class id="SO:0000704" label="gene"/>
            <span end="3334" id="15314655-3835" start="3330">gene</span>
        </annotation>
        <annotation annotator="Mike Bada, University of Colorado School of Medicine" id="SO_2017_06_11_Instance_47099" type="identity">
            <class id="SO:0000704" label="gene"/>
            <span end="3669" id="15314655-3837" start="3665">gene</span>
        </annotation>
        <annotation annotator="Mike Bada, University of Colorado School of Medicine" id="SO_2017_06_11_Instance_47101" type="identity">
            <class id="SO:0000855" label="orthologous_region"/>
            <span end="3695" id="15314655-3839" start="3687">ortholog</span>
        </annotation>
        <annotation annotator="Mike Bada, University of Colorado School of Medicine" id="SO_2017_06_11_Instance_25795" type="identity">
            <class id="SO:0000417" label="polypeptide_domain"/>
            <span end="4080" id="15314655-3785" start="4074">domain</span>
        </annotation>
        <annotation annotator="Mike Bada, University of Colorado School of Medicine" id="SO_2017_06_11_Instance_47103" type="identity">
            <class id="SO:0001080" label="coiled_coil"/>
            <span end="4160" id="15314655-3841" start="4149">coiled-coil</span>
        </annotation>
        <annotation annotator="Mike Bada, University of Colorado School of Medicine" id="SO_2017_06_11_Instance_25797" type="identity">
            <class id="SO:0000417" label="polypeptide_domain"/>
            <span end="4167" id="15314655-3787" start="4161">domain</span>
        </annotation>
        <annotation annotator="Mike Bada, University of Colorado School of Medicine" id="SO_2017_06_11_Instance_25799" type="identity">
            <class id="SO:0000417" label="polypeptide_domain"/>
            <span end="4612" id="15314655-3789" start="4606">domain</span>
        </annotation>
        <annotation annotator="Mike Bada, University of Colorado School of Medicine" id="SO_2017_06_11_Instance_25801" type="identity">
            <class id="SO:0000417" label="polypeptide_domain"/>
            <span end="4783" id="15314655-3791" start="4776">domains</span>
        </annotation>
        <annotation annotator="Mike Bada, University of Colorado School of Medicine" id="SO_2017_06_11_Instance_47105" type="identity">
            <class id="SO:0000704" label="gene"/>
            <span end="5049" id="15314655-3843" start="5044">genes</span>
        </annotation>
        <annotation annotator="Mike Bada, University of Colorado School of Medicine" id="SO_2017_06_11_Instance_47107" type="identity">
            <class id="SO:0000704" label="gene"/>
            <span end="5085" id="15314655-3845" start="5081">gene</span>
        </annotation>
        <annotation annotator="Mike Bada, University of Colorado School of Medicine" id="SO_2017_06_11_Instance_47109" type="identity">
            <class id="SO:0000704" label="gene"/>
            <span end="5702" id="15314655-3847" start="5698">gene</span>
        </annotation>
        <annotation annotator="Mike Bada, University of Colorado School of Medicine" id="SO_2017_06_11_Instance_47111" type="identity">
            <class id="SO:0000704" label="gene"/>
            <span end="6110" id="15314655-3849" start="6106">Gene</span>
        </annotation>
        <annotation annotator="Mike Bada, University of Colorado School of Medicine" id="SO_2017_06_11_Instance_47113" type="identity">
            <class id="SO:0000704" label="gene"/>
            <span end="6213" id="15314655-3851" start="6209">gene</span>
        </annotation>
        <annotation annotator="Mike Bada, University of Colorado School of Medicine" id="SO_2017_06_11_Instance_47115" type="identity">
            <class id="SO:0000704" label="gene"/>
            <span end="6278" id="15314655-3853" start="6274">gene</span>
        </annotation>
        <annotation annotator="Mike Bada, University of Colorado School of Medicine" id="SO_2017_06_11_Instance_47119" type="identity">
            <class id="SO:0000704" label="gene"/>
            <span end="7624" id="15314655-3855" start="7620">gene</span>
        </annotation>
        <annotation annotator="Mike Bada, University of Colorado School of Medicine" id="SO_2017_06_11_Instance_47121" type="identity">
            <class id="SO:0001023" label="allele"/>
            <span end="8047" id="15314655-3857" start="8040">alleles</span>
        </annotation>
        <annotation annotator="Mike Bada, University of Colorado School of Medicine" id="SO_2017_06_11_Instance_47125" type="identity">
            <class id="SO:0000704" label="gene"/>
            <span end="8626" id="15314655-3859" start="8622">gene</span>
        </annotation>
        <annotation annotator="Mike Bada, University of Colorado School of Medicine" id="SO_2017_06_11_Instance_47127" type="identity">
            <class id="SO:0000855" label="orthologous_region"/>
            <span end="8753" id="15314655-3861" start="8745">Ortholog</span>
        </annotation>
        <annotation annotator="Mike Bada, University of Colorado School of Medicine" id="SO_2017_06_11_Instance_47129" type="identity">
            <class id="SO:0000704" label="gene"/>
            <span end="8800" id="15314655-3863" start="8796">gene</span>
        </annotation>
        <annotation annotator="Mike Bada, University of Colorado School of Medicine" id="SO_2017_06_11_Instance_47131" type="identity">
            <class id="SO:0001023" label="allele"/>
            <span end="8956" id="15314655-3865" start="8950">allele</span>
        </annotation>
        <annotation annotator="Mike Bada, University of Colorado School of Medicine" id="SO_2017_06_11_Instance_47133" type="identity">
            <class id="SO:0000704" label="gene"/>
            <span end="8977" id="15314655-3867" start="8973">gene</span>
        </annotation>
        <annotation annotator="" id="SO_2017_06_11_Instance_221105" type="identity">
            <class id="SO:0001830" label="AFLP_fragment"/>
            <span end="9213" id="15314655-3769" start="9175">amplified fragment length polymorphism</span>
        </annotation>
        <annotation annotator="" id="SO_2017_06_11_Instance_221107" type="identity">
            <class id="SO:0001830" label="AFLP_fragment"/>
            <span end="9219" id="15314655-3771" start="9215">AFLP</span>
        </annotation>
        <annotation annotator="Mike Bada, University of Colorado School of Medicine" id="SO_2017_06_11_Instance_47139" type="identity">
            <class id="SO:0000704" label="gene"/>
            <span end="9349" id="15314655-3869" start="9345">gene</span>
        </annotation>
        <annotation annotator="Mike Bada, University of Colorado School of Medicine" id="SO_2017_06_11_Instance_47141" type="identity">
            <class id="SO:0000154" label="PAC"/>
            <span end="9469" id="15314655-3871" start="9435">P1 bacterial artificial chromosome</span>
        </annotation>
        <annotation annotator="Mike Bada, University of Colorado School of Medicine" id="SO_2017_06_11_Instance_47145" type="identity">
            <class id="SO:0000154" label="PAC"/>
            <span end="9480" id="15314655-3873" start="9477">PAC</span>
        </annotation>
        <annotation annotator="Mike Bada, University of Colorado School of Medicine" id="SO_2017_06_11_Instance_25815" type="identity">
            <class id="SO:0000704" label="gene"/>
            <span end="9528" id="15314655-3797" start="9521">genetic</span>
        </annotation>
        <annotation annotator="Mike Bada, University of Colorado School of Medicine" id="SO_2017_06_11_Instance_47149" type="identity">
            <class id="SO:0000154" label="PAC"/>
            <span end="9617" id="15314655-3875" start="9614">PAC</span>
        </annotation>
        <annotation annotator="" id="SO_2017_06_11_Instance_224393" type="identity">
            <class id="SO:0000357" label="flanked"/>
            <span end="9629" id="15314655-3781" start="9624">flank</span>
        </annotation>
        <annotation annotator="Mike Bada, University of Colorado School of Medicine" id="SO_2017_06_11_Instance_25817" type="identity">
            <class id="SO:0000704" label="gene"/>
            <span end="9650" id="15314655-3799" start="9643">genetic</span>
        </annotation>
        <annotation annotator="Mike Bada, University of Colorado School of Medicine" id="SO_2017_06_11_Instance_47155" type="identity">
            <class id="SO:0000154" label="PAC"/>
            <span end="9877" id="15314655-3877" start="9874">PAC</span>
        </annotation>
        <annotation annotator="Mike Bada, University of Colorado School of Medicine" id="SO_2017_06_11_Instance_25823" type="identity">
            <class id="SO:0001026" label="genome"/>
            <span end="9919" id="15314655-3801" start="9912">genomic</span>
        </annotation>
        <annotation annotator="Mike Bada, University of Colorado School of Medicine" id="SO_2017_06_11_Instance_47157" type="identity">
            <class id="SO:0000149" label="contig"/>
            <span end="9935" id="15314655-3879" start="9929">contig</span>
        </annotation>
        <annotation annotator="Mike Bada, University of Colorado School of Medicine" id="SO_2017_06_11_Instance_19127" type="identity">
            <class id="SO:0000996" label="predicted_gene"/>
            <span end="10005" id="15314655-3760" start="9996">predicted</span>
            <span end="10032" id="15314655-3761" start="10028">gene</span>
        </annotation>
        <annotation annotator="Mike Bada, University of Colorado School of Medicine" id="SO_2017_06_11_Instance_47161" type="identity">
            <class id="SO:0000154" label="PAC"/>
            <span end="10042" id="15314655-3881" start="10039">PAC</span>
        </annotation>
        <annotation annotator="Mike Bada, University of Colorado School of Medicine" id="SO_2017_06_11_Instance_47165" type="identity">
            <class id="SO:0000704" label="gene"/>
            <span end="10156" id="15314655-3883" start="10152">gene</span>
        </annotation>
        <annotation annotator="Mike Bada, University of Colorado School of Medicine" id="SO_2017_06_11_Instance_47167" type="identity">
            <class id="SO:0000704" label="gene"/>
            <span end="10171" id="15314655-3885" start="10167">gene</span>
        </annotation>
        <annotation annotator="Mike Bada, University of Colorado School of Medicine" id="SO_2017_06_11_Instance_25827" type="identity">
            <class id="SO:0000333" label="exon_junction"/>
            <span end="10421" id="15314655-3803" start="10406">exon boundaries</span>
        </annotation>
        <annotation annotator="Mike Bada, University of Colorado School of Medicine" id="SO_2017_06_11_Instance_47175" type="identity">
            <class id="SO:0000704" label="gene"/>
            <span end="10473" id="15314655-3887" start="10468">genes</span>
        </annotation>
        <annotation annotator="Mike Bada, University of Colorado School of Medicine" id="SO_2017_06_11_Instance_47179" type="identity">
            <class id="SO:0000860" label="syntenic"/>
            <span end="10566" id="15314655-3889" start="10558">syntenic</span>
        </annotation>
        <annotation annotator="Mike Bada, University of Colorado School of Medicine" id="SO_2017_06_11_Instance_47183" type="identity">
            <class id="SO:0000704" label="gene"/>
            <span end="10632" id="15314655-3891" start="10628">gene</span>
        </annotation>
        <annotation annotator="Mike Bada, University of Colorado School of Medicine" id="SO_2017_06_11_Instance_47187" type="identity">
            <class id="SO:0000858" label="orthologous"/>
            <span end="10689" id="15314655-3893" start="10678">orthologous</span>
        </annotation>
        <annotation annotator="Mike Bada, University of Colorado School of Medicine" id="SO_2017_06_11_Instance_47189" type="identity">
            <class id="SO:0000704" label="gene"/>
            <span end="10694" id="15314655-3895" start="10690">gene</span>
        </annotation>
        <annotation annotator="Mike Bada, University of Colorado School of Medicine" id="SO_2017_06_11_Instance_47195" type="identity">
            <class id="SO:0000704" label="gene"/>
            <span end="10877" id="15314655-3897" start="10873">gene</span>
        </annotation>
        <annotation annotator="Mike Bada, University of Colorado School of Medicine" id="SO_2017_06_11_Instance_47197" type="identity">
            <class id="SO:0000855" label="orthologous_region"/>
            <span end="10900" id="15314655-3899" start="10892">ortholog</span>
        </annotation>
        <annotation annotator="Mike Bada, University of Colorado School of Medicine" id="SO_2017_06_11_Instance_47199" type="identity">
            <class id="SO:0000704" label="gene"/>
            <span end="10924" id="15314655-3901" start="10920">gene</span>
        </annotation>
        <annotation annotator="Mike Bada, University of Colorado School of Medicine" id="SO_2017_06_11_Instance_47203" type="identity">
            <class id="SO:0001023" label="allele"/>
            <span end="11010" id="15314655-3903" start="11003">alleles</span>
        </annotation>
        <annotation annotator="" id="SO_2017_06_11_Instance_171396" type="identity">
            <class id="SO:0001587" label="stop_gained"/>
            <span end="11084" id="15314655-3754" start="11064">premature stop codon</span>
        </annotation>
        <annotation annotator="Mike Bada, University of Colorado School of Medicine" id="SO_2017_06_11_Instance_47207" type="identity">
            <class id="SO:0001023" label="allele"/>
            <span end="11120" id="15314655-3905" start="11113">alleles</span>
        </annotation>
        <annotation annotator="Mike Bada, University of Colorado School of Medicine" id="SO_2017_06_11_Instance_47209" type="identity">
            <class id="SO:0001023" label="allele"/>
            <span end="11209" id="15314655-3907" start="11203">allele</span>
        </annotation>
        <annotation annotator="Mike Bada, University of Colorado School of Medicine" id="SO_2017_06_11_Instance_47213" type="identity">
            <class id="SO:0001023" label="allele"/>
            <span end="11400" id="15314655-3909" start="11394">allele</span>
        </annotation>
        <annotation annotator="" id="SO_2017_06_11_Instance_171398" type="identity">
            <class id="SO:0001587" label="stop_gained"/>
            <span end="11443" id="15314655-3756" start="11423">premature stop codon</span>
        </annotation>
        <annotation annotator="Mike Bada, University of Colorado School of Medicine" id="SO_2017_06_11_Instance_47219" type="identity">
            <class id="SO:0000704" label="gene"/>
            <span end="11602" id="15314655-3911" start="11598">gene</span>
        </annotation>
        <annotation annotator="Mike Bada, University of Colorado School of Medicine" id="SO_2017_06_11_Instance_47223" type="identity">
            <class id="SO:0001023" label="allele"/>
            <span end="11882" id="15314655-3913" start="11876">allele</span>
        </annotation>
        <annotation annotator="Mike Bada, University of Colorado School of Medicine" id="SO_2017_06_11_Instance_47225" type="identity">
            <class id="SO:0001023" label="allele"/>
            <span end="11996" id="15314655-3915" start="11989">alleles</span>
        </annotation>
        <annotation annotator="Mike Bada, University of Colorado School of Medicine" id="SO_2017_06_11_Instance_47229" type="identity">
            <class id="SO:0000704" label="gene"/>
            <span end="12855" id="15314655-3917" start="12851">gene</span>
        </annotation>
        <annotation annotator="Mike Bada, University of Colorado School of Medicine" id="SO_2017_06_11_Instance_25841" type="identity">
            <class id="SO:0000673" label="transcript"/>
            <span end="13088" id="15314655-3805" start="13081">message</span>
        </annotation>
        <annotation annotator="Mike Bada, University of Colorado School of Medicine" id="SO_2017_06_11_Instance_47233" type="identity">
            <class id="SO:0000855" label="orthologous_region"/>
            <span end="13688" id="15314655-3919" start="13679">orthologs</span>
        </annotation>
        <annotation annotator="Mike Bada, University of Colorado School of Medicine" id="SO_2017_06_11_Instance_47235" type="identity">
            <class id="SO:0000345" label="EST"/>
            <span end="13945" id="15314655-3921" start="13923">expressed sequence tag</span>
        </annotation>
        <annotation annotator="Mike Bada, University of Colorado School of Medicine" id="SO_2017_06_11_Instance_47237" type="identity">
            <class id="SO:0000345" label="EST"/>
            <span end="13950" id="15314655-3923" start="13947">EST</span>
        </annotation>
        <annotation annotator="Mike Bada, University of Colorado School of Medicine" id="SO_2017_06_11_Instance_47239" type="identity">
            <class id="SO:0000112" label="primer"/>
            <span end="13982" id="15314655-3925" start="13975">primers</span>
        </annotation>
        <annotation annotator="Mike Bada, University of Colorado School of Medicine" id="SO_2017_06_11_Instance_47243" type="identity">
            <class id="SO:0000855" label="orthologous_region"/>
            <span end="14107" id="15314655-3927" start="14099">ortholog</span>
        </annotation>
        <annotation annotator="Mike Bada, University of Colorado School of Medicine" id="SO_2017_06_11_Instance_47249" type="identity">
            <class id="SO:0000345" label="EST"/>
            <span end="14213" id="15314655-3929" start="14209">ESTs</span>
        </annotation>
        <annotation annotator="Mike Bada, University of Colorado School of Medicine" id="SO_2017_06_11_Instance_47255" type="identity">
            <class id="SO:0000860" label="syntenic"/>
            <span end="14261" id="15314655-3931" start="14253">syntenic</span>
        </annotation>
        <annotation annotator="Mike Bada, University of Colorado School of Medicine" id="SO_2017_06_11_Instance_47259" type="identity">
            <class id="SO:0000704" label="gene"/>
            <span end="14326" id="15314655-3933" start="14322">gene</span>
        </annotation>
        <annotation annotator="Mike Bada, University of Colorado School of Medicine" id="SO_2017_06_11_Instance_47263" type="identity">
            <class id="SO:0000858" label="orthologous"/>
            <span end="14386" id="15314655-3935" start="14375">orthologous</span>
        </annotation>
        <annotation annotator="Mike Bada, University of Colorado School of Medicine" id="SO_2017_06_11_Instance_47265" type="identity">
            <class id="SO:0000704" label="gene"/>
            <span end="14391" id="15314655-3937" start="14387">gene</span>
        </annotation>
        <annotation annotator="Mike Bada, University of Colorado School of Medicine" id="SO_2017_06_11_Instance_19129" type="identity">
            <class id="SO:0000996" label="predicted_gene"/>
            <span end="14674" id="15314655-3763" start="14665">predicted</span>
            <span end="14695" id="15314655-3764" start="14691">gene</span>
        </annotation>
        <annotation annotator="Mike Bada, University of Colorado School of Medicine" id="SO_2017_06_11_Instance_47273" type="identity">
            <class id="SO:0000704" label="gene"/>
            <span end="15257" id="15314655-3939" start="15253">gene</span>
        </annotation>
        <annotation annotator="Mike Bada, University of Colorado School of Medicine" id="SO_2017_06_11_Instance_47281" type="identity">
            <class id="SO:0000704" label="gene"/>
            <span end="16529" id="15314655-3941" start="16525">gene</span>
        </annotation>
        <annotation annotator="Mike Bada, University of Colorado School of Medicine" id="SO_2017_06_11_Instance_47285" type="identity">
            <class id="SO:0000902" label="transgene"/>
            <span end="16719" id="15314655-3943" start="16710">transgene</span>
        </annotation>
        <annotation annotator="Mike Bada, University of Colorado School of Medicine" id="SO_2017_06_11_Instance_47287" type="identity">
            <class id="SO:0000902" label="transgene"/>
            <span end="16796" id="15314655-3945" start="16787">transgene</span>
        </annotation>
        <annotation annotator="Mike Bada, University of Colorado School of Medicine" id="SO_2017_06_11_Instance_47289" type="identity">
            <class id="SO:0000167" label="promoter"/>
            <span end="16828" id="15314655-3947" start="16820">promoter</span>
        </annotation>
        <annotation annotator="Mike Bada, University of Colorado School of Medicine" id="SO_2017_06_11_Instance_47297" type="identity">
            <class id="SO:0000704" label="gene"/>
            <span end="19385" id="15314655-3949" start="19381">gene</span>
        </annotation>
        <annotation annotator="Mike Bada, University of Colorado School of Medicine" id="SO_2017_06_11_Instance_47303" type="identity">
            <class id="SO:0000704" label="gene"/>
            <span end="20597" id="15314655-3951" start="20593">gene</span>
        </annotation>
        <annotation annotator="Mike Bada, University of Colorado School of Medicine" id="SO_2017_06_11_Instance_25847" type="identity">
            <class id="SO:0000704" label="gene"/>
            <span end="20716" id="15314655-3807" start="20709">genetic</span>
        </annotation>
        <annotation annotator="Mike Bada, University of Colorado School of Medicine" id="SO_2017_06_11_Instance_47305" type="identity">
            <class id="SO:0001023" label="allele"/>
            <span end="20803" id="15314655-3953" start="20796">alleles</span>
        </annotation>
        <annotation annotator="Mike Bada, University of Colorado School of Medicine" id="SO_2017_06_11_Instance_47307" type="identity">
            <class id="SO:0000704" label="gene"/>
            <span end="20825" id="15314655-3955" start="20821">gene</span>
        </annotation>
        <annotation annotator="Mike Bada, University of Colorado School of Medicine" id="SO_2017_06_11_Instance_47309" type="identity">
            <class id="SO:0000704" label="gene"/>
            <span end="20924" id="15314655-3957" start="20920">gene</span>
        </annotation>
        <annotation annotator="Mike Bada, University of Colorado School of Medicine" id="SO_2017_06_11_Instance_47311" type="identity">
            <class id="SO:0000704" label="gene"/>
            <span end="21052" id="15314655-3959" start="21048">Gene</span>
        </annotation>
        <annotation annotator="Mike Bada, University of Colorado School of Medicine" id="SO_2017_06_11_Instance_47313" type="identity">
            <class id="SO:0000855" label="orthologous_region"/>
            <span end="21083" id="15314655-3961" start="21075">Ortholog</span>
        </annotation>
        <annotation annotator="Mike Bada, University of Colorado School of Medicine" id="SO_2017_06_11_Instance_47315" type="identity">
            <class id="SO:0000704" label="gene"/>
            <span end="21203" id="15314655-3963" start="21199">gene</span>
        </annotation>
        <annotation annotator="Mike Bada, University of Colorado School of Medicine" id="SO_2017_06_11_Instance_47317" type="identity">
            <class id="SO:0000855" label="orthologous_region"/>
            <span end="21237" id="15314655-3965" start="21229">ortholog</span>
        </annotation>
        <annotation annotator="Mike Bada, University of Colorado School of Medicine" id="SO_2017_06_11_Instance_25849" type="identity">
            <class id="SO:0000704" label="gene"/>
            <span end="21298" id="15314655-3809" start="21291">genetic</span>
        </annotation>
        <annotation annotator="Mike Bada, University of Colorado School of Medicine" id="SO_2017_06_11_Instance_47319" type="identity">
            <class id="SO:0000154" label="PAC"/>
            <span end="21353" id="15314655-3967" start="21350">PAC</span>
        </annotation>
        <annotation annotator="Mike Bada, University of Colorado School of Medicine" id="SO_2017_06_11_Instance_47329" type="identity">
            <class id="SO:0000188" label="intron"/>
            <span end="21512" id="15314655-3969" start="21506">intron</span>
        </annotation>
        <annotation annotator="Mike Bada, University of Colorado School of Medicine" id="SO_2017_06_11_Instance_47331" type="identity">
            <class id="SO:0000147" label="exon"/>
            <span end="21517" id="15314655-3971" start="21513">exon</span>
        </annotation>
        <annotation annotator="Mike Bada, University of Colorado School of Medicine" id="SO_2017_06_11_Instance_19131" type="identity">
            <class id="SO:0000996" label="predicted_gene"/>
            <span end="21553" id="15314655-3766" start="21544">predicted</span>
            <span end="21587" id="15314655-3767" start="21582">genes</span>
        </annotation>
        <annotation annotator="Mike Bada, University of Colorado School of Medicine" id="SO_2017_06_11_Instance_47335" type="identity">
            <class id="SO:0000858" label="orthologous"/>
            <span end="21565" id="15314655-3973" start="21554">orthologous</span>
        </annotation>
        <annotation annotator="Mike Bada, University of Colorado School of Medicine" id="SO_2017_06_11_Instance_47339" type="identity">
            <class id="SO:0000860" label="syntenic"/>
            <span end="21662" id="15314655-3975" start="21654">syntenic</span>
        </annotation>
        <annotation annotator="Mike Bada, University of Colorado School of Medicine" id="SO_2017_06_11_Instance_47345" type="identity">
            <class id="SO:0001023" label="allele"/>
            <span end="21784" id="15314655-3977" start="21777">alleles</span>
        </annotation>
        <annotation annotator="" id="SO_2017_06_11_Instance_171400" type="identity">
            <class id="SO:0001587" label="stop_gained"/>
            <span end="21833" id="15314655-3758" start="21812">premature stop codons</span>
        </annotation>
        <annotation annotator="Mike Bada, University of Colorado School of Medicine" id="SO_2017_06_11_Instance_47359" type="identity">
            <class id="SO:0000855" label="orthologous_region"/>
            <span end="22220" id="15314655-3979" start="22212">ortholog</span>
        </annotation>
        <annotation annotator="Mike Bada, University of Colorado School of Medicine" id="SO_2017_06_11_Instance_47365" type="identity">
            <class id="SO:0000855" label="orthologous_region"/>
            <span end="22609" id="15314655-3981" start="22600">orthologs</span>
        </annotation>
        <annotation annotator="Mike Bada, University of Colorado School of Medicine" id="SO_2017_06_11_Instance_47371" type="identity">
            <class id="SO:0000855" label="orthologous_region"/>
            <span end="22746" id="15314655-3983" start="22738">ortholog</span>
        </annotation>
        <annotation annotator="Mike Bada, University of Colorado School of Medicine" id="SO_2017_06_11_Instance_47373" type="identity">
            <class id="SO:0001026" label="genome"/>
            <span end="22789" id="15314655-3985" start="22783">genome</span>
        </annotation>
        <annotation annotator="Mike Bada, University of Colorado School of Medicine" id="SO_2017_06_11_Instance_47375" type="identity">
            <class id="SO:0000345" label="EST"/>
            <span end="22796" id="15314655-3987" start="22793">EST</span>
        </annotation>
        <annotation annotator="Mike Bada, University of Colorado School of Medicine" id="SO_2017_06_11_Instance_25803" type="identity">
            <class id="SO:0000417" label="polypeptide_domain"/>
            <span end="22855" id="15314655-3793" start="22849">domain</span>
        </annotation>
        <annotation annotator="Mike Bada, University of Colorado School of Medicine" id="SO_2017_06_11_Instance_47377" type="identity">
            <class id="SO:0001026" label="genome"/>
            <span end="22969" id="15314655-3989" start="22963">genome</span>
        </annotation>
        <annotation annotator="Mike Bada, University of Colorado School of Medicine" id="SO_2017_06_11_Instance_47379" type="identity">
            <class id="SO:0000704" label="gene"/>
            <span end="23331" id="15314655-3991" start="23327">gene</span>
        </annotation>
        <annotation annotator="Mike Bada, University of Colorado School of Medicine" id="SO_2017_06_11_Instance_47381" type="identity">
            <class id="SO:0000704" label="gene"/>
            <span end="23870" id="15314655-3993" start="23866">gene</span>
        </annotation>
        <annotation annotator="Mike Bada, University of Colorado School of Medicine" id="SO_2017_06_11_Instance_47383" type="identity">
            <class id="SO:0000704" label="gene"/>
            <span end="23929" id="15314655-3995" start="23924">genes</span>
        </annotation>
        <annotation annotator="Mike Bada, University of Colorado School of Medicine" id="SO_2017_06_11_Instance_25857" type="identity">
            <class id="SO:0000704" label="gene"/>
            <span end="25483" id="15314655-3811" start="25476">genetic</span>
        </annotation>
        <annotation annotator="Mike Bada, University of Colorado School of Medicine" id="SO_2017_06_11_Instance_47395" type="identity">
            <class id="SO:0000704" label="gene"/>
            <span end="25959" id="15314655-3997" start="25954">genes</span>
        </annotation>
        <annotation annotator="Mike Bada, University of Colorado School of Medicine" id="SO_2017_06_11_Instance_25859" type="identity">
            <class id="SO:0000704" label="gene"/>
            <span end="26128" id="15314655-3813" start="26121">genetic</span>
        </annotation>
        <annotation annotator="Mike Bada, University of Colorado School of Medicine" id="SO_2017_06_11_Instance_47397" type="identity">
            <class id="SO:0000704" label="gene"/>
            <span end="26198" id="15314655-3999" start="26194">gene</span>
        </annotation>
        <annotation annotator="Mike Bada, University of Colorado School of Medicine" id="SO_2017_06_11_Instance_47399" type="identity">
            <class id="SO:0000704" label="gene"/>
            <span end="26441" id="15314655-4001" start="26437">gene</span>
        </annotation>
        <annotation annotator="Mike Bada, University of Colorado School of Medicine" id="SO_2017_06_11_Instance_47401" type="identity">
            <class id="SO:0000704" label="gene"/>
            <span end="26765" id="15314655-4003" start="26761">gene</span>
        </annotation>
        <annotation annotator="Mike Bada, University of Colorado School of Medicine" id="SO_2017_06_11_Instance_47403" type="identity">
            <class id="SO:0001023" label="allele"/>
            <span end="27926" id="15314655-4005" start="27919">alleles</span>
        </annotation>
        <annotation annotator="Mike Bada, University of Colorado School of Medicine" id="SO_2017_06_11_Instance_47405" type="identity">
            <class id="SO:0001023" label="allele"/>
            <span end="28073" id="15314655-4007" start="28067">allele</span>
        </annotation>
        <annotation annotator="Mike Bada, University of Colorado School of Medicine" id="SO_2017_06_11_Instance_25861" type="identity">
            <class id="SO:0001026" label="genome"/>
            <span end="28550" id="15314655-3815" start="28543">Genomic</span>
        </annotation>
        <annotation annotator="" id="SO_2017_06_11_Instance_221219" type="identity">
            <class id="SO:0001830" label="AFLP_fragment"/>
            <span end="28582" id="15314655-3777" start="28578">AFLP</span>
        </annotation>
        <annotation annotator="Mike Bada, University of Colorado School of Medicine" id="SO_2017_06_11_Instance_47407" type="identity">
            <class id="SO:0000112" label="primer"/>
            <span end="28732" id="15314655-4009" start="28725">primers</span>
        </annotation>
        <annotation annotator="Mike Bada, University of Colorado School of Medicine" id="SO_2017_06_11_Instance_25865" type="identity">
            <class id="SO:0000704" label="gene"/>
            <span end="28744" id="15314655-3817" start="28737">genetic</span>
        </annotation>
        <annotation annotator="Mike Bada, University of Colorado School of Medicine" id="SO_2017_06_11_Instance_16387" type="identity">
            <class id="SO:0001183" label="morpholino_backbone"/>
            <span end="28850" id="15314655-3750" start="28839">morpholinos</span>
        </annotation>
        <annotation annotator="Mike Bada, University of Colorado School of Medicine" id="SO_2017_06_11_Instance_47411" type="identity">
            <class id="SO:0000440" label="vector_replicon"/>
            <span end="28956" id="15314655-4011" start="28950">vector</span>
        </annotation>
        <annotation annotator="Mike Bada, University of Colorado School of Medicine" id="SO_2017_06_11_Instance_47417" type="identity">
            <class id="SO:0000902" label="transgene"/>
            <span end="30889" id="15314655-4013" start="30880">transgene</span>
        </annotation>
        <annotation annotator="Mike Bada, University of Colorado School of Medicine" id="SO_2017_06_11_Instance_47419" type="identity">
            <class id="SO:0000704" label="gene"/>
            <span end="32142" id="15314655-4015" start="32137">genes</span>
        </annotation>
        <annotation annotator="Mike Bada, University of Colorado School of Medicine" id="SO_2017_06_11_Instance_47421" type="identity">
            <class id="SO:0000704" label="gene"/>
            <span end="32151" id="15314655-4017" start="32147">gene</span>
        </annotation>
        <annotation annotator="Mike Bada, University of Colorado School of Medicine" id="SO_2017_06_11_Instance_47425" type="identity">
            <class id="SO:0001023" label="allele"/>
            <span end="32770" id="15314655-4019" start="32764">allele</span>
        </annotation>
        <annotation annotator="" id="SO_2017_06_11_Instance_221115" type="identity">
            <class id="SO:0001830" label="AFLP_fragment"/>
            <span end="33163" id="15314655-3773" start="33159">AFLP</span>
        </annotation>
        <annotation annotator="" id="SO_2017_06_11_Instance_221117" type="identity">
            <class id="SO:0001830" label="AFLP_fragment"/>
            <span end="33204" id="15314655-3775" start="33166">amplified fragment length polymorphism</span>
        </annotation>
        <annotation annotator="Mike Bada, University of Colorado School of Medicine" id="SO_2017_06_11_Instance_47427" type="identity">
            <class id="SO:0000345" label="EST"/>
            <span end="33234" id="15314655-4021" start="33231">EST</span>
        </annotation>
        <annotation annotator="Mike Bada, University of Colorado School of Medicine" id="SO_2017_06_11_Instance_47429" type="identity">
            <class id="SO:0000345" label="EST"/>
            <span end="33259" id="15314655-4023" start="33237">expressed sequence tag</span>
        </annotation>
        <annotation annotator="Mike Bada, University of Colorado School of Medicine" id="SO_2017_06_11_Instance_47431" type="identity">
            <class id="SO:0000154" label="PAC"/>
            <span end="33376" id="15314655-4025" start="33373">PAC</span>
        </annotation>
        <annotation annotator="Mike Bada, University of Colorado School of Medicine" id="SO_2017_06_11_Instance_47433" type="identity">
            <class id="SO:0000704" label="gene"/>
            <span end="33411" id="15314655-4027" start="33407">gene</span>
        </annotation>
        <annotation annotator="Mike Bada, University of Colorado School of Medicine" id="SO_2017_06_11_Instance_47439" type="identity">
            <class id="SO:0000704" label="gene"/>
            <span end="35071" id="15314655-4029" start="35067">Gene</span>
        </annotation>
        <annotation annotator="Mike Bada, University of Colorado School of Medicine" id="SO_2017_06_11_Instance_47441" type="identity">
            <class id="SO:0001249" label="fragment_assembly"/>
            <span end="35108" id="15314655-4031" start="35096">Physical map</span>
        </annotation>
        <annotation annotator="" id="SO_2017_06_11_Instance_221221" type="identity">
            <class id="SO:0001830" label="AFLP_fragment"/>
            <span end="35302" id="15314655-3779" start="35298">AFLP</span>
        </annotation>
        <annotation annotator="Mike Bada, University of Colorado School of Medicine" id="SO_2017_06_11_Instance_47447" type="identity">
            <class id="SO:0000154" label="PAC"/>
            <span end="35360" id="15314655-4033" start="35357">PAC</span>
        </annotation>
        <annotation annotator="Mike Bada, University of Colorado School of Medicine" id="SO_2017_06_11_Instance_47449" type="identity">
            <class id="SO:0000154" label="PAC"/>
            <span end="35389" id="15314655-4035" start="35385">PACS</span>
        </annotation>
        <annotation annotator="Mike Bada, University of Colorado School of Medicine" id="SO_2017_06_11_Instance_47451" type="identity">
            <class id="SO:0000154" label="PAC"/>
            <span end="35479" id="15314655-4037" start="35476">PAC</span>
        </annotation>
        <annotation annotator="Mike Bada, University of Colorado School of Medicine" id="SO_2017_06_11_Instance_47453" type="identity">
            <class id="SO:0000704" label="gene"/>
            <span end="35533" id="15314655-4039" start="35529">gene</span>
        </annotation>
        <annotation annotator="Mike Bada, University of Colorado School of Medicine" id="SO_2017_06_11_Instance_47455" type="identity">
            <class id="SO:0000154" label="PAC"/>
            <span end="35543" id="15314655-4041" start="35540">PAC</span>
        </annotation>
        <annotation annotator="Mike Bada, University of Colorado School of Medicine" id="SO_2017_06_11_Instance_25805" type="identity">
            <class id="SO:0000417" label="polypeptide_domain"/>
            <span end="36261" id="15314655-3795" start="36254">domains</span>
        </annotation>
        <annotation annotator="Mike Bada, University of Colorado School of Medicine" id="SO_2017_06_11_Instance_47469" type="identity">
            <class id="SO:0000704" label="gene"/>
            <span end="36490" id="15314655-4043" start="36486">Gene</span>
        </annotation>
        <annotation annotator="Mike Bada, University of Colorado School of Medicine" id="SO_2017_06_11_Instance_47489" type="identity">
            <class id="SO:0000902" label="transgene"/>
            <span end="38467" id="15314655-4045" start="38458">transgene</span>
        </annotation>
        <annotation annotator="Mike Bada, University of Colorado School of Medicine" id="SO_2017_06_11_Instance_47499" type="identity">
            <class id="SO:0000704" label="gene"/>
            <span end="41585" id="15314655-4047" start="41581">gene</span>
        </annotation>
        <graph-space id="Old Knowtator Relations"/>
    </document>
</knowtator-project>
