<?xml version="1.0" encoding="UTF-8" standalone="no"?>
<knowtator-project>
  <document id="15328533" text-file="15328533.txt">
    <annotation annotator="Mike Bada, University of Colorado School of Medicine" id="SO_2017_06_11_Instance_48037" type="identity">
      <class id="SO:0000704" label="gene"/>
      <span end="236" id="15328533-4472" start="232">gene</span>
    </annotation>
    <annotation annotator="Mike Bada, University of Colorado School of Medicine" id="SO_2017_06_11_Instance_48043" type="identity">
      <class id="SO:0000704" label="gene"/>
      <span end="754" id="15328533-4474" start="750">gene</span>
    </annotation>
    <annotation annotator="Mike Bada, University of Colorado School of Medicine" id="SO_2017_06_11_Instance_26343" type="identity">
      <class id="SO:0000704" label="gene"/>
      <span end="812" id="15328533-4446" start="801">genetically</span>
    </annotation>
    <annotation annotator="Mike Bada, University of Colorado School of Medicine" id="SO_2017_06_11_Instance_48045" type="identity">
      <class id="SO:0000704" label="gene"/>
      <span end="2657" id="15328533-4476" start="2652">genes</span>
    </annotation>
    <annotation annotator="Mike Bada, University of Colorado School of Medicine" id="SO_2017_06_11_Instance_26345" type="identity">
      <class id="SO:0001060" label="sequence_variant"/>
      <span end="3661" id="15328533-4448" start="3654">isoform</span>
    </annotation>
    <annotation annotator="Mike Bada, University of Colorado School of Medicine" id="SO_2017_06_11_Instance_26347" type="identity">
      <class id="SO:0001060" label="sequence_variant"/>
      <span end="4194" id="15328533-4450" start="4186">isoforms</span>
    </annotation>
    <annotation annotator="Mike Bada, University of Colorado School of Medicine" id="SO_2017_06_11_Instance_48047" type="identity">
      <class id="SO:0000902" label="transgene"/>
      <span end="4802" id="15328533-4478" start="4793">transgene</span>
    </annotation>
    <annotation annotator="Mike Bada, University of Colorado School of Medicine" id="SO_2017_06_11_Instance_26349" type="identity">
      <class id="SO:0000417" label="polypeptide_domain"/>
      <span end="4852" id="15328533-4452" start="4846">domain</span>
    </annotation>
    <annotation annotator="Mike Bada, University of Colorado School of Medicine" id="SO_2017_06_11_Instance_48051" type="identity">
      <class id="SO:0000167" label="promoter"/>
      <span end="4962" id="15328533-4480" start="4954">promoter</span>
    </annotation>
    <annotation annotator="Mike Bada, University of Colorado School of Medicine" id="SO_2017_06_11_Instance_48053" type="identity">
      <class id="SO:0000167" label="promoter"/>
      <span end="5028" id="15328533-4482" start="5020">promoter</span>
    </annotation>
    <annotation annotator="Mike Bada, University of Colorado School of Medicine" id="SO_2017_06_11_Instance_48055" type="identity">
      <class id="SO:0000902" label="transgene"/>
      <span end="5103" id="15328533-4484" start="5094">transgene</span>
    </annotation>
    <annotation annotator="Mike Bada, University of Colorado School of Medicine" id="SO_2017_06_11_Instance_26353" type="identity">
      <class id="SO:0001026" label="genome"/>
      <span end="7025" id="15328533-4454" start="7019">genome</span>
    </annotation>
    <annotation annotator="Mike Bada, University of Colorado School of Medicine" id="SO_2017_06_11_Instance_17887" type="identity">
      <class id="SO:0001032" label="mitochondrial_DNA"/>
      <span end="7097" id="15328533-4434" start="7080">Mitochondrial DNA</span>
    </annotation>
    <annotation annotator="Mike Bada, University of Colorado School of Medicine" id="SO_2017_06_11_Instance_48063" type="identity">
      <class id="SO:0000704" label="gene"/>
      <span end="7888" id="15328533-4486" start="7883">genes</span>
    </annotation>
    <annotation annotator="Mike Bada, University of Colorado School of Medicine" id="SO_2017_06_11_Instance_26355" type="identity">
      <class id="SO:0000704" label="gene"/>
      <span end="8069" id="15328533-4456" start="8064">genes</span>
    </annotation>
    <annotation annotator="Mike Bada, University of Colorado School of Medicine" id="SO_2017_06_11_Instance_48073" type="identity">
      <class id="SO:0000704" label="gene"/>
      <span end="9803" id="15328533-4488" start="9798">genes</span>
    </annotation>
    <annotation annotator="Mike Bada, University of Colorado School of Medicine" id="SO_2017_06_11_Instance_48075" type="identity">
      <class id="SO:0000902" label="transgene"/>
      <span end="10121" id="15328533-4490" start="10112">transgene</span>
    </annotation>
    <annotation annotator="Mike Bada, University of Colorado School of Medicine" id="SO_2017_06_11_Instance_26357" type="identity">
      <class id="SO:0000704" label="gene"/>
      <span end="10611" id="15328533-4458" start="10600">genetically</span>
    </annotation>
    <annotation annotator="Mike Bada, University of Colorado School of Medicine" id="SO_2017_06_11_Instance_26359" type="identity">
      <class id="SO:0000704" label="gene"/>
      <span end="11542" id="15328533-4460" start="11531">genetically</span>
    </annotation>
    <annotation annotator="Mike Bada, University of Colorado School of Medicine" id="SO_2017_06_11_Instance_28505" type="identity">
      <class id="SO:0000704" label="gene"/>
      <span end="16441" id="15328533-4470" start="16430">genetically</span>
    </annotation>
    <annotation annotator="Mike Bada, University of Colorado School of Medicine" id="SO_2017_06_11_Instance_26363" type="identity">
      <class id="SO:0000417" label="polypeptide_domain"/>
      <span end="16517" id="15328533-4462" start="16511">domain</span>
    </annotation>
    <annotation annotator="" id="SO_2017_06_11_Instance_171306" type="identity">
      <class id="SO:0001817" label="inframe"/>
      <span end="16604" id="15328533-4432" start="16596">in frame</span>
    </annotation>
    <annotation annotator="Mike Bada, University of Colorado School of Medicine" id="SO_2017_06_11_Instance_48087" type="identity">
      <class id="SO:0000167" label="promoter"/>
      <span end="16728" id="15328533-4492" start="16720">promoter</span>
    </annotation>
    <annotation annotator="Mike Bada, University of Colorado School of Medicine" id="SO_2017_06_11_Instance_48089" type="identity">
      <class id="SO:0000188" label="intron"/>
      <span end="16789" id="15328533-4494" start="16783">intron</span>
    </annotation>
    <annotation annotator="Mike Bada, University of Colorado School of Medicine" id="SO_2017_06_11_Instance_26367" type="identity">
      <class id="SO:0000610" label="polyA_sequence"/>
      <span end="16806" id="15328533-4464" start="16790">poly(A) sequence</span>
    </annotation>
    <annotation annotator="Mike Bada, University of Colorado School of Medicine" id="SO_2017_06_11_Instance_48091" type="identity">
      <class id="SO:0000902" label="transgene"/>
      <span end="16821" id="15328533-4496" start="16812">transgene</span>
    </annotation>
    <annotation annotator="Mike Bada, University of Colorado School of Medicine" id="SO_2017_06_11_Instance_48095" type="identity">
      <class id="SO:0000704" label="gene"/>
      <span end="17563" id="15328533-4498" start="17559">Gene</span>
    </annotation>
    <annotation annotator="Mike Bada, University of Colorado School of Medicine" id="SO_2017_06_11_Instance_48097" type="identity">
      <class id="SO:0000345" label="EST"/>
      <span end="17620" id="15328533-4500" start="17617">EST</span>
    </annotation>
    <annotation annotator="Mike Bada, University of Colorado School of Medicine" id="SO_2017_06_11_Instance_17889" type="identity">
      <class id="SO:0001032" label="mitochondrial_DNA"/>
      <span end="18389" id="15328533-4436" start="18372">mitochondrial DNA</span>
    </annotation>
    <annotation annotator="Mike Bada, University of Colorado School of Medicine" id="SO_2017_06_11_Instance_17891" type="identity">
      <class id="SO:0001032" label="mitochondrial_DNA"/>
      <span end="18601" id="15328533-4438" start="18584">Mitochondrial DNA</span>
    </annotation>
    <annotation annotator="Mike Bada, University of Colorado School of Medicine" id="SO_2017_06_11_Instance_48107" type="identity">
      <class id="SO:0000167" label="promoter"/>
      <span end="19589" id="15328533-4502" start="19581">promoter</span>
    </annotation>
    <annotation annotator="Mike Bada, University of Colorado School of Medicine" id="SO_2017_06_11_Instance_48109" type="identity">
      <class id="SO:0000902" label="transgene"/>
      <span end="20800" id="15328533-4504" start="20791">Transgene</span>
    </annotation>
    <annotation annotator="Mike Bada, University of Colorado School of Medicine" id="SO_2017_06_11_Instance_48117" type="identity">
      <class id="SO:0000902" label="transgene"/>
      <span end="21216" id="15328533-4506" start="21207">transgene</span>
    </annotation>
    <annotation annotator="Mike Bada, University of Colorado School of Medicine" id="SO_2017_06_11_Instance_48127" type="identity">
      <class id="SO:0000704" label="gene"/>
      <span end="21921" id="15328533-4508" start="21916">Genes</span>
    </annotation>
    <annotation annotator="Mike Bada, University of Colorado School of Medicine" id="SO_2017_06_11_Instance_48133" type="identity">
      <class id="SO:0000704" label="gene"/>
      <span end="22176" id="15328533-4510" start="22172">gene</span>
    </annotation>
    <annotation annotator="Mike Bada, University of Colorado School of Medicine" id="SO_2017_06_11_Instance_26369" type="identity">
      <class id="SO:0001026" label="genome"/>
      <span end="22205" id="15328533-4466" start="22198">genomic</span>
    </annotation>
    <annotation annotator="Mike Bada, University of Colorado School of Medicine" id="SO_2017_06_11_Instance_17893" type="identity">
      <class id="SO:0001026" label="genome"/>
      <span end="22348" id="15328533-4440" start="22342">genome</span>
    </annotation>
    <annotation annotator="Mike Bada, University of Colorado School of Medicine" id="SO_2017_06_11_Instance_26371" type="identity">
      <class id="SO:0001026" label="genome"/>
      <span end="22383" id="15328533-4468" start="22377">genome</span>
    </annotation>
    <annotation annotator="Mike Bada, University of Colorado School of Medicine" id="SO_2017_06_11_Instance_17895" type="identity">
      <class id="SO:0001032" label="mitochondrial_DNA"/>
      <span end="22537" id="15328533-4442" start="22520">mitochondrial DNA</span>
    </annotation>
    <annotation annotator="Mike Bada, University of Colorado School of Medicine" id="SO_2017_06_11_Instance_17897" type="identity">
      <class id="SO:0001032" label="mitochondrial_DNA"/>
      <span end="22627" id="15328533-4444" start="22610">mitochondrial DNA</span>
    </annotation>
    <graph-space id="Old Knowtator Relations"/>
  </document>
</knowtator-project>
