<?xml version="1.0" encoding="UTF-8" standalone="no"?>
<knowtator-project>
  <document id="15492776" text-file="15492776.txt">
    <annotation annotator="Mike Bada, University of Colorado School of Medicine" id="SO_2017_06_11_Instance_48589" type="identity">
      <class id="SO:0000704" label="gene"/>
      <span end="435" id="15492776-4827" start="431">gene</span>
    </annotation>
    <annotation annotator="Mike Bada, University of Colorado School of Medicine" id="SO_2017_06_11_Instance_48591" type="identity">
      <class id="SO:0000704" label="gene"/>
      <span end="559" id="15492776-4829" start="555">gene</span>
    </annotation>
    <annotation annotator="Mike Bada, University of Colorado School of Medicine" id="SO_2017_06_11_Instance_48593" type="identity">
      <class id="SO:0000704" label="gene"/>
      <span end="693" id="15492776-4831" start="688">genes</span>
    </annotation>
    <annotation annotator="Mike Bada, University of Colorado School of Medicine" id="SO_2017_06_11_Instance_48595" type="identity">
      <class id="SO:0000153" label="BAC"/>
      <span end="800" id="15492776-4833" start="769">bacterial artificial chromosome</span>
    </annotation>
    <annotation annotator="Mike Bada, University of Colorado School of Medicine" id="SO_2017_06_11_Instance_18895" type="identity">
      <class id="SO:0000363" label="floxed_gene"/>
      <span end="862" id="15492776-4731" start="856">floxed</span>
      <span end="875" id="15492776-4732" start="870">genes</span>
    </annotation>
    <annotation annotator="Mike Bada, University of Colorado School of Medicine" id="SO_2017_06_11_Instance_48601" type="identity">
      <class id="SO:0000359" label="floxed"/>
      <span end="1197" id="15492776-4835" start="1191">floxed</span>
    </annotation>
    <annotation annotator="Mike Bada, University of Colorado School of Medicine" id="SO_2017_06_11_Instance_48603" type="identity">
      <class id="SO:0001023" label="allele"/>
      <span end="1211" id="15492776-4837" start="1205">allele</span>
    </annotation>
    <annotation annotator="Mike Bada, University of Colorado School of Medicine" id="SO_2017_06_11_Instance_48605" type="identity">
      <class id="SO:0000704" label="gene"/>
      <span end="1348" id="15492776-4839" start="1344">gene</span>
    </annotation>
    <annotation annotator="Mike Bada, University of Colorado School of Medicine" id="SO_2017_06_11_Instance_48607" type="identity">
      <class id="SO:0000704" label="gene"/>
      <span end="1687" id="15492776-4841" start="1682">genes</span>
    </annotation>
    <annotation annotator="Mike Bada, University of Colorado School of Medicine" id="SO_2017_06_11_Instance_26845" type="identity">
      <class id="SO:0000704" label="gene"/>
      <span end="1886" id="15492776-4791" start="1879">Genetic</span>
    </annotation>
    <annotation annotator="Mike Bada, University of Colorado School of Medicine" id="SO_2017_06_11_Instance_48609" type="identity">
      <class id="SO:0000704" label="gene"/>
      <span end="4054" id="15492776-4843" start="4049">genes</span>
    </annotation>
    <annotation annotator="Mike Bada, University of Colorado School of Medicine" id="SO_2017_06_11_Instance_48611" type="identity">
      <class id="SO:0000704" label="gene"/>
      <span end="4390" id="15492776-4845" start="4386">gene</span>
    </annotation>
    <annotation annotator="Mike Bada, University of Colorado School of Medicine" id="SO_2017_06_11_Instance_48613" type="identity">
      <class id="SO:0000704" label="gene"/>
      <span end="6285" id="15492776-4847" start="6281">gene</span>
    </annotation>
    <annotation annotator="Mike Bada, University of Colorado School of Medicine" id="SO_2017_06_11_Instance_48615" type="identity">
      <class id="SO:0000359" label="floxed"/>
      <span end="6672" id="15492776-4849" start="6666">floxed</span>
    </annotation>
    <annotation annotator="Mike Bada, University of Colorado School of Medicine" id="SO_2017_06_11_Instance_48617" type="identity">
      <class id="SO:0001023" label="allele"/>
      <span end="6680" id="15492776-4851" start="6673">alleles</span>
    </annotation>
    <annotation annotator="Mike Bada, University of Colorado School of Medicine" id="SO_2017_06_11_Instance_29767" type="identity">
      <class id="SO:0000704" label="gene"/>
      <span end="6848" id="15492776-4812" start="6841">genetic</span>
    </annotation>
    <annotation annotator="Mike Bada, University of Colorado School of Medicine" id="SO_2017_06_11_Instance_48619" type="identity">
      <class id="SO:0000704" label="gene"/>
      <span end="6892" id="15492776-4853" start="6887">genes</span>
    </annotation>
    <annotation annotator="Mike Bada, University of Colorado School of Medicine" id="SO_2017_06_11_Instance_48621" type="identity">
      <class id="SO:0000704" label="gene"/>
      <span end="7089" id="15492776-4855" start="7085">gene</span>
    </annotation>
    <annotation annotator="" id="SO_2017_06_11_Instance_224753" type="identity">
      <class id="SO:0000346" label="loxP_site"/>
      <span end="7112" id="15492776-4763" start="7108">loxP</span>
    </annotation>
    <annotation annotator="Mike Bada, University of Colorado School of Medicine" id="SO_2017_06_11_Instance_48623" type="identity">
      <class id="SO:0000704" label="gene"/>
      <span end="7198" id="15492776-4857" start="7193">genes</span>
    </annotation>
    <annotation annotator="Mike Bada, University of Colorado School of Medicine" id="SO_2017_06_11_Instance_48625" type="identity">
      <class id="SO:0000704" label="gene"/>
      <span end="7286" id="15492776-4859" start="7281">genes</span>
    </annotation>
    <annotation annotator="" id="SO_2017_06_11_Instance_224535" type="identity">
      <class id="SO:0000359" label="floxed"/>
      <span end="7831" id="15492776-4741" start="7826">floxP</span>
    </annotation>
    <annotation annotator="Mike Bada, University of Colorado School of Medicine" id="SO_2017_06_11_Instance_29769" type="identity">
      <class id="SO:0000704" label="gene"/>
      <span end="8289" id="15492776-4814" start="8282">Genetic</span>
    </annotation>
    <annotation annotator="Mike Bada, University of Colorado School of Medicine" id="SO_2017_06_11_Instance_48627" type="identity">
      <class id="SO:0000704" label="gene"/>
      <span end="8330" id="15492776-4861" start="8325">Genes</span>
    </annotation>
    <annotation annotator="Mike Bada, University of Colorado School of Medicine" id="SO_2017_06_11_Instance_48629" type="identity">
      <class id="SO:0000704" label="gene"/>
      <span end="8419" id="15492776-4863" start="8414">genes</span>
    </annotation>
    <annotation annotator="Mike Bada, University of Colorado School of Medicine" id="SO_2017_06_11_Instance_48631" type="identity">
      <class id="SO:0000704" label="gene"/>
      <span end="8569" id="15492776-4865" start="8565">gene</span>
    </annotation>
    <annotation annotator="Mike Bada, University of Colorado School of Medicine" id="SO_2017_06_11_Instance_48633" type="identity">
      <class id="SO:0000153" label="BAC"/>
      <span end="8703" id="15492776-4867" start="8672">bacterial artificial chromosome</span>
    </annotation>
    <annotation annotator="Mike Bada, University of Colorado School of Medicine" id="SO_2017_06_11_Instance_48635" type="identity">
      <class id="SO:0000153" label="BAC"/>
      <span end="8708" id="15492776-4869" start="8705">BAC</span>
    </annotation>
    <annotation annotator="Mike Bada, University of Colorado School of Medicine" id="SO_2017_06_11_Instance_26855" type="identity">
      <class id="SO:0005853" label="gene_cassette"/>
      <span end="8809" id="15492776-4793" start="8801">cassette</span>
    </annotation>
    <annotation annotator="Mike Bada, University of Colorado School of Medicine" id="SO_2017_06_11_Instance_48637" type="identity">
      <class id="SO:0000243" label="internal_ribosome_entry_site"/>
      <span end="8851" id="15492776-4871" start="8823">internal ribosome entry site</span>
    </annotation>
    <annotation annotator="Mike Bada, University of Colorado School of Medicine" id="SO_2017_06_11_Instance_48639" type="identity">
      <class id="SO:0000243" label="internal_ribosome_entry_site"/>
      <span end="8857" id="15492776-4873" start="8853">IRES</span>
    </annotation>
    <annotation annotator="Mike Bada, University of Colorado School of Medicine" id="SO_2017_06_11_Instance_26857" type="identity">
      <class id="SO:0000318" label="start_codon"/>
      <span end="8935" id="15492776-4795" start="8913">translation start site</span>
    </annotation>
    <annotation annotator="Mike Bada, University of Colorado School of Medicine" id="SO_2017_06_11_Instance_48641" type="identity">
      <class id="SO:0000153" label="BAC"/>
      <span end="8974" id="15492776-4875" start="8971">BAC</span>
    </annotation>
    <annotation annotator="Mike Bada, University of Colorado School of Medicine" id="SO_2017_06_11_Instance_48643" type="identity">
      <class id="SO:0000902" label="transgene"/>
      <span end="9087" id="15492776-4877" start="9078">transgene</span>
    </annotation>
    <annotation annotator="Mike Bada, University of Colorado School of Medicine" id="SO_2017_06_11_Instance_39805" type="identity">
      <class id="SO:0000616" label="transcription_end_site"/>
      <span end="9264" id="15492776-4821" start="9234">transcriptional stop sequences</span>
    </annotation>
    <annotation annotator="Mike Bada, University of Colorado School of Medicine" id="SO_2017_06_11_Instance_48645" type="identity">
      <class id="SO:0000902" label="transgene"/>
      <span end="9353" id="15492776-4879" start="9344">transgene</span>
    </annotation>
    <annotation annotator="Mike Bada, University of Colorado School of Medicine" id="SO_2017_06_11_Instance_48647" type="identity">
      <class id="SO:0000902" label="transgene"/>
      <span end="9904" id="15492776-4881" start="9895">transgene</span>
    </annotation>
    <annotation annotator="Mike Bada, University of Colorado School of Medicine" id="SO_2017_06_11_Instance_48649" type="identity">
      <class id="SO:0000704" label="gene"/>
      <span end="11906" id="15492776-4883" start="11902">gene</span>
    </annotation>
    <annotation annotator="Mike Bada, University of Colorado School of Medicine" id="SO_2017_06_11_Instance_48651" type="identity">
      <class id="SO:0000902" label="transgene"/>
      <span end="13086" id="15492776-4885" start="13077">transgene</span>
    </annotation>
    <annotation annotator="Mike Bada, University of Colorado School of Medicine" id="SO_2017_06_11_Instance_48653" type="identity">
      <class id="SO:0000704" label="gene"/>
      <span end="13668" id="15492776-4887" start="13663">genes</span>
    </annotation>
    <annotation annotator="" id="SO_2017_06_11_Instance_224537" type="identity">
      <class id="SO:0000359" label="floxed"/>
      <span end="13768" id="15492776-4743" start="13763">floxP</span>
    </annotation>
    <annotation annotator="Mike Bada, University of Colorado School of Medicine" id="SO_2017_06_11_Instance_48655" type="identity">
      <class id="SO:0000359" label="floxed"/>
      <span end="14011" id="15492776-4889" start="14005">floxed</span>
    </annotation>
    <annotation annotator="Mike Bada, University of Colorado School of Medicine" id="SO_2017_06_11_Instance_48657" type="identity">
      <class id="SO:0001023" label="allele"/>
      <span end="14018" id="15492776-4891" start="14012">allele</span>
    </annotation>
    <annotation annotator="Mike Bada, University of Colorado School of Medicine" id="SO_2017_06_11_Instance_48659" type="identity">
      <class id="SO:0001023" label="allele"/>
      <span end="14113" id="15492776-4893" start="14107">allele</span>
    </annotation>
    <annotation annotator="Mike Bada, University of Colorado School of Medicine" id="SO_2017_06_11_Instance_48661" type="identity">
      <class id="SO:0000147" label="exon"/>
      <span end="14270" id="15492776-4895" start="14266">exon</span>
    </annotation>
    <annotation annotator="Mike Bada, University of Colorado School of Medicine" id="SO_2017_06_11_Instance_48663" type="identity">
      <class id="SO:0000704" label="gene"/>
      <span end="14289" id="15492776-4897" start="14285">gene</span>
    </annotation>
    <annotation annotator="Mike Bada, University of Colorado School of Medicine" id="SO_2017_06_11_Instance_48665" type="identity">
      <class id="SO:0000902" label="transgene"/>
      <span end="14350" id="15492776-4899" start="14341">transgene</span>
    </annotation>
    <annotation annotator="" id="SO_2017_06_11_Instance_224539" type="identity">
      <class id="SO:0000359" label="floxed"/>
      <span end="14430" id="15492776-4745" start="14425">floxP</span>
    </annotation>
    <annotation annotator="Mike Bada, University of Colorado School of Medicine" id="SO_2017_06_11_Instance_48667" type="identity">
      <class id="SO:0001023" label="allele"/>
      <span end="14437" id="15492776-4901" start="14431">allele</span>
    </annotation>
    <annotation annotator="Mike Bada, University of Colorado School of Medicine" id="SO_2017_06_11_Instance_48669" type="identity">
      <class id="SO:0001023" label="allele"/>
      <span end="14458" id="15492776-4903" start="14452">allele</span>
    </annotation>
    <annotation annotator="" id="SO_2017_06_11_Instance_224541" type="identity">
      <class id="SO:0000359" label="floxed"/>
      <span end="14564" id="15492776-4747" start="14559">floxP</span>
    </annotation>
    <annotation annotator="" id="SO_2017_06_11_Instance_224543" type="identity">
      <class id="SO:0000359" label="floxed"/>
      <span end="14831" id="15492776-4749" start="14826">floxP</span>
    </annotation>
    <annotation annotator="Mike Bada, University of Colorado School of Medicine" id="SO_2017_06_11_Instance_48671" type="identity">
      <class id="SO:0000902" label="transgene"/>
      <span end="15281" id="15492776-4905" start="15272">transgene</span>
    </annotation>
    <annotation annotator="" id="SO_2017_06_11_Instance_224545" type="identity">
      <class id="SO:0000359" label="floxed"/>
      <span end="16859" id="15492776-4751" start="16854">floxP</span>
    </annotation>
    <annotation annotator="" id="SO_2017_06_11_Instance_224547" type="identity">
      <class id="SO:0000359" label="floxed"/>
      <span end="18167" id="15492776-4753" start="18162">floxP</span>
    </annotation>
    <annotation annotator="Mike Bada, University of Colorado School of Medicine" id="SO_2017_06_11_Instance_48673" type="identity">
      <class id="SO:0000704" label="gene"/>
      <span end="18477" id="15492776-4907" start="18473">gene</span>
    </annotation>
    <annotation annotator="Mike Bada, University of Colorado School of Medicine" id="SO_2017_06_11_Instance_48675" type="identity">
      <class id="SO:0000704" label="gene"/>
      <span end="18607" id="15492776-4909" start="18603">gene</span>
    </annotation>
    <annotation annotator="Mike Bada, University of Colorado School of Medicine" id="SO_2017_06_11_Instance_48677" type="identity">
      <class id="SO:0000704" label="gene"/>
      <span end="19092" id="15492776-4911" start="19088">gene</span>
    </annotation>
    <annotation annotator="Mike Bada, University of Colorado School of Medicine" id="SO_2017_06_11_Instance_48679" type="identity">
      <class id="SO:0000704" label="gene"/>
      <span end="19190" id="15492776-4913" start="19186">gene</span>
    </annotation>
    <annotation annotator="" id="SO_2017_06_11_Instance_224549" type="identity">
      <class id="SO:0000359" label="floxed"/>
      <span end="19441" id="15492776-4755" start="19436">floxP</span>
    </annotation>
    <annotation annotator="Mike Bada, University of Colorado School of Medicine" id="SO_2017_06_11_Instance_48683" type="identity">
      <class id="SO:0000704" label="gene"/>
      <span end="20967" id="15492776-4915" start="20962">genes</span>
    </annotation>
    <annotation annotator="Mike Bada, University of Colorado School of Medicine" id="SO_2017_06_11_Instance_48685" type="identity">
      <class id="SO:0000704" label="gene"/>
      <span end="21284" id="15492776-4917" start="21280">gene</span>
    </annotation>
    <annotation annotator="Mike Bada, University of Colorado School of Medicine" id="SO_2017_06_11_Instance_48687" type="identity">
      <class id="SO:0000704" label="gene"/>
      <span end="21806" id="15492776-4919" start="21802">gene</span>
    </annotation>
    <annotation annotator="Mike Bada, University of Colorado School of Medicine" id="SO_2017_06_11_Instance_48689" type="identity">
      <class id="SO:0000704" label="gene"/>
      <span end="22528" id="15492776-4921" start="22523">genes</span>
    </annotation>
    <annotation annotator="Mike Bada, University of Colorado School of Medicine" id="SO_2017_06_11_Instance_48691" type="identity">
      <class id="SO:0000704" label="gene"/>
      <span end="23733" id="15492776-4923" start="23728">genes</span>
    </annotation>
    <annotation annotator="Mike Bada, University of Colorado School of Medicine" id="SO_2017_06_11_Instance_48693" type="identity">
      <class id="SO:0000704" label="gene"/>
      <span end="23935" id="15492776-4925" start="23930">genes</span>
    </annotation>
    <annotation annotator="Mike Bada, University of Colorado School of Medicine" id="SO_2017_06_11_Instance_48695" type="identity">
      <class id="SO:0000704" label="gene"/>
      <span end="24025" id="15492776-4927" start="24021">gene</span>
    </annotation>
    <annotation annotator="Mike Bada, University of Colorado School of Medicine" id="SO_2017_06_11_Instance_48697" type="identity">
      <class id="SO:0000704" label="gene"/>
      <span end="24184" id="15492776-4929" start="24179">genes</span>
    </annotation>
    <annotation annotator="" id="SO_2017_06_11_Instance_224551" type="identity">
      <class id="SO:0000359" label="floxed"/>
      <span end="30080" id="15492776-4757" start="30075">floxP</span>
    </annotation>
    <annotation annotator="Mike Bada, University of Colorado School of Medicine" id="SO_2017_06_11_Instance_48699" type="identity">
      <class id="SO:0000704" label="gene"/>
      <span end="30619" id="15492776-4931" start="30615">gene</span>
    </annotation>
    <annotation annotator="Mike Bada, University of Colorado School of Medicine" id="SO_2017_06_11_Instance_48701" type="identity">
      <class id="SO:0000704" label="gene"/>
      <span end="32998" id="15492776-4933" start="32994">gene</span>
    </annotation>
    <annotation annotator="Mike Bada, University of Colorado School of Medicine" id="SO_2017_06_11_Instance_48703" type="identity">
      <class id="SO:0000704" label="gene"/>
      <span end="33263" id="15492776-4935" start="33259">gene</span>
    </annotation>
    <annotation annotator="Mike Bada, University of Colorado School of Medicine" id="SO_2017_06_11_Instance_24255" type="identity">
      <class id="SO:0000704" label="gene"/>
      <span end="33766" id="15492776-4771" start="33759">genetic</span>
    </annotation>
    <annotation annotator="Mike Bada, University of Colorado School of Medicine" id="SO_2017_06_11_Instance_48709" type="identity">
      <class id="SO:0000704" label="gene"/>
      <span end="33889" id="15492776-4937" start="33885">gene</span>
    </annotation>
    <annotation annotator="Mike Bada, University of Colorado School of Medicine" id="SO_2017_06_11_Instance_48711" type="identity">
      <class id="SO:0000704" label="gene"/>
      <span end="35636" id="15492776-4939" start="35631">genes</span>
    </annotation>
    <annotation annotator="Mike Bada, University of Colorado School of Medicine" id="SO_2017_06_11_Instance_48713" type="identity">
      <class id="SO:0000704" label="gene"/>
      <span end="35903" id="15492776-4941" start="35899">gene</span>
    </annotation>
    <annotation annotator="Mike Bada, University of Colorado School of Medicine" id="SO_2017_06_11_Instance_48715" type="identity">
      <class id="SO:0000704" label="gene"/>
      <span end="36948" id="15492776-4943" start="36943">genes</span>
    </annotation>
    <annotation annotator="Mike Bada, University of Colorado School of Medicine" id="SO_2017_06_11_Instance_24135" type="identity">
      <class id="SO:0000704" label="gene"/>
      <span end="38628" id="15492776-4767" start="38621">genetic</span>
    </annotation>
    <annotation annotator="Mike Bada, University of Colorado School of Medicine" id="SO_2017_06_11_Instance_24137" type="identity">
      <class id="SO:0000704" label="gene"/>
      <span end="38679" id="15492776-4769" start="38672">genetic</span>
    </annotation>
    <annotation annotator="Mike Bada, University of Colorado School of Medicine" id="SO_2017_06_11_Instance_48717" type="identity">
      <class id="SO:0001023" label="allele"/>
      <span end="39094" id="15492776-4945" start="39088">allele</span>
    </annotation>
    <annotation annotator="Mike Bada, University of Colorado School of Medicine" id="SO_2017_06_11_Instance_48723" type="identity">
      <class id="SO:0000704" label="gene"/>
      <span end="39420" id="15492776-4947" start="39415">genes</span>
    </annotation>
    <annotation annotator="Mike Bada, University of Colorado School of Medicine" id="SO_2017_06_11_Instance_48725" type="identity">
      <class id="SO:0000704" label="gene"/>
      <span end="39501" id="15492776-4949" start="39497">gene</span>
    </annotation>
    <annotation annotator="Mike Bada, University of Colorado School of Medicine" id="SO_2017_06_11_Instance_48729" type="identity">
      <class id="SO:0000704" label="gene"/>
      <span end="39565" id="15492776-4951" start="39561">gene</span>
    </annotation>
    <annotation annotator="Mike Bada, University of Colorado School of Medicine" id="SO_2017_06_11_Instance_48735" type="identity">
      <class id="SO:0000704" label="gene"/>
      <span end="39802" id="15492776-4953" start="39797">genes</span>
    </annotation>
    <annotation annotator="" id="SO_2017_06_11_Instance_200144" type="identity">
      <class id="SO:0001645" label="genetic_marker"/>
      <span end="39895" id="15492776-4737" start="39880">genetic markers</span>
    </annotation>
    <annotation annotator="Mike Bada, University of Colorado School of Medicine" id="SO_2017_06_11_Instance_24521" type="identity">
      <class id="SO:0000704" label="gene"/>
      <span end="40135" id="15492776-4773" start="40124">genetically</span>
    </annotation>
    <annotation annotator="Mike Bada, University of Colorado School of Medicine" id="SO_2017_06_11_Instance_48737" type="identity">
      <class id="SO:0000704" label="gene"/>
      <span end="40303" id="15492776-4955" start="40299">gene</span>
    </annotation>
    <annotation annotator="Mike Bada, University of Colorado School of Medicine" id="SO_2017_06_11_Instance_48739" type="identity">
      <class id="SO:0000704" label="gene"/>
      <span end="40416" id="15492776-4957" start="40411">genes</span>
    </annotation>
    <annotation annotator="Mike Bada, University of Colorado School of Medicine" id="SO_2017_06_11_Instance_18897" type="identity">
      <class id="SO:0000363" label="floxed_gene"/>
      <span end="40479" id="15492776-4734" start="40473">floxed</span>
      <span end="40491" id="15492776-4735" start="40487">gene</span>
    </annotation>
    <annotation annotator="Mike Bada, University of Colorado School of Medicine" id="SO_2017_06_11_Instance_48743" type="identity">
      <class id="SO:0000704" label="gene"/>
      <span end="40560" id="15492776-4959" start="40556">gene</span>
    </annotation>
    <annotation annotator="Mike Bada, University of Colorado School of Medicine" id="SO_2017_06_11_Instance_48745" type="identity">
      <class id="SO:0000704" label="gene"/>
      <span end="40634" id="15492776-4961" start="40630">gene</span>
    </annotation>
    <annotation annotator="Mike Bada, University of Colorado School of Medicine" id="SO_2017_06_11_Instance_48747" type="identity">
      <class id="SO:0000153" label="BAC"/>
      <span end="40983" id="15492776-4963" start="40980">BAC</span>
    </annotation>
    <annotation annotator="Mike Bada, University of Colorado School of Medicine" id="SO_2017_06_11_Instance_48749" type="identity">
      <class id="SO:0000153" label="BAC"/>
      <span end="41042" id="15492776-4965" start="41039">BAC</span>
    </annotation>
    <annotation annotator="Mike Bada, University of Colorado School of Medicine" id="SO_2017_06_11_Instance_48751" type="identity">
      <class id="SO:0000153" label="BAC"/>
      <span end="41072" id="15492776-4967" start="41069">BAC</span>
    </annotation>
    <annotation annotator="Mike Bada, University of Colorado School of Medicine" id="SO_2017_06_11_Instance_48753" type="identity">
      <class id="SO:0000155" label="plasmid"/>
      <span end="41212" id="15492776-4969" start="41205">plasmid</span>
    </annotation>
    <annotation annotator="Mike Bada, University of Colorado School of Medicine" id="SO_2017_06_11_Instance_48755" type="identity">
      <class id="SO:0000243" label="internal_ribosome_entry_site"/>
      <span end="41257" id="15492776-4971" start="41253">IRES</span>
    </annotation>
    <annotation annotator="Mike Bada, University of Colorado School of Medicine" id="SO_2017_06_11_Instance_48757" type="identity">
      <class id="SO:0000155" label="plasmid"/>
      <span end="41277" id="15492776-4973" start="41270">plasmid</span>
    </annotation>
    <annotation annotator="Mike Bada, University of Colorado School of Medicine" id="SO_2017_06_11_Instance_25719" type="identity">
      <class id="SO:0000318" label="start_codon"/>
      <span end="41341" id="15492776-4775" start="41327">ATG start site</span>
    </annotation>
    <annotation annotator="Mike Bada, University of Colorado School of Medicine" id="SO_2017_06_11_Instance_25721" type="identity">
      <class id="SO:0000028" label="base_pair"/>
      <span end="41373" id="15492776-4777" start="41371">bp</span>
    </annotation>
    <annotation annotator="Mike Bada, University of Colorado School of Medicine" id="SO_2017_06_11_Instance_40435" type="identity">
      <class id="SO:0000147" label="exon"/>
      <span end="41391" id="15492776-4825" start="41387">exon</span>
    </annotation>
    <annotation annotator="Mike Bada, University of Colorado School of Medicine" id="SO_2017_06_11_Instance_48759" type="identity">
      <class id="SO:0000006" label="PCR_product"/>
      <span end="41524" id="15492776-4975" start="41513">PCR product</span>
    </annotation>
    <annotation annotator="Mike Bada, University of Colorado School of Medicine" id="SO_2017_06_11_Instance_25905" type="identity">
      <class id="SO:0000061" label="restriction_enzyme_binding_site"/>
      <span end="41571" id="15492776-4779" start="41554">restriction sites</span>
    </annotation>
    <annotation annotator="Mike Bada, University of Colorado School of Medicine" id="SO_2017_06_11_Instance_25907" type="identity">
      <class id="SO:0000028" label="base_pair"/>
      <span end="41592" id="15492776-4781" start="41590">bp</span>
    </annotation>
    <annotation annotator="Mike Bada, University of Colorado School of Medicine" id="SO_2017_06_11_Instance_25909" type="identity">
      <class id="SO:0001026" label="genome"/>
      <span end="41606" id="15492776-4783" start="41599">genomic</span>
    </annotation>
    <annotation annotator="Mike Bada, University of Colorado School of Medicine" id="SO_2017_06_11_Instance_26203" type="identity">
      <class id="SO:0000318" label="start_codon"/>
      <span end="41661" id="15492776-4785" start="41635">ATG translation start site</span>
    </annotation>
    <annotation annotator="Mike Bada, University of Colorado School of Medicine" id="SO_2017_06_11_Instance_48761" type="identity">
      <class id="SO:0000121" label="forward_primer"/>
      <span end="41677" id="15492776-4977" start="41663">forward primer</span>
    </annotation>
    <annotation annotator="Mike Bada, University of Colorado School of Medicine" id="SO_2017_06_11_Instance_48763" type="identity">
      <class id="SO:0001031" label="reverse"/>
      <span end="41725" id="15492776-4979" start="41718">reverse</span>
    </annotation>
    <annotation annotator="Mike Bada, University of Colorado School of Medicine" id="SO_2017_06_11_Instance_48765" type="identity">
      <class id="SO:0000243" label="internal_ribosome_entry_site"/>
      <span end="41833" id="15492776-4981" start="41829">IRES</span>
    </annotation>
    <annotation annotator="Mike Bada, University of Colorado School of Medicine" id="SO_2017_06_11_Instance_48767" type="identity">
      <class id="SO:0000006" label="PCR_product"/>
      <span end="41879" id="15492776-4983" start="41868">PCR product</span>
    </annotation>
    <annotation annotator="Mike Bada, University of Colorado School of Medicine" id="SO_2017_06_11_Instance_26299" type="identity">
      <class id="SO:0000319" label="stop_codon"/>
      <span end="41958" id="15492776-4787" start="41937">translation stop site</span>
    </annotation>
    <annotation annotator="Mike Bada, University of Colorado School of Medicine" id="SO_2017_06_11_Instance_48769" type="identity">
      <class id="SO:0000121" label="forward_primer"/>
      <span end="41974" id="15492776-4985" start="41960">forward primer</span>
    </annotation>
    <annotation annotator="Mike Bada, University of Colorado School of Medicine" id="SO_2017_06_11_Instance_48771" type="identity">
      <class id="SO:0001031" label="reverse"/>
      <span end="42028" id="15492776-4987" start="42021">reverse</span>
    </annotation>
    <annotation annotator="Mike Bada, University of Colorado School of Medicine" id="SO_2017_06_11_Instance_48773" type="identity">
      <class id="SO:0000006" label="PCR_product"/>
      <span end="42135" id="15492776-4989" start="42124">PCR product</span>
    </annotation>
    <annotation annotator="Mike Bada, University of Colorado School of Medicine" id="SO_2017_06_11_Instance_26521" type="identity">
      <class id="SO:0001026" label="genome"/>
      <span end="42177" id="15492776-4789" start="42170">genomic</span>
    </annotation>
    <annotation annotator="Mike Bada, University of Colorado School of Medicine" id="SO_2017_06_11_Instance_29771" type="identity">
      <class id="SO:0000852" label="exon_region"/>
      <span end="42205" id="15492776-4816" start="42198">part of</span>
      <span end="42220" id="15492776-4817" start="42216">exon</span>
    </annotation>
    <annotation annotator="Mike Bada, University of Colorado School of Medicine" id="SO_2017_06_11_Instance_26939" type="identity">
      <class id="SO:0001014" label="intron_domain"/>
      <span end="42205" id="15492776-4797" start="42198">part of</span>
      <span end="42242" id="15492776-4798" start="42236">intron</span>
    </annotation>
    <annotation annotator="Mike Bada, University of Colorado School of Medicine" id="SO_2017_06_11_Instance_48777" type="identity">
      <class id="SO:0000121" label="forward_primer"/>
      <span end="42262" id="15492776-4991" start="42248">forward primer</span>
    </annotation>
    <annotation annotator="Mike Bada, University of Colorado School of Medicine" id="SO_2017_06_11_Instance_40101" type="identity">
      <class id="SO:0000147" label="exon"/>
      <span end="42300" id="15492776-4823" start="42296">exon</span>
    </annotation>
    <annotation annotator="Mike Bada, University of Colorado School of Medicine" id="SO_2017_06_11_Instance_48779" type="identity">
      <class id="SO:0000132" label="reverse_primer"/>
      <span end="42351" id="15492776-4993" start="42337">reverse primer</span>
    </annotation>
    <annotation annotator="Mike Bada, University of Colorado School of Medicine" id="SO_2017_06_11_Instance_48781" type="identity">
      <class id="SO:0000167" label="promoter"/>
      <span end="42375" id="15492776-4995" start="42367">promoter</span>
    </annotation>
    <annotation annotator="Mike Bada, University of Colorado School of Medicine" id="SO_2017_06_11_Instance_48783" type="identity">
      <class id="SO:0000440" label="vector_replicon"/>
      <span end="42389" id="15492776-4997" start="42383">vector</span>
    </annotation>
    <annotation annotator="" id="SO_2017_06_11_Instance_224405" type="identity">
      <class id="SO:0000357" label="flanked"/>
      <span end="42431" id="15492776-4739" start="42425">flanks</span>
    </annotation>
    <annotation annotator="" id="SO_2017_06_11_Instance_225989" type="identity">
      <class id="SO:0000188" label="intron"/>
      <span end="42444" id="15492776-4765" start="42436">intronic</span>
    </annotation>
    <annotation annotator="Mike Bada, University of Colorado School of Medicine" id="SO_2017_06_11_Instance_48785" type="identity">
      <class id="SO:0000121" label="forward_primer"/>
      <span end="42470" id="15492776-4999" start="42456">forward primer</span>
    </annotation>
    <annotation annotator="Mike Bada, University of Colorado School of Medicine" id="SO_2017_06_11_Instance_48787" type="identity">
      <class id="SO:0001031" label="reverse"/>
      <span end="42517" id="15492776-5001" start="42510">reverse</span>
    </annotation>
    <annotation annotator="Mike Bada, University of Colorado School of Medicine" id="SO_2017_06_11_Instance_48789" type="identity">
      <class id="SO:0000440" label="vector_replicon"/>
      <span end="42725" id="15492776-5003" start="42719">vector</span>
    </annotation>
    <annotation annotator="Mike Bada, University of Colorado School of Medicine" id="SO_2017_06_11_Instance_48791" type="identity">
      <class id="SO:0000153" label="BAC"/>
      <span end="42883" id="15492776-5005" start="42880">BAC</span>
    </annotation>
    <annotation annotator="Mike Bada, University of Colorado School of Medicine" id="SO_2017_06_11_Instance_48793" type="identity">
      <class id="SO:0000153" label="BAC"/>
      <span end="42952" id="15492776-5007" start="42949">BAC</span>
    </annotation>
    <annotation annotator="Mike Bada, University of Colorado School of Medicine" id="SO_2017_06_11_Instance_48795" type="identity">
      <class id="SO:0000346" label="loxP_site"/>
      <span end="43008" id="15492776-5009" start="42999">loxP site</span>
    </annotation>
    <annotation annotator="Mike Bada, University of Colorado School of Medicine" id="SO_2017_06_11_Instance_48797" type="identity">
      <class id="SO:0000153" label="BAC"/>
      <span end="43034" id="15492776-5011" start="43024">BAC vector</span>
    </annotation>
    <annotation annotator="Mike Bada, University of Colorado School of Medicine" id="SO_2017_06_11_Instance_48799" type="identity">
      <class id="SO:0001026" label="genome"/>
      <span end="43129" id="15492776-5013" start="43123">genome</span>
    </annotation>
    <annotation annotator="Mike Bada, University of Colorado School of Medicine" id="SO_2017_06_11_Instance_48801" type="identity">
      <class id="SO:0000153" label="BAC"/>
      <span end="43146" id="15492776-5015" start="43143">BAC</span>
    </annotation>
    <annotation annotator="Mike Bada, University of Colorado School of Medicine" id="SO_2017_06_11_Instance_26959" type="identity">
      <class id="SO:0000667" label="insertion"/>
      <span end="43221" id="15492776-4800" start="43215">insert</span>
    </annotation>
    <annotation annotator="Mike Bada, University of Colorado School of Medicine" id="SO_2017_06_11_Instance_48803" type="identity">
      <class id="SO:0000440" label="vector_replicon"/>
      <span end="43237" id="15492776-5017" start="43231">vector</span>
    </annotation>
    <annotation annotator="Mike Bada, University of Colorado School of Medicine" id="SO_2017_06_11_Instance_48805" type="identity">
      <class id="SO:0000440" label="vector_replicon"/>
      <span end="43371" id="15492776-5019" start="43365">vector</span>
    </annotation>
    <annotation annotator="Mike Bada, University of Colorado School of Medicine" id="SO_2017_06_11_Instance_26961" type="identity">
      <class id="SO:0000667" label="insertion"/>
      <span end="43434" id="15492776-4802" start="43428">insert</span>
    </annotation>
    <annotation annotator="Mike Bada, University of Colorado School of Medicine" id="SO_2017_06_11_Instance_48809" type="identity">
      <class id="SO:0000440" label="vector_replicon"/>
      <span end="43466" id="15492776-5021" start="43460">vector</span>
    </annotation>
    <annotation annotator="Mike Bada, University of Colorado School of Medicine" id="SO_2017_06_11_Instance_26963" type="identity">
      <class id="SO:0000667" label="insertion"/>
      <span end="43667" id="15492776-4804" start="43661">insert</span>
    </annotation>
    <annotation annotator="Mike Bada, University of Colorado School of Medicine" id="SO_2017_06_11_Instance_48811" type="identity">
      <class id="SO:0000112" label="primer"/>
      <span end="43874" id="15492776-5023" start="43867">primers</span>
    </annotation>
    <annotation annotator="Mike Bada, University of Colorado School of Medicine" id="SO_2017_06_11_Instance_26967" type="identity">
      <class id="SO:0000028" label="base_pair"/>
      <span end="43968" id="15492776-4806" start="43966">bp</span>
    </annotation>
    <annotation annotator="Mike Bada, University of Colorado School of Medicine" id="SO_2017_06_11_Instance_48813" type="identity">
      <class id="SO:0000153" label="BAC"/>
      <span end="44021" id="15492776-5025" start="44011">BAC vector</span>
    </annotation>
    <annotation annotator="Mike Bada, University of Colorado School of Medicine" id="SO_2017_06_11_Instance_48815" type="identity">
      <class id="SO:0000440" label="vector_replicon"/>
      <span end="44034" id="15492776-5027" start="44028">vector</span>
    </annotation>
    <annotation annotator="Mike Bada, University of Colorado School of Medicine" id="SO_2017_06_11_Instance_48817" type="identity">
      <class id="SO:0000112" label="primer"/>
      <span end="44051" id="15492776-5029" start="44044">primers</span>
    </annotation>
    <annotation annotator="Mike Bada, University of Colorado School of Medicine" id="SO_2017_06_11_Instance_26969" type="identity">
      <class id="SO:0000028" label="base_pair"/>
      <span end="44140" id="15492776-4808" start="44138">bp</span>
    </annotation>
    <annotation annotator="Mike Bada, University of Colorado School of Medicine" id="SO_2017_06_11_Instance_48819" type="identity">
      <class id="SO:0000359" label="floxed"/>
      <span end="44694" id="15492776-5031" start="44688">floxed</span>
    </annotation>
    <annotation annotator="Mike Bada, University of Colorado School of Medicine" id="SO_2017_06_11_Instance_48821" type="identity">
      <class id="SO:0001023" label="allele"/>
      <span end="44702" id="15492776-5033" start="44695">alleles</span>
    </annotation>
    <annotation annotator="Mike Bada, University of Colorado School of Medicine" id="SO_2017_06_11_Instance_48823" type="identity">
      <class id="SO:0000359" label="floxed"/>
      <span end="44862" id="15492776-5035" start="44856">floxed</span>
    </annotation>
    <annotation annotator="Mike Bada, University of Colorado School of Medicine" id="SO_2017_06_11_Instance_48825" type="identity">
      <class id="SO:0001023" label="allele"/>
      <span end="44870" id="15492776-5037" start="44863">alleles</span>
    </annotation>
    <annotation annotator="" id="SO_2017_06_11_Instance_224553" type="identity">
      <class id="SO:0000359" label="floxed"/>
      <span end="46180" id="15492776-4759" start="46175">floxP</span>
    </annotation>
    <annotation annotator="Mike Bada, University of Colorado School of Medicine" id="SO_2017_06_11_Instance_48831" type="identity">
      <class id="SO:0000704" label="gene"/>
      <span end="49505" id="15492776-5039" start="49500">genes</span>
    </annotation>
    <annotation annotator="Mike Bada, University of Colorado School of Medicine" id="SO_2017_06_11_Instance_48837" type="identity">
      <class id="SO:0000345" label="EST"/>
      <span end="49967" id="15492776-5041" start="49963">ESTs</span>
    </annotation>
    <annotation annotator="Mike Bada, University of Colorado School of Medicine" id="SO_2017_06_11_Instance_48841" type="identity">
      <class id="SO:0000704" label="gene"/>
      <span end="51171" id="15492776-5043" start="51166">genes</span>
    </annotation>
    <annotation annotator="Mike Bada, University of Colorado School of Medicine" id="SO_2017_06_11_Instance_48843" type="identity">
      <class id="SO:0000155" label="plasmid"/>
      <span end="51310" id="15492776-5045" start="51303">plasmid</span>
    </annotation>
    <annotation annotator="Mike Bada, University of Colorado School of Medicine" id="SO_2017_06_11_Instance_48845" type="identity">
      <class id="SO:0000243" label="internal_ribosome_entry_site"/>
      <span end="51348" id="15492776-5047" start="51344">IRES</span>
    </annotation>
    <annotation annotator="Mike Bada, University of Colorado School of Medicine" id="SO_2017_06_11_Instance_48847" type="identity">
      <class id="SO:0000155" label="plasmid"/>
      <span end="51373" id="15492776-5049" start="51366">plasmid</span>
    </annotation>
    <annotation annotator="Mike Bada, University of Colorado School of Medicine" id="SO_2017_06_11_Instance_48853" type="identity">
      <class id="SO:0000153" label="BAC"/>
      <span end="52193" id="15492776-5051" start="52190">BAC</span>
    </annotation>
    <annotation annotator="Mike Bada, University of Colorado School of Medicine" id="SO_2017_06_11_Instance_48855" type="identity">
      <class id="SO:0000153" label="BAC"/>
      <span end="52227" id="15492776-5053" start="52196">bacterial artificial chromosome</span>
    </annotation>
    <annotation annotator="Mike Bada, University of Colorado School of Medicine" id="SO_2017_06_11_Instance_48857" type="identity">
      <class id="SO:0000243" label="internal_ribosome_entry_site"/>
      <span end="52503" id="15492776-5055" start="52499">IRES</span>
    </annotation>
    <annotation annotator="Mike Bada, University of Colorado School of Medicine" id="SO_2017_06_11_Instance_48859" type="identity">
      <class id="SO:0000243" label="internal_ribosome_entry_site"/>
      <span end="52534" id="15492776-5057" start="52506">internal ribosome entry site</span>
    </annotation>
    <annotation annotator="Mike Bada, University of Colorado School of Medicine" id="SO_2017_06_11_Instance_29775" type="identity">
      <class id="SO:0000704" label="gene"/>
      <span end="52777" id="15492776-4819" start="52770">Genetic</span>
    </annotation>
    <annotation annotator="Mike Bada, University of Colorado School of Medicine" id="SO_2017_06_11_Instance_48861" type="identity">
      <class id="SO:0000704" label="gene"/>
      <span end="52798" id="15492776-5059" start="52794">Gene</span>
    </annotation>
    <annotation annotator="Mike Bada, University of Colorado School of Medicine" id="SO_2017_06_11_Instance_48863" type="identity">
      <class id="SO:0000153" label="BAC"/>
      <span end="52851" id="15492776-5061" start="52848">BAC</span>
    </annotation>
    <annotation annotator="Mike Bada, University of Colorado School of Medicine" id="SO_2017_06_11_Instance_48865" type="identity">
      <class id="SO:0000243" label="internal_ribosome_entry_site"/>
      <span end="52906" id="15492776-5063" start="52902">IRES</span>
    </annotation>
    <annotation annotator="Mike Bada, University of Colorado School of Medicine" id="SO_2017_06_11_Instance_26981" type="identity">
      <class id="SO:0000318" label="start_codon"/>
      <span end="52944" id="15492776-4810" start="52922">translation start site</span>
    </annotation>
    <annotation annotator="Mike Bada, University of Colorado School of Medicine" id="SO_2017_06_11_Instance_48867" type="identity">
      <class id="SO:0001023" label="allele"/>
      <span end="53175" id="15492776-5065" start="53169">allele</span>
    </annotation>
    <annotation annotator="Mike Bada, University of Colorado School of Medicine" id="SO_2017_06_11_Instance_48869" type="identity">
      <class id="SO:0000902" label="transgene"/>
      <span end="53475" id="15492776-5067" start="53466">transgene</span>
    </annotation>
    <annotation annotator="Mike Bada, University of Colorado School of Medicine" id="SO_2017_06_11_Instance_48871" type="identity">
      <class id="SO:0001023" label="allele"/>
      <span end="53550" id="15492776-5069" start="53544">allele</span>
    </annotation>
    <annotation annotator="" id="SO_2017_06_11_Instance_224555" type="identity">
      <class id="SO:0000359" label="floxed"/>
      <span end="55934" id="15492776-4761" start="55929">floxP</span>
    </annotation>
    <annotation annotator="Mike Bada, University of Colorado School of Medicine" id="SO_2017_06_11_Instance_48875" type="identity">
      <class id="SO:0000704" label="gene"/>
      <span end="57336" id="15492776-5071" start="57332">gene</span>
    </annotation>
    <graph-space id="Old Knowtator Relations"/>
  </document>
</knowtator-project>
