<?xml version="1.0" encoding="UTF-8" standalone="no"?>
<knowtator-project>
  <document id="15676071" text-file="15676071.txt">
    <annotation annotator="Mike Bada, University of Colorado School of Medicine" id="SO_2017_06_11_Instance_49555" type="identity">
      <class id="SO:0000704" label="gene"/>
      <span end="304" id="15676071-5446" start="299">genes</span>
    </annotation>
    <annotation annotator="Mike Bada, University of Colorado School of Medicine" id="SO_2017_06_11_Instance_49557" type="identity">
      <class id="SO:0000704" label="gene"/>
      <span end="1132" id="15676071-5448" start="1128">gene</span>
    </annotation>
    <annotation annotator="Mike Bada, University of Colorado School of Medicine" id="SO_2017_06_11_Instance_27851" type="identity">
      <class id="SO:0000704" label="gene"/>
      <span end="1480" id="15676071-5434" start="1473">genetic</span>
    </annotation>
    <annotation annotator="Mike Bada, University of Colorado School of Medicine" id="SO_2017_06_11_Instance_49559" type="identity">
      <class id="SO:0000704" label="gene"/>
      <span end="2024" id="15676071-5450" start="2020">gene</span>
    </annotation>
    <annotation annotator="Mike Bada, University of Colorado School of Medicine" id="SO_2017_06_11_Instance_49561" type="identity">
      <class id="SO:0000704" label="gene"/>
      <span end="2141" id="15676071-5452" start="2137">gene</span>
    </annotation>
    <annotation annotator="Mike Bada, University of Colorado School of Medicine" id="SO_2017_06_11_Instance_49563" type="identity">
      <class id="SO:0000704" label="gene"/>
      <span end="2489" id="15676071-5454" start="2484">genes</span>
    </annotation>
    <annotation annotator="Mike Bada, University of Colorado School of Medicine" id="SO_2017_06_11_Instance_27855" type="identity">
      <class id="SO:0000409" label="binding_site"/>
      <span end="2524" id="15676071-5436" start="2508">binding elements</span>
    </annotation>
    <annotation annotator="Mike Bada, University of Colorado School of Medicine" id="SO_2017_06_11_Instance_49565" type="identity">
      <class id="SO:0005836" label="regulatory_region"/>
      <span end="2552" id="15676071-5456" start="2534">regulatory regions</span>
    </annotation>
    <annotation annotator="Mike Bada, University of Colorado School of Medicine" id="SO_2017_06_11_Instance_27857" type="identity">
      <class id="SO:0000704" label="gene"/>
      <span end="2946" id="15676071-5438" start="2939">genetic</span>
    </annotation>
    <annotation annotator="Mike Bada, University of Colorado School of Medicine" id="SO_2017_06_11_Instance_49567" type="identity">
      <class id="SO:0000704" label="gene"/>
      <span end="3122" id="15676071-5458" start="3117">genes</span>
    </annotation>
    <annotation annotator="Mike Bada, University of Colorado School of Medicine" id="SO_2017_06_11_Instance_36539" type="identity">
      <class id="SO:0000018" label="linkage_group"/>
      <span end="3325" id="15676071-5444" start="3302">genetically linked loci</span>
    </annotation>
    <annotation annotator="Mike Bada, University of Colorado School of Medicine" id="SO_2017_06_11_Instance_49569" type="identity">
      <class id="SO:0000704" label="gene"/>
      <span end="3337" id="15676071-5460" start="3332">genes</span>
    </annotation>
    <annotation annotator="Mike Bada, University of Colorado School of Medicine" id="SO_2017_06_11_Instance_49571" type="identity">
      <class id="SO:0001023" label="allele"/>
      <span end="3578" id="15676071-5462" start="3572">allele</span>
    </annotation>
    <annotation annotator="Mike Bada, University of Colorado School of Medicine" id="SO_2017_06_11_Instance_27863" type="identity">
      <class id="SO:0000704" label="gene"/>
      <span end="4239" id="15676071-5440" start="4228">genetically</span>
    </annotation>
    <annotation annotator="" id="SO_2017_06_11_Instance_90886" type="identity">
      <class id="SO:0001679" label="transcription_regulatory_region"/>
      <span end="5598" id="15676071-5526" start="5563">transcriptional regulatory sequence</span>
    </annotation>
    <annotation annotator="Mike Bada, University of Colorado School of Medicine" id="SO_2017_06_11_Instance_49575" type="identity">
      <class id="SO:0000704" label="gene"/>
      <span end="14252" id="15676071-5464" start="14247">genes</span>
    </annotation>
    <annotation annotator="Mike Bada, University of Colorado School of Medicine" id="SO_2017_06_11_Instance_49577" type="identity">
      <class id="SO:0000704" label="gene"/>
      <span end="14384" id="15676071-5466" start="14379">genes</span>
    </annotation>
    <annotation annotator="Mike Bada, University of Colorado School of Medicine" id="SO_2017_06_11_Instance_49579" type="identity">
      <class id="SO:0001023" label="allele"/>
      <span end="15032" id="15676071-5468" start="15026">allele</span>
    </annotation>
    <annotation annotator="Mike Bada, University of Colorado School of Medicine" id="SO_2017_06_11_Instance_49581" type="identity">
      <class id="SO:0000704" label="gene"/>
      <span end="19622" id="15676071-5470" start="19618">gene</span>
    </annotation>
    <annotation annotator="Mike Bada, University of Colorado School of Medicine" id="SO_2017_06_11_Instance_49583" type="identity">
      <class id="SO:0000704" label="gene"/>
      <span end="19733" id="15676071-5472" start="19729">gene</span>
    </annotation>
    <annotation annotator="Mike Bada, University of Colorado School of Medicine" id="SO_2017_06_11_Instance_49587" type="identity">
      <class id="SO:0000704" label="gene"/>
      <span end="21143" id="15676071-5474" start="21138">genes</span>
    </annotation>
    <annotation annotator="Mike Bada, University of Colorado School of Medicine" id="SO_2017_06_11_Instance_49589" type="identity">
      <class id="SO:0000704" label="gene"/>
      <span end="21346" id="15676071-5476" start="21342">gene</span>
    </annotation>
    <annotation annotator="Mike Bada, University of Colorado School of Medicine" id="SO_2017_06_11_Instance_49591" type="identity">
      <class id="SO:0000704" label="gene"/>
      <span end="21410" id="15676071-5478" start="21405">genes</span>
    </annotation>
    <annotation annotator="Mike Bada, University of Colorado School of Medicine" id="SO_2017_06_11_Instance_49597" type="identity">
      <class id="SO:0000902" label="transgene"/>
      <span end="22323" id="15676071-5480" start="22314">transgene</span>
    </annotation>
    <annotation annotator="Mike Bada, University of Colorado School of Medicine" id="SO_2017_06_11_Instance_49599" type="identity">
      <class id="SO:0000167" label="promoter"/>
      <span end="22366" id="15676071-5482" start="22358">promoter</span>
    </annotation>
    <annotation annotator="Mike Bada, University of Colorado School of Medicine" id="SO_2017_06_11_Instance_49601" type="identity">
      <class id="SO:0000704" label="gene"/>
      <span end="23349" id="15676071-5484" start="23344">genes</span>
    </annotation>
    <annotation annotator="Mike Bada, University of Colorado School of Medicine" id="SO_2017_06_11_Instance_49603" type="identity">
      <class id="SO:0001023" label="allele"/>
      <span end="23412" id="15676071-5486" start="23406">allele</span>
    </annotation>
    <annotation annotator="Mike Bada, University of Colorado School of Medicine" id="SO_2017_06_11_Instance_49605" type="identity">
      <class id="SO:0000704" label="gene"/>
      <span end="23533" id="15676071-5488" start="23528">genes</span>
    </annotation>
    <annotation annotator="Mike Bada, University of Colorado School of Medicine" id="SO_2017_06_11_Instance_49609" type="identity">
      <class id="SO:0000704" label="gene"/>
      <span end="24036" id="15676071-5490" start="24031">genes</span>
    </annotation>
    <annotation annotator="Mike Bada, University of Colorado School of Medicine" id="SO_2017_06_11_Instance_49611" type="identity">
      <class id="SO:0000704" label="gene"/>
      <span end="24223" id="15676071-5492" start="24218">genes</span>
    </annotation>
    <annotation annotator="Mike Bada, University of Colorado School of Medicine" id="SO_2017_06_11_Instance_49613" type="identity">
      <class id="SO:0000704" label="gene"/>
      <span end="24387" id="15676071-5494" start="24383">gene</span>
    </annotation>
    <annotation annotator="Mike Bada, University of Colorado School of Medicine" id="SO_2017_06_11_Instance_49615" type="identity">
      <class id="SO:0000704" label="gene"/>
      <span end="24413" id="15676071-5496" start="24409">gene</span>
    </annotation>
    <annotation annotator="Mike Bada, University of Colorado School of Medicine" id="SO_2017_06_11_Instance_49617" type="identity">
      <class id="SO:0000853" label="homologous_region"/>
      <span end="24506" id="15676071-5498" start="24497">homologue</span>
    </annotation>
    <annotation annotator="Mike Bada, University of Colorado School of Medicine" id="SO_2017_06_11_Instance_49619" type="identity">
      <class id="SO:0000704" label="gene"/>
      <span end="26380" id="15676071-5500" start="26375">genes</span>
    </annotation>
    <annotation annotator="Mike Bada, University of Colorado School of Medicine" id="SO_2017_06_11_Instance_49621" type="identity">
      <class id="SO:0000704" label="gene"/>
      <span end="26734" id="15676071-5502" start="26729">genes</span>
    </annotation>
    <annotation annotator="Mike Bada, University of Colorado School of Medicine" id="SO_2017_06_11_Instance_49623" type="identity">
      <class id="SO:0000704" label="gene"/>
      <span end="26788" id="15676071-5504" start="26783">genes</span>
    </annotation>
    <annotation annotator="Mike Bada, University of Colorado School of Medicine" id="SO_2017_06_11_Instance_49625" type="identity">
      <class id="SO:0000704" label="gene"/>
      <span end="26880" id="15676071-5506" start="26875">genes</span>
    </annotation>
    <annotation annotator="Mike Bada, University of Colorado School of Medicine" id="SO_2017_06_11_Instance_49629" type="identity">
      <class id="SO:0000704" label="gene"/>
      <span end="27087" id="15676071-5508" start="27082">genes</span>
    </annotation>
    <annotation annotator="Mike Bada, University of Colorado School of Medicine" id="SO_2017_06_11_Instance_49631" type="identity">
      <class id="SO:0000704" label="gene"/>
      <span end="27358" id="15676071-5510" start="27354">gene</span>
    </annotation>
    <annotation annotator="Mike Bada, University of Colorado School of Medicine" id="SO_2017_06_11_Instance_49633" type="identity">
      <class id="SO:0000853" label="homologous_region"/>
      <span end="27419" id="15676071-5512" start="27410">homologue</span>
    </annotation>
    <annotation annotator="Mike Bada, University of Colorado School of Medicine" id="SO_2017_06_11_Instance_49635" type="identity">
      <class id="SO:0000704" label="gene"/>
      <span end="27449" id="15676071-5514" start="27445">gene</span>
    </annotation>
    <annotation annotator="Mike Bada, University of Colorado School of Medicine" id="SO_2017_06_11_Instance_49637" type="identity">
      <class id="SO:0000704" label="gene"/>
      <span end="27665" id="15676071-5516" start="27660">genes</span>
    </annotation>
    <annotation annotator="Mike Bada, University of Colorado School of Medicine" id="SO_2017_06_11_Instance_49639" type="identity">
      <class id="SO:0000704" label="gene"/>
      <span end="27884" id="15676071-5518" start="27879">genes</span>
    </annotation>
    <annotation annotator="Mike Bada, University of Colorado School of Medicine" id="SO_2017_06_11_Instance_49641" type="identity">
      <class id="SO:0000704" label="gene"/>
      <span end="27967" id="15676071-5520" start="27962">genes</span>
    </annotation>
    <annotation annotator="Mike Bada, University of Colorado School of Medicine" id="SO_2017_06_11_Instance_49645" type="identity">
      <class id="SO:0000704" label="gene"/>
      <span end="29678" id="15676071-5522" start="29673">genes</span>
    </annotation>
    <annotation annotator="Mike Bada, University of Colorado School of Medicine" id="SO_2017_06_11_Instance_27959" type="identity">
      <class id="SO:0000704" label="gene"/>
      <span end="29708" id="15676071-5442" start="29701">genetic</span>
    </annotation>
    <annotation annotator="Mike Bada, University of Colorado School of Medicine" id="SO_2017_06_11_Instance_49647" type="identity">
      <class id="SO:0000704" label="gene"/>
      <span end="29981" id="15676071-5524" start="29976">genes</span>
    </annotation>
    <graph-space id="Old Knowtator Relations"/>
  </document>
</knowtator-project>
