<?xml version="1.0" encoding="UTF-8" standalone="no"?>
<knowtator-project>
  <document id="15760270" text-file="15760270.txt">
    <annotation annotator="Mike Bada, University of Colorado School of Medicine" id="SO_2017_06_11_Instance_49649" type="identity">
      <class id="SO:0000704" label="gene"/>
      <span end="154" id="15760270-5594" start="150">gene</span>
    </annotation>
    <annotation annotator="Mike Bada, University of Colorado School of Medicine" id="SO_2017_06_11_Instance_49651" type="identity">
      <class id="SO:0000704" label="gene"/>
      <span end="1316" id="15760270-5596" start="1311">genes</span>
    </annotation>
    <annotation annotator="Mike Bada, University of Colorado School of Medicine" id="SO_2017_06_11_Instance_24385" type="identity">
      <class id="SO:0000087" label="nuclear_gene"/>
      <span end="1969" id="15760270-5542" start="1962">nuclear</span>
      <span end="1993" id="15760270-5543" start="1988">genes</span>
    </annotation>
    <annotation annotator="Mike Bada, University of Colorado School of Medicine" id="SO_2017_06_11_Instance_49655" type="identity">
      <class id="SO:0000088" label="mt_gene"/>
      <span end="1993" id="15760270-5598" start="1974">mitochondrial genes</span>
    </annotation>
    <annotation annotator="Mike Bada, University of Colorado School of Medicine" id="SO_2017_06_11_Instance_49657" type="identity">
      <class id="SO:0000704" label="gene"/>
      <span end="3216" id="15760270-5600" start="3212">gene</span>
    </annotation>
    <annotation annotator="Mike Bada, University of Colorado School of Medicine" id="SO_2017_06_11_Instance_49659" type="identity">
      <class id="SO:0000704" label="gene"/>
      <span end="4859" id="15760270-5602" start="4854">genes</span>
    </annotation>
    <annotation annotator="Mike Bada, University of Colorado School of Medicine" id="SO_2017_06_11_Instance_49661" type="identity">
      <class id="SO:0000694" label="SNP"/>
      <span end="5102" id="15760270-5604" start="5071">single nucleotide polymorphisms</span>
    </annotation>
    <annotation annotator="Mike Bada, University of Colorado School of Medicine" id="SO_2017_06_11_Instance_49663" type="identity">
      <class id="SO:0000704" label="gene"/>
      <span end="5131" id="15760270-5606" start="5127">gene</span>
    </annotation>
    <annotation annotator="Mike Bada, University of Colorado School of Medicine" id="SO_2017_06_11_Instance_49665" type="identity">
      <class id="SO:0000704" label="gene"/>
      <span end="5640" id="15760270-5608" start="5636">gene</span>
    </annotation>
    <annotation annotator="Mike Bada, University of Colorado School of Medicine" id="SO_2017_06_11_Instance_49667" type="identity">
      <class id="SO:0000704" label="gene"/>
      <span end="6031" id="15760270-5610" start="6027">Gene</span>
    </annotation>
    <annotation annotator="Mike Bada, University of Colorado School of Medicine" id="SO_2017_06_11_Instance_49669" type="identity">
      <class id="SO:0000704" label="gene"/>
      <span end="6062" id="15760270-5612" start="6058">gene</span>
    </annotation>
    <annotation annotator="" id="SO_2017_06_11_Instance_171476" type="identity">
      <class id="SO:0001644" label="targeting_vector"/>
      <span end="6079" id="15760270-5530" start="6063">targeting vector</span>
    </annotation>
    <annotation annotator="Mike Bada, University of Colorado School of Medicine" id="SO_2017_06_11_Instance_49673" type="identity">
      <class id="SO:0000147" label="exon"/>
      <span end="6109" id="15760270-5614" start="6104">exons</span>
    </annotation>
    <annotation annotator="Mike Bada, University of Colorado School of Medicine" id="SO_2017_06_11_Instance_49675" type="identity">
      <class id="SO:0000704" label="gene"/>
      <span end="6143" id="15760270-5616" start="6139">gene</span>
    </annotation>
    <annotation annotator="Mike Bada, University of Colorado School of Medicine" id="SO_2017_06_11_Instance_49677" type="identity">
      <class id="SO:0000147" label="exon"/>
      <span end="6386" id="15760270-5618" start="6382">exon</span>
    </annotation>
    <annotation annotator="Mike Bada, University of Colorado School of Medicine" id="SO_2017_06_11_Instance_49679" type="identity">
      <class id="SO:0000147" label="exon"/>
      <span end="6414" id="15760270-5620" start="6409">exons</span>
    </annotation>
    <annotation annotator="Mike Bada, University of Colorado School of Medicine" id="SO_2017_06_11_Instance_49683" type="identity">
      <class id="SO:0001023" label="allele"/>
      <span end="6561" id="15760270-5622" start="6555">allele</span>
    </annotation>
    <annotation annotator="Mike Bada, University of Colorado School of Medicine" id="SO_2017_06_11_Instance_49685" type="identity">
      <class id="SO:0000704" label="gene"/>
      <span end="6655" id="15760270-5624" start="6651">gene</span>
    </annotation>
    <annotation annotator="Mike Bada, University of Colorado School of Medicine" id="SO_2017_06_11_Instance_49687" type="identity">
      <class id="SO:0000673" label="transcript"/>
      <span end="6701" id="15760270-5626" start="6691">transcript</span>
    </annotation>
    <annotation annotator="Mike Bada, University of Colorado School of Medicine" id="SO_2017_06_11_Instance_49689" type="identity">
      <class id="SO:0000704" label="gene"/>
      <span end="6906" id="15760270-5628" start="6902">gene</span>
    </annotation>
    <annotation annotator="Mike Bada, University of Colorado School of Medicine" id="SO_2017_06_11_Instance_49691" type="identity">
      <class id="SO:0000112" label="primer"/>
      <span end="6948" id="15760270-5630" start="6941">primers</span>
    </annotation>
    <annotation annotator="" id="SO_2017_06_11_Instance_90888" type="identity">
      <class id="SO:0000833" label="transcript_region"/>
      <span end="6985" id="15760270-5788" start="6976">region of</span>
      <span end="7012" id="15760270-5789" start="7002">transcript</span>
    </annotation>
    <annotation annotator="Mike Bada, University of Colorado School of Medicine" id="SO_2017_06_11_Instance_49693" type="identity">
      <class id="SO:0000704" label="gene"/>
      <span end="7001" id="15760270-5632" start="6997">gene</span>
    </annotation>
    <annotation annotator="Mike Bada, University of Colorado School of Medicine" id="SO_2017_06_11_Instance_27999" type="identity">
      <class id="SO:0000333" label="exon_junction"/>
      <span end="7032" id="15760270-5567" start="7028">exon</span>
      <span end="7043" id="15760270-5568" start="7037">border</span>
    </annotation>
    <annotation annotator="Mike Bada, University of Colorado School of Medicine" id="SO_2017_06_11_Instance_28001" type="identity">
      <class id="SO:0000333" label="exon_junction"/>
      <span end="7098" id="15760270-5570" start="7094">exon</span>
      <span end="7109" id="15760270-5571" start="7103">border</span>
    </annotation>
    <annotation annotator="Mike Bada, University of Colorado School of Medicine" id="SO_2017_06_11_Instance_49701" type="identity">
      <class id="SO:0000147" label="exon"/>
      <span end="7172" id="15760270-5634" start="7168">exon</span>
    </annotation>
    <annotation annotator="Mike Bada, University of Colorado School of Medicine" id="SO_2017_06_11_Instance_49705" type="identity">
      <class id="SO:0000147" label="exon"/>
      <span end="7290" id="15760270-5636" start="7286">exon</span>
    </annotation>
    <annotation annotator="Mike Bada, University of Colorado School of Medicine" id="SO_2017_06_11_Instance_28007" type="identity">
      <class id="SO:0000333" label="exon_junction"/>
      <span end="7358" id="15760270-5573" start="7354">exon</span>
      <span end="7371" id="15760270-5574" start="7365">border</span>
    </annotation>
    <annotation annotator="Mike Bada, University of Colorado School of Medicine" id="SO_2017_06_11_Instance_49711" type="identity">
      <class id="SO:0000673" label="transcript"/>
      <span end="7551" id="15760270-5638" start="7541">transcript</span>
    </annotation>
    <annotation annotator="Mike Bada, University of Colorado School of Medicine" id="SO_2017_06_11_Instance_49713" type="identity">
      <class id="SO:0000704" label="gene"/>
      <span end="7962" id="15760270-5640" start="7957">genes</span>
    </annotation>
    <annotation annotator="Mike Bada, University of Colorado School of Medicine" id="SO_2017_06_11_Instance_49715" type="identity">
      <class id="SO:0000704" label="gene"/>
      <span end="8162" id="15760270-5642" start="8158">gene</span>
    </annotation>
    <annotation annotator="Mike Bada, University of Colorado School of Medicine" id="SO_2017_06_11_Instance_49717" type="identity">
      <class id="SO:0001023" label="allele"/>
      <span end="8211" id="15760270-5644" start="8205">allele</span>
    </annotation>
    <annotation annotator="Mike Bada, University of Colorado School of Medicine" id="SO_2017_06_11_Instance_49725" type="identity">
      <class id="SO:0000087" label="nuclear_gene"/>
      <span end="11724" id="15760270-5646" start="11711">nuclear genes</span>
    </annotation>
    <annotation annotator="Mike Bada, University of Colorado School of Medicine" id="SO_2017_06_11_Instance_49731" type="identity">
      <class id="SO:0000704" label="gene"/>
      <span end="21530" id="15760270-5648" start="21526">gene</span>
    </annotation>
    <annotation annotator="Mike Bada, University of Colorado School of Medicine" id="SO_2017_06_11_Instance_49737" type="identity">
      <class id="SO:0000704" label="gene"/>
      <span end="24413" id="15760270-5650" start="24409">gene</span>
    </annotation>
    <annotation annotator="Mike Bada, University of Colorado School of Medicine" id="SO_2017_06_11_Instance_49739" type="identity">
      <class id="SO:0000704" label="gene"/>
      <span end="24609" id="15760270-5652" start="24604">genes</span>
    </annotation>
    <annotation annotator="Mike Bada, University of Colorado School of Medicine" id="SO_2017_06_11_Instance_49741" type="identity">
      <class id="SO:0000704" label="gene"/>
      <span end="24651" id="15760270-5654" start="24646">genes</span>
    </annotation>
    <annotation annotator="Mike Bada, University of Colorado School of Medicine" id="SO_2017_06_11_Instance_49743" type="identity">
      <class id="SO:0000704" label="gene"/>
      <span end="24660" id="15760270-5656" start="24656">gene</span>
    </annotation>
    <annotation annotator="Mike Bada, University of Colorado School of Medicine" id="SO_2017_06_11_Instance_49745" type="identity">
      <class id="SO:0000704" label="gene"/>
      <span end="24767" id="15760270-5658" start="24762">genes</span>
    </annotation>
    <annotation annotator="Mike Bada, University of Colorado School of Medicine" id="SO_2017_06_11_Instance_49749" type="identity">
      <class id="SO:0000704" label="gene"/>
      <span end="25480" id="15760270-5660" start="25476">gene</span>
    </annotation>
    <annotation annotator="" id="SO_2017_06_11_Instance_91695" type="identity">
      <class id="SO:0001861" label="sterol_regulatory_element"/>
      <span end="25678" id="15760270-5791" start="25653">sterol regulatory element</span>
    </annotation>
    <annotation annotator="Mike Bada, University of Colorado School of Medicine" id="SO_2017_06_11_Instance_49751" type="identity">
      <class id="SO:0000704" label="gene"/>
      <span end="25811" id="15760270-5662" start="25807">gene</span>
    </annotation>
    <annotation annotator="Mike Bada, University of Colorado School of Medicine" id="SO_2017_06_11_Instance_49753" type="identity">
      <class id="SO:0000704" label="gene"/>
      <span end="25922" id="15760270-5664" start="25918">gene</span>
    </annotation>
    <annotation annotator="Mike Bada, University of Colorado School of Medicine" id="SO_2017_06_11_Instance_49755" type="identity">
      <class id="SO:0000694" label="SNP"/>
      <span end="26860" id="15760270-5666" start="26829">single nucleotide polymorphisms</span>
    </annotation>
    <annotation annotator="Mike Bada, University of Colorado School of Medicine" id="SO_2017_06_11_Instance_49757" type="identity">
      <class id="SO:0001024" label="haplotype"/>
      <span end="26875" id="15760270-5668" start="26865">haplotypes</span>
    </annotation>
    <annotation annotator="" id="SO_2017_06_11_Instance_225097" type="identity">
      <class id="SO:0000910" label="orphan"/>
      <span end="31018" id="15760270-5540" start="31012">orphan</span>
    </annotation>
    <annotation annotator="Mike Bada, University of Colorado School of Medicine" id="SO_2017_06_11_Instance_49759" type="identity">
      <class id="SO:0000704" label="gene"/>
      <span end="31263" id="15760270-5670" start="31259">gene</span>
    </annotation>
    <annotation annotator="Mike Bada, University of Colorado School of Medicine" id="SO_2017_06_11_Instance_49763" type="identity">
      <class id="SO:0000704" label="gene"/>
      <span end="34833" id="15760270-5672" start="34828">genes</span>
    </annotation>
    <annotation annotator="Mike Bada, University of Colorado School of Medicine" id="SO_2017_06_11_Instance_49765" type="identity">
      <class id="SO:0000704" label="gene"/>
      <span end="35043" id="15760270-5674" start="35038">genes</span>
    </annotation>
    <annotation annotator="Mike Bada, University of Colorado School of Medicine" id="SO_2017_06_11_Instance_49767" type="identity">
      <class id="SO:0000704" label="gene"/>
      <span end="35484" id="15760270-5676" start="35479">genes</span>
    </annotation>
    <annotation annotator="Mike Bada, University of Colorado School of Medicine" id="SO_2017_06_11_Instance_49769" type="identity">
      <class id="SO:0000704" label="gene"/>
      <span end="36720" id="15760270-5678" start="36716">gene</span>
    </annotation>
    <annotation annotator="Mike Bada, University of Colorado School of Medicine" id="SO_2017_06_11_Instance_49771" type="identity">
      <class id="SO:0000704" label="gene"/>
      <span end="39390" id="15760270-5680" start="39386">gene</span>
    </annotation>
    <annotation annotator="Mike Bada, University of Colorado School of Medicine" id="SO_2017_06_11_Instance_49773" type="identity">
      <class id="SO:0000165" label="enhancer"/>
      <span end="40050" id="15760270-5682" start="40042">enhancer</span>
    </annotation>
    <annotation annotator="Mike Bada, University of Colorado School of Medicine" id="SO_2017_06_11_Instance_49775" type="identity">
      <class id="SO:0000704" label="gene"/>
      <span end="40102" id="15760270-5684" start="40097">genes</span>
    </annotation>
    <annotation annotator="Mike Bada, University of Colorado School of Medicine" id="SO_2017_06_11_Instance_24879" type="identity">
      <class id="SO:0000704" label="gene"/>
      <span end="41979" id="15760270-5545" start="41972">genetic</span>
    </annotation>
    <annotation annotator="Mike Bada, University of Colorado School of Medicine" id="SO_2017_06_11_Instance_49777" type="identity">
      <class id="SO:0000704" label="gene"/>
      <span end="42373" id="15760270-5686" start="42369">gene</span>
    </annotation>
    <annotation annotator="Mike Bada, University of Colorado School of Medicine" id="SO_2017_06_11_Instance_49779" type="identity">
      <class id="SO:0000147" label="exon"/>
      <span end="42494" id="15760270-5688" start="42489">exons</span>
    </annotation>
    <annotation annotator="" id="SO_2017_06_11_Instance_171478" type="identity">
      <class id="SO:0001644" label="targeting_vector"/>
      <span end="42672" id="15760270-5532" start="42656">targeting vector</span>
    </annotation>
    <annotation annotator="Mike Bada, University of Colorado School of Medicine" id="SO_2017_06_11_Instance_49783" type="identity">
      <class id="SO:0000147" label="exon"/>
      <span end="42696" id="15760270-5690" start="42692">exon</span>
    </annotation>
    <annotation annotator="Mike Bada, University of Colorado School of Medicine" id="SO_2017_06_11_Instance_49785" type="identity">
      <class id="SO:0000147" label="exon"/>
      <span end="42712" id="15760270-5692" start="42707">exons</span>
    </annotation>
    <annotation annotator="Mike Bada, University of Colorado School of Medicine" id="SO_2017_06_11_Instance_49787" type="identity">
      <class id="SO:0000147" label="exon"/>
      <span end="42730" id="15760270-5694" start="42726">exon</span>
    </annotation>
    <annotation annotator="Mike Bada, University of Colorado School of Medicine" id="SO_2017_06_11_Instance_49791" type="identity">
      <class id="SO:0000673" label="transcript"/>
      <span end="42805" id="15760270-5696" start="42795">transcript</span>
    </annotation>
    <annotation annotator="Mike Bada, University of Colorado School of Medicine" id="SO_2017_06_11_Instance_49793" type="identity">
      <class id="SO:0000673" label="transcript"/>
      <span end="42882" id="15760270-5698" start="42872">transcript</span>
    </annotation>
    <annotation annotator="Mike Bada, University of Colorado School of Medicine" id="SO_2017_06_11_Instance_26191" type="identity">
      <class id="SO:0000333" label="exon_junction"/>
      <span end="42901" id="15760270-5547" start="42897">exon</span>
      <span end="42912" id="15760270-5548" start="42906">border</span>
    </annotation>
    <annotation annotator="Mike Bada, University of Colorado School of Medicine" id="SO_2017_06_11_Instance_26919" type="identity">
      <class id="SO:0000417" label="polypeptide_domain"/>
      <span end="43328" id="15760270-5550" start="43321">domains</span>
    </annotation>
    <annotation annotator="Mike Bada, University of Colorado School of Medicine" id="SO_2017_06_11_Instance_26921" type="identity">
      <class id="SO:0000417" label="polypeptide_domain"/>
      <span end="43369" id="15760270-5552" start="43363">domain</span>
    </annotation>
    <annotation annotator="Mike Bada, University of Colorado School of Medicine" id="SO_2017_06_11_Instance_49797" type="identity">
      <class id="SO:0000704" label="gene"/>
      <span end="44861" id="15760270-5700" start="44857">gene</span>
    </annotation>
    <annotation annotator="Mike Bada, University of Colorado School of Medicine" id="SO_2017_06_11_Instance_49799" type="identity">
      <class id="SO:0000153" label="BAC"/>
      <span end="44876" id="15760270-5702" start="44873">BAC</span>
    </annotation>
    <annotation annotator="Mike Bada, University of Colorado School of Medicine" id="SO_2017_06_11_Instance_49801" type="identity">
      <class id="SO:0000040" label="genomic_clone"/>
      <span end="44890" id="15760270-5704" start="44877">genomic clone</span>
    </annotation>
    <annotation annotator="Mike Bada, University of Colorado School of Medicine" id="SO_2017_06_11_Instance_49803" type="identity">
      <class id="SO:0000704" label="gene"/>
      <span end="44924" id="15760270-5706" start="44920">gene</span>
    </annotation>
    <annotation annotator="Mike Bada, University of Colorado School of Medicine" id="SO_2017_06_11_Instance_27383" type="identity">
      <class id="SO:0001026" label="genome"/>
      <span end="44956" id="15760270-5554" start="44949">genomic</span>
    </annotation>
    <annotation annotator="Mike Bada, University of Colorado School of Medicine" id="SO_2017_06_11_Instance_49807" type="identity">
      <class id="SO:0000147" label="exon"/>
      <span end="45067" id="15760270-5708" start="45063">exon</span>
    </annotation>
    <annotation annotator="Mike Bada, University of Colorado School of Medicine" id="SO_2017_06_11_Instance_49809" type="identity">
      <class id="SO:0000040" label="genomic_clone"/>
      <span end="45106" id="15760270-5710" start="45093">genomic clone</span>
    </annotation>
    <annotation annotator="Mike Bada, University of Colorado School of Medicine" id="SO_2017_06_11_Instance_27465" type="identity">
      <class id="SO:0000121" label="forward_primer"/>
      <span end="45119" id="15760270-5556" start="45110">5′ primer</span>
    </annotation>
    <annotation annotator="Mike Bada, University of Colorado School of Medicine" id="SO_2017_06_11_Instance_27467" type="identity">
      <class id="SO:0000028" label="base_pair"/>
      <span end="45187" id="15760270-5558" start="45185">bp</span>
    </annotation>
    <annotation annotator="Mike Bada, University of Colorado School of Medicine" id="SO_2017_06_11_Instance_49811" type="identity">
      <class id="SO:0000147" label="exon"/>
      <span end="45204" id="15760270-5712" start="45200">exon</span>
    </annotation>
    <annotation annotator="Mike Bada, University of Colorado School of Medicine" id="SO_2017_06_11_Instance_27469" type="identity">
      <class id="SO:0000061" label="restriction_enzyme_binding_site"/>
      <span end="45259" id="15760270-5560" start="45243">restriction site</span>
    </annotation>
    <annotation annotator="Mike Bada, University of Colorado School of Medicine" id="SO_2017_06_11_Instance_27779" type="identity">
      <class id="SO:0000132" label="reverse_primer"/>
      <span end="45304" id="15760270-5562" start="45295">3′ primer</span>
    </annotation>
    <annotation annotator="Mike Bada, University of Colorado School of Medicine" id="SO_2017_06_11_Instance_49815" type="identity">
      <class id="SO:0000147" label="exon"/>
      <span end="45448" id="15760270-5714" start="45444">exon</span>
    </annotation>
    <annotation annotator="Mike Bada, University of Colorado School of Medicine" id="SO_2017_06_11_Instance_27989" type="identity">
      <class id="SO:0000121" label="forward_primer"/>
      <span end="45538" id="15760270-5564" start="45536">5′</span>
      <span end="45553" id="15760270-5565" start="45546">primers</span>
    </annotation>
    <annotation annotator="Mike Bada, University of Colorado School of Medicine" id="SO_2017_06_11_Instance_30029" type="identity">
      <class id="SO:0000132" label="reverse_primer"/>
      <span end="45553" id="15760270-5592" start="45543">3′ primers</span>
    </annotation>
    <annotation annotator="" id="SO_2017_06_11_Instance_171480" type="identity">
      <class id="SO:0001644" label="targeting_vector"/>
      <span end="45697" id="15760270-5534" start="45681">targeting vector</span>
    </annotation>
    <annotation annotator="Mike Bada, University of Colorado School of Medicine" id="SO_2017_06_11_Instance_49831" type="identity">
      <class id="SO:0000112" label="primer"/>
      <span end="49038" id="15760270-5716" start="49032">primer</span>
    </annotation>
    <annotation annotator="Mike Bada, University of Colorado School of Medicine" id="SO_2017_06_11_Instance_49835" type="identity">
      <class id="SO:0000704" label="gene"/>
      <span end="49078" id="15760270-5718" start="49074">gene</span>
    </annotation>
    <annotation annotator="Mike Bada, University of Colorado School of Medicine" id="SO_2017_06_11_Instance_49837" type="identity">
      <class id="SO:0000112" label="primer"/>
      <span end="49127" id="15760270-5720" start="49120">primers</span>
    </annotation>
    <annotation annotator="Mike Bada, University of Colorado School of Medicine" id="SO_2017_06_11_Instance_49839" type="identity">
      <class id="SO:0000112" label="primer"/>
      <span end="49187" id="15760270-5722" start="49181">primer</span>
    </annotation>
    <annotation annotator="Mike Bada, University of Colorado School of Medicine" id="SO_2017_06_11_Instance_49843" type="identity">
      <class id="SO:0000704" label="gene"/>
      <span end="49304" id="15760270-5724" start="49300">gene</span>
    </annotation>
    <annotation annotator="Mike Bada, University of Colorado School of Medicine" id="SO_2017_06_11_Instance_49845" type="identity">
      <class id="SO:0000112" label="primer"/>
      <span end="49342" id="15760270-5726" start="49335">primers</span>
    </annotation>
    <annotation annotator="Mike Bada, University of Colorado School of Medicine" id="SO_2017_06_11_Instance_49847" type="identity">
      <class id="SO:0000704" label="gene"/>
      <span end="49418" id="15760270-5728" start="49414">gene</span>
    </annotation>
    <annotation annotator="Mike Bada, University of Colorado School of Medicine" id="SO_2017_06_11_Instance_28457" type="identity">
      <class id="SO:0001026" label="genome"/>
      <span end="49479" id="15760270-5576" start="49472">genomic</span>
    </annotation>
    <annotation annotator="Mike Bada, University of Colorado School of Medicine" id="SO_2017_06_11_Instance_49849" type="identity">
      <class id="SO:0000704" label="gene"/>
      <span end="49575" id="15760270-5730" start="49571">Gene</span>
    </annotation>
    <annotation annotator="Mike Bada, University of Colorado School of Medicine" id="SO_2017_06_11_Instance_49855" type="identity">
      <class id="SO:0000112" label="primer"/>
      <span end="64921" id="15760270-5732" start="64914">Primers</span>
    </annotation>
    <annotation annotator="Mike Bada, University of Colorado School of Medicine" id="SO_2017_06_11_Instance_49859" type="identity">
      <class id="SO:0000112" label="primer"/>
      <span end="64969" id="15760270-5734" start="64962">primers</span>
    </annotation>
    <annotation annotator="Mike Bada, University of Colorado School of Medicine" id="SO_2017_06_11_Instance_49861" type="identity">
      <class id="SO:0000440" label="vector_replicon"/>
      <span end="65143" id="15760270-5736" start="65137">vector</span>
    </annotation>
    <annotation annotator="" id="SO_2017_06_11_Instance_171482" type="identity">
      <class id="SO:0001644" label="targeting_vector"/>
      <span end="65206" id="15760270-5536" start="65190">targeting vector</span>
    </annotation>
    <annotation annotator="" id="SO_2017_06_11_Instance_91697" type="identity">
      <class id="SO:0001861" label="sterol_regulatory_element"/>
      <span end="66624" id="15760270-5793" start="66599">sterol regulatory element</span>
    </annotation>
    <annotation annotator="Mike Bada, University of Colorado School of Medicine" id="SO_2017_06_11_Instance_49867" type="identity">
      <class id="SO:0000704" label="gene"/>
      <span end="66840" id="15760270-5738" start="66836">Gene</span>
    </annotation>
    <annotation annotator="Mike Bada, University of Colorado School of Medicine" id="SO_2017_06_11_Instance_49869" type="identity">
      <class id="SO:0000704" label="gene"/>
      <span end="66867" id="15760270-5740" start="66863">gene</span>
    </annotation>
    <annotation annotator="Mike Bada, University of Colorado School of Medicine" id="SO_2017_06_11_Instance_28461" type="identity">
      <class id="SO:0000842" label="gene_component_region"/>
      <span end="66899" id="15760270-5578" start="66890">region of</span>
      <span end="66922" id="15760270-5579" start="66918">gene</span>
    </annotation>
    <annotation annotator="Mike Bada, University of Colorado School of Medicine" id="SO_2017_06_11_Instance_49873" type="identity">
      <class id="SO:0000147" label="exon"/>
      <span end="66939" id="15760270-5742" start="66934">exons</span>
    </annotation>
    <annotation annotator="Mike Bada, University of Colorado School of Medicine" id="SO_2017_06_11_Instance_28463" type="identity">
      <class id="SO:0000061" label="restriction_enzyme_binding_site"/>
      <span end="67018" id="15760270-5581" start="66988">restriction endonuclease sites</span>
    </annotation>
    <annotation annotator="Mike Bada, University of Colorado School of Medicine" id="SO_2017_06_11_Instance_28467" type="identity">
      <class id="SO:0005853" label="gene_cassette"/>
      <span end="67095" id="15760270-5583" start="67087">cassette</span>
    </annotation>
    <annotation annotator="Mike Bada, University of Colorado School of Medicine" id="SO_2017_06_11_Instance_49875" type="identity">
      <class id="SO:0000704" label="gene"/>
      <span end="67126" id="15760270-5744" start="67122">gene</span>
    </annotation>
    <annotation annotator="" id="SO_2017_06_11_Instance_171484" type="identity">
      <class id="SO:0001644" label="targeting_vector"/>
      <span end="67274" id="15760270-5538" start="67258">targeting vector</span>
    </annotation>
    <annotation annotator="Mike Bada, University of Colorado School of Medicine" id="SO_2017_06_11_Instance_49881" type="identity">
      <class id="SO:0000704" label="gene"/>
      <span end="67294" id="15760270-5746" start="67290">gene</span>
    </annotation>
    <annotation annotator="Mike Bada, University of Colorado School of Medicine" id="SO_2017_06_11_Instance_49883" type="identity">
      <class id="SO:0000704" label="gene"/>
      <span end="67381" id="15760270-5748" start="67377">gene</span>
    </annotation>
    <annotation annotator="Mike Bada, University of Colorado School of Medicine" id="SO_2017_06_11_Instance_49885" type="identity">
      <class id="SO:0000147" label="exon"/>
      <span end="67416" id="15760270-5750" start="67412">exon</span>
    </annotation>
    <annotation annotator="Mike Bada, University of Colorado School of Medicine" id="SO_2017_06_11_Instance_49889" type="identity">
      <class id="SO:0000412" label="restriction_fragment"/>
      <span end="67581" id="15760270-5752" start="67560">restriction fragments</span>
    </annotation>
    <annotation annotator="Mike Bada, University of Colorado School of Medicine" id="SO_2017_06_11_Instance_49905" type="identity">
      <class id="SO:0000407" label="rRNA_18S"/>
      <span end="68202" id="15760270-5754" start="68185">18S ribosomal RNA</span>
    </annotation>
    <annotation annotator="Mike Bada, University of Colorado School of Medicine" id="SO_2017_06_11_Instance_49907" type="identity">
      <class id="SO:0000673" label="transcript"/>
      <span end="68312" id="15760270-5756" start="68301">transcripts</span>
    </annotation>
    <annotation annotator="Mike Bada, University of Colorado School of Medicine" id="SO_2017_06_11_Instance_49909" type="identity">
      <class id="SO:0000112" label="primer"/>
      <span end="68325" id="15760270-5758" start="68319">primer</span>
    </annotation>
    <annotation annotator="Mike Bada, University of Colorado School of Medicine" id="SO_2017_06_11_Instance_28473" type="identity">
      <class id="SO:0000333" label="exon_junction"/>
      <span end="68362" id="15760270-5585" start="68350">exon borders</span>
    </annotation>
    <annotation annotator="Mike Bada, University of Colorado School of Medicine" id="SO_2017_06_11_Instance_49913" type="identity">
      <class id="SO:0000147" label="exon"/>
      <span end="68383" id="15760270-5760" start="68379">exon</span>
    </annotation>
    <annotation annotator="Mike Bada, University of Colorado School of Medicine" id="SO_2017_06_11_Instance_49915" type="identity">
      <class id="SO:0000112" label="primer"/>
      <span end="68394" id="15760270-5762" start="68388">primer</span>
    </annotation>
    <annotation annotator="Mike Bada, University of Colorado School of Medicine" id="SO_2017_06_11_Instance_49917" type="identity">
      <class id="SO:0000673" label="transcript"/>
      <span end="68433" id="15760270-5764" start="68423">transcript</span>
    </annotation>
    <annotation annotator="Mike Bada, University of Colorado School of Medicine" id="SO_2017_06_11_Instance_49919" type="identity">
      <class id="SO:0000147" label="exon"/>
      <span end="68457" id="15760270-5766" start="68453">exon</span>
    </annotation>
    <annotation annotator="Mike Bada, University of Colorado School of Medicine" id="SO_2017_06_11_Instance_49921" type="identity">
      <class id="SO:0000112" label="primer"/>
      <span end="68468" id="15760270-5768" start="68462">primer</span>
    </annotation>
    <annotation annotator="Mike Bada, University of Colorado School of Medicine" id="SO_2017_06_11_Instance_49923" type="identity">
      <class id="SO:0000673" label="transcript"/>
      <span end="68503" id="15760270-5770" start="68493">transcript</span>
    </annotation>
    <annotation annotator="Mike Bada, University of Colorado School of Medicine" id="SO_2017_06_11_Instance_49925" type="identity">
      <class id="SO:0000147" label="exon"/>
      <span end="68672" id="15760270-5772" start="68668">exon</span>
    </annotation>
    <annotation annotator="Mike Bada, University of Colorado School of Medicine" id="SO_2017_06_11_Instance_49927" type="identity">
      <class id="SO:0000673" label="transcript"/>
      <span end="68750" id="15760270-5774" start="68739">transcripts</span>
    </annotation>
    <annotation annotator="Mike Bada, University of Colorado School of Medicine" id="SO_2017_06_11_Instance_49931" type="identity">
      <class id="SO:0000440" label="vector_replicon"/>
      <span end="69128" id="15760270-5776" start="69122">vector</span>
    </annotation>
    <annotation annotator="Mike Bada, University of Colorado School of Medicine" id="SO_2017_06_11_Instance_28479" type="identity">
      <class id="SO:0000704" label="gene"/>
      <span end="70777" id="15760270-5587" start="70773">Gene</span>
    </annotation>
    <annotation annotator="Mike Bada, University of Colorado School of Medicine" id="SO_2017_06_11_Instance_28481" type="identity">
      <class id="SO:0000087" label="nuclear_gene"/>
      <span end="70843" id="15760270-5589" start="70836">nuclear</span>
      <span end="70867" id="15760270-5590" start="70862">genes</span>
    </annotation>
    <annotation annotator="Mike Bada, University of Colorado School of Medicine" id="SO_2017_06_11_Instance_49935" type="identity">
      <class id="SO:0000088" label="mt_gene"/>
      <span end="70867" id="15760270-5778" start="70848">mitochondrial genes</span>
    </annotation>
    <annotation annotator="Mike Bada, University of Colorado School of Medicine" id="SO_2017_06_11_Instance_49939" type="identity">
      <class id="SO:0000673" label="transcript"/>
      <span end="74724" id="15760270-5780" start="74714">transcript</span>
    </annotation>
    <annotation annotator="Mike Bada, University of Colorado School of Medicine" id="SO_2017_06_11_Instance_49943" type="identity">
      <class id="SO:0000673" label="transcript"/>
      <span end="74916" id="15760270-5782" start="74906">transcript</span>
    </annotation>
    <annotation annotator="Mike Bada, University of Colorado School of Medicine" id="SO_2017_06_11_Instance_49945" type="identity">
      <class id="SO:0000673" label="transcript"/>
      <span end="75027" id="15760270-5784" start="75017">transcript</span>
    </annotation>
    <annotation annotator="Mike Bada, University of Colorado School of Medicine" id="SO_2017_06_11_Instance_49949" type="identity">
      <class id="SO:0000704" label="gene"/>
      <span end="78719" id="15760270-5786" start="78715">Gene</span>
    </annotation>
    <annotation annotator="" id="SO_2017_06_11_Instance_91699" type="identity">
      <class id="SO:0001861" label="sterol_regulatory_element"/>
      <span end="79224" id="15760270-5795" start="79199">sterol regulatory element</span>
    </annotation>
    <graph-space id="Old Knowtator Relations"/>
  </document>
</knowtator-project>
