<?xml version="1.0" encoding="UTF-8" standalone="no"?>
<knowtator-project>
    <document id="15836427" text-file="15836427.txt">
        <annotation annotator="Mike Bada, University of Colorado School of Medicine" id="SO_2017_06_11_Instance_50283" type="identity">
            <class id="SO:0000704" label="gene"/>
            <span end="426" id="15836427-5973" start="422">gene</span>
        </annotation>
        <annotation annotator="Mike Bada, University of Colorado School of Medicine" id="SO_2017_06_11_Instance_29525" type="identity">
            <class id="SO:0000704" label="gene"/>
            <span end="527" id="15836427-5957" start="520">genetic</span>
        </annotation>
        <annotation annotator="Mike Bada, University of Colorado School of Medicine" id="SO_2017_06_11_Instance_29527" type="identity">
            <class id="SO:0000704" label="gene"/>
            <span end="2150" id="15836427-5959" start="2143">genetic</span>
        </annotation>
        <annotation annotator="Mike Bada, University of Colorado School of Medicine" id="SO_2017_06_11_Instance_50285" type="identity">
            <class id="SO:0000704" label="gene"/>
            <span end="2366" id="15836427-5975" start="2362">gene</span>
        </annotation>
        <annotation annotator="Mike Bada, University of Colorado School of Medicine" id="SO_2017_06_11_Instance_50287" type="identity">
            <class id="SO:0000704" label="gene"/>
            <span end="3752" id="15836427-5977" start="3748">gene</span>
        </annotation>
        <annotation annotator="Mike Bada, University of Colorado School of Medicine" id="SO_2017_06_11_Instance_50289" type="identity">
            <class id="SO:0000704" label="gene"/>
            <span end="5019" id="15836427-5979" start="5015">gene</span>
        </annotation>
        <annotation annotator="Mike Bada, University of Colorado School of Medicine" id="SO_2017_06_11_Instance_20489" type="identity">
            <class id="SO:0001021" label="chromosome_breakpoint"/>
            <span end="6947" id="15836427-5883" start="6936">break-point</span>
        </annotation>
        <annotation annotator="Mike Bada, University of Colorado School of Medicine" id="SO_2017_06_11_Instance_28521" type="identity">
            <class id="SO:0000417" label="polypeptide_domain"/>
            <span end="6996" id="15836427-5923" start="6990">domain</span>
        </annotation>
        <annotation annotator="Mike Bada, University of Colorado School of Medicine" id="SO_2017_06_11_Instance_50299" type="identity">
            <class id="SO:0000704" label="gene"/>
            <span end="7028" id="15836427-5981" start="7024">gene</span>
        </annotation>
        <annotation annotator="Mike Bada, University of Colorado School of Medicine" id="SO_2017_06_11_Instance_28523" type="identity">
            <class id="SO:0000417" label="polypeptide_domain"/>
            <span end="7060" id="15836427-5925" start="7054">domain</span>
        </annotation>
        <annotation annotator="Mike Bada, University of Colorado School of Medicine" id="SO_2017_06_11_Instance_50301" type="identity">
            <class id="SO:0000409" label="binding_site"/>
            <span end="7406" id="15836427-5983" start="7393">binding sites</span>
        </annotation>
        <annotation annotator="Mike Bada, University of Colorado School of Medicine" id="SO_2017_06_11_Instance_50303" type="identity">
            <class id="SO:0000155" label="plasmid"/>
            <span end="7430" id="15836427-5985" start="7423">plasmid</span>
        </annotation>
        <annotation annotator="Mike Bada, University of Colorado School of Medicine" id="SO_2017_06_11_Instance_50305" type="identity">
            <class id="SO:0000409" label="binding_site"/>
            <span end="7462" id="15836427-5987" start="7450">binding-site</span>
        </annotation>
        <annotation annotator="Mike Bada, University of Colorado School of Medicine" id="SO_2017_06_11_Instance_50307" type="identity">
            <class id="SO:0000704" label="gene"/>
            <span end="8145" id="15836427-5989" start="8140">genes</span>
        </annotation>
        <annotation annotator="Mike Bada, University of Colorado School of Medicine" id="SO_2017_06_11_Instance_50309" type="identity">
            <class id="SO:0000704" label="gene"/>
            <span end="8309" id="15836427-5991" start="8304">genes</span>
        </annotation>
        <annotation annotator="Mike Bada, University of Colorado School of Medicine" id="SO_2017_06_11_Instance_50311" type="identity">
            <class id="SO:0000704" label="gene"/>
            <span end="8393" id="15836427-5993" start="8388">genes</span>
        </annotation>
        <annotation annotator="Mike Bada, University of Colorado School of Medicine" id="SO_2017_06_11_Instance_50313" type="identity">
            <class id="SO:0000704" label="gene"/>
            <span end="8645" id="15836427-5995" start="8641">gene</span>
        </annotation>
        <annotation annotator="Mike Bada, University of Colorado School of Medicine" id="SO_2017_06_11_Instance_29529" type="identity">
            <class id="SO:0000704" label="gene"/>
            <span end="10581" id="15836427-5961" start="10574">genetic</span>
        </annotation>
        <annotation annotator="Mike Bada, University of Colorado School of Medicine" id="SO_2017_06_11_Instance_29149" type="identity">
            <class id="SO:0005853" label="gene_cassette"/>
            <span end="10666" id="15836427-5933" start="10658">cassette</span>
        </annotation>
        <annotation annotator="Mike Bada, University of Colorado School of Medicine" id="SO_2017_06_11_Instance_50319" type="identity">
            <class id="SO:0000357" label="flanked"/>
            <span end="10674" id="15836427-5997" start="10667">flanked</span>
        </annotation>
        <annotation annotator="Mike Bada, University of Colorado School of Medicine" id="SO_2017_06_11_Instance_50321" type="identity">
            <class id="SO:0000346" label="loxP_site"/>
            <span end="10688" id="15836427-5999" start="10678">loxP sites</span>
        </annotation>
        <annotation annotator="Mike Bada, University of Colorado School of Medicine" id="SO_2017_06_11_Instance_29151" type="identity">
            <class id="SO:0005853" label="gene_cassette"/>
            <span end="10709" id="15836427-5935" start="10700">cassettes</span>
        </annotation>
        <annotation annotator="Mike Bada, University of Colorado School of Medicine" id="SO_2017_06_11_Instance_50323" type="identity">
            <class id="SO:0001023" label="allele"/>
            <span end="11026" id="15836427-6001" start="11019">alleles</span>
        </annotation>
        <annotation annotator="Mike Bada, University of Colorado School of Medicine" id="SO_2017_06_11_Instance_50325" type="identity">
            <class id="SO:0001023" label="allele"/>
            <span end="11079" id="15836427-6003" start="11073">allele</span>
        </annotation>
        <annotation annotator="Mike Bada, University of Colorado School of Medicine" id="SO_2017_06_11_Instance_50327" type="identity">
            <class id="SO:0001023" label="allele"/>
            <span end="11370" id="15836427-6005" start="11364">allele</span>
        </annotation>
        <annotation annotator="Mike Bada, University of Colorado School of Medicine" id="SO_2017_06_11_Instance_50329" type="identity">
            <class id="SO:0000167" label="promoter"/>
            <span end="11389" id="15836427-6007" start="11381">promoter</span>
        </annotation>
        <annotation annotator="Mike Bada, University of Colorado School of Medicine" id="SO_2017_06_11_Instance_50337" type="identity">
            <class id="SO:0000704" label="gene"/>
            <span end="13335" id="15836427-6009" start="13330">genes</span>
        </annotation>
        <annotation annotator="Mike Bada, University of Colorado School of Medicine" id="SO_2017_06_11_Instance_50349" type="identity">
            <class id="SO:0000704" label="gene"/>
            <span end="16673" id="15836427-6011" start="16669">gene</span>
        </annotation>
        <annotation annotator="Mike Bada, University of Colorado School of Medicine" id="SO_2017_06_11_Instance_50353" type="identity">
            <class id="SO:0000704" label="gene"/>
            <span end="20410" id="15836427-6013" start="20406">gene</span>
        </annotation>
        <annotation annotator="Mike Bada, University of Colorado School of Medicine" id="SO_2017_06_11_Instance_29749" type="identity">
            <class id="SO:0000704" label="gene"/>
            <span end="20702" id="15836427-5963" start="20695">genetic</span>
        </annotation>
        <annotation annotator="Mike Bada, University of Colorado School of Medicine" id="SO_2017_06_11_Instance_50355" type="identity">
            <class id="SO:0000704" label="gene"/>
            <span end="20917" id="15836427-6015" start="20913">gene</span>
        </annotation>
        <annotation annotator="Mike Bada, University of Colorado School of Medicine" id="SO_2017_06_11_Instance_50359" type="identity">
            <class id="SO:0000704" label="gene"/>
            <span end="21403" id="15836427-6017" start="21398">genes</span>
        </annotation>
        <annotation annotator="Mike Bada, University of Colorado School of Medicine" id="SO_2017_06_11_Instance_50365" type="identity">
            <class id="SO:0000704" label="gene"/>
            <span end="23022" id="15836427-6019" start="23018">gene</span>
        </annotation>
        <annotation annotator="Mike Bada, University of Colorado School of Medicine" id="SO_2017_06_11_Instance_50367" type="identity">
            <class id="SO:0000704" label="gene"/>
            <span end="23605" id="15836427-6021" start="23601">gene</span>
        </annotation>
        <annotation annotator="Mike Bada, University of Colorado School of Medicine" id="SO_2017_06_11_Instance_50369" type="identity">
            <class id="SO:0000704" label="gene"/>
            <span end="27053" id="15836427-6023" start="27048">genes</span>
        </annotation>
        <annotation annotator="Mike Bada, University of Colorado School of Medicine" id="SO_2017_06_11_Instance_50371" type="identity">
            <class id="SO:0000704" label="gene"/>
            <span end="27359" id="15836427-6025" start="27354">genes</span>
        </annotation>
        <annotation annotator="Mike Bada, University of Colorado School of Medicine" id="SO_2017_06_11_Instance_50375" type="identity">
            <class id="SO:0000704" label="gene"/>
            <span end="28447" id="15836427-6027" start="28442">genes</span>
        </annotation>
        <annotation annotator="Mike Bada, University of Colorado School of Medicine" id="SO_2017_06_11_Instance_50377" type="identity">
            <class id="SO:0000704" label="gene"/>
            <span end="29304" id="15836427-6029" start="29299">genes</span>
        </annotation>
        <annotation annotator="" id="SO_2017_06_11_Instance_171486" type="identity">
            <class id="SO:0001644" label="targeting_vector"/>
            <span end="29754" id="15836427-5876" start="29738">targeting vector</span>
        </annotation>
        <annotation annotator="" id="SO_2017_06_11_Instance_171308" type="identity">
            <class id="SO:0001817" label="inframe"/>
            <span end="29808" id="15836427-5872" start="29800">in frame</span>
        </annotation>
        <annotation annotator="Mike Bada, University of Colorado School of Medicine" id="SO_2017_06_11_Instance_25557" type="identity">
            <class id="SO:0000318" label="start_codon"/>
            <span end="29838" id="15836427-5897" start="29829">start ATG</span>
        </annotation>
        <annotation annotator="Mike Bada, University of Colorado School of Medicine" id="SO_2017_06_11_Instance_50381" type="identity">
            <class id="SO:0000147" label="exon"/>
            <span end="29848" id="15836427-6031" start="29844">exon</span>
        </annotation>
        <annotation annotator="Mike Bada, University of Colorado School of Medicine" id="SO_2017_06_11_Instance_25559" type="identity">
            <class id="SO:0001026" label="genome"/>
            <span end="29870" id="15836427-5899" start="29863">genomic</span>
        </annotation>
        <annotation annotator="Mike Bada, University of Colorado School of Medicine" id="SO_2017_06_11_Instance_28525" type="identity">
            <class id="SO:0000417" label="polypeptide_domain"/>
            <span end="30018" id="15836427-5927" start="30012">domain</span>
        </annotation>
        <annotation annotator="Mike Bada, University of Colorado School of Medicine" id="SO_2017_06_11_Instance_50385" type="identity">
            <class id="SO:0000112" label="primer"/>
            <span end="30043" id="15836427-6033" start="30037">primer</span>
        </annotation>
        <annotation annotator="Mike Bada, University of Colorado School of Medicine" id="SO_2017_06_11_Instance_50387" type="identity">
            <class id="SO:0001023" label="allele"/>
            <span end="30100" id="15836427-6035" start="30094">allele</span>
        </annotation>
        <annotation annotator="Mike Bada, University of Colorado School of Medicine" id="SO_2017_06_11_Instance_27249" type="identity">
            <class id="SO:0000346" label="loxP_site"/>
            <span end="30222" id="15836427-5901" start="30219">lox</span>
        </annotation>
        <annotation annotator="Mike Bada, University of Colorado School of Medicine" id="SO_2017_06_11_Instance_27371" type="identity">
            <class id="SO:0000346" label="loxP_site"/>
            <span end="30231" id="15836427-5903" start="30228">lox</span>
        </annotation>
        <annotation annotator="Mike Bada, University of Colorado School of Medicine" id="SO_2017_06_11_Instance_50389" type="identity">
            <class id="SO:0000243" label="internal_ribosome_entry_site"/>
            <span end="30241" id="15836427-6037" start="30237">IRES</span>
        </annotation>
        <annotation annotator="" id="SO_2017_06_11_Instance_225566" type="identity">
            <class id="SO:0001528" label="nuclear_localization_signal"/>
            <span end="30245" id="15836427-5885" start="30242">NLS</span>
        </annotation>
        <annotation annotator="Mike Bada, University of Colorado School of Medicine" id="SO_2017_06_11_Instance_27373" type="identity">
            <class id="SO:0000346" label="loxP_site"/>
            <span end="30261" id="15836427-5905" start="30258">lox</span>
        </annotation>
        <annotation annotator="Mike Bada, University of Colorado School of Medicine" id="SO_2017_06_11_Instance_27375" type="identity">
            <class id="SO:0000346" label="loxP_site"/>
            <span end="30270" id="15836427-5907" start="30267">lox</span>
        </annotation>
        <annotation annotator="Mike Bada, University of Colorado School of Medicine" id="SO_2017_06_11_Instance_50391" type="identity">
            <class id="SO:0000243" label="internal_ribosome_entry_site"/>
            <span end="30284" id="15836427-6039" start="30280">IRES</span>
        </annotation>
        <annotation annotator="" id="SO_2017_06_11_Instance_225568" type="identity">
            <class id="SO:0001528" label="nuclear_localization_signal"/>
            <span end="30288" id="15836427-5887" start="30285">NLS</span>
        </annotation>
        <annotation annotator="Mike Bada, University of Colorado School of Medicine" id="SO_2017_06_11_Instance_27377" type="identity">
            <class id="SO:0005853" label="gene_cassette"/>
            <span end="30316" id="15836427-5909" start="30307">cassettes</span>
        </annotation>
        <annotation annotator="Mike Bada, University of Colorado School of Medicine" id="SO_2017_06_11_Instance_50393" type="identity">
            <class id="SO:0000147" label="exon"/>
            <span end="30342" id="15836427-6041" start="30338">exon</span>
        </annotation>
        <annotation annotator="Mike Bada, University of Colorado School of Medicine" id="SO_2017_06_11_Instance_27975" type="identity">
            <class id="SO:0001026" label="genome"/>
            <span end="30363" id="15836427-5911" start="30356">genomic</span>
        </annotation>
        <annotation annotator="Mike Bada, University of Colorado School of Medicine" id="SO_2017_06_11_Instance_27977" type="identity">
            <class id="SO:0000318" label="start_codon"/>
            <span end="30395" id="15836427-5913" start="30386">start ATG</span>
        </annotation>
        <annotation annotator="" id="SO_2017_06_11_Instance_171488" type="identity">
            <class id="SO:0001644" label="targeting_vector"/>
            <span end="30432" id="15836427-5878" start="30415">targeting vectors</span>
        </annotation>
        <annotation annotator="Mike Bada, University of Colorado School of Medicine" id="SO_2017_06_11_Instance_50401" type="identity">
            <class id="SO:0000040" label="genomic_clone"/>
            <span end="30776" id="15836427-6043" start="30762">genomic clones</span>
        </annotation>
        <annotation annotator="Mike Bada, University of Colorado School of Medicine" id="SO_2017_06_11_Instance_28443" type="identity">
            <class id="SO:0001026" label="genome"/>
            <span end="30821" id="15836427-5917" start="30814">genomic</span>
        </annotation>
        <annotation annotator="Mike Bada, University of Colorado School of Medicine" id="SO_2017_06_11_Instance_28517" type="identity">
            <class id="SO:0001026" label="genome"/>
            <span end="30903" id="15836427-5919" start="30896">genomic</span>
        </annotation>
        <annotation annotator="Mike Bada, University of Colorado School of Medicine" id="SO_2017_06_11_Instance_50403" type="identity">
            <class id="SO:0000243" label="internal_ribosome_entry_site"/>
            <span end="30953" id="15836427-6045" start="30949">IRES</span>
        </annotation>
        <annotation annotator="Mike Bada, University of Colorado School of Medicine" id="SO_2017_06_11_Instance_28519" type="identity">
            <class id="SO:0005853" label="gene_cassette"/>
            <span end="30979" id="15836427-5921" start="30971">cassette</span>
        </annotation>
        <annotation annotator="Mike Bada, University of Colorado School of Medicine" id="SO_2017_06_11_Instance_28847" type="identity">
            <class id="SO:0000205" label="three_prime_UTR"/>
            <span end="31015" id="15836427-5929" start="31009">3′ UTR</span>
        </annotation>
        <annotation annotator="Mike Bada, University of Colorado School of Medicine" id="SO_2017_06_11_Instance_50405" type="identity">
            <class id="SO:0000147" label="exon"/>
            <span end="31023" id="15836427-6047" start="31019">exon</span>
        </annotation>
        <annotation annotator="Mike Bada, University of Colorado School of Medicine" id="SO_2017_06_11_Instance_28849" type="identity">
            <class id="SO:0001026" label="genome"/>
            <span end="31165" id="15836427-5931" start="31158">genomic</span>
        </annotation>
        <annotation annotator="Mike Bada, University of Colorado School of Medicine" id="SO_2017_06_11_Instance_50411" type="identity">
            <class id="SO:0001023" label="allele"/>
            <span end="31393" id="15836427-6049" start="31386">alleles</span>
        </annotation>
        <annotation annotator="Mike Bada, University of Colorado School of Medicine" id="SO_2017_06_11_Instance_27979" type="identity">
            <class id="SO:0000704" label="gene"/>
            <span end="31468" id="15836427-5915" start="31461">genetic</span>
        </annotation>
        <annotation annotator="Mike Bada, University of Colorado School of Medicine" id="SO_2017_06_11_Instance_50415" type="identity">
            <class id="SO:0000155" label="plasmid"/>
            <span end="32016" id="15836427-6051" start="32008">plasmids</span>
        </annotation>
        <annotation annotator="Mike Bada, University of Colorado School of Medicine" id="SO_2017_06_11_Instance_29185" type="identity">
            <class id="SO:0005853" label="gene_cassette"/>
            <span end="32375" id="15836427-5937" start="32367">cassette</span>
        </annotation>
        <annotation annotator="Mike Bada, University of Colorado School of Medicine" id="SO_2017_06_11_Instance_50417" type="identity">
            <class id="SO:0000409" label="binding_site"/>
            <span end="32437" id="15836427-6053" start="32424">binding sites</span>
        </annotation>
        <annotation annotator="Mike Bada, University of Colorado School of Medicine" id="SO_2017_06_11_Instance_50419" type="identity">
            <class id="SO:0000409" label="binding_site"/>
            <span end="32596" id="15836427-6055" start="32583">binding sites</span>
        </annotation>
        <annotation annotator="Mike Bada, University of Colorado School of Medicine" id="SO_2017_06_11_Instance_50421" type="identity">
            <class id="SO:0000155" label="plasmid"/>
            <span end="32633" id="15836427-6057" start="32626">plasmid</span>
        </annotation>
        <annotation annotator="Mike Bada, University of Colorado School of Medicine" id="SO_2017_06_11_Instance_50423" type="identity">
            <class id="SO:0000155" label="plasmid"/>
            <span end="32822" id="15836427-6059" start="32814">plasmids</span>
        </annotation>
        <annotation annotator="Mike Bada, University of Colorado School of Medicine" id="SO_2017_06_11_Instance_50425" type="identity">
            <class id="SO:0000155" label="plasmid"/>
            <span end="32901" id="15836427-6061" start="32893">plasmids</span>
        </annotation>
        <annotation annotator="Mike Bada, University of Colorado School of Medicine" id="SO_2017_06_11_Instance_50429" type="identity">
            <class id="SO:0000704" label="gene"/>
            <span end="37524" id="15836427-6063" start="37520">Gene</span>
        </annotation>
        <annotation annotator="Mike Bada, University of Colorado School of Medicine" id="SO_2017_06_11_Instance_30177" type="identity">
            <class id="SO:0001026" label="genome"/>
            <span end="38767" id="15836427-5965" start="38760">genomic</span>
        </annotation>
        <annotation annotator="Mike Bada, University of Colorado School of Medicine" id="SO_2017_06_11_Instance_40829" type="identity">
            <class id="SO:0000147" label="exon"/>
            <span end="38864" id="15836427-5969" start="38859">Exons</span>
        </annotation>
        <annotation annotator="Mike Bada, University of Colorado School of Medicine" id="SO_2017_06_11_Instance_50435" type="identity">
            <class id="SO:0000318" label="start_codon"/>
            <span end="38923" id="15836427-6065" start="38912">start codon</span>
        </annotation>
        <annotation annotator="Mike Bada, University of Colorado School of Medicine" id="SO_2017_06_11_Instance_50437" type="identity">
            <class id="SO:0000147" label="exon"/>
            <span end="38931" id="15836427-6067" start="38927">exon</span>
        </annotation>
        <annotation annotator="Mike Bada, University of Colorado School of Medicine" id="SO_2017_06_11_Instance_29187" type="identity">
            <class id="SO:0005853" label="gene_cassette"/>
            <span end="39132" id="15836427-5939" start="39123">cassettes</span>
        </annotation>
        <annotation annotator="Mike Bada, University of Colorado School of Medicine" id="SO_2017_06_11_Instance_50441" type="identity">
            <class id="SO:0000147" label="exon"/>
            <span end="39150" id="15836427-6069" start="39146">exon</span>
        </annotation>
        <annotation annotator="Mike Bada, University of Colorado School of Medicine" id="SO_2017_06_11_Instance_50443" type="identity">
            <class id="SO:0000318" label="start_codon"/>
            <span end="39211" id="15836427-6071" start="39200">start codon</span>
        </annotation>
        <annotation annotator="Mike Bada, University of Colorado School of Medicine" id="SO_2017_06_11_Instance_29189" type="identity">
            <class id="SO:0005853" label="gene_cassette"/>
            <span end="39247" id="15836427-5941" start="39238">cassettes</span>
        </annotation>
        <annotation annotator="" id="SO_2017_06_11_Instance_225570" type="identity">
            <class id="SO:0001528" label="nuclear_localization_signal"/>
            <span end="39300" id="15836427-5889" start="39297">NLS</span>
        </annotation>
        <annotation annotator="" id="SO_2017_06_11_Instance_225572" type="identity">
            <class id="SO:0001528" label="nuclear_localization_signal"/>
            <span end="39336" id="15836427-5891" start="39333">NLS</span>
        </annotation>
        <annotation annotator="" id="SO_2017_06_11_Instance_91704" type="identity">
            <class id="SO:0000141" label="terminator"/>
            <span end="39459" id="15836427-6131" start="39430">transcriptional stop sequence</span>
        </annotation>
        <annotation annotator="Mike Bada, University of Colorado School of Medicine" id="SO_2017_06_11_Instance_50445" type="identity">
            <class id="SO:0000357" label="flanked"/>
            <span end="39467" id="15836427-6073" start="39460">flanked</span>
        </annotation>
        <annotation annotator="Mike Bada, University of Colorado School of Medicine" id="SO_2017_06_11_Instance_50447" type="identity">
            <class id="SO:0000346" label="loxP_site"/>
            <span end="39481" id="15836427-6075" start="39471">loxP sites</span>
        </annotation>
        <annotation annotator="Mike Bada, University of Colorado School of Medicine" id="SO_2017_06_11_Instance_50449" type="identity">
            <class id="SO:0000902" label="transgene"/>
            <span end="39530" id="15836427-6077" start="39520">transgenes</span>
        </annotation>
        <annotation annotator="Mike Bada, University of Colorado School of Medicine" id="SO_2017_06_11_Instance_50451" type="identity">
            <class id="SO:0000318" label="start_codon"/>
            <span end="39554" id="15836427-6079" start="39542">start codons</span>
        </annotation>
        <annotation annotator="Mike Bada, University of Colorado School of Medicine" id="SO_2017_06_11_Instance_29191" type="identity">
            <class id="SO:0001026" label="genome"/>
            <span end="39636" id="15836427-5943" start="39629">genomic</span>
        </annotation>
        <annotation annotator="Mike Bada, University of Colorado School of Medicine" id="SO_2017_06_11_Instance_50453" type="identity">
            <class id="SO:0001023" label="allele"/>
            <span end="39668" id="15836427-6081" start="39662">allele</span>
        </annotation>
        <annotation annotator="Mike Bada, University of Colorado School of Medicine" id="SO_2017_06_11_Instance_40451" type="identity">
            <class id="SO:0000141" label="terminator"/>
            <span end="39744" id="15836427-5967" start="39715">transcriptional stop sequence</span>
        </annotation>
        <annotation annotator="Mike Bada, University of Colorado School of Medicine" id="SO_2017_06_11_Instance_29193" type="identity">
            <class id="SO:0005853" label="gene_cassette"/>
            <span end="39761" id="15836427-5945" start="39752">cassettes</span>
        </annotation>
        <annotation annotator="" id="SO_2017_06_11_Instance_225574" type="identity">
            <class id="SO:0001528" label="nuclear_localization_signal"/>
            <span end="39834" id="15836427-5893" start="39831">NLS</span>
        </annotation>
        <annotation annotator="" id="SO_2017_06_11_Instance_225576" type="identity">
            <class id="SO:0001528" label="nuclear_localization_signal"/>
            <span end="39861" id="15836427-5895" start="39858">NLS</span>
        </annotation>
        <annotation annotator="Mike Bada, University of Colorado School of Medicine" id="SO_2017_06_11_Instance_29195" type="identity">
            <class id="SO:0001026" label="genome"/>
            <span end="40393" id="15836427-5947" start="40386">genomic</span>
        </annotation>
        <annotation annotator="Mike Bada, University of Colorado School of Medicine" id="SO_2017_06_11_Instance_50457" type="identity">
            <class id="SO:0000147" label="exon"/>
            <span end="40406" id="15836427-6083" start="40401">Exons</span>
        </annotation>
        <annotation annotator="Mike Bada, University of Colorado School of Medicine" id="SO_2017_06_11_Instance_50459" type="identity">
            <class id="SO:0000147" label="exon"/>
            <span end="40468" id="15836427-6085" start="40464">exon</span>
        </annotation>
        <annotation annotator="Mike Bada, University of Colorado School of Medicine" id="SO_2017_06_11_Instance_50461" type="identity">
            <class id="SO:0000318" label="start_codon"/>
            <span end="40495" id="15836427-6087" start="40484">start codon</span>
        </annotation>
        <annotation annotator="Mike Bada, University of Colorado School of Medicine" id="SO_2017_06_11_Instance_50463" type="identity">
            <class id="SO:0000147" label="exon"/>
            <span end="40510" id="15836427-6089" start="40506">exon</span>
        </annotation>
        <annotation annotator="Mike Bada, University of Colorado School of Medicine" id="SO_2017_06_11_Instance_50465" type="identity">
            <class id="SO:0000319" label="stop_codon"/>
            <span end="40536" id="15836427-6091" start="40526">stop codon</span>
        </annotation>
        <annotation annotator="Mike Bada, University of Colorado School of Medicine" id="SO_2017_06_11_Instance_50469" type="identity">
            <class id="SO:0000243" label="internal_ribosome_entry_site"/>
            <span end="40694" id="15836427-6093" start="40690">IRES</span>
        </annotation>
        <annotation annotator="Mike Bada, University of Colorado School of Medicine" id="SO_2017_06_11_Instance_29199" type="identity">
            <class id="SO:0005853" label="gene_cassette"/>
            <span end="40707" id="15836427-5949" start="40699">cassette</span>
        </annotation>
        <annotation annotator="Mike Bada, University of Colorado School of Medicine" id="SO_2017_06_11_Instance_50471" type="identity">
            <class id="SO:0000319" label="stop_codon"/>
            <span end="40750" id="15836427-6095" start="40726">translational stop codon</span>
        </annotation>
        <annotation annotator="Mike Bada, University of Colorado School of Medicine" id="SO_2017_06_11_Instance_29201" type="identity">
            <class id="SO:0001026" label="genome"/>
            <span end="40884" id="15836427-5951" start="40877">genomic</span>
        </annotation>
        <annotation annotator="Mike Bada, University of Colorado School of Medicine" id="SO_2017_06_11_Instance_50477" type="identity">
            <class id="SO:0000704" label="gene"/>
            <span end="41194" id="15836427-6097" start="41190">Gene</span>
        </annotation>
        <annotation annotator="Mike Bada, University of Colorado School of Medicine" id="SO_2017_06_11_Instance_50481" type="identity">
            <class id="SO:0000704" label="gene"/>
            <span end="42173" id="15836427-6099" start="42169">gene</span>
        </annotation>
        <annotation annotator="Mike Bada, University of Colorado School of Medicine" id="SO_2017_06_11_Instance_29205" type="identity">
            <class id="SO:0001026" label="genome"/>
            <span end="43014" id="15836427-5953" start="43007">genomic</span>
        </annotation>
        <annotation annotator="Mike Bada, University of Colorado School of Medicine" id="SO_2017_06_11_Instance_40831" type="identity">
            <class id="SO:0000147" label="exon"/>
            <span end="43097" id="15836427-5971" start="43092">Exons</span>
        </annotation>
        <annotation annotator="Mike Bada, University of Colorado School of Medicine" id="SO_2017_06_11_Instance_50485" type="identity">
            <class id="SO:0000318" label="start_codon"/>
            <span end="43157" id="15836427-6101" start="43146">start codon</span>
        </annotation>
        <annotation annotator="Mike Bada, University of Colorado School of Medicine" id="SO_2017_06_11_Instance_50487" type="identity">
            <class id="SO:0000147" label="exon"/>
            <span end="43165" id="15836427-6103" start="43161">exon</span>
        </annotation>
        <annotation annotator="" id="SO_2017_06_11_Instance_171310" type="identity">
            <class id="SO:0001817" label="inframe"/>
            <span end="43348" id="15836427-5874" start="43340">in frame</span>
        </annotation>
        <annotation annotator="Mike Bada, University of Colorado School of Medicine" id="SO_2017_06_11_Instance_50491" type="identity">
            <class id="SO:0000318" label="start_codon"/>
            <span end="43380" id="15836427-6105" start="43369">start codon</span>
        </annotation>
        <annotation annotator="Mike Bada, University of Colorado School of Medicine" id="SO_2017_06_11_Instance_50493" type="identity">
            <class id="SO:0000147" label="exon"/>
            <span end="43406" id="15836427-6107" start="43402">exon</span>
        </annotation>
        <annotation annotator="Mike Bada, University of Colorado School of Medicine" id="SO_2017_06_11_Instance_29207" type="identity">
            <class id="SO:0001026" label="genome"/>
            <span end="43548" id="15836427-5955" start="43541">genomic</span>
        </annotation>
        <annotation annotator="Mike Bada, University of Colorado School of Medicine" id="SO_2017_06_11_Instance_50497" type="identity">
            <class id="SO:0001023" label="allele"/>
            <span end="43580" id="15836427-6109" start="43574">allele</span>
        </annotation>
        <annotation annotator="Mike Bada, University of Colorado School of Medicine" id="SO_2017_06_11_Instance_50499" type="identity">
            <class id="SO:0000112" label="primer"/>
            <span end="43592" id="15836427-6111" start="43586">primer</span>
        </annotation>
        <annotation annotator="Mike Bada, University of Colorado School of Medicine" id="SO_2017_06_11_Instance_50501" type="identity">
            <class id="SO:0001023" label="allele"/>
            <span end="43666" id="15836427-6113" start="43660">allele</span>
        </annotation>
        <annotation annotator="Mike Bada, University of Colorado School of Medicine" id="SO_2017_06_11_Instance_50503" type="identity">
            <class id="SO:0000112" label="primer"/>
            <span end="43680" id="15836427-6115" start="43674">primer</span>
        </annotation>
        <annotation annotator="Mike Bada, University of Colorado School of Medicine" id="SO_2017_06_11_Instance_50507" type="identity">
            <class id="SO:0001023" label="allele"/>
            <span end="43750" id="15836427-6117" start="43744">allele</span>
        </annotation>
        <annotation annotator="Mike Bada, University of Colorado School of Medicine" id="SO_2017_06_11_Instance_19345" type="identity">
            <class id="SO:0000994" label="consensus_region"/>
            <span end="44252" id="15836427-5880" start="44243">consensus</span>
            <span end="44274" id="15836427-5881" start="44269">sites</span>
        </annotation>
        <annotation annotator="Mike Bada, University of Colorado School of Medicine" id="SO_2017_06_11_Instance_50515" type="identity">
            <class id="SO:0001429" label="DNA_binding_site"/>
            <span end="44274" id="15836427-6119" start="44257">DNA-binding sites</span>
        </annotation>
        <annotation annotator="Mike Bada, University of Colorado School of Medicine" id="SO_2017_06_11_Instance_50517" type="identity">
            <class id="SO:0000167" label="promoter"/>
            <span end="44321" id="15836427-6121" start="44313">promoter</span>
        </annotation>
        <annotation annotator="Mike Bada, University of Colorado School of Medicine" id="SO_2017_06_11_Instance_50527" type="identity">
            <class id="SO:0000902" label="transgene"/>
            <span end="45949" id="15836427-6123" start="45940">transgene</span>
        </annotation>
        <annotation annotator="Mike Bada, University of Colorado School of Medicine" id="SO_2017_06_11_Instance_50541" type="identity">
            <class id="SO:0000704" label="gene"/>
            <span end="49534" id="15836427-6125" start="49530">Gene</span>
        </annotation>
        <annotation annotator="Mike Bada, University of Colorado School of Medicine" id="SO_2017_06_11_Instance_50545" type="identity">
            <class id="SO:0000704" label="gene"/>
            <span end="50565" id="15836427-6127" start="50561">Gene</span>
        </annotation>
        <annotation annotator="Mike Bada, University of Colorado School of Medicine" id="SO_2017_06_11_Instance_50547" type="identity">
            <class id="SO:0000704" label="gene"/>
            <span end="51800" id="15836427-6129" start="51796">gene</span>
        </annotation>
        <graph-space id="Old Knowtator Relations"/>
    </document>
</knowtator-project>
