<?xml version="1.0" encoding="UTF-8" standalone="no"?>
<knowtator-project>
    <document id="15921521" text-file="15921521.txt">
        <annotation annotator="Mike Bada, University of Colorado School of Medicine" id="SO_2017_06_11_Instance_34159" type="identity">
            <class id="SO:0000704" label="gene"/>
            <span end="17" id="15921521-6842" start="10">genetic</span>
        </annotation>
        <annotation annotator="Mike Bada, University of Colorado School of Medicine" id="SO_2017_06_11_Instance_33937" type="identity">
            <class id="SO:0000704" label="gene"/>
            <span end="260" id="15921521-6828" start="256">gene</span>
        </annotation>
        <annotation annotator="Mike Bada, University of Colorado School of Medicine" id="SO_2017_06_11_Instance_33943" type="identity">
            <class id="SO:0000704" label="gene"/>
            <span end="347" id="15921521-6830" start="342">genes</span>
        </annotation>
        <annotation annotator="Mike Bada, University of Colorado School of Medicine" id="SO_2017_06_11_Instance_35405" type="identity">
            <class id="SO:0000704" label="gene"/>
            <span end="603" id="15921521-6958" start="596">genetic</span>
        </annotation>
        <annotation annotator="Mike Bada, University of Colorado School of Medicine" id="SO_2017_06_11_Instance_33587" type="identity">
            <class id="SO:0000704" label="gene"/>
            <span end="932" id="15921521-6780" start="925">genetic</span>
        </annotation>
        <annotation annotator="Mike Bada, University of Colorado School of Medicine" id="SO_2017_06_11_Instance_33967" type="identity">
            <class id="SO:0000704" label="gene"/>
            <span end="1270" id="15921521-6838" start="1265">genes</span>
        </annotation>
        <annotation annotator="Mike Bada, University of Colorado School of Medicine" id="SO_2017_06_11_Instance_33963" type="identity">
            <class id="SO:0001026" label="genome"/>
            <span end="1615" id="15921521-6836" start="1609">genome</span>
        </annotation>
        <annotation annotator="Mike Bada, University of Colorado School of Medicine" id="SO_2017_06_11_Instance_33971" type="identity">
            <class id="SO:0001023" label="allele"/>
            <span end="1631" id="15921521-6840" start="1625">allele</span>
        </annotation>
        <annotation annotator="Mike Bada, University of Colorado School of Medicine" id="SO_2017_06_11_Instance_33953" type="identity">
            <class id="SO:0000704" label="gene"/>
            <span end="2064" id="15921521-6832" start="2059">genes</span>
        </annotation>
        <annotation annotator="Mike Bada, University of Colorado School of Medicine" id="SO_2017_06_11_Instance_33757" type="identity">
            <class id="SO:0000704" label="gene"/>
            <span end="2136" id="15921521-6784" start="2129">genetic</span>
        </annotation>
        <annotation annotator="Mike Bada, University of Colorado School of Medicine" id="SO_2017_06_11_Instance_33957" type="identity">
            <class id="SO:0000704" label="gene"/>
            <span end="2306" id="15921521-6834" start="2302">gene</span>
        </annotation>
        <annotation annotator="Mike Bada, University of Colorado School of Medicine" id="SO_2017_06_11_Instance_33863" type="identity">
            <class id="SO:0000704" label="gene"/>
            <span end="2930" id="15921521-6798" start="2925">genes</span>
        </annotation>
        <annotation annotator="Mike Bada, University of Colorado School of Medicine" id="SO_2017_06_11_Instance_33865" type="identity">
            <class id="SO:0000704" label="gene"/>
            <span end="4015" id="15921521-6800" start="4011">gene</span>
        </annotation>
        <annotation annotator="Mike Bada, University of Colorado School of Medicine" id="SO_2017_06_11_Instance_35515" type="identity">
            <class id="SO:0000704" label="gene"/>
            <span end="4081" id="15921521-6964" start="4074">genetic</span>
        </annotation>
        <annotation annotator="Mike Bada, University of Colorado School of Medicine" id="SO_2017_06_11_Instance_35503" type="identity">
            <class id="SO:0000704" label="gene"/>
            <span end="4141" id="15921521-6960" start="4130">genetically</span>
        </annotation>
        <annotation annotator="Mike Bada, University of Colorado School of Medicine" id="SO_2017_06_11_Instance_33859" type="identity">
            <class id="SO:0000704" label="gene"/>
            <span end="4189" id="15921521-6796" start="4184">genes</span>
        </annotation>
        <annotation annotator="Mike Bada, University of Colorado School of Medicine" id="SO_2017_06_11_Instance_35507" type="identity">
            <class id="SO:0000704" label="gene"/>
            <span end="4300" id="15921521-6962" start="4293">genetic</span>
        </annotation>
        <annotation annotator="Mike Bada, University of Colorado School of Medicine" id="SO_2017_06_11_Instance_33857" type="identity">
            <class id="SO:0001024" label="haplotype"/>
            <span end="4524" id="15921521-6794" start="4514">haplotypes</span>
        </annotation>
        <annotation annotator="Mike Bada, University of Colorado School of Medicine" id="SO_2017_06_11_Instance_33879" type="identity">
            <class id="SO:0005858" label="syntenic_region"/>
            <span end="4547" id="15921521-6808" start="4532">syntenic region</span>
        </annotation>
        <annotation annotator="Mike Bada, University of Colorado School of Medicine" id="SO_2017_06_11_Instance_33875" type="identity">
            <class id="SO:0001026" label="genome"/>
            <span end="5330" id="15921521-6804" start="5324">Genome</span>
        </annotation>
        <annotation annotator="Mike Bada, University of Colorado School of Medicine" id="SO_2017_06_11_Instance_33877" type="identity">
            <class id="SO:0001023" label="allele"/>
            <span end="5342" id="15921521-6806" start="5336">allele</span>
        </annotation>
        <annotation annotator="Mike Bada, University of Colorado School of Medicine" id="SO_2017_06_11_Instance_33873" type="identity">
            <class id="SO:0000704" label="gene"/>
            <span end="5489" id="15921521-6802" start="5484">genes</span>
        </annotation>
        <annotation annotator="Mike Bada, University of Colorado School of Medicine" id="SO_2017_06_11_Instance_35243" type="identity">
            <class id="SO:0000704" label="gene"/>
            <span end="6444" id="15921521-6944" start="6437">genetic</span>
        </annotation>
        <annotation annotator="Mike Bada, University of Colorado School of Medicine" id="SO_2017_06_11_Instance_35241" type="identity">
            <class id="SO:0000704" label="gene"/>
            <span end="7148" id="15921521-6942" start="7141">genetic</span>
        </annotation>
        <annotation annotator="Mike Bada, University of Colorado School of Medicine" id="SO_2017_06_11_Instance_33887" type="identity">
            <class id="SO:0000704" label="gene"/>
            <span end="7208" id="15921521-6814" start="7203">genes</span>
        </annotation>
        <annotation annotator="Mike Bada, University of Colorado School of Medicine" id="SO_2017_06_11_Instance_33885" type="identity">
            <class id="SO:0000704" label="gene"/>
            <span end="7265" id="15921521-6812" start="7261">gene</span>
        </annotation>
        <annotation annotator="Mike Bada, University of Colorado School of Medicine" id="SO_2017_06_11_Instance_33883" type="identity">
            <class id="SO:0000704" label="gene"/>
            <span end="7311" id="15921521-6810" start="7306">genes</span>
        </annotation>
        <annotation annotator="Mike Bada, University of Colorado School of Medicine" id="SO_2017_06_11_Instance_35239" type="identity">
            <class id="SO:0000704" label="gene"/>
            <span end="7374" id="15921521-6940" start="7367">genetic</span>
        </annotation>
        <annotation annotator="Mike Bada, University of Colorado School of Medicine" id="SO_2017_06_11_Instance_33911" type="identity">
            <class id="SO:0000704" label="gene"/>
            <span end="7679" id="15921521-6826" start="7675">gene</span>
        </annotation>
        <annotation annotator="Mike Bada, University of Colorado School of Medicine" id="SO_2017_06_11_Instance_33909" type="identity">
            <class id="SO:0000673" label="transcript"/>
            <span end="7909" id="15921521-6824" start="7899">transcript</span>
        </annotation>
        <annotation annotator="Mike Bada, University of Colorado School of Medicine" id="SO_2017_06_11_Instance_33907" type="identity">
            <class id="SO:0000704" label="gene"/>
            <span end="8094" id="15921521-6822" start="8090">gene</span>
        </annotation>
        <annotation annotator="Mike Bada, University of Colorado School of Medicine" id="SO_2017_06_11_Instance_33905" type="identity">
            <class id="SO:0000704" label="gene"/>
            <span end="8255" id="15921521-6820" start="8251">gene</span>
        </annotation>
        <annotation annotator="Mike Bada, University of Colorado School of Medicine" id="SO_2017_06_11_Instance_35279" type="identity">
            <class id="SO:0000704" label="gene"/>
            <span end="9805" id="15921521-6956" start="9798">genetic</span>
        </annotation>
        <annotation annotator="Mike Bada, University of Colorado School of Medicine" id="SO_2017_06_11_Instance_33901" type="identity">
            <class id="SO:0000704" label="gene"/>
            <span end="9837" id="15921521-6818" start="9833">gene</span>
        </annotation>
        <annotation annotator="Mike Bada, University of Colorado School of Medicine" id="SO_2017_06_11_Instance_33899" type="identity">
            <class id="SO:0000704" label="gene"/>
            <span end="9959" id="15921521-6816" start="9955">gene</span>
        </annotation>
        <annotation annotator="Mike Bada, University of Colorado School of Medicine" id="SO_2017_06_11_Instance_34677" type="identity">
            <class id="SO:0000112" label="primer"/>
            <span end="9976" id="15921521-6868" start="9969">primers</span>
        </annotation>
        <annotation annotator="Mike Bada, University of Colorado School of Medicine" id="SO_2017_06_11_Instance_34671" type="identity">
            <class id="SO:0000704" label="gene"/>
            <span end="10314" id="15921521-6866" start="10309">genes</span>
        </annotation>
        <annotation annotator="Mike Bada, University of Colorado School of Medicine" id="SO_2017_06_11_Instance_34665" type="identity">
            <class id="SO:0000704" label="gene"/>
            <span end="10501" id="15921521-6864" start="10497">gene</span>
        </annotation>
        <annotation annotator="Mike Bada, University of Colorado School of Medicine" id="SO_2017_06_11_Instance_34663" type="identity">
            <class id="SO:0000704" label="gene"/>
            <span end="10562" id="15921521-6862" start="10558">gene</span>
        </annotation>
        <annotation annotator="Mike Bada, University of Colorado School of Medicine" id="SO_2017_06_11_Instance_35275" type="identity">
            <class id="SO:0000704" label="gene"/>
            <span end="11255" id="15921521-6954" start="11248">genetic</span>
        </annotation>
        <annotation annotator="Mike Bada, University of Colorado School of Medicine" id="SO_2017_06_11_Instance_35271" type="identity">
            <class id="SO:0000704" label="gene"/>
            <span end="11582" id="15921521-6952" start="11575">genetic</span>
        </annotation>
        <annotation annotator="Mike Bada, University of Colorado School of Medicine" id="SO_2017_06_11_Instance_35267" type="identity">
            <class id="SO:0000704" label="gene"/>
            <span end="12523" id="15921521-6950" start="12516">genetic</span>
        </annotation>
        <annotation annotator="Mike Bada, University of Colorado School of Medicine" id="SO_2017_06_11_Instance_35263" type="identity">
            <class id="SO:0000704" label="gene"/>
            <span end="13496" id="15921521-6948" start="13489">genetic</span>
        </annotation>
        <annotation annotator="Mike Bada, University of Colorado School of Medicine" id="SO_2017_06_11_Instance_34687" type="identity">
            <class id="SO:0000704" label="gene"/>
            <span end="13695" id="15921521-6872" start="13691">gene</span>
        </annotation>
        <annotation annotator="Mike Bada, University of Colorado School of Medicine" id="SO_2017_06_11_Instance_34683" type="identity">
            <class id="SO:0000704" label="gene"/>
            <span end="13804" id="15921521-6870" start="13800">gene</span>
        </annotation>
        <annotation annotator="Mike Bada, University of Colorado School of Medicine" id="SO_2017_06_11_Instance_34645" type="identity">
            <class id="SO:0000704" label="gene"/>
            <span end="14411" id="15921521-6848" start="14407">gene</span>
        </annotation>
        <annotation annotator="Mike Bada, University of Colorado School of Medicine" id="SO_2017_06_11_Instance_35261" type="identity">
            <class id="SO:0000704" label="gene"/>
            <span end="16542" id="15921521-6946" start="16535">genetic</span>
        </annotation>
        <annotation annotator="Mike Bada, University of Colorado School of Medicine" id="SO_2017_06_11_Instance_34659" type="identity">
            <class id="SO:0001023" label="allele"/>
            <span end="17254" id="15921521-6860" start="17247">alleles</span>
        </annotation>
        <annotation annotator="Mike Bada, University of Colorado School of Medicine" id="SO_2017_06_11_Instance_35095" type="identity">
            <class id="SO:0000704" label="gene"/>
            <span end="17275" id="15921521-6936" start="17268">genetic</span>
        </annotation>
        <annotation annotator="Mike Bada, University of Colorado School of Medicine" id="SO_2017_06_11_Instance_34655" type="identity">
            <class id="SO:0001023" label="allele"/>
            <span end="17642" id="15921521-6856" start="17635">alleles</span>
        </annotation>
        <annotation annotator="Mike Bada, University of Colorado School of Medicine" id="SO_2017_06_11_Instance_34657" type="identity">
            <class id="SO:0001023" label="allele"/>
            <span end="17678" id="15921521-6858" start="17671">alleles</span>
        </annotation>
        <annotation annotator="Mike Bada, University of Colorado School of Medicine" id="SO_2017_06_11_Instance_34653" type="identity">
            <class id="SO:0000704" label="gene"/>
            <span end="17827" id="15921521-6854" start="17823">gene</span>
        </annotation>
        <annotation annotator="Mike Bada, University of Colorado School of Medicine" id="SO_2017_06_11_Instance_34647" type="identity">
            <class id="SO:0001023" label="allele"/>
            <span end="18285" id="15921521-6850" start="18278">alleles</span>
        </annotation>
        <annotation annotator="Mike Bada, University of Colorado School of Medicine" id="SO_2017_06_11_Instance_34649" type="identity">
            <class id="SO:0001023" label="allele"/>
            <span end="18332" id="15921521-6852" start="18325">alleles</span>
        </annotation>
        <annotation annotator="Mike Bada, University of Colorado School of Medicine" id="SO_2017_06_11_Instance_34735" type="identity">
            <class id="SO:0001023" label="allele"/>
            <span end="18389" id="15921521-6900" start="18382">alleles</span>
        </annotation>
        <annotation annotator="Mike Bada, University of Colorado School of Medicine" id="SO_2017_06_11_Instance_34733" type="identity">
            <class id="SO:0001026" label="genome"/>
            <span end="18408" id="15921521-6898" start="18402">Genome</span>
        </annotation>
        <annotation annotator="Mike Bada, University of Colorado School of Medicine" id="SO_2017_06_11_Instance_34739" type="identity">
            <class id="SO:0001023" label="allele"/>
            <span end="18518" id="15921521-6904" start="18511">alleles</span>
        </annotation>
        <annotation annotator="Mike Bada, University of Colorado School of Medicine" id="SO_2017_06_11_Instance_35125" type="identity">
            <class id="SO:0000704" label="gene"/>
            <span end="18547" id="15921521-6938" start="18540">genetic</span>
        </annotation>
        <annotation annotator="Mike Bada, University of Colorado School of Medicine" id="SO_2017_06_11_Instance_34737" type="identity">
            <class id="SO:0001023" label="allele"/>
            <span end="18700" id="15921521-6902" start="18693">alleles</span>
        </annotation>
        <annotation annotator="Mike Bada, University of Colorado School of Medicine" id="SO_2017_06_11_Instance_34727" type="identity">
            <class id="SO:0000704" label="gene"/>
            <span end="18944" id="15921521-6894" start="18939">genes</span>
        </annotation>
        <annotation annotator="Mike Bada, University of Colorado School of Medicine" id="SO_2017_06_11_Instance_34731" type="identity">
            <class id="SO:0000704" label="gene"/>
            <span end="19283" id="15921521-6896" start="19278">genes</span>
        </annotation>
        <annotation annotator="Mike Bada, University of Colorado School of Medicine" id="SO_2017_06_11_Instance_34749" type="identity">
            <class id="SO:0000704" label="gene"/>
            <span end="19479" id="15921521-6914" start="19475">gene</span>
        </annotation>
        <annotation annotator="Mike Bada, University of Colorado School of Medicine" id="SO_2017_06_11_Instance_34747" type="identity">
            <class id="SO:0001026" label="genome"/>
            <span end="19511" id="15921521-6912" start="19505">Genome</span>
        </annotation>
        <annotation annotator="Mike Bada, University of Colorado School of Medicine" id="SO_2017_06_11_Instance_34753" type="identity">
            <class id="SO:0000704" label="gene"/>
            <span end="19689" id="15921521-6916" start="19684">genes</span>
        </annotation>
        <annotation annotator="Mike Bada, University of Colorado School of Medicine" id="SO_2017_06_11_Instance_34741" type="identity">
            <class id="SO:0000704" label="gene"/>
            <span end="19921" id="15921521-6906" start="19916">genes</span>
        </annotation>
        <annotation annotator="Mike Bada, University of Colorado School of Medicine" id="SO_2017_06_11_Instance_34745" type="identity">
            <class id="SO:0000704" label="gene"/>
            <span end="20169" id="15921521-6910" start="20165">gene</span>
        </annotation>
        <annotation annotator="Mike Bada, University of Colorado School of Medicine" id="SO_2017_06_11_Instance_34743" type="identity">
            <class id="SO:0000704" label="gene"/>
            <span end="20294" id="15921521-6908" start="20289">genes</span>
        </annotation>
        <annotation annotator="Mike Bada, University of Colorado School of Medicine" id="SO_2017_06_11_Instance_34701" type="identity">
            <class id="SO:0000704" label="gene"/>
            <span end="21165" id="15921521-6880" start="21160">genes</span>
        </annotation>
        <annotation annotator="Mike Bada, University of Colorado School of Medicine" id="SO_2017_06_11_Instance_34703" type="identity">
            <class id="SO:0000771" label="QTL"/>
            <span end="21308" id="15921521-6882" start="21305">QTL</span>
        </annotation>
        <annotation annotator="Mike Bada, University of Colorado School of Medicine" id="SO_2017_06_11_Instance_34705" type="identity">
            <class id="SO:0000704" label="gene"/>
            <span end="21672" id="15921521-6884" start="21667">genes</span>
        </annotation>
        <annotation annotator="Mike Bada, University of Colorado School of Medicine" id="SO_2017_06_11_Instance_34695" type="identity">
            <class id="SO:0000704" label="gene"/>
            <span end="21869" id="15921521-6874" start="21864">genes</span>
        </annotation>
        <annotation annotator="Mike Bada, University of Colorado School of Medicine" id="SO_2017_06_11_Instance_34697" type="identity">
            <class id="SO:0000704" label="gene"/>
            <span end="21932" id="15921521-6876" start="21928">gene</span>
        </annotation>
        <annotation annotator="Mike Bada, University of Colorado School of Medicine" id="SO_2017_06_11_Instance_34699" type="identity">
            <class id="SO:0001023" label="allele"/>
            <span end="22957" id="15921521-6878" start="22950">alleles</span>
        </annotation>
        <annotation annotator="Mike Bada, University of Colorado School of Medicine" id="SO_2017_06_11_Instance_34717" type="identity">
            <class id="SO:0000704" label="gene"/>
            <span end="23209" id="15921521-6890" start="23204">genes</span>
        </annotation>
        <annotation annotator="Mike Bada, University of Colorado School of Medicine" id="SO_2017_06_11_Instance_34723" type="identity">
            <class id="SO:0000704" label="gene"/>
            <span end="23503" id="15921521-6892" start="23498">genes</span>
        </annotation>
        <annotation annotator="Mike Bada, University of Colorado School of Medicine" id="SO_2017_06_11_Instance_33803" type="identity">
            <class id="SO:0000704" label="gene"/>
            <span end="23627" id="15921521-6792" start="23620">genetic</span>
        </annotation>
        <annotation annotator="Mike Bada, University of Colorado School of Medicine" id="SO_2017_06_11_Instance_34711" type="identity">
            <class id="SO:0000704" label="gene"/>
            <span end="23981" id="15921521-6886" start="23977">gene</span>
        </annotation>
        <annotation annotator="Mike Bada, University of Colorado School of Medicine" id="SO_2017_06_11_Instance_34713" type="identity">
            <class id="SO:0001026" label="genome"/>
            <span end="24191" id="15921521-6888" start="24185">genome</span>
        </annotation>
        <annotation annotator="Mike Bada, University of Colorado School of Medicine" id="SO_2017_06_11_Instance_34789" type="identity">
            <class id="SO:0001023" label="allele"/>
            <span end="24344" id="15921521-6920" start="24337">alleles</span>
        </annotation>
        <annotation annotator="Mike Bada, University of Colorado School of Medicine" id="SO_2017_06_11_Instance_33745" type="identity">
            <class id="SO:0000704" label="gene"/>
            <span end="25179" id="15921521-6782" start="25172">Genetic</span>
        </annotation>
        <annotation annotator="Mike Bada, University of Colorado School of Medicine" id="SO_2017_06_11_Instance_34785" type="identity">
            <class id="SO:0001026" label="genome"/>
            <span end="25216" id="15921521-6918" start="25210">Genome</span>
        </annotation>
        <annotation annotator="Mike Bada, University of Colorado School of Medicine" id="SO_2017_06_11_Instance_34321" type="identity">
            <class id="SO:0000207" label="simple_sequence_length_variation"/>
            <span end="25466" id="15921521-6846" start="25431">simple sequence length polymorphism</span>
        </annotation>
        <annotation annotator="Mike Bada, University of Colorado School of Medicine" id="SO_2017_06_11_Instance_34171" type="identity">
            <class id="SO:0000207" label="simple_sequence_length_variation"/>
            <span end="25472" id="15921521-6844" start="25468">SSLP</span>
        </annotation>
        <annotation annotator="Mike Bada, University of Colorado School of Medicine" id="SO_2017_06_11_Instance_34795" type="identity">
            <class id="SO:0000112" label="primer"/>
            <span end="25508" id="15921521-6926" start="25501">primers</span>
        </annotation>
        <annotation annotator="Mike Bada, University of Colorado School of Medicine" id="SO_2017_06_11_Instance_34793" type="identity">
            <class id="SO:0001023" label="allele"/>
            <span end="25547" id="15921521-6924" start="25540">alleles</span>
        </annotation>
        <annotation annotator="Mike Bada, University of Colorado School of Medicine" id="SO_2017_06_11_Instance_34791" type="identity">
            <class id="SO:0000704" label="gene"/>
            <span end="25739" id="15921521-6922" start="25735">gene</span>
        </annotation>
        <annotation annotator="Mike Bada, University of Colorado School of Medicine" id="SO_2017_06_11_Instance_34803" type="identity">
            <class id="SO:0000704" label="gene"/>
            <span end="25917" id="15921521-6932" start="25912">genes</span>
        </annotation>
        <annotation annotator="Mike Bada, University of Colorado School of Medicine" id="SO_2017_06_11_Instance_34801" type="identity">
            <class id="SO:0000112" label="primer"/>
            <span end="25956" id="15921521-6930" start="25949">primers</span>
        </annotation>
        <annotation annotator="Mike Bada, University of Colorado School of Medicine" id="SO_2017_06_11_Instance_34797" type="identity">
            <class id="SO:0000704" label="gene"/>
            <span end="26040" id="15921521-6928" start="26036">gene</span>
        </annotation>
        <annotation annotator="Mike Bada, University of Colorado School of Medicine" id="SO_2017_06_11_Instance_33759" type="identity">
            <class id="SO:0000121" label="forward_primer"/>
            <span end="26177" id="15921521-6786" start="26170">forward</span>
            <span end="26267" id="15921521-6787" start="26260">primers</span>
        </annotation>
        <annotation annotator="Mike Bada, University of Colorado School of Medicine" id="SO_2017_06_11_Instance_33763" type="identity">
            <class id="SO:0000132" label="reverse_primer"/>
            <span end="26224" id="15921521-6789" start="26217">reverse</span>
            <span end="26267" id="15921521-6790" start="26260">primers</span>
        </annotation>
        <annotation annotator="Mike Bada, University of Colorado School of Medicine" id="SO_2017_06_11_Instance_34807" type="identity">
            <class id="SO:0000704" label="gene"/>
            <span end="26614" id="15921521-6934" start="26610">Gene</span>
        </annotation>
        <graph-space id="Old Knowtator Relations"/>
    </document>
</knowtator-project>
