<?xml version="1.0" encoding="UTF-8" standalone="no"?>
<knowtator-project>
  <document id="15938754" text-file="15938754.txt">
    <annotation annotator="Mike Bada, University of Colorado School of Medicine" id="SO_2017_06_11_Instance_34759" type="identity">
      <class id="SO:0001024" label="haplotype"/>
      <span end="10" id="15938754-7172" start="0">Haplotypes</span>
    </annotation>
    <annotation annotator="Mike Bada, University of Colorado School of Medicine" id="SO_2017_06_11_Instance_34755" type="identity">
      <class id="SO:0000771" label="QTL"/>
      <span end="765" id="15938754-7168" start="741">quantitative trait locus</span>
    </annotation>
    <annotation annotator="Mike Bada, University of Colorado School of Medicine" id="SO_2017_06_11_Instance_34757" type="identity">
      <class id="SO:0000771" label="QTL"/>
      <span end="770" id="15938754-7170" start="767">QTL</span>
    </annotation>
    <annotation annotator="Mike Bada, University of Colorado School of Medicine" id="SO_2017_06_11_Instance_34767" type="identity">
      <class id="SO:0000771" label="QTL"/>
      <span end="811" id="15938754-7178" start="808">QTL</span>
    </annotation>
    <annotation annotator="Mike Bada, University of Colorado School of Medicine" id="SO_2017_06_11_Instance_34763" type="identity">
      <class id="SO:0000704" label="gene"/>
      <span end="884" id="15938754-7174" start="879">genes</span>
    </annotation>
    <annotation annotator="Mike Bada, University of Colorado School of Medicine" id="SO_2017_06_11_Instance_34765" type="identity">
      <class id="SO:0000694" label="SNP"/>
      <span end="996" id="15938754-7176" start="965">single nucleotide polymorphisms</span>
    </annotation>
    <annotation annotator="Mike Bada, University of Colorado School of Medicine" id="SO_2017_06_11_Instance_34775" type="identity">
      <class id="SO:0000694" label="SNP"/>
      <span end="1002" id="15938754-7184" start="998">SNPs</span>
    </annotation>
    <annotation annotator="Mike Bada, University of Colorado School of Medicine" id="SO_2017_06_11_Instance_34777" type="identity">
      <class id="SO:0001023" label="allele"/>
      <span end="1239" id="15938754-7186" start="1232">alleles</span>
    </annotation>
    <annotation annotator="Mike Bada, University of Colorado School of Medicine" id="SO_2017_06_11_Instance_34771" type="identity">
      <class id="SO:0001023" label="allele"/>
      <span end="1301" id="15938754-7180" start="1294">alleles</span>
    </annotation>
    <annotation annotator="Mike Bada, University of Colorado School of Medicine" id="SO_2017_06_11_Instance_34773" type="identity">
      <class id="SO:0001023" label="allele"/>
      <span end="1369" id="15938754-7182" start="1362">alleles</span>
    </annotation>
    <annotation annotator="Mike Bada, University of Colorado School of Medicine" id="SO_2017_06_11_Instance_34781" type="identity">
      <class id="SO:0001024" label="haplotype"/>
      <span end="1429" id="15938754-7190" start="1420">haplotype</span>
    </annotation>
    <annotation annotator="Mike Bada, University of Colorado School of Medicine" id="SO_2017_06_11_Instance_34783" type="identity">
      <class id="SO:0000771" label="QTL"/>
      <span end="1560" id="15938754-7192" start="1557">QTL</span>
    </annotation>
    <annotation annotator="Mike Bada, University of Colorado School of Medicine" id="SO_2017_06_11_Instance_34779" type="identity">
      <class id="SO:0000195" label="coding_exon"/>
      <span end="1778" id="15938754-7188" start="1766">coding exons</span>
    </annotation>
    <annotation annotator="Mike Bada, University of Colorado School of Medicine" id="SO_2017_06_11_Instance_34847" type="identity">
      <class id="SO:0000704" label="gene"/>
      <span end="2561" id="15938754-7220" start="2556">genes</span>
    </annotation>
    <annotation annotator="Mike Bada, University of Colorado School of Medicine" id="SO_2017_06_11_Instance_34845" type="identity">
      <class id="SO:0001026" label="genome"/>
      <span end="2653" id="15938754-7218" start="2646">genomes</span>
    </annotation>
    <annotation annotator="Mike Bada, University of Colorado School of Medicine" id="SO_2017_06_11_Instance_34849" type="identity">
      <class id="SO:0000336" label="pseudogene"/>
      <span end="2885" id="15938754-7222" start="2874">pseudogenes</span>
    </annotation>
    <annotation annotator="Mike Bada, University of Colorado School of Medicine" id="SO_2017_06_11_Instance_34855" type="identity">
      <class id="SO:0000336" label="pseudogene"/>
      <span end="2939" id="15938754-7226" start="2928">pseudogenes</span>
    </annotation>
    <annotation annotator="Mike Bada, University of Colorado School of Medicine" id="SO_2017_06_11_Instance_19307" type="identity">
      <class id="SO:0000704" label="gene"/>
      <span end="3130" id="15938754-6968" start="3126">gene</span>
    </annotation>
    <annotation annotator="Mike Bada, University of Colorado School of Medicine" id="SO_2017_06_11_Instance_34521" type="identity">
      <class id="SO:0000771" label="QTL"/>
      <span end="3222" id="15938754-7098" start="3199">quantitative trait loci</span>
    </annotation>
    <annotation annotator="Mike Bada, University of Colorado School of Medicine" id="SO_2017_06_11_Instance_34853" type="identity">
      <class id="SO:0000771" label="QTL"/>
      <span end="3227" id="15938754-7224" start="3224">QTL</span>
    </annotation>
    <annotation annotator="Mike Bada, University of Colorado School of Medicine" id="SO_2017_06_11_Instance_34859" type="identity">
      <class id="SO:0000771" label="QTL"/>
      <span end="3456" id="15938754-7228" start="3453">QTL</span>
    </annotation>
    <annotation annotator="Mike Bada, University of Colorado School of Medicine" id="SO_2017_06_11_Instance_34863" type="identity">
      <class id="SO:0001026" label="genome"/>
      <span end="3597" id="15938754-7232" start="3591">genome</span>
    </annotation>
    <annotation annotator="Mike Bada, University of Colorado School of Medicine" id="SO_2017_06_11_Instance_34861" type="identity">
      <class id="SO:0000771" label="QTL"/>
      <span end="3893" id="15938754-7230" start="3890">QTL</span>
    </annotation>
    <annotation annotator="Mike Bada, University of Colorado School of Medicine" id="SO_2017_06_11_Instance_34867" type="identity">
      <class id="SO:0000771" label="QTL"/>
      <span end="3951" id="15938754-7236" start="3947">QTLs</span>
    </annotation>
    <annotation annotator="Mike Bada, University of Colorado School of Medicine" id="SO_2017_06_11_Instance_34865" type="identity">
      <class id="SO:0000771" label="QTL"/>
      <span end="4271" id="15938754-7234" start="4267">QTLs</span>
    </annotation>
    <annotation annotator="Mike Bada, University of Colorado School of Medicine" id="SO_2017_06_11_Instance_34869" type="identity">
      <class id="SO:0000771" label="QTL"/>
      <span end="5232" id="15938754-7238" start="5229">QTL</span>
    </annotation>
    <annotation annotator="Mike Bada, University of Colorado School of Medicine" id="SO_2017_06_11_Instance_34871" type="identity">
      <class id="SO:0000704" label="gene"/>
      <span end="5330" id="15938754-7240" start="5325">genes</span>
    </annotation>
    <annotation annotator="Mike Bada, University of Colorado School of Medicine" id="SO_2017_06_11_Instance_34815" type="identity">
      <class id="SO:0001023" label="allele"/>
      <span end="5399" id="15938754-7194" start="5393">allele</span>
    </annotation>
    <annotation annotator="Mike Bada, University of Colorado School of Medicine" id="SO_2017_06_11_Instance_34817" type="identity">
      <class id="SO:0000704" label="gene"/>
      <span end="5493" id="15938754-7196" start="5488">genes</span>
    </annotation>
    <annotation annotator="Mike Bada, University of Colorado School of Medicine" id="SO_2017_06_11_Instance_34819" type="identity">
      <class id="SO:0001024" label="haplotype"/>
      <span end="5587" id="15938754-7198" start="5578">haplotype</span>
    </annotation>
    <annotation annotator="Mike Bada, University of Colorado School of Medicine" id="SO_2017_06_11_Instance_34821" type="identity">
      <class id="SO:0000771" label="QTL"/>
      <span end="5685" id="15938754-7200" start="5682">QTL</span>
    </annotation>
    <annotation annotator="" id="SO_2017_06_11_Instance_225967" type="identity">
      <class id="SO:0000704" label="gene"/>
      <span end="8338" id="15938754-6974" start="8333">genic</span>
    </annotation>
    <annotation annotator="Mike Bada, University of Colorado School of Medicine" id="SO_2017_06_11_Instance_34823" type="identity">
      <class id="SO:0000771" label="QTL"/>
      <span end="8705" id="15938754-7202" start="8702">QTL</span>
    </annotation>
    <annotation annotator="Mike Bada, University of Colorado School of Medicine" id="SO_2017_06_11_Instance_34825" type="identity">
      <class id="SO:0000771" label="QTL"/>
      <span end="8807" id="15938754-7204" start="8803">QTLs</span>
    </annotation>
    <annotation annotator="Mike Bada, University of Colorado School of Medicine" id="SO_2017_06_11_Instance_34829" type="identity">
      <class id="SO:0001026" label="genome"/>
      <span end="8955" id="15938754-7206" start="8949">genome</span>
    </annotation>
    <annotation annotator="Mike Bada, University of Colorado School of Medicine" id="SO_2017_06_11_Instance_34831" type="identity">
      <class id="SO:0001026" label="genome"/>
      <span end="9028" id="15938754-7208" start="9022">genome</span>
    </annotation>
    <annotation annotator="Mike Bada, University of Colorado School of Medicine" id="SO_2017_06_11_Instance_34833" type="identity">
      <class id="SO:0000771" label="QTL"/>
      <span end="9047" id="15938754-7210" start="9044">QTL</span>
    </annotation>
    <annotation annotator="Mike Bada, University of Colorado School of Medicine" id="SO_2017_06_11_Instance_34837" type="identity">
      <class id="SO:0001026" label="genome"/>
      <span end="9153" id="15938754-7212" start="9147">genome</span>
    </annotation>
    <annotation annotator="Mike Bada, University of Colorado School of Medicine" id="SO_2017_06_11_Instance_34839" type="identity">
      <class id="SO:0000771" label="QTL"/>
      <span end="9172" id="15938754-7214" start="9169">QTL</span>
    </annotation>
    <annotation annotator="Mike Bada, University of Colorado School of Medicine" id="SO_2017_06_11_Instance_34843" type="identity">
      <class id="SO:0000771" label="QTL"/>
      <span end="9233" id="15938754-7216" start="9230">QTL</span>
    </annotation>
    <annotation annotator="Mike Bada, University of Colorado School of Medicine" id="SO_2017_06_11_Instance_34421" type="identity">
      <class id="SO:0001026" label="genome"/>
      <span end="9287" id="15938754-7038" start="9281">genome</span>
    </annotation>
    <annotation annotator="Mike Bada, University of Colorado School of Medicine" id="SO_2017_06_11_Instance_34423" type="identity">
      <class id="SO:0000771" label="QTL"/>
      <span end="9341" id="15938754-7040" start="9338">QTL</span>
    </annotation>
    <annotation annotator="Mike Bada, University of Colorado School of Medicine" id="SO_2017_06_11_Instance_34419" type="identity">
      <class id="SO:0000771" label="QTL"/>
      <span end="9446" id="15938754-7036" start="9443">QTL</span>
    </annotation>
    <annotation annotator="Mike Bada, University of Colorado School of Medicine" id="SO_2017_06_11_Instance_34415" type="identity">
      <class id="SO:0000771" label="QTL"/>
      <span end="9491" id="15938754-7034" start="9488">QTL</span>
    </annotation>
    <annotation annotator="Mike Bada, University of Colorado School of Medicine" id="SO_2017_06_11_Instance_34411" type="identity">
      <class id="SO:0000771" label="QTL"/>
      <span end="9595" id="15938754-7032" start="9592">QTL</span>
    </annotation>
    <annotation annotator="Mike Bada, University of Colorado School of Medicine" id="SO_2017_06_11_Instance_34405" type="identity">
      <class id="SO:0001026" label="genome"/>
      <span end="9654" id="15938754-7030" start="9648">genome</span>
    </annotation>
    <annotation annotator="Mike Bada, University of Colorado School of Medicine" id="SO_2017_06_11_Instance_34401" type="identity">
      <class id="SO:0000771" label="QTL"/>
      <span end="9695" id="15938754-7026" start="9692">QTL</span>
    </annotation>
    <annotation annotator="Mike Bada, University of Colorado School of Medicine" id="SO_2017_06_11_Instance_34403" type="identity">
      <class id="SO:0000771" label="QTL"/>
      <span end="9832" id="15938754-7028" start="9829">QTL</span>
    </annotation>
    <annotation annotator="Mike Bada, University of Colorado School of Medicine" id="SO_2017_06_11_Instance_34395" type="identity">
      <class id="SO:0000771" label="QTL"/>
      <span end="10416" id="15938754-7024" start="10413">QTL</span>
    </annotation>
    <annotation annotator="Mike Bada, University of Colorado School of Medicine" id="SO_2017_06_11_Instance_34391" type="identity">
      <class id="SO:0000771" label="QTL"/>
      <span end="10437" id="15938754-7022" start="10434">QTL</span>
    </annotation>
    <annotation annotator="Mike Bada, University of Colorado School of Medicine" id="SO_2017_06_11_Instance_34385" type="identity">
      <class id="SO:0001026" label="genome"/>
      <span end="10821" id="15938754-7020" start="10815">genome</span>
    </annotation>
    <annotation annotator="Mike Bada, University of Colorado School of Medicine" id="SO_2017_06_11_Instance_34381" type="identity">
      <class id="SO:0000771" label="QTL"/>
      <span end="10893" id="15938754-7018" start="10890">QTL</span>
    </annotation>
    <annotation annotator="Mike Bada, University of Colorado School of Medicine" id="SO_2017_06_11_Instance_34377" type="identity">
      <class id="SO:0000704" label="gene"/>
      <span end="10970" id="15938754-7016" start="10965">genes</span>
    </annotation>
    <annotation annotator="Mike Bada, University of Colorado School of Medicine" id="SO_2017_06_11_Instance_34375" type="identity">
      <class id="SO:0000704" label="gene"/>
      <span end="11131" id="15938754-7014" start="11126">genes</span>
    </annotation>
    <annotation annotator="Mike Bada, University of Colorado School of Medicine" id="SO_2017_06_11_Instance_34373" type="identity">
      <class id="SO:0000771" label="QTL"/>
      <span end="11549" id="15938754-7012" start="11546">QTL</span>
    </annotation>
    <annotation annotator="Mike Bada, University of Colorado School of Medicine" id="SO_2017_06_11_Instance_34371" type="identity">
      <class id="SO:0000771" label="QTL"/>
      <span end="11574" id="15938754-7010" start="11571">QTL</span>
    </annotation>
    <annotation annotator="Mike Bada, University of Colorado School of Medicine" id="SO_2017_06_11_Instance_34365" type="identity">
      <class id="SO:0001026" label="genome"/>
      <span end="11833" id="15938754-7008" start="11827">genome</span>
    </annotation>
    <annotation annotator="Mike Bada, University of Colorado School of Medicine" id="SO_2017_06_11_Instance_34363" type="identity">
      <class id="SO:0000771" label="QTL"/>
      <span end="11869" id="15938754-7006" start="11866">QTL</span>
    </annotation>
    <annotation annotator="Mike Bada, University of Colorado School of Medicine" id="SO_2017_06_11_Instance_34361" type="identity">
      <class id="SO:0001026" label="genome"/>
      <span end="12135" id="15938754-7004" start="12129">genome</span>
    </annotation>
    <annotation annotator="Mike Bada, University of Colorado School of Medicine" id="SO_2017_06_11_Instance_34479" type="identity">
      <class id="SO:0000704" label="gene"/>
      <span end="12278" id="15938754-7072" start="12273">genes</span>
    </annotation>
    <annotation annotator="Mike Bada, University of Colorado School of Medicine" id="SO_2017_06_11_Instance_34483" type="identity">
      <class id="SO:0000704" label="gene"/>
      <span end="12423" id="15938754-7074" start="12418">genes</span>
    </annotation>
    <annotation annotator="Mike Bada, University of Colorado School of Medicine" id="SO_2017_06_11_Instance_34475" type="identity">
      <class id="SO:0001026" label="genome"/>
      <span end="12583" id="15938754-7070" start="12577">genome</span>
    </annotation>
    <annotation annotator="Mike Bada, University of Colorado School of Medicine" id="SO_2017_06_11_Instance_34463" type="identity">
      <class id="SO:0001023" label="allele"/>
      <span end="12597" id="15938754-7064" start="12590">alleles</span>
    </annotation>
    <annotation annotator="Mike Bada, University of Colorado School of Medicine" id="SO_2017_06_11_Instance_34467" type="identity">
      <class id="SO:0000771" label="QTL"/>
      <span end="12675" id="15938754-7066" start="12672">QTL</span>
    </annotation>
    <annotation annotator="Mike Bada, University of Colorado School of Medicine" id="SO_2017_06_11_Instance_34469" type="identity">
      <class id="SO:0000704" label="gene"/>
      <span end="12724" id="15938754-7068" start="12719">genes</span>
    </annotation>
    <annotation annotator="Mike Bada, University of Colorado School of Medicine" id="SO_2017_06_11_Instance_34451" type="identity">
      <class id="SO:0001023" label="allele"/>
      <span end="12794" id="15938754-7056" start="12788">allele</span>
    </annotation>
    <annotation annotator="Mike Bada, University of Colorado School of Medicine" id="SO_2017_06_11_Instance_34453" type="identity">
      <class id="SO:0000336" label="pseudogene"/>
      <span end="12810" id="15938754-7058" start="12800">pseudogene</span>
    </annotation>
    <annotation annotator="Mike Bada, University of Colorado School of Medicine" id="SO_2017_06_11_Instance_34457" type="identity">
      <class id="SO:0000195" label="coding_exon"/>
      <span end="12936" id="15938754-7060" start="12925">coding exon</span>
    </annotation>
    <annotation annotator="Mike Bada, University of Colorado School of Medicine" id="SO_2017_06_11_Instance_34461" type="identity">
      <class id="SO:0001023" label="allele"/>
      <span end="12957" id="15938754-7062" start="12951">allele</span>
    </annotation>
    <annotation annotator="Mike Bada, University of Colorado School of Medicine" id="SO_2017_06_11_Instance_34447" type="identity">
      <class id="SO:0005836" label="regulatory_region"/>
      <span end="13109" id="15938754-7052" start="13091">regulatory regions</span>
    </annotation>
    <annotation annotator="Mike Bada, University of Colorado School of Medicine" id="SO_2017_06_11_Instance_34449" type="identity">
      <class id="SO:0001023" label="allele"/>
      <span end="13130" id="15938754-7054" start="13124">allele</span>
    </annotation>
    <annotation annotator="Mike Bada, University of Colorado School of Medicine" id="SO_2017_06_11_Instance_34439" type="identity">
      <class id="SO:0000336" label="pseudogene"/>
      <span end="13486" id="15938754-7050" start="13475">pseudogenes</span>
    </annotation>
    <annotation annotator="" id="SO_2017_06_11_Instance_224409" type="identity">
      <class id="SO:0000357" label="flanked"/>
      <span end="13631" id="15938754-6970" start="13623">flanking</span>
    </annotation>
    <annotation annotator="Mike Bada, University of Colorado School of Medicine" id="SO_2017_06_11_Instance_33649" type="identity">
      <class id="SO:0001026" label="genome"/>
      <span end="13773" id="15938754-6988" start="13766">genomic</span>
    </annotation>
    <annotation annotator="Mike Bada, University of Colorado School of Medicine" id="SO_2017_06_11_Instance_34427" type="identity">
      <class id="SO:0000006" label="PCR_product"/>
      <span end="13791" id="15938754-7044" start="13779">PCR products</span>
    </annotation>
    <annotation annotator="Mike Bada, University of Colorado School of Medicine" id="SO_2017_06_11_Instance_34425" type="identity">
      <class id="SO:0000440" label="vector_replicon"/>
      <span end="13827" id="15938754-7042" start="13820">vectors</span>
    </annotation>
    <annotation annotator="Mike Bada, University of Colorado School of Medicine" id="SO_2017_06_11_Instance_34431" type="identity">
      <class id="SO:0000855" label="orthologous_region"/>
      <span end="13896" id="15938754-7048" start="13885">orthologues</span>
    </annotation>
    <annotation annotator="Mike Bada, University of Colorado School of Medicine" id="SO_2017_06_11_Instance_34429" type="identity">
      <class id="SO:0001023" label="allele"/>
      <span end="13952" id="15938754-7046" start="13945">alleles</span>
    </annotation>
    <annotation annotator="Mike Bada, University of Colorado School of Medicine" id="SO_2017_06_11_Instance_33647" type="identity">
      <class id="SO:0001026" label="genome"/>
      <span end="14115" id="15938754-6986" start="14108">genomic</span>
    </annotation>
    <annotation annotator="Mike Bada, University of Colorado School of Medicine" id="SO_2017_06_11_Instance_34543" type="identity">
      <class id="SO:0001023" label="allele"/>
      <span end="14262" id="15938754-7112" start="14255">alleles</span>
    </annotation>
    <annotation annotator="Mike Bada, University of Colorado School of Medicine" id="SO_2017_06_11_Instance_34555" type="identity">
      <class id="SO:0000704" label="gene"/>
      <span end="14412" id="15938754-7118" start="14407">genes</span>
    </annotation>
    <annotation annotator="Mike Bada, University of Colorado School of Medicine" id="SO_2017_06_11_Instance_34557" type="identity">
      <class id="SO:0000336" label="pseudogene"/>
      <span end="14431" id="15938754-7120" start="14420">pseudogenes</span>
    </annotation>
    <annotation annotator="Mike Bada, University of Colorado School of Medicine" id="SO_2017_06_11_Instance_34551" type="identity">
      <class id="SO:0001023" label="allele"/>
      <span end="14566" id="15938754-7114" start="14559">alleles</span>
    </annotation>
    <annotation annotator="Mike Bada, University of Colorado School of Medicine" id="SO_2017_06_11_Instance_34553" type="identity">
      <class id="SO:0000694" label="SNP"/>
      <span end="14625" id="15938754-7116" start="14594">single nucleotide polymorphisms</span>
    </annotation>
    <annotation annotator="Mike Bada, University of Colorado School of Medicine" id="SO_2017_06_11_Instance_34531" type="identity">
      <class id="SO:0000195" label="coding_exon"/>
      <span end="14657" id="15938754-7106" start="14645">coding exons</span>
    </annotation>
    <annotation annotator="Mike Bada, University of Colorado School of Medicine" id="SO_2017_06_11_Instance_33625" type="identity">
      <class id="SO:0001023" label="allele"/>
      <span end="14902" id="15938754-6980" start="14895">Allelic</span>
    </annotation>
    <annotation annotator="Mike Bada, University of Colorado School of Medicine" id="SO_2017_06_11_Instance_34529" type="identity">
      <class id="SO:0001023" label="allele"/>
      <span end="14962" id="15938754-7104" start="14955">alleles</span>
    </annotation>
    <annotation annotator="Mike Bada, University of Colorado School of Medicine" id="SO_2017_06_11_Instance_34539" type="identity">
      <class id="SO:0000006" label="PCR_product"/>
      <span end="15065" id="15938754-7108" start="15053">PCR products</span>
    </annotation>
    <annotation annotator="Mike Bada, University of Colorado School of Medicine" id="SO_2017_06_11_Instance_34541" type="identity">
      <class id="SO:0000006" label="PCR_product"/>
      <span end="15146" id="15938754-7110" start="15135">PCR product</span>
    </annotation>
    <annotation annotator="Mike Bada, University of Colorado School of Medicine" id="SO_2017_06_11_Instance_34511" type="identity">
      <class id="SO:0000858" label="orthologous"/>
      <span end="15431" id="15938754-7092" start="15420">orthologous</span>
    </annotation>
    <annotation annotator="Mike Bada, University of Colorado School of Medicine" id="SO_2017_06_11_Instance_34509" type="identity">
      <class id="SO:0000771" label="QTL"/>
      <span end="15561" id="15938754-7090" start="15558">QTL</span>
    </annotation>
    <annotation annotator="Mike Bada, University of Colorado School of Medicine" id="SO_2017_06_11_Instance_34505" type="identity">
      <class id="SO:0001023" label="allele"/>
      <span end="15596" id="15938754-7088" start="15589">alleles</span>
    </annotation>
    <annotation annotator="Mike Bada, University of Colorado School of Medicine" id="SO_2017_06_11_Instance_33629" type="identity">
      <class id="SO:0001026" label="genome"/>
      <span end="15682" id="15938754-6982" start="15675">genomic</span>
    </annotation>
    <annotation annotator="Mike Bada, University of Colorado School of Medicine" id="SO_2017_06_11_Instance_34503" type="identity">
      <class id="SO:0001023" label="allele"/>
      <span end="15792" id="15938754-7086" start="15785">alleles</span>
    </annotation>
    <annotation annotator="Mike Bada, University of Colorado School of Medicine" id="SO_2017_06_11_Instance_34525" type="identity">
      <class id="SO:0000006" label="PCR_product"/>
      <span end="15971" id="15938754-7102" start="15960">PCR product</span>
    </annotation>
    <annotation annotator="Mike Bada, University of Colorado School of Medicine" id="SO_2017_06_11_Instance_34523" type="identity">
      <class id="SO:0001023" label="allele"/>
      <span end="16008" id="15938754-7100" start="16002">allele</span>
    </annotation>
    <annotation annotator="Mike Bada, University of Colorado School of Medicine" id="SO_2017_06_11_Instance_34519" type="identity">
      <class id="SO:0000704" label="gene"/>
      <span end="16040" id="15938754-7096" start="16035">genes</span>
    </annotation>
    <annotation annotator="Mike Bada, University of Colorado School of Medicine" id="SO_2017_06_11_Instance_34515" type="identity">
      <class id="SO:0000006" label="PCR_product"/>
      <span end="16219" id="15938754-7094" start="16208">PCR product</span>
    </annotation>
    <annotation annotator="Mike Bada, University of Colorado School of Medicine" id="SO_2017_06_11_Instance_34489" type="identity">
      <class id="SO:0000704" label="gene"/>
      <span end="16267" id="15938754-7076" start="16263">gene</span>
    </annotation>
    <annotation annotator="Mike Bada, University of Colorado School of Medicine" id="SO_2017_06_11_Instance_34499" type="identity">
      <class id="SO:0000704" label="gene"/>
      <span end="16601" id="15938754-7084" start="16597">gene</span>
    </annotation>
    <annotation annotator="Mike Bada, University of Colorado School of Medicine" id="SO_2017_06_11_Instance_34497" type="identity">
      <class id="SO:0001024" label="haplotype"/>
      <span end="16728" id="15938754-7082" start="16719">haplotype</span>
    </annotation>
    <annotation annotator="Mike Bada, University of Colorado School of Medicine" id="SO_2017_06_11_Instance_34495" type="identity">
      <class id="SO:0001024" label="haplotype"/>
      <span end="16816" id="15938754-7080" start="16807">haplotype</span>
    </annotation>
    <annotation annotator="Mike Bada, University of Colorado School of Medicine" id="SO_2017_06_11_Instance_34493" type="identity">
      <class id="SO:0000195" label="coding_exon"/>
      <span end="16851" id="15938754-7078" start="16840">coding exon</span>
    </annotation>
    <annotation annotator="Mike Bada, University of Colorado School of Medicine" id="SO_2017_06_11_Instance_33639" type="identity">
      <class id="SO:0001026" label="genome"/>
      <span end="16929" id="15938754-6984" start="16922">genomic</span>
    </annotation>
    <annotation annotator="Mike Bada, University of Colorado School of Medicine" id="SO_2017_06_11_Instance_34617" type="identity">
      <class id="SO:0001023" label="allele"/>
      <span end="17055" id="15938754-7156" start="17049">allele</span>
    </annotation>
    <annotation annotator="Mike Bada, University of Colorado School of Medicine" id="SO_2017_06_11_Instance_34619" type="identity">
      <class id="SO:0001023" label="allele"/>
      <span end="17073" id="15938754-7158" start="17067">allele</span>
    </annotation>
    <annotation annotator="Mike Bada, University of Colorado School of Medicine" id="SO_2017_06_11_Instance_34623" type="identity">
      <class id="SO:0001024" label="haplotype"/>
      <span end="17330" id="15938754-7160" start="17321">haplotype</span>
    </annotation>
    <annotation annotator="Mike Bada, University of Colorado School of Medicine" id="SO_2017_06_11_Instance_34625" type="identity">
      <class id="SO:0001024" label="haplotype"/>
      <span end="17344" id="15938754-7162" start="17335">haplotype</span>
    </annotation>
    <annotation annotator="Mike Bada, University of Colorado School of Medicine" id="SO_2017_06_11_Instance_34627" type="identity">
      <class id="SO:0001024" label="haplotype"/>
      <span end="17365" id="15938754-7164" start="17356">haplotype</span>
    </annotation>
    <annotation annotator="Mike Bada, University of Colorado School of Medicine" id="SO_2017_06_11_Instance_34629" type="identity">
      <class id="SO:0001024" label="haplotype"/>
      <span end="17570" id="15938754-7166" start="17561">haplotype</span>
    </annotation>
    <annotation annotator="Mike Bada, University of Colorado School of Medicine" id="SO_2017_06_11_Instance_34599" type="identity">
      <class id="SO:0001024" label="haplotype"/>
      <span end="17672" id="15938754-7144" start="17663">haplotype</span>
    </annotation>
    <annotation annotator="Mike Bada, University of Colorado School of Medicine" id="SO_2017_06_11_Instance_34601" type="identity">
      <class id="SO:0000771" label="QTL"/>
      <span end="18210" id="15938754-7146" start="18207">QTL</span>
    </annotation>
    <annotation annotator="Mike Bada, University of Colorado School of Medicine" id="SO_2017_06_11_Instance_34605" type="identity">
      <class id="SO:0000771" label="QTL"/>
      <span end="18327" id="15938754-7148" start="18324">QTL</span>
    </annotation>
    <annotation annotator="Mike Bada, University of Colorado School of Medicine" id="SO_2017_06_11_Instance_34607" type="identity">
      <class id="SO:0000771" label="QTL"/>
      <span end="18396" id="15938754-7150" start="18393">QTL</span>
    </annotation>
    <annotation annotator="Mike Bada, University of Colorado School of Medicine" id="SO_2017_06_11_Instance_34609" type="identity">
      <class id="SO:0000771" label="QTL"/>
      <span end="18744" id="15938754-7152" start="18741">QTL</span>
    </annotation>
    <annotation annotator="Mike Bada, University of Colorado School of Medicine" id="SO_2017_06_11_Instance_34613" type="identity">
      <class id="SO:0000704" label="gene"/>
      <span end="18815" id="15938754-7154" start="18810">genes</span>
    </annotation>
    <annotation annotator="Mike Bada, University of Colorado School of Medicine" id="SO_2017_06_11_Instance_34583" type="identity">
      <class id="SO:0000704" label="gene"/>
      <span end="18840" id="15938754-7138" start="18835">genes</span>
    </annotation>
    <annotation annotator="Mike Bada, University of Colorado School of Medicine" id="SO_2017_06_11_Instance_34579" type="identity">
      <class id="SO:0000704" label="gene"/>
      <span end="18891" id="15938754-7136" start="18886">genes</span>
    </annotation>
    <annotation annotator="Mike Bada, University of Colorado School of Medicine" id="SO_2017_06_11_Instance_34591" type="identity">
      <class id="SO:0000704" label="gene"/>
      <span end="19095" id="15938754-7140" start="19088">gene(s)</span>
    </annotation>
    <annotation annotator="Mike Bada, University of Colorado School of Medicine" id="SO_2017_06_11_Instance_33719" type="identity">
      <class id="SO:0000704" label="gene"/>
      <span end="19164" id="15938754-6996" start="19157">genetic</span>
    </annotation>
    <annotation annotator="" id="SO_2017_06_11_Instance_225969" type="identity">
      <class id="SO:0000704" label="gene"/>
      <span end="20049" id="15938754-6976" start="20044">genic</span>
    </annotation>
    <annotation annotator="Mike Bada, University of Colorado School of Medicine" id="SO_2017_06_11_Instance_34597" type="identity">
      <class id="SO:0000771" label="QTL"/>
      <span end="20105" id="15938754-7142" start="20102">QTL</span>
    </annotation>
    <annotation annotator="Mike Bada, University of Colorado School of Medicine" id="SO_2017_06_11_Instance_34563" type="identity">
      <class id="SO:0000704" label="gene"/>
      <span end="20154" id="15938754-7124" start="20149">genes</span>
    </annotation>
    <annotation annotator="Mike Bada, University of Colorado School of Medicine" id="SO_2017_06_11_Instance_34559" type="identity">
      <class id="SO:0000704" label="gene"/>
      <span end="20190" id="15938754-7122" start="20185">genes</span>
    </annotation>
    <annotation annotator="Mike Bada, University of Colorado School of Medicine" id="SO_2017_06_11_Instance_34567" type="identity">
      <class id="SO:0000771" label="QTL"/>
      <span end="20348" id="15938754-7126" start="20345">QTL</span>
    </annotation>
    <annotation annotator="Mike Bada, University of Colorado School of Medicine" id="SO_2017_06_11_Instance_34573" type="identity">
      <class id="SO:0000771" label="QTL"/>
      <span end="20743" id="15938754-7130" start="20740">QTL</span>
    </annotation>
    <annotation annotator="Mike Bada, University of Colorado School of Medicine" id="SO_2017_06_11_Instance_33729" type="identity">
      <class id="SO:0000704" label="gene"/>
      <span end="21117" id="15938754-6998" start="21110">genetic</span>
    </annotation>
    <annotation annotator="Mike Bada, University of Colorado School of Medicine" id="SO_2017_06_11_Instance_34571" type="identity">
      <class id="SO:0000704" label="gene"/>
      <span end="21171" id="15938754-7128" start="21166">genes</span>
    </annotation>
    <annotation annotator="Mike Bada, University of Colorado School of Medicine" id="SO_2017_06_11_Instance_34577" type="identity">
      <class id="SO:0000704" label="gene"/>
      <span end="21223" id="15938754-7134" start="21219">gene</span>
    </annotation>
    <annotation annotator="Mike Bada, University of Colorado School of Medicine" id="SO_2017_06_11_Instance_34575" type="identity">
      <class id="SO:0000704" label="gene"/>
      <span end="21502" id="15938754-7132" start="21497">genes</span>
    </annotation>
    <annotation annotator="Mike Bada, University of Colorado School of Medicine" id="SO_2017_06_11_Instance_35303" type="identity">
      <class id="SO:0000854" label="paralogous_region"/>
      <span end="21578" id="15938754-7246" start="21568">paralogues</span>
    </annotation>
    <annotation annotator="Mike Bada, University of Colorado School of Medicine" id="SO_2017_06_11_Instance_33743" type="identity">
      <class id="SO:0000704" label="gene"/>
      <span end="21616" id="15938754-7002" start="21609">genetic</span>
    </annotation>
    <annotation annotator="Mike Bada, University of Colorado School of Medicine" id="SO_2017_06_11_Instance_35301" type="identity">
      <class id="SO:0000704" label="gene"/>
      <span end="21668" id="15938754-7244" start="21663">genes</span>
    </annotation>
    <annotation annotator="Mike Bada, University of Colorado School of Medicine" id="SO_2017_06_11_Instance_35311" type="identity">
      <class id="SO:0000771" label="QTL"/>
      <span end="21785" id="15938754-7248" start="21782">QTL</span>
    </annotation>
    <annotation annotator="Mike Bada, University of Colorado School of Medicine" id="SO_2017_06_11_Instance_35289" type="identity">
      <class id="SO:0000771" label="QTL"/>
      <span end="21877" id="15938754-7242" start="21874">QTL</span>
    </annotation>
    <annotation annotator="Mike Bada, University of Colorado School of Medicine" id="SO_2017_06_11_Instance_33735" type="identity">
      <class id="SO:0000417" label="polypeptide_domain"/>
      <span end="22361" id="15938754-7000" start="22354">domains</span>
    </annotation>
    <annotation annotator="" id="SO_2017_06_11_Instance_92026" type="identity">
      <class id="SO:0001816" label="non_synonymous"/>
      <span end="22939" id="15938754-7300" start="22926">nonsynonymous</span>
    </annotation>
    <annotation annotator="Mike Bada, University of Colorado School of Medicine" id="SO_2017_06_11_Instance_35333" type="identity">
      <class id="SO:0000855" label="orthologous_region"/>
      <span end="22973" id="15938754-7254" start="22962">orthologues</span>
    </annotation>
    <annotation annotator="Mike Bada, University of Colorado School of Medicine" id="SO_2017_06_11_Instance_35341" type="identity">
      <class id="SO:0001024" label="haplotype"/>
      <span end="23437" id="15938754-7256" start="23427">haplotypes</span>
    </annotation>
    <annotation annotator="" id="SO_2017_06_11_Instance_225971" type="identity">
      <class id="SO:0000704" label="gene"/>
      <span end="23796" id="15938754-6978" start="23791">genic</span>
    </annotation>
    <annotation annotator="Mike Bada, University of Colorado School of Medicine" id="SO_2017_06_11_Instance_35317" type="identity">
      <class id="SO:0000704" label="gene"/>
      <span end="23938" id="15938754-7250" start="23933">genes</span>
    </annotation>
    <annotation annotator="Mike Bada, University of Colorado School of Medicine" id="SO_2017_06_11_Instance_35325" type="identity">
      <class id="SO:0001024" label="haplotype"/>
      <span end="24062" id="15938754-7252" start="24053">haplotype</span>
    </annotation>
    <annotation annotator="Mike Bada, University of Colorado School of Medicine" id="SO_2017_06_11_Instance_35367" type="identity">
      <class id="SO:0000771" label="QTL"/>
      <span end="27879" id="15938754-7264" start="27876">QTL</span>
    </annotation>
    <annotation annotator="Mike Bada, University of Colorado School of Medicine" id="SO_2017_06_11_Instance_35351" type="identity">
      <class id="SO:0000771" label="QTL"/>
      <span end="28268" id="15938754-7258" start="28244">quantitative trait locus</span>
    </annotation>
    <annotation annotator="Mike Bada, University of Colorado School of Medicine" id="SO_2017_06_11_Instance_35355" type="identity">
      <class id="SO:0000771" label="QTL"/>
      <span end="28273" id="15938754-7260" start="28270">QTL</span>
    </annotation>
    <annotation annotator="Mike Bada, University of Colorado School of Medicine" id="SO_2017_06_11_Instance_35357" type="identity">
      <class id="SO:0001026" label="genome"/>
      <span end="28514" id="15938754-7262" start="28508">genome</span>
    </annotation>
    <annotation annotator="Mike Bada, University of Colorado School of Medicine" id="SO_2017_06_11_Instance_35389" type="identity">
      <class id="SO:0000771" label="QTL"/>
      <span end="28667" id="15938754-7270" start="28664">QTL</span>
    </annotation>
    <annotation annotator="Mike Bada, University of Colorado School of Medicine" id="SO_2017_06_11_Instance_35399" type="identity">
      <class id="SO:0001023" label="allele"/>
      <span end="28806" id="15938754-7272" start="28799">alleles</span>
    </annotation>
    <annotation annotator="Mike Bada, University of Colorado School of Medicine" id="SO_2017_06_11_Instance_35383" type="identity">
      <class id="SO:0001026" label="genome"/>
      <span end="28911" id="15938754-7266" start="28905">genome</span>
    </annotation>
    <annotation annotator="" id="SO_2017_06_11_Instance_224411" type="identity">
      <class id="SO:0000357" label="flanked"/>
      <span end="28958" id="15938754-6972" start="28950">flanking</span>
    </annotation>
    <annotation annotator="Mike Bada, University of Colorado School of Medicine" id="SO_2017_06_11_Instance_35387" type="identity">
      <class id="SO:0000147" label="exon"/>
      <span end="28987" id="15938754-7268" start="28983">exon</span>
    </annotation>
    <annotation annotator="Mike Bada, University of Colorado School of Medicine" id="SO_2017_06_11_Instance_33697" type="identity">
      <class id="SO:0001026" label="genome"/>
      <span end="29033" id="15938754-6994" start="29026">genomic</span>
    </annotation>
    <annotation annotator="Mike Bada, University of Colorado School of Medicine" id="SO_2017_06_11_Instance_35431" type="identity">
      <class id="SO:0000006" label="PCR_product"/>
      <span end="29218" id="15938754-7286" start="29206">PCR products</span>
    </annotation>
    <annotation annotator="Mike Bada, University of Colorado School of Medicine" id="SO_2017_06_11_Instance_33691" type="identity">
      <class id="SO:0000061" label="restriction_enzyme_binding_site"/>
      <span end="29527" id="15938754-6990" start="29510">restriction sites</span>
    </annotation>
    <annotation annotator="Mike Bada, University of Colorado School of Medicine" id="SO_2017_06_11_Instance_35423" type="identity">
      <class id="SO:0001023" label="allele"/>
      <span end="29581" id="15938754-7284" start="29574">alleles</span>
    </annotation>
    <annotation annotator="Mike Bada, University of Colorado School of Medicine" id="SO_2017_06_11_Instance_33693" type="identity">
      <class id="SO:0001026" label="genome"/>
      <span end="29700" id="15938754-6992" start="29693">genomic</span>
    </annotation>
    <annotation annotator="Mike Bada, University of Colorado School of Medicine" id="SO_2017_06_11_Instance_35421" type="identity">
      <class id="SO:0000006" label="PCR_product"/>
      <span end="29773" id="15938754-7282" start="29762">PCR product</span>
    </annotation>
    <annotation annotator="Mike Bada, University of Colorado School of Medicine" id="SO_2017_06_11_Instance_35417" type="identity">
      <class id="SO:0001023" label="allele"/>
      <span end="29816" id="15938754-7280" start="29810">allele</span>
    </annotation>
    <annotation annotator="Mike Bada, University of Colorado School of Medicine" id="SO_2017_06_11_Instance_35413" type="identity">
      <class id="SO:0000771" label="QTL"/>
      <span end="29903" id="15938754-7278" start="29900">QTL</span>
    </annotation>
    <annotation annotator="Mike Bada, University of Colorado School of Medicine" id="SO_2017_06_11_Instance_35409" type="identity">
      <class id="SO:0000704" label="gene"/>
      <span end="29929" id="15938754-7276" start="29924">genes</span>
    </annotation>
    <annotation annotator="Mike Bada, University of Colorado School of Medicine" id="SO_2017_06_11_Instance_35407" type="identity">
      <class id="SO:0000771" label="QTL"/>
      <span end="30042" id="15938754-7274" start="30039">QTL</span>
    </annotation>
    <annotation annotator="Mike Bada, University of Colorado School of Medicine" id="SO_2017_06_11_Instance_35459" type="identity">
      <class id="SO:0000771" label="QTL"/>
      <span end="30117" id="15938754-7298" start="30114">QTL</span>
    </annotation>
    <annotation annotator="Mike Bada, University of Colorado School of Medicine" id="SO_2017_06_11_Instance_35455" type="identity">
      <class id="SO:0000771" label="QTL"/>
      <span end="30150" id="15938754-7296" start="30147">QTL</span>
    </annotation>
    <annotation annotator="Mike Bada, University of Colorado School of Medicine" id="SO_2017_06_11_Instance_35451" type="identity">
      <class id="SO:0000771" label="QTL"/>
      <span end="30388" id="15938754-7294" start="30385">QTL</span>
    </annotation>
    <annotation annotator="Mike Bada, University of Colorado School of Medicine" id="SO_2017_06_11_Instance_35443" type="identity">
      <class id="SO:0000771" label="QTL"/>
      <span end="30841" id="15938754-7292" start="30838">QTL</span>
    </annotation>
    <annotation annotator="Mike Bada, University of Colorado School of Medicine" id="SO_2017_06_11_Instance_35439" type="identity">
      <class id="SO:0001023" label="allele"/>
      <span end="31014" id="15938754-7290" start="31007">alleles</span>
    </annotation>
    <annotation annotator="Mike Bada, University of Colorado School of Medicine" id="SO_2017_06_11_Instance_35437" type="identity">
      <class id="SO:0001026" label="genome"/>
      <span end="31250" id="15938754-7288" start="31244">genome</span>
    </annotation>
    <graph-space id="Old Knowtator Relations"/>
  </document>
</knowtator-project>
