<?xml version="1.0" encoding="UTF-8" standalone="no"?>
<knowtator-project>
  <document id="16098226" text-file="16098226.txt">
    <annotation annotator="Mike Bada, University of Colorado School of Medicine" id="SO_2017_06_11_Instance_51867" type="identity">
      <class id="SO:0000704" label="gene"/>
      <span end="318" id="16098226-7502" start="314">gene</span>
    </annotation>
    <annotation annotator="Mike Bada, University of Colorado School of Medicine" id="SO_2017_06_11_Instance_30683" type="identity">
      <class id="SO:0000417" label="polypeptide_domain"/>
      <span end="825" id="16098226-7343" start="819">domain</span>
    </annotation>
    <annotation annotator="Mike Bada, University of Colorado School of Medicine" id="SO_2017_06_11_Instance_51871" type="identity">
      <class id="SO:0000704" label="gene"/>
      <span end="1732" id="16098226-7504" start="1728">gene</span>
    </annotation>
    <annotation annotator="Mike Bada, University of Colorado School of Medicine" id="SO_2017_06_11_Instance_30685" type="identity">
      <class id="SO:0000417" label="polypeptide_domain"/>
      <span end="3123" id="16098226-7345" start="3117">domain</span>
    </annotation>
    <annotation annotator="Mike Bada, University of Colorado School of Medicine" id="SO_2017_06_11_Instance_30687" type="identity">
      <class id="SO:0000417" label="polypeptide_domain"/>
      <span end="3207" id="16098226-7347" start="3201">domain</span>
    </annotation>
    <annotation annotator="Mike Bada, University of Colorado School of Medicine" id="SO_2017_06_11_Instance_30689" type="identity">
      <class id="SO:0000417" label="polypeptide_domain"/>
      <span end="3307" id="16098226-7349" start="3301">domain</span>
    </annotation>
    <annotation annotator="Mike Bada, University of Colorado School of Medicine" id="SO_2017_06_11_Instance_30691" type="identity">
      <class id="SO:0000417" label="polypeptide_domain"/>
      <span end="3347" id="16098226-7351" start="3341">domain</span>
    </annotation>
    <annotation annotator="Mike Bada, University of Colorado School of Medicine" id="SO_2017_06_11_Instance_51879" type="identity">
      <class id="SO:0000704" label="gene"/>
      <span end="3529" id="16098226-7506" start="3524">genes</span>
    </annotation>
    <annotation annotator="Mike Bada, University of Colorado School of Medicine" id="SO_2017_06_11_Instance_51881" type="identity">
      <class id="SO:0000704" label="gene"/>
      <span end="3600" id="16098226-7508" start="3596">gene</span>
    </annotation>
    <annotation annotator="Mike Bada, University of Colorado School of Medicine" id="SO_2017_06_11_Instance_51883" type="identity">
      <class id="SO:0000704" label="gene"/>
      <span end="4309" id="16098226-7510" start="4304">genes</span>
    </annotation>
    <annotation annotator="Mike Bada, University of Colorado School of Medicine" id="SO_2017_06_11_Instance_51885" type="identity">
      <class id="SO:0000165" label="enhancer"/>
      <span end="4907" id="16098226-7512" start="4899">enhancer</span>
    </annotation>
    <annotation annotator="Mike Bada, University of Colorado School of Medicine" id="SO_2017_06_11_Instance_51887" type="identity">
      <class id="SO:0000704" label="gene"/>
      <span end="4940" id="16098226-7514" start="4936">gene</span>
    </annotation>
    <annotation annotator="Mike Bada, University of Colorado School of Medicine" id="SO_2017_06_11_Instance_51889" type="identity">
      <class id="SO:0000167" label="promoter"/>
      <span end="5070" id="16098226-7516" start="5062">promoter</span>
    </annotation>
    <annotation annotator="Mike Bada, University of Colorado School of Medicine" id="SO_2017_06_11_Instance_51891" type="identity">
      <class id="SO:0000704" label="gene"/>
      <span end="5137" id="16098226-7518" start="5133">gene</span>
    </annotation>
    <annotation annotator="Mike Bada, University of Colorado School of Medicine" id="SO_2017_06_11_Instance_30693" type="identity">
      <class id="SO:0000417" label="polypeptide_domain"/>
      <span end="5357" id="16098226-7353" start="5351">domain</span>
    </annotation>
    <annotation annotator="Mike Bada, University of Colorado School of Medicine" id="SO_2017_06_11_Instance_30695" type="identity">
      <class id="SO:0000417" label="polypeptide_domain"/>
      <span end="5931" id="16098226-7355" start="5925">domain</span>
    </annotation>
    <annotation annotator="Mike Bada, University of Colorado School of Medicine" id="SO_2017_06_11_Instance_30697" type="identity">
      <class id="SO:0000417" label="polypeptide_domain"/>
      <span end="6746" id="16098226-7357" start="6740">domain</span>
    </annotation>
    <annotation annotator="Mike Bada, University of Colorado School of Medicine" id="SO_2017_06_11_Instance_51917" type="identity">
      <class id="SO:0000993" label="consensus"/>
      <span end="6897" id="16098226-7520" start="6888">consensus</span>
    </annotation>
    <annotation annotator="Mike Bada, University of Colorado School of Medicine" id="SO_2017_06_11_Instance_30699" type="identity">
      <class id="SO:0000417" label="polypeptide_domain"/>
      <span end="6952" id="16098226-7359" start="6946">domain</span>
    </annotation>
    <annotation annotator="Mike Bada, University of Colorado School of Medicine" id="SO_2017_06_11_Instance_30701" type="identity">
      <class id="SO:0000417" label="polypeptide_domain"/>
      <span end="7115" id="16098226-7361" start="7109">domain</span>
    </annotation>
    <annotation annotator="Mike Bada, University of Colorado School of Medicine" id="SO_2017_06_11_Instance_30703" type="identity">
      <class id="SO:0000417" label="polypeptide_domain"/>
      <span end="7260" id="16098226-7363" start="7254">domain</span>
    </annotation>
    <annotation annotator="Mike Bada, University of Colorado School of Medicine" id="SO_2017_06_11_Instance_51927" type="identity">
      <class id="SO:0000319" label="stop_codon"/>
      <span end="7315" id="16098226-7522" start="7305">stop codon</span>
    </annotation>
    <annotation annotator="Mike Bada, University of Colorado School of Medicine" id="SO_2017_06_11_Instance_51945" type="identity">
      <class id="SO:0000319" label="stop_codon"/>
      <span end="7974" id="16098226-7524" start="7964">stop codon</span>
    </annotation>
    <annotation annotator="Mike Bada, University of Colorado School of Medicine" id="SO_2017_06_11_Instance_30705" type="identity">
      <class id="SO:0000417" label="polypeptide_domain"/>
      <span end="8324" id="16098226-7365" start="8318">domain</span>
    </annotation>
    <annotation annotator="Mike Bada, University of Colorado School of Medicine" id="SO_2017_06_11_Instance_30707" type="identity">
      <class id="SO:0000417" label="polypeptide_domain"/>
      <span end="8673" id="16098226-7367" start="8667">domain</span>
    </annotation>
    <annotation annotator="Mike Bada, University of Colorado School of Medicine" id="SO_2017_06_11_Instance_30709" type="identity">
      <class id="SO:0000417" label="polypeptide_domain"/>
      <span end="8795" id="16098226-7369" start="8789">domain</span>
    </annotation>
    <annotation annotator="Mike Bada, University of Colorado School of Medicine" id="SO_2017_06_11_Instance_51951" type="identity">
      <class id="SO:0000155" label="plasmid"/>
      <span end="8845" id="16098226-7526" start="8837">plasmids</span>
    </annotation>
    <annotation annotator="Mike Bada, University of Colorado School of Medicine" id="SO_2017_06_11_Instance_30849" type="identity">
      <class id="SO:0000667" label="insertion"/>
      <span end="8880" id="16098226-7459" start="8873">inserts</span>
    </annotation>
    <annotation annotator="Mike Bada, University of Colorado School of Medicine" id="SO_2017_06_11_Instance_30711" type="identity">
      <class id="SO:0000417" label="polypeptide_domain"/>
      <span end="9283" id="16098226-7371" start="9277">domain</span>
    </annotation>
    <annotation annotator="Mike Bada, University of Colorado School of Medicine" id="SO_2017_06_11_Instance_30851" type="identity">
      <class id="SO:0000667" label="insertion"/>
      <span end="9308" id="16098226-7461" start="9301">inserts</span>
    </annotation>
    <annotation annotator="" id="SO_2017_06_11_Instance_171326" type="identity">
      <class id="SO:0001817" label="inframe"/>
      <span end="9322" id="16098226-7305" start="9314">in-frame</span>
    </annotation>
    <annotation annotator="Mike Bada, University of Colorado School of Medicine" id="SO_2017_06_11_Instance_30713" type="identity">
      <class id="SO:0000417" label="polypeptide_domain"/>
      <span end="9381" id="16098226-7373" start="9375">domain</span>
    </annotation>
    <annotation annotator="Mike Bada, University of Colorado School of Medicine" id="SO_2017_06_11_Instance_51969" type="identity">
      <class id="SO:0001080" label="coiled_coil"/>
      <span end="9845" id="16098226-7528" start="9834">coiled coil</span>
    </annotation>
    <annotation annotator="Mike Bada, University of Colorado School of Medicine" id="SO_2017_06_11_Instance_30715" type="identity">
      <class id="SO:0000417" label="polypeptide_domain"/>
      <span end="9852" id="16098226-7375" start="9846">domain</span>
    </annotation>
    <annotation annotator="Mike Bada, University of Colorado School of Medicine" id="SO_2017_06_11_Instance_30717" type="identity">
      <class id="SO:0000417" label="polypeptide_domain"/>
      <span end="9871" id="16098226-7377" start="9865">domain</span>
    </annotation>
    <annotation annotator="Mike Bada, University of Colorado School of Medicine" id="SO_2017_06_11_Instance_51973" type="identity">
      <class id="SO:0000112" label="primer"/>
      <span end="10796" id="16098226-7530" start="10789">primers</span>
    </annotation>
    <annotation annotator="Mike Bada, University of Colorado School of Medicine" id="SO_2017_06_11_Instance_30855" type="identity">
      <class id="SO:0000028" label="base_pair"/>
      <span end="10822" id="16098226-7463" start="10820">bp</span>
    </annotation>
    <annotation annotator="Mike Bada, University of Colorado School of Medicine" id="SO_2017_06_11_Instance_30857" type="identity">
      <class id="SO:0000028" label="base_pair"/>
      <span end="10839" id="16098226-7465" start="10837">bp</span>
    </annotation>
    <annotation annotator="Mike Bada, University of Colorado School of Medicine" id="SO_2017_06_11_Instance_30859" type="identity">
      <class id="SO:0000028" label="base_pair"/>
      <span end="10860" id="16098226-7467" start="10858">bp</span>
    </annotation>
    <annotation annotator="Mike Bada, University of Colorado School of Medicine" id="SO_2017_06_11_Instance_30861" type="identity">
      <class id="SO:0000028" label="base_pair"/>
      <span end="10880" id="16098226-7469" start="10878">bp</span>
    </annotation>
    <annotation annotator="Mike Bada, University of Colorado School of Medicine" id="SO_2017_06_11_Instance_30863" type="identity">
      <class id="SO:0000028" label="base_pair"/>
      <span end="10925" id="16098226-7471" start="10923">bp</span>
    </annotation>
    <annotation annotator="Mike Bada, University of Colorado School of Medicine" id="SO_2017_06_11_Instance_30865" type="identity">
      <class id="SO:0000028" label="base_pair"/>
      <span end="10944" id="16098226-7473" start="10942">bp</span>
    </annotation>
    <annotation annotator="Mike Bada, University of Colorado School of Medicine" id="SO_2017_06_11_Instance_30867" type="identity">
      <class id="SO:0000028" label="base_pair"/>
      <span end="11090" id="16098226-7475" start="11088">bp</span>
    </annotation>
    <annotation annotator="Mike Bada, University of Colorado School of Medicine" id="SO_2017_06_11_Instance_30869" type="identity">
      <class id="SO:0000028" label="base_pair"/>
      <span end="11101" id="16098226-7477" start="11099">bp</span>
    </annotation>
    <annotation annotator="Mike Bada, University of Colorado School of Medicine" id="SO_2017_06_11_Instance_30719" type="identity">
      <class id="SO:0000417" label="polypeptide_domain"/>
      <span end="11373" id="16098226-7379" start="11367">domain</span>
    </annotation>
    <annotation annotator="Mike Bada, University of Colorado School of Medicine" id="SO_2017_06_11_Instance_30721" type="identity">
      <class id="SO:0000417" label="polypeptide_domain"/>
      <span end="11618" id="16098226-7381" start="11612">domain</span>
    </annotation>
    <annotation annotator="Mike Bada, University of Colorado School of Medicine" id="SO_2017_06_11_Instance_30723" type="identity">
      <class id="SO:0000417" label="polypeptide_domain"/>
      <span end="11774" id="16098226-7383" start="11768">domain</span>
    </annotation>
    <annotation annotator="Mike Bada, University of Colorado School of Medicine" id="SO_2017_06_11_Instance_30725" type="identity">
      <class id="SO:0000417" label="polypeptide_domain"/>
      <span end="12386" id="16098226-7385" start="12380">domain</span>
    </annotation>
    <annotation annotator="Mike Bada, University of Colorado School of Medicine" id="SO_2017_06_11_Instance_51983" type="identity">
      <class id="SO:0000704" label="gene"/>
      <span end="12494" id="16098226-7532" start="12489">genes</span>
    </annotation>
    <annotation annotator="Mike Bada, University of Colorado School of Medicine" id="SO_2017_06_11_Instance_30727" type="identity">
      <class id="SO:0000417" label="polypeptide_domain"/>
      <span end="13462" id="16098226-7387" start="13456">domain</span>
    </annotation>
    <annotation annotator="Mike Bada, University of Colorado School of Medicine" id="SO_2017_06_11_Instance_51987" type="identity">
      <class id="SO:0000704" label="gene"/>
      <span end="13640" id="16098226-7534" start="13636">gene</span>
    </annotation>
    <annotation annotator="Mike Bada, University of Colorado School of Medicine" id="SO_2017_06_11_Instance_30729" type="identity">
      <class id="SO:0000417" label="polypeptide_domain"/>
      <span end="13796" id="16098226-7389" start="13790">domain</span>
    </annotation>
    <annotation annotator="Mike Bada, University of Colorado School of Medicine" id="SO_2017_06_11_Instance_30731" type="identity">
      <class id="SO:0000417" label="polypeptide_domain"/>
      <span end="13828" id="16098226-7391" start="13822">domain</span>
    </annotation>
    <annotation annotator="Mike Bada, University of Colorado School of Medicine" id="SO_2017_06_11_Instance_30733" type="identity">
      <class id="SO:0000417" label="polypeptide_domain"/>
      <span end="13884" id="16098226-7393" start="13878">domain</span>
    </annotation>
    <annotation annotator="Mike Bada, University of Colorado School of Medicine" id="SO_2017_06_11_Instance_30735" type="identity">
      <class id="SO:0000417" label="polypeptide_domain"/>
      <span end="13944" id="16098226-7395" start="13938">domain</span>
    </annotation>
    <annotation annotator="Mike Bada, University of Colorado School of Medicine" id="SO_2017_06_11_Instance_30737" type="identity">
      <class id="SO:0000417" label="polypeptide_domain"/>
      <span end="14002" id="16098226-7397" start="13996">domain</span>
    </annotation>
    <annotation annotator="Mike Bada, University of Colorado School of Medicine" id="SO_2017_06_11_Instance_30739" type="identity">
      <class id="SO:0000417" label="polypeptide_domain"/>
      <span end="14524" id="16098226-7399" start="14518">domain</span>
    </annotation>
    <annotation annotator="Mike Bada, University of Colorado School of Medicine" id="SO_2017_06_11_Instance_30741" type="identity">
      <class id="SO:0000417" label="polypeptide_domain"/>
      <span end="14587" id="16098226-7401" start="14581">domain</span>
    </annotation>
    <annotation annotator="Mike Bada, University of Colorado School of Medicine" id="SO_2017_06_11_Instance_30743" type="identity">
      <class id="SO:0000417" label="polypeptide_domain"/>
      <span end="14648" id="16098226-7403" start="14642">domain</span>
    </annotation>
    <annotation annotator="Mike Bada, University of Colorado School of Medicine" id="SO_2017_06_11_Instance_30745" type="identity">
      <class id="SO:0000417" label="polypeptide_domain"/>
      <span end="14704" id="16098226-7405" start="14698">domain</span>
    </annotation>
    <annotation annotator="Mike Bada, University of Colorado School of Medicine" id="SO_2017_06_11_Instance_30747" type="identity">
      <class id="SO:0000417" label="polypeptide_domain"/>
      <span end="14762" id="16098226-7407" start="14756">domain</span>
    </annotation>
    <annotation annotator="Mike Bada, University of Colorado School of Medicine" id="SO_2017_06_11_Instance_30749" type="identity">
      <class id="SO:0000417" label="polypeptide_domain"/>
      <span end="14984" id="16098226-7409" start="14978">domain</span>
    </annotation>
    <annotation annotator="Mike Bada, University of Colorado School of Medicine" id="SO_2017_06_11_Instance_52003" type="identity">
      <class id="SO:0000360" label="codon"/>
      <span end="15288" id="16098226-7536" start="15283">codon</span>
    </annotation>
    <annotation annotator="Mike Bada, University of Colorado School of Medicine" id="SO_2017_06_11_Instance_52007" type="identity">
      <class id="SO:0000319" label="stop_codon"/>
      <span end="15628" id="16098226-7538" start="15618">stop codon</span>
    </annotation>
    <annotation annotator="Mike Bada, University of Colorado School of Medicine" id="SO_2017_06_11_Instance_30919" type="identity">
      <class id="SO:0000205" label="three_prime_UTR"/>
      <span end="15713" id="16098226-7479" start="15691">3' untranslated region</span>
    </annotation>
    <annotation annotator="Mike Bada, University of Colorado School of Medicine" id="SO_2017_06_11_Instance_52013" type="identity">
      <class id="SO:0000319" label="stop_codon"/>
      <span end="16309" id="16098226-7540" start="16299">stop codon</span>
    </annotation>
    <annotation annotator="Mike Bada, University of Colorado School of Medicine" id="SO_2017_06_11_Instance_52015" type="identity">
      <class id="SO:0000360" label="codon"/>
      <span end="16334" id="16098226-7542" start="16329">codon</span>
    </annotation>
    <annotation annotator="Mike Bada, University of Colorado School of Medicine" id="SO_2017_06_11_Instance_30921" type="identity">
      <class id="SO:0000205" label="three_prime_UTR"/>
      <span end="16483" id="16098226-7481" start="16461">3' untranslated region</span>
    </annotation>
    <annotation annotator="Mike Bada, University of Colorado School of Medicine" id="SO_2017_06_11_Instance_30751" type="identity">
      <class id="SO:0000417" label="polypeptide_domain"/>
      <span end="17446" id="16098226-7411" start="17440">domain</span>
    </annotation>
    <annotation annotator="Mike Bada, University of Colorado School of Medicine" id="SO_2017_06_11_Instance_30753" type="identity">
      <class id="SO:0000417" label="polypeptide_domain"/>
      <span end="17585" id="16098226-7413" start="17579">domain</span>
    </annotation>
    <annotation annotator="Mike Bada, University of Colorado School of Medicine" id="SO_2017_06_11_Instance_30755" type="identity">
      <class id="SO:0000417" label="polypeptide_domain"/>
      <span end="17730" id="16098226-7415" start="17724">domain</span>
    </annotation>
    <annotation annotator="Mike Bada, University of Colorado School of Medicine" id="SO_2017_06_11_Instance_30757" type="identity">
      <class id="SO:0000417" label="polypeptide_domain"/>
      <span end="17903" id="16098226-7417" start="17897">domain</span>
    </annotation>
    <annotation annotator="Mike Bada, University of Colorado School of Medicine" id="SO_2017_06_11_Instance_30759" type="identity">
      <class id="SO:0000417" label="polypeptide_domain"/>
      <span end="17952" id="16098226-7419" start="17946">domain</span>
    </annotation>
    <annotation annotator="Mike Bada, University of Colorado School of Medicine" id="SO_2017_06_11_Instance_30761" type="identity">
      <class id="SO:0000417" label="polypeptide_domain"/>
      <span end="18105" id="16098226-7421" start="18099">domain</span>
    </annotation>
    <annotation annotator="Mike Bada, University of Colorado School of Medicine" id="SO_2017_06_11_Instance_30763" type="identity">
      <class id="SO:0000417" label="polypeptide_domain"/>
      <span end="18146" id="16098226-7423" start="18140">domain</span>
    </annotation>
    <annotation annotator="Mike Bada, University of Colorado School of Medicine" id="SO_2017_06_11_Instance_30765" type="identity">
      <class id="SO:0000417" label="polypeptide_domain"/>
      <span end="18492" id="16098226-7425" start="18486">domain</span>
    </annotation>
    <annotation annotator="Mike Bada, University of Colorado School of Medicine" id="SO_2017_06_11_Instance_30767" type="identity">
      <class id="SO:0000417" label="polypeptide_domain"/>
      <span end="19463" id="16098226-7427" start="19457">domain</span>
    </annotation>
    <annotation annotator="Mike Bada, University of Colorado School of Medicine" id="SO_2017_06_11_Instance_52023" type="identity">
      <class id="SO:0001080" label="coiled_coil"/>
      <span end="19760" id="16098226-7544" start="19749">coiled coil</span>
    </annotation>
    <annotation annotator="Mike Bada, University of Colorado School of Medicine" id="SO_2017_06_11_Instance_30769" type="identity">
      <class id="SO:0000417" label="polypeptide_domain"/>
      <span end="19767" id="16098226-7429" start="19761">domain</span>
    </annotation>
    <annotation annotator="Mike Bada, University of Colorado School of Medicine" id="SO_2017_06_11_Instance_30771" type="identity">
      <class id="SO:0000417" label="polypeptide_domain"/>
      <span end="19794" id="16098226-7431" start="19788">domain</span>
    </annotation>
    <annotation annotator="Mike Bada, University of Colorado School of Medicine" id="SO_2017_06_11_Instance_52025" type="identity">
      <class id="SO:0000704" label="gene"/>
      <span end="20379" id="16098226-7546" start="20375">gene</span>
    </annotation>
    <annotation annotator="Mike Bada, University of Colorado School of Medicine" id="SO_2017_06_11_Instance_30953" type="identity">
      <class id="SO:0001060" label="sequence_variant"/>
      <span end="21259" id="16098226-7485" start="21252">isoform</span>
    </annotation>
    <annotation annotator="Mike Bada, University of Colorado School of Medicine" id="SO_2017_06_11_Instance_30773" type="identity">
      <class id="SO:0000417" label="polypeptide_domain"/>
      <span end="21288" id="16098226-7433" start="21282">domain</span>
    </annotation>
    <annotation annotator="Mike Bada, University of Colorado School of Medicine" id="SO_2017_06_11_Instance_30955" type="identity">
      <class id="SO:0001060" label="sequence_variant"/>
      <span end="21407" id="16098226-7487" start="21400">isoform</span>
    </annotation>
    <annotation annotator="Mike Bada, University of Colorado School of Medicine" id="SO_2017_06_11_Instance_30775" type="identity">
      <class id="SO:0000417" label="polypeptide_domain"/>
      <span end="22575" id="16098226-7435" start="22569">domain</span>
    </annotation>
    <annotation annotator="Mike Bada, University of Colorado School of Medicine" id="SO_2017_06_11_Instance_30923" type="identity">
      <class id="SO:0000205" label="three_prime_UTR"/>
      <span end="23098" id="16098226-7483" start="23076">3' untranslated region</span>
    </annotation>
    <annotation annotator="Mike Bada, University of Colorado School of Medicine" id="SO_2017_06_11_Instance_30777" type="identity">
      <class id="SO:0000417" label="polypeptide_domain"/>
      <span end="23487" id="16098226-7437" start="23481">domain</span>
    </annotation>
    <annotation annotator="Mike Bada, University of Colorado School of Medicine" id="SO_2017_06_11_Instance_30779" type="identity">
      <class id="SO:0000417" label="polypeptide_domain"/>
      <span end="23629" id="16098226-7439" start="23623">domain</span>
    </annotation>
    <annotation annotator="" id="SO_2017_06_11_Instance_171402" type="identity">
      <class id="SO:0001587" label="stop_gained"/>
      <span end="23781" id="16098226-7307" start="23754">premature termination codon</span>
    </annotation>
    <annotation annotator="Mike Bada, University of Colorado School of Medicine" id="SO_2017_06_11_Instance_52033" type="identity">
      <class id="SO:0000236" label="ORF"/>
      <span end="23814" id="16098226-7548" start="23796">open reading frame</span>
    </annotation>
    <annotation annotator="Mike Bada, University of Colorado School of Medicine" id="SO_2017_06_11_Instance_52035" type="identity">
      <class id="SO:0001023" label="allele"/>
      <span end="23836" id="16098226-7550" start="23829">alleles</span>
    </annotation>
    <annotation annotator="Mike Bada, University of Colorado School of Medicine" id="SO_2017_06_11_Instance_52037" type="identity">
      <class id="SO:0000704" label="gene"/>
      <span end="24928" id="16098226-7552" start="24924">gene</span>
    </annotation>
    <annotation annotator="Mike Bada, University of Colorado School of Medicine" id="SO_2017_06_11_Instance_52041" type="identity">
      <class id="SO:0000857" label="homologous"/>
      <span end="25353" id="16098226-7554" start="25343">homologous</span>
    </annotation>
    <annotation annotator="Mike Bada, University of Colorado School of Medicine" id="SO_2017_06_11_Instance_52043" type="identity">
      <class id="SO:0000993" label="consensus"/>
      <span end="25489" id="16098226-7556" start="25480">consensus</span>
    </annotation>
    <annotation annotator="Mike Bada, University of Colorado School of Medicine" id="SO_2017_06_11_Instance_31017" type="identity">
      <class id="SO:0001023" label="allele"/>
      <span end="25671" id="16098226-7500" start="25664">Allelic</span>
    </annotation>
    <annotation annotator="Mike Bada, University of Colorado School of Medicine" id="SO_2017_06_11_Instance_52051" type="identity">
      <class id="SO:0000440" label="vector_replicon"/>
      <span end="25819" id="16098226-7558" start="25813">vector</span>
    </annotation>
    <annotation annotator="Mike Bada, University of Colorado School of Medicine" id="SO_2017_06_11_Instance_30781" type="identity">
      <class id="SO:0000417" label="polypeptide_domain"/>
      <span end="25930" id="16098226-7441" start="25924">domain</span>
    </annotation>
    <annotation annotator="Mike Bada, University of Colorado School of Medicine" id="SO_2017_06_11_Instance_30783" type="identity">
      <class id="SO:0000417" label="polypeptide_domain"/>
      <span end="25969" id="16098226-7443" start="25963">domain</span>
    </annotation>
    <annotation annotator="Mike Bada, University of Colorado School of Medicine" id="SO_2017_06_11_Instance_52055" type="identity">
      <class id="SO:0000112" label="primer"/>
      <span end="26032" id="16098226-7560" start="26025">Primers</span>
    </annotation>
    <annotation annotator="Mike Bada, University of Colorado School of Medicine" id="SO_2017_06_11_Instance_52057" type="identity">
      <class id="SO:0001030" label="forward"/>
      <span end="26052" id="16098226-7562" start="26045">forward</span>
    </annotation>
    <annotation annotator="Mike Bada, University of Colorado School of Medicine" id="SO_2017_06_11_Instance_17911" type="identity">
      <class id="SO:0001031" label="reverse"/>
      <span end="26114" id="16098226-7309" start="26113">R</span>
    </annotation>
    <annotation annotator="Mike Bada, University of Colorado School of Medicine" id="SO_2017_06_11_Instance_52059" type="identity">
      <class id="SO:0000112" label="primer"/>
      <span end="26249" id="16098226-7564" start="26242">Primers</span>
    </annotation>
    <annotation annotator="Mike Bada, University of Colorado School of Medicine" id="SO_2017_06_11_Instance_17913" type="identity">
      <class id="SO:0001030" label="forward"/>
      <span end="26263" id="16098226-7311" start="26262">F</span>
    </annotation>
    <annotation annotator="Mike Bada, University of Colorado School of Medicine" id="SO_2017_06_11_Instance_17915" type="identity">
      <class id="SO:0001031" label="reverse"/>
      <span end="26326" id="16098226-7313" start="26325">R</span>
    </annotation>
    <annotation annotator="Mike Bada, University of Colorado School of Medicine" id="SO_2017_06_11_Instance_30785" type="identity">
      <class id="SO:0000417" label="polypeptide_domain"/>
      <span end="26363" id="16098226-7445" start="26357">domain</span>
    </annotation>
    <annotation annotator="Mike Bada, University of Colorado School of Medicine" id="SO_2017_06_11_Instance_30993" type="identity">
      <class id="SO:0000061" label="restriction_enzyme_binding_site"/>
      <span end="26558" id="16098226-7489" start="26541">restriction sites</span>
    </annotation>
    <annotation annotator="Mike Bada, University of Colorado School of Medicine" id="SO_2017_06_11_Instance_30787" type="identity">
      <class id="SO:0000417" label="polypeptide_domain"/>
      <span end="26685" id="16098226-7447" start="26679">domain</span>
    </annotation>
    <annotation annotator="Mike Bada, University of Colorado School of Medicine" id="SO_2017_06_11_Instance_30999" type="identity">
      <class id="SO:0000132" label="reverse_primer"/>
      <span end="26813" id="16098226-7491" start="26806">reverse</span>
      <span end="26824" id="16098226-7492" start="26818">primer</span>
    </annotation>
    <annotation annotator="Mike Bada, University of Colorado School of Medicine" id="SO_2017_06_11_Instance_31001" type="identity">
      <class id="SO:0000112" label="primer"/>
      <span end="27153" id="16098226-7494" start="27146">Primers</span>
    </annotation>
    <annotation annotator="Mike Bada, University of Colorado School of Medicine" id="SO_2017_06_11_Instance_17917" type="identity">
      <class id="SO:0001030" label="forward"/>
      <span end="27167" id="16098226-7315" start="27166">F</span>
    </annotation>
    <annotation annotator="Mike Bada, University of Colorado School of Medicine" id="SO_2017_06_11_Instance_17919" type="identity">
      <class id="SO:0001031" label="reverse"/>
      <span end="27213" id="16098226-7317" start="27212">R</span>
    </annotation>
    <annotation annotator="Mike Bada, University of Colorado School of Medicine" id="SO_2017_06_11_Instance_52067" type="identity">
      <class id="SO:0000440" label="vector_replicon"/>
      <span end="27587" id="16098226-7566" start="27581">vector</span>
    </annotation>
    <annotation annotator="Mike Bada, University of Colorado School of Medicine" id="SO_2017_06_11_Instance_30789" type="identity">
      <class id="SO:0000417" label="polypeptide_domain"/>
      <span end="27654" id="16098226-7449" start="27648">domain</span>
    </annotation>
    <annotation annotator="Mike Bada, University of Colorado School of Medicine" id="SO_2017_06_11_Instance_52069" type="identity">
      <class id="SO:0000704" label="gene"/>
      <span end="27707" id="16098226-7568" start="27702">genes</span>
    </annotation>
    <annotation annotator="Mike Bada, University of Colorado School of Medicine" id="SO_2017_06_11_Instance_30791" type="identity">
      <class id="SO:0000417" label="polypeptide_domain"/>
      <span end="27847" id="16098226-7451" start="27841">domain</span>
    </annotation>
    <annotation annotator="Mike Bada, University of Colorado School of Medicine" id="SO_2017_06_11_Instance_30793" type="identity">
      <class id="SO:0000417" label="polypeptide_domain"/>
      <span end="27924" id="16098226-7453" start="27918">domain</span>
    </annotation>
    <annotation annotator="Mike Bada, University of Colorado School of Medicine" id="SO_2017_06_11_Instance_52071" type="identity">
      <class id="SO:0000155" label="plasmid"/>
      <span end="28586" id="16098226-7570" start="28579">plasmid</span>
    </annotation>
    <annotation annotator="Mike Bada, University of Colorado School of Medicine" id="SO_2017_06_11_Instance_52073" type="identity">
      <class id="SO:0000155" label="plasmid"/>
      <span end="28791" id="16098226-7572" start="28784">plasmid</span>
    </annotation>
    <annotation annotator="Mike Bada, University of Colorado School of Medicine" id="SO_2017_06_11_Instance_31013" type="identity">
      <class id="SO:0000667" label="insertion"/>
      <span end="28858" id="16098226-7496" start="28852">insert</span>
    </annotation>
    <annotation annotator="Mike Bada, University of Colorado School of Medicine" id="SO_2017_06_11_Instance_31015" type="identity">
      <class id="SO:0000667" label="insertion"/>
      <span end="28927" id="16098226-7498" start="28921">insert</span>
    </annotation>
    <annotation annotator="Mike Bada, University of Colorado School of Medicine" id="SO_2017_06_11_Instance_52081" type="identity">
      <class id="SO:0000317" label="cDNA_clone"/>
      <span end="29275" id="16098226-7574" start="29265">cDNA clone</span>
    </annotation>
    <annotation annotator="Mike Bada, University of Colorado School of Medicine" id="SO_2017_06_11_Instance_52087" type="identity">
      <class id="SO:0000345" label="EST"/>
      <span end="29417" id="16098226-7576" start="29414">EST</span>
    </annotation>
    <annotation annotator="Mike Bada, University of Colorado School of Medicine" id="SO_2017_06_11_Instance_52091" type="identity">
      <class id="SO:0000155" label="plasmid"/>
      <span end="29622" id="16098226-7578" start="29615">plasmid</span>
    </annotation>
    <annotation annotator="Mike Bada, University of Colorado School of Medicine" id="SO_2017_06_11_Instance_52095" type="identity">
      <class id="SO:0000704" label="gene"/>
      <span end="29866" id="16098226-7580" start="29861">genes</span>
    </annotation>
    <annotation annotator="Mike Bada, University of Colorado School of Medicine" id="SO_2017_06_11_Instance_52097" type="identity">
      <class id="SO:0000112" label="primer"/>
      <span end="29900" id="16098226-7582" start="29893">Primers</span>
    </annotation>
    <annotation annotator="Mike Bada, University of Colorado School of Medicine" id="SO_2017_06_11_Instance_52099" type="identity">
      <class id="SO:0000188" label="intron"/>
      <span end="29943" id="16098226-7584" start="29937">intron</span>
    </annotation>
    <annotation annotator="Mike Bada, University of Colorado School of Medicine" id="SO_2017_06_11_Instance_52103" type="identity">
      <class id="SO:0000112" label="primer"/>
      <span end="30005" id="16098226-7586" start="29999">Primer</span>
    </annotation>
    <annotation annotator="Mike Bada, University of Colorado School of Medicine" id="SO_2017_06_11_Instance_17921" type="identity">
      <class id="SO:0001030" label="forward"/>
      <span end="30028" id="16098226-7319" start="30027">F</span>
    </annotation>
    <annotation annotator="Mike Bada, University of Colorado School of Medicine" id="SO_2017_06_11_Instance_17923" type="identity">
      <class id="SO:0001031" label="reverse"/>
      <span end="30064" id="16098226-7321" start="30063">R</span>
    </annotation>
    <annotation annotator="Mike Bada, University of Colorado School of Medicine" id="SO_2017_06_11_Instance_17925" type="identity">
      <class id="SO:0001030" label="forward"/>
      <span end="30101" id="16098226-7323" start="30100">F</span>
    </annotation>
    <annotation annotator="Mike Bada, University of Colorado School of Medicine" id="SO_2017_06_11_Instance_17927" type="identity">
      <class id="SO:0001031" label="reverse"/>
      <span end="30135" id="16098226-7325" start="30134">R</span>
    </annotation>
    <annotation annotator="Mike Bada, University of Colorado School of Medicine" id="SO_2017_06_11_Instance_17929" type="identity">
      <class id="SO:0001030" label="forward"/>
      <span end="30175" id="16098226-7327" start="30174">F</span>
    </annotation>
    <annotation annotator="Mike Bada, University of Colorado School of Medicine" id="SO_2017_06_11_Instance_17931" type="identity">
      <class id="SO:0001031" label="reverse"/>
      <span end="30209" id="16098226-7329" start="30208">R</span>
    </annotation>
    <annotation annotator="Mike Bada, University of Colorado School of Medicine" id="SO_2017_06_11_Instance_17933" type="identity">
      <class id="SO:0001030" label="forward"/>
      <span end="30245" id="16098226-7331" start="30244">F</span>
    </annotation>
    <annotation annotator="Mike Bada, University of Colorado School of Medicine" id="SO_2017_06_11_Instance_17935" type="identity">
      <class id="SO:0001031" label="reverse"/>
      <span end="30280" id="16098226-7333" start="30279">R</span>
    </annotation>
    <annotation annotator="Mike Bada, University of Colorado School of Medicine" id="SO_2017_06_11_Instance_17937" type="identity">
      <class id="SO:0001030" label="forward"/>
      <span end="30317" id="16098226-7335" start="30316">F</span>
    </annotation>
    <annotation annotator="Mike Bada, University of Colorado School of Medicine" id="SO_2017_06_11_Instance_17939" type="identity">
      <class id="SO:0001031" label="reverse"/>
      <span end="30354" id="16098226-7337" start="30353">R</span>
    </annotation>
    <annotation annotator="Mike Bada, University of Colorado School of Medicine" id="SO_2017_06_11_Instance_17941" type="identity">
      <class id="SO:0001030" label="forward"/>
      <span end="30392" id="16098226-7339" start="30391">F</span>
    </annotation>
    <annotation annotator="Mike Bada, University of Colorado School of Medicine" id="SO_2017_06_11_Instance_17943" type="identity">
      <class id="SO:0001031" label="reverse"/>
      <span end="30430" id="16098226-7341" start="30429">R</span>
    </annotation>
    <annotation annotator="Mike Bada, University of Colorado School of Medicine" id="SO_2017_06_11_Instance_52105" type="identity">
      <class id="SO:0000112" label="primer"/>
      <span end="30594" id="16098226-7588" start="30588">primer</span>
    </annotation>
    <annotation annotator="Mike Bada, University of Colorado School of Medicine" id="SO_2017_06_11_Instance_30795" type="identity">
      <class id="SO:0000417" label="polypeptide_domain"/>
      <span end="30887" id="16098226-7455" start="30881">domain</span>
    </annotation>
    <annotation annotator="Mike Bada, University of Colorado School of Medicine" id="SO_2017_06_11_Instance_30797" type="identity">
      <class id="SO:0000417" label="polypeptide_domain"/>
      <span end="30932" id="16098226-7457" start="30926">domain</span>
    </annotation>
    <graph-space id="Old Knowtator Relations"/>
  </document>
</knowtator-project>
