<?xml version="1.0" encoding="UTF-8" standalone="no"?>
<knowtator-project>
  <document id="16103912" text-file="16103912.txt">
    <annotation annotator="Mike Bada, University of Colorado School of Medicine" id="SO_2017_06_11_Instance_52111" type="identity">
      <class id="SO:0000673" label="transcript"/>
      <span end="703" id="16103912-7638" start="693">transcript</span>
    </annotation>
    <annotation annotator="" id="SO_2017_06_11_Instance_171404" type="identity">
      <class id="SO:0001587" label="stop_gained"/>
      <span end="924" id="16103912-7593" start="904">premature stop codon</span>
    </annotation>
    <annotation annotator="Mike Bada, University of Colorado School of Medicine" id="SO_2017_06_11_Instance_52117" type="identity">
      <class id="SO:0000704" label="gene"/>
      <span end="1254" id="16103912-7640" start="1250">gene</span>
    </annotation>
    <annotation annotator="Mike Bada, University of Colorado School of Medicine" id="SO_2017_06_11_Instance_31081" type="identity">
      <class id="SO:0000704" label="gene"/>
      <span end="1613" id="16103912-7601" start="1606">genetic</span>
    </annotation>
    <annotation annotator="Mike Bada, University of Colorado School of Medicine" id="SO_2017_06_11_Instance_31083" type="identity">
      <class id="SO:0000704" label="gene"/>
      <span end="1984" id="16103912-7603" start="1977">genetic</span>
    </annotation>
    <annotation annotator="Mike Bada, University of Colorado School of Medicine" id="SO_2017_06_11_Instance_31085" type="identity">
      <class id="SO:0000704" label="gene"/>
      <span end="2139" id="16103912-7605" start="2132">genetic</span>
    </annotation>
    <annotation annotator="Mike Bada, University of Colorado School of Medicine" id="SO_2017_06_11_Instance_52119" type="identity">
      <class id="SO:0000704" label="gene"/>
      <span end="2196" id="16103912-7642" start="2192">gene</span>
    </annotation>
    <annotation annotator="Mike Bada, University of Colorado School of Medicine" id="SO_2017_06_11_Instance_52121" type="identity">
      <class id="SO:0000704" label="gene"/>
      <span end="2543" id="16103912-7644" start="2539">gene</span>
    </annotation>
    <annotation annotator="Mike Bada, University of Colorado School of Medicine" id="SO_2017_06_11_Instance_31087" type="identity">
      <class id="SO:0000704" label="gene"/>
      <span end="5165" id="16103912-7607" start="5158">genetic</span>
    </annotation>
    <annotation annotator="Mike Bada, University of Colorado School of Medicine" id="SO_2017_06_11_Instance_31089" type="identity">
      <class id="SO:0000704" label="gene"/>
      <span end="5646" id="16103912-7609" start="5639">genetic</span>
    </annotation>
    <annotation annotator="Mike Bada, University of Colorado School of Medicine" id="SO_2017_06_11_Instance_52125" type="identity">
      <class id="SO:0000673" label="transcript"/>
      <span end="6239" id="16103912-7646" start="6229">transcript</span>
    </annotation>
    <annotation annotator="Mike Bada, University of Colorado School of Medicine" id="SO_2017_06_11_Instance_52127" type="identity">
      <class id="SO:0000858" label="orthologous"/>
      <span end="6323" id="16103912-7648" start="6312">orthologous</span>
    </annotation>
    <annotation annotator="Mike Bada, University of Colorado School of Medicine" id="SO_2017_06_11_Instance_52129" type="identity">
      <class id="SO:0000704" label="gene"/>
      <span end="6328" id="16103912-7650" start="6324">gene</span>
    </annotation>
    <annotation annotator="Mike Bada, University of Colorado School of Medicine" id="SO_2017_06_11_Instance_52133" type="identity">
      <class id="SO:0001024" label="haplotype"/>
      <span end="7208" id="16103912-7652" start="7199">haplotype</span>
    </annotation>
    <annotation annotator="" id="SO_2017_06_11_Instance_224415" type="identity">
      <class id="SO:0000357" label="flanked"/>
      <span end="7723" id="16103912-7597" start="7715">flanking</span>
    </annotation>
    <annotation annotator="Mike Bada, University of Colorado School of Medicine" id="SO_2017_06_11_Instance_52143" type="identity">
      <class id="SO:0000996" label="predicted_gene"/>
      <span end="10791" id="16103912-7654" start="10776">predicted genes</span>
    </annotation>
    <annotation annotator="Mike Bada, University of Colorado School of Medicine" id="SO_2017_06_11_Instance_52145" type="identity">
      <class id="SO:0000704" label="gene"/>
      <span end="10812" id="16103912-7656" start="10807">genes</span>
    </annotation>
    <annotation annotator="Mike Bada, University of Colorado School of Medicine" id="SO_2017_06_11_Instance_52147" type="identity">
      <class id="SO:0000673" label="transcript"/>
      <span end="11120" id="16103912-7658" start="11109">transcripts</span>
    </annotation>
    <annotation annotator="Mike Bada, University of Colorado School of Medicine" id="SO_2017_06_11_Instance_52151" type="identity">
      <class id="SO:0000673" label="transcript"/>
      <span end="11217" id="16103912-7660" start="11207">transcript</span>
    </annotation>
    <annotation annotator="Mike Bada, University of Colorado School of Medicine" id="SO_2017_06_11_Instance_31173" type="identity">
      <class id="SO:0000028" label="base_pair"/>
      <span end="11275" id="16103912-7615" start="11273">bp</span>
    </annotation>
    <annotation annotator="Mike Bada, University of Colorado School of Medicine" id="SO_2017_06_11_Instance_52155" type="identity">
      <class id="SO:0000147" label="exon"/>
      <span end="11358" id="16103912-7662" start="11354">exon</span>
    </annotation>
    <annotation annotator="Mike Bada, University of Colorado School of Medicine" id="SO_2017_06_11_Instance_31177" type="identity">
      <class id="SO:0000028" label="base_pair"/>
      <span end="11437" id="16103912-7617" start="11435">bp</span>
    </annotation>
    <annotation annotator="Mike Bada, University of Colorado School of Medicine" id="SO_2017_06_11_Instance_31179" type="identity">
      <class id="SO:0000188" label="intron"/>
      <span end="11449" id="16103912-7619" start="11441">intronic</span>
    </annotation>
    <annotation annotator="Mike Bada, University of Colorado School of Medicine" id="SO_2017_06_11_Instance_52157" type="identity">
      <class id="SO:0000673" label="transcript"/>
      <span end="11485" id="16103912-7664" start="11475">transcript</span>
    </annotation>
    <annotation annotator="Mike Bada, University of Colorado School of Medicine" id="SO_2017_06_11_Instance_52159" type="identity">
      <class id="SO:0000319" label="stop_codon"/>
      <span end="11514" id="16103912-7666" start="11504">stop codon</span>
    </annotation>
    <annotation annotator="Mike Bada, University of Colorado School of Medicine" id="SO_2017_06_11_Instance_52161" type="identity">
      <class id="SO:0001023" label="allele"/>
      <span end="11649" id="16103912-7668" start="11643">allele</span>
    </annotation>
    <annotation annotator="Mike Bada, University of Colorado School of Medicine" id="SO_2017_06_11_Instance_52163" type="identity">
      <class id="SO:0000704" label="gene"/>
      <span end="11675" id="16103912-7670" start="11671">gene</span>
    </annotation>
    <annotation annotator="Mike Bada, University of Colorado School of Medicine" id="SO_2017_06_11_Instance_52165" type="identity">
      <class id="SO:0000673" label="transcript"/>
      <span end="11970" id="16103912-7672" start="11960">transcript</span>
    </annotation>
    <annotation annotator="Mike Bada, University of Colorado School of Medicine" id="SO_2017_06_11_Instance_52167" type="identity">
      <class id="SO:0000162" label="splice_site"/>
      <span end="12010" id="16103912-7674" start="11999">splice site</span>
    </annotation>
    <annotation annotator="Mike Bada, University of Colorado School of Medicine" id="SO_2017_06_11_Instance_52169" type="identity">
      <class id="SO:0000704" label="gene"/>
      <span end="14167" id="16103912-7676" start="14163">gene</span>
    </annotation>
    <annotation annotator="Mike Bada, University of Colorado School of Medicine" id="SO_2017_06_11_Instance_52171" type="identity">
      <class id="SO:0000704" label="gene"/>
      <span end="14887" id="16103912-7678" start="14882">genes</span>
    </annotation>
    <annotation annotator="Mike Bada, University of Colorado School of Medicine" id="SO_2017_06_11_Instance_52179" type="identity">
      <class id="SO:0000147" label="exon"/>
      <span end="18322" id="16103912-7680" start="18318">exon</span>
    </annotation>
    <annotation annotator="Mike Bada, University of Colorado School of Medicine" id="SO_2017_06_11_Instance_52183" type="identity">
      <class id="SO:0000319" label="stop_codon"/>
      <span end="18388" id="16103912-7682" start="18378">stop codon</span>
    </annotation>
    <annotation annotator="Mike Bada, University of Colorado School of Medicine" id="SO_2017_06_11_Instance_31193" type="identity">
      <class id="SO:0000417" label="polypeptide_domain"/>
      <span end="18483" id="16103912-7621" start="18476">domains</span>
    </annotation>
    <annotation annotator="Mike Bada, University of Colorado School of Medicine" id="SO_2017_06_11_Instance_52197" type="identity">
      <class id="SO:0000704" label="gene"/>
      <span end="20620" id="16103912-7684" start="20616">gene</span>
    </annotation>
    <annotation annotator="Mike Bada, University of Colorado School of Medicine" id="SO_2017_06_11_Instance_52199" type="identity">
      <class id="SO:0000704" label="gene"/>
      <span end="21216" id="16103912-7686" start="21212">gene</span>
    </annotation>
    <annotation annotator="Mike Bada, University of Colorado School of Medicine" id="SO_2017_06_11_Instance_52203" type="identity">
      <class id="SO:0000704" label="gene"/>
      <span end="25165" id="16103912-7688" start="25161">gene</span>
    </annotation>
    <annotation annotator="Mike Bada, University of Colorado School of Medicine" id="SO_2017_06_11_Instance_31091" type="identity">
      <class id="SO:0000704" label="gene"/>
      <span end="25936" id="16103912-7611" start="25929">Genetic</span>
    </annotation>
    <annotation annotator="Mike Bada, University of Colorado School of Medicine" id="SO_2017_06_11_Instance_31093" type="identity">
      <class id="SO:0000704" label="gene"/>
      <span end="26080" id="16103912-7613" start="26073">genetic</span>
    </annotation>
    <annotation annotator="Mike Bada, University of Colorado School of Medicine" id="SO_2017_06_11_Instance_52207" type="identity">
      <class id="SO:0000704" label="gene"/>
      <span end="26222" id="16103912-7690" start="26218">gene</span>
    </annotation>
    <annotation annotator="Mike Bada, University of Colorado School of Medicine" id="SO_2017_06_11_Instance_52209" type="identity">
      <class id="SO:0000704" label="gene"/>
      <span end="27424" id="16103912-7692" start="27420">gene</span>
    </annotation>
    <annotation annotator="Mike Bada, University of Colorado School of Medicine" id="SO_2017_06_11_Instance_52211" type="identity">
      <class id="SO:0000167" label="promoter"/>
      <span end="27452" id="16103912-7694" start="27444">promoter</span>
    </annotation>
    <annotation annotator="Mike Bada, University of Colorado School of Medicine" id="SO_2017_06_11_Instance_52213" type="identity">
      <class id="SO:0000704" label="gene"/>
      <span end="27520" id="16103912-7696" start="27516">gene</span>
    </annotation>
    <annotation annotator="" id="SO_2017_06_11_Instance_171312" type="identity">
      <class id="SO:0001817" label="inframe"/>
      <span end="27636" id="16103912-7591" start="27628">in frame</span>
    </annotation>
    <annotation annotator="Mike Bada, University of Colorado School of Medicine" id="SO_2017_06_11_Instance_52219" type="identity">
      <class id="SO:0000243" label="internal_ribosome_entry_site"/>
      <span end="27732" id="16103912-7698" start="27728">ires</span>
    </annotation>
    <annotation annotator="Mike Bada, University of Colorado School of Medicine" id="SO_2017_06_11_Instance_31199" type="identity">
      <class id="SO:0005853" label="gene_cassette"/>
      <span end="27746" id="16103912-7623" start="27738">cassette</span>
    </annotation>
    <annotation annotator="Mike Bada, University of Colorado School of Medicine" id="SO_2017_06_11_Instance_52221" type="identity">
      <class id="SO:0001023" label="allele"/>
      <span end="27774" id="16103912-7700" start="27768">allele</span>
    </annotation>
    <annotation annotator="Mike Bada, University of Colorado School of Medicine" id="SO_2017_06_11_Instance_52223" type="identity">
      <class id="SO:0000704" label="gene"/>
      <span end="27787" id="16103912-7702" start="27783">gene</span>
    </annotation>
    <annotation annotator="Mike Bada, University of Colorado School of Medicine" id="SO_2017_06_11_Instance_52229" type="identity">
      <class id="SO:0000112" label="primer"/>
      <span end="28372" id="16103912-7704" start="28366">primer</span>
    </annotation>
    <annotation annotator="Mike Bada, University of Colorado School of Medicine" id="SO_2017_06_11_Instance_52231" type="identity">
      <class id="SO:0000704" label="gene"/>
      <span end="28409" id="16103912-7706" start="28405">gene</span>
    </annotation>
    <annotation annotator="Mike Bada, University of Colorado School of Medicine" id="SO_2017_06_11_Instance_52233" type="identity">
      <class id="SO:0000112" label="primer"/>
      <span end="28456" id="16103912-7708" start="28449">primers</span>
    </annotation>
    <annotation annotator="Mike Bada, University of Colorado School of Medicine" id="SO_2017_06_11_Instance_31205" type="identity">
      <class id="SO:0000842" label="gene_component_region"/>
      <span end="28499" id="16103912-7625" start="28490">region of</span>
      <span end="28508" id="16103912-7626" start="28504">gene</span>
    </annotation>
    <annotation annotator="Mike Bada, University of Colorado School of Medicine" id="SO_2017_06_11_Instance_52237" type="identity">
      <class id="SO:0000006" label="PCR_product"/>
      <span end="28628" id="16103912-7710" start="28617">PCR product</span>
    </annotation>
    <annotation annotator="Mike Bada, University of Colorado School of Medicine" id="SO_2017_06_11_Instance_52239" type="identity">
      <class id="SO:0000440" label="vector_replicon"/>
      <span end="28658" id="16103912-7712" start="28652">vector</span>
    </annotation>
    <annotation annotator="Mike Bada, University of Colorado School of Medicine" id="SO_2017_06_11_Instance_52241" type="identity">
      <class id="SO:0000704" label="gene"/>
      <span end="28759" id="16103912-7714" start="28755">gene</span>
    </annotation>
    <annotation annotator="Mike Bada, University of Colorado School of Medicine" id="SO_2017_06_11_Instance_52243" type="identity">
      <class id="SO:0000112" label="primer"/>
      <span end="28776" id="16103912-7716" start="28769">primers</span>
    </annotation>
    <annotation annotator="Mike Bada, University of Colorado School of Medicine" id="SO_2017_06_11_Instance_52247" type="identity">
      <class id="SO:0000704" label="gene"/>
      <span end="28831" id="16103912-7718" start="28827">Gene</span>
    </annotation>
    <annotation annotator="Mike Bada, University of Colorado School of Medicine" id="SO_2017_06_11_Instance_52251" type="identity">
      <class id="SO:0000155" label="plasmid"/>
      <span end="29119" id="16103912-7720" start="29112">plasmid</span>
    </annotation>
    <annotation annotator="Mike Bada, University of Colorado School of Medicine" id="SO_2017_06_11_Instance_52253" type="identity">
      <class id="SO:0000112" label="primer"/>
      <span end="29458" id="16103912-7722" start="29451">Primers</span>
    </annotation>
    <annotation annotator="Mike Bada, University of Colorado School of Medicine" id="SO_2017_06_11_Instance_52255" type="identity">
      <class id="SO:0000195" label="coding_exon"/>
      <span end="29501" id="16103912-7724" start="29489">coding exons</span>
    </annotation>
    <annotation annotator="Mike Bada, University of Colorado School of Medicine" id="SO_2017_06_11_Instance_31209" type="identity">
      <class id="SO:0000028" label="base_pair"/>
      <span end="29512" id="16103912-7628" start="29510">bp</span>
    </annotation>
    <annotation annotator="" id="SO_2017_06_11_Instance_224417" type="identity">
      <class id="SO:0000357" label="flanked"/>
      <span end="29524" id="16103912-7599" start="29516">flanking</span>
    </annotation>
    <annotation annotator="Mike Bada, University of Colorado School of Medicine" id="SO_2017_06_11_Instance_52257" type="identity">
      <class id="SO:0000112" label="primer"/>
      <span end="29634" id="16103912-7726" start="29628">Primer</span>
    </annotation>
    <annotation annotator="Mike Bada, University of Colorado School of Medicine" id="SO_2017_06_11_Instance_52261" type="identity">
      <class id="SO:0000704" label="gene"/>
      <span end="29726" id="16103912-7728" start="29722">Gene</span>
    </annotation>
    <annotation annotator="Mike Bada, University of Colorado School of Medicine" id="SO_2017_06_11_Instance_52263" type="identity">
      <class id="SO:0000694" label="SNP"/>
      <span end="30046" id="16103912-7730" start="30043">SNP</span>
    </annotation>
    <annotation annotator="Mike Bada, University of Colorado School of Medicine" id="SO_2017_06_11_Instance_52265" type="identity">
      <class id="SO:0000112" label="primer"/>
      <span end="30233" id="16103912-7732" start="30226">Primers</span>
    </annotation>
    <annotation annotator="Mike Bada, University of Colorado School of Medicine" id="SO_2017_06_11_Instance_52267" type="identity">
      <class id="SO:0000673" label="transcript"/>
      <span end="30290" id="16103912-7734" start="30280">Transcript</span>
    </annotation>
    <annotation annotator="Mike Bada, University of Colorado School of Medicine" id="SO_2017_06_11_Instance_52269" type="identity">
      <class id="SO:0000112" label="primer"/>
      <span end="30392" id="16103912-7736" start="30385">Primers</span>
    </annotation>
    <annotation annotator="Mike Bada, University of Colorado School of Medicine" id="SO_2017_06_11_Instance_31211" type="identity">
      <class id="SO:0001026" label="genome"/>
      <span end="30447" id="16103912-7630" start="30440">Genomic</span>
    </annotation>
    <annotation annotator="Mike Bada, University of Colorado School of Medicine" id="SO_2017_06_11_Instance_52273" type="identity">
      <class id="SO:0000162" label="splice_site"/>
      <span end="31852" id="16103912-7738" start="31841">Splice Site</span>
    </annotation>
    <annotation annotator="Mike Bada, University of Colorado School of Medicine" id="SO_2017_06_11_Instance_52275" type="identity">
      <class id="SO:0000673" label="transcript"/>
      <span end="31906" id="16103912-7740" start="31896">transcript</span>
    </annotation>
    <annotation annotator="Mike Bada, University of Colorado School of Medicine" id="SO_2017_06_11_Instance_52277" type="identity">
      <class id="SO:0000162" label="splice_site"/>
      <span end="32053" id="16103912-7742" start="32042">splice site</span>
    </annotation>
    <annotation annotator="Mike Bada, University of Colorado School of Medicine" id="SO_2017_06_11_Instance_31213" type="identity">
      <class id="SO:0000028" label="base_pair"/>
      <span end="32097" id="16103912-7632" start="32095">bp</span>
    </annotation>
    <annotation annotator="Mike Bada, University of Colorado School of Medicine" id="SO_2017_06_11_Instance_31215" type="identity">
      <class id="SO:0000188" label="intron"/>
      <span end="32109" id="16103912-7634" start="32101">intronic</span>
    </annotation>
    <annotation annotator="" id="SO_2017_06_11_Instance_171406" type="identity">
      <class id="SO:0001587" label="stop_gained"/>
      <span end="32178" id="16103912-7595" start="32158">premature stop codon</span>
    </annotation>
    <annotation annotator="Mike Bada, University of Colorado School of Medicine" id="SO_2017_06_11_Instance_31217" type="identity">
      <class id="SO:0000417" label="polypeptide_domain"/>
      <span end="33717" id="16103912-7636" start="33710">domains</span>
    </annotation>
    <graph-space id="Old Knowtator Relations"/>
  </document>
</knowtator-project>
