<?xml version="1.0" encoding="UTF-8" standalone="no"?>
<knowtator-project>
  <document id="16121256" text-file="16121256.txt">
    <annotation annotator="Mike Bada, University of Colorado School of Medicine" id="SO_2017_06_11_Instance_53217" type="identity">
      <class id="SO:0000704" label="gene"/>
      <span end="54" id="16121256-8471" start="50">Gene</span>
    </annotation>
    <annotation annotator="Mike Bada, University of Colorado School of Medicine" id="SO_2017_06_11_Instance_53219" type="identity">
      <class id="SO:0000704" label="gene"/>
      <span end="343" id="16121256-8473" start="339">gene</span>
    </annotation>
    <annotation annotator="Mike Bada, University of Colorado School of Medicine" id="SO_2017_06_11_Instance_53221" type="identity">
      <class id="SO:0000704" label="gene"/>
      <span end="1478" id="16121256-8475" start="1474">gene</span>
    </annotation>
    <annotation annotator="Mike Bada, University of Colorado School of Medicine" id="SO_2017_06_11_Instance_53223" type="identity">
      <class id="SO:0000704" label="gene"/>
      <span end="2458" id="16121256-8477" start="2454">gene</span>
    </annotation>
    <annotation annotator="Mike Bada, University of Colorado School of Medicine" id="SO_2017_06_11_Instance_53227" type="identity">
      <class id="SO:0000704" label="gene"/>
      <span end="4100" id="16121256-8479" start="4096">gene</span>
    </annotation>
    <annotation annotator="Mike Bada, University of Colorado School of Medicine" id="SO_2017_06_11_Instance_53229" type="identity">
      <class id="SO:0000704" label="gene"/>
      <span end="4327" id="16121256-8481" start="4323">Gene</span>
    </annotation>
    <annotation annotator="Mike Bada, University of Colorado School of Medicine" id="SO_2017_06_11_Instance_53231" type="identity">
      <class id="SO:0000440" label="vector_replicon"/>
      <span end="4398" id="16121256-8483" start="4392">vector</span>
    </annotation>
    <annotation annotator="Mike Bada, University of Colorado School of Medicine" id="SO_2017_06_11_Instance_53233" type="identity">
      <class id="SO:0000147" label="exon"/>
      <span end="4614" id="16121256-8485" start="4609">exons</span>
    </annotation>
    <annotation annotator="" id="SO_2017_06_11_Instance_224421" type="identity">
      <class id="SO:0000357" label="flanked"/>
      <span end="4655" id="16121256-8424" start="4647">flanking</span>
    </annotation>
    <annotation annotator="Mike Bada, University of Colorado School of Medicine" id="SO_2017_06_11_Instance_53235" type="identity">
      <class id="SO:0000155" label="plasmid"/>
      <span end="4663" id="16121256-8487" start="4656">plasmid</span>
    </annotation>
    <annotation annotator="Mike Bada, University of Colorado School of Medicine" id="SO_2017_06_11_Instance_53237" type="identity">
      <class id="SO:0000440" label="vector_replicon"/>
      <span end="4715" id="16121256-8489" start="4709">vector</span>
    </annotation>
    <annotation annotator="Mike Bada, University of Colorado School of Medicine" id="SO_2017_06_11_Instance_53239" type="identity">
      <class id="SO:0000147" label="exon"/>
      <span end="4746" id="16121256-8491" start="4742">exon</span>
    </annotation>
    <annotation annotator="Mike Bada, University of Colorado School of Medicine" id="SO_2017_06_11_Instance_53241" type="identity">
      <class id="SO:0000147" label="exon"/>
      <span end="4813" id="16121256-8493" start="4809">exon</span>
    </annotation>
    <annotation annotator="" id="SO_2017_06_11_Instance_171408" type="identity">
      <class id="SO:0001587" label="stop_gained"/>
      <span end="4872" id="16121256-8412" start="4851">premature stop codons</span>
    </annotation>
    <annotation annotator="" id="SO_2017_06_11_Instance_171410" type="identity">
      <class id="SO:0001587" label="stop_gained"/>
      <span end="4962" id="16121256-8414" start="4942">premature stop codon</span>
    </annotation>
    <annotation annotator="Mike Bada, University of Colorado School of Medicine" id="SO_2017_06_11_Instance_53251" type="identity">
      <class id="SO:0000147" label="exon"/>
      <span end="5038" id="16121256-8495" start="5034">exon</span>
    </annotation>
    <annotation annotator="Mike Bada, University of Colorado School of Medicine" id="SO_2017_06_11_Instance_31913" type="identity">
      <class id="SO:0000417" label="polypeptide_domain"/>
      <span end="5101" id="16121256-8432" start="5095">domain</span>
    </annotation>
    <annotation annotator="Mike Bada, University of Colorado School of Medicine" id="SO_2017_06_11_Instance_36299" type="identity">
      <class id="SO:0001117" label="alpha_helix"/>
      <span end="5111" id="16121256-8469" start="5102">α-helixes</span>
    </annotation>
    <annotation annotator="Mike Bada, University of Colorado School of Medicine" id="SO_2017_06_11_Instance_53253" type="identity">
      <class id="SO:0000704" label="gene"/>
      <span end="5270" id="16121256-8497" start="5266">Gene</span>
    </annotation>
    <annotation annotator="" id="SO_2017_06_11_Instance_171504" type="identity">
      <class id="SO:0001644" label="targeting_vector"/>
      <span end="5315" id="16121256-8416" start="5299">targeting vector</span>
    </annotation>
    <annotation annotator="Mike Bada, University of Colorado School of Medicine" id="SO_2017_06_11_Instance_53259" type="identity">
      <class id="SO:0000147" label="exon"/>
      <span end="5362" id="16121256-8499" start="5358">exon</span>
    </annotation>
    <annotation annotator="" id="SO_2017_06_11_Instance_224423" type="identity">
      <class id="SO:0000357" label="flanked"/>
      <span end="5378" id="16121256-8426" start="5370">flanking</span>
    </annotation>
    <annotation annotator="Mike Bada, University of Colorado School of Medicine" id="SO_2017_06_11_Instance_53261" type="identity">
      <class id="SO:0000147" label="exon"/>
      <span end="5515" id="16121256-8501" start="5510">exons</span>
    </annotation>
    <annotation annotator="Mike Bada, University of Colorado School of Medicine" id="SO_2017_06_11_Instance_53263" type="identity">
      <class id="SO:0001023" label="allele"/>
      <span end="5552" id="16121256-8503" start="5546">allele</span>
    </annotation>
    <annotation annotator="Mike Bada, University of Colorado School of Medicine" id="SO_2017_06_11_Instance_31921" type="identity">
      <class id="SO:0001026" label="genome"/>
      <span end="5607" id="16121256-8434" start="5600">genomic</span>
    </annotation>
    <annotation annotator="Mike Bada, University of Colorado School of Medicine" id="SO_2017_06_11_Instance_31979" type="identity">
      <class id="SO:0000852" label="exon_region"/>
      <span end="5698" id="16121256-8467" start="5683">portion of exon</span>
    </annotation>
    <annotation annotator="" id="SO_2017_06_11_Instance_171506" type="identity">
      <class id="SO:0001644" label="targeting_vector"/>
      <span end="5745" id="16121256-8418" start="5729">targeting vector</span>
    </annotation>
    <annotation annotator="Mike Bada, University of Colorado School of Medicine" id="SO_2017_06_11_Instance_53275" type="identity">
      <class id="SO:0000147" label="exon"/>
      <span end="6075" id="16121256-8505" start="6071">exon</span>
    </annotation>
    <annotation annotator="" id="SO_2017_06_11_Instance_171508" type="identity">
      <class id="SO:0001644" label="targeting_vector"/>
      <span end="6131" id="16121256-8420" start="6115">targeting vector</span>
    </annotation>
    <annotation annotator="Mike Bada, University of Colorado School of Medicine" id="SO_2017_06_11_Instance_53283" type="identity">
      <class id="SO:0000440" label="vector_replicon"/>
      <span end="6247" id="16121256-8507" start="6241">vector</span>
    </annotation>
    <annotation annotator="Mike Bada, University of Colorado School of Medicine" id="SO_2017_06_11_Instance_53285" type="identity">
      <class id="SO:0001023" label="allele"/>
      <span end="7049" id="16121256-8509" start="7043">allele</span>
    </annotation>
    <annotation annotator="Mike Bada, University of Colorado School of Medicine" id="SO_2017_06_11_Instance_53289" type="identity">
      <class id="SO:0001023" label="allele"/>
      <span end="7198" id="16121256-8511" start="7192">allele</span>
    </annotation>
    <annotation annotator="Mike Bada, University of Colorado School of Medicine" id="SO_2017_06_11_Instance_31923" type="identity">
      <class id="SO:0001026" label="genome"/>
      <span end="7317" id="16121256-8436" start="7310">genomic</span>
    </annotation>
    <annotation annotator="Mike Bada, University of Colorado School of Medicine" id="SO_2017_06_11_Instance_53291" type="identity">
      <class id="SO:0000147" label="exon"/>
      <span end="7522" id="16121256-8513" start="7518">exon</span>
    </annotation>
    <annotation annotator="Mike Bada, University of Colorado School of Medicine" id="SO_2017_06_11_Instance_53293" type="identity">
      <class id="SO:0000028" label="base_pair"/>
      <span end="7588" id="16121256-8515" start="7579">base pair</span>
    </annotation>
    <annotation annotator="Mike Bada, University of Colorado School of Medicine" id="SO_2017_06_11_Instance_31949" type="identity">
      <class id="SO:0000028" label="base_pair"/>
      <span end="7592" id="16121256-8452" start="7590">bp</span>
    </annotation>
    <annotation annotator="Mike Bada, University of Colorado School of Medicine" id="SO_2017_06_11_Instance_53297" type="identity">
      <class id="SO:0000147" label="exon"/>
      <span end="7783" id="16121256-8517" start="7779">exon</span>
    </annotation>
    <annotation annotator="Mike Bada, University of Colorado School of Medicine" id="SO_2017_06_11_Instance_53299" type="identity">
      <class id="SO:0000147" label="exon"/>
      <span end="7793" id="16121256-8519" start="7789">exon</span>
    </annotation>
    <annotation annotator="Mike Bada, University of Colorado School of Medicine" id="SO_2017_06_11_Instance_31955" type="identity">
      <class id="SO:0000028" label="base_pair"/>
      <span end="7808" id="16121256-8458" start="7806">bp</span>
    </annotation>
    <annotation annotator="Mike Bada, University of Colorado School of Medicine" id="SO_2017_06_11_Instance_53301" type="identity">
      <class id="SO:0000155" label="plasmid"/>
      <span end="7824" id="16121256-8521" start="7817">plasmid</span>
    </annotation>
    <annotation annotator="Mike Bada, University of Colorado School of Medicine" id="SO_2017_06_11_Instance_53303" type="identity">
      <class id="SO:0000147" label="exon"/>
      <span end="7851" id="16121256-8523" start="7846">exons</span>
    </annotation>
    <annotation annotator="Mike Bada, University of Colorado School of Medicine" id="SO_2017_06_11_Instance_53305" type="identity">
      <class id="SO:0000155" label="plasmid"/>
      <span end="7877" id="16121256-8525" start="7870">plasmid</span>
    </annotation>
    <annotation annotator="Mike Bada, University of Colorado School of Medicine" id="SO_2017_06_11_Instance_31957" type="identity">
      <class id="SO:1001187" label="alternatively_spliced_transcript"/>
      <span end="8298" id="16121256-8460" start="8291">spliced</span>
      <span end="8315" id="16121256-8461" start="8305">transcript</span>
    </annotation>
    <annotation annotator="Mike Bada, University of Colorado School of Medicine" id="SO_2017_06_11_Instance_53311" type="identity">
      <class id="SO:0000673" label="transcript"/>
      <span end="8337" id="16121256-8527" start="8326">transcripts</span>
    </annotation>
    <annotation annotator="Mike Bada, University of Colorado School of Medicine" id="SO_2017_06_11_Instance_31959" type="identity">
      <class id="SO:0000673" label="transcript"/>
      <span end="8633" id="16121256-8463" start="8626">message</span>
    </annotation>
    <annotation annotator="Mike Bada, University of Colorado School of Medicine" id="SO_2017_06_11_Instance_31961" type="identity">
      <class id="SO:0000673" label="transcript"/>
      <span end="8892" id="16121256-8465" start="8885">message</span>
    </annotation>
    <annotation annotator="" id="SO_2017_06_11_Instance_171510" type="identity">
      <class id="SO:0001644" label="targeting_vector"/>
      <span end="20600" id="16121256-8422" start="20584">targeting vector</span>
    </annotation>
    <annotation annotator="Mike Bada, University of Colorado School of Medicine" id="SO_2017_06_11_Instance_53325" type="identity">
      <class id="SO:0005853" label="gene_cassette"/>
      <span end="20638" id="16121256-8529" start="20625">gene cassette</span>
    </annotation>
    <annotation annotator="Mike Bada, University of Colorado School of Medicine" id="SO_2017_06_11_Instance_53327" type="identity">
      <class id="SO:0000155" label="plasmid"/>
      <span end="20704" id="16121256-8531" start="20697">plasmid</span>
    </annotation>
    <annotation annotator="Mike Bada, University of Colorado School of Medicine" id="SO_2017_06_11_Instance_53329" type="identity">
      <class id="SO:0000440" label="vector_replicon"/>
      <span end="20842" id="16121256-8533" start="20836">vector</span>
    </annotation>
    <annotation annotator="Mike Bada, University of Colorado School of Medicine" id="SO_2017_06_11_Instance_53331" type="identity">
      <class id="SO:0000155" label="plasmid"/>
      <span end="20920" id="16121256-8535" start="20913">plasmid</span>
    </annotation>
    <annotation annotator="Mike Bada, University of Colorado School of Medicine" id="SO_2017_06_11_Instance_31925" type="identity">
      <class id="SO:0001026" label="genome"/>
      <span end="20949" id="16121256-8438" start="20942">genomic</span>
    </annotation>
    <annotation annotator="Mike Bada, University of Colorado School of Medicine" id="SO_2017_06_11_Instance_53333" type="identity">
      <class id="SO:0000147" label="exon"/>
      <span end="20973" id="16121256-8537" start="20968">exons</span>
    </annotation>
    <annotation annotator="" id="SO_2017_06_11_Instance_224429" type="identity">
      <class id="SO:0000357" label="flanked"/>
      <span end="20999" id="16121256-8428" start="20991">flanking</span>
    </annotation>
    <annotation annotator="Mike Bada, University of Colorado School of Medicine" id="SO_2017_06_11_Instance_53335" type="identity">
      <class id="SO:0000188" label="intron"/>
      <span end="21006" id="16121256-8539" start="21000">intron</span>
    </annotation>
    <annotation annotator="Mike Bada, University of Colorado School of Medicine" id="SO_2017_06_11_Instance_31927" type="identity">
      <class id="SO:0001026" label="genome"/>
      <span end="21077" id="16121256-8440" start="21070">genomic</span>
    </annotation>
    <annotation annotator="Mike Bada, University of Colorado School of Medicine" id="SO_2017_06_11_Instance_53337" type="identity">
      <class id="SO:0000440" label="vector_replicon"/>
      <span end="21175" id="16121256-8541" start="21169">vector</span>
    </annotation>
    <annotation annotator="Mike Bada, University of Colorado School of Medicine" id="SO_2017_06_11_Instance_31929" type="identity">
      <class id="SO:0001026" label="genome"/>
      <span end="21248" id="16121256-8442" start="21241">genomic</span>
    </annotation>
    <annotation annotator="Mike Bada, University of Colorado School of Medicine" id="SO_2017_06_11_Instance_53339" type="identity">
      <class id="SO:0000147" label="exon"/>
      <span end="21273" id="16121256-8543" start="21269">exon</span>
    </annotation>
    <annotation annotator="" id="SO_2017_06_11_Instance_224431" type="identity">
      <class id="SO:0000357" label="flanked"/>
      <span end="21289" id="16121256-8430" start="21281">flanking</span>
    </annotation>
    <annotation annotator="Mike Bada, University of Colorado School of Medicine" id="SO_2017_06_11_Instance_53341" type="identity">
      <class id="SO:0000188" label="intron"/>
      <span end="21296" id="16121256-8545" start="21290">intron</span>
    </annotation>
    <annotation annotator="Mike Bada, University of Colorado School of Medicine" id="SO_2017_06_11_Instance_53343" type="identity">
      <class id="SO:0000440" label="vector_replicon"/>
      <span end="21327" id="16121256-8547" start="21321">vector</span>
    </annotation>
    <annotation annotator="Mike Bada, University of Colorado School of Medicine" id="SO_2017_06_11_Instance_31931" type="identity">
      <class id="SO:0001026" label="genome"/>
      <span end="21367" id="16121256-8444" start="21360">genomic</span>
    </annotation>
    <annotation annotator="Mike Bada, University of Colorado School of Medicine" id="SO_2017_06_11_Instance_53347" type="identity">
      <class id="SO:0000440" label="vector_replicon"/>
      <span end="21557" id="16121256-8549" start="21551">vector</span>
    </annotation>
    <annotation annotator="Mike Bada, University of Colorado School of Medicine" id="SO_2017_06_11_Instance_53349" type="identity">
      <class id="SO:0000147" label="exon"/>
      <span end="21683" id="16121256-8551" start="21679">exon</span>
    </annotation>
    <annotation annotator="Mike Bada, University of Colorado School of Medicine" id="SO_2017_06_11_Instance_53353" type="identity">
      <class id="SO:0000440" label="vector_replicon"/>
      <span end="21770" id="16121256-8553" start="21764">vector</span>
    </annotation>
    <annotation annotator="Mike Bada, University of Colorado School of Medicine" id="SO_2017_06_11_Instance_31933" type="identity">
      <class id="SO:0001026" label="genome"/>
      <span end="21835" id="16121256-8446" start="21828">genomic</span>
    </annotation>
    <annotation annotator="Mike Bada, University of Colorado School of Medicine" id="SO_2017_06_11_Instance_53355" type="identity">
      <class id="SO:0000440" label="vector_replicon"/>
      <span end="21988" id="16121256-8555" start="21982">vector</span>
    </annotation>
    <annotation annotator="Mike Bada, University of Colorado School of Medicine" id="SO_2017_06_11_Instance_16413" type="identity">
      <class id="SO:0000985" label="double"/>
      <span end="22067" id="16121256-8410" start="22052">double stranded</span>
    </annotation>
    <annotation annotator="Mike Bada, University of Colorado School of Medicine" id="SO_2017_06_11_Instance_31935" type="identity">
      <class id="SO:0001026" label="genome"/>
      <span end="22200" id="16121256-8448" start="22193">Genomic</span>
    </annotation>
    <annotation annotator="Mike Bada, University of Colorado School of Medicine" id="SO_2017_06_11_Instance_31951" type="identity">
      <class id="SO:0000028" label="base_pair"/>
      <span end="22313" id="16121256-8454" start="22311">bp</span>
    </annotation>
    <annotation annotator="Mike Bada, University of Colorado School of Medicine" id="SO_2017_06_11_Instance_53363" type="identity">
      <class id="SO:0000147" label="exon"/>
      <span end="22362" id="16121256-8557" start="22358">exon</span>
    </annotation>
    <annotation annotator="Mike Bada, University of Colorado School of Medicine" id="SO_2017_06_11_Instance_53365" type="identity">
      <class id="SO:0000188" label="intron"/>
      <span end="22375" id="16121256-8559" start="22369">intron</span>
    </annotation>
    <annotation annotator="Mike Bada, University of Colorado School of Medicine" id="SO_2017_06_11_Instance_53369" type="identity">
      <class id="SO:0000440" label="vector_replicon"/>
      <span end="22442" id="16121256-8561" start="22436">vector</span>
    </annotation>
    <annotation annotator="Mike Bada, University of Colorado School of Medicine" id="SO_2017_06_11_Instance_31937" type="identity">
      <class id="SO:0001026" label="genome"/>
      <span end="22493" id="16121256-8450" start="22486">genomic</span>
    </annotation>
    <annotation annotator="Mike Bada, University of Colorado School of Medicine" id="SO_2017_06_11_Instance_53373" type="identity">
      <class id="SO:0000704" label="gene"/>
      <span end="22718" id="16121256-8563" start="22714">gene</span>
    </annotation>
    <annotation annotator="Mike Bada, University of Colorado School of Medicine" id="SO_2017_06_11_Instance_53379" type="identity">
      <class id="SO:0000147" label="exon"/>
      <span end="23437" id="16121256-8565" start="23433">exon</span>
    </annotation>
    <annotation annotator="Mike Bada, University of Colorado School of Medicine" id="SO_2017_06_11_Instance_53381" type="identity">
      <class id="SO:0000147" label="exon"/>
      <span end="23448" id="16121256-8567" start="23444">exon</span>
    </annotation>
    <annotation annotator="Mike Bada, University of Colorado School of Medicine" id="SO_2017_06_11_Instance_53383" type="identity">
      <class id="SO:0000440" label="vector_replicon"/>
      <span end="23598" id="16121256-8569" start="23592">vector</span>
    </annotation>
    <annotation annotator="Mike Bada, University of Colorado School of Medicine" id="SO_2017_06_11_Instance_53393" type="identity">
      <class id="SO:0000704" label="gene"/>
      <span end="28707" id="16121256-8571" start="28703">gene</span>
    </annotation>
    <annotation annotator="Mike Bada, University of Colorado School of Medicine" id="SO_2017_06_11_Instance_53397" type="identity">
      <class id="SO:0000704" label="gene"/>
      <span end="29029" id="16121256-8573" start="29025">Gene</span>
    </annotation>
    <annotation annotator="Mike Bada, University of Colorado School of Medicine" id="SO_2017_06_11_Instance_31953" type="identity">
      <class id="SO:0000028" label="base_pair"/>
      <span end="29289" id="16121256-8456" start="29287">bp</span>
    </annotation>
    <annotation annotator="Mike Bada, University of Colorado School of Medicine" id="SO_2017_06_11_Instance_53399" type="identity">
      <class id="SO:0000028" label="base_pair"/>
      <span end="29301" id="16121256-8575" start="29292">base pair</span>
    </annotation>
    <annotation annotator="Mike Bada, University of Colorado School of Medicine" id="SO_2017_06_11_Instance_53401" type="identity">
      <class id="SO:0000704" label="gene"/>
      <span end="30065" id="16121256-8577" start="30061">gene</span>
    </annotation>
    <graph-space id="Old Knowtator Relations"/>
  </document>
</knowtator-project>
