<?xml version="1.0" encoding="UTF-8" standalone="no"?>
<knowtator-project>
  <document id="16255782" text-file="16255782.txt">
    <annotation annotator="Mike Bada, University of Colorado School of Medicine" id="SO_2017_06_11_Instance_54115" type="identity">
      <class id="SO:0000704" label="gene"/>
      <span end="75" id="16255782-9384" start="70">genes</span>
    </annotation>
    <annotation annotator="Mike Bada, University of Colorado School of Medicine" id="SO_2017_06_11_Instance_30603" type="identity">
      <class id="SO:0000704" label="gene"/>
      <span end="371" id="16255782-9363" start="360">genetically</span>
    </annotation>
    <annotation annotator="Mike Bada, University of Colorado School of Medicine" id="SO_2017_06_11_Instance_54117" type="identity">
      <class id="SO:0000704" label="gene"/>
      <span end="433" id="16255782-9386" start="428">genes</span>
    </annotation>
    <annotation annotator="Mike Bada, University of Colorado School of Medicine" id="SO_2017_06_11_Instance_54119" type="identity">
      <class id="SO:0000673" label="transcript"/>
      <span end="454" id="16255782-9388" start="444">transcript</span>
    </annotation>
    <annotation annotator="Mike Bada, University of Colorado School of Medicine" id="SO_2017_06_11_Instance_54121" type="identity">
      <class id="SO:0000673" label="transcript"/>
      <span end="628" id="16255782-9390" start="618">transcript</span>
    </annotation>
    <annotation annotator="Mike Bada, University of Colorado School of Medicine" id="SO_2017_06_11_Instance_54123" type="identity">
      <class id="SO:0000704" label="gene"/>
      <span end="674" id="16255782-9392" start="669">genes</span>
    </annotation>
    <annotation annotator="Mike Bada, University of Colorado School of Medicine" id="SO_2017_06_11_Instance_54125" type="identity">
      <class id="SO:0000704" label="gene"/>
      <span end="719" id="16255782-9394" start="714">genes</span>
    </annotation>
    <annotation annotator="Mike Bada, University of Colorado School of Medicine" id="SO_2017_06_11_Instance_54127" type="identity">
      <class id="SO:0000704" label="gene"/>
      <span end="791" id="16255782-9396" start="786">genes</span>
    </annotation>
    <annotation annotator="Mike Bada, University of Colorado School of Medicine" id="SO_2017_06_11_Instance_30605" type="identity">
      <class id="SO:0000235" label="TF_binding_site"/>
      <span end="1081" id="16255782-9365" start="1043">transcription factor recognition sites</span>
    </annotation>
    <annotation annotator="Mike Bada, University of Colorado School of Medicine" id="SO_2017_06_11_Instance_54129" type="identity">
      <class id="SO:0000704" label="gene"/>
      <span end="1120" id="16255782-9398" start="1115">genes</span>
    </annotation>
    <annotation annotator="Mike Bada, University of Colorado School of Medicine" id="SO_2017_06_11_Instance_54133" type="identity">
      <class id="SO:0000673" label="transcript"/>
      <span end="1192" id="16255782-9400" start="1182">transcript</span>
    </annotation>
    <annotation annotator="Mike Bada, University of Colorado School of Medicine" id="SO_2017_06_11_Instance_54135" type="identity">
      <class id="SO:0000704" label="gene"/>
      <span end="1306" id="16255782-9402" start="1301">genes</span>
    </annotation>
    <annotation annotator="Mike Bada, University of Colorado School of Medicine" id="SO_2017_06_11_Instance_54137" type="identity">
      <class id="SO:0000704" label="gene"/>
      <span end="1535" id="16255782-9404" start="1530">genes</span>
    </annotation>
    <annotation annotator="Mike Bada, University of Colorado School of Medicine" id="SO_2017_06_11_Instance_54139" type="identity">
      <class id="SO:0000704" label="gene"/>
      <span end="1718" id="16255782-9406" start="1713">genes</span>
    </annotation>
    <annotation annotator="Mike Bada, University of Colorado School of Medicine" id="SO_2017_06_11_Instance_54141" type="identity">
      <class id="SO:0000704" label="gene"/>
      <span end="1885" id="16255782-9408" start="1880">genes</span>
    </annotation>
    <annotation annotator="Mike Bada, University of Colorado School of Medicine" id="SO_2017_06_11_Instance_54143" type="identity">
      <class id="SO:0000704" label="gene"/>
      <span end="2261" id="16255782-9410" start="2256">genes</span>
    </annotation>
    <annotation annotator="Mike Bada, University of Colorado School of Medicine" id="SO_2017_06_11_Instance_54145" type="identity">
      <class id="SO:0000704" label="gene"/>
      <span end="2437" id="16255782-9412" start="2432">genes</span>
    </annotation>
    <annotation annotator="Mike Bada, University of Colorado School of Medicine" id="SO_2017_06_11_Instance_54147" type="identity">
      <class id="SO:0000704" label="gene"/>
      <span end="2964" id="16255782-9414" start="2959">genes</span>
    </annotation>
    <annotation annotator="Mike Bada, University of Colorado School of Medicine" id="SO_2017_06_11_Instance_54153" type="identity">
      <class id="SO:0000673" label="transcript"/>
      <span end="3663" id="16255782-9416" start="3653">transcript</span>
    </annotation>
    <annotation annotator="Mike Bada, University of Colorado School of Medicine" id="SO_2017_06_11_Instance_54155" type="identity">
      <class id="SO:0000704" label="gene"/>
      <span end="3708" id="16255782-9418" start="3703">genes</span>
    </annotation>
    <annotation annotator="Mike Bada, University of Colorado School of Medicine" id="SO_2017_06_11_Instance_54157" type="identity">
      <class id="SO:0000673" label="transcript"/>
      <span end="3939" id="16255782-9420" start="3929">transcript</span>
    </annotation>
    <annotation annotator="Mike Bada, University of Colorado School of Medicine" id="SO_2017_06_11_Instance_54159" type="identity">
      <class id="SO:0000704" label="gene"/>
      <span end="4006" id="16255782-9422" start="4001">genes</span>
    </annotation>
    <annotation annotator="Mike Bada, University of Colorado School of Medicine" id="SO_2017_06_11_Instance_54161" type="identity">
      <class id="SO:0000704" label="gene"/>
      <span end="4061" id="16255782-9424" start="4057">Gene</span>
    </annotation>
    <annotation annotator="Mike Bada, University of Colorado School of Medicine" id="SO_2017_06_11_Instance_54163" type="identity">
      <class id="SO:0000704" label="gene"/>
      <span end="4203" id="16255782-9426" start="4198">genes</span>
    </annotation>
    <annotation annotator="Mike Bada, University of Colorado School of Medicine" id="SO_2017_06_11_Instance_31055" type="identity">
      <class id="SO:0000235" label="TF_binding_site"/>
      <span end="4261" id="16255782-9367" start="4223">transcription factor recognition sites</span>
    </annotation>
    <annotation annotator="Mike Bada, University of Colorado School of Medicine" id="SO_2017_06_11_Instance_54165" type="identity">
      <class id="SO:0005836" label="regulatory_region"/>
      <span end="4287" id="16255782-9428" start="4269">regulatory regions</span>
    </annotation>
    <annotation annotator="Mike Bada, University of Colorado School of Medicine" id="SO_2017_06_11_Instance_54167" type="identity">
      <class id="SO:0000704" label="gene"/>
      <span end="4302" id="16255782-9430" start="4297">genes</span>
    </annotation>
    <annotation annotator="Mike Bada, University of Colorado School of Medicine" id="SO_2017_06_11_Instance_54169" type="identity">
      <class id="SO:0000704" label="gene"/>
      <span end="4459" id="16255782-9432" start="4454">genes</span>
    </annotation>
    <annotation annotator="Mike Bada, University of Colorado School of Medicine" id="SO_2017_06_11_Instance_31511" type="identity">
      <class id="SO:0000235" label="TF_binding_site"/>
      <span end="4679" id="16255782-9369" start="4641">transcription factor recognition sites</span>
    </annotation>
    <annotation annotator="Mike Bada, University of Colorado School of Medicine" id="SO_2017_06_11_Instance_54171" type="identity">
      <class id="SO:0005836" label="regulatory_region"/>
      <span end="4712" id="16255782-9434" start="4694">regulatory regions</span>
    </annotation>
    <annotation annotator="Mike Bada, University of Colorado School of Medicine" id="SO_2017_06_11_Instance_54173" type="identity">
      <class id="SO:0000704" label="gene"/>
      <span end="4741" id="16255782-9436" start="4737">gene</span>
    </annotation>
    <annotation annotator="Mike Bada, University of Colorado School of Medicine" id="SO_2017_06_11_Instance_54177" type="identity">
      <class id="SO:0000673" label="transcript"/>
      <span end="4825" id="16255782-9438" start="4815">transcript</span>
    </annotation>
    <annotation annotator="Mike Bada, University of Colorado School of Medicine" id="SO_2017_06_11_Instance_54179" type="identity">
      <class id="SO:0000704" label="gene"/>
      <span end="4926" id="16255782-9440" start="4921">genes</span>
    </annotation>
    <annotation annotator="Mike Bada, University of Colorado School of Medicine" id="SO_2017_06_11_Instance_54181" type="identity">
      <class id="SO:0000673" label="transcript"/>
      <span end="5778" id="16255782-9442" start="5768">Transcript</span>
    </annotation>
    <annotation annotator="Mike Bada, University of Colorado School of Medicine" id="SO_2017_06_11_Instance_54185" type="identity">
      <class id="SO:0000112" label="primer"/>
      <span end="5919" id="16255782-9444" start="5912">primers</span>
    </annotation>
    <annotation annotator="Mike Bada, University of Colorado School of Medicine" id="SO_2017_06_11_Instance_54187" type="identity">
      <class id="SO:0000673" label="transcript"/>
      <span end="6003" id="16255782-9446" start="5993">transcript</span>
    </annotation>
    <annotation annotator="Mike Bada, University of Colorado School of Medicine" id="SO_2017_06_11_Instance_54189" type="identity">
      <class id="SO:0000704" label="gene"/>
      <span end="6094" id="16255782-9448" start="6090">gene</span>
    </annotation>
    <annotation annotator="Mike Bada, University of Colorado School of Medicine" id="SO_2017_06_11_Instance_54191" type="identity">
      <class id="SO:0000704" label="gene"/>
      <span end="6478" id="16255782-9450" start="6474">Gene</span>
    </annotation>
    <annotation annotator="Mike Bada, University of Colorado School of Medicine" id="SO_2017_06_11_Instance_54193" type="identity">
      <class id="SO:0000704" label="gene"/>
      <span end="6585" id="16255782-9452" start="6581">Gene</span>
    </annotation>
    <annotation annotator="Mike Bada, University of Colorado School of Medicine" id="SO_2017_06_11_Instance_54195" type="identity">
      <class id="SO:0000704" label="gene"/>
      <span end="6665" id="16255782-9454" start="6660">genes</span>
    </annotation>
    <annotation annotator="Mike Bada, University of Colorado School of Medicine" id="SO_2017_06_11_Instance_54197" type="identity">
      <class id="SO:0000112" label="primer"/>
      <span end="6721" id="16255782-9456" start="6714">primers</span>
    </annotation>
    <annotation annotator="Mike Bada, University of Colorado School of Medicine" id="SO_2017_06_11_Instance_54201" type="identity">
      <class id="SO:0000112" label="primer"/>
      <span end="6833" id="16255782-9458" start="6826">primers</span>
    </annotation>
    <annotation annotator="Mike Bada, University of Colorado School of Medicine" id="SO_2017_06_11_Instance_54203" type="identity">
      <class id="SO:0000673" label="transcript"/>
      <span end="7059" id="16255782-9460" start="7049">transcript</span>
    </annotation>
    <annotation annotator="Mike Bada, University of Colorado School of Medicine" id="SO_2017_06_11_Instance_54205" type="identity">
      <class id="SO:0000006" label="PCR_product"/>
      <span end="7427" id="16255782-9462" start="7415">PCR products</span>
    </annotation>
    <annotation annotator="Mike Bada, University of Colorado School of Medicine" id="SO_2017_06_11_Instance_54207" type="identity">
      <class id="SO:0000704" label="gene"/>
      <span end="7766" id="16255782-9464" start="7761">genes</span>
    </annotation>
    <annotation annotator="Mike Bada, University of Colorado School of Medicine" id="SO_2017_06_11_Instance_54209" type="identity">
      <class id="SO:0000704" label="gene"/>
      <span end="7804" id="16255782-9466" start="7800">gene</span>
    </annotation>
    <annotation annotator="Mike Bada, University of Colorado School of Medicine" id="SO_2017_06_11_Instance_54211" type="identity">
      <class id="SO:0000704" label="gene"/>
      <span end="8158" id="16255782-9468" start="8154">gene</span>
    </annotation>
    <annotation annotator="Mike Bada, University of Colorado School of Medicine" id="SO_2017_06_11_Instance_54213" type="identity">
      <class id="SO:0000006" label="PCR_product"/>
      <span end="8251" id="16255782-9470" start="8240">PCR product</span>
    </annotation>
    <annotation annotator="Mike Bada, University of Colorado School of Medicine" id="SO_2017_06_11_Instance_54215" type="identity">
      <class id="SO:0000673" label="transcript"/>
      <span end="8440" id="16255782-9472" start="8430">transcript</span>
    </annotation>
    <annotation annotator="Mike Bada, University of Colorado School of Medicine" id="SO_2017_06_11_Instance_54217" type="identity">
      <class id="SO:0000704" label="gene"/>
      <span end="8602" id="16255782-9474" start="8597">genes</span>
    </annotation>
    <annotation annotator="Mike Bada, University of Colorado School of Medicine" id="SO_2017_06_11_Instance_54219" type="identity">
      <class id="SO:0000704" label="gene"/>
      <span end="8788" id="16255782-9476" start="8783">genes</span>
    </annotation>
    <annotation annotator="Mike Bada, University of Colorado School of Medicine" id="SO_2017_06_11_Instance_54221" type="identity">
      <class id="SO:0000704" label="gene"/>
      <span end="8963" id="16255782-9478" start="8959">gene</span>
    </annotation>
    <annotation annotator="Mike Bada, University of Colorado School of Medicine" id="SO_2017_06_11_Instance_54223" type="identity">
      <class id="SO:0000704" label="gene"/>
      <span end="9194" id="16255782-9480" start="9189">genes</span>
    </annotation>
    <annotation annotator="Mike Bada, University of Colorado School of Medicine" id="SO_2017_06_11_Instance_54225" type="identity">
      <class id="SO:0000673" label="transcript"/>
      <span end="9396" id="16255782-9482" start="9386">transcript</span>
    </annotation>
    <annotation annotator="Mike Bada, University of Colorado School of Medicine" id="SO_2017_06_11_Instance_54227" type="identity">
      <class id="SO:0000704" label="gene"/>
      <span end="9425" id="16255782-9484" start="9421">gene</span>
    </annotation>
    <annotation annotator="Mike Bada, University of Colorado School of Medicine" id="SO_2017_06_11_Instance_39167" type="identity">
      <class id="SO:0000235" label="TF_binding_site"/>
      <span end="9596" id="16255782-9379" start="9559">Transcription factor recognition site</span>
    </annotation>
    <annotation annotator="Mike Bada, University of Colorado School of Medicine" id="SO_2017_06_11_Instance_54229" type="identity">
      <class id="SO:0000704" label="gene"/>
      <span end="9715" id="16255782-9486" start="9710">genes</span>
    </annotation>
    <annotation annotator="Mike Bada, University of Colorado School of Medicine" id="SO_2017_06_11_Instance_54231" type="identity">
      <class id="SO:0001026" label="genome"/>
      <span end="9733" id="16255782-9488" start="9727">genome</span>
    </annotation>
    <annotation annotator="Mike Bada, University of Colorado School of Medicine" id="SO_2017_06_11_Instance_54233" type="identity">
      <class id="SO:0000028" label="base_pair"/>
      <span end="9760" id="16255782-9490" start="9750">base pairs</span>
    </annotation>
    <annotation annotator="Mike Bada, University of Colorado School of Medicine" id="SO_2017_06_11_Instance_54235" type="identity">
      <class id="SO:0000167" label="promoter"/>
      <span end="9776" id="16255782-9492" start="9768">promoter</span>
    </annotation>
    <annotation annotator="Mike Bada, University of Colorado School of Medicine" id="SO_2017_06_11_Instance_54237" type="identity">
      <class id="SO:0000028" label="base_pair"/>
      <span end="9801" id="16255782-9494" start="9791">base pairs</span>
    </annotation>
    <annotation annotator="Mike Bada, University of Colorado School of Medicine" id="SO_2017_06_11_Instance_54239" type="identity">
      <class id="SO:0000028" label="base_pair"/>
      <span end="9832" id="16255782-9496" start="9822">base pairs</span>
    </annotation>
    <annotation annotator="Mike Bada, University of Colorado School of Medicine" id="SO_2017_06_11_Instance_54241" type="identity">
      <class id="SO:0000315" label="TSS"/>
      <span end="9866" id="16255782-9498" start="9842">transcription start site</span>
    </annotation>
    <annotation annotator="Mike Bada, University of Colorado School of Medicine" id="SO_2017_06_11_Instance_54243" type="identity">
      <class id="SO:0000704" label="gene"/>
      <span end="9881" id="16255782-9500" start="9877">gene</span>
    </annotation>
    <annotation annotator="Mike Bada, University of Colorado School of Medicine" id="SO_2017_06_11_Instance_54245" type="identity">
      <class id="SO:0000028" label="base_pair"/>
      <span end="9950" id="16255782-9502" start="9941">base pair</span>
    </annotation>
    <annotation annotator="Mike Bada, University of Colorado School of Medicine" id="SO_2017_06_11_Instance_32589" type="identity">
      <class id="SO:0000235" label="TF_binding_site"/>
      <span end="10086" id="16255782-9371" start="10049">transcription factor recognition site</span>
    </annotation>
    <annotation annotator="Mike Bada, University of Colorado School of Medicine" id="SO_2017_06_11_Instance_39169" type="identity">
      <class id="SO:0000235" label="TF_binding_site"/>
      <span end="10169" id="16255782-9381" start="10160">sites for</span>
      <span end="10194" id="16255782-9382" start="10173">transcription factors</span>
    </annotation>
    <annotation annotator="Mike Bada, University of Colorado School of Medicine" id="SO_2017_06_11_Instance_54251" type="identity">
      <class id="SO:0000704" label="gene"/>
      <span end="10798" id="16255782-9504" start="10793">genes</span>
    </annotation>
    <annotation annotator="Mike Bada, University of Colorado School of Medicine" id="SO_2017_06_11_Instance_54253" type="identity">
      <class id="SO:0000673" label="transcript"/>
      <span end="10842" id="16255782-9506" start="10832">transcript</span>
    </annotation>
    <annotation annotator="Mike Bada, University of Colorado School of Medicine" id="SO_2017_06_11_Instance_54255" type="identity">
      <class id="SO:0000704" label="gene"/>
      <span end="10885" id="16255782-9508" start="10881">gene</span>
    </annotation>
    <annotation annotator="Mike Bada, University of Colorado School of Medicine" id="SO_2017_06_11_Instance_54257" type="identity">
      <class id="SO:0000704" label="gene"/>
      <span end="10972" id="16255782-9510" start="10968">gene</span>
    </annotation>
    <annotation annotator="Mike Bada, University of Colorado School of Medicine" id="SO_2017_06_11_Instance_54261" type="identity">
      <class id="SO:0000006" label="PCR_product"/>
      <span end="11101" id="16255782-9512" start="11090">PCR product</span>
    </annotation>
    <annotation annotator="Mike Bada, University of Colorado School of Medicine" id="SO_2017_06_11_Instance_54263" type="identity">
      <class id="SO:0000704" label="gene"/>
      <span end="11136" id="16255782-9514" start="11132">gene</span>
    </annotation>
    <annotation annotator="Mike Bada, University of Colorado School of Medicine" id="SO_2017_06_11_Instance_54265" type="identity">
      <class id="SO:0000006" label="PCR_product"/>
      <span end="11260" id="16255782-9516" start="11248">PCR products</span>
    </annotation>
    <annotation annotator="Mike Bada, University of Colorado School of Medicine" id="SO_2017_06_11_Instance_54267" type="identity">
      <class id="SO:0000704" label="gene"/>
      <span end="11629" id="16255782-9518" start="11624">genes</span>
    </annotation>
    <annotation annotator="Mike Bada, University of Colorado School of Medicine" id="SO_2017_06_11_Instance_54269" type="identity">
      <class id="SO:0000704" label="gene"/>
      <span end="11820" id="16255782-9520" start="11815">genes</span>
    </annotation>
    <annotation annotator="Mike Bada, University of Colorado School of Medicine" id="SO_2017_06_11_Instance_54271" type="identity">
      <class id="SO:0000704" label="gene"/>
      <span end="12262" id="16255782-9522" start="12257">genes</span>
    </annotation>
    <annotation annotator="Mike Bada, University of Colorado School of Medicine" id="SO_2017_06_11_Instance_54273" type="identity">
      <class id="SO:0000704" label="gene"/>
      <span end="13244" id="16255782-9524" start="13240">gene</span>
    </annotation>
    <annotation annotator="Mike Bada, University of Colorado School of Medicine" id="SO_2017_06_11_Instance_54275" type="identity">
      <class id="SO:0000704" label="gene"/>
      <span end="13372" id="16255782-9526" start="13368">gene</span>
    </annotation>
    <annotation annotator="Mike Bada, University of Colorado School of Medicine" id="SO_2017_06_11_Instance_54277" type="identity">
      <class id="SO:0000704" label="gene"/>
      <span end="13648" id="16255782-9528" start="13643">genes</span>
    </annotation>
    <annotation annotator="Mike Bada, University of Colorado School of Medicine" id="SO_2017_06_11_Instance_54279" type="identity">
      <class id="SO:0000673" label="transcript"/>
      <span end="13913" id="16255782-9530" start="13903">transcript</span>
    </annotation>
    <annotation annotator="Mike Bada, University of Colorado School of Medicine" id="SO_2017_06_11_Instance_54281" type="identity">
      <class id="SO:0000704" label="gene"/>
      <span end="13958" id="16255782-9532" start="13953">genes</span>
    </annotation>
    <annotation annotator="Mike Bada, University of Colorado School of Medicine" id="SO_2017_06_11_Instance_54283" type="identity">
      <class id="SO:0000673" label="transcript"/>
      <span end="14005" id="16255782-9534" start="13995">transcript</span>
    </annotation>
    <annotation annotator="Mike Bada, University of Colorado School of Medicine" id="SO_2017_06_11_Instance_54285" type="identity">
      <class id="SO:0000673" label="transcript"/>
      <span end="14094" id="16255782-9536" start="14084">transcript</span>
    </annotation>
    <annotation annotator="Mike Bada, University of Colorado School of Medicine" id="SO_2017_06_11_Instance_54287" type="identity">
      <class id="SO:0000704" label="gene"/>
      <span end="14156" id="16255782-9538" start="14151">genes</span>
    </annotation>
    <annotation annotator="Mike Bada, University of Colorado School of Medicine" id="SO_2017_06_11_Instance_54289" type="identity">
      <class id="SO:0000704" label="gene"/>
      <span end="14246" id="16255782-9540" start="14241">genes</span>
    </annotation>
    <annotation annotator="Mike Bada, University of Colorado School of Medicine" id="SO_2017_06_11_Instance_54291" type="identity">
      <class id="SO:0000704" label="gene"/>
      <span end="14352" id="16255782-9542" start="14347">genes</span>
    </annotation>
    <annotation annotator="Mike Bada, University of Colorado School of Medicine" id="SO_2017_06_11_Instance_54293" type="identity">
      <class id="SO:0000704" label="gene"/>
      <span end="14605" id="16255782-9544" start="14600">genes</span>
    </annotation>
    <annotation annotator="Mike Bada, University of Colorado School of Medicine" id="SO_2017_06_11_Instance_54295" type="identity">
      <class id="SO:0000704" label="gene"/>
      <span end="14672" id="16255782-9546" start="14667">genes</span>
    </annotation>
    <annotation annotator="Mike Bada, University of Colorado School of Medicine" id="SO_2017_06_11_Instance_32591" type="identity">
      <class id="SO:0000409" label="binding_site"/>
      <span end="14725" id="16255782-9373" start="14709">recognition site</span>
    </annotation>
    <annotation annotator="Mike Bada, University of Colorado School of Medicine" id="SO_2017_06_11_Instance_32593" type="identity">
      <class id="SO:0000409" label="binding_site"/>
      <span end="14767" id="16255782-9375" start="14751">recognition site</span>
    </annotation>
    <annotation annotator="Mike Bada, University of Colorado School of Medicine" id="SO_2017_06_11_Instance_54297" type="identity">
      <class id="SO:0000704" label="gene"/>
      <span end="14818" id="16255782-9548" start="14813">genes</span>
    </annotation>
    <annotation annotator="Mike Bada, University of Colorado School of Medicine" id="SO_2017_06_11_Instance_54299" type="identity">
      <class id="SO:0000704" label="gene"/>
      <span end="14939" id="16255782-9550" start="14934">genes</span>
    </annotation>
    <annotation annotator="Mike Bada, University of Colorado School of Medicine" id="SO_2017_06_11_Instance_54301" type="identity">
      <class id="SO:0000704" label="gene"/>
      <span end="15051" id="16255782-9552" start="15046">genes</span>
    </annotation>
    <annotation annotator="Mike Bada, University of Colorado School of Medicine" id="SO_2017_06_11_Instance_32595" type="identity">
      <class id="SO:0000409" label="binding_site"/>
      <span end="15149" id="16255782-9377" start="15133">recognition site</span>
    </annotation>
    <annotation annotator="Mike Bada, University of Colorado School of Medicine" id="SO_2017_06_11_Instance_54303" type="identity">
      <class id="SO:0000704" label="gene"/>
      <span end="15356" id="16255782-9554" start="15351">genes</span>
    </annotation>
    <annotation annotator="Mike Bada, University of Colorado School of Medicine" id="SO_2017_06_11_Instance_54305" type="identity">
      <class id="SO:0000673" label="transcript"/>
      <span end="15666" id="16255782-9556" start="15656">transcript</span>
    </annotation>
    <annotation annotator="Mike Bada, University of Colorado School of Medicine" id="SO_2017_06_11_Instance_54307" type="identity">
      <class id="SO:0000673" label="transcript"/>
      <span end="16317" id="16255782-9558" start="16307">transcript</span>
    </annotation>
    <annotation annotator="Mike Bada, University of Colorado School of Medicine" id="SO_2017_06_11_Instance_54309" type="identity">
      <class id="SO:0000673" label="transcript"/>
      <span end="16367" id="16255782-9560" start="16357">transcript</span>
    </annotation>
    <annotation annotator="Mike Bada, University of Colorado School of Medicine" id="SO_2017_06_11_Instance_54311" type="identity">
      <class id="SO:0000704" label="gene"/>
      <span end="16432" id="16255782-9562" start="16427">genes</span>
    </annotation>
    <annotation annotator="Mike Bada, University of Colorado School of Medicine" id="SO_2017_06_11_Instance_54313" type="identity">
      <class id="SO:0000704" label="gene"/>
      <span end="16679" id="16255782-9564" start="16674">genes</span>
    </annotation>
    <annotation annotator="Mike Bada, University of Colorado School of Medicine" id="SO_2017_06_11_Instance_54315" type="identity">
      <class id="SO:0000704" label="gene"/>
      <span end="17001" id="16255782-9566" start="16996">genes</span>
    </annotation>
    <annotation annotator="Mike Bada, University of Colorado School of Medicine" id="SO_2017_06_11_Instance_54317" type="identity">
      <class id="SO:0000704" label="gene"/>
      <span end="17095" id="16255782-9568" start="17090">genes</span>
    </annotation>
    <annotation annotator="Mike Bada, University of Colorado School of Medicine" id="SO_2017_06_11_Instance_54319" type="identity">
      <class id="SO:0000704" label="gene"/>
      <span end="17323" id="16255782-9570" start="17318">genes</span>
    </annotation>
    <annotation annotator="Mike Bada, University of Colorado School of Medicine" id="SO_2017_06_11_Instance_54321" type="identity">
      <class id="SO:0000704" label="gene"/>
      <span end="17509" id="16255782-9572" start="17504">genes</span>
    </annotation>
    <annotation annotator="Mike Bada, University of Colorado School of Medicine" id="SO_2017_06_11_Instance_54327" type="identity">
      <class id="SO:0000704" label="gene"/>
      <span end="17864" id="16255782-9574" start="17860">gene</span>
    </annotation>
    <annotation annotator="Mike Bada, University of Colorado School of Medicine" id="SO_2017_06_11_Instance_54329" type="identity">
      <class id="SO:0000167" label="promoter"/>
      <span end="17938" id="16255782-9576" start="17929">promoters</span>
    </annotation>
    <annotation annotator="Mike Bada, University of Colorado School of Medicine" id="SO_2017_06_11_Instance_54331" type="identity">
      <class id="SO:0000704" label="gene"/>
      <span end="18614" id="16255782-9578" start="18609">genes</span>
    </annotation>
    <annotation annotator="Mike Bada, University of Colorado School of Medicine" id="SO_2017_06_11_Instance_54333" type="identity">
      <class id="SO:0000704" label="gene"/>
      <span end="18680" id="16255782-9580" start="18676">gene</span>
    </annotation>
    <annotation annotator="Mike Bada, University of Colorado School of Medicine" id="SO_2017_06_11_Instance_54335" type="identity">
      <class id="SO:0000673" label="transcript"/>
      <span end="18691" id="16255782-9582" start="18681">transcript</span>
    </annotation>
    <annotation annotator="Mike Bada, University of Colorado School of Medicine" id="SO_2017_06_11_Instance_54337" type="identity">
      <class id="SO:0000704" label="gene"/>
      <span end="18830" id="16255782-9584" start="18825">genes</span>
    </annotation>
    <annotation annotator="Mike Bada, University of Colorado School of Medicine" id="SO_2017_06_11_Instance_54339" type="identity">
      <class id="SO:0000704" label="gene"/>
      <span end="19046" id="16255782-9586" start="19041">genes</span>
    </annotation>
    <annotation annotator="Mike Bada, University of Colorado School of Medicine" id="SO_2017_06_11_Instance_54341" type="identity">
      <class id="SO:0000704" label="gene"/>
      <span end="19282" id="16255782-9588" start="19277">genes</span>
    </annotation>
    <annotation annotator="Mike Bada, University of Colorado School of Medicine" id="SO_2017_06_11_Instance_54343" type="identity">
      <class id="SO:0000704" label="gene"/>
      <span end="19435" id="16255782-9590" start="19431">gene</span>
    </annotation>
    <annotation annotator="Mike Bada, University of Colorado School of Medicine" id="SO_2017_06_11_Instance_54347" type="identity">
      <class id="SO:0000704" label="gene"/>
      <span end="20016" id="16255782-9592" start="20012">gene</span>
    </annotation>
    <annotation annotator="Mike Bada, University of Colorado School of Medicine" id="SO_2017_06_11_Instance_54349" type="identity">
      <class id="SO:0000704" label="gene"/>
      <span end="20709" id="16255782-9594" start="20704">genes</span>
    </annotation>
    <annotation annotator="Mike Bada, University of Colorado School of Medicine" id="SO_2017_06_11_Instance_54351" type="identity">
      <class id="SO:0000704" label="gene"/>
      <span end="20865" id="16255782-9596" start="20860">genes</span>
    </annotation>
    <annotation annotator="Mike Bada, University of Colorado School of Medicine" id="SO_2017_06_11_Instance_54353" type="identity">
      <class id="SO:0000673" label="transcript"/>
      <span end="20965" id="16255782-9598" start="20955">transcript</span>
    </annotation>
    <annotation annotator="Mike Bada, University of Colorado School of Medicine" id="SO_2017_06_11_Instance_54355" type="identity">
      <class id="SO:0000704" label="gene"/>
      <span end="21067" id="16255782-9600" start="21062">genes</span>
    </annotation>
    <annotation annotator="Mike Bada, University of Colorado School of Medicine" id="SO_2017_06_11_Instance_54357" type="identity">
      <class id="SO:0000704" label="gene"/>
      <span end="21476" id="16255782-9602" start="21471">genes</span>
    </annotation>
    <annotation annotator="Mike Bada, University of Colorado School of Medicine" id="SO_2017_06_11_Instance_54359" type="identity">
      <class id="SO:0000704" label="gene"/>
      <span end="21756" id="16255782-9604" start="21752">gene</span>
    </annotation>
    <annotation annotator="Mike Bada, University of Colorado School of Medicine" id="SO_2017_06_11_Instance_54361" type="identity">
      <class id="SO:0000673" label="transcript"/>
      <span end="21895" id="16255782-9606" start="21885">transcript</span>
    </annotation>
    <annotation annotator="Mike Bada, University of Colorado School of Medicine" id="SO_2017_06_11_Instance_54363" type="identity">
      <class id="SO:0000673" label="transcript"/>
      <span end="22054" id="16255782-9608" start="22044">transcript</span>
    </annotation>
    <annotation annotator="Mike Bada, University of Colorado School of Medicine" id="SO_2017_06_11_Instance_54365" type="identity">
      <class id="SO:0000673" label="transcript"/>
      <span end="22171" id="16255782-9610" start="22161">transcript</span>
    </annotation>
    <annotation annotator="Mike Bada, University of Colorado School of Medicine" id="SO_2017_06_11_Instance_54367" type="identity">
      <class id="SO:0000673" label="transcript"/>
      <span end="22220" id="16255782-9612" start="22210">transcript</span>
    </annotation>
    <annotation annotator="Mike Bada, University of Colorado School of Medicine" id="SO_2017_06_11_Instance_54369" type="identity">
      <class id="SO:0000704" label="gene"/>
      <span end="22280" id="16255782-9614" start="22275">genes</span>
    </annotation>
    <annotation annotator="Mike Bada, University of Colorado School of Medicine" id="SO_2017_06_11_Instance_54371" type="identity">
      <class id="SO:0000673" label="transcript"/>
      <span end="22312" id="16255782-9616" start="22302">transcript</span>
    </annotation>
    <annotation annotator="Mike Bada, University of Colorado School of Medicine" id="SO_2017_06_11_Instance_54373" type="identity">
      <class id="SO:0000673" label="transcript"/>
      <span end="22360" id="16255782-9618" start="22350">transcript</span>
    </annotation>
    <annotation annotator="Mike Bada, University of Colorado School of Medicine" id="SO_2017_06_11_Instance_54375" type="identity">
      <class id="SO:0000704" label="gene"/>
      <span end="22410" id="16255782-9620" start="22405">genes</span>
    </annotation>
    <annotation annotator="Mike Bada, University of Colorado School of Medicine" id="SO_2017_06_11_Instance_54377" type="identity">
      <class id="SO:0000704" label="gene"/>
      <span end="22582" id="16255782-9622" start="22577">genes</span>
    </annotation>
    <annotation annotator="Mike Bada, University of Colorado School of Medicine" id="SO_2017_06_11_Instance_54379" type="identity">
      <class id="SO:0000704" label="gene"/>
      <span end="22721" id="16255782-9624" start="22716">genes</span>
    </annotation>
    <annotation annotator="Mike Bada, University of Colorado School of Medicine" id="SO_2017_06_11_Instance_54381" type="identity">
      <class id="SO:0000704" label="gene"/>
      <span end="22826" id="16255782-9626" start="22822">Gene</span>
    </annotation>
    <annotation annotator="Mike Bada, University of Colorado School of Medicine" id="SO_2017_06_11_Instance_54383" type="identity">
      <class id="SO:0000704" label="gene"/>
      <span end="23932" id="16255782-9628" start="23927">genes</span>
    </annotation>
    <annotation annotator="Mike Bada, University of Colorado School of Medicine" id="SO_2017_06_11_Instance_54385" type="identity">
      <class id="SO:0000704" label="gene"/>
      <span end="23965" id="16255782-9630" start="23961">Gene</span>
    </annotation>
    <annotation annotator="Mike Bada, University of Colorado School of Medicine" id="SO_2017_06_11_Instance_54387" type="identity">
      <class id="SO:0000704" label="gene"/>
      <span end="24004" id="16255782-9632" start="24000">Gene</span>
    </annotation>
    <annotation annotator="Mike Bada, University of Colorado School of Medicine" id="SO_2017_06_11_Instance_54389" type="identity">
      <class id="SO:0000704" label="gene"/>
      <span end="24431" id="16255782-9634" start="24426">genes</span>
    </annotation>
    <annotation annotator="Mike Bada, University of Colorado School of Medicine" id="SO_2017_06_11_Instance_54391" type="identity">
      <class id="SO:0000704" label="gene"/>
      <span end="24734" id="16255782-9636" start="24730">gene</span>
    </annotation>
    <annotation annotator="Mike Bada, University of Colorado School of Medicine" id="SO_2017_06_11_Instance_54395" type="identity">
      <class id="SO:0000112" label="primer"/>
      <span end="25488" id="16255782-9638" start="25482">primer</span>
    </annotation>
    <annotation annotator="Mike Bada, University of Colorado School of Medicine" id="SO_2017_06_11_Instance_54397" type="identity">
      <class id="SO:0000673" label="transcript"/>
      <span end="25540" id="16255782-9640" start="25530">transcript</span>
    </annotation>
    <annotation annotator="Mike Bada, University of Colorado School of Medicine" id="SO_2017_06_11_Instance_54399" type="identity">
      <class id="SO:0000673" label="transcript"/>
      <span end="25653" id="16255782-9642" start="25643">transcript</span>
    </annotation>
    <annotation annotator="Mike Bada, University of Colorado School of Medicine" id="SO_2017_06_11_Instance_54401" type="identity">
      <class id="SO:0000673" label="transcript"/>
      <span end="25703" id="16255782-9644" start="25693">transcript</span>
    </annotation>
    <annotation annotator="Mike Bada, University of Colorado School of Medicine" id="SO_2017_06_11_Instance_54403" type="identity">
      <class id="SO:0000704" label="gene"/>
      <span end="25732" id="16255782-9646" start="25728">gene</span>
    </annotation>
    <annotation annotator="Mike Bada, University of Colorado School of Medicine" id="SO_2017_06_11_Instance_54405" type="identity">
      <class id="SO:0000673" label="transcript"/>
      <span end="25964" id="16255782-9648" start="25954">transcript</span>
    </annotation>
    <annotation annotator="Mike Bada, University of Colorado School of Medicine" id="SO_2017_06_11_Instance_54407" type="identity">
      <class id="SO:0000673" label="transcript"/>
      <span end="26045" id="16255782-9650" start="26035">transcript</span>
    </annotation>
    <annotation annotator="Mike Bada, University of Colorado School of Medicine" id="SO_2017_06_11_Instance_54409" type="identity">
      <class id="SO:0000673" label="transcript"/>
      <span end="26251" id="16255782-9652" start="26241">transcript</span>
    </annotation>
    <annotation annotator="Mike Bada, University of Colorado School of Medicine" id="SO_2017_06_11_Instance_54411" type="identity">
      <class id="SO:0000704" label="gene"/>
      <span end="26353" id="16255782-9654" start="26348">genes</span>
    </annotation>
    <annotation annotator="Mike Bada, University of Colorado School of Medicine" id="SO_2017_06_11_Instance_54413" type="identity">
      <class id="SO:0000673" label="transcript"/>
      <span end="26857" id="16255782-9656" start="26847">transcript</span>
    </annotation>
    <annotation annotator="Mike Bada, University of Colorado School of Medicine" id="SO_2017_06_11_Instance_54415" type="identity">
      <class id="SO:0000704" label="gene"/>
      <span end="26919" id="16255782-9658" start="26915">gene</span>
    </annotation>
    <annotation annotator="Mike Bada, University of Colorado School of Medicine" id="SO_2017_06_11_Instance_54417" type="identity">
      <class id="SO:0000673" label="transcript"/>
      <span end="27034" id="16255782-9660" start="27024">transcript</span>
    </annotation>
    <annotation annotator="Mike Bada, University of Colorado School of Medicine" id="SO_2017_06_11_Instance_54419" type="identity">
      <class id="SO:0000704" label="gene"/>
      <span end="27159" id="16255782-9662" start="27154">genes</span>
    </annotation>
    <annotation annotator="Mike Bada, University of Colorado School of Medicine" id="SO_2017_06_11_Instance_54421" type="identity">
      <class id="SO:0000704" label="gene"/>
      <span end="27257" id="16255782-9664" start="27253">gene</span>
    </annotation>
    <annotation annotator="Mike Bada, University of Colorado School of Medicine" id="SO_2017_06_11_Instance_54423" type="identity">
      <class id="SO:0000704" label="gene"/>
      <span end="27606" id="16255782-9666" start="27601">genes</span>
    </annotation>
    <graph-space id="Old Knowtator Relations"/>
  </document>
</knowtator-project>
