<?xml version="1.0" encoding="UTF-8" standalone="no"?>
<knowtator-project>
  <document id="16362077" text-file="16362077.txt">
    <annotation annotator="" id="SO_2017_06_11_Instance_92449" type="identity">
      <class id="SO:0002031" label="shRNA"/>
      <span end="841" id="16362077-10086" start="824">short hairpin RNA</span>
    </annotation>
    <annotation annotator="Mike Bada, University of Colorado School of Medicine" id="SO_2017_06_11_Instance_33065" type="identity">
      <class id="SO:0000704" label="gene"/>
      <span end="3780" id="16362077-9978" start="3773">genetic</span>
    </annotation>
    <annotation annotator="Mike Bada, University of Colorado School of Medicine" id="SO_2017_06_11_Instance_33067" type="identity">
      <class id="SO:0000417" label="polypeptide_domain"/>
      <span end="5401" id="16362077-9980" start="5395">domain</span>
    </annotation>
    <annotation annotator="Mike Bada, University of Colorado School of Medicine" id="SO_2017_06_11_Instance_33069" type="identity">
      <class id="SO:0001060" label="sequence_variant"/>
      <span end="5732" id="16362077-9982" start="5724">isoforms</span>
    </annotation>
    <annotation annotator="Mike Bada, University of Colorado School of Medicine" id="SO_2017_06_11_Instance_33071" type="identity">
      <class id="SO:0000417" label="polypeptide_domain"/>
      <span end="6005" id="16362077-9984" start="5999">domain</span>
    </annotation>
    <annotation annotator="Mike Bada, University of Colorado School of Medicine" id="SO_2017_06_11_Instance_33073" type="identity">
      <class id="SO:0000417" label="polypeptide_domain"/>
      <span end="6215" id="16362077-9986" start="6209">domain</span>
    </annotation>
    <annotation annotator="Mike Bada, University of Colorado School of Medicine" id="SO_2017_06_11_Instance_33075" type="identity">
      <class id="SO:0000417" label="polypeptide_domain"/>
      <span end="6343" id="16362077-9988" start="6337">domain</span>
    </annotation>
    <annotation annotator="Mike Bada, University of Colorado School of Medicine" id="SO_2017_06_11_Instance_39187" type="identity">
      <class id="SO:0000932" label="pre_edited_mRNA"/>
      <span end="6573" id="16362077-10022" start="6565">pre-mRNA</span>
    </annotation>
    <annotation annotator="Mike Bada, University of Colorado School of Medicine" id="SO_2017_06_11_Instance_54739" type="identity">
      <class id="SO:0000147" label="exon"/>
      <span end="9081" id="16362077-10028" start="9076">exons</span>
    </annotation>
    <annotation annotator="Mike Bada, University of Colorado School of Medicine" id="SO_2017_06_11_Instance_54741" type="identity">
      <class id="SO:0000704" label="gene"/>
      <span end="9107" id="16362077-10030" start="9103">gene</span>
    </annotation>
    <annotation annotator="Mike Bada, University of Colorado School of Medicine" id="SO_2017_06_11_Instance_33085" type="identity">
      <class id="SO:0000417" label="polypeptide_domain"/>
      <span end="9177" id="16362077-9990" start="9171">domain</span>
    </annotation>
    <annotation annotator="Mike Bada, University of Colorado School of Medicine" id="SO_2017_06_11_Instance_54745" type="identity">
      <class id="SO:0001023" label="allele"/>
      <span end="9227" id="16362077-10032" start="9221">allele</span>
    </annotation>
    <annotation annotator="Mike Bada, University of Colorado School of Medicine" id="SO_2017_06_11_Instance_33087" type="identity">
      <class id="SO:0001026" label="genome"/>
      <span end="9300" id="16362077-9992" start="9293">genomic</span>
    </annotation>
    <annotation annotator="Mike Bada, University of Colorado School of Medicine" id="SO_2017_06_11_Instance_54747" type="identity">
      <class id="SO:0000673" label="transcript"/>
      <span end="9342" id="16362077-10034" start="9331">transcripts</span>
    </annotation>
    <annotation annotator="Mike Bada, University of Colorado School of Medicine" id="SO_2017_06_11_Instance_54749" type="identity">
      <class id="SO:0000147" label="exon"/>
      <span end="9359" id="16362077-10036" start="9354">exons</span>
    </annotation>
    <annotation annotator="Mike Bada, University of Colorado School of Medicine" id="SO_2017_06_11_Instance_54769" type="identity">
      <class id="SO:0000704" label="gene"/>
      <span end="20254" id="16362077-10038" start="20250">gene</span>
    </annotation>
    <annotation annotator="Mike Bada, University of Colorado School of Medicine" id="SO_2017_06_11_Instance_39191" type="identity">
      <class id="SO:0000313" label="stem_loop"/>
      <span end="20388" id="16362077-10024" start="20381">hairpin</span>
    </annotation>
    <annotation annotator="" id="SO_2017_06_11_Instance_92451" type="identity">
      <class id="SO:0002031" label="shRNA"/>
      <span end="21129" id="16362077-10088" start="21112">short hairpin RNA</span>
    </annotation>
    <annotation annotator="" id="SO_2017_06_11_Instance_92453" type="identity">
      <class id="SO:0002031" label="shRNA"/>
      <span end="21136" id="16362077-10090" start="21131">shRNA</span>
    </annotation>
    <annotation annotator="" id="SO_2017_06_11_Instance_92459" type="identity">
      <class id="SO:0002031" label="shRNA"/>
      <span end="22810" id="16362077-10096" start="22805">shRNA</span>
    </annotation>
    <annotation annotator="Mike Bada, University of Colorado School of Medicine" id="SO_2017_06_11_Instance_33093" type="identity">
      <class id="SO:0000417" label="polypeptide_domain"/>
      <span end="24170" id="16362077-9994" start="24164">domain</span>
    </annotation>
    <annotation annotator="" id="SO_2017_06_11_Instance_92461" type="identity">
      <class id="SO:0002031" label="shRNA"/>
      <span end="27514" id="16362077-10098" start="27509">shRNA</span>
    </annotation>
    <annotation annotator="Mike Bada, University of Colorado School of Medicine" id="SO_2017_06_11_Instance_54783" type="identity">
      <class id="SO:0000704" label="gene"/>
      <span end="31312" id="16362077-10040" start="31308">gene</span>
    </annotation>
    <annotation annotator="Mike Bada, University of Colorado School of Medicine" id="SO_2017_06_11_Instance_54787" type="identity">
      <class id="SO:0000147" label="exon"/>
      <span end="31363" id="16362077-10042" start="31358">exons</span>
    </annotation>
    <annotation annotator="Mike Bada, University of Colorado School of Medicine" id="SO_2017_06_11_Instance_33097" type="identity">
      <class id="SO:0001026" label="genome"/>
      <span end="31406" id="16362077-9996" start="31399">genomic</span>
    </annotation>
    <annotation annotator="Mike Bada, University of Colorado School of Medicine" id="SO_2017_06_11_Instance_33101" type="identity">
      <class id="SO:0001026" label="genome"/>
      <span end="31483" id="16362077-9998" start="31476">genomic</span>
    </annotation>
    <annotation annotator="Mike Bada, University of Colorado School of Medicine" id="SO_2017_06_11_Instance_54793" type="identity">
      <class id="SO:0000147" label="exon"/>
      <span end="31524" id="16362077-10044" start="31520">exon</span>
    </annotation>
    <annotation annotator="Mike Bada, University of Colorado School of Medicine" id="SO_2017_06_11_Instance_33103" type="identity">
      <class id="SO:0000852" label="exon_region"/>
      <span end="31543" id="16362077-10000" start="31531">part of exon</span>
    </annotation>
    <annotation annotator="Mike Bada, University of Colorado School of Medicine" id="SO_2017_06_11_Instance_33105" type="identity">
      <class id="SO:0000852" label="exon_region"/>
      <span end="31577" id="16362077-10002" start="31565">part of exon</span>
    </annotation>
    <annotation annotator="Mike Bada, University of Colorado School of Medicine" id="SO_2017_06_11_Instance_54799" type="identity">
      <class id="SO:0000147" label="exon"/>
      <span end="31588" id="16362077-10046" start="31584">exon</span>
    </annotation>
    <annotation annotator="Mike Bada, University of Colorado School of Medicine" id="SO_2017_06_11_Instance_54805" type="identity">
      <class id="SO:0000112" label="primer"/>
      <span end="31811" id="16362077-10048" start="31805">primer</span>
    </annotation>
    <annotation annotator="" id="SO_2017_06_11_Instance_171520" type="identity">
      <class id="SO:0001644" label="targeting_vector"/>
      <span end="32198" id="16362077-9976" start="32182">targeting vector</span>
    </annotation>
    <annotation annotator="Mike Bada, University of Colorado School of Medicine" id="SO_2017_06_11_Instance_54811" type="identity">
      <class id="SO:0000147" label="exon"/>
      <span end="32223" id="16362077-10050" start="32219">exon</span>
    </annotation>
    <annotation annotator="Mike Bada, University of Colorado School of Medicine" id="SO_2017_06_11_Instance_33113" type="identity">
      <class id="SO:0000852" label="exon_region"/>
      <span end="32242" id="16362077-10004" start="32230">part of exon</span>
    </annotation>
    <annotation annotator="Mike Bada, University of Colorado School of Medicine" id="SO_2017_06_11_Instance_54815" type="identity">
      <class id="SO:0005853" label="gene_cassette"/>
      <span end="32284" id="16362077-10052" start="32271">gene cassette</span>
    </annotation>
    <annotation annotator="Mike Bada, University of Colorado School of Medicine" id="SO_2017_06_11_Instance_54819" type="identity">
      <class id="SO:0000155" label="plasmid"/>
      <span end="32390" id="16362077-10054" start="32383">plasmid</span>
    </annotation>
    <annotation annotator="Mike Bada, University of Colorado School of Medicine" id="SO_2017_06_11_Instance_54821" type="identity">
      <class id="SO:0001023" label="allele"/>
      <span end="32558" id="16362077-10056" start="32552">allele</span>
    </annotation>
    <annotation annotator="Mike Bada, University of Colorado School of Medicine" id="SO_2017_06_11_Instance_33119" type="identity">
      <class id="SO:0001026" label="genome"/>
      <span end="33267" id="16362077-10006" start="33260">Genomic</span>
    </annotation>
    <annotation annotator="Mike Bada, University of Colorado School of Medicine" id="SO_2017_06_11_Instance_33121" type="identity">
      <class id="SO:0001026" label="genome"/>
      <span end="33349" id="16362077-10008" start="33342">genomic</span>
    </annotation>
    <annotation annotator="Mike Bada, University of Colorado School of Medicine" id="SO_2017_06_11_Instance_54831" type="identity">
      <class id="SO:0001023" label="allele"/>
      <span end="33592" id="16362077-10058" start="33586">allele</span>
    </annotation>
    <annotation annotator="Mike Bada, University of Colorado School of Medicine" id="SO_2017_06_11_Instance_33123" type="identity">
      <class id="SO:0001026" label="genome"/>
      <span end="33618" id="16362077-10010" start="33611">genomic</span>
    </annotation>
    <annotation annotator="Mike Bada, University of Colorado School of Medicine" id="SO_2017_06_11_Instance_54835" type="identity">
      <class id="SO:0001023" label="allele"/>
      <span end="33765" id="16362077-10060" start="33759">allele</span>
    </annotation>
    <annotation annotator="Mike Bada, University of Colorado School of Medicine" id="SO_2017_06_11_Instance_33127" type="identity">
      <class id="SO:0001026" label="genome"/>
      <span end="33791" id="16362077-10012" start="33784">genomic</span>
    </annotation>
    <annotation annotator="Mike Bada, University of Colorado School of Medicine" id="SO_2017_06_11_Instance_54839" type="identity">
      <class id="SO:0000704" label="gene"/>
      <span end="35912" id="16362077-10062" start="35908">gene</span>
    </annotation>
    <annotation annotator="Mike Bada, University of Colorado School of Medicine" id="SO_2017_06_11_Instance_54843" type="identity">
      <class id="SO:0000112" label="primer"/>
      <span end="37639" id="16362077-10064" start="37632">primers</span>
    </annotation>
    <annotation annotator="" id="SO_2017_06_11_Instance_92463" type="identity">
      <class id="SO:0002031" label="shRNA"/>
      <span end="38068" id="16362077-10100" start="38063">shRNA</span>
    </annotation>
    <annotation annotator="Mike Bada, University of Colorado School of Medicine" id="SO_2017_06_11_Instance_39197" type="identity">
      <class id="SO:0000985" label="double"/>
      <span end="38084" id="16362077-10026" start="38078">duplex</span>
    </annotation>
    <annotation annotator="Mike Bada, University of Colorado School of Medicine" id="SO_2017_06_11_Instance_54853" type="identity">
      <class id="SO:0000440" label="vector_replicon"/>
      <span end="38470" id="16362077-10066" start="38464">vector</span>
    </annotation>
    <annotation annotator="Mike Bada, University of Colorado School of Medicine" id="SO_2017_06_11_Instance_54855" type="identity">
      <class id="SO:0000704" label="gene"/>
      <span end="39047" id="16362077-10068" start="39043">gene</span>
    </annotation>
    <annotation annotator="Mike Bada, University of Colorado School of Medicine" id="SO_2017_06_11_Instance_54857" type="identity">
      <class id="SO:0000704" label="gene"/>
      <span end="39299" id="16362077-10070" start="39295">Gene</span>
    </annotation>
    <annotation annotator="" id="SO_2017_06_11_Instance_92455" type="identity">
      <class id="SO:0002031" label="shRNA"/>
      <span end="40386" id="16362077-10092" start="40381">shRNA</span>
    </annotation>
    <annotation annotator="" id="SO_2017_06_11_Instance_92457" type="identity">
      <class id="SO:0002031" label="shRNA"/>
      <span end="40406" id="16362077-10094" start="40389">short hairpin RNA</span>
    </annotation>
    <annotation annotator="Mike Bada, University of Colorado School of Medicine" id="SO_2017_06_11_Instance_33133" type="identity">
      <class id="SO:0001026" label="genome"/>
      <span end="41736" id="16362077-10014" start="41729">genomic</span>
    </annotation>
    <annotation annotator="Mike Bada, University of Colorado School of Medicine" id="SO_2017_06_11_Instance_54861" type="identity">
      <class id="SO:0001023" label="allele"/>
      <span end="41794" id="16362077-10072" start="41787">alleles</span>
    </annotation>
    <annotation annotator="Mike Bada, University of Colorado School of Medicine" id="SO_2017_06_11_Instance_54869" type="identity">
      <class id="SO:0001023" label="allele"/>
      <span end="42027" id="16362077-10074" start="42020">alleles</span>
    </annotation>
    <annotation annotator="Mike Bada, University of Colorado School of Medicine" id="SO_2017_06_11_Instance_54871" type="identity">
      <class id="SO:0001023" label="allele"/>
      <span end="42048" id="16362077-10076" start="42042">allele</span>
    </annotation>
    <annotation annotator="Mike Bada, University of Colorado School of Medicine" id="SO_2017_06_11_Instance_54873" type="identity">
      <class id="SO:0000147" label="exon"/>
      <span end="42062" id="16362077-10078" start="42058">exon</span>
    </annotation>
    <annotation annotator="Mike Bada, University of Colorado School of Medicine" id="SO_2017_06_11_Instance_33139" type="identity">
      <class id="SO:0000852" label="exon_region"/>
      <span end="42081" id="16362077-10016" start="42069">part of exon</span>
    </annotation>
    <annotation annotator="Mike Bada, University of Colorado School of Medicine" id="SO_2017_06_11_Instance_33141" type="identity">
      <class id="SO:0005853" label="gene_cassette"/>
      <span end="42121" id="16362077-10018" start="42113">cassette</span>
    </annotation>
    <annotation annotator="Mike Bada, University of Colorado School of Medicine" id="SO_2017_06_11_Instance_33143" type="identity">
      <class id="SO:0001026" label="genome"/>
      <span end="42161" id="16362077-10020" start="42154">genomic</span>
    </annotation>
    <annotation annotator="Mike Bada, University of Colorado School of Medicine" id="SO_2017_06_11_Instance_54883" type="identity">
      <class id="SO:0001023" label="allele"/>
      <span end="42318" id="16362077-10080" start="42311">alleles</span>
    </annotation>
    <annotation annotator="Mike Bada, University of Colorado School of Medicine" id="SO_2017_06_11_Instance_54893" type="identity">
      <class id="SO:0000440" label="vector_replicon"/>
      <span end="47752" id="16362077-10082" start="47746">vector</span>
    </annotation>
    <annotation annotator="Mike Bada, University of Colorado School of Medicine" id="SO_2017_06_11_Instance_54895" type="identity">
      <class id="SO:0000440" label="vector_replicon"/>
      <span end="47779" id="16362077-10084" start="47773">vector</span>
    </annotation>
    <annotation annotator="" id="SO_2017_06_11_Instance_92465" type="identity">
      <class id="SO:0002031" label="shRNA"/>
      <span end="47799" id="16362077-10102" start="47794">shRNA</span>
    </annotation>
    <annotation annotator="" id="SO_2017_06_11_Instance_92467" type="identity">
      <class id="SO:0002031" label="shRNA"/>
      <span end="47812" id="16362077-10104" start="47807">shRNA</span>
    </annotation>
    <graph-space id="Old Knowtator Relations"/>
  </document>
</knowtator-project>
