<?xml version="1.0" encoding="UTF-8" standalone="no"?>
<knowtator-project>
  <document id="16462940" text-file="16462940.txt">
    <annotation annotator="Mike Bada, University of Colorado School of Medicine" id="SO_2017_06_11_Instance_35835" type="identity">
      <class id="SO:0000704" label="gene"/>
      <span end="7" id="16462940-10625" start="0">Genetic</span>
    </annotation>
    <annotation annotator="Mike Bada, University of Colorado School of Medicine" id="SO_2017_06_11_Instance_36347" type="identity">
      <class id="SO:0001026" label="genome"/>
      <span end="19" id="16462940-10699" start="12">Genomic</span>
    </annotation>
    <annotation annotator="Mike Bada, University of Colorado School of Medicine" id="SO_2017_06_11_Instance_55703" type="identity">
      <class id="SO:0000704" label="gene"/>
      <span end="222" id="16462940-10733" start="217">genes</span>
    </annotation>
    <annotation annotator="Mike Bada, University of Colorado School of Medicine" id="SO_2017_06_11_Instance_36363" type="identity">
      <class id="SO:0000704" label="gene"/>
      <span end="363" id="16462940-10715" start="354">genetical</span>
    </annotation>
    <annotation annotator="Mike Bada, University of Colorado School of Medicine" id="SO_2017_06_11_Instance_36349" type="identity">
      <class id="SO:0001026" label="genome"/>
      <span end="371" id="16462940-10701" start="364">genomic</span>
    </annotation>
    <annotation annotator="Mike Bada, University of Colorado School of Medicine" id="SO_2017_06_11_Instance_55705" type="identity">
      <class id="SO:0000704" label="gene"/>
      <span end="874" id="16462940-10735" start="870">gene</span>
    </annotation>
    <annotation annotator="Mike Bada, University of Colorado School of Medicine" id="SO_2017_06_11_Instance_36365" type="identity">
      <class id="SO:0000771" label="QTL"/>
      <span end="909" id="16462940-10717" start="886">quantitative trait loci</span>
    </annotation>
    <annotation annotator="Mike Bada, University of Colorado School of Medicine" id="SO_2017_06_11_Instance_55707" type="identity">
      <class id="SO:0000704" label="gene"/>
      <span end="1186" id="16462940-10737" start="1182">gene</span>
    </annotation>
    <annotation annotator="Mike Bada, University of Colorado School of Medicine" id="SO_2017_06_11_Instance_35837" type="identity">
      <class id="SO:0000704" label="gene"/>
      <span end="1447" id="16462940-10627" start="1440">genetic</span>
    </annotation>
    <annotation annotator="Mike Bada, University of Colorado School of Medicine" id="SO_2017_06_11_Instance_55709" type="identity">
      <class id="SO:0001026" label="genome"/>
      <span end="1517" id="16462940-10739" start="1510">genomes</span>
    </annotation>
    <annotation annotator="Mike Bada, University of Colorado School of Medicine" id="SO_2017_06_11_Instance_35839" type="identity">
      <class id="SO:0000704" label="gene"/>
      <span end="1689" id="16462940-10629" start="1682">genetic</span>
    </annotation>
    <annotation annotator="Mike Bada, University of Colorado School of Medicine" id="SO_2017_06_11_Instance_36351" type="identity">
      <class id="SO:0001026" label="genome"/>
      <span end="1701" id="16462940-10703" start="1694">genomic</span>
    </annotation>
    <annotation annotator="Mike Bada, University of Colorado School of Medicine" id="SO_2017_06_11_Instance_36367" type="identity">
      <class id="SO:0000771" label="QTL"/>
      <span end="1755" id="16462940-10719" start="1732">quantitative trait loci</span>
    </annotation>
    <annotation annotator="Mike Bada, University of Colorado School of Medicine" id="SO_2017_06_11_Instance_55711" type="identity">
      <class id="SO:0000771" label="QTL"/>
      <span end="1761" id="16462940-10741" start="1757">QTLs</span>
    </annotation>
    <annotation annotator="Mike Bada, University of Colorado School of Medicine" id="SO_2017_06_11_Instance_55713" type="identity">
      <class id="SO:0000673" label="transcript"/>
      <span end="1830" id="16462940-10743" start="1819">transcripts</span>
    </annotation>
    <annotation annotator="Mike Bada, University of Colorado School of Medicine" id="SO_2017_06_11_Instance_35841" type="identity">
      <class id="SO:0000704" label="gene"/>
      <span end="1909" id="16462940-10631" start="1902">genetic</span>
    </annotation>
    <annotation annotator="Mike Bada, University of Colorado School of Medicine" id="SO_2017_06_11_Instance_55715" type="identity">
      <class id="SO:0001026" label="genome"/>
      <span end="2063" id="16462940-10745" start="2057">genome</span>
    </annotation>
    <annotation annotator="Mike Bada, University of Colorado School of Medicine" id="SO_2017_06_11_Instance_19137" type="identity">
      <class id="SO:0000704" label="gene"/>
      <span end="2270" id="16462940-10589" start="2265">genes</span>
    </annotation>
    <annotation annotator="Mike Bada, University of Colorado School of Medicine" id="SO_2017_06_11_Instance_55717" type="identity">
      <class id="SO:0000704" label="gene"/>
      <span end="2353" id="16462940-10747" start="2349">gene</span>
    </annotation>
    <annotation annotator="Mike Bada, University of Colorado School of Medicine" id="SO_2017_06_11_Instance_55719" type="identity">
      <class id="SO:0000771" label="QTL"/>
      <span end="2435" id="16462940-10749" start="2431">QTLs</span>
    </annotation>
    <annotation annotator="Mike Bada, University of Colorado School of Medicine" id="SO_2017_06_11_Instance_55721" type="identity">
      <class id="SO:0000771" label="QTL"/>
      <span end="2516" id="16462940-10751" start="2512">QTLs</span>
    </annotation>
    <annotation annotator="Mike Bada, University of Colorado School of Medicine" id="SO_2017_06_11_Instance_55723" type="identity">
      <class id="SO:0000673" label="transcript"/>
      <span end="2557" id="16462940-10753" start="2546">transcripts</span>
    </annotation>
    <annotation annotator="Mike Bada, University of Colorado School of Medicine" id="SO_2017_06_11_Instance_55729" type="identity">
      <class id="SO:0001026" label="genome"/>
      <span end="2668" id="16462940-10755" start="2662">genome</span>
    </annotation>
    <annotation annotator="Mike Bada, University of Colorado School of Medicine" id="SO_2017_06_11_Instance_55731" type="identity">
      <class id="SO:0000771" label="QTL"/>
      <span end="2700" id="16462940-10757" start="2697">QTL</span>
    </annotation>
    <annotation annotator="Mike Bada, University of Colorado School of Medicine" id="SO_2017_06_11_Instance_19139" type="identity">
      <class id="SO:0000704" label="gene"/>
      <span end="2771" id="16462940-10591" start="2767">gene</span>
    </annotation>
    <annotation annotator="Mike Bada, University of Colorado School of Medicine" id="SO_2017_06_11_Instance_35843" type="identity">
      <class id="SO:0000704" label="gene"/>
      <span end="2848" id="16462940-10633" start="2841">genetic</span>
    </annotation>
    <annotation annotator="Mike Bada, University of Colorado School of Medicine" id="SO_2017_06_11_Instance_35845" type="identity">
      <class id="SO:0000704" label="gene"/>
      <span end="3362" id="16462940-10635" start="3355">genetic</span>
    </annotation>
    <annotation annotator="Mike Bada, University of Colorado School of Medicine" id="SO_2017_06_11_Instance_35847" type="identity">
      <class id="SO:0000704" label="gene"/>
      <span end="3428" id="16462940-10637" start="3421">genetic</span>
    </annotation>
    <annotation annotator="" id="SO_2017_06_11_Instance_225985" type="identity">
      <class id="SO:0000704" label="gene"/>
      <span end="3452" id="16462940-10623" start="3447">genic</span>
    </annotation>
    <annotation annotator="Mike Bada, University of Colorado School of Medicine" id="SO_2017_06_11_Instance_35849" type="identity">
      <class id="SO:0000704" label="gene"/>
      <span end="3499" id="16462940-10639" start="3492">genetic</span>
    </annotation>
    <annotation annotator="Mike Bada, University of Colorado School of Medicine" id="SO_2017_06_11_Instance_55733" type="identity">
      <class id="SO:0000704" label="gene"/>
      <span end="3644" id="16462940-10759" start="3640">gene</span>
    </annotation>
    <annotation annotator="Mike Bada, University of Colorado School of Medicine" id="SO_2017_06_11_Instance_55735" type="identity">
      <class id="SO:0000704" label="gene"/>
      <span end="3775" id="16462940-10761" start="3770">genes</span>
    </annotation>
    <annotation annotator="Mike Bada, University of Colorado School of Medicine" id="SO_2017_06_11_Instance_55739" type="identity">
      <class id="SO:0000704" label="gene"/>
      <span end="4231" id="16462940-10763" start="4226">genes</span>
    </annotation>
    <annotation annotator="Mike Bada, University of Colorado School of Medicine" id="SO_2017_06_11_Instance_35851" type="identity">
      <class id="SO:0000704" label="gene"/>
      <span end="4274" id="16462940-10641" start="4267">genetic</span>
    </annotation>
    <annotation annotator="Mike Bada, University of Colorado School of Medicine" id="SO_2017_06_11_Instance_35853" type="identity">
      <class id="SO:0000704" label="gene"/>
      <span end="4311" id="16462940-10643" start="4304">genetic</span>
    </annotation>
    <annotation annotator="Mike Bada, University of Colorado School of Medicine" id="SO_2017_06_11_Instance_35855" type="identity">
      <class id="SO:0000704" label="gene"/>
      <span end="4354" id="16462940-10645" start="4342">genetic loci</span>
    </annotation>
    <annotation annotator="Mike Bada, University of Colorado School of Medicine" id="SO_2017_06_11_Instance_35857" type="identity">
      <class id="SO:0000704" label="gene"/>
      <span end="4533" id="16462940-10647" start="4526">genetic</span>
    </annotation>
    <annotation annotator="Mike Bada, University of Colorado School of Medicine" id="SO_2017_06_11_Instance_55741" type="identity">
      <class id="SO:0001026" label="genome"/>
      <span end="4668" id="16462940-10765" start="4662">genome</span>
    </annotation>
    <annotation annotator="Mike Bada, University of Colorado School of Medicine" id="SO_2017_06_11_Instance_55743" type="identity">
      <class id="SO:0000771" label="QTL"/>
      <span end="4713" id="16462940-10767" start="4689">quantitative trait locus</span>
    </annotation>
    <annotation annotator="Mike Bada, University of Colorado School of Medicine" id="SO_2017_06_11_Instance_55745" type="identity">
      <class id="SO:0000771" label="QTL"/>
      <span end="4718" id="16462940-10769" start="4715">QTL</span>
    </annotation>
    <annotation annotator="Mike Bada, University of Colorado School of Medicine" id="SO_2017_06_11_Instance_35859" type="identity">
      <class id="SO:0000704" label="gene"/>
      <span end="4806" id="16462940-10649" start="4799">genetic</span>
    </annotation>
    <annotation annotator="Mike Bada, University of Colorado School of Medicine" id="SO_2017_06_11_Instance_55747" type="identity">
      <class id="SO:0000771" label="QTL"/>
      <span end="4885" id="16462940-10771" start="4881">QTLs</span>
    </annotation>
    <annotation annotator="Mike Bada, University of Colorado School of Medicine" id="SO_2017_06_11_Instance_55749" type="identity">
      <class id="SO:0001026" label="genome"/>
      <span end="4998" id="16462940-10773" start="4992">genome</span>
    </annotation>
    <annotation annotator="Mike Bada, University of Colorado School of Medicine" id="SO_2017_06_11_Instance_55751" type="identity">
      <class id="SO:0000704" label="gene"/>
      <span end="5008" id="16462940-10775" start="5004">gene</span>
    </annotation>
    <annotation annotator="Mike Bada, University of Colorado School of Medicine" id="SO_2017_06_11_Instance_55753" type="identity">
      <class id="SO:0000704" label="gene"/>
      <span end="5082" id="16462940-10777" start="5078">gene</span>
    </annotation>
    <annotation annotator="Mike Bada, University of Colorado School of Medicine" id="SO_2017_06_11_Instance_35861" type="identity">
      <class id="SO:0000704" label="gene"/>
      <span end="5190" id="16462940-10651" start="5183">genetic</span>
    </annotation>
    <annotation annotator="Mike Bada, University of Colorado School of Medicine" id="SO_2017_06_11_Instance_19141" type="identity">
      <class id="SO:0000704" label="gene"/>
      <span end="5307" id="16462940-10593" start="5303">gene</span>
    </annotation>
    <annotation annotator="Mike Bada, University of Colorado School of Medicine" id="SO_2017_06_11_Instance_36301" type="identity">
      <class id="SO:0000704" label="gene"/>
      <span end="5416" id="16462940-10653" start="5409">genetic</span>
    </annotation>
    <annotation annotator="Mike Bada, University of Colorado School of Medicine" id="SO_2017_06_11_Instance_55755" type="identity">
      <class id="SO:0000704" label="gene"/>
      <span end="5484" id="16462940-10779" start="5480">gene</span>
    </annotation>
    <annotation annotator="Mike Bada, University of Colorado School of Medicine" id="SO_2017_06_11_Instance_55757" type="identity">
      <class id="SO:0000771" label="QTL"/>
      <span end="5870" id="16462940-10781" start="5866">QTLs</span>
    </annotation>
    <annotation annotator="Mike Bada, University of Colorado School of Medicine" id="SO_2017_06_11_Instance_55759" type="identity">
      <class id="SO:0000704" label="gene"/>
      <span end="5912" id="16462940-10783" start="5908">gene</span>
    </annotation>
    <annotation annotator="Mike Bada, University of Colorado School of Medicine" id="SO_2017_06_11_Instance_55761" type="identity">
      <class id="SO:0000771" label="QTL"/>
      <span end="5928" id="16462940-10785" start="5924">QTLs</span>
    </annotation>
    <annotation annotator="Mike Bada, University of Colorado School of Medicine" id="SO_2017_06_11_Instance_36303" type="identity">
      <class id="SO:0000704" label="gene"/>
      <span end="6034" id="16462940-10655" start="6027">genetic</span>
    </annotation>
    <annotation annotator="Mike Bada, University of Colorado School of Medicine" id="SO_2017_06_11_Instance_55763" type="identity">
      <class id="SO:0000704" label="gene"/>
      <span end="6097" id="16462940-10787" start="6092">genes</span>
    </annotation>
    <annotation annotator="Mike Bada, University of Colorado School of Medicine" id="SO_2017_06_11_Instance_55765" type="identity">
      <class id="SO:0000771" label="QTL"/>
      <span end="6139" id="16462940-10789" start="6135">QTLs</span>
    </annotation>
    <annotation annotator="" id="SO_2017_06_11_Instance_221155" type="identity">
      <class id="SO:0000694" label="SNP"/>
      <span end="6989" id="16462940-10621" start="6958">single nucleotide polymorphisms</span>
    </annotation>
    <annotation annotator="Mike Bada, University of Colorado School of Medicine" id="SO_2017_06_11_Instance_55769" type="identity">
      <class id="SO:0000694" label="SNP"/>
      <span end="6995" id="16462940-10791" start="6991">SNPs</span>
    </annotation>
    <annotation annotator="Mike Bada, University of Colorado School of Medicine" id="SO_2017_06_11_Instance_55771" type="identity">
      <class id="SO:0000771" label="QTL"/>
      <span end="7027" id="16462940-10793" start="7024">QTL</span>
    </annotation>
    <annotation annotator="Mike Bada, University of Colorado School of Medicine" id="SO_2017_06_11_Instance_55773" type="identity">
      <class id="SO:0000771" label="QTL"/>
      <span end="7079" id="16462940-10795" start="7075">QTLs</span>
    </annotation>
    <annotation annotator="Mike Bada, University of Colorado School of Medicine" id="SO_2017_06_11_Instance_55775" type="identity">
      <class id="SO:0000771" label="QTL"/>
      <span end="7672" id="16462940-10797" start="7669">QTL</span>
    </annotation>
    <annotation annotator="Mike Bada, University of Colorado School of Medicine" id="SO_2017_06_11_Instance_55777" type="identity">
      <class id="SO:0000704" label="gene"/>
      <span end="7728" id="16462940-10799" start="7724">gene</span>
    </annotation>
    <annotation annotator="Mike Bada, University of Colorado School of Medicine" id="SO_2017_06_11_Instance_55779" type="identity">
      <class id="SO:0000771" label="QTL"/>
      <span end="7879" id="16462940-10801" start="7876">QTL</span>
    </annotation>
    <annotation annotator="Mike Bada, University of Colorado School of Medicine" id="SO_2017_06_11_Instance_55781" type="identity">
      <class id="SO:0000771" label="QTL"/>
      <span end="8073" id="16462940-10803" start="8069">QTLs</span>
    </annotation>
    <annotation annotator="Mike Bada, University of Colorado School of Medicine" id="SO_2017_06_11_Instance_55783" type="identity">
      <class id="SO:0000771" label="QTL"/>
      <span end="8089" id="16462940-10805" start="8086">QTL</span>
    </annotation>
    <annotation annotator="Mike Bada, University of Colorado School of Medicine" id="SO_2017_06_11_Instance_55785" type="identity">
      <class id="SO:0000771" label="QTL"/>
      <span end="8289" id="16462940-10807" start="8286">QTL</span>
    </annotation>
    <annotation annotator="Mike Bada, University of Colorado School of Medicine" id="SO_2017_06_11_Instance_55787" type="identity">
      <class id="SO:0000704" label="gene"/>
      <span end="8302" id="16462940-10809" start="8298">gene</span>
    </annotation>
    <annotation annotator="Mike Bada, University of Colorado School of Medicine" id="SO_2017_06_11_Instance_55789" type="identity">
      <class id="SO:0000771" label="QTL"/>
      <span end="8370" id="16462940-10811" start="8367">QTL</span>
    </annotation>
    <annotation annotator="Mike Bada, University of Colorado School of Medicine" id="SO_2017_06_11_Instance_55791" type="identity">
      <class id="SO:0001026" label="genome"/>
      <span end="8546" id="16462940-10813" start="8540">genome</span>
    </annotation>
    <annotation annotator="Mike Bada, University of Colorado School of Medicine" id="SO_2017_06_11_Instance_55793" type="identity">
      <class id="SO:0000771" label="QTL"/>
      <span end="8566" id="16462940-10815" start="8563">QTL</span>
    </annotation>
    <annotation annotator="Mike Bada, University of Colorado School of Medicine" id="SO_2017_06_11_Instance_55795" type="identity">
      <class id="SO:0000771" label="QTL"/>
      <span end="8861" id="16462940-10817" start="8858">QTL</span>
    </annotation>
    <annotation annotator="Mike Bada, University of Colorado School of Medicine" id="SO_2017_06_11_Instance_55803" type="identity">
      <class id="SO:0001026" label="genome"/>
      <span end="9804" id="16462940-10819" start="9798">genome</span>
    </annotation>
    <annotation annotator="Mike Bada, University of Colorado School of Medicine" id="SO_2017_06_11_Instance_55809" type="identity">
      <class id="SO:0000771" label="QTL"/>
      <span end="10415" id="16462940-10821" start="10412">QTL</span>
    </annotation>
    <annotation annotator="Mike Bada, University of Colorado School of Medicine" id="SO_2017_06_11_Instance_55825" type="identity">
      <class id="SO:0000673" label="transcript"/>
      <span end="11911" id="16462940-10823" start="11900">transcripts</span>
    </annotation>
    <annotation annotator="Mike Bada, University of Colorado School of Medicine" id="SO_2017_06_11_Instance_55827" type="identity">
      <class id="SO:0000673" label="transcript"/>
      <span end="11934" id="16462940-10825" start="11924">transcript</span>
    </annotation>
    <annotation annotator="Mike Bada, University of Colorado School of Medicine" id="SO_2017_06_11_Instance_55829" type="identity">
      <class id="SO:0000673" label="transcript"/>
      <span end="12307" id="16462940-10827" start="12296">transcripts</span>
    </annotation>
    <annotation annotator="Mike Bada, University of Colorado School of Medicine" id="SO_2017_06_11_Instance_55831" type="identity">
      <class id="SO:0000704" label="gene"/>
      <span end="12444" id="16462940-10829" start="12439">genes</span>
    </annotation>
    <annotation annotator="Mike Bada, University of Colorado School of Medicine" id="SO_2017_06_11_Instance_55833" type="identity">
      <class id="SO:0000673" label="transcript"/>
      <span end="12643" id="16462940-10831" start="12632">transcripts</span>
    </annotation>
    <annotation annotator="Mike Bada, University of Colorado School of Medicine" id="SO_2017_06_11_Instance_55835" type="identity">
      <class id="SO:0000704" label="gene"/>
      <span end="12784" id="16462940-10833" start="12780">gene</span>
    </annotation>
    <annotation annotator="Mike Bada, University of Colorado School of Medicine" id="SO_2017_06_11_Instance_55837" type="identity">
      <class id="SO:0000673" label="transcript"/>
      <span end="12876" id="16462940-10835" start="12865">transcripts</span>
    </annotation>
    <annotation annotator="Mike Bada, University of Colorado School of Medicine" id="SO_2017_06_11_Instance_55839" type="identity">
      <class id="SO:0000673" label="transcript"/>
      <span end="12963" id="16462940-10837" start="12952">transcripts</span>
    </annotation>
    <annotation annotator="Mike Bada, University of Colorado School of Medicine" id="SO_2017_06_11_Instance_55841" type="identity">
      <class id="SO:0000771" label="QTL"/>
      <span end="13211" id="16462940-10839" start="13207">QTLs</span>
    </annotation>
    <annotation annotator="Mike Bada, University of Colorado School of Medicine" id="SO_2017_06_11_Instance_55843" type="identity">
      <class id="SO:0000771" label="QTL"/>
      <span end="13322" id="16462940-10841" start="13318">QTLs</span>
    </annotation>
    <annotation annotator="Mike Bada, University of Colorado School of Medicine" id="SO_2017_06_11_Instance_55845" type="identity">
      <class id="SO:0001026" label="genome"/>
      <span end="13438" id="16462940-10843" start="13432">genome</span>
    </annotation>
    <annotation annotator="Mike Bada, University of Colorado School of Medicine" id="SO_2017_06_11_Instance_55847" type="identity">
      <class id="SO:0000771" label="QTL"/>
      <span end="13530" id="16462940-10845" start="13527">QTL</span>
    </annotation>
    <annotation annotator="Mike Bada, University of Colorado School of Medicine" id="SO_2017_06_11_Instance_55849" type="identity">
      <class id="SO:0000771" label="QTL"/>
      <span end="13587" id="16462940-10847" start="13584">QTL</span>
    </annotation>
    <annotation annotator="Mike Bada, University of Colorado School of Medicine" id="SO_2017_06_11_Instance_55851" type="identity">
      <class id="SO:0000771" label="QTL"/>
      <span end="13651" id="16462940-10849" start="13648">QTL</span>
    </annotation>
    <annotation annotator="Mike Bada, University of Colorado School of Medicine" id="SO_2017_06_11_Instance_55853" type="identity">
      <class id="SO:0000673" label="transcript"/>
      <span end="14085" id="16462940-10851" start="14074">transcripts</span>
    </annotation>
    <annotation annotator="Mike Bada, University of Colorado School of Medicine" id="SO_2017_06_11_Instance_55855" type="identity">
      <class id="SO:0000704" label="gene"/>
      <span end="14210" id="16462940-10853" start="14206">gene</span>
    </annotation>
    <annotation annotator="Mike Bada, University of Colorado School of Medicine" id="SO_2017_06_11_Instance_55857" type="identity">
      <class id="SO:0000704" label="gene"/>
      <span end="14287" id="16462940-10855" start="14283">gene</span>
    </annotation>
    <annotation annotator="Mike Bada, University of Colorado School of Medicine" id="SO_2017_06_11_Instance_55859" type="identity">
      <class id="SO:0001026" label="genome"/>
      <span end="14552" id="16462940-10857" start="14546">genome</span>
    </annotation>
    <annotation annotator="Mike Bada, University of Colorado School of Medicine" id="SO_2017_06_11_Instance_55867" type="identity">
      <class id="SO:0000704" label="gene"/>
      <span end="15787" id="16462940-10859" start="15783">gene</span>
    </annotation>
    <annotation annotator="Mike Bada, University of Colorado School of Medicine" id="SO_2017_06_11_Instance_36305" type="identity">
      <class id="SO:0000704" label="gene"/>
      <span end="15996" id="16462940-10657" start="15989">genetic</span>
    </annotation>
    <annotation annotator="Mike Bada, University of Colorado School of Medicine" id="SO_2017_06_11_Instance_55869" type="identity">
      <class id="SO:0000704" label="gene"/>
      <span end="16015" id="16462940-10861" start="16011">gene</span>
    </annotation>
    <annotation annotator="Mike Bada, University of Colorado School of Medicine" id="SO_2017_06_11_Instance_19143" type="identity">
      <class id="SO:0000704" label="gene"/>
      <span end="16058" id="16462940-10595" start="16053">Genes</span>
    </annotation>
    <annotation annotator="Mike Bada, University of Colorado School of Medicine" id="SO_2017_06_11_Instance_55871" type="identity">
      <class id="SO:0000704" label="gene"/>
      <span end="16136" id="16462940-10863" start="16132">gene</span>
    </annotation>
    <annotation annotator="Mike Bada, University of Colorado School of Medicine" id="SO_2017_06_11_Instance_36307" type="identity">
      <class id="SO:0000704" label="gene"/>
      <span end="16163" id="16462940-10659" start="16156">genetic</span>
    </annotation>
    <annotation annotator="Mike Bada, University of Colorado School of Medicine" id="SO_2017_06_11_Instance_19145" type="identity">
      <class id="SO:0000704" label="gene"/>
      <span end="16321" id="16462940-10597" start="16316">genes</span>
    </annotation>
    <annotation annotator="Mike Bada, University of Colorado School of Medicine" id="SO_2017_06_11_Instance_19147" type="identity">
      <class id="SO:0000704" label="gene"/>
      <span end="16514" id="16462940-10599" start="16509">genes</span>
    </annotation>
    <annotation annotator="Mike Bada, University of Colorado School of Medicine" id="SO_2017_06_11_Instance_55875" type="identity">
      <class id="SO:0000704" label="gene"/>
      <span end="16541" id="16462940-10865" start="16536">genes</span>
    </annotation>
    <annotation annotator="Mike Bada, University of Colorado School of Medicine" id="SO_2017_06_11_Instance_55877" type="identity">
      <class id="SO:0000704" label="gene"/>
      <span end="16669" id="16462940-10867" start="16664">Genes</span>
    </annotation>
    <annotation annotator="Mike Bada, University of Colorado School of Medicine" id="SO_2017_06_11_Instance_55881" type="identity">
      <class id="SO:0000673" label="transcript"/>
      <span end="16912" id="16462940-10869" start="16902">transcript</span>
    </annotation>
    <annotation annotator="Mike Bada, University of Colorado School of Medicine" id="SO_2017_06_11_Instance_36407" type="identity">
      <class id="SO:0000704" label="gene"/>
      <span end="16961" id="16462940-10721" start="16957">gene</span>
    </annotation>
    <annotation annotator="Mike Bada, University of Colorado School of Medicine" id="SO_2017_06_11_Instance_36409" type="identity">
      <class id="SO:0000704" label="gene"/>
      <span end="16980" id="16462940-10723" start="16976">gene</span>
    </annotation>
    <annotation annotator="Mike Bada, University of Colorado School of Medicine" id="SO_2017_06_11_Instance_36411" type="identity">
      <class id="SO:0000704" label="gene"/>
      <span end="17005" id="16462940-10725" start="17001">gene</span>
    </annotation>
    <annotation annotator="Mike Bada, University of Colorado School of Medicine" id="SO_2017_06_11_Instance_55883" type="identity">
      <class id="SO:0000704" label="gene"/>
      <span end="17073" id="16462940-10871" start="17069">gene</span>
    </annotation>
    <annotation annotator="Mike Bada, University of Colorado School of Medicine" id="SO_2017_06_11_Instance_55885" type="identity">
      <class id="SO:0000704" label="gene"/>
      <span end="17437" id="16462940-10873" start="17432">genes</span>
    </annotation>
    <annotation annotator="Mike Bada, University of Colorado School of Medicine" id="SO_2017_06_11_Instance_55887" type="identity">
      <class id="SO:0000704" label="gene"/>
      <span end="17505" id="16462940-10875" start="17500">genes</span>
    </annotation>
    <annotation annotator="Mike Bada, University of Colorado School of Medicine" id="SO_2017_06_11_Instance_36413" type="identity">
      <class id="SO:0000704" label="gene"/>
      <span end="17543" id="16462940-10727" start="17539">gene</span>
    </annotation>
    <annotation annotator="Mike Bada, University of Colorado School of Medicine" id="SO_2017_06_11_Instance_36309" type="identity">
      <class id="SO:0000704" label="gene"/>
      <span end="17621" id="16462940-10661" start="17614">genetic</span>
    </annotation>
    <annotation annotator="Mike Bada, University of Colorado School of Medicine" id="SO_2017_06_11_Instance_55889" type="identity">
      <class id="SO:0000704" label="gene"/>
      <span end="17676" id="16462940-10877" start="17671">genes</span>
    </annotation>
    <annotation annotator="Mike Bada, University of Colorado School of Medicine" id="SO_2017_06_11_Instance_55891" type="identity">
      <class id="SO:0000704" label="gene"/>
      <span end="17754" id="16462940-10879" start="17749">genes</span>
    </annotation>
    <annotation annotator="Mike Bada, University of Colorado School of Medicine" id="SO_2017_06_11_Instance_55893" type="identity">
      <class id="SO:0000704" label="gene"/>
      <span end="17895" id="16462940-10881" start="17890">genes</span>
    </annotation>
    <annotation annotator="Mike Bada, University of Colorado School of Medicine" id="SO_2017_06_11_Instance_55895" type="identity">
      <class id="SO:0000704" label="gene"/>
      <span end="17998" id="16462940-10883" start="17993">genes</span>
    </annotation>
    <annotation annotator="Mike Bada, University of Colorado School of Medicine" id="SO_2017_06_11_Instance_55897" type="identity">
      <class id="SO:0000704" label="gene"/>
      <span end="18074" id="16462940-10885" start="18069">Genes</span>
    </annotation>
    <annotation annotator="Mike Bada, University of Colorado School of Medicine" id="SO_2017_06_11_Instance_19149" type="identity">
      <class id="SO:0000704" label="gene"/>
      <span end="18229" id="16462940-10601" start="18224">genes</span>
    </annotation>
    <annotation annotator="Mike Bada, University of Colorado School of Medicine" id="SO_2017_06_11_Instance_36311" type="identity">
      <class id="SO:0000704" label="gene"/>
      <span end="18277" id="16462940-10663" start="18270">genetic</span>
    </annotation>
    <annotation annotator="Mike Bada, University of Colorado School of Medicine" id="SO_2017_06_11_Instance_55899" type="identity">
      <class id="SO:0000704" label="gene"/>
      <span end="18300" id="16462940-10887" start="18296">gene</span>
    </annotation>
    <annotation annotator="Mike Bada, University of Colorado School of Medicine" id="SO_2017_06_11_Instance_55901" type="identity">
      <class id="SO:0000704" label="gene"/>
      <span end="18367" id="16462940-10889" start="18362">genes</span>
    </annotation>
    <annotation annotator="Mike Bada, University of Colorado School of Medicine" id="SO_2017_06_11_Instance_55903" type="identity">
      <class id="SO:0000704" label="gene"/>
      <span end="18448" id="16462940-10891" start="18443">genes</span>
    </annotation>
    <annotation annotator="Mike Bada, University of Colorado School of Medicine" id="SO_2017_06_11_Instance_36313" type="identity">
      <class id="SO:0000704" label="gene"/>
      <span end="18589" id="16462940-10665" start="18582">genetic</span>
    </annotation>
    <annotation annotator="Mike Bada, University of Colorado School of Medicine" id="SO_2017_06_11_Instance_55905" type="identity">
      <class id="SO:0000704" label="gene"/>
      <span end="18792" id="16462940-10893" start="18787">Genes</span>
    </annotation>
    <annotation annotator="Mike Bada, University of Colorado School of Medicine" id="SO_2017_06_11_Instance_55907" type="identity">
      <class id="SO:0001026" label="genome"/>
      <span end="19015" id="16462940-10895" start="19009">genome</span>
    </annotation>
    <annotation annotator="Mike Bada, University of Colorado School of Medicine" id="SO_2017_06_11_Instance_55909" type="identity">
      <class id="SO:0000704" label="gene"/>
      <span end="19105" id="16462940-10897" start="19101">gene</span>
    </annotation>
    <annotation annotator="Mike Bada, University of Colorado School of Medicine" id="SO_2017_06_11_Instance_55911" type="identity">
      <class id="SO:0000704" label="gene"/>
      <span end="19215" id="16462940-10899" start="19211">gene</span>
    </annotation>
    <annotation annotator="Mike Bada, University of Colorado School of Medicine" id="SO_2017_06_11_Instance_55913" type="identity">
      <class id="SO:0000704" label="gene"/>
      <span end="19312" id="16462940-10901" start="19307">genes</span>
    </annotation>
    <annotation annotator="Mike Bada, University of Colorado School of Medicine" id="SO_2017_06_11_Instance_55915" type="identity">
      <class id="SO:0000704" label="gene"/>
      <span end="19480" id="16462940-10903" start="19476">gene</span>
    </annotation>
    <annotation annotator="Mike Bada, University of Colorado School of Medicine" id="SO_2017_06_11_Instance_55917" type="identity">
      <class id="SO:0000704" label="gene"/>
      <span end="19606" id="16462940-10905" start="19602">gene</span>
    </annotation>
    <annotation annotator="Mike Bada, University of Colorado School of Medicine" id="SO_2017_06_11_Instance_55919" type="identity">
      <class id="SO:0000704" label="gene"/>
      <span end="19691" id="16462940-10907" start="19686">genes</span>
    </annotation>
    <annotation annotator="Mike Bada, University of Colorado School of Medicine" id="SO_2017_06_11_Instance_55921" type="identity">
      <class id="SO:0001026" label="genome"/>
      <span end="19875" id="16462940-10909" start="19869">genome</span>
    </annotation>
    <annotation annotator="Mike Bada, University of Colorado School of Medicine" id="SO_2017_06_11_Instance_55923" type="identity">
      <class id="SO:0001026" label="genome"/>
      <span end="20035" id="16462940-10911" start="20029">genome</span>
    </annotation>
    <annotation annotator="Mike Bada, University of Colorado School of Medicine" id="SO_2017_06_11_Instance_55927" type="identity">
      <class id="SO:0001026" label="genome"/>
      <span end="20253" id="16462940-10913" start="20247">genome</span>
    </annotation>
    <annotation annotator="Mike Bada, University of Colorado School of Medicine" id="SO_2017_06_11_Instance_55931" type="identity">
      <class id="SO:0000673" label="transcript"/>
      <span end="20333" id="16462940-10915" start="20322">transcripts</span>
    </annotation>
    <annotation annotator="Mike Bada, University of Colorado School of Medicine" id="SO_2017_06_11_Instance_36315" type="identity">
      <class id="SO:0000704" label="gene"/>
      <span end="20532" id="16462940-10667" start="20525">genetic</span>
    </annotation>
    <annotation annotator="Mike Bada, University of Colorado School of Medicine" id="SO_2017_06_11_Instance_55937" type="identity">
      <class id="SO:0000704" label="gene"/>
      <span end="20618" id="16462940-10917" start="20614">gene</span>
    </annotation>
    <annotation annotator="Mike Bada, University of Colorado School of Medicine" id="SO_2017_06_11_Instance_55941" type="identity">
      <class id="SO:0000704" label="gene"/>
      <span end="20735" id="16462940-10919" start="20731">gene</span>
    </annotation>
    <annotation annotator="Mike Bada, University of Colorado School of Medicine" id="SO_2017_06_11_Instance_55945" type="identity">
      <class id="SO:0000704" label="gene"/>
      <span end="20859" id="16462940-10921" start="20854">genes</span>
    </annotation>
    <annotation annotator="Mike Bada, University of Colorado School of Medicine" id="SO_2017_06_11_Instance_55947" type="identity">
      <class id="SO:0000704" label="gene"/>
      <span end="20974" id="16462940-10923" start="20970">gene</span>
    </annotation>
    <annotation annotator="Mike Bada, University of Colorado School of Medicine" id="SO_2017_06_11_Instance_55949" type="identity">
      <class id="SO:0000673" label="transcript"/>
      <span end="21142" id="16462940-10925" start="21131">transcripts</span>
    </annotation>
    <annotation annotator="Mike Bada, University of Colorado School of Medicine" id="SO_2017_06_11_Instance_36317" type="identity">
      <class id="SO:0000704" label="gene"/>
      <span end="21233" id="16462940-10669" start="21226">genetic</span>
    </annotation>
    <annotation annotator="Mike Bada, University of Colorado School of Medicine" id="SO_2017_06_11_Instance_55953" type="identity">
      <class id="SO:0000704" label="gene"/>
      <span end="21252" id="16462940-10927" start="21248">gene</span>
    </annotation>
    <annotation annotator="Mike Bada, University of Colorado School of Medicine" id="SO_2017_06_11_Instance_36319" type="identity">
      <class id="SO:0000704" label="gene"/>
      <span end="21591" id="16462940-10671" start="21584">genetic</span>
    </annotation>
    <annotation annotator="Mike Bada, University of Colorado School of Medicine" id="SO_2017_06_11_Instance_55957" type="identity">
      <class id="SO:0000704" label="gene"/>
      <span end="21617" id="16462940-10929" start="21612">genes</span>
    </annotation>
    <annotation annotator="Mike Bada, University of Colorado School of Medicine" id="SO_2017_06_11_Instance_36321" type="identity">
      <class id="SO:0000704" label="gene"/>
      <span end="21836" id="16462940-10673" start="21829">genetic</span>
    </annotation>
    <annotation annotator="Mike Bada, University of Colorado School of Medicine" id="SO_2017_06_11_Instance_55959" type="identity">
      <class id="SO:0001026" label="genome"/>
      <span end="22021" id="16462940-10931" start="22015">genome</span>
    </annotation>
    <annotation annotator="Mike Bada, University of Colorado School of Medicine" id="SO_2017_06_11_Instance_55961" type="identity">
      <class id="SO:0000704" label="gene"/>
      <span end="22031" id="16462940-10933" start="22027">gene</span>
    </annotation>
    <annotation annotator="Mike Bada, University of Colorado School of Medicine" id="SO_2017_06_11_Instance_36323" type="identity">
      <class id="SO:0000704" label="gene"/>
      <span end="22289" id="16462940-10675" start="22282">genetic</span>
    </annotation>
    <annotation annotator="Mike Bada, University of Colorado School of Medicine" id="SO_2017_06_11_Instance_55963" type="identity">
      <class id="SO:0000704" label="gene"/>
      <span end="22373" id="16462940-10935" start="22369">Gene</span>
    </annotation>
    <annotation annotator="Mike Bada, University of Colorado School of Medicine" id="SO_2017_06_11_Instance_55965" type="identity">
      <class id="SO:0000771" label="QTL"/>
      <span end="22563" id="16462940-10937" start="22559">QTLs</span>
    </annotation>
    <annotation annotator="Mike Bada, University of Colorado School of Medicine" id="SO_2017_06_11_Instance_55967" type="identity">
      <class id="SO:0000771" label="QTL"/>
      <span end="22789" id="16462940-10939" start="22786">QTL</span>
    </annotation>
    <annotation annotator="Mike Bada, University of Colorado School of Medicine" id="SO_2017_06_11_Instance_55969" type="identity">
      <class id="SO:0000771" label="QTL"/>
      <span end="22990" id="16462940-10941" start="22987">QTL</span>
    </annotation>
    <annotation annotator="Mike Bada, University of Colorado School of Medicine" id="SO_2017_06_11_Instance_55971" type="identity">
      <class id="SO:0001026" label="genome"/>
      <span end="23029" id="16462940-10943" start="23023">genome</span>
    </annotation>
    <annotation annotator="Mike Bada, University of Colorado School of Medicine" id="SO_2017_06_11_Instance_55975" type="identity">
      <class id="SO:0000771" label="QTL"/>
      <span end="23136" id="16462940-10945" start="23132">QTLs</span>
    </annotation>
    <annotation annotator="Mike Bada, University of Colorado School of Medicine" id="SO_2017_06_11_Instance_55977" type="identity">
      <class id="SO:0000771" label="QTL"/>
      <span end="23245" id="16462940-10947" start="23241">QTLs</span>
    </annotation>
    <annotation annotator="Mike Bada, University of Colorado School of Medicine" id="SO_2017_06_11_Instance_55981" type="identity">
      <class id="SO:0000771" label="QTL"/>
      <span end="23548" id="16462940-10949" start="23544">QTLs</span>
    </annotation>
    <annotation annotator="Mike Bada, University of Colorado School of Medicine" id="SO_2017_06_11_Instance_55989" type="identity">
      <class id="SO:0000771" label="QTL"/>
      <span end="23776" id="16462940-10951" start="23773">QTL</span>
    </annotation>
    <annotation annotator="Mike Bada, University of Colorado School of Medicine" id="SO_2017_06_11_Instance_55993" type="identity">
      <class id="SO:0001024" label="haplotype"/>
      <span end="23954" id="16462940-10953" start="23945">haplotype</span>
    </annotation>
    <annotation annotator="Mike Bada, University of Colorado School of Medicine" id="SO_2017_06_11_Instance_36325" type="identity">
      <class id="SO:0000704" label="gene"/>
      <span end="24060" id="16462940-10677" start="24053">genetic</span>
    </annotation>
    <annotation annotator="Mike Bada, University of Colorado School of Medicine" id="SO_2017_06_11_Instance_36327" type="identity">
      <class id="SO:0000704" label="gene"/>
      <span end="24456" id="16462940-10679" start="24449">genetic</span>
    </annotation>
    <annotation annotator="Mike Bada, University of Colorado School of Medicine" id="SO_2017_06_11_Instance_55997" type="identity">
      <class id="SO:0000704" label="gene"/>
      <span end="24519" id="16462940-10955" start="24514">genes</span>
    </annotation>
    <annotation annotator="Mike Bada, University of Colorado School of Medicine" id="SO_2017_06_11_Instance_55999" type="identity">
      <class id="SO:0001026" label="genome"/>
      <span end="24595" id="16462940-10957" start="24589">genome</span>
    </annotation>
    <annotation annotator="Mike Bada, University of Colorado School of Medicine" id="SO_2017_06_11_Instance_56001" type="identity">
      <class id="SO:0000704" label="gene"/>
      <span end="24761" id="16462940-10959" start="24756">genes</span>
    </annotation>
    <annotation annotator="Mike Bada, University of Colorado School of Medicine" id="SO_2017_06_11_Instance_56003" type="identity">
      <class id="SO:0000673" label="transcript"/>
      <span end="24830" id="16462940-10961" start="24820">transcript</span>
    </annotation>
    <annotation annotator="Mike Bada, University of Colorado School of Medicine" id="SO_2017_06_11_Instance_36329" type="identity">
      <class id="SO:0000704" label="gene"/>
      <span end="24884" id="16462940-10681" start="24877">genetic</span>
    </annotation>
    <annotation annotator="Mike Bada, University of Colorado School of Medicine" id="SO_2017_06_11_Instance_56005" type="identity">
      <class id="SO:0000704" label="gene"/>
      <span end="24924" id="16462940-10963" start="24920">gene</span>
    </annotation>
    <annotation annotator="Mike Bada, University of Colorado School of Medicine" id="SO_2017_06_11_Instance_19151" type="identity">
      <class id="SO:0000704" label="gene"/>
      <span end="25048" id="16462940-10603" start="25043">genes</span>
    </annotation>
    <annotation annotator="Mike Bada, University of Colorado School of Medicine" id="SO_2017_06_11_Instance_56007" type="identity">
      <class id="SO:0001026" label="genome"/>
      <span end="25089" id="16462940-10965" start="25083">genome</span>
    </annotation>
    <annotation annotator="Mike Bada, University of Colorado School of Medicine" id="SO_2017_06_11_Instance_56009" type="identity">
      <class id="SO:0000704" label="gene"/>
      <span end="25171" id="16462940-10967" start="25166">genes</span>
    </annotation>
    <annotation annotator="Mike Bada, University of Colorado School of Medicine" id="SO_2017_06_11_Instance_56011" type="identity">
      <class id="SO:0000704" label="gene"/>
      <span end="25628" id="16462940-10969" start="25624">gene</span>
    </annotation>
    <annotation annotator="Mike Bada, University of Colorado School of Medicine" id="SO_2017_06_11_Instance_56013" type="identity">
      <class id="SO:0000704" label="gene"/>
      <span end="25683" id="16462940-10971" start="25679">gene</span>
    </annotation>
    <annotation annotator="Mike Bada, University of Colorado School of Medicine" id="SO_2017_06_11_Instance_36331" type="identity">
      <class id="SO:0000704" label="gene"/>
      <span end="25718" id="16462940-10683" start="25711">genetic</span>
    </annotation>
    <annotation annotator="Mike Bada, University of Colorado School of Medicine" id="SO_2017_06_11_Instance_56015" type="identity">
      <class id="SO:0000673" label="transcript"/>
      <span end="25749" id="16462940-10973" start="25738">transcripts</span>
    </annotation>
    <annotation annotator="Mike Bada, University of Colorado School of Medicine" id="SO_2017_06_11_Instance_36333" type="identity">
      <class id="SO:0000704" label="gene"/>
      <span end="25900" id="16462940-10685" start="25893">genetic</span>
    </annotation>
    <annotation annotator="Mike Bada, University of Colorado School of Medicine" id="SO_2017_06_11_Instance_56017" type="identity">
      <class id="SO:0000704" label="gene"/>
      <span end="25919" id="16462940-10975" start="25915">gene</span>
    </annotation>
    <annotation annotator="Mike Bada, University of Colorado School of Medicine" id="SO_2017_06_11_Instance_56019" type="identity">
      <class id="SO:0001026" label="genome"/>
      <span end="26194" id="16462940-10977" start="26188">genome</span>
    </annotation>
    <annotation annotator="Mike Bada, University of Colorado School of Medicine" id="SO_2017_06_11_Instance_19153" type="identity">
      <class id="SO:0000704" label="gene"/>
      <span end="26727" id="16462940-10605" start="26722">genes</span>
    </annotation>
    <annotation annotator="Mike Bada, University of Colorado School of Medicine" id="SO_2017_06_11_Instance_19155" type="identity">
      <class id="SO:0000704" label="gene"/>
      <span end="26796" id="16462940-10607" start="26791">genes</span>
    </annotation>
    <annotation annotator="Mike Bada, University of Colorado School of Medicine" id="SO_2017_06_11_Instance_56021" type="identity">
      <class id="SO:0000673" label="transcript"/>
      <span end="26834" id="16462940-10979" start="26824">transcript</span>
    </annotation>
    <annotation annotator="Mike Bada, University of Colorado School of Medicine" id="SO_2017_06_11_Instance_56023" type="identity">
      <class id="SO:0000704" label="gene"/>
      <span end="26963" id="16462940-10981" start="26958">genes</span>
    </annotation>
    <annotation annotator="Mike Bada, University of Colorado School of Medicine" id="SO_2017_06_11_Instance_19157" type="identity">
      <class id="SO:0000704" label="gene"/>
      <span end="27064" id="16462940-10609" start="27059">genes</span>
    </annotation>
    <annotation annotator="Mike Bada, University of Colorado School of Medicine" id="SO_2017_06_11_Instance_56025" type="identity">
      <class id="SO:0000704" label="gene"/>
      <span end="27152" id="16462940-10983" start="27148">gene</span>
    </annotation>
    <annotation annotator="Mike Bada, University of Colorado School of Medicine" id="SO_2017_06_11_Instance_56029" type="identity">
      <class id="SO:0000704" label="gene"/>
      <span end="27428" id="16462940-10985" start="27424">gene</span>
    </annotation>
    <annotation annotator="Mike Bada, University of Colorado School of Medicine" id="SO_2017_06_11_Instance_56031" type="identity">
      <class id="SO:0000704" label="gene"/>
      <span end="27511" id="16462940-10987" start="27507">gene</span>
    </annotation>
    <annotation annotator="Mike Bada, University of Colorado School of Medicine" id="SO_2017_06_11_Instance_56033" type="identity">
      <class id="SO:0000704" label="gene"/>
      <span end="27738" id="16462940-10989" start="27733">genes</span>
    </annotation>
    <annotation annotator="Mike Bada, University of Colorado School of Medicine" id="SO_2017_06_11_Instance_56035" type="identity">
      <class id="SO:0000704" label="gene"/>
      <span end="27786" id="16462940-10991" start="27781">Genes</span>
    </annotation>
    <annotation annotator="Mike Bada, University of Colorado School of Medicine" id="SO_2017_06_11_Instance_56037" type="identity">
      <class id="SO:0000704" label="gene"/>
      <span end="27902" id="16462940-10993" start="27897">genes</span>
    </annotation>
    <annotation annotator="Mike Bada, University of Colorado School of Medicine" id="SO_2017_06_11_Instance_19159" type="identity">
      <class id="SO:0000704" label="gene"/>
      <span end="27974" id="16462940-10611" start="27969">genes</span>
    </annotation>
    <annotation annotator="Mike Bada, University of Colorado School of Medicine" id="SO_2017_06_11_Instance_56039" type="identity">
      <class id="SO:0000673" label="transcript"/>
      <span end="28082" id="16462940-10995" start="28071">transcripts</span>
    </annotation>
    <annotation annotator="Mike Bada, University of Colorado School of Medicine" id="SO_2017_06_11_Instance_56041" type="identity">
      <class id="SO:0000771" label="QTL"/>
      <span end="28117" id="16462940-10997" start="28113">QTLs</span>
    </annotation>
    <annotation annotator="Mike Bada, University of Colorado School of Medicine" id="SO_2017_06_11_Instance_56043" type="identity">
      <class id="SO:0000704" label="gene"/>
      <span end="28187" id="16462940-10999" start="28182">genes</span>
    </annotation>
    <annotation annotator="Mike Bada, University of Colorado School of Medicine" id="SO_2017_06_11_Instance_56045" type="identity">
      <class id="SO:0000704" label="gene"/>
      <span end="28350" id="16462940-11001" start="28345">genes</span>
    </annotation>
    <annotation annotator="Mike Bada, University of Colorado School of Medicine" id="SO_2017_06_11_Instance_19161" type="identity">
      <class id="SO:0000704" label="gene"/>
      <span end="28477" id="16462940-10613" start="28472">genes</span>
    </annotation>
    <annotation annotator="Mike Bada, University of Colorado School of Medicine" id="SO_2017_06_11_Instance_56047" type="identity">
      <class id="SO:0000704" label="gene"/>
      <span end="28538" id="16462940-11003" start="28534">gene</span>
    </annotation>
    <annotation annotator="Mike Bada, University of Colorado School of Medicine" id="SO_2017_06_11_Instance_56051" type="identity">
      <class id="SO:0000704" label="gene"/>
      <span end="29012" id="16462940-11005" start="29007">genes</span>
    </annotation>
    <annotation annotator="Mike Bada, University of Colorado School of Medicine" id="SO_2017_06_11_Instance_56055" type="identity">
      <class id="SO:0000673" label="transcript"/>
      <span end="29322" id="16462940-11007" start="29311">transcripts</span>
    </annotation>
    <annotation annotator="Mike Bada, University of Colorado School of Medicine" id="SO_2017_06_11_Instance_56059" type="identity">
      <class id="SO:0000704" label="gene"/>
      <span end="29479" id="16462940-11009" start="29474">genes</span>
    </annotation>
    <annotation annotator="Mike Bada, University of Colorado School of Medicine" id="SO_2017_06_11_Instance_19163" type="identity">
      <class id="SO:0000704" label="gene"/>
      <span end="29555" id="16462940-10615" start="29550">genes</span>
    </annotation>
    <annotation annotator="Mike Bada, University of Colorado School of Medicine" id="SO_2017_06_11_Instance_56061" type="identity">
      <class id="SO:0000704" label="gene"/>
      <span end="29629" id="16462940-11011" start="29624">genes</span>
    </annotation>
    <annotation annotator="Mike Bada, University of Colorado School of Medicine" id="SO_2017_06_11_Instance_56063" type="identity">
      <class id="SO:0000704" label="gene"/>
      <span end="29670" id="16462940-11013" start="29666">gene</span>
    </annotation>
    <annotation annotator="Mike Bada, University of Colorado School of Medicine" id="SO_2017_06_11_Instance_56065" type="identity">
      <class id="SO:0000704" label="gene"/>
      <span end="29896" id="16462940-11015" start="29891">genes</span>
    </annotation>
    <annotation annotator="Mike Bada, University of Colorado School of Medicine" id="SO_2017_06_11_Instance_56069" type="identity">
      <class id="SO:0000167" label="promoter"/>
      <span end="30131" id="16462940-11017" start="30123">promoter</span>
    </annotation>
    <annotation annotator="Mike Bada, University of Colorado School of Medicine" id="SO_2017_06_11_Instance_56071" type="identity">
      <class id="SO:0000704" label="gene"/>
      <span end="30149" id="16462940-11019" start="30144">genes</span>
    </annotation>
    <annotation annotator="Mike Bada, University of Colorado School of Medicine" id="SO_2017_06_11_Instance_56073" type="identity">
      <class id="SO:0000704" label="gene"/>
      <span end="30216" id="16462940-11021" start="30212">gene</span>
    </annotation>
    <annotation annotator="Mike Bada, University of Colorado School of Medicine" id="SO_2017_06_11_Instance_56075" type="identity">
      <class id="SO:0001026" label="genome"/>
      <span end="30423" id="16462940-11023" start="30417">genome</span>
    </annotation>
    <annotation annotator="Mike Bada, University of Colorado School of Medicine" id="SO_2017_06_11_Instance_36353" type="identity">
      <class id="SO:0001026" label="genome"/>
      <span end="30519" id="16462940-10705" start="30512">genomic</span>
    </annotation>
    <annotation annotator="Mike Bada, University of Colorado School of Medicine" id="SO_2017_06_11_Instance_36335" type="identity">
      <class id="SO:0000704" label="gene"/>
      <span end="30771" id="16462940-10687" start="30764">genetic</span>
    </annotation>
    <annotation annotator="Mike Bada, University of Colorado School of Medicine" id="SO_2017_06_11_Instance_56077" type="identity">
      <class id="SO:0000704" label="gene"/>
      <span end="31034" id="16462940-11025" start="31030">gene</span>
    </annotation>
    <annotation annotator="Mike Bada, University of Colorado School of Medicine" id="SO_2017_06_11_Instance_36337" type="identity">
      <class id="SO:0000704" label="gene"/>
      <span end="31308" id="16462940-10689" start="31301">genetic</span>
    </annotation>
    <annotation annotator="Mike Bada, University of Colorado School of Medicine" id="SO_2017_06_11_Instance_36355" type="identity">
      <class id="SO:0001026" label="genome"/>
      <span end="31320" id="16462940-10707" start="31313">genomic</span>
    </annotation>
    <annotation annotator="Mike Bada, University of Colorado School of Medicine" id="SO_2017_06_11_Instance_36339" type="identity">
      <class id="SO:0000704" label="gene"/>
      <span end="31617" id="16462940-10691" start="31610">genetic</span>
    </annotation>
    <annotation annotator="Mike Bada, University of Colorado School of Medicine" id="SO_2017_06_11_Instance_56079" type="identity">
      <class id="SO:0000704" label="gene"/>
      <span end="31902" id="16462940-11027" start="31898">gene</span>
    </annotation>
    <annotation annotator="Mike Bada, University of Colorado School of Medicine" id="SO_2017_06_11_Instance_19165" type="identity">
      <class id="SO:0000704" label="gene"/>
      <span end="32048" id="16462940-10617" start="32043">genes</span>
    </annotation>
    <annotation annotator="Mike Bada, University of Colorado School of Medicine" id="SO_2017_06_11_Instance_56081" type="identity">
      <class id="SO:0000704" label="gene"/>
      <span end="32113" id="16462940-11029" start="32108">genes</span>
    </annotation>
    <annotation annotator="Mike Bada, University of Colorado School of Medicine" id="SO_2017_06_11_Instance_36341" type="identity">
      <class id="SO:0000704" label="gene"/>
      <span end="32204" id="16462940-10693" start="32197">genetic</span>
    </annotation>
    <annotation annotator="Mike Bada, University of Colorado School of Medicine" id="SO_2017_06_11_Instance_36343" type="identity">
      <class id="SO:0000704" label="gene"/>
      <span end="32358" id="16462940-10695" start="32351">genetic</span>
    </annotation>
    <annotation annotator="Mike Bada, University of Colorado School of Medicine" id="SO_2017_06_11_Instance_56093" type="identity">
      <class id="SO:0000704" label="gene"/>
      <span end="34375" id="16462940-11031" start="34371">Gene</span>
    </annotation>
    <annotation annotator="Mike Bada, University of Colorado School of Medicine" id="SO_2017_06_11_Instance_56095" type="identity">
      <class id="SO:0000704" label="gene"/>
      <span end="34683" id="16462940-11033" start="34679">gene</span>
    </annotation>
    <annotation annotator="Mike Bada, University of Colorado School of Medicine" id="SO_2017_06_11_Instance_36357" type="identity">
      <class id="SO:0001026" label="genome"/>
      <span end="34942" id="16462940-10709" start="34935">Genomic</span>
    </annotation>
    <annotation annotator="Mike Bada, University of Colorado School of Medicine" id="SO_2017_06_11_Instance_56097" type="identity">
      <class id="SO:0000694" label="SNP"/>
      <span end="35068" id="16462940-11035" start="35064">SNPs</span>
    </annotation>
    <annotation annotator="Mike Bada, University of Colorado School of Medicine" id="SO_2017_06_11_Instance_56099" type="identity">
      <class id="SO:0000694" label="SNP"/>
      <span end="35212" id="16462940-11037" start="35208">SNPs</span>
    </annotation>
    <annotation annotator="Mike Bada, University of Colorado School of Medicine" id="SO_2017_06_11_Instance_56103" type="identity">
      <class id="SO:0000704" label="gene"/>
      <span end="35453" id="16462940-11039" start="35449">gene</span>
    </annotation>
    <annotation annotator="Mike Bada, University of Colorado School of Medicine" id="SO_2017_06_11_Instance_56105" type="identity">
      <class id="SO:0000771" label="QTL"/>
      <span end="35604" id="16462940-11041" start="35600">QTLs</span>
    </annotation>
    <annotation annotator="Mike Bada, University of Colorado School of Medicine" id="SO_2017_06_11_Instance_56107" type="identity">
      <class id="SO:0000673" label="transcript"/>
      <span end="35890" id="16462940-11043" start="35879">transcripts</span>
    </annotation>
    <annotation annotator="Mike Bada, University of Colorado School of Medicine" id="SO_2017_06_11_Instance_56109" type="identity">
      <class id="SO:0001026" label="genome"/>
      <span end="35907" id="16462940-11045" start="35901">genome</span>
    </annotation>
    <annotation annotator="Mike Bada, University of Colorado School of Medicine" id="SO_2017_06_11_Instance_56113" type="identity">
      <class id="SO:0000771" label="QTL"/>
      <span end="36386" id="16462940-11047" start="36383">QTL</span>
    </annotation>
    <annotation annotator="Mike Bada, University of Colorado School of Medicine" id="SO_2017_06_11_Instance_56115" type="identity">
      <class id="SO:0000771" label="QTL"/>
      <span end="36677" id="16462940-11049" start="36674">QTL</span>
    </annotation>
    <annotation annotator="Mike Bada, University of Colorado School of Medicine" id="SO_2017_06_11_Instance_56117" type="identity">
      <class id="SO:0000771" label="QTL"/>
      <span end="36743" id="16462940-11051" start="36740">QTL</span>
    </annotation>
    <annotation annotator="Mike Bada, University of Colorado School of Medicine" id="SO_2017_06_11_Instance_56119" type="identity">
      <class id="SO:0000771" label="QTL"/>
      <span end="37195" id="16462940-11053" start="37191">QTLs</span>
    </annotation>
    <annotation annotator="Mike Bada, University of Colorado School of Medicine" id="SO_2017_06_11_Instance_56121" type="identity">
      <class id="SO:0000771" label="QTL"/>
      <span end="37373" id="16462940-11055" start="37369">QTLs</span>
    </annotation>
    <annotation annotator="Mike Bada, University of Colorado School of Medicine" id="SO_2017_06_11_Instance_56123" type="identity">
      <class id="SO:0000771" label="QTL"/>
      <span end="37520" id="16462940-11057" start="37516">QTLs</span>
    </annotation>
    <annotation annotator="Mike Bada, University of Colorado School of Medicine" id="SO_2017_06_11_Instance_56125" type="identity">
      <class id="SO:0000771" label="QTL"/>
      <span end="37779" id="16462940-11059" start="37776">QTL</span>
    </annotation>
    <annotation annotator="Mike Bada, University of Colorado School of Medicine" id="SO_2017_06_11_Instance_56127" type="identity">
      <class id="SO:0001026" label="genome"/>
      <span end="37937" id="16462940-11061" start="37931">genome</span>
    </annotation>
    <annotation annotator="Mike Bada, University of Colorado School of Medicine" id="SO_2017_06_11_Instance_56129" type="identity">
      <class id="SO:0000771" label="QTL"/>
      <span end="38348" id="16462940-11063" start="38345">QTL</span>
    </annotation>
    <annotation annotator="Mike Bada, University of Colorado School of Medicine" id="SO_2017_06_11_Instance_56131" type="identity">
      <class id="SO:0000704" label="gene"/>
      <span end="39222" id="16462940-11065" start="39217">genes</span>
    </annotation>
    <annotation annotator="Mike Bada, University of Colorado School of Medicine" id="SO_2017_06_11_Instance_56133" type="identity">
      <class id="SO:0000704" label="gene"/>
      <span end="39266" id="16462940-11067" start="39261">genes</span>
    </annotation>
    <annotation annotator="Mike Bada, University of Colorado School of Medicine" id="SO_2017_06_11_Instance_56135" type="identity">
      <class id="SO:0000704" label="gene"/>
      <span end="39324" id="16462940-11069" start="39320">gene</span>
    </annotation>
    <annotation annotator="Mike Bada, University of Colorado School of Medicine" id="SO_2017_06_11_Instance_56137" type="identity">
      <class id="SO:0000704" label="gene"/>
      <span end="39488" id="16462940-11071" start="39484">gene</span>
    </annotation>
    <annotation annotator="Mike Bada, University of Colorado School of Medicine" id="SO_2017_06_11_Instance_56139" type="identity">
      <class id="SO:0000704" label="gene"/>
      <span end="39578" id="16462940-11073" start="39573">genes</span>
    </annotation>
    <annotation annotator="Mike Bada, University of Colorado School of Medicine" id="SO_2017_06_11_Instance_56141" type="identity">
      <class id="SO:0000771" label="QTL"/>
      <span end="39690" id="16462940-11075" start="39687">QTL</span>
    </annotation>
    <annotation annotator="Mike Bada, University of Colorado School of Medicine" id="SO_2017_06_11_Instance_56143" type="identity">
      <class id="SO:0000771" label="QTL"/>
      <span end="39800" id="16462940-11077" start="39797">QTL</span>
    </annotation>
    <annotation annotator="Mike Bada, University of Colorado School of Medicine" id="SO_2017_06_11_Instance_56145" type="identity">
      <class id="SO:0000704" label="gene"/>
      <span end="39836" id="16462940-11079" start="39832">gene</span>
    </annotation>
    <annotation annotator="Mike Bada, University of Colorado School of Medicine" id="SO_2017_06_11_Instance_56147" type="identity">
      <class id="SO:0000771" label="QTL"/>
      <span end="40041" id="16462940-11081" start="40038">QTL</span>
    </annotation>
    <annotation annotator="Mike Bada, University of Colorado School of Medicine" id="SO_2017_06_11_Instance_56151" type="identity">
      <class id="SO:0000704" label="gene"/>
      <span end="40065" id="16462940-11083" start="40061">gene</span>
    </annotation>
    <annotation annotator="Mike Bada, University of Colorado School of Medicine" id="SO_2017_06_11_Instance_56153" type="identity">
      <class id="SO:0000771" label="QTL"/>
      <span end="40110" id="16462940-11085" start="40107">QTL</span>
    </annotation>
    <annotation annotator="Mike Bada, University of Colorado School of Medicine" id="SO_2017_06_11_Instance_56157" type="identity">
      <class id="SO:0000704" label="gene"/>
      <span end="40540" id="16462940-11087" start="40536">gene</span>
    </annotation>
    <annotation annotator="Mike Bada, University of Colorado School of Medicine" id="SO_2017_06_11_Instance_56159" type="identity">
      <class id="SO:0000771" label="QTL"/>
      <span end="40611" id="16462940-11089" start="40607">QTLs</span>
    </annotation>
    <annotation annotator="Mike Bada, University of Colorado School of Medicine" id="SO_2017_06_11_Instance_56161" type="identity">
      <class id="SO:0000704" label="gene"/>
      <span end="40651" id="16462940-11091" start="40646">genes</span>
    </annotation>
    <annotation annotator="Mike Bada, University of Colorado School of Medicine" id="SO_2017_06_11_Instance_56163" type="identity">
      <class id="SO:0000771" label="QTL"/>
      <span end="40719" id="16462940-11093" start="40715">QTLs</span>
    </annotation>
    <annotation annotator="Mike Bada, University of Colorado School of Medicine" id="SO_2017_06_11_Instance_56165" type="identity">
      <class id="SO:0000771" label="QTL"/>
      <span end="40841" id="16462940-11095" start="40837">QTLs</span>
    </annotation>
    <annotation annotator="Mike Bada, University of Colorado School of Medicine" id="SO_2017_06_11_Instance_56167" type="identity">
      <class id="SO:0000771" label="QTL"/>
      <span end="41713" id="16462940-11097" start="41710">QTL</span>
    </annotation>
    <annotation annotator="Mike Bada, University of Colorado School of Medicine" id="SO_2017_06_11_Instance_56171" type="identity">
      <class id="SO:0000673" label="transcript"/>
      <span end="41991" id="16462940-11099" start="41981">transcript</span>
    </annotation>
    <annotation annotator="Mike Bada, University of Colorado School of Medicine" id="SO_2017_06_11_Instance_36525" type="identity">
      <class id="SO:0000704" label="gene"/>
      <span end="42296" id="16462940-10729" start="42292">gene</span>
    </annotation>
    <annotation annotator="Mike Bada, University of Colorado School of Medicine" id="SO_2017_06_11_Instance_56173" type="identity">
      <class id="SO:0000704" label="gene"/>
      <span end="42675" id="16462940-11101" start="42670">Genes</span>
    </annotation>
    <annotation annotator="Mike Bada, University of Colorado School of Medicine" id="SO_2017_06_11_Instance_56175" type="identity">
      <class id="SO:0000704" label="gene"/>
      <span end="42811" id="16462940-11103" start="42806">genes</span>
    </annotation>
    <annotation annotator="Mike Bada, University of Colorado School of Medicine" id="SO_2017_06_11_Instance_56179" type="identity">
      <class id="SO:0001026" label="genome"/>
      <span end="43007" id="16462940-11105" start="43001">genome</span>
    </annotation>
    <annotation annotator="Mike Bada, University of Colorado School of Medicine" id="SO_2017_06_11_Instance_56181" type="identity">
      <class id="SO:0001026" label="genome"/>
      <span end="43301" id="16462940-11107" start="43295">genome</span>
    </annotation>
    <annotation annotator="Mike Bada, University of Colorado School of Medicine" id="SO_2017_06_11_Instance_56183" type="identity">
      <class id="SO:0000673" label="transcript"/>
      <span end="43687" id="16462940-11109" start="43676">Transcripts</span>
    </annotation>
    <annotation annotator="Mike Bada, University of Colorado School of Medicine" id="SO_2017_06_11_Instance_56185" type="identity">
      <class id="SO:0000771" label="QTL"/>
      <span end="44173" id="16462940-11111" start="44170">QTL</span>
    </annotation>
    <annotation annotator="Mike Bada, University of Colorado School of Medicine" id="SO_2017_06_11_Instance_56187" type="identity">
      <class id="SO:0000704" label="gene"/>
      <span end="44186" id="16462940-11113" start="44182">gene</span>
    </annotation>
    <annotation annotator="Mike Bada, University of Colorado School of Medicine" id="SO_2017_06_11_Instance_56189" type="identity">
      <class id="SO:0000771" label="QTL"/>
      <span end="44201" id="16462940-11115" start="44198">QTL</span>
    </annotation>
    <annotation annotator="Mike Bada, University of Colorado School of Medicine" id="SO_2017_06_11_Instance_56191" type="identity">
      <class id="SO:0000771" label="QTL"/>
      <span end="44287" id="16462940-11117" start="44284">QTL</span>
    </annotation>
    <annotation annotator="Mike Bada, University of Colorado School of Medicine" id="SO_2017_06_11_Instance_56193" type="identity">
      <class id="SO:0000771" label="QTL"/>
      <span end="44314" id="16462940-11119" start="44290">quantitative trait locus</span>
    </annotation>
    <annotation annotator="Mike Bada, University of Colorado School of Medicine" id="SO_2017_06_11_Instance_56195" type="identity">
      <class id="SO:0000694" label="SNP"/>
      <span end="44360" id="16462940-11121" start="44357">SNP</span>
    </annotation>
    <annotation annotator="Mike Bada, University of Colorado School of Medicine" id="SO_2017_06_11_Instance_56197" type="identity">
      <class id="SO:0000694" label="SNP"/>
      <span end="44393" id="16462940-11123" start="44363">single nucleotide polymorphism</span>
    </annotation>
    <annotation annotator="Mike Bada, University of Colorado School of Medicine" id="SO_2017_06_11_Instance_56199" type="identity">
      <class id="SO:0001026" label="genome"/>
      <span end="44431" id="16462940-11125" start="44425">Genome</span>
    </annotation>
    <annotation annotator="Mike Bada, University of Colorado School of Medicine" id="SO_2017_06_11_Instance_56201" type="identity">
      <class id="SO:0000694" label="SNP"/>
      <span end="44531" id="16462940-11127" start="44527">SNPs</span>
    </annotation>
    <annotation annotator="Mike Bada, University of Colorado School of Medicine" id="SO_2017_06_11_Instance_56203" type="identity">
      <class id="SO:0001026" label="genome"/>
      <span end="44683" id="16462940-11129" start="44677">genome</span>
    </annotation>
    <annotation annotator="Mike Bada, University of Colorado School of Medicine" id="SO_2017_06_11_Instance_56205" type="identity">
      <class id="SO:0000771" label="QTL"/>
      <span end="44736" id="16462940-11131" start="44733">QTL</span>
    </annotation>
    <annotation annotator="Mike Bada, University of Colorado School of Medicine" id="SO_2017_06_11_Instance_56211" type="identity">
      <class id="SO:0001026" label="genome"/>
      <span end="44988" id="16462940-11133" start="44982">Genome</span>
    </annotation>
    <annotation annotator="Mike Bada, University of Colorado School of Medicine" id="SO_2017_06_11_Instance_56215" type="identity">
      <class id="SO:0000771" label="QTL"/>
      <span end="45370" id="16462940-11135" start="45367">QTL</span>
    </annotation>
    <annotation annotator="Mike Bada, University of Colorado School of Medicine" id="SO_2017_06_11_Instance_56221" type="identity">
      <class id="SO:0000771" label="QTL"/>
      <span end="45695" id="16462940-11137" start="45692">QTL</span>
    </annotation>
    <annotation annotator="Mike Bada, University of Colorado School of Medicine" id="SO_2017_06_11_Instance_56223" type="identity">
      <class id="SO:0000771" label="QTL"/>
      <span end="45780" id="16462940-11139" start="45776">QTLs</span>
    </annotation>
    <annotation annotator="Mike Bada, University of Colorado School of Medicine" id="SO_2017_06_11_Instance_56225" type="identity">
      <class id="SO:0000704" label="gene"/>
      <span end="45963" id="16462940-11141" start="45959">Gene</span>
    </annotation>
    <annotation annotator="Mike Bada, University of Colorado School of Medicine" id="SO_2017_06_11_Instance_56227" type="identity">
      <class id="SO:0000704" label="gene"/>
      <span end="46029" id="16462940-11143" start="46024">genes</span>
    </annotation>
    <annotation annotator="Mike Bada, University of Colorado School of Medicine" id="SO_2017_06_11_Instance_56229" type="identity">
      <class id="SO:0000673" label="transcript"/>
      <span end="46102" id="16462940-11145" start="46092">transcript</span>
    </annotation>
    <annotation annotator="Mike Bada, University of Colorado School of Medicine" id="SO_2017_06_11_Instance_56231" type="identity">
      <class id="SO:0001026" label="genome"/>
      <span end="46367" id="16462940-11147" start="46361">genome</span>
    </annotation>
    <annotation annotator="Mike Bada, University of Colorado School of Medicine" id="SO_2017_06_11_Instance_56233" type="identity">
      <class id="SO:0000673" label="transcript"/>
      <span end="46468" id="16462940-11149" start="46457">transcripts</span>
    </annotation>
    <annotation annotator="Mike Bada, University of Colorado School of Medicine" id="SO_2017_06_11_Instance_56235" type="identity">
      <class id="SO:0000673" label="transcript"/>
      <span end="46652" id="16462940-11151" start="46641">transcripts</span>
    </annotation>
    <annotation annotator="Mike Bada, University of Colorado School of Medicine" id="SO_2017_06_11_Instance_56239" type="identity">
      <class id="SO:0001026" label="genome"/>
      <span end="47071" id="16462940-11153" start="47065">genome</span>
    </annotation>
    <annotation annotator="Mike Bada, University of Colorado School of Medicine" id="SO_2017_06_11_Instance_56241" type="identity">
      <class id="SO:0001026" label="genome"/>
      <span end="47121" id="16462940-11155" start="47115">genome</span>
    </annotation>
    <annotation annotator="Mike Bada, University of Colorado School of Medicine" id="SO_2017_06_11_Instance_56243" type="identity">
      <class id="SO:0001026" label="genome"/>
      <span end="47401" id="16462940-11157" start="47395">genome</span>
    </annotation>
    <annotation annotator="Mike Bada, University of Colorado School of Medicine" id="SO_2017_06_11_Instance_56245" type="identity">
      <class id="SO:0000673" label="transcript"/>
      <span end="47543" id="16462940-11159" start="47532">Transcripts</span>
    </annotation>
    <annotation annotator="Mike Bada, University of Colorado School of Medicine" id="SO_2017_06_11_Instance_39373" type="identity">
      <class id="SO:0000704" label="gene"/>
      <span end="47635" id="16462940-10731" start="47631">gene</span>
    </annotation>
    <annotation annotator="Mike Bada, University of Colorado School of Medicine" id="SO_2017_06_11_Instance_56247" type="identity">
      <class id="SO:0000673" label="transcript"/>
      <span end="47668" id="16462940-11161" start="47657">transcripts</span>
    </annotation>
    <annotation annotator="Mike Bada, University of Colorado School of Medicine" id="SO_2017_06_11_Instance_56249" type="identity">
      <class id="SO:0000673" label="transcript"/>
      <span end="47723" id="16462940-11163" start="47712">transcripts</span>
    </annotation>
    <annotation annotator="Mike Bada, University of Colorado School of Medicine" id="SO_2017_06_11_Instance_56251" type="identity">
      <class id="SO:0000704" label="gene"/>
      <span end="47818" id="16462940-11165" start="47813">genes</span>
    </annotation>
    <annotation annotator="Mike Bada, University of Colorado School of Medicine" id="SO_2017_06_11_Instance_56253" type="identity">
      <class id="SO:0000704" label="gene"/>
      <span end="47888" id="16462940-11167" start="47883">genes</span>
    </annotation>
    <annotation annotator="Mike Bada, University of Colorado School of Medicine" id="SO_2017_06_11_Instance_56255" type="identity">
      <class id="SO:0001026" label="genome"/>
      <span end="48027" id="16462940-11169" start="48021">genome</span>
    </annotation>
    <annotation annotator="Mike Bada, University of Colorado School of Medicine" id="SO_2017_06_11_Instance_36359" type="identity">
      <class id="SO:0001026" label="genome"/>
      <span end="48072" id="16462940-10711" start="48065">genomic</span>
    </annotation>
    <annotation annotator="Mike Bada, University of Colorado School of Medicine" id="SO_2017_06_11_Instance_56257" type="identity">
      <class id="SO:0001026" label="genome"/>
      <span end="48162" id="16462940-11171" start="48156">genome</span>
    </annotation>
    <annotation annotator="Mike Bada, University of Colorado School of Medicine" id="SO_2017_06_11_Instance_56267" type="identity">
      <class id="SO:0000704" label="gene"/>
      <span end="48691" id="16462940-11173" start="48687">gene</span>
    </annotation>
    <annotation annotator="Mike Bada, University of Colorado School of Medicine" id="SO_2017_06_11_Instance_56271" type="identity">
      <class id="SO:0000673" label="transcript"/>
      <span end="48811" id="16462940-11175" start="48801">transcript</span>
    </annotation>
    <annotation annotator="Mike Bada, University of Colorado School of Medicine" id="SO_2017_06_11_Instance_56281" type="identity">
      <class id="SO:0000704" label="gene"/>
      <span end="49302" id="16462940-11177" start="49298">gene</span>
    </annotation>
    <annotation annotator="Mike Bada, University of Colorado School of Medicine" id="SO_2017_06_11_Instance_56283" type="identity">
      <class id="SO:0000704" label="gene"/>
      <span end="49609" id="16462940-11179" start="49604">Genes</span>
    </annotation>
    <annotation annotator="Mike Bada, University of Colorado School of Medicine" id="SO_2017_06_11_Instance_56285" type="identity">
      <class id="SO:0000673" label="transcript"/>
      <span end="49673" id="16462940-11181" start="49662">Transcripts</span>
    </annotation>
    <annotation annotator="Mike Bada, University of Colorado School of Medicine" id="SO_2017_06_11_Instance_19167" type="identity">
      <class id="SO:0000704" label="gene"/>
      <span end="49788" id="16462940-10619" start="49783">Genes</span>
    </annotation>
    <annotation annotator="Mike Bada, University of Colorado School of Medicine" id="SO_2017_06_11_Instance_36345" type="identity">
      <class id="SO:0000704" label="gene"/>
      <span end="50633" id="16462940-10697" start="50626">Genetic</span>
    </annotation>
    <annotation annotator="Mike Bada, University of Colorado School of Medicine" id="SO_2017_06_11_Instance_36361" type="identity">
      <class id="SO:0001026" label="genome"/>
      <span end="50645" id="16462940-10713" start="50638">genomic</span>
    </annotation>
    <graph-space id="Old Knowtator Relations"/>
  </document>
</knowtator-project>
