<?xml version="1.0" encoding="UTF-8" standalone="no"?>
<knowtator-project>
  <document id="16539743" text-file="16539743.txt">
    <annotation annotator="Mike Bada, University of Colorado School of Medicine" id="SO_2017_06_11_Instance_37453" type="identity">
      <class id="SO:0000417" label="polypeptide_domain"/>
      <span end="56" id="16539743-11919" start="50">domain</span>
    </annotation>
    <annotation annotator="Mike Bada, University of Colorado School of Medicine" id="SO_2017_06_11_Instance_37455" type="identity">
      <class id="SO:0000417" label="polypeptide_domain"/>
      <span end="177" id="16539743-11921" start="170">domains</span>
    </annotation>
    <annotation annotator="Mike Bada, University of Colorado School of Medicine" id="SO_2017_06_11_Instance_29357" type="identity">
      <class id="SO:0000417" label="polypeptide_domain"/>
      <span end="268" id="16539743-11901" start="261">modules</span>
    </annotation>
    <annotation annotator="Mike Bada, University of Colorado School of Medicine" id="SO_2017_06_11_Instance_37457" type="identity">
      <class id="SO:0000417" label="polypeptide_domain"/>
      <span end="281" id="16539743-11923" start="275">domain</span>
    </annotation>
    <annotation annotator="Mike Bada, University of Colorado School of Medicine" id="SO_2017_06_11_Instance_37459" type="identity">
      <class id="SO:0000417" label="polypeptide_domain"/>
      <span end="489" id="16539743-11925" start="483">domain</span>
    </annotation>
    <annotation annotator="Mike Bada, University of Colorado School of Medicine" id="SO_2017_06_11_Instance_37461" type="identity">
      <class id="SO:0000417" label="polypeptide_domain"/>
      <span end="644" id="16539743-11927" start="638">domain</span>
    </annotation>
    <annotation annotator="Mike Bada, University of Colorado School of Medicine" id="SO_2017_06_11_Instance_37463" type="identity">
      <class id="SO:0000417" label="polypeptide_domain"/>
      <span end="871" id="16539743-11929" start="865">domain</span>
    </annotation>
    <annotation annotator="Mike Bada, University of Colorado School of Medicine" id="SO_2017_06_11_Instance_57445" type="identity">
      <class id="SO:0000855" label="orthologous_region"/>
      <span end="941" id="16539743-12135" start="933">ortholog</span>
    </annotation>
    <annotation annotator="Mike Bada, University of Colorado School of Medicine" id="SO_2017_06_11_Instance_57447" type="identity">
      <class id="SO:0000704" label="gene"/>
      <span end="1125" id="16539743-12137" start="1121">gene</span>
    </annotation>
    <annotation annotator="Mike Bada, University of Colorado School of Medicine" id="SO_2017_06_11_Instance_37465" type="identity">
      <class id="SO:0000417" label="polypeptide_domain"/>
      <span end="1521" id="16539743-11931" start="1515">domain</span>
    </annotation>
    <annotation annotator="Mike Bada, University of Colorado School of Medicine" id="SO_2017_06_11_Instance_37467" type="identity">
      <class id="SO:0000417" label="polypeptide_domain"/>
      <span end="1745" id="16539743-11933" start="1739">domain</span>
    </annotation>
    <annotation annotator="Mike Bada, University of Colorado School of Medicine" id="SO_2017_06_11_Instance_37469" type="identity">
      <class id="SO:0000417" label="polypeptide_domain"/>
      <span end="1898" id="16539743-11935" start="1892">domain</span>
    </annotation>
    <annotation annotator="Mike Bada, University of Colorado School of Medicine" id="SO_2017_06_11_Instance_57453" type="identity">
      <class id="SO:0000704" label="gene"/>
      <span end="1968" id="16539743-12139" start="1964">gene</span>
    </annotation>
    <annotation annotator="Mike Bada, University of Colorado School of Medicine" id="SO_2017_06_11_Instance_37639" type="identity">
      <class id="SO:0000704" label="gene"/>
      <span end="3145" id="16539743-12101" start="3138">genetic</span>
    </annotation>
    <annotation annotator="Mike Bada, University of Colorado School of Medicine" id="SO_2017_06_11_Instance_57455" type="identity">
      <class id="SO:0000704" label="gene"/>
      <span end="3821" id="16539743-12141" start="3816">genes</span>
    </annotation>
    <annotation annotator="Mike Bada, University of Colorado School of Medicine" id="SO_2017_06_11_Instance_57457" type="identity">
      <class id="SO:0000704" label="gene"/>
      <span end="4165" id="16539743-12143" start="4160">genes</span>
    </annotation>
    <annotation annotator="Mike Bada, University of Colorado School of Medicine" id="SO_2017_06_11_Instance_57459" type="identity">
      <class id="SO:0000673" label="transcript"/>
      <span end="4294" id="16539743-12145" start="4283">transcripts</span>
    </annotation>
    <annotation annotator="Mike Bada, University of Colorado School of Medicine" id="SO_2017_06_11_Instance_37471" type="identity">
      <class id="SO:0000417" label="polypeptide_domain"/>
      <span end="5182" id="16539743-11937" start="5175">domains</span>
    </annotation>
    <annotation annotator="Mike Bada, University of Colorado School of Medicine" id="SO_2017_06_11_Instance_37473" type="identity">
      <class id="SO:0000417" label="polypeptide_domain"/>
      <span end="5226" id="16539743-11939" start="5219">domains</span>
    </annotation>
    <annotation annotator="Mike Bada, University of Colorado School of Medicine" id="SO_2017_06_11_Instance_30097" type="identity">
      <class id="SO:0000417" label="polypeptide_domain"/>
      <span end="5318" id="16539743-11903" start="5311">modules</span>
    </annotation>
    <annotation annotator="Mike Bada, University of Colorado School of Medicine" id="SO_2017_06_11_Instance_37475" type="identity">
      <class id="SO:0000417" label="polypeptide_domain"/>
      <span end="5339" id="16539743-11941" start="5333">domain</span>
    </annotation>
    <annotation annotator="Mike Bada, University of Colorado School of Medicine" id="SO_2017_06_11_Instance_57461" type="identity">
      <class id="SO:0000704" label="gene"/>
      <span end="5756" id="16539743-12147" start="5752">gene</span>
    </annotation>
    <annotation annotator="Mike Bada, University of Colorado School of Medicine" id="SO_2017_06_11_Instance_57463" type="identity">
      <class id="SO:0000704" label="gene"/>
      <span end="5851" id="16539743-12149" start="5847">gene</span>
    </annotation>
    <annotation annotator="Mike Bada, University of Colorado School of Medicine" id="SO_2017_06_11_Instance_57465" type="identity">
      <class id="SO:0000704" label="gene"/>
      <span end="5940" id="16539743-12151" start="5935">genes</span>
    </annotation>
    <annotation annotator="Mike Bada, University of Colorado School of Medicine" id="SO_2017_06_11_Instance_37477" type="identity">
      <class id="SO:0000417" label="polypeptide_domain"/>
      <span end="6049" id="16539743-11943" start="6043">domain</span>
    </annotation>
    <annotation annotator="Mike Bada, University of Colorado School of Medicine" id="SO_2017_06_11_Instance_27437" type="identity">
      <class id="SO:0001114" label="peptide_helix"/>
      <span end="6110" id="16539743-11899" start="6103">helical</span>
    </annotation>
    <annotation annotator="Mike Bada, University of Colorado School of Medicine" id="SO_2017_06_11_Instance_37479" type="identity">
      <class id="SO:0000417" label="polypeptide_domain"/>
      <span end="6156" id="16539743-11945" start="6150">domain</span>
    </annotation>
    <annotation annotator="Mike Bada, University of Colorado School of Medicine" id="SO_2017_06_11_Instance_57467" type="identity">
      <class id="SO:0000704" label="gene"/>
      <span end="6305" id="16539743-12153" start="6300">genes</span>
    </annotation>
    <annotation annotator="Mike Bada, University of Colorado School of Medicine" id="SO_2017_06_11_Instance_57469" type="identity">
      <class id="SO:0000704" label="gene"/>
      <span end="6349" id="16539743-12155" start="6345">gene</span>
    </annotation>
    <annotation annotator="Mike Bada, University of Colorado School of Medicine" id="SO_2017_06_11_Instance_37481" type="identity">
      <class id="SO:0000417" label="polypeptide_domain"/>
      <span end="6383" id="16539743-11947" start="6377">domain</span>
    </annotation>
    <annotation annotator="Mike Bada, University of Colorado School of Medicine" id="SO_2017_06_11_Instance_37483" type="identity">
      <class id="SO:0000417" label="polypeptide_domain"/>
      <span end="6418" id="16539743-11949" start="6412">domain</span>
    </annotation>
    <annotation annotator="Mike Bada, University of Colorado School of Medicine" id="SO_2017_06_11_Instance_57471" type="identity">
      <class id="SO:0000855" label="orthologous_region"/>
      <span end="6479" id="16539743-12157" start="6471">ortholog</span>
    </annotation>
    <annotation annotator="Mike Bada, University of Colorado School of Medicine" id="SO_2017_06_11_Instance_37485" type="identity">
      <class id="SO:0000417" label="polypeptide_domain"/>
      <span end="6760" id="16539743-11951" start="6754">domain</span>
    </annotation>
    <annotation annotator="Mike Bada, University of Colorado School of Medicine" id="SO_2017_06_11_Instance_37487" type="identity">
      <class id="SO:0000417" label="polypeptide_domain"/>
      <span end="6844" id="16539743-11953" start="6838">domain</span>
    </annotation>
    <annotation annotator="Mike Bada, University of Colorado School of Medicine" id="SO_2017_06_11_Instance_57475" type="identity">
      <class id="SO:0000704" label="gene"/>
      <span end="7090" id="16539743-12159" start="7085">genes</span>
    </annotation>
    <annotation annotator="Mike Bada, University of Colorado School of Medicine" id="SO_2017_06_11_Instance_57477" type="identity">
      <class id="SO:0000345" label="EST"/>
      <span end="7287" id="16539743-12161" start="7284">EST</span>
    </annotation>
    <annotation annotator="Mike Bada, University of Colorado School of Medicine" id="SO_2017_06_11_Instance_37489" type="identity">
      <class id="SO:0000417" label="polypeptide_domain"/>
      <span end="7440" id="16539743-11955" start="7434">domain</span>
    </annotation>
    <annotation annotator="Mike Bada, University of Colorado School of Medicine" id="SO_2017_06_11_Instance_57483" type="identity">
      <class id="SO:0000317" label="cDNA_clone"/>
      <span end="7619" id="16539743-12163" start="7609">cDNA clone</span>
    </annotation>
    <annotation annotator="Mike Bada, University of Colorado School of Medicine" id="SO_2017_06_11_Instance_57487" type="identity">
      <class id="SO:0000704" label="gene"/>
      <span end="7677" id="16539743-12165" start="7673">gene</span>
    </annotation>
    <annotation annotator="Mike Bada, University of Colorado School of Medicine" id="SO_2017_06_11_Instance_37491" type="identity">
      <class id="SO:0000417" label="polypeptide_domain"/>
      <span end="7699" id="16539743-11957" start="7693">domain</span>
    </annotation>
    <annotation annotator="Mike Bada, University of Colorado School of Medicine" id="SO_2017_06_11_Instance_37493" type="identity">
      <class id="SO:0000417" label="polypeptide_domain"/>
      <span end="7781" id="16539743-11959" start="7775">domain</span>
    </annotation>
    <annotation annotator="Mike Bada, University of Colorado School of Medicine" id="SO_2017_06_11_Instance_57489" type="identity">
      <class id="SO:0000318" label="start_codon"/>
      <span end="7843" id="16539743-12167" start="7815">translation initiation codon</span>
    </annotation>
    <annotation annotator="Mike Bada, University of Colorado School of Medicine" id="SO_2017_06_11_Instance_57491" type="identity">
      <class id="SO:0000236" label="ORF"/>
      <span end="7885" id="16539743-12169" start="7867">open reading frame</span>
    </annotation>
    <annotation annotator="Mike Bada, University of Colorado School of Medicine" id="SO_2017_06_11_Instance_37495" type="identity">
      <class id="SO:0000417" label="polypeptide_domain"/>
      <span end="7903" id="16539743-11961" start="7897">domain</span>
    </annotation>
    <annotation annotator="Mike Bada, University of Colorado School of Medicine" id="SO_2017_06_11_Instance_31341" type="identity">
      <class id="SO:0000318" label="start_codon"/>
      <span end="7925" id="16539743-11907" start="7910">initiation site</span>
    </annotation>
    <annotation annotator="Mike Bada, University of Colorado School of Medicine" id="SO_2017_06_11_Instance_57493" type="identity">
      <class id="SO:0000993" label="consensus"/>
      <span end="7959" id="16539743-12171" start="7950">consensus</span>
    </annotation>
    <annotation annotator="Mike Bada, University of Colorado School of Medicine" id="SO_2017_06_11_Instance_57497" type="identity">
      <class id="SO:0000319" label="stop_codon"/>
      <span end="8076" id="16539743-12173" start="8066">stop codon</span>
    </annotation>
    <annotation annotator="Mike Bada, University of Colorado School of Medicine" id="SO_2017_06_11_Instance_37497" type="identity">
      <class id="SO:0000417" label="polypeptide_domain"/>
      <span end="8178" id="16539743-11963" start="8172">domain</span>
    </annotation>
    <annotation annotator="Mike Bada, University of Colorado School of Medicine" id="SO_2017_06_11_Instance_18195" type="identity">
      <class id="SO:0000857" label="homologous"/>
      <span end="8238" id="16539743-11885" start="8230">homology</span>
    </annotation>
    <annotation annotator="Mike Bada, University of Colorado School of Medicine" id="SO_2017_06_11_Instance_37499" type="identity">
      <class id="SO:0000417" label="polypeptide_domain"/>
      <span end="8255" id="16539743-11965" start="8248">domains</span>
    </annotation>
    <annotation annotator="Mike Bada, University of Colorado School of Medicine" id="SO_2017_06_11_Instance_37501" type="identity">
      <class id="SO:0000417" label="polypeptide_domain"/>
      <span end="8344" id="16539743-11967" start="8338">domain</span>
    </annotation>
    <annotation annotator="Mike Bada, University of Colorado School of Medicine" id="SO_2017_06_11_Instance_57505" type="identity">
      <class id="SO:0000853" label="homologous_region"/>
      <span end="8415" id="16539743-12175" start="8408">homolog</span>
    </annotation>
    <annotation annotator="Mike Bada, University of Colorado School of Medicine" id="SO_2017_06_11_Instance_37503" type="identity">
      <class id="SO:0000417" label="polypeptide_domain"/>
      <span end="8602" id="16539743-11969" start="8595">domains</span>
    </annotation>
    <annotation annotator="Mike Bada, University of Colorado School of Medicine" id="SO_2017_06_11_Instance_37505" type="identity">
      <class id="SO:0000417" label="polypeptide_domain"/>
      <span end="8734" id="16539743-11971" start="8728">domain</span>
    </annotation>
    <annotation annotator="Mike Bada, University of Colorado School of Medicine" id="SO_2017_06_11_Instance_57511" type="identity">
      <class id="SO:0000704" label="gene"/>
      <span end="8817" id="16539743-12177" start="8812">genes</span>
    </annotation>
    <annotation annotator="Mike Bada, University of Colorado School of Medicine" id="SO_2017_06_11_Instance_57513" type="identity">
      <class id="SO:0001026" label="genome"/>
      <span end="8873" id="16539743-12179" start="8867">genome</span>
    </annotation>
    <annotation annotator="Mike Bada, University of Colorado School of Medicine" id="SO_2017_06_11_Instance_37507" type="identity">
      <class id="SO:0000417" label="polypeptide_domain"/>
      <span end="9294" id="16539743-11973" start="9288">domain</span>
    </annotation>
    <annotation annotator="" id="SO_2017_06_11_Instance_225548" type="identity">
      <class id="SO:0001528" label="nuclear_localization_signal"/>
      <span end="9371" id="16539743-11895" start="9344">nuclear localization signal</span>
    </annotation>
    <annotation annotator="" id="SO_2017_06_11_Instance_92539" type="identity">
      <class id="SO:0000551" label="polyA_signal_sequence"/>
      <span end="9442" id="16539743-12391" start="9408">polyadenylation termination signal</span>
    </annotation>
    <annotation annotator="Mike Bada, University of Colorado School of Medicine" id="SO_2017_06_11_Instance_37509" type="identity">
      <class id="SO:0000417" label="polypeptide_domain"/>
      <span end="9471" id="16539743-11975" start="9465">domain</span>
    </annotation>
    <annotation annotator="Mike Bada, University of Colorado School of Medicine" id="SO_2017_06_11_Instance_37511" type="identity">
      <class id="SO:0000417" label="polypeptide_domain"/>
      <span end="9496" id="16539743-11977" start="9490">domain</span>
    </annotation>
    <annotation annotator="Mike Bada, University of Colorado School of Medicine" id="SO_2017_06_11_Instance_37685" type="identity">
      <class id="SO:0001117" label="alpha_helix"/>
      <span end="9540" id="16539743-12103" start="9527">alpha helices</span>
    </annotation>
    <annotation annotator="Mike Bada, University of Colorado School of Medicine" id="SO_2017_06_11_Instance_37513" type="identity">
      <class id="SO:0000417" label="polypeptide_domain"/>
      <span end="9788" id="16539743-11979" start="9782">domain</span>
    </annotation>
    <annotation annotator="Mike Bada, University of Colorado School of Medicine" id="SO_2017_06_11_Instance_37515" type="identity">
      <class id="SO:0000417" label="polypeptide_domain"/>
      <span end="10112" id="16539743-11981" start="10105">domains</span>
    </annotation>
    <annotation annotator="Mike Bada, University of Colorado School of Medicine" id="SO_2017_06_11_Instance_57545" type="identity">
      <class id="SO:0000704" label="gene"/>
      <span end="10586" id="16539743-12181" start="10582">gene</span>
    </annotation>
    <annotation annotator="Mike Bada, University of Colorado School of Medicine" id="SO_2017_06_11_Instance_57547" type="identity">
      <class id="SO:0000673" label="transcript"/>
      <span end="10910" id="16539743-12183" start="10900">transcript</span>
    </annotation>
    <annotation annotator="Mike Bada, University of Colorado School of Medicine" id="SO_2017_06_11_Instance_57549" type="identity">
      <class id="SO:0000704" label="gene"/>
      <span end="11165" id="16539743-12185" start="11160">genes</span>
    </annotation>
    <annotation annotator="Mike Bada, University of Colorado School of Medicine" id="SO_2017_06_11_Instance_57555" type="identity">
      <class id="SO:0000673" label="transcript"/>
      <span end="12025" id="16539743-12187" start="12015">transcript</span>
    </annotation>
    <annotation annotator="Mike Bada, University of Colorado School of Medicine" id="SO_2017_06_11_Instance_57557" type="identity">
      <class id="SO:0000704" label="gene"/>
      <span end="12498" id="16539743-12189" start="12494">gene</span>
    </annotation>
    <annotation annotator="Mike Bada, University of Colorado School of Medicine" id="SO_2017_06_11_Instance_37693" type="identity">
      <class id="SO:1001187" label="alternatively_spliced_transcript"/>
      <span end="12830" id="16539743-12105" start="12799">alternative spliced transcripts</span>
    </annotation>
    <annotation annotator="Mike Bada, University of Colorado School of Medicine" id="SO_2017_06_11_Instance_57561" type="identity">
      <class id="SO:0000704" label="gene"/>
      <span end="13104" id="16539743-12191" start="13099">genes</span>
    </annotation>
    <annotation annotator="Mike Bada, University of Colorado School of Medicine" id="SO_2017_06_11_Instance_57563" type="identity">
      <class id="SO:0000673" label="transcript"/>
      <span end="13196" id="16539743-12193" start="13185">transcripts</span>
    </annotation>
    <annotation annotator="Mike Bada, University of Colorado School of Medicine" id="SO_2017_06_11_Instance_19741" type="identity">
      <class id="SO:0000997" label="gene_fragment"/>
      <span end="13366" id="16539743-11892" start="13357">fragments</span>
      <span end="13415" id="16539743-11893" start="13406">for genes</span>
    </annotation>
    <annotation annotator="Mike Bada, University of Colorado School of Medicine" id="SO_2017_06_11_Instance_37695" type="identity">
      <class id="SO:0000028" label="base_pair"/>
      <span end="13376" id="16539743-12107" start="13374">bp</span>
    </annotation>
    <annotation annotator="Mike Bada, University of Colorado School of Medicine" id="SO_2017_06_11_Instance_37697" type="identity">
      <class id="SO:0000028" label="base_pair"/>
      <span end="13387" id="16539743-12109" start="13385">bp</span>
    </annotation>
    <annotation annotator="Mike Bada, University of Colorado School of Medicine" id="SO_2017_06_11_Instance_57565" type="identity">
      <class id="SO:0000112" label="primer"/>
      <span end="13399" id="16539743-12195" start="13393">primer</span>
    </annotation>
    <annotation annotator="Mike Bada, University of Colorado School of Medicine" id="SO_2017_06_11_Instance_57573" type="identity">
      <class id="SO:0000673" label="transcript"/>
      <span end="14446" id="16539743-12197" start="14436">transcript</span>
    </annotation>
    <annotation annotator="Mike Bada, University of Colorado School of Medicine" id="SO_2017_06_11_Instance_57583" type="identity">
      <class id="SO:0000006" label="PCR_product"/>
      <span end="15412" id="16539743-12199" start="15400">PCR products</span>
    </annotation>
    <annotation annotator="Mike Bada, University of Colorado School of Medicine" id="SO_2017_06_11_Instance_57585" type="identity">
      <class id="SO:0000112" label="primer"/>
      <span end="15436" id="16539743-12201" start="15430">primer</span>
    </annotation>
    <annotation annotator="Mike Bada, University of Colorado School of Medicine" id="SO_2017_06_11_Instance_57587" type="identity">
      <class id="SO:0000155" label="plasmid"/>
      <span end="15598" id="16539743-12203" start="15590">plasmids</span>
    </annotation>
    <annotation annotator="Mike Bada, University of Colorado School of Medicine" id="SO_2017_06_11_Instance_57589" type="identity">
      <class id="SO:0000409" label="binding_site"/>
      <span end="15673" id="16539743-12205" start="15660">binding sites</span>
    </annotation>
    <annotation annotator="Mike Bada, University of Colorado School of Medicine" id="SO_2017_06_11_Instance_57591" type="identity">
      <class id="SO:0000440" label="vector_replicon"/>
      <span end="15940" id="16539743-12207" start="15934">vector</span>
    </annotation>
    <annotation annotator="Mike Bada, University of Colorado School of Medicine" id="SO_2017_06_11_Instance_57593" type="identity">
      <class id="SO:0000440" label="vector_replicon"/>
      <span end="15967" id="16539743-12209" start="15961">vector</span>
    </annotation>
    <annotation annotator="" id="SO_2017_06_11_Instance_92541" type="identity">
      <class id="SO:0001668" label="proximal_promoter_element"/>
      <span end="16200" id="16539743-12393" start="16176">proximal promoter region</span>
    </annotation>
    <annotation annotator="Mike Bada, University of Colorado School of Medicine" id="SO_2017_06_11_Instance_57597" type="identity">
      <class id="SO:0000704" label="gene"/>
      <span end="16235" id="16539743-12211" start="16231">gene</span>
    </annotation>
    <annotation annotator="Mike Bada, University of Colorado School of Medicine" id="SO_2017_06_11_Instance_57599" type="identity">
      <class id="SO:0000440" label="vector_replicon"/>
      <span end="16321" id="16539743-12213" start="16314">vectors</span>
    </annotation>
    <annotation annotator="Mike Bada, University of Colorado School of Medicine" id="SO_2017_06_11_Instance_57605" type="identity">
      <class id="SO:0000993" label="consensus"/>
      <span end="16422" id="16539743-12215" start="16413">consensus</span>
    </annotation>
    <annotation annotator="Mike Bada, University of Colorado School of Medicine" id="SO_2017_06_11_Instance_57607" type="identity">
      <class id="SO:0000440" label="vector_replicon"/>
      <span end="16547" id="16539743-12217" start="16541">vector</span>
    </annotation>
    <annotation annotator="Mike Bada, University of Colorado School of Medicine" id="SO_2017_06_11_Instance_57609" type="identity">
      <class id="SO:0000440" label="vector_replicon"/>
      <span end="16675" id="16539743-12219" start="16669">vector</span>
    </annotation>
    <annotation annotator="Mike Bada, University of Colorado School of Medicine" id="SO_2017_06_11_Instance_57611" type="identity">
      <class id="SO:0000167" label="promoter"/>
      <span end="16813" id="16539743-12221" start="16805">promoter</span>
    </annotation>
    <annotation annotator="Mike Bada, University of Colorado School of Medicine" id="SO_2017_06_11_Instance_57613" type="identity">
      <class id="SO:0000704" label="gene"/>
      <span end="16841" id="16539743-12223" start="16837">gene</span>
    </annotation>
    <annotation annotator="Mike Bada, University of Colorado School of Medicine" id="SO_2017_06_11_Instance_57615" type="identity">
      <class id="SO:0000704" label="gene"/>
      <span end="16914" id="16539743-12225" start="16910">gene</span>
    </annotation>
    <annotation annotator="Mike Bada, University of Colorado School of Medicine" id="SO_2017_06_11_Instance_57617" type="identity">
      <class id="SO:0000440" label="vector_replicon"/>
      <span end="16986" id="16539743-12227" start="16979">vectors</span>
    </annotation>
    <annotation annotator="Mike Bada, University of Colorado School of Medicine" id="SO_2017_06_11_Instance_57619" type="identity">
      <class id="SO:0000440" label="vector_replicon"/>
      <span end="17079" id="16539743-12229" start="17073">vector</span>
    </annotation>
    <annotation annotator="Mike Bada, University of Colorado School of Medicine" id="SO_2017_06_11_Instance_33401" type="identity">
      <class id="SO:0000994" label="consensus_region"/>
      <span end="17320" id="16539743-11915" start="17311">consensus</span>
    </annotation>
    <annotation annotator="Mike Bada, University of Colorado School of Medicine" id="SO_2017_06_11_Instance_57621" type="identity">
      <class id="SO:0000673" label="transcript"/>
      <span end="17477" id="16539743-12231" start="17466">transcripts</span>
    </annotation>
    <annotation annotator="Mike Bada, University of Colorado School of Medicine" id="SO_2017_06_11_Instance_57623" type="identity">
      <class id="SO:0000440" label="vector_replicon"/>
      <span end="17676" id="16539743-12233" start="17669">vectors</span>
    </annotation>
    <annotation annotator="Mike Bada, University of Colorado School of Medicine" id="SO_2017_06_11_Instance_57625" type="identity">
      <class id="SO:0000409" label="binding_site"/>
      <span end="17742" id="16539743-12235" start="17729">binding sites</span>
    </annotation>
    <annotation annotator="Mike Bada, University of Colorado School of Medicine" id="SO_2017_06_11_Instance_57627" type="identity">
      <class id="SO:0000440" label="vector_replicon"/>
      <span end="17817" id="16539743-12237" start="17811">vector</span>
    </annotation>
    <annotation annotator="Mike Bada, University of Colorado School of Medicine" id="SO_2017_06_11_Instance_57629" type="identity">
      <class id="SO:0000409" label="binding_site"/>
      <span end="18149" id="16539743-12239" start="18136">binding sites</span>
    </annotation>
    <annotation annotator="Mike Bada, University of Colorado School of Medicine" id="SO_2017_06_11_Instance_37699" type="identity">
      <class id="SO:0000028" label="base_pair"/>
      <span end="18155" id="16539743-12111" start="18153">bp</span>
    </annotation>
    <annotation annotator="Mike Bada, University of Colorado School of Medicine" id="SO_2017_06_11_Instance_37701" type="identity">
      <class id="SO:0000028" label="base_pair"/>
      <span end="18166" id="16539743-12113" start="18164">bp</span>
    </annotation>
    <annotation annotator="Mike Bada, University of Colorado School of Medicine" id="SO_2017_06_11_Instance_36451" type="identity">
      <class id="SO:0000315" label="TSS"/>
      <span end="18214" id="16539743-11917" start="18185">transcription initiation site</span>
    </annotation>
    <annotation annotator="Mike Bada, University of Colorado School of Medicine" id="SO_2017_06_11_Instance_37517" type="identity">
      <class id="SO:0000417" label="polypeptide_domain"/>
      <span end="18329" id="16539743-11983" start="18322">domains</span>
    </annotation>
    <annotation annotator="Mike Bada, University of Colorado School of Medicine" id="SO_2017_06_11_Instance_30583" type="identity">
      <class id="SO:0000417" label="polypeptide_domain"/>
      <span end="18390" id="16539743-11905" start="18383">modules</span>
    </annotation>
    <annotation annotator="Mike Bada, University of Colorado School of Medicine" id="SO_2017_06_11_Instance_37519" type="identity">
      <class id="SO:0000417" label="polypeptide_domain"/>
      <span end="18420" id="16539743-11985" start="18413">domains</span>
    </annotation>
    <annotation annotator="Mike Bada, University of Colorado School of Medicine" id="SO_2017_06_11_Instance_37521" type="identity">
      <class id="SO:0000417" label="polypeptide_domain"/>
      <span end="18455" id="16539743-11987" start="18449">domain</span>
    </annotation>
    <annotation annotator="Mike Bada, University of Colorado School of Medicine" id="SO_2017_06_11_Instance_37523" type="identity">
      <class id="SO:0000417" label="polypeptide_domain"/>
      <span end="18512" id="16539743-11989" start="18506">domain</span>
    </annotation>
    <annotation annotator="Mike Bada, University of Colorado School of Medicine" id="SO_2017_06_11_Instance_37525" type="identity">
      <class id="SO:0000417" label="polypeptide_domain"/>
      <span end="18583" id="16539743-11991" start="18577">domain</span>
    </annotation>
    <annotation annotator="Mike Bada, University of Colorado School of Medicine" id="SO_2017_06_11_Instance_31763" type="identity">
      <class id="SO:0000417" label="polypeptide_domain"/>
      <span end="18661" id="16539743-11909" start="18655">module</span>
    </annotation>
    <annotation annotator="Mike Bada, University of Colorado School of Medicine" id="SO_2017_06_11_Instance_37527" type="identity">
      <class id="SO:0000417" label="polypeptide_domain"/>
      <span end="18904" id="16539743-11993" start="18898">domain</span>
    </annotation>
    <annotation annotator="Mike Bada, University of Colorado School of Medicine" id="SO_2017_06_11_Instance_37529" type="identity">
      <class id="SO:0000417" label="polypeptide_domain"/>
      <span end="18999" id="16539743-11995" start="18993">domain</span>
    </annotation>
    <annotation annotator="Mike Bada, University of Colorado School of Medicine" id="SO_2017_06_11_Instance_37531" type="identity">
      <class id="SO:0000417" label="polypeptide_domain"/>
      <span end="19101" id="16539743-11997" start="19095">domain</span>
    </annotation>
    <annotation annotator="Mike Bada, University of Colorado School of Medicine" id="SO_2017_06_11_Instance_37533" type="identity">
      <class id="SO:0000417" label="polypeptide_domain"/>
      <span end="19282" id="16539743-11999" start="19276">domain</span>
    </annotation>
    <annotation annotator="Mike Bada, University of Colorado School of Medicine" id="SO_2017_06_11_Instance_37535" type="identity">
      <class id="SO:0000417" label="polypeptide_domain"/>
      <span end="19455" id="16539743-12001" start="19449">domain</span>
    </annotation>
    <annotation annotator="Mike Bada, University of Colorado School of Medicine" id="SO_2017_06_11_Instance_57639" type="identity">
      <class id="SO:0000902" label="transgene"/>
      <span end="19560" id="16539743-12241" start="19551">transgene</span>
    </annotation>
    <annotation annotator="Mike Bada, University of Colorado School of Medicine" id="SO_2017_06_11_Instance_57641" type="identity">
      <class id="SO:0000409" label="binding_site"/>
      <span end="19584" id="16539743-12243" start="19571">binding sites</span>
    </annotation>
    <annotation annotator="Mike Bada, University of Colorado School of Medicine" id="SO_2017_06_11_Instance_57643" type="identity">
      <class id="SO:0000704" label="gene"/>
      <span end="19610" id="16539743-12245" start="19606">gene</span>
    </annotation>
    <annotation annotator="Mike Bada, University of Colorado School of Medicine" id="SO_2017_06_11_Instance_37537" type="identity">
      <class id="SO:0000417" label="polypeptide_domain"/>
      <span end="19838" id="16539743-12003" start="19832">domain</span>
    </annotation>
    <annotation annotator="Mike Bada, University of Colorado School of Medicine" id="SO_2017_06_11_Instance_37539" type="identity">
      <class id="SO:0000417" label="polypeptide_domain"/>
      <span end="20478" id="16539743-12005" start="20471">domains</span>
    </annotation>
    <annotation annotator="Mike Bada, University of Colorado School of Medicine" id="SO_2017_06_11_Instance_57649" type="identity">
      <class id="SO:0000409" label="binding_site"/>
      <span end="20613" id="16539743-12247" start="20600">binding sites</span>
    </annotation>
    <annotation annotator="Mike Bada, University of Colorado School of Medicine" id="SO_2017_06_11_Instance_37541" type="identity">
      <class id="SO:0000417" label="polypeptide_domain"/>
      <span end="20644" id="16539743-12007" start="20638">domain</span>
    </annotation>
    <annotation annotator="Mike Bada, University of Colorado School of Medicine" id="SO_2017_06_11_Instance_37543" type="identity">
      <class id="SO:0000417" label="polypeptide_domain"/>
      <span end="20999" id="16539743-12009" start="20992">domains</span>
    </annotation>
    <annotation annotator="Mike Bada, University of Colorado School of Medicine" id="SO_2017_06_11_Instance_37545" type="identity">
      <class id="SO:0000417" label="polypeptide_domain"/>
      <span end="21130" id="16539743-12011" start="21123">domains</span>
    </annotation>
    <annotation annotator="Mike Bada, University of Colorado School of Medicine" id="SO_2017_06_11_Instance_37547" type="identity">
      <class id="SO:0000417" label="polypeptide_domain"/>
      <span end="21367" id="16539743-12013" start="21361">domain</span>
    </annotation>
    <annotation annotator="Mike Bada, University of Colorado School of Medicine" id="SO_2017_06_11_Instance_37549" type="identity">
      <class id="SO:0000417" label="polypeptide_domain"/>
      <span end="21390" id="16539743-12015" start="21384">domain</span>
    </annotation>
    <annotation annotator="Mike Bada, University of Colorado School of Medicine" id="SO_2017_06_11_Instance_37551" type="identity">
      <class id="SO:0000417" label="polypeptide_domain"/>
      <span end="22099" id="16539743-12017" start="22093">domain</span>
    </annotation>
    <annotation annotator="Mike Bada, University of Colorado School of Medicine" id="SO_2017_06_11_Instance_57671" type="identity">
      <class id="SO:0000440" label="vector_replicon"/>
      <span end="22846" id="16539743-12249" start="22840">vector</span>
    </annotation>
    <annotation annotator="Mike Bada, University of Colorado School of Medicine" id="SO_2017_06_11_Instance_37553" type="identity">
      <class id="SO:0000417" label="polypeptide_domain"/>
      <span end="23379" id="16539743-12019" start="23373">domain</span>
    </annotation>
    <annotation annotator="Mike Bada, University of Colorado School of Medicine" id="SO_2017_06_11_Instance_37555" type="identity">
      <class id="SO:0000417" label="polypeptide_domain"/>
      <span end="23441" id="16539743-12021" start="23435">domain</span>
    </annotation>
    <annotation annotator="Mike Bada, University of Colorado School of Medicine" id="SO_2017_06_11_Instance_37557" type="identity">
      <class id="SO:0000417" label="polypeptide_domain"/>
      <span end="23536" id="16539743-12023" start="23530">domain</span>
    </annotation>
    <annotation annotator="Mike Bada, University of Colorado School of Medicine" id="SO_2017_06_11_Instance_37559" type="identity">
      <class id="SO:0000417" label="polypeptide_domain"/>
      <span end="23675" id="16539743-12025" start="23669">domain</span>
    </annotation>
    <annotation annotator="Mike Bada, University of Colorado School of Medicine" id="SO_2017_06_11_Instance_37561" type="identity">
      <class id="SO:0000417" label="polypeptide_domain"/>
      <span end="24218" id="16539743-12027" start="24212">domain</span>
    </annotation>
    <annotation annotator="Mike Bada, University of Colorado School of Medicine" id="SO_2017_06_11_Instance_37563" type="identity">
      <class id="SO:0000417" label="polypeptide_domain"/>
      <span end="24279" id="16539743-12029" start="24273">domain</span>
    </annotation>
    <annotation annotator="" id="SO_2017_06_11_Instance_225550" type="identity">
      <class id="SO:0001528" label="nuclear_localization_signal"/>
      <span end="24387" id="16539743-11897" start="24360">nuclear localization signal</span>
    </annotation>
    <annotation annotator="Mike Bada, University of Colorado School of Medicine" id="SO_2017_06_11_Instance_57675" type="identity">
      <class id="SO:0000155" label="plasmid"/>
      <span end="24626" id="16539743-12251" start="24619">plasmid</span>
    </annotation>
    <annotation annotator="Mike Bada, University of Colorado School of Medicine" id="SO_2017_06_11_Instance_37565" type="identity">
      <class id="SO:0000417" label="polypeptide_domain"/>
      <span end="25827" id="16539743-12031" start="25821">domain</span>
    </annotation>
    <annotation annotator="Mike Bada, University of Colorado School of Medicine" id="SO_2017_06_11_Instance_57683" type="identity">
      <class id="SO:0000155" label="plasmid"/>
      <span end="25947" id="16539743-12253" start="25939">plasmids</span>
    </annotation>
    <annotation annotator="Mike Bada, University of Colorado School of Medicine" id="SO_2017_06_11_Instance_37567" type="identity">
      <class id="SO:0000417" label="polypeptide_domain"/>
      <span end="26035" id="16539743-12033" start="26029">domain</span>
    </annotation>
    <annotation annotator="Mike Bada, University of Colorado School of Medicine" id="SO_2017_06_11_Instance_37569" type="identity">
      <class id="SO:0000417" label="polypeptide_domain"/>
      <span end="26120" id="16539743-12035" start="26114">domain</span>
    </annotation>
    <annotation annotator="Mike Bada, University of Colorado School of Medicine" id="SO_2017_06_11_Instance_57687" type="identity">
      <class id="SO:0000167" label="promoter"/>
      <span end="26165" id="16539743-12255" start="26157">promoter</span>
    </annotation>
    <annotation annotator="Mike Bada, University of Colorado School of Medicine" id="SO_2017_06_11_Instance_57689" type="identity">
      <class id="SO:0000155" label="plasmid"/>
      <span end="26173" id="16539743-12257" start="26166">plasmid</span>
    </annotation>
    <annotation annotator="Mike Bada, University of Colorado School of Medicine" id="SO_2017_06_11_Instance_57691" type="identity">
      <class id="SO:0000409" label="binding_site"/>
      <span end="26200" id="16539743-12259" start="26187">binding sites</span>
    </annotation>
    <annotation annotator="Mike Bada, University of Colorado School of Medicine" id="SO_2017_06_11_Instance_57693" type="identity">
      <class id="SO:0000155" label="plasmid"/>
      <span end="26256" id="16539743-12261" start="26249">plasmid</span>
    </annotation>
    <annotation annotator="Mike Bada, University of Colorado School of Medicine" id="SO_2017_06_11_Instance_37571" type="identity">
      <class id="SO:0000417" label="polypeptide_domain"/>
      <span end="26403" id="16539743-12037" start="26397">domain</span>
    </annotation>
    <annotation annotator="Mike Bada, University of Colorado School of Medicine" id="SO_2017_06_11_Instance_57695" type="identity">
      <class id="SO:0000155" label="plasmid"/>
      <span end="26471" id="16539743-12263" start="26464">plasmid</span>
    </annotation>
    <annotation annotator="Mike Bada, University of Colorado School of Medicine" id="SO_2017_06_11_Instance_57697" type="identity">
      <class id="SO:0000155" label="plasmid"/>
      <span end="26580" id="16539743-12265" start="26573">plasmid</span>
    </annotation>
    <annotation annotator="Mike Bada, University of Colorado School of Medicine" id="SO_2017_06_11_Instance_57705" type="identity">
      <class id="SO:0000704" label="gene"/>
      <span end="26904" id="16539743-12267" start="26900">gene</span>
    </annotation>
    <annotation annotator="Mike Bada, University of Colorado School of Medicine" id="SO_2017_06_11_Instance_37573" type="identity">
      <class id="SO:0000417" label="polypeptide_domain"/>
      <span end="27073" id="16539743-12039" start="27067">domain</span>
    </annotation>
    <annotation annotator="Mike Bada, University of Colorado School of Medicine" id="SO_2017_06_11_Instance_57713" type="identity">
      <class id="SO:0000155" label="plasmid"/>
      <span end="27913" id="16539743-12269" start="27906">plasmid</span>
    </annotation>
    <annotation annotator="Mike Bada, University of Colorado School of Medicine" id="SO_2017_06_11_Instance_57717" type="identity">
      <class id="SO:0000155" label="plasmid"/>
      <span end="28059" id="16539743-12271" start="28052">plasmid</span>
    </annotation>
    <annotation annotator="Mike Bada, University of Colorado School of Medicine" id="SO_2017_06_11_Instance_37575" type="identity">
      <class id="SO:0000417" label="polypeptide_domain"/>
      <span end="29178" id="16539743-12041" start="29172">domain</span>
    </annotation>
    <annotation annotator="Mike Bada, University of Colorado School of Medicine" id="SO_2017_06_11_Instance_37577" type="identity">
      <class id="SO:0000417" label="polypeptide_domain"/>
      <span end="29552" id="16539743-12043" start="29546">domain</span>
    </annotation>
    <annotation annotator="Mike Bada, University of Colorado School of Medicine" id="SO_2017_06_11_Instance_57739" type="identity">
      <class id="SO:0000704" label="gene"/>
      <span end="29727" id="16539743-12273" start="29723">gene</span>
    </annotation>
    <annotation annotator="Mike Bada, University of Colorado School of Medicine" id="SO_2017_06_11_Instance_37579" type="identity">
      <class id="SO:0000417" label="polypeptide_domain"/>
      <span end="29826" id="16539743-12045" start="29820">domain</span>
    </annotation>
    <annotation annotator="Mike Bada, University of Colorado School of Medicine" id="SO_2017_06_11_Instance_57741" type="identity">
      <class id="SO:0000155" label="plasmid"/>
      <span end="29985" id="16539743-12275" start="29978">plasmid</span>
    </annotation>
    <annotation annotator="Mike Bada, University of Colorado School of Medicine" id="SO_2017_06_11_Instance_57743" type="identity">
      <class id="SO:0000155" label="plasmid"/>
      <span end="30046" id="16539743-12277" start="30038">plasmids</span>
    </annotation>
    <annotation annotator="Mike Bada, University of Colorado School of Medicine" id="SO_2017_06_11_Instance_57747" type="identity">
      <class id="SO:0000155" label="plasmid"/>
      <span end="30162" id="16539743-12279" start="30154">plasmids</span>
    </annotation>
    <annotation annotator="Mike Bada, University of Colorado School of Medicine" id="SO_2017_06_11_Instance_57749" type="identity">
      <class id="SO:0000155" label="plasmid"/>
      <span end="30223" id="16539743-12281" start="30216">plasmid</span>
    </annotation>
    <annotation annotator="Mike Bada, University of Colorado School of Medicine" id="SO_2017_06_11_Instance_57751" type="identity">
      <class id="SO:0000440" label="vector_replicon"/>
      <span end="30283" id="16539743-12283" start="30277">vector</span>
    </annotation>
    <annotation annotator="Mike Bada, University of Colorado School of Medicine" id="SO_2017_06_11_Instance_57753" type="identity">
      <class id="SO:0000155" label="plasmid"/>
      <span end="30459" id="16539743-12285" start="30452">plasmid</span>
    </annotation>
    <annotation annotator="Mike Bada, University of Colorado School of Medicine" id="SO_2017_06_11_Instance_57755" type="identity">
      <class id="SO:0000155" label="plasmid"/>
      <span end="30693" id="16539743-12287" start="30686">plasmid</span>
    </annotation>
    <annotation annotator="Mike Bada, University of Colorado School of Medicine" id="SO_2017_06_11_Instance_57757" type="identity">
      <class id="SO:0000155" label="plasmid"/>
      <span end="30861" id="16539743-12289" start="30854">plasmid</span>
    </annotation>
    <annotation annotator="Mike Bada, University of Colorado School of Medicine" id="SO_2017_06_11_Instance_37581" type="identity">
      <class id="SO:0000417" label="polypeptide_domain"/>
      <span end="31407" id="16539743-12047" start="31401">domain</span>
    </annotation>
    <annotation annotator="Mike Bada, University of Colorado School of Medicine" id="SO_2017_06_11_Instance_57769" type="identity">
      <class id="SO:0000704" label="gene"/>
      <span end="31524" id="16539743-12291" start="31520">gene</span>
    </annotation>
    <annotation annotator="Mike Bada, University of Colorado School of Medicine" id="SO_2017_06_11_Instance_57771" type="identity">
      <class id="SO:0000704" label="gene"/>
      <span end="31786" id="16539743-12293" start="31781">genes</span>
    </annotation>
    <annotation annotator="Mike Bada, University of Colorado School of Medicine" id="SO_2017_06_11_Instance_57773" type="identity">
      <class id="SO:0000673" label="transcript"/>
      <span end="32577" id="16539743-12295" start="32566">transcripts</span>
    </annotation>
    <annotation annotator="Mike Bada, University of Colorado School of Medicine" id="SO_2017_06_11_Instance_57775" type="identity">
      <class id="SO:0000673" label="transcript"/>
      <span end="32638" id="16539743-12297" start="32627">transcripts</span>
    </annotation>
    <annotation annotator="Mike Bada, University of Colorado School of Medicine" id="SO_2017_06_11_Instance_57779" type="identity">
      <class id="SO:0000704" label="gene"/>
      <span end="33213" id="16539743-12299" start="33208">genes</span>
    </annotation>
    <annotation annotator="Mike Bada, University of Colorado School of Medicine" id="SO_2017_06_11_Instance_37583" type="identity">
      <class id="SO:0000417" label="polypeptide_domain"/>
      <span end="33283" id="16539743-12049" start="33277">domain</span>
    </annotation>
    <annotation annotator="Mike Bada, University of Colorado School of Medicine" id="SO_2017_06_11_Instance_32423" type="identity">
      <class id="SO:0000417" label="polypeptide_domain"/>
      <span end="33323" id="16539743-11911" start="33317">module</span>
    </annotation>
    <annotation annotator="Mike Bada, University of Colorado School of Medicine" id="SO_2017_06_11_Instance_37585" type="identity">
      <class id="SO:0000417" label="polypeptide_domain"/>
      <span end="33339" id="16539743-12051" start="33333">domain</span>
    </annotation>
    <annotation annotator="Mike Bada, University of Colorado School of Medicine" id="SO_2017_06_11_Instance_37587" type="identity">
      <class id="SO:0000417" label="polypeptide_domain"/>
      <span end="33419" id="16539743-12053" start="33412">domains</span>
    </annotation>
    <annotation annotator="Mike Bada, University of Colorado School of Medicine" id="SO_2017_06_11_Instance_32531" type="identity">
      <class id="SO:0001114" label="peptide_helix"/>
      <span end="33438" id="16539743-11913" start="33431">helical</span>
    </annotation>
    <annotation annotator="Mike Bada, University of Colorado School of Medicine" id="SO_2017_06_11_Instance_37589" type="identity">
      <class id="SO:0000417" label="polypeptide_domain"/>
      <span end="33784" id="16539743-12055" start="33778">domain</span>
    </annotation>
    <annotation annotator="Mike Bada, University of Colorado School of Medicine" id="SO_2017_06_11_Instance_37591" type="identity">
      <class id="SO:0000417" label="polypeptide_domain"/>
      <span end="33865" id="16539743-12057" start="33859">domain</span>
    </annotation>
    <annotation annotator="Mike Bada, University of Colorado School of Medicine" id="SO_2017_06_11_Instance_37593" type="identity">
      <class id="SO:0000417" label="polypeptide_domain"/>
      <span end="33946" id="16539743-12059" start="33940">domain</span>
    </annotation>
    <annotation annotator="Mike Bada, University of Colorado School of Medicine" id="SO_2017_06_11_Instance_37595" type="identity">
      <class id="SO:0000417" label="polypeptide_domain"/>
      <span end="34032" id="16539743-12061" start="34026">domain</span>
    </annotation>
    <annotation annotator="Mike Bada, University of Colorado School of Medicine" id="SO_2017_06_11_Instance_37597" type="identity">
      <class id="SO:0000417" label="polypeptide_domain"/>
      <span end="34113" id="16539743-12063" start="34107">domain</span>
    </annotation>
    <annotation annotator="Mike Bada, University of Colorado School of Medicine" id="SO_2017_06_11_Instance_37599" type="identity">
      <class id="SO:0000417" label="polypeptide_domain"/>
      <span end="34211" id="16539743-12065" start="34205">domain</span>
    </annotation>
    <annotation annotator="Mike Bada, University of Colorado School of Medicine" id="SO_2017_06_11_Instance_37601" type="identity">
      <class id="SO:0000417" label="polypeptide_domain"/>
      <span end="34240" id="16539743-12067" start="34234">domain</span>
    </annotation>
    <annotation annotator="Mike Bada, University of Colorado School of Medicine" id="SO_2017_06_11_Instance_57785" type="identity">
      <class id="SO:0000704" label="gene"/>
      <span end="34327" id="16539743-12301" start="34323">gene</span>
    </annotation>
    <annotation annotator="Mike Bada, University of Colorado School of Medicine" id="SO_2017_06_11_Instance_37603" type="identity">
      <class id="SO:0000417" label="polypeptide_domain"/>
      <span end="34536" id="16539743-12069" start="34530">domain</span>
    </annotation>
    <annotation annotator="Mike Bada, University of Colorado School of Medicine" id="SO_2017_06_11_Instance_37605" type="identity">
      <class id="SO:0000417" label="polypeptide_domain"/>
      <span end="34927" id="16539743-12071" start="34921">domain</span>
    </annotation>
    <annotation annotator="Mike Bada, University of Colorado School of Medicine" id="SO_2017_06_11_Instance_37607" type="identity">
      <class id="SO:0000417" label="polypeptide_domain"/>
      <span end="34950" id="16539743-12073" start="34944">domain</span>
    </annotation>
    <annotation annotator="Mike Bada, University of Colorado School of Medicine" id="SO_2017_06_11_Instance_37609" type="identity">
      <class id="SO:0000417" label="polypeptide_domain"/>
      <span end="34998" id="16539743-12075" start="34992">domain</span>
    </annotation>
    <annotation annotator="Mike Bada, University of Colorado School of Medicine" id="SO_2017_06_11_Instance_37611" type="identity">
      <class id="SO:0000417" label="polypeptide_domain"/>
      <span end="35099" id="16539743-12077" start="35093">domain</span>
    </annotation>
    <annotation annotator="Mike Bada, University of Colorado School of Medicine" id="SO_2017_06_11_Instance_57793" type="identity">
      <class id="SO:0000704" label="gene"/>
      <span end="35360" id="16539743-12303" start="35356">gene</span>
    </annotation>
    <annotation annotator="Mike Bada, University of Colorado School of Medicine" id="SO_2017_06_11_Instance_37613" type="identity">
      <class id="SO:0000417" label="polypeptide_domain"/>
      <span end="35451" id="16539743-12079" start="35445">domain</span>
    </annotation>
    <annotation annotator="Mike Bada, University of Colorado School of Medicine" id="SO_2017_06_11_Instance_37615" type="identity">
      <class id="SO:0000417" label="polypeptide_domain"/>
      <span end="35857" id="16539743-12081" start="35851">domain</span>
    </annotation>
    <annotation annotator="Mike Bada, University of Colorado School of Medicine" id="SO_2017_06_11_Instance_37617" type="identity">
      <class id="SO:0000417" label="polypeptide_domain"/>
      <span end="36009" id="16539743-12083" start="36003">domain</span>
    </annotation>
    <annotation annotator="Mike Bada, University of Colorado School of Medicine" id="SO_2017_06_11_Instance_37619" type="identity">
      <class id="SO:0000417" label="polypeptide_domain"/>
      <span end="36116" id="16539743-12085" start="36110">domain</span>
    </annotation>
    <annotation annotator="Mike Bada, University of Colorado School of Medicine" id="SO_2017_06_11_Instance_37621" type="identity">
      <class id="SO:0000417" label="polypeptide_domain"/>
      <span end="36211" id="16539743-12087" start="36205">domain</span>
    </annotation>
    <annotation annotator="Mike Bada, University of Colorado School of Medicine" id="SO_2017_06_11_Instance_37623" type="identity">
      <class id="SO:0000417" label="polypeptide_domain"/>
      <span end="36419" id="16539743-12089" start="36413">domain</span>
    </annotation>
    <annotation annotator="Mike Bada, University of Colorado School of Medicine" id="SO_2017_06_11_Instance_37625" type="identity">
      <class id="SO:0000417" label="polypeptide_domain"/>
      <span end="36593" id="16539743-12091" start="36587">domain</span>
    </annotation>
    <annotation annotator="Mike Bada, University of Colorado School of Medicine" id="SO_2017_06_11_Instance_37627" type="identity">
      <class id="SO:0000417" label="polypeptide_domain"/>
      <span end="37010" id="16539743-12093" start="37004">domain</span>
    </annotation>
    <annotation annotator="Mike Bada, University of Colorado School of Medicine" id="SO_2017_06_11_Instance_57799" type="identity">
      <class id="SO:0000155" label="plasmid"/>
      <span end="37067" id="16539743-12305" start="37060">plasmid</span>
    </annotation>
    <annotation annotator="Mike Bada, University of Colorado School of Medicine" id="SO_2017_06_11_Instance_57807" type="identity">
      <class id="SO:0000704" label="gene"/>
      <span end="37740" id="16539743-12307" start="37736">gene</span>
    </annotation>
    <annotation annotator="Mike Bada, University of Colorado School of Medicine" id="SO_2017_06_11_Instance_57809" type="identity">
      <class id="SO:0000704" label="gene"/>
      <span end="38539" id="16539743-12309" start="38534">genes</span>
    </annotation>
    <annotation annotator="Mike Bada, University of Colorado School of Medicine" id="SO_2017_06_11_Instance_57815" type="identity">
      <class id="SO:0000704" label="gene"/>
      <span end="38939" id="16539743-12311" start="38934">genes</span>
    </annotation>
    <annotation annotator="Mike Bada, University of Colorado School of Medicine" id="SO_2017_06_11_Instance_57817" type="identity">
      <class id="SO:0000704" label="gene"/>
      <span end="38980" id="16539743-12313" start="38975">genes</span>
    </annotation>
    <annotation annotator="Mike Bada, University of Colorado School of Medicine" id="SO_2017_06_11_Instance_57819" type="identity">
      <class id="SO:0000704" label="gene"/>
      <span end="39055" id="16539743-12315" start="39050">genes</span>
    </annotation>
    <annotation annotator="Mike Bada, University of Colorado School of Medicine" id="SO_2017_06_11_Instance_57821" type="identity">
      <class id="SO:0000704" label="gene"/>
      <span end="39654" id="16539743-12317" start="39649">genes</span>
    </annotation>
    <annotation annotator="Mike Bada, University of Colorado School of Medicine" id="SO_2017_06_11_Instance_37629" type="identity">
      <class id="SO:0000417" label="polypeptide_domain"/>
      <span end="40155" id="16539743-12095" start="40149">domain</span>
    </annotation>
    <annotation annotator="Mike Bada, University of Colorado School of Medicine" id="SO_2017_06_11_Instance_57827" type="identity">
      <class id="SO:0000704" label="gene"/>
      <span end="40607" id="16539743-12319" start="40602">genes</span>
    </annotation>
    <annotation annotator="Mike Bada, University of Colorado School of Medicine" id="SO_2017_06_11_Instance_18197" type="identity">
      <class id="SO:0000857" label="homologous"/>
      <span end="40792" id="16539743-11887" start="40784">homology</span>
    </annotation>
    <annotation annotator="Mike Bada, University of Colorado School of Medicine" id="SO_2017_06_11_Instance_57831" type="identity">
      <class id="SO:0000704" label="gene"/>
      <span end="40827" id="16539743-12321" start="40822">genes</span>
    </annotation>
    <annotation annotator="Mike Bada, University of Colorado School of Medicine" id="SO_2017_06_11_Instance_37703" type="identity">
      <class id="SO:0000028" label="base_pair"/>
      <span end="40837" id="16539743-12115" start="40835">bp</span>
    </annotation>
    <annotation annotator="Mike Bada, University of Colorado School of Medicine" id="SO_2017_06_11_Instance_57843" type="identity">
      <class id="SO:0000704" label="gene"/>
      <span end="41375" id="16539743-12323" start="41371">gene</span>
    </annotation>
    <annotation annotator="Mike Bada, University of Colorado School of Medicine" id="SO_2017_06_11_Instance_37705" type="identity">
      <class id="SO:0000028" label="base_pair"/>
      <span end="41495" id="16539743-12117" start="41493">bp</span>
    </annotation>
    <annotation annotator="Mike Bada, University of Colorado School of Medicine" id="SO_2017_06_11_Instance_37707" type="identity">
      <class id="SO:0000028" label="base_pair"/>
      <span end="42466" id="16539743-12119" start="42464">bp</span>
    </annotation>
    <annotation annotator="Mike Bada, University of Colorado School of Medicine" id="SO_2017_06_11_Instance_37631" type="identity">
      <class id="SO:0000417" label="polypeptide_domain"/>
      <span end="42504" id="16539743-12097" start="42498">domain</span>
    </annotation>
    <annotation annotator="Mike Bada, University of Colorado School of Medicine" id="SO_2017_06_11_Instance_57853" type="identity">
      <class id="SO:0000112" label="primer"/>
      <span end="42926" id="16539743-12325" start="42919">primers</span>
    </annotation>
    <annotation annotator="Mike Bada, University of Colorado School of Medicine" id="SO_2017_06_11_Instance_57855" type="identity">
      <class id="SO:0000188" label="intron"/>
      <span end="42946" id="16539743-12327" start="42939">introns</span>
    </annotation>
    <annotation annotator="Mike Bada, University of Colorado School of Medicine" id="SO_2017_06_11_Instance_37709" type="identity">
      <class id="SO:0000028" label="base_pair"/>
      <span end="43076" id="16539743-12121" start="43074">bp</span>
    </annotation>
    <annotation annotator="Mike Bada, University of Colorado School of Medicine" id="SO_2017_06_11_Instance_57857" type="identity">
      <class id="SO:0000112" label="primer"/>
      <span end="43143" id="16539743-12329" start="43137">Primer</span>
    </annotation>
    <annotation annotator="Mike Bada, University of Colorado School of Medicine" id="SO_2017_06_11_Instance_37711" type="identity">
      <class id="SO:0000028" label="base_pair"/>
      <span end="43254" id="16539743-12123" start="43252">bp</span>
    </annotation>
    <annotation annotator="Mike Bada, University of Colorado School of Medicine" id="SO_2017_06_11_Instance_57859" type="identity">
      <class id="SO:0000440" label="vector_replicon"/>
      <span end="43561" id="16539743-12331" start="43555">vector</span>
    </annotation>
    <annotation annotator="Mike Bada, University of Colorado School of Medicine" id="SO_2017_06_11_Instance_57861" type="identity">
      <class id="SO:0000440" label="vector_replicon"/>
      <span end="43643" id="16539743-12333" start="43637">vector</span>
    </annotation>
    <annotation annotator="Mike Bada, University of Colorado School of Medicine" id="SO_2017_06_11_Instance_57863" type="identity">
      <class id="SO:0000155" label="plasmid"/>
      <span end="43777" id="16539743-12335" start="43770">Plasmid</span>
    </annotation>
    <annotation annotator="Mike Bada, University of Colorado School of Medicine" id="SO_2017_06_11_Instance_57865" type="identity">
      <class id="SO:0000155" label="plasmid"/>
      <span end="43829" id="16539743-12337" start="43822">Plasmid</span>
    </annotation>
    <annotation annotator="Mike Bada, University of Colorado School of Medicine" id="SO_2017_06_11_Instance_57873" type="identity">
      <class id="SO:0000440" label="vector_replicon"/>
      <span end="44267" id="16539743-12339" start="44260">vectors</span>
    </annotation>
    <annotation annotator="Mike Bada, University of Colorado School of Medicine" id="SO_2017_06_11_Instance_57885" type="identity">
      <class id="SO:0000440" label="vector_replicon"/>
      <span end="44706" id="16539743-12341" start="44700">vector</span>
    </annotation>
    <annotation annotator="Mike Bada, University of Colorado School of Medicine" id="SO_2017_06_11_Instance_57887" type="identity">
      <class id="SO:0000155" label="plasmid"/>
      <span end="44902" id="16539743-12343" start="44895">plasmid</span>
    </annotation>
    <annotation annotator="Mike Bada, University of Colorado School of Medicine" id="SO_2017_06_11_Instance_57889" type="identity">
      <class id="SO:0000155" label="plasmid"/>
      <span end="46289" id="16539743-12345" start="46282">plasmid</span>
    </annotation>
    <annotation annotator="Mike Bada, University of Colorado School of Medicine" id="SO_2017_06_11_Instance_57891" type="identity">
      <class id="SO:0000167" label="promoter"/>
      <span end="47223" id="16539743-12347" start="47215">promoter</span>
    </annotation>
    <annotation annotator="Mike Bada, University of Colorado School of Medicine" id="SO_2017_06_11_Instance_57893" type="identity">
      <class id="SO:0000155" label="plasmid"/>
      <span end="47273" id="16539743-12349" start="47266">plasmid</span>
    </annotation>
    <annotation annotator="Mike Bada, University of Colorado School of Medicine" id="SO_2017_06_11_Instance_37847" type="identity">
      <class id="SO:0001026" label="genome"/>
      <span end="47323" id="16539743-12131" start="47316">genomic</span>
    </annotation>
    <annotation annotator="Mike Bada, University of Colorado School of Medicine" id="SO_2017_06_11_Instance_19739" type="identity">
      <class id="SO:0000997" label="gene_fragment"/>
      <span end="47335" id="16539743-11889" start="47324">fragment of</span>
      <span end="47345" id="16539743-11890" start="47341">gene</span>
    </annotation>
    <annotation annotator="Mike Bada, University of Colorado School of Medicine" id="SO_2017_06_11_Instance_57897" type="identity">
      <class id="SO:0000155" label="plasmid"/>
      <span end="47385" id="16539743-12351" start="47378">plasmid</span>
    </annotation>
    <annotation annotator="Mike Bada, University of Colorado School of Medicine" id="SO_2017_06_11_Instance_57899" type="identity">
      <class id="SO:0000440" label="vector_replicon"/>
      <span end="47419" id="16539743-12353" start="47412">vectors</span>
    </annotation>
    <annotation annotator="Mike Bada, University of Colorado School of Medicine" id="SO_2017_06_11_Instance_57901" type="identity">
      <class id="SO:0000704" label="gene"/>
      <span end="47483" id="16539743-12355" start="47478">genes</span>
    </annotation>
    <annotation annotator="Mike Bada, University of Colorado School of Medicine" id="SO_2017_06_11_Instance_57903" type="identity">
      <class id="SO:0000440" label="vector_replicon"/>
      <span end="47513" id="16539743-12357" start="47507">vector</span>
    </annotation>
    <annotation annotator="Mike Bada, University of Colorado School of Medicine" id="SO_2017_06_11_Instance_57905" type="identity">
      <class id="SO:0000440" label="vector_replicon"/>
      <span end="47583" id="16539743-12359" start="47577">vector</span>
    </annotation>
    <annotation annotator="Mike Bada, University of Colorado School of Medicine" id="SO_2017_06_11_Instance_57907" type="identity">
      <class id="SO:0000409" label="binding_site"/>
      <span end="47605" id="16539743-12361" start="47593">binding site</span>
    </annotation>
    <annotation annotator="Mike Bada, University of Colorado School of Medicine" id="SO_2017_06_11_Instance_37713" type="identity">
      <class id="SO:0000028" label="base_pair"/>
      <span end="47621" id="16539743-12125" start="47619">bp</span>
    </annotation>
    <annotation annotator="Mike Bada, University of Colorado School of Medicine" id="SO_2017_06_11_Instance_57909" type="identity">
      <class id="SO:0000440" label="vector_replicon"/>
      <span end="47699" id="16539743-12363" start="47693">vector</span>
    </annotation>
    <annotation annotator="Mike Bada, University of Colorado School of Medicine" id="SO_2017_06_11_Instance_57911" type="identity">
      <class id="SO:0000409" label="binding_site"/>
      <span end="47721" id="16539743-12365" start="47709">binding site</span>
    </annotation>
    <annotation annotator="Mike Bada, University of Colorado School of Medicine" id="SO_2017_06_11_Instance_37715" type="identity">
      <class id="SO:0000028" label="base_pair"/>
      <span end="47736" id="16539743-12127" start="47734">bp</span>
    </annotation>
    <annotation annotator="Mike Bada, University of Colorado School of Medicine" id="SO_2017_06_11_Instance_57913" type="identity">
      <class id="SO:0000440" label="vector_replicon"/>
      <span end="47813" id="16539743-12367" start="47807">vector</span>
    </annotation>
    <annotation annotator="Mike Bada, University of Colorado School of Medicine" id="SO_2017_06_11_Instance_57915" type="identity">
      <class id="SO:0000409" label="binding_site"/>
      <span end="47835" id="16539743-12369" start="47823">binding site</span>
    </annotation>
    <annotation annotator="Mike Bada, University of Colorado School of Medicine" id="SO_2017_06_11_Instance_37717" type="identity">
      <class id="SO:0000028" label="base_pair"/>
      <span end="47849" id="16539743-12129" start="47847">bp</span>
    </annotation>
    <annotation annotator="Mike Bada, University of Colorado School of Medicine" id="SO_2017_06_11_Instance_57917" type="identity">
      <class id="SO:0000440" label="vector_replicon"/>
      <span end="47928" id="16539743-12371" start="47922">vector</span>
    </annotation>
    <annotation annotator="Mike Bada, University of Colorado School of Medicine" id="SO_2017_06_11_Instance_57919" type="identity">
      <class id="SO:0000409" label="binding_site"/>
      <span end="47960" id="16539743-12373" start="47947">binding sites</span>
    </annotation>
    <annotation annotator="Mike Bada, University of Colorado School of Medicine" id="SO_2017_06_11_Instance_57921" type="identity">
      <class id="SO:0000155" label="plasmid"/>
      <span end="48011" id="16539743-12375" start="48004">plasmid</span>
    </annotation>
    <annotation annotator="Mike Bada, University of Colorado School of Medicine" id="SO_2017_06_11_Instance_57923" type="identity">
      <class id="SO:0000167" label="promoter"/>
      <span end="48133" id="16539743-12377" start="48125">promoter</span>
    </annotation>
    <annotation annotator="Mike Bada, University of Colorado School of Medicine" id="SO_2017_06_11_Instance_57925" type="identity">
      <class id="SO:0000155" label="plasmid"/>
      <span end="48270" id="16539743-12379" start="48262">plasmids</span>
    </annotation>
    <annotation annotator="Mike Bada, University of Colorado School of Medicine" id="SO_2017_06_11_Instance_57929" type="identity">
      <class id="SO:0000440" label="vector_replicon"/>
      <span end="48361" id="16539743-12381" start="48355">vector</span>
    </annotation>
    <annotation annotator="Mike Bada, University of Colorado School of Medicine" id="SO_2017_06_11_Instance_37633" type="identity">
      <class id="SO:0000417" label="polypeptide_domain"/>
      <span end="48463" id="16539743-12099" start="48457">domain</span>
    </annotation>
    <annotation annotator="Mike Bada, University of Colorado School of Medicine" id="SO_2017_06_11_Instance_57933" type="identity">
      <class id="SO:0000155" label="plasmid"/>
      <span end="48532" id="16539743-12383" start="48525">plasmid</span>
    </annotation>
    <annotation annotator="Mike Bada, University of Colorado School of Medicine" id="SO_2017_06_11_Instance_57935" type="identity">
      <class id="SO:0000440" label="vector_replicon"/>
      <span end="48570" id="16539743-12385" start="48564">vector</span>
    </annotation>
    <annotation annotator="Mike Bada, University of Colorado School of Medicine" id="SO_2017_06_11_Instance_39571" type="identity">
      <class id="SO:0000345" label="EST"/>
      <span end="48921" id="16539743-12133" start="48918">EST</span>
    </annotation>
    <annotation annotator="Mike Bada, University of Colorado School of Medicine" id="SO_2017_06_11_Instance_57937" type="identity">
      <class id="SO:0000345" label="EST"/>
      <span end="48945" id="16539743-12387" start="48923">expressed sequence tag</span>
    </annotation>
    <annotation annotator="Mike Bada, University of Colorado School of Medicine" id="SO_2017_06_11_Instance_57943" type="identity">
      <class id="SO:0000155" label="plasmid"/>
      <span end="49562" id="16539743-12389" start="49555">plasmid</span>
    </annotation>
    <graph-space id="Old Knowtator Relations"/>
  </document>
</knowtator-project>
