<?xml version="1.0" encoding="UTF-8" standalone="no"?>
<knowtator-project>
  <document id="16579849" text-file="16579849.txt">
    <annotation annotator="Mike Bada, University of Colorado School of Medicine" id="SO_2017_06_11_Instance_57945" type="identity">
      <class id="SO:0000704" label="gene"/>
      <span end="586" id="16579849-12454" start="582">gene</span>
    </annotation>
    <annotation annotator="Mike Bada, University of Colorado School of Medicine" id="SO_2017_06_11_Instance_57947" type="identity">
      <class id="SO:0000704" label="gene"/>
      <span end="697" id="16579849-12456" start="693">gene</span>
    </annotation>
    <annotation annotator="Mike Bada, University of Colorado School of Medicine" id="SO_2017_06_11_Instance_57949" type="identity">
      <class id="SO:0000704" label="gene"/>
      <span end="1011" id="16579849-12458" start="1007">gene</span>
    </annotation>
    <annotation annotator="Mike Bada, University of Colorado School of Medicine" id="SO_2017_06_11_Instance_57951" type="identity">
      <class id="SO:0000704" label="gene"/>
      <span end="1072" id="16579849-12460" start="1068">gene</span>
    </annotation>
    <annotation annotator="Mike Bada, University of Colorado School of Medicine" id="SO_2017_06_11_Instance_57953" type="identity">
      <class id="SO:0000704" label="gene"/>
      <span end="2038" id="16579849-12462" start="2034">gene</span>
    </annotation>
    <annotation annotator="Mike Bada, University of Colorado School of Medicine" id="SO_2017_06_11_Instance_33417" type="identity">
      <class id="SO:0000704" label="gene"/>
      <span end="2166" id="16579849-12416" start="2159">genetic</span>
    </annotation>
    <annotation annotator="Mike Bada, University of Colorado School of Medicine" id="SO_2017_06_11_Instance_57955" type="identity">
      <class id="SO:0000704" label="gene"/>
      <span end="4162" id="16579849-12464" start="4157">genes</span>
    </annotation>
    <annotation annotator="Mike Bada, University of Colorado School of Medicine" id="SO_2017_06_11_Instance_57957" type="identity">
      <class id="SO:0000162" label="splice_site"/>
      <span end="6316" id="16579849-12466" start="6305">splice site</span>
    </annotation>
    <annotation annotator="Mike Bada, University of Colorado School of Medicine" id="SO_2017_06_11_Instance_57959" type="identity">
      <class id="SO:0000704" label="gene"/>
      <span end="6381" id="16579849-12468" start="6377">gene</span>
    </annotation>
    <annotation annotator="Mike Bada, University of Colorado School of Medicine" id="SO_2017_06_11_Instance_37325" type="identity">
      <class id="SO:0000704" label="gene"/>
      <span end="6606" id="16579849-12422" start="6595">genetically</span>
    </annotation>
    <annotation annotator="Mike Bada, University of Colorado School of Medicine" id="SO_2017_06_11_Instance_57961" type="identity">
      <class id="SO:0000704" label="gene"/>
      <span end="6959" id="16579849-12470" start="6955">gene</span>
    </annotation>
    <annotation annotator="Mike Bada, University of Colorado School of Medicine" id="SO_2017_06_11_Instance_57963" type="identity">
      <class id="SO:0000704" label="gene"/>
      <span end="7147" id="16579849-12472" start="7143">gene</span>
    </annotation>
    <annotation annotator="Mike Bada, University of Colorado School of Medicine" id="SO_2017_06_11_Instance_57965" type="identity">
      <class id="SO:0000704" label="gene"/>
      <span end="7348" id="16579849-12474" start="7344">Gene</span>
    </annotation>
    <annotation annotator="Mike Bada, University of Colorado School of Medicine" id="SO_2017_06_11_Instance_37327" type="identity">
      <class id="SO:0001026" label="genome"/>
      <span end="7379" id="16579849-12424" start="7372">genomic</span>
    </annotation>
    <annotation annotator="Mike Bada, University of Colorado School of Medicine" id="SO_2017_06_11_Instance_37329" type="identity">
      <class id="SO:0000852" label="exon_region"/>
      <span end="7448" id="16579849-12426" start="7432">portion of Exons</span>
    </annotation>
    <annotation annotator="Mike Bada, University of Colorado School of Medicine" id="SO_2017_06_11_Instance_57971" type="identity">
      <class id="SO:0000704" label="gene"/>
      <span end="7471" id="16579849-12476" start="7467">gene</span>
    </annotation>
    <annotation annotator="" id="SO_2017_06_11_Instance_224477" type="identity">
      <class id="SO:0000357" label="flanked"/>
      <span end="7484" id="16579849-12404" start="7476">flanking</span>
    </annotation>
    <annotation annotator="Mike Bada, University of Colorado School of Medicine" id="SO_2017_06_11_Instance_57973" type="identity">
      <class id="SO:0001026" label="genome"/>
      <span end="7537" id="16579849-12478" start="7531">Genome</span>
    </annotation>
    <annotation annotator="Mike Bada, University of Colorado School of Medicine" id="SO_2017_06_11_Instance_57975" type="identity">
      <class id="SO:0000704" label="gene"/>
      <span end="7637" id="16579849-12480" start="7633">gene</span>
    </annotation>
    <annotation annotator="" id="SO_2017_06_11_Instance_171574" type="identity">
      <class id="SO:0001644" label="targeting_vector"/>
      <span end="7654" id="16579849-12398" start="7638">targeting vector</span>
    </annotation>
    <annotation annotator="Mike Bada, University of Colorado School of Medicine" id="SO_2017_06_11_Instance_37331" type="identity">
      <class id="SO:0000852" label="exon_region"/>
      <span end="7746" id="16579849-12428" start="7731">portion of Exon</span>
    </annotation>
    <annotation annotator="Mike Bada, University of Colorado School of Medicine" id="SO_2017_06_11_Instance_57981" type="identity">
      <class id="SO:0000147" label="exon"/>
      <span end="7764" id="16579849-12482" start="7760">Exon</span>
    </annotation>
    <annotation annotator="Mike Bada, University of Colorado School of Medicine" id="SO_2017_06_11_Instance_57983" type="identity">
      <class id="SO:0000704" label="gene"/>
      <span end="7794" id="16579849-12484" start="7790">gene</span>
    </annotation>
    <annotation annotator="Mike Bada, University of Colorado School of Medicine" id="SO_2017_06_11_Instance_57985" type="identity">
      <class id="SO:0000440" label="vector_replicon"/>
      <span end="7829" id="16579849-12486" start="7823">vector</span>
    </annotation>
    <annotation annotator="Mike Bada, University of Colorado School of Medicine" id="SO_2017_06_11_Instance_57987" type="identity">
      <class id="SO:0000704" label="gene"/>
      <span end="8158" id="16579849-12488" start="8154">gene</span>
    </annotation>
    <annotation annotator="Mike Bada, University of Colorado School of Medicine" id="SO_2017_06_11_Instance_37335" type="identity">
      <class id="SO:0001026" label="genome"/>
      <span end="8219" id="16579849-12430" start="8212">genomic</span>
    </annotation>
    <annotation annotator="Mike Bada, University of Colorado School of Medicine" id="SO_2017_06_11_Instance_57989" type="identity">
      <class id="SO:0000147" label="exon"/>
      <span end="8259" id="16579849-12490" start="8255">Exon</span>
    </annotation>
    <annotation annotator="Mike Bada, University of Colorado School of Medicine" id="SO_2017_06_11_Instance_57993" type="identity">
      <class id="SO:0000704" label="gene"/>
      <span end="8306" id="16579849-12492" start="8302">gene</span>
    </annotation>
    <annotation annotator="Mike Bada, University of Colorado School of Medicine" id="SO_2017_06_11_Instance_35745" type="identity">
      <class id="SO:0000704" label="gene"/>
      <span end="8789" id="16579849-12418" start="8782">genetic</span>
    </annotation>
    <annotation annotator="Mike Bada, University of Colorado School of Medicine" id="SO_2017_06_11_Instance_57997" type="identity">
      <class id="SO:0000704" label="gene"/>
      <span end="8820" id="16579849-12494" start="8816">gene</span>
    </annotation>
    <annotation annotator="Mike Bada, University of Colorado School of Medicine" id="SO_2017_06_11_Instance_57999" type="identity">
      <class id="SO:0000704" label="gene"/>
      <span end="8855" id="16579849-12496" start="8851">Gene</span>
    </annotation>
    <annotation annotator="Mike Bada, University of Colorado School of Medicine" id="SO_2017_06_11_Instance_39575" type="identity">
      <class id="SO:0000852" label="exon_region"/>
      <span end="9022" id="16579849-12446" start="9010">site in Exon</span>
    </annotation>
    <annotation annotator="Mike Bada, University of Colorado School of Medicine" id="SO_2017_06_11_Instance_58005" type="identity">
      <class id="SO:0000188" label="intron"/>
      <span end="9050" id="16579849-12498" start="9044">intron</span>
    </annotation>
    <annotation annotator="Mike Bada, University of Colorado School of Medicine" id="SO_2017_06_11_Instance_58009" type="identity">
      <class id="SO:0000704" label="gene"/>
      <span end="9075" id="16579849-12500" start="9071">gene</span>
    </annotation>
    <annotation annotator="Mike Bada, University of Colorado School of Medicine" id="SO_2017_06_11_Instance_58011" type="identity">
      <class id="SO:0000412" label="restriction_fragment"/>
      <span end="9120" id="16579849-12502" start="9100">restriction fragment</span>
    </annotation>
    <annotation annotator="Mike Bada, University of Colorado School of Medicine" id="SO_2017_06_11_Instance_58013" type="identity">
      <class id="SO:0000147" label="exon"/>
      <span end="9148" id="16579849-12504" start="9144">Exon</span>
    </annotation>
    <annotation annotator="Mike Bada, University of Colorado School of Medicine" id="SO_2017_06_11_Instance_58017" type="identity">
      <class id="SO:0000412" label="restriction_fragment"/>
      <span end="9240" id="16579849-12506" start="9220">restriction fragment</span>
    </annotation>
    <annotation annotator="" id="SO_2017_06_11_Instance_171576" type="identity">
      <class id="SO:0001644" label="targeting_vector"/>
      <span end="9354" id="16579849-12400" start="9338">targeting vector</span>
    </annotation>
    <annotation annotator="" id="SO_2017_06_11_Instance_171578" type="identity">
      <class id="SO:0001644" label="targeting_vector"/>
      <span end="9401" id="16579849-12402" start="9385">targeting vector</span>
    </annotation>
    <annotation annotator="Mike Bada, University of Colorado School of Medicine" id="SO_2017_06_11_Instance_37949" type="identity">
      <class id="SO:0001026" label="genome"/>
      <span end="9453" id="16579849-12432" start="9446">genomic</span>
    </annotation>
    <annotation annotator="Mike Bada, University of Colorado School of Medicine" id="SO_2017_06_11_Instance_58031" type="identity">
      <class id="SO:0000147" label="exon"/>
      <span end="9674" id="16579849-12508" start="9670">Exon</span>
    </annotation>
    <annotation annotator="Mike Bada, University of Colorado School of Medicine" id="SO_2017_06_11_Instance_58035" type="identity">
      <class id="SO:0000902" label="transgene"/>
      <span end="10416" id="16579849-12510" start="10407">transgene</span>
    </annotation>
    <annotation annotator="Mike Bada, University of Colorado School of Medicine" id="SO_2017_06_11_Instance_58037" type="identity">
      <class id="SO:0000167" label="promoter"/>
      <span end="10470" id="16579849-12512" start="10462">promoter</span>
    </annotation>
    <annotation annotator="Mike Bada, University of Colorado School of Medicine" id="SO_2017_06_11_Instance_58039" type="identity">
      <class id="SO:0000167" label="promoter"/>
      <span end="10555" id="16579849-12514" start="10547">promoter</span>
    </annotation>
    <annotation annotator="Mike Bada, University of Colorado School of Medicine" id="SO_2017_06_11_Instance_58041" type="identity">
      <class id="SO:0000188" label="intron"/>
      <span end="10621" id="16579849-12516" start="10615">intron</span>
    </annotation>
    <annotation annotator="Mike Bada, University of Colorado School of Medicine" id="SO_2017_06_11_Instance_39579" type="identity">
      <class id="SO:0000673" label="transcript"/>
      <span end="10660" id="16579849-12448" start="10653">message</span>
    </annotation>
    <annotation annotator="Mike Bada, University of Colorado School of Medicine" id="SO_2017_06_11_Instance_58043" type="identity">
      <class id="SO:0000993" label="consensus"/>
      <span end="10712" id="16579849-12518" start="10703">consensus</span>
    </annotation>
    <annotation annotator="Mike Bada, University of Colorado School of Medicine" id="SO_2017_06_11_Instance_58045" type="identity">
      <class id="SO:0000318" label="start_codon"/>
      <span end="10745" id="16579849-12520" start="10729">initiation codon</span>
    </annotation>
    <annotation annotator="Mike Bada, University of Colorado School of Medicine" id="SO_2017_06_11_Instance_37973" type="identity">
      <class id="SO:0000610" label="polyA_sequence"/>
      <span end="10971" id="16579849-12434" start="10947">polyadenylation sequence</span>
    </annotation>
    <annotation annotator="Mike Bada, University of Colorado School of Medicine" id="SO_2017_06_11_Instance_58051" type="identity">
      <class id="SO:0000902" label="transgene"/>
      <span end="11055" id="16579849-12522" start="11046">transgene</span>
    </annotation>
    <annotation annotator="Mike Bada, University of Colorado School of Medicine" id="SO_2017_06_11_Instance_58053" type="identity">
      <class id="SO:0000440" label="vector_replicon"/>
      <span end="11080" id="16579849-12524" start="11074">vector</span>
    </annotation>
    <annotation annotator="Mike Bada, University of Colorado School of Medicine" id="SO_2017_06_11_Instance_37977" type="identity">
      <class id="SO:0001026" label="genome"/>
      <span end="11322" id="16579849-12436" start="11315">Genomic</span>
    </annotation>
    <annotation annotator="Mike Bada, University of Colorado School of Medicine" id="SO_2017_06_11_Instance_37979" type="identity">
      <class id="SO:0000028" label="base_pair"/>
      <span end="11450" id="16579849-12438" start="11448">bp</span>
    </annotation>
    <annotation annotator="Mike Bada, University of Colorado School of Medicine" id="SO_2017_06_11_Instance_58057" type="identity">
      <class id="SO:0000902" label="transgene"/>
      <span end="11510" id="16579849-12526" start="11501">transgene</span>
    </annotation>
    <annotation annotator="Mike Bada, University of Colorado School of Medicine" id="SO_2017_06_11_Instance_58059" type="identity">
      <class id="SO:0000902" label="transgene"/>
      <span end="11710" id="16579849-12528" start="11701">transgene</span>
    </annotation>
    <annotation annotator="Mike Bada, University of Colorado School of Medicine" id="SO_2017_06_11_Instance_58061" type="identity">
      <class id="SO:0000902" label="transgene"/>
      <span end="11883" id="16579849-12530" start="11873">transgenes</span>
    </annotation>
    <annotation annotator="Mike Bada, University of Colorado School of Medicine" id="SO_2017_06_11_Instance_58065" type="identity">
      <class id="SO:0000902" label="transgene"/>
      <span end="12062" id="16579849-12532" start="12052">transgenes</span>
    </annotation>
    <annotation annotator="Mike Bada, University of Colorado School of Medicine" id="SO_2017_06_11_Instance_58073" type="identity">
      <class id="SO:0000902" label="transgene"/>
      <span end="12272" id="16579849-12534" start="12262">transgenes</span>
    </annotation>
    <annotation annotator="Mike Bada, University of Colorado School of Medicine" id="SO_2017_06_11_Instance_37987" type="identity">
      <class id="SO:0001026" label="genome"/>
      <span end="12386" id="16579849-12440" start="12379">Genomic</span>
    </annotation>
    <annotation annotator="Mike Bada, University of Colorado School of Medicine" id="SO_2017_06_11_Instance_58077" type="identity">
      <class id="SO:0000704" label="gene"/>
      <span end="16391" id="16579849-12536" start="16387">gene</span>
    </annotation>
    <annotation annotator="Mike Bada, University of Colorado School of Medicine" id="SO_2017_06_11_Instance_58079" type="identity">
      <class id="SO:0000704" label="gene"/>
      <span end="16447" id="16579849-12538" start="16443">gene</span>
    </annotation>
    <annotation annotator="Mike Bada, University of Colorado School of Medicine" id="SO_2017_06_11_Instance_58081" type="identity">
      <class id="SO:0000704" label="gene"/>
      <span end="16498" id="16579849-12540" start="16494">gene</span>
    </annotation>
    <annotation annotator="Mike Bada, University of Colorado School of Medicine" id="SO_2017_06_11_Instance_58083" type="identity">
      <class id="SO:0000704" label="gene"/>
      <span end="16547" id="16579849-12542" start="16543">gene</span>
    </annotation>
    <annotation annotator="Mike Bada, University of Colorado School of Medicine" id="SO_2017_06_11_Instance_58085" type="identity">
      <class id="SO:0000704" label="gene"/>
      <span end="16583" id="16579849-12544" start="16579">gene</span>
    </annotation>
    <annotation annotator="Mike Bada, University of Colorado School of Medicine" id="SO_2017_06_11_Instance_39583" type="identity">
      <class id="SO:0001026" label="genome"/>
      <span end="16656" id="16579849-12450" start="16649">genomic</span>
    </annotation>
    <annotation annotator="Mike Bada, University of Colorado School of Medicine" id="SO_2017_06_11_Instance_37995" type="identity">
      <class id="SO:0000852" label="exon_region"/>
      <span end="16695" id="16579849-12442" start="16683">part of Exon</span>
    </annotation>
    <annotation annotator="Mike Bada, University of Colorado School of Medicine" id="SO_2017_06_11_Instance_58091" type="identity">
      <class id="SO:0000147" label="exon"/>
      <span end="16713" id="16579849-12546" start="16709">Exon</span>
    </annotation>
    <annotation annotator="Mike Bada, University of Colorado School of Medicine" id="SO_2017_06_11_Instance_39585" type="identity">
      <class id="SO:0000193" label="RFLP_fragment"/>
      <span end="16905" id="16579849-12452" start="16864">restriction fragment length polymorphisms</span>
    </annotation>
    <annotation annotator="Mike Bada, University of Colorado School of Medicine" id="SO_2017_06_11_Instance_58095" type="identity">
      <class id="SO:0000704" label="gene"/>
      <span end="16924" id="16579849-12548" start="16920">gene</span>
    </annotation>
    <annotation annotator="Mike Bada, University of Colorado School of Medicine" id="SO_2017_06_11_Instance_58097" type="identity">
      <class id="SO:0000147" label="exon"/>
      <span end="16996" id="16579849-12550" start="16992">Exon</span>
    </annotation>
    <annotation annotator="Mike Bada, University of Colorado School of Medicine" id="SO_2017_06_11_Instance_58101" type="identity">
      <class id="SO:0000412" label="restriction_fragment"/>
      <span end="17114" id="16579849-12552" start="17094">restriction fragment</span>
    </annotation>
    <annotation annotator="Mike Bada, University of Colorado School of Medicine" id="SO_2017_06_11_Instance_58105" type="identity">
      <class id="SO:0001023" label="allele"/>
      <span end="17140" id="16579849-12554" start="17134">allele</span>
    </annotation>
    <annotation annotator="Mike Bada, University of Colorado School of Medicine" id="SO_2017_06_11_Instance_58109" type="identity">
      <class id="SO:0000412" label="restriction_fragment"/>
      <span end="17270" id="16579849-12556" start="17250">restriction fragment</span>
    </annotation>
    <annotation annotator="Mike Bada, University of Colorado School of Medicine" id="SO_2017_06_11_Instance_58113" type="identity">
      <class id="SO:0001023" label="allele"/>
      <span end="17552" id="16579849-12558" start="17546">allele</span>
    </annotation>
    <annotation annotator="Mike Bada, University of Colorado School of Medicine" id="SO_2017_06_11_Instance_58117" type="identity">
      <class id="SO:0000147" label="exon"/>
      <span end="17719" id="16579849-12560" start="17715">Exon</span>
    </annotation>
    <annotation annotator="Mike Bada, University of Colorado School of Medicine" id="SO_2017_06_11_Instance_58121" type="identity">
      <class id="SO:0000412" label="restriction_fragment"/>
      <span end="17790" id="16579849-12562" start="17770">restriction fragment</span>
    </annotation>
    <annotation annotator="Mike Bada, University of Colorado School of Medicine" id="SO_2017_06_11_Instance_58125" type="identity">
      <class id="SO:0000704" label="gene"/>
      <span end="18231" id="16579849-12564" start="18227">gene</span>
    </annotation>
    <annotation annotator="Mike Bada, University of Colorado School of Medicine" id="SO_2017_06_11_Instance_58127" type="identity">
      <class id="SO:0000704" label="gene"/>
      <span end="18958" id="16579849-12566" start="18954">gene</span>
    </annotation>
    <annotation annotator="Mike Bada, University of Colorado School of Medicine" id="SO_2017_06_11_Instance_58129" type="identity">
      <class id="SO:0001023" label="allele"/>
      <span end="19004" id="16579849-12568" start="18998">allele</span>
    </annotation>
    <annotation annotator="Mike Bada, University of Colorado School of Medicine" id="SO_2017_06_11_Instance_58135" type="identity">
      <class id="SO:0000902" label="transgene"/>
      <span end="22804" id="16579849-12570" start="22795">transgene</span>
    </annotation>
    <annotation annotator="Mike Bada, University of Colorado School of Medicine" id="SO_2017_06_11_Instance_58137" type="identity">
      <class id="SO:0000902" label="transgene"/>
      <span end="23245" id="16579849-12572" start="23236">transgene</span>
    </annotation>
    <annotation annotator="Mike Bada, University of Colorado School of Medicine" id="SO_2017_06_11_Instance_58139" type="identity">
      <class id="SO:0000902" label="transgene"/>
      <span end="23268" id="16579849-12574" start="23259">transgene</span>
    </annotation>
    <annotation annotator="Mike Bada, University of Colorado School of Medicine" id="SO_2017_06_11_Instance_58141" type="identity">
      <class id="SO:0000902" label="transgene"/>
      <span end="23301" id="16579849-12576" start="23292">transgene</span>
    </annotation>
    <annotation annotator="Mike Bada, University of Colorado School of Medicine" id="SO_2017_06_11_Instance_58143" type="identity">
      <class id="SO:0000167" label="promoter"/>
      <span end="23471" id="16579849-12578" start="23462">promoters</span>
    </annotation>
    <annotation annotator="Mike Bada, University of Colorado School of Medicine" id="SO_2017_06_11_Instance_58145" type="identity">
      <class id="SO:0000902" label="transgene"/>
      <span end="23545" id="16579849-12580" start="23536">transgene</span>
    </annotation>
    <annotation annotator="Mike Bada, University of Colorado School of Medicine" id="SO_2017_06_11_Instance_58147" type="identity">
      <class id="SO:0000167" label="promoter"/>
      <span end="23624" id="16579849-12582" start="23616">promoter</span>
    </annotation>
    <annotation annotator="Mike Bada, University of Colorado School of Medicine" id="SO_2017_06_11_Instance_58149" type="identity">
      <class id="SO:0000167" label="promoter"/>
      <span end="23943" id="16579849-12584" start="23935">promoter</span>
    </annotation>
    <annotation annotator="Mike Bada, University of Colorado School of Medicine" id="SO_2017_06_11_Instance_58151" type="identity">
      <class id="SO:0000902" label="transgene"/>
      <span end="23965" id="16579849-12586" start="23956">transgene</span>
    </annotation>
    <annotation annotator="Mike Bada, University of Colorado School of Medicine" id="SO_2017_06_11_Instance_58153" type="identity">
      <class id="SO:0000167" label="promoter"/>
      <span end="24038" id="16579849-12588" start="24030">promoter</span>
    </annotation>
    <annotation annotator="Mike Bada, University of Colorado School of Medicine" id="SO_2017_06_11_Instance_58155" type="identity">
      <class id="SO:0000188" label="intron"/>
      <span end="24058" id="16579849-12590" start="24052">intron</span>
    </annotation>
    <annotation annotator="Mike Bada, University of Colorado School of Medicine" id="SO_2017_06_11_Instance_38171" type="identity">
      <class id="SO:0000610" label="polyA_sequence"/>
      <span end="24172" id="16579849-12444" start="24148">polyadenylation sequence</span>
    </annotation>
    <annotation annotator="Mike Bada, University of Colorado School of Medicine" id="SO_2017_06_11_Instance_58159" type="identity">
      <class id="SO:0000902" label="transgene"/>
      <span end="24620" id="16579849-12592" start="24611">transgene</span>
    </annotation>
    <annotation annotator="Mike Bada, University of Colorado School of Medicine" id="SO_2017_06_11_Instance_58161" type="identity">
      <class id="SO:0000902" label="transgene"/>
      <span end="24796" id="16579849-12594" start="24787">transgene</span>
    </annotation>
    <annotation annotator="Mike Bada, University of Colorado School of Medicine" id="SO_2017_06_11_Instance_58163" type="identity">
      <class id="SO:0000902" label="transgene"/>
      <span end="25121" id="16579849-12596" start="25112">transgene</span>
    </annotation>
    <annotation annotator="Mike Bada, University of Colorado School of Medicine" id="SO_2017_06_11_Instance_58165" type="identity">
      <class id="SO:0000902" label="transgene"/>
      <span end="25183" id="16579849-12598" start="25174">transgene</span>
    </annotation>
    <annotation annotator="Mike Bada, University of Colorado School of Medicine" id="SO_2017_06_11_Instance_58167" type="identity">
      <class id="SO:0000902" label="transgene"/>
      <span end="25372" id="16579849-12600" start="25363">transgene</span>
    </annotation>
    <annotation annotator="Mike Bada, University of Colorado School of Medicine" id="SO_2017_06_11_Instance_58169" type="identity">
      <class id="SO:0000902" label="transgene"/>
      <span end="25486" id="16579849-12602" start="25477">transgene</span>
    </annotation>
    <annotation annotator="Mike Bada, University of Colorado School of Medicine" id="SO_2017_06_11_Instance_58171" type="identity">
      <class id="SO:0000366" label="insertion_site"/>
      <span end="25502" id="16579849-12604" start="25487">insertion sites</span>
    </annotation>
    <annotation annotator="Mike Bada, University of Colorado School of Medicine" id="SO_2017_06_11_Instance_58173" type="identity">
      <class id="SO:0000902" label="transgene"/>
      <span end="25719" id="16579849-12606" start="25710">transgene</span>
    </annotation>
    <annotation annotator="Mike Bada, University of Colorado School of Medicine" id="SO_2017_06_11_Instance_58175" type="identity">
      <class id="SO:0000902" label="transgene"/>
      <span end="25938" id="16579849-12608" start="25929">transgene</span>
    </annotation>
    <annotation annotator="Mike Bada, University of Colorado School of Medicine" id="SO_2017_06_11_Instance_58177" type="identity">
      <class id="SO:0000902" label="transgene"/>
      <span end="26080" id="16579849-12610" start="26071">transgene</span>
    </annotation>
    <annotation annotator="Mike Bada, University of Colorado School of Medicine" id="SO_2017_06_11_Instance_58179" type="identity">
      <class id="SO:0000902" label="transgene"/>
      <span end="26102" id="16579849-12612" start="26093">transgene</span>
    </annotation>
    <annotation annotator="Mike Bada, University of Colorado School of Medicine" id="SO_2017_06_11_Instance_58181" type="identity">
      <class id="SO:0000902" label="transgene"/>
      <span end="26180" id="16579849-12614" start="26170">transgenes</span>
    </annotation>
    <annotation annotator="Mike Bada, University of Colorado School of Medicine" id="SO_2017_06_11_Instance_58187" type="identity">
      <class id="SO:0000902" label="transgene"/>
      <span end="26430" id="16579849-12616" start="26420">transgenes</span>
    </annotation>
    <annotation annotator="Mike Bada, University of Colorado School of Medicine" id="SO_2017_06_11_Instance_58197" type="identity">
      <class id="SO:0000902" label="transgene"/>
      <span end="26793" id="16579849-12618" start="26784">transgene</span>
    </annotation>
    <annotation annotator="Mike Bada, University of Colorado School of Medicine" id="SO_2017_06_11_Instance_58203" type="identity">
      <class id="SO:0000902" label="transgene"/>
      <span end="27406" id="16579849-12620" start="27396">transgenes</span>
    </annotation>
    <annotation annotator="Mike Bada, University of Colorado School of Medicine" id="SO_2017_06_11_Instance_58213" type="identity">
      <class id="SO:0000902" label="transgene"/>
      <span end="30042" id="16579849-12622" start="30033">transgene</span>
    </annotation>
    <annotation annotator="Mike Bada, University of Colorado School of Medicine" id="SO_2017_06_11_Instance_58215" type="identity">
      <class id="SO:0000902" label="transgene"/>
      <span end="30166" id="16579849-12624" start="30157">transgene</span>
    </annotation>
    <annotation annotator="Mike Bada, University of Colorado School of Medicine" id="SO_2017_06_11_Instance_58221" type="identity">
      <class id="SO:0000902" label="transgene"/>
      <span end="30806" id="16579849-12626" start="30797">transgene</span>
    </annotation>
    <annotation annotator="Mike Bada, University of Colorado School of Medicine" id="SO_2017_06_11_Instance_31351" type="identity">
      <class id="SO:0000704" label="gene"/>
      <span end="32140" id="16579849-12412" start="32129">genetically</span>
    </annotation>
    <annotation annotator="Mike Bada, University of Colorado School of Medicine" id="SO_2017_06_11_Instance_58223" type="identity">
      <class id="SO:0000704" label="gene"/>
      <span end="32321" id="16579849-12628" start="32317">gene</span>
    </annotation>
    <annotation annotator="Mike Bada, University of Colorado School of Medicine" id="SO_2017_06_11_Instance_58227" type="identity">
      <class id="SO:0000902" label="transgene"/>
      <span end="34284" id="16579849-12630" start="34275">transgene</span>
    </annotation>
    <annotation annotator="Mike Bada, University of Colorado School of Medicine" id="SO_2017_06_11_Instance_58229" type="identity">
      <class id="SO:0000902" label="transgene"/>
      <span end="34381" id="16579849-12632" start="34372">transgene</span>
    </annotation>
    <annotation annotator="Mike Bada, University of Colorado School of Medicine" id="SO_2017_06_11_Instance_29985" type="identity">
      <class id="SO:0000704" label="gene"/>
      <span end="35006" id="16579849-12406" start="34995">genetically</span>
    </annotation>
    <annotation annotator="Mike Bada, University of Colorado School of Medicine" id="SO_2017_06_11_Instance_58231" type="identity">
      <class id="SO:0000704" label="gene"/>
      <span end="35216" id="16579849-12634" start="35212">gene</span>
    </annotation>
    <annotation annotator="Mike Bada, University of Colorado School of Medicine" id="SO_2017_06_11_Instance_58233" type="identity">
      <class id="SO:0000902" label="transgene"/>
      <span end="35512" id="16579849-12636" start="35503">transgene</span>
    </annotation>
    <annotation annotator="Mike Bada, University of Colorado School of Medicine" id="SO_2017_06_11_Instance_30039" type="identity">
      <class id="SO:0005853" label="gene_cassette"/>
      <span end="35595" id="16579849-12408" start="35587">cassette</span>
    </annotation>
    <annotation annotator="Mike Bada, University of Colorado School of Medicine" id="SO_2017_06_11_Instance_30587" type="identity">
      <class id="SO:0000366" label="insertion_site"/>
      <span end="35823" id="16579849-12410" start="35807">integration site</span>
    </annotation>
    <annotation annotator="Mike Bada, University of Colorado School of Medicine" id="SO_2017_06_11_Instance_58235" type="identity">
      <class id="SO:0000902" label="transgene"/>
      <span end="35841" id="16579849-12638" start="35831">transgenes</span>
    </annotation>
    <annotation annotator="Mike Bada, University of Colorado School of Medicine" id="SO_2017_06_11_Instance_58237" type="identity">
      <class id="SO:0000704" label="gene"/>
      <span end="36200" id="16579849-12640" start="36196">gene</span>
    </annotation>
    <annotation annotator="Mike Bada, University of Colorado School of Medicine" id="SO_2017_06_11_Instance_58239" type="identity">
      <class id="SO:0000704" label="gene"/>
      <span end="37088" id="16579849-12642" start="37084">gene</span>
    </annotation>
    <annotation annotator="Mike Bada, University of Colorado School of Medicine" id="SO_2017_06_11_Instance_58241" type="identity">
      <class id="SO:0000704" label="gene"/>
      <span end="37196" id="16579849-12644" start="37192">gene</span>
    </annotation>
    <annotation annotator="Mike Bada, University of Colorado School of Medicine" id="SO_2017_06_11_Instance_58243" type="identity">
      <class id="SO:0000704" label="gene"/>
      <span end="37231" id="16579849-12646" start="37227">gene</span>
    </annotation>
    <annotation annotator="Mike Bada, University of Colorado School of Medicine" id="SO_2017_06_11_Instance_35821" type="identity">
      <class id="SO:0000704" label="gene"/>
      <span end="37320" id="16579849-12420" start="37313">genetic</span>
    </annotation>
    <annotation annotator="Mike Bada, University of Colorado School of Medicine" id="SO_2017_06_11_Instance_58245" type="identity">
      <class id="SO:0000704" label="gene"/>
      <span end="37374" id="16579849-12648" start="37370">gene</span>
    </annotation>
    <annotation annotator="Mike Bada, University of Colorado School of Medicine" id="SO_2017_06_11_Instance_58247" type="identity">
      <class id="SO:0001023" label="allele"/>
      <span end="38423" id="16579849-12650" start="38417">allele</span>
    </annotation>
    <annotation annotator="Mike Bada, University of Colorado School of Medicine" id="SO_2017_06_11_Instance_31489" type="identity">
      <class id="SO:0000704" label="gene"/>
      <span end="39126" id="16579849-12414" start="39115">genetically</span>
    </annotation>
    <annotation annotator="Mike Bada, University of Colorado School of Medicine" id="SO_2017_06_11_Instance_58249" type="identity">
      <class id="SO:0000704" label="gene"/>
      <span end="39346" id="16579849-12652" start="39342">gene</span>
    </annotation>
    <graph-space id="Old Knowtator Relations"/>
  </document>
</knowtator-project>
