<?xml version="1.0" encoding="UTF-8" standalone="no"?>
<knowtator-project>
  <document id="16628246" text-file="16628246.txt">
    <annotation annotator="Mike Bada, University of Colorado School of Medicine" id="SO_2017_06_11_Instance_58467" type="identity">
      <class id="SO:0000704" label="gene"/>
      <span end="215" id="16628246-12825" start="211">gene</span>
    </annotation>
    <annotation annotator="Mike Bada, University of Colorado School of Medicine" id="SO_2017_06_11_Instance_29727" type="identity">
      <class id="SO:0000704" label="gene"/>
      <span end="329" id="16628246-12755" start="322">genetic</span>
    </annotation>
    <annotation annotator="Mike Bada, University of Colorado School of Medicine" id="SO_2017_06_11_Instance_58469" type="identity">
      <class id="SO:0000853" label="homologous_region"/>
      <span end="578" id="16628246-12827" start="571">homolog</span>
    </annotation>
    <annotation annotator="Mike Bada, University of Colorado School of Medicine" id="SO_2017_06_11_Instance_58471" type="identity">
      <class id="SO:0001023" label="allele"/>
      <span end="994" id="16628246-12829" start="988">allele</span>
    </annotation>
    <annotation annotator="Mike Bada, University of Colorado School of Medicine" id="SO_2017_06_11_Instance_58477" type="identity">
      <class id="SO:0000704" label="gene"/>
      <span end="1681" id="16628246-12831" start="1677">gene</span>
    </annotation>
    <annotation annotator="Mike Bada, University of Colorado School of Medicine" id="SO_2017_06_11_Instance_58479" type="identity">
      <class id="SO:0000704" label="gene"/>
      <span end="1720" id="16628246-12833" start="1716">gene</span>
    </annotation>
    <annotation annotator="Mike Bada, University of Colorado School of Medicine" id="SO_2017_06_11_Instance_58483" type="identity">
      <class id="SO:0000704" label="gene"/>
      <span end="2121" id="16628246-12835" start="2117">gene</span>
    </annotation>
    <annotation annotator="Mike Bada, University of Colorado School of Medicine" id="SO_2017_06_11_Instance_58489" type="identity">
      <class id="SO:0000704" label="gene"/>
      <span end="2719" id="16628246-12837" start="2715">gene</span>
    </annotation>
    <annotation annotator="Mike Bada, University of Colorado School of Medicine" id="SO_2017_06_11_Instance_58493" type="identity">
      <class id="SO:0000704" label="gene"/>
      <span end="3111" id="16628246-12839" start="3106">genes</span>
    </annotation>
    <annotation annotator="Mike Bada, University of Colorado School of Medicine" id="SO_2017_06_11_Instance_58499" type="identity">
      <class id="SO:0001023" label="allele"/>
      <span end="3498" id="16628246-12841" start="3492">allele</span>
    </annotation>
    <annotation annotator="Mike Bada, University of Colorado School of Medicine" id="SO_2017_06_11_Instance_58501" type="identity">
      <class id="SO:0000704" label="gene"/>
      <span end="3678" id="16628246-12843" start="3674">gene</span>
    </annotation>
    <annotation annotator="Mike Bada, University of Colorado School of Medicine" id="SO_2017_06_11_Instance_58503" type="identity">
      <class id="SO:0000147" label="exon"/>
      <span end="3709" id="16628246-12845" start="3704">exons</span>
    </annotation>
    <annotation annotator="Mike Bada, University of Colorado School of Medicine" id="SO_2017_06_11_Instance_31657" type="identity">
      <class id="SO:0001026" label="genome"/>
      <span end="3736" id="16628246-12763" start="3729">genomic</span>
    </annotation>
    <annotation annotator="Mike Bada, University of Colorado School of Medicine" id="SO_2017_06_11_Instance_58507" type="identity">
      <class id="SO:0000704" label="gene"/>
      <span end="3776" id="16628246-12847" start="3772">gene</span>
    </annotation>
    <annotation annotator="Mike Bada, University of Colorado School of Medicine" id="SO_2017_06_11_Instance_31659" type="identity">
      <class id="SO:0001060" label="sequence_variant"/>
      <span end="3814" id="16628246-12765" start="3806">isoforms</span>
    </annotation>
    <annotation annotator="Mike Bada, University of Colorado School of Medicine" id="SO_2017_06_11_Instance_58509" type="identity">
      <class id="SO:0000673" label="transcript"/>
      <span end="3912" id="16628246-12849" start="3902">transcript</span>
    </annotation>
    <annotation annotator="Mike Bada, University of Colorado School of Medicine" id="SO_2017_06_11_Instance_20259" type="identity">
      <class id="SO:0001060" label="sequence_variant"/>
      <span end="3973" id="16628246-12666" start="3966">isoform</span>
    </annotation>
    <annotation annotator="Mike Bada, University of Colorado School of Medicine" id="SO_2017_06_11_Instance_58511" type="identity">
      <class id="SO:0000673" label="transcript"/>
      <span end="4027" id="16628246-12851" start="4017">transcript</span>
    </annotation>
    <annotation annotator="Mike Bada, University of Colorado School of Medicine" id="SO_2017_06_11_Instance_58513" type="identity">
      <class id="SO:0000188" label="intron"/>
      <span end="4068" id="16628246-12853" start="4062">intron</span>
    </annotation>
    <annotation annotator="Mike Bada, University of Colorado School of Medicine" id="SO_2017_06_11_Instance_58515" type="identity">
      <class id="SO:0000185" label="primary_transcript"/>
      <span end="4119" id="16628246-12855" start="4101">primary transcript</span>
    </annotation>
    <annotation annotator="Mike Bada, University of Colorado School of Medicine" id="SO_2017_06_11_Instance_31771" type="identity">
      <class id="SO:0000188" label="intron"/>
      <span end="4147" id="16628246-12767" start="4139">intronic</span>
    </annotation>
    <annotation annotator="Mike Bada, University of Colorado School of Medicine" id="SO_2017_06_11_Instance_58517" type="identity">
      <class id="SO:0000551" label="polyA_signal_sequence"/>
      <span end="4162" id="16628246-12857" start="4148">poly(A) signal</span>
    </annotation>
    <annotation annotator="Mike Bada, University of Colorado School of Medicine" id="SO_2017_06_11_Instance_58519" type="identity">
      <class id="SO:0000853" label="homologous_region"/>
      <span end="4193" id="16628246-12859" start="4186">homolog</span>
    </annotation>
    <annotation annotator="Mike Bada, University of Colorado School of Medicine" id="SO_2017_06_11_Instance_58521" type="identity">
      <class id="SO:0000704" label="gene"/>
      <span end="4210" id="16628246-12861" start="4206">gene</span>
    </annotation>
    <annotation annotator="Mike Bada, University of Colorado School of Medicine" id="SO_2017_06_11_Instance_20261" type="identity">
      <class id="SO:0001060" label="sequence_variant"/>
      <span end="4348" id="16628246-12668" start="4340">isoforms</span>
    </annotation>
    <annotation annotator="Mike Bada, University of Colorado School of Medicine" id="SO_2017_06_11_Instance_39725" type="identity">
      <class id="SO:0000842" label="gene_component_region"/>
      <span end="4423" id="16628246-12814" start="4413">regions of</span>
      <span end="4432" id="16628246-12815" start="4428">gene</span>
    </annotation>
    <annotation annotator="Mike Bada, University of Colorado School of Medicine" id="SO_2017_06_11_Instance_33327" type="identity">
      <class id="SO:0000417" label="polypeptide_domain"/>
      <span end="4463" id="16628246-12773" start="4457">domain</span>
    </annotation>
    <annotation annotator="Mike Bada, University of Colorado School of Medicine" id="SO_2017_06_11_Instance_33367" type="identity">
      <class id="SO:0000417" label="polypeptide_domain"/>
      <span end="4493" id="16628246-12775" start="4487">domain</span>
    </annotation>
    <annotation annotator="Mike Bada, University of Colorado School of Medicine" id="SO_2017_06_11_Instance_33449" type="identity">
      <class id="SO:0000417" label="polypeptide_domain"/>
      <span end="4764" id="16628246-12777" start="4757">domains</span>
    </annotation>
    <annotation annotator="Mike Bada, University of Colorado School of Medicine" id="SO_2017_06_11_Instance_58527" type="identity">
      <class id="SO:0000704" label="gene"/>
      <span end="5078" id="16628246-12863" start="5074">gene</span>
    </annotation>
    <annotation annotator="Mike Bada, University of Colorado School of Medicine" id="SO_2017_06_11_Instance_58529" type="identity">
      <class id="SO:0000704" label="gene"/>
      <span end="5331" id="16628246-12865" start="5326">genes</span>
    </annotation>
    <annotation annotator="Mike Bada, University of Colorado School of Medicine" id="SO_2017_06_11_Instance_58531" type="identity">
      <class id="SO:0000704" label="gene"/>
      <span end="5418" id="16628246-12867" start="5413">genes</span>
    </annotation>
    <annotation annotator="Mike Bada, University of Colorado School of Medicine" id="SO_2017_06_11_Instance_58533" type="identity">
      <class id="SO:0001023" label="allele"/>
      <span end="5701" id="16628246-12869" start="5695">allele</span>
    </annotation>
    <annotation annotator="Mike Bada, University of Colorado School of Medicine" id="SO_2017_06_11_Instance_58535" type="identity">
      <class id="SO:0000704" label="gene"/>
      <span end="5718" id="16628246-12871" start="5714">gene</span>
    </annotation>
    <annotation annotator="Mike Bada, University of Colorado School of Medicine" id="SO_2017_06_11_Instance_58537" type="identity">
      <class id="SO:0000704" label="gene"/>
      <span end="5965" id="16628246-12873" start="5961">gene</span>
    </annotation>
    <annotation annotator="Mike Bada, University of Colorado School of Medicine" id="SO_2017_06_11_Instance_58539" type="identity">
      <class id="SO:0000704" label="gene"/>
      <span end="5986" id="16628246-12875" start="5982">gene</span>
    </annotation>
    <annotation annotator="Mike Bada, University of Colorado School of Medicine" id="SO_2017_06_11_Instance_58541" type="identity">
      <class id="SO:0001023" label="allele"/>
      <span end="6060" id="16628246-12877" start="6054">allele</span>
    </annotation>
    <annotation annotator="Mike Bada, University of Colorado School of Medicine" id="SO_2017_06_11_Instance_58545" type="identity">
      <class id="SO:0000440" label="vector_replicon"/>
      <span end="6252" id="16628246-12879" start="6245">vectors</span>
    </annotation>
    <annotation annotator="Mike Bada, University of Colorado School of Medicine" id="SO_2017_06_11_Instance_58547" type="identity">
      <class id="SO:0000147" label="exon"/>
      <span end="6270" id="16628246-12881" start="6266">exon</span>
    </annotation>
    <annotation annotator="Mike Bada, University of Colorado School of Medicine" id="SO_2017_06_11_Instance_58549" type="identity">
      <class id="SO:0000704" label="gene"/>
      <span end="6290" id="16628246-12883" start="6286">gene</span>
    </annotation>
    <annotation annotator="Mike Bada, University of Colorado School of Medicine" id="SO_2017_06_11_Instance_58551" type="identity">
      <class id="SO:0000147" label="exon"/>
      <span end="6296" id="16628246-12885" start="6292">Exon</span>
    </annotation>
    <annotation annotator="Mike Bada, University of Colorado School of Medicine" id="SO_2017_06_11_Instance_35743" type="identity">
      <class id="SO:0000417" label="polypeptide_domain"/>
      <span end="6378" id="16628246-12779" start="6372">domain</span>
    </annotation>
    <annotation annotator="Mike Bada, University of Colorado School of Medicine" id="SO_2017_06_11_Instance_58555" type="identity">
      <class id="SO:0000704" label="gene"/>
      <span end="6517" id="16628246-12887" start="6513">gene</span>
    </annotation>
    <annotation annotator="Mike Bada, University of Colorado School of Medicine" id="SO_2017_06_11_Instance_58559" type="identity">
      <class id="SO:0000440" label="vector_replicon"/>
      <span end="6592" id="16628246-12889" start="6585">vectors</span>
    </annotation>
    <annotation annotator="Mike Bada, University of Colorado School of Medicine" id="SO_2017_06_11_Instance_58561" type="identity">
      <class id="SO:0000147" label="exon"/>
      <span end="6799" id="16628246-12891" start="6795">exon</span>
    </annotation>
    <annotation annotator="Mike Bada, University of Colorado School of Medicine" id="SO_2017_06_11_Instance_58565" type="identity">
      <class id="SO:0000147" label="exon"/>
      <span end="6852" id="16628246-12893" start="6848">exon</span>
    </annotation>
    <annotation annotator="Mike Bada, University of Colorado School of Medicine" id="SO_2017_06_11_Instance_58567" type="identity">
      <class id="SO:0000357" label="flanked"/>
      <span end="6872" id="16628246-12895" start="6865">flanked</span>
    </annotation>
    <annotation annotator="Mike Bada, University of Colorado School of Medicine" id="SO_2017_06_11_Instance_36577" type="identity">
      <class id="SO:0000346" label="loxP_site"/>
      <span end="6898" id="16628246-12784" start="6876">loxP recognition sites</span>
    </annotation>
    <annotation annotator="" id="SO_2017_06_11_Instance_224613" type="identity">
      <class id="SO:0000359" label="floxed"/>
      <span end="6932" id="16628246-12680" start="6928">flox</span>
    </annotation>
    <annotation annotator="Mike Bada, University of Colorado School of Medicine" id="SO_2017_06_11_Instance_58569" type="identity">
      <class id="SO:0001023" label="allele"/>
      <span end="6939" id="16628246-12897" start="6933">allele</span>
    </annotation>
    <annotation annotator="Mike Bada, University of Colorado School of Medicine" id="SO_2017_06_11_Instance_58571" type="identity">
      <class id="SO:0001023" label="allele"/>
      <span end="6978" id="16628246-12899" start="6972">allele</span>
    </annotation>
    <annotation annotator="Mike Bada, University of Colorado School of Medicine" id="SO_2017_06_11_Instance_39729" type="identity">
      <class id="SO:0000359" label="floxed"/>
      <span end="7007" id="16628246-12817" start="6995">loxP-flanked</span>
    </annotation>
    <annotation annotator="Mike Bada, University of Colorado School of Medicine" id="SO_2017_06_11_Instance_37311" type="identity">
      <class id="SO:0005853" label="gene_cassette"/>
      <span end="7025" id="16628246-12790" start="7017">cassette</span>
    </annotation>
    <annotation annotator="Mike Bada, University of Colorado School of Medicine" id="SO_2017_06_11_Instance_58573" type="identity">
      <class id="SO:0000188" label="intron"/>
      <span end="7035" id="16628246-12901" start="7029">intron</span>
    </annotation>
    <annotation annotator="" id="SO_2017_06_11_Instance_224615" type="identity">
      <class id="SO:0000359" label="floxed"/>
      <span end="7133" id="16628246-12682" start="7129">flox</span>
    </annotation>
    <annotation annotator="Mike Bada, University of Colorado School of Medicine" id="SO_2017_06_11_Instance_20263" type="identity">
      <class id="SO:0001060" label="sequence_variant"/>
      <span end="7223" id="16628246-12670" start="7216">isoform</span>
    </annotation>
    <annotation annotator="" id="SO_2017_06_11_Instance_224617" type="identity">
      <class id="SO:0000359" label="floxed"/>
      <span end="7281" id="16628246-12684" start="7277">flox</span>
    </annotation>
    <annotation annotator="Mike Bada, University of Colorado School of Medicine" id="SO_2017_06_11_Instance_58581" type="identity">
      <class id="SO:0000155" label="plasmid"/>
      <span end="7377" id="16628246-12903" start="7370">plasmid</span>
    </annotation>
    <annotation annotator="" id="SO_2017_06_11_Instance_92555" type="identity">
      <class id="SO:0000243" label="internal_ribosome_entry_site"/>
      <span end="7394" id="16628246-13217" start="7390">IRES</span>
    </annotation>
    <annotation annotator="Mike Bada, University of Colorado School of Medicine" id="SO_2017_06_11_Instance_58583" type="identity">
      <class id="SO:0001023" label="allele"/>
      <span end="7447" id="16628246-12905" start="7441">allele</span>
    </annotation>
    <annotation annotator="Mike Bada, University of Colorado School of Medicine" id="SO_2017_06_11_Instance_58585" type="identity">
      <class id="SO:0000147" label="exon"/>
      <span end="7493" id="16628246-12907" start="7489">exon</span>
    </annotation>
    <annotation annotator="Mike Bada, University of Colorado School of Medicine" id="SO_2017_06_11_Instance_37903" type="identity">
      <class id="SO:0005853" label="gene_cassette"/>
      <span end="7518" id="16628246-12792" start="7510">cassette</span>
    </annotation>
    <annotation annotator="" id="SO_2017_06_11_Instance_224619" type="identity">
      <class id="SO:0000359" label="floxed"/>
      <span end="7627" id="16628246-12686" start="7623">flox</span>
    </annotation>
    <annotation annotator="Mike Bada, University of Colorado School of Medicine" id="SO_2017_06_11_Instance_58587" type="identity">
      <class id="SO:0001023" label="allele"/>
      <span end="7634" id="16628246-12909" start="7628">allele</span>
    </annotation>
    <annotation annotator="Mike Bada, University of Colorado School of Medicine" id="SO_2017_06_11_Instance_58589" type="identity">
      <class id="SO:0000673" label="transcript"/>
      <span end="7767" id="16628246-12911" start="7757">transcript</span>
    </annotation>
    <annotation annotator="Mike Bada, University of Colorado School of Medicine" id="SO_2017_06_11_Instance_58595" type="identity">
      <class id="SO:0000673" label="transcript"/>
      <span end="7946" id="16628246-12913" start="7936">transcript</span>
    </annotation>
    <annotation annotator="Mike Bada, University of Colorado School of Medicine" id="SO_2017_06_11_Instance_20265" type="identity">
      <class id="SO:0001060" label="sequence_variant"/>
      <span end="7988" id="16628246-12672" start="7981">isoform</span>
    </annotation>
    <annotation annotator="Mike Bada, University of Colorado School of Medicine" id="SO_2017_06_11_Instance_58597" type="identity">
      <class id="SO:0000673" label="transcript"/>
      <span end="8004" id="16628246-12915" start="7994">transcript</span>
    </annotation>
    <annotation annotator="Mike Bada, University of Colorado School of Medicine" id="SO_2017_06_11_Instance_58599" type="identity">
      <class id="SO:0000188" label="intron"/>
      <span end="8041" id="16628246-12917" start="8035">intron</span>
    </annotation>
    <annotation annotator="Mike Bada, University of Colorado School of Medicine" id="SO_2017_06_11_Instance_58601" type="identity">
      <class id="SO:0000147" label="exon"/>
      <span end="8087" id="16628246-12919" start="8083">exon</span>
    </annotation>
    <annotation annotator="Mike Bada, University of Colorado School of Medicine" id="SO_2017_06_11_Instance_38241" type="identity">
      <class id="SO:0001060" label="sequence_variant"/>
      <span end="8162" id="16628246-12796" start="8155">isoform</span>
    </annotation>
    <annotation annotator="Mike Bada, University of Colorado School of Medicine" id="SO_2017_06_11_Instance_38243" type="identity">
      <class id="SO:0000417" label="polypeptide_domain"/>
      <span end="8198" id="16628246-12798" start="8192">domain</span>
    </annotation>
    <annotation annotator="" id="SO_2017_06_11_Instance_224621" type="identity">
      <class id="SO:0000359" label="floxed"/>
      <span end="8851" id="16628246-12688" start="8847">flox</span>
    </annotation>
    <annotation annotator="Mike Bada, University of Colorado School of Medicine" id="SO_2017_06_11_Instance_58603" type="identity">
      <class id="SO:0001023" label="allele"/>
      <span end="8858" id="16628246-12921" start="8852">allele</span>
    </annotation>
    <annotation annotator="Mike Bada, University of Colorado School of Medicine" id="SO_2017_06_11_Instance_58605" type="identity">
      <class id="SO:0001023" label="allele"/>
      <span end="8903" id="16628246-12923" start="8897">allele</span>
    </annotation>
    <annotation annotator="Mike Bada, University of Colorado School of Medicine" id="SO_2017_06_11_Instance_58607" type="identity">
      <class id="SO:0001023" label="allele"/>
      <span end="9062" id="16628246-12925" start="9055">alleles</span>
    </annotation>
    <annotation annotator="Mike Bada, University of Colorado School of Medicine" id="SO_2017_06_11_Instance_58609" type="identity">
      <class id="SO:0001023" label="allele"/>
      <span end="9187" id="16628246-12927" start="9181">allele</span>
    </annotation>
    <annotation annotator="" id="SO_2017_06_11_Instance_224623" type="identity">
      <class id="SO:0000359" label="floxed"/>
      <span end="9263" id="16628246-12690" start="9259">flox</span>
    </annotation>
    <annotation annotator="Mike Bada, University of Colorado School of Medicine" id="SO_2017_06_11_Instance_58611" type="identity">
      <class id="SO:0001023" label="allele"/>
      <span end="9270" id="16628246-12929" start="9264">allele</span>
    </annotation>
    <annotation annotator="Mike Bada, University of Colorado School of Medicine" id="SO_2017_06_11_Instance_58613" type="identity">
      <class id="SO:0001023" label="allele"/>
      <span end="9364" id="16628246-12931" start="9357">alleles</span>
    </annotation>
    <annotation annotator="" id="SO_2017_06_11_Instance_224625" type="identity">
      <class id="SO:0000359" label="floxed"/>
      <span end="9385" id="16628246-12692" start="9381">flox</span>
    </annotation>
    <annotation annotator="Mike Bada, University of Colorado School of Medicine" id="SO_2017_06_11_Instance_58615" type="identity">
      <class id="SO:0001023" label="allele"/>
      <span end="10029" id="16628246-12933" start="10023">allele</span>
    </annotation>
    <annotation annotator="" id="SO_2017_06_11_Instance_224627" type="identity">
      <class id="SO:0000359" label="floxed"/>
      <span end="10049" id="16628246-12694" start="10045">flox</span>
    </annotation>
    <annotation annotator="Mike Bada, University of Colorado School of Medicine" id="SO_2017_06_11_Instance_58617" type="identity">
      <class id="SO:0000704" label="gene"/>
      <span end="11289" id="16628246-12935" start="11285">gene</span>
    </annotation>
    <annotation annotator="Mike Bada, University of Colorado School of Medicine" id="SO_2017_06_11_Instance_58619" type="identity">
      <class id="SO:0001026" label="genome"/>
      <span end="11407" id="16628246-12937" start="11401">genome</span>
    </annotation>
    <annotation annotator="Mike Bada, University of Colorado School of Medicine" id="SO_2017_06_11_Instance_58623" type="identity">
      <class id="SO:0001023" label="allele"/>
      <span end="11843" id="16628246-12939" start="11837">allele</span>
    </annotation>
    <annotation annotator="" id="SO_2017_06_11_Instance_224629" type="identity">
      <class id="SO:0000359" label="floxed"/>
      <span end="11863" id="16628246-12696" start="11859">flox</span>
    </annotation>
    <annotation annotator="" id="SO_2017_06_11_Instance_224631" type="identity">
      <class id="SO:0000359" label="floxed"/>
      <span end="13044" id="16628246-12698" start="13040">flox</span>
    </annotation>
    <annotation annotator="Mike Bada, University of Colorado School of Medicine" id="SO_2017_06_11_Instance_58627" type="identity">
      <class id="SO:0001023" label="allele"/>
      <span end="13051" id="16628246-12941" start="13045">allele</span>
    </annotation>
    <annotation annotator="" id="SO_2017_06_11_Instance_224633" type="identity">
      <class id="SO:0000359" label="floxed"/>
      <span end="13088" id="16628246-12700" start="13084">flox</span>
    </annotation>
    <annotation annotator="" id="SO_2017_06_11_Instance_224635" type="identity">
      <class id="SO:0000359" label="floxed"/>
      <span end="13298" id="16628246-12702" start="13294">flox</span>
    </annotation>
    <annotation annotator="Mike Bada, University of Colorado School of Medicine" id="SO_2017_06_11_Instance_38481" type="identity">
      <class id="SO:0000359" label="floxed"/>
      <span end="13339" id="16628246-12812" start="13335">flox</span>
    </annotation>
    <annotation annotator="Mike Bada, University of Colorado School of Medicine" id="SO_2017_06_11_Instance_58629" type="identity">
      <class id="SO:0000359" label="floxed"/>
      <span end="13355" id="16628246-12943" start="13349">floxed</span>
    </annotation>
    <annotation annotator="Mike Bada, University of Colorado School of Medicine" id="SO_2017_06_11_Instance_58631" type="identity">
      <class id="SO:0001023" label="allele"/>
      <span end="13362" id="16628246-12945" start="13356">allele</span>
    </annotation>
    <annotation annotator="" id="SO_2017_06_11_Instance_224637" type="identity">
      <class id="SO:0000359" label="floxed"/>
      <span end="13425" id="16628246-12704" start="13421">flox</span>
    </annotation>
    <annotation annotator="Mike Bada, University of Colorado School of Medicine" id="SO_2017_06_11_Instance_38479" type="identity">
      <class id="SO:0000359" label="floxed"/>
      <span end="13430" id="16628246-12810" start="13426">flox</span>
    </annotation>
    <annotation annotator="" id="SO_2017_06_11_Instance_224639" type="identity">
      <class id="SO:0000359" label="floxed"/>
      <span end="13505" id="16628246-12706" start="13501">flox</span>
    </annotation>
    <annotation annotator="Mike Bada, University of Colorado School of Medicine" id="SO_2017_06_11_Instance_58633" type="identity">
      <class id="SO:0001023" label="allele"/>
      <span end="13512" id="16628246-12947" start="13506">allele</span>
    </annotation>
    <annotation annotator="" id="SO_2017_06_11_Instance_224641" type="identity">
      <class id="SO:0000359" label="floxed"/>
      <span end="13605" id="16628246-12708" start="13601">flox</span>
    </annotation>
    <annotation annotator="Mike Bada, University of Colorado School of Medicine" id="SO_2017_06_11_Instance_58635" type="identity">
      <class id="SO:0001023" label="allele"/>
      <span end="13612" id="16628246-12949" start="13606">allele</span>
    </annotation>
    <annotation annotator="" id="SO_2017_06_11_Instance_224643" type="identity">
      <class id="SO:0000359" label="floxed"/>
      <span end="13707" id="16628246-12710" start="13703">flox</span>
    </annotation>
    <annotation annotator="Mike Bada, University of Colorado School of Medicine" id="SO_2017_06_11_Instance_58637" type="identity">
      <class id="SO:0000902" label="transgene"/>
      <span end="13757" id="16628246-12951" start="13748">transgene</span>
    </annotation>
    <annotation annotator="Mike Bada, University of Colorado School of Medicine" id="SO_2017_06_11_Instance_39733" type="identity">
      <class id="SO:0005836" label="regulatory_region"/>
      <span end="13844" id="16628246-12819" start="13825">regulatory elements</span>
    </annotation>
    <annotation annotator="Mike Bada, University of Colorado School of Medicine" id="SO_2017_06_11_Instance_58639" type="identity">
      <class id="SO:0000704" label="gene"/>
      <span end="13869" id="16628246-12953" start="13865">gene</span>
    </annotation>
    <annotation annotator="Mike Bada, University of Colorado School of Medicine" id="SO_2017_06_11_Instance_58641" type="identity">
      <class id="SO:0000902" label="transgene"/>
      <span end="13936" id="16628246-12955" start="13927">transgene</span>
    </annotation>
    <annotation annotator="Mike Bada, University of Colorado School of Medicine" id="SO_2017_06_11_Instance_39737" type="identity">
      <class id="SO:0000359" label="floxed"/>
      <span end="14199" id="16628246-12821" start="14187">loxP-flanked</span>
    </annotation>
    <annotation annotator="" id="SO_2017_06_11_Instance_225552" type="identity">
      <class id="SO:0000141" label="terminator"/>
      <span end="14213" id="16628246-12748" start="14200">transcription</span>
      <span end="14249" id="16628246-12749" start="14230">termination signals</span>
    </annotation>
    <annotation annotator="Mike Bada, University of Colorado School of Medicine" id="SO_2017_06_11_Instance_38475" type="identity">
      <class id="SO:0000319" label="stop_codon"/>
      <span end="14249" id="16628246-12806" start="14218">translation termination signals</span>
    </annotation>
    <annotation annotator="Mike Bada, University of Colorado School of Medicine" id="SO_2017_06_11_Instance_58645" type="identity">
      <class id="SO:0000902" label="transgene"/>
      <span end="14293" id="16628246-12957" start="14284">transgene</span>
    </annotation>
    <annotation annotator="Mike Bada, University of Colorado School of Medicine" id="SO_2017_06_11_Instance_58647" type="identity">
      <class id="SO:0000359" label="floxed"/>
      <span end="14444" id="16628246-12959" start="14438">floxed</span>
    </annotation>
    <annotation annotator="Mike Bada, University of Colorado School of Medicine" id="SO_2017_06_11_Instance_38477" type="identity">
      <class id="SO:0000359" label="floxed"/>
      <span end="14465" id="16628246-12808" start="14461">flox</span>
    </annotation>
    <annotation annotator="Mike Bada, University of Colorado School of Medicine" id="SO_2017_06_11_Instance_18905" type="identity">
      <class id="SO:0000359" label="floxed"/>
      <span end="21234" id="16628246-12660" start="21230">flox</span>
    </annotation>
    <annotation annotator="Mike Bada, University of Colorado School of Medicine" id="SO_2017_06_11_Instance_58667" type="identity">
      <class id="SO:0001023" label="allele"/>
      <span end="21920" id="16628246-12961" start="21914">allele</span>
    </annotation>
    <annotation annotator="Mike Bada, University of Colorado School of Medicine" id="SO_2017_06_11_Instance_58669" type="identity">
      <class id="SO:0001023" label="allele"/>
      <span end="22679" id="16628246-12963" start="22673">Allele</span>
    </annotation>
    <annotation annotator="Mike Bada, University of Colorado School of Medicine" id="SO_2017_06_11_Instance_58671" type="identity">
      <class id="SO:0001023" label="allele"/>
      <span end="22769" id="16628246-12965" start="22763">allele</span>
    </annotation>
    <annotation annotator="Mike Bada, University of Colorado School of Medicine" id="SO_2017_06_11_Instance_58675" type="identity">
      <class id="SO:0001023" label="allele"/>
      <span end="23297" id="16628246-12967" start="23291">allele</span>
    </annotation>
    <annotation annotator="Mike Bada, University of Colorado School of Medicine" id="SO_2017_06_11_Instance_58677" type="identity">
      <class id="SO:0001023" label="allele"/>
      <span end="23347" id="16628246-12969" start="23341">allele</span>
    </annotation>
    <annotation annotator="Mike Bada, University of Colorado School of Medicine" id="SO_2017_06_11_Instance_58683" type="identity">
      <class id="SO:0001023" label="allele"/>
      <span end="23924" id="16628246-12971" start="23918">allele</span>
    </annotation>
    <annotation annotator="Mike Bada, University of Colorado School of Medicine" id="SO_2017_06_11_Instance_58685" type="identity">
      <class id="SO:0001023" label="allele"/>
      <span end="23958" id="16628246-12973" start="23952">allele</span>
    </annotation>
    <annotation annotator="Mike Bada, University of Colorado School of Medicine" id="SO_2017_06_11_Instance_58687" type="identity">
      <class id="SO:0001023" label="allele"/>
      <span end="24275" id="16628246-12975" start="24269">allele</span>
    </annotation>
    <annotation annotator="" id="SO_2017_06_11_Instance_224645" type="identity">
      <class id="SO:0000359" label="floxed"/>
      <span end="24408" id="16628246-12712" start="24404">flox</span>
    </annotation>
    <annotation annotator="Mike Bada, University of Colorado School of Medicine" id="SO_2017_06_11_Instance_18907" type="identity">
      <class id="SO:0000359" label="floxed"/>
      <span end="24413" id="16628246-12662" start="24409">flox</span>
    </annotation>
    <annotation annotator="Mike Bada, University of Colorado School of Medicine" id="SO_2017_06_11_Instance_58689" type="identity">
      <class id="SO:0001023" label="allele"/>
      <span end="24659" id="16628246-12977" start="24653">allele</span>
    </annotation>
    <annotation annotator="Mike Bada, University of Colorado School of Medicine" id="SO_2017_06_11_Instance_58695" type="identity">
      <class id="SO:0001023" label="allele"/>
      <span end="25175" id="16628246-12979" start="25169">allele</span>
    </annotation>
    <annotation annotator="Mike Bada, University of Colorado School of Medicine" id="SO_2017_06_11_Instance_58697" type="identity">
      <class id="SO:0001023" label="allele"/>
      <span end="25255" id="16628246-12981" start="25249">allele</span>
    </annotation>
    <annotation annotator="Mike Bada, University of Colorado School of Medicine" id="SO_2017_06_11_Instance_58699" type="identity">
      <class id="SO:0000704" label="gene"/>
      <span end="25314" id="16628246-12983" start="25310">gene</span>
    </annotation>
    <annotation annotator="Mike Bada, University of Colorado School of Medicine" id="SO_2017_06_11_Instance_58701" type="identity">
      <class id="SO:0001023" label="allele"/>
      <span end="25802" id="16628246-12985" start="25796">allele</span>
    </annotation>
    <annotation annotator="Mike Bada, University of Colorado School of Medicine" id="SO_2017_06_11_Instance_58703" type="identity">
      <class id="SO:0001023" label="allele"/>
      <span end="25981" id="16628246-12987" start="25975">allele</span>
    </annotation>
    <annotation annotator="Mike Bada, University of Colorado School of Medicine" id="SO_2017_06_11_Instance_58707" type="identity">
      <class id="SO:0001023" label="allele"/>
      <span end="26717" id="16628246-12989" start="26711">allele</span>
    </annotation>
    <annotation annotator="" id="SO_2017_06_11_Instance_224647" type="identity">
      <class id="SO:0000359" label="floxed"/>
      <span end="27237" id="16628246-12714" start="27233">flox</span>
    </annotation>
    <annotation annotator="Mike Bada, University of Colorado School of Medicine" id="SO_2017_06_11_Instance_58709" type="identity">
      <class id="SO:0001023" label="allele"/>
      <span end="27244" id="16628246-12991" start="27238">allele</span>
    </annotation>
    <annotation annotator="Mike Bada, University of Colorado School of Medicine" id="SO_2017_06_11_Instance_58713" type="identity">
      <class id="SO:0001023" label="allele"/>
      <span end="29785" id="16628246-12993" start="29778">alleles</span>
    </annotation>
    <annotation annotator="Mike Bada, University of Colorado School of Medicine" id="SO_2017_06_11_Instance_58715" type="identity">
      <class id="SO:0001023" label="allele"/>
      <span end="30154" id="16628246-12995" start="30148">allele</span>
    </annotation>
    <annotation annotator="" id="SO_2017_06_11_Instance_224649" type="identity">
      <class id="SO:0000359" label="floxed"/>
      <span end="31043" id="16628246-12716" start="31039">flox</span>
    </annotation>
    <annotation annotator="Mike Bada, University of Colorado School of Medicine" id="SO_2017_06_11_Instance_58719" type="identity">
      <class id="SO:0001023" label="allele"/>
      <span end="31050" id="16628246-12997" start="31044">allele</span>
    </annotation>
    <annotation annotator="Mike Bada, University of Colorado School of Medicine" id="SO_2017_06_11_Instance_58721" type="identity">
      <class id="SO:0000902" label="transgene"/>
      <span end="31119" id="16628246-12999" start="31109">transgenes</span>
    </annotation>
    <annotation annotator="Mike Bada, University of Colorado School of Medicine" id="SO_2017_06_11_Instance_58723" type="identity">
      <class id="SO:0000704" label="gene"/>
      <span end="31655" id="16628246-13001" start="31650">genes</span>
    </annotation>
    <annotation annotator="Mike Bada, University of Colorado School of Medicine" id="SO_2017_06_11_Instance_58725" type="identity">
      <class id="SO:0001114" label="peptide_helix"/>
      <span end="32569" id="16628246-13003" start="32564">helix</span>
    </annotation>
    <annotation annotator="Mike Bada, University of Colorado School of Medicine" id="SO_2017_06_11_Instance_58727" type="identity">
      <class id="SO:0001114" label="peptide_helix"/>
      <span end="32580" id="16628246-13005" start="32575">helix</span>
    </annotation>
    <annotation annotator="Mike Bada, University of Colorado School of Medicine" id="SO_2017_06_11_Instance_58729" type="identity">
      <class id="SO:0000704" label="gene"/>
      <span end="34030" id="16628246-13007" start="34025">genes</span>
    </annotation>
    <annotation annotator="Mike Bada, University of Colorado School of Medicine" id="SO_2017_06_11_Instance_58731" type="identity">
      <class id="SO:0000704" label="gene"/>
      <span end="34108" id="16628246-13009" start="34103">genes</span>
    </annotation>
    <annotation annotator="Mike Bada, University of Colorado School of Medicine" id="SO_2017_06_11_Instance_58733" type="identity">
      <class id="SO:0001023" label="allele"/>
      <span end="34485" id="16628246-13011" start="34479">allele</span>
    </annotation>
    <annotation annotator="Mike Bada, University of Colorado School of Medicine" id="SO_2017_06_11_Instance_58737" type="identity">
      <class id="SO:0001023" label="allele"/>
      <span end="34684" id="16628246-13013" start="34678">allele</span>
    </annotation>
    <annotation annotator="Mike Bada, University of Colorado School of Medicine" id="SO_2017_06_11_Instance_58741" type="identity">
      <class id="SO:0001023" label="allele"/>
      <span end="34834" id="16628246-13015" start="34828">allele</span>
    </annotation>
    <annotation annotator="Mike Bada, University of Colorado School of Medicine" id="SO_2017_06_11_Instance_58743" type="identity">
      <class id="SO:0001023" label="allele"/>
      <span end="35017" id="16628246-13017" start="35011">allele</span>
    </annotation>
    <annotation annotator="Mike Bada, University of Colorado School of Medicine" id="SO_2017_06_11_Instance_58745" type="identity">
      <class id="SO:0000704" label="gene"/>
      <span end="35387" id="16628246-13019" start="35382">genes</span>
    </annotation>
    <annotation annotator="Mike Bada, University of Colorado School of Medicine" id="SO_2017_06_11_Instance_58747" type="identity">
      <class id="SO:0000704" label="gene"/>
      <span end="35573" id="16628246-13021" start="35568">genes</span>
    </annotation>
    <annotation annotator="Mike Bada, University of Colorado School of Medicine" id="SO_2017_06_11_Instance_58749" type="identity">
      <class id="SO:0000704" label="gene"/>
      <span end="35729" id="16628246-13023" start="35724">genes</span>
    </annotation>
    <annotation annotator="Mike Bada, University of Colorado School of Medicine" id="SO_2017_06_11_Instance_58755" type="identity">
      <class id="SO:0000704" label="gene"/>
      <span end="35892" id="16628246-13025" start="35887">genes</span>
    </annotation>
    <annotation annotator="Mike Bada, University of Colorado School of Medicine" id="SO_2017_06_11_Instance_58759" type="identity">
      <class id="SO:0001023" label="allele"/>
      <span end="36133" id="16628246-13027" start="36127">allele</span>
    </annotation>
    <annotation annotator="Mike Bada, University of Colorado School of Medicine" id="SO_2017_06_11_Instance_58761" type="identity">
      <class id="SO:0000704" label="gene"/>
      <span end="36263" id="16628246-13029" start="36258">genes</span>
    </annotation>
    <annotation annotator="Mike Bada, University of Colorado School of Medicine" id="SO_2017_06_11_Instance_58763" type="identity">
      <class id="SO:0000704" label="gene"/>
      <span end="36291" id="16628246-13031" start="36287">gene</span>
    </annotation>
    <annotation annotator="Mike Bada, University of Colorado School of Medicine" id="SO_2017_06_11_Instance_58767" type="identity">
      <class id="SO:0001023" label="allele"/>
      <span end="36522" id="16628246-13033" start="36516">allele</span>
    </annotation>
    <annotation annotator="Mike Bada, University of Colorado School of Medicine" id="SO_2017_06_11_Instance_58771" type="identity">
      <class id="SO:0001023" label="allele"/>
      <span end="36771" id="16628246-13035" start="36765">allele</span>
    </annotation>
    <annotation annotator="Mike Bada, University of Colorado School of Medicine" id="SO_2017_06_11_Instance_58773" type="identity">
      <class id="SO:0001023" label="allele"/>
      <span end="36840" id="16628246-13037" start="36834">allele</span>
    </annotation>
    <annotation annotator="Mike Bada, University of Colorado School of Medicine" id="SO_2017_06_11_Instance_58779" type="identity">
      <class id="SO:0000902" label="transgene"/>
      <span end="37435" id="16628246-13039" start="37425">transgenes</span>
    </annotation>
    <annotation annotator="Mike Bada, University of Colorado School of Medicine" id="SO_2017_06_11_Instance_37019" type="identity">
      <class id="SO:0000704" label="gene"/>
      <span end="38152" id="16628246-12788" start="38141">genetically</span>
    </annotation>
    <annotation annotator="Mike Bada, University of Colorado School of Medicine" id="SO_2017_06_11_Instance_58783" type="identity">
      <class id="SO:0001023" label="allele"/>
      <span end="38280" id="16628246-13041" start="38273">alleles</span>
    </annotation>
    <annotation annotator="Mike Bada, University of Colorado School of Medicine" id="SO_2017_06_11_Instance_58785" type="identity">
      <class id="SO:0000704" label="gene"/>
      <span end="38289" id="16628246-13043" start="38284">genes</span>
    </annotation>
    <annotation annotator="Mike Bada, University of Colorado School of Medicine" id="SO_2017_06_11_Instance_58787" type="identity">
      <class id="SO:0000704" label="gene"/>
      <span end="38813" id="16628246-13045" start="38809">gene</span>
    </annotation>
    <annotation annotator="Mike Bada, University of Colorado School of Medicine" id="SO_2017_06_11_Instance_58789" type="identity">
      <class id="SO:0001023" label="allele"/>
      <span end="38912" id="16628246-13047" start="38906">allele</span>
    </annotation>
    <annotation annotator="Mike Bada, University of Colorado School of Medicine" id="SO_2017_06_11_Instance_58791" type="identity">
      <class id="SO:0000704" label="gene"/>
      <span end="39002" id="16628246-13049" start="38997">genes</span>
    </annotation>
    <annotation annotator="" id="SO_2017_06_11_Instance_92559" type="identity">
      <class id="SO:0001023" label="allele"/>
      <span end="39166" id="16628246-13221" start="39159">allelic</span>
    </annotation>
    <annotation annotator="Mike Bada, University of Colorado School of Medicine" id="SO_2017_06_11_Instance_58797" type="identity">
      <class id="SO:0000704" label="gene"/>
      <span end="39195" id="16628246-13051" start="39190">genes</span>
    </annotation>
    <annotation annotator="Mike Bada, University of Colorado School of Medicine" id="SO_2017_06_11_Instance_30037" type="identity">
      <class id="SO:0000704" label="gene"/>
      <span end="39272" id="16628246-12759" start="39265">genetic</span>
    </annotation>
    <annotation annotator="Mike Bada, University of Colorado School of Medicine" id="SO_2017_06_11_Instance_58799" type="identity">
      <class id="SO:0000704" label="gene"/>
      <span end="39398" id="16628246-13053" start="39394">gene</span>
    </annotation>
    <annotation annotator="" id="SO_2017_06_11_Instance_224651" type="identity">
      <class id="SO:0000359" label="floxed"/>
      <span end="39727" id="16628246-12718" start="39723">flox</span>
    </annotation>
    <annotation annotator="Mike Bada, University of Colorado School of Medicine" id="SO_2017_06_11_Instance_58803" type="identity">
      <class id="SO:0001023" label="allele"/>
      <span end="39734" id="16628246-13055" start="39728">allele</span>
    </annotation>
    <annotation annotator="Mike Bada, University of Colorado School of Medicine" id="SO_2017_06_11_Instance_58805" type="identity">
      <class id="SO:0000704" label="gene"/>
      <span end="39954" id="16628246-13057" start="39950">gene</span>
    </annotation>
    <annotation annotator="" id="SO_2017_06_11_Instance_224653" type="identity">
      <class id="SO:0000359" label="floxed"/>
      <span end="40278" id="16628246-12720" start="40274">flox</span>
    </annotation>
    <annotation annotator="Mike Bada, University of Colorado School of Medicine" id="SO_2017_06_11_Instance_58809" type="identity">
      <class id="SO:0001023" label="allele"/>
      <span end="40285" id="16628246-13059" start="40279">allele</span>
    </annotation>
    <annotation annotator="" id="SO_2017_06_11_Instance_171596" type="identity">
      <class id="SO:0001644" label="targeting_vector"/>
      <span end="40317" id="16628246-12656" start="40301">targeting vector</span>
    </annotation>
    <annotation annotator="Mike Bada, University of Colorado School of Medicine" id="SO_2017_06_11_Instance_58813" type="identity">
      <class id="SO:0000346" label="loxP_site"/>
      <span end="40357" id="16628246-13061" start="40348">loxP site</span>
    </annotation>
    <annotation annotator="Mike Bada, University of Colorado School of Medicine" id="SO_2017_06_11_Instance_58815" type="identity">
      <class id="SO:0000188" label="intron"/>
      <span end="40371" id="16628246-13063" start="40365">intron</span>
    </annotation>
    <annotation annotator="Mike Bada, University of Colorado School of Medicine" id="SO_2017_06_11_Instance_39741" type="identity">
      <class id="SO:0000359" label="floxed"/>
      <span end="40393" id="16628246-12823" start="40381">loxP-flanked</span>
    </annotation>
    <annotation annotator="Mike Bada, University of Colorado School of Medicine" id="SO_2017_06_11_Instance_38239" type="identity">
      <class id="SO:0005853" label="gene_cassette"/>
      <span end="40421" id="16628246-12794" start="40413">cassette</span>
    </annotation>
    <annotation annotator="Mike Bada, University of Colorado School of Medicine" id="SO_2017_06_11_Instance_58817" type="identity">
      <class id="SO:0000188" label="intron"/>
      <span end="40431" id="16628246-13065" start="40425">intron</span>
    </annotation>
    <annotation annotator="Mike Bada, University of Colorado School of Medicine" id="SO_2017_06_11_Instance_58819" type="identity">
      <class id="SO:0000704" label="gene"/>
      <span end="40451" id="16628246-13067" start="40447">gene</span>
    </annotation>
    <annotation annotator="Mike Bada, University of Colorado School of Medicine" id="SO_2017_06_11_Instance_58821" type="identity">
      <class id="SO:0000155" label="plasmid"/>
      <span end="40542" id="16628246-13069" start="40535">plasmid</span>
    </annotation>
    <annotation annotator="Mike Bada, University of Colorado School of Medicine" id="SO_2017_06_11_Instance_58825" type="identity">
      <class id="SO:0000112" label="primer"/>
      <span end="40804" id="16628246-13071" start="40797">primers</span>
    </annotation>
    <annotation annotator="Mike Bada, University of Colorado School of Medicine" id="SO_2017_06_11_Instance_58831" type="identity">
      <class id="SO:0000188" label="intron"/>
      <span end="41040" id="16628246-13073" start="41034">intron</span>
    </annotation>
    <annotation annotator="Mike Bada, University of Colorado School of Medicine" id="SO_2017_06_11_Instance_58833" type="identity">
      <class id="SO:0000006" label="PCR_product"/>
      <span end="41058" id="16628246-13075" start="41047">PCR product</span>
    </annotation>
    <annotation annotator="Mike Bada, University of Colorado School of Medicine" id="SO_2017_06_11_Instance_58835" type="identity">
      <class id="SO:0000112" label="primer"/>
      <span end="41081" id="16628246-13077" start="41074">primers</span>
    </annotation>
    <annotation annotator="Mike Bada, University of Colorado School of Medicine" id="SO_2017_06_11_Instance_58837" type="identity">
      <class id="SO:0000346" label="loxP_site"/>
      <span end="41130" id="16628246-13079" start="41121">loxP site</span>
    </annotation>
    <annotation annotator="Mike Bada, University of Colorado School of Medicine" id="SO_2017_06_11_Instance_58839" type="identity">
      <class id="SO:0000188" label="intron"/>
      <span end="41144" id="16628246-13081" start="41138">intron</span>
    </annotation>
    <annotation annotator="Mike Bada, University of Colorado School of Medicine" id="SO_2017_06_11_Instance_58843" type="identity">
      <class id="SO:0000112" label="primer"/>
      <span end="41237" id="16628246-13083" start="41230">primers</span>
    </annotation>
    <annotation annotator="" id="SO_2017_06_11_Instance_224655" type="identity">
      <class id="SO:0000359" label="floxed"/>
      <span end="41379" id="16628246-12722" start="41375">flox</span>
    </annotation>
    <annotation annotator="Mike Bada, University of Colorado School of Medicine" id="SO_2017_06_11_Instance_58845" type="identity">
      <class id="SO:0001023" label="allele"/>
      <span end="41386" id="16628246-13085" start="41380">allele</span>
    </annotation>
    <annotation annotator="Mike Bada, University of Colorado School of Medicine" id="SO_2017_06_11_Instance_58847" type="identity">
      <class id="SO:0000155" label="plasmid"/>
      <span end="41474" id="16628246-13087" start="41467">plasmid</span>
    </annotation>
    <annotation annotator="" id="SO_2017_06_11_Instance_92557" type="identity">
      <class id="SO:0000243" label="internal_ribosome_entry_site"/>
      <span end="41491" id="16628246-13219" start="41487">IRES</span>
    </annotation>
    <annotation annotator="Mike Bada, University of Colorado School of Medicine" id="SO_2017_06_11_Instance_38455" type="identity">
      <class id="SO:0005853" label="gene_cassette"/>
      <span end="41793" id="16628246-12800" start="41785">cassette</span>
    </annotation>
    <annotation annotator="Mike Bada, University of Colorado School of Medicine" id="SO_2017_06_11_Instance_58849" type="identity">
      <class id="SO:0000188" label="intron"/>
      <span end="41854" id="16628246-13089" start="41848">intron</span>
    </annotation>
    <annotation annotator="Mike Bada, University of Colorado School of Medicine" id="SO_2017_06_11_Instance_58855" type="identity">
      <class id="SO:0000147" label="exon"/>
      <span end="42123" id="16628246-13091" start="42119">exon</span>
    </annotation>
    <annotation annotator="Mike Bada, University of Colorado School of Medicine" id="SO_2017_06_11_Instance_58857" type="identity">
      <class id="SO:0000704" label="gene"/>
      <span end="42143" id="16628246-13093" start="42139">gene</span>
    </annotation>
    <annotation annotator="Mike Bada, University of Colorado School of Medicine" id="SO_2017_06_11_Instance_58859" type="identity">
      <class id="SO:0000112" label="primer"/>
      <span end="42167" id="16628246-13095" start="42160">primers</span>
    </annotation>
    <annotation annotator="Mike Bada, University of Colorado School of Medicine" id="SO_2017_06_11_Instance_38457" type="identity">
      <class id="SO:0001026" label="genome"/>
      <span end="42721" id="16628246-12802" start="42714">Genomic</span>
    </annotation>
    <annotation annotator="Mike Bada, University of Colorado School of Medicine" id="SO_2017_06_11_Instance_38459" type="identity">
      <class id="SO:0000028" label="base_pair"/>
      <span end="43231" id="16628246-12804" start="43229">bp</span>
    </annotation>
    <annotation annotator="Mike Bada, University of Colorado School of Medicine" id="SO_2017_06_11_Instance_58879" type="identity">
      <class id="SO:0000006" label="PCR_product"/>
      <span end="43243" id="16628246-13097" start="43232">PCR product</span>
    </annotation>
    <annotation annotator="Mike Bada, University of Colorado School of Medicine" id="SO_2017_06_11_Instance_58881" type="identity">
      <class id="SO:0000112" label="primer"/>
      <span end="43252" id="16628246-13099" start="43245">primers</span>
    </annotation>
    <annotation annotator="Mike Bada, University of Colorado School of Medicine" id="SO_2017_06_11_Instance_58883" type="identity">
      <class id="SO:0000704" label="gene"/>
      <span end="43323" id="16628246-13101" start="43319">gene</span>
    </annotation>
    <annotation annotator="Mike Bada, University of Colorado School of Medicine" id="SO_2017_06_11_Instance_58885" type="identity">
      <class id="SO:0000006" label="PCR_product"/>
      <span end="43395" id="16628246-13103" start="43384">PCR product</span>
    </annotation>
    <annotation annotator="Mike Bada, University of Colorado School of Medicine" id="SO_2017_06_11_Instance_58889" type="identity">
      <class id="SO:0000359" label="floxed"/>
      <span end="43519" id="16628246-13105" start="43513">floxed</span>
    </annotation>
    <annotation annotator="" id="SO_2017_06_11_Instance_224657" type="identity">
      <class id="SO:0000359" label="floxed"/>
      <span end="43561" id="16628246-12724" start="43557">flox</span>
    </annotation>
    <annotation annotator="" id="SO_2017_06_11_Instance_224659" type="identity">
      <class id="SO:0000359" label="floxed"/>
      <span end="43801" id="16628246-12726" start="43797">flox</span>
    </annotation>
    <annotation annotator="Mike Bada, University of Colorado School of Medicine" id="SO_2017_06_11_Instance_58891" type="identity">
      <class id="SO:0001023" label="allele"/>
      <span end="43808" id="16628246-13107" start="43802">allele</span>
    </annotation>
    <annotation annotator="Mike Bada, University of Colorado School of Medicine" id="SO_2017_06_11_Instance_58893" type="identity">
      <class id="SO:0000188" label="intron"/>
      <span end="43888" id="16628246-13109" start="43882">intron</span>
    </annotation>
    <annotation annotator="" id="SO_2017_06_11_Instance_224661" type="identity">
      <class id="SO:0000359" label="floxed"/>
      <span end="43959" id="16628246-12728" start="43955">flox</span>
    </annotation>
    <annotation annotator="Mike Bada, University of Colorado School of Medicine" id="SO_2017_06_11_Instance_58897" type="identity">
      <class id="SO:0001023" label="allele"/>
      <span end="44054" id="16628246-13111" start="44047">alleles</span>
    </annotation>
    <annotation annotator="Mike Bada, University of Colorado School of Medicine" id="SO_2017_06_11_Instance_58899" type="identity">
      <class id="SO:0000440" label="vector_replicon"/>
      <span end="45283" id="16628246-13113" start="45277">Vector</span>
    </annotation>
    <annotation annotator="Mike Bada, University of Colorado School of Medicine" id="SO_2017_06_11_Instance_18909" type="identity">
      <class id="SO:0000359" label="floxed"/>
      <span end="45795" id="16628246-12664" start="45791">flox</span>
    </annotation>
    <annotation annotator="" id="SO_2017_06_11_Instance_224663" type="identity">
      <class id="SO:0000359" label="floxed"/>
      <span end="46467" id="16628246-12730" start="46463">flox</span>
    </annotation>
    <annotation annotator="Mike Bada, University of Colorado School of Medicine" id="SO_2017_06_11_Instance_58903" type="identity">
      <class id="SO:0001023" label="allele"/>
      <span end="46503" id="16628246-13115" start="46496">alleles</span>
    </annotation>
    <annotation annotator="" id="SO_2017_06_11_Instance_224665" type="identity">
      <class id="SO:0000359" label="floxed"/>
      <span end="46972" id="16628246-12732" start="46968">flox</span>
    </annotation>
    <annotation annotator="Mike Bada, University of Colorado School of Medicine" id="SO_2017_06_11_Instance_58905" type="identity">
      <class id="SO:0001023" label="allele"/>
      <span end="47008" id="16628246-13117" start="47001">alleles</span>
    </annotation>
    <annotation annotator="Mike Bada, University of Colorado School of Medicine" id="SO_2017_06_11_Instance_58907" type="identity">
      <class id="SO:0001023" label="allele"/>
      <span end="47499" id="16628246-13119" start="47492">alleles</span>
    </annotation>
    <annotation annotator="" id="SO_2017_06_11_Instance_224667" type="identity">
      <class id="SO:0000359" label="floxed"/>
      <span end="47981" id="16628246-12734" start="47977">flox</span>
    </annotation>
    <annotation annotator="Mike Bada, University of Colorado School of Medicine" id="SO_2017_06_11_Instance_58911" type="identity">
      <class id="SO:0001023" label="allele"/>
      <span end="47988" id="16628246-13121" start="47982">allele</span>
    </annotation>
    <annotation annotator="Mike Bada, University of Colorado School of Medicine" id="SO_2017_06_11_Instance_58913" type="identity">
      <class id="SO:0001023" label="allele"/>
      <span end="48033" id="16628246-13123" start="48027">allele</span>
    </annotation>
    <annotation annotator="Mike Bada, University of Colorado School of Medicine" id="SO_2017_06_11_Instance_58919" type="identity">
      <class id="SO:0001023" label="allele"/>
      <span end="49154" id="16628246-13125" start="49148">allele</span>
    </annotation>
    <annotation annotator="Mike Bada, University of Colorado School of Medicine" id="SO_2017_06_11_Instance_58923" type="identity">
      <class id="SO:0001023" label="allele"/>
      <span end="49198" id="16628246-13127" start="49192">allele</span>
    </annotation>
    <annotation annotator="Mike Bada, University of Colorado School of Medicine" id="SO_2017_06_11_Instance_58929" type="identity">
      <class id="SO:0001023" label="allele"/>
      <span end="50028" id="16628246-13129" start="50022">allele</span>
    </annotation>
    <annotation annotator="Mike Bada, University of Colorado School of Medicine" id="SO_2017_06_11_Instance_58931" type="identity">
      <class id="SO:0000112" label="primer"/>
      <span end="50227" id="16628246-13131" start="50220">Primers</span>
    </annotation>
    <annotation annotator="Mike Bada, University of Colorado School of Medicine" id="SO_2017_06_11_Instance_58941" type="identity">
      <class id="SO:0000155" label="plasmid"/>
      <span end="51071" id="16628246-13133" start="51064">plasmid</span>
    </annotation>
    <annotation annotator="Mike Bada, University of Colorado School of Medicine" id="SO_2017_06_11_Instance_25699" type="identity">
      <class id="SO:0001060" label="sequence_variant"/>
      <span end="51587" id="16628246-12751" start="51579">Isoforms</span>
    </annotation>
    <annotation annotator="Mike Bada, University of Colorado School of Medicine" id="SO_2017_06_11_Instance_58943" type="identity">
      <class id="SO:0000147" label="exon"/>
      <span end="51662" id="16628246-13135" start="51657">exons</span>
    </annotation>
    <annotation annotator="Mike Bada, University of Colorado School of Medicine" id="SO_2017_06_11_Instance_58945" type="identity">
      <class id="SO:0000188" label="intron"/>
      <span end="51675" id="16628246-13137" start="51668">introns</span>
    </annotation>
    <annotation annotator="Mike Bada, University of Colorado School of Medicine" id="SO_2017_06_11_Instance_58947" type="identity">
      <class id="SO:0000147" label="exon"/>
      <span end="51727" id="16628246-13139" start="51722">exons</span>
    </annotation>
    <annotation annotator="Mike Bada, University of Colorado School of Medicine" id="SO_2017_06_11_Instance_28807" type="identity">
      <class id="SO:0001060" label="sequence_variant"/>
      <span end="51800" id="16628246-12753" start="51792">isoforms</span>
    </annotation>
    <annotation annotator="Mike Bada, University of Colorado School of Medicine" id="SO_2017_06_11_Instance_58949" type="identity">
      <class id="SO:0000236" label="ORF"/>
      <span end="51874" id="16628246-13141" start="51856">open reading frame</span>
    </annotation>
    <annotation annotator="Mike Bada, University of Colorado School of Medicine" id="SO_2017_06_11_Instance_29983" type="identity">
      <class id="SO:0000417" label="polypeptide_domain"/>
      <span end="51936" id="16628246-12757" start="51930">domain</span>
    </annotation>
    <annotation annotator="Mike Bada, University of Colorado School of Medicine" id="SO_2017_06_11_Instance_20267" type="identity">
      <class id="SO:0001060" label="sequence_variant"/>
      <span end="52046" id="16628246-12674" start="52039">isoform</span>
    </annotation>
    <annotation annotator="Mike Bada, University of Colorado School of Medicine" id="SO_2017_06_11_Instance_58951" type="identity">
      <class id="SO:0000188" label="intron"/>
      <span end="52135" id="16628246-13143" start="52129">intron</span>
    </annotation>
    <annotation annotator="Mike Bada, University of Colorado School of Medicine" id="SO_2017_06_11_Instance_31647" type="identity">
      <class id="SO:0000188" label="intron"/>
      <span end="52165" id="16628246-12761" start="52157">intronic</span>
    </annotation>
    <annotation annotator="Mike Bada, University of Colorado School of Medicine" id="SO_2017_06_11_Instance_58953" type="identity">
      <class id="SO:0000551" label="polyA_signal_sequence"/>
      <span end="52180" id="16628246-13145" start="52166">poly(A) signal</span>
    </annotation>
    <annotation annotator="Mike Bada, University of Colorado School of Medicine" id="SO_2017_06_11_Instance_58955" type="identity">
      <class id="SO:0000188" label="intron"/>
      <span end="52192" id="16628246-13147" start="52186">intron</span>
    </annotation>
    <annotation annotator="Mike Bada, University of Colorado School of Medicine" id="SO_2017_06_11_Instance_58961" type="identity">
      <class id="SO:0000147" label="exon"/>
      <span end="52506" id="16628246-13149" start="52502">exon</span>
    </annotation>
    <annotation annotator="Mike Bada, University of Colorado School of Medicine" id="SO_2017_06_11_Instance_58963" type="identity">
      <class id="SO:0000704" label="gene"/>
      <span end="52526" id="16628246-13151" start="52522">gene</span>
    </annotation>
    <annotation annotator="Mike Bada, University of Colorado School of Medicine" id="SO_2017_06_11_Instance_58967" type="identity">
      <class id="SO:0001023" label="allele"/>
      <span end="52567" id="16628246-13153" start="52561">allele</span>
    </annotation>
    <annotation annotator="Mike Bada, University of Colorado School of Medicine" id="SO_2017_06_11_Instance_58971" type="identity">
      <class id="SO:0000147" label="exon"/>
      <span end="52607" id="16628246-13155" start="52603">exon</span>
    </annotation>
    <annotation annotator="" id="SO_2017_06_11_Instance_171598" type="identity">
      <class id="SO:0001644" label="targeting_vector"/>
      <span end="52647" id="16628246-12658" start="52631">targeting vector</span>
    </annotation>
    <annotation annotator="Mike Bada, University of Colorado School of Medicine" id="SO_2017_06_11_Instance_58975" type="identity">
      <class id="SO:0001023" label="allele"/>
      <span end="52671" id="16628246-13157" start="52665">allele</span>
    </annotation>
    <annotation annotator="" id="SO_2017_06_11_Instance_224669" type="identity">
      <class id="SO:0000359" label="floxed"/>
      <span end="52681" id="16628246-12736" start="52677">flox</span>
    </annotation>
    <annotation annotator="Mike Bada, University of Colorado School of Medicine" id="SO_2017_06_11_Instance_32427" type="identity">
      <class id="SO:0000346" label="loxP_site"/>
      <span end="52745" id="16628246-12769" start="52728">loxP target sites</span>
    </annotation>
    <annotation annotator="" id="SO_2017_06_11_Instance_224671" type="identity">
      <class id="SO:0000359" label="floxed"/>
      <span end="52938" id="16628246-12738" start="52934">flox</span>
    </annotation>
    <annotation annotator="Mike Bada, University of Colorado School of Medicine" id="SO_2017_06_11_Instance_58977" type="identity">
      <class id="SO:0001023" label="allele"/>
      <span end="52945" id="16628246-13159" start="52939">allele</span>
    </annotation>
    <annotation annotator="Mike Bada, University of Colorado School of Medicine" id="SO_2017_06_11_Instance_58979" type="identity">
      <class id="SO:0001023" label="allele"/>
      <span end="52992" id="16628246-13161" start="52986">allele</span>
    </annotation>
    <annotation annotator="Mike Bada, University of Colorado School of Medicine" id="SO_2017_06_11_Instance_58981" type="identity">
      <class id="SO:0000147" label="exon"/>
      <span end="53064" id="16628246-13163" start="53060">exon</span>
    </annotation>
    <annotation annotator="Mike Bada, University of Colorado School of Medicine" id="SO_2017_06_11_Instance_32533" type="identity">
      <class id="SO:0005853" label="gene_cassette"/>
      <span end="53103" id="16628246-12771" start="53095">cassette</span>
    </annotation>
    <annotation annotator="" id="SO_2017_06_11_Instance_224673" type="identity">
      <class id="SO:0000359" label="floxed"/>
      <span end="53439" id="16628246-12740" start="53435">flox</span>
    </annotation>
    <annotation annotator="Mike Bada, University of Colorado School of Medicine" id="SO_2017_06_11_Instance_58989" type="identity">
      <class id="SO:0001023" label="allele"/>
      <span end="53446" id="16628246-13165" start="53440">allele</span>
    </annotation>
    <annotation annotator="Mike Bada, University of Colorado School of Medicine" id="SO_2017_06_11_Instance_58993" type="identity">
      <class id="SO:0001023" label="allele"/>
      <span end="53580" id="16628246-13167" start="53574">allele</span>
    </annotation>
    <annotation annotator="" id="SO_2017_06_11_Instance_224675" type="identity">
      <class id="SO:0000359" label="floxed"/>
      <span end="53820" id="16628246-12742" start="53816">flox</span>
    </annotation>
    <annotation annotator="Mike Bada, University of Colorado School of Medicine" id="SO_2017_06_11_Instance_59001" type="identity">
      <class id="SO:0001023" label="allele"/>
      <span end="53827" id="16628246-13169" start="53821">allele</span>
    </annotation>
    <annotation annotator="Mike Bada, University of Colorado School of Medicine" id="SO_2017_06_11_Instance_59005" type="identity">
      <class id="SO:0000188" label="intron"/>
      <span end="53960" id="16628246-13171" start="53954">intron</span>
    </annotation>
    <annotation annotator="" id="SO_2017_06_11_Instance_224677" type="identity">
      <class id="SO:0000359" label="floxed"/>
      <span end="54037" id="16628246-12744" start="54033">flox</span>
    </annotation>
    <annotation annotator="Mike Bada, University of Colorado School of Medicine" id="SO_2017_06_11_Instance_59011" type="identity">
      <class id="SO:0000147" label="exon"/>
      <span end="54197" id="16628246-13173" start="54193">exon</span>
    </annotation>
    <annotation annotator="Mike Bada, University of Colorado School of Medicine" id="SO_2017_06_11_Instance_59013" type="identity">
      <class id="SO:0000704" label="gene"/>
      <span end="54217" id="16628246-13175" start="54213">gene</span>
    </annotation>
    <annotation annotator="Mike Bada, University of Colorado School of Medicine" id="SO_2017_06_11_Instance_59019" type="identity">
      <class id="SO:0000673" label="transcript"/>
      <span end="54319" id="16628246-13177" start="54308">transcripts</span>
    </annotation>
    <annotation annotator="Mike Bada, University of Colorado School of Medicine" id="SO_2017_06_11_Instance_20269" type="identity">
      <class id="SO:0001060" label="sequence_variant"/>
      <span end="54394" id="16628246-12676" start="54386">isoforms</span>
    </annotation>
    <annotation annotator="Mike Bada, University of Colorado School of Medicine" id="SO_2017_06_11_Instance_20271" type="identity">
      <class id="SO:0001060" label="sequence_variant"/>
      <span end="54657" id="16628246-12678" start="54649">isoforms</span>
    </annotation>
    <annotation annotator="Mike Bada, University of Colorado School of Medicine" id="SO_2017_06_11_Instance_59023" type="identity">
      <class id="SO:0001023" label="allele"/>
      <span end="54832" id="16628246-13179" start="54825">alleles</span>
    </annotation>
    <annotation annotator="Mike Bada, University of Colorado School of Medicine" id="SO_2017_06_11_Instance_59025" type="identity">
      <class id="SO:0001023" label="allele"/>
      <span end="55007" id="16628246-13181" start="55000">alleles</span>
    </annotation>
    <annotation annotator="Mike Bada, University of Colorado School of Medicine" id="SO_2017_06_11_Instance_59029" type="identity">
      <class id="SO:0001023" label="allele"/>
      <span end="55153" id="16628246-13183" start="55146">alleles</span>
    </annotation>
    <annotation annotator="Mike Bada, University of Colorado School of Medicine" id="SO_2017_06_11_Instance_59031" type="identity">
      <class id="SO:0000704" label="gene"/>
      <span end="55277" id="16628246-13185" start="55272">genes</span>
    </annotation>
    <annotation annotator="" id="SO_2017_06_11_Instance_224679" type="identity">
      <class id="SO:0000359" label="floxed"/>
      <span end="55702" id="16628246-12746" start="55698">flox</span>
    </annotation>
    <annotation annotator="Mike Bada, University of Colorado School of Medicine" id="SO_2017_06_11_Instance_59035" type="identity">
      <class id="SO:0001023" label="allele"/>
      <span end="55709" id="16628246-13187" start="55703">allele</span>
    </annotation>
    <annotation annotator="Mike Bada, University of Colorado School of Medicine" id="SO_2017_06_11_Instance_59037" type="identity">
      <class id="SO:0001023" label="allele"/>
      <span end="55754" id="16628246-13189" start="55748">allele</span>
    </annotation>
    <annotation annotator="Mike Bada, University of Colorado School of Medicine" id="SO_2017_06_11_Instance_59041" type="identity">
      <class id="SO:0001023" label="allele"/>
      <span end="56441" id="16628246-13191" start="56434">Alleles</span>
    </annotation>
    <annotation annotator="Mike Bada, University of Colorado School of Medicine" id="SO_2017_06_11_Instance_59043" type="identity">
      <class id="SO:0001023" label="allele"/>
      <span end="56699" id="16628246-13193" start="56693">allele</span>
    </annotation>
    <annotation annotator="Mike Bada, University of Colorado School of Medicine" id="SO_2017_06_11_Instance_59045" type="identity">
      <class id="SO:0001023" label="allele"/>
      <span end="56758" id="16628246-13195" start="56751">alleles</span>
    </annotation>
    <annotation annotator="Mike Bada, University of Colorado School of Medicine" id="SO_2017_06_11_Instance_59047" type="identity">
      <class id="SO:0001023" label="allele"/>
      <span end="56820" id="16628246-13197" start="56813">alleles</span>
    </annotation>
    <annotation annotator="Mike Bada, University of Colorado School of Medicine" id="SO_2017_06_11_Instance_59049" type="identity">
      <class id="SO:0000112" label="primer"/>
      <span end="56845" id="16628246-13199" start="56838">primers</span>
    </annotation>
    <annotation annotator="Mike Bada, University of Colorado School of Medicine" id="SO_2017_06_11_Instance_59051" type="identity">
      <class id="SO:0000147" label="exon"/>
      <span end="56859" id="16628246-13201" start="56855">exon</span>
    </annotation>
    <annotation annotator="Mike Bada, University of Colorado School of Medicine" id="SO_2017_06_11_Instance_59053" type="identity">
      <class id="SO:0000147" label="exon"/>
      <span end="56880" id="16628246-13203" start="56876">exon</span>
    </annotation>
    <annotation annotator="Mike Bada, University of Colorado School of Medicine" id="SO_2017_06_11_Instance_59055" type="identity">
      <class id="SO:0000006" label="PCR_product"/>
      <span end="56939" id="16628246-13205" start="56927">PCR products</span>
    </annotation>
    <annotation annotator="Mike Bada, University of Colorado School of Medicine" id="SO_2017_06_11_Instance_59057" type="identity">
      <class id="SO:0001023" label="allele"/>
      <span end="56966" id="16628246-13207" start="56959">alleles</span>
    </annotation>
    <annotation annotator="Mike Bada, University of Colorado School of Medicine" id="SO_2017_06_11_Instance_59059" type="identity">
      <class id="SO:0001023" label="allele"/>
      <span end="57077" id="16628246-13209" start="57071">allele</span>
    </annotation>
    <annotation annotator="Mike Bada, University of Colorado School of Medicine" id="SO_2017_06_11_Instance_36463" type="identity">
      <class id="SO:0000006" label="PCR_product"/>
      <span end="57203" id="16628246-12781" start="57190">products from</span>
      <span end="57218" id="16628246-12782" start="57206">PCR reaction</span>
    </annotation>
    <annotation annotator="Mike Bada, University of Colorado School of Medicine" id="SO_2017_06_11_Instance_59061" type="identity">
      <class id="SO:0000112" label="primer"/>
      <span end="57227" id="16628246-13211" start="57220">primers</span>
    </annotation>
    <annotation annotator="Mike Bada, University of Colorado School of Medicine" id="SO_2017_06_11_Instance_37011" type="identity">
      <class id="SO:0000028" label="base_pair"/>
      <span end="57296" id="16628246-12786" start="57294">bp</span>
    </annotation>
    <annotation annotator="Mike Bada, University of Colorado School of Medicine" id="SO_2017_06_11_Instance_59063" type="identity">
      <class id="SO:0000006" label="PCR_product"/>
      <span end="57308" id="16628246-13213" start="57297">PCR product</span>
    </annotation>
    <annotation annotator="Mike Bada, University of Colorado School of Medicine" id="SO_2017_06_11_Instance_59091" type="identity">
      <class id="SO:0001023" label="allele"/>
      <span end="60571" id="16628246-13215" start="60565">Allele</span>
    </annotation>
    <graph-space id="Old Knowtator Relations"/>
  </document>
</knowtator-project>
