<?xml version="1.0" encoding="UTF-8" standalone="no"?>
<knowtator-project>
  <document id="16670015" text-file="16670015.txt">
    <annotation annotator="Mike Bada, University of Colorado School of Medicine" id="SO_2017_06_11_Instance_59097" type="identity">
      <class id="SO:0001026" label="genome"/>
      <span end="6" id="16670015-13349" start="0">Genome</span>
    </annotation>
    <annotation annotator="Mike Bada, University of Colorado School of Medicine" id="SO_2017_06_11_Instance_59099" type="identity">
      <class id="SO:0000771" label="QTL"/>
      <span end="47" id="16670015-13351" start="44">QTL</span>
    </annotation>
    <annotation annotator="Mike Bada, University of Colorado School of Medicine" id="SO_2017_06_11_Instance_25545" type="identity">
      <class id="SO:0000771" label="QTL"/>
      <span end="182" id="16670015-13262" start="159">quantitative trait loci</span>
    </annotation>
    <annotation annotator="Mike Bada, University of Colorado School of Medicine" id="SO_2017_06_11_Instance_59101" type="identity">
      <class id="SO:0000771" label="QTL"/>
      <span end="187" id="16670015-13353" start="184">QTL</span>
    </annotation>
    <annotation annotator="Mike Bada, University of Colorado School of Medicine" id="SO_2017_06_11_Instance_59105" type="identity">
      <class id="SO:0000771" label="QTL"/>
      <span end="365" id="16670015-13355" start="362">QTL</span>
    </annotation>
    <annotation annotator="Mike Bada, University of Colorado School of Medicine" id="SO_2017_06_11_Instance_59107" type="identity">
      <class id="SO:0000771" label="QTL"/>
      <span end="455" id="16670015-13357" start="452">QTL</span>
    </annotation>
    <annotation annotator="Mike Bada, University of Colorado School of Medicine" id="SO_2017_06_11_Instance_59109" type="identity">
      <class id="SO:0001023" label="allele"/>
      <span end="463" id="16670015-13359" start="456">alleles</span>
    </annotation>
    <annotation annotator="Mike Bada, University of Colorado School of Medicine" id="SO_2017_06_11_Instance_35733" type="identity">
      <class id="SO:0000704" label="gene"/>
      <span end="537" id="16670015-13292" start="530">genetic</span>
    </annotation>
    <annotation annotator="Mike Bada, University of Colorado School of Medicine" id="SO_2017_06_11_Instance_59117" type="identity">
      <class id="SO:0000771" label="QTL"/>
      <span end="853" id="16670015-13361" start="850">QTL</span>
    </annotation>
    <annotation annotator="Mike Bada, University of Colorado School of Medicine" id="SO_2017_06_11_Instance_59123" type="identity">
      <class id="SO:0000771" label="QTL"/>
      <span end="1031" id="16670015-13363" start="1028">QTL</span>
    </annotation>
    <annotation annotator="Mike Bada, University of Colorado School of Medicine" id="SO_2017_06_11_Instance_59125" type="identity">
      <class id="SO:0000771" label="QTL"/>
      <span end="1296" id="16670015-13365" start="1293">QTL</span>
    </annotation>
    <annotation annotator="Mike Bada, University of Colorado School of Medicine" id="SO_2017_06_11_Instance_37013" type="identity">
      <class id="SO:0001026" label="genome"/>
      <span end="1485" id="16670015-13297" start="1478">genomic</span>
    </annotation>
    <annotation annotator="Mike Bada, University of Colorado School of Medicine" id="SO_2017_06_11_Instance_31345" type="identity">
      <class id="SO:0000704" label="gene"/>
      <span end="1564" id="16670015-13264" start="1557">genetic</span>
    </annotation>
    <annotation annotator="" id="SO_2017_06_11_Instance_92643" type="identity">
      <class id="SO:0000704" label="gene"/>
      <span end="1704" id="16670015-13785" start="1699">genic</span>
    </annotation>
    <annotation annotator="Mike Bada, University of Colorado School of Medicine" id="SO_2017_06_11_Instance_59127" type="identity">
      <class id="SO:0000704" label="gene"/>
      <span end="1736" id="16670015-13367" start="1732">gene</span>
    </annotation>
    <annotation annotator="Mike Bada, University of Colorado School of Medicine" id="SO_2017_06_11_Instance_31485" type="identity">
      <class id="SO:0000704" label="gene"/>
      <span end="1793" id="16670015-13266" start="1786">genetic</span>
    </annotation>
    <annotation annotator="" id="SO_2017_06_11_Instance_225975" type="identity">
      <class id="SO:0000704" label="gene"/>
      <span end="1895" id="16670015-13258" start="1890">genic</span>
    </annotation>
    <annotation annotator="Mike Bada, University of Colorado School of Medicine" id="SO_2017_06_11_Instance_38535" type="identity">
      <class id="SO:0000771" label="QTL"/>
      <span end="1996" id="16670015-13302" start="1973">quantitative trait loci</span>
    </annotation>
    <annotation annotator="Mike Bada, University of Colorado School of Medicine" id="SO_2017_06_11_Instance_59129" type="identity">
      <class id="SO:0000771" label="QTL"/>
      <span end="2001" id="16670015-13369" start="1998">QTL</span>
    </annotation>
    <annotation annotator="Mike Bada, University of Colorado School of Medicine" id="SO_2017_06_11_Instance_59131" type="identity">
      <class id="SO:0000771" label="QTL"/>
      <span end="2025" id="16670015-13371" start="2022">QTL</span>
    </annotation>
    <annotation annotator="Mike Bada, University of Colorado School of Medicine" id="SO_2017_06_11_Instance_59133" type="identity">
      <class id="SO:0001023" label="allele"/>
      <span end="2033" id="16670015-13373" start="2026">alleles</span>
    </annotation>
    <annotation annotator="Mike Bada, University of Colorado School of Medicine" id="SO_2017_06_11_Instance_59135" type="identity">
      <class id="SO:0000771" label="QTL"/>
      <span end="2070" id="16670015-13375" start="2067">QTL</span>
    </annotation>
    <annotation annotator="Mike Bada, University of Colorado School of Medicine" id="SO_2017_06_11_Instance_59137" type="identity">
      <class id="SO:0000771" label="QTL"/>
      <span end="2143" id="16670015-13377" start="2140">QTL</span>
    </annotation>
    <annotation annotator="Mike Bada, University of Colorado School of Medicine" id="SO_2017_06_11_Instance_31651" type="identity">
      <class id="SO:0000704" label="gene"/>
      <span end="2270" id="16670015-13268" start="2263">genetic</span>
    </annotation>
    <annotation annotator="Mike Bada, University of Colorado School of Medicine" id="SO_2017_06_11_Instance_59139" type="identity">
      <class id="SO:0000771" label="QTL"/>
      <span end="2314" id="16670015-13379" start="2311">QTL</span>
    </annotation>
    <annotation annotator="" id="SO_2017_06_11_Instance_225977" type="identity">
      <class id="SO:0000704" label="gene"/>
      <span end="2385" id="16670015-13260" start="2380">genic</span>
    </annotation>
    <annotation annotator="" id="SO_2017_06_11_Instance_92645" type="identity">
      <class id="SO:0000704" label="gene"/>
      <span end="2428" id="16670015-13787" start="2423">genic</span>
    </annotation>
    <annotation annotator="Mike Bada, University of Colorado School of Medicine" id="SO_2017_06_11_Instance_31767" type="identity">
      <class id="SO:0000704" label="gene"/>
      <span end="2485" id="16670015-13270" start="2478">genetic</span>
    </annotation>
    <annotation annotator="Mike Bada, University of Colorado School of Medicine" id="SO_2017_06_11_Instance_38539" type="identity">
      <class id="SO:0000704" label="gene"/>
      <span end="2633" id="16670015-13304" start="2622">genetically</span>
    </annotation>
    <annotation annotator="Mike Bada, University of Colorado School of Medicine" id="SO_2017_06_11_Instance_59141" type="identity">
      <class id="SO:0000771" label="QTL"/>
      <span end="2773" id="16670015-13381" start="2770">QTL</span>
    </annotation>
    <annotation annotator="Mike Bada, University of Colorado School of Medicine" id="SO_2017_06_11_Instance_59143" type="identity">
      <class id="SO:0000771" label="QTL"/>
      <span end="2846" id="16670015-13383" start="2843">QTL</span>
    </annotation>
    <annotation annotator="Mike Bada, University of Colorado School of Medicine" id="SO_2017_06_11_Instance_59145" type="identity">
      <class id="SO:0001023" label="allele"/>
      <span end="2854" id="16670015-13385" start="2847">alleles</span>
    </annotation>
    <annotation annotator="" id="SO_2017_06_11_Instance_200146" type="identity">
      <class id="SO:0001645" label="genetic_marker"/>
      <span end="2923" id="16670015-13252" start="2908">genetic markers</span>
    </annotation>
    <annotation annotator="Mike Bada, University of Colorado School of Medicine" id="SO_2017_06_11_Instance_32287" type="identity">
      <class id="SO:0000704" label="gene"/>
      <span end="2939" id="16670015-13272" start="2932">genetic</span>
    </annotation>
    <annotation annotator="Mike Bada, University of Colorado School of Medicine" id="SO_2017_06_11_Instance_59147" type="identity">
      <class id="SO:0001023" label="allele"/>
      <span end="3359" id="16670015-13387" start="3352">alleles</span>
    </annotation>
    <annotation annotator="Mike Bada, University of Colorado School of Medicine" id="SO_2017_06_11_Instance_59149" type="identity">
      <class id="SO:0000771" label="QTL"/>
      <span end="3511" id="16670015-13389" start="3508">QTL</span>
    </annotation>
    <annotation annotator="Mike Bada, University of Colorado School of Medicine" id="SO_2017_06_11_Instance_59153" type="identity">
      <class id="SO:0000704" label="gene"/>
      <span end="3772" id="16670015-13391" start="3768">gene</span>
    </annotation>
    <annotation annotator="Mike Bada, University of Colorado School of Medicine" id="SO_2017_06_11_Instance_59155" type="identity">
      <class id="SO:0000771" label="QTL"/>
      <span end="3974" id="16670015-13393" start="3971">QTL</span>
    </annotation>
    <annotation annotator="Mike Bada, University of Colorado School of Medicine" id="SO_2017_06_11_Instance_59157" type="identity">
      <class id="SO:0000771" label="QTL"/>
      <span end="4058" id="16670015-13395" start="4055">QTL</span>
    </annotation>
    <annotation annotator="Mike Bada, University of Colorado School of Medicine" id="SO_2017_06_11_Instance_59159" type="identity">
      <class id="SO:0000771" label="QTL"/>
      <span end="4077" id="16670015-13397" start="4074">QTL</span>
    </annotation>
    <annotation annotator="Mike Bada, University of Colorado School of Medicine" id="SO_2017_06_11_Instance_59161" type="identity">
      <class id="SO:0000704" label="gene"/>
      <span end="4180" id="16670015-13399" start="4176">gene</span>
    </annotation>
    <annotation annotator="Mike Bada, University of Colorado School of Medicine" id="SO_2017_06_11_Instance_59163" type="identity">
      <class id="SO:0000704" label="gene"/>
      <span end="4369" id="16670015-13401" start="4365">gene</span>
    </annotation>
    <annotation annotator="Mike Bada, University of Colorado School of Medicine" id="SO_2017_06_11_Instance_32429" type="identity">
      <class id="SO:0000704" label="gene"/>
      <span end="4463" id="16670015-13274" start="4456">genetic</span>
    </annotation>
    <annotation annotator="Mike Bada, University of Colorado School of Medicine" id="SO_2017_06_11_Instance_59165" type="identity">
      <class id="SO:0000771" label="QTL"/>
      <span end="4997" id="16670015-13403" start="4994">QTL</span>
    </annotation>
    <annotation annotator="Mike Bada, University of Colorado School of Medicine" id="SO_2017_06_11_Instance_59169" type="identity">
      <class id="SO:0000771" label="QTL"/>
      <span end="5169" id="16670015-13405" start="5166">QTL</span>
    </annotation>
    <annotation annotator="Mike Bada, University of Colorado School of Medicine" id="SO_2017_06_11_Instance_59171" type="identity">
      <class id="SO:0000704" label="gene"/>
      <span end="5268" id="16670015-13407" start="5264">gene</span>
    </annotation>
    <annotation annotator="Mike Bada, University of Colorado School of Medicine" id="SO_2017_06_11_Instance_59173" type="identity">
      <class id="SO:0000771" label="QTL"/>
      <span end="5321" id="16670015-13409" start="5318">QTL</span>
    </annotation>
    <annotation annotator="Mike Bada, University of Colorado School of Medicine" id="SO_2017_06_11_Instance_59175" type="identity">
      <class id="SO:0000771" label="QTL"/>
      <span end="5433" id="16670015-13411" start="5430">QTL</span>
    </annotation>
    <annotation annotator="Mike Bada, University of Colorado School of Medicine" id="SO_2017_06_11_Instance_59177" type="identity">
      <class id="SO:0000771" label="QTL"/>
      <span end="5804" id="16670015-13413" start="5801">QTL</span>
    </annotation>
    <annotation annotator="Mike Bada, University of Colorado School of Medicine" id="SO_2017_06_11_Instance_59183" type="identity">
      <class id="SO:0000771" label="QTL"/>
      <span end="6102" id="16670015-13415" start="6099">QTL</span>
    </annotation>
    <annotation annotator="Mike Bada, University of Colorado School of Medicine" id="SO_2017_06_11_Instance_59185" type="identity">
      <class id="SO:0000771" label="QTL"/>
      <span end="6119" id="16670015-13417" start="6116">QTL</span>
    </annotation>
    <annotation annotator="Mike Bada, University of Colorado School of Medicine" id="SO_2017_06_11_Instance_59187" type="identity">
      <class id="SO:0000771" label="QTL"/>
      <span end="6190" id="16670015-13419" start="6187">QTL</span>
    </annotation>
    <annotation annotator="Mike Bada, University of Colorado School of Medicine" id="SO_2017_06_11_Instance_59189" type="identity">
      <class id="SO:0000704" label="gene"/>
      <span end="6213" id="16670015-13421" start="6208">genes</span>
    </annotation>
    <annotation annotator="Mike Bada, University of Colorado School of Medicine" id="SO_2017_06_11_Instance_38695" type="identity">
      <class id="SO:0001026" label="genome"/>
      <span end="6253" id="16670015-13306" start="6246">genomic</span>
    </annotation>
    <annotation annotator="Mike Bada, University of Colorado School of Medicine" id="SO_2017_06_11_Instance_59191" type="identity">
      <class id="SO:0000771" label="QTL"/>
      <span end="6289" id="16670015-13423" start="6286">QTL</span>
    </annotation>
    <annotation annotator="Mike Bada, University of Colorado School of Medicine" id="SO_2017_06_11_Instance_59193" type="identity">
      <class id="SO:0000771" label="QTL"/>
      <span end="6484" id="16670015-13425" start="6481">QTL</span>
    </annotation>
    <annotation annotator="Mike Bada, University of Colorado School of Medicine" id="SO_2017_06_11_Instance_32431" type="identity">
      <class id="SO:0000704" label="gene"/>
      <span end="6660" id="16670015-13276" start="6653">genetic</span>
    </annotation>
    <annotation annotator="Mike Bada, University of Colorado School of Medicine" id="SO_2017_06_11_Instance_59201" type="identity">
      <class id="SO:0000771" label="QTL"/>
      <span end="6773" id="16670015-13427" start="6770">QTL</span>
    </annotation>
    <annotation annotator="Mike Bada, University of Colorado School of Medicine" id="SO_2017_06_11_Instance_59203" type="identity">
      <class id="SO:0001026" label="genome"/>
      <span end="6892" id="16670015-13429" start="6886">genome</span>
    </annotation>
    <annotation annotator="Mike Bada, University of Colorado School of Medicine" id="SO_2017_06_11_Instance_38697" type="identity">
      <class id="SO:0001026" label="genome"/>
      <span end="7031" id="16670015-13308" start="7024">genomic</span>
    </annotation>
    <annotation annotator="Mike Bada, University of Colorado School of Medicine" id="SO_2017_06_11_Instance_59207" type="identity">
      <class id="SO:0001026" label="genome"/>
      <span end="7209" id="16670015-13431" start="7203">genome</span>
    </annotation>
    <annotation annotator="" id="SO_2017_06_11_Instance_224483" type="identity">
      <class id="SO:0000357" label="flanked"/>
      <span end="7603" id="16670015-13254" start="7595">flanking</span>
    </annotation>
    <annotation annotator="Mike Bada, University of Colorado School of Medicine" id="SO_2017_06_11_Instance_59217" type="identity">
      <class id="SO:0000771" label="QTL"/>
      <span end="7826" id="16670015-13433" start="7823">QTL</span>
    </annotation>
    <annotation annotator="Mike Bada, University of Colorado School of Medicine" id="SO_2017_06_11_Instance_32851" type="identity">
      <class id="SO:0000704" label="gene"/>
      <span end="7948" id="16670015-13278" start="7941">genetic</span>
    </annotation>
    <annotation annotator="Mike Bada, University of Colorado School of Medicine" id="SO_2017_06_11_Instance_59225" type="identity">
      <class id="SO:0000771" label="QTL"/>
      <span end="8663" id="16670015-13435" start="8660">QTL</span>
    </annotation>
    <annotation annotator="Mike Bada, University of Colorado School of Medicine" id="SO_2017_06_11_Instance_59233" type="identity">
      <class id="SO:0000771" label="QTL"/>
      <span end="9439" id="16670015-13437" start="9436">QTL</span>
    </annotation>
    <annotation annotator="Mike Bada, University of Colorado School of Medicine" id="SO_2017_06_11_Instance_59237" type="identity">
      <class id="SO:0000771" label="QTL"/>
      <span end="9601" id="16670015-13439" start="9598">QTL</span>
    </annotation>
    <annotation annotator="Mike Bada, University of Colorado School of Medicine" id="SO_2017_06_11_Instance_59243" type="identity">
      <class id="SO:0000771" label="QTL"/>
      <span end="9703" id="16670015-13441" start="9700">QTL</span>
    </annotation>
    <annotation annotator="Mike Bada, University of Colorado School of Medicine" id="SO_2017_06_11_Instance_59247" type="identity">
      <class id="SO:0000771" label="QTL"/>
      <span end="10046" id="16670015-13443" start="10043">QTL</span>
    </annotation>
    <annotation annotator="Mike Bada, University of Colorado School of Medicine" id="SO_2017_06_11_Instance_59251" type="identity">
      <class id="SO:0001026" label="genome"/>
      <span end="10083" id="16670015-13445" start="10077">genome</span>
    </annotation>
    <annotation annotator="Mike Bada, University of Colorado School of Medicine" id="SO_2017_06_11_Instance_59253" type="identity">
      <class id="SO:0000771" label="QTL"/>
      <span end="10233" id="16670015-13447" start="10230">QTL</span>
    </annotation>
    <annotation annotator="Mike Bada, University of Colorado School of Medicine" id="SO_2017_06_11_Instance_59255" type="identity">
      <class id="SO:0000771" label="QTL"/>
      <span end="11028" id="16670015-13449" start="11025">QTL</span>
    </annotation>
    <annotation annotator="Mike Bada, University of Colorado School of Medicine" id="SO_2017_06_11_Instance_59261" type="identity">
      <class id="SO:0000771" label="QTL"/>
      <span end="11491" id="16670015-13451" start="11488">QTL</span>
    </annotation>
    <annotation annotator="Mike Bada, University of Colorado School of Medicine" id="SO_2017_06_11_Instance_59265" type="identity">
      <class id="SO:0000771" label="QTL"/>
      <span end="11620" id="16670015-13453" start="11617">QTL</span>
    </annotation>
    <annotation annotator="Mike Bada, University of Colorado School of Medicine" id="SO_2017_06_11_Instance_59271" type="identity">
      <class id="SO:0000771" label="QTL"/>
      <span end="11885" id="16670015-13455" start="11882">QTL</span>
    </annotation>
    <annotation annotator="Mike Bada, University of Colorado School of Medicine" id="SO_2017_06_11_Instance_59273" type="identity">
      <class id="SO:0000771" label="QTL"/>
      <span end="12190" id="16670015-13457" start="12187">QTL</span>
    </annotation>
    <annotation annotator="Mike Bada, University of Colorado School of Medicine" id="SO_2017_06_11_Instance_59279" type="identity">
      <class id="SO:0000771" label="QTL"/>
      <span end="12295" id="16670015-13459" start="12292">QTL</span>
    </annotation>
    <annotation annotator="Mike Bada, University of Colorado School of Medicine" id="SO_2017_06_11_Instance_59281" type="identity">
      <class id="SO:0000771" label="QTL"/>
      <span end="12413" id="16670015-13461" start="12410">QTL</span>
    </annotation>
    <annotation annotator="Mike Bada, University of Colorado School of Medicine" id="SO_2017_06_11_Instance_32853" type="identity">
      <class id="SO:0000704" label="gene"/>
      <span end="12532" id="16670015-13280" start="12525">genetic</span>
    </annotation>
    <annotation annotator="Mike Bada, University of Colorado School of Medicine" id="SO_2017_06_11_Instance_59293" type="identity">
      <class id="SO:0000771" label="QTL"/>
      <span end="12684" id="16670015-13463" start="12681">QTL</span>
    </annotation>
    <annotation annotator="Mike Bada, University of Colorado School of Medicine" id="SO_2017_06_11_Instance_38699" type="identity">
      <class id="SO:0001026" label="genome"/>
      <span end="12718" id="16670015-13310" start="12711">genomic</span>
    </annotation>
    <annotation annotator="Mike Bada, University of Colorado School of Medicine" id="SO_2017_06_11_Instance_59295" type="identity">
      <class id="SO:0000704" label="gene"/>
      <span end="12777" id="16670015-13465" start="12773">gene</span>
    </annotation>
    <annotation annotator="Mike Bada, University of Colorado School of Medicine" id="SO_2017_06_11_Instance_59297" type="identity">
      <class id="SO:0000771" label="QTL"/>
      <span end="13120" id="16670015-13467" start="13117">QTL</span>
    </annotation>
    <annotation annotator="" id="SO_2017_06_11_Instance_92653" type="identity">
      <class id="SO:0000028" label="base_pair"/>
      <span end="13147" id="16670015-13795" start="13145">bp</span>
    </annotation>
    <annotation annotator="Mike Bada, University of Colorado School of Medicine" id="SO_2017_06_11_Instance_59323" type="identity">
      <class id="SO:0000771" label="QTL"/>
      <span end="14292" id="16670015-13469" start="14289">QTL</span>
    </annotation>
    <annotation annotator="Mike Bada, University of Colorado School of Medicine" id="SO_2017_06_11_Instance_59327" type="identity">
      <class id="SO:0000771" label="QTL"/>
      <span end="14363" id="16670015-13471" start="14360">QTL</span>
    </annotation>
    <annotation annotator="Mike Bada, University of Colorado School of Medicine" id="SO_2017_06_11_Instance_59329" type="identity">
      <class id="SO:0000771" label="QTL"/>
      <span end="14452" id="16670015-13473" start="14449">QTL</span>
    </annotation>
    <annotation annotator="Mike Bada, University of Colorado School of Medicine" id="SO_2017_06_11_Instance_59331" type="identity">
      <class id="SO:0000771" label="QTL"/>
      <span end="14921" id="16670015-13475" start="14918">QTL</span>
    </annotation>
    <annotation annotator="Mike Bada, University of Colorado School of Medicine" id="SO_2017_06_11_Instance_59333" type="identity">
      <class id="SO:0000771" label="QTL"/>
      <span end="14950" id="16670015-13477" start="14947">QTL</span>
    </annotation>
    <annotation annotator="Mike Bada, University of Colorado School of Medicine" id="SO_2017_06_11_Instance_59335" type="identity">
      <class id="SO:0001026" label="genome"/>
      <span end="15020" id="16670015-13479" start="15014">genome</span>
    </annotation>
    <annotation annotator="Mike Bada, University of Colorado School of Medicine" id="SO_2017_06_11_Instance_59337" type="identity">
      <class id="SO:0000771" label="QTL"/>
      <span end="15112" id="16670015-13481" start="15109">QTL</span>
    </annotation>
    <annotation annotator="Mike Bada, University of Colorado School of Medicine" id="SO_2017_06_11_Instance_59339" type="identity">
      <class id="SO:0001023" label="allele"/>
      <span end="15774" id="16670015-13483" start="15767">alleles</span>
    </annotation>
    <annotation annotator="Mike Bada, University of Colorado School of Medicine" id="SO_2017_06_11_Instance_59341" type="identity">
      <class id="SO:0001023" label="allele"/>
      <span end="15827" id="16670015-13485" start="15820">alleles</span>
    </annotation>
    <annotation annotator="Mike Bada, University of Colorado School of Medicine" id="SO_2017_06_11_Instance_59345" type="identity">
      <class id="SO:0000771" label="QTL"/>
      <span end="16026" id="16670015-13487" start="16023">QTL</span>
    </annotation>
    <annotation annotator="Mike Bada, University of Colorado School of Medicine" id="SO_2017_06_11_Instance_59349" type="identity">
      <class id="SO:0000771" label="QTL"/>
      <span end="16893" id="16670015-13489" start="16890">QTL</span>
    </annotation>
    <annotation annotator="Mike Bada, University of Colorado School of Medicine" id="SO_2017_06_11_Instance_59351" type="identity">
      <class id="SO:0001023" label="allele"/>
      <span end="17113" id="16670015-13491" start="17106">alleles</span>
    </annotation>
    <annotation annotator="Mike Bada, University of Colorado School of Medicine" id="SO_2017_06_11_Instance_59353" type="identity">
      <class id="SO:0000771" label="QTL"/>
      <span end="18008" id="16670015-13493" start="18005">QTL</span>
    </annotation>
    <annotation annotator="Mike Bada, University of Colorado School of Medicine" id="SO_2017_06_11_Instance_59355" type="identity">
      <class id="SO:0000771" label="QTL"/>
      <span end="19879" id="16670015-13495" start="19876">QTL</span>
    </annotation>
    <annotation annotator="Mike Bada, University of Colorado School of Medicine" id="SO_2017_06_11_Instance_59357" type="identity">
      <class id="SO:0001023" label="allele"/>
      <span end="19948" id="16670015-13497" start="19941">alleles</span>
    </annotation>
    <annotation annotator="Mike Bada, University of Colorado School of Medicine" id="SO_2017_06_11_Instance_19225" type="identity">
      <class id="SO:0000704" label="gene"/>
      <span end="20940" id="16670015-13224" start="20936">gene</span>
    </annotation>
    <annotation annotator="Mike Bada, University of Colorado School of Medicine" id="SO_2017_06_11_Instance_59359" type="identity">
      <class id="SO:0000771" label="QTL"/>
      <span end="21033" id="16670015-13499" start="21030">QTL</span>
    </annotation>
    <annotation annotator="Mike Bada, University of Colorado School of Medicine" id="SO_2017_06_11_Instance_59361" type="identity">
      <class id="SO:0000704" label="gene"/>
      <span end="21117" id="16670015-13501" start="21112">genes</span>
    </annotation>
    <annotation annotator="Mike Bada, University of Colorado School of Medicine" id="SO_2017_06_11_Instance_19227" type="identity">
      <class id="SO:0000704" label="gene"/>
      <span end="21192" id="16670015-13226" start="21187">genes</span>
    </annotation>
    <annotation annotator="Mike Bada, University of Colorado School of Medicine" id="SO_2017_06_11_Instance_59363" type="identity">
      <class id="SO:0000704" label="gene"/>
      <span end="21227" id="16670015-13503" start="21222">genes</span>
    </annotation>
    <annotation annotator="Mike Bada, University of Colorado School of Medicine" id="SO_2017_06_11_Instance_19229" type="identity">
      <class id="SO:0000704" label="gene"/>
      <span end="21383" id="16670015-13228" start="21378">genes</span>
    </annotation>
    <annotation annotator="Mike Bada, University of Colorado School of Medicine" id="SO_2017_06_11_Instance_59365" type="identity">
      <class id="SO:0000704" label="gene"/>
      <span end="21490" id="16670015-13505" start="21486">Gene</span>
    </annotation>
    <annotation annotator="Mike Bada, University of Colorado School of Medicine" id="SO_2017_06_11_Instance_59367" type="identity">
      <class id="SO:0000704" label="gene"/>
      <span end="21588" id="16670015-13507" start="21584">gene</span>
    </annotation>
    <annotation annotator="" id="SO_2017_06_11_Instance_92509" type="identity">
      <class id="SO:0000028" label="base_pair"/>
      <span end="21743" id="16670015-13777" start="21741">bp</span>
    </annotation>
    <annotation annotator="" id="SO_2017_06_11_Instance_92511" type="identity">
      <class id="SO:0000028" label="base_pair"/>
      <span end="21769" id="16670015-13779" start="21767">bp</span>
    </annotation>
    <annotation annotator="" id="SO_2017_06_11_Instance_92513" type="identity">
      <class id="SO:0000028" label="base_pair"/>
      <span end="21788" id="16670015-13781" start="21786">bp</span>
    </annotation>
    <annotation annotator="Mike Bada, University of Colorado School of Medicine" id="SO_2017_06_11_Instance_38723" type="identity">
      <class id="SO:0000204" label="five_prime_UTR"/>
      <span end="21791" id="16670015-13320" start="21789">5'</span>
      <span end="21818" id="16670015-13321" start="21799">untranslated region</span>
    </annotation>
    <annotation annotator="Mike Bada, University of Colorado School of Medicine" id="SO_2017_06_11_Instance_36261" type="identity">
      <class id="SO:0000204" label="five_prime_UTR"/>
      <span end="21791" id="16670015-13294" start="21789">5'</span>
      <span end="21823" id="16670015-13295" start="21820">UTR</span>
    </annotation>
    <annotation annotator="Mike Bada, University of Colorado School of Medicine" id="SO_2017_06_11_Instance_37299" type="identity">
      <class id="SO:0000205" label="three_prime_UTR"/>
      <span end="21798" id="16670015-13299" start="21796">3'</span>
      <span end="21823" id="16670015-13300" start="21820">UTR</span>
    </annotation>
    <annotation annotator="Mike Bada, University of Colorado School of Medicine" id="SO_2017_06_11_Instance_38725" type="identity">
      <class id="SO:0000205" label="three_prime_UTR"/>
      <span end="21818" id="16670015-13323" start="21796">3' untranslated region</span>
    </annotation>
    <annotation annotator="Mike Bada, University of Colorado School of Medicine" id="SO_2017_06_11_Instance_59377" type="identity">
      <class id="SO:0001026" label="genome"/>
      <span end="21968" id="16670015-13509" start="21962">genome</span>
    </annotation>
    <annotation annotator="Mike Bada, University of Colorado School of Medicine" id="SO_2017_06_11_Instance_59381" type="identity">
      <class id="SO:0000694" label="SNP"/>
      <span end="22142" id="16670015-13511" start="22111">single nucleotide polymorphisms</span>
    </annotation>
    <annotation annotator="Mike Bada, University of Colorado School of Medicine" id="SO_2017_06_11_Instance_59383" type="identity">
      <class id="SO:0000694" label="SNP"/>
      <span end="22147" id="16670015-13513" start="22144">SNP</span>
    </annotation>
    <annotation annotator="Mike Bada, University of Colorado School of Medicine" id="SO_2017_06_11_Instance_38729" type="identity">
      <class id="SO:0000204" label="five_prime_UTR"/>
      <span end="22267" id="16670015-13325" start="22265">5'</span>
      <span end="22279" id="16670015-13326" start="22275">UTRs</span>
    </annotation>
    <annotation annotator="Mike Bada, University of Colorado School of Medicine" id="SO_2017_06_11_Instance_38731" type="identity">
      <class id="SO:0000205" label="three_prime_UTR"/>
      <span end="22279" id="16670015-13328" start="22272">3' UTRs</span>
    </annotation>
    <annotation annotator="" id="SO_2017_06_11_Instance_92647" type="identity">
      <class id="SO:0001816" label="non_synonymous"/>
      <span end="22304" id="16670015-13789" start="22291">nonsynonomous</span>
    </annotation>
    <annotation annotator="Mike Bada, University of Colorado School of Medicine" id="SO_2017_06_11_Instance_59393" type="identity">
      <class id="SO:0000694" label="SNP"/>
      <span end="22308" id="16670015-13515" start="22305">SNP</span>
    </annotation>
    <annotation annotator="Mike Bada, University of Colorado School of Medicine" id="SO_2017_06_11_Instance_59395" type="identity">
      <class id="SO:0000704" label="gene"/>
      <span end="22354" id="16670015-13517" start="22349">genes</span>
    </annotation>
    <annotation annotator="Mike Bada, University of Colorado School of Medicine" id="SO_2017_06_11_Instance_59401" type="identity">
      <class id="SO:0000857" label="homologous"/>
      <span end="22633" id="16670015-13519" start="22623">homologous</span>
    </annotation>
    <annotation annotator="Mike Bada, University of Colorado School of Medicine" id="SO_2017_06_11_Instance_59403" type="identity">
      <class id="SO:0000704" label="gene"/>
      <span end="22763" id="16670015-13521" start="22758">genes</span>
    </annotation>
    <annotation annotator="Mike Bada, University of Colorado School of Medicine" id="SO_2017_06_11_Instance_59405" type="identity">
      <class id="SO:0000771" label="QTL"/>
      <span end="22914" id="16670015-13523" start="22911">QTL</span>
    </annotation>
    <annotation annotator="Mike Bada, University of Colorado School of Medicine" id="SO_2017_06_11_Instance_59407" type="identity">
      <class id="SO:0001026" label="genome"/>
      <span end="23020" id="16670015-13525" start="23014">genome</span>
    </annotation>
    <annotation annotator="Mike Bada, University of Colorado School of Medicine" id="SO_2017_06_11_Instance_59409" type="identity">
      <class id="SO:0000771" label="QTL"/>
      <span end="23089" id="16670015-13527" start="23086">QTL</span>
    </annotation>
    <annotation annotator="Mike Bada, University of Colorado School of Medicine" id="SO_2017_06_11_Instance_59411" type="identity">
      <class id="SO:0000771" label="QTL"/>
      <span end="23294" id="16670015-13529" start="23291">QTL</span>
    </annotation>
    <annotation annotator="Mike Bada, University of Colorado School of Medicine" id="SO_2017_06_11_Instance_59413" type="identity">
      <class id="SO:0000771" label="QTL"/>
      <span end="23362" id="16670015-13531" start="23359">QTL</span>
    </annotation>
    <annotation annotator="Mike Bada, University of Colorado School of Medicine" id="SO_2017_06_11_Instance_33405" type="identity">
      <class id="SO:0000704" label="gene"/>
      <span end="23545" id="16670015-13282" start="23538">genetic</span>
    </annotation>
    <annotation annotator="Mike Bada, University of Colorado School of Medicine" id="SO_2017_06_11_Instance_38735" type="identity">
      <class id="SO:0000771" label="QTL"/>
      <span end="23610" id="16670015-13330" start="23586">quantitative trait genes</span>
    </annotation>
    <annotation annotator="Mike Bada, University of Colorado School of Medicine" id="SO_2017_06_11_Instance_59417" type="identity">
      <class id="SO:0000771" label="QTL"/>
      <span end="23682" id="16670015-13533" start="23679">QTL</span>
    </annotation>
    <annotation annotator="Mike Bada, University of Colorado School of Medicine" id="SO_2017_06_11_Instance_59419" type="identity">
      <class id="SO:0001023" label="allele"/>
      <span end="23721" id="16670015-13535" start="23714">alleles</span>
    </annotation>
    <annotation annotator="Mike Bada, University of Colorado School of Medicine" id="SO_2017_06_11_Instance_59421" type="identity">
      <class id="SO:0001023" label="allele"/>
      <span end="23884" id="16670015-13537" start="23877">alleles</span>
    </annotation>
    <annotation annotator="Mike Bada, University of Colorado School of Medicine" id="SO_2017_06_11_Instance_59423" type="identity">
      <class id="SO:0000771" label="QTL"/>
      <span end="24120" id="16670015-13539" start="24117">QTL</span>
    </annotation>
    <annotation annotator="Mike Bada, University of Colorado School of Medicine" id="SO_2017_06_11_Instance_59425" type="identity">
      <class id="SO:0000771" label="QTL"/>
      <span end="24294" id="16670015-13541" start="24291">QTL</span>
    </annotation>
    <annotation annotator="Mike Bada, University of Colorado School of Medicine" id="SO_2017_06_11_Instance_59427" type="identity">
      <class id="SO:0000771" label="QTL"/>
      <span end="24392" id="16670015-13543" start="24389">QTL</span>
    </annotation>
    <annotation annotator="Mike Bada, University of Colorado School of Medicine" id="SO_2017_06_11_Instance_59429" type="identity">
      <class id="SO:0001023" label="allele"/>
      <span end="24498" id="16670015-13545" start="24491">alleles</span>
    </annotation>
    <annotation annotator="Mike Bada, University of Colorado School of Medicine" id="SO_2017_06_11_Instance_59431" type="identity">
      <class id="SO:0000771" label="QTL"/>
      <span end="24519" id="16670015-13547" start="24516">QTL</span>
    </annotation>
    <annotation annotator="Mike Bada, University of Colorado School of Medicine" id="SO_2017_06_11_Instance_59433" type="identity">
      <class id="SO:0000771" label="QTL"/>
      <span end="24547" id="16670015-13549" start="24544">QTL</span>
    </annotation>
    <annotation annotator="Mike Bada, University of Colorado School of Medicine" id="SO_2017_06_11_Instance_59435" type="identity">
      <class id="SO:0000771" label="QTL"/>
      <span end="24637" id="16670015-13551" start="24634">QTL</span>
    </annotation>
    <annotation annotator="" id="SO_2017_06_11_Instance_224485" type="identity">
      <class id="SO:0000357" label="flanked"/>
      <span end="24716" id="16670015-13256" start="24708">flanking</span>
    </annotation>
    <annotation annotator="Mike Bada, University of Colorado School of Medicine" id="SO_2017_06_11_Instance_59437" type="identity">
      <class id="SO:0000771" label="QTL"/>
      <span end="24720" id="16670015-13553" start="24717">QTL</span>
    </annotation>
    <annotation annotator="Mike Bada, University of Colorado School of Medicine" id="SO_2017_06_11_Instance_59439" type="identity">
      <class id="SO:0001026" label="genome"/>
      <span end="24743" id="16670015-13555" start="24737">genome</span>
    </annotation>
    <annotation annotator="Mike Bada, University of Colorado School of Medicine" id="SO_2017_06_11_Instance_59441" type="identity">
      <class id="SO:0000771" label="QTL"/>
      <span end="24809" id="16670015-13557" start="24806">QTL</span>
    </annotation>
    <annotation annotator="Mike Bada, University of Colorado School of Medicine" id="SO_2017_06_11_Instance_59443" type="identity">
      <class id="SO:0001026" label="genome"/>
      <span end="24838" id="16670015-13559" start="24832">genome</span>
    </annotation>
    <annotation annotator="Mike Bada, University of Colorado School of Medicine" id="SO_2017_06_11_Instance_33407" type="identity">
      <class id="SO:0000704" label="gene"/>
      <span end="24926" id="16670015-13284" start="24919">genetic</span>
    </annotation>
    <annotation annotator="Mike Bada, University of Colorado School of Medicine" id="SO_2017_06_11_Instance_33439" type="identity">
      <class id="SO:0000704" label="gene"/>
      <span end="25044" id="16670015-13286" start="25037">genetic</span>
    </annotation>
    <annotation annotator="Mike Bada, University of Colorado School of Medicine" id="SO_2017_06_11_Instance_38701" type="identity">
      <class id="SO:0001026" label="genome"/>
      <span end="25443" id="16670015-13312" start="25436">genomic</span>
    </annotation>
    <annotation annotator="Mike Bada, University of Colorado School of Medicine" id="SO_2017_06_11_Instance_59455" type="identity">
      <class id="SO:0001023" label="allele"/>
      <span end="25623" id="16670015-13561" start="25616">alleles</span>
    </annotation>
    <annotation annotator="Mike Bada, University of Colorado School of Medicine" id="SO_2017_06_11_Instance_59459" type="identity">
      <class id="SO:0000771" label="QTL"/>
      <span end="25747" id="16670015-13563" start="25744">QTL</span>
    </annotation>
    <annotation annotator="Mike Bada, University of Colorado School of Medicine" id="SO_2017_06_11_Instance_59461" type="identity">
      <class id="SO:0000771" label="QTL"/>
      <span end="25760" id="16670015-13565" start="25757">QTL</span>
    </annotation>
    <annotation annotator="Mike Bada, University of Colorado School of Medicine" id="SO_2017_06_11_Instance_59463" type="identity">
      <class id="SO:0000771" label="QTL"/>
      <span end="25857" id="16670015-13567" start="25854">QTL</span>
    </annotation>
    <annotation annotator="Mike Bada, University of Colorado School of Medicine" id="SO_2017_06_11_Instance_59465" type="identity">
      <class id="SO:0000704" label="gene"/>
      <span end="26023" id="16670015-13569" start="26018">genes</span>
    </annotation>
    <annotation annotator="Mike Bada, University of Colorado School of Medicine" id="SO_2017_06_11_Instance_59475" type="identity">
      <class id="SO:0000771" label="QTL"/>
      <span end="26225" id="16670015-13571" start="26222">QTL</span>
    </annotation>
    <annotation annotator="Mike Bada, University of Colorado School of Medicine" id="SO_2017_06_11_Instance_59479" type="identity">
      <class id="SO:0000771" label="QTL"/>
      <span end="26404" id="16670015-13573" start="26401">QTL</span>
    </annotation>
    <annotation annotator="Mike Bada, University of Colorado School of Medicine" id="SO_2017_06_11_Instance_59481" type="identity">
      <class id="SO:0000771" label="QTL"/>
      <span end="26491" id="16670015-13575" start="26488">QTL</span>
    </annotation>
    <annotation annotator="Mike Bada, University of Colorado School of Medicine" id="SO_2017_06_11_Instance_59483" type="identity">
      <class id="SO:0000771" label="QTL"/>
      <span end="26534" id="16670015-13577" start="26531">QTL</span>
    </annotation>
    <annotation annotator="Mike Bada, University of Colorado School of Medicine" id="SO_2017_06_11_Instance_59489" type="identity">
      <class id="SO:0000771" label="QTL"/>
      <span end="26707" id="16670015-13579" start="26704">QTL</span>
    </annotation>
    <annotation annotator="Mike Bada, University of Colorado School of Medicine" id="SO_2017_06_11_Instance_59493" type="identity">
      <class id="SO:0000771" label="QTL"/>
      <span end="27023" id="16670015-13581" start="27020">QTL</span>
    </annotation>
    <annotation annotator="Mike Bada, University of Colorado School of Medicine" id="SO_2017_06_11_Instance_59495" type="identity">
      <class id="SO:0000771" label="QTL"/>
      <span end="27165" id="16670015-13583" start="27162">QTL</span>
    </annotation>
    <annotation annotator="Mike Bada, University of Colorado School of Medicine" id="SO_2017_06_11_Instance_59497" type="identity">
      <class id="SO:0000771" label="QTL"/>
      <span end="27346" id="16670015-13585" start="27343">QTL</span>
    </annotation>
    <annotation annotator="Mike Bada, University of Colorado School of Medicine" id="SO_2017_06_11_Instance_59499" type="identity">
      <class id="SO:0000771" label="QTL"/>
      <span end="27380" id="16670015-13587" start="27377">QTL</span>
    </annotation>
    <annotation annotator="Mike Bada, University of Colorado School of Medicine" id="SO_2017_06_11_Instance_59501" type="identity">
      <class id="SO:0000771" label="QTL"/>
      <span end="27459" id="16670015-13589" start="27456">QTL</span>
    </annotation>
    <annotation annotator="Mike Bada, University of Colorado School of Medicine" id="SO_2017_06_11_Instance_59503" type="identity">
      <class id="SO:0000704" label="gene"/>
      <span end="27533" id="16670015-13591" start="27529">gene</span>
    </annotation>
    <annotation annotator="Mike Bada, University of Colorado School of Medicine" id="SO_2017_06_11_Instance_59505" type="identity">
      <class id="SO:0000771" label="QTL"/>
      <span end="27538" id="16670015-13593" start="27535">QTL</span>
    </annotation>
    <annotation annotator="Mike Bada, University of Colorado School of Medicine" id="SO_2017_06_11_Instance_59507" type="identity">
      <class id="SO:0000771" label="QTL"/>
      <span end="27648" id="16670015-13595" start="27645">QTL</span>
    </annotation>
    <annotation annotator="Mike Bada, University of Colorado School of Medicine" id="SO_2017_06_11_Instance_59509" type="identity">
      <class id="SO:0000704" label="gene"/>
      <span end="27688" id="16670015-13597" start="27683">genes</span>
    </annotation>
    <annotation annotator="Mike Bada, University of Colorado School of Medicine" id="SO_2017_06_11_Instance_59511" type="identity">
      <class id="SO:0000771" label="QTL"/>
      <span end="27813" id="16670015-13599" start="27810">QTL</span>
    </annotation>
    <annotation annotator="Mike Bada, University of Colorado School of Medicine" id="SO_2017_06_11_Instance_59513" type="identity">
      <class id="SO:0000771" label="QTL"/>
      <span end="27889" id="16670015-13601" start="27886">QTL</span>
    </annotation>
    <annotation annotator="Mike Bada, University of Colorado School of Medicine" id="SO_2017_06_11_Instance_59515" type="identity">
      <class id="SO:0000771" label="QTL"/>
      <span end="28229" id="16670015-13603" start="28226">QTL</span>
    </annotation>
    <annotation annotator="Mike Bada, University of Colorado School of Medicine" id="SO_2017_06_11_Instance_59517" type="identity">
      <class id="SO:0000771" label="QTL"/>
      <span end="28261" id="16670015-13605" start="28258">QTL</span>
    </annotation>
    <annotation annotator="Mike Bada, University of Colorado School of Medicine" id="SO_2017_06_11_Instance_19231" type="identity">
      <class id="SO:0000704" label="gene"/>
      <span end="28369" id="16670015-13230" start="28364">genes</span>
    </annotation>
    <annotation annotator="Mike Bada, University of Colorado School of Medicine" id="SO_2017_06_11_Instance_59521" type="identity">
      <class id="SO:0001026" label="genome"/>
      <span end="29724" id="16670015-13607" start="29718">genome</span>
    </annotation>
    <annotation annotator="Mike Bada, University of Colorado School of Medicine" id="SO_2017_06_11_Instance_59523" type="identity">
      <class id="SO:0000704" label="gene"/>
      <span end="29859" id="16670015-13609" start="29854">genes</span>
    </annotation>
    <annotation annotator="Mike Bada, University of Colorado School of Medicine" id="SO_2017_06_11_Instance_59525" type="identity">
      <class id="SO:0000771" label="QTL"/>
      <span end="29976" id="16670015-13611" start="29973">QTL</span>
    </annotation>
    <annotation annotator="Mike Bada, University of Colorado School of Medicine" id="SO_2017_06_11_Instance_59529" type="identity">
      <class id="SO:0000704" label="gene"/>
      <span end="30164" id="16670015-13613" start="30160">gene</span>
    </annotation>
    <annotation annotator="Mike Bada, University of Colorado School of Medicine" id="SO_2017_06_11_Instance_59531" type="identity">
      <class id="SO:0000704" label="gene"/>
      <span end="30270" id="16670015-13615" start="30266">gene</span>
    </annotation>
    <annotation annotator="Mike Bada, University of Colorado School of Medicine" id="SO_2017_06_11_Instance_59533" type="identity">
      <class id="SO:0000704" label="gene"/>
      <span end="30336" id="16670015-13617" start="30332">gene</span>
    </annotation>
    <annotation annotator="Mike Bada, University of Colorado School of Medicine" id="SO_2017_06_11_Instance_59535" type="identity">
      <class id="SO:0000704" label="gene"/>
      <span end="30730" id="16670015-13619" start="30726">gene</span>
    </annotation>
    <annotation annotator="Mike Bada, University of Colorado School of Medicine" id="SO_2017_06_11_Instance_59539" type="identity">
      <class id="SO:0000771" label="QTL"/>
      <span end="30937" id="16670015-13621" start="30934">QTL</span>
    </annotation>
    <annotation annotator="Mike Bada, University of Colorado School of Medicine" id="SO_2017_06_11_Instance_19233" type="identity">
      <class id="SO:0000704" label="gene"/>
      <span end="31068" id="16670015-13232" start="31064">gene</span>
    </annotation>
    <annotation annotator="Mike Bada, University of Colorado School of Medicine" id="SO_2017_06_11_Instance_19235" type="identity">
      <class id="SO:0000704" label="gene"/>
      <span end="31395" id="16670015-13234" start="31390">genes</span>
    </annotation>
    <annotation annotator="Mike Bada, University of Colorado School of Medicine" id="SO_2017_06_11_Instance_59543" type="identity">
      <class id="SO:0000694" label="SNP"/>
      <span end="31628" id="16670015-13623" start="31625">SNP</span>
    </annotation>
    <annotation annotator="Mike Bada, University of Colorado School of Medicine" id="SO_2017_06_11_Instance_59547" type="identity">
      <class id="SO:0000704" label="gene"/>
      <span end="31760" id="16670015-13625" start="31756">gene</span>
    </annotation>
    <annotation annotator="Mike Bada, University of Colorado School of Medicine" id="SO_2017_06_11_Instance_59549" type="identity">
      <class id="SO:0000694" label="SNP"/>
      <span end="31794" id="16670015-13627" start="31791">SNP</span>
    </annotation>
    <annotation annotator="Mike Bada, University of Colorado School of Medicine" id="SO_2017_06_11_Instance_59551" type="identity">
      <class id="SO:0000694" label="SNP"/>
      <span end="31821" id="16670015-13629" start="31818">SNP</span>
    </annotation>
    <annotation annotator="" id="SO_2017_06_11_Instance_92515" type="identity">
      <class id="SO:0000028" label="base_pair"/>
      <span end="31835" id="16670015-13783" start="31833">bp</span>
    </annotation>
    <annotation annotator="Mike Bada, University of Colorado School of Medicine" id="SO_2017_06_11_Instance_59553" type="identity">
      <class id="SO:0000704" label="gene"/>
      <span end="31850" id="16670015-13631" start="31845">genes</span>
    </annotation>
    <annotation annotator="Mike Bada, University of Colorado School of Medicine" id="SO_2017_06_11_Instance_59561" type="identity">
      <class id="SO:0000704" label="gene"/>
      <span end="32071" id="16670015-13633" start="32067">gene</span>
    </annotation>
    <annotation annotator="Mike Bada, University of Colorado School of Medicine" id="SO_2017_06_11_Instance_59563" type="identity">
      <class id="SO:0000704" label="gene"/>
      <span end="32163" id="16670015-13635" start="32158">genes</span>
    </annotation>
    <annotation annotator="" id="SO_2017_06_11_Instance_92649" type="identity">
      <class id="SO:0001816" label="non_synonymous"/>
      <span end="32316" id="16670015-13791" start="32303">nonsynonomous</span>
    </annotation>
    <annotation annotator="Mike Bada, University of Colorado School of Medicine" id="SO_2017_06_11_Instance_59565" type="identity">
      <class id="SO:0000771" label="QTL"/>
      <span end="32353" id="16670015-13637" start="32350">QTL</span>
    </annotation>
    <annotation annotator="Mike Bada, University of Colorado School of Medicine" id="SO_2017_06_11_Instance_59569" type="identity">
      <class id="SO:0000704" label="gene"/>
      <span end="32482" id="16670015-13639" start="32477">genes</span>
    </annotation>
    <annotation annotator="Mike Bada, University of Colorado School of Medicine" id="SO_2017_06_11_Instance_59571" type="identity">
      <class id="SO:0000704" label="gene"/>
      <span end="32664" id="16670015-13641" start="32659">genes</span>
    </annotation>
    <annotation annotator="Mike Bada, University of Colorado School of Medicine" id="SO_2017_06_11_Instance_59573" type="identity">
      <class id="SO:0000704" label="gene"/>
      <span end="33225" id="16670015-13643" start="33220">genes</span>
    </annotation>
    <annotation annotator="Mike Bada, University of Colorado School of Medicine" id="SO_2017_06_11_Instance_19237" type="identity">
      <class id="SO:0000704" label="gene"/>
      <span end="33293" id="16670015-13236" start="33288">genes</span>
    </annotation>
    <annotation annotator="Mike Bada, University of Colorado School of Medicine" id="SO_2017_06_11_Instance_59575" type="identity">
      <class id="SO:0001026" label="genome"/>
      <span end="33462" id="16670015-13645" start="33456">genome</span>
    </annotation>
    <annotation annotator="Mike Bada, University of Colorado School of Medicine" id="SO_2017_06_11_Instance_59577" type="identity">
      <class id="SO:0000771" label="QTL"/>
      <span end="33471" id="16670015-13647" start="33468">QTL</span>
    </annotation>
    <annotation annotator="Mike Bada, University of Colorado School of Medicine" id="SO_2017_06_11_Instance_59579" type="identity">
      <class id="SO:0000771" label="QTL"/>
      <span end="33599" id="16670015-13649" start="33596">QTL</span>
    </annotation>
    <annotation annotator="Mike Bada, University of Colorado School of Medicine" id="SO_2017_06_11_Instance_59581" type="identity">
      <class id="SO:0000771" label="QTL"/>
      <span end="33734" id="16670015-13651" start="33731">QTL</span>
    </annotation>
    <annotation annotator="Mike Bada, University of Colorado School of Medicine" id="SO_2017_06_11_Instance_33441" type="identity">
      <class id="SO:0000704" label="gene"/>
      <span end="33854" id="16670015-13288" start="33847">genetic</span>
    </annotation>
    <annotation annotator="Mike Bada, University of Colorado School of Medicine" id="SO_2017_06_11_Instance_59585" type="identity">
      <class id="SO:0000112" label="primer"/>
      <span end="35116" id="16670015-13653" start="35110">primer</span>
    </annotation>
    <annotation annotator="Mike Bada, University of Colorado School of Medicine" id="SO_2017_06_11_Instance_59587" type="identity">
      <class id="SO:0000112" label="primer"/>
      <span end="35145" id="16670015-13655" start="35139">primer</span>
    </annotation>
    <annotation annotator="Mike Bada, University of Colorado School of Medicine" id="SO_2017_06_11_Instance_38807" type="identity">
      <class id="SO:0001030" label="forward"/>
      <span end="35155" id="16670015-13332" start="35154">F</span>
    </annotation>
    <annotation annotator="Mike Bada, University of Colorado School of Medicine" id="SO_2017_06_11_Instance_38809" type="identity">
      <class id="SO:0001031" label="reverse"/>
      <span end="35185" id="16670015-13334" start="35184">R</span>
    </annotation>
    <annotation annotator="Mike Bada, University of Colorado School of Medicine" id="SO_2017_06_11_Instance_38811" type="identity">
      <class id="SO:0000028" label="base_pair"/>
      <span end="35251" id="16670015-13336" start="35249">bp</span>
    </annotation>
    <annotation annotator="Mike Bada, University of Colorado School of Medicine" id="SO_2017_06_11_Instance_38815" type="identity">
      <class id="SO:0001030" label="forward"/>
      <span end="35308" id="16670015-13338" start="35307">F</span>
    </annotation>
    <annotation annotator="Mike Bada, University of Colorado School of Medicine" id="SO_2017_06_11_Instance_38817" type="identity">
      <class id="SO:0001031" label="reverse"/>
      <span end="35343" id="16670015-13340" start="35342">R</span>
    </annotation>
    <annotation annotator="Mike Bada, University of Colorado School of Medicine" id="SO_2017_06_11_Instance_38819" type="identity">
      <class id="SO:0000028" label="base_pair"/>
      <span end="35385" id="16670015-13342" start="35383">bp</span>
    </annotation>
    <annotation annotator="" id="SO_2017_06_11_Instance_92651" type="identity">
      <class id="SO:0000028" label="base_pair"/>
      <span end="35849" id="16670015-13793" start="35847">bp</span>
    </annotation>
    <annotation annotator="Mike Bada, University of Colorado School of Medicine" id="SO_2017_06_11_Instance_59595" type="identity">
      <class id="SO:0001026" label="genome"/>
      <span end="35984" id="16670015-13657" start="35978">genome</span>
    </annotation>
    <annotation annotator="Mike Bada, University of Colorado School of Medicine" id="SO_2017_06_11_Instance_59599" type="identity">
      <class id="SO:0000771" label="QTL"/>
      <span end="36042" id="16670015-13659" start="36039">QTL</span>
    </annotation>
    <annotation annotator="Mike Bada, University of Colorado School of Medicine" id="SO_2017_06_11_Instance_59601" type="identity">
      <class id="SO:0001026" label="genome"/>
      <span end="36139" id="16670015-13661" start="36133">genome</span>
    </annotation>
    <annotation annotator="Mike Bada, University of Colorado School of Medicine" id="SO_2017_06_11_Instance_59603" type="identity">
      <class id="SO:0001023" label="allele"/>
      <span end="36199" id="16670015-13663" start="36192">alleles</span>
    </annotation>
    <annotation annotator="Mike Bada, University of Colorado School of Medicine" id="SO_2017_06_11_Instance_59613" type="identity">
      <class id="SO:0000771" label="QTL"/>
      <span end="37512" id="16670015-13665" start="37509">QTL</span>
    </annotation>
    <annotation annotator="Mike Bada, University of Colorado School of Medicine" id="SO_2017_06_11_Instance_59617" type="identity">
      <class id="SO:0000771" label="QTL"/>
      <span end="37749" id="16670015-13667" start="37746">QTL</span>
    </annotation>
    <annotation annotator="Mike Bada, University of Colorado School of Medicine" id="SO_2017_06_11_Instance_59619" type="identity">
      <class id="SO:0000771" label="QTL"/>
      <span end="37798" id="16670015-13669" start="37795">QTL</span>
    </annotation>
    <annotation annotator="Mike Bada, University of Colorado School of Medicine" id="SO_2017_06_11_Instance_59621" type="identity">
      <class id="SO:0001023" label="allele"/>
      <span end="37874" id="16670015-13671" start="37867">alleles</span>
    </annotation>
    <annotation annotator="Mike Bada, University of Colorado School of Medicine" id="SO_2017_06_11_Instance_59623" type="identity">
      <class id="SO:0000771" label="QTL"/>
      <span end="37897" id="16670015-13673" start="37894">QTL</span>
    </annotation>
    <annotation annotator="Mike Bada, University of Colorado School of Medicine" id="SO_2017_06_11_Instance_59625" type="identity">
      <class id="SO:0000771" label="QTL"/>
      <span end="38007" id="16670015-13675" start="38004">QTL</span>
    </annotation>
    <annotation annotator="Mike Bada, University of Colorado School of Medicine" id="SO_2017_06_11_Instance_59629" type="identity">
      <class id="SO:0001023" label="allele"/>
      <span end="38350" id="16670015-13677" start="38343">alleles</span>
    </annotation>
    <annotation annotator="Mike Bada, University of Colorado School of Medicine" id="SO_2017_06_11_Instance_59631" type="identity">
      <class id="SO:0001026" label="genome"/>
      <span end="38389" id="16670015-13679" start="38383">genome</span>
    </annotation>
    <annotation annotator="Mike Bada, University of Colorado School of Medicine" id="SO_2017_06_11_Instance_59633" type="identity">
      <class id="SO:0001026" label="genome"/>
      <span end="38424" id="16670015-13681" start="38418">genome</span>
    </annotation>
    <annotation annotator="Mike Bada, University of Colorado School of Medicine" id="SO_2017_06_11_Instance_59635" type="identity">
      <class id="SO:0000771" label="QTL"/>
      <span end="38537" id="16670015-13683" start="38534">QTL</span>
    </annotation>
    <annotation annotator="Mike Bada, University of Colorado School of Medicine" id="SO_2017_06_11_Instance_33443" type="identity">
      <class id="SO:0000704" label="gene"/>
      <span end="39100" id="16670015-13290" start="39093">genetic</span>
    </annotation>
    <annotation annotator="Mike Bada, University of Colorado School of Medicine" id="SO_2017_06_11_Instance_59643" type="identity">
      <class id="SO:0001023" label="allele"/>
      <span end="39178" id="16670015-13685" start="39171">alleles</span>
    </annotation>
    <annotation annotator="Mike Bada, University of Colorado School of Medicine" id="SO_2017_06_11_Instance_59645" type="identity">
      <class id="SO:0001023" label="allele"/>
      <span end="39246" id="16670015-13687" start="39239">alleles</span>
    </annotation>
    <annotation annotator="Mike Bada, University of Colorado School of Medicine" id="SO_2017_06_11_Instance_59647" type="identity">
      <class id="SO:0001023" label="allele"/>
      <span end="39710" id="16670015-13689" start="39703">alleles</span>
    </annotation>
    <annotation annotator="Mike Bada, University of Colorado School of Medicine" id="SO_2017_06_11_Instance_59649" type="identity">
      <class id="SO:0001023" label="allele"/>
      <span end="40069" id="16670015-13691" start="40062">alleles</span>
    </annotation>
    <annotation annotator="Mike Bada, University of Colorado School of Medicine" id="SO_2017_06_11_Instance_19239" type="identity">
      <class id="SO:0000704" label="gene"/>
      <span end="42987" id="16670015-13238" start="42982">genes</span>
    </annotation>
    <annotation annotator="Mike Bada, University of Colorado School of Medicine" id="SO_2017_06_11_Instance_59659" type="identity">
      <class id="SO:0000704" label="gene"/>
      <span end="42994" id="16670015-13693" start="42989">Genes</span>
    </annotation>
    <annotation annotator="Mike Bada, University of Colorado School of Medicine" id="SO_2017_06_11_Instance_38703" type="identity">
      <class id="SO:0001026" label="genome"/>
      <span end="43114" id="16670015-13314" start="43107">genomic</span>
    </annotation>
    <annotation annotator="Mike Bada, University of Colorado School of Medicine" id="SO_2017_06_11_Instance_59661" type="identity">
      <class id="SO:0000704" label="gene"/>
      <span end="43155" id="16670015-13695" start="43151">gene</span>
    </annotation>
    <annotation annotator="Mike Bada, University of Colorado School of Medicine" id="SO_2017_06_11_Instance_59663" type="identity">
      <class id="SO:0000704" label="gene"/>
      <span end="43193" id="16670015-13697" start="43189">Gene</span>
    </annotation>
    <annotation annotator="Mike Bada, University of Colorado School of Medicine" id="SO_2017_06_11_Instance_59665" type="identity">
      <class id="SO:0000704" label="gene"/>
      <span end="43303" id="16670015-13699" start="43298">genes</span>
    </annotation>
    <annotation annotator="Mike Bada, University of Colorado School of Medicine" id="SO_2017_06_11_Instance_19241" type="identity">
      <class id="SO:0000704" label="gene"/>
      <span end="43356" id="16670015-13240" start="43351">genes</span>
    </annotation>
    <annotation annotator="Mike Bada, University of Colorado School of Medicine" id="SO_2017_06_11_Instance_59667" type="identity">
      <class id="SO:0000771" label="QTL"/>
      <span end="43375" id="16670015-13701" start="43372">QTL</span>
    </annotation>
    <annotation annotator="Mike Bada, University of Colorado School of Medicine" id="SO_2017_06_11_Instance_19243" type="identity">
      <class id="SO:0000704" label="gene"/>
      <span end="43422" id="16670015-13242" start="43418">gene</span>
    </annotation>
    <annotation annotator="Mike Bada, University of Colorado School of Medicine" id="SO_2017_06_11_Instance_38833" type="identity">
      <class id="SO:0000204" label="five_prime_UTR"/>
      <span end="43492" id="16670015-13344" start="43490">5'</span>
      <span end="43520" id="16670015-13345" start="43500">untranslated regions</span>
    </annotation>
    <annotation annotator="Mike Bada, University of Colorado School of Medicine" id="SO_2017_06_11_Instance_38835" type="identity">
      <class id="SO:0000205" label="three_prime_UTR"/>
      <span end="43520" id="16670015-13347" start="43497">3' untranslated regions</span>
    </annotation>
    <annotation annotator="Mike Bada, University of Colorado School of Medicine" id="SO_2017_06_11_Instance_19245" type="identity">
      <class id="SO:0000704" label="gene"/>
      <span end="43553" id="16670015-13244" start="43549">gene</span>
    </annotation>
    <annotation annotator="Mike Bada, University of Colorado School of Medicine" id="SO_2017_06_11_Instance_59671" type="identity">
      <class id="SO:0000112" label="primer"/>
      <span end="43863" id="16670015-13703" start="43857">primer</span>
    </annotation>
    <annotation annotator="Mike Bada, University of Colorado School of Medicine" id="SO_2017_06_11_Instance_59673" type="identity">
      <class id="SO:0000704" label="gene"/>
      <span end="43882" id="16670015-13705" start="43878">gene</span>
    </annotation>
    <annotation annotator="Mike Bada, University of Colorado School of Medicine" id="SO_2017_06_11_Instance_59675" type="identity">
      <class id="SO:0000112" label="primer"/>
      <span end="44179" id="16670015-13707" start="44173">primer</span>
    </annotation>
    <annotation annotator="Mike Bada, University of Colorado School of Medicine" id="SO_2017_06_11_Instance_59677" type="identity">
      <class id="SO:0000112" label="primer"/>
      <span end="44721" id="16670015-13709" start="44715">primer</span>
    </annotation>
    <annotation annotator="Mike Bada, University of Colorado School of Medicine" id="SO_2017_06_11_Instance_59681" type="identity">
      <class id="SO:0000006" label="PCR_product"/>
      <span end="45211" id="16670015-13711" start="45200">PCR product</span>
    </annotation>
    <annotation annotator="Mike Bada, University of Colorado School of Medicine" id="SO_2017_06_11_Instance_59683" type="identity">
      <class id="SO:0000112" label="primer"/>
      <span end="45239" id="16670015-13713" start="45233">primer</span>
    </annotation>
    <annotation annotator="Mike Bada, University of Colorado School of Medicine" id="SO_2017_06_11_Instance_59689" type="identity">
      <class id="SO:0000704" label="gene"/>
      <span end="45479" id="16670015-13715" start="45475">gene</span>
    </annotation>
    <annotation annotator="Mike Bada, University of Colorado School of Medicine" id="SO_2017_06_11_Instance_59691" type="identity">
      <class id="SO:0001026" label="genome"/>
      <span end="45547" id="16670015-13717" start="45541">genome</span>
    </annotation>
    <annotation annotator="" id="SO_2017_06_11_Instance_92663" type="identity">
      <class id="SO:0000150" label="read"/>
      <span end="45733" id="16670015-13805" start="45728">reads</span>
    </annotation>
    <annotation annotator="Mike Bada, University of Colorado School of Medicine" id="SO_2017_06_11_Instance_59701" type="identity">
      <class id="SO:0000149" label="contig"/>
      <span end="45770" id="16670015-13719" start="45763">contigs</span>
    </annotation>
    <annotation annotator="Mike Bada, University of Colorado School of Medicine" id="SO_2017_06_11_Instance_59703" type="identity">
      <class id="SO:0000704" label="gene"/>
      <span end="45797" id="16670015-13721" start="45793">gene</span>
    </annotation>
    <annotation annotator="Mike Bada, University of Colorado School of Medicine" id="SO_2017_06_11_Instance_19247" type="identity">
      <class id="SO:0000704" label="gene"/>
      <span end="46851" id="16670015-13246" start="46846">genes</span>
    </annotation>
    <annotation annotator="Mike Bada, University of Colorado School of Medicine" id="SO_2017_06_11_Instance_59711" type="identity">
      <class id="SO:0000112" label="primer"/>
      <span end="46913" id="16670015-13723" start="46906">primers</span>
    </annotation>
    <annotation annotator="Mike Bada, University of Colorado School of Medicine" id="SO_2017_06_11_Instance_19249" type="identity">
      <class id="SO:0000704" label="gene"/>
      <span end="46977" id="16670015-13248" start="46972">genes</span>
    </annotation>
    <annotation annotator="Mike Bada, University of Colorado School of Medicine" id="SO_2017_06_11_Instance_59713" type="identity">
      <class id="SO:0001026" label="genome"/>
      <span end="47706" id="16670015-13725" start="47700">genome</span>
    </annotation>
    <annotation annotator="Mike Bada, University of Colorado School of Medicine" id="SO_2017_06_11_Instance_59715" type="identity">
      <class id="SO:0000771" label="QTL"/>
      <span end="47734" id="16670015-13727" start="47731">QTL</span>
    </annotation>
    <annotation annotator="Mike Bada, University of Colorado School of Medicine" id="SO_2017_06_11_Instance_59717" type="identity">
      <class id="SO:0001026" label="genome"/>
      <span end="48324" id="16670015-13729" start="48318">Genome</span>
    </annotation>
    <annotation annotator="Mike Bada, University of Colorado School of Medicine" id="SO_2017_06_11_Instance_59719" type="identity">
      <class id="SO:0000771" label="QTL"/>
      <span end="48371" id="16670015-13731" start="48368">QTL</span>
    </annotation>
    <annotation annotator="" id="SO_2017_06_11_Instance_92655" type="identity">
      <class id="SO:0000028" label="base_pair"/>
      <span end="48530" id="16670015-13797" start="48528">bp</span>
    </annotation>
    <annotation annotator="Mike Bada, University of Colorado School of Medicine" id="SO_2017_06_11_Instance_59727" type="identity">
      <class id="SO:0000771" label="QTL"/>
      <span end="48859" id="16670015-13733" start="48856">QTL</span>
    </annotation>
    <annotation annotator="Mike Bada, University of Colorado School of Medicine" id="SO_2017_06_11_Instance_59739" type="identity">
      <class id="SO:0000704" label="gene"/>
      <span end="49715" id="16670015-13735" start="49710">Genes</span>
    </annotation>
    <annotation annotator="Mike Bada, University of Colorado School of Medicine" id="SO_2017_06_11_Instance_59741" type="identity">
      <class id="SO:0000704" label="gene"/>
      <span end="49836" id="16670015-13737" start="49831">Genes</span>
    </annotation>
    <annotation annotator="Mike Bada, University of Colorado School of Medicine" id="SO_2017_06_11_Instance_38705" type="identity">
      <class id="SO:0001026" label="genome"/>
      <span end="49894" id="16670015-13316" start="49887">genomic</span>
    </annotation>
    <annotation annotator="Mike Bada, University of Colorado School of Medicine" id="SO_2017_06_11_Instance_59743" type="identity">
      <class id="SO:0000704" label="gene"/>
      <span end="49917" id="16670015-13739" start="49913">gene</span>
    </annotation>
    <annotation annotator="Mike Bada, University of Colorado School of Medicine" id="SO_2017_06_11_Instance_59745" type="identity">
      <class id="SO:0000704" label="gene"/>
      <span end="49958" id="16670015-13741" start="49953">genes</span>
    </annotation>
    <annotation annotator="Mike Bada, University of Colorado School of Medicine" id="SO_2017_06_11_Instance_59747" type="identity">
      <class id="SO:0000704" label="gene"/>
      <span end="50061" id="16670015-13743" start="50056">Genes</span>
    </annotation>
    <annotation annotator="Mike Bada, University of Colorado School of Medicine" id="SO_2017_06_11_Instance_59749" type="identity">
      <class id="SO:0000704" label="gene"/>
      <span end="50123" id="16670015-13745" start="50118">genes</span>
    </annotation>
    <annotation annotator="Mike Bada, University of Colorado School of Medicine" id="SO_2017_06_11_Instance_59753" type="identity">
      <class id="SO:0000771" label="QTL"/>
      <span end="50139" id="16670015-13747" start="50136">QTL</span>
    </annotation>
    <annotation annotator="Mike Bada, University of Colorado School of Medicine" id="SO_2017_06_11_Instance_59755" type="identity">
      <class id="SO:0001026" label="genome"/>
      <span end="50296" id="16670015-13749" start="50290">genome</span>
    </annotation>
    <annotation annotator="Mike Bada, University of Colorado School of Medicine" id="SO_2017_06_11_Instance_59757" type="identity">
      <class id="SO:0000771" label="QTL"/>
      <span end="50305" id="16670015-13751" start="50302">QTL</span>
    </annotation>
    <annotation annotator="Mike Bada, University of Colorado School of Medicine" id="SO_2017_06_11_Instance_59759" type="identity">
      <class id="SO:0000771" label="QTL"/>
      <span end="50339" id="16670015-13753" start="50336">QTL</span>
    </annotation>
    <annotation annotator="Mike Bada, University of Colorado School of Medicine" id="SO_2017_06_11_Instance_59761" type="identity">
      <class id="SO:0000771" label="QTL"/>
      <span end="50365" id="16670015-13755" start="50341">quantitative trait locus</span>
    </annotation>
    <annotation annotator="Mike Bada, University of Colorado School of Medicine" id="SO_2017_06_11_Instance_59765" type="identity">
      <class id="SO:0000771" label="QTL"/>
      <span end="50417" id="16670015-13757" start="50414">QTL</span>
    </annotation>
    <annotation annotator="Mike Bada, University of Colorado School of Medicine" id="SO_2017_06_11_Instance_59767" type="identity">
      <class id="SO:0000771" label="QTL"/>
      <span end="50564" id="16670015-13759" start="50561">QTL</span>
    </annotation>
    <annotation annotator="" id="SO_2017_06_11_Instance_92657" type="identity">
      <class id="SO:0000028" label="base_pair"/>
      <span end="50589" id="16670015-13799" start="50587">bp</span>
    </annotation>
    <annotation annotator="Mike Bada, University of Colorado School of Medicine" id="SO_2017_06_11_Instance_59769" type="identity">
      <class id="SO:0001026" label="genome"/>
      <span end="50648" id="16670015-13761" start="50642">genome</span>
    </annotation>
    <annotation annotator="" id="SO_2017_06_11_Instance_92659" type="identity">
      <class id="SO:0000028" label="base_pair"/>
      <span end="50816" id="16670015-13801" start="50814">bp</span>
    </annotation>
    <annotation annotator="" id="SO_2017_06_11_Instance_92661" type="identity">
      <class id="SO:0000028" label="base_pair"/>
      <span end="50860" id="16670015-13803" start="50858">bp</span>
    </annotation>
    <annotation annotator="Mike Bada, University of Colorado School of Medicine" id="SO_2017_06_11_Instance_38707" type="identity">
      <class id="SO:0001026" label="genome"/>
      <span end="51230" id="16670015-13318" start="51223">genomic</span>
    </annotation>
    <annotation annotator="Mike Bada, University of Colorado School of Medicine" id="SO_2017_06_11_Instance_59773" type="identity">
      <class id="SO:0001023" label="allele"/>
      <span end="51267" id="16670015-13763" start="51260">alleles</span>
    </annotation>
    <annotation annotator="" id="SO_2017_06_11_Instance_92028" type="identity">
      <class id="SO:0001816" label="non_synonymous"/>
      <span end="53992" id="16670015-13775" start="53979">Nonsynonymous</span>
    </annotation>
    <annotation annotator="Mike Bada, University of Colorado School of Medicine" id="SO_2017_06_11_Instance_59781" type="identity">
      <class id="SO:0000694" label="SNP"/>
      <span end="53996" id="16670015-13765" start="53993">SNP</span>
    </annotation>
    <annotation annotator="Mike Bada, University of Colorado School of Medicine" id="SO_2017_06_11_Instance_19251" type="identity">
      <class id="SO:0000704" label="gene"/>
      <span end="54042" id="16670015-13250" start="54037">genes</span>
    </annotation>
    <annotation annotator="Mike Bada, University of Colorado School of Medicine" id="SO_2017_06_11_Instance_59791" type="identity">
      <class id="SO:0001023" label="allele"/>
      <span end="54305" id="16670015-13767" start="54299">allele</span>
    </annotation>
    <annotation annotator="Mike Bada, University of Colorado School of Medicine" id="SO_2017_06_11_Instance_59793" type="identity">
      <class id="SO:0001023" label="allele"/>
      <span end="54345" id="16670015-13769" start="54339">allele</span>
    </annotation>
    <annotation annotator="Mike Bada, University of Colorado School of Medicine" id="SO_2017_06_11_Instance_59795" type="identity">
      <class id="SO:0001023" label="allele"/>
      <span end="54372" id="16670015-13771" start="54366">allele</span>
    </annotation>
    <annotation annotator="Mike Bada, University of Colorado School of Medicine" id="SO_2017_06_11_Instance_59797" type="identity">
      <class id="SO:0001023" label="allele"/>
      <span end="54424" id="16670015-13773" start="54418">allele</span>
    </annotation>
    <graph-space id="Old Knowtator Relations"/>
  </document>
</knowtator-project>
