<?xml version="1.0" encoding="UTF-8" standalone="no"?>
<knowtator-project>
  <document id="16700629" text-file="16700629.txt">
    <annotation annotator="Mike Bada, University of Colorado School of Medicine" id="SO_2017_06_11_Instance_59801" type="identity">
      <class id="SO:0000704" label="gene"/>
      <span end="102" id="16700629-13850" start="97">genes</span>
    </annotation>
    <annotation annotator="Mike Bada, University of Colorado School of Medicine" id="SO_2017_06_11_Instance_25423" type="identity">
      <class id="SO:0000366" label="insertion_site"/>
      <span end="165" id="16700629-13822" start="149">integration site</span>
    </annotation>
    <annotation annotator="Mike Bada, University of Colorado School of Medicine" id="SO_2017_06_11_Instance_59803" type="identity">
      <class id="SO:0000704" label="gene"/>
      <span end="601" id="16700629-13852" start="597">gene</span>
    </annotation>
    <annotation annotator="Mike Bada, University of Colorado School of Medicine" id="SO_2017_06_11_Instance_59805" type="identity">
      <class id="SO:0000704" label="gene"/>
      <span end="2243" id="16700629-13854" start="2238">genes</span>
    </annotation>
    <annotation annotator="Mike Bada, University of Colorado School of Medicine" id="SO_2017_06_11_Instance_32283" type="identity">
      <class id="SO:0000366" label="insertion_site"/>
      <span end="2531" id="16700629-13824" start="2515">integration site</span>
    </annotation>
    <annotation annotator="Mike Bada, University of Colorado School of Medicine" id="SO_2017_06_11_Instance_59809" type="identity">
      <class id="SO:0000704" label="gene"/>
      <span end="2755" id="16700629-13856" start="2751">gene</span>
    </annotation>
    <annotation annotator="Mike Bada, University of Colorado School of Medicine" id="SO_2017_06_11_Instance_59813" type="identity">
      <class id="SO:0000704" label="gene"/>
      <span end="3235" id="16700629-13858" start="3231">gene</span>
    </annotation>
    <annotation annotator="Mike Bada, University of Colorado School of Medicine" id="SO_2017_06_11_Instance_59815" type="identity">
      <class id="SO:0000704" label="gene"/>
      <span end="3272" id="16700629-13860" start="3268">gene</span>
    </annotation>
    <annotation annotator="Mike Bada, University of Colorado School of Medicine" id="SO_2017_06_11_Instance_35807" type="identity">
      <class id="SO:0000704" label="gene"/>
      <span end="3454" id="16700629-13826" start="3447">Genetic</span>
    </annotation>
    <annotation annotator="Mike Bada, University of Colorado School of Medicine" id="SO_2017_06_11_Instance_59819" type="identity">
      <class id="SO:0000902" label="transgene"/>
      <span end="3537" id="16700629-13862" start="3527">transgenes</span>
    </annotation>
    <annotation annotator="Mike Bada, University of Colorado School of Medicine" id="SO_2017_06_11_Instance_59821" type="identity">
      <class id="SO:0000704" label="gene"/>
      <span end="4204" id="16700629-13864" start="4199">genes</span>
    </annotation>
    <annotation annotator="Mike Bada, University of Colorado School of Medicine" id="SO_2017_06_11_Instance_59823" type="identity">
      <class id="SO:0000704" label="gene"/>
      <span end="4250" id="16700629-13866" start="4246">gene</span>
    </annotation>
    <annotation annotator="Mike Bada, University of Colorado School of Medicine" id="SO_2017_06_11_Instance_59825" type="identity">
      <class id="SO:0000704" label="gene"/>
      <span end="4355" id="16700629-13868" start="4351">gene</span>
    </annotation>
    <annotation annotator="Mike Bada, University of Colorado School of Medicine" id="SO_2017_06_11_Instance_35809" type="identity">
      <class id="SO:0000704" label="gene"/>
      <span end="6619" id="16700629-13828" start="6612">genetic</span>
    </annotation>
    <annotation annotator="Mike Bada, University of Colorado School of Medicine" id="SO_2017_06_11_Instance_59827" type="identity">
      <class id="SO:0000704" label="gene"/>
      <span end="7033" id="16700629-13870" start="7029">gene</span>
    </annotation>
    <annotation annotator="Mike Bada, University of Colorado School of Medicine" id="SO_2017_06_11_Instance_59829" type="identity">
      <class id="SO:0000704" label="gene"/>
      <span end="7427" id="16700629-13872" start="7422">genes</span>
    </annotation>
    <annotation annotator="Mike Bada, University of Colorado School of Medicine" id="SO_2017_06_11_Instance_59831" type="identity">
      <class id="SO:0000704" label="gene"/>
      <span end="7510" id="16700629-13874" start="7506">gene</span>
    </annotation>
    <annotation annotator="Mike Bada, University of Colorado School of Medicine" id="SO_2017_06_11_Instance_35811" type="identity">
      <class id="SO:0000704" label="gene"/>
      <span end="7537" id="16700629-13830" start="7530">genetic</span>
    </annotation>
    <annotation annotator="Mike Bada, University of Colorado School of Medicine" id="SO_2017_06_11_Instance_59833" type="identity">
      <class id="SO:0000902" label="transgene"/>
      <span end="9477" id="16700629-13876" start="9468">transgene</span>
    </annotation>
    <annotation annotator="Mike Bada, University of Colorado School of Medicine" id="SO_2017_06_11_Instance_59835" type="identity">
      <class id="SO:0000167" label="promoter"/>
      <span end="9504" id="16700629-13878" start="9496">promoter</span>
    </annotation>
    <annotation annotator="Mike Bada, University of Colorado School of Medicine" id="SO_2017_06_11_Instance_59837" type="identity">
      <class id="SO:0000902" label="transgene"/>
      <span end="9546" id="16700629-13880" start="9537">transgene</span>
    </annotation>
    <annotation annotator="Mike Bada, University of Colorado School of Medicine" id="SO_2017_06_11_Instance_59839" type="identity">
      <class id="SO:0000902" label="transgene"/>
      <span end="9978" id="16700629-13882" start="9969">transgene</span>
    </annotation>
    <annotation annotator="Mike Bada, University of Colorado School of Medicine" id="SO_2017_06_11_Instance_59841" type="identity">
      <class id="SO:0000902" label="transgene"/>
      <span end="10197" id="16700629-13884" start="10188">transgene</span>
    </annotation>
    <annotation annotator="Mike Bada, University of Colorado School of Medicine" id="SO_2017_06_11_Instance_36257" type="identity">
      <class id="SO:0000704" label="gene"/>
      <span end="11014" id="16700629-13832" start="11007">genetic</span>
    </annotation>
    <annotation annotator="Mike Bada, University of Colorado School of Medicine" id="SO_2017_06_11_Instance_59847" type="identity">
      <class id="SO:0000704" label="gene"/>
      <span end="14352" id="16700629-13886" start="14347">genes</span>
    </annotation>
    <annotation annotator="Mike Bada, University of Colorado School of Medicine" id="SO_2017_06_11_Instance_39755" type="identity">
      <class id="SO:0000359" label="floxed"/>
      <span end="14732" id="16700629-13844" start="14728">flox</span>
    </annotation>
    <annotation annotator="Mike Bada, University of Colorado School of Medicine" id="SO_2017_06_11_Instance_59849" type="identity">
      <class id="SO:0001023" label="allele"/>
      <span end="14740" id="16700629-13888" start="14734">allele</span>
    </annotation>
    <annotation annotator="" id="SO_2017_06_11_Instance_224681" type="identity">
      <class id="SO:0000359" label="floxed"/>
      <span end="14758" id="16700629-13810" start="14754">flox</span>
    </annotation>
    <annotation annotator="Mike Bada, University of Colorado School of Medicine" id="SO_2017_06_11_Instance_39757" type="identity">
      <class id="SO:0000359" label="floxed"/>
      <span end="14763" id="16700629-13846" start="14759">flox</span>
    </annotation>
    <annotation annotator="Mike Bada, University of Colorado School of Medicine" id="SO_2017_06_11_Instance_59851" type="identity">
      <class id="SO:0000902" label="transgene"/>
      <span end="14816" id="16700629-13890" start="14806">transgenes</span>
    </annotation>
    <annotation annotator="Mike Bada, University of Colorado School of Medicine" id="SO_2017_06_11_Instance_59859" type="identity">
      <class id="SO:0000704" label="gene"/>
      <span end="15876" id="16700629-13892" start="15871">genes</span>
    </annotation>
    <annotation annotator="" id="SO_2017_06_11_Instance_224683" type="identity">
      <class id="SO:0000359" label="floxed"/>
      <span end="16514" id="16700629-13812" start="16510">flox</span>
    </annotation>
    <annotation annotator="Mike Bada, University of Colorado School of Medicine" id="SO_2017_06_11_Instance_59863" type="identity">
      <class id="SO:0000704" label="gene"/>
      <span end="16798" id="16700629-13894" start="16793">genes</span>
    </annotation>
    <annotation annotator="Mike Bada, University of Colorado School of Medicine" id="SO_2017_06_11_Instance_59865" type="identity">
      <class id="SO:0000704" label="gene"/>
      <span end="17062" id="16700629-13896" start="17057">genes</span>
    </annotation>
    <annotation annotator="Mike Bada, University of Colorado School of Medicine" id="SO_2017_06_11_Instance_59869" type="identity">
      <class id="SO:0000704" label="gene"/>
      <span end="19124" id="16700629-13898" start="19120">gene</span>
    </annotation>
    <annotation annotator="Mike Bada, University of Colorado School of Medicine" id="SO_2017_06_11_Instance_36259" type="identity">
      <class id="SO:0000704" label="gene"/>
      <span end="19482" id="16700629-13834" start="19475">genetic</span>
    </annotation>
    <annotation annotator="Mike Bada, University of Colorado School of Medicine" id="SO_2017_06_11_Instance_59875" type="identity">
      <class id="SO:0000673" label="transcript"/>
      <span end="21546" id="16700629-13900" start="21535">transcripts</span>
    </annotation>
    <annotation annotator="Mike Bada, University of Colorado School of Medicine" id="SO_2017_06_11_Instance_36263" type="identity">
      <class id="SO:0000704" label="gene"/>
      <span end="23065" id="16700629-13836" start="23058">genetic</span>
    </annotation>
    <annotation annotator="Mike Bada, University of Colorado School of Medicine" id="SO_2017_06_11_Instance_59877" type="identity">
      <class id="SO:0000704" label="gene"/>
      <span end="25603" id="16700629-13902" start="25599">gene</span>
    </annotation>
    <annotation annotator="Mike Bada, University of Colorado School of Medicine" id="SO_2017_06_11_Instance_39759" type="identity">
      <class id="SO:0005836" label="regulatory_region"/>
      <span end="27364" id="16700629-13848" start="27344">regulatory sequences</span>
    </annotation>
    <annotation annotator="Mike Bada, University of Colorado School of Medicine" id="SO_2017_06_11_Instance_36265" type="identity">
      <class id="SO:0000704" label="gene"/>
      <span end="29314" id="16700629-13838" start="29307">genetic</span>
    </annotation>
    <annotation annotator="Mike Bada, University of Colorado School of Medicine" id="SO_2017_06_11_Instance_59883" type="identity">
      <class id="SO:0000112" label="primer"/>
      <span end="31041" id="16700629-13904" start="31034">primers</span>
    </annotation>
    <annotation annotator="Mike Bada, University of Colorado School of Medicine" id="SO_2017_06_11_Instance_59887" type="identity">
      <class id="SO:0000704" label="gene"/>
      <span end="31171" id="16700629-13906" start="31167">gene</span>
    </annotation>
    <annotation annotator="Mike Bada, University of Colorado School of Medicine" id="SO_2017_06_11_Instance_38963" type="identity">
      <class id="SO:0000366" label="insertion_site"/>
      <span end="35080" id="16700629-13842" start="35064">integration site</span>
    </annotation>
    <annotation annotator="Mike Bada, University of Colorado School of Medicine" id="SO_2017_06_11_Instance_59897" type="identity">
      <class id="SO:0000167" label="promoter"/>
      <span end="36269" id="16700629-13908" start="36261">promoter</span>
    </annotation>
    <annotation annotator="" id="SO_2017_06_11_Instance_224685" type="identity">
      <class id="SO:0000359" label="floxed"/>
      <span end="37813" id="16700629-13814" start="37809">flox</span>
    </annotation>
    <annotation annotator="" id="SO_2017_06_11_Instance_224687" type="identity">
      <class id="SO:0000359" label="floxed"/>
      <span end="37930" id="16700629-13816" start="37926">flox</span>
    </annotation>
    <annotation annotator="" id="SO_2017_06_11_Instance_224689" type="identity">
      <class id="SO:0000359" label="floxed"/>
      <span end="38138" id="16700629-13818" start="38134">flox</span>
    </annotation>
    <annotation annotator="" id="SO_2017_06_11_Instance_224691" type="identity">
      <class id="SO:0000359" label="floxed"/>
      <span end="38494" id="16700629-13820" start="38490">flox</span>
    </annotation>
    <annotation annotator="Mike Bada, University of Colorado School of Medicine" id="SO_2017_06_11_Instance_59903" type="identity">
      <class id="SO:0000704" label="gene"/>
      <span end="38740" id="16700629-13910" start="38735">Genes</span>
    </annotation>
    <annotation annotator="Mike Bada, University of Colorado School of Medicine" id="SO_2017_06_11_Instance_59905" type="identity">
      <class id="SO:0000704" label="gene"/>
      <span end="38791" id="16700629-13912" start="38786">genes</span>
    </annotation>
    <annotation annotator="Mike Bada, University of Colorado School of Medicine" id="SO_2017_06_11_Instance_59907" type="identity">
      <class id="SO:0000673" label="transcript"/>
      <span end="41074" id="16700629-13914" start="41063">transcripts</span>
    </annotation>
    <annotation annotator="Mike Bada, University of Colorado School of Medicine" id="SO_2017_06_11_Instance_59909" type="identity">
      <class id="SO:0000673" label="transcript"/>
      <span end="41161" id="16700629-13916" start="41150">transcripts</span>
    </annotation>
    <annotation annotator="Mike Bada, University of Colorado School of Medicine" id="SO_2017_06_11_Instance_36457" type="identity">
      <class id="SO:0000704" label="gene"/>
      <span end="41326" id="16700629-13840" start="41319">genetic</span>
    </annotation>
    <graph-space id="Old Knowtator Relations"/>
  </document>
</knowtator-project>
