<?xml version="1.0" encoding="UTF-8" standalone="no"?>
<knowtator-project>
    <document id="16700629" text-file="16700629.txt">
        <annotation annotator="Mike Bada, University of Colorado School of Medicine" id="SO_2017_06_11_Instance_59801" type="identity">
            <class id="SO:0000704" label="gene"/>
            <span end="102" id="16700629-13849" start="97">genes</span>
        </annotation>
        <annotation annotator="Mike Bada, University of Colorado School of Medicine" id="SO_2017_06_11_Instance_25423" type="identity">
            <class id="SO:0000366" label="insertion_site"/>
            <span end="165" id="16700629-13821" start="149">integration site</span>
        </annotation>
        <annotation annotator="Mike Bada, University of Colorado School of Medicine" id="SO_2017_06_11_Instance_59803" type="identity">
            <class id="SO:0000704" label="gene"/>
            <span end="601" id="16700629-13851" start="597">gene</span>
        </annotation>
        <annotation annotator="Mike Bada, University of Colorado School of Medicine" id="SO_2017_06_11_Instance_59805" type="identity">
            <class id="SO:0000704" label="gene"/>
            <span end="2243" id="16700629-13853" start="2238">genes</span>
        </annotation>
        <annotation annotator="Mike Bada, University of Colorado School of Medicine" id="SO_2017_06_11_Instance_32283" type="identity">
            <class id="SO:0000366" label="insertion_site"/>
            <span end="2531" id="16700629-13823" start="2515">integration site</span>
        </annotation>
        <annotation annotator="Mike Bada, University of Colorado School of Medicine" id="SO_2017_06_11_Instance_59809" type="identity">
            <class id="SO:0000704" label="gene"/>
            <span end="2755" id="16700629-13855" start="2751">gene</span>
        </annotation>
        <annotation annotator="Mike Bada, University of Colorado School of Medicine" id="SO_2017_06_11_Instance_59813" type="identity">
            <class id="SO:0000704" label="gene"/>
            <span end="3235" id="16700629-13857" start="3231">gene</span>
        </annotation>
        <annotation annotator="Mike Bada, University of Colorado School of Medicine" id="SO_2017_06_11_Instance_59815" type="identity">
            <class id="SO:0000704" label="gene"/>
            <span end="3272" id="16700629-13859" start="3268">gene</span>
        </annotation>
        <annotation annotator="Mike Bada, University of Colorado School of Medicine" id="SO_2017_06_11_Instance_35807" type="identity">
            <class id="SO:0000704" label="gene"/>
            <span end="3454" id="16700629-13825" start="3447">Genetic</span>
        </annotation>
        <annotation annotator="Mike Bada, University of Colorado School of Medicine" id="SO_2017_06_11_Instance_59819" type="identity">
            <class id="SO:0000902" label="transgene"/>
            <span end="3537" id="16700629-13861" start="3527">transgenes</span>
        </annotation>
        <annotation annotator="Mike Bada, University of Colorado School of Medicine" id="SO_2017_06_11_Instance_59821" type="identity">
            <class id="SO:0000704" label="gene"/>
            <span end="4204" id="16700629-13863" start="4199">genes</span>
        </annotation>
        <annotation annotator="Mike Bada, University of Colorado School of Medicine" id="SO_2017_06_11_Instance_59823" type="identity">
            <class id="SO:0000704" label="gene"/>
            <span end="4250" id="16700629-13865" start="4246">gene</span>
        </annotation>
        <annotation annotator="Mike Bada, University of Colorado School of Medicine" id="SO_2017_06_11_Instance_59825" type="identity">
            <class id="SO:0000704" label="gene"/>
            <span end="4355" id="16700629-13867" start="4351">gene</span>
        </annotation>
        <annotation annotator="Mike Bada, University of Colorado School of Medicine" id="SO_2017_06_11_Instance_35809" type="identity">
            <class id="SO:0000704" label="gene"/>
            <span end="6619" id="16700629-13827" start="6612">genetic</span>
        </annotation>
        <annotation annotator="Mike Bada, University of Colorado School of Medicine" id="SO_2017_06_11_Instance_59827" type="identity">
            <class id="SO:0000704" label="gene"/>
            <span end="7033" id="16700629-13869" start="7029">gene</span>
        </annotation>
        <annotation annotator="Mike Bada, University of Colorado School of Medicine" id="SO_2017_06_11_Instance_59829" type="identity">
            <class id="SO:0000704" label="gene"/>
            <span end="7427" id="16700629-13871" start="7422">genes</span>
        </annotation>
        <annotation annotator="Mike Bada, University of Colorado School of Medicine" id="SO_2017_06_11_Instance_59831" type="identity">
            <class id="SO:0000704" label="gene"/>
            <span end="7510" id="16700629-13873" start="7506">gene</span>
        </annotation>
        <annotation annotator="Mike Bada, University of Colorado School of Medicine" id="SO_2017_06_11_Instance_35811" type="identity">
            <class id="SO:0000704" label="gene"/>
            <span end="7537" id="16700629-13829" start="7530">genetic</span>
        </annotation>
        <annotation annotator="Mike Bada, University of Colorado School of Medicine" id="SO_2017_06_11_Instance_59833" type="identity">
            <class id="SO:0000902" label="transgene"/>
            <span end="9477" id="16700629-13875" start="9468">transgene</span>
        </annotation>
        <annotation annotator="Mike Bada, University of Colorado School of Medicine" id="SO_2017_06_11_Instance_59835" type="identity">
            <class id="SO:0000167" label="promoter"/>
            <span end="9504" id="16700629-13877" start="9496">promoter</span>
        </annotation>
        <annotation annotator="Mike Bada, University of Colorado School of Medicine" id="SO_2017_06_11_Instance_59837" type="identity">
            <class id="SO:0000902" label="transgene"/>
            <span end="9546" id="16700629-13879" start="9537">transgene</span>
        </annotation>
        <annotation annotator="Mike Bada, University of Colorado School of Medicine" id="SO_2017_06_11_Instance_59839" type="identity">
            <class id="SO:0000902" label="transgene"/>
            <span end="9978" id="16700629-13881" start="9969">transgene</span>
        </annotation>
        <annotation annotator="Mike Bada, University of Colorado School of Medicine" id="SO_2017_06_11_Instance_59841" type="identity">
            <class id="SO:0000902" label="transgene"/>
            <span end="10197" id="16700629-13883" start="10188">transgene</span>
        </annotation>
        <annotation annotator="Mike Bada, University of Colorado School of Medicine" id="SO_2017_06_11_Instance_36257" type="identity">
            <class id="SO:0000704" label="gene"/>
            <span end="11014" id="16700629-13831" start="11007">genetic</span>
        </annotation>
        <annotation annotator="Mike Bada, University of Colorado School of Medicine" id="SO_2017_06_11_Instance_59847" type="identity">
            <class id="SO:0000704" label="gene"/>
            <span end="14352" id="16700629-13885" start="14347">genes</span>
        </annotation>
        <annotation annotator="Mike Bada, University of Colorado School of Medicine" id="SO_2017_06_11_Instance_39755" type="identity">
            <class id="SO:0000359" label="floxed"/>
            <span end="14732" id="16700629-13843" start="14728">flox</span>
        </annotation>
        <annotation annotator="Mike Bada, University of Colorado School of Medicine" id="SO_2017_06_11_Instance_59849" type="identity">
            <class id="SO:0001023" label="allele"/>
            <span end="14740" id="16700629-13887" start="14734">allele</span>
        </annotation>
        <annotation annotator="" id="SO_2017_06_11_Instance_224681" type="identity">
            <class id="SO:0000359" label="floxed"/>
            <span end="14758" id="16700629-13809" start="14754">flox</span>
        </annotation>
        <annotation annotator="Mike Bada, University of Colorado School of Medicine" id="SO_2017_06_11_Instance_39757" type="identity">
            <class id="SO:0000359" label="floxed"/>
            <span end="14763" id="16700629-13845" start="14759">flox</span>
        </annotation>
        <annotation annotator="Mike Bada, University of Colorado School of Medicine" id="SO_2017_06_11_Instance_59851" type="identity">
            <class id="SO:0000902" label="transgene"/>
            <span end="14816" id="16700629-13889" start="14806">transgenes</span>
        </annotation>
        <annotation annotator="Mike Bada, University of Colorado School of Medicine" id="SO_2017_06_11_Instance_59859" type="identity">
            <class id="SO:0000704" label="gene"/>
            <span end="15876" id="16700629-13891" start="15871">genes</span>
        </annotation>
        <annotation annotator="" id="SO_2017_06_11_Instance_224683" type="identity">
            <class id="SO:0000359" label="floxed"/>
            <span end="16514" id="16700629-13811" start="16510">flox</span>
        </annotation>
        <annotation annotator="Mike Bada, University of Colorado School of Medicine" id="SO_2017_06_11_Instance_59863" type="identity">
            <class id="SO:0000704" label="gene"/>
            <span end="16798" id="16700629-13893" start="16793">genes</span>
        </annotation>
        <annotation annotator="Mike Bada, University of Colorado School of Medicine" id="SO_2017_06_11_Instance_59865" type="identity">
            <class id="SO:0000704" label="gene"/>
            <span end="17062" id="16700629-13895" start="17057">genes</span>
        </annotation>
        <annotation annotator="Mike Bada, University of Colorado School of Medicine" id="SO_2017_06_11_Instance_59869" type="identity">
            <class id="SO:0000704" label="gene"/>
            <span end="19124" id="16700629-13897" start="19120">gene</span>
        </annotation>
        <annotation annotator="Mike Bada, University of Colorado School of Medicine" id="SO_2017_06_11_Instance_36259" type="identity">
            <class id="SO:0000704" label="gene"/>
            <span end="19482" id="16700629-13833" start="19475">genetic</span>
        </annotation>
        <annotation annotator="Mike Bada, University of Colorado School of Medicine" id="SO_2017_06_11_Instance_59875" type="identity">
            <class id="SO:0000673" label="transcript"/>
            <span end="21546" id="16700629-13899" start="21535">transcripts</span>
        </annotation>
        <annotation annotator="Mike Bada, University of Colorado School of Medicine" id="SO_2017_06_11_Instance_36263" type="identity">
            <class id="SO:0000704" label="gene"/>
            <span end="23065" id="16700629-13835" start="23058">genetic</span>
        </annotation>
        <annotation annotator="Mike Bada, University of Colorado School of Medicine" id="SO_2017_06_11_Instance_59877" type="identity">
            <class id="SO:0000704" label="gene"/>
            <span end="25603" id="16700629-13901" start="25599">gene</span>
        </annotation>
        <annotation annotator="Mike Bada, University of Colorado School of Medicine" id="SO_2017_06_11_Instance_39759" type="identity">
            <class id="SO:0005836" label="regulatory_region"/>
            <span end="27364" id="16700629-13847" start="27344">regulatory sequences</span>
        </annotation>
        <annotation annotator="Mike Bada, University of Colorado School of Medicine" id="SO_2017_06_11_Instance_36265" type="identity">
            <class id="SO:0000704" label="gene"/>
            <span end="29314" id="16700629-13837" start="29307">genetic</span>
        </annotation>
        <annotation annotator="Mike Bada, University of Colorado School of Medicine" id="SO_2017_06_11_Instance_59883" type="identity">
            <class id="SO:0000112" label="primer"/>
            <span end="31041" id="16700629-13903" start="31034">primers</span>
        </annotation>
        <annotation annotator="Mike Bada, University of Colorado School of Medicine" id="SO_2017_06_11_Instance_59887" type="identity">
            <class id="SO:0000704" label="gene"/>
            <span end="31171" id="16700629-13905" start="31167">gene</span>
        </annotation>
        <annotation annotator="Mike Bada, University of Colorado School of Medicine" id="SO_2017_06_11_Instance_38963" type="identity">
            <class id="SO:0000366" label="insertion_site"/>
            <span end="35080" id="16700629-13841" start="35064">integration site</span>
        </annotation>
        <annotation annotator="Mike Bada, University of Colorado School of Medicine" id="SO_2017_06_11_Instance_59897" type="identity">
            <class id="SO:0000167" label="promoter"/>
            <span end="36269" id="16700629-13907" start="36261">promoter</span>
        </annotation>
        <annotation annotator="" id="SO_2017_06_11_Instance_224685" type="identity">
            <class id="SO:0000359" label="floxed"/>
            <span end="37813" id="16700629-13813" start="37809">flox</span>
        </annotation>
        <annotation annotator="" id="SO_2017_06_11_Instance_224687" type="identity">
            <class id="SO:0000359" label="floxed"/>
            <span end="37930" id="16700629-13815" start="37926">flox</span>
        </annotation>
        <annotation annotator="" id="SO_2017_06_11_Instance_224689" type="identity">
            <class id="SO:0000359" label="floxed"/>
            <span end="38138" id="16700629-13817" start="38134">flox</span>
        </annotation>
        <annotation annotator="" id="SO_2017_06_11_Instance_224691" type="identity">
            <class id="SO:0000359" label="floxed"/>
            <span end="38494" id="16700629-13819" start="38490">flox</span>
        </annotation>
        <annotation annotator="Mike Bada, University of Colorado School of Medicine" id="SO_2017_06_11_Instance_59903" type="identity">
            <class id="SO:0000704" label="gene"/>
            <span end="38740" id="16700629-13909" start="38735">Genes</span>
        </annotation>
        <annotation annotator="Mike Bada, University of Colorado School of Medicine" id="SO_2017_06_11_Instance_59905" type="identity">
            <class id="SO:0000704" label="gene"/>
            <span end="38791" id="16700629-13911" start="38786">genes</span>
        </annotation>
        <annotation annotator="Mike Bada, University of Colorado School of Medicine" id="SO_2017_06_11_Instance_59907" type="identity">
            <class id="SO:0000673" label="transcript"/>
            <span end="41074" id="16700629-13913" start="41063">transcripts</span>
        </annotation>
        <annotation annotator="Mike Bada, University of Colorado School of Medicine" id="SO_2017_06_11_Instance_59909" type="identity">
            <class id="SO:0000673" label="transcript"/>
            <span end="41161" id="16700629-13915" start="41150">transcripts</span>
        </annotation>
        <annotation annotator="Mike Bada, University of Colorado School of Medicine" id="SO_2017_06_11_Instance_36457" type="identity">
            <class id="SO:0000704" label="gene"/>
            <span end="41326" id="16700629-13839" start="41319">genetic</span>
        </annotation>
        <graph-space id="Old Knowtator Relations"/>
    </document>
</knowtator-project>
