<?xml version="1.0" encoding="UTF-8" standalone="no"?>
<knowtator-project>
    <document id="16870721" text-file="16870721.txt">
        <annotation annotator="Mike Bada, University of Colorado School of Medicine" id="SO_2017_06_11_Instance_61337" type="identity">
            <class id="SO:0000704" label="gene"/>
            <span end="17" id="16870721-13990" start="13">gene</span>
        </annotation>
        <annotation annotator="Mike Bada, University of Colorado School of Medicine" id="SO_2017_06_11_Instance_40599" type="identity">
            <class id="SO:0005853" label="gene_cassette"/>
            <span end="450" id="16870721-13955" start="442">Cassette</span>
        </annotation>
        <annotation annotator="Mike Bada, University of Colorado School of Medicine" id="SO_2017_06_11_Instance_31483" type="identity">
            <class id="SO:0000948" label="inversion_site"/>
            <span end="898" id="16870721-13930" start="890">inverted</span>
            <span end="936" id="16870721-13931" start="931">sites</span>
        </annotation>
        <annotation annotator="Mike Bada, University of Colorado School of Medicine" id="SO_2017_06_11_Instance_61339" type="identity">
            <class id="SO:0000155" label="plasmid"/>
            <span end="1288" id="16870721-13992" start="1280">plasmids</span>
        </annotation>
        <annotation annotator="Mike Bada, University of Colorado School of Medicine" id="SO_2017_06_11_Instance_40461" type="identity">
            <class id="SO:0001026" label="genome"/>
            <span end="1639" id="16870721-13933" start="1632">genomic</span>
        </annotation>
        <annotation annotator="Mike Bada, University of Colorado School of Medicine" id="SO_2017_06_11_Instance_61341" type="identity">
            <class id="SO:0000167" label="promoter"/>
            <span end="1690" id="16870721-13994" start="1682">promoter</span>
        </annotation>
        <annotation annotator="Mike Bada, University of Colorado School of Medicine" id="SO_2017_06_11_Instance_61343" type="identity">
            <class id="SO:0000155" label="plasmid"/>
            <span end="2383" id="16870721-13996" start="2375">plasmids</span>
        </annotation>
        <annotation annotator="Mike Bada, University of Colorado School of Medicine" id="SO_2017_06_11_Instance_61345" type="identity">
            <class id="SO:0000704" label="gene"/>
            <span end="2785" id="16870721-13998" start="2780">genes</span>
        </annotation>
        <annotation annotator="Mike Bada, University of Colorado School of Medicine" id="SO_2017_06_11_Instance_61347" type="identity">
            <class id="SO:0000704" label="gene"/>
            <span end="2920" id="16870721-14000" start="2916">gene</span>
        </annotation>
        <annotation annotator="Mike Bada, University of Colorado School of Medicine" id="SO_2017_06_11_Instance_61349" type="identity">
            <class id="SO:0000646" label="siRNA"/>
            <span end="2996" id="16870721-14002" start="2990">siRNAs</span>
        </annotation>
        <annotation annotator="Mike Bada, University of Colorado School of Medicine" id="SO_2017_06_11_Instance_61351" type="identity">
            <class id="SO:0000704" label="gene"/>
            <span end="3064" id="16870721-14004" start="3060">gene</span>
        </annotation>
        <annotation annotator="Mike Bada, University of Colorado School of Medicine" id="SO_2017_06_11_Instance_61353" type="identity">
            <class id="SO:0001023" label="allele"/>
            <span end="3226" id="16870721-14006" start="3219">alleles</span>
        </annotation>
        <annotation annotator="Mike Bada, University of Colorado School of Medicine" id="SO_2017_06_11_Instance_61357" type="identity">
            <class id="SO:0001023" label="allele"/>
            <span end="3349" id="16870721-14008" start="3342">alleles</span>
        </annotation>
        <annotation annotator="Mike Bada, University of Colorado School of Medicine" id="SO_2017_06_11_Instance_40471" type="identity">
            <class id="SO:0005853" label="gene_cassette"/>
            <span end="3568" id="16870721-13935" start="3560">Cassette</span>
        </annotation>
        <annotation annotator="Mike Bada, University of Colorado School of Medicine" id="SO_2017_06_11_Instance_61359" type="identity">
            <class id="SO:0000704" label="gene"/>
            <span end="3677" id="16870721-14010" start="3673">gene</span>
        </annotation>
        <annotation annotator="Mike Bada, University of Colorado School of Medicine" id="SO_2017_06_11_Instance_40473" type="identity">
            <class id="SO:0005853" label="gene_cassette"/>
            <span end="3731" id="16870721-13937" start="3723">cassette</span>
        </annotation>
        <annotation annotator="Mike Bada, University of Colorado School of Medicine" id="SO_2017_06_11_Instance_61361" type="identity">
            <class id="SO:0000357" label="flanked"/>
            <span end="3739" id="16870721-14012" start="3732">flanked</span>
        </annotation>
        <annotation annotator="Mike Bada, University of Colorado School of Medicine" id="SO_2017_06_11_Instance_61363" type="identity">
            <class id="SO:0000346" label="loxP_site"/>
            <span end="3784" id="16870721-14014" start="3774">loxP sites</span>
        </annotation>
        <annotation annotator="Mike Bada, University of Colorado School of Medicine" id="SO_2017_06_11_Instance_40583" type="identity">
            <class id="SO:0000359" label="floxed"/>
            <span end="3825" id="16870721-13939" start="3819">floxed</span>
        </annotation>
        <annotation annotator="Mike Bada, University of Colorado School of Medicine" id="SO_2017_06_11_Instance_40585" type="identity">
            <class id="SO:0005853" label="gene_cassette"/>
            <span end="3897" id="16870721-13941" start="3889">cassette</span>
        </annotation>
        <annotation annotator="Mike Bada, University of Colorado School of Medicine" id="SO_2017_06_11_Instance_61365" type="identity">
            <class id="SO:0000359" label="floxed"/>
            <span end="3917" id="16870721-14016" start="3911">floxed</span>
        </annotation>
        <annotation annotator="Mike Bada, University of Colorado School of Medicine" id="SO_2017_06_11_Instance_61367" type="identity">
            <class id="SO:0001023" label="allele"/>
            <span end="3931" id="16870721-14018" start="3925">allele</span>
        </annotation>
        <annotation annotator="Mike Bada, University of Colorado School of Medicine" id="SO_2017_06_11_Instance_61371" type="identity">
            <class id="SO:0000704" label="gene"/>
            <span end="3989" id="16870721-14020" start="3985">gene</span>
        </annotation>
        <annotation annotator="Mike Bada, University of Colorado School of Medicine" id="SO_2017_06_11_Instance_40587" type="identity">
            <class id="SO:0005853" label="gene_cassette"/>
            <span end="4142" id="16870721-13943" start="4133">cassettes</span>
        </annotation>
        <annotation annotator="Mike Bada, University of Colorado School of Medicine" id="SO_2017_06_11_Instance_61373" type="identity">
            <class id="SO:0000346" label="loxP_site"/>
            <span end="4176" id="16870721-14022" start="4166">loxP sites</span>
        </annotation>
        <annotation annotator="Mike Bada, University of Colorado School of Medicine" id="SO_2017_06_11_Instance_61375" type="identity">
            <class id="SO:0000346" label="loxP_site"/>
            <span end="4260" id="16870721-14024" start="4250">loxP sites</span>
        </annotation>
        <annotation annotator="Mike Bada, University of Colorado School of Medicine" id="SO_2017_06_11_Instance_40589" type="identity">
            <class id="SO:0005853" label="gene_cassette"/>
            <span end="4442" id="16870721-13945" start="4434">cassette</span>
        </annotation>
        <annotation annotator="Mike Bada, University of Colorado School of Medicine" id="SO_2017_06_11_Instance_61379" type="identity">
            <class id="SO:0000704" label="gene"/>
            <span end="4613" id="16870721-14026" start="4609">gene</span>
        </annotation>
        <annotation annotator="Mike Bada, University of Colorado School of Medicine" id="SO_2017_06_11_Instance_61381" type="identity">
            <class id="SO:0000704" label="gene"/>
            <span end="4672" id="16870721-14028" start="4668">gene</span>
        </annotation>
        <annotation annotator="Mike Bada, University of Colorado School of Medicine" id="SO_2017_06_11_Instance_10121" type="identity">
            <class id="SO:0000948" label="inversion_site"/>
            <span end="4752" id="16870721-13919" start="4744">inverted</span>
            <span end="4776" id="16870721-13920" start="4771">sites</span>
        </annotation>
        <annotation annotator="Mike Bada, University of Colorado School of Medicine" id="SO_2017_06_11_Instance_61383" type="identity">
            <class id="SO:0000346" label="loxP_site"/>
            <span end="4776" id="16870721-14030" start="4766">loxP sites</span>
        </annotation>
        <annotation annotator="Mike Bada, University of Colorado School of Medicine" id="SO_2017_06_11_Instance_40591" type="identity">
            <class id="SO:0005853" label="gene_cassette"/>
            <span end="4874" id="16870721-13947" start="4866">cassette</span>
        </annotation>
        <annotation annotator="Mike Bada, University of Colorado School of Medicine" id="SO_2017_06_11_Instance_61385" type="identity">
            <class id="SO:0001023" label="allele"/>
            <span end="5011" id="16870721-14032" start="5005">allele</span>
        </annotation>
        <annotation annotator="Mike Bada, University of Colorado School of Medicine" id="SO_2017_06_11_Instance_10123" type="identity">
            <class id="SO:0000948" label="inversion_site"/>
            <span end="5623" id="16870721-13922" start="5615">inverted</span>
            <span end="5647" id="16870721-13923" start="5642">sites</span>
        </annotation>
        <annotation annotator="Mike Bada, University of Colorado School of Medicine" id="SO_2017_06_11_Instance_61389" type="identity">
            <class id="SO:0000346" label="loxP_site"/>
            <span end="5647" id="16870721-14034" start="5637">loxP sites</span>
        </annotation>
        <annotation annotator="Mike Bada, University of Colorado School of Medicine" id="SO_2017_06_11_Instance_61391" type="identity">
            <class id="SO:0000155" label="plasmid"/>
            <span end="6225" id="16870721-14036" start="6218">plasmid</span>
        </annotation>
        <annotation annotator="Mike Bada, University of Colorado School of Medicine" id="SO_2017_06_11_Instance_61393" type="identity">
            <class id="SO:0000155" label="plasmid"/>
            <span end="6345" id="16870721-14038" start="6338">plasmid</span>
        </annotation>
        <annotation annotator="Mike Bada, University of Colorado School of Medicine" id="SO_2017_06_11_Instance_61395" type="identity">
            <class id="SO:0000346" label="loxP_site"/>
            <span end="6386" id="16870721-14040" start="6376">loxP sites</span>
        </annotation>
        <annotation annotator="Mike Bada, University of Colorado School of Medicine" id="SO_2017_06_11_Instance_40611" type="identity">
            <class id="SO:0000346" label="loxP_site"/>
            <span end="6463" id="16870721-13957" start="6459">loxP</span>
        </annotation>
        <annotation annotator="Mike Bada, University of Colorado School of Medicine" id="SO_2017_06_11_Instance_40623" type="identity">
            <class id="SO:0000346" label="loxP_site"/>
            <span end="6477" id="16870721-13959" start="6473">loxP</span>
        </annotation>
        <annotation annotator="Mike Bada, University of Colorado School of Medicine" id="SO_2017_06_11_Instance_40625" type="identity">
            <class id="SO:0000346" label="loxP_site"/>
            <span end="6573" id="16870721-13961" start="6569">loxP</span>
        </annotation>
        <annotation annotator="Mike Bada, University of Colorado School of Medicine" id="SO_2017_06_11_Instance_40627" type="identity">
            <class id="SO:0000346" label="loxP_site"/>
            <span end="6693" id="16870721-13963" start="6689">loxP</span>
        </annotation>
        <annotation annotator="Mike Bada, University of Colorado School of Medicine" id="SO_2017_06_11_Instance_61403" type="identity">
            <class id="SO:0000346" label="loxP_site"/>
            <span end="6777" id="16870721-14042" start="6767">loxP sites</span>
        </annotation>
        <annotation annotator="Mike Bada, University of Colorado School of Medicine" id="SO_2017_06_11_Instance_61405" type="identity">
            <class id="SO:0000155" label="plasmid"/>
            <span end="6927" id="16870721-14044" start="6920">plasmid</span>
        </annotation>
        <annotation annotator="Mike Bada, University of Colorado School of Medicine" id="SO_2017_06_11_Instance_61407" type="identity">
            <class id="SO:0000346" label="loxP_site"/>
            <span end="7003" id="16870721-14046" start="6993">LoxP sites</span>
        </annotation>
        <annotation annotator="Mike Bada, University of Colorado School of Medicine" id="SO_2017_06_11_Instance_61409" type="identity">
            <class id="SO:0000155" label="plasmid"/>
            <span end="7023" id="16870721-14048" start="7016">plasmid</span>
        </annotation>
        <annotation annotator="Mike Bada, University of Colorado School of Medicine" id="SO_2017_06_11_Instance_61411" type="identity">
            <class id="SO:0000155" label="plasmid"/>
            <span end="7068" id="16870721-14050" start="7061">plasmid</span>
        </annotation>
        <annotation annotator="Mike Bada, University of Colorado School of Medicine" id="SO_2017_06_11_Instance_61415" type="identity">
            <class id="SO:0000704" label="gene"/>
            <span end="7185" id="16870721-14052" start="7181">gene</span>
        </annotation>
        <annotation annotator="Mike Bada, University of Colorado School of Medicine" id="SO_2017_06_11_Instance_61417" type="identity">
            <class id="SO:0000704" label="gene"/>
            <span end="7260" id="16870721-14054" start="7256">gene</span>
        </annotation>
        <annotation annotator="Mike Bada, University of Colorado School of Medicine" id="SO_2017_06_11_Instance_61419" type="identity">
            <class id="SO:0000155" label="plasmid"/>
            <span end="7280" id="16870721-14056" start="7273">plasmid</span>
        </annotation>
        <annotation annotator="Mike Bada, University of Colorado School of Medicine" id="SO_2017_06_11_Instance_61421" type="identity">
            <class id="SO:0000155" label="plasmid"/>
            <span end="7431" id="16870721-14058" start="7424">plasmid</span>
        </annotation>
        <annotation annotator="Mike Bada, University of Colorado School of Medicine" id="SO_2017_06_11_Instance_61423" type="identity">
            <class id="SO:0000155" label="plasmid"/>
            <span end="7513" id="16870721-14060" start="7506">plasmid</span>
        </annotation>
        <annotation annotator="Mike Bada, University of Colorado School of Medicine" id="SO_2017_06_11_Instance_61425" type="identity">
            <class id="SO:0000147" label="exon"/>
            <span end="7530" id="16870721-14062" start="7525">exons</span>
        </annotation>
        <annotation annotator="Mike Bada, University of Colorado School of Medicine" id="SO_2017_06_11_Instance_61427" type="identity">
            <class id="SO:0000155" label="plasmid"/>
            <span end="7614" id="16870721-14064" start="7607">plasmid</span>
        </annotation>
        <annotation annotator="Mike Bada, University of Colorado School of Medicine" id="SO_2017_06_11_Instance_61429" type="identity">
            <class id="SO:0000346" label="loxP_site"/>
            <span end="7713" id="16870721-14066" start="7703">loxP sites</span>
        </annotation>
        <annotation annotator="Mike Bada, University of Colorado School of Medicine" id="SO_2017_06_11_Instance_61431" type="identity">
            <class id="SO:0000155" label="plasmid"/>
            <span end="7817" id="16870721-14068" start="7810">plasmid</span>
        </annotation>
        <annotation annotator="Mike Bada, University of Colorado School of Medicine" id="SO_2017_06_11_Instance_61435" type="identity">
            <class id="SO:0000704" label="gene"/>
            <span end="7882" id="16870721-14070" start="7878">gene</span>
        </annotation>
        <annotation annotator="Mike Bada, University of Colorado School of Medicine" id="SO_2017_06_11_Instance_61437" type="identity">
            <class id="SO:0000704" label="gene"/>
            <span end="7899" id="16870721-14072" start="7895">gene</span>
        </annotation>
        <annotation annotator="Mike Bada, University of Colorado School of Medicine" id="SO_2017_06_11_Instance_61439" type="identity">
            <class id="SO:0000704" label="gene"/>
            <span end="8106" id="16870721-14074" start="8102">gene</span>
        </annotation>
        <annotation annotator="Mike Bada, University of Colorado School of Medicine" id="SO_2017_06_11_Instance_61441" type="identity">
            <class id="SO:0000155" label="plasmid"/>
            <span end="8120" id="16870721-14076" start="8113">plasmid</span>
        </annotation>
        <annotation annotator="Mike Bada, University of Colorado School of Medicine" id="SO_2017_06_11_Instance_61443" type="identity">
            <class id="SO:0000155" label="plasmid"/>
            <span end="8176" id="16870721-14078" start="8169">plasmid</span>
        </annotation>
        <annotation annotator="Mike Bada, University of Colorado School of Medicine" id="SO_2017_06_11_Instance_61449" type="identity">
            <class id="SO:0000155" label="plasmid"/>
            <span end="8368" id="16870721-14080" start="8361">plasmid</span>
        </annotation>
        <annotation annotator="Mike Bada, University of Colorado School of Medicine" id="SO_2017_06_11_Instance_61451" type="identity">
            <class id="SO:0000188" label="intron"/>
            <span end="8452" id="16870721-14082" start="8446">intron</span>
        </annotation>
        <annotation annotator="Mike Bada, University of Colorado School of Medicine" id="SO_2017_06_11_Instance_61453" type="identity">
            <class id="SO:0000155" label="plasmid"/>
            <span end="8495" id="16870721-14084" start="8488">plasmid</span>
        </annotation>
        <annotation annotator="Mike Bada, University of Colorado School of Medicine" id="SO_2017_06_11_Instance_61455" type="identity">
            <class id="SO:0000155" label="plasmid"/>
            <span end="8546" id="16870721-14086" start="8538">plasmids</span>
        </annotation>
        <annotation annotator="Mike Bada, University of Colorado School of Medicine" id="SO_2017_06_11_Instance_61457" type="identity">
            <class id="SO:0000155" label="plasmid"/>
            <span end="8631" id="16870721-14088" start="8624">plasmid</span>
        </annotation>
        <annotation annotator="Mike Bada, University of Colorado School of Medicine" id="SO_2017_06_11_Instance_61459" type="identity">
            <class id="SO:0000155" label="plasmid"/>
            <span end="8650" id="16870721-14090" start="8643">Plasmid</span>
        </annotation>
        <annotation annotator="Mike Bada, University of Colorado School of Medicine" id="SO_2017_06_11_Instance_61461" type="identity">
            <class id="SO:0000112" label="primer"/>
            <span end="8761" id="16870721-14092" start="8754">primers</span>
        </annotation>
        <annotation annotator="Mike Bada, University of Colorado School of Medicine" id="SO_2017_06_11_Instance_40667" type="identity">
            <class id="SO:0001421" label="splice_junction"/>
            <span end="8840" id="16870721-13973" start="8819">exon–intron junctions</span>
        </annotation>
        <annotation annotator="Mike Bada, University of Colorado School of Medicine" id="SO_2017_06_11_Instance_61465" type="identity">
            <class id="SO:0000346" label="loxP_site"/>
            <span end="8887" id="16870721-14094" start="8877">loxP sites</span>
        </annotation>
        <annotation annotator="Mike Bada, University of Colorado School of Medicine" id="SO_2017_06_11_Instance_61467" type="identity">
            <class id="SO:0000155" label="plasmid"/>
            <span end="8950" id="16870721-14096" start="8942">plasmids</span>
        </annotation>
        <annotation annotator="Mike Bada, University of Colorado School of Medicine" id="SO_2017_06_11_Instance_40673" type="identity">
            <class id="SO:0000852" label="exon_region"/>
            <span end="9077" id="16870721-13975" start="9065">part of exon</span>
        </annotation>
        <annotation annotator="Mike Bada, University of Colorado School of Medicine" id="SO_2017_06_11_Instance_61475" type="identity">
            <class id="SO:0000704" label="gene"/>
            <span end="9116" id="16870721-14098" start="9112">gene</span>
        </annotation>
        <annotation annotator="Mike Bada, University of Colorado School of Medicine" id="SO_2017_06_11_Instance_40675" type="identity">
            <class id="SO:0000831" label="gene_member_region"/>
            <span end="9214" id="16870721-13977" start="9207">part of</span>
            <span end="9227" id="16870721-13978" start="9223">gene</span>
        </annotation>
        <annotation annotator="Mike Bada, University of Colorado School of Medicine" id="SO_2017_06_11_Instance_61479" type="identity">
            <class id="SO:0000112" label="primer"/>
            <span end="9280" id="16870721-14100" start="9273">primers</span>
        </annotation>
        <annotation annotator="Mike Bada, University of Colorado School of Medicine" id="SO_2017_06_11_Instance_61481" type="identity">
            <class id="SO:0000319" label="stop_codon"/>
            <span end="9400" id="16870721-14102" start="9390">stop codon</span>
        </annotation>
        <annotation annotator="Mike Bada, University of Colorado School of Medicine" id="SO_2017_06_11_Instance_61483" type="identity">
            <class id="SO:0000112" label="primer"/>
            <span end="9447" id="16870721-14104" start="9440">primers</span>
        </annotation>
        <annotation annotator="Mike Bada, University of Colorado School of Medicine" id="SO_2017_06_11_Instance_61485" type="identity">
            <class id="SO:0000155" label="plasmid"/>
            <span end="9616" id="16870721-14106" start="9609">plasmid</span>
        </annotation>
        <annotation annotator="" id="SO_2017_06_11_Instance_171314" type="identity">
            <class id="SO:0001817" label="inframe"/>
            <span end="9675" id="16870721-13928" start="9667">in frame</span>
        </annotation>
        <annotation annotator="Mike Bada, University of Colorado School of Medicine" id="SO_2017_06_11_Instance_61489" type="identity">
            <class id="SO:0000155" label="plasmid"/>
            <span end="9729" id="16870721-14108" start="9722">plasmid</span>
        </annotation>
        <annotation annotator="Mike Bada, University of Colorado School of Medicine" id="SO_2017_06_11_Instance_61495" type="identity">
            <class id="SO:0000155" label="plasmid"/>
            <span end="9865" id="16870721-14110" start="9858">plasmid</span>
        </annotation>
        <annotation annotator="Mike Bada, University of Colorado School of Medicine" id="SO_2017_06_11_Instance_61499" type="identity">
            <class id="SO:0000155" label="plasmid"/>
            <span end="10099" id="16870721-14112" start="10092">plasmid</span>
        </annotation>
        <annotation annotator="Mike Bada, University of Colorado School of Medicine" id="SO_2017_06_11_Instance_61505" type="identity">
            <class id="SO:0000112" label="primer"/>
            <span end="10249" id="16870721-14114" start="10242">primers</span>
        </annotation>
        <annotation annotator="Mike Bada, University of Colorado School of Medicine" id="SO_2017_06_11_Instance_61507" type="identity">
            <class id="SO:0000704" label="gene"/>
            <span end="10305" id="16870721-14116" start="10301">gene</span>
        </annotation>
        <annotation annotator="Mike Bada, University of Colorado School of Medicine" id="SO_2017_06_11_Instance_61509" type="identity">
            <class id="SO:0000155" label="plasmid"/>
            <span end="10339" id="16870721-14118" start="10332">plasmid</span>
        </annotation>
        <annotation annotator="Mike Bada, University of Colorado School of Medicine" id="SO_2017_06_11_Instance_61513" type="identity">
            <class id="SO:0000704" label="gene"/>
            <span end="10417" id="16870721-14120" start="10413">gene</span>
        </annotation>
        <annotation annotator="Mike Bada, University of Colorado School of Medicine" id="SO_2017_06_11_Instance_61517" type="identity">
            <class id="SO:0000155" label="plasmid"/>
            <span end="10512" id="16870721-14122" start="10504">plasmids</span>
        </annotation>
        <annotation annotator="Mike Bada, University of Colorado School of Medicine" id="SO_2017_06_11_Instance_61521" type="identity">
            <class id="SO:0000155" label="plasmid"/>
            <span end="10613" id="16870721-14124" start="10605">plasmids</span>
        </annotation>
        <annotation annotator="Mike Bada, University of Colorado School of Medicine" id="SO_2017_06_11_Instance_61523" type="identity">
            <class id="SO:0000188" label="intron"/>
            <span end="10669" id="16870721-14126" start="10663">intron</span>
        </annotation>
        <annotation annotator="Mike Bada, University of Colorado School of Medicine" id="SO_2017_06_11_Instance_61525" type="identity">
            <class id="SO:0000188" label="intron"/>
            <span end="10728" id="16870721-14128" start="10722">intron</span>
        </annotation>
        <annotation annotator="Mike Bada, University of Colorado School of Medicine" id="SO_2017_06_11_Instance_61527" type="identity">
            <class id="SO:0000155" label="plasmid"/>
            <span end="10764" id="16870721-14130" start="10757">plasmid</span>
        </annotation>
        <annotation annotator="Mike Bada, University of Colorado School of Medicine" id="SO_2017_06_11_Instance_61529" type="identity">
            <class id="SO:0001023" label="allele"/>
            <span end="10862" id="16870721-14132" start="10856">allele</span>
        </annotation>
        <annotation annotator="Mike Bada, University of Colorado School of Medicine" id="SO_2017_06_11_Instance_61531" type="identity">
            <class id="SO:0001023" label="allele"/>
            <span end="11015" id="16870721-14134" start="11009">allele</span>
        </annotation>
        <annotation annotator="Mike Bada, University of Colorado School of Medicine" id="SO_2017_06_11_Instance_61533" type="identity">
            <class id="SO:0000155" label="plasmid"/>
            <span end="11893" id="16870721-14136" start="11886">plasmid</span>
        </annotation>
        <annotation annotator="Mike Bada, University of Colorado School of Medicine" id="SO_2017_06_11_Instance_61535" type="identity">
            <class id="SO:0000359" label="floxed"/>
            <span end="14267" id="16870721-14138" start="14261">floxed</span>
        </annotation>
        <annotation annotator="Mike Bada, University of Colorado School of Medicine" id="SO_2017_06_11_Instance_61537" type="identity">
            <class id="SO:0001023" label="allele"/>
            <span end="14274" id="16870721-14140" start="14268">allele</span>
        </annotation>
        <annotation annotator="Mike Bada, University of Colorado School of Medicine" id="SO_2017_06_11_Instance_40711" type="identity">
            <class id="SO:0000417" label="polypeptide_domain"/>
            <span end="16650" id="16870721-13980" start="16644">domain</span>
        </annotation>
        <annotation annotator="Mike Bada, University of Colorado School of Medicine" id="SO_2017_06_11_Instance_40713" type="identity">
            <class id="SO:0000417" label="polypeptide_domain"/>
            <span end="16770" id="16870721-13982" start="16764">domain</span>
        </annotation>
        <annotation annotator="Mike Bada, University of Colorado School of Medicine" id="SO_2017_06_11_Instance_61543" type="identity">
            <class id="SO:0000155" label="plasmid"/>
            <span end="16976" id="16870721-14142" start="16969">plasmid</span>
        </annotation>
        <annotation annotator="Mike Bada, University of Colorado School of Medicine" id="SO_2017_06_11_Instance_61547" type="identity">
            <class id="SO:0001023" label="allele"/>
            <span end="17383" id="16870721-14144" start="17377">allele</span>
        </annotation>
        <annotation annotator="Mike Bada, University of Colorado School of Medicine" id="SO_2017_06_11_Instance_61549" type="identity">
            <class id="SO:0001023" label="allele"/>
            <span end="17854" id="16870721-14146" start="17848">allele</span>
        </annotation>
        <annotation annotator="Mike Bada, University of Colorado School of Medicine" id="SO_2017_06_11_Instance_61551" type="identity">
            <class id="SO:0000155" label="plasmid"/>
            <span end="18271" id="16870721-14148" start="18264">plasmid</span>
        </annotation>
        <annotation annotator="Mike Bada, University of Colorado School of Medicine" id="SO_2017_06_11_Instance_61553" type="identity">
            <class id="SO:0000155" label="plasmid"/>
            <span end="18294" id="16870721-14150" start="18287">plasmid</span>
        </annotation>
        <annotation annotator="Mike Bada, University of Colorado School of Medicine" id="SO_2017_06_11_Instance_61555" type="identity">
            <class id="SO:0001023" label="allele"/>
            <span end="18390" id="16870721-14152" start="18384">allele</span>
        </annotation>
        <annotation annotator="Mike Bada, University of Colorado School of Medicine" id="SO_2017_06_11_Instance_61557" type="identity">
            <class id="SO:0000155" label="plasmid"/>
            <span end="18936" id="16870721-14154" start="18929">plasmid</span>
        </annotation>
        <annotation annotator="Mike Bada, University of Colorado School of Medicine" id="SO_2017_06_11_Instance_61559" type="identity">
            <class id="SO:0000155" label="plasmid"/>
            <span end="19297" id="16870721-14156" start="19290">plasmid</span>
        </annotation>
        <annotation annotator="Mike Bada, University of Colorado School of Medicine" id="SO_2017_06_11_Instance_40755" type="identity">
            <class id="SO:0000417" label="polypeptide_domain"/>
            <span end="20385" id="16870721-13984" start="20379">domain</span>
        </annotation>
        <annotation annotator="Mike Bada, University of Colorado School of Medicine" id="SO_2017_06_11_Instance_61563" type="identity">
            <class id="SO:0001023" label="allele"/>
            <span end="20693" id="16870721-14158" start="20687">allele</span>
        </annotation>
        <annotation annotator="Mike Bada, University of Colorado School of Medicine" id="SO_2017_06_11_Instance_10125" type="identity">
            <class id="SO:0000948" label="inversion_site"/>
            <span end="20861" id="16870721-13925" start="20853">inverted</span>
            <span end="20885" id="16870721-13926" start="20880">sites</span>
        </annotation>
        <annotation annotator="Mike Bada, University of Colorado School of Medicine" id="SO_2017_06_11_Instance_61565" type="identity">
            <class id="SO:0000346" label="loxP_site"/>
            <span end="20885" id="16870721-14160" start="20875">loxP sites</span>
        </annotation>
        <annotation annotator="Mike Bada, University of Colorado School of Medicine" id="SO_2017_06_11_Instance_61567" type="identity">
            <class id="SO:0001023" label="allele"/>
            <span end="21033" id="16870721-14162" start="21027">allele</span>
        </annotation>
        <annotation annotator="Mike Bada, University of Colorado School of Medicine" id="SO_2017_06_11_Instance_61569" type="identity">
            <class id="SO:0000704" label="gene"/>
            <span end="21045" id="16870721-14164" start="21041">gene</span>
        </annotation>
        <annotation annotator="Mike Bada, University of Colorado School of Medicine" id="SO_2017_06_11_Instance_61571" type="identity">
            <class id="SO:0000704" label="gene"/>
            <span end="21166" id="16870721-14166" start="21161">genes</span>
        </annotation>
        <annotation annotator="Mike Bada, University of Colorado School of Medicine" id="SO_2017_06_11_Instance_61573" type="identity">
            <class id="SO:0000704" label="gene"/>
            <span end="21378" id="16870721-14168" start="21373">genes</span>
        </annotation>
        <annotation annotator="Mike Bada, University of Colorado School of Medicine" id="SO_2017_06_11_Instance_61575" type="identity">
            <class id="SO:0000704" label="gene"/>
            <span end="21474" id="16870721-14170" start="21470">gene</span>
        </annotation>
        <annotation annotator="Mike Bada, University of Colorado School of Medicine" id="SO_2017_06_11_Instance_61577" type="identity">
            <class id="SO:0000704" label="gene"/>
            <span end="21524" id="16870721-14172" start="21520">gene</span>
        </annotation>
        <annotation annotator="Mike Bada, University of Colorado School of Medicine" id="SO_2017_06_11_Instance_61579" type="identity">
            <class id="SO:0000704" label="gene"/>
            <span end="22042" id="16870721-14174" start="22038">gene</span>
        </annotation>
        <annotation annotator="Mike Bada, University of Colorado School of Medicine" id="SO_2017_06_11_Instance_61581" type="identity">
            <class id="SO:0000147" label="exon"/>
            <span end="22078" id="16870721-14176" start="22073">exons</span>
        </annotation>
        <annotation annotator="Mike Bada, University of Colorado School of Medicine" id="SO_2017_06_11_Instance_40629" type="identity">
            <class id="SO:0000346" label="loxP_site"/>
            <span end="22157" id="16870721-13965" start="22153">loxP</span>
        </annotation>
        <annotation annotator="Mike Bada, University of Colorado School of Medicine" id="SO_2017_06_11_Instance_40593" type="identity">
            <class id="SO:0005853" label="gene_cassette"/>
            <span end="22229" id="16870721-13949" start="22221">cassette</span>
        </annotation>
        <annotation annotator="Mike Bada, University of Colorado School of Medicine" id="SO_2017_06_11_Instance_40631" type="identity">
            <class id="SO:0000346" label="loxP_site"/>
            <span end="22279" id="16870721-13967" start="22275">loxP</span>
        </annotation>
        <annotation annotator="Mike Bada, University of Colorado School of Medicine" id="SO_2017_06_11_Instance_61583" type="identity">
            <class id="SO:0000155" label="plasmid"/>
            <span end="22413" id="16870721-14178" start="22406">plasmid</span>
        </annotation>
        <annotation annotator="Mike Bada, University of Colorado School of Medicine" id="SO_2017_06_11_Instance_61585" type="identity">
            <class id="SO:0000155" label="plasmid"/>
            <span end="22439" id="16870721-14180" start="22432">plasmid</span>
        </annotation>
        <annotation annotator="Mike Bada, University of Colorado School of Medicine" id="SO_2017_06_11_Instance_61587" type="identity">
            <class id="SO:0000359" label="floxed"/>
            <span end="22453" id="16870721-14182" start="22447">floxed</span>
        </annotation>
        <annotation annotator="Mike Bada, University of Colorado School of Medicine" id="SO_2017_06_11_Instance_61589" type="identity">
            <class id="SO:0000147" label="exon"/>
            <span end="22489" id="16870721-14184" start="22485">exon</span>
        </annotation>
        <annotation annotator="Mike Bada, University of Colorado School of Medicine" id="SO_2017_06_11_Instance_40595" type="identity">
            <class id="SO:0005853" label="gene_cassette"/>
            <span end="22660" id="16870721-13951" start="22652">cassette</span>
        </annotation>
        <annotation annotator="Mike Bada, University of Colorado School of Medicine" id="SO_2017_06_11_Instance_40597" type="identity">
            <class id="SO:0005853" label="gene_cassette"/>
            <span end="22769" id="16870721-13953" start="22761">cassette</span>
        </annotation>
        <annotation annotator="Mike Bada, University of Colorado School of Medicine" id="SO_2017_06_11_Instance_61591" type="identity">
            <class id="SO:0001023" label="allele"/>
            <span end="23140" id="16870721-14186" start="23134">allele</span>
        </annotation>
        <annotation annotator="Mike Bada, University of Colorado School of Medicine" id="SO_2017_06_11_Instance_61593" type="identity">
            <class id="SO:0000704" label="gene"/>
            <span end="23449" id="16870721-14188" start="23445">gene</span>
        </annotation>
        <annotation annotator="Mike Bada, University of Colorado School of Medicine" id="SO_2017_06_11_Instance_61595" type="identity">
            <class id="SO:0000203" label="UTR"/>
            <span end="23548" id="16870721-14190" start="23544">UTRs</span>
        </annotation>
        <annotation annotator="Mike Bada, University of Colorado School of Medicine" id="SO_2017_06_11_Instance_40633" type="identity">
            <class id="SO:0000346" label="loxP_site"/>
            <span end="23781" id="16870721-13969" start="23777">loxP</span>
        </annotation>
        <annotation annotator="Mike Bada, University of Colorado School of Medicine" id="SO_2017_06_11_Instance_61601" type="identity">
            <class id="SO:0000147" label="exon"/>
            <span end="23814" id="16870721-14192" start="23809">exons</span>
        </annotation>
        <annotation annotator="Mike Bada, University of Colorado School of Medicine" id="SO_2017_06_11_Instance_40635" type="identity">
            <class id="SO:0000346" label="loxP_site"/>
            <span end="23930" id="16870721-13971" start="23926">loxP</span>
        </annotation>
        <annotation annotator="Mike Bada, University of Colorado School of Medicine" id="SO_2017_06_11_Instance_61607" type="identity">
            <class id="SO:0000704" label="gene"/>
            <span end="24015" id="16870721-14194" start="24011">gene</span>
        </annotation>
        <annotation annotator="Mike Bada, University of Colorado School of Medicine" id="SO_2017_06_11_Instance_61611" type="identity">
            <class id="SO:0000112" label="primer"/>
            <span end="24199" id="16870721-14196" start="24192">primers</span>
        </annotation>
        <annotation annotator="Mike Bada, University of Colorado School of Medicine" id="SO_2017_06_11_Instance_61613" type="identity">
            <class id="SO:0000155" label="plasmid"/>
            <span end="24370" id="16870721-14198" start="24363">plasmid</span>
        </annotation>
        <annotation annotator="Mike Bada, University of Colorado School of Medicine" id="SO_2017_06_11_Instance_61615" type="identity">
            <class id="SO:0000155" label="plasmid"/>
            <span end="24392" id="16870721-14200" start="24385">plasmid</span>
        </annotation>
        <annotation annotator="Mike Bada, University of Colorado School of Medicine" id="SO_2017_06_11_Instance_61619" type="identity">
            <class id="SO:0000357" label="flanked"/>
            <span end="24478" id="16870721-14202" start="24471">flanked</span>
        </annotation>
        <annotation annotator="Mike Bada, University of Colorado School of Medicine" id="SO_2017_06_11_Instance_61621" type="identity">
            <class id="SO:0000155" label="plasmid"/>
            <span end="24550" id="16870721-14204" start="24543">plasmid</span>
        </annotation>
        <annotation annotator="Mike Bada, University of Colorado School of Medicine" id="SO_2017_06_11_Instance_61623" type="identity">
            <class id="SO:0000112" label="primer"/>
            <span end="24607" id="16870721-14206" start="24600">primers</span>
        </annotation>
        <annotation annotator="Mike Bada, University of Colorado School of Medicine" id="SO_2017_06_11_Instance_61627" type="identity">
            <class id="SO:0000155" label="plasmid"/>
            <span end="25173" id="16870721-14208" start="25166">plasmid</span>
        </annotation>
        <annotation annotator="Mike Bada, University of Colorado School of Medicine" id="SO_2017_06_11_Instance_61629" type="identity">
            <class id="SO:0000155" label="plasmid"/>
            <span end="25684" id="16870721-14210" start="25677">plasmid</span>
        </annotation>
        <annotation annotator="Mike Bada, University of Colorado School of Medicine" id="SO_2017_06_11_Instance_61633" type="identity">
            <class id="SO:0000147" label="exon"/>
            <span end="25833" id="16870721-14212" start="25829">exon</span>
        </annotation>
        <annotation annotator="Mike Bada, University of Colorado School of Medicine" id="SO_2017_06_11_Instance_61637" type="identity">
            <class id="SO:0000112" label="primer"/>
            <span end="25971" id="16870721-14214" start="25964">primers</span>
        </annotation>
        <annotation annotator="Mike Bada, University of Colorado School of Medicine" id="SO_2017_06_11_Instance_61639" type="identity">
            <class id="SO:0000112" label="primer"/>
            <span end="26423" id="16870721-14216" start="26416">primers</span>
        </annotation>
        <annotation annotator="Mike Bada, University of Colorado School of Medicine" id="SO_2017_06_11_Instance_61641" type="identity">
            <class id="SO:0000112" label="primer"/>
            <span end="26837" id="16870721-14218" start="26830">primers</span>
        </annotation>
        <annotation annotator="Mike Bada, University of Colorado School of Medicine" id="SO_2017_06_11_Instance_61643" type="identity">
            <class id="SO:0001023" label="allele"/>
            <span end="26908" id="16870721-14220" start="26902">allele</span>
        </annotation>
        <annotation annotator="Mike Bada, University of Colorado School of Medicine" id="SO_2017_06_11_Instance_61645" type="identity">
            <class id="SO:0000112" label="primer"/>
            <span end="27073" id="16870721-14222" start="27066">primers</span>
        </annotation>
        <annotation annotator="Mike Bada, University of Colorado School of Medicine" id="SO_2017_06_11_Instance_61649" type="identity">
            <class id="SO:0000112" label="primer"/>
            <span end="27206" id="16870721-14224" start="27199">Primers</span>
        </annotation>
        <annotation annotator="Mike Bada, University of Colorado School of Medicine" id="SO_2017_06_11_Instance_40767" type="identity">
            <class id="SO:0000028" label="base_pair"/>
            <span end="27231" id="16870721-13986" start="27229">bp</span>
        </annotation>
        <annotation annotator="Mike Bada, University of Colorado School of Medicine" id="SO_2017_06_11_Instance_61651" type="identity">
            <class id="SO:0001023" label="allele"/>
            <span end="27264" id="16870721-14226" start="27258">allele</span>
        </annotation>
        <annotation annotator="Mike Bada, University of Colorado School of Medicine" id="SO_2017_06_11_Instance_61653" type="identity">
            <class id="SO:0000112" label="primer"/>
            <span end="27279" id="16870721-14228" start="27272">primers</span>
        </annotation>
        <annotation annotator="Mike Bada, University of Colorado School of Medicine" id="SO_2017_06_11_Instance_40769" type="identity">
            <class id="SO:0000028" label="base_pair"/>
            <span end="27317" id="16870721-13988" start="27315">bp</span>
        </annotation>
        <annotation annotator="Mike Bada, University of Colorado School of Medicine" id="SO_2017_06_11_Instance_61655" type="identity">
            <class id="SO:0001023" label="allele"/>
            <span end="27362" id="16870721-14230" start="27356">allele</span>
        </annotation>
        <annotation annotator="Mike Bada, University of Colorado School of Medicine" id="SO_2017_06_11_Instance_61657" type="identity">
            <class id="SO:0000155" label="plasmid"/>
            <span end="27490" id="16870721-14232" start="27483">plasmid</span>
        </annotation>
        <annotation annotator="Mike Bada, University of Colorado School of Medicine" id="SO_2017_06_11_Instance_61659" type="identity">
            <class id="SO:0000155" label="plasmid"/>
            <span end="27630" id="16870721-14234" start="27623">plasmid</span>
        </annotation>
        <annotation annotator="Mike Bada, University of Colorado School of Medicine" id="SO_2017_06_11_Instance_61661" type="identity">
            <class id="SO:0000155" label="plasmid"/>
            <span end="27662" id="16870721-14236" start="27655">plasmid</span>
        </annotation>
        <annotation annotator="Mike Bada, University of Colorado School of Medicine" id="SO_2017_06_11_Instance_61663" type="identity">
            <class id="SO:0000155" label="plasmid"/>
            <span end="27913" id="16870721-14238" start="27906">plasmid</span>
        </annotation>
        <annotation annotator="Mike Bada, University of Colorado School of Medicine" id="SO_2017_06_11_Instance_61665" type="identity">
            <class id="SO:0000155" label="plasmid"/>
            <span end="27975" id="16870721-14240" start="27968">plasmid</span>
        </annotation>
        <annotation annotator="Mike Bada, University of Colorado School of Medicine" id="SO_2017_06_11_Instance_61667" type="identity">
            <class id="SO:0000155" label="plasmid"/>
            <span end="28000" id="16870721-14242" start="27993">plasmid</span>
        </annotation>
        <annotation annotator="Mike Bada, University of Colorado School of Medicine" id="SO_2017_06_11_Instance_61669" type="identity">
            <class id="SO:0000112" label="primer"/>
            <span end="28050" id="16870721-14244" start="28043">primers</span>
        </annotation>
        <annotation annotator="Mike Bada, University of Colorado School of Medicine" id="SO_2017_06_11_Instance_61671" type="identity">
            <class id="SO:0000112" label="primer"/>
            <span end="28229" id="16870721-14246" start="28222">primers</span>
        </annotation>
        <annotation annotator="Mike Bada, University of Colorado School of Medicine" id="SO_2017_06_11_Instance_61675" type="identity">
            <class id="SO:0001023" label="allele"/>
            <span end="29387" id="16870721-14248" start="29380">alleles</span>
        </annotation>
        <graph-space id="Old Knowtator Relations"/>
    </document>
</knowtator-project>
