<?xml version="1.0" encoding="UTF-8" standalone="no"?>
<knowtator-project>
  <document id="17002498" text-file="17002498.txt">
    <annotation annotator="Mike Bada, University of Colorado School of Medicine" id="SO_2017_06_11_Instance_61843" type="identity">
      <class id="SO:0000704" label="gene"/>
      <span end="123" id="17002498-14374" start="119">gene</span>
    </annotation>
    <annotation annotator="Mike Bada, University of Colorado School of Medicine" id="SO_2017_06_11_Instance_61845" type="identity">
      <class id="SO:0000359" label="floxed"/>
      <span end="435" id="17002498-14376" start="429">floxed</span>
    </annotation>
    <annotation annotator="Mike Bada, University of Colorado School of Medicine" id="SO_2017_06_11_Instance_61847" type="identity">
      <class id="SO:0001023" label="allele"/>
      <span end="442" id="17002498-14378" start="436">allele</span>
    </annotation>
    <annotation annotator="Mike Bada, University of Colorado School of Medicine" id="SO_2017_06_11_Instance_61849" type="identity">
      <class id="SO:0000167" label="promoter"/>
      <span end="561" id="17002498-14380" start="553">promoter</span>
    </annotation>
    <annotation annotator="Mike Bada, University of Colorado School of Medicine" id="SO_2017_06_11_Instance_61851" type="identity">
      <class id="SO:0000359" label="floxed"/>
      <span end="669" id="17002498-14382" start="663">floxed</span>
    </annotation>
    <annotation annotator="Mike Bada, University of Colorado School of Medicine" id="SO_2017_06_11_Instance_61853" type="identity">
      <class id="SO:0001023" label="allele"/>
      <span end="676" id="17002498-14384" start="670">allele</span>
    </annotation>
    <annotation annotator="Mike Bada, University of Colorado School of Medicine" id="SO_2017_06_11_Instance_61855" type="identity">
      <class id="SO:0000902" label="transgene"/>
      <span end="714" id="17002498-14386" start="705">transgene</span>
    </annotation>
    <annotation annotator="Mike Bada, University of Colorado School of Medicine" id="SO_2017_06_11_Instance_61857" type="identity">
      <class id="SO:0000704" label="gene"/>
      <span end="1252" id="17002498-14388" start="1248">gene</span>
    </annotation>
    <annotation annotator="Mike Bada, University of Colorado School of Medicine" id="SO_2017_06_11_Instance_39351" type="identity">
      <class id="SO:0000704" label="gene"/>
      <span end="1594" id="17002498-14352" start="1587">genetic</span>
    </annotation>
    <annotation annotator="Mike Bada, University of Colorado School of Medicine" id="SO_2017_06_11_Instance_61859" type="identity">
      <class id="SO:0000704" label="gene"/>
      <span end="1632" id="17002498-14390" start="1628">gene</span>
    </annotation>
    <annotation annotator="Mike Bada, University of Colorado School of Medicine" id="SO_2017_06_11_Instance_61861" type="identity">
      <class id="SO:0000704" label="gene"/>
      <span end="2110" id="17002498-14392" start="2106">gene</span>
    </annotation>
    <annotation annotator="Mike Bada, University of Colorado School of Medicine" id="SO_2017_06_11_Instance_11929" type="identity">
      <class id="SO:0000902" label="transgene"/>
      <span end="2332" id="17002498-14304" start="2323">transgene</span>
    </annotation>
    <annotation annotator="Mike Bada, University of Colorado School of Medicine" id="SO_2017_06_11_Instance_61863" type="identity">
      <class id="SO:0000853" label="homologous_region"/>
      <span end="3367" id="17002498-14394" start="3360">homolog</span>
    </annotation>
    <annotation annotator="Mike Bada, University of Colorado School of Medicine" id="SO_2017_06_11_Instance_61865" type="identity">
      <class id="SO:0000704" label="gene"/>
      <span end="3744" id="17002498-14396" start="3740">gene</span>
    </annotation>
    <annotation annotator="Mike Bada, University of Colorado School of Medicine" id="SO_2017_06_11_Instance_61867" type="identity">
      <class id="SO:0000704" label="gene"/>
      <span end="4476" id="17002498-14398" start="4472">gene</span>
    </annotation>
    <annotation annotator="Mike Bada, University of Colorado School of Medicine" id="SO_2017_06_11_Instance_35719" type="identity">
      <class id="SO:0000704" label="gene"/>
      <span end="5075" id="17002498-14332" start="5064">genetically</span>
    </annotation>
    <annotation annotator="Mike Bada, University of Colorado School of Medicine" id="SO_2017_06_11_Instance_39547" type="identity">
      <class id="SO:0000704" label="gene"/>
      <span end="5306" id="17002498-14358" start="5299">genetic</span>
    </annotation>
    <annotation annotator="Mike Bada, University of Colorado School of Medicine" id="SO_2017_06_11_Instance_61869" type="identity">
      <class id="SO:0001023" label="allele"/>
      <span end="5580" id="17002498-14400" start="5574">allele</span>
    </annotation>
    <annotation annotator="Mike Bada, University of Colorado School of Medicine" id="SO_2017_06_11_Instance_61871" type="identity">
      <class id="SO:0001023" label="allele"/>
      <span end="5672" id="17002498-14402" start="5666">allele</span>
    </annotation>
    <annotation annotator="Mike Bada, University of Colorado School of Medicine" id="SO_2017_06_11_Instance_61873" type="identity">
      <class id="SO:0001023" label="allele"/>
      <span end="5842" id="17002498-14404" start="5836">allele</span>
    </annotation>
    <annotation annotator="Mike Bada, University of Colorado School of Medicine" id="SO_2017_06_11_Instance_61875" type="identity">
      <class id="SO:0000167" label="promoter"/>
      <span end="5977" id="17002498-14406" start="5969">promoter</span>
    </annotation>
    <annotation annotator="Mike Bada, University of Colorado School of Medicine" id="SO_2017_06_11_Instance_61877" type="identity">
      <class id="SO:0000167" label="promoter"/>
      <span end="6087" id="17002498-14408" start="6079">promoter</span>
    </annotation>
    <annotation annotator="Mike Bada, University of Colorado School of Medicine" id="SO_2017_06_11_Instance_36447" type="identity">
      <class id="SO:0000346" label="loxP_site"/>
      <span end="6675" id="17002498-14338" start="6671">loxP</span>
    </annotation>
    <annotation annotator="Mike Bada, University of Colorado School of Medicine" id="SO_2017_06_11_Instance_61879" type="identity">
      <class id="SO:0000704" label="gene"/>
      <span end="6738" id="17002498-14410" start="6734">gene</span>
    </annotation>
    <annotation annotator="Mike Bada, University of Colorado School of Medicine" id="SO_2017_06_11_Instance_61881" type="identity">
      <class id="SO:0001023" label="allele"/>
      <span end="6820" id="17002498-14412" start="6814">allele</span>
    </annotation>
    <annotation annotator="Mike Bada, University of Colorado School of Medicine" id="SO_2017_06_11_Instance_61883" type="identity">
      <class id="SO:0000346" label="loxP_site"/>
      <span end="6856" id="17002498-14414" start="6846">loxP sites</span>
    </annotation>
    <annotation annotator="" id="SO_2017_06_11_Instance_224495" type="identity">
      <class id="SO:0000357" label="flanked"/>
      <span end="6865" id="17002498-14318" start="6857">flanking</span>
    </annotation>
    <annotation annotator="Mike Bada, University of Colorado School of Medicine" id="SO_2017_06_11_Instance_61885" type="identity">
      <class id="SO:0000147" label="exon"/>
      <span end="6874" id="17002498-14416" start="6870">exon</span>
    </annotation>
    <annotation annotator="Mike Bada, University of Colorado School of Medicine" id="SO_2017_06_11_Instance_37289" type="identity">
      <class id="SO:0000350" label="FRT_site"/>
      <span end="6914" id="17002498-14344" start="6892">FLP recognition target</span>
      <span end="6926" id="17002498-14345" start="6921">sites</span>
    </annotation>
    <annotation annotator="Mike Bada, University of Colorado School of Medicine" id="SO_2017_06_11_Instance_61887" type="identity">
      <class id="SO:0000350" label="FRT_site"/>
      <span end="6919" id="17002498-14418" start="6916">FRT</span>
      <span end="6926" id="17002498-14419" start="6921">sites</span>
    </annotation>
    <annotation annotator="" id="SO_2017_06_11_Instance_224497" type="identity">
      <class id="SO:0000357" label="flanked"/>
      <span end="6935" id="17002498-14320" start="6927">flanking</span>
    </annotation>
    <annotation annotator="Mike Bada, University of Colorado School of Medicine" id="SO_2017_06_11_Instance_10707" type="identity">
      <class id="SO:0005853" label="gene_cassette"/>
      <span end="6967" id="17002498-14288" start="6959">cassette</span>
    </annotation>
    <annotation annotator="Mike Bada, University of Colorado School of Medicine" id="SO_2017_06_11_Instance_61889" type="identity">
      <class id="SO:0001023" label="allele"/>
      <span end="7020" id="17002498-14421" start="7014">allele</span>
    </annotation>
    <annotation annotator="Mike Bada, University of Colorado School of Medicine" id="SO_2017_06_11_Instance_10709" type="identity">
      <class id="SO:0005853" label="gene_cassette"/>
      <span end="7045" id="17002498-14290" start="7037">cassette</span>
    </annotation>
    <annotation annotator="Mike Bada, University of Colorado School of Medicine" id="SO_2017_06_11_Instance_10711" type="identity">
      <class id="SO:0005853" label="gene_cassette"/>
      <span end="7071" id="17002498-14292" start="7063">cassette</span>
    </annotation>
    <annotation annotator="Mike Bada, University of Colorado School of Medicine" id="SO_2017_06_11_Instance_61891" type="identity">
      <class id="SO:0000188" label="intron"/>
      <span end="7141" id="17002498-14423" start="7135">intron</span>
    </annotation>
    <annotation annotator="Mike Bada, University of Colorado School of Medicine" id="SO_2017_06_11_Instance_61893" type="identity">
      <class id="SO:0000704" label="gene"/>
      <span end="7167" id="17002498-14425" start="7163">gene</span>
    </annotation>
    <annotation annotator="Mike Bada, University of Colorado School of Medicine" id="SO_2017_06_11_Instance_38615" type="identity">
      <class id="SO:0000346" label="loxP_site"/>
      <span end="7177" id="17002498-14347" start="7173">loxP</span>
      <span end="7191" id="17002498-14348" start="7186">sites</span>
    </annotation>
    <annotation annotator="Mike Bada, University of Colorado School of Medicine" id="SO_2017_06_11_Instance_61895" type="identity">
      <class id="SO:0000350" label="FRT_site"/>
      <span end="7191" id="17002498-14427" start="7182">FRT sites</span>
    </annotation>
    <annotation annotator="Mike Bada, University of Colorado School of Medicine" id="SO_2017_06_11_Instance_61897" type="identity">
      <class id="SO:0001023" label="allele"/>
      <span end="7543" id="17002498-14429" start="7537">allele</span>
    </annotation>
    <annotation annotator="Mike Bada, University of Colorado School of Medicine" id="SO_2017_06_11_Instance_10713" type="identity">
      <class id="SO:0005853" label="gene_cassette"/>
      <span end="7582" id="17002498-14294" start="7574">cassette</span>
    </annotation>
    <annotation annotator="Mike Bada, University of Colorado School of Medicine" id="SO_2017_06_11_Instance_61899" type="identity">
      <class id="SO:0000346" label="loxP_site"/>
      <span end="7615" id="17002498-14431" start="7605">loxP sites</span>
    </annotation>
    <annotation annotator="Mike Bada, University of Colorado School of Medicine" id="SO_2017_06_11_Instance_61901" type="identity">
      <class id="SO:0000188" label="intron"/>
      <span end="7630" id="17002498-14433" start="7623">introns</span>
    </annotation>
    <annotation annotator="" id="SO_2017_06_11_Instance_224499" type="identity">
      <class id="SO:0000357" label="flanked"/>
      <span end="7639" id="17002498-14322" start="7631">flanking</span>
    </annotation>
    <annotation annotator="Mike Bada, University of Colorado School of Medicine" id="SO_2017_06_11_Instance_61903" type="identity">
      <class id="SO:0000147" label="exon"/>
      <span end="7644" id="17002498-14435" start="7640">exon</span>
    </annotation>
    <annotation annotator="Mike Bada, University of Colorado School of Medicine" id="SO_2017_06_11_Instance_61905" type="identity">
      <class id="SO:0000147" label="exon"/>
      <span end="7686" id="17002498-14437" start="7682">exon</span>
    </annotation>
    <annotation annotator="Mike Bada, University of Colorado School of Medicine" id="SO_2017_06_11_Instance_61907" type="identity">
      <class id="SO:0001023" label="allele"/>
      <span end="7847" id="17002498-14439" start="7841">allele</span>
    </annotation>
    <annotation annotator="Mike Bada, University of Colorado School of Medicine" id="SO_2017_06_11_Instance_61909" type="identity">
      <class id="SO:0000147" label="exon"/>
      <span end="7868" id="17002498-14441" start="7864">exon</span>
    </annotation>
    <annotation annotator="Mike Bada, University of Colorado School of Medicine" id="SO_2017_06_11_Instance_61911" type="identity">
      <class id="SO:0000673" label="transcript"/>
      <span end="7899" id="17002498-14443" start="7889">transcript</span>
    </annotation>
    <annotation annotator="Mike Bada, University of Colorado School of Medicine" id="SO_2017_06_11_Instance_61913" type="identity">
      <class id="SO:0000147" label="exon"/>
      <span end="7917" id="17002498-14445" start="7913">exon</span>
    </annotation>
    <annotation annotator="Mike Bada, University of Colorado School of Medicine" id="SO_2017_06_11_Instance_61915" type="identity">
      <class id="SO:0000717" label="reading_frame"/>
      <span end="7967" id="17002498-14447" start="7954">reading frame</span>
    </annotation>
    <annotation annotator="" id="SO_2017_06_11_Instance_171414" type="identity">
      <class id="SO:0001587" label="stop_gained"/>
      <span end="8017" id="17002498-14310" start="7984">premature chain termination codon</span>
    </annotation>
    <annotation annotator="Mike Bada, University of Colorado School of Medicine" id="SO_2017_06_11_Instance_61919" type="identity">
      <class id="SO:0001023" label="allele"/>
      <span end="8314" id="17002498-14449" start="8308">allele</span>
    </annotation>
    <annotation annotator="Mike Bada, University of Colorado School of Medicine" id="SO_2017_06_11_Instance_61921" type="identity">
      <class id="SO:0000147" label="exon"/>
      <span end="8487" id="17002498-14451" start="8483">exon</span>
    </annotation>
    <annotation annotator="Mike Bada, University of Colorado School of Medicine" id="SO_2017_06_11_Instance_61923" type="identity">
      <class id="SO:0000704" label="gene"/>
      <span end="8557" id="17002498-14453" start="8553">gene</span>
    </annotation>
    <annotation annotator="Mike Bada, University of Colorado School of Medicine" id="SO_2017_06_11_Instance_10061" type="identity">
      <class id="SO:0001023" label="allele"/>
      <span end="9236" id="17002498-14252" start="9229">allelic</span>
    </annotation>
    <annotation annotator="Mike Bada, University of Colorado School of Medicine" id="SO_2017_06_11_Instance_61929" type="identity">
      <class id="SO:0001023" label="allele"/>
      <span end="9260" id="17002498-14455" start="9254">allele</span>
    </annotation>
    <annotation annotator="Mike Bada, University of Colorado School of Medicine" id="SO_2017_06_11_Instance_61931" type="identity">
      <class id="SO:0001023" label="allele"/>
      <span end="9599" id="17002498-14457" start="9593">allele</span>
    </annotation>
    <annotation annotator="Mike Bada, University of Colorado School of Medicine" id="SO_2017_06_11_Instance_61933" type="identity">
      <class id="SO:0001023" label="allele"/>
      <span end="9658" id="17002498-14459" start="9652">allele</span>
    </annotation>
    <annotation annotator="Mike Bada, University of Colorado School of Medicine" id="SO_2017_06_11_Instance_61937" type="identity">
      <class id="SO:0001023" label="allele"/>
      <span end="9789" id="17002498-14461" start="9783">allele</span>
    </annotation>
    <annotation annotator="Mike Bada, University of Colorado School of Medicine" id="SO_2017_06_11_Instance_61941" type="identity">
      <class id="SO:0001023" label="allele"/>
      <span end="9825" id="17002498-14463" start="9819">allele</span>
    </annotation>
    <annotation annotator="Mike Bada, University of Colorado School of Medicine" id="SO_2017_06_11_Instance_61943" type="identity">
      <class id="SO:0000346" label="loxP_site"/>
      <span end="10010" id="17002498-14465" start="10000">loxP sites</span>
    </annotation>
    <annotation annotator="Mike Bada, University of Colorado School of Medicine" id="SO_2017_06_11_Instance_61945" type="identity">
      <class id="SO:0000188" label="intron"/>
      <span end="10021" id="17002498-14467" start="10014">introns</span>
    </annotation>
    <annotation annotator="" id="SO_2017_06_11_Instance_224501" type="identity">
      <class id="SO:0000357" label="flanked"/>
      <span end="10030" id="17002498-14324" start="10022">flanking</span>
    </annotation>
    <annotation annotator="Mike Bada, University of Colorado School of Medicine" id="SO_2017_06_11_Instance_61947" type="identity">
      <class id="SO:0000147" label="exon"/>
      <span end="10035" id="17002498-14469" start="10031">exon</span>
    </annotation>
    <annotation annotator="Mike Bada, University of Colorado School of Medicine" id="SO_2017_06_11_Instance_61949" type="identity">
      <class id="SO:0000704" label="gene"/>
      <span end="10093" id="17002498-14471" start="10089">gene</span>
    </annotation>
    <annotation annotator="Mike Bada, University of Colorado School of Medicine" id="SO_2017_06_11_Instance_61951" type="identity">
      <class id="SO:0000167" label="promoter"/>
      <span end="10771" id="17002498-14473" start="10763">promoter</span>
    </annotation>
    <annotation annotator="Mike Bada, University of Colorado School of Medicine" id="SO_2017_06_11_Instance_61953" type="identity">
      <class id="SO:0000167" label="promoter"/>
      <span end="10814" id="17002498-14475" start="10806">promoter</span>
    </annotation>
    <annotation annotator="Mike Bada, University of Colorado School of Medicine" id="SO_2017_06_11_Instance_39793" type="identity">
      <class id="SO:0000704" label="gene"/>
      <span end="14881" id="17002498-14362" start="14874">genetic</span>
    </annotation>
    <annotation annotator="Mike Bada, University of Colorado School of Medicine" id="SO_2017_06_11_Instance_61959" type="identity">
      <class id="SO:0000673" label="transcript"/>
      <span end="15769" id="17002498-14477" start="15758">Transcripts</span>
    </annotation>
    <annotation annotator="Mike Bada, University of Colorado School of Medicine" id="SO_2017_06_11_Instance_61961" type="identity">
      <class id="SO:0001023" label="allele"/>
      <span end="15903" id="17002498-14479" start="15896">alleles</span>
    </annotation>
    <annotation annotator="Mike Bada, University of Colorado School of Medicine" id="SO_2017_06_11_Instance_10633" type="identity">
      <class id="SO:0001026" label="genome"/>
      <span end="15912" id="17002498-14260" start="15905">Genomic</span>
    </annotation>
    <annotation annotator="Mike Bada, University of Colorado School of Medicine" id="SO_2017_06_11_Instance_10639" type="identity">
      <class id="SO:0001026" label="genome"/>
      <span end="16078" id="17002498-14262" start="16071">genomic</span>
    </annotation>
    <annotation annotator="Mike Bada, University of Colorado School of Medicine" id="SO_2017_06_11_Instance_61965" type="identity">
      <class id="SO:0001023" label="allele"/>
      <span end="16132" id="17002498-14481" start="16126">allele</span>
    </annotation>
    <annotation annotator="Mike Bada, University of Colorado School of Medicine" id="SO_2017_06_11_Instance_10641" type="identity">
      <class id="SO:0000028" label="base_pair"/>
      <span end="16140" id="17002498-14264" start="16138">bp</span>
    </annotation>
    <annotation annotator="Mike Bada, University of Colorado School of Medicine" id="SO_2017_06_11_Instance_61967" type="identity">
      <class id="SO:0001023" label="allele"/>
      <span end="16256" id="17002498-14483" start="16250">allele</span>
    </annotation>
    <annotation annotator="Mike Bada, University of Colorado School of Medicine" id="SO_2017_06_11_Instance_61969" type="identity">
      <class id="SO:0000673" label="transcript"/>
      <span end="16710" id="17002498-14485" start="16699">transcripts</span>
    </annotation>
    <annotation annotator="Mike Bada, University of Colorado School of Medicine" id="SO_2017_06_11_Instance_61971" type="identity">
      <class id="SO:0000112" label="primer"/>
      <span end="16752" id="17002498-14487" start="16745">primers</span>
    </annotation>
    <annotation annotator="Mike Bada, University of Colorado School of Medicine" id="SO_2017_06_11_Instance_61973" type="identity">
      <class id="SO:0000147" label="exon"/>
      <span end="16766" id="17002498-14489" start="16762">exon</span>
    </annotation>
    <annotation annotator="Mike Bada, University of Colorado School of Medicine" id="SO_2017_06_11_Instance_61975" type="identity">
      <class id="SO:0000006" label="PCR_product"/>
      <span end="16885" id="17002498-14491" start="16874">PCR product</span>
    </annotation>
    <annotation annotator="Mike Bada, University of Colorado School of Medicine" id="SO_2017_06_11_Instance_10645" type="identity">
      <class id="SO:0000028" label="base_pair"/>
      <span end="16893" id="17002498-14266" start="16891">bp</span>
    </annotation>
    <annotation annotator="Mike Bada, University of Colorado School of Medicine" id="SO_2017_06_11_Instance_61977" type="identity">
      <class id="SO:0001023" label="allele"/>
      <span end="16934" id="17002498-14493" start="16928">allele</span>
    </annotation>
    <annotation annotator="Mike Bada, University of Colorado School of Medicine" id="SO_2017_06_11_Instance_61981" type="identity">
      <class id="SO:0001023" label="allele"/>
      <span end="17209" id="17002498-14495" start="17203">allele</span>
    </annotation>
    <annotation annotator="Mike Bada, University of Colorado School of Medicine" id="SO_2017_06_11_Instance_10653" type="identity">
      <class id="SO:0000028" label="base_pair"/>
      <span end="17217" id="17002498-14268" start="17215">bp</span>
    </annotation>
    <annotation annotator="Mike Bada, University of Colorado School of Medicine" id="SO_2017_06_11_Instance_61985" type="identity">
      <class id="SO:0000704" label="gene"/>
      <span end="23795" id="17002498-14497" start="23791">gene</span>
    </annotation>
    <annotation annotator="Mike Bada, University of Colorado School of Medicine" id="SO_2017_06_11_Instance_61987" type="identity">
      <class id="SO:0001023" label="allele"/>
      <span end="32850" id="17002498-14499" start="32844">allele</span>
    </annotation>
    <annotation annotator="Mike Bada, University of Colorado School of Medicine" id="SO_2017_06_11_Instance_61989" type="identity">
      <class id="SO:0000147" label="exon"/>
      <span end="32880" id="17002498-14501" start="32876">exon</span>
    </annotation>
    <annotation annotator="Mike Bada, University of Colorado School of Medicine" id="SO_2017_06_11_Instance_11987" type="identity">
      <class id="SO:0000357" label="flanked"/>
      <span end="32905" id="17002498-14306" start="32898">flanked</span>
    </annotation>
    <annotation annotator="Mike Bada, University of Colorado School of Medicine" id="SO_2017_06_11_Instance_10659" type="identity">
      <class id="SO:0000346" label="loxP_site"/>
      <span end="32923" id="17002498-14270" start="32909">loxP sequences</span>
    </annotation>
    <annotation annotator="Mike Bada, University of Colorado School of Medicine" id="SO_2017_06_11_Instance_61991" type="identity">
      <class id="SO:0001023" label="allele"/>
      <span end="32971" id="17002498-14503" start="32965">allele</span>
    </annotation>
    <annotation annotator="Mike Bada, University of Colorado School of Medicine" id="SO_2017_06_11_Instance_61993" type="identity">
      <class id="SO:0000704" label="gene"/>
      <span end="33176" id="17002498-14505" start="33172">gene</span>
    </annotation>
    <annotation annotator="Mike Bada, University of Colorado School of Medicine" id="SO_2017_06_11_Instance_61995" type="identity">
      <class id="SO:0001023" label="allele"/>
      <span end="33261" id="17002498-14507" start="33255">allele</span>
    </annotation>
    <annotation annotator="Mike Bada, University of Colorado School of Medicine" id="SO_2017_06_11_Instance_61997" type="identity">
      <class id="SO:0000902" label="transgene"/>
      <span end="33293" id="17002498-14509" start="33284">transgene</span>
    </annotation>
    <annotation annotator="Mike Bada, University of Colorado School of Medicine" id="SO_2017_06_11_Instance_61999" type="identity">
      <class id="SO:0000167" label="promoter"/>
      <span end="35374" id="17002498-14511" start="35366">promoter</span>
    </annotation>
    <annotation annotator="Mike Bada, University of Colorado School of Medicine" id="SO_2017_06_11_Instance_62001" type="identity">
      <class id="SO:0000167" label="promoter"/>
      <span end="36093" id="17002498-14513" start="36085">promoter</span>
    </annotation>
    <annotation annotator="Mike Bada, University of Colorado School of Medicine" id="SO_2017_06_11_Instance_62003" type="identity">
      <class id="SO:0000167" label="promoter"/>
      <span end="36250" id="17002498-14515" start="36242">promoter</span>
    </annotation>
    <annotation annotator="Mike Bada, University of Colorado School of Medicine" id="SO_2017_06_11_Instance_62005" type="identity">
      <class id="SO:0000902" label="transgene"/>
      <span end="36260" id="17002498-14517" start="36251">transgene</span>
    </annotation>
    <annotation annotator="Mike Bada, University of Colorado School of Medicine" id="SO_2017_06_11_Instance_10673" type="identity">
      <class id="SO:0000366" label="insertion_site"/>
      <span end="36367" id="17002498-14272" start="36351">integration site</span>
    </annotation>
    <annotation annotator="Mike Bada, University of Colorado School of Medicine" id="SO_2017_06_11_Instance_62007" type="identity">
      <class id="SO:0000902" label="transgene"/>
      <span end="36384" id="17002498-14519" start="36375">transgene</span>
    </annotation>
    <annotation annotator="Mike Bada, University of Colorado School of Medicine" id="SO_2017_06_11_Instance_62009" type="identity">
      <class id="SO:0001026" label="genome"/>
      <span end="36404" id="17002498-14521" start="36398">genome</span>
    </annotation>
    <annotation annotator="Mike Bada, University of Colorado School of Medicine" id="SO_2017_06_11_Instance_10675" type="identity">
      <class id="SO:0000366" label="insertion_site"/>
      <span end="36446" id="17002498-14274" start="36423">location of integration</span>
    </annotation>
    <annotation annotator="Mike Bada, University of Colorado School of Medicine" id="SO_2017_06_11_Instance_62011" type="identity">
      <class id="SO:0000902" label="transgene"/>
      <span end="36503" id="17002498-14523" start="36494">transgene</span>
    </annotation>
    <annotation annotator="Mike Bada, University of Colorado School of Medicine" id="SO_2017_06_11_Instance_62013" type="identity">
      <class id="SO:0000902" label="transgene"/>
      <span end="36681" id="17002498-14525" start="36672">transgene</span>
    </annotation>
    <annotation annotator="Mike Bada, University of Colorado School of Medicine" id="SO_2017_06_11_Instance_62015" type="identity">
      <class id="SO:0000167" label="promoter"/>
      <span end="36716" id="17002498-14527" start="36708">promoter</span>
    </annotation>
    <annotation annotator="Mike Bada, University of Colorado School of Medicine" id="SO_2017_06_11_Instance_62017" type="identity">
      <class id="SO:0000704" label="gene"/>
      <span end="36878" id="17002498-14529" start="36874">gene</span>
    </annotation>
    <annotation annotator="Mike Bada, University of Colorado School of Medicine" id="SO_2017_06_11_Instance_62019" type="identity">
      <class id="SO:0000902" label="transgene"/>
      <span end="37079" id="17002498-14531" start="37070">transgene</span>
    </annotation>
    <annotation annotator="Mike Bada, University of Colorado School of Medicine" id="SO_2017_06_11_Instance_62021" type="identity">
      <class id="SO:0000167" label="promoter"/>
      <span end="37181" id="17002498-14533" start="37173">promoter</span>
    </annotation>
    <annotation annotator="Mike Bada, University of Colorado School of Medicine" id="SO_2017_06_11_Instance_62023" type="identity">
      <class id="SO:0000902" label="transgene"/>
      <span end="37220" id="17002498-14535" start="37211">transgene</span>
    </annotation>
    <annotation annotator="Mike Bada, University of Colorado School of Medicine" id="SO_2017_06_11_Instance_62025" type="identity">
      <class id="SO:0000167" label="promoter"/>
      <span end="37415" id="17002498-14537" start="37407">promoter</span>
    </annotation>
    <annotation annotator="Mike Bada, University of Colorado School of Medicine" id="SO_2017_06_11_Instance_62027" type="identity">
      <class id="SO:0000167" label="promoter"/>
      <span end="37497" id="17002498-14539" start="37489">promoter</span>
    </annotation>
    <annotation annotator="Mike Bada, University of Colorado School of Medicine" id="SO_2017_06_11_Instance_39795" type="identity">
      <class id="SO:0000704" label="gene"/>
      <span end="45179" id="17002498-14364" start="45172">genetic</span>
    </annotation>
    <annotation annotator="" id="SO_2017_06_11_Instance_171614" type="identity">
      <class id="SO:0001644" label="targeting_vector"/>
      <span end="45384" id="17002498-14312" start="45367">targeting vectors</span>
    </annotation>
    <annotation annotator="Mike Bada, University of Colorado School of Medicine" id="SO_2017_06_11_Instance_62031" type="identity">
      <class id="SO:0000153" label="BAC"/>
      <span end="45427" id="17002498-14541" start="45424">BAC</span>
    </annotation>
    <annotation annotator="Mike Bada, University of Colorado School of Medicine" id="SO_2017_06_11_Instance_10695" type="identity">
      <class id="SO:0000204" label="five_prime_UTR"/>
      <span end="45505" id="17002498-14276" start="45499">5′ UTR</span>
    </annotation>
    <annotation annotator="Mike Bada, University of Colorado School of Medicine" id="SO_2017_06_11_Instance_62037" type="identity">
      <class id="SO:0000147" label="exon"/>
      <span end="45514" id="17002498-14543" start="45510">exon</span>
    </annotation>
    <annotation annotator="Mike Bada, University of Colorado School of Medicine" id="SO_2017_06_11_Instance_62039" type="identity">
      <class id="SO:0000153" label="BAC"/>
      <span end="45617" id="17002498-14545" start="45614">BAC</span>
    </annotation>
    <annotation annotator="Mike Bada, University of Colorado School of Medicine" id="SO_2017_06_11_Instance_10697" type="identity">
      <class id="SO:0001026" label="genome"/>
      <span end="45671" id="17002498-14278" start="45664">genomic</span>
    </annotation>
    <annotation annotator="Mike Bada, University of Colorado School of Medicine" id="SO_2017_06_11_Instance_62041" type="identity">
      <class id="SO:0000147" label="exon"/>
      <span end="45703" id="17002498-14547" start="45698">exons</span>
    </annotation>
    <annotation annotator="Mike Bada, University of Colorado School of Medicine" id="SO_2017_06_11_Instance_62043" type="identity">
      <class id="SO:0000440" label="vector_replicon"/>
      <span end="45751" id="17002498-14549" start="45745">vector</span>
    </annotation>
    <annotation annotator="Mike Bada, University of Colorado School of Medicine" id="SO_2017_06_11_Instance_62045" type="identity">
      <class id="SO:0000346" label="loxP_site"/>
      <span end="45773" id="17002498-14551" start="45764">loxP site</span>
    </annotation>
    <annotation annotator="Mike Bada, University of Colorado School of Medicine" id="SO_2017_06_11_Instance_62047" type="identity">
      <class id="SO:0000188" label="intron"/>
      <span end="45800" id="17002498-14553" start="45794">intron</span>
    </annotation>
    <annotation annotator="Mike Bada, University of Colorado School of Medicine" id="SO_2017_06_11_Instance_10699" type="identity">
      <class id="SO:0000346" label="loxP_site"/>
      <span end="45820" id="17002498-14280" start="45816">loxP</span>
    </annotation>
    <annotation annotator="Mike Bada, University of Colorado School of Medicine" id="SO_2017_06_11_Instance_10701" type="identity">
      <class id="SO:0000350" label="FRT_site"/>
      <span end="45824" id="17002498-14282" start="45821">FRT</span>
    </annotation>
    <annotation annotator="Mike Bada, University of Colorado School of Medicine" id="SO_2017_06_11_Instance_10703" type="identity">
      <class id="SO:0000350" label="FRT_site"/>
      <span end="45836" id="17002498-14284" start="45833">FRT</span>
    </annotation>
    <annotation annotator="Mike Bada, University of Colorado School of Medicine" id="SO_2017_06_11_Instance_10705" type="identity">
      <class id="SO:0005853" label="gene_cassette"/>
      <span end="45855" id="17002498-14286" start="45847">cassette</span>
    </annotation>
    <annotation annotator="Mike Bada, University of Colorado School of Medicine" id="SO_2017_06_11_Instance_62049" type="identity">
      <class id="SO:0000704" label="gene"/>
      <span end="45885" id="17002498-14555" start="45881">gene</span>
    </annotation>
    <annotation annotator="" id="SO_2017_06_11_Instance_171616" type="identity">
      <class id="SO:0001644" label="targeting_vector"/>
      <span end="45973" id="17002498-14314" start="45956">targeting vectors</span>
    </annotation>
    <annotation annotator="Mike Bada, University of Colorado School of Medicine" id="SO_2017_06_11_Instance_62053" type="identity">
      <class id="SO:0000704" label="gene"/>
      <span end="46110" id="17002498-14557" start="46106">gene</span>
    </annotation>
    <annotation annotator="Mike Bada, University of Colorado School of Medicine" id="SO_2017_06_11_Instance_62055" type="identity">
      <class id="SO:0000346" label="loxP_site"/>
      <span end="46289" id="17002498-14559" start="46280">loxP site</span>
    </annotation>
    <annotation annotator="Mike Bada, University of Colorado School of Medicine" id="SO_2017_06_11_Instance_10715" type="identity">
      <class id="SO:0005853" label="gene_cassette"/>
      <span end="46316" id="17002498-14296" start="46308">cassette</span>
    </annotation>
    <annotation annotator="Mike Bada, University of Colorado School of Medicine" id="SO_2017_06_11_Instance_10719" type="identity">
      <class id="SO:0001026" label="genome"/>
      <span end="46562" id="17002498-14298" start="46555">genomic</span>
    </annotation>
    <annotation annotator="Mike Bada, University of Colorado School of Medicine" id="SO_2017_06_11_Instance_10721" type="identity">
      <class id="SO:0005853" label="gene_cassette"/>
      <span end="46801" id="17002498-14300" start="46793">cassette</span>
    </annotation>
    <annotation annotator="Mike Bada, University of Colorado School of Medicine" id="SO_2017_06_11_Instance_10769" type="identity">
      <class id="SO:0000350" label="FRT_site"/>
      <span end="46836" id="17002498-14302" start="46833">FRT</span>
    </annotation>
    <annotation annotator="Mike Bada, University of Colorado School of Medicine" id="SO_2017_06_11_Instance_62057" type="identity">
      <class id="SO:0001023" label="allele"/>
      <span end="46905" id="17002498-14561" start="46899">allele</span>
    </annotation>
    <annotation annotator="Mike Bada, University of Colorado School of Medicine" id="SO_2017_06_11_Instance_62059" type="identity">
      <class id="SO:0001023" label="allele"/>
      <span end="47225" id="17002498-14563" start="47219">allele</span>
    </annotation>
    <annotation annotator="Mike Bada, University of Colorado School of Medicine" id="SO_2017_06_11_Instance_33265" type="identity">
      <class id="SO:0001026" label="genome"/>
      <span end="47860" id="17002498-14326" start="47853">Genomic</span>
    </annotation>
    <annotation annotator="Mike Bada, University of Colorado School of Medicine" id="SO_2017_06_11_Instance_62061" type="identity">
      <class id="SO:0000112" label="primer"/>
      <span end="47980" id="17002498-14565" start="47973">primers</span>
    </annotation>
    <annotation annotator="Mike Bada, University of Colorado School of Medicine" id="SO_2017_06_11_Instance_33427" type="identity">
      <class id="SO:0000028" label="base_pair"/>
      <span end="48080" id="17002498-14328" start="48078">bp</span>
    </annotation>
    <annotation annotator="Mike Bada, University of Colorado School of Medicine" id="SO_2017_06_11_Instance_35717" type="identity">
      <class id="SO:0000028" label="base_pair"/>
      <span end="48091" id="17002498-14330" start="48089">bp</span>
    </annotation>
    <annotation annotator="Mike Bada, University of Colorado School of Medicine" id="SO_2017_06_11_Instance_62065" type="identity">
      <class id="SO:0001023" label="allele"/>
      <span end="48149" id="17002498-14567" start="48143">allele</span>
    </annotation>
    <annotation annotator="Mike Bada, University of Colorado School of Medicine" id="SO_2017_06_11_Instance_62067" type="identity">
      <class id="SO:0001023" label="allele"/>
      <span end="48217" id="17002498-14569" start="48211">allele</span>
    </annotation>
    <annotation annotator="Mike Bada, University of Colorado School of Medicine" id="SO_2017_06_11_Instance_62069" type="identity">
      <class id="SO:0000112" label="primer"/>
      <span end="48238" id="17002498-14571" start="48232">primer</span>
    </annotation>
    <annotation annotator="Mike Bada, University of Colorado School of Medicine" id="SO_2017_06_11_Instance_36251" type="identity">
      <class id="SO:0000028" label="base_pair"/>
      <span end="48326" id="17002498-14334" start="48324">bp</span>
    </annotation>
    <annotation annotator="Mike Bada, University of Colorado School of Medicine" id="SO_2017_06_11_Instance_62071" type="identity">
      <class id="SO:0000112" label="primer"/>
      <span end="48343" id="17002498-14573" start="48336">Primers</span>
    </annotation>
    <annotation annotator="Mike Bada, University of Colorado School of Medicine" id="SO_2017_06_11_Instance_62073" type="identity">
      <class id="SO:0000902" label="transgene"/>
      <span end="48451" id="17002498-14575" start="48442">transgene</span>
    </annotation>
    <annotation annotator="Mike Bada, University of Colorado School of Medicine" id="SO_2017_06_11_Instance_36445" type="identity">
      <class id="SO:0000028" label="base_pair"/>
      <span end="48488" id="17002498-14336" start="48486">bp</span>
    </annotation>
    <annotation annotator="Mike Bada, University of Colorado School of Medicine" id="SO_2017_06_11_Instance_62075" type="identity">
      <class id="SO:0000112" label="primer"/>
      <span end="48639" id="17002498-14577" start="48633">primer</span>
    </annotation>
    <annotation annotator="Mike Bada, University of Colorado School of Medicine" id="SO_2017_06_11_Instance_62079" type="identity">
      <class id="SO:0001023" label="allele"/>
      <span end="50089" id="17002498-14579" start="50083">allele</span>
    </annotation>
    <annotation annotator="Mike Bada, University of Colorado School of Medicine" id="SO_2017_06_11_Instance_62083" type="identity">
      <class id="SO:0001023" label="allele"/>
      <span end="50380" id="17002498-14581" start="50373">alleles</span>
    </annotation>
    <annotation annotator="Mike Bada, University of Colorado School of Medicine" id="SO_2017_06_11_Instance_62087" type="identity">
      <class id="SO:0000112" label="primer"/>
      <span end="50641" id="17002498-14583" start="50634">primers</span>
    </annotation>
    <annotation annotator="Mike Bada, University of Colorado School of Medicine" id="SO_2017_06_11_Instance_36997" type="identity">
      <class id="SO:0000028" label="base_pair"/>
      <span end="50732" id="17002498-14340" start="50730">bp</span>
    </annotation>
    <annotation annotator="Mike Bada, University of Colorado School of Medicine" id="SO_2017_06_11_Instance_36999" type="identity">
      <class id="SO:0000028" label="base_pair"/>
      <span end="50743" id="17002498-14342" start="50741">bp</span>
    </annotation>
    <annotation annotator="Mike Bada, University of Colorado School of Medicine" id="SO_2017_06_11_Instance_62091" type="identity">
      <class id="SO:0001023" label="allele"/>
      <span end="50786" id="17002498-14585" start="50779">alleles</span>
    </annotation>
    <annotation annotator="Mike Bada, University of Colorado School of Medicine" id="SO_2017_06_11_Instance_62093" type="identity">
      <class id="SO:0001023" label="allele"/>
      <span end="50805" id="17002498-14587" start="50799">allele</span>
    </annotation>
    <annotation annotator="Mike Bada, University of Colorado School of Medicine" id="SO_2017_06_11_Instance_62099" type="identity">
      <class id="SO:0000704" label="gene"/>
      <span end="54514" id="17002498-14589" start="54509">genes</span>
    </annotation>
    <annotation annotator="Mike Bada, University of Colorado School of Medicine" id="SO_2017_06_11_Instance_62101" type="identity">
      <class id="SO:0000704" label="gene"/>
      <span end="54523" id="17002498-14591" start="54519">gene</span>
    </annotation>
    <annotation annotator="Mike Bada, University of Colorado School of Medicine" id="SO_2017_06_11_Instance_62103" type="identity">
      <class id="SO:0000853" label="homologous_region"/>
      <span end="54748" id="17002498-14593" start="54741">homolog</span>
    </annotation>
    <annotation annotator="Mike Bada, University of Colorado School of Medicine" id="SO_2017_06_11_Instance_39535" type="identity">
      <class id="SO:0000350" label="FRT_site"/>
      <span end="55128" id="17002498-14354" start="55125">FRT</span>
    </annotation>
    <annotation annotator="Mike Bada, University of Colorado School of Medicine" id="SO_2017_06_11_Instance_39057" type="identity">
      <class id="SO:0000350" label="FRT_site"/>
      <span end="55153" id="17002498-14350" start="55131">FLP recognition target</span>
    </annotation>
    <annotation annotator="Mike Bada, University of Colorado School of Medicine" id="SO_2017_06_11_Instance_62105" type="identity">
      <class id="SO:0001023" label="allele"/>
      <span end="55346" id="17002498-14595" start="55340">Allele</span>
    </annotation>
    <annotation annotator="Mike Bada, University of Colorado School of Medicine" id="SO_2017_06_11_Instance_62107" type="identity">
      <class id="SO:0000147" label="exon"/>
      <span end="55378" id="17002498-14597" start="55373">exons</span>
    </annotation>
    <annotation annotator="Mike Bada, University of Colorado School of Medicine" id="SO_2017_06_11_Instance_62109" type="identity">
      <class id="SO:0000704" label="gene"/>
      <span end="55410" id="17002498-14599" start="55406">gene</span>
    </annotation>
    <annotation annotator="" id="SO_2017_06_11_Instance_171618" type="identity">
      <class id="SO:0001644" label="targeting_vector"/>
      <span end="55432" id="17002498-14316" start="55416">targeting vector</span>
    </annotation>
    <annotation annotator="Mike Bada, University of Colorado School of Medicine" id="SO_2017_06_11_Instance_62113" type="identity">
      <class id="SO:0001023" label="allele"/>
      <span end="55470" id="17002498-14601" start="55464">allele</span>
    </annotation>
    <annotation annotator="Mike Bada, University of Colorado School of Medicine" id="SO_2017_06_11_Instance_62115" type="identity">
      <class id="SO:0000346" label="loxP_site"/>
      <span end="55488" id="17002498-14603" start="55478">LoxP sites</span>
    </annotation>
    <annotation annotator="Mike Bada, University of Colorado School of Medicine" id="SO_2017_06_11_Instance_62117" type="identity">
      <class id="SO:0000147" label="exon"/>
      <span end="55509" id="17002498-14605" start="55505">exon</span>
    </annotation>
    <annotation annotator="Mike Bada, University of Colorado School of Medicine" id="SO_2017_06_11_Instance_39537" type="identity">
      <class id="SO:0005853" label="gene_cassette"/>
      <span end="55539" id="17002498-14356" start="55531">cassette</span>
    </annotation>
    <annotation annotator="Mike Bada, University of Colorado School of Medicine" id="SO_2017_06_11_Instance_62119" type="identity">
      <class id="SO:0000188" label="intron"/>
      <span end="55566" id="17002498-14607" start="55560">intron</span>
    </annotation>
    <annotation annotator="Mike Bada, University of Colorado School of Medicine" id="SO_2017_06_11_Instance_39679" type="identity">
      <class id="SO:0005853" label="gene_cassette"/>
      <span end="55612" id="17002498-14360" start="55604">cassette</span>
    </annotation>
    <annotation annotator="Mike Bada, University of Colorado School of Medicine" id="SO_2017_06_11_Instance_12073" type="identity">
      <class id="SO:0000357" label="flanked"/>
      <span end="55626" id="17002498-14308" start="55616">sandwiched</span>
    </annotation>
    <annotation annotator="Mike Bada, University of Colorado School of Medicine" id="SO_2017_06_11_Instance_62121" type="identity">
      <class id="SO:0000350" label="FRT_site"/>
      <span end="55641" id="17002498-14609" start="55632">FRT sites</span>
    </annotation>
    <annotation annotator="Mike Bada, University of Colorado School of Medicine" id="SO_2017_06_11_Instance_62123" type="identity">
      <class id="SO:0000112" label="primer"/>
      <span end="55725" id="17002498-14611" start="55718">primers</span>
    </annotation>
    <annotation annotator="Mike Bada, University of Colorado School of Medicine" id="SO_2017_06_11_Instance_62127" type="identity">
      <class id="SO:0000147" label="exon"/>
      <span end="55925" id="17002498-14613" start="55921">exon</span>
    </annotation>
    <annotation annotator="Mike Bada, University of Colorado School of Medicine" id="SO_2017_06_11_Instance_39927" type="identity">
      <class id="SO:0001026" label="genome"/>
      <span end="56080" id="17002498-14366" start="56073">genomic</span>
    </annotation>
    <annotation annotator="Mike Bada, University of Colorado School of Medicine" id="SO_2017_06_11_Instance_40095" type="identity">
      <class id="SO:0000028" label="base_pair"/>
      <span end="56181" id="17002498-14368" start="56179">bp</span>
    </annotation>
    <annotation annotator="Mike Bada, University of Colorado School of Medicine" id="SO_2017_06_11_Instance_40097" type="identity">
      <class id="SO:0001026" label="genome"/>
      <span end="56201" id="17002498-14370" start="56194">genomic</span>
    </annotation>
    <annotation annotator="Mike Bada, University of Colorado School of Medicine" id="SO_2017_06_11_Instance_62131" type="identity">
      <class id="SO:0001023" label="allele"/>
      <span end="56302" id="17002498-14615" start="56296">allele</span>
    </annotation>
    <annotation annotator="Mike Bada, University of Colorado School of Medicine" id="SO_2017_06_11_Instance_62135" type="identity">
      <class id="SO:0001023" label="allele"/>
      <span end="56344" id="17002498-14617" start="56338">allele</span>
    </annotation>
    <annotation annotator="Mike Bada, University of Colorado School of Medicine" id="SO_2017_06_11_Instance_40431" type="identity">
      <class id="SO:0001026" label="genome"/>
      <span end="56361" id="17002498-14372" start="56354">genomic</span>
    </annotation>
    <annotation annotator="Mike Bada, University of Colorado School of Medicine" id="SO_2017_06_11_Instance_62137" type="identity">
      <class id="SO:0001023" label="allele"/>
      <span end="56428" id="17002498-14619" start="56422">allele</span>
    </annotation>
    <annotation annotator="Mike Bada, University of Colorado School of Medicine" id="SO_2017_06_11_Instance_62141" type="identity">
      <class id="SO:0001023" label="allele"/>
      <span end="56686" id="17002498-14621" start="56680">allele</span>
    </annotation>
    <annotation annotator="Mike Bada, University of Colorado School of Medicine" id="SO_2017_06_11_Instance_62149" type="identity">
      <class id="SO:0001023" label="allele"/>
      <span end="57038" id="17002498-14623" start="57032">allele</span>
    </annotation>
    <annotation annotator="Mike Bada, University of Colorado School of Medicine" id="SO_2017_06_11_Instance_62153" type="identity">
      <class id="SO:0001023" label="allele"/>
      <span end="57176" id="17002498-14625" start="57170">allele</span>
    </annotation>
    <annotation annotator="Mike Bada, University of Colorado School of Medicine" id="SO_2017_06_11_Instance_62155" type="identity">
      <class id="SO:0001023" label="allele"/>
      <span end="58278" id="17002498-14627" start="58271">Alleles</span>
    </annotation>
    <annotation annotator="Mike Bada, University of Colorado School of Medicine" id="SO_2017_06_11_Instance_10627" type="identity">
      <class id="SO:0001026" label="genome"/>
      <span end="58328" id="17002498-14254" start="58321">genomic</span>
    </annotation>
    <annotation annotator="Mike Bada, University of Colorado School of Medicine" id="SO_2017_06_11_Instance_62157" type="identity">
      <class id="SO:0001023" label="allele"/>
      <span end="58465" id="17002498-14629" start="58459">allele</span>
    </annotation>
    <annotation annotator="Mike Bada, University of Colorado School of Medicine" id="SO_2017_06_11_Instance_62161" type="identity">
      <class id="SO:0000673" label="transcript"/>
      <span end="58545" id="17002498-14631" start="58534">transcripts</span>
    </annotation>
    <annotation annotator="Mike Bada, University of Colorado School of Medicine" id="SO_2017_06_11_Instance_62163" type="identity">
      <class id="SO:0000112" label="primer"/>
      <span end="58591" id="17002498-14633" start="58584">primers</span>
    </annotation>
    <annotation annotator="Mike Bada, University of Colorado School of Medicine" id="SO_2017_06_11_Instance_62165" type="identity">
      <class id="SO:0000673" label="transcript"/>
      <span end="58713" id="17002498-14635" start="58702">transcripts</span>
    </annotation>
    <annotation annotator="Mike Bada, University of Colorado School of Medicine" id="SO_2017_06_11_Instance_10629" type="identity">
      <class id="SO:0000028" label="base_pair"/>
      <span end="58741" id="17002498-14256" start="58739">bp</span>
    </annotation>
    <annotation annotator="Mike Bada, University of Colorado School of Medicine" id="SO_2017_06_11_Instance_10631" type="identity">
      <class id="SO:0000028" label="base_pair"/>
      <span end="58762" id="17002498-14258" start="58760">bp</span>
    </annotation>
    <annotation annotator="Mike Bada, University of Colorado School of Medicine" id="SO_2017_06_11_Instance_62169" type="identity">
      <class id="SO:0001023" label="allele"/>
      <span end="58775" id="17002498-14637" start="58768">alleles</span>
    </annotation>
    <annotation annotator="Mike Bada, University of Colorado School of Medicine" id="SO_2017_06_11_Instance_62171" type="identity">
      <class id="SO:0000673" label="transcript"/>
      <span end="59737" id="17002498-14639" start="59726">Transcripts</span>
    </annotation>
    <graph-space id="Old Knowtator Relations"/>
  </document>
</knowtator-project>
