<?xml version="1.0" encoding="UTF-8" standalone="no"?>
<knowtator-project>
  <document id="17022820" text-file="17022820.txt">
    <annotation annotator="Mike Bada, University of Colorado School of Medicine" id="SO_2017_06_11_Instance_26495" type="identity">
      <class id="SO:0000704" label="gene"/>
      <span end="7" id="17022820-15023" start="0">Genetic</span>
    </annotation>
    <annotation annotator="Mike Bada, University of Colorado School of Medicine" id="SO_2017_06_11_Instance_30287" type="identity">
      <class id="SO:0000704" label="gene"/>
      <span end="422" id="17022820-15025" start="415">genetic</span>
    </annotation>
    <annotation annotator="Mike Bada, University of Colorado School of Medicine" id="SO_2017_06_11_Instance_62503" type="identity">
      <class id="SO:0000771" label="QTL"/>
      <span end="2333" id="17022820-15053" start="2330">QTL</span>
    </annotation>
    <annotation annotator="Mike Bada, University of Colorado School of Medicine" id="SO_2017_06_11_Instance_32415" type="identity">
      <class id="SO:0000704" label="gene"/>
      <span end="2382" id="17022820-15027" start="2375">genetic</span>
    </annotation>
    <annotation annotator="Mike Bada, University of Colorado School of Medicine" id="SO_2017_06_11_Instance_32529" type="identity">
      <class id="SO:0000704" label="gene"/>
      <span end="2541" id="17022820-15029" start="2534">genetic</span>
    </annotation>
    <annotation annotator="Mike Bada, University of Colorado School of Medicine" id="SO_2017_06_11_Instance_33353" type="identity">
      <class id="SO:0000704" label="gene"/>
      <span end="2696" id="17022820-15031" start="2689">genetic</span>
    </annotation>
    <annotation annotator="Mike Bada, University of Colorado School of Medicine" id="SO_2017_06_11_Instance_36247" type="identity">
      <class id="SO:0000704" label="gene"/>
      <span end="3140" id="17022820-15033" start="3133">genetic</span>
    </annotation>
    <annotation annotator="Mike Bada, University of Colorado School of Medicine" id="SO_2017_06_11_Instance_36437" type="identity">
      <class id="SO:0000704" label="gene"/>
      <span end="3403" id="17022820-15035" start="3396">genetic</span>
    </annotation>
    <annotation annotator="Mike Bada, University of Colorado School of Medicine" id="SO_2017_06_11_Instance_36549" type="identity">
      <class id="SO:0000704" label="gene"/>
      <span end="3691" id="17022820-15037" start="3684">genetic</span>
    </annotation>
    <annotation annotator="Mike Bada, University of Colorado School of Medicine" id="SO_2017_06_11_Instance_36551" type="identity">
      <class id="SO:0000704" label="gene"/>
      <span end="3770" id="17022820-15039" start="3763">genetic</span>
    </annotation>
    <annotation annotator="Mike Bada, University of Colorado School of Medicine" id="SO_2017_06_11_Instance_62507" type="identity">
      <class id="SO:0000771" label="QTL"/>
      <span end="4975" id="17022820-15055" start="4951">quantitative trait locus</span>
    </annotation>
    <annotation annotator="Mike Bada, University of Colorado School of Medicine" id="SO_2017_06_11_Instance_62509" type="identity">
      <class id="SO:0000771" label="QTL"/>
      <span end="4980" id="17022820-15057" start="4977">QTL</span>
    </annotation>
    <annotation annotator="" id="SO_2017_06_11_Instance_200148" type="identity">
      <class id="SO:0001645" label="genetic_marker"/>
      <span end="5433" id="17022820-15021" start="5418">Genetic markers</span>
    </annotation>
    <annotation annotator="Mike Bada, University of Colorado School of Medicine" id="SO_2017_06_11_Instance_62519" type="identity">
      <class id="SO:0000771" label="QTL"/>
      <span end="5689" id="17022820-15059" start="5686">QTL</span>
    </annotation>
    <annotation annotator="Mike Bada, University of Colorado School of Medicine" id="SO_2017_06_11_Instance_62523" type="identity">
      <class id="SO:0000771" label="QTL"/>
      <span end="5776" id="17022820-15061" start="5773">QTL</span>
    </annotation>
    <annotation annotator="Mike Bada, University of Colorado School of Medicine" id="SO_2017_06_11_Instance_62525" type="identity">
      <class id="SO:0001026" label="genome"/>
      <span end="5795" id="17022820-15063" start="5789">genome</span>
    </annotation>
    <annotation annotator="Mike Bada, University of Colorado School of Medicine" id="SO_2017_06_11_Instance_62527" type="identity">
      <class id="SO:0000771" label="QTL"/>
      <span end="5860" id="17022820-15065" start="5857">QTL</span>
    </annotation>
    <annotation annotator="Mike Bada, University of Colorado School of Medicine" id="SO_2017_06_11_Instance_62529" type="identity">
      <class id="SO:0000771" label="QTL"/>
      <span end="5889" id="17022820-15067" start="5886">QTL</span>
    </annotation>
    <annotation annotator="Mike Bada, University of Colorado School of Medicine" id="SO_2017_06_11_Instance_62531" type="identity">
      <class id="SO:0000771" label="QTL"/>
      <span end="5965" id="17022820-15069" start="5962">QTL</span>
    </annotation>
    <annotation annotator="Mike Bada, University of Colorado School of Medicine" id="SO_2017_06_11_Instance_62535" type="identity">
      <class id="SO:0000771" label="QTL"/>
      <span end="6165" id="17022820-15071" start="6162">QTL</span>
    </annotation>
    <annotation annotator="Mike Bada, University of Colorado School of Medicine" id="SO_2017_06_11_Instance_62537" type="identity">
      <class id="SO:0001026" label="genome"/>
      <span end="6212" id="17022820-15073" start="6206">genome</span>
    </annotation>
    <annotation annotator="Mike Bada, University of Colorado School of Medicine" id="SO_2017_06_11_Instance_62539" type="identity">
      <class id="SO:0000771" label="QTL"/>
      <span end="6802" id="17022820-15075" start="6799">QTL</span>
    </annotation>
    <annotation annotator="Mike Bada, University of Colorado School of Medicine" id="SO_2017_06_11_Instance_37283" type="identity">
      <class id="SO:0000704" label="gene"/>
      <span end="6863" id="17022820-15041" start="6856">genetic</span>
    </annotation>
    <annotation annotator="Mike Bada, University of Colorado School of Medicine" id="SO_2017_06_11_Instance_62541" type="identity">
      <class id="SO:0000704" label="gene"/>
      <span end="7028" id="17022820-15077" start="7024">gene</span>
    </annotation>
    <annotation annotator="Mike Bada, University of Colorado School of Medicine" id="SO_2017_06_11_Instance_62557" type="identity">
      <class id="SO:0000771" label="QTL"/>
      <span end="20849" id="17022820-15079" start="20846">QTL</span>
    </annotation>
    <annotation annotator="Mike Bada, University of Colorado School of Medicine" id="SO_2017_06_11_Instance_62569" type="identity">
      <class id="SO:0000704" label="gene"/>
      <span end="26688" id="17022820-15081" start="26683">genes</span>
    </annotation>
    <annotation annotator="Mike Bada, University of Colorado School of Medicine" id="SO_2017_06_11_Instance_62575" type="identity">
      <class id="SO:0000704" label="gene"/>
      <span end="27707" id="17022820-15083" start="27703">gene</span>
    </annotation>
    <annotation annotator="Mike Bada, University of Colorado School of Medicine" id="SO_2017_06_11_Instance_62579" type="identity">
      <class id="SO:0000704" label="gene"/>
      <span end="28111" id="17022820-15085" start="28106">genes</span>
    </annotation>
    <annotation annotator="Mike Bada, University of Colorado School of Medicine" id="SO_2017_06_11_Instance_37877" type="identity">
      <class id="SO:0000704" label="gene"/>
      <span end="28835" id="17022820-15043" start="28828">genetic</span>
    </annotation>
    <annotation annotator="Mike Bada, University of Colorado School of Medicine" id="SO_2017_06_11_Instance_62589" type="identity">
      <class id="SO:0000704" label="gene"/>
      <span end="30476" id="17022820-15087" start="30472">gene</span>
    </annotation>
    <annotation annotator="Mike Bada, University of Colorado School of Medicine" id="SO_2017_06_11_Instance_38411" type="identity">
      <class id="SO:0000704" label="gene"/>
      <span end="30756" id="17022820-15045" start="30749">genetic</span>
    </annotation>
    <annotation annotator="Mike Bada, University of Colorado School of Medicine" id="SO_2017_06_11_Instance_38413" type="identity">
      <class id="SO:0000704" label="gene"/>
      <span end="31355" id="17022820-15047" start="31348">genetic</span>
    </annotation>
    <annotation annotator="Mike Bada, University of Colorado School of Medicine" id="SO_2017_06_11_Instance_10349" type="identity">
      <class id="SO:0000704" label="gene"/>
      <span end="32444" id="17022820-15015" start="32433">genetically</span>
    </annotation>
    <annotation annotator="Mike Bada, University of Colorado School of Medicine" id="SO_2017_06_11_Instance_10615" type="identity">
      <class id="SO:0000704" label="gene"/>
      <span end="32520" id="17022820-15017" start="32509">genetically</span>
    </annotation>
    <annotation annotator="Mike Bada, University of Colorado School of Medicine" id="SO_2017_06_11_Instance_62591" type="identity">
      <class id="SO:0000704" label="gene"/>
      <span end="33478" id="17022820-15089" start="33473">genes</span>
    </annotation>
    <annotation annotator="Mike Bada, University of Colorado School of Medicine" id="SO_2017_06_11_Instance_62595" type="identity">
      <class id="SO:0000771" label="QTL"/>
      <span end="33564" id="17022820-15091" start="33561">QTL</span>
    </annotation>
    <annotation annotator="Mike Bada, University of Colorado School of Medicine" id="SO_2017_06_11_Instance_10617" type="identity">
      <class id="SO:0001023" label="allele"/>
      <span end="33988" id="17022820-15019" start="33981">allelic</span>
    </annotation>
    <annotation annotator="Mike Bada, University of Colorado School of Medicine" id="SO_2017_06_11_Instance_62597" type="identity">
      <class id="SO:0000704" label="gene"/>
      <span end="34016" id="17022820-15093" start="34012">gene</span>
    </annotation>
    <annotation annotator="Mike Bada, University of Colorado School of Medicine" id="SO_2017_06_11_Instance_62603" type="identity">
      <class id="SO:0000704" label="gene"/>
      <span end="34401" id="17022820-15095" start="34397">gene</span>
    </annotation>
    <annotation annotator="Mike Bada, University of Colorado School of Medicine" id="SO_2017_06_11_Instance_62605" type="identity">
      <class id="SO:0000771" label="QTL"/>
      <span end="34555" id="17022820-15097" start="34552">QTL</span>
    </annotation>
    <annotation annotator="Mike Bada, University of Colorado School of Medicine" id="SO_2017_06_11_Instance_62607" type="identity">
      <class id="SO:0000704" label="gene"/>
      <span end="34583" id="17022820-15099" start="34578">genes</span>
    </annotation>
    <annotation annotator="Mike Bada, University of Colorado School of Medicine" id="SO_2017_06_11_Instance_62611" type="identity">
      <class id="SO:0000704" label="gene"/>
      <span end="34681" id="17022820-15101" start="34676">genes</span>
    </annotation>
    <annotation annotator="Mike Bada, University of Colorado School of Medicine" id="SO_2017_06_11_Instance_62615" type="identity">
      <class id="SO:0000028" label="base_pair"/>
      <span end="34696" id="17022820-15103" start="34687">base pair</span>
    </annotation>
    <annotation annotator="Mike Bada, University of Colorado School of Medicine" id="SO_2017_06_11_Instance_62617" type="identity">
      <class id="SO:0000704" label="gene"/>
      <span end="34729" id="17022820-15105" start="34725">gene</span>
    </annotation>
    <annotation annotator="Mike Bada, University of Colorado School of Medicine" id="SO_2017_06_11_Instance_62619" type="identity">
      <class id="SO:0000704" label="gene"/>
      <span end="34756" id="17022820-15107" start="34752">gene</span>
    </annotation>
    <annotation annotator="Mike Bada, University of Colorado School of Medicine" id="SO_2017_06_11_Instance_62621" type="identity">
      <class id="SO:0000704" label="gene"/>
      <span end="34831" id="17022820-15109" start="34826">genes</span>
    </annotation>
    <annotation annotator="Mike Bada, University of Colorado School of Medicine" id="SO_2017_06_11_Instance_62623" type="identity">
      <class id="SO:0000704" label="gene"/>
      <span end="34927" id="17022820-15111" start="34922">genes</span>
    </annotation>
    <annotation annotator="Mike Bada, University of Colorado School of Medicine" id="SO_2017_06_11_Instance_62627" type="identity">
      <class id="SO:0000771" label="QTL"/>
      <span end="35326" id="17022820-15113" start="35323">QTL</span>
    </annotation>
    <annotation annotator="Mike Bada, University of Colorado School of Medicine" id="SO_2017_06_11_Instance_62629" type="identity">
      <class id="SO:0000704" label="gene"/>
      <span end="35357" id="17022820-15115" start="35352">genes</span>
    </annotation>
    <annotation annotator="Mike Bada, University of Colorado School of Medicine" id="SO_2017_06_11_Instance_38513" type="identity">
      <class id="SO:0000704" label="gene"/>
      <span end="35564" id="17022820-15049" start="35557">genetic</span>
    </annotation>
    <annotation annotator="Mike Bada, University of Colorado School of Medicine" id="SO_2017_06_11_Instance_62631" type="identity">
      <class id="SO:0000704" label="gene"/>
      <span end="35677" id="17022820-15117" start="35672">genes</span>
    </annotation>
    <annotation annotator="Mike Bada, University of Colorado School of Medicine" id="SO_2017_06_11_Instance_62633" type="identity">
      <class id="SO:0000704" label="gene"/>
      <span end="35711" id="17022820-15119" start="35706">genes</span>
    </annotation>
    <annotation annotator="Mike Bada, University of Colorado School of Medicine" id="SO_2017_06_11_Instance_38753" type="identity">
      <class id="SO:0000704" label="gene"/>
      <span end="35993" id="17022820-15051" start="35986">genetic</span>
    </annotation>
    <annotation annotator="Mike Bada, University of Colorado School of Medicine" id="SO_2017_06_11_Instance_62641" type="identity">
      <class id="SO:0000771" label="QTL"/>
      <span end="36351" id="17022820-15121" start="36348">QTL</span>
    </annotation>
    <annotation annotator="Mike Bada, University of Colorado School of Medicine" id="SO_2017_06_11_Instance_62643" type="identity">
      <class id="SO:0000771" label="QTL"/>
      <span end="36378" id="17022820-15123" start="36354">quantitative trait locus</span>
    </annotation>
    <graph-space id="Old Knowtator Relations"/>
  </document>
</knowtator-project>
