<?xml version="1.0" encoding="UTF-8" standalone="no"?>
<knowtator-project>
    <document id="17069463" text-file="17069463.txt">
        <annotation annotator="Mike Bada, University of Colorado School of Medicine" id="SO_2017_06_11_Instance_10343" type="identity">
            <class id="SO:0000417" label="polypeptide_domain"/>
            <span end="315" id="17069463-15127" start="308">modules</span>
        </annotation>
        <annotation annotator="Mike Bada, University of Colorado School of Medicine" id="SO_2017_06_11_Instance_11493" type="identity">
            <class id="SO:0000704" label="gene"/>
            <span end="419" id="17069463-15137" start="412">genetic</span>
        </annotation>
        <annotation annotator="Mike Bada, University of Colorado School of Medicine" id="SO_2017_06_11_Instance_11535" type="identity">
            <class id="SO:0000417" label="polypeptide_domain"/>
            <span end="809" id="17069463-15159" start="803">domain</span>
        </annotation>
        <annotation annotator="Mike Bada, University of Colorado School of Medicine" id="SO_2017_06_11_Instance_11537" type="identity">
            <class id="SO:0000417" label="polypeptide_domain"/>
            <span end="834" id="17069463-15161" start="828">domain</span>
        </annotation>
        <annotation annotator="Mike Bada, University of Colorado School of Medicine" id="SO_2017_06_11_Instance_11623" type="identity">
            <class id="SO:0000704" label="gene"/>
            <span end="1331" id="17069463-15243" start="1320">genetically</span>
        </annotation>
        <annotation annotator="Mike Bada, University of Colorado School of Medicine" id="SO_2017_06_11_Instance_11539" type="identity">
            <class id="SO:0000417" label="polypeptide_domain"/>
            <span end="2094" id="17069463-15163" start="2087">domains</span>
        </annotation>
        <annotation annotator="Mike Bada, University of Colorado School of Medicine" id="SO_2017_06_11_Instance_11541" type="identity">
            <class id="SO:0000417" label="polypeptide_domain"/>
            <span end="2175" id="17069463-15165" start="2168">domains</span>
        </annotation>
        <annotation annotator="Mike Bada, University of Colorado School of Medicine" id="SO_2017_06_11_Instance_11543" type="identity">
            <class id="SO:0000417" label="polypeptide_domain"/>
            <span end="2252" id="17069463-15167" start="2246">domain</span>
        </annotation>
        <annotation annotator="Mike Bada, University of Colorado School of Medicine" id="SO_2017_06_11_Instance_11495" type="identity">
            <class id="SO:0000704" label="gene"/>
            <span end="2531" id="17069463-15139" start="2524">genetic</span>
        </annotation>
        <annotation annotator="Mike Bada, University of Colorado School of Medicine" id="SO_2017_06_11_Instance_11545" type="identity">
            <class id="SO:0000417" label="polypeptide_domain"/>
            <span end="3564" id="17069463-15169" start="3557">domains</span>
        </annotation>
        <annotation annotator="Mike Bada, University of Colorado School of Medicine" id="SO_2017_06_11_Instance_11549" type="identity">
            <class id="SO:0000417" label="polypeptide_domain"/>
            <span end="4271" id="17069463-15173" start="4264">domains</span>
        </annotation>
        <annotation annotator="Mike Bada, University of Colorado School of Medicine" id="SO_2017_06_11_Instance_11547" type="identity">
            <class id="SO:0000417" label="polypeptide_domain"/>
            <span end="4555" id="17069463-15171" start="4548">domains</span>
        </annotation>
        <annotation annotator="Mike Bada, University of Colorado School of Medicine" id="SO_2017_06_11_Instance_11551" type="identity">
            <class id="SO:0000417" label="polypeptide_domain"/>
            <span end="5047" id="17069463-15175" start="5041">domain</span>
        </annotation>
        <annotation annotator="Mike Bada, University of Colorado School of Medicine" id="SO_2017_06_11_Instance_11553" type="identity">
            <class id="SO:0000417" label="polypeptide_domain"/>
            <span end="5162" id="17069463-15177" start="5156">domain</span>
        </annotation>
        <annotation annotator="Mike Bada, University of Colorado School of Medicine" id="SO_2017_06_11_Instance_11555" type="identity">
            <class id="SO:0000417" label="polypeptide_domain"/>
            <span end="5235" id="17069463-15179" start="5228">domains</span>
        </annotation>
        <annotation annotator="Mike Bada, University of Colorado School of Medicine" id="SO_2017_06_11_Instance_11579" type="identity">
            <class id="SO:0000417" label="polypeptide_domain"/>
            <span end="6236" id="17069463-15203" start="6230">domain</span>
        </annotation>
        <annotation annotator="Mike Bada, University of Colorado School of Medicine" id="SO_2017_06_11_Instance_11581" type="identity">
            <class id="SO:0000417" label="polypeptide_domain"/>
            <span end="6364" id="17069463-15205" start="6358">domain</span>
        </annotation>
        <annotation annotator="Mike Bada, University of Colorado School of Medicine" id="SO_2017_06_11_Instance_18199" type="identity">
            <class id="SO:0000857" label="homologous"/>
            <span end="6515" id="17069463-15275" start="6507">homology</span>
        </annotation>
        <annotation annotator="Mike Bada, University of Colorado School of Medicine" id="SO_2017_06_11_Instance_11557" type="identity">
            <class id="SO:0000417" label="polypeptide_domain"/>
            <span end="6542" id="17069463-15181" start="6535">domains</span>
        </annotation>
        <annotation annotator="" id="SO_2017_06_11_Instance_225103" type="identity">
            <class id="SO:0000910" label="orphan"/>
            <span end="7572" id="17069463-15277" start="7566">orphan</span>
        </annotation>
        <annotation annotator="Mike Bada, University of Colorado School of Medicine" id="SO_2017_06_11_Instance_11583" type="identity">
            <class id="SO:0000417" label="polypeptide_domain"/>
            <span end="7579" id="17069463-15207" start="7573">domain</span>
        </annotation>
        <annotation annotator="Mike Bada, University of Colorado School of Medicine" id="SO_2017_06_11_Instance_11585" type="identity">
            <class id="SO:0000417" label="polypeptide_domain"/>
            <span end="7614" id="17069463-15209" start="7608">domain</span>
        </annotation>
        <annotation annotator="" id="SO_2017_06_11_Instance_225105" type="identity">
            <class id="SO:0000910" label="orphan"/>
            <span end="7843" id="17069463-15279" start="7837">orphan</span>
        </annotation>
        <annotation annotator="Mike Bada, University of Colorado School of Medicine" id="SO_2017_06_11_Instance_11587" type="identity">
            <class id="SO:0000417" label="polypeptide_domain"/>
            <span end="7850" id="17069463-15211" start="7844">domain</span>
        </annotation>
        <annotation annotator="Mike Bada, University of Colorado School of Medicine" id="SO_2017_06_11_Instance_11589" type="identity">
            <class id="SO:0000417" label="polypeptide_domain"/>
            <span end="8064" id="17069463-15213" start="8058">domain</span>
        </annotation>
        <annotation annotator="Mike Bada, University of Colorado School of Medicine" id="SO_2017_06_11_Instance_11633" type="identity">
            <class id="SO:0001060" label="sequence_variant"/>
            <span end="8534" id="17069463-15245" start="8527">isoform</span>
        </annotation>
        <annotation annotator="Mike Bada, University of Colorado School of Medicine" id="SO_2017_06_11_Instance_11635" type="identity">
            <class id="SO:0001060" label="sequence_variant"/>
            <span end="8882" id="17069463-15247" start="8875">isoform</span>
        </annotation>
        <annotation annotator="Mike Bada, University of Colorado School of Medicine" id="SO_2017_06_11_Instance_11559" type="identity">
            <class id="SO:0000417" label="polypeptide_domain"/>
            <span end="10171" id="17069463-15183" start="10164">domains</span>
        </annotation>
        <annotation annotator="Mike Bada, University of Colorado School of Medicine" id="SO_2017_06_11_Instance_11561" type="identity">
            <class id="SO:0000417" label="polypeptide_domain"/>
            <span end="10308" id="17069463-15185" start="10301">domains</span>
        </annotation>
        <annotation annotator="Mike Bada, University of Colorado School of Medicine" id="SO_2017_06_11_Instance_11645" type="identity">
            <class id="SO:0001077" label="transmembrane_polypeptide_region"/>
            <span end="10429" id="17069463-15249" start="10405">membrane-spanning domain</span>
        </annotation>
        <annotation annotator="Mike Bada, University of Colorado School of Medicine" id="SO_2017_06_11_Instance_10345" type="identity">
            <class id="SO:0001075" label="intramembrane_polypeptide_region"/>
            <span end="10920" id="17069463-15129" start="10900">intermembrane domain</span>
        </annotation>
        <annotation annotator="Mike Bada, University of Colorado School of Medicine" id="SO_2017_06_11_Instance_11595" type="identity">
            <class id="SO:0000417" label="polypeptide_domain"/>
            <span end="11090" id="17069463-15215" start="11084">domain</span>
        </annotation>
        <annotation annotator="Mike Bada, University of Colorado School of Medicine" id="SO_2017_06_11_Instance_11597" type="identity">
            <class id="SO:0000417" label="polypeptide_domain"/>
            <span end="11337" id="17069463-15217" start="11331">domain</span>
        </annotation>
        <annotation annotator="Mike Bada, University of Colorado School of Medicine" id="SO_2017_06_11_Instance_11599" type="identity">
            <class id="SO:0000417" label="polypeptide_domain"/>
            <span end="11401" id="17069463-15219" start="11395">domain</span>
        </annotation>
        <annotation annotator="Mike Bada, University of Colorado School of Medicine" id="SO_2017_06_11_Instance_11563" type="identity">
            <class id="SO:0000417" label="polypeptide_domain"/>
            <span end="11787" id="17069463-15187" start="11780">domains</span>
        </annotation>
        <annotation annotator="Mike Bada, University of Colorado School of Medicine" id="SO_2017_06_11_Instance_11665" type="identity">
            <class id="SO:0001060" label="sequence_variant"/>
            <span end="12476" id="17069463-15251" start="12469">isoform</span>
        </annotation>
        <annotation annotator="Mike Bada, University of Colorado School of Medicine" id="SO_2017_06_11_Instance_11601" type="identity">
            <class id="SO:0000417" label="polypeptide_domain"/>
            <span end="12575" id="17069463-15221" start="12569">domain</span>
        </annotation>
        <annotation annotator="Mike Bada, University of Colorado School of Medicine" id="SO_2017_06_11_Instance_11603" type="identity">
            <class id="SO:0000417" label="polypeptide_domain"/>
            <span end="12602" id="17069463-15223" start="12596">domain</span>
        </annotation>
        <annotation annotator="Mike Bada, University of Colorado School of Medicine" id="SO_2017_06_11_Instance_11565" type="identity">
            <class id="SO:0000417" label="polypeptide_domain"/>
            <span end="12631" id="17069463-15189" start="12624">domains</span>
        </annotation>
        <annotation annotator="Mike Bada, University of Colorado School of Medicine" id="SO_2017_06_11_Instance_11605" type="identity">
            <class id="SO:0000417" label="polypeptide_domain"/>
            <span end="12668" id="17069463-15225" start="12662">domain</span>
        </annotation>
        <annotation annotator="Mike Bada, University of Colorado School of Medicine" id="SO_2017_06_11_Instance_11607" type="identity">
            <class id="SO:0000417" label="polypeptide_domain"/>
            <span end="12711" id="17069463-15227" start="12705">domain</span>
        </annotation>
        <annotation annotator="Mike Bada, University of Colorado School of Medicine" id="SO_2017_06_11_Instance_11609" type="identity">
            <class id="SO:0000417" label="polypeptide_domain"/>
            <span end="12741" id="17069463-15229" start="12735">domain</span>
        </annotation>
        <annotation annotator="Mike Bada, University of Colorado School of Medicine" id="SO_2017_06_11_Instance_11611" type="identity">
            <class id="SO:0000417" label="polypeptide_domain"/>
            <span end="12769" id="17069463-15231" start="12763">domain</span>
        </annotation>
        <annotation annotator="Mike Bada, University of Colorado School of Medicine" id="SO_2017_06_11_Instance_11613" type="identity">
            <class id="SO:0000417" label="polypeptide_domain"/>
            <span end="12793" id="17069463-15233" start="12787">domain</span>
        </annotation>
        <annotation annotator="Mike Bada, University of Colorado School of Medicine" id="SO_2017_06_11_Instance_11615" type="identity">
            <class id="SO:0000417" label="polypeptide_domain"/>
            <span end="13640" id="17069463-15235" start="13634">domain</span>
        </annotation>
        <annotation annotator="Mike Bada, University of Colorado School of Medicine" id="SO_2017_06_11_Instance_62801" type="identity">
            <class id="SO:0000704" label="gene"/>
            <span end="17967" id="17069463-15287" start="17963">gene</span>
        </annotation>
        <annotation annotator="Mike Bada, University of Colorado School of Medicine" id="SO_2017_06_11_Instance_62803" type="identity">
            <class id="SO:0000704" label="gene"/>
            <span end="18527" id="17069463-15289" start="18523">gene</span>
        </annotation>
        <annotation annotator="Mike Bada, University of Colorado School of Medicine" id="SO_2017_06_11_Instance_62805" type="identity">
            <class id="SO:0000704" label="gene"/>
            <span end="18724" id="17069463-15291" start="18720">Gene</span>
        </annotation>
        <annotation annotator="Mike Bada, University of Colorado School of Medicine" id="SO_2017_06_11_Instance_11851" type="identity">
            <class id="SO:0001026" label="genome"/>
            <span end="18752" id="17069463-15253" start="18745">genomic</span>
        </annotation>
        <annotation annotator="Mike Bada, University of Colorado School of Medicine" id="SO_2017_06_11_Instance_11853" type="identity">
            <class id="SO:0000879" label="dicistronic"/>
            <span end="18828" id="17069463-15255" start="18817">bicistronic</span>
        </annotation>
        <annotation annotator="Mike Bada, University of Colorado School of Medicine" id="SO_2017_06_11_Instance_62807" type="identity">
            <class id="SO:0000440" label="vector_replicon"/>
            <span end="18844" id="17069463-15293" start="18838">vector</span>
        </annotation>
        <annotation annotator="Mike Bada, University of Colorado School of Medicine" id="SO_2017_06_11_Instance_62809" type="identity">
            <class id="SO:0000147" label="exon"/>
            <span end="18857" id="17069463-15295" start="18853">exon</span>
        </annotation>
        <annotation annotator="Mike Bada, University of Colorado School of Medicine" id="SO_2017_06_11_Instance_11857" type="identity">
            <class id="SO:0000079" label="dicistronic_transcript"/>
            <span end="18893" id="17069463-15257" start="18871">bicistronic transcript</span>
        </annotation>
        <annotation annotator="Mike Bada, University of Colorado School of Medicine" id="SO_2017_06_11_Instance_62811" type="identity">
            <class id="SO:0000147" label="exon"/>
            <span end="18990" id="17069463-15297" start="18986">exon</span>
        </annotation>
        <annotation annotator="Mike Bada, University of Colorado School of Medicine" id="SO_2017_06_11_Instance_62813" type="identity">
            <class id="SO:0000704" label="gene"/>
            <span end="19044" id="17069463-15299" start="19039">genes</span>
        </annotation>
        <annotation annotator="Mike Bada, University of Colorado School of Medicine" id="SO_2017_06_11_Instance_62815" type="identity">
            <class id="SO:0000243" label="internal_ribosome_entry_site"/>
            <span end="19175" id="17069463-15301" start="19147">internal ribosome entry site</span>
        </annotation>
        <annotation annotator="Mike Bada, University of Colorado School of Medicine" id="SO_2017_06_11_Instance_62817" type="identity">
            <class id="SO:0000147" label="exon"/>
            <span end="19406" id="17069463-15303" start="19402">exon</span>
        </annotation>
        <annotation annotator="Mike Bada, University of Colorado School of Medicine" id="SO_2017_06_11_Instance_11861" type="identity">
            <class id="SO:0001026" label="genome"/>
            <span end="19500" id="17069463-15259" start="19493">genomic</span>
        </annotation>
        <annotation annotator="Mike Bada, University of Colorado School of Medicine" id="SO_2017_06_11_Instance_23497" type="identity">
            <class id="SO:0001417" label="three_prime_flanking_region"/>
            <span end="19605" id="17069463-15281" start="19603">3′</span>
            <span end="19656" id="17069463-15282" start="19640">flanking regions</span>
        </annotation>
        <annotation annotator="Mike Bada, University of Colorado School of Medicine" id="SO_2017_06_11_Instance_23499" type="identity">
            <class id="SO:0001416" label="five_prime_flanking_region"/>
            <span end="19625" id="17069463-15284" start="19623">5′</span>
            <span end="19656" id="17069463-15285" start="19640">flanking regions</span>
        </annotation>
        <annotation annotator="Mike Bada, University of Colorado School of Medicine" id="SO_2017_06_11_Instance_62821" type="identity">
            <class id="SO:0001414" label="insertion_breakpoint"/>
            <span end="19684" id="17069463-15305" start="19664">insertion breakpoint</span>
        </annotation>
        <annotation annotator="Mike Bada, University of Colorado School of Medicine" id="SO_2017_06_11_Instance_62823" type="identity">
            <class id="SO:0000156" label="cosmid"/>
            <span end="19700" id="17069463-15307" start="19694">cosmid</span>
        </annotation>
        <annotation annotator="Mike Bada, University of Colorado School of Medicine" id="SO_2017_06_11_Instance_62825" type="identity">
            <class id="SO:0000704" label="gene"/>
            <span end="19727" id="17069463-15309" start="19723">gene</span>
        </annotation>
        <annotation annotator="Mike Bada, University of Colorado School of Medicine" id="SO_2017_06_11_Instance_62827" type="identity">
            <class id="SO:0000147" label="exon"/>
            <span end="19738" id="17069463-15311" start="19734">exon</span>
        </annotation>
        <annotation annotator="" id="SO_2017_06_11_Instance_92635" type="identity">
            <class id="SO:0001023" label="allele"/>
            <span end="21089" id="17069463-15345" start="21082">allelic</span>
        </annotation>
        <annotation annotator="Mike Bada, University of Colorado School of Medicine" id="SO_2017_06_11_Instance_11863" type="identity">
            <class id="SO:0001060" label="sequence_variant"/>
            <span end="22098" id="17069463-15261" start="22091">isoform</span>
        </annotation>
        <annotation annotator="Mike Bada, University of Colorado School of Medicine" id="SO_2017_06_11_Instance_11497" type="identity">
            <class id="SO:0000704" label="gene"/>
            <span end="24273" id="17069463-15141" start="24266">genetic</span>
        </annotation>
        <annotation annotator="Mike Bada, University of Colorado School of Medicine" id="SO_2017_06_11_Instance_11489" type="identity">
            <class id="SO:0000704" label="gene"/>
            <span end="24825" id="17069463-15133" start="24818">genetic</span>
        </annotation>
        <annotation annotator="Mike Bada, University of Colorado School of Medicine" id="SO_2017_06_11_Instance_11491" type="identity">
            <class id="SO:0000704" label="gene"/>
            <span end="24967" id="17069463-15135" start="24960">genetic</span>
        </annotation>
        <annotation annotator="Mike Bada, University of Colorado School of Medicine" id="SO_2017_06_11_Instance_11867" type="identity">
            <class id="SO:0100019" label="polypeptide_catalytic_motif"/>
            <span end="32043" id="17069463-15263" start="32032">active site</span>
        </annotation>
        <annotation annotator="Mike Bada, University of Colorado School of Medicine" id="SO_2017_06_11_Instance_11869" type="identity">
            <class id="SO:0100019" label="polypeptide_catalytic_motif"/>
            <span end="32221" id="17069463-15265" start="32210">active site</span>
        </annotation>
        <annotation annotator="Mike Bada, University of Colorado School of Medicine" id="SO_2017_06_11_Instance_11567" type="identity">
            <class id="SO:0000417" label="polypeptide_domain"/>
            <span end="33939" id="17069463-15191" start="33932">domains</span>
        </annotation>
        <annotation annotator="Mike Bada, University of Colorado School of Medicine" id="SO_2017_06_11_Instance_11569" type="identity">
            <class id="SO:0000417" label="polypeptide_domain"/>
            <span end="34125" id="17069463-15193" start="34118">domains</span>
        </annotation>
        <annotation annotator="Mike Bada, University of Colorado School of Medicine" id="SO_2017_06_11_Instance_11571" type="identity">
            <class id="SO:0000417" label="polypeptide_domain"/>
            <span end="34180" id="17069463-15195" start="34173">domains</span>
        </annotation>
        <annotation annotator="Mike Bada, University of Colorado School of Medicine" id="SO_2017_06_11_Instance_11499" type="identity">
            <class id="SO:0000704" label="gene"/>
            <span end="35651" id="17069463-15143" start="35644">genetic</span>
        </annotation>
        <annotation annotator="Mike Bada, University of Colorado School of Medicine" id="SO_2017_06_11_Instance_11501" type="identity">
            <class id="SO:0000704" label="gene"/>
            <span end="35697" id="17069463-15145" start="35690">genetic</span>
        </annotation>
        <annotation annotator="Mike Bada, University of Colorado School of Medicine" id="SO_2017_06_11_Instance_62841" type="identity">
            <class id="SO:0000771" label="QTL"/>
            <span end="35962" id="17069463-15313" start="35938">quantitative trait locus</span>
        </annotation>
        <annotation annotator="Mike Bada, University of Colorado School of Medicine" id="SO_2017_06_11_Instance_11573" type="identity">
            <class id="SO:0000417" label="polypeptide_domain"/>
            <span end="37552" id="17069463-15197" start="37545">domains</span>
        </annotation>
        <annotation annotator="Mike Bada, University of Colorado School of Medicine" id="SO_2017_06_11_Instance_62843" type="identity">
            <class id="SO:0000704" label="gene"/>
            <span end="37936" id="17069463-15315" start="37931">genes</span>
        </annotation>
        <annotation annotator="Mike Bada, University of Colorado School of Medicine" id="SO_2017_06_11_Instance_11503" type="identity">
            <class id="SO:0000704" label="gene"/>
            <span end="38014" id="17069463-15147" start="38007">genetic</span>
        </annotation>
        <annotation annotator="Mike Bada, University of Colorado School of Medicine" id="SO_2017_06_11_Instance_11505" type="identity">
            <class id="SO:0000704" label="gene"/>
            <span end="38280" id="17069463-15149" start="38273">genetic</span>
        </annotation>
        <annotation annotator="Mike Bada, University of Colorado School of Medicine" id="SO_2017_06_11_Instance_10941" type="identity">
            <class id="SO:0000646" label="siRNA"/>
            <span end="40217" id="17069463-15131" start="40196">short interfering RNA</span>
        </annotation>
        <annotation annotator="Mike Bada, University of Colorado School of Medicine" id="SO_2017_06_11_Instance_11507" type="identity">
            <class id="SO:0000704" label="gene"/>
            <span end="40975" id="17069463-15151" start="40968">genetic</span>
        </annotation>
        <annotation annotator="Mike Bada, University of Colorado School of Medicine" id="SO_2017_06_11_Instance_11509" type="identity">
            <class id="SO:0000704" label="gene"/>
            <span end="41084" id="17069463-15153" start="41077">genetic</span>
        </annotation>
        <annotation annotator="" id="SO_2017_06_11_Instance_171330" type="identity">
            <class id="SO:0001817" label="inframe"/>
            <span end="41313" id="17069463-15271" start="41305">in-frame</span>
        </annotation>
        <annotation annotator="Mike Bada, University of Colorado School of Medicine" id="SO_2017_06_11_Instance_11617" type="identity">
            <class id="SO:0000417" label="polypeptide_domain"/>
            <span end="41346" id="17069463-15237" start="41340">domain</span>
        </annotation>
        <annotation annotator="Mike Bada, University of Colorado School of Medicine" id="SO_2017_06_11_Instance_62847" type="identity">
            <class id="SO:0000440" label="vector_replicon"/>
            <span end="41361" id="17069463-15317" start="41355">vector</span>
        </annotation>
        <annotation annotator="Mike Bada, University of Colorado School of Medicine" id="SO_2017_06_11_Instance_62849" type="identity">
            <class id="SO:0000440" label="vector_replicon"/>
            <span end="41419" id="17069463-15319" start="41413">vector</span>
        </annotation>
        <annotation annotator="Mike Bada, University of Colorado School of Medicine" id="SO_2017_06_11_Instance_62851" type="identity">
            <class id="SO:0000440" label="vector_replicon"/>
            <span end="41462" id="17069463-15321" start="41456">vector</span>
        </annotation>
        <annotation annotator="" id="SO_2017_06_11_Instance_171332" type="identity">
            <class id="SO:0001817" label="inframe"/>
            <span end="41888" id="17069463-15273" start="41880">in-frame</span>
        </annotation>
        <annotation annotator="Mike Bada, University of Colorado School of Medicine" id="SO_2017_06_11_Instance_62871" type="identity">
            <class id="SO:0000155" label="plasmid"/>
            <span end="42646" id="17069463-15323" start="42639">plasmid</span>
        </annotation>
        <annotation annotator="Mike Bada, University of Colorado School of Medicine" id="SO_2017_06_11_Instance_62873" type="identity">
            <class id="SO:0000112" label="primer"/>
            <span end="42720" id="17069463-15325" start="42713">primers</span>
        </annotation>
        <annotation annotator="Mike Bada, University of Colorado School of Medicine" id="SO_2017_06_11_Instance_11575" type="identity">
            <class id="SO:0000417" label="polypeptide_domain"/>
            <span end="42736" id="17069463-15199" start="42729">domains</span>
        </annotation>
        <annotation annotator="Mike Bada, University of Colorado School of Medicine" id="SO_2017_06_11_Instance_62875" type="identity">
            <class id="SO:0000006" label="PCR_product"/>
            <span end="42794" id="17069463-15327" start="42782">PCR products</span>
        </annotation>
        <annotation annotator="Mike Bada, University of Colorado School of Medicine" id="SO_2017_06_11_Instance_62877" type="identity">
            <class id="SO:0000440" label="vector_replicon"/>
            <span end="42853" id="17069463-15329" start="42847">vector</span>
        </annotation>
        <annotation annotator="Mike Bada, University of Colorado School of Medicine" id="SO_2017_06_11_Instance_62879" type="identity">
            <class id="SO:0000440" label="vector_replicon"/>
            <span end="42890" id="17069463-15331" start="42883">vectors</span>
        </annotation>
        <annotation annotator="Mike Bada, University of Colorado School of Medicine" id="SO_2017_06_11_Instance_11577" type="identity">
            <class id="SO:0000417" label="polypeptide_domain"/>
            <span end="44996" id="17069463-15201" start="44989">domains</span>
        </annotation>
        <annotation annotator="Mike Bada, University of Colorado School of Medicine" id="SO_2017_06_11_Instance_62883" type="identity">
            <class id="SO:0000704" label="gene"/>
            <span end="47901" id="17069463-15333" start="47897">gene</span>
        </annotation>
        <annotation annotator="Mike Bada, University of Colorado School of Medicine" id="SO_2017_06_11_Instance_62885" type="identity">
            <class id="SO:0000440" label="vector_replicon"/>
            <span end="47913" id="17069463-15335" start="47907">vector</span>
        </annotation>
        <annotation annotator="Mike Bada, University of Colorado School of Medicine" id="SO_2017_06_11_Instance_62887" type="identity">
            <class id="SO:0000704" label="gene"/>
            <span end="48094" id="17069463-15337" start="48090">gene</span>
        </annotation>
        <annotation annotator="Mike Bada, University of Colorado School of Medicine" id="SO_2017_06_11_Instance_62889" type="identity">
            <class id="SO:0000440" label="vector_replicon"/>
            <span end="48106" id="17069463-15339" start="48100">vector</span>
        </annotation>
        <annotation annotator="" id="SO_2017_06_11_Instance_92683" type="identity">
            <class id="SO:0000167" label="promoter"/>
            <span end="48126" id="17069463-15347" start="48118">promoter</span>
        </annotation>
        <annotation annotator="Mike Bada, University of Colorado School of Medicine" id="SO_2017_06_11_Instance_62895" type="identity">
            <class id="SO:0000243" label="internal_ribosome_entry_site"/>
            <span end="48237" id="17069463-15341" start="48209">internal ribosome entry site</span>
        </annotation>
        <annotation annotator="Mike Bada, University of Colorado School of Medicine" id="SO_2017_06_11_Instance_62897" type="identity">
            <class id="SO:0000243" label="internal_ribosome_entry_site"/>
            <span end="48243" id="17069463-15343" start="48239">IRES</span>
        </annotation>
        <annotation annotator="Mike Bada, University of Colorado School of Medicine" id="SO_2017_06_11_Instance_11889" type="identity">
            <class id="SO:0005853" label="gene_cassette"/>
            <span end="48314" id="17069463-15267" start="48306">cassette</span>
        </annotation>
        <annotation annotator="Mike Bada, University of Colorado School of Medicine" id="SO_2017_06_11_Instance_11511" type="identity">
            <class id="SO:0000704" label="gene"/>
            <span end="48687" id="17069463-15155" start="48680">genetic</span>
        </annotation>
        <annotation annotator="Mike Bada, University of Colorado School of Medicine" id="SO_2017_06_11_Instance_11891" type="identity">
            <class id="SO:0001026" label="genome"/>
            <span end="48788" id="17069463-15269" start="48781">genomic</span>
        </annotation>
        <annotation annotator="Mike Bada, University of Colorado School of Medicine" id="SO_2017_06_11_Instance_11513" type="identity">
            <class id="SO:0000704" label="gene"/>
            <span end="53973" id="17069463-15157" start="53966">genetic</span>
        </annotation>
        <annotation annotator="Mike Bada, University of Colorado School of Medicine" id="SO_2017_06_11_Instance_11619" type="identity">
            <class id="SO:0000417" label="polypeptide_domain"/>
            <span end="54352" id="17069463-15239" start="54346">domain</span>
        </annotation>
        <annotation annotator="Mike Bada, University of Colorado School of Medicine" id="SO_2017_06_11_Instance_11621" type="identity">
            <class id="SO:0000417" label="polypeptide_domain"/>
            <span end="54466" id="17069463-15241" start="54460">domain</span>
        </annotation>
        <graph-space id="Old Knowtator Relations"/>
    </document>
</knowtator-project>
