<?xml version="1.0" encoding="UTF-8" standalone="no"?>
<knowtator-project>
  <document id="17078885" text-file="17078885.txt">
    <annotation annotator="Mike Bada, University of Colorado School of Medicine" id="SO_2017_06_11_Instance_62901" type="identity">
      <class id="SO:0000359" label="floxed"/>
      <span end="6065" id="17078885-15373" start="6059">floxed</span>
    </annotation>
    <annotation annotator="Mike Bada, University of Colorado School of Medicine" id="SO_2017_06_11_Instance_62903" type="identity">
      <class id="SO:0001023" label="allele"/>
      <span end="6077" id="17078885-15375" start="6071">allele</span>
    </annotation>
    <annotation annotator="" id="SO_2017_06_11_Instance_224693" type="identity">
      <class id="SO:0000359" label="floxed"/>
      <span end="6087" id="17078885-15355" start="6083">Flox</span>
    </annotation>
    <annotation annotator="Mike Bada, University of Colorado School of Medicine" id="SO_2017_06_11_Instance_39533" type="identity">
      <class id="SO:0000359" label="floxed"/>
      <span end="6092" id="17078885-15369" start="6088">Flox</span>
    </annotation>
    <annotation annotator="Mike Bada, University of Colorado School of Medicine" id="SO_2017_06_11_Instance_62905" type="identity">
      <class id="SO:0001023" label="allele"/>
      <span end="6205" id="17078885-15377" start="6199">allele</span>
    </annotation>
    <annotation annotator="Mike Bada, University of Colorado School of Medicine" id="SO_2017_06_11_Instance_62907" type="identity">
      <class id="SO:0001023" label="allele"/>
      <span end="6221" id="17078885-15379" start="6215">allele</span>
    </annotation>
    <annotation annotator="" id="SO_2017_06_11_Instance_224695" type="identity">
      <class id="SO:0000359" label="floxed"/>
      <span end="6271" id="17078885-15357" start="6267">Flox</span>
    </annotation>
    <annotation annotator="Mike Bada, University of Colorado School of Medicine" id="SO_2017_06_11_Instance_62909" type="identity">
      <class id="SO:0001023" label="allele"/>
      <span end="6290" id="17078885-15381" start="6283">alleles</span>
    </annotation>
    <annotation annotator="Mike Bada, University of Colorado School of Medicine" id="SO_2017_06_11_Instance_62911" type="identity">
      <class id="SO:0000902" label="transgene"/>
      <span end="6333" id="17078885-15383" start="6324">transgene</span>
    </annotation>
    <annotation annotator="Mike Bada, University of Colorado School of Medicine" id="SO_2017_06_11_Instance_62913" type="identity">
      <class id="SO:0000704" label="gene"/>
      <span end="6352" id="17078885-15385" start="6348">gene</span>
    </annotation>
    <annotation annotator="Mike Bada, University of Colorado School of Medicine" id="SO_2017_06_11_Instance_39913" type="identity">
      <class id="SO:0001023" label="allele"/>
      <span end="6461" id="17078885-15371" start="6454">allelic</span>
    </annotation>
    <annotation annotator="" id="SO_2017_06_11_Instance_224697" type="identity">
      <class id="SO:0000359" label="floxed"/>
      <span end="6534" id="17078885-15359" start="6530">Flox</span>
    </annotation>
    <annotation annotator="" id="SO_2017_06_11_Instance_224699" type="identity">
      <class id="SO:0000359" label="floxed"/>
      <span end="12725" id="17078885-15361" start="12721">Flox</span>
    </annotation>
    <annotation annotator="Mike Bada, University of Colorado School of Medicine" id="SO_2017_06_11_Instance_11943" type="identity">
      <class id="SO:0000359" label="floxed"/>
      <span end="12730" id="17078885-15351" start="12726">Flox</span>
    </annotation>
    <annotation annotator="" id="SO_2017_06_11_Instance_224701" type="identity">
      <class id="SO:0000359" label="floxed"/>
      <span end="12809" id="17078885-15363" start="12805">Flox</span>
    </annotation>
    <annotation annotator="Mike Bada, University of Colorado School of Medicine" id="SO_2017_06_11_Instance_11945" type="identity">
      <class id="SO:0000359" label="floxed"/>
      <span end="12814" id="17078885-15353" start="12810">Flox</span>
    </annotation>
    <annotation annotator="Mike Bada, University of Colorado School of Medicine" id="SO_2017_06_11_Instance_62917" type="identity">
      <class id="SO:0000704" label="gene"/>
      <span end="23436" id="17078885-15387" start="23432">gene</span>
    </annotation>
    <annotation annotator="Mike Bada, University of Colorado School of Medicine" id="SO_2017_06_11_Instance_62919" type="identity">
      <class id="SO:0000704" label="gene"/>
      <span end="23579" id="17078885-15389" start="23575">gene</span>
    </annotation>
    <annotation annotator="Mike Bada, University of Colorado School of Medicine" id="SO_2017_06_11_Instance_62923" type="identity">
      <class id="SO:0000704" label="gene"/>
      <span end="28142" id="17078885-15391" start="28137">genes</span>
    </annotation>
    <annotation annotator="Mike Bada, University of Colorado School of Medicine" id="SO_2017_06_11_Instance_62925" type="identity">
      <class id="SO:0000704" label="gene"/>
      <span end="30050" id="17078885-15393" start="30046">gene</span>
    </annotation>
    <annotation annotator="" id="SO_2017_06_11_Instance_224703" type="identity">
      <class id="SO:0000359" label="floxed"/>
      <span end="30783" id="17078885-15365" start="30779">flox</span>
    </annotation>
    <annotation annotator="" id="SO_2017_06_11_Instance_224705" type="identity">
      <class id="SO:0000359" label="floxed"/>
      <span end="30793" id="17078885-15367" start="30789">flox</span>
    </annotation>
    <annotation annotator="Mike Bada, University of Colorado School of Medicine" id="SO_2017_06_11_Instance_62927" type="identity">
      <class id="SO:0001023" label="allele"/>
      <span end="30801" id="17078885-15395" start="30795">allele</span>
    </annotation>
    <annotation annotator="Mike Bada, University of Colorado School of Medicine" id="SO_2017_06_11_Instance_62937" type="identity">
      <class id="SO:0000077" label="antisense"/>
      <span end="32914" id="17078885-15397" start="32905">antisense</span>
    </annotation>
    <graph-space id="Old Knowtator Relations"/>
  </document>
</knowtator-project>
