<?xml version="1.0" encoding="UTF-8" standalone="no"?>
<knowtator-project>
  <document id="17083276" text-file="17083276.txt">
    <annotation annotator="Mike Bada, University of Colorado School of Medicine" id="SO_2017_06_11_Instance_62943" type="identity">
      <class id="SO:0001026" label="genome"/>
      <span end="190" id="17083276-15447" start="184">genome</span>
    </annotation>
    <annotation annotator="Mike Bada, University of Colorado School of Medicine" id="SO_2017_06_11_Instance_62945" type="identity">
      <class id="SO:0000704" label="gene"/>
      <span end="460" id="17083276-15449" start="456">gene</span>
    </annotation>
    <annotation annotator="Mike Bada, University of Colorado School of Medicine" id="SO_2017_06_11_Instance_62951" type="identity">
      <class id="SO:0001026" label="genome"/>
      <span end="1908" id="17083276-15451" start="1902">genome</span>
    </annotation>
    <annotation annotator="Mike Bada, University of Colorado School of Medicine" id="SO_2017_06_11_Instance_38885" type="identity">
      <class id="SO:0000704" label="gene"/>
      <span end="2002" id="17083276-15419" start="1995">genetic</span>
    </annotation>
    <annotation annotator="Mike Bada, University of Colorado School of Medicine" id="SO_2017_06_11_Instance_62953" type="identity">
      <class id="SO:0001026" label="genome"/>
      <span end="2251" id="17083276-15453" start="2245">genome</span>
    </annotation>
    <annotation annotator="Mike Bada, University of Colorado School of Medicine" id="SO_2017_06_11_Instance_39529" type="identity">
      <class id="SO:0000704" label="gene"/>
      <span end="2418" id="17083276-15421" start="2411">genetic</span>
    </annotation>
    <annotation annotator="Mike Bada, University of Colorado School of Medicine" id="SO_2017_06_11_Instance_62955" type="identity">
      <class id="SO:0001026" label="genome"/>
      <span end="2489" id="17083276-15455" start="2483">genome</span>
    </annotation>
    <annotation annotator="Mike Bada, University of Colorado School of Medicine" id="SO_2017_06_11_Instance_39675" type="identity">
      <class id="SO:0001026" label="genome"/>
      <span end="2909" id="17083276-15423" start="2902">genomic</span>
    </annotation>
    <annotation annotator="Mike Bada, University of Colorado School of Medicine" id="SO_2017_06_11_Instance_62959" type="identity">
      <class id="SO:0001026" label="genome"/>
      <span end="3257" id="17083276-15457" start="3251">genome</span>
    </annotation>
    <annotation annotator="Mike Bada, University of Colorado School of Medicine" id="SO_2017_06_11_Instance_62961" type="identity">
      <class id="SO:0000704" label="gene"/>
      <span end="3332" id="17083276-15459" start="3328">gene</span>
    </annotation>
    <annotation annotator="Mike Bada, University of Colorado School of Medicine" id="SO_2017_06_11_Instance_40415" type="identity">
      <class id="SO:0000417" label="polypeptide_domain"/>
      <span end="4723" id="17083276-15427" start="4717">domain</span>
    </annotation>
    <annotation annotator="Mike Bada, University of Colorado School of Medicine" id="SO_2017_06_11_Instance_36431" type="identity">
      <class id="SO:0000296" label="origin_of_replication"/>
      <span end="4937" id="17083276-15417" start="4920">replication sites</span>
    </annotation>
    <annotation annotator="Mike Bada, University of Colorado School of Medicine" id="SO_2017_06_11_Instance_40419" type="identity">
      <class id="SO:0000704" label="gene"/>
      <span end="5480" id="17083276-15429" start="5473">genetic</span>
    </annotation>
    <annotation annotator="Mike Bada, University of Colorado School of Medicine" id="SO_2017_06_11_Instance_62963" type="identity">
      <class id="SO:0000704" label="gene"/>
      <span end="5809" id="17083276-15461" start="5805">gene</span>
    </annotation>
    <annotation annotator="Mike Bada, University of Colorado School of Medicine" id="SO_2017_06_11_Instance_62965" type="identity">
      <class id="SO:0000147" label="exon"/>
      <span end="5846" id="17083276-15463" start="5842">exon</span>
    </annotation>
    <annotation annotator="Mike Bada, University of Colorado School of Medicine" id="SO_2017_06_11_Instance_62967" type="identity">
      <class id="SO:0000704" label="gene"/>
      <span end="5867" id="17083276-15465" start="5863">gene</span>
    </annotation>
    <annotation annotator="Mike Bada, University of Colorado School of Medicine" id="SO_2017_06_11_Instance_62975" type="identity">
      <class id="SO:0001026" label="genome"/>
      <span end="7827" id="17083276-15467" start="7821">genome</span>
    </annotation>
    <annotation annotator="Mike Bada, University of Colorado School of Medicine" id="SO_2017_06_11_Instance_62981" type="identity">
      <class id="SO:0000440" label="vector_replicon"/>
      <span end="11966" id="17083276-15469" start="11960">vector</span>
    </annotation>
    <annotation annotator="Mike Bada, University of Colorado School of Medicine" id="SO_2017_06_11_Instance_62989" type="identity">
      <class id="SO:0001026" label="genome"/>
      <span end="14919" id="17083276-15471" start="14913">genome</span>
    </annotation>
    <annotation annotator="Mike Bada, University of Colorado School of Medicine" id="SO_2017_06_11_Instance_62991" type="identity">
      <class id="SO:0000755" label="plasmid_vector"/>
      <span end="15149" id="17083276-15473" start="15134">plasmid vectors</span>
    </annotation>
    <annotation annotator="Mike Bada, University of Colorado School of Medicine" id="SO_2017_06_11_Instance_62993" type="identity">
      <class id="SO:0000755" label="plasmid_vector"/>
      <span end="16354" id="17083276-15475" start="16340">plasmid vector</span>
    </annotation>
    <annotation annotator="" id="SO_2017_06_11_Instance_92685" type="identity">
      <class id="SO:0001707" label="H3K9_trimethylation_site"/>
      <span end="17425" id="17083276-15597" start="17418">H3K9me3</span>
    </annotation>
    <annotation annotator="" id="SO_2017_06_11_Instance_92687" type="identity">
      <class id="SO:0001707" label="H3K9_trimethylation_site"/>
      <span end="17605" id="17083276-15599" start="17598">H3K9me3</span>
    </annotation>
    <annotation annotator="" id="SO_2017_06_11_Instance_92689" type="identity">
      <class id="SO:0001707" label="H3K9_trimethylation_site"/>
      <span end="17716" id="17083276-15601" start="17709">H3K9me3</span>
    </annotation>
    <annotation annotator="Mike Bada, University of Colorado School of Medicine" id="SO_2017_06_11_Instance_63001" type="identity">
      <class id="SO:0001026" label="genome"/>
      <span end="19861" id="17083276-15477" start="19855">genome</span>
    </annotation>
    <annotation annotator="Mike Bada, University of Colorado School of Medicine" id="SO_2017_06_11_Instance_63003" type="identity">
      <class id="SO:0001026" label="genome"/>
      <span end="20358" id="17083276-15479" start="20352">genome</span>
    </annotation>
    <annotation annotator="Mike Bada, University of Colorado School of Medicine" id="SO_2017_06_11_Instance_63007" type="identity">
      <class id="SO:0001026" label="genome"/>
      <span end="21057" id="17083276-15481" start="21051">genome</span>
    </annotation>
    <annotation annotator="Mike Bada, University of Colorado School of Medicine" id="SO_2017_06_11_Instance_63009" type="identity">
      <class id="SO:0001026" label="genome"/>
      <span end="21612" id="17083276-15483" start="21606">genome</span>
    </annotation>
    <annotation annotator="Mike Bada, University of Colorado School of Medicine" id="SO_2017_06_11_Instance_63017" type="identity">
      <class id="SO:0000704" label="gene"/>
      <span end="24214" id="17083276-15485" start="24210">gene</span>
    </annotation>
    <annotation annotator="Mike Bada, University of Colorado School of Medicine" id="SO_2017_06_11_Instance_63019" type="identity">
      <class id="SO:0000704" label="gene"/>
      <span end="24315" id="17083276-15487" start="24311">gene</span>
    </annotation>
    <annotation annotator="Mike Bada, University of Colorado School of Medicine" id="SO_2017_06_11_Instance_40421" type="identity">
      <class id="SO:0001026" label="genome"/>
      <span end="24923" id="17083276-15431" start="24916">genomic</span>
    </annotation>
    <annotation annotator="" id="SO_2017_06_11_Instance_224505" type="identity">
      <class id="SO:0000357" label="flanked"/>
      <span end="24960" id="17083276-15415" start="24952">flanking</span>
    </annotation>
    <annotation annotator="Mike Bada, University of Colorado School of Medicine" id="SO_2017_06_11_Instance_63021" type="identity">
      <class id="SO:0000147" label="exon"/>
      <span end="24972" id="17083276-15489" start="24968">exon</span>
    </annotation>
    <annotation annotator="Mike Bada, University of Colorado School of Medicine" id="SO_2017_06_11_Instance_39779" type="identity">
      <class id="SO:0005853" label="gene_cassette"/>
      <span end="25088" id="17083276-15425" start="25079">cassettes</span>
    </annotation>
    <annotation annotator="Mike Bada, University of Colorado School of Medicine" id="SO_2017_06_11_Instance_63025" type="identity">
      <class id="SO:0001023" label="allele"/>
      <span end="25293" id="17083276-15491" start="25287">allele</span>
    </annotation>
    <annotation annotator="Mike Bada, University of Colorado School of Medicine" id="SO_2017_06_11_Instance_63027" type="identity">
      <class id="SO:0000112" label="primer"/>
      <span end="25591" id="17083276-15493" start="25584">primers</span>
    </annotation>
    <annotation annotator="Mike Bada, University of Colorado School of Medicine" id="SO_2017_06_11_Instance_63031" type="identity">
      <class id="SO:0001023" label="allele"/>
      <span end="25661" id="17083276-15495" start="25654">alleles</span>
    </annotation>
    <annotation annotator="Mike Bada, University of Colorado School of Medicine" id="SO_2017_06_11_Instance_63033" type="identity">
      <class id="SO:0000112" label="primer"/>
      <span end="25812" id="17083276-15497" start="25805">primers</span>
    </annotation>
    <annotation annotator="Mike Bada, University of Colorado School of Medicine" id="SO_2017_06_11_Instance_40495" type="identity">
      <class id="SO:0000028" label="base_pair"/>
      <span end="25944" id="17083276-15437" start="25942">bp</span>
    </annotation>
    <annotation annotator="Mike Bada, University of Colorado School of Medicine" id="SO_2017_06_11_Instance_40497" type="identity">
      <class id="SO:0000028" label="base_pair"/>
      <span end="25969" id="17083276-15439" start="25967">bp</span>
    </annotation>
    <annotation annotator="Mike Bada, University of Colorado School of Medicine" id="SO_2017_06_11_Instance_63037" type="identity">
      <class id="SO:0001023" label="allele"/>
      <span end="25978" id="17083276-15499" start="25971">alleles</span>
    </annotation>
    <annotation annotator="Mike Bada, University of Colorado School of Medicine" id="SO_2017_06_11_Instance_63039" type="identity">
      <class id="SO:0000755" label="plasmid_vector"/>
      <span end="26035" id="17083276-15501" start="26021">plasmid vector</span>
    </annotation>
    <annotation annotator="Mike Bada, University of Colorado School of Medicine" id="SO_2017_06_11_Instance_63041" type="identity">
      <class id="SO:0000167" label="promoter"/>
      <span end="26093" id="17083276-15503" start="26085">promoter</span>
    </annotation>
    <annotation annotator="Mike Bada, University of Colorado School of Medicine" id="SO_2017_06_11_Instance_63043" type="identity">
      <class id="SO:0000704" label="gene"/>
      <span end="26124" id="17083276-15505" start="26120">gene</span>
    </annotation>
    <annotation annotator="Mike Bada, University of Colorado School of Medicine" id="SO_2017_06_11_Instance_63045" type="identity">
      <class id="SO:0000440" label="vector_replicon"/>
      <span end="26216" id="17083276-15507" start="26210">vector</span>
    </annotation>
    <annotation annotator="Mike Bada, University of Colorado School of Medicine" id="SO_2017_06_11_Instance_63047" type="identity">
      <class id="SO:0000704" label="gene"/>
      <span end="26240" id="17083276-15509" start="26236">gene</span>
    </annotation>
    <annotation annotator="Mike Bada, University of Colorado School of Medicine" id="SO_2017_06_11_Instance_63049" type="identity">
      <class id="SO:0000704" label="gene"/>
      <span end="26277" id="17083276-15511" start="26272">genes</span>
    </annotation>
    <annotation annotator="Mike Bada, University of Colorado School of Medicine" id="SO_2017_06_11_Instance_63051" type="identity">
      <class id="SO:0000646" label="siRNA"/>
      <span end="26453" id="17083276-15513" start="26448">siRNA</span>
    </annotation>
    <annotation annotator="Mike Bada, University of Colorado School of Medicine" id="SO_2017_06_11_Instance_40803" type="identity">
      <class id="SO:0000646" label="siRNA"/>
      <span end="26476" id="17083276-15441" start="26455">short interfering RNA</span>
    </annotation>
    <annotation annotator="Mike Bada, University of Colorado School of Medicine" id="SO_2017_06_11_Instance_63053" type="identity">
      <class id="SO:0000155" label="plasmid"/>
      <span end="26518" id="17083276-15515" start="26511">plasmid</span>
    </annotation>
    <annotation annotator="Mike Bada, University of Colorado School of Medicine" id="SO_2017_06_11_Instance_63055" type="identity">
      <class id="SO:0000440" label="vector_replicon"/>
      <span end="26538" id="17083276-15517" start="26532">vector</span>
    </annotation>
    <annotation annotator="Mike Bada, University of Colorado School of Medicine" id="SO_2017_06_11_Instance_63057" type="identity">
      <class id="SO:0000646" label="siRNA"/>
      <span end="26556" id="17083276-15519" start="26551">siRNA</span>
    </annotation>
    <annotation annotator="Mike Bada, University of Colorado School of Medicine" id="SO_2017_06_11_Instance_63061" type="identity">
      <class id="SO:0000755" label="plasmid_vector"/>
      <span end="26663" id="17083276-15521" start="26649">plasmid vector</span>
    </annotation>
    <annotation annotator="Mike Bada, University of Colorado School of Medicine" id="SO_2017_06_11_Instance_63063" type="identity">
      <class id="SO:0000440" label="vector_replicon"/>
      <span end="26889" id="17083276-15523" start="26883">vector</span>
    </annotation>
    <annotation annotator="Mike Bada, University of Colorado School of Medicine" id="SO_2017_06_11_Instance_63065" type="identity">
      <class id="SO:0000704" label="gene"/>
      <span end="27126" id="17083276-15525" start="27122">gene</span>
    </annotation>
    <annotation annotator="Mike Bada, University of Colorado School of Medicine" id="SO_2017_06_11_Instance_63067" type="identity">
      <class id="SO:0000755" label="plasmid_vector"/>
      <span end="27218" id="17083276-15527" start="27204">plasmid vector</span>
    </annotation>
    <annotation annotator="Mike Bada, University of Colorado School of Medicine" id="SO_2017_06_11_Instance_63069" type="identity">
      <class id="SO:0000704" label="gene"/>
      <span end="27508" id="17083276-15529" start="27504">gene</span>
    </annotation>
    <annotation annotator="" id="SO_2017_06_11_Instance_92691" type="identity">
      <class id="SO:0001707" label="H3K9_trimethylation_site"/>
      <span end="28439" id="17083276-15603" start="28432">H3K9me3</span>
    </annotation>
    <annotation annotator="" id="SO_2017_06_11_Instance_92693" type="identity">
      <class id="SO:0001707" label="H3K9_trimethylation_site"/>
      <span end="28839" id="17083276-15605" start="28832">H3K9me3</span>
    </annotation>
    <annotation annotator="" id="SO_2017_06_11_Instance_92695" type="identity">
      <class id="SO:0001707" label="H3K9_trimethylation_site"/>
      <span end="31144" id="17083276-15607" start="31137">H3K9me3</span>
    </annotation>
    <annotation annotator="Mike Bada, University of Colorado School of Medicine" id="SO_2017_06_11_Instance_40805" type="identity">
      <class id="SO:0000028" label="base_pair"/>
      <span end="31273" id="17083276-15443" start="31271">bp</span>
    </annotation>
    <annotation annotator="Mike Bada, University of Colorado School of Medicine" id="SO_2017_06_11_Instance_40807" type="identity">
      <class id="SO:0000028" label="base_pair"/>
      <span end="31349" id="17083276-15445" start="31347">bp</span>
    </annotation>
    <annotation annotator="Mike Bada, University of Colorado School of Medicine" id="SO_2017_06_11_Instance_10607" type="identity">
      <class id="SO:0000028" label="base_pair"/>
      <span end="31427" id="17083276-15401" start="31425">bp</span>
    </annotation>
    <annotation annotator="Mike Bada, University of Colorado School of Medicine" id="SO_2017_06_11_Instance_63081" type="identity">
      <class id="SO:0000755" label="plasmid_vector"/>
      <span end="31778" id="17083276-15531" start="31763">plasmid vectors</span>
    </annotation>
    <annotation annotator="" id="SO_2017_06_11_Instance_92697" type="identity">
      <class id="SO:0001707" label="H3K9_trimethylation_site"/>
      <span end="31945" id="17083276-15609" start="31938">H3K9me3</span>
    </annotation>
    <annotation annotator="Mike Bada, University of Colorado School of Medicine" id="SO_2017_06_11_Instance_63083" type="identity">
      <class id="SO:0000646" label="siRNA"/>
      <span end="32038" id="17083276-15533" start="32033">siRNA</span>
    </annotation>
    <annotation annotator="Mike Bada, University of Colorado School of Medicine" id="SO_2017_06_11_Instance_63085" type="identity">
      <class id="SO:0000440" label="vector_replicon"/>
      <span end="32045" id="17083276-15535" start="32039">vector</span>
    </annotation>
    <annotation annotator="Mike Bada, University of Colorado School of Medicine" id="SO_2017_06_11_Instance_63087" type="identity">
      <class id="SO:0000755" label="plasmid_vector"/>
      <span end="32424" id="17083276-15537" start="32410">plasmid vector</span>
    </annotation>
    <annotation annotator="Mike Bada, University of Colorado School of Medicine" id="SO_2017_06_11_Instance_63089" type="identity">
      <class id="SO:0000704" label="gene"/>
      <span end="32564" id="17083276-15539" start="32560">gene</span>
    </annotation>
    <annotation annotator="Mike Bada, University of Colorado School of Medicine" id="SO_2017_06_11_Instance_63091" type="identity">
      <class id="SO:0000440" label="vector_replicon"/>
      <span end="32903" id="17083276-15541" start="32896">vectors</span>
    </annotation>
    <annotation annotator="Mike Bada, University of Colorado School of Medicine" id="SO_2017_06_11_Instance_63095" type="identity">
      <class id="SO:0000646" label="siRNA"/>
      <span end="34059" id="17083276-15543" start="34054">siRNA</span>
    </annotation>
    <annotation annotator="Mike Bada, University of Colorado School of Medicine" id="SO_2017_06_11_Instance_10611" type="identity">
      <class id="SO:0000646" label="siRNA"/>
      <span end="34083" id="17083276-15403" start="34062">short interfering RNA</span>
    </annotation>
    <annotation annotator="Mike Bada, University of Colorado School of Medicine" id="SO_2017_06_11_Instance_10753" type="identity">
      <class id="SO:0000417" label="polypeptide_domain"/>
      <span end="34371" id="17083276-15405" start="34364">domains</span>
    </annotation>
    <annotation annotator="Mike Bada, University of Colorado School of Medicine" id="SO_2017_06_11_Instance_11003" type="identity">
      <class id="SO:0000417" label="polypeptide_domain"/>
      <span end="34420" id="17083276-15407" start="34414">domain</span>
    </annotation>
    <annotation annotator="Mike Bada, University of Colorado School of Medicine" id="SO_2017_06_11_Instance_63097" type="identity">
      <class id="SO:0000704" label="gene"/>
      <span end="34471" id="17083276-15545" start="34467">gene</span>
    </annotation>
    <annotation annotator="Mike Bada, University of Colorado School of Medicine" id="SO_2017_06_11_Instance_63099" type="identity">
      <class id="SO:0000147" label="exon"/>
      <span end="34505" id="17083276-15547" start="34500">exons</span>
    </annotation>
    <annotation annotator="Mike Bada, University of Colorado School of Medicine" id="SO_2017_06_11_Instance_63101" type="identity">
      <class id="SO:0000188" label="intron"/>
      <span end="34517" id="17083276-15549" start="34510">introns</span>
    </annotation>
    <annotation annotator="Mike Bada, University of Colorado School of Medicine" id="SO_2017_06_11_Instance_11981" type="identity">
      <class id="SO:0000318" label="start_codon"/>
      <span end="34581" id="17083276-15409" start="34554">translation initiation site</span>
    </annotation>
    <annotation annotator="" id="SO_2017_06_11_Instance_171620" type="identity">
      <class id="SO:0001644" label="targeting_vector"/>
      <span end="34625" id="17083276-15413" start="34609">targeting vector</span>
    </annotation>
    <annotation annotator="Mike Bada, University of Colorado School of Medicine" id="SO_2017_06_11_Instance_40423" type="identity">
      <class id="SO:0001026" label="genome"/>
      <span end="34649" id="17083276-15433" start="34642">genomic</span>
    </annotation>
    <annotation annotator="Mike Bada, University of Colorado School of Medicine" id="SO_2017_06_11_Instance_63107" type="identity">
      <class id="SO:0000704" label="gene"/>
      <span end="34743" id="17083276-15551" start="34738">genes</span>
    </annotation>
    <annotation annotator="Mike Bada, University of Colorado School of Medicine" id="SO_2017_06_11_Instance_63111" type="identity">
      <class id="SO:0000112" label="primer"/>
      <span end="34996" id="17083276-15553" start="34989">primers</span>
    </annotation>
    <annotation annotator="Mike Bada, University of Colorado School of Medicine" id="SO_2017_06_11_Instance_63119" type="identity">
      <class id="SO:0000646" label="siRNA"/>
      <span end="36845" id="17083276-15555" start="36840">siRNA</span>
    </annotation>
    <annotation annotator="Mike Bada, University of Colorado School of Medicine" id="SO_2017_06_11_Instance_63121" type="identity">
      <class id="SO:0000440" label="vector_replicon"/>
      <span end="36863" id="17083276-15557" start="36857">vector</span>
    </annotation>
    <annotation annotator="Mike Bada, University of Colorado School of Medicine" id="SO_2017_06_11_Instance_11983" type="identity">
      <class id="SO:0005853" label="gene_cassette"/>
      <span end="36903" id="17083276-15411" start="36895">cassette</span>
    </annotation>
    <annotation annotator="Mike Bada, University of Colorado School of Medicine" id="SO_2017_06_11_Instance_63123" type="identity">
      <class id="SO:0000167" label="promoter"/>
      <span end="36933" id="17083276-15559" start="36925">promoter</span>
    </annotation>
    <annotation annotator="Mike Bada, University of Colorado School of Medicine" id="SO_2017_06_11_Instance_63125" type="identity">
      <class id="SO:0000646" label="siRNA"/>
      <span end="36948" id="17083276-15561" start="36943">siRNA</span>
    </annotation>
    <annotation annotator="Mike Bada, University of Colorado School of Medicine" id="SO_2017_06_11_Instance_63127" type="identity">
      <class id="SO:0000646" label="siRNA"/>
      <span end="37239" id="17083276-15563" start="37234">siRNA</span>
    </annotation>
    <annotation annotator="Mike Bada, University of Colorado School of Medicine" id="SO_2017_06_11_Instance_63129" type="identity">
      <class id="SO:0000646" label="siRNA"/>
      <span end="37246" id="17083276-15565" start="37241">siRNA</span>
    </annotation>
    <annotation annotator="Mike Bada, University of Colorado School of Medicine" id="SO_2017_06_11_Instance_63131" type="identity">
      <class id="SO:0000646" label="siRNA"/>
      <span end="37599" id="17083276-15567" start="37594">siRNA</span>
    </annotation>
    <annotation annotator="Mike Bada, University of Colorado School of Medicine" id="SO_2017_06_11_Instance_63133" type="identity">
      <class id="SO:0000646" label="siRNA"/>
      <span end="37849" id="17083276-15569" start="37844">siRNA</span>
    </annotation>
    <annotation annotator="Mike Bada, University of Colorado School of Medicine" id="SO_2017_06_11_Instance_63135" type="identity">
      <class id="SO:0000646" label="siRNA"/>
      <span end="38132" id="17083276-15571" start="38127">siRNA</span>
    </annotation>
    <annotation annotator="Mike Bada, University of Colorado School of Medicine" id="SO_2017_06_11_Instance_63137" type="identity">
      <class id="SO:0000440" label="vector_replicon"/>
      <span end="38140" id="17083276-15573" start="38133">vectors</span>
    </annotation>
    <annotation annotator="Mike Bada, University of Colorado School of Medicine" id="SO_2017_06_11_Instance_63139" type="identity">
      <class id="SO:0000646" label="siRNA"/>
      <span end="39158" id="17083276-15575" start="39153">siRNA</span>
    </annotation>
    <annotation annotator="Mike Bada, University of Colorado School of Medicine" id="SO_2017_06_11_Instance_63141" type="identity">
      <class id="SO:0000440" label="vector_replicon"/>
      <span end="39166" id="17083276-15577" start="39159">vectors</span>
    </annotation>
    <annotation annotator="Mike Bada, University of Colorado School of Medicine" id="SO_2017_06_11_Instance_63145" type="identity">
      <class id="SO:0000646" label="siRNA"/>
      <span end="39584" id="17083276-15579" start="39579">siRNA</span>
    </annotation>
    <annotation annotator="Mike Bada, University of Colorado School of Medicine" id="SO_2017_06_11_Instance_63151" type="identity">
      <class id="SO:0000646" label="siRNA"/>
      <span end="40010" id="17083276-15581" start="40005">siRNA</span>
    </annotation>
    <annotation annotator="Mike Bada, University of Colorado School of Medicine" id="SO_2017_06_11_Instance_63153" type="identity">
      <class id="SO:0000646" label="siRNA"/>
      <span end="40511" id="17083276-15583" start="40506">siRNA</span>
    </annotation>
    <annotation annotator="Mike Bada, University of Colorado School of Medicine" id="SO_2017_06_11_Instance_63155" type="identity">
      <class id="SO:0000646" label="siRNA"/>
      <span end="41056" id="17083276-15585" start="41051">siRNA</span>
    </annotation>
    <annotation annotator="Mike Bada, University of Colorado School of Medicine" id="SO_2017_06_11_Instance_63157" type="identity">
      <class id="SO:0000440" label="vector_replicon"/>
      <span end="41063" id="17083276-15587" start="41057">vector</span>
    </annotation>
    <annotation annotator="Mike Bada, University of Colorado School of Medicine" id="SO_2017_06_11_Instance_40425" type="identity">
      <class id="SO:0001026" label="genome"/>
      <span end="41294" id="17083276-15435" start="41287">genomic</span>
    </annotation>
    <annotation annotator="Mike Bada, University of Colorado School of Medicine" id="SO_2017_06_11_Instance_63161" type="identity">
      <class id="SO:0000646" label="siRNA"/>
      <span end="41629" id="17083276-15589" start="41624">siRNA</span>
    </annotation>
    <annotation annotator="Mike Bada, University of Colorado School of Medicine" id="SO_2017_06_11_Instance_63163" type="identity">
      <class id="SO:0000440" label="vector_replicon"/>
      <span end="41636" id="17083276-15591" start="41630">vector</span>
    </annotation>
    <annotation annotator="" id="SO_2017_06_11_Instance_92699" type="identity">
      <class id="SO:0001707" label="H3K9_trimethylation_site"/>
      <span end="42011" id="17083276-15611" start="42004">H3K9me3</span>
    </annotation>
    <annotation annotator="Mike Bada, University of Colorado School of Medicine" id="SO_2017_06_11_Instance_63167" type="identity">
      <class id="SO:0000646" label="siRNA"/>
      <span end="42168" id="17083276-15593" start="42163">siRNA</span>
    </annotation>
    <annotation annotator="" id="SO_2017_06_11_Instance_92701" type="identity">
      <class id="SO:0001707" label="H3K9_trimethylation_site"/>
      <span end="42875" id="17083276-15613" start="42868">H3K9me3</span>
    </annotation>
    <annotation annotator="" id="SO_2017_06_11_Instance_92703" type="identity">
      <class id="SO:0001707" label="H3K9_trimethylation_site"/>
      <span end="42990" id="17083276-15615" start="42983">H3K9me3</span>
    </annotation>
    <annotation annotator="Mike Bada, University of Colorado School of Medicine" id="SO_2017_06_11_Instance_63177" type="identity">
      <class id="SO:0000646" label="siRNA"/>
      <span end="43069" id="17083276-15595" start="43064">siRNA</span>
    </annotation>
    <annotation annotator="" id="SO_2017_06_11_Instance_92705" type="identity">
      <class id="SO:0001707" label="H3K9_trimethylation_site"/>
      <span end="43119" id="17083276-15617" start="43112">H3K9me3</span>
    </annotation>
    <graph-space id="Old Knowtator Relations"/>
  </document>
</knowtator-project>
