<?xml version="1.0" encoding="UTF-8" standalone="no"?>
<knowtator-project>
  <document id="17425782" text-file="17425782.txt">
    <annotation annotator="Mike Bada, University of Colorado School of Medicine" id="SO_2017_06_11_Instance_64559" type="identity">
      <class id="SO:0000704" label="gene"/>
      <span end="110" id="17425782-16482" start="106">gene</span>
    </annotation>
    <annotation annotator="Mike Bada, University of Colorado School of Medicine" id="SO_2017_06_11_Instance_64561" type="identity">
      <class id="SO:0000855" label="orthologous_region"/>
      <span end="403" id="17425782-16484" start="394">orthologs</span>
    </annotation>
    <annotation annotator="Mike Bada, University of Colorado School of Medicine" id="SO_2017_06_11_Instance_35787" type="identity">
      <class id="SO:0000417" label="polypeptide_domain"/>
      <span end="516" id="17425782-16468" start="510">domain</span>
    </annotation>
    <annotation annotator="Mike Bada, University of Colorado School of Medicine" id="SO_2017_06_11_Instance_64565" type="identity">
      <class id="SO:0000902" label="transgene"/>
      <span end="988" id="17425782-16486" start="979">transgene</span>
    </annotation>
    <annotation annotator="Mike Bada, University of Colorado School of Medicine" id="SO_2017_06_11_Instance_64567" type="identity">
      <class id="SO:0000704" label="gene"/>
      <span end="1172" id="17425782-16488" start="1167">genes</span>
    </annotation>
    <annotation annotator="Mike Bada, University of Colorado School of Medicine" id="SO_2017_06_11_Instance_64569" type="identity">
      <class id="SO:0000704" label="gene"/>
      <span end="1798" id="17425782-16490" start="1793">genes</span>
    </annotation>
    <annotation annotator="Mike Bada, University of Colorado School of Medicine" id="SO_2017_06_11_Instance_64571" type="identity">
      <class id="SO:0000704" label="gene"/>
      <span end="1952" id="17425782-16492" start="1947">genes</span>
    </annotation>
    <annotation annotator="Mike Bada, University of Colorado School of Medicine" id="SO_2017_06_11_Instance_64573" type="identity">
      <class id="SO:0000704" label="gene"/>
      <span end="2278" id="17425782-16494" start="2273">genes</span>
    </annotation>
    <annotation annotator="Mike Bada, University of Colorado School of Medicine" id="SO_2017_06_11_Instance_38183" type="identity">
      <class id="SO:0000704" label="gene"/>
      <span end="3445" id="17425782-16470" start="3438">Genetic</span>
    </annotation>
    <annotation annotator="Mike Bada, University of Colorado School of Medicine" id="SO_2017_06_11_Instance_64575" type="identity">
      <class id="SO:0000704" label="gene"/>
      <span end="3507" id="17425782-16496" start="3503">gene</span>
    </annotation>
    <annotation annotator="Mike Bada, University of Colorado School of Medicine" id="SO_2017_06_11_Instance_38601" type="identity">
      <class id="SO:0000417" label="polypeptide_domain"/>
      <span end="3884" id="17425782-16472" start="3878">domain</span>
    </annotation>
    <annotation annotator="" id="SO_2017_06_11_Instance_225554" type="identity">
      <class id="SO:0001528" label="nuclear_localization_signal"/>
      <span end="4070" id="17425782-16464" start="4043">nuclear localization signal</span>
    </annotation>
    <annotation annotator="" id="SO_2017_06_11_Instance_225626" type="identity">
      <class id="SO:0001528" label="nuclear_localization_signal"/>
      <span end="4075" id="17425782-16466" start="4072">NLS</span>
    </annotation>
    <annotation annotator="Mike Bada, University of Colorado School of Medicine" id="SO_2017_06_11_Instance_39769" type="identity">
      <class id="SO:0000417" label="polypeptide_domain"/>
      <span end="4120" id="17425782-16480" start="4114">domain</span>
    </annotation>
    <annotation annotator="Mike Bada, University of Colorado School of Medicine" id="SO_2017_06_11_Instance_64577" type="identity">
      <class id="SO:0000704" label="gene"/>
      <span end="4285" id="17425782-16498" start="4281">gene</span>
    </annotation>
    <annotation annotator="Mike Bada, University of Colorado School of Medicine" id="SO_2017_06_11_Instance_64579" type="identity">
      <class id="SO:0001026" label="genome"/>
      <span end="4401" id="17425782-16500" start="4395">genome</span>
    </annotation>
    <annotation annotator="Mike Bada, University of Colorado School of Medicine" id="SO_2017_06_11_Instance_64581" type="identity">
      <class id="SO:0000855" label="orthologous_region"/>
      <span end="4438" id="17425782-16502" start="4429">orthologs</span>
    </annotation>
    <annotation annotator="Mike Bada, University of Colorado School of Medicine" id="SO_2017_06_11_Instance_64583" type="identity">
      <class id="SO:0000704" label="gene"/>
      <span end="4644" id="17425782-16504" start="4639">genes</span>
    </annotation>
    <annotation annotator="Mike Bada, University of Colorado School of Medicine" id="SO_2017_06_11_Instance_64585" type="identity">
      <class id="SO:0000902" label="transgene"/>
      <span end="4847" id="17425782-16506" start="4838">transgene</span>
    </annotation>
    <annotation annotator="Mike Bada, University of Colorado School of Medicine" id="SO_2017_06_11_Instance_64587" type="identity">
      <class id="SO:0000704" label="gene"/>
      <span end="5562" id="17425782-16508" start="5557">genes</span>
    </annotation>
    <annotation annotator="Mike Bada, University of Colorado School of Medicine" id="SO_2017_06_11_Instance_10593" type="identity">
      <class id="SO:0000346" label="loxP_site"/>
      <span end="5590" id="17425782-16409" start="5576">LoxP sequences</span>
    </annotation>
    <annotation annotator="" id="SO_2017_06_11_Instance_224511" type="identity">
      <class id="SO:0000357" label="flanked"/>
      <span end="5599" id="17425782-16460" start="5594">flank</span>
    </annotation>
    <annotation annotator="Mike Bada, University of Colorado School of Medicine" id="SO_2017_06_11_Instance_11905" type="identity">
      <class id="SO:0000417" label="polypeptide_domain"/>
      <span end="5649" id="17425782-16413" start="5642">domains</span>
    </annotation>
    <annotation annotator="Mike Bada, University of Colorado School of Medicine" id="SO_2017_06_11_Instance_11909" type="identity">
      <class id="SO:0000346" label="loxP_site"/>
      <span end="5746" id="17425782-16415" start="5742">LoxP</span>
    </annotation>
    <annotation annotator="Mike Bada, University of Colorado School of Medicine" id="SO_2017_06_11_Instance_64589" type="identity">
      <class id="SO:0001023" label="allele"/>
      <span end="5798" id="17425782-16510" start="5791">alleles</span>
    </annotation>
    <annotation annotator="Mike Bada, University of Colorado School of Medicine" id="SO_2017_06_11_Instance_64593" type="identity">
      <class id="SO:0000704" label="gene"/>
      <span end="5907" id="17425782-16512" start="5902">genes</span>
    </annotation>
    <annotation annotator="Mike Bada, University of Colorado School of Medicine" id="SO_2017_06_11_Instance_12297" type="identity">
      <class id="SO:0000417" label="polypeptide_domain"/>
      <span end="6086" id="17425782-16427" start="6080">domain</span>
    </annotation>
    <annotation annotator="Mike Bada, University of Colorado School of Medicine" id="SO_2017_06_11_Instance_64599" type="identity">
      <class id="SO:0000704" label="gene"/>
      <span end="6326" id="17425782-16514" start="6322">gene</span>
    </annotation>
    <annotation annotator="Mike Bada, University of Colorado School of Medicine" id="SO_2017_06_11_Instance_64601" type="identity">
      <class id="SO:0000704" label="gene"/>
      <span end="6429" id="17425782-16516" start="6425">gene</span>
    </annotation>
    <annotation annotator="Mike Bada, University of Colorado School of Medicine" id="SO_2017_06_11_Instance_64605" type="identity">
      <class id="SO:0001023" label="allele"/>
      <span end="7459" id="17425782-16518" start="7453">allele</span>
    </annotation>
    <annotation annotator="Mike Bada, University of Colorado School of Medicine" id="SO_2017_06_11_Instance_64611" type="identity">
      <class id="SO:0000704" label="gene"/>
      <span end="8298" id="17425782-16520" start="8293">genes</span>
    </annotation>
    <annotation annotator="Mike Bada, University of Colorado School of Medicine" id="SO_2017_06_11_Instance_64613" type="identity">
      <class id="SO:0000704" label="gene"/>
      <span end="8335" id="17425782-16522" start="8330">genes</span>
    </annotation>
    <annotation annotator="Mike Bada, University of Colorado School of Medicine" id="SO_2017_06_11_Instance_64615" type="identity">
      <class id="SO:0000704" label="gene"/>
      <span end="8961" id="17425782-16524" start="8956">genes</span>
    </annotation>
    <annotation annotator="Mike Bada, University of Colorado School of Medicine" id="SO_2017_06_11_Instance_64621" type="identity">
      <class id="SO:0001023" label="allele"/>
      <span end="11820" id="17425782-16526" start="11814">allele</span>
    </annotation>
    <annotation annotator="Mike Bada, University of Colorado School of Medicine" id="SO_2017_06_11_Instance_64625" type="identity">
      <class id="SO:0000704" label="gene"/>
      <span end="12237" id="17425782-16528" start="12232">genes</span>
    </annotation>
    <annotation annotator="Mike Bada, University of Colorado School of Medicine" id="SO_2017_06_11_Instance_64627" type="identity">
      <class id="SO:0000704" label="gene"/>
      <span end="12414" id="17425782-16530" start="12409">genes</span>
    </annotation>
    <annotation annotator="Mike Bada, University of Colorado School of Medicine" id="SO_2017_06_11_Instance_64631" type="identity">
      <class id="SO:0000902" label="transgene"/>
      <span end="13284" id="17425782-16532" start="13275">transgene</span>
    </annotation>
    <annotation annotator="Mike Bada, University of Colorado School of Medicine" id="SO_2017_06_11_Instance_64633" type="identity">
      <class id="SO:0000704" label="gene"/>
      <span end="13754" id="17425782-16534" start="13749">genes</span>
    </annotation>
    <annotation annotator="Mike Bada, University of Colorado School of Medicine" id="SO_2017_06_11_Instance_64635" type="identity">
      <class id="SO:0000902" label="transgene"/>
      <span end="13982" id="17425782-16536" start="13973">transgene</span>
    </annotation>
    <annotation annotator="Mike Bada, University of Colorado School of Medicine" id="SO_2017_06_11_Instance_64637" type="identity">
      <class id="SO:0001023" label="allele"/>
      <span end="14273" id="17425782-16538" start="14266">alleles</span>
    </annotation>
    <annotation annotator="Mike Bada, University of Colorado School of Medicine" id="SO_2017_06_11_Instance_64639" type="identity">
      <class id="SO:0001023" label="allele"/>
      <span end="14486" id="17425782-16540" start="14479">alleles</span>
    </annotation>
    <annotation annotator="Mike Bada, University of Colorado School of Medicine" id="SO_2017_06_11_Instance_64643" type="identity">
      <class id="SO:0001023" label="allele"/>
      <span end="14518" id="17425782-16542" start="14512">allele</span>
    </annotation>
    <annotation annotator="Mike Bada, University of Colorado School of Medicine" id="SO_2017_06_11_Instance_64645" type="identity">
      <class id="SO:0000704" label="gene"/>
      <span end="15129" id="17425782-16544" start="15125">gene</span>
    </annotation>
    <annotation annotator="Mike Bada, University of Colorado School of Medicine" id="SO_2017_06_11_Instance_64647" type="identity">
      <class id="SO:0000902" label="transgene"/>
      <span end="16404" id="17425782-16546" start="16395">transgene</span>
    </annotation>
    <annotation annotator="Mike Bada, University of Colorado School of Medicine" id="SO_2017_06_11_Instance_64649" type="identity">
      <class id="SO:0000704" label="gene"/>
      <span end="18116" id="17425782-16548" start="18112">gene</span>
    </annotation>
    <annotation annotator="Mike Bada, University of Colorado School of Medicine" id="SO_2017_06_11_Instance_64651" type="identity">
      <class id="SO:0000704" label="gene"/>
      <span end="18166" id="17425782-16550" start="18162">gene</span>
    </annotation>
    <annotation annotator="Mike Bada, University of Colorado School of Medicine" id="SO_2017_06_11_Instance_64653" type="identity">
      <class id="SO:0000902" label="transgene"/>
      <span end="18321" id="17425782-16552" start="18312">transgene</span>
    </annotation>
    <annotation annotator="Mike Bada, University of Colorado School of Medicine" id="SO_2017_06_11_Instance_64657" type="identity">
      <class id="SO:0000704" label="gene"/>
      <span end="18451" id="17425782-16554" start="18447">gene</span>
    </annotation>
    <annotation annotator="Mike Bada, University of Colorado School of Medicine" id="SO_2017_06_11_Instance_64659" type="identity">
      <class id="SO:0000704" label="gene"/>
      <span end="18701" id="17425782-16556" start="18697">gene</span>
    </annotation>
    <annotation annotator="Mike Bada, University of Colorado School of Medicine" id="SO_2017_06_11_Instance_64661" type="identity">
      <class id="SO:0000704" label="gene"/>
      <span end="18828" id="17425782-16558" start="18823">genes</span>
    </annotation>
    <annotation annotator="Mike Bada, University of Colorado School of Medicine" id="SO_2017_06_11_Instance_64663" type="identity">
      <class id="SO:0000704" label="gene"/>
      <span end="18949" id="17425782-16560" start="18944">genes</span>
    </annotation>
    <annotation annotator="Mike Bada, University of Colorado School of Medicine" id="SO_2017_06_11_Instance_64665" type="identity">
      <class id="SO:0000704" label="gene"/>
      <span end="20168" id="17425782-16562" start="20164">gene</span>
    </annotation>
    <annotation annotator="Mike Bada, University of Colorado School of Medicine" id="SO_2017_06_11_Instance_64667" type="identity">
      <class id="SO:0000902" label="transgene"/>
      <span end="20398" id="17425782-16564" start="20389">transgene</span>
    </annotation>
    <annotation annotator="Mike Bada, University of Colorado School of Medicine" id="SO_2017_06_11_Instance_64669" type="identity">
      <class id="SO:0000704" label="gene"/>
      <span end="20482" id="17425782-16566" start="20478">gene</span>
    </annotation>
    <annotation annotator="Mike Bada, University of Colorado School of Medicine" id="SO_2017_06_11_Instance_64675" type="identity">
      <class id="SO:0000704" label="gene"/>
      <span end="21201" id="17425782-16568" start="21196">genes</span>
    </annotation>
    <annotation annotator="Mike Bada, University of Colorado School of Medicine" id="SO_2017_06_11_Instance_64677" type="identity">
      <class id="SO:0000902" label="transgene"/>
      <span end="21395" id="17425782-16570" start="21386">Transgene</span>
    </annotation>
    <annotation annotator="Mike Bada, University of Colorado School of Medicine" id="SO_2017_06_11_Instance_64681" type="identity">
      <class id="SO:0001023" label="allele"/>
      <span end="21788" id="17425782-16572" start="21781">alleles</span>
    </annotation>
    <annotation annotator="Mike Bada, University of Colorado School of Medicine" id="SO_2017_06_11_Instance_64685" type="identity">
      <class id="SO:0000902" label="transgene"/>
      <span end="22577" id="17425782-16574" start="22568">transgene</span>
    </annotation>
    <annotation annotator="Mike Bada, University of Colorado School of Medicine" id="SO_2017_06_11_Instance_64687" type="identity">
      <class id="SO:0000902" label="transgene"/>
      <span end="23084" id="17425782-16576" start="23075">transgene</span>
    </annotation>
    <annotation annotator="Mike Bada, University of Colorado School of Medicine" id="SO_2017_06_11_Instance_64689" type="identity">
      <class id="SO:0000704" label="gene"/>
      <span end="23293" id="17425782-16578" start="23289">gene</span>
    </annotation>
    <annotation annotator="Mike Bada, University of Colorado School of Medicine" id="SO_2017_06_11_Instance_64691" type="identity">
      <class id="SO:0000704" label="gene"/>
      <span end="23396" id="17425782-16580" start="23392">gene</span>
    </annotation>
    <annotation annotator="Mike Bada, University of Colorado School of Medicine" id="SO_2017_06_11_Instance_64693" type="identity">
      <class id="SO:0000902" label="transgene"/>
      <span end="23446" id="17425782-16582" start="23437">transgene</span>
    </annotation>
    <annotation annotator="Mike Bada, University of Colorado School of Medicine" id="SO_2017_06_11_Instance_64695" type="identity">
      <class id="SO:0000167" label="promoter"/>
      <span end="23493" id="17425782-16584" start="23485">promoter</span>
    </annotation>
    <annotation annotator="Mike Bada, University of Colorado School of Medicine" id="SO_2017_06_11_Instance_64697" type="identity">
      <class id="SO:0000704" label="gene"/>
      <span end="23577" id="17425782-16586" start="23572">genes</span>
    </annotation>
    <annotation annotator="Mike Bada, University of Colorado School of Medicine" id="SO_2017_06_11_Instance_64701" type="identity">
      <class id="SO:0000704" label="gene"/>
      <span end="23716" id="17425782-16588" start="23711">genes</span>
    </annotation>
    <annotation annotator="Mike Bada, University of Colorado School of Medicine" id="SO_2017_06_11_Instance_64703" type="identity">
      <class id="SO:0000704" label="gene"/>
      <span end="24014" id="17425782-16590" start="24009">genes</span>
    </annotation>
    <annotation annotator="Mike Bada, University of Colorado School of Medicine" id="SO_2017_06_11_Instance_64705" type="identity">
      <class id="SO:0000704" label="gene"/>
      <span end="24484" id="17425782-16592" start="24479">genes</span>
    </annotation>
    <annotation annotator="Mike Bada, University of Colorado School of Medicine" id="SO_2017_06_11_Instance_64707" type="identity">
      <class id="SO:0000704" label="gene"/>
      <span end="24565" id="17425782-16594" start="24560">Genes</span>
    </annotation>
    <annotation annotator="Mike Bada, University of Colorado School of Medicine" id="SO_2017_06_11_Instance_64711" type="identity">
      <class id="SO:0000704" label="gene"/>
      <span end="24717" id="17425782-16596" start="24712">genes</span>
    </annotation>
    <annotation annotator="Mike Bada, University of Colorado School of Medicine" id="SO_2017_06_11_Instance_64713" type="identity">
      <class id="SO:0000853" label="homologous_region"/>
      <span end="25050" id="17425782-16598" start="25043">homolog</span>
    </annotation>
    <annotation annotator="Mike Bada, University of Colorado School of Medicine" id="SO_2017_06_11_Instance_64717" type="identity">
      <class id="SO:0000704" label="gene"/>
      <span end="25814" id="17425782-16600" start="25809">genes</span>
    </annotation>
    <annotation annotator="Mike Bada, University of Colorado School of Medicine" id="SO_2017_06_11_Instance_64721" type="identity">
      <class id="SO:0000704" label="gene"/>
      <span end="26189" id="17425782-16602" start="26184">genes</span>
    </annotation>
    <annotation annotator="Mike Bada, University of Colorado School of Medicine" id="SO_2017_06_11_Instance_64723" type="identity">
      <class id="SO:0000704" label="gene"/>
      <span end="26240" id="17425782-16604" start="26236">Gene</span>
    </annotation>
    <annotation annotator="Mike Bada, University of Colorado School of Medicine" id="SO_2017_06_11_Instance_64727" type="identity">
      <class id="SO:0000704" label="gene"/>
      <span end="26511" id="17425782-16606" start="26507">gene</span>
    </annotation>
    <annotation annotator="Mike Bada, University of Colorado School of Medicine" id="SO_2017_06_11_Instance_64729" type="identity">
      <class id="SO:0000704" label="gene"/>
      <span end="26586" id="17425782-16608" start="26581">genes</span>
    </annotation>
    <annotation annotator="Mike Bada, University of Colorado School of Medicine" id="SO_2017_06_11_Instance_64733" type="identity">
      <class id="SO:0000704" label="gene"/>
      <span end="26912" id="17425782-16610" start="26907">genes</span>
    </annotation>
    <annotation annotator="Mike Bada, University of Colorado School of Medicine" id="SO_2017_06_11_Instance_64735" type="identity">
      <class id="SO:0000704" label="gene"/>
      <span end="27097" id="17425782-16612" start="27092">genes</span>
    </annotation>
    <annotation annotator="Mike Bada, University of Colorado School of Medicine" id="SO_2017_06_11_Instance_64737" type="identity">
      <class id="SO:0000704" label="gene"/>
      <span end="27231" id="17425782-16614" start="27227">gene</span>
    </annotation>
    <annotation annotator="Mike Bada, University of Colorado School of Medicine" id="SO_2017_06_11_Instance_64741" type="identity">
      <class id="SO:0000704" label="gene"/>
      <span end="27372" id="17425782-16616" start="27368">gene</span>
    </annotation>
    <annotation annotator="Mike Bada, University of Colorado School of Medicine" id="SO_2017_06_11_Instance_64743" type="identity">
      <class id="SO:0000704" label="gene"/>
      <span end="28464" id="17425782-16618" start="28460">gene</span>
    </annotation>
    <annotation annotator="Mike Bada, University of Colorado School of Medicine" id="SO_2017_06_11_Instance_64745" type="identity">
      <class id="SO:0000704" label="gene"/>
      <span end="28528" id="17425782-16620" start="28523">genes</span>
    </annotation>
    <annotation annotator="Mike Bada, University of Colorado School of Medicine" id="SO_2017_06_11_Instance_64749" type="identity">
      <class id="SO:0001023" label="allele"/>
      <span end="28558" id="17425782-16622" start="28551">alleles</span>
    </annotation>
    <annotation annotator="Mike Bada, University of Colorado School of Medicine" id="SO_2017_06_11_Instance_38743" type="identity">
      <class id="SO:0000417" label="polypeptide_domain"/>
      <span end="28685" id="17425782-16474" start="28679">domain</span>
    </annotation>
    <annotation annotator="Mike Bada, University of Colorado School of Medicine" id="SO_2017_06_11_Instance_39037" type="identity">
      <class id="SO:0000417" label="polypeptide_domain"/>
      <span end="28762" id="17425782-16476" start="28756">domain</span>
    </annotation>
    <annotation annotator="Mike Bada, University of Colorado School of Medicine" id="SO_2017_06_11_Instance_39517" type="identity">
      <class id="SO:0000417" label="polypeptide_domain"/>
      <span end="28866" id="17425782-16478" start="28859">domains</span>
    </annotation>
    <annotation annotator="Mike Bada, University of Colorado School of Medicine" id="SO_2017_06_11_Instance_64753" type="identity">
      <class id="SO:0001023" label="allele"/>
      <span end="29051" id="17425782-16624" start="29045">allele</span>
    </annotation>
    <annotation annotator="Mike Bada, University of Colorado School of Medicine" id="SO_2017_06_11_Instance_10729" type="identity">
      <class id="SO:0000417" label="polypeptide_domain"/>
      <span end="29128" id="17425782-16411" start="29122">domain</span>
    </annotation>
    <annotation annotator="Mike Bada, University of Colorado School of Medicine" id="SO_2017_06_11_Instance_64757" type="identity">
      <class id="SO:0001023" label="allele"/>
      <span end="29272" id="17425782-16626" start="29265">alleles</span>
    </annotation>
    <annotation annotator="Mike Bada, University of Colorado School of Medicine" id="SO_2017_06_11_Instance_11965" type="identity">
      <class id="SO:0000417" label="polypeptide_domain"/>
      <span end="29336" id="17425782-16417" start="29329">domains</span>
    </annotation>
    <annotation annotator="Mike Bada, University of Colorado School of Medicine" id="SO_2017_06_11_Instance_64761" type="identity">
      <class id="SO:0000704" label="gene"/>
      <span end="29396" id="17425782-16628" start="29392">gene</span>
    </annotation>
    <annotation annotator="Mike Bada, University of Colorado School of Medicine" id="SO_2017_06_11_Instance_64765" type="identity">
      <class id="SO:0000704" label="gene"/>
      <span end="29484" id="17425782-16630" start="29480">gene</span>
    </annotation>
    <annotation annotator="Mike Bada, University of Colorado School of Medicine" id="SO_2017_06_11_Instance_64769" type="identity">
      <class id="SO:0001023" label="allele"/>
      <span end="29667" id="17425782-16632" start="29660">alleles</span>
    </annotation>
    <annotation annotator="Mike Bada, University of Colorado School of Medicine" id="SO_2017_06_11_Instance_64771" type="identity">
      <class id="SO:0000902" label="transgene"/>
      <span end="30260" id="17425782-16634" start="30251">transgene</span>
    </annotation>
    <annotation annotator="Mike Bada, University of Colorado School of Medicine" id="SO_2017_06_11_Instance_64773" type="identity">
      <class id="SO:0000704" label="gene"/>
      <span end="31369" id="17425782-16636" start="31364">genes</span>
    </annotation>
    <annotation annotator="Mike Bada, University of Colorado School of Medicine" id="SO_2017_06_11_Instance_64775" type="identity">
      <class id="SO:0000704" label="gene"/>
      <span end="32200" id="17425782-16638" start="32196">gene</span>
    </annotation>
    <annotation annotator="Mike Bada, University of Colorado School of Medicine" id="SO_2017_06_11_Instance_64777" type="identity">
      <class id="SO:0000704" label="gene"/>
      <span end="32286" id="17425782-16640" start="32281">genes</span>
    </annotation>
    <annotation annotator="Mike Bada, University of Colorado School of Medicine" id="SO_2017_06_11_Instance_64779" type="identity">
      <class id="SO:0000902" label="transgene"/>
      <span end="32366" id="17425782-16642" start="32357">transgene</span>
    </annotation>
    <annotation annotator="Mike Bada, University of Colorado School of Medicine" id="SO_2017_06_11_Instance_64781" type="identity">
      <class id="SO:0000704" label="gene"/>
      <span end="32813" id="17425782-16644" start="32808">genes</span>
    </annotation>
    <annotation annotator="Mike Bada, University of Colorado School of Medicine" id="SO_2017_06_11_Instance_64783" type="identity">
      <class id="SO:0000902" label="transgene"/>
      <span end="32994" id="17425782-16646" start="32985">transgene</span>
    </annotation>
    <annotation annotator="Mike Bada, University of Colorado School of Medicine" id="SO_2017_06_11_Instance_64785" type="identity">
      <class id="SO:0000167" label="promoter"/>
      <span end="33069" id="17425782-16648" start="33061">promoter</span>
    </annotation>
    <annotation annotator="Mike Bada, University of Colorado School of Medicine" id="SO_2017_06_11_Instance_64787" type="identity">
      <class id="SO:0000167" label="promoter"/>
      <span end="33141" id="17425782-16650" start="33132">promoters</span>
    </annotation>
    <annotation annotator="Mike Bada, University of Colorado School of Medicine" id="SO_2017_06_11_Instance_64789" type="identity">
      <class id="SO:0000704" label="gene"/>
      <span end="33154" id="17425782-16652" start="33149">genes</span>
    </annotation>
    <annotation annotator="Mike Bada, University of Colorado School of Medicine" id="SO_2017_06_11_Instance_64791" type="identity">
      <class id="SO:0000704" label="gene"/>
      <span end="33201" id="17425782-16654" start="33197">gene</span>
    </annotation>
    <annotation annotator="Mike Bada, University of Colorado School of Medicine" id="SO_2017_06_11_Instance_64795" type="identity">
      <class id="SO:0000704" label="gene"/>
      <span end="33267" id="17425782-16656" start="33262">genes</span>
    </annotation>
    <annotation annotator="Mike Bada, University of Colorado School of Medicine" id="SO_2017_06_11_Instance_64797" type="identity">
      <class id="SO:0000704" label="gene"/>
      <span end="33458" id="17425782-16658" start="33453">genes</span>
    </annotation>
    <annotation annotator="Mike Bada, University of Colorado School of Medicine" id="SO_2017_06_11_Instance_64799" type="identity">
      <class id="SO:0000704" label="gene"/>
      <span end="33565" id="17425782-16660" start="33560">genes</span>
    </annotation>
    <annotation annotator="Mike Bada, University of Colorado School of Medicine" id="SO_2017_06_11_Instance_64801" type="identity">
      <class id="SO:0000704" label="gene"/>
      <span end="33698" id="17425782-16662" start="33693">genes</span>
    </annotation>
    <annotation annotator="Mike Bada, University of Colorado School of Medicine" id="SO_2017_06_11_Instance_64803" type="identity">
      <class id="SO:0000704" label="gene"/>
      <span end="33875" id="17425782-16664" start="33871">gene</span>
    </annotation>
    <annotation annotator="Mike Bada, University of Colorado School of Medicine" id="SO_2017_06_11_Instance_64805" type="identity">
      <class id="SO:0000704" label="gene"/>
      <span end="34303" id="17425782-16666" start="34299">gene</span>
    </annotation>
    <annotation annotator="Mike Bada, University of Colorado School of Medicine" id="SO_2017_06_11_Instance_64807" type="identity">
      <class id="SO:0000704" label="gene"/>
      <span end="34460" id="17425782-16668" start="34455">genes</span>
    </annotation>
    <annotation annotator="Mike Bada, University of Colorado School of Medicine" id="SO_2017_06_11_Instance_64809" type="identity">
      <class id="SO:0000902" label="transgene"/>
      <span end="34613" id="17425782-16670" start="34604">transgene</span>
    </annotation>
    <annotation annotator="Mike Bada, University of Colorado School of Medicine" id="SO_2017_06_11_Instance_64811" type="identity">
      <class id="SO:0000704" label="gene"/>
      <span end="34913" id="17425782-16672" start="34908">genes</span>
    </annotation>
    <annotation annotator="Mike Bada, University of Colorado School of Medicine" id="SO_2017_06_11_Instance_64813" type="identity">
      <class id="SO:0000704" label="gene"/>
      <span end="35094" id="17425782-16674" start="35089">genes</span>
    </annotation>
    <annotation annotator="Mike Bada, University of Colorado School of Medicine" id="SO_2017_06_11_Instance_64815" type="identity">
      <class id="SO:0000704" label="gene"/>
      <span end="35156" id="17425782-16676" start="35151">genes</span>
    </annotation>
    <annotation annotator="Mike Bada, University of Colorado School of Medicine" id="SO_2017_06_11_Instance_64817" type="identity">
      <class id="SO:0000704" label="gene"/>
      <span end="35426" id="17425782-16678" start="35421">genes</span>
    </annotation>
    <annotation annotator="Mike Bada, University of Colorado School of Medicine" id="SO_2017_06_11_Instance_64819" type="identity">
      <class id="SO:0000704" label="gene"/>
      <span end="35513" id="17425782-16680" start="35508">genes</span>
    </annotation>
    <annotation annotator="" id="SO_2017_06_11_Instance_224513" type="identity">
      <class id="SO:0000357" label="flanked"/>
      <span end="35544" id="17425782-16462" start="35536">flanking</span>
    </annotation>
    <annotation annotator="Mike Bada, University of Colorado School of Medicine" id="SO_2017_06_11_Instance_18785" type="identity">
      <class id="SO:0001215" label="coding_region_of_exon"/>
      <span end="35575" id="17425782-16457" start="35558">coding regions of</span>
      <span end="35590" id="17425782-16458" start="35586">exon</span>
    </annotation>
    <annotation annotator="Mike Bada, University of Colorado School of Medicine" id="SO_2017_06_11_Instance_11967" type="identity">
      <class id="SO:0000346" label="loxP_site"/>
      <span end="35635" id="17425782-16419" start="35621">LoxP sequences</span>
    </annotation>
    <annotation annotator="Mike Bada, University of Colorado School of Medicine" id="SO_2017_06_11_Instance_64823" type="identity">
      <class id="SO:0000440" label="vector_replicon"/>
      <span end="35692" id="17425782-16682" start="35686">vector</span>
    </annotation>
    <annotation annotator="Mike Bada, University of Colorado School of Medicine" id="SO_2017_06_11_Instance_64825" type="identity">
      <class id="SO:0000704" label="gene"/>
      <span end="35760" id="17425782-16684" start="35756">gene</span>
    </annotation>
    <annotation annotator="Mike Bada, University of Colorado School of Medicine" id="SO_2017_06_11_Instance_10321" type="identity">
      <class id="SO:0000357" label="flanked"/>
      <span end="35768" id="17425782-16405" start="35761">flanked</span>
    </annotation>
    <annotation annotator="Mike Bada, University of Colorado School of Medicine" id="SO_2017_06_11_Instance_11971" type="identity">
      <class id="SO:0000350" label="FRT_site"/>
      <span end="35785" id="17425782-16421" start="35772">FRT sequences</span>
    </annotation>
    <annotation annotator="Mike Bada, University of Colorado School of Medicine" id="SO_2017_06_11_Instance_11973" type="identity">
      <class id="SO:0000061" label="restriction_enzyme_binding_site"/>
      <span end="35821" id="17425782-16423" start="35804">restriction sites</span>
    </annotation>
    <annotation annotator="Mike Bada, University of Colorado School of Medicine" id="SO_2017_06_11_Instance_10323" type="identity">
      <class id="SO:0000357" label="flanked"/>
      <span end="35928" id="17425782-16407" start="35921">flanked</span>
    </annotation>
    <annotation annotator="Mike Bada, University of Colorado School of Medicine" id="SO_2017_06_11_Instance_12143" type="identity">
      <class id="SO:0000346" label="loxP_site"/>
      <span end="35946" id="17425782-16425" start="35932">LoxP sequences</span>
    </annotation>
    <annotation annotator="Mike Bada, University of Colorado School of Medicine" id="SO_2017_06_11_Instance_12491" type="identity">
      <class id="SO:0001026" label="genome"/>
      <span end="35985" id="17425782-16429" start="35978">genomic</span>
    </annotation>
    <annotation annotator="Mike Bada, University of Colorado School of Medicine" id="SO_2017_06_11_Instance_12495" type="identity">
      <class id="SO:0001026" label="genome"/>
      <span end="36145" id="17425782-16431" start="36138">genomic</span>
    </annotation>
    <annotation annotator="Mike Bada, University of Colorado School of Medicine" id="SO_2017_06_11_Instance_64829" type="identity">
      <class id="SO:0001030" label="forward"/>
      <span end="36185" id="17425782-16686" start="36178">forward</span>
    </annotation>
    <annotation annotator="Mike Bada, University of Colorado School of Medicine" id="SO_2017_06_11_Instance_12603" type="identity">
      <class id="SO:0001031" label="reverse"/>
      <span end="36220" id="17425782-16433" start="36216">back</span>
    </annotation>
    <annotation annotator="Mike Bada, University of Colorado School of Medicine" id="SO_2017_06_11_Instance_64831" type="identity">
      <class id="SO:0000147" label="exon"/>
      <span end="36249" id="17425782-16688" start="36245">exon</span>
    </annotation>
    <annotation annotator="Mike Bada, University of Colorado School of Medicine" id="SO_2017_06_11_Instance_64833" type="identity">
      <class id="SO:0001030" label="forward"/>
      <span end="36257" id="17425782-16690" start="36250">forward</span>
    </annotation>
    <annotation annotator="Mike Bada, University of Colorado School of Medicine" id="SO_2017_06_11_Instance_64835" type="identity">
      <class id="SO:0000147" label="exon"/>
      <span end="36285" id="17425782-16692" start="36281">exon</span>
    </annotation>
    <annotation annotator="Mike Bada, University of Colorado School of Medicine" id="SO_2017_06_11_Instance_12605" type="identity">
      <class id="SO:0001031" label="reverse"/>
      <span end="36290" id="17425782-16435" start="36286">back</span>
    </annotation>
    <annotation annotator="Mike Bada, University of Colorado School of Medicine" id="SO_2017_06_11_Instance_64837" type="identity">
      <class id="SO:0001030" label="forward"/>
      <span end="36326" id="17425782-16694" start="36319">forward</span>
    </annotation>
    <annotation annotator="Mike Bada, University of Colorado School of Medicine" id="SO_2017_06_11_Instance_12607" type="identity">
      <class id="SO:0001031" label="reverse"/>
      <span end="36359" id="17425782-16437" start="36355">back</span>
    </annotation>
    <annotation annotator="Mike Bada, University of Colorado School of Medicine" id="SO_2017_06_11_Instance_12609" type="identity">
      <class id="SO:0001026" label="genome"/>
      <span end="36405" id="17425782-16439" start="36398">genomic</span>
    </annotation>
    <annotation annotator="Mike Bada, University of Colorado School of Medicine" id="SO_2017_06_11_Instance_64839" type="identity">
      <class id="SO:0000147" label="exon"/>
      <span end="36548" id="17425782-16696" start="36544">exon</span>
    </annotation>
    <annotation annotator="Mike Bada, University of Colorado School of Medicine" id="SO_2017_06_11_Instance_64841" type="identity">
      <class id="SO:0001023" label="allele"/>
      <span end="36920" id="17425782-16698" start="36913">alleles</span>
    </annotation>
    <annotation annotator="Mike Bada, University of Colorado School of Medicine" id="SO_2017_06_11_Instance_64843" type="identity">
      <class id="SO:0000359" label="floxed"/>
      <span end="36989" id="17425782-16700" start="36983">floxed</span>
    </annotation>
    <annotation annotator="Mike Bada, University of Colorado School of Medicine" id="SO_2017_06_11_Instance_64845" type="identity">
      <class id="SO:0000112" label="primer"/>
      <span end="37051" id="17425782-16702" start="37044">primers</span>
    </annotation>
    <annotation annotator="Mike Bada, University of Colorado School of Medicine" id="SO_2017_06_11_Instance_64847" type="identity">
      <class id="SO:0001023" label="allele"/>
      <span end="37099" id="17425782-16704" start="37093">allele</span>
    </annotation>
    <annotation annotator="Mike Bada, University of Colorado School of Medicine" id="SO_2017_06_11_Instance_64849" type="identity">
      <class id="SO:0001030" label="forward"/>
      <span end="37108" id="17425782-16706" start="37101">forward</span>
    </annotation>
    <annotation annotator="Mike Bada, University of Colorado School of Medicine" id="SO_2017_06_11_Instance_12649" type="identity">
      <class id="SO:0001030" label="forward"/>
      <span end="37111" id="17425782-16441" start="37110">F</span>
    </annotation>
    <annotation annotator="Mike Bada, University of Colorado School of Medicine" id="SO_2017_06_11_Instance_64851" type="identity">
      <class id="SO:0001031" label="reverse"/>
      <span end="37145" id="17425782-16708" start="37138">reverse</span>
    </annotation>
    <annotation annotator="Mike Bada, University of Colorado School of Medicine" id="SO_2017_06_11_Instance_12651" type="identity">
      <class id="SO:0001031" label="reverse"/>
      <span end="37148" id="17425782-16443" start="37147">R</span>
    </annotation>
    <annotation annotator="Mike Bada, University of Colorado School of Medicine" id="SO_2017_06_11_Instance_64853" type="identity">
      <class id="SO:0000359" label="floxed"/>
      <span end="37192" id="17425782-16710" start="37186">floxed</span>
    </annotation>
    <annotation annotator="Mike Bada, University of Colorado School of Medicine" id="SO_2017_06_11_Instance_64855" type="identity">
      <class id="SO:0001023" label="allele"/>
      <span end="37199" id="17425782-16712" start="37193">allele</span>
    </annotation>
    <annotation annotator="Mike Bada, University of Colorado School of Medicine" id="SO_2017_06_11_Instance_12655" type="identity">
      <class id="SO:0001030" label="forward"/>
      <span end="37202" id="17425782-16445" start="37201">F</span>
    </annotation>
    <annotation annotator="Mike Bada, University of Colorado School of Medicine" id="SO_2017_06_11_Instance_12657" type="identity">
      <class id="SO:0001031" label="reverse"/>
      <span end="37229" id="17425782-16447" start="37228">R</span>
    </annotation>
    <annotation annotator="Mike Bada, University of Colorado School of Medicine" id="SO_2017_06_11_Instance_64857" type="identity">
      <class id="SO:0001023" label="allele"/>
      <span end="37273" id="17425782-16714" start="37267">allele</span>
    </annotation>
    <annotation annotator="Mike Bada, University of Colorado School of Medicine" id="SO_2017_06_11_Instance_12887" type="identity">
      <class id="SO:0001030" label="forward"/>
      <span end="37276" id="17425782-16453" start="37275">F</span>
    </annotation>
    <annotation annotator="Mike Bada, University of Colorado School of Medicine" id="SO_2017_06_11_Instance_12659" type="identity">
      <class id="SO:0001031" label="reverse"/>
      <span end="37305" id="17425782-16449" start="37304">R</span>
    </annotation>
    <annotation annotator="Mike Bada, University of Colorado School of Medicine" id="SO_2017_06_11_Instance_64859" type="identity">
      <class id="SO:0000359" label="floxed"/>
      <span end="37350" id="17425782-16716" start="37344">floxed</span>
    </annotation>
    <annotation annotator="Mike Bada, University of Colorado School of Medicine" id="SO_2017_06_11_Instance_64861" type="identity">
      <class id="SO:0001023" label="allele"/>
      <span end="37357" id="17425782-16718" start="37351">allele</span>
    </annotation>
    <annotation annotator="Mike Bada, University of Colorado School of Medicine" id="SO_2017_06_11_Instance_12889" type="identity">
      <class id="SO:0001030" label="forward"/>
      <span end="37360" id="17425782-16455" start="37359">F</span>
    </annotation>
    <annotation annotator="Mike Bada, University of Colorado School of Medicine" id="SO_2017_06_11_Instance_12885" type="identity">
      <class id="SO:0001031" label="reverse"/>
      <span end="37390" id="17425782-16451" start="37389">R</span>
    </annotation>
    <annotation annotator="Mike Bada, University of Colorado School of Medicine" id="SO_2017_06_11_Instance_64869" type="identity">
      <class id="SO:0000902" label="transgene"/>
      <span end="40169" id="17425782-16720" start="40160">transgene</span>
    </annotation>
    <annotation annotator="Mike Bada, University of Colorado School of Medicine" id="SO_2017_06_11_Instance_64871" type="identity">
      <class id="SO:0000902" label="transgene"/>
      <span end="40477" id="17425782-16722" start="40468">transgene</span>
    </annotation>
    <annotation annotator="Mike Bada, University of Colorado School of Medicine" id="SO_2017_06_11_Instance_64875" type="identity">
      <class id="SO:0000704" label="gene"/>
      <span end="41319" id="17425782-16724" start="41314">genes</span>
    </annotation>
    <annotation annotator="Mike Bada, University of Colorado School of Medicine" id="SO_2017_06_11_Instance_64877" type="identity">
      <class id="SO:0000345" label="EST"/>
      <span end="41347" id="17425782-16726" start="41324">expressed sequence tags</span>
    </annotation>
    <annotation annotator="Mike Bada, University of Colorado School of Medicine" id="SO_2017_06_11_Instance_64883" type="identity">
      <class id="SO:0000704" label="gene"/>
      <span end="41674" id="17425782-16728" start="41669">Genes</span>
    </annotation>
    <annotation annotator="Mike Bada, University of Colorado School of Medicine" id="SO_2017_06_11_Instance_64885" type="identity">
      <class id="SO:0000704" label="gene"/>
      <span end="41831" id="17425782-16730" start="41826">genes</span>
    </annotation>
    <annotation annotator="Mike Bada, University of Colorado School of Medicine" id="SO_2017_06_11_Instance_64887" type="identity">
      <class id="SO:0000112" label="primer"/>
      <span end="42309" id="17425782-16732" start="42302">primers</span>
    </annotation>
    <annotation annotator="Mike Bada, University of Colorado School of Medicine" id="SO_2017_06_11_Instance_64893" type="identity">
      <class id="SO:0000112" label="primer"/>
      <span end="43104" id="17425782-16734" start="43098">primer</span>
    </annotation>
    <annotation annotator="Mike Bada, University of Colorado School of Medicine" id="SO_2017_06_11_Instance_64895" type="identity">
      <class id="SO:0000704" label="gene"/>
      <span end="43373" id="17425782-16736" start="43368">genes</span>
    </annotation>
    <graph-space id="Old Knowtator Relations"/>
  </document>
</knowtator-project>
