<?xml version="1.0" encoding="UTF-8" standalone="no"?>
<knowtator-project>
  <document id="17425782" text-file="17425782.txt">
    <annotation annotator="Mike Bada, University of Colorado School of Medicine" id="SO_2017_06_11_Instance_64559" type="identity">
      <class id="SO:0000704" label="gene"/>
      <span end="110" id="17425782-16483" start="106">gene</span>
    </annotation>
    <annotation annotator="Mike Bada, University of Colorado School of Medicine" id="SO_2017_06_11_Instance_64561" type="identity">
      <class id="SO:0000855" label="orthologous_region"/>
      <span end="403" id="17425782-16485" start="394">orthologs</span>
    </annotation>
    <annotation annotator="Mike Bada, University of Colorado School of Medicine" id="SO_2017_06_11_Instance_35787" type="identity">
      <class id="SO:0000417" label="polypeptide_domain"/>
      <span end="516" id="17425782-16469" start="510">domain</span>
    </annotation>
    <annotation annotator="Mike Bada, University of Colorado School of Medicine" id="SO_2017_06_11_Instance_64565" type="identity">
      <class id="SO:0000902" label="transgene"/>
      <span end="988" id="17425782-16487" start="979">transgene</span>
    </annotation>
    <annotation annotator="Mike Bada, University of Colorado School of Medicine" id="SO_2017_06_11_Instance_64567" type="identity">
      <class id="SO:0000704" label="gene"/>
      <span end="1172" id="17425782-16489" start="1167">genes</span>
    </annotation>
    <annotation annotator="Mike Bada, University of Colorado School of Medicine" id="SO_2017_06_11_Instance_64569" type="identity">
      <class id="SO:0000704" label="gene"/>
      <span end="1798" id="17425782-16491" start="1793">genes</span>
    </annotation>
    <annotation annotator="Mike Bada, University of Colorado School of Medicine" id="SO_2017_06_11_Instance_64571" type="identity">
      <class id="SO:0000704" label="gene"/>
      <span end="1952" id="17425782-16493" start="1947">genes</span>
    </annotation>
    <annotation annotator="Mike Bada, University of Colorado School of Medicine" id="SO_2017_06_11_Instance_64573" type="identity">
      <class id="SO:0000704" label="gene"/>
      <span end="2278" id="17425782-16495" start="2273">genes</span>
    </annotation>
    <annotation annotator="Mike Bada, University of Colorado School of Medicine" id="SO_2017_06_11_Instance_38183" type="identity">
      <class id="SO:0000704" label="gene"/>
      <span end="3445" id="17425782-16471" start="3438">Genetic</span>
    </annotation>
    <annotation annotator="Mike Bada, University of Colorado School of Medicine" id="SO_2017_06_11_Instance_64575" type="identity">
      <class id="SO:0000704" label="gene"/>
      <span end="3507" id="17425782-16497" start="3503">gene</span>
    </annotation>
    <annotation annotator="Mike Bada, University of Colorado School of Medicine" id="SO_2017_06_11_Instance_38601" type="identity">
      <class id="SO:0000417" label="polypeptide_domain"/>
      <span end="3884" id="17425782-16473" start="3878">domain</span>
    </annotation>
    <annotation annotator="" id="SO_2017_06_11_Instance_225554" type="identity">
      <class id="SO:0001528" label="nuclear_localization_signal"/>
      <span end="4070" id="17425782-16465" start="4043">nuclear localization signal</span>
    </annotation>
    <annotation annotator="" id="SO_2017_06_11_Instance_225626" type="identity">
      <class id="SO:0001528" label="nuclear_localization_signal"/>
      <span end="4075" id="17425782-16467" start="4072">NLS</span>
    </annotation>
    <annotation annotator="Mike Bada, University of Colorado School of Medicine" id="SO_2017_06_11_Instance_39769" type="identity">
      <class id="SO:0000417" label="polypeptide_domain"/>
      <span end="4120" id="17425782-16481" start="4114">domain</span>
    </annotation>
    <annotation annotator="Mike Bada, University of Colorado School of Medicine" id="SO_2017_06_11_Instance_64577" type="identity">
      <class id="SO:0000704" label="gene"/>
      <span end="4285" id="17425782-16499" start="4281">gene</span>
    </annotation>
    <annotation annotator="Mike Bada, University of Colorado School of Medicine" id="SO_2017_06_11_Instance_64579" type="identity">
      <class id="SO:0001026" label="genome"/>
      <span end="4401" id="17425782-16501" start="4395">genome</span>
    </annotation>
    <annotation annotator="Mike Bada, University of Colorado School of Medicine" id="SO_2017_06_11_Instance_64581" type="identity">
      <class id="SO:0000855" label="orthologous_region"/>
      <span end="4438" id="17425782-16503" start="4429">orthologs</span>
    </annotation>
    <annotation annotator="Mike Bada, University of Colorado School of Medicine" id="SO_2017_06_11_Instance_64583" type="identity">
      <class id="SO:0000704" label="gene"/>
      <span end="4644" id="17425782-16505" start="4639">genes</span>
    </annotation>
    <annotation annotator="Mike Bada, University of Colorado School of Medicine" id="SO_2017_06_11_Instance_64585" type="identity">
      <class id="SO:0000902" label="transgene"/>
      <span end="4847" id="17425782-16507" start="4838">transgene</span>
    </annotation>
    <annotation annotator="Mike Bada, University of Colorado School of Medicine" id="SO_2017_06_11_Instance_64587" type="identity">
      <class id="SO:0000704" label="gene"/>
      <span end="5562" id="17425782-16509" start="5557">genes</span>
    </annotation>
    <annotation annotator="Mike Bada, University of Colorado School of Medicine" id="SO_2017_06_11_Instance_10593" type="identity">
      <class id="SO:0000346" label="loxP_site"/>
      <span end="5590" id="17425782-16410" start="5576">LoxP sequences</span>
    </annotation>
    <annotation annotator="" id="SO_2017_06_11_Instance_224511" type="identity">
      <class id="SO:0000357" label="flanked"/>
      <span end="5599" id="17425782-16461" start="5594">flank</span>
    </annotation>
    <annotation annotator="Mike Bada, University of Colorado School of Medicine" id="SO_2017_06_11_Instance_11905" type="identity">
      <class id="SO:0000417" label="polypeptide_domain"/>
      <span end="5649" id="17425782-16414" start="5642">domains</span>
    </annotation>
    <annotation annotator="Mike Bada, University of Colorado School of Medicine" id="SO_2017_06_11_Instance_11909" type="identity">
      <class id="SO:0000346" label="loxP_site"/>
      <span end="5746" id="17425782-16416" start="5742">LoxP</span>
    </annotation>
    <annotation annotator="Mike Bada, University of Colorado School of Medicine" id="SO_2017_06_11_Instance_64589" type="identity">
      <class id="SO:0001023" label="allele"/>
      <span end="5798" id="17425782-16511" start="5791">alleles</span>
    </annotation>
    <annotation annotator="Mike Bada, University of Colorado School of Medicine" id="SO_2017_06_11_Instance_64593" type="identity">
      <class id="SO:0000704" label="gene"/>
      <span end="5907" id="17425782-16513" start="5902">genes</span>
    </annotation>
    <annotation annotator="Mike Bada, University of Colorado School of Medicine" id="SO_2017_06_11_Instance_12297" type="identity">
      <class id="SO:0000417" label="polypeptide_domain"/>
      <span end="6086" id="17425782-16428" start="6080">domain</span>
    </annotation>
    <annotation annotator="Mike Bada, University of Colorado School of Medicine" id="SO_2017_06_11_Instance_64599" type="identity">
      <class id="SO:0000704" label="gene"/>
      <span end="6326" id="17425782-16515" start="6322">gene</span>
    </annotation>
    <annotation annotator="Mike Bada, University of Colorado School of Medicine" id="SO_2017_06_11_Instance_64601" type="identity">
      <class id="SO:0000704" label="gene"/>
      <span end="6429" id="17425782-16517" start="6425">gene</span>
    </annotation>
    <annotation annotator="Mike Bada, University of Colorado School of Medicine" id="SO_2017_06_11_Instance_64605" type="identity">
      <class id="SO:0001023" label="allele"/>
      <span end="7459" id="17425782-16519" start="7453">allele</span>
    </annotation>
    <annotation annotator="Mike Bada, University of Colorado School of Medicine" id="SO_2017_06_11_Instance_64611" type="identity">
      <class id="SO:0000704" label="gene"/>
      <span end="8298" id="17425782-16521" start="8293">genes</span>
    </annotation>
    <annotation annotator="Mike Bada, University of Colorado School of Medicine" id="SO_2017_06_11_Instance_64613" type="identity">
      <class id="SO:0000704" label="gene"/>
      <span end="8335" id="17425782-16523" start="8330">genes</span>
    </annotation>
    <annotation annotator="Mike Bada, University of Colorado School of Medicine" id="SO_2017_06_11_Instance_64615" type="identity">
      <class id="SO:0000704" label="gene"/>
      <span end="8961" id="17425782-16525" start="8956">genes</span>
    </annotation>
    <annotation annotator="Mike Bada, University of Colorado School of Medicine" id="SO_2017_06_11_Instance_64621" type="identity">
      <class id="SO:0001023" label="allele"/>
      <span end="11820" id="17425782-16527" start="11814">allele</span>
    </annotation>
    <annotation annotator="Mike Bada, University of Colorado School of Medicine" id="SO_2017_06_11_Instance_64625" type="identity">
      <class id="SO:0000704" label="gene"/>
      <span end="12237" id="17425782-16529" start="12232">genes</span>
    </annotation>
    <annotation annotator="Mike Bada, University of Colorado School of Medicine" id="SO_2017_06_11_Instance_64627" type="identity">
      <class id="SO:0000704" label="gene"/>
      <span end="12414" id="17425782-16531" start="12409">genes</span>
    </annotation>
    <annotation annotator="Mike Bada, University of Colorado School of Medicine" id="SO_2017_06_11_Instance_64631" type="identity">
      <class id="SO:0000902" label="transgene"/>
      <span end="13284" id="17425782-16533" start="13275">transgene</span>
    </annotation>
    <annotation annotator="Mike Bada, University of Colorado School of Medicine" id="SO_2017_06_11_Instance_64633" type="identity">
      <class id="SO:0000704" label="gene"/>
      <span end="13754" id="17425782-16535" start="13749">genes</span>
    </annotation>
    <annotation annotator="Mike Bada, University of Colorado School of Medicine" id="SO_2017_06_11_Instance_64635" type="identity">
      <class id="SO:0000902" label="transgene"/>
      <span end="13982" id="17425782-16537" start="13973">transgene</span>
    </annotation>
    <annotation annotator="Mike Bada, University of Colorado School of Medicine" id="SO_2017_06_11_Instance_64637" type="identity">
      <class id="SO:0001023" label="allele"/>
      <span end="14273" id="17425782-16539" start="14266">alleles</span>
    </annotation>
    <annotation annotator="Mike Bada, University of Colorado School of Medicine" id="SO_2017_06_11_Instance_64639" type="identity">
      <class id="SO:0001023" label="allele"/>
      <span end="14486" id="17425782-16541" start="14479">alleles</span>
    </annotation>
    <annotation annotator="Mike Bada, University of Colorado School of Medicine" id="SO_2017_06_11_Instance_64643" type="identity">
      <class id="SO:0001023" label="allele"/>
      <span end="14518" id="17425782-16543" start="14512">allele</span>
    </annotation>
    <annotation annotator="Mike Bada, University of Colorado School of Medicine" id="SO_2017_06_11_Instance_64645" type="identity">
      <class id="SO:0000704" label="gene"/>
      <span end="15129" id="17425782-16545" start="15125">gene</span>
    </annotation>
    <annotation annotator="Mike Bada, University of Colorado School of Medicine" id="SO_2017_06_11_Instance_64647" type="identity">
      <class id="SO:0000902" label="transgene"/>
      <span end="16404" id="17425782-16547" start="16395">transgene</span>
    </annotation>
    <annotation annotator="Mike Bada, University of Colorado School of Medicine" id="SO_2017_06_11_Instance_64649" type="identity">
      <class id="SO:0000704" label="gene"/>
      <span end="18116" id="17425782-16549" start="18112">gene</span>
    </annotation>
    <annotation annotator="Mike Bada, University of Colorado School of Medicine" id="SO_2017_06_11_Instance_64651" type="identity">
      <class id="SO:0000704" label="gene"/>
      <span end="18166" id="17425782-16551" start="18162">gene</span>
    </annotation>
    <annotation annotator="Mike Bada, University of Colorado School of Medicine" id="SO_2017_06_11_Instance_64653" type="identity">
      <class id="SO:0000902" label="transgene"/>
      <span end="18321" id="17425782-16553" start="18312">transgene</span>
    </annotation>
    <annotation annotator="Mike Bada, University of Colorado School of Medicine" id="SO_2017_06_11_Instance_64657" type="identity">
      <class id="SO:0000704" label="gene"/>
      <span end="18451" id="17425782-16555" start="18447">gene</span>
    </annotation>
    <annotation annotator="Mike Bada, University of Colorado School of Medicine" id="SO_2017_06_11_Instance_64659" type="identity">
      <class id="SO:0000704" label="gene"/>
      <span end="18701" id="17425782-16557" start="18697">gene</span>
    </annotation>
    <annotation annotator="Mike Bada, University of Colorado School of Medicine" id="SO_2017_06_11_Instance_64661" type="identity">
      <class id="SO:0000704" label="gene"/>
      <span end="18828" id="17425782-16559" start="18823">genes</span>
    </annotation>
    <annotation annotator="Mike Bada, University of Colorado School of Medicine" id="SO_2017_06_11_Instance_64663" type="identity">
      <class id="SO:0000704" label="gene"/>
      <span end="18949" id="17425782-16561" start="18944">genes</span>
    </annotation>
    <annotation annotator="Mike Bada, University of Colorado School of Medicine" id="SO_2017_06_11_Instance_64665" type="identity">
      <class id="SO:0000704" label="gene"/>
      <span end="20168" id="17425782-16563" start="20164">gene</span>
    </annotation>
    <annotation annotator="Mike Bada, University of Colorado School of Medicine" id="SO_2017_06_11_Instance_64667" type="identity">
      <class id="SO:0000902" label="transgene"/>
      <span end="20398" id="17425782-16565" start="20389">transgene</span>
    </annotation>
    <annotation annotator="Mike Bada, University of Colorado School of Medicine" id="SO_2017_06_11_Instance_64669" type="identity">
      <class id="SO:0000704" label="gene"/>
      <span end="20482" id="17425782-16567" start="20478">gene</span>
    </annotation>
    <annotation annotator="Mike Bada, University of Colorado School of Medicine" id="SO_2017_06_11_Instance_64675" type="identity">
      <class id="SO:0000704" label="gene"/>
      <span end="21201" id="17425782-16569" start="21196">genes</span>
    </annotation>
    <annotation annotator="Mike Bada, University of Colorado School of Medicine" id="SO_2017_06_11_Instance_64677" type="identity">
      <class id="SO:0000902" label="transgene"/>
      <span end="21395" id="17425782-16571" start="21386">Transgene</span>
    </annotation>
    <annotation annotator="Mike Bada, University of Colorado School of Medicine" id="SO_2017_06_11_Instance_64681" type="identity">
      <class id="SO:0001023" label="allele"/>
      <span end="21788" id="17425782-16573" start="21781">alleles</span>
    </annotation>
    <annotation annotator="Mike Bada, University of Colorado School of Medicine" id="SO_2017_06_11_Instance_64685" type="identity">
      <class id="SO:0000902" label="transgene"/>
      <span end="22577" id="17425782-16575" start="22568">transgene</span>
    </annotation>
    <annotation annotator="Mike Bada, University of Colorado School of Medicine" id="SO_2017_06_11_Instance_64687" type="identity">
      <class id="SO:0000902" label="transgene"/>
      <span end="23084" id="17425782-16577" start="23075">transgene</span>
    </annotation>
    <annotation annotator="Mike Bada, University of Colorado School of Medicine" id="SO_2017_06_11_Instance_64689" type="identity">
      <class id="SO:0000704" label="gene"/>
      <span end="23293" id="17425782-16579" start="23289">gene</span>
    </annotation>
    <annotation annotator="Mike Bada, University of Colorado School of Medicine" id="SO_2017_06_11_Instance_64691" type="identity">
      <class id="SO:0000704" label="gene"/>
      <span end="23396" id="17425782-16581" start="23392">gene</span>
    </annotation>
    <annotation annotator="Mike Bada, University of Colorado School of Medicine" id="SO_2017_06_11_Instance_64693" type="identity">
      <class id="SO:0000902" label="transgene"/>
      <span end="23446" id="17425782-16583" start="23437">transgene</span>
    </annotation>
    <annotation annotator="Mike Bada, University of Colorado School of Medicine" id="SO_2017_06_11_Instance_64695" type="identity">
      <class id="SO:0000167" label="promoter"/>
      <span end="23493" id="17425782-16585" start="23485">promoter</span>
    </annotation>
    <annotation annotator="Mike Bada, University of Colorado School of Medicine" id="SO_2017_06_11_Instance_64697" type="identity">
      <class id="SO:0000704" label="gene"/>
      <span end="23577" id="17425782-16587" start="23572">genes</span>
    </annotation>
    <annotation annotator="Mike Bada, University of Colorado School of Medicine" id="SO_2017_06_11_Instance_64701" type="identity">
      <class id="SO:0000704" label="gene"/>
      <span end="23716" id="17425782-16589" start="23711">genes</span>
    </annotation>
    <annotation annotator="Mike Bada, University of Colorado School of Medicine" id="SO_2017_06_11_Instance_64703" type="identity">
      <class id="SO:0000704" label="gene"/>
      <span end="24014" id="17425782-16591" start="24009">genes</span>
    </annotation>
    <annotation annotator="Mike Bada, University of Colorado School of Medicine" id="SO_2017_06_11_Instance_64705" type="identity">
      <class id="SO:0000704" label="gene"/>
      <span end="24484" id="17425782-16593" start="24479">genes</span>
    </annotation>
    <annotation annotator="Mike Bada, University of Colorado School of Medicine" id="SO_2017_06_11_Instance_64707" type="identity">
      <class id="SO:0000704" label="gene"/>
      <span end="24565" id="17425782-16595" start="24560">Genes</span>
    </annotation>
    <annotation annotator="Mike Bada, University of Colorado School of Medicine" id="SO_2017_06_11_Instance_64711" type="identity">
      <class id="SO:0000704" label="gene"/>
      <span end="24717" id="17425782-16597" start="24712">genes</span>
    </annotation>
    <annotation annotator="Mike Bada, University of Colorado School of Medicine" id="SO_2017_06_11_Instance_64713" type="identity">
      <class id="SO:0000853" label="homologous_region"/>
      <span end="25050" id="17425782-16599" start="25043">homolog</span>
    </annotation>
    <annotation annotator="Mike Bada, University of Colorado School of Medicine" id="SO_2017_06_11_Instance_64717" type="identity">
      <class id="SO:0000704" label="gene"/>
      <span end="25814" id="17425782-16601" start="25809">genes</span>
    </annotation>
    <annotation annotator="Mike Bada, University of Colorado School of Medicine" id="SO_2017_06_11_Instance_64721" type="identity">
      <class id="SO:0000704" label="gene"/>
      <span end="26189" id="17425782-16603" start="26184">genes</span>
    </annotation>
    <annotation annotator="Mike Bada, University of Colorado School of Medicine" id="SO_2017_06_11_Instance_64723" type="identity">
      <class id="SO:0000704" label="gene"/>
      <span end="26240" id="17425782-16605" start="26236">Gene</span>
    </annotation>
    <annotation annotator="Mike Bada, University of Colorado School of Medicine" id="SO_2017_06_11_Instance_64727" type="identity">
      <class id="SO:0000704" label="gene"/>
      <span end="26511" id="17425782-16607" start="26507">gene</span>
    </annotation>
    <annotation annotator="Mike Bada, University of Colorado School of Medicine" id="SO_2017_06_11_Instance_64729" type="identity">
      <class id="SO:0000704" label="gene"/>
      <span end="26586" id="17425782-16609" start="26581">genes</span>
    </annotation>
    <annotation annotator="Mike Bada, University of Colorado School of Medicine" id="SO_2017_06_11_Instance_64733" type="identity">
      <class id="SO:0000704" label="gene"/>
      <span end="26912" id="17425782-16611" start="26907">genes</span>
    </annotation>
    <annotation annotator="Mike Bada, University of Colorado School of Medicine" id="SO_2017_06_11_Instance_64735" type="identity">
      <class id="SO:0000704" label="gene"/>
      <span end="27097" id="17425782-16613" start="27092">genes</span>
    </annotation>
    <annotation annotator="Mike Bada, University of Colorado School of Medicine" id="SO_2017_06_11_Instance_64737" type="identity">
      <class id="SO:0000704" label="gene"/>
      <span end="27231" id="17425782-16615" start="27227">gene</span>
    </annotation>
    <annotation annotator="Mike Bada, University of Colorado School of Medicine" id="SO_2017_06_11_Instance_64741" type="identity">
      <class id="SO:0000704" label="gene"/>
      <span end="27372" id="17425782-16617" start="27368">gene</span>
    </annotation>
    <annotation annotator="Mike Bada, University of Colorado School of Medicine" id="SO_2017_06_11_Instance_64743" type="identity">
      <class id="SO:0000704" label="gene"/>
      <span end="28464" id="17425782-16619" start="28460">gene</span>
    </annotation>
    <annotation annotator="Mike Bada, University of Colorado School of Medicine" id="SO_2017_06_11_Instance_64745" type="identity">
      <class id="SO:0000704" label="gene"/>
      <span end="28528" id="17425782-16621" start="28523">genes</span>
    </annotation>
    <annotation annotator="Mike Bada, University of Colorado School of Medicine" id="SO_2017_06_11_Instance_64749" type="identity">
      <class id="SO:0001023" label="allele"/>
      <span end="28558" id="17425782-16623" start="28551">alleles</span>
    </annotation>
    <annotation annotator="Mike Bada, University of Colorado School of Medicine" id="SO_2017_06_11_Instance_38743" type="identity">
      <class id="SO:0000417" label="polypeptide_domain"/>
      <span end="28685" id="17425782-16475" start="28679">domain</span>
    </annotation>
    <annotation annotator="Mike Bada, University of Colorado School of Medicine" id="SO_2017_06_11_Instance_39037" type="identity">
      <class id="SO:0000417" label="polypeptide_domain"/>
      <span end="28762" id="17425782-16477" start="28756">domain</span>
    </annotation>
    <annotation annotator="Mike Bada, University of Colorado School of Medicine" id="SO_2017_06_11_Instance_39517" type="identity">
      <class id="SO:0000417" label="polypeptide_domain"/>
      <span end="28866" id="17425782-16479" start="28859">domains</span>
    </annotation>
    <annotation annotator="Mike Bada, University of Colorado School of Medicine" id="SO_2017_06_11_Instance_64753" type="identity">
      <class id="SO:0001023" label="allele"/>
      <span end="29051" id="17425782-16625" start="29045">allele</span>
    </annotation>
    <annotation annotator="Mike Bada, University of Colorado School of Medicine" id="SO_2017_06_11_Instance_10729" type="identity">
      <class id="SO:0000417" label="polypeptide_domain"/>
      <span end="29128" id="17425782-16412" start="29122">domain</span>
    </annotation>
    <annotation annotator="Mike Bada, University of Colorado School of Medicine" id="SO_2017_06_11_Instance_64757" type="identity">
      <class id="SO:0001023" label="allele"/>
      <span end="29272" id="17425782-16627" start="29265">alleles</span>
    </annotation>
    <annotation annotator="Mike Bada, University of Colorado School of Medicine" id="SO_2017_06_11_Instance_11965" type="identity">
      <class id="SO:0000417" label="polypeptide_domain"/>
      <span end="29336" id="17425782-16418" start="29329">domains</span>
    </annotation>
    <annotation annotator="Mike Bada, University of Colorado School of Medicine" id="SO_2017_06_11_Instance_64761" type="identity">
      <class id="SO:0000704" label="gene"/>
      <span end="29396" id="17425782-16629" start="29392">gene</span>
    </annotation>
    <annotation annotator="Mike Bada, University of Colorado School of Medicine" id="SO_2017_06_11_Instance_64765" type="identity">
      <class id="SO:0000704" label="gene"/>
      <span end="29484" id="17425782-16631" start="29480">gene</span>
    </annotation>
    <annotation annotator="Mike Bada, University of Colorado School of Medicine" id="SO_2017_06_11_Instance_64769" type="identity">
      <class id="SO:0001023" label="allele"/>
      <span end="29667" id="17425782-16633" start="29660">alleles</span>
    </annotation>
    <annotation annotator="Mike Bada, University of Colorado School of Medicine" id="SO_2017_06_11_Instance_64771" type="identity">
      <class id="SO:0000902" label="transgene"/>
      <span end="30260" id="17425782-16635" start="30251">transgene</span>
    </annotation>
    <annotation annotator="Mike Bada, University of Colorado School of Medicine" id="SO_2017_06_11_Instance_64773" type="identity">
      <class id="SO:0000704" label="gene"/>
      <span end="31369" id="17425782-16637" start="31364">genes</span>
    </annotation>
    <annotation annotator="Mike Bada, University of Colorado School of Medicine" id="SO_2017_06_11_Instance_64775" type="identity">
      <class id="SO:0000704" label="gene"/>
      <span end="32200" id="17425782-16639" start="32196">gene</span>
    </annotation>
    <annotation annotator="Mike Bada, University of Colorado School of Medicine" id="SO_2017_06_11_Instance_64777" type="identity">
      <class id="SO:0000704" label="gene"/>
      <span end="32286" id="17425782-16641" start="32281">genes</span>
    </annotation>
    <annotation annotator="Mike Bada, University of Colorado School of Medicine" id="SO_2017_06_11_Instance_64779" type="identity">
      <class id="SO:0000902" label="transgene"/>
      <span end="32366" id="17425782-16643" start="32357">transgene</span>
    </annotation>
    <annotation annotator="Mike Bada, University of Colorado School of Medicine" id="SO_2017_06_11_Instance_64781" type="identity">
      <class id="SO:0000704" label="gene"/>
      <span end="32813" id="17425782-16645" start="32808">genes</span>
    </annotation>
    <annotation annotator="Mike Bada, University of Colorado School of Medicine" id="SO_2017_06_11_Instance_64783" type="identity">
      <class id="SO:0000902" label="transgene"/>
      <span end="32994" id="17425782-16647" start="32985">transgene</span>
    </annotation>
    <annotation annotator="Mike Bada, University of Colorado School of Medicine" id="SO_2017_06_11_Instance_64785" type="identity">
      <class id="SO:0000167" label="promoter"/>
      <span end="33069" id="17425782-16649" start="33061">promoter</span>
    </annotation>
    <annotation annotator="Mike Bada, University of Colorado School of Medicine" id="SO_2017_06_11_Instance_64787" type="identity">
      <class id="SO:0000167" label="promoter"/>
      <span end="33141" id="17425782-16651" start="33132">promoters</span>
    </annotation>
    <annotation annotator="Mike Bada, University of Colorado School of Medicine" id="SO_2017_06_11_Instance_64789" type="identity">
      <class id="SO:0000704" label="gene"/>
      <span end="33154" id="17425782-16653" start="33149">genes</span>
    </annotation>
    <annotation annotator="Mike Bada, University of Colorado School of Medicine" id="SO_2017_06_11_Instance_64791" type="identity">
      <class id="SO:0000704" label="gene"/>
      <span end="33201" id="17425782-16655" start="33197">gene</span>
    </annotation>
    <annotation annotator="Mike Bada, University of Colorado School of Medicine" id="SO_2017_06_11_Instance_64795" type="identity">
      <class id="SO:0000704" label="gene"/>
      <span end="33267" id="17425782-16657" start="33262">genes</span>
    </annotation>
    <annotation annotator="Mike Bada, University of Colorado School of Medicine" id="SO_2017_06_11_Instance_64797" type="identity">
      <class id="SO:0000704" label="gene"/>
      <span end="33458" id="17425782-16659" start="33453">genes</span>
    </annotation>
    <annotation annotator="Mike Bada, University of Colorado School of Medicine" id="SO_2017_06_11_Instance_64799" type="identity">
      <class id="SO:0000704" label="gene"/>
      <span end="33565" id="17425782-16661" start="33560">genes</span>
    </annotation>
    <annotation annotator="Mike Bada, University of Colorado School of Medicine" id="SO_2017_06_11_Instance_64801" type="identity">
      <class id="SO:0000704" label="gene"/>
      <span end="33698" id="17425782-16663" start="33693">genes</span>
    </annotation>
    <annotation annotator="Mike Bada, University of Colorado School of Medicine" id="SO_2017_06_11_Instance_64803" type="identity">
      <class id="SO:0000704" label="gene"/>
      <span end="33875" id="17425782-16665" start="33871">gene</span>
    </annotation>
    <annotation annotator="Mike Bada, University of Colorado School of Medicine" id="SO_2017_06_11_Instance_64805" type="identity">
      <class id="SO:0000704" label="gene"/>
      <span end="34303" id="17425782-16667" start="34299">gene</span>
    </annotation>
    <annotation annotator="Mike Bada, University of Colorado School of Medicine" id="SO_2017_06_11_Instance_64807" type="identity">
      <class id="SO:0000704" label="gene"/>
      <span end="34460" id="17425782-16669" start="34455">genes</span>
    </annotation>
    <annotation annotator="Mike Bada, University of Colorado School of Medicine" id="SO_2017_06_11_Instance_64809" type="identity">
      <class id="SO:0000902" label="transgene"/>
      <span end="34613" id="17425782-16671" start="34604">transgene</span>
    </annotation>
    <annotation annotator="Mike Bada, University of Colorado School of Medicine" id="SO_2017_06_11_Instance_64811" type="identity">
      <class id="SO:0000704" label="gene"/>
      <span end="34913" id="17425782-16673" start="34908">genes</span>
    </annotation>
    <annotation annotator="Mike Bada, University of Colorado School of Medicine" id="SO_2017_06_11_Instance_64813" type="identity">
      <class id="SO:0000704" label="gene"/>
      <span end="35094" id="17425782-16675" start="35089">genes</span>
    </annotation>
    <annotation annotator="Mike Bada, University of Colorado School of Medicine" id="SO_2017_06_11_Instance_64815" type="identity">
      <class id="SO:0000704" label="gene"/>
      <span end="35156" id="17425782-16677" start="35151">genes</span>
    </annotation>
    <annotation annotator="Mike Bada, University of Colorado School of Medicine" id="SO_2017_06_11_Instance_64817" type="identity">
      <class id="SO:0000704" label="gene"/>
      <span end="35426" id="17425782-16679" start="35421">genes</span>
    </annotation>
    <annotation annotator="Mike Bada, University of Colorado School of Medicine" id="SO_2017_06_11_Instance_64819" type="identity">
      <class id="SO:0000704" label="gene"/>
      <span end="35513" id="17425782-16681" start="35508">genes</span>
    </annotation>
    <annotation annotator="" id="SO_2017_06_11_Instance_224513" type="identity">
      <class id="SO:0000357" label="flanked"/>
      <span end="35544" id="17425782-16463" start="35536">flanking</span>
    </annotation>
    <annotation annotator="Mike Bada, University of Colorado School of Medicine" id="SO_2017_06_11_Instance_18785" type="identity">
      <class id="SO:0001215" label="coding_region_of_exon"/>
      <span end="35575" id="17425782-16458" start="35558">coding regions of</span>
      <span end="35590" id="17425782-16459" start="35586">exon</span>
    </annotation>
    <annotation annotator="Mike Bada, University of Colorado School of Medicine" id="SO_2017_06_11_Instance_11967" type="identity">
      <class id="SO:0000346" label="loxP_site"/>
      <span end="35635" id="17425782-16420" start="35621">LoxP sequences</span>
    </annotation>
    <annotation annotator="Mike Bada, University of Colorado School of Medicine" id="SO_2017_06_11_Instance_64823" type="identity">
      <class id="SO:0000440" label="vector_replicon"/>
      <span end="35692" id="17425782-16683" start="35686">vector</span>
    </annotation>
    <annotation annotator="Mike Bada, University of Colorado School of Medicine" id="SO_2017_06_11_Instance_64825" type="identity">
      <class id="SO:0000704" label="gene"/>
      <span end="35760" id="17425782-16685" start="35756">gene</span>
    </annotation>
    <annotation annotator="Mike Bada, University of Colorado School of Medicine" id="SO_2017_06_11_Instance_10321" type="identity">
      <class id="SO:0000357" label="flanked"/>
      <span end="35768" id="17425782-16406" start="35761">flanked</span>
    </annotation>
    <annotation annotator="Mike Bada, University of Colorado School of Medicine" id="SO_2017_06_11_Instance_11971" type="identity">
      <class id="SO:0000350" label="FRT_site"/>
      <span end="35785" id="17425782-16422" start="35772">FRT sequences</span>
    </annotation>
    <annotation annotator="Mike Bada, University of Colorado School of Medicine" id="SO_2017_06_11_Instance_11973" type="identity">
      <class id="SO:0000061" label="restriction_enzyme_binding_site"/>
      <span end="35821" id="17425782-16424" start="35804">restriction sites</span>
    </annotation>
    <annotation annotator="Mike Bada, University of Colorado School of Medicine" id="SO_2017_06_11_Instance_10323" type="identity">
      <class id="SO:0000357" label="flanked"/>
      <span end="35928" id="17425782-16408" start="35921">flanked</span>
    </annotation>
    <annotation annotator="Mike Bada, University of Colorado School of Medicine" id="SO_2017_06_11_Instance_12143" type="identity">
      <class id="SO:0000346" label="loxP_site"/>
      <span end="35946" id="17425782-16426" start="35932">LoxP sequences</span>
    </annotation>
    <annotation annotator="Mike Bada, University of Colorado School of Medicine" id="SO_2017_06_11_Instance_12491" type="identity">
      <class id="SO:0001026" label="genome"/>
      <span end="35985" id="17425782-16430" start="35978">genomic</span>
    </annotation>
    <annotation annotator="Mike Bada, University of Colorado School of Medicine" id="SO_2017_06_11_Instance_12495" type="identity">
      <class id="SO:0001026" label="genome"/>
      <span end="36145" id="17425782-16432" start="36138">genomic</span>
    </annotation>
    <annotation annotator="Mike Bada, University of Colorado School of Medicine" id="SO_2017_06_11_Instance_64829" type="identity">
      <class id="SO:0001030" label="forward"/>
      <span end="36185" id="17425782-16687" start="36178">forward</span>
    </annotation>
    <annotation annotator="Mike Bada, University of Colorado School of Medicine" id="SO_2017_06_11_Instance_12603" type="identity">
      <class id="SO:0001031" label="reverse"/>
      <span end="36220" id="17425782-16434" start="36216">back</span>
    </annotation>
    <annotation annotator="Mike Bada, University of Colorado School of Medicine" id="SO_2017_06_11_Instance_64831" type="identity">
      <class id="SO:0000147" label="exon"/>
      <span end="36249" id="17425782-16689" start="36245">exon</span>
    </annotation>
    <annotation annotator="Mike Bada, University of Colorado School of Medicine" id="SO_2017_06_11_Instance_64833" type="identity">
      <class id="SO:0001030" label="forward"/>
      <span end="36257" id="17425782-16691" start="36250">forward</span>
    </annotation>
    <annotation annotator="Mike Bada, University of Colorado School of Medicine" id="SO_2017_06_11_Instance_64835" type="identity">
      <class id="SO:0000147" label="exon"/>
      <span end="36285" id="17425782-16693" start="36281">exon</span>
    </annotation>
    <annotation annotator="Mike Bada, University of Colorado School of Medicine" id="SO_2017_06_11_Instance_12605" type="identity">
      <class id="SO:0001031" label="reverse"/>
      <span end="36290" id="17425782-16436" start="36286">back</span>
    </annotation>
    <annotation annotator="Mike Bada, University of Colorado School of Medicine" id="SO_2017_06_11_Instance_64837" type="identity">
      <class id="SO:0001030" label="forward"/>
      <span end="36326" id="17425782-16695" start="36319">forward</span>
    </annotation>
    <annotation annotator="Mike Bada, University of Colorado School of Medicine" id="SO_2017_06_11_Instance_12607" type="identity">
      <class id="SO:0001031" label="reverse"/>
      <span end="36359" id="17425782-16438" start="36355">back</span>
    </annotation>
    <annotation annotator="Mike Bada, University of Colorado School of Medicine" id="SO_2017_06_11_Instance_12609" type="identity">
      <class id="SO:0001026" label="genome"/>
      <span end="36405" id="17425782-16440" start="36398">genomic</span>
    </annotation>
    <annotation annotator="Mike Bada, University of Colorado School of Medicine" id="SO_2017_06_11_Instance_64839" type="identity">
      <class id="SO:0000147" label="exon"/>
      <span end="36548" id="17425782-16697" start="36544">exon</span>
    </annotation>
    <annotation annotator="Mike Bada, University of Colorado School of Medicine" id="SO_2017_06_11_Instance_64841" type="identity">
      <class id="SO:0001023" label="allele"/>
      <span end="36920" id="17425782-16699" start="36913">alleles</span>
    </annotation>
    <annotation annotator="Mike Bada, University of Colorado School of Medicine" id="SO_2017_06_11_Instance_64843" type="identity">
      <class id="SO:0000359" label="floxed"/>
      <span end="36989" id="17425782-16701" start="36983">floxed</span>
    </annotation>
    <annotation annotator="Mike Bada, University of Colorado School of Medicine" id="SO_2017_06_11_Instance_64845" type="identity">
      <class id="SO:0000112" label="primer"/>
      <span end="37051" id="17425782-16703" start="37044">primers</span>
    </annotation>
    <annotation annotator="Mike Bada, University of Colorado School of Medicine" id="SO_2017_06_11_Instance_64847" type="identity">
      <class id="SO:0001023" label="allele"/>
      <span end="37099" id="17425782-16705" start="37093">allele</span>
    </annotation>
    <annotation annotator="Mike Bada, University of Colorado School of Medicine" id="SO_2017_06_11_Instance_64849" type="identity">
      <class id="SO:0001030" label="forward"/>
      <span end="37108" id="17425782-16707" start="37101">forward</span>
    </annotation>
    <annotation annotator="Mike Bada, University of Colorado School of Medicine" id="SO_2017_06_11_Instance_12649" type="identity">
      <class id="SO:0001030" label="forward"/>
      <span end="37111" id="17425782-16442" start="37110">F</span>
    </annotation>
    <annotation annotator="Mike Bada, University of Colorado School of Medicine" id="SO_2017_06_11_Instance_64851" type="identity">
      <class id="SO:0001031" label="reverse"/>
      <span end="37145" id="17425782-16709" start="37138">reverse</span>
    </annotation>
    <annotation annotator="Mike Bada, University of Colorado School of Medicine" id="SO_2017_06_11_Instance_12651" type="identity">
      <class id="SO:0001031" label="reverse"/>
      <span end="37148" id="17425782-16444" start="37147">R</span>
    </annotation>
    <annotation annotator="Mike Bada, University of Colorado School of Medicine" id="SO_2017_06_11_Instance_64853" type="identity">
      <class id="SO:0000359" label="floxed"/>
      <span end="37192" id="17425782-16711" start="37186">floxed</span>
    </annotation>
    <annotation annotator="Mike Bada, University of Colorado School of Medicine" id="SO_2017_06_11_Instance_64855" type="identity">
      <class id="SO:0001023" label="allele"/>
      <span end="37199" id="17425782-16713" start="37193">allele</span>
    </annotation>
    <annotation annotator="Mike Bada, University of Colorado School of Medicine" id="SO_2017_06_11_Instance_12655" type="identity">
      <class id="SO:0001030" label="forward"/>
      <span end="37202" id="17425782-16446" start="37201">F</span>
    </annotation>
    <annotation annotator="Mike Bada, University of Colorado School of Medicine" id="SO_2017_06_11_Instance_12657" type="identity">
      <class id="SO:0001031" label="reverse"/>
      <span end="37229" id="17425782-16448" start="37228">R</span>
    </annotation>
    <annotation annotator="Mike Bada, University of Colorado School of Medicine" id="SO_2017_06_11_Instance_64857" type="identity">
      <class id="SO:0001023" label="allele"/>
      <span end="37273" id="17425782-16715" start="37267">allele</span>
    </annotation>
    <annotation annotator="Mike Bada, University of Colorado School of Medicine" id="SO_2017_06_11_Instance_12887" type="identity">
      <class id="SO:0001030" label="forward"/>
      <span end="37276" id="17425782-16454" start="37275">F</span>
    </annotation>
    <annotation annotator="Mike Bada, University of Colorado School of Medicine" id="SO_2017_06_11_Instance_12659" type="identity">
      <class id="SO:0001031" label="reverse"/>
      <span end="37305" id="17425782-16450" start="37304">R</span>
    </annotation>
    <annotation annotator="Mike Bada, University of Colorado School of Medicine" id="SO_2017_06_11_Instance_64859" type="identity">
      <class id="SO:0000359" label="floxed"/>
      <span end="37350" id="17425782-16717" start="37344">floxed</span>
    </annotation>
    <annotation annotator="Mike Bada, University of Colorado School of Medicine" id="SO_2017_06_11_Instance_64861" type="identity">
      <class id="SO:0001023" label="allele"/>
      <span end="37357" id="17425782-16719" start="37351">allele</span>
    </annotation>
    <annotation annotator="Mike Bada, University of Colorado School of Medicine" id="SO_2017_06_11_Instance_12889" type="identity">
      <class id="SO:0001030" label="forward"/>
      <span end="37360" id="17425782-16456" start="37359">F</span>
    </annotation>
    <annotation annotator="Mike Bada, University of Colorado School of Medicine" id="SO_2017_06_11_Instance_12885" type="identity">
      <class id="SO:0001031" label="reverse"/>
      <span end="37390" id="17425782-16452" start="37389">R</span>
    </annotation>
    <annotation annotator="Mike Bada, University of Colorado School of Medicine" id="SO_2017_06_11_Instance_64869" type="identity">
      <class id="SO:0000902" label="transgene"/>
      <span end="40169" id="17425782-16721" start="40160">transgene</span>
    </annotation>
    <annotation annotator="Mike Bada, University of Colorado School of Medicine" id="SO_2017_06_11_Instance_64871" type="identity">
      <class id="SO:0000902" label="transgene"/>
      <span end="40477" id="17425782-16723" start="40468">transgene</span>
    </annotation>
    <annotation annotator="Mike Bada, University of Colorado School of Medicine" id="SO_2017_06_11_Instance_64875" type="identity">
      <class id="SO:0000704" label="gene"/>
      <span end="41319" id="17425782-16725" start="41314">genes</span>
    </annotation>
    <annotation annotator="Mike Bada, University of Colorado School of Medicine" id="SO_2017_06_11_Instance_64877" type="identity">
      <class id="SO:0000345" label="EST"/>
      <span end="41347" id="17425782-16727" start="41324">expressed sequence tags</span>
    </annotation>
    <annotation annotator="Mike Bada, University of Colorado School of Medicine" id="SO_2017_06_11_Instance_64883" type="identity">
      <class id="SO:0000704" label="gene"/>
      <span end="41674" id="17425782-16729" start="41669">Genes</span>
    </annotation>
    <annotation annotator="Mike Bada, University of Colorado School of Medicine" id="SO_2017_06_11_Instance_64885" type="identity">
      <class id="SO:0000704" label="gene"/>
      <span end="41831" id="17425782-16731" start="41826">genes</span>
    </annotation>
    <annotation annotator="Mike Bada, University of Colorado School of Medicine" id="SO_2017_06_11_Instance_64887" type="identity">
      <class id="SO:0000112" label="primer"/>
      <span end="42309" id="17425782-16733" start="42302">primers</span>
    </annotation>
    <annotation annotator="Mike Bada, University of Colorado School of Medicine" id="SO_2017_06_11_Instance_64893" type="identity">
      <class id="SO:0000112" label="primer"/>
      <span end="43104" id="17425782-16735" start="43098">primer</span>
    </annotation>
    <annotation annotator="Mike Bada, University of Colorado School of Medicine" id="SO_2017_06_11_Instance_64895" type="identity">
      <class id="SO:0000704" label="gene"/>
      <span end="43373" id="17425782-16737" start="43368">genes</span>
    </annotation>
    <graph-space id="Old Knowtator Relations"/>
  </document>
</knowtator-project>
