<?xml version="1.0" encoding="UTF-8" standalone="no"?>
<knowtator-project>
  <document id="17590087" text-file="17590087.txt">
    <annotation annotator="Mike Bada, University of Colorado School of Medicine" id="SO_2017_06_11_Instance_37271" type="identity">
      <class id="SO:0000704" label="gene"/>
      <span end="245" id="17590087-17175" start="238">genetic</span>
    </annotation>
    <annotation annotator="" id="SO_2017_06_11_Instance_171334" type="identity">
      <class id="SO:0001817" label="inframe"/>
      <span end="459" id="17590087-17137" start="451">in-frame</span>
    </annotation>
    <annotation annotator="Mike Bada, University of Colorado School of Medicine" id="SO_2017_06_11_Instance_12471" type="identity">
      <class id="SO:0000028" label="base_pair"/>
      <span end="465" id="17590087-17042" start="463">bp</span>
    </annotation>
    <annotation annotator="" id="SO_2017_06_11_Instance_171336" type="identity">
      <class id="SO:0001817" label="inframe"/>
      <span end="681" id="17590087-17139" start="673">in-frame</span>
    </annotation>
    <annotation annotator="Mike Bada, University of Colorado School of Medicine" id="SO_2017_06_11_Instance_12485" type="identity">
      <class id="SO:0001026" label="genome"/>
      <span end="892" id="17590087-17044" start="885">genomic</span>
    </annotation>
    <annotation annotator="Mike Bada, University of Colorado School of Medicine" id="SO_2017_06_11_Instance_39657" type="identity">
      <class id="SO:0000831" label="gene_member_region"/>
      <span end="1203" id="17590087-17183" start="1196">part of</span>
      <span end="1218" id="17590087-17184" start="1214">gene</span>
    </annotation>
    <annotation annotator="Mike Bada, University of Colorado School of Medicine" id="SO_2017_06_11_Instance_65533" type="identity">
      <class id="SO:0000147" label="exon"/>
      <span end="1238" id="17590087-17190" start="1233">exons</span>
    </annotation>
    <annotation annotator="" id="SO_2017_06_11_Instance_171338" type="identity">
      <class id="SO:0001817" label="inframe"/>
      <span end="1374" id="17590087-17141" start="1366">in-frame</span>
    </annotation>
    <annotation annotator="Mike Bada, University of Colorado School of Medicine" id="SO_2017_06_11_Instance_65537" type="identity">
      <class id="SO:0000704" label="gene"/>
      <span end="1404" id="17590087-17192" start="1400">gene</span>
    </annotation>
    <annotation annotator="Mike Bada, University of Colorado School of Medicine" id="SO_2017_06_11_Instance_13281" type="identity">
      <class id="SO:0001026" label="genome"/>
      <span end="1732" id="17590087-17049" start="1725">genomic</span>
    </annotation>
    <annotation annotator="" id="SO_2017_06_11_Instance_171628" type="identity">
      <class id="SO:0001644" label="targeting_vector"/>
      <span end="2699" id="17590087-17149" start="2683">targeting vector</span>
    </annotation>
    <annotation annotator="Mike Bada, University of Colorado School of Medicine" id="SO_2017_06_11_Instance_38393" type="identity">
      <class id="SO:0000704" label="gene"/>
      <span end="2776" id="17590087-17177" start="2769">genetic</span>
    </annotation>
    <annotation annotator="Mike Bada, University of Colorado School of Medicine" id="SO_2017_06_11_Instance_65545" type="identity">
      <class id="SO:0000704" label="gene"/>
      <span end="3142" id="17590087-17194" start="3138">gene</span>
    </annotation>
    <annotation annotator="" id="SO_2017_06_11_Instance_171630" type="identity">
      <class id="SO:0001644" label="targeting_vector"/>
      <span end="3237" id="17590087-17151" start="3221">targeting vector</span>
    </annotation>
    <annotation annotator="Mike Bada, University of Colorado School of Medicine" id="SO_2017_06_11_Instance_65549" type="identity">
      <class id="SO:0001026" label="genome"/>
      <span end="4036" id="17590087-17196" start="4030">genome</span>
    </annotation>
    <annotation annotator="Mike Bada, University of Colorado School of Medicine" id="SO_2017_06_11_Instance_65551" type="identity">
      <class id="SO:0000694" label="SNP"/>
      <span end="4112" id="17590087-17198" start="4081">single nucleotide polymorphisms</span>
    </annotation>
    <annotation annotator="Mike Bada, University of Colorado School of Medicine" id="SO_2017_06_11_Instance_65553" type="identity">
      <class id="SO:0000694" label="SNP"/>
      <span end="4118" id="17590087-17200" start="4114">SNPs</span>
    </annotation>
    <annotation annotator="Mike Bada, University of Colorado School of Medicine" id="SO_2017_06_11_Instance_65555" type="identity">
      <class id="SO:0001026" label="genome"/>
      <span end="4155" id="17590087-17202" start="4149">genome</span>
    </annotation>
    <annotation annotator="Mike Bada, University of Colorado School of Medicine" id="SO_2017_06_11_Instance_13507" type="identity">
      <class id="SO:0001026" label="genome"/>
      <span end="4203" id="17590087-17056" start="4196">genomic</span>
    </annotation>
    <annotation annotator="Mike Bada, University of Colorado School of Medicine" id="SO_2017_06_11_Instance_65559" type="identity">
      <class id="SO:0001024" label="haplotype"/>
      <span end="4353" id="17590087-17204" start="4344">haplotype</span>
    </annotation>
    <annotation annotator="Mike Bada, University of Colorado School of Medicine" id="SO_2017_06_11_Instance_39327" type="identity">
      <class id="SO:0000704" label="gene"/>
      <span end="4628" id="17590087-17179" start="4621">genetic</span>
    </annotation>
    <annotation annotator="" id="SO_2017_06_11_Instance_171340" type="identity">
      <class id="SO:0001817" label="inframe"/>
      <span end="4686" id="17590087-17143" start="4678">in-frame</span>
    </annotation>
    <annotation annotator="Mike Bada, University of Colorado School of Medicine" id="SO_2017_06_11_Instance_65563" type="identity">
      <class id="SO:0000147" label="exon"/>
      <span end="4704" id="17590087-17206" start="4699">exons</span>
    </annotation>
    <annotation annotator="Mike Bada, University of Colorado School of Medicine" id="SO_2017_06_11_Instance_65565" type="identity">
      <class id="SO:0000704" label="gene"/>
      <span end="4726" id="17590087-17208" start="4722">gene</span>
    </annotation>
    <annotation annotator="Mike Bada, University of Colorado School of Medicine" id="SO_2017_06_11_Instance_65567" type="identity">
      <class id="SO:0000147" label="exon"/>
      <span end="4829" id="17590087-17210" start="4824">exons</span>
    </annotation>
    <annotation annotator="Mike Bada, University of Colorado School of Medicine" id="SO_2017_06_11_Instance_13509" type="identity">
      <class id="SO:0001421" label="splice_junction"/>
      <span end="4856" id="17590087-17058" start="4834">intron–exon boundaries</span>
    </annotation>
    <annotation annotator="" id="SO_2017_06_11_Instance_171342" type="identity">
      <class id="SO:0001817" label="inframe"/>
      <span end="4963" id="17590087-17145" start="4955">in-frame</span>
    </annotation>
    <annotation annotator="Mike Bada, University of Colorado School of Medicine" id="SO_2017_06_11_Instance_13517" type="identity">
      <class id="SO:0000028" label="base_pair"/>
      <span end="4981" id="17590087-17060" start="4979">bp</span>
    </annotation>
    <annotation annotator="Mike Bada, University of Colorado School of Medicine" id="SO_2017_06_11_Instance_65571" type="identity">
      <class id="SO:0000147" label="exon"/>
      <span end="4993" id="17590087-17212" start="4989">exon</span>
    </annotation>
    <annotation annotator="Mike Bada, University of Colorado School of Medicine" id="SO_2017_06_11_Instance_65573" type="identity">
      <class id="SO:0000147" label="exon"/>
      <span end="5625" id="17590087-17214" start="5620">exons</span>
    </annotation>
    <annotation annotator="Mike Bada, University of Colorado School of Medicine" id="SO_2017_06_11_Instance_65575" type="identity">
      <class id="SO:0000717" label="reading_frame"/>
      <span end="5694" id="17590087-17216" start="5681">reading frame</span>
    </annotation>
    <annotation annotator="" id="SO_2017_06_11_Instance_171344" type="identity">
      <class id="SO:0001817" label="inframe"/>
      <span end="5719" id="17590087-17147" start="5711">in-frame</span>
    </annotation>
    <annotation annotator="Mike Bada, University of Colorado School of Medicine" id="SO_2017_06_11_Instance_65579" type="identity">
      <class id="SO:0000704" label="gene"/>
      <span end="5918" id="17590087-17218" start="5914">gene</span>
    </annotation>
    <annotation annotator="Mike Bada, University of Colorado School of Medicine" id="SO_2017_06_11_Instance_65581" type="identity">
      <class id="SO:0005858" label="syntenic_region"/>
      <span end="6192" id="17590087-17220" start="6177">syntenic region</span>
    </annotation>
    <annotation annotator="Mike Bada, University of Colorado School of Medicine" id="SO_2017_06_11_Instance_65583" type="identity">
      <class id="SO:0001026" label="genome"/>
      <span end="6212" id="17590087-17222" start="6206">genome</span>
    </annotation>
    <annotation annotator="Mike Bada, University of Colorado School of Medicine" id="SO_2017_06_11_Instance_65585" type="identity">
      <class id="SO:0000704" label="gene"/>
      <span end="6603" id="17590087-17224" start="6599">gene</span>
    </annotation>
    <annotation annotator="Mike Bada, University of Colorado School of Medicine" id="SO_2017_06_11_Instance_13529" type="identity">
      <class id="SO:0001026" label="genome"/>
      <span end="6654" id="17590087-17062" start="6647">genomic</span>
    </annotation>
    <annotation annotator="Mike Bada, University of Colorado School of Medicine" id="SO_2017_06_11_Instance_65589" type="identity">
      <class id="SO:0000195" label="coding_exon"/>
      <span end="6976" id="17590087-17226" start="6964">coding exons</span>
    </annotation>
    <annotation annotator="Mike Bada, University of Colorado School of Medicine" id="SO_2017_06_11_Instance_65591" type="identity">
      <class id="SO:0001026" label="genome"/>
      <span end="7009" id="17590087-17228" start="7003">genome</span>
    </annotation>
    <annotation annotator="Mike Bada, University of Colorado School of Medicine" id="SO_2017_06_11_Instance_65593" type="identity">
      <class id="SO:0000694" label="SNP"/>
      <span end="7018" id="17590087-17230" start="7015">SNP</span>
    </annotation>
    <annotation annotator="Mike Bada, University of Colorado School of Medicine" id="SO_2017_06_11_Instance_65597" type="identity">
      <class id="SO:0001023" label="allele"/>
      <span end="7262" id="17590087-17232" start="7256">allele</span>
    </annotation>
    <annotation annotator="Mike Bada, University of Colorado School of Medicine" id="SO_2017_06_11_Instance_65599" type="identity">
      <class id="SO:0001026" label="genome"/>
      <span end="7296" id="17590087-17234" start="7290">genome</span>
    </annotation>
    <annotation annotator="Mike Bada, University of Colorado School of Medicine" id="SO_2017_06_11_Instance_65601" type="identity">
      <class id="SO:0000694" label="SNP"/>
      <span end="7305" id="17590087-17236" start="7302">SNP</span>
    </annotation>
    <annotation annotator="Mike Bada, University of Colorado School of Medicine" id="SO_2017_06_11_Instance_13537" type="identity">
      <class id="SO:0001026" label="genome"/>
      <span end="7387" id="17590087-17070" start="7380">genomic</span>
    </annotation>
    <annotation annotator="Mike Bada, University of Colorado School of Medicine" id="SO_2017_06_11_Instance_65605" type="identity">
      <class id="SO:0000704" label="gene"/>
      <span end="7480" id="17590087-17238" start="7476">gene</span>
    </annotation>
    <annotation annotator="Mike Bada, University of Colorado School of Medicine" id="SO_2017_06_11_Instance_65609" type="identity">
      <class id="SO:0000694" label="SNP"/>
      <span end="7655" id="17590087-17240" start="7652">SNP</span>
    </annotation>
    <annotation annotator="Mike Bada, University of Colorado School of Medicine" id="SO_2017_06_11_Instance_65613" type="identity">
      <class id="SO:0000694" label="SNP"/>
      <span end="7736" id="17590087-17242" start="7732">SNPs</span>
    </annotation>
    <annotation annotator="Mike Bada, University of Colorado School of Medicine" id="SO_2017_06_11_Instance_13539" type="identity">
      <class id="SO:0000239" label="flanking_region"/>
      <span end="7752" id="17590087-17072" start="7744">flanking</span>
      <span end="7768" id="17590087-17073" start="7761">regions</span>
    </annotation>
    <annotation annotator="Mike Bada, University of Colorado School of Medicine" id="SO_2017_06_11_Instance_13257" type="identity">
      <class id="SO:0000687" label="deletion_junction"/>
      <span end="7822" id="17590087-17046" start="7812">borders of</span>
      <span end="7835" id="17590087-17047" start="7827">deletion</span>
    </annotation>
    <annotation annotator="Mike Bada, University of Colorado School of Medicine" id="SO_2017_06_11_Instance_65623" type="identity">
      <class id="SO:0001026" label="genome"/>
      <span end="8098" id="17590087-17244" start="8092">genome</span>
    </annotation>
    <annotation annotator="Mike Bada, University of Colorado School of Medicine" id="SO_2017_06_11_Instance_65625" type="identity">
      <class id="SO:0000694" label="SNP"/>
      <span end="8107" id="17590087-17246" start="8104">SNP</span>
    </annotation>
    <annotation annotator="Mike Bada, University of Colorado School of Medicine" id="SO_2017_06_11_Instance_65631" type="identity">
      <class id="SO:0000704" label="gene"/>
      <span end="8367" id="17590087-17248" start="8363">gene</span>
    </annotation>
    <annotation annotator="Mike Bada, University of Colorado School of Medicine" id="SO_2017_06_11_Instance_65635" type="identity">
      <class id="SO:0000188" label="intron"/>
      <span end="8509" id="17590087-17250" start="8503">intron</span>
    </annotation>
    <annotation annotator="Mike Bada, University of Colorado School of Medicine" id="SO_2017_06_11_Instance_65637" type="identity">
      <class id="SO:0000147" label="exon"/>
      <span end="8554" id="17590087-17252" start="8550">exon</span>
    </annotation>
    <annotation annotator="Mike Bada, University of Colorado School of Medicine" id="SO_2017_06_11_Instance_13459" type="identity">
      <class id="SO:0001415" label="deletion_breakpoint"/>
      <span end="8704" id="17590087-17051" start="8690">breakpoints of</span>
      <span end="8733" id="17590087-17052" start="8725">deletion</span>
    </annotation>
    <annotation annotator="Mike Bada, University of Colorado School of Medicine" id="SO_2017_06_11_Instance_13555" type="identity">
      <class id="SO:0000121" label="forward_primer"/>
      <span end="9052" id="17590087-17075" start="9025">forward orientation primers</span>
    </annotation>
    <annotation annotator="Mike Bada, University of Colorado School of Medicine" id="SO_2017_06_11_Instance_13465" type="identity">
      <class id="SO:0000132" label="reverse_primer"/>
      <span end="9140" id="17590087-17054" start="9113">reverse orientation primers</span>
    </annotation>
    <annotation annotator="Mike Bada, University of Colorado School of Medicine" id="SO_2017_06_11_Instance_65653" type="identity">
      <class id="SO:0000112" label="primer"/>
      <span end="9300" id="17590087-17254" start="9293">primers</span>
    </annotation>
    <annotation annotator="Mike Bada, University of Colorado School of Medicine" id="SO_2017_06_11_Instance_13565" type="identity">
      <class id="SO:0000028" label="base_pair"/>
      <span end="9396" id="17590087-17077" start="9394">bp</span>
    </annotation>
    <annotation annotator="Mike Bada, University of Colorado School of Medicine" id="SO_2017_06_11_Instance_13567" type="identity">
      <class id="SO:0000028" label="base_pair"/>
      <span end="9536" id="17590087-17079" start="9534">bp</span>
    </annotation>
    <annotation annotator="Mike Bada, University of Colorado School of Medicine" id="SO_2017_06_11_Instance_65657" type="identity">
      <class id="SO:0000147" label="exon"/>
      <span end="9592" id="17590087-17256" start="9587">exons</span>
    </annotation>
    <annotation annotator="Mike Bada, University of Colorado School of Medicine" id="SO_2017_06_11_Instance_65659" type="identity">
      <class id="SO:0000147" label="exon"/>
      <span end="9635" id="17590087-17258" start="9630">exons</span>
    </annotation>
    <annotation annotator="Mike Bada, University of Colorado School of Medicine" id="SO_2017_06_11_Instance_39329" type="identity">
      <class id="SO:0000704" label="gene"/>
      <span end="9824" id="17590087-17181" start="9817">genetic</span>
    </annotation>
    <annotation annotator="Mike Bada, University of Colorado School of Medicine" id="SO_2017_06_11_Instance_24823" type="identity">
      <class id="SO:0001021" label="chromosome_breakpoint"/>
      <span end="10475" id="17590087-17167" start="10465">breakpoint</span>
    </annotation>
    <annotation annotator="Mike Bada, University of Colorado School of Medicine" id="SO_2017_06_11_Instance_13571" type="identity">
      <class id="SO:0000028" label="base_pair"/>
      <span end="10554" id="17590087-17081" start="10552">bp</span>
    </annotation>
    <annotation annotator="Mike Bada, University of Colorado School of Medicine" id="SO_2017_06_11_Instance_65665" type="identity">
      <class id="SO:0000147" label="exon"/>
      <span end="10570" id="17590087-17260" start="10565">exons</span>
    </annotation>
    <annotation annotator="Mike Bada, University of Colorado School of Medicine" id="SO_2017_06_11_Instance_65669" type="identity">
      <class id="SO:0000147" label="exon"/>
      <span end="10693" id="17590087-17262" start="10688">exons</span>
    </annotation>
    <annotation annotator="Mike Bada, University of Colorado School of Medicine" id="SO_2017_06_11_Instance_65671" type="identity">
      <class id="SO:0000147" label="exon"/>
      <span end="10716" id="17590087-17264" start="10711">exons</span>
    </annotation>
    <annotation annotator="Mike Bada, University of Colorado School of Medicine" id="SO_2017_06_11_Instance_65675" type="identity">
      <class id="SO:0000147" label="exon"/>
      <span end="10885" id="17590087-17266" start="10880">exons</span>
    </annotation>
    <annotation annotator="Mike Bada, University of Colorado School of Medicine" id="SO_2017_06_11_Instance_39893" type="identity">
      <class id="SO:0000704" label="gene"/>
      <span end="11230" id="17590087-17186" start="11223">genetic</span>
    </annotation>
    <annotation annotator="Mike Bada, University of Colorado School of Medicine" id="SO_2017_06_11_Instance_13581" type="identity">
      <class id="SO:0000417" label="polypeptide_domain"/>
      <span end="12500" id="17590087-17083" start="12493">domains</span>
    </annotation>
    <annotation annotator="Mike Bada, University of Colorado School of Medicine" id="SO_2017_06_11_Instance_13945" type="identity">
      <class id="SO:0100018" label="polypeptide_binding_motif"/>
      <span end="12552" id="17590087-17131" start="12538">binding domain</span>
    </annotation>
    <annotation annotator="Mike Bada, University of Colorado School of Medicine" id="SO_2017_06_11_Instance_13587" type="identity">
      <class id="SO:0000417" label="polypeptide_domain"/>
      <span end="12571" id="17590087-17085" start="12565">domain</span>
    </annotation>
    <annotation annotator="Mike Bada, University of Colorado School of Medicine" id="SO_2017_06_11_Instance_65687" type="identity">
      <class id="SO:0000409" label="binding_site"/>
      <span end="12695" id="17590087-17268" start="12683">binding site</span>
    </annotation>
    <annotation annotator="Mike Bada, University of Colorado School of Medicine" id="SO_2017_06_11_Instance_13595" type="identity">
      <class id="SO:0000318" label="start_codon"/>
      <span end="13397" id="17590087-17087" start="13387">start site</span>
    </annotation>
    <annotation annotator="Mike Bada, University of Colorado School of Medicine" id="SO_2017_06_11_Instance_65689" type="identity">
      <class id="SO:0001026" label="genome"/>
      <span end="14258" id="17590087-17270" start="14252">genome</span>
    </annotation>
    <annotation annotator="Mike Bada, University of Colorado School of Medicine" id="SO_2017_06_11_Instance_65691" type="identity">
      <class id="SO:0000694" label="SNP"/>
      <span end="14267" id="17590087-17272" start="14264">SNP</span>
    </annotation>
    <annotation annotator="Mike Bada, University of Colorado School of Medicine" id="SO_2017_06_11_Instance_13603" type="identity">
      <class id="SO:0001026" label="genome"/>
      <span end="14326" id="17590087-17089" start="14319">genomic</span>
    </annotation>
    <annotation annotator="Mike Bada, University of Colorado School of Medicine" id="SO_2017_06_11_Instance_65695" type="identity">
      <class id="SO:0000704" label="gene"/>
      <span end="14837" id="17590087-17274" start="14833">gene</span>
    </annotation>
    <annotation annotator="Mike Bada, University of Colorado School of Medicine" id="SO_2017_06_11_Instance_65701" type="identity">
      <class id="SO:0000704" label="gene"/>
      <span end="15044" id="17590087-17276" start="15040">gene</span>
    </annotation>
    <annotation annotator="Mike Bada, University of Colorado School of Medicine" id="SO_2017_06_11_Instance_65703" type="identity">
      <class id="SO:0001026" label="genome"/>
      <span end="15261" id="17590087-17278" start="15255">Genome</span>
    </annotation>
    <annotation annotator="Mike Bada, University of Colorado School of Medicine" id="SO_2017_06_11_Instance_65707" type="identity">
      <class id="SO:0001026" label="genome"/>
      <span end="15354" id="17590087-17280" start="15348">genome</span>
    </annotation>
    <annotation annotator="Mike Bada, University of Colorado School of Medicine" id="SO_2017_06_11_Instance_65709" type="identity">
      <class id="SO:0000694" label="SNP"/>
      <span end="15413" id="17590087-17282" start="15409">SNPs</span>
    </annotation>
    <annotation annotator="" id="SO_2017_06_11_Instance_224517" type="identity">
      <class id="SO:0000357" label="flanked"/>
      <span end="16092" id="17590087-17153" start="16084">flanking</span>
    </annotation>
    <annotation annotator="Mike Bada, University of Colorado School of Medicine" id="SO_2017_06_11_Instance_65721" type="identity">
      <class id="SO:0000704" label="gene"/>
      <span end="16224" id="17590087-17284" start="16219">genes</span>
    </annotation>
    <annotation annotator="" id="SO_2017_06_11_Instance_92737" type="identity">
      <class id="SO:0002138" label="predicted_transcript"/>
      <span end="16250" id="17590087-17426" start="16229">predicted transcripts</span>
    </annotation>
    <annotation annotator="Mike Bada, University of Colorado School of Medicine" id="SO_2017_06_11_Instance_39895" type="identity">
      <class id="SO:0000704" label="gene"/>
      <span end="16293" id="17590087-17188" start="16286">genetic</span>
    </annotation>
    <annotation annotator="Mike Bada, University of Colorado School of Medicine" id="SO_2017_06_11_Instance_65727" type="identity">
      <class id="SO:0000147" label="exon"/>
      <span end="16527" id="17590087-17286" start="16522">exons</span>
    </annotation>
    <annotation annotator="Mike Bada, University of Colorado School of Medicine" id="SO_2017_06_11_Instance_65729" type="identity">
      <class id="SO:0000112" label="primer"/>
      <span end="16554" id="17590087-17288" start="16548">Primer</span>
    </annotation>
    <annotation annotator="Mike Bada, University of Colorado School of Medicine" id="SO_2017_06_11_Instance_65731" type="identity">
      <class id="SO:0000195" label="coding_exon"/>
      <span end="16611" id="17590087-17290" start="16599">coding exons</span>
    </annotation>
    <annotation annotator="Mike Bada, University of Colorado School of Medicine" id="SO_2017_06_11_Instance_13617" type="identity">
      <class id="SO:0000028" label="base_pair"/>
      <span end="16630" id="17590087-17091" start="16628">bp</span>
    </annotation>
    <annotation annotator="Mike Bada, University of Colorado School of Medicine" id="SO_2017_06_11_Instance_13619" type="identity">
      <class id="SO:0000239" label="flanking_region"/>
      <span end="16647" id="17590087-17093" start="16639">flanking</span>
      <span end="16665" id="17590087-17094" start="16657">sequence</span>
    </annotation>
    <annotation annotator="Mike Bada, University of Colorado School of Medicine" id="SO_2017_06_11_Instance_13621" type="identity">
      <class id="SO:0000188" label="intron"/>
      <span end="16656" id="17590087-17096" start="16648">intronic</span>
    </annotation>
    <annotation annotator="Mike Bada, University of Colorado School of Medicine" id="SO_2017_06_11_Instance_65733" type="identity">
      <class id="SO:0000147" label="exon"/>
      <span end="16706" id="17590087-17292" start="16702">exon</span>
    </annotation>
    <annotation annotator="Mike Bada, University of Colorado School of Medicine" id="SO_2017_06_11_Instance_65737" type="identity">
      <class id="SO:0000195" label="coding_exon"/>
      <span end="20037" id="17590087-17294" start="20025">coding exons</span>
    </annotation>
    <annotation annotator="Mike Bada, University of Colorado School of Medicine" id="SO_2017_06_11_Instance_13631" type="identity">
      <class id="SO:0000028" label="base_pair"/>
      <span end="20056" id="17590087-17098" start="20054">bp</span>
    </annotation>
    <annotation annotator="" id="SO_2017_06_11_Instance_224519" type="identity">
      <class id="SO:0000357" label="flanked"/>
      <span end="20068" id="17590087-17155" start="20060">flanking</span>
    </annotation>
    <annotation annotator="Mike Bada, University of Colorado School of Medicine" id="SO_2017_06_11_Instance_65739" type="identity">
      <class id="SO:0000188" label="intron"/>
      <span end="20076" id="17590087-17296" start="20069">introns</span>
    </annotation>
    <annotation annotator="Mike Bada, University of Colorado School of Medicine" id="SO_2017_06_11_Instance_13531" type="identity">
      <class id="SO:0001026" label="genome"/>
      <span end="20433" id="17590087-17064" start="20426">genomic</span>
    </annotation>
    <annotation annotator="Mike Bada, University of Colorado School of Medicine" id="SO_2017_06_11_Instance_65743" type="identity">
      <class id="SO:0000112" label="primer"/>
      <span end="20482" id="17590087-17298" start="20476">Primer</span>
    </annotation>
    <annotation annotator="Mike Bada, University of Colorado School of Medicine" id="SO_2017_06_11_Instance_65747" type="identity">
      <class id="SO:0000704" label="gene"/>
      <span end="20586" id="17590087-17300" start="20582">Gene</span>
    </annotation>
    <annotation annotator="Mike Bada, University of Colorado School of Medicine" id="SO_2017_06_11_Instance_65749" type="identity">
      <class id="SO:0001026" label="genome"/>
      <span end="20639" id="17590087-17302" start="20633">Genome</span>
    </annotation>
    <annotation annotator="Mike Bada, University of Colorado School of Medicine" id="SO_2017_06_11_Instance_65751" type="identity">
      <class id="SO:0000694" label="SNP"/>
      <span end="20648" id="17590087-17304" start="20645">SNP</span>
    </annotation>
    <annotation annotator="Mike Bada, University of Colorado School of Medicine" id="SO_2017_06_11_Instance_65753" type="identity">
      <class id="SO:0000694" label="SNP"/>
      <span end="20704" id="17590087-17306" start="20701">SNP</span>
    </annotation>
    <annotation annotator="Mike Bada, University of Colorado School of Medicine" id="SO_2017_06_11_Instance_65755" type="identity">
      <class id="SO:0000694" label="SNP"/>
      <span end="20833" id="17590087-17308" start="20829">SNPs</span>
    </annotation>
    <annotation annotator="Mike Bada, University of Colorado School of Medicine" id="SO_2017_06_11_Instance_65759" type="identity">
      <class id="SO:0001023" label="allele"/>
      <span end="21046" id="17590087-17310" start="21040">allele</span>
    </annotation>
    <annotation annotator="Mike Bada, University of Colorado School of Medicine" id="SO_2017_06_11_Instance_65761" type="identity">
      <class id="SO:0001026" label="genome"/>
      <span end="21089" id="17590087-17312" start="21083">genome</span>
    </annotation>
    <annotation annotator="Mike Bada, University of Colorado School of Medicine" id="SO_2017_06_11_Instance_65765" type="identity">
      <class id="SO:0001023" label="allele"/>
      <span end="21269" id="17590087-17314" start="21263">allele</span>
    </annotation>
    <annotation annotator="" id="SO_2017_06_11_Instance_224521" type="identity">
      <class id="SO:0000357" label="flanked"/>
      <span end="21515" id="17590087-17157" start="21507">flanking</span>
    </annotation>
    <annotation annotator="Mike Bada, University of Colorado School of Medicine" id="SO_2017_06_11_Instance_65769" type="identity">
      <class id="SO:0000112" label="primer"/>
      <span end="21573" id="17590087-17316" start="21566">primers</span>
    </annotation>
    <annotation annotator="Mike Bada, University of Colorado School of Medicine" id="SO_2017_06_11_Instance_14335" type="identity">
      <class id="SO:0000239" label="flanking_region"/>
      <span end="21674" id="17590087-17133" start="21657">bordering regions</span>
    </annotation>
    <annotation annotator="Mike Bada, University of Colorado School of Medicine" id="SO_2017_06_11_Instance_65773" type="identity">
      <class id="SO:0000112" label="primer"/>
      <span end="21682" id="17590087-17318" start="21676">primer</span>
    </annotation>
    <annotation annotator="Mike Bada, University of Colorado School of Medicine" id="SO_2017_06_11_Instance_65775" type="identity">
      <class id="SO:0000112" label="primer"/>
      <span end="21753" id="17590087-17320" start="21747">primer</span>
    </annotation>
    <annotation annotator="Mike Bada, University of Colorado School of Medicine" id="SO_2017_06_11_Instance_65777" type="identity">
      <class id="SO:0000239" label="flanking_region"/>
      <span end="21792" id="17590087-17322" start="21777">flanking region</span>
    </annotation>
    <annotation annotator="Mike Bada, University of Colorado School of Medicine" id="SO_2017_06_11_Instance_65779" type="identity">
      <class id="SO:0000239" label="flanking_region"/>
      <span end="21840" id="17590087-17324" start="21825">flanking region</span>
    </annotation>
    <annotation annotator="Mike Bada, University of Colorado School of Medicine" id="SO_2017_06_11_Instance_13633" type="identity">
      <class id="SO:0000028" label="base_pair"/>
      <span end="21889" id="17590087-17100" start="21887">bp</span>
    </annotation>
    <annotation annotator="Mike Bada, University of Colorado School of Medicine" id="SO_2017_06_11_Instance_13533" type="identity">
      <class id="SO:0001026" label="genome"/>
      <span end="21946" id="17590087-17066" start="21939">genomic</span>
    </annotation>
    <annotation annotator="Mike Bada, University of Colorado School of Medicine" id="SO_2017_06_11_Instance_13659" type="identity">
      <class id="SO:0000121" label="forward_primer"/>
      <span end="22099" id="17590087-17120" start="22092">forward</span>
      <span end="22119" id="17590087-17121" start="22112">primers</span>
    </annotation>
    <annotation annotator="Mike Bada, University of Colorado School of Medicine" id="SO_2017_06_11_Instance_65785" type="identity">
      <class id="SO:0000132" label="reverse_primer"/>
      <span end="22119" id="17590087-17326" start="22104">reverse primers</span>
    </annotation>
    <annotation annotator="Mike Bada, University of Colorado School of Medicine" id="SO_2017_06_11_Instance_65787" type="identity">
      <class id="SO:0001026" label="genome"/>
      <span end="22276" id="17590087-17328" start="22270">genome</span>
    </annotation>
    <annotation annotator="Mike Bada, University of Colorado School of Medicine" id="SO_2017_06_11_Instance_65791" type="identity">
      <class id="SO:0001026" label="genome"/>
      <span end="22392" id="17590087-17330" start="22386">genome</span>
    </annotation>
    <annotation annotator="Mike Bada, University of Colorado School of Medicine" id="SO_2017_06_11_Instance_13665" type="identity">
      <class id="SO:0001026" label="genome"/>
      <span end="22425" id="17590087-17123" start="22418">genomic</span>
    </annotation>
    <annotation annotator="Mike Bada, University of Colorado School of Medicine" id="SO_2017_06_11_Instance_65795" type="identity">
      <class id="SO:0001023" label="allele"/>
      <span end="22486" id="17590087-17332" start="22480">allele</span>
    </annotation>
    <annotation annotator="Mike Bada, University of Colorado School of Medicine" id="SO_2017_06_11_Instance_65797" type="identity">
      <class id="SO:0001023" label="allele"/>
      <span end="22507" id="17590087-17334" start="22501">allele</span>
    </annotation>
    <annotation annotator="Mike Bada, University of Colorado School of Medicine" id="SO_2017_06_11_Instance_65799" type="identity">
      <class id="SO:0001024" label="haplotype"/>
      <span end="22670" id="17590087-17336" start="22661">haplotype</span>
    </annotation>
    <annotation annotator="" id="SO_2017_06_11_Instance_224527" type="identity">
      <class id="SO:0000357" label="flanked"/>
      <span end="22784" id="17590087-17159" start="22776">flanking</span>
    </annotation>
    <annotation annotator="Mike Bada, University of Colorado School of Medicine" id="SO_2017_06_11_Instance_65805" type="identity">
      <class id="SO:0000121" label="forward_primer"/>
      <span end="22898" id="17590087-17338" start="22883">forward primers</span>
    </annotation>
    <annotation annotator="" id="SO_2017_06_11_Instance_224529" type="identity">
      <class id="SO:0000357" label="flanked"/>
      <span end="22937" id="17590087-17161" start="22929">flanking</span>
    </annotation>
    <annotation annotator="Mike Bada, University of Colorado School of Medicine" id="SO_2017_06_11_Instance_65811" type="identity">
      <class id="SO:0000132" label="reverse_primer"/>
      <span end="22993" id="17590087-17340" start="22978">reverse primers</span>
    </annotation>
    <annotation annotator="" id="SO_2017_06_11_Instance_224531" type="identity">
      <class id="SO:0000357" label="flanked"/>
      <span end="23032" id="17590087-17163" start="23024">flanking</span>
    </annotation>
    <annotation annotator="Mike Bada, University of Colorado School of Medicine" id="SO_2017_06_11_Instance_24827" type="identity">
      <class id="SO:0001021" label="chromosome_breakpoint"/>
      <span end="23321" id="17590087-17169" start="23311">breakpoint</span>
    </annotation>
    <annotation annotator="Mike Bada, University of Colorado School of Medicine" id="SO_2017_06_11_Instance_65817" type="identity">
      <class id="SO:0000121" label="forward_primer"/>
      <span end="23383" id="17590087-17342" start="23369">forward primer</span>
    </annotation>
    <annotation annotator="Mike Bada, University of Colorado School of Medicine" id="SO_2017_06_11_Instance_65819" type="identity">
      <class id="SO:0000132" label="reverse_primer"/>
      <span end="23469" id="17590087-17344" start="23455">reverse primer</span>
    </annotation>
    <annotation annotator="Mike Bada, University of Colorado School of Medicine" id="SO_2017_06_11_Instance_13635" type="identity">
      <class id="SO:0000028" label="base_pair"/>
      <span end="23560" id="17590087-17102" start="23558">bp</span>
    </annotation>
    <annotation annotator="Mike Bada, University of Colorado School of Medicine" id="SO_2017_06_11_Instance_65821" type="identity">
      <class id="SO:0001026" label="genome"/>
      <span end="23656" id="17590087-17346" start="23650">genome</span>
    </annotation>
    <annotation annotator="Mike Bada, University of Colorado School of Medicine" id="SO_2017_06_11_Instance_65823" type="identity">
      <class id="SO:0001415" label="deletion_breakpoint"/>
      <span end="23740" id="17590087-17348" start="23720">deletion breakpoints</span>
    </annotation>
    <annotation annotator="Mike Bada, University of Colorado School of Medicine" id="SO_2017_06_11_Instance_13637" type="identity">
      <class id="SO:0000028" label="base_pair"/>
      <span end="23798" id="17590087-17104" start="23796">bp</span>
    </annotation>
    <annotation annotator="Mike Bada, University of Colorado School of Medicine" id="SO_2017_06_11_Instance_65825" type="identity">
      <class id="SO:0000006" label="PCR_product"/>
      <span end="23810" id="17590087-17350" start="23799">PCR product</span>
    </annotation>
    <annotation annotator="Mike Bada, University of Colorado School of Medicine" id="SO_2017_06_11_Instance_24829" type="identity">
      <class id="SO:0001021" label="chromosome_breakpoint"/>
      <span end="23832" id="17590087-17171" start="23822">breakpoint</span>
    </annotation>
    <annotation annotator="Mike Bada, University of Colorado School of Medicine" id="SO_2017_06_11_Instance_65827" type="identity">
      <class id="SO:0000112" label="primer"/>
      <span end="23885" id="17590087-17352" start="23879">primer</span>
    </annotation>
    <annotation annotator="Mike Bada, University of Colorado School of Medicine" id="SO_2017_06_11_Instance_24831" type="identity">
      <class id="SO:0001021" label="chromosome_breakpoint"/>
      <span end="24037" id="17590087-17173" start="24027">breakpoint</span>
    </annotation>
    <annotation annotator="Mike Bada, University of Colorado School of Medicine" id="SO_2017_06_11_Instance_65847" type="identity">
      <class id="SO:0000147" label="exon"/>
      <span end="25353" id="17590087-17354" start="25349">Exon</span>
    </annotation>
    <annotation annotator="Mike Bada, University of Colorado School of Medicine" id="SO_2017_06_11_Instance_13639" type="identity">
      <class id="SO:0000028" label="base_pair"/>
      <span end="25518" id="17590087-17106" start="25516">bp</span>
    </annotation>
    <annotation annotator="Mike Bada, University of Colorado School of Medicine" id="SO_2017_06_11_Instance_13641" type="identity">
      <class id="SO:0000028" label="base_pair"/>
      <span end="25592" id="17590087-17108" start="25590">bp</span>
    </annotation>
    <annotation annotator="Mike Bada, University of Colorado School of Medicine" id="SO_2017_06_11_Instance_65855" type="identity">
      <class id="SO:0001023" label="allele"/>
      <span end="25865" id="17590087-17356" start="25859">allele</span>
    </annotation>
    <annotation annotator="Mike Bada, University of Colorado School of Medicine" id="SO_2017_06_11_Instance_65857" type="identity">
      <class id="SO:0000694" label="SNP"/>
      <span end="26052" id="17590087-17358" start="26049">SNP</span>
    </annotation>
    <annotation annotator="Mike Bada, University of Colorado School of Medicine" id="SO_2017_06_11_Instance_65859" type="identity">
      <class id="SO:0000694" label="SNP"/>
      <span end="26062" id="17590087-17360" start="26059">SNP</span>
    </annotation>
    <annotation annotator="Mike Bada, University of Colorado School of Medicine" id="SO_2017_06_11_Instance_65861" type="identity">
      <class id="SO:0001023" label="allele"/>
      <span end="26147" id="17590087-17362" start="26141">allele</span>
    </annotation>
    <annotation annotator="Mike Bada, University of Colorado School of Medicine" id="SO_2017_06_11_Instance_65863" type="identity">
      <class id="SO:0001023" label="allele"/>
      <span end="26212" id="17590087-17364" start="26205">alleles</span>
    </annotation>
    <annotation annotator="Mike Bada, University of Colorado School of Medicine" id="SO_2017_06_11_Instance_65865" type="identity">
      <class id="SO:0000694" label="SNP"/>
      <span end="26249" id="17590087-17366" start="26246">SNP</span>
    </annotation>
    <annotation annotator="Mike Bada, University of Colorado School of Medicine" id="SO_2017_06_11_Instance_65867" type="identity">
      <class id="SO:0000694" label="SNP"/>
      <span end="26287" id="17590087-17368" start="26283">SNPs</span>
    </annotation>
    <annotation annotator="Mike Bada, University of Colorado School of Medicine" id="SO_2017_06_11_Instance_65869" type="identity">
      <class id="SO:0001023" label="allele"/>
      <span end="26303" id="17590087-17370" start="26297">allele</span>
    </annotation>
    <annotation annotator="Mike Bada, University of Colorado School of Medicine" id="SO_2017_06_11_Instance_65871" type="identity">
      <class id="SO:0000694" label="SNP"/>
      <span end="26355" id="17590087-17372" start="26351">SNPs</span>
    </annotation>
    <annotation annotator="Mike Bada, University of Colorado School of Medicine" id="SO_2017_06_11_Instance_65873" type="identity">
      <class id="SO:0001023" label="allele"/>
      <span end="26371" id="17590087-17374" start="26365">allele</span>
    </annotation>
    <annotation annotator="Mike Bada, University of Colorado School of Medicine" id="SO_2017_06_11_Instance_65875" type="identity">
      <class id="SO:0001023" label="allele"/>
      <span end="26446" id="17590087-17376" start="26440">allele</span>
    </annotation>
    <annotation annotator="Mike Bada, University of Colorado School of Medicine" id="SO_2017_06_11_Instance_13693" type="identity">
      <class id="SO:0001026" label="genome"/>
      <span end="26664" id="17590087-17125" start="26657">genomic</span>
    </annotation>
    <annotation annotator="Mike Bada, University of Colorado School of Medicine" id="SO_2017_06_11_Instance_65889" type="identity">
      <class id="SO:0000006" label="PCR_product"/>
      <span end="27013" id="17590087-17378" start="27002">PCR product</span>
    </annotation>
    <annotation annotator="Mike Bada, University of Colorado School of Medicine" id="SO_2017_06_11_Instance_65891" type="identity">
      <class id="SO:0000112" label="primer"/>
      <span end="27037" id="17590087-17380" start="27030">primers</span>
    </annotation>
    <annotation annotator="Mike Bada, University of Colorado School of Medicine" id="SO_2017_06_11_Instance_13535" type="identity">
      <class id="SO:0001026" label="genome"/>
      <span end="27063" id="17590087-17068" start="27056">genomic</span>
    </annotation>
    <annotation annotator="Mike Bada, University of Colorado School of Medicine" id="SO_2017_06_11_Instance_65893" type="identity">
      <class id="SO:0001415" label="deletion_breakpoint"/>
      <span end="27145" id="17590087-17382" start="27126">deletion breakpoint</span>
    </annotation>
    <annotation annotator="Mike Bada, University of Colorado School of Medicine" id="SO_2017_06_11_Instance_13643" type="identity">
      <class id="SO:0000028" label="base_pair"/>
      <span end="27173" id="17590087-17110" start="27171">bp</span>
    </annotation>
    <annotation annotator="" id="SO_2017_06_11_Instance_224533" type="identity">
      <class id="SO:0000357" label="flanked"/>
      <span end="27224" id="17590087-17165" start="27216">flanking</span>
    </annotation>
    <annotation annotator="Mike Bada, University of Colorado School of Medicine" id="SO_2017_06_11_Instance_13645" type="identity">
      <class id="SO:0000028" label="base_pair"/>
      <span end="27388" id="17590087-17112" start="27386">bp</span>
    </annotation>
    <annotation annotator="Mike Bada, University of Colorado School of Medicine" id="SO_2017_06_11_Instance_13705" type="identity">
      <class id="SO:0000028" label="base_pair"/>
      <span end="27408" id="17590087-17127" start="27400">Basepair</span>
    </annotation>
    <annotation annotator="Mike Bada, University of Colorado School of Medicine" id="SO_2017_06_11_Instance_65907" type="identity">
      <class id="SO:0001026" label="genome"/>
      <span end="27443" id="17590087-17384" start="27437">genome</span>
    </annotation>
    <annotation annotator="Mike Bada, University of Colorado School of Medicine" id="SO_2017_06_11_Instance_65909" type="identity">
      <class id="SO:0000694" label="SNP"/>
      <span end="27830" id="17590087-17386" start="27827">SNP</span>
    </annotation>
    <annotation annotator="Mike Bada, University of Colorado School of Medicine" id="SO_2017_06_11_Instance_65911" type="identity">
      <class id="SO:0000694" label="SNP"/>
      <span end="27863" id="17590087-17388" start="27833">single nucleotide polymorphism</span>
    </annotation>
    <annotation annotator="Mike Bada, University of Colorado School of Medicine" id="SO_2017_06_11_Instance_13647" type="identity">
      <class id="SO:0000028" label="base_pair"/>
      <span end="28102" id="17590087-17114" start="28100">bp</span>
    </annotation>
    <annotation annotator="Mike Bada, University of Colorado School of Medicine" id="SO_2017_06_11_Instance_13649" type="identity">
      <class id="SO:0000028" label="base_pair"/>
      <span end="28159" id="17590087-17116" start="28157">bp</span>
    </annotation>
    <annotation annotator="Mike Bada, University of Colorado School of Medicine" id="SO_2017_06_11_Instance_65921" type="identity">
      <class id="SO:0001023" label="allele"/>
      <span end="29034" id="17590087-17390" start="29028">allele</span>
    </annotation>
    <annotation annotator="Mike Bada, University of Colorado School of Medicine" id="SO_2017_06_11_Instance_14341" type="identity">
      <class id="SO:0000105" label="chromosome_arm"/>
      <span end="29108" id="17590087-17135" start="29091">arm of Chromosome</span>
    </annotation>
    <annotation annotator="Mike Bada, University of Colorado School of Medicine" id="SO_2017_06_11_Instance_65925" type="identity">
      <class id="SO:0000694" label="SNP"/>
      <span end="29189" id="17590087-17392" start="29186">SNP</span>
    </annotation>
    <annotation annotator="Mike Bada, University of Colorado School of Medicine" id="SO_2017_06_11_Instance_65927" type="identity">
      <class id="SO:0000694" label="SNP"/>
      <span end="29199" id="17590087-17394" start="29196">SNP</span>
    </annotation>
    <annotation annotator="Mike Bada, University of Colorado School of Medicine" id="SO_2017_06_11_Instance_65929" type="identity">
      <class id="SO:0001023" label="allele"/>
      <span end="29284" id="17590087-17396" start="29278">allele</span>
    </annotation>
    <annotation annotator="Mike Bada, University of Colorado School of Medicine" id="SO_2017_06_11_Instance_65931" type="identity">
      <class id="SO:0001023" label="allele"/>
      <span end="29349" id="17590087-17398" start="29342">alleles</span>
    </annotation>
    <annotation annotator="Mike Bada, University of Colorado School of Medicine" id="SO_2017_06_11_Instance_65933" type="identity">
      <class id="SO:0000694" label="SNP"/>
      <span end="29386" id="17590087-17400" start="29383">SNP</span>
    </annotation>
    <annotation annotator="Mike Bada, University of Colorado School of Medicine" id="SO_2017_06_11_Instance_65935" type="identity">
      <class id="SO:0000694" label="SNP"/>
      <span end="29424" id="17590087-17402" start="29420">SNPs</span>
    </annotation>
    <annotation annotator="Mike Bada, University of Colorado School of Medicine" id="SO_2017_06_11_Instance_65937" type="identity">
      <class id="SO:0001023" label="allele"/>
      <span end="29440" id="17590087-17404" start="29434">allele</span>
    </annotation>
    <annotation annotator="Mike Bada, University of Colorado School of Medicine" id="SO_2017_06_11_Instance_65939" type="identity">
      <class id="SO:0000694" label="SNP"/>
      <span end="29492" id="17590087-17406" start="29488">SNPs</span>
    </annotation>
    <annotation annotator="Mike Bada, University of Colorado School of Medicine" id="SO_2017_06_11_Instance_65941" type="identity">
      <class id="SO:0001023" label="allele"/>
      <span end="29508" id="17590087-17408" start="29502">allele</span>
    </annotation>
    <annotation annotator="Mike Bada, University of Colorado School of Medicine" id="SO_2017_06_11_Instance_65943" type="identity">
      <class id="SO:0001023" label="allele"/>
      <span end="29583" id="17590087-17410" start="29577">allele</span>
    </annotation>
    <annotation annotator="Mike Bada, University of Colorado School of Medicine" id="SO_2017_06_11_Instance_13711" type="identity">
      <class id="SO:0001026" label="genome"/>
      <span end="29848" id="17590087-17129" start="29841">genomic</span>
    </annotation>
    <annotation annotator="Mike Bada, University of Colorado School of Medicine" id="SO_2017_06_11_Instance_65949" type="identity">
      <class id="SO:0000704" label="gene"/>
      <span end="29919" id="17590087-17412" start="29914">genes</span>
    </annotation>
    <annotation annotator="Mike Bada, University of Colorado School of Medicine" id="SO_2017_06_11_Instance_65957" type="identity">
      <class id="SO:0000112" label="primer"/>
      <span end="30324" id="17590087-17414" start="30318">primer</span>
    </annotation>
    <annotation annotator="Mike Bada, University of Colorado School of Medicine" id="SO_2017_06_11_Instance_65963" type="identity">
      <class id="SO:0000112" label="primer"/>
      <span end="30455" id="17590087-17416" start="30449">primer</span>
    </annotation>
    <annotation annotator="Mike Bada, University of Colorado School of Medicine" id="SO_2017_06_11_Instance_65967" type="identity">
      <class id="SO:0000112" label="primer"/>
      <span end="30565" id="17590087-17418" start="30559">primer</span>
    </annotation>
    <annotation annotator="Mike Bada, University of Colorado School of Medicine" id="SO_2017_06_11_Instance_65973" type="identity">
      <class id="SO:0000112" label="primer"/>
      <span end="30826" id="17590087-17420" start="30820">primer</span>
    </annotation>
    <annotation annotator="Mike Bada, University of Colorado School of Medicine" id="SO_2017_06_11_Instance_65975" type="identity">
      <class id="SO:0001415" label="deletion_breakpoint"/>
      <span end="30881" id="17590087-17422" start="30862">deletion breakpoint</span>
    </annotation>
    <annotation annotator="Mike Bada, University of Colorado School of Medicine" id="SO_2017_06_11_Instance_13651" type="identity">
      <class id="SO:0000028" label="base_pair"/>
      <span end="30950" id="17590087-17118" start="30948">bp</span>
    </annotation>
    <annotation annotator="Mike Bada, University of Colorado School of Medicine" id="SO_2017_06_11_Instance_65977" type="identity">
      <class id="SO:0000112" label="primer"/>
      <span end="31032" id="17590087-17424" start="31026">primer</span>
    </annotation>
    <graph-space id="Old Knowtator Relations"/>
  </document>
</knowtator-project>
