<?xml version="1.0" encoding="UTF-8" standalone="no"?>
<knowtator-project>
    <document id="17608565" text-file="17608565.txt">
        <annotation annotator="Mike Bada, University of Colorado School of Medicine" id="SO_2017_06_11_Instance_33311" type="identity">
            <class id="SO:0001060" label="sequence_variant"/>
            <span end="1148" id="17608565-17513" start="1140">isoforms</span>
        </annotation>
        <annotation annotator="Mike Bada, University of Colorado School of Medicine" id="SO_2017_06_11_Instance_36541" type="identity">
            <class id="SO:0001060" label="sequence_variant"/>
            <span end="1400" id="17608565-17515" start="1393">isoform</span>
        </annotation>
        <annotation annotator="Mike Bada, University of Colorado School of Medicine" id="SO_2017_06_11_Instance_65985" type="identity">
            <class id="SO:0000704" label="gene"/>
            <span end="4964" id="17608565-17549" start="4959">genes</span>
        </annotation>
        <annotation annotator="Mike Bada, University of Colorado School of Medicine" id="SO_2017_06_11_Instance_65989" type="identity">
            <class id="SO:0000704" label="gene"/>
            <span end="5344" id="17608565-17551" start="5339">genes</span>
        </annotation>
        <annotation annotator="Mike Bada, University of Colorado School of Medicine" id="SO_2017_06_11_Instance_13771" type="identity">
            <class id="SO:0005836" label="regulatory_region"/>
            <span end="6036" id="17608565-17448" start="6017">regulatory elements</span>
        </annotation>
        <annotation annotator="Mike Bada, University of Colorado School of Medicine" id="SO_2017_06_11_Instance_65995" type="identity">
            <class id="SO:0000704" label="gene"/>
            <span end="6745" id="17608565-17553" start="6741">gene</span>
        </annotation>
        <annotation annotator="Mike Bada, University of Colorado School of Medicine" id="SO_2017_06_11_Instance_37859" type="identity">
            <class id="SO:0001060" label="sequence_variant"/>
            <span end="7672" id="17608565-17517" start="7664">isoforms</span>
        </annotation>
        <annotation annotator="Mike Bada, University of Colorado School of Medicine" id="SO_2017_06_11_Instance_65997" type="identity">
            <class id="SO:0000167" label="promoter"/>
            <span end="7695" id="17608565-17555" start="7686">promoters</span>
        </annotation>
        <annotation annotator="Mike Bada, University of Colorado School of Medicine" id="SO_2017_06_11_Instance_65999" type="identity">
            <class id="SO:0000147" label="exon"/>
            <span end="7775" id="17608565-17557" start="7770">exons</span>
        </annotation>
        <annotation annotator="Mike Bada, University of Colorado School of Medicine" id="SO_2017_06_11_Instance_38177" type="identity">
            <class id="SO:0001060" label="sequence_variant"/>
            <span end="8233" id="17608565-17519" start="8225">isoforms</span>
        </annotation>
        <annotation annotator="Mike Bada, University of Colorado School of Medicine" id="SO_2017_06_11_Instance_38179" type="identity">
            <class id="SO:0001060" label="sequence_variant"/>
            <span end="8334" id="17608565-17521" start="8326">isoforms</span>
        </annotation>
        <annotation annotator="Mike Bada, University of Colorado School of Medicine" id="SO_2017_06_11_Instance_38181" type="identity">
            <class id="SO:0001060" label="sequence_variant"/>
            <span end="8562" id="17608565-17523" start="8554">isoforms</span>
        </annotation>
        <annotation annotator="Mike Bada, University of Colorado School of Medicine" id="SO_2017_06_11_Instance_40055" type="identity">
            <class id="SO:0001060" label="sequence_variant"/>
            <span end="10853" id="17608565-17537" start="10846">isoform</span>
        </annotation>
        <annotation annotator="Mike Bada, University of Colorado School of Medicine" id="SO_2017_06_11_Instance_40057" type="identity">
            <class id="SO:0001060" label="sequence_variant"/>
            <span end="11058" id="17608565-17539" start="11051">isoform</span>
        </annotation>
        <annotation annotator="Mike Bada, University of Colorado School of Medicine" id="SO_2017_06_11_Instance_66003" type="identity">
            <class id="SO:0000902" label="transgene"/>
            <span end="11437" id="17608565-17559" start="11428">transgene</span>
        </annotation>
        <annotation annotator="Mike Bada, University of Colorado School of Medicine" id="SO_2017_06_11_Instance_66005" type="identity">
            <class id="SO:0000359" label="floxed"/>
            <span end="11454" id="17608565-17561" start="11448">floxed</span>
        </annotation>
        <annotation annotator="Mike Bada, University of Colorado School of Medicine" id="SO_2017_06_11_Instance_66007" type="identity">
            <class id="SO:0000147" label="exon"/>
            <span end="11462" id="17608565-17563" start="11458">exon</span>
        </annotation>
        <annotation annotator="" id="SO_2017_06_11_Instance_224961" type="identity">
            <class id="SO:0000346" label="loxP_site"/>
            <span end="11522" id="17608565-17477" start="11518">loxP</span>
        </annotation>
        <annotation annotator="Mike Bada, University of Colorado School of Medicine" id="SO_2017_06_11_Instance_40783" type="identity">
            <class id="SO:0000346" label="loxP_site"/>
            <span end="11527" id="17608565-17547" start="11523">loxP</span>
        </annotation>
        <annotation annotator="Mike Bada, University of Colorado School of Medicine" id="SO_2017_06_11_Instance_66009" type="identity">
            <class id="SO:0000359" label="floxed"/>
            <span end="11630" id="17608565-17565" start="11624">floxed</span>
        </annotation>
        <annotation annotator="Mike Bada, University of Colorado School of Medicine" id="SO_2017_06_11_Instance_66011" type="identity">
            <class id="SO:0001023" label="allele"/>
            <span end="11642" id="17608565-17567" start="11636">allele</span>
        </annotation>
        <annotation annotator="" id="SO_2017_06_11_Instance_224963" type="identity">
            <class id="SO:0000346" label="loxP_site"/>
            <span end="11654" id="17608565-17479" start="11650">loxP</span>
        </annotation>
        <annotation annotator="Mike Bada, University of Colorado School of Medicine" id="SO_2017_06_11_Instance_10325" type="identity">
            <class id="SO:0000346" label="loxP_site"/>
            <span end="11659" id="17608565-17434" start="11655">loxP</span>
        </annotation>
        <annotation annotator="" id="SO_2017_06_11_Instance_224965" type="identity">
            <class id="SO:0000346" label="loxP_site"/>
            <span end="11678" id="17608565-17481" start="11674">loxP</span>
        </annotation>
        <annotation annotator="Mike Bada, University of Colorado School of Medicine" id="SO_2017_06_11_Instance_10327" type="identity">
            <class id="SO:0000346" label="loxP_site"/>
            <span end="11683" id="17608565-17436" start="11679">loxP</span>
        </annotation>
        <annotation annotator="" id="SO_2017_06_11_Instance_224967" type="identity">
            <class id="SO:0000346" label="loxP_site"/>
            <span end="11730" id="17608565-17483" start="11726">loxP</span>
        </annotation>
        <annotation annotator="Mike Bada, University of Colorado School of Medicine" id="SO_2017_06_11_Instance_12573" type="identity">
            <class id="SO:0000346" label="loxP_site"/>
            <span end="11735" id="17608565-17440" start="11731">loxP</span>
        </annotation>
        <annotation annotator="" id="SO_2017_06_11_Instance_224969" type="identity">
            <class id="SO:0000346" label="loxP_site"/>
            <span end="11882" id="17608565-17485" start="11878">loxP</span>
        </annotation>
        <annotation annotator="Mike Bada, University of Colorado School of Medicine" id="SO_2017_06_11_Instance_12575" type="identity">
            <class id="SO:0000346" label="loxP_site"/>
            <span end="11887" id="17608565-17442" start="11883">loxP</span>
        </annotation>
        <annotation annotator="Mike Bada, University of Colorado School of Medicine" id="SO_2017_06_11_Instance_66013" type="identity">
            <class id="SO:0001023" label="allele"/>
            <span end="12071" id="17608565-17569" start="12064">alleles</span>
        </annotation>
        <annotation annotator="Mike Bada, University of Colorado School of Medicine" id="SO_2017_06_11_Instance_66017" type="identity">
            <class id="SO:0001023" label="allele"/>
            <span end="13337" id="17608565-17571" start="13331">allele</span>
        </annotation>
        <annotation annotator="Mike Bada, University of Colorado School of Medicine" id="SO_2017_06_11_Instance_66025" type="identity">
            <class id="SO:0000704" label="gene"/>
            <span end="15832" id="17608565-17573" start="15827">genes</span>
        </annotation>
        <annotation annotator="Mike Bada, University of Colorado School of Medicine" id="SO_2017_06_11_Instance_66027" type="identity">
            <class id="SO:0000704" label="gene"/>
            <span end="17954" id="17608565-17575" start="17949">genes</span>
        </annotation>
        <annotation annotator="" id="SO_2017_06_11_Instance_224971" type="identity">
            <class id="SO:0000346" label="loxP_site"/>
            <span end="19830" id="17608565-17487" start="19826">loxP</span>
        </annotation>
        <annotation annotator="Mike Bada, University of Colorado School of Medicine" id="SO_2017_06_11_Instance_13763" type="identity">
            <class id="SO:0000346" label="loxP_site"/>
            <span end="19835" id="17608565-17444" start="19831">loxP</span>
        </annotation>
        <annotation annotator="" id="SO_2017_06_11_Instance_224973" type="identity">
            <class id="SO:0000346" label="loxP_site"/>
            <span end="19853" id="17608565-17489" start="19849">loxP</span>
        </annotation>
        <annotation annotator="Mike Bada, University of Colorado School of Medicine" id="SO_2017_06_11_Instance_13765" type="identity">
            <class id="SO:0000346" label="loxP_site"/>
            <span end="19858" id="17608565-17446" start="19854">loxP</span>
        </annotation>
        <annotation annotator="Mike Bada, University of Colorado School of Medicine" id="SO_2017_06_11_Instance_66031" type="identity">
            <class id="SO:0000902" label="transgene"/>
            <span end="25924" id="17608565-17577" start="25915">transgene</span>
        </annotation>
        <annotation annotator="" id="SO_2017_06_11_Instance_224975" type="identity">
            <class id="SO:0000346" label="loxP_site"/>
            <span end="26157" id="17608565-17491" start="26153">loxP</span>
        </annotation>
        <annotation annotator="Mike Bada, University of Colorado School of Medicine" id="SO_2017_06_11_Instance_13911" type="identity">
            <class id="SO:0000346" label="loxP_site"/>
            <span end="26162" id="17608565-17450" start="26158">loxP</span>
        </annotation>
        <annotation annotator="Mike Bada, University of Colorado School of Medicine" id="SO_2017_06_11_Instance_66039" type="identity">
            <class id="SO:0000704" label="gene"/>
            <span end="29886" id="17608565-17579" start="29881">genes</span>
        </annotation>
        <annotation annotator="" id="SO_2017_06_11_Instance_224977" type="identity">
            <class id="SO:0000346" label="loxP_site"/>
            <span end="34067" id="17608565-17493" start="34063">loxP</span>
        </annotation>
        <annotation annotator="Mike Bada, University of Colorado School of Medicine" id="SO_2017_06_11_Instance_13913" type="identity">
            <class id="SO:0000346" label="loxP_site"/>
            <span end="34072" id="17608565-17452" start="34068">loxP</span>
        </annotation>
        <annotation annotator="" id="SO_2017_06_11_Instance_224979" type="identity">
            <class id="SO:0000346" label="loxP_site"/>
            <span end="34541" id="17608565-17495" start="34537">loxP</span>
        </annotation>
        <annotation annotator="Mike Bada, University of Colorado School of Medicine" id="SO_2017_06_11_Instance_13915" type="identity">
            <class id="SO:0000346" label="loxP_site"/>
            <span end="34546" id="17608565-17454" start="34542">loxP</span>
        </annotation>
        <annotation annotator="Mike Bada, University of Colorado School of Medicine" id="SO_2017_06_11_Instance_38597" type="identity">
            <class id="SO:0001060" label="sequence_variant"/>
            <span end="36416" id="17608565-17525" start="36408">Isoforms</span>
        </annotation>
        <annotation annotator="Mike Bada, University of Colorado School of Medicine" id="SO_2017_06_11_Instance_38861" type="identity">
            <class id="SO:0001060" label="sequence_variant"/>
            <span end="36633" id="17608565-17527" start="36625">isoforms</span>
        </annotation>
        <annotation annotator="Mike Bada, University of Colorado School of Medicine" id="SO_2017_06_11_Instance_39507" type="identity">
            <class id="SO:0001060" label="sequence_variant"/>
            <span end="36694" id="17608565-17529" start="36686">isoforms</span>
        </annotation>
        <annotation annotator="Mike Bada, University of Colorado School of Medicine" id="SO_2017_06_11_Instance_39509" type="identity">
            <class id="SO:0001060" label="sequence_variant"/>
            <span end="36805" id="17608565-17531" start="36797">isoforms</span>
        </annotation>
        <annotation annotator="Mike Bada, University of Colorado School of Medicine" id="SO_2017_06_11_Instance_66051" type="identity">
            <class id="SO:0000147" label="exon"/>
            <span end="37186" id="17608565-17581" start="37182">exon</span>
        </annotation>
        <annotation annotator="Mike Bada, University of Colorado School of Medicine" id="SO_2017_06_11_Instance_39661" type="identity">
            <class id="SO:0001060" label="sequence_variant"/>
            <span end="38694" id="17608565-17533" start="38686">Isoforms</span>
        </annotation>
        <annotation annotator="Mike Bada, University of Colorado School of Medicine" id="SO_2017_06_11_Instance_40059" type="identity">
            <class id="SO:0001060" label="sequence_variant"/>
            <span end="39105" id="17608565-17541" start="39098">Isoform</span>
        </annotation>
        <annotation annotator="Mike Bada, University of Colorado School of Medicine" id="SO_2017_06_11_Instance_66055" type="identity">
            <class id="SO:0000359" label="floxed"/>
            <span end="39234" id="17608565-17583" start="39228">floxed</span>
        </annotation>
        <annotation annotator="Mike Bada, University of Colorado School of Medicine" id="SO_2017_06_11_Instance_66057" type="identity">
            <class id="SO:0000147" label="exon"/>
            <span end="39325" id="17608565-17585" start="39321">exon</span>
        </annotation>
        <annotation annotator="Mike Bada, University of Colorado School of Medicine" id="SO_2017_06_11_Instance_66059" type="identity">
            <class id="SO:0000188" label="intron"/>
            <span end="39347" id="17608565-17587" start="39341">intron</span>
        </annotation>
        <annotation annotator="Mike Bada, University of Colorado School of Medicine" id="SO_2017_06_11_Instance_66061" type="identity">
            <class id="SO:0000112" label="primer"/>
            <span end="39396" id="17608565-17589" start="39389">primers</span>
        </annotation>
        <annotation annotator="Mike Bada, University of Colorado School of Medicine" id="SO_2017_06_11_Instance_66065" type="identity">
            <class id="SO:0000112" label="primer"/>
            <span end="39538" id="17608565-17591" start="39531">primers</span>
        </annotation>
        <annotation annotator="Mike Bada, University of Colorado School of Medicine" id="SO_2017_06_11_Instance_66077" type="identity">
            <class id="SO:0000147" label="exon"/>
            <span end="39880" id="17608565-17593" start="39876">exon</span>
        </annotation>
        <annotation annotator="Mike Bada, University of Colorado School of Medicine" id="SO_2017_06_11_Instance_66079" type="identity">
            <class id="SO:0000704" label="gene"/>
            <span end="39927" id="17608565-17595" start="39922">genes</span>
        </annotation>
        <annotation annotator="" id="SO_2017_06_11_Instance_225556" type="identity">
            <class id="SO:0001528" label="nuclear_localization_signal"/>
            <span end="41163" id="17608565-17509" start="41136">nuclear localization signal</span>
        </annotation>
        <annotation annotator="Mike Bada, University of Colorado School of Medicine" id="SO_2017_06_11_Instance_40403" type="identity">
            <class id="SO:0001060" label="sequence_variant"/>
            <span end="41537" id="17608565-17543" start="41530">isoform</span>
        </annotation>
        <annotation annotator="Mike Bada, University of Colorado School of Medicine" id="SO_2017_06_11_Instance_66087" type="identity">
            <class id="SO:0001023" label="allele"/>
            <span end="41733" id="17608565-17597" start="41726">alleles</span>
        </annotation>
        <annotation annotator="Mike Bada, University of Colorado School of Medicine" id="SO_2017_06_11_Instance_14355" type="identity">
            <class id="SO:0000673" label="transcript"/>
            <span end="42044" id="17608565-17475" start="42037">message</span>
        </annotation>
        <annotation annotator="Mike Bada, University of Colorado School of Medicine" id="SO_2017_06_11_Instance_66089" type="identity">
            <class id="SO:0000704" label="gene"/>
            <span end="43944" id="17608565-17599" start="43939">genes</span>
        </annotation>
        <annotation annotator="Mike Bada, University of Colorado School of Medicine" id="SO_2017_06_11_Instance_66091" type="identity">
            <class id="SO:0000440" label="vector_replicon"/>
            <span end="44608" id="17608565-17601" start="44602">vector</span>
        </annotation>
        <annotation annotator="Mike Bada, University of Colorado School of Medicine" id="SO_2017_06_11_Instance_66093" type="identity">
            <class id="SO:0000704" label="gene"/>
            <span end="47972" id="17608565-17603" start="47967">genes</span>
        </annotation>
        <annotation annotator="Mike Bada, University of Colorado School of Medicine" id="SO_2017_06_11_Instance_40481" type="identity">
            <class id="SO:0001060" label="sequence_variant"/>
            <span end="48353" id="17608565-17545" start="48346">isoform</span>
        </annotation>
        <annotation annotator="Mike Bada, University of Colorado School of Medicine" id="SO_2017_06_11_Instance_10015" type="identity">
            <class id="SO:0001060" label="sequence_variant"/>
            <span end="48604" id="17608565-17430" start="48597">isoform</span>
        </annotation>
        <annotation annotator="Mike Bada, University of Colorado School of Medicine" id="SO_2017_06_11_Instance_10017" type="identity">
            <class id="SO:0001060" label="sequence_variant"/>
            <span end="48992" id="17608565-17432" start="48985">isoform</span>
        </annotation>
        <annotation annotator="Mike Bada, University of Colorado School of Medicine" id="SO_2017_06_11_Instance_40053" type="identity">
            <class id="SO:0001060" label="sequence_variant"/>
            <span end="49074" id="17608565-17535" start="49066">isoforms</span>
        </annotation>
        <annotation annotator="" id="SO_2017_06_11_Instance_225628" type="identity">
            <class id="SO:0001528" label="nuclear_localization_signal"/>
            <span end="49191" id="17608565-17511" start="49188">NLS</span>
        </annotation>
        <annotation annotator="Mike Bada, University of Colorado School of Medicine" id="SO_2017_06_11_Instance_13921" type="identity">
            <class id="SO:0000417" label="polypeptide_domain"/>
            <span end="49257" id="17608565-17456" start="49250">domains</span>
        </annotation>
        <annotation annotator="Mike Bada, University of Colorado School of Medicine" id="SO_2017_06_11_Instance_13927" type="identity">
            <class id="SO:0000417" label="polypeptide_domain"/>
            <span end="49706" id="17608565-17458" start="49700">domain</span>
        </annotation>
        <annotation annotator="Mike Bada, University of Colorado School of Medicine" id="SO_2017_06_11_Instance_13929" type="identity">
            <class id="SO:0000417" label="polypeptide_domain"/>
            <span end="49759" id="17608565-17460" start="49753">domain</span>
        </annotation>
        <annotation annotator="Mike Bada, University of Colorado School of Medicine" id="SO_2017_06_11_Instance_66099" type="identity">
            <class id="SO:0000704" label="gene"/>
            <span end="52256" id="17608565-17605" start="52252">gene</span>
        </annotation>
        <annotation annotator="Mike Bada, University of Colorado School of Medicine" id="SO_2017_06_11_Instance_66101" type="identity">
            <class id="SO:0000704" label="gene"/>
            <span end="52338" id="17608565-17607" start="52333">genes</span>
        </annotation>
        <annotation annotator="Mike Bada, University of Colorado School of Medicine" id="SO_2017_06_11_Instance_66103" type="identity">
            <class id="SO:0000704" label="gene"/>
            <span end="52640" id="17608565-17609" start="52635">genes</span>
        </annotation>
        <annotation annotator="" id="SO_2017_06_11_Instance_224981" type="identity">
            <class id="SO:0000346" label="loxP_site"/>
            <span end="54050" id="17608565-17497" start="54046">loxP</span>
        </annotation>
        <annotation annotator="Mike Bada, University of Colorado School of Medicine" id="SO_2017_06_11_Instance_13931" type="identity">
            <class id="SO:0000346" label="loxP_site"/>
            <span end="54055" id="17608565-17462" start="54051">loxP</span>
        </annotation>
        <annotation annotator="" id="SO_2017_06_11_Instance_224983" type="identity">
            <class id="SO:0000346" label="loxP_site"/>
            <span end="54109" id="17608565-17499" start="54105">loxP</span>
        </annotation>
        <annotation annotator="Mike Bada, University of Colorado School of Medicine" id="SO_2017_06_11_Instance_13933" type="identity">
            <class id="SO:0000346" label="loxP_site"/>
            <span end="54114" id="17608565-17464" start="54110">loxP</span>
        </annotation>
        <annotation annotator="Mike Bada, University of Colorado School of Medicine" id="SO_2017_06_11_Instance_66107" type="identity">
            <class id="SO:0000112" label="primer"/>
            <span end="54506" id="17608565-17611" start="54499">primers</span>
        </annotation>
        <annotation annotator="Mike Bada, University of Colorado School of Medicine" id="SO_2017_06_11_Instance_66109" type="identity">
            <class id="SO:0000112" label="primer"/>
            <span end="57834" id="17608565-17613" start="57827">primers</span>
        </annotation>
        <annotation annotator="Mike Bada, University of Colorado School of Medicine" id="SO_2017_06_11_Instance_13937" type="identity">
            <class id="SO:0000121" label="forward_primer"/>
            <span end="58265" id="17608565-17466" start="58258">forward</span>
            <span end="58284" id="17608565-17467" start="58278">primer</span>
        </annotation>
        <annotation annotator="Mike Bada, University of Colorado School of Medicine" id="SO_2017_06_11_Instance_66113" type="identity">
            <class id="SO:0000132" label="reverse_primer"/>
            <span end="58284" id="17608565-17615" start="58270">reverse primer</span>
        </annotation>
        <annotation annotator="Mike Bada, University of Colorado School of Medicine" id="SO_2017_06_11_Instance_66117" type="identity">
            <class id="SO:0000112" label="primer"/>
            <span end="58805" id="17608565-17617" start="58799">primer</span>
        </annotation>
        <annotation annotator="Mike Bada, University of Colorado School of Medicine" id="SO_2017_06_11_Instance_13939" type="identity">
            <class id="SO:0001026" label="genome"/>
            <span end="58855" id="17608565-17469" start="58848">genomic</span>
        </annotation>
        <annotation annotator="" id="SO_2017_06_11_Instance_224985" type="identity">
            <class id="SO:0000346" label="loxP_site"/>
            <span end="63914" id="17608565-17501" start="63910">loxP</span>
        </annotation>
        <annotation annotator="" id="SO_2017_06_11_Instance_224987" type="identity">
            <class id="SO:0000346" label="loxP_site"/>
            <span end="63919" id="17608565-17503" start="63915">loxP</span>
        </annotation>
        <annotation annotator="" id="SO_2017_06_11_Instance_224989" type="identity">
            <class id="SO:0000346" label="loxP_site"/>
            <span end="64621" id="17608565-17505" start="64617">loxP</span>
        </annotation>
        <annotation annotator="Mike Bada, University of Colorado School of Medicine" id="SO_2017_06_11_Instance_13941" type="identity">
            <class id="SO:0000346" label="loxP_site"/>
            <span end="64626" id="17608565-17471" start="64622">loxP</span>
        </annotation>
        <annotation annotator="" id="SO_2017_06_11_Instance_224991" type="identity">
            <class id="SO:0000346" label="loxP_site"/>
            <span end="65230" id="17608565-17507" start="65226">loxP</span>
        </annotation>
        <annotation annotator="Mike Bada, University of Colorado School of Medicine" id="SO_2017_06_11_Instance_13943" type="identity">
            <class id="SO:0000346" label="loxP_site"/>
            <span end="65235" id="17608565-17473" start="65231">loxP</span>
        </annotation>
        <annotation annotator="Mike Bada, University of Colorado School of Medicine" id="SO_2017_06_11_Instance_10329" type="identity">
            <class id="SO:0001060" label="sequence_variant"/>
            <span end="65429" id="17608565-17438" start="65422">Isoform</span>
        </annotation>
        <annotation annotator="Mike Bada, University of Colorado School of Medicine" id="SO_2017_06_11_Instance_66143" type="identity">
            <class id="SO:0000112" label="primer"/>
            <span end="66003" id="17608565-17619" start="65996">Primers</span>
        </annotation>
        <annotation annotator="Mike Bada, University of Colorado School of Medicine" id="SO_2017_06_11_Instance_66145" type="identity">
            <class id="SO:0000704" label="gene"/>
            <span end="66162" id="17608565-17621" start="66157">genes</span>
        </annotation>
        <annotation annotator="Mike Bada, University of Colorado School of Medicine" id="SO_2017_06_11_Instance_66147" type="identity">
            <class id="SO:0000704" label="gene"/>
            <span end="66171" id="17608565-17623" start="66167">gene</span>
        </annotation>
        <annotation annotator="Mike Bada, University of Colorado School of Medicine" id="SO_2017_06_11_Instance_66151" type="identity">
            <class id="SO:0000359" label="floxed"/>
            <span end="67697" id="17608565-17625" start="67691">floxed</span>
        </annotation>
        <graph-space id="Old Knowtator Relations"/>
    </document>
</knowtator-project>
