<?xml version="1.0" encoding="UTF-8" standalone="no"?>
<knowtator-project>
  <document id="17696610" text-file="17696610.txt">
    <annotation annotator="Mike Bada, University of Colorado School of Medicine" id="SO_2017_06_11_Instance_66555" type="identity">
      <class id="SO:0000855" label="orthologous_region"/>
      <span end="338" id="17696610-17670" start="330">ortholog</span>
    </annotation>
    <annotation annotator="Mike Bada, University of Colorado School of Medicine" id="SO_2017_06_11_Instance_66563" type="identity">
      <class id="SO:0000704" label="gene"/>
      <span end="1041" id="17696610-17672" start="1036">genes</span>
    </annotation>
    <annotation annotator="Mike Bada, University of Colorado School of Medicine" id="SO_2017_06_11_Instance_66567" type="identity">
      <class id="SO:0001026" label="genome"/>
      <span end="1696" id="17696610-17674" start="1690">genome</span>
    </annotation>
    <annotation annotator="Mike Bada, University of Colorado School of Medicine" id="SO_2017_06_11_Instance_14249" type="identity">
      <class id="SO:0000704" label="gene"/>
      <span end="1889" id="17696610-17633" start="1882">genetic</span>
    </annotation>
    <annotation annotator="Mike Bada, University of Colorado School of Medicine" id="SO_2017_06_11_Instance_66575" type="identity">
      <class id="SO:0000704" label="gene"/>
      <span end="2349" id="17696610-17676" start="2345">gene</span>
    </annotation>
    <annotation annotator="Mike Bada, University of Colorado School of Medicine" id="SO_2017_06_11_Instance_66579" type="identity">
      <class id="SO:0001026" label="genome"/>
      <span end="3001" id="17696610-17678" start="2995">genome</span>
    </annotation>
    <annotation annotator="Mike Bada, University of Colorado School of Medicine" id="SO_2017_06_11_Instance_16423" type="identity">
      <class id="SO:0000985" label="double"/>
      <span end="3308" id="17696610-17654" start="3295">double strand</span>
    </annotation>
    <annotation annotator="Mike Bada, University of Colorado School of Medicine" id="SO_2017_06_11_Instance_14251" type="identity">
      <class id="SO:0000704" label="gene"/>
      <span end="3343" id="17696610-17635" start="3332">genetically</span>
    </annotation>
    <annotation annotator="Mike Bada, University of Colorado School of Medicine" id="SO_2017_06_11_Instance_14253" type="identity">
      <class id="SO:0000704" label="gene"/>
      <span end="4360" id="17696610-17637" start="4353">Genetic</span>
    </annotation>
    <annotation annotator="Mike Bada, University of Colorado School of Medicine" id="SO_2017_06_11_Instance_66595" type="identity">
      <class id="SO:0000704" label="gene"/>
      <span end="5255" id="17696610-17680" start="5250">genes</span>
    </annotation>
    <annotation annotator="Mike Bada, University of Colorado School of Medicine" id="SO_2017_06_11_Instance_14261" type="identity">
      <class id="SO:0000704" label="gene"/>
      <span end="5756" id="17696610-17639" start="5749">genetic</span>
    </annotation>
    <annotation annotator="Mike Bada, University of Colorado School of Medicine" id="SO_2017_06_11_Instance_66597" type="identity">
      <class id="SO:0000855" label="orthologous_region"/>
      <span end="5989" id="17696610-17682" start="5980">orthologs</span>
    </annotation>
    <annotation annotator="Mike Bada, University of Colorado School of Medicine" id="SO_2017_06_11_Instance_66599" type="identity">
      <class id="SO:0000855" label="orthologous_region"/>
      <span end="6273" id="17696610-17684" start="6265">ortholog</span>
    </annotation>
    <annotation annotator="Mike Bada, University of Colorado School of Medicine" id="SO_2017_06_11_Instance_66601" type="identity">
      <class id="SO:0000855" label="orthologous_region"/>
      <span end="6573" id="17696610-17686" start="6565">Ortholog</span>
    </annotation>
    <annotation annotator="Mike Bada, University of Colorado School of Medicine" id="SO_2017_06_11_Instance_66603" type="identity">
      <class id="SO:0000855" label="orthologous_region"/>
      <span end="6645" id="17696610-17688" start="6637">ortholog</span>
    </annotation>
    <annotation annotator="Mike Bada, University of Colorado School of Medicine" id="SO_2017_06_11_Instance_18201" type="identity">
      <class id="SO:0000857" label="homologous"/>
      <span end="6765" id="17696610-17660" start="6757">homology</span>
    </annotation>
    <annotation annotator="Mike Bada, University of Colorado School of Medicine" id="SO_2017_06_11_Instance_66607" type="identity">
      <class id="SO:0000855" label="orthologous_region"/>
      <span end="6818" id="17696610-17690" start="6809">orthologs</span>
    </annotation>
    <annotation annotator="Mike Bada, University of Colorado School of Medicine" id="SO_2017_06_11_Instance_14399" type="identity">
      <class id="SO:0000857" label="homologous"/>
      <span end="6990" id="17696610-17647" start="6976">evolutionarily</span>
      <span end="7011" id="17696610-17648" start="7004">related</span>
    </annotation>
    <annotation annotator="Mike Bada, University of Colorado School of Medicine" id="SO_2017_06_11_Instance_66611" type="identity">
      <class id="SO:0000345" label="EST"/>
      <span end="7264" id="17696610-17692" start="7261">EST</span>
    </annotation>
    <annotation annotator="Mike Bada, University of Colorado School of Medicine" id="SO_2017_06_11_Instance_66613" type="identity">
      <class id="SO:0000855" label="orthologous_region"/>
      <span end="7426" id="17696610-17694" start="7418">Ortholog</span>
    </annotation>
    <annotation annotator="Mike Bada, University of Colorado School of Medicine" id="SO_2017_06_11_Instance_66615" type="identity">
      <class id="SO:0000855" label="orthologous_region"/>
      <span end="7529" id="17696610-17696" start="7520">orthologs</span>
    </annotation>
    <annotation annotator="Mike Bada, University of Colorado School of Medicine" id="SO_2017_06_11_Instance_14405" type="identity">
      <class id="SO:0000188" label="intron"/>
      <span end="8231" id="17696610-17650" start="8225">Intron</span>
    </annotation>
    <annotation annotator="Mike Bada, University of Colorado School of Medicine" id="SO_2017_06_11_Instance_14407" type="identity">
      <class id="SO:0000147" label="exon"/>
      <span end="8236" id="17696610-17652" start="8232">exon</span>
    </annotation>
    <annotation annotator="Mike Bada, University of Colorado School of Medicine" id="SO_2017_06_11_Instance_66623" type="identity">
      <class id="SO:0000366" label="insertion_site"/>
      <span end="8275" id="17696610-17698" start="8261">insertion site</span>
    </annotation>
    <annotation annotator="Mike Bada, University of Colorado School of Medicine" id="SO_2017_06_11_Instance_66625" type="identity">
      <class id="SO:0000704" label="gene"/>
      <span end="8283" id="17696610-17700" start="8279">gene</span>
    </annotation>
    <annotation annotator="Mike Bada, University of Colorado School of Medicine" id="SO_2017_06_11_Instance_66627" type="identity">
      <class id="SO:0000440" label="vector_replicon"/>
      <span end="8295" id="17696610-17702" start="8289">vector</span>
    </annotation>
    <annotation annotator="Mike Bada, University of Colorado School of Medicine" id="SO_2017_06_11_Instance_66629" type="identity">
      <class id="SO:0000366" label="insertion_site"/>
      <span end="8368" id="17696610-17704" start="8354">insertion site</span>
    </annotation>
    <annotation annotator="Mike Bada, University of Colorado School of Medicine" id="SO_2017_06_11_Instance_66631" type="identity">
      <class id="SO:0000704" label="gene"/>
      <span end="8425" id="17696610-17706" start="8421">gene</span>
    </annotation>
    <annotation annotator="Mike Bada, University of Colorado School of Medicine" id="SO_2017_06_11_Instance_66633" type="identity">
      <class id="SO:0000112" label="primer"/>
      <span end="8467" id="17696610-17708" start="8460">primers</span>
    </annotation>
    <annotation annotator="Mike Bada, University of Colorado School of Medicine" id="SO_2017_06_11_Instance_66635" type="identity">
      <class id="SO:0000147" label="exon"/>
      <span end="8508" id="17696610-17710" start="8503">exons</span>
    </annotation>
    <annotation annotator="Mike Bada, University of Colorado School of Medicine" id="SO_2017_06_11_Instance_66639" type="identity">
      <class id="SO:0000704" label="gene"/>
      <span end="9742" id="17696610-17712" start="9738">gene</span>
    </annotation>
    <annotation annotator="Mike Bada, University of Colorado School of Medicine" id="SO_2017_06_11_Instance_66641" type="identity">
      <class id="SO:0001023" label="allele"/>
      <span end="9764" id="17696610-17714" start="9758">allele</span>
    </annotation>
    <annotation annotator="Mike Bada, University of Colorado School of Medicine" id="SO_2017_06_11_Instance_66645" type="identity">
      <class id="SO:0000673" label="transcript"/>
      <span end="11263" id="17696610-17716" start="11252">transcripts</span>
    </annotation>
    <annotation annotator="Mike Bada, University of Colorado School of Medicine" id="SO_2017_06_11_Instance_66647" type="identity">
      <class id="SO:0000704" label="gene"/>
      <span end="11353" id="17696610-17718" start="11349">gene</span>
    </annotation>
    <annotation annotator="Mike Bada, University of Colorado School of Medicine" id="SO_2017_06_11_Instance_66649" type="identity">
      <class id="SO:0000147" label="exon"/>
      <span end="11469" id="17696610-17720" start="11465">exon</span>
    </annotation>
    <annotation annotator="Mike Bada, University of Colorado School of Medicine" id="SO_2017_06_11_Instance_66657" type="identity">
      <class id="SO:0001023" label="allele"/>
      <span end="11917" id="17696610-17722" start="11911">allele</span>
    </annotation>
    <annotation annotator="Mike Bada, University of Colorado School of Medicine" id="SO_2017_06_11_Instance_66669" type="identity">
      <class id="SO:0001023" label="allele"/>
      <span end="14926" id="17696610-17724" start="14920">allele</span>
    </annotation>
    <annotation annotator="Mike Bada, University of Colorado School of Medicine" id="SO_2017_06_11_Instance_66735" type="identity">
      <class id="SO:0000297" label="D_loop"/>
      <span end="21933" id="17696610-17726" start="21926">D-loops</span>
    </annotation>
    <annotation annotator="Mike Bada, University of Colorado School of Medicine" id="SO_2017_06_11_Instance_14315" type="identity">
      <class id="SO:0000704" label="gene"/>
      <span end="25709" id="17696610-17641" start="25698">genetically</span>
    </annotation>
    <annotation annotator="Mike Bada, University of Colorado School of Medicine" id="SO_2017_06_11_Instance_66773" type="identity">
      <class id="SO:0000704" label="gene"/>
      <span end="26882" id="17696610-17728" start="26878">gene</span>
    </annotation>
    <annotation annotator="Mike Bada, University of Colorado School of Medicine" id="SO_2017_06_11_Instance_66783" type="identity">
      <class id="SO:0001023" label="allele"/>
      <span end="28005" id="17696610-17730" start="27999">allele</span>
    </annotation>
    <annotation annotator="Mike Bada, University of Colorado School of Medicine" id="SO_2017_06_11_Instance_66791" type="identity">
      <class id="SO:0000853" label="homologous_region"/>
      <span end="29093" id="17696610-17732" start="29086">homolog</span>
    </annotation>
    <annotation annotator="Mike Bada, University of Colorado School of Medicine" id="SO_2017_06_11_Instance_14317" type="identity">
      <class id="SO:0000704" label="gene"/>
      <span end="30733" id="17696610-17643" start="30726">Genetic</span>
    </annotation>
    <annotation annotator="Mike Bada, University of Colorado School of Medicine" id="SO_2017_06_11_Instance_66797" type="identity">
      <class id="SO:0000704" label="gene"/>
      <span end="31046" id="17696610-17734" start="31041">genes</span>
    </annotation>
    <annotation annotator="Mike Bada, University of Colorado School of Medicine" id="SO_2017_06_11_Instance_66799" type="identity">
      <class id="SO:0000855" label="orthologous_region"/>
      <span end="31099" id="17696610-17736" start="31090">orthologs</span>
    </annotation>
    <annotation annotator="Mike Bada, University of Colorado School of Medicine" id="SO_2017_06_11_Instance_66801" type="identity">
      <class id="SO:0000855" label="orthologous_region"/>
      <span end="31144" id="17696610-17738" start="31136">ortholog</span>
    </annotation>
    <annotation annotator="Mike Bada, University of Colorado School of Medicine" id="SO_2017_06_11_Instance_66803" type="identity">
      <class id="SO:0000855" label="orthologous_region"/>
      <span end="31195" id="17696610-17740" start="31187">ortholog</span>
    </annotation>
    <annotation annotator="Mike Bada, University of Colorado School of Medicine" id="SO_2017_06_11_Instance_14321" type="identity">
      <class id="SO:0000417" label="polypeptide_domain"/>
      <span end="34223" id="17696610-17645" start="34216">domains</span>
    </annotation>
    <annotation annotator="Mike Bada, University of Colorado School of Medicine" id="SO_2017_06_11_Instance_66817" type="identity">
      <class id="SO:0000855" label="orthologous_region"/>
      <span end="36733" id="17696610-17742" start="36724">orthologs</span>
    </annotation>
    <annotation annotator="Mike Bada, University of Colorado School of Medicine" id="SO_2017_06_11_Instance_66821" type="identity">
      <class id="SO:0000853" label="homologous_region"/>
      <span end="38591" id="17696610-17744" start="38584">homolog</span>
    </annotation>
    <annotation annotator="Mike Bada, University of Colorado School of Medicine" id="SO_2017_06_11_Instance_66823" type="identity">
      <class id="SO:0001026" label="genome"/>
      <span end="38743" id="17696610-17746" start="38737">genome</span>
    </annotation>
    <annotation annotator="Mike Bada, University of Colorado School of Medicine" id="SO_2017_06_11_Instance_66825" type="identity">
      <class id="SO:0000704" label="gene"/>
      <span end="38921" id="17696610-17748" start="38916">genes</span>
    </annotation>
    <annotation annotator="Mike Bada, University of Colorado School of Medicine" id="SO_2017_06_11_Instance_66827" type="identity">
      <class id="SO:0000704" label="gene"/>
      <span end="38961" id="17696610-17750" start="38956">genes</span>
    </annotation>
    <annotation annotator="Mike Bada, University of Colorado School of Medicine" id="SO_2017_06_11_Instance_66829" type="identity">
      <class id="SO:0000855" label="orthologous_region"/>
      <span end="39120" id="17696610-17752" start="39111">orthologs</span>
    </annotation>
    <annotation annotator="Mike Bada, University of Colorado School of Medicine" id="SO_2017_06_11_Instance_66831" type="identity">
      <class id="SO:0000112" label="primer"/>
      <span end="39410" id="17696610-17754" start="39403">primers</span>
    </annotation>
    <annotation annotator="Mike Bada, University of Colorado School of Medicine" id="SO_2017_06_11_Instance_66833" type="identity">
      <class id="SO:0000112" label="primer"/>
      <span end="39504" id="17696610-17756" start="39497">primers</span>
    </annotation>
    <annotation annotator="Mike Bada, University of Colorado School of Medicine" id="SO_2017_06_11_Instance_66835" type="identity">
      <class id="SO:0000147" label="exon"/>
      <span end="39524" id="17696610-17758" start="39519">exons</span>
    </annotation>
    <annotation annotator="Mike Bada, University of Colorado School of Medicine" id="SO_2017_06_11_Instance_33425" type="identity">
      <class id="SO:0000028" label="base_pair"/>
      <span end="39568" id="17696610-17664" start="39566">bp</span>
    </annotation>
    <annotation annotator="Mike Bada, University of Colorado School of Medicine" id="SO_2017_06_11_Instance_66839" type="identity">
      <class id="SO:0000704" label="gene"/>
      <span end="39778" id="17696610-17760" start="39774">gene</span>
    </annotation>
    <annotation annotator="Mike Bada, University of Colorado School of Medicine" id="SO_2017_06_11_Instance_66843" type="identity">
      <class id="SO:0000704" label="gene"/>
      <span end="39878" id="17696610-17762" start="39874">gene</span>
    </annotation>
    <annotation annotator="Mike Bada, University of Colorado School of Medicine" id="SO_2017_06_11_Instance_66845" type="identity">
      <class id="SO:0000440" label="vector_replicon"/>
      <span end="39894" id="17696610-17764" start="39888">vector</span>
    </annotation>
    <annotation annotator="" id="SO_2017_06_11_Instance_171346" type="identity">
      <class id="SO:0001817" label="inframe"/>
      <span end="39964" id="17696610-17658" start="39956">in-frame</span>
    </annotation>
    <annotation annotator="Mike Bada, University of Colorado School of Medicine" id="SO_2017_06_11_Instance_66847" type="identity">
      <class id="SO:0000147" label="exon"/>
      <span end="39992" id="17696610-17766" start="39987">exons</span>
    </annotation>
    <annotation annotator="Mike Bada, University of Colorado School of Medicine" id="SO_2017_06_11_Instance_66849" type="identity">
      <class id="SO:0000704" label="gene"/>
      <span end="40012" id="17696610-17768" start="40008">gene</span>
    </annotation>
    <annotation annotator="Mike Bada, University of Colorado School of Medicine" id="SO_2017_06_11_Instance_66851" type="identity">
      <class id="SO:0000704" label="gene"/>
      <span end="40108" id="17696610-17770" start="40104">gene</span>
    </annotation>
    <annotation annotator="" id="SO_2017_06_11_Instance_222261" type="identity">
      <class id="SO:0001886" label="transcript_fusion"/>
      <span end="40150" id="17696610-17662" start="40133">fusion transcript</span>
    </annotation>
    <annotation annotator="Mike Bada, University of Colorado School of Medicine" id="SO_2017_06_11_Instance_66857" type="identity">
      <class id="SO:0000147" label="exon"/>
      <span end="40167" id="17696610-17772" start="40162">exons</span>
    </annotation>
    <annotation annotator="Mike Bada, University of Colorado School of Medicine" id="SO_2017_06_11_Instance_66859" type="identity">
      <class id="SO:0000366" label="insertion_site"/>
      <span end="40228" id="17696610-17774" start="40214">insertion site</span>
    </annotation>
    <annotation annotator="Mike Bada, University of Colorado School of Medicine" id="SO_2017_06_11_Instance_66861" type="identity">
      <class id="SO:0000188" label="intron"/>
      <span end="40242" id="17696610-17776" start="40236">intron</span>
    </annotation>
    <annotation annotator="Mike Bada, University of Colorado School of Medicine" id="SO_2017_06_11_Instance_66863" type="identity">
      <class id="SO:0000112" label="primer"/>
      <span end="40280" id="17696610-17778" start="40274">primer</span>
    </annotation>
    <annotation annotator="Mike Bada, University of Colorado School of Medicine" id="SO_2017_06_11_Instance_66865" type="identity">
      <class id="SO:0000704" label="gene"/>
      <span end="40296" id="17696610-17780" start="40292">gene</span>
    </annotation>
    <annotation annotator="Mike Bada, University of Colorado School of Medicine" id="SO_2017_06_11_Instance_66867" type="identity">
      <class id="SO:0000440" label="vector_replicon"/>
      <span end="40308" id="17696610-17782" start="40302">vector</span>
    </annotation>
    <annotation annotator="Mike Bada, University of Colorado School of Medicine" id="SO_2017_06_11_Instance_66869" type="identity">
      <class id="SO:0000112" label="primer"/>
      <span end="40330" id="17696610-17784" start="40324">primer</span>
    </annotation>
    <annotation annotator="Mike Bada, University of Colorado School of Medicine" id="SO_2017_06_11_Instance_66871" type="identity">
      <class id="SO:0000188" label="intron"/>
      <span end="40361" id="17696610-17786" start="40355">intron</span>
    </annotation>
    <annotation annotator="Mike Bada, University of Colorado School of Medicine" id="SO_2017_06_11_Instance_66873" type="identity">
      <class id="SO:0000704" label="gene"/>
      <span end="40403" id="17696610-17788" start="40399">gene</span>
    </annotation>
    <annotation annotator="Mike Bada, University of Colorado School of Medicine" id="SO_2017_06_11_Instance_66875" type="identity">
      <class id="SO:0000366" label="insertion_site"/>
      <span end="40488" id="17696610-17790" start="40474">insertion site</span>
    </annotation>
    <annotation annotator="Mike Bada, University of Colorado School of Medicine" id="SO_2017_06_11_Instance_40477" type="identity">
      <class id="SO:0000028" label="base_pair"/>
      <span end="40499" id="17696610-17666" start="40497">bp</span>
    </annotation>
    <annotation annotator="Mike Bada, University of Colorado School of Medicine" id="SO_2017_06_11_Instance_66877" type="identity">
      <class id="SO:0000188" label="intron"/>
      <span end="40511" id="17696610-17792" start="40505">intron</span>
    </annotation>
    <annotation annotator="Mike Bada, University of Colorado School of Medicine" id="SO_2017_06_11_Instance_66879" type="identity">
      <class id="SO:0000112" label="primer"/>
      <span end="40550" id="17696610-17794" start="40543">primers</span>
    </annotation>
    <annotation annotator="Mike Bada, University of Colorado School of Medicine" id="SO_2017_06_11_Instance_66883" type="identity">
      <class id="SO:0001023" label="allele"/>
      <span end="40604" id="17696610-17796" start="40597">alleles</span>
    </annotation>
    <annotation annotator="Mike Bada, University of Colorado School of Medicine" id="SO_2017_06_11_Instance_66885" type="identity">
      <class id="SO:0000112" label="primer"/>
      <span end="40622" id="17696610-17798" start="40616">primer</span>
    </annotation>
    <annotation annotator="Mike Bada, University of Colorado School of Medicine" id="SO_2017_06_11_Instance_66887" type="identity">
      <class id="SO:0000112" label="primer"/>
      <span end="40661" id="17696610-17800" start="40655">primer</span>
    </annotation>
    <annotation annotator="Mike Bada, University of Colorado School of Medicine" id="SO_2017_06_11_Instance_66889" type="identity">
      <class id="SO:0000112" label="primer"/>
      <span end="40716" id="17696610-17802" start="40710">primer</span>
    </annotation>
    <annotation annotator="Mike Bada, University of Colorado School of Medicine" id="SO_2017_06_11_Instance_66891" type="identity">
      <class id="SO:0000112" label="primer"/>
      <span end="40758" id="17696610-17804" start="40751">Primers</span>
    </annotation>
    <annotation annotator="Mike Bada, University of Colorado School of Medicine" id="SO_2017_06_11_Instance_66893" type="identity">
      <class id="SO:0000704" label="gene"/>
      <span end="40829" id="17696610-17806" start="40825">gene</span>
    </annotation>
    <annotation annotator="Mike Bada, University of Colorado School of Medicine" id="SO_2017_06_11_Instance_66897" type="identity">
      <class id="SO:0000188" label="intron"/>
      <span end="40862" id="17696610-17808" start="40856">intron</span>
    </annotation>
    <annotation annotator="Mike Bada, University of Colorado School of Medicine" id="SO_2017_06_11_Instance_66899" type="identity">
      <class id="SO:0000112" label="primer"/>
      <span end="40872" id="17696610-17810" start="40866">Primer</span>
    </annotation>
    <annotation annotator="Mike Bada, University of Colorado School of Medicine" id="SO_2017_06_11_Instance_66903" type="identity">
      <class id="SO:0000112" label="primer"/>
      <span end="40914" id="17696610-17812" start="40907">Primers</span>
    </annotation>
    <annotation annotator="Mike Bada, University of Colorado School of Medicine" id="SO_2017_06_11_Instance_40779" type="identity">
      <class id="SO:0000028" label="base_pair"/>
      <span end="40939" id="17696610-17668" start="40937">bp</span>
    </annotation>
    <annotation annotator="Mike Bada, University of Colorado School of Medicine" id="SO_2017_06_11_Instance_66907" type="identity">
      <class id="SO:0001023" label="allele"/>
      <span end="40968" id="17696610-17814" start="40962">allele</span>
    </annotation>
    <annotation annotator="Mike Bada, University of Colorado School of Medicine" id="SO_2017_06_11_Instance_66909" type="identity">
      <class id="SO:0000112" label="primer"/>
      <span end="40977" id="17696610-17816" start="40970">primers</span>
    </annotation>
    <annotation annotator="Mike Bada, University of Colorado School of Medicine" id="SO_2017_06_11_Instance_10009" type="identity">
      <class id="SO:0000028" label="base_pair"/>
      <span end="41002" id="17696610-17629" start="41000">bp</span>
    </annotation>
    <annotation annotator="Mike Bada, University of Colorado School of Medicine" id="SO_2017_06_11_Instance_66911" type="identity">
      <class id="SO:0001023" label="allele"/>
      <span end="41032" id="17696610-17818" start="41026">allele</span>
    </annotation>
    <annotation annotator="Mike Bada, University of Colorado School of Medicine" id="SO_2017_06_11_Instance_66915" type="identity">
      <class id="SO:0000010" label="protein_coding"/>
      <span end="41500" id="17696610-17820" start="41486">protein-coding</span>
    </annotation>
    <annotation annotator="Mike Bada, University of Colorado School of Medicine" id="SO_2017_06_11_Instance_66917" type="identity">
      <class id="SO:0000112" label="primer"/>
      <span end="41536" id="17696610-17822" start="41529">primers</span>
    </annotation>
    <annotation annotator="Mike Bada, University of Colorado School of Medicine" id="SO_2017_06_11_Instance_66919" type="identity">
      <class id="SO:0000112" label="primer"/>
      <span end="41714" id="17696610-17824" start="41707">primers</span>
    </annotation>
    <annotation annotator="Mike Bada, University of Colorado School of Medicine" id="SO_2017_06_11_Instance_66927" type="identity">
      <class id="SO:0000147" label="exon"/>
      <span end="42833" id="17696610-17826" start="42829">exon</span>
    </annotation>
    <annotation annotator="Mike Bada, University of Colorado School of Medicine" id="SO_2017_06_11_Instance_66935" type="identity">
      <class id="SO:0000855" label="orthologous_region"/>
      <span end="45818" id="17696610-17828" start="45809">orthologs</span>
    </annotation>
    <annotation annotator="Mike Bada, University of Colorado School of Medicine" id="SO_2017_06_11_Instance_66937" type="identity">
      <class id="SO:0000704" label="gene"/>
      <span end="45897" id="17696610-17830" start="45893">gene</span>
    </annotation>
    <annotation annotator="Mike Bada, University of Colorado School of Medicine" id="SO_2017_06_11_Instance_66939" type="identity">
      <class id="SO:0000855" label="orthologous_region"/>
      <span end="45944" id="17696610-17832" start="45935">orthologs</span>
    </annotation>
    <annotation annotator="Mike Bada, University of Colorado School of Medicine" id="SO_2017_06_11_Instance_12021" type="identity">
      <class id="SO:0000417" label="polypeptide_domain"/>
      <span end="46124" id="17696610-17631" start="46118">domain</span>
    </annotation>
    <annotation annotator="Mike Bada, University of Colorado School of Medicine" id="SO_2017_06_11_Instance_66945" type="identity">
      <class id="SO:0000730" label="gap"/>
      <span end="46319" id="17696610-17834" start="46315">gaps</span>
    </annotation>
    <annotation annotator="Mike Bada, University of Colorado School of Medicine" id="SO_2017_06_11_Instance_66949" type="identity">
      <class id="SO:0000855" label="orthologous_region"/>
      <span end="46539" id="17696610-17836" start="46530">Orthologs</span>
    </annotation>
    <annotation annotator="Mike Bada, University of Colorado School of Medicine" id="SO_2017_06_11_Instance_16425" type="identity">
      <class id="SO:0000985" label="double"/>
      <span end="47605" id="17696610-17656" start="47592">double strand</span>
    </annotation>
    <graph-space id="Old Knowtator Relations"/>
  </document>
</knowtator-project>
