<?xml version="1.0" encoding="UTF-8" standalone="no"?>
<knowtator-project>
    <document id="11532192" text-file="11532192.txt">
        <annotation annotator="Mike Bada, University of Colorado School of Medicine" id="SO_2017_06_11_Instance_41299" type="identity">
            <class id="SO_EXT:0000704" label="gene"/>
            <span end="35" id="11532192-140" start="24">genetically</span>
        </annotation>
        <annotation annotator="Mike Bada, University of Colorado School of Medicine" id="SO_2017_06_11_Instance_41301" type="identity">
            <class id="SO_EXT:0000704" label="gene"/>
            <span end="131" id="11532192-142" start="124">genetic</span>
        </annotation>
        <annotation annotator="Mike Bada, University of Colorado School of Medicine" id="SO_2017_06_11_Instance_41303" type="identity">
            <class id="SO_EXT:0000704" label="gene"/>
            <span end="270" id="11532192-144" start="259">genetically</span>
        </annotation>
        <annotation annotator="Mike Bada, University of Colorado School of Medicine" id="SO_2017_06_11_Instance_41305" type="identity">
            <class id="SO_EXT:0000704" label="gene"/>
            <span end="449" id="11532192-146" start="445">gene</span>
        </annotation>
        <annotation annotator="" id="SO_2017_06_11_Instance_120044" type="identity">
            <class id="SO_EXT:sequence_alteration_entity_or_process" label="sequence alteration entity or process"/>
            <span end="459" id="11532192-23" start="450">mutations</span>
        </annotation>
        <annotation annotator="" id="SO_2017_06_11_Instance_200003" type="identity">
            <class id="SO_EXT:sequence_nullness" label="sequence nullness"/>
            <span end="792" id="11532192-124" start="788">null</span>
        </annotation>
        <annotation annotator="Mike Bada, University of Colorado School of Medicine" id="SO_2017_06_11_Instance_41307" type="identity">
            <class id="SO_EXT:0001023" label="allele"/>
            <span end="799" id="11532192-148" start="793">allele</span>
        </annotation>
        <annotation annotator="Mike Bada, University of Colorado School of Medicine" id="SO_2017_06_11_Instance_41309" type="identity">
            <class id="SO_EXT:0000704" label="gene"/>
            <span end="833" id="11532192-150" start="829">gene</span>
        </annotation>
        <annotation annotator="" id="SO_2017_06_11_Instance_188722" type="identity">
            <class id="SO_EXT:sequence_alteration_entity_or_process" label="sequence alteration entity or process"/>
            <span end="894" id="11532192-113" start="886">mutation</span>
        </annotation>
        <annotation annotator="Mike Bada, University of Colorado School of Medicine" id="SO_2017_06_11_Instance_41311" type="identity">
            <class id="SO_EXT:0000704" label="gene"/>
            <span end="922" id="11532192-152" start="918">gene</span>
        </annotation>
        <annotation annotator="" id="SO_2017_06_11_Instance_120046" type="identity">
            <class id="SO_EXT:sequence_alteration_entity_or_process" label="sequence alteration entity or process"/>
            <span end="1048" id="11532192-25" start="1040">mutation</span>
        </annotation>
        <annotation annotator="Mike Bada, University of Colorado School of Medicine" id="SO_2017_06_11_Instance_41313" type="identity">
            <class id="SO_EXT:0000704" label="gene"/>
            <span end="1136" id="11532192-154" start="1125">Genetically</span>
        </annotation>
        <annotation annotator="Mike Bada, University of Colorado School of Medicine" id="SO_2017_06_11_Instance_41315" type="identity">
            <class id="SO_EXT:0000704" label="gene"/>
            <span end="1278" id="11532192-156" start="1271">genetic</span>
        </annotation>
        <annotation annotator="" id="SO_2017_06_11_Instance_120048" type="identity">
            <class id="SO_EXT:sequence_alteration_entity_or_process" label="sequence alteration entity or process"/>
            <span end="1479" id="11532192-27" start="1470">Mutations</span>
        </annotation>
        <annotation annotator="Mike Bada, University of Colorado School of Medicine" id="SO_2017_06_11_Instance_19309" type="identity">
            <class id="SO_EXT:0000704" label="gene"/>
            <span end="1518" id="11532192-122" start="1513">genes</span>
        </annotation>
        <annotation annotator="" id="SO_2017_06_11_Instance_224997" type="identity">
            <class id="OBI_SO_EXT:gene_or_genetic_investigation_or_genetic_process" label="genetic investigation or process"/>
            <span end="1665" id="11532192-132" start="1657">genetics</span>
        </annotation>
        <annotation annotator="Mike Bada, University of Colorado School of Medicine" id="SO_2017_06_11_Instance_41317" type="identity">
            <class id="SO_EXT:0000704" label="gene"/>
            <span end="2062" id="11532192-158" start="2055">genetic</span>
        </annotation>
        <annotation annotator="" id="SO_2017_06_11_Instance_120017" type="identity">
            <class id="GO_SO_EXT:chromosomal_part_or_position_or_region_or_site" label="chromosomal part/position/region/site"/>
            <span end="2151" id="11532192-11" start="2132">chromosomal regions</span>
        </annotation>
        <annotation annotator="Mike Bada, University of Colorado School of Medicine" id="SO_2017_06_11_Instance_41323" type="identity">
            <class id="SO_EXT:0000704" label="gene"/>
            <span end="2161" id="11532192-160" start="2156">genes</span>
        </annotation>
        <annotation annotator="Mike Bada, University of Colorado School of Medicine" id="SO_2017_06_11_Instance_41327" type="identity">
            <class id="SO_EXT:0000704" label="gene"/>
            <span end="2322" id="11532192-162" start="2317">genes</span>
        </annotation>
        <annotation annotator="" id="SO_2017_06_11_Instance_225418" type="identity">
            <class id="SO_EXT:biological_conservation_process_or_quality" label="biological conservation process or quality"/>
            <span end="2536" id="11532192-136" start="2524">conservation</span>
        </annotation>
        <annotation annotator="" id="SO_2017_06_11_Instance_224999" type="identity">
            <class id="OBI_SO_EXT:gene_or_genetic_investigation_or_genetic_process" label="genetic investigation or process"/>
            <span end="2601" id="11532192-134" start="2593">genetics</span>
        </annotation>
        <annotation annotator="Mike Bada, University of Colorado School of Medicine" id="SO_2017_06_11_Instance_41329" type="identity">
            <class id="SO_EXT:0000704" label="gene"/>
            <span end="2717" id="11532192-164" start="2712">genes</span>
        </annotation>
        <annotation annotator="Mike Bada, University of Colorado School of Medicine" id="SO_2017_06_11_Instance_41331" type="identity">
            <class id="SO_EXT:0001026" label="genome"/>
            <span end="2768" id="11532192-166" start="2762">genome</span>
        </annotation>
        <annotation annotator="Mike Bada, University of Colorado School of Medicine" id="SO_2017_06_11_Instance_41333" type="identity">
            <class id="SO_EXT:0000704" label="gene"/>
            <span end="2925" id="11532192-168" start="2920">genes</span>
        </annotation>
        <annotation annotator="Mike Bada, University of Colorado School of Medicine" id="SO_2017_06_11_Instance_41335" type="identity">
            <class id="SO_EXT:0000704" label="gene"/>
            <span end="4341" id="11532192-170" start="4330">genetically</span>
        </annotation>
        <annotation annotator="" id="SO_2017_06_11_Instance_120050" type="identity">
            <class id="SO_EXT:sequence_alteration_entity_or_process" label="sequence alteration entity or process"/>
            <span end="6935" id="11532192-29" start="6927">mutation</span>
        </annotation>
        <annotation annotator="Mike Bada, University of Colorado School of Medicine" id="SO_2017_06_11_Instance_41337" type="identity">
            <class id="SO_EXT:0000704" label="gene"/>
            <span end="7337" id="11532192-172" start="7330">genetic</span>
        </annotation>
        <annotation annotator="Mike Bada, University of Colorado School of Medicine" id="SO_2017_06_11_Instance_41339" type="identity">
            <class id="SO_EXT:0000704" label="gene"/>
            <span end="13293" id="11532192-174" start="13282">genetically</span>
        </annotation>
        <annotation annotator="Mike Bada, University of Colorado School of Medicine" id="SO_2017_06_11_Instance_41341" type="identity">
            <class id="SO_EXT:0001023" label="allele"/>
            <span end="16754" id="11532192-176" start="16747">alleles</span>
        </annotation>
        <annotation annotator="" id="SO_2017_06_11_Instance_120052" type="identity">
            <class id="SO_EXT:sequence_alteration_entity_or_process" label="sequence alteration entity or process"/>
            <span end="16808" id="11532192-31" start="16799">Mutations</span>
        </annotation>
        <annotation annotator="Mike Bada, University of Colorado School of Medicine" id="SO_2017_06_11_Instance_41343" type="identity">
            <class id="SO_EXT:0000704" label="gene"/>
            <span end="16829" id="11532192-178" start="16825">gene</span>
        </annotation>
        <annotation annotator="Mike Bada, University of Colorado School of Medicine" id="SO_2017_06_11_Instance_41345" type="identity">
            <class id="SO_EXT:0001023" label="allele"/>
            <span end="16882" id="11532192-180" start="16875">allelic</span>
        </annotation>
        <annotation annotator="" id="SO_2017_06_11_Instance_170606" type="identity">
            <class id="SO_EXT:sequence_variation_entity_or_quality" label="sequence variation entity or quality"/>
            <span end="16892" id="11532192-91" start="16883">variation</span>
        </annotation>
        <annotation annotator="Mike Bada, University of Colorado School of Medicine" id="SO_2017_06_11_Instance_41347" type="identity">
            <class id="SO_EXT:0000704" label="gene"/>
            <span end="16915" id="11532192-182" start="16911">gene</span>
        </annotation>
        <annotation annotator="Mike Bada, University of Colorado School of Medicine" id="SO_2017_06_11_Instance_41349" type="identity">
            <class id="SO_EXT:0000704" label="gene"/>
            <span end="16974" id="11532192-184" start="16970">gene</span>
        </annotation>
        <annotation annotator="Mike Bada, University of Colorado School of Medicine" id="SO_2017_06_11_Instance_41351" type="identity">
            <class id="SO_EXT:0001023" label="allele"/>
            <span end="17035" id="11532192-186" start="17028">alleles</span>
        </annotation>
        <annotation annotator="Mike Bada, University of Colorado School of Medicine" id="SO_2017_06_11_Instance_41353" type="identity">
            <class id="SO_EXT:0001023" label="allele"/>
            <span end="17073" id="11532192-188" start="17066">alleles</span>
        </annotation>
        <annotation annotator="" id="SO_2017_06_11_backup_Instance_18232" type="identity">
            <class id="CHEBI_SO_EXT:nucleotide" label="nucleotide"/>
            <span end="17093" id="11532192-5" start="17083">nucleotide</span>
        </annotation>
        <annotation annotator="" id="SO_2017_06_11_Instance_222283" type="identity">
            <class id="SO_EXT:sequence_insertion_entity_or_process" label="sequence insertion entity or process"/>
            <span end="17103" id="11532192-126" start="17094">insertion</span>
        </annotation>
        <annotation annotator="Mike Bada, University of Colorado School of Medicine" id="SO_2017_06_11_Instance_41355" type="identity">
            <class id="SO_EXT:0000167" label="promoter"/>
            <span end="17119" id="11532192-190" start="17111">promoter</span>
        </annotation>
        <annotation annotator="" id="SO_2017_06_11_Instance_120021" type="identity">
            <class id="SO_EXT:biological_sequence" label="biological sequence"/>
            <span end="17220" id="11532192-13" start="17212">sequence</span>
        </annotation>
        <annotation annotator="" id="SO_2017_06_11_Instance_222285" type="identity">
            <class id="SO_EXT:sequence_insertion_entity_or_process" label="sequence insertion entity or process"/>
            <span end="17248" id="11532192-128" start="17239">insertion</span>
        </annotation>
        <annotation annotator="Mike Bada, University of Colorado School of Medicine" id="SO_2017_06_11_Instance_41363" type="identity">
            <class id="SO_EXT:0001023" label="allele"/>
            <span end="17255" id="11532192-192" start="17249">allele</span>
        </annotation>
        <annotation annotator="Mike Bada, University of Colorado School of Medicine" id="SO_2017_06_11_Instance_41365" type="identity">
            <class id="SO_EXT:0001023" label="allele"/>
            <span end="17273" id="11532192-194" start="17267">allele</span>
        </annotation>
        <annotation annotator="" id="SO_2017_06_11_Instance_120028" type="identity">
            <class id="SO_EXT:biological_sequence" label="biological sequence"/>
            <span end="17313" id="11532192-15" start="17305">sequence</span>
        </annotation>
        <annotation annotator="" id="SO_2017_06_11_Instance_222287" type="identity">
            <class id="SO_EXT:sequence_insertion_entity_or_process" label="sequence insertion entity or process"/>
            <span end="17333" id="11532192-130" start="17324">insertion</span>
        </annotation>
        <annotation annotator="Mike Bada, University of Colorado School of Medicine" id="SO_2017_06_11_Instance_41371" type="identity">
            <class id="SO_EXT:0001023" label="allele"/>
            <span end="17340" id="11532192-196" start="17334">allele</span>
        </annotation>
        <annotation annotator="" id="SO_2017_06_11_Instance_120033" type="identity">
            <class id="SO_EXT:sequence_substitution_entity_or_process" label="sequence substitution entity or process"/>
            <span end="17384" id="11532192-17" start="17372">substitution</span>
        </annotation>
        <annotation annotator="Mike Bada, University of Colorado School of Medicine" id="SO_2017_06_11_Instance_41377" type="identity">
            <class id="SO_EXT:0000147" label="exon"/>
            <span end="17412" id="11532192-198" start="17408">exon</span>
        </annotation>
        <annotation annotator="" id="SO_2017_06_11_backup_Instance_16648" type="identity">
            <class id="CHEBI_SO_EXT:base" label="base"/>
            <span end="17444" id="11532192-3" start="17440">base</span>
        </annotation>
        <annotation annotator="" id="SO_2017_06_11_Instance_190042" type="identity">
            <class id="SO_EXT:sequence_alteration_entity_or_process" label="sequence alteration entity or process"/>
            <span end="17452" id="11532192-115" start="17445">changes</span>
        </annotation>
        <annotation annotator="Mike Bada, University of Colorado School of Medicine" id="SO_2017_06_11_Instance_41383" type="identity">
            <class id="SO_EXT:0000167" label="promoter"/>
            <span end="17468" id="11532192-200" start="17460">promoter</span>
        </annotation>
        <annotation annotator="Mike Bada, University of Colorado School of Medicine" id="SO_2017_06_11_Instance_41387" type="identity">
            <class id="SO_EXT:0001023" label="allele"/>
            <span end="17520" id="11532192-202" start="17514">allele</span>
        </annotation>
        <annotation annotator="Mike Bada, University of Colorado School of Medicine" id="SO_2017_06_11_Instance_41389" type="identity">
            <class id="SO_EXT:0001023" label="allele"/>
            <span end="17633" id="11532192-204" start="17626">alleles</span>
        </annotation>
        <annotation annotator="Mike Bada, University of Colorado School of Medicine" id="SO_2017_06_11_Instance_41391" type="identity">
            <class id="SO_EXT:0001023" label="allele"/>
            <span end="17695" id="11532192-206" start="17688">alleles</span>
        </annotation>
        <annotation annotator="Mike Bada, University of Colorado School of Medicine" id="SO_2017_06_11_Instance_41393" type="identity">
            <class id="SO_EXT:0001023" label="allele"/>
            <span end="17777" id="11532192-208" start="17771">allele</span>
        </annotation>
        <annotation annotator="Mike Bada, University of Colorado School of Medicine" id="SO_2017_06_11_Instance_41395" type="identity">
            <class id="SO_EXT:0000028" label="base_pair"/>
            <span end="17792" id="11532192-210" start="17790">bp</span>
        </annotation>
        <annotation annotator="" id="SO_2017_06_11_Instance_120035" type="identity">
            <class id="SO_EXT:sequence_insertion_entity_or_process" label="sequence insertion entity or process"/>
            <span end="17802" id="11532192-19" start="17793">insertion</span>
        </annotation>
        <annotation annotator="Mike Bada, University of Colorado School of Medicine" id="SO_2017_06_11_Instance_41399" type="identity">
            <class id="SO_EXT:0000167" label="promoter"/>
            <span end="17818" id="11532192-212" start="17810">promoter</span>
        </annotation>
        <annotation annotator="Mike Bada, University of Colorado School of Medicine" id="SO_2017_06_11_Instance_41403" type="identity">
            <class id="SO_EXT:0001023" label="allele"/>
            <span end="17886" id="11532192-214" start="17880">allele</span>
        </annotation>
        <annotation annotator="" id="SO_2017_06_11_Instance_120037" type="identity">
            <class id="SO_EXT:sequence_insertion_entity_or_process" label="sequence insertion entity or process"/>
            <span end="17909" id="11532192-21" start="17900">insertion</span>
        </annotation>
        <annotation annotator="Mike Bada, University of Colorado School of Medicine" id="SO_2017_06_11_Instance_41407" type="identity">
            <class id="SO_EXT:0000704" label="gene"/>
            <span end="17982" id="11532192-216" start="17975">Genetic</span>
        </annotation>
        <annotation annotator="" id="SO_2017_06_11_Instance_140021" type="identity">
            <class id="SO_EXT:sequence_alteration_entity_or_process" label="sequence alteration entity or process"/>
            <span end="17994" id="11532192-83" start="17983">alterations</span>
        </annotation>
        <annotation annotator="" id="SO_2017_06_11_Instance_120054" type="identity">
            <class id="GO_SO_EXT:chromosome" label="chromosome"/>
            <span end="18016" id="11532192-33" start="18006">Chromosome</span>
        </annotation>
        <annotation annotator="" id="SO_2017_06_11_Instance_120056" type="identity">
            <class id="GO_SO_EXT:chromosome" label="chromosome"/>
            <span end="18034" id="11532192-35" start="18024">chromosome</span>
        </annotation>
        <annotation annotator="" id="SO_2017_06_11_Instance_120058" type="identity">
            <class id="GO_SO_EXT:chromosome" label="chromosome"/>
            <span end="18145" id="11532192-37" start="18135">chromosome</span>
        </annotation>
        <annotation annotator="" id="SO_2017_06_11_Instance_120060" type="identity">
            <class id="GO_SO_EXT:chromosome" label="chromosome"/>
            <span end="18304" id="11532192-39" start="18294">chromosome</span>
        </annotation>
        <annotation annotator="Mike Bada, University of Colorado School of Medicine" id="SO_2017_06_11_Instance_41417" type="identity">
            <class id="SO_EXT:0000704" label="gene"/>
            <span end="18454" id="11532192-218" start="18447">genetic</span>
        </annotation>
        <annotation annotator="" id="SO_2017_06_11_Instance_140023" type="identity">
            <class id="SO_EXT:sequence_alteration_entity_or_process" label="sequence alteration entity or process"/>
            <span end="18466" id="11532192-85" start="18455">alterations</span>
        </annotation>
        <annotation annotator="" id="SO_2017_06_11_Instance_120062" type="identity">
            <class id="GO_SO_EXT:chromosome" label="chromosome"/>
            <span end="18623" id="11532192-41" start="18613">chromosome</span>
        </annotation>
        <annotation annotator="" id="SO_2017_06_11_Instance_120064" type="identity">
            <class id="GO_SO_EXT:chromosome" label="chromosome"/>
            <span end="18630" id="11532192-43" start="18627">Chr</span>
        </annotation>
        <annotation annotator="" id="SO_2017_06_11_Instance_120066" type="identity">
            <class id="GO_SO_EXT:chromosome" label="chromosome"/>
            <span end="18646" id="11532192-45" start="18643">Chr</span>
        </annotation>
        <annotation annotator="" id="SO_2017_06_11_Instance_120069" type="identity">
            <class id="SO_EXT:normal_or_wild_type_or_present" label="sequence wild-typeness, normalness or presence"/>
            <span end="18786" id="11532192-47" start="18785">+</span>
        </annotation>
        <annotation annotator="" id="SO_2017_06_11_Instance_184889" type="identity">
            <class id="SO_EXT:sequence_altered_entity_or_alteration_process" label="sequence-altered entity or alteration process"/>
            <span end="18797" id="11532192-99" start="18791">mutant</span>
        </annotation>
        <annotation annotator="" id="SO_2017_06_11_Instance_184891" type="identity">
            <class id="SO_EXT:sequence_altered_entity_or_alteration_process" label="sequence-altered entity or alteration process"/>
            <span end="18800" id="11532192-101" start="18799">n</span>
        </annotation>
        <annotation annotator="Mike Bada, University of Colorado School of Medicine" id="SO_2017_06_11_Instance_41425" type="identity">
            <class id="SO_EXT:0001023" label="allele"/>
            <span end="18809" id="11532192-220" start="18802">alleles</span>
        </annotation>
        <annotation annotator="" id="SO_2017_06_11_Instance_120075" type="identity">
            <class id="SO_EXT:sequence_alteration_entity_or_process" label="sequence alteration entity or process"/>
            <span end="18956" id="11532192-49" start="18948">mutation</span>
        </annotation>
        <annotation annotator="" id="SO_2017_06_11_Instance_171926" type="identity">
            <class id="SO_EXT:genotype_or_entity_with_genotype" label="genotype or entity with genotype"/>
            <span end="19395" id="11532192-93" start="19387">genotype</span>
        </annotation>
        <annotation annotator="" id="SO_2017_06_11_Instance_120077" type="identity">
            <class id="SO_EXT:normal_or_wild_type_or_present" label="sequence wild-typeness, normalness or presence"/>
            <span end="19436" id="11532192-51" start="19435">+</span>
        </annotation>
        <annotation annotator="Mike Bada, University of Colorado School of Medicine" id="SO_2017_06_11_Instance_41429" type="identity">
            <class id="SO_EXT:0000704" label="gene"/>
            <span end="19655" id="11532192-222" start="19644">genetically</span>
        </annotation>
        <annotation annotator="" id="SO_2017_06_11_Instance_184893" type="identity">
            <class id="SO_EXT:sequence_altered_entity_or_alteration_process" label="sequence-altered entity or alteration process"/>
            <span end="19689" id="11532192-103" start="19683">mutant</span>
        </annotation>
        <annotation annotator="Mike Bada, University of Colorado School of Medicine" id="SO_2017_06_11_Instance_41431" type="identity">
            <class id="SO_EXT:0001023" label="allele"/>
            <span end="19697" id="11532192-224" start="19690">alleles</span>
        </annotation>
        <annotation annotator="Mike Bada, University of Colorado School of Medicine" id="SO_2017_06_11_Instance_41433" type="identity">
            <class id="SO_EXT:0000704" label="gene"/>
            <span end="19714" id="11532192-226" start="19710">gene</span>
        </annotation>
        <annotation annotator="" id="SO_2017_06_11_Instance_184895" type="identity">
            <class id="SO_EXT:sequence_altered_entity_or_alteration_process" label="sequence-altered entity or alteration process"/>
            <span end="19780" id="11532192-105" start="19774">mutant</span>
        </annotation>
        <annotation annotator="Mike Bada, University of Colorado School of Medicine" id="SO_2017_06_11_Instance_41435" type="identity">
            <class id="SO_EXT:0000704" label="gene"/>
            <span end="19832" id="11532192-228" start="19825">genetic</span>
        </annotation>
        <annotation annotator="" id="SO_2017_06_11_Instance_190209" type="identity">
            <class id="SO_EXT:sequence_alteration_entity_or_process" label="sequence alteration entity or process"/>
            <span end="19846" id="11532192-117" start="19833">perturbations</span>
        </annotation>
        <annotation annotator="Mike Bada, University of Colorado School of Medicine" id="SO_2017_06_11_Instance_41437" type="identity">
            <class id="SO_EXT:0000704" label="gene"/>
            <span end="19932" id="11532192-230" start="19921">genetically</span>
        </annotation>
        <annotation annotator="" id="SO_2017_06_11_Instance_120083" type="identity">
            <class id="SO_EXT:sequence_alteration_entity_or_process" label="sequence alteration entity or process"/>
            <span end="20014" id="11532192-53" start="20006">mutation</span>
        </annotation>
        <annotation annotator="" id="SO_2017_06_11_Instance_185207" type="identity">
            <class id="SO_EXT:sequence_altered_entity" label="sequence-altered entity"/>
            <span end="20207" id="11532192-111" start="20200">mutants</span>
        </annotation>
        <annotation annotator="" id="SO_2017_06_11_Instance_184897" type="identity">
            <class id="SO_EXT:sequence_altered_entity_or_alteration_process" label="sequence-altered entity or alteration process"/>
            <span end="20475" id="11532192-107" start="20469">mutant</span>
        </annotation>
        <annotation annotator="Mike Bada, University of Colorado School of Medicine" id="SO_2017_06_11_Instance_41439" type="identity">
            <class id="SO_EXT:0001023" label="allele"/>
            <span end="20482" id="11532192-232" start="20476">allele</span>
        </annotation>
        <annotation annotator="Mike Bada, University of Colorado School of Medicine" id="SO_2017_06_11_Instance_41441" type="identity">
            <class id="SO_EXT:wild_type_entity_or_quality" label="wild-typeness or wild-type entity"/>
            <span end="20671" id="11532192-234" start="20662">wild type</span>
        </annotation>
        <annotation annotator="" id="SO_2017_06_11_Instance_120090" type="identity">
            <class id="SO_EXT:sequence_alteration_entity_or_process" label="sequence alteration entity or process"/>
            <span end="21048" id="11532192-55" start="21040">mutation</span>
        </annotation>
        <annotation annotator="" id="SO_2017_06_11_Instance_120092" type="identity">
            <class id="SO_EXT:sequence_alteration_entity_or_process" label="sequence alteration entity or process"/>
            <span end="21196" id="11532192-57" start="21188">mutation</span>
        </annotation>
        <annotation annotator="" id="SO_2017_06_11_Instance_120094" type="identity">
            <class id="SO_EXT:normal_or_wild_type_or_present" label="sequence wild-typeness, normalness or presence"/>
            <span end="21463" id="11532192-59" start="21462">+</span>
        </annotation>
        <annotation annotator="" id="SO_2017_06_11_Instance_120096" type="identity">
            <class id="SO_EXT:normal_or_wild_type_or_present" label="sequence wild-typeness, normalness or presence"/>
            <span end="21465" id="11532192-61" start="21464">+</span>
        </annotation>
        <annotation annotator="" id="SO_2017_06_11_Instance_120098" type="identity">
            <class id="SO_EXT:normal_or_wild_type_or_present" label="sequence wild-typeness, normalness or presence"/>
            <span end="21494" id="11532192-63" start="21493">+</span>
        </annotation>
        <annotation annotator="" id="SO_2017_06_11_Instance_120100" type="identity">
            <class id="SO_EXT:normal_or_wild_type_or_present" label="sequence wild-typeness, normalness or presence"/>
            <span end="21496" id="11532192-65" start="21495">+</span>
        </annotation>
        <annotation annotator="" id="SO_2017_06_11_Instance_120102" type="identity">
            <class id="SO_EXT:normal_or_wild_type_or_present" label="sequence wild-typeness, normalness or presence"/>
            <span end="21528" id="11532192-67" start="21527">+</span>
        </annotation>
        <annotation annotator="" id="SO_2017_06_11_Instance_120104" type="identity">
            <class id="SO_EXT:normal_or_wild_type_or_present" label="sequence wild-typeness, normalness or presence"/>
            <span end="21530" id="11532192-69" start="21529">+</span>
        </annotation>
        <annotation annotator="" id="SO_2017_06_11_Instance_171928" type="identity">
            <class id="SO_EXT:genotype_or_entity_with_genotype" label="genotype or entity with genotype"/>
            <span end="21579" id="11532192-95" start="21571">genotype</span>
        </annotation>
        <annotation annotator="Mike Bada, University of Colorado School of Medicine" id="SO_2017_06_11_Instance_41445" type="identity">
            <class id="SO_EXT:0000704" label="gene"/>
            <span end="21711" id="11532192-236" start="21704">genetic</span>
        </annotation>
        <annotation annotator="Mike Bada, University of Colorado School of Medicine" id="SO_2017_06_11_Instance_41447" type="identity">
            <class id="SO_EXT:0000704" label="gene"/>
            <span end="21763" id="11532192-238" start="21752">genetically</span>
        </annotation>
        <annotation annotator="Mike Bada, University of Colorado School of Medicine" id="SO_2017_06_11_Instance_41449" type="identity">
            <class id="SO_EXT:0000704" label="gene"/>
            <span end="21972" id="11532192-240" start="21965">genetic</span>
        </annotation>
        <annotation annotator="Mike Bada, University of Colorado School of Medicine" id="SO_2017_06_11_Instance_41451" type="identity">
            <class id="SO_EXT:0000704" label="gene"/>
            <span end="22001" id="11532192-242" start="21996">genes</span>
        </annotation>
        <annotation annotator="Mike Bada, University of Colorado School of Medicine" id="SO_2017_06_11_Instance_41453" type="identity">
            <class id="SO_EXT:0000771" label="QTL"/>
            <span end="22205" id="11532192-244" start="22181">quantitative trait locus</span>
        </annotation>
        <annotation annotator="Mike Bada, University of Colorado School of Medicine" id="SO_2017_06_11_Instance_41455" type="identity">
            <class id="SO_EXT:0000771" label="QTL"/>
            <span end="22210" id="11532192-246" start="22207">QTL</span>
        </annotation>
        <annotation annotator="" id="SO_2017_06_11_Instance_120108" type="identity">
            <class id="GO_SO_EXT:chromosomal_part_or_position_or_region_or_site" label="chromosomal part/position/region/site"/>
            <span end="22285" id="11532192-71" start="22266">chromosomal regions</span>
        </annotation>
        <annotation annotator="" id="SO_2017_06_11_Instance_70322" type="identity">
            <class id="SO_EXT:sequence_alteration_process" label="sequence alteration process"/>
            <span end="22489" id="11532192-288" start="22478">mutagenesis</span>
        </annotation>
        <annotation annotator="Mike Bada, University of Colorado School of Medicine" id="SO_2017_06_11_Instance_41461" type="identity">
            <class id="SO_EXT:0000704" label="gene"/>
            <span end="22580" id="11532192-248" start="22575">genes</span>
        </annotation>
        <annotation annotator="Mike Bada, University of Colorado School of Medicine" id="SO_2017_06_11_Instance_41463" type="identity">
            <class id="SO_EXT:0000704" label="gene"/>
            <span end="23401" id="11532192-250" start="23390">genetically</span>
        </annotation>
        <annotation annotator="Mike Bada, University of Colorado School of Medicine" id="SO_2017_06_11_Instance_41465" type="identity">
            <class id="SO_EXT:0000704" label="gene"/>
            <span end="26663" id="11532192-252" start="26652">genetically</span>
        </annotation>
        <annotation annotator="Mike Bada, University of Colorado School of Medicine" id="SO_2017_06_11_Instance_41467" type="identity">
            <class id="SO_EXT:0000704" label="gene"/>
            <span end="29084" id="11532192-254" start="29077">genetic</span>
        </annotation>
        <annotation annotator="" id="SO_2017_06_11_Instance_190211" type="identity">
            <class id="SO_EXT:sequence_alteration_entity_or_process" label="sequence alteration entity or process"/>
            <span end="29098" id="11532192-119" start="29085">perturbations</span>
        </annotation>
        <annotation annotator="Mike Bada, University of Colorado School of Medicine" id="SO_2017_06_11_Instance_41469" type="identity">
            <class id="SO_EXT:0000704" label="gene"/>
            <span end="29194" id="11532192-256" start="29183">genetically</span>
        </annotation>
        <annotation annotator="" id="SO_2017_06_11_Instance_120110" type="identity">
            <class id="SO_EXT:sequence_alteration_entity_or_process" label="sequence alteration entity or process"/>
            <span end="29289" id="11532192-73" start="29281">mutation</span>
        </annotation>
        <annotation annotator="" id="SO_2017_06_11_Instance_120112" type="identity">
            <class id="SO_EXT:sequence_alteration_entity_or_process" label="sequence alteration entity or process"/>
            <span end="30978" id="11532192-75" start="30970">mutation</span>
        </annotation>
        <annotation annotator="Mike Bada, University of Colorado School of Medicine" id="SO_2017_06_11_Instance_24729" type="identity">
            <class id="SO_EXT:0001060" label="sequence_variant"/>
            <span end="31849" id="11532192-138" start="31842">isoform</span>
        </annotation>
        <annotation annotator="Mike Bada, University of Colorado School of Medicine" id="SO_2017_06_11_Instance_41473" type="identity">
            <class id="SO_EXT:0000704" label="gene"/>
            <span end="31958" id="11532192-258" start="31951">genetic</span>
        </annotation>
        <annotation annotator="" id="SO_2017_06_11_Instance_120114" type="identity">
            <class id="SO_EXT:sequence_alteration_entity_or_process" label="sequence alteration entity or process"/>
            <span end="32011" id="11532192-77" start="32003">mutation</span>
        </annotation>
        <annotation annotator="Mike Bada, University of Colorado School of Medicine" id="SO_2017_06_11_Instance_41475" type="identity">
            <class id="SO_EXT:0000704" label="gene"/>
            <span end="32028" id="11532192-260" start="32024">gene</span>
        </annotation>
        <annotation annotator="" id="SO_2017_06_11_Instance_184899" type="identity">
            <class id="SO_EXT:sequence_altered_entity_or_alteration_process" label="sequence-altered entity or alteration process"/>
            <span end="32414" id="11532192-109" start="32408">mutant</span>
        </annotation>
        <annotation annotator="" id="SO_2017_06_11_Instance_150000" type="identity">
            <class id="CHEBI_GO_SO_EXT:enzyme" label="enzyme"/>
            <span end="32458" id="11532192-87" start="32451">enzymes</span>
        </annotation>
        <annotation annotator="" id="SO_2017_06_11_Instance_160002" type="identity">
            <class id="CHEBI_GO_SO_EXT:enzyme" label="enzyme"/>
            <span end="32643" id="11532192-89" start="32637">enzyme</span>
        </annotation>
        <annotation annotator="Mike Bada, University of Colorado School of Medicine" id="SO_2017_06_11_Instance_41477" type="identity">
            <class id="SO_EXT:0000704" label="gene"/>
            <span end="33059" id="11532192-262" start="33048">genetically</span>
        </annotation>
        <annotation annotator="" id="SO_2017_06_11_Instance_120118" type="identity">
            <class id="SO_EXT:sequence_alteration_entity_or_process" label="sequence alteration entity or process"/>
            <span end="33403" id="11532192-79" start="33394">mutations</span>
        </annotation>
        <annotation annotator="Mike Bada, University of Colorado School of Medicine" id="SO_2017_06_11_Instance_41479" type="identity">
            <class id="SO_EXT:0000704" label="gene"/>
            <span end="33598" id="11532192-264" start="33591">genetic</span>
        </annotation>
        <annotation annotator="Mike Bada, University of Colorado School of Medicine" id="SO_2017_06_11_Instance_41481" type="identity">
            <class id="SO_EXT:0000704" label="gene"/>
            <span end="34328" id="11532192-266" start="34317">Genetically</span>
        </annotation>
        <annotation annotator="Mike Bada, University of Colorado School of Medicine" id="SO_2017_06_11_Instance_41483" type="identity">
            <class id="SO_EXT:0000704" label="gene"/>
            <span end="34517" id="11532192-268" start="34510">genetic</span>
        </annotation>
        <annotation annotator="" id="SO_2017_06_11_Instance_171930" type="identity">
            <class id="SO_EXT:genotype_or_entity_with_genotype" label="genotype or entity with genotype"/>
            <span end="36482" id="11532192-97" start="36473">genotypes</span>
        </annotation>
        <annotation annotator="Mike Bada, University of Colorado School of Medicine" id="SO_2017_06_11_Instance_41487" type="identity">
            <class id="SO_EXT:0000147" label="exon"/>
            <span end="38900" id="11532192-270" start="38895">Exons</span>
        </annotation>
        <annotation annotator="" id="SO_2017_06_11_Instance_92543" type="identity">
            <class id="SO_EXT:0001668" label="proximal_promoter_element"/>
            <span end="38926" id="11532192-290" start="38909">proximal promoter</span>
        </annotation>
        <annotation annotator="Mike Bada, University of Colorado School of Medicine" id="SO_2017_06_11_Instance_41491" type="identity">
            <class id="SO_EXT:0000704" label="gene"/>
            <span end="38949" id="11532192-272" start="38945">gene</span>
        </annotation>
        <annotation annotator="" id="SO_2017_06_11_Instance_120471" type="identity">
            <class id="SO_EXT:genomic_DNA" label="genomic DNA"/>
            <span end="38987" id="11532192-81" start="38976">genomic DNA</span>
        </annotation>
        <annotation annotator="Mike Bada, University of Colorado School of Medicine" id="SO_2017_06_11_Instance_41495" type="identity">
            <class id="SO_EXT:0000112" label="primer"/>
            <span end="39031" id="11532192-274" start="39024">primers</span>
        </annotation>
        <annotation annotator="Mike Bada, University of Colorado School of Medicine" id="SO_2017_06_11_Instance_41497" type="identity">
            <class id="SO_EXT:0000147" label="exon"/>
            <span end="39038" id="11532192-276" start="39034">Exon</span>
        </annotation>
        <annotation annotator="Mike Bada, University of Colorado School of Medicine" id="SO_2017_06_11_Instance_41499" type="identity">
            <class id="SO_EXT:0000147" label="exon"/>
            <span end="39173" id="11532192-278" start="39169">Exon</span>
        </annotation>
        <annotation annotator="Mike Bada, University of Colorado School of Medicine" id="SO_2017_06_11_Instance_41501" type="identity">
            <class id="SO_EXT:0000147" label="exon"/>
            <span end="39245" id="11532192-280" start="39241">Exon</span>
        </annotation>
        <annotation annotator="Mike Bada, University of Colorado School of Medicine" id="SO_2017_06_11_Instance_41503" type="identity">
            <class id="SO_EXT:0000167" label="promoter"/>
            <span end="39385" id="11532192-282" start="39377">Promoter</span>
        </annotation>
        <annotation annotator="Mike Bada, University of Colorado School of Medicine" id="SO_2017_06_11_Instance_41505" type="identity">
            <class id="SO_EXT:0000006" label="PCR_product"/>
            <span end="39698" id="11532192-284" start="39686">PCR products</span>
        </annotation>
        <annotation annotator="" id="SO_2017_06_11_backup_Instance_30342" type="identity">
            <class id="GO_SO_EXT:chromosome" label="chromosome"/>
            <span end="39813" id="11532192-7" start="39803">chromosome</span>
        </annotation>
        <annotation annotator="" id="SO_2017_06_11_backup_Instance_30344" type="identity">
            <class id="GO_SO_EXT:chromosome" label="chromosome"/>
            <span end="39818" id="11532192-9" start="39815">Chr</span>
        </annotation>
        <annotation annotator="Mike Bada, University of Colorado School of Medicine" id="SO_2017_06_11_Instance_41511" type="identity">
            <class id="SO_EXT:0001023" label="allele"/>
            <span end="40120" id="11532192-286" start="40113">alleles</span>
        </annotation>
        <graph-space id="Old Knowtator Relations"/>
    </document>
</knowtator-project>
