<?xml version="1.0" encoding="UTF-8" standalone="no"?>
<knowtator-project>
  <document id="11597317" text-file="11597317.txt">
    <annotation annotator="" id="SO_2017_06_11_Instance_230012" type="identity">
      <class id="GO_SO_EXT:sequence_rearrangement_process" label="sequence rearrangement process"/>
      <span end="34" id="11597317-458" start="21">recombination</span>
    </annotation>
    <annotation annotator="Mike Bada, University of Colorado School of Medicine" id="SO_2017_06_11_Instance_41513" type="identity">
      <class id="SO_EXT:0000704" label="gene"/>
      <span end="146" id="11597317-540" start="142">gene</span>
    </annotation>
    <annotation annotator="" id="SO_2017_06_11_backup_Instance_18238" type="identity">
      <class id="CHEBI_SO_EXT:DNA" label="DNA"/>
      <span end="159" id="11597317-296" start="156">DNA</span>
    </annotation>
    <annotation annotator="Mike Bada, University of Colorado School of Medicine" id="SO_2017_06_11_Instance_23703" type="identity">
      <class id="SO_EXT:0000704" label="gene"/>
      <span end="198" id="11597317-526" start="191">genetic</span>
    </annotation>
    <annotation annotator="" id="SO_2017_06_11_Instance_230014" type="identity">
      <class id="GO_SO_EXT:sequence_rearrangement_process" label="sequence rearrangement process"/>
      <span end="277" id="11597317-460" start="262">recombinational</span>
    </annotation>
    <annotation annotator="" id="SO_2017_06_11_backup_Instance_18240" type="identity">
      <class id="CHEBI_SO_EXT:DNA" label="DNA"/>
      <span end="292" id="11597317-298" start="289">DNA</span>
    </annotation>
    <annotation annotator="" id="SO_2017_06_11_Instance_230016" type="identity">
      <class id="GO_SO_EXT:sequence_rearrangement_process" label="sequence rearrangement process"/>
      <span end="443" id="11597317-462" start="428">recombinational</span>
    </annotation>
    <annotation annotator="" id="SO_2017_06_11_Instance_230018" type="identity">
      <class id="GO_SO_EXT:sequence_rearrangement_process" label="sequence rearrangement process"/>
      <span end="494" id="11597317-464" start="481">recombination</span>
    </annotation>
    <annotation annotator="" id="SO_2017_06_11_Instance_230020" type="identity">
      <class id="GO_SO_EXT:sequence_rearrangement_process" label="sequence rearrangement process"/>
      <span end="815" id="11597317-466" start="802">recombination</span>
    </annotation>
    <annotation annotator="Mike Bada, University of Colorado School of Medicine" id="SO_2017_06_11_Instance_41517" type="identity">
      <class id="SO_EXT:0000704" label="gene"/>
      <span end="878" id="11597317-542" start="874">gene</span>
    </annotation>
    <annotation annotator="" id="SO_2017_06_11_Instance_120510" type="identity">
      <class id="SO_EXT:sequence_cloning_process" label="sequence cloning process"/>
      <span end="940" id="11597317-430" start="933">cloning</span>
    </annotation>
    <annotation annotator="" id="SO_2017_06_11_Instance_185061" type="identity">
      <class id="SO_EXT:sequence_altered_entity_or_alteration_process" label="sequence-altered entity or alteration process"/>
      <span end="1017" id="11597317-438" start="1011">mutant</span>
    </annotation>
    <annotation annotator="Mike Bada, University of Colorado School of Medicine" id="SO_2017_06_11_Instance_25425" type="identity">
      <class id="SO_EXT:0000704" label="gene"/>
      <span end="1072" id="11597317-534" start="1061">genetically</span>
    </annotation>
    <annotation annotator="" id="SO_2017_06_11_backup_Instance_30346" type="identity">
      <class id="GO_SO_EXT:chromosome" label="chromosome"/>
      <span end="1114" id="11597317-370" start="1103">chromosomal</span>
    </annotation>
    <annotation annotator="" id="SO_2017_06_11_Instance_120123" type="identity">
      <class id="GO_SO_EXT:sequence_rearrangement_entity_or_process" label="sequence rearrangement entity or process"/>
      <span end="1129" id="11597317-374" start="1115">rearrangements</span>
    </annotation>
    <annotation annotator="" id="SO_2017_06_11_Instance_120125" type="identity">
      <class id="SO_EXT:biological_sequence" label="biological sequence"/>
      <span end="1149" id="11597317-376" start="1141">sequence</span>
    </annotation>
    <annotation annotator="" id="SO_2017_06_11_backup_Instance_12026" type="identity">
      <class id="CHEBI_SO_EXT:amino_acid" label="amino acid"/>
      <span end="1189" id="11597317-294" start="1178">amino acids</span>
    </annotation>
    <annotation annotator="" id="SO_2017_06_11_Instance_170503" type="identity">
      <class id="SO_EXT:0000657" label="repeat_region"/>
      <span end="1274" id="11597317-432" start="1257">repeated segments</span>
    </annotation>
    <annotation annotator="" id="SO_2017_06_11_Instance_120128" type="identity">
      <class id="SO_EXT:sequence_repeat_unit_or_region" label="sequence repeat unit or region"/>
      <span end="1294" id="11597317-378" start="1287">repeats</span>
    </annotation>
    <annotation annotator="" id="SO_2017_06_11_Instance_225110" type="identity">
      <class id="SO_EXT:biological_conservation_process_or_quality" label="biological conservation process or quality"/>
      <span end="1350" id="11597317-456" start="1341">conserved</span>
    </annotation>
    <annotation annotator="Mike Bada, University of Colorado School of Medicine" id="SO_2017_06_11_Instance_25167" type="identity">
      <class id="SO_EXT:0000855" label="orthologous_region"/>
      <span end="1376" id="11597317-528" start="1367">orthologs</span>
    </annotation>
    <annotation annotator="Mike Bada, University of Colorado School of Medicine" id="SO_2017_06_11_Instance_41527" type="identity">
      <class id="SO_EXT:0000704" label="gene"/>
      <span end="1419" id="11597317-544" start="1414">genes</span>
    </annotation>
    <annotation annotator="" id="SO_2017_06_11_backup_Instance_18242" type="identity">
      <class id="CHEBI_SO_EXT:DNA" label="DNA"/>
      <span end="1427" id="11597317-300" start="1424">DNA</span>
    </annotation>
    <annotation annotator="" id="SO_2017_06_11_Instance_230022" type="identity">
      <class id="GO_SO_EXT:sequence_rearrangement_process" label="sequence rearrangement process"/>
      <span end="1682" id="11597317-468" start="1667">recombinational</span>
    </annotation>
    <annotation annotator="" id="SO_2017_06_11_backup_Instance_18244" type="identity">
      <class id="CHEBI_SO_EXT:DNA" label="DNA"/>
      <span end="1696" id="11597317-302" start="1693">DNA</span>
    </annotation>
    <annotation annotator="" id="SO_2017_06_11_Instance_120130" type="identity">
      <class id="CHEBI_SO_EXT:DNA" label="DNA"/>
      <span end="1792" id="11597317-380" start="1789">DNA</span>
    </annotation>
    <annotation annotator="" id="SO_2017_06_11_backup_Instance_18246" type="identity">
      <class id="CHEBI_SO_EXT:DNA" label="DNA"/>
      <span end="1890" id="11597317-304" start="1887">DNA</span>
    </annotation>
    <annotation annotator="" id="SO_2017_06_11_Instance_230024" type="identity">
      <class id="GO_SO_EXT:sequence_rearrangement_process" label="sequence rearrangement process"/>
      <span end="2080" id="11597317-470" start="2065">recombinational</span>
    </annotation>
    <annotation annotator="" id="SO_2017_06_11_Instance_120132" type="identity">
      <class id="SO_EXT:sequence_repeat_unit_or_region" label="sequence repeat unit or region"/>
      <span end="2352" id="11597317-382" start="2345">repeats</span>
    </annotation>
    <annotation annotator="" id="SO_2017_06_11_backup_Instance_18248" type="identity">
      <class id="CHEBI_SO_EXT:DNA" label="DNA"/>
      <span end="2610" id="11597317-306" start="2607">DNA</span>
    </annotation>
    <annotation annotator="Mike Bada, University of Colorado School of Medicine" id="SO_2017_06_11_Instance_25703" type="identity">
      <class id="SO_EXT:0000704" label="gene"/>
      <span end="2643" id="11597317-536" start="2636">genetic</span>
    </annotation>
    <annotation annotator="" id="SO_2017_06_11_Instance_230026" type="identity">
      <class id="GO_SO_EXT:sequence_rearrangement_process" label="sequence rearrangement process"/>
      <span end="2673" id="11597317-472" start="2660">recombination</span>
    </annotation>
    <annotation annotator="" id="SO_2017_06_11_Instance_172523" type="identity">
      <class id="SO_EXT:sequence_nullness_or_absence" label="sequence nullness or absence"/>
      <span end="2706" id="11597317-434" start="2705">-</span>
    </annotation>
    <annotation annotator="" id="SO_2017_06_11_Instance_172525" type="identity">
      <class id="SO_EXT:sequence_nullness_or_absence" label="sequence nullness or absence"/>
      <span end="2708" id="11597317-436" start="2707">-</span>
    </annotation>
    <annotation annotator="" id="SO_2017_06_11_Instance_230028" type="identity">
      <class id="GO_SO_EXT:sequence_rearrangement_process" label="sequence rearrangement process"/>
      <span end="2767" id="11597317-474" start="2752">recombinational</span>
    </annotation>
    <annotation annotator="" id="SO_2017_06_11_backup_Instance_18250" type="identity">
      <class id="CHEBI_SO_EXT:DNA" label="DNA"/>
      <span end="2916" id="11597317-308" start="2913">DNA</span>
    </annotation>
    <annotation annotator="" id="SO_2017_06_11_Instance_230030" type="identity">
      <class id="GO_SO_EXT:sequence_rearrangement_process" label="sequence rearrangement process"/>
      <span end="3074" id="11597317-476" start="3059">recombinational</span>
    </annotation>
    <annotation annotator="" id="SO_2017_06_11_Instance_230032" type="identity">
      <class id="GO_SO_EXT:sequence_rearrangement_process" label="sequence rearrangement process"/>
      <span end="3200" id="11597317-478" start="3187">recombination</span>
    </annotation>
    <annotation annotator="" id="SO_2017_06_11_Instance_230034" type="identity">
      <class id="GO_SO_EXT:sequence_rearrangement_process" label="sequence rearrangement process"/>
      <span end="3286" id="11597317-480" start="3273">recombination</span>
    </annotation>
    <annotation annotator="" id="SO_2017_06_11_Instance_230036" type="identity">
      <class id="GO_SO_EXT:sequence_rearrangement_process" label="sequence rearrangement process"/>
      <span end="3349" id="11597317-482" start="3336">recombination</span>
    </annotation>
    <annotation annotator="" id="SO_2017_06_11_backup_Instance_18252" type="identity">
      <class id="CHEBI_SO_EXT:DNA" label="DNA"/>
      <span end="3380" id="11597317-310" start="3377">DNA</span>
    </annotation>
    <annotation annotator="" id="SO_2017_06_11_Instance_70246" type="identity">
      <class id="SO_EXT:sequence_alteration_process" label="sequence alteration process"/>
      <span end="3417" id="11597317-570" start="3410">mutated</span>
    </annotation>
    <annotation annotator="Mike Bada, University of Colorado School of Medicine" id="SO_2017_06_11_Instance_41533" type="identity">
      <class id="SO_EXT:0000704" label="gene"/>
      <span end="3427" id="11597317-546" start="3422">genes</span>
    </annotation>
    <annotation annotator="" id="SO_2017_06_11_Instance_90891" type="identity">
      <class id="SO_EXT:sequence_coding_function" label="sequence coding function"/>
      <span end="3440" id="11597317-574" start="3433">encodes</span>
    </annotation>
    <annotation annotator="Mike Bada, University of Colorado School of Medicine" id="SO_2017_06_11_Instance_41535" type="identity">
      <class id="SO_EXT:0000061" label="restriction_enzyme_binding_site"/>
      <span end="3529" id="11597317-548" start="3513">restriction site</span>
    </annotation>
    <annotation annotator="Mike Bada, University of Colorado School of Medicine" id="SO_2017_06_11_Instance_41537" type="identity">
      <class id="SO_EXT:0000188" label="intron"/>
      <span end="3556" id="11597317-550" start="3550">intron</span>
    </annotation>
    <annotation annotator="" id="SO_2017_06_11_Instance_90893" type="identity">
      <class id="SO_EXT:sequence_coding_function" label="sequence coding function"/>
      <span end="3564" id="11597317-576" start="3557">encoded</span>
    </annotation>
    <annotation annotator="Mike Bada, University of Colorado School of Medicine" id="SO_2017_06_11_Instance_41539" type="identity">
      <class id="SO_EXT:0000028" label="base_pair"/>
      <span end="3598" id="11597317-552" start="3589">base pair</span>
    </annotation>
    <annotation annotator="Mike Bada, University of Colorado School of Medicine" id="SO_2017_06_11_Instance_41543" type="identity">
      <class id="SO_EXT:0000409" label="binding_site"/>
      <span end="3615" id="11597317-554" start="3599">recognition site</span>
    </annotation>
    <annotation annotator="Mike Bada, University of Colorado School of Medicine" id="SO_2017_06_11_Instance_41545" type="identity">
      <class id="SO_EXT:0000440" label="vector_replicon"/>
      <span end="3670" id="11597317-556" start="3664">vector</span>
    </annotation>
    <annotation annotator="" id="SO_2017_06_11_Instance_70248" type="identity">
      <class id="SO_EXT:sequence_alteration_process" label="sequence alteration process"/>
      <span end="3726" id="11597317-572" start="3719">mutated</span>
    </annotation>
    <annotation annotator="" id="SO_2017_06_11_Instance_221836" type="identity">
      <class id="SO_EXT:sequence_copy_entity" label="sequence copy entity"/>
      <span end="3731" id="11597317-446" start="3727">copy</span>
    </annotation>
    <annotation annotator="" id="SO_2017_06_11_backup_Instance_18254" type="identity">
      <class id="CHEBI_SO_EXT:DNA" label="DNA"/>
      <span end="3755" id="11597317-312" start="3752">DNA</span>
    </annotation>
    <annotation annotator="" id="SO_2017_06_11_Instance_120134" type="identity">
      <class id="SO_EXT:biological_sequence" label="biological sequence"/>
      <span end="3814" id="11597317-384" start="3806">sequence</span>
    </annotation>
    <annotation annotator="" id="SO_2017_06_11_Instance_185063" type="identity">
      <class id="SO_EXT:sequence_altered_entity_or_alteration_process" label="sequence-altered entity or alteration process"/>
      <span end="3835" id="11597317-440" start="3829">mutant</span>
    </annotation>
    <annotation annotator="" id="SO_2017_06_11_Instance_221838" type="identity">
      <class id="SO_EXT:sequence_copy_entity" label="sequence copy entity"/>
      <span end="3844" id="11597317-448" start="3840">copy</span>
    </annotation>
    <annotation annotator="Mike Bada, University of Colorado School of Medicine" id="SO_2017_06_11_Instance_41549" type="identity">
      <class id="SO_EXT:0000704" label="gene"/>
      <span end="3905" id="11597317-558" start="3901">gene</span>
    </annotation>
    <annotation annotator="" id="SO_2017_06_11_Instance_120141" type="identity">
      <class id="SO_EXT:engineered_biological_sequence" label="engineered biological sequence"/>
      <span end="3962" id="11597317-386" start="3953">construct</span>
    </annotation>
    <annotation annotator="" id="SO_2017_06_11_Instance_221840" type="identity">
      <class id="SO_EXT:sequence_copy_entity" label="sequence copy entity"/>
      <span end="4052" id="11597317-450" start="4048">copy</span>
    </annotation>
    <annotation annotator="" id="SO_2017_06_11_Instance_230038" type="identity">
      <class id="GO_SO_EXT:sequence_rearrangement_process" label="sequence rearrangement process"/>
      <span end="4230" id="11597317-484" start="4217">recombination</span>
    </annotation>
    <annotation annotator="" id="SO_2017_06_11_Instance_230040" type="identity">
      <class id="GO_SO_EXT:sequence_rearrangement_process" label="sequence rearrangement process"/>
      <span end="4392" id="11597317-486" start="4379">recombination</span>
    </annotation>
    <annotation annotator="" id="SO_2017_06_11_Instance_230042" type="identity">
      <class id="GO_SO_EXT:sequence_rearrangement_process" label="sequence rearrangement process"/>
      <span end="4489" id="11597317-488" start="4476">recombination</span>
    </annotation>
    <annotation annotator="" id="SO_2017_06_11_Instance_120144" type="identity">
      <class id="SO_EXT:sequence_deletion_entity_or_process" label="sequence deletion entity or process"/>
      <span end="4569" id="11597317-388" start="4561">deletion</span>
    </annotation>
    <annotation annotator="" id="SO_2017_06_11_Instance_90895" type="identity">
      <class id="SO_EXT:sequence_coding_function" label="sequence coding function"/>
      <span end="4603" id="11597317-578" start="4598">codes</span>
    </annotation>
    <annotation annotator="" id="SO_2017_06_11_Instance_120147" type="identity">
      <class id="SO_EXT:sequence_truncation_process" label="sequence truncation process"/>
      <span end="4627" id="11597317-390" start="4618">truncated</span>
    </annotation>
    <annotation annotator="" id="SO_2017_06_11_backup_Instance_18304" type="identity">
      <class id="CHEBI_SO_EXT:amino_acid" label="amino acid"/>
      <span end="4641" id="11597317-360" start="4631">amino acid</span>
    </annotation>
    <annotation annotator="" id="SO_2017_06_11_Instance_230044" type="identity">
      <class id="GO_SO_EXT:sequence_rearrangement_process" label="sequence rearrangement process"/>
      <span end="4736" id="11597317-490" start="4723">recombination</span>
    </annotation>
    <annotation annotator="" id="SO_2017_06_11_Instance_120149" type="identity">
      <class id="SO_EXT:normal_or_wild_type_or_present" label="sequence wild-typeness, normalness or presence"/>
      <span end="4804" id="11597317-392" start="4803">+</span>
    </annotation>
    <annotation annotator="Mike Bada, University of Colorado School of Medicine" id="SO_2017_06_11_Instance_25705" type="identity">
      <class id="SO_EXT:0000704" label="gene"/>
      <span end="4906" id="11597317-538" start="4895">genetically</span>
    </annotation>
    <annotation annotator="" id="SO_2017_06_11_Instance_230046" type="identity">
      <class id="GO_SO_EXT:sequence_rearrangement_process" label="sequence rearrangement process"/>
      <span end="5079" id="11597317-492" start="5064">recombinational</span>
    </annotation>
    <annotation annotator="" id="SO_2017_06_11_Instance_120151" type="identity">
      <class id="SO_EXT:sequence_alteration_entity_or_process" label="sequence alteration entity or process"/>
      <span end="5135" id="11597317-394" start="5126">mutations</span>
    </annotation>
    <annotation annotator="" id="SO_2017_06_11_Instance_230048" type="identity">
      <class id="GO_SO_EXT:sequence_rearrangement_process" label="sequence rearrangement process"/>
      <span end="5291" id="11597317-494" start="5276">recombinational</span>
    </annotation>
    <annotation annotator="" id="SO_2017_06_11_Instance_230050" type="identity">
      <class id="GO_SO_EXT:sequence_rearrangement_process" label="sequence rearrangement process"/>
      <span end="5421" id="11597317-496" start="5408">recombination</span>
    </annotation>
    <annotation annotator="" id="SO_2017_06_11_Instance_120153" type="identity">
      <class id="SO_EXT:sequence_truncation_process" label="sequence truncation process"/>
      <span end="5475" id="11597317-396" start="5466">truncated</span>
    </annotation>
    <annotation annotator="" id="SO_2017_06_11_Instance_230052" type="identity">
      <class id="GO_SO_EXT:sequence_rearrangement_process" label="sequence rearrangement process"/>
      <span end="5551" id="11597317-498" start="5538">recombination</span>
    </annotation>
    <annotation annotator="" id="SO_2017_06_11_Instance_110002" type="identity">
      <class id="SO_EXT:sequence_recombinant_entity" label="sequence-recombinant entity"/>
      <span end="5963" id="11597317-372" start="5951">recombinants</span>
    </annotation>
    <annotation annotator="" id="SO_2017_06_11_Instance_120171" type="identity">
      <class id="SO_EXT:sequence_truncation_process" label="sequence truncation process"/>
      <span end="6003" id="11597317-398" start="5994">truncated</span>
    </annotation>
    <annotation annotator="" id="SO_2017_06_11_Instance_120357" type="identity">
      <class id="SO_EXT:sequence_alteration_entity_or_process" label="sequence alteration entity or process"/>
      <span end="6242" id="11597317-406" start="6234">mutation</span>
    </annotation>
    <annotation annotator="" id="SO_2017_06_11_Instance_230054" type="identity">
      <class id="GO_SO_EXT:sequence_rearrangement_process" label="sequence rearrangement process"/>
      <span end="6288" id="11597317-500" start="6273">recombinational</span>
    </annotation>
    <annotation annotator="" id="SO_2017_06_11_Instance_230056" type="identity">
      <class id="GO_SO_EXT:sequence_rearrangement_process" label="sequence rearrangement process"/>
      <span end="6456" id="11597317-502" start="6443">recombination</span>
    </annotation>
    <annotation annotator="" id="SO_2017_06_11_Instance_120359" type="identity">
      <class id="SO_EXT:normal_or_wild_type_or_present" label="sequence wild-typeness, normalness or presence"/>
      <span end="6727" id="11597317-408" start="6726">+</span>
    </annotation>
    <annotation annotator="" id="SO_2017_06_11_Instance_120361" type="identity">
      <class id="SO_EXT:normal_or_wild_type_or_present" label="sequence wild-typeness, normalness or presence"/>
      <span end="6729" id="11597317-410" start="6728">+</span>
    </annotation>
    <annotation annotator="" id="SO_2017_06_11_Instance_210005" type="identity">
      <class id="SO_EXT:sequence_nullness" label="sequence nullness"/>
      <span end="6814" id="11597317-444" start="6810">null</span>
    </annotation>
    <annotation annotator="Mike Bada, University of Colorado School of Medicine" id="SO_2017_06_11_Instance_41561" type="identity">
      <class id="SO_EXT:0001023" label="allele"/>
      <span end="6821" id="11597317-560" start="6815">allele</span>
    </annotation>
    <annotation annotator="" id="SO_2017_06_11_Instance_230058" type="identity">
      <class id="GO_SO_EXT:sequence_rearrangement_process" label="sequence rearrangement process"/>
      <span end="6919" id="11597317-504" start="6906">recombination</span>
    </annotation>
    <annotation annotator="" id="SO_2017_06_11_Instance_230060" type="identity">
      <class id="GO_SO_EXT:sequence_rearrangement_process" label="sequence rearrangement process"/>
      <span end="7031" id="11597317-506" start="7016">recombinational</span>
    </annotation>
    <annotation annotator="" id="SO_2017_06_11_backup_Instance_18306" type="identity">
      <class id="CHEBI_SO_EXT:peptide_or_peptide_region" label="peptide or peptide region"/>
      <span end="7261" id="11597317-362" start="7254">peptide</span>
    </annotation>
    <annotation annotator="" id="SO_2017_06_11_Instance_120363" type="identity">
      <class id="SO_EXT:sequence_repeat_unit_or_region" label="sequence repeat unit or region"/>
      <span end="7304" id="11597317-412" start="7297">repeats</span>
    </annotation>
    <annotation annotator="" id="SO_2017_06_11_Instance_120365" type="identity">
      <class id="SO_EXT:sequence_repeat_unit_or_region" label="sequence repeat unit or region"/>
      <span end="7356" id="11597317-414" start="7350">repeat</span>
    </annotation>
    <annotation annotator="" id="SO_2017_06_11_backup_Instance_18256" type="identity">
      <class id="CHEBI_SO_EXT:DNA" label="DNA"/>
      <span end="7422" id="11597317-314" start="7419">DNA</span>
    </annotation>
    <annotation annotator="" id="SO_2017_06_11_Instance_120367" type="identity">
      <class id="SO_EXT:engineered_biological_sequence" label="engineered biological sequence"/>
      <span end="7506" id="11597317-416" start="7496">constructs</span>
    </annotation>
    <annotation annotator="" id="SO_2017_06_11_Instance_120369" type="identity">
      <class id="SO_EXT:sequence_repeat_unit_or_region" label="sequence repeat unit or region"/>
      <span end="7533" id="11597317-418" start="7527">repeat</span>
    </annotation>
    <annotation annotator="" id="SO_2017_06_11_Instance_120371" type="identity">
      <class id="SO_EXT:sequence_repeat_unit_or_region" label="sequence repeat unit or region"/>
      <span end="7877" id="11597317-420" start="7871">repeat</span>
    </annotation>
    <annotation annotator="" id="SO_2017_06_11_backup_Instance_18258" type="identity">
      <class id="CHEBI_SO_EXT:DNA" label="DNA"/>
      <span end="7882" id="11597317-316" start="7879">DNA</span>
    </annotation>
    <annotation annotator="" id="SO_2017_06_11_backup_Instance_18308" type="identity">
      <class id="CHEBI_SO_EXT:peptide_or_peptide_region" label="peptide or peptide region"/>
      <span end="7967" id="11597317-364" start="7960">peptide</span>
    </annotation>
    <annotation annotator="" id="SO_2017_06_11_backup_Instance_18260" type="identity">
      <class id="CHEBI_SO_EXT:DNA" label="DNA"/>
      <span end="8049" id="11597317-318" start="8046">DNA</span>
    </annotation>
    <annotation annotator="" id="SO_2017_06_11_backup_Instance_18310" type="identity">
      <class id="CHEBI_SO_EXT:peptide_or_peptide_region" label="peptide or peptide region"/>
      <span end="8065" id="11597317-366" start="8058">peptide</span>
    </annotation>
    <annotation annotator="" id="SO_2017_06_11_backup_Instance_18262" type="identity">
      <class id="CHEBI_SO_EXT:DNA" label="DNA"/>
      <span end="8108" id="11597317-320" start="8105">DNA</span>
    </annotation>
    <annotation annotator="" id="SO_2017_06_11_backup_Instance_18264" type="identity">
      <class id="CHEBI_SO_EXT:DNA" label="DNA"/>
      <span end="8257" id="11597317-322" start="8254">DNA</span>
    </annotation>
    <annotation annotator="" id="SO_2017_06_11_Instance_230062" type="identity">
      <class id="GO_SO_EXT:sequence_rearrangement_process" label="sequence rearrangement process"/>
      <span end="8454" id="11597317-508" start="8441">recombination</span>
    </annotation>
    <annotation annotator="" id="SO_2017_06_11_Instance_120173" type="identity">
      <class id="SO_EXT:sequence_truncation_process" label="sequence truncation process"/>
      <span end="8635" id="11597317-400" start="8626">truncated</span>
    </annotation>
    <annotation annotator="" id="SO_2017_06_11_Instance_120175" type="identity">
      <class id="SO_EXT:sequence_truncation_entity_or_process" label="sequence truncation entity or process"/>
      <span end="8756" id="11597317-402" start="8746">truncation</span>
    </annotation>
    <annotation annotator="" id="SO_2017_06_11_Instance_120373" type="identity">
      <class id="SO_EXT:0001528" label="nuclear_localization_signal"/>
      <span end="8800" id="11597317-422" start="8773">nuclear localization signal</span>
    </annotation>
    <annotation annotator="" id="SO_2017_06_11_Instance_230064" type="identity">
      <class id="GO_SO_EXT:sequence_rearrangement_process" label="sequence rearrangement process"/>
      <span end="9488" id="11597317-510" start="9475">recombination</span>
    </annotation>
    <annotation annotator="" id="SO_2017_06_11_backup_Instance_18266" type="identity">
      <class id="CHEBI_SO_EXT:single_stranded_DNA" label="single-stranded DNA"/>
      <span end="9997" id="11597317-324" start="9980">single-strand DNA</span>
    </annotation>
    <annotation annotator="" id="SO_2017_06_11_backup_Instance_18268" type="identity">
      <class id="CHEBI_SO_EXT:single_stranded_DNA" label="single-stranded DNA"/>
      <span end="10004" id="11597317-326" start="9999">ssDNA</span>
    </annotation>
    <annotation annotator="" id="SO_2017_06_11_backup_Instance_18270" type="identity">
      <class id="CHEBI_SO_EXT:double_stranded_DNA" label="double-stranded DNA"/>
      <span end="10028" id="11597317-328" start="10011">double-strand DNA</span>
    </annotation>
    <annotation annotator="" id="SO_2017_06_11_backup_Instance_18272" type="identity">
      <class id="CHEBI_SO_EXT:double_stranded_DNA" label="double-stranded DNA"/>
      <span end="10035" id="11597317-330" start="10030">dsDNA</span>
    </annotation>
    <annotation annotator="" id="SO_2017_06_11_backup_Instance_18274" type="identity">
      <class id="CHEBI_SO_EXT:double_stranded_DNA" label="double-stranded DNA"/>
      <span end="10144" id="11597317-332" start="10139">dsDNA</span>
    </annotation>
    <annotation annotator="" id="SO_2017_06_11_backup_Instance_18276" type="identity">
      <class id="CHEBI_SO_EXT:single_stranded_DNA" label="single-stranded DNA"/>
      <span end="10274" id="11597317-334" start="10269">ssDNA</span>
    </annotation>
    <annotation annotator="" id="SO_2017_06_11_backup_Instance_18278" type="identity">
      <class id="CHEBI_SO_EXT:single_stranded_DNA" label="single-stranded DNA"/>
      <span end="10363" id="11597317-336" start="10358">ssDNA</span>
    </annotation>
    <annotation annotator="" id="SO_2017_06_11_backup_Instance_18280" type="identity">
      <class id="CHEBI_SO_EXT:DNA" label="DNA"/>
      <span end="10391" id="11597317-338" start="10388">DNA</span>
    </annotation>
    <annotation annotator="" id="SO_2017_06_11_Instance_230066" type="identity">
      <class id="GO_SO_EXT:sequence_rearrangement_process" label="sequence rearrangement process"/>
      <span end="10463" id="11597317-512" start="10448">recombinational</span>
    </annotation>
    <annotation annotator="" id="SO_2017_06_11_backup_Instance_18312" type="identity">
      <class id="CHEBI_SO_EXT:peptide_or_peptide_region" label="peptide or peptide region"/>
      <span end="10726" id="11597317-368" start="10719">peptide</span>
    </annotation>
    <annotation annotator="" id="SO_2017_06_11_Instance_230068" type="identity">
      <class id="GO_SO_EXT:sequence_rearrangement_process" label="sequence rearrangement process"/>
      <span end="10942" id="11597317-514" start="10927">recombinational</span>
    </annotation>
    <annotation annotator="" id="SO_2017_06_11_backup_Instance_18282" type="identity">
      <class id="CHEBI_SO_EXT:DNA" label="DNA"/>
      <span end="11118" id="11597317-340" start="11115">DNA</span>
    </annotation>
    <annotation annotator="Mike Bada, University of Colorado School of Medicine" id="SO_2017_06_11_Instance_25235" type="identity">
      <class id="SO_EXT:0000854" label="paralogous_region"/>
      <span end="11160" id="11597317-530" start="11152">paralogs</span>
    </annotation>
    <annotation annotator="Mike Bada, University of Colorado School of Medicine" id="SO_2017_06_11_Instance_25237" type="identity">
      <class id="SO_EXT:0000854" label="paralogous_region"/>
      <span end="11338" id="11597317-532" start="11330">paralogs</span>
    </annotation>
    <annotation annotator="" id="SO_2017_06_11_Instance_230070" type="identity">
      <class id="GO_SO_EXT:sequence_rearrangement_process" label="sequence rearrangement process"/>
      <span end="11602" id="11597317-516" start="11589">recombination</span>
    </annotation>
    <annotation annotator="" id="SO_2017_06_11_backup_Instance_18284" type="identity">
      <class id="CHEBI_SO_EXT:DNA" label="DNA"/>
      <span end="11883" id="11597317-342" start="11880">DNA</span>
    </annotation>
    <annotation annotator="" id="SO_2017_06_11_Instance_230072" type="identity">
      <class id="GO_SO_EXT:sequence_rearrangement_process" label="sequence rearrangement process"/>
      <span end="12046" id="11597317-518" start="12031">recombinational</span>
    </annotation>
    <annotation annotator="" id="SO_2017_06_11_Instance_120375" type="identity">
      <class id="SO_EXT:0001528" label="nuclear_localization_signal"/>
      <span end="12247" id="11597317-424" start="12220">nuclear localization signal</span>
    </annotation>
    <annotation annotator="" id="SO_2017_06_11_Instance_120377" type="identity">
      <class id="SO_EXT:sequence_alteration_entity_or_process" label="sequence alteration entity or process"/>
      <span end="12335" id="11597317-426" start="12327">mutation</span>
    </annotation>
    <annotation annotator="" id="SO_2017_06_11_Instance_230074" type="identity">
      <class id="GO_SO_EXT:sequence_rearrangement_process" label="sequence rearrangement process"/>
      <span end="12544" id="11597317-520" start="12529">recombinational</span>
    </annotation>
    <annotation annotator="" id="SO_2017_06_11_backup_Instance_18286" type="identity">
      <class id="CHEBI_SO_EXT:double_stranded_DNA" label="double-stranded DNA"/>
      <span end="12748" id="11597317-344" start="12743">dsDNA</span>
    </annotation>
    <annotation annotator="" id="SO_2017_06_11_backup_Instance_18288" type="identity">
      <class id="CHEBI_SO_EXT:double_stranded_DNA" label="double-stranded DNA"/>
      <span end="12768" id="11597317-346" start="12751">double-strand DNA</span>
    </annotation>
    <annotation annotator="" id="SO_2017_06_11_backup_Instance_18290" type="identity">
      <class id="CHEBI_SO_EXT:single_stranded_DNA" label="single-stranded DNA"/>
      <span end="12829" id="11597317-348" start="12824">ssDNA</span>
    </annotation>
    <annotation annotator="" id="SO_2017_06_11_backup_Instance_18292" type="identity">
      <class id="CHEBI_SO_EXT:single_stranded_DNA" label="single-stranded DNA"/>
      <span end="12849" id="11597317-350" start="12832">single-strand DNA</span>
    </annotation>
    <annotation annotator="" id="SO_2017_06_11_Instance_230076" type="identity">
      <class id="GO_SO_EXT:sequence_rearrangement_process" label="sequence rearrangement process"/>
      <span end="12895" id="11597317-522" start="12882">Recombination</span>
    </annotation>
    <annotation annotator="" id="SO_2017_06_11_Instance_185065" type="identity">
      <class id="SO_EXT:sequence_altered_entity_or_alteration_process" label="sequence-altered entity or alteration process"/>
      <span end="12995" id="11597317-442" start="12989">mutant</span>
    </annotation>
    <annotation annotator="Mike Bada, University of Colorado School of Medicine" id="SO_2017_06_11_Instance_41579" type="identity">
      <class id="SO_EXT:0000704" label="gene"/>
      <span end="13086" id="11597317-562" start="13082">gene</span>
    </annotation>
    <annotation annotator="" id="SO_2017_06_11_Instance_120177" type="identity">
      <class id="SO_EXT:sequence_truncation_process" label="sequence truncation process"/>
      <span end="13118" id="11597317-404" start="13109">truncated</span>
    </annotation>
    <annotation annotator="" id="SO_2017_06_11_Instance_221842" type="identity">
      <class id="SO_EXT:sequence_copy_entity" label="sequence copy entity"/>
      <span end="13123" id="11597317-452" start="13119">copy</span>
    </annotation>
    <annotation annotator="" id="SO_2017_06_11_Instance_120381" type="identity">
      <class id="SO_EXT:biological_sequence" label="biological sequence"/>
      <span end="13142" id="11597317-428" start="13134">sequence</span>
    </annotation>
    <annotation annotator="" id="SO_2017_06_11_Instance_221844" type="identity">
      <class id="SO_EXT:sequence_copy_entity" label="sequence copy entity"/>
      <span end="13209" id="11597317-454" start="13205">copy</span>
    </annotation>
    <annotation annotator="Mike Bada, University of Colorado School of Medicine" id="SO_2017_06_11_Instance_41583" type="identity">
      <class id="SO_EXT:0000704" label="gene"/>
      <span end="13225" id="11597317-564" start="13221">gene</span>
    </annotation>
    <annotation annotator="Mike Bada, University of Colorado School of Medicine" id="SO_2017_06_11_Instance_41585" type="identity">
      <class id="SO_EXT:0000704" label="gene"/>
      <span end="13255" id="11597317-566" start="13251">gene</span>
    </annotation>
    <annotation annotator="" id="SO_2017_06_11_backup_Instance_18294" type="identity">
      <class id="CHEBI_SO_EXT:DNA" label="DNA"/>
      <span end="13405" id="11597317-352" start="13402">DNA</span>
    </annotation>
    <annotation annotator="Mike Bada, University of Colorado School of Medicine" id="SO_2017_06_11_Instance_41589" type="identity">
      <class id="SO_EXT:0000954" label="DNA_chromosome"/>
      <span end="13429" id="11597317-568" start="13414">Chromosomal DNA</span>
    </annotation>
    <annotation annotator="" id="SO_2017_06_11_backup_Instance_18298" type="identity">
      <class id="CHEBI_SO_EXT:DNA" label="DNA"/>
      <span end="13549" id="11597317-354" start="13546">DNA</span>
    </annotation>
    <annotation annotator="" id="SO_2017_06_11_backup_Instance_18300" type="identity">
      <class id="CHEBI_SO_EXT:DNA" label="DNA"/>
      <span end="13646" id="11597317-356" start="13643">DNA</span>
    </annotation>
    <annotation annotator="" id="SO_2017_06_11_backup_Instance_18302" type="identity">
      <class id="CHEBI_SO_EXT:DNA" label="DNA"/>
      <span end="14028" id="11597317-358" start="14025">DNA</span>
    </annotation>
    <annotation annotator="" id="SO_2017_06_11_Instance_230078" type="identity">
      <class id="GO_SO_EXT:sequence_rearrangement_process" label="sequence rearrangement process"/>
      <span end="14215" id="11597317-524" start="14200">recombinational</span>
    </annotation>
    <graph-space id="Old Knowtator Relations"/>
  </document>
</knowtator-project>
