<?xml version="1.0" encoding="UTF-8" standalone="no"?>
<knowtator-project>
  <document id="11897010" text-file="11897010.txt">
    <annotation annotator="" id="SO_2017_06_11_Instance_120536" type="identity">
      <class id="SO_EXT:sequence_cloning_process" label="sequence cloning process"/>
      <span end="7" id="11897010-739" start="0">Cloning</span>
    </annotation>
    <annotation annotator="Mike Bada, University of Colorado School of Medicine" id="SO_2017_06_11_Instance_41947" type="identity">
      <class id="SO_EXT:0000704" label="gene"/>
      <span end="53" id="11897010-1001" start="49">gene</span>
    </annotation>
    <annotation annotator="" id="SO_2017_06_11_Instance_130302" type="identity">
      <class id="SO_EXT:1001187" label="alternatively_spliced_transcript"/>
      <span end="97" id="11897010-824" start="65">alternatively spliced transcript</span>
    </annotation>
    <annotation annotator="Mike Bada, University of Colorado School of Medicine" id="SO_2017_06_11_Instance_41951" type="identity">
      <class id="SO_EXT:0000704" label="gene"/>
      <span end="313" id="11897010-1003" start="309">gene</span>
    </annotation>
    <annotation annotator="" id="SO_2017_06_11_Instance_120538" type="identity">
      <class id="SO_EXT:sequence_cloning_process" label="sequence cloning process"/>
      <span end="455" id="11897010-741" start="448">cloning</span>
    </annotation>
    <annotation annotator="Mike Bada, University of Colorado School of Medicine" id="SO_2017_06_11_Instance_25107" type="identity">
      <class id="SO_EXT:0000853" label="homologous_region"/>
      <span end="499" id="11897010-937" start="490">homologue</span>
    </annotation>
    <annotation annotator="" id="SO_2017_06_11_Instance_120552" type="identity">
      <class id="SO_EXT:alternative_splice_variant" label="alternative splice variant"/>
      <span end="542" id="11897010-748" start="528">splice variant</span>
    </annotation>
    <annotation annotator="Mike Bada, University of Colorado School of Medicine" id="SO_2017_06_11_Instance_41955" type="identity">
      <class id="SO_EXT:0000704" label="gene"/>
      <span end="606" id="11897010-1005" start="601">genes</span>
    </annotation>
    <annotation annotator="Mike Bada, University of Colorado School of Medicine" id="SO_2017_06_11_Instance_18051" type="identity">
      <class id="SO:0000860" label="syntenic"/>
      <span end="639" id="11897010-882" start="632">synteny</span>
    </annotation>
    <annotation annotator="" id="SO_2017_06_11_backup_Instance_18552" type="identity">
      <class id="CHEBI_SO_EXT:amino_acid" label="amino acid"/>
      <span end="668" id="11897010-668" start="658">amino acid</span>
    </annotation>
    <annotation annotator="" id="SO_2017_06_11_backup_Instance_18554" type="identity">
      <class id="CHEBI_SO_EXT:nucleotide" label="nucleotide"/>
      <span end="687" id="11897010-670" start="677">nucleotide</span>
    </annotation>
    <annotation annotator="" id="SO_2017_06_11_backup_Instance_30358" type="identity">
      <class id="GO_SO_EXT:chromosome" label="chromosome"/>
      <span end="739" id="11897010-727" start="729">chromosome</span>
    </annotation>
    <annotation annotator="Mike Bada, University of Colorado School of Medicine" id="SO_2017_06_11_Instance_41961" type="identity">
      <class id="SO_EXT:0000236" label="ORF"/>
      <span end="776" id="11897010-1007" start="758">open reading frame</span>
    </annotation>
    <annotation annotator="" id="SO_2017_06_11_backup_Instance_18556" type="identity">
      <class id="CHEBI_SO_EXT:amino_acid" label="amino acid"/>
      <span end="795" id="11897010-672" start="784">amino acids</span>
    </annotation>
    <annotation annotator="Mike Bada, University of Colorado School of Medicine" id="SO_2017_06_11_Instance_41965" type="identity">
      <class id="SO_EXT:0000673" label="transcript"/>
      <span end="814" id="11897010-1009" start="804">transcript</span>
    </annotation>
    <annotation annotator="" id="SO_2017_06_11_backup_Instance_10738" type="identity">
      <class id="CHEBI_SO_EXT:base" label="base"/>
      <span end="843" id="11897010-584" start="842">b</span>
    </annotation>
    <annotation annotator="" id="SO_2017_06_11_Instance_90911" type="identity">
      <class id="SO_EXT:sequence_coding_function" label="sequence coding function"/>
      <span end="851" id="11897010-1248" start="844">encoded</span>
    </annotation>
    <annotation annotator="Mike Bada, University of Colorado School of Medicine" id="SO_2017_06_11_Instance_41967" type="identity">
      <class id="SO_EXT:0000147" label="exon"/>
      <span end="863" id="11897010-1011" start="858">exons</span>
    </annotation>
    <annotation annotator="Mike Bada, University of Colorado School of Medicine" id="SO_2017_06_11_Instance_41969" type="identity">
      <class id="SO_EXT:0000673" label="transcript"/>
      <span end="913" id="11897010-1013" start="903">transcript</span>
    </annotation>
    <annotation annotator="" id="SO_2017_06_11_Instance_90913" type="identity">
      <class id="SO_EXT:sequence_coding_function" label="sequence coding function"/>
      <span end="976" id="11897010-1250" start="969">encodes</span>
    </annotation>
    <annotation annotator="" id="SO_2017_06_11_backup_Instance_18558" type="identity">
      <class id="CHEBI_SO_EXT:amino_acid" label="amino acid"/>
      <span end="993" id="11897010-674" start="983">amino acid</span>
    </annotation>
    <annotation annotator="" id="SO_2017_06_11_Instance_90326" type="identity">
      <class id="CHEBI_SO_EXT:C_terminus_or_C_terminal_region" label="C-terminus or C-terminal region"/>
      <span end="1032" id="11897010-1239" start="1022">c-terminus</span>
    </annotation>
    <annotation annotator="Mike Bada, University of Colorado School of Medicine" id="SO_2017_06_11_Instance_27177" type="identity">
      <class id="SO_EXT:0000417" label="polypeptide_domain"/>
      <span end="1123" id="11897010-965" start="1116">domains</span>
    </annotation>
    <annotation annotator="" id="SO_2017_06_11_Instance_120543" type="identity">
      <class id="SO_EXT:0001529" label="endosomal_localization_signal"/>
      <span end="1169" id="11897010-743" start="1160">endosomal</span>
      <span end="1196" id="11897010-744" start="1180">targeting signal</span>
    </annotation>
    <annotation annotator="" id="SO_2017_06_11_Instance_120545" type="identity">
      <class id="SO_EXT:0001530" label="lysosomal_localization_signal"/>
      <span end="1196" id="11897010-746" start="1170">lysosomal targeting signal</span>
    </annotation>
    <annotation annotator="" id="SO_2017_06_11_Instance_225130" type="identity">
      <class id="SO_EXT:biological_conservation_process_or_quality" label="biological conservation process or quality"/>
      <span end="1209" id="11897010-911" start="1200">conserved</span>
    </annotation>
    <annotation annotator="" id="SO_2017_06_11_Instance_120554" type="identity">
      <class id="SO_EXT:alternative_splice_variant" label="alternative splice variant"/>
      <span end="1374" id="11897010-750" start="1359">splice variants</span>
    </annotation>
    <annotation annotator="Mike Bada, University of Colorado School of Medicine" id="SO_2017_06_11_Instance_41981" type="identity">
      <class id="SO_EXT:0000673" label="transcript"/>
      <span end="1502" id="11897010-1015" start="1491">transcripts</span>
    </annotation>
    <annotation annotator="Mike Bada, University of Colorado School of Medicine" id="SO_2017_06_11_Instance_41983" type="identity">
      <class id="SO_EXT:0000704" label="gene"/>
      <span end="1567" id="11897010-1017" start="1563">gene</span>
    </annotation>
    <annotation annotator="Mike Bada, University of Colorado School of Medicine" id="SO_2017_06_11_Instance_41985" type="identity">
      <class id="SO_EXT:0000704" label="gene"/>
      <span end="2274" id="11897010-1019" start="2270">gene</span>
    </annotation>
    <annotation annotator="" id="SO_2017_06_11_Instance_120556" type="identity">
      <class id="SO_EXT:sequence_alteration_entity_or_process" label="sequence alteration entity or process"/>
      <span end="2458" id="11897010-752" start="2449">mutations</span>
    </annotation>
    <annotation annotator="Mike Bada, University of Colorado School of Medicine" id="SO_2017_06_11_Instance_41987" type="identity">
      <class id="SO_EXT:0000704" label="gene"/>
      <span end="2534" id="11897010-1021" start="2530">gene</span>
    </annotation>
    <annotation annotator="" id="SO_2017_06_11_backup_Instance_30360" type="identity">
      <class id="GO_SO_EXT:chromosome" label="chromosome"/>
      <span end="2580" id="11897010-729" start="2570">chromosome</span>
    </annotation>
    <annotation annotator="" id="SO_2017_06_11_Instance_90915" type="identity">
      <class id="SO_EXT:sequence_coding_function" label="sequence coding function"/>
      <span end="2605" id="11897010-1252" start="2598">encodes</span>
    </annotation>
    <annotation annotator="Mike Bada, University of Colorado School of Medicine" id="SO_2017_06_11_Instance_41991" type="identity">
      <class id="SO_EXT:0000704" label="gene"/>
      <span end="2700" id="11897010-1023" start="2696">gene</span>
    </annotation>
    <annotation annotator="" id="SO_2017_06_11_Instance_185211" type="identity">
      <class id="SO_EXT:sequence_altered_entity" label="sequence-altered entity"/>
      <span end="3018" id="11897010-889" start="3011">mutants</span>
    </annotation>
    <annotation annotator="Mike Bada, University of Colorado School of Medicine" id="SO_2017_06_11_Instance_25109" type="identity">
      <class id="SO_EXT:0000853" label="homologous_region"/>
      <span end="3053" id="11897010-939" start="3044">homologue</span>
    </annotation>
    <annotation annotator="Mike Bada, University of Colorado School of Medicine" id="SO_2017_06_11_Instance_41993" type="identity">
      <class id="SO_EXT:0000704" label="gene"/>
      <span end="3227" id="11897010-1025" start="3223">gene</span>
    </annotation>
    <annotation annotator="" id="SO_2017_06_11_Instance_120560" type="identity">
      <class id="SO_EXT:sequence_cloning_process" label="sequence cloning process"/>
      <span end="3264" id="11897010-754" start="3257">Cloning</span>
    </annotation>
    <annotation annotator="Mike Bada, University of Colorado School of Medicine" id="SO_2017_06_11_Instance_25111" type="identity">
      <class id="SO_EXT:0000853" label="homologous_region"/>
      <span end="3308" id="11897010-941" start="3299">homologue</span>
    </annotation>
    <annotation annotator="" id="SO_2017_06_11_Instance_120562" type="identity">
      <class id="SO_EXT:sequence_cloning_process" label="sequence cloning process"/>
      <span end="3438" id="11897010-756" start="3431">Cloning</span>
    </annotation>
    <annotation annotator="Mike Bada, University of Colorado School of Medicine" id="SO_2017_06_11_Instance_25113" type="identity">
      <class id="SO_EXT:0000853" label="homologous_region"/>
      <span end="3473" id="11897010-943" start="3464">homologue</span>
    </annotation>
    <annotation annotator="" id="SO_2017_06_11_Instance_120564" type="identity">
      <class id="SO_EXT:sequence_cloning_process" label="sequence cloning process"/>
      <span end="3499" id="11897010-758" start="3494">clone</span>
    </annotation>
    <annotation annotator="Mike Bada, University of Colorado School of Medicine" id="SO_2017_06_11_Instance_25115" type="identity">
      <class id="SO_EXT:0000853" label="homologous_region"/>
      <span end="3519" id="11897010-945" start="3510">homologue</span>
    </annotation>
    <annotation annotator="" id="SO_2017_06_11_backup_Instance_18560" type="identity">
      <class id="CHEBI_SO_EXT:amino_acid" label="amino acid"/>
      <span end="3551" id="11897010-676" start="3541">amino acid</span>
    </annotation>
    <annotation annotator="" id="SO_2017_06_11_Instance_130232" type="identity">
      <class id="SO_EXT:biological_sequence" label="biological sequence"/>
      <span end="3560" id="11897010-760" start="3552">sequence</span>
    </annotation>
    <annotation annotator="Mike Bada, University of Colorado School of Medicine" id="SO_2017_06_11_Instance_41997" type="identity">
      <class id="SO_EXT:0001026" label="genome"/>
      <span end="3604" id="11897010-1027" start="3597">genomic</span>
    </annotation>
    <annotation annotator="" id="SO_2017_06_11_Instance_130234" type="identity">
      <class id="SO_EXT:biological_sequence" label="biological sequence"/>
      <span end="3613" id="11897010-762" start="3605">sequence</span>
    </annotation>
    <annotation annotator="Mike Bada, University of Colorado School of Medicine" id="SO_2017_06_11_Instance_41999" type="identity">
      <class id="SO_EXT:0000153" label="BAC"/>
      <span end="3675" id="11897010-1029" start="3672">BAC</span>
    </annotation>
    <annotation annotator="" id="SO_2017_06_11_Instance_130238" type="identity">
      <class id="SO_EXT:sequence_cloned_entity" label="sequence-cloned entity"/>
      <span end="3681" id="11897010-766" start="3676">clone</span>
    </annotation>
    <annotation annotator="Mike Bada, University of Colorado School of Medicine" id="SO_2017_06_11_Instance_42003" type="identity">
      <class id="SO_EXT:0001026" label="genome"/>
      <span end="3753" id="11897010-1031" start="3747">Genome</span>
    </annotation>
    <annotation annotator="Mike Bada, University of Colorado School of Medicine" id="SO_2017_06_11_Instance_42005" type="identity">
      <class id="SO_EXT:0001026" label="genome"/>
      <span end="3830" id="11897010-1033" start="3824">Genome</span>
    </annotation>
    <annotation annotator="Mike Bada, University of Colorado School of Medicine" id="SO_2017_06_11_Instance_42009" type="identity">
      <class id="SO_EXT:0000153" label="BAC"/>
      <span end="3872" id="11897010-1035" start="3869">BAC</span>
    </annotation>
    <annotation annotator="" id="SO_2017_06_11_backup_Instance_30362" type="identity">
      <class id="GO_SO_EXT:chromosome" label="chromosome"/>
      <span end="3892" id="11897010-731" start="3882">chromosome</span>
    </annotation>
    <annotation annotator="Mike Bada, University of Colorado School of Medicine" id="SO_2017_06_11_Instance_42013" type="identity">
      <class id="SO_EXT:0001249" label="fragment_assembly"/>
      <span end="3937" id="11897010-1037" start="3925">physical map</span>
    </annotation>
    <annotation annotator="Mike Bada, University of Colorado School of Medicine" id="SO_2017_06_11_Instance_42017" type="identity">
      <class id="SO_EXT:0000153" label="BAC"/>
      <span end="3976" id="11897010-1039" start="3973">BAC</span>
    </annotation>
    <annotation annotator="" id="SO_2017_06_11_Instance_130236" type="identity">
      <class id="SO_EXT:biological_sequence" label="biological sequence"/>
      <span end="3985" id="11897010-764" start="3977">sequence</span>
    </annotation>
    <annotation annotator="Mike Bada, University of Colorado School of Medicine" id="SO_2017_06_11_Instance_42019" type="identity">
      <class id="SO_EXT:0000345" label="EST"/>
      <span end="4020" id="11897010-1041" start="4017">EST</span>
    </annotation>
    <annotation annotator="Mike Bada, University of Colorado School of Medicine" id="SO_2017_06_11_Instance_42021" type="identity">
      <class id="SO_EXT:0000345" label="EST"/>
      <span end="4061" id="11897010-1043" start="4057">ESTs</span>
    </annotation>
    <annotation annotator="" id="SO_2017_06_11_Instance_130240" type="identity">
      <class id="SO_EXT:sequence_cloned_entity" label="sequence-cloned entity"/>
      <span end="4103" id="11897010-768" start="4097">clones</span>
    </annotation>
    <annotation annotator="Mike Bada, University of Colorado School of Medicine" id="SO_2017_06_11_Instance_42025" type="identity">
      <class id="SO_EXT:0001249" label="fragment_assembly"/>
      <span end="4140" id="11897010-1045" start="4132">Physical</span>
      <span end="4159" id="11897010-1046" start="4156">map</span>
    </annotation>
    <annotation annotator="Mike Bada, University of Colorado School of Medicine" id="SO_2017_06_11_Instance_42027" type="identity">
      <class id="SO_EXT:0000673" label="transcript"/>
      <span end="4155" id="11897010-1048" start="4145">transcript</span>
    </annotation>
    <annotation annotator="Mike Bada, University of Colorado School of Medicine" id="SO_2017_06_11_Instance_42029" type="identity">
      <class id="SO_EXT:0000704" label="gene"/>
      <span end="4178" id="11897010-1050" start="4174">gene</span>
    </annotation>
    <annotation annotator="Mike Bada, University of Colorado School of Medicine" id="SO_2017_06_11_Instance_42033" type="identity">
      <class id="SO_EXT:0001249" label="fragment_assembly"/>
      <span end="4203" id="11897010-1052" start="4191">Physical map</span>
    </annotation>
    <annotation annotator="" id="SO_2017_06_11_backup_Instance_10740" type="identity">
      <class id="CHEBI_SO_EXT:base" label="base"/>
      <span end="4220" id="11897010-586" start="4219">b</span>
    </annotation>
    <annotation annotator="" id="SO_2017_06_11_backup_Instance_30072" type="identity">
      <class id="GO_SO_EXT:chromosomal_part_or_position_or_region_or_site" label="chromosomal part/position/region/site"/>
      <span end="4231" id="11897010-724" start="4221">segment of</span>
      <span end="4248" id="11897010-725" start="4238">chromosome</span>
    </annotation>
    <annotation annotator="Mike Bada, University of Colorado School of Medicine" id="SO_2017_06_11_Instance_27199" type="identity">
      <class id="SO:0000860" label="syntenic"/>
      <span end="4260" id="11897010-979" start="4251">syntenous</span>
    </annotation>
    <annotation annotator="" id="SO_2017_06_11_backup_Instance_30364" type="identity">
      <class id="GO_SO_EXT:chromosome" label="chromosome"/>
      <span end="4280" id="11897010-733" start="4270">chromosome</span>
    </annotation>
    <annotation annotator="Mike Bada, University of Colorado School of Medicine" id="SO_2017_06_11_Instance_42041" type="identity">
      <class id="SO_EXT:0000704" label="gene"/>
      <span end="4306" id="11897010-1054" start="4301">genes</span>
    </annotation>
    <annotation annotator="Mike Bada, University of Colorado School of Medicine" id="SO_2017_06_11_Instance_42045" type="identity">
      <class id="SO_EXT:0000153" label="BAC"/>
      <span end="4356" id="11897010-1056" start="4352">BACs</span>
    </annotation>
    <annotation annotator="Mike Bada, University of Colorado School of Medicine" id="SO_2017_06_11_Instance_42047" type="identity">
      <class id="SO_EXT:0000673" label="transcript"/>
      <span end="4459" id="11897010-1058" start="4449">transcript</span>
    </annotation>
    <annotation annotator="Mike Bada, University of Colorado School of Medicine" id="SO_2017_06_11_Instance_42049" type="identity">
      <class id="SO_EXT:0000147" label="exon"/>
      <span end="4488" id="11897010-1060" start="4483">exons</span>
    </annotation>
    <annotation annotator="" id="SO_2017_06_11_backup_Instance_18508" type="identity">
      <class id="CHEBI_SO_EXT:molecular_probe" label="molecular probe"/>
      <span end="4521" id="11897010-624" start="4515">probes</span>
    </annotation>
    <annotation annotator="Mike Bada, University of Colorado School of Medicine" id="SO_2017_06_11_Instance_42055" type="identity">
      <class id="SO_EXT:0000147" label="exon"/>
      <span end="4594" id="11897010-1062" start="4590">exon</span>
    </annotation>
    <annotation annotator="" id="SO_2017_06_11_Instance_130304" type="identity">
      <class id="SO_EXT:1001187" label="alternatively_spliced_transcript"/>
      <span end="4637" id="11897010-826" start="4605">alternatively spliced transcript</span>
    </annotation>
    <annotation annotator="Mike Bada, University of Colorado School of Medicine" id="SO_2017_06_11_Instance_25117" type="identity">
      <class id="SO_EXT:0000853" label="homologous_region"/>
      <span end="4693" id="11897010-947" start="4684">homologue</span>
    </annotation>
    <annotation annotator="Mike Bada, University of Colorado School of Medicine" id="SO_2017_06_11_Instance_42059" type="identity">
      <class id="SO_EXT:0000704" label="gene"/>
      <span end="4723" id="11897010-1064" start="4719">gene</span>
    </annotation>
    <annotation annotator="Mike Bada, University of Colorado School of Medicine" id="SO_2017_06_11_Instance_42061" type="identity">
      <class id="SO_EXT:0000673" label="transcript"/>
      <span end="4787" id="11897010-1066" start="4777">transcript</span>
    </annotation>
    <annotation annotator="" id="SO_2017_06_11_backup_Instance_10742" type="identity">
      <class id="CHEBI_SO_EXT:base" label="base"/>
      <span end="4821" id="11897010-588" start="4820">b</span>
    </annotation>
    <annotation annotator="Mike Bada, University of Colorado School of Medicine" id="SO_2017_06_11_Instance_42063" type="identity">
      <class id="SO_EXT:0000153" label="BAC"/>
      <span end="4834" id="11897010-1068" start="4831">BAC</span>
    </annotation>
    <annotation annotator="" id="SO_2017_06_11_Instance_130242" type="identity">
      <class id="SO_EXT:sequence_cloned_entity" label="sequence-cloned entity"/>
      <span end="4863" id="11897010-770" start="4857">clones</span>
    </annotation>
    <annotation annotator="" id="SO_2017_06_11_backup_Instance_10744" type="identity">
      <class id="CHEBI_SO_EXT:base" label="base"/>
      <span end="4984" id="11897010-590" start="4983">b</span>
    </annotation>
    <annotation annotator="Mike Bada, University of Colorado School of Medicine" id="SO_2017_06_11_Instance_42067" type="identity">
      <class id="SO_EXT:0000673" label="transcript"/>
      <span end="4995" id="11897010-1070" start="4985">transcript</span>
    </annotation>
    <annotation annotator="Mike Bada, University of Colorado School of Medicine" id="SO_2017_06_11_Instance_42069" type="identity">
      <class id="SO_EXT:0000236" label="ORF"/>
      <span end="5022" id="11897010-1072" start="5004">open reading frame</span>
    </annotation>
    <annotation annotator="" id="SO_2017_06_11_backup_Instance_18562" type="identity">
      <class id="CHEBI_SO_EXT:amino_acid" label="amino acid"/>
      <span end="5041" id="11897010-678" start="5030">amino acids</span>
    </annotation>
    <annotation annotator="" id="SO_2017_06_11_Instance_130262" type="identity">
      <class id="SO_EXT:cDNA" label="complementary DNA"/>
      <span end="5101" id="11897010-788" start="5097">cDNA</span>
    </annotation>
    <annotation annotator="" id="SO_2017_06_11_Instance_130264" type="identity">
      <class id="SO_EXT:biological_sequence" label="biological sequence"/>
      <span end="5110" id="11897010-790" start="5102">sequence</span>
    </annotation>
    <annotation annotator="Mike Bada, University of Colorado School of Medicine" id="SO_2017_06_11_Instance_42075" type="identity">
      <class id="SO_EXT:0000153" label="BAC"/>
      <span end="5121" id="11897010-1074" start="5118">BAC</span>
    </annotation>
    <annotation annotator="" id="SO_2017_06_11_Instance_130244" type="identity">
      <class id="SO_EXT:sequence_cloned_entity" label="sequence-cloned entity"/>
      <span end="5127" id="11897010-772" start="5122">clone</span>
    </annotation>
    <annotation annotator="Mike Bada, University of Colorado School of Medicine" id="SO_2017_06_11_Instance_42079" type="identity">
      <class id="SO_EXT:0000704" label="gene"/>
      <span end="5148" id="11897010-1076" start="5144">gene</span>
    </annotation>
    <annotation annotator="Mike Bada, University of Colorado School of Medicine" id="SO_2017_06_11_Instance_42081" type="identity">
      <class id="SO_EXT:0000147" label="exon"/>
      <span end="5169" id="11897010-1078" start="5164">exons</span>
    </annotation>
    <annotation annotator="Mike Bada, University of Colorado School of Medicine" id="SO_2017_06_11_Instance_42083" type="identity">
      <class id="SO_EXT:0000673" label="transcript"/>
      <span end="5199" id="11897010-1080" start="5189">transcript</span>
    </annotation>
    <annotation annotator="" id="SO_2017_06_11_Instance_200008" type="identity">
      <class id="GO_SO_EXT:chromosomal_part_or_position_or_region_or_site" label="chromosomal part/position/region/site"/>
      <span end="5227" id="11897010-897" start="5218">region of</span>
      <span end="5244" id="11897010-898" start="5234">chromosome</span>
    </annotation>
    <annotation annotator="Mike Bada, University of Colorado School of Medicine" id="SO_2017_06_11_Instance_25119" type="identity">
      <class id="SO_EXT:0000853" label="homologous_region"/>
      <span end="5323" id="11897010-949" start="5314">homologue</span>
    </annotation>
    <annotation annotator="Mike Bada, University of Colorado School of Medicine" id="SO_2017_06_11_Instance_42089" type="identity">
      <class id="SO_EXT:0000704" label="gene"/>
      <span end="5353" id="11897010-1082" start="5349">gene</span>
    </annotation>
    <annotation annotator="" id="SO_2017_06_11_backup_Instance_10746" type="identity">
      <class id="CHEBI_SO_EXT:base" label="base"/>
      <span end="5408" id="11897010-592" start="5407">b</span>
    </annotation>
    <annotation annotator="Mike Bada, University of Colorado School of Medicine" id="SO_2017_06_11_Instance_25121" type="identity">
      <class id="SO_EXT:0000853" label="homologous_region"/>
      <span end="5465" id="11897010-951" start="5456">homologue</span>
    </annotation>
    <annotation annotator="Mike Bada, University of Colorado School of Medicine" id="SO_2017_06_11_Instance_42091" type="identity">
      <class id="SO_EXT:0000704" label="gene"/>
      <span end="5510" id="11897010-1084" start="5506">gene</span>
    </annotation>
    <annotation annotator="Mike Bada, University of Colorado School of Medicine" id="SO_2017_06_11_Instance_42093" type="identity">
      <class id="SO_EXT:0000028" label="base_pair"/>
      <span end="5541" id="11897010-1086" start="5531">base pairs</span>
    </annotation>
    <annotation annotator="Mike Bada, University of Colorado School of Medicine" id="SO_2017_06_11_Instance_24869" type="identity">
      <class id="SO_EXT:0000551" label="polyA_signal_sequence"/>
      <span end="5574" id="11897010-933" start="5552">polyadenylation signal</span>
    </annotation>
    <annotation annotator="Mike Bada, University of Colorado School of Medicine" id="SO_2017_06_11_Instance_42095" type="identity">
      <class id="SO_EXT:0000673" label="transcript"/>
      <span end="5601" id="11897010-1088" start="5591">transcript</span>
    </annotation>
    <annotation annotator="Mike Bada, University of Colorado School of Medicine" id="SO_2017_06_11_Instance_18065" type="identity">
      <class id="SO_EXT:0000853" label="homologous_region"/>
      <span end="5695" id="11897010-886" start="5685">homologous</span>
      <span end="5715" id="11897010-887" start="5709">region</span>
    </annotation>
    <annotation annotator="Mike Bada, University of Colorado School of Medicine" id="SO_2017_06_11_Instance_42103" type="identity">
      <class id="SO_EXT:0000704" label="gene"/>
      <span end="5762" id="11897010-1090" start="5758">gene</span>
    </annotation>
    <annotation annotator="Mike Bada, University of Colorado School of Medicine" id="SO_2017_06_11_Instance_18055" type="identity">
      <class id="SO_EXT:0005858" label="syntenic_region"/>
      <span end="5813" id="11897010-884" start="5796">region of synteny</span>
    </annotation>
    <annotation annotator="" id="SO_2017_06_11_backup_Instance_30366" type="identity">
      <class id="GO_SO_EXT:chromosome" label="chromosome"/>
      <span end="5838" id="11897010-735" start="5828">chromosome</span>
    </annotation>
    <annotation annotator="" id="SO_2017_06_11_backup_Instance_30368" type="identity">
      <class id="GO_SO_EXT:chromosome" label="chromosome"/>
      <span end="5862" id="11897010-737" start="5852">chromosome</span>
    </annotation>
    <annotation annotator="" id="SO_2017_06_11_backup_Instance_18564" type="identity">
      <class id="CHEBI_SO_EXT:peptide_or_peptide_region" label="peptide or peptide region"/>
      <span end="5936" id="11897010-680" start="5929">peptide</span>
    </annotation>
    <annotation annotator="" id="SO_2017_06_11_Instance_130268" type="identity">
      <class id="SO_EXT:biological_sequence" label="biological sequence"/>
      <span end="5946" id="11897010-792" start="5937">sequences</span>
    </annotation>
    <annotation annotator="Mike Bada, University of Colorado School of Medicine" id="SO_2017_06_11_Instance_25123" type="identity">
      <class id="SO_EXT:0000853" label="homologous_region"/>
      <span end="6001" id="11897010-953" start="5992">homologue</span>
    </annotation>
    <annotation annotator="Mike Bada, University of Colorado School of Medicine" id="SO_2017_06_11_Instance_25125" type="identity">
      <class id="SO_EXT:0000853" label="homologous_region"/>
      <span end="6124" id="11897010-955" start="6115">homologue</span>
    </annotation>
    <annotation annotator="" id="SO_2017_06_11_backup_Instance_18566" type="identity">
      <class id="CHEBI_SO_EXT:amino_acid" label="amino acid"/>
      <span end="6195" id="11897010-682" start="6185">amino acid</span>
    </annotation>
    <annotation annotator="" id="SO_2017_06_11_Instance_130270" type="identity">
      <class id="SO_EXT:sequence_substitution_entity_or_process" label="sequence substitution entity or process"/>
      <span end="6209" id="11897010-794" start="6196">substitutions</span>
    </annotation>
    <annotation annotator="" id="SO_2017_06_11_Instance_225132" type="identity">
      <class id="SO_EXT:biological_conservation_process_or_quality" label="biological conservation process or quality"/>
      <span end="6248" id="11897010-913" start="6239">conserved</span>
    </annotation>
    <annotation annotator="" id="SO_2017_06_11_backup_Instance_18568" type="identity">
      <class id="CHEBI_SO_EXT:amino_acid" label="amino acid"/>
      <span end="6260" id="11897010-684" start="6249">amino acids</span>
    </annotation>
    <annotation annotator="Mike Bada, University of Colorado School of Medicine" id="SO_2017_06_11_Instance_27179" type="identity">
      <class id="SO_EXT:0000417" label="polypeptide_domain"/>
      <span end="6378" id="11897010-967" start="6371">domains</span>
    </annotation>
    <annotation annotator="" id="SO_2017_06_11_Instance_90840" type="identity">
      <class id="CHEBI_SO_EXT:N_terminus_or_N_terminal_region" label="N-terminus or N-terminal region"/>
      <span end="6390" id="11897010-1243" start="6388">N-</span>
      <span end="6404" id="11897010-1244" start="6397">termini</span>
    </annotation>
    <annotation annotator="" id="SO_2017_06_11_Instance_90842" type="identity">
      <class id="CHEBI_SO_EXT:C_terminus_or_C_terminal_region" label="C-terminus or C-terminal region"/>
      <span end="6404" id="11897010-1246" start="6395">C-termini</span>
    </annotation>
    <annotation annotator="" id="SO_2017_06_11_backup_Instance_18436" type="identity">
      <class id="CHEBI_SO_EXT:peptide_or_peptide_region" label="peptide or peptide region"/>
      <span end="6463" id="11897010-620" start="6456">Peptide</span>
    </annotation>
    <annotation annotator="" id="SO_2017_06_11_Instance_130272" type="identity">
      <class id="SO_EXT:biological_sequence" label="biological sequence"/>
      <span end="6472" id="11897010-796" start="6464">sequence</span>
    </annotation>
    <annotation annotator="Mike Bada, University of Colorado School of Medicine" id="SO_2017_06_11_Instance_25127" type="identity">
      <class id="SO_EXT:0000853" label="homologous_region"/>
      <span end="6554" id="11897010-957" start="6544">homologues</span>
    </annotation>
    <annotation annotator="Mike Bada, University of Colorado School of Medicine" id="SO_2017_06_11_Instance_27181" type="identity">
      <class id="SO_EXT:0000417" label="polypeptide_domain"/>
      <span end="6597" id="11897010-969" start="6590">domains</span>
    </annotation>
    <annotation annotator="" id="SO_2017_06_11_Instance_130274" type="identity">
      <class id="SO_EXT:0001529" label="endosomal_localization_signal"/>
      <span end="6700" id="11897010-798" start="6691">endosomal</span>
      <span end="6727" id="11897010-799" start="6711">targeting signal</span>
    </annotation>
    <annotation annotator="" id="SO_2017_06_11_Instance_130276" type="identity">
      <class id="SO_EXT:0001530" label="lysosomal_localization_signal"/>
      <span end="6727" id="11897010-801" start="6701">lysosomal targeting signal</span>
    </annotation>
    <annotation annotator="" id="SO_2017_06_11_backup_Instance_18510" type="identity">
      <class id="CHEBI_SO_EXT:molecular_probe" label="molecular probe"/>
      <span end="6847" id="11897010-626" start="6842">probe</span>
    </annotation>
    <annotation annotator="Mike Bada, University of Colorado School of Medicine" id="SO_2017_06_11_Instance_42123" type="identity">
      <class id="SO_EXT:0000147" label="exon"/>
      <span end="6873" id="11897010-1092" start="6869">exon</span>
    </annotation>
    <annotation annotator="" id="SO_2017_06_11_backup_Instance_18512" type="identity">
      <class id="CHEBI_SO_EXT:molecular_probe" label="molecular probe"/>
      <span end="6882" id="11897010-628" start="6877">probe</span>
    </annotation>
    <annotation annotator="" id="SO_2017_06_11_backup_Instance_10748" type="identity">
      <class id="CHEBI_SO_EXT:base" label="base"/>
      <span end="6935" id="11897010-594" start="6934">b</span>
    </annotation>
    <annotation annotator="Mike Bada, University of Colorado School of Medicine" id="SO_2017_06_11_Instance_24731" type="identity">
      <class id="SO_EXT:0001060" label="sequence_variant"/>
      <span end="6944" id="11897010-923" start="6937">isoform</span>
    </annotation>
    <annotation annotator="" id="SO_2017_06_11_backup_Instance_10750" type="identity">
      <class id="CHEBI_SO_EXT:base" label="base"/>
      <span end="7003" id="11897010-596" start="7002">b</span>
    </annotation>
    <annotation annotator="Mike Bada, University of Colorado School of Medicine" id="SO_2017_06_11_Instance_24733" type="identity">
      <class id="SO_EXT:0001060" label="sequence_variant"/>
      <span end="7017" id="11897010-925" start="7010">isoform</span>
    </annotation>
    <annotation annotator="" id="SO_2017_06_11_backup_Instance_10752" type="identity">
      <class id="CHEBI_SO_EXT:base" label="base"/>
      <span end="7047" id="11897010-598" start="7046">b</span>
    </annotation>
    <annotation annotator="" id="SO_2017_06_11_backup_Instance_10754" type="identity">
      <class id="CHEBI_SO_EXT:base" label="base"/>
      <span end="7210" id="11897010-600" start="7209">b</span>
    </annotation>
    <annotation annotator="" id="SO_2017_06_11_Instance_130278" type="identity">
      <class id="CHEBI_SO_EXT:mRNA" label="mRNA"/>
      <span end="7218" id="11897010-803" start="7211">message</span>
    </annotation>
    <annotation annotator="Mike Bada, University of Colorado School of Medicine" id="SO_2017_06_11_Instance_42127" type="identity">
      <class id="SO_EXT:0000704" label="gene"/>
      <span end="7279" id="11897010-1094" start="7275">gene</span>
    </annotation>
    <annotation annotator="" id="SO_2017_06_11_Instance_90917" type="identity">
      <class id="SO_EXT:sequence_coding_function" label="sequence coding function"/>
      <span end="7287" id="11897010-1254" start="7280">encodes</span>
    </annotation>
    <annotation annotator="Mike Bada, University of Colorado School of Medicine" id="SO_2017_06_11_Instance_42129" type="identity">
      <class id="SO_EXT:0000673" label="transcript"/>
      <span end="7307" id="11897010-1096" start="7297">transcript</span>
    </annotation>
    <annotation annotator="" id="SO_2017_06_11_backup_Instance_18514" type="identity">
      <class id="CHEBI_SO_EXT:molecular_probe" label="molecular probe"/>
      <span end="7367" id="11897010-630" start="7361">probes</span>
    </annotation>
    <annotation annotator="" id="SO_2017_06_11_Instance_210522" type="identity">
      <class id="SO_EXT:0000851" label="CDS_region"/>
      <span end="7401" id="11897010-902" start="7391">regions of</span>
      <span end="7421" id="11897010-903" start="7406">coding sequence</span>
    </annotation>
    <annotation annotator="Mike Bada, University of Colorado School of Medicine" id="SO_2017_06_11_Instance_42135" type="identity">
      <class id="SO_EXT:0000205" label="three_prime_UTR"/>
      <span end="7432" id="11897010-1098" start="7426">3' UTR</span>
    </annotation>
    <annotation annotator="" id="SO_2017_06_11_backup_Instance_18516" type="identity">
      <class id="CHEBI_SO_EXT:molecular_probe" label="molecular probe"/>
      <span end="7448" id="11897010-632" start="7442">probes</span>
    </annotation>
    <annotation annotator="Mike Bada, University of Colorado School of Medicine" id="SO_2017_06_11_Instance_42139" type="identity">
      <class id="SO_EXT:0000673" label="transcript"/>
      <span end="7484" id="11897010-1100" start="7473">transcripts</span>
    </annotation>
    <annotation annotator="Mike Bada, University of Colorado School of Medicine" id="SO_2017_06_11_Instance_42143" type="identity">
      <class id="SO_EXT:0000147" label="exon"/>
      <span end="7622" id="11897010-1102" start="7618">exon</span>
    </annotation>
    <annotation annotator="" id="SO_2017_06_11_backup_Instance_18518" type="identity">
      <class id="CHEBI_SO_EXT:molecular_probe" label="molecular probe"/>
      <span end="7630" id="11897010-634" start="7625">probe</span>
    </annotation>
    <annotation annotator="" id="SO_2017_06_11_Instance_170004" type="identity">
      <class id="CHEBI_GO_SO_EXT:enzyme" label="enzyme"/>
      <span end="7666" id="11897010-880" start="7659">enzymes</span>
    </annotation>
    <annotation annotator="" id="SO_2017_06_11_Instance_130282" type="identity">
      <class id="GO_SO_EXT:chromosomal_part_or_position_or_region_or_site" label="chromosomal part/position/region/site"/>
      <span end="7729" id="11897010-805" start="7719">chromosome</span>
      <span end="7737" id="11897010-806" start="7732">locus</span>
    </annotation>
    <annotation annotator="" id="SO_2017_06_11_backup_Instance_18520" type="identity">
      <class id="CHEBI_SO_EXT:molecular_probe" label="molecular probe"/>
      <span end="7921" id="11897010-636" start="7916">probe</span>
    </annotation>
    <annotation annotator="Mike Bada, University of Colorado School of Medicine" id="SO_2017_06_11_Instance_42153" type="identity">
      <class id="SO_EXT:0000147" label="exon"/>
      <span end="7941" id="11897010-1104" start="7937">exon</span>
    </annotation>
    <annotation annotator="" id="SO_2017_06_11_backup_Instance_18522" type="identity">
      <class id="CHEBI_SO_EXT:molecular_probe" label="molecular probe"/>
      <span end="7950" id="11897010-638" start="7945">probe</span>
    </annotation>
    <annotation annotator="" id="SO_2017_06_11_backup_Instance_18524" type="identity">
      <class id="CHEBI_SO_EXT:molecular_probe" label="molecular probe"/>
      <span end="8022" id="11897010-640" start="8017">probe</span>
    </annotation>
    <annotation annotator="Mike Bada, University of Colorado School of Medicine" id="SO_2017_06_11_Instance_27207" type="identity">
      <class id="SO_EXT:0000852" label="exon_region"/>
      <span end="8069" id="11897010-981" start="8054">segment of exon</span>
    </annotation>
    <annotation annotator="" id="SO_2017_06_11_backup_Instance_18526" type="identity">
      <class id="CHEBI_SO_EXT:molecular_probe" label="molecular probe"/>
      <span end="8079" id="11897010-642" start="8074">probe</span>
    </annotation>
    <annotation annotator="" id="SO_2017_06_11_Instance_130284" type="identity">
      <class id="SO_EXT:alternative_splice_variant" label="alternative splice variant"/>
      <span end="8207" id="11897010-808" start="8181">alternative splice variant</span>
    </annotation>
    <annotation annotator="" id="SO_2017_06_11_Instance_130353" type="identity">
      <class id="SO_EXT:coding_sequence" label="coding sequence"/>
      <span end="8250" id="11897010-870" start="8235">coding sequence</span>
    </annotation>
    <annotation annotator="Mike Bada, University of Colorado School of Medicine" id="SO_2017_06_11_Instance_42167" type="identity">
      <class id="SO_EXT:0000673" label="transcript"/>
      <span end="8276" id="11897010-1106" start="8266">transcript</span>
    </annotation>
    <annotation annotator="Mike Bada, University of Colorado School of Medicine" id="SO_2017_06_11_Instance_42169" type="identity">
      <class id="SO_EXT:0000345" label="EST"/>
      <span end="8303" id="11897010-1108" start="8300">EST</span>
    </annotation>
    <annotation annotator="Mike Bada, University of Colorado School of Medicine" id="SO_2017_06_11_Instance_42171" type="identity">
      <class id="SO_EXT:0000188" label="intron"/>
      <span end="8330" id="11897010-1110" start="8324">intron</span>
    </annotation>
    <annotation annotator="Mike Bada, University of Colorado School of Medicine" id="SO_2017_06_11_Instance_42173" type="identity">
      <class id="SO_EXT:0001026" label="genome"/>
      <span end="8353" id="11897010-1112" start="8346">genomic</span>
    </annotation>
    <annotation annotator="" id="SO_2017_06_11_Instance_130286" type="identity">
      <class id="SO_EXT:biological_sequence" label="biological sequence"/>
      <span end="8362" id="11897010-810" start="8354">sequence</span>
    </annotation>
    <annotation annotator="" id="SO_2017_06_11_Instance_224385" type="identity">
      <class id="SO:0000357" label="flanked"/>
      <span end="8371" id="11897010-905" start="8363">flanking</span>
    </annotation>
    <annotation annotator="Mike Bada, University of Colorado School of Medicine" id="SO_2017_06_11_Instance_42175" type="identity">
      <class id="SO_EXT:0000704" label="gene"/>
      <span end="8387" id="11897010-1114" start="8383">gene</span>
    </annotation>
    <annotation annotator="Mike Bada, University of Colorado School of Medicine" id="SO_2017_06_11_Instance_42177" type="identity">
      <class id="SO_EXT:0000345" label="EST"/>
      <span end="8397" id="11897010-1116" start="8393">ESTs</span>
    </annotation>
    <annotation annotator="" id="SO_2017_06_11_Instance_130288" type="identity">
      <class id="SO_EXT:biological_sequence" label="biological sequence"/>
      <span end="8437" id="11897010-812" start="8429">sequence</span>
    </annotation>
    <annotation annotator="Mike Bada, University of Colorado School of Medicine" id="SO_2017_06_11_Instance_42181" type="identity">
      <class id="SO_EXT:0000188" label="intron"/>
      <span end="8449" id="11897010-1118" start="8443">intron</span>
    </annotation>
    <annotation annotator="" id="SO_2017_06_11_Instance_130246" type="identity">
      <class id="SO_EXT:sequence_cloned_entity" label="sequence-cloned entity"/>
      <span end="8513" id="11897010-774" start="8507">clones</span>
    </annotation>
    <annotation annotator="" id="SO_2017_06_11_Instance_130248" type="identity">
      <class id="SO_EXT:sequence_cloned_entity" label="sequence-cloned entity"/>
      <span end="8535" id="11897010-776" start="8530">Clone</span>
    </annotation>
    <annotation annotator="Mike Bada, University of Colorado School of Medicine" id="SO_2017_06_11_Instance_42187" type="identity">
      <class id="SO_EXT:0000345" label="EST"/>
      <span end="8548" id="11897010-1120" start="8544">ESTs</span>
    </annotation>
    <annotation annotator="" id="SO_2017_06_11_backup_Instance_10756" type="identity">
      <class id="CHEBI_SO_EXT:base" label="base"/>
      <span end="8604" id="11897010-602" start="8603">b</span>
    </annotation>
    <annotation annotator="Mike Bada, University of Colorado School of Medicine" id="SO_2017_06_11_Instance_42189" type="identity">
      <class id="SO_EXT:0000147" label="exon"/>
      <span end="8616" id="11897010-1122" start="8612">exon</span>
    </annotation>
    <annotation annotator="Mike Bada, University of Colorado School of Medicine" id="SO_2017_06_11_Instance_42191" type="identity">
      <class id="SO_EXT:0000147" label="exon"/>
      <span end="8650" id="11897010-1124" start="8646">exon</span>
    </annotation>
    <annotation annotator="Mike Bada, University of Colorado School of Medicine" id="SO_2017_06_11_Instance_42193" type="identity">
      <class id="SO_EXT:0000147" label="exon"/>
      <span end="8680" id="11897010-1126" start="8676">exon</span>
    </annotation>
    <annotation annotator="" id="SO_2017_06_11_Instance_130250" type="identity">
      <class id="SO_EXT:sequence_cloned_entity" label="sequence-cloned entity"/>
      <span end="8690" id="11897010-778" start="8685">Clone</span>
    </annotation>
    <annotation annotator="Mike Bada, University of Colorado School of Medicine" id="SO_2017_06_11_Instance_42197" type="identity">
      <class id="SO_EXT:0000345" label="EST"/>
      <span end="8703" id="11897010-1128" start="8700">EST</span>
    </annotation>
    <annotation annotator="Mike Bada, University of Colorado School of Medicine" id="SO_2017_06_11_Instance_42199" type="identity">
      <class id="SO_EXT:0000028" label="base_pair"/>
      <span end="8734" id="11897010-1130" start="8732">bp</span>
    </annotation>
    <annotation annotator="Mike Bada, University of Colorado School of Medicine" id="SO_2017_06_11_Instance_42201" type="identity">
      <class id="SO_EXT:0000147" label="exon"/>
      <span end="8746" id="11897010-1132" start="8742">exon</span>
    </annotation>
    <annotation annotator="Mike Bada, University of Colorado School of Medicine" id="SO_2017_06_11_Instance_42203" type="identity">
      <class id="SO_EXT:0000147" label="exon"/>
      <span end="8784" id="11897010-1134" start="8780">exon</span>
    </annotation>
    <annotation annotator="" id="SO_2017_06_11_backup_Instance_18528" type="identity">
      <class id="CHEBI_SO_EXT:molecular_probe" label="molecular probe"/>
      <span end="8850" id="11897010-644" start="8845">probe</span>
    </annotation>
    <annotation annotator="Mike Bada, University of Colorado School of Medicine" id="SO_2017_06_11_Instance_42207" type="identity">
      <class id="SO_EXT:0000188" label="intron"/>
      <span end="8885" id="11897010-1136" start="8879">intron</span>
    </annotation>
    <annotation annotator="" id="SO_2017_06_11_Instance_130290" type="identity">
      <class id="SO_EXT:biological_sequence" label="biological sequence"/>
      <span end="8894" id="11897010-814" start="8886">sequence</span>
    </annotation>
    <annotation annotator="" id="SO_2017_06_11_Instance_130252" type="identity">
      <class id="SO_EXT:sequence_cloned_entity" label="sequence-cloned entity"/>
      <span end="8903" id="11897010-780" start="8898">clone</span>
    </annotation>
    <annotation annotator="" id="SO_2017_06_11_backup_Instance_18530" type="identity">
      <class id="CHEBI_SO_EXT:molecular_probe" label="molecular probe"/>
      <span end="8917" id="11897010-646" start="8912">Probe</span>
    </annotation>
    <annotation annotator="" id="SO_2017_06_11_backup_Instance_10758" type="identity">
      <class id="CHEBI_SO_EXT:base" label="base"/>
      <span end="8961" id="11897010-604" start="8960">b</span>
    </annotation>
    <annotation annotator="" id="SO_2017_06_11_Instance_130292" type="identity">
      <class id="SO_EXT:biological_sequence" label="biological sequence"/>
      <span end="9013" id="11897010-816" start="9005">sequence</span>
    </annotation>
    <annotation annotator="Mike Bada, University of Colorado School of Medicine" id="SO_2017_06_11_Instance_27209" type="identity">
      <class id="SO_EXT:0000673" label="transcript"/>
      <span end="9038" id="11897010-983" start="9028">transcript</span>
    </annotation>
    <annotation annotator="Mike Bada, University of Colorado School of Medicine" id="SO_2017_06_11_Instance_42213" type="identity">
      <class id="SO_EXT:0000112" label="primer"/>
      <span end="9060" id="11897010-1138" start="9053">primers</span>
    </annotation>
    <annotation annotator="Mike Bada, University of Colorado School of Medicine" id="SO_2017_06_11_Instance_42215" type="identity">
      <class id="SO_EXT:0000147" label="exon"/>
      <span end="9069" id="11897010-1140" start="9064">exons</span>
    </annotation>
    <annotation annotator="Mike Bada, University of Colorado School of Medicine" id="SO_2017_06_11_Instance_42217" type="identity">
      <class id="SO_EXT:0000112" label="primer"/>
      <span end="9100" id="11897010-1142" start="9094">primer</span>
    </annotation>
    <annotation annotator="Mike Bada, University of Colorado School of Medicine" id="SO_2017_06_11_Instance_42219" type="identity">
      <class id="SO_EXT:0000188" label="intron"/>
      <span end="9110" id="11897010-1144" start="9104">intron</span>
    </annotation>
    <annotation annotator="" id="SO_2017_06_11_backup_Instance_18570" type="identity">
      <class id="CHEBI_SO_EXT:RNA" label="RNA"/>
      <span end="9162" id="11897010-686" start="9159">RNA</span>
    </annotation>
    <annotation annotator="Mike Bada, University of Colorado School of Medicine" id="SO_2017_06_11_Instance_42225" type="identity">
      <class id="SO_EXT:0000673" label="transcript"/>
      <span end="9247" id="11897010-1146" start="9237">transcript</span>
    </annotation>
    <annotation annotator="Mike Bada, University of Colorado School of Medicine" id="SO_2017_06_11_Instance_42227" type="identity">
      <class id="SO_EXT:0000147" label="exon"/>
      <span end="9318" id="11897010-1148" start="9314">exon</span>
    </annotation>
    <annotation annotator="Mike Bada, University of Colorado School of Medicine" id="SO_2017_06_11_Instance_42229" type="identity">
      <class id="SO_EXT:0000147" label="exon"/>
      <span end="9341" id="11897010-1150" start="9337">exon</span>
    </annotation>
    <annotation annotator="Mike Bada, University of Colorado School of Medicine" id="SO_2017_06_11_Instance_42231" type="identity">
      <class id="SO_EXT:0000028" label="base_pair"/>
      <span end="9358" id="11897010-1152" start="9356">bp</span>
    </annotation>
    <annotation annotator="Mike Bada, University of Colorado School of Medicine" id="SO_2017_06_11_Instance_42233" type="identity">
      <class id="SO_EXT:0000188" label="intron"/>
      <span end="9372" id="11897010-1154" start="9366">intron</span>
    </annotation>
    <annotation annotator="Mike Bada, University of Colorado School of Medicine" id="SO_2017_06_11_Instance_42235" type="identity">
      <class id="SO_EXT:0000028" label="base_pair"/>
      <span end="9401" id="11897010-1156" start="9399">bp</span>
    </annotation>
    <annotation annotator="Mike Bada, University of Colorado School of Medicine" id="SO_2017_06_11_Instance_42237" type="identity">
      <class id="SO_EXT:0000147" label="exon"/>
      <span end="9406" id="11897010-1158" start="9402">exon</span>
    </annotation>
    <annotation annotator="Mike Bada, University of Colorado School of Medicine" id="SO_2017_06_11_Instance_42239" type="identity">
      <class id="SO_EXT:0000147" label="exon"/>
      <span end="9440" id="11897010-1160" start="9436">exon</span>
    </annotation>
    <annotation annotator="Mike Bada, University of Colorado School of Medicine" id="SO_2017_06_11_Instance_42241" type="identity">
      <class id="SO_EXT:0000236" label="ORF"/>
      <span end="9467" id="11897010-1162" start="9449">open reading frame</span>
    </annotation>
    <annotation annotator="" id="SO_2017_06_11_Instance_130306" type="identity">
      <class id="SO_EXT:1001187" label="alternatively_spliced_transcript"/>
      <span end="9508" id="11897010-828" start="9476">alternatively spliced transcript</span>
    </annotation>
    <annotation annotator="" id="SO_2017_06_11_backup_Instance_18572" type="identity">
      <class id="CHEBI_SO_EXT:amino_acid" label="amino acid"/>
      <span end="9527" id="11897010-688" start="9516">amino acids</span>
    </annotation>
    <annotation annotator="" id="SO_2017_06_11_backup_Instance_18574" type="identity">
      <class id="CHEBI_SO_EXT:amino_acid" label="amino acid"/>
      <span end="9543" id="11897010-690" start="9532">amino acids</span>
    </annotation>
    <annotation annotator="" id="SO_2017_06_11_Instance_130296" type="identity">
      <class id="CHEBI_SO_EXT:mRNA" label="mRNA"/>
      <span end="9567" id="11897010-818" start="9560">message</span>
    </annotation>
    <annotation annotator="" id="SO_2017_06_11_Instance_90919" type="identity">
      <class id="SO_EXT:sequence_coding_function" label="sequence coding function"/>
      <span end="9575" id="11897010-1256" start="9568">encoded</span>
    </annotation>
    <annotation annotator="" id="SO_2017_06_11_backup_Instance_10760" type="identity">
      <class id="CHEBI_SO_EXT:base" label="base"/>
      <span end="9589" id="11897010-606" start="9588">b</span>
    </annotation>
    <annotation annotator="Mike Bada, University of Colorado School of Medicine" id="SO_2017_06_11_Instance_42249" type="identity">
      <class id="SO_EXT:0000673" label="transcript"/>
      <span end="9600" id="11897010-1164" start="9590">transcript</span>
    </annotation>
    <annotation annotator="Mike Bada, University of Colorado School of Medicine" id="SO_2017_06_11_Instance_24735" type="identity">
      <class id="SO_EXT:0001060" label="sequence_variant"/>
      <span end="9640" id="11897010-927" start="9633">isoform</span>
    </annotation>
    <annotation annotator="" id="SO_2017_06_11_Instance_90921" type="identity">
      <class id="SO_EXT:sequence_coding_function" label="sequence coding function"/>
      <span end="9650" id="11897010-1258" start="9643">encodes</span>
    </annotation>
    <annotation annotator="Mike Bada, University of Colorado School of Medicine" id="SO_2017_06_11_Instance_27183" type="identity">
      <class id="SO_EXT:0000417" label="polypeptide_domain"/>
      <span end="9729" id="11897010-971" start="9722">domains</span>
    </annotation>
    <annotation annotator="" id="SO_2017_06_11_Instance_130298" type="identity">
      <class id="SO_EXT:biological_sequence" label="biological sequence"/>
      <span end="9779" id="11897010-820" start="9770">sequences</span>
    </annotation>
    <annotation annotator="" id="SO_2017_06_11_backup_Instance_18576" type="identity">
      <class id="CHEBI_SO_EXT:amino_acid" label="amino acid"/>
      <span end="9801" id="11897010-692" start="9791">amino acid</span>
    </annotation>
    <annotation annotator="" id="SO_2017_06_11_backup_Instance_18578" type="identity">
      <class id="CHEBI_SO_EXT:amino_acid" label="amino acid"/>
      <span end="9824" id="11897010-694" start="9814">amino acid</span>
    </annotation>
    <annotation annotator="" id="SO_2017_06_11_Instance_30275" type="identity">
      <class id="CHEBI_SO_EXT:C_terminus_or_C_terminal_region" label="C-terminus or C-terminal region"/>
      <span end="9835" id="11897010-993" start="9825">C-terminal</span>
    </annotation>
    <annotation annotator="" id="SO_2017_06_11_Instance_90923" type="identity">
      <class id="SO_EXT:sequence_coding_function" label="sequence coding function"/>
      <span end="9860" id="11897010-1260" start="9853">encoded</span>
    </annotation>
    <annotation annotator="" id="SO_2017_06_11_backup_Instance_10762" type="identity">
      <class id="CHEBI_SO_EXT:base" label="base"/>
      <span end="9874" id="11897010-608" start="9873">b</span>
    </annotation>
    <annotation annotator="Mike Bada, University of Colorado School of Medicine" id="SO_2017_06_11_Instance_42257" type="identity">
      <class id="SO_EXT:0000673" label="transcript"/>
      <span end="9885" id="11897010-1166" start="9875">transcript</span>
    </annotation>
    <annotation annotator="" id="SO_2017_06_11_backup_Instance_18580" type="identity">
      <class id="CHEBI_SO_EXT:amino_acid" label="amino acid"/>
      <span end="9932" id="11897010-696" start="9922">amino acid</span>
    </annotation>
    <annotation annotator="" id="SO_2017_06_11_Instance_90925" type="identity">
      <class id="SO_EXT:sequence_coding_function" label="sequence coding function"/>
      <span end="9945" id="11897010-1262" start="9938">encoded</span>
    </annotation>
    <annotation annotator="" id="SO_2017_06_11_backup_Instance_10764" type="identity">
      <class id="CHEBI_SO_EXT:base" label="base"/>
      <span end="9975" id="11897010-610" start="9974">b</span>
    </annotation>
    <annotation annotator="Mike Bada, University of Colorado School of Medicine" id="SO_2017_06_11_Instance_42261" type="identity">
      <class id="SO_EXT:0000673" label="transcript"/>
      <span end="9986" id="11897010-1168" start="9976">transcript</span>
    </annotation>
    <annotation annotator="" id="SO_2017_06_11_backup_Instance_18582" type="identity">
      <class id="CHEBI_SO_EXT:RNA" label="RNA"/>
      <span end="10015" id="11897010-698" start="10012">RNA</span>
    </annotation>
    <annotation annotator="Mike Bada, University of Colorado School of Medicine" id="SO_2017_06_11_Instance_42263" type="identity">
      <class id="SO_EXT:0000147" label="exon"/>
      <span end="10058" id="11897010-1170" start="10054">exon</span>
    </annotation>
    <annotation annotator="Mike Bada, University of Colorado School of Medicine" id="SO_2017_06_11_Instance_42265" type="identity">
      <class id="SO_EXT:0000188" label="intron"/>
      <span end="10071" id="11897010-1172" start="10065">intron</span>
    </annotation>
    <annotation annotator="" id="SO_2017_06_11_backup_Instance_18532" type="identity">
      <class id="CHEBI_SO_EXT:molecular_probe" label="molecular probe"/>
      <span end="10081" id="11897010-648" start="10075">probes</span>
    </annotation>
    <annotation annotator="Mike Bada, University of Colorado School of Medicine" id="SO_2017_06_11_Instance_42269" type="identity">
      <class id="SO_EXT:0000673" label="transcript"/>
      <span end="10149" id="11897010-1174" start="10138">transcripts</span>
    </annotation>
    <annotation annotator="" id="SO_2017_06_11_backup_Instance_18438" type="identity">
      <class id="CHEBI_SO_EXT:peptide_or_peptide_region" label="peptide or peptide region"/>
      <span end="10304" id="11897010-622" start="10297">Peptide</span>
    </annotation>
    <annotation annotator="" id="SO_2017_06_11_Instance_130300" type="identity">
      <class id="SO_EXT:biological_sequence" label="biological sequence"/>
      <span end="10313" id="11897010-822" start="10305">sequence</span>
    </annotation>
    <annotation annotator="" id="SO_2017_06_11_Instance_130308" type="identity">
      <class id="SO_EXT:alternative_splice_variant" label="alternative splice variant"/>
      <span end="10357" id="11897010-830" start="10336">alternatively spliced</span>
      <span end="10373" id="11897010-831" start="10365">isoforms</span>
    </annotation>
    <annotation annotator="" id="SO_2017_06_11_Instance_30277" type="identity">
      <class id="CHEBI_SO_EXT:C_terminus_or_C_terminal_region" label="C-terminus or C-terminal region"/>
      <span end="10423" id="11897010-995" start="10413">c-terminal</span>
    </annotation>
    <annotation annotator="Mike Bada, University of Colorado School of Medicine" id="SO_2017_06_11_Instance_27185" type="identity">
      <class id="SO_EXT:0000417" label="polypeptide_domain"/>
      <span end="10492" id="11897010-973" start="10485">domains</span>
    </annotation>
    <annotation annotator="" id="SO_2017_06_11_backup_Instance_18584" type="identity">
      <class id="CHEBI_SO_EXT:nucleotide" label="nucleotide"/>
      <span end="10536" id="11897010-700" start="10526">nucleotide</span>
    </annotation>
    <annotation annotator="" id="SO_2017_06_11_backup_Instance_18586" type="identity">
      <class id="CHEBI_SO_EXT:amino_acid" label="amino acid"/>
      <span end="10551" id="11897010-702" start="10541">amino acid</span>
    </annotation>
    <annotation annotator="" id="SO_2017_06_11_Instance_130310" type="identity">
      <class id="SO_EXT:biological_sequence" label="biological sequence"/>
      <span end="10560" id="11897010-833" start="10552">sequence</span>
    </annotation>
    <annotation annotator="Mike Bada, University of Colorado School of Medicine" id="SO_2017_06_11_Instance_42275" type="identity">
      <class id="SO_EXT:1001187" label="alternatively_spliced_transcript"/>
      <span end="10589" id="11897010-1176" start="10568">alternatively spliced</span>
      <span end="10606" id="11897010-1177" start="10596">transcript</span>
    </annotation>
    <annotation annotator="Mike Bada, University of Colorado School of Medicine" id="SO_2017_06_11_Instance_42277" type="identity">
      <class id="SO_EXT:0001026" label="genome"/>
      <span end="10641" id="11897010-1179" start="10634">genomic</span>
    </annotation>
    <annotation annotator="" id="SO_2017_06_11_Instance_130312" type="identity">
      <class id="SO_EXT:biological_sequence" label="biological sequence"/>
      <span end="10650" id="11897010-835" start="10642">sequence</span>
    </annotation>
    <annotation annotator="" id="SO_2017_06_11_backup_Instance_18534" type="identity">
      <class id="CHEBI_SO_EXT:molecular_probe" label="molecular probe"/>
      <span end="10762" id="11897010-650" start="10756">probes</span>
    </annotation>
    <annotation annotator="" id="SO_2017_06_11_backup_Instance_10766" type="identity">
      <class id="CHEBI_SO_EXT:base" label="base"/>
      <span end="10783" id="11897010-612" start="10782">b</span>
    </annotation>
    <annotation annotator="Mike Bada, University of Colorado School of Medicine" id="SO_2017_06_11_Instance_42281" type="identity">
      <class id="SO_EXT:0000673" label="transcript"/>
      <span end="10794" id="11897010-1181" start="10784">transcript</span>
    </annotation>
    <annotation annotator="" id="SO_2017_06_11_backup_Instance_18536" type="identity">
      <class id="CHEBI_SO_EXT:molecular_probe" label="molecular probe"/>
      <span end="10887" id="11897010-652" start="10882">probe</span>
    </annotation>
    <annotation annotator="Mike Bada, University of Colorado School of Medicine" id="SO_2017_06_11_Instance_42285" type="identity">
      <class id="SO_EXT:0000188" label="intron"/>
      <span end="10903" id="11897010-1183" start="10897">intron</span>
    </annotation>
    <annotation annotator="Mike Bada, University of Colorado School of Medicine" id="SO_2017_06_11_Instance_42287" type="identity">
      <class id="SO_EXT:0000147" label="exon"/>
      <span end="10931" id="11897010-1185" start="10927">exon</span>
    </annotation>
    <annotation annotator="" id="SO_2017_06_11_backup_Instance_18538" type="identity">
      <class id="CHEBI_SO_EXT:molecular_probe" label="molecular probe"/>
      <span end="10945" id="11897010-654" start="10940">probe</span>
    </annotation>
    <annotation annotator="Mike Bada, University of Colorado School of Medicine" id="SO_2017_06_11_Instance_42293" type="identity">
      <class id="SO:0000860" label="syntenic"/>
      <span end="10980" id="11897010-1187" start="10972">syntenic</span>
    </annotation>
    <annotation annotator="" id="SO_2017_06_11_Instance_90927" type="identity">
      <class id="SO_EXT:sequence_coding_function" label="sequence coding function"/>
      <span end="11002" id="11897010-1264" start="10995">encodes</span>
    </annotation>
    <annotation annotator="Mike Bada, University of Colorado School of Medicine" id="SO_2017_06_11_Instance_27213" type="identity">
      <class id="SO_EXT:1001187" label="alternatively_spliced_transcript"/>
      <span end="11016" id="11897010-985" start="11007">alternate</span>
      <span end="11033" id="11897010-986" start="11023">transcript</span>
    </annotation>
    <annotation annotator="Mike Bada, University of Colorado School of Medicine" id="SO_2017_06_11_Instance_27215" type="identity">
      <class id="SO_EXT:1001187" label="alternatively_spliced_transcript"/>
      <span end="11176" id="11897010-988" start="11154">alternative transcript</span>
    </annotation>
    <annotation annotator="Mike Bada, University of Colorado School of Medicine" id="SO_2017_06_11_Instance_27217" type="identity">
      <class id="SO_EXT:1001187" label="alternatively_spliced_transcript"/>
      <span end="11246" id="11897010-990" start="11237">alternate</span>
      <span end="11264" id="11897010-991" start="11254">transcript</span>
    </annotation>
    <annotation annotator="" id="SO_2017_06_11_backup_Instance_18588" type="identity">
      <class id="CHEBI_SO_EXT:amino_acid" label="amino acid"/>
      <span end="11308" id="11897010-704" start="11298">amino acid</span>
    </annotation>
    <annotation annotator="" id="SO_2017_06_11_Instance_130254" type="identity">
      <class id="SO_EXT:sequence_cloned_entity" label="sequence-cloned entity"/>
      <span end="11373" id="11897010-782" start="11368">clone</span>
    </annotation>
    <annotation annotator="" id="SO_2017_06_11_Instance_130314" type="identity">
      <class id="SO_EXT:biological_sequence" label="biological sequence"/>
      <span end="11456" id="11897010-837" start="11448">sequence</span>
    </annotation>
    <annotation annotator="" id="SO_2017_06_11_backup_Instance_18540" type="identity">
      <class id="CHEBI_SO_EXT:molecular_probe" label="molecular probe"/>
      <span end="11507" id="11897010-656" start="11501">probes</span>
    </annotation>
    <annotation annotator="" id="SO_2017_06_11_Instance_130256" type="identity">
      <class id="SO_EXT:sequence_cloned_entity" label="sequence-cloned entity"/>
      <span end="11527" id="11897010-784" start="11522">clone</span>
    </annotation>
    <annotation annotator="" id="SO_2017_06_11_backup_Instance_18542" type="identity">
      <class id="CHEBI_SO_EXT:molecular_probe" label="molecular probe"/>
      <span end="11546" id="11897010-658" start="11540">probes</span>
    </annotation>
    <annotation annotator="" id="SO_2017_06_11_Instance_130355" type="identity">
      <class id="SO_EXT:coding_sequence" label="coding sequence"/>
      <span end="11584" id="11897010-872" start="11569">coding sequence</span>
    </annotation>
    <annotation annotator="Mike Bada, University of Colorado School of Medicine" id="SO_2017_06_11_Instance_42313" type="identity">
      <class id="SO_EXT:0000673" label="transcript"/>
      <span end="11615" id="11897010-1189" start="11604">transcripts</span>
    </annotation>
    <annotation annotator="Mike Bada, University of Colorado School of Medicine" id="SO_2017_06_11_Instance_14441" type="identity">
      <class id="SO_EXT:0001060" label="sequence_variant"/>
      <span end="11659" id="11897010-874" start="11652">isoform</span>
    </annotation>
    <annotation annotator="Mike Bada, University of Colorado School of Medicine" id="SO_2017_06_11_Instance_25129" type="identity">
      <class id="SO_EXT:0000853" label="homologous_region"/>
      <span end="11684" id="11897010-959" start="11675">homologue</span>
    </annotation>
    <annotation annotator="" id="SO_2017_06_11_backup_Instance_18590" type="identity">
      <class id="CHEBI_SO_EXT:amino_acid" label="amino acid"/>
      <span end="11733" id="11897010-706" start="11723">amino acid</span>
    </annotation>
    <annotation annotator="" id="SO_2017_06_11_backup_Instance_18592" type="identity">
      <class id="CHEBI_SO_EXT:nucleotide" label="nucleotide"/>
      <span end="11748" id="11897010-708" start="11738">nucleotide</span>
    </annotation>
    <annotation annotator="Mike Bada, University of Colorado School of Medicine" id="SO_2017_06_11_Instance_27187" type="identity">
      <class id="SO_EXT:0000417" label="polypeptide_domain"/>
      <span end="11792" id="11897010-975" start="11785">domains</span>
    </annotation>
    <annotation annotator="" id="SO_2017_06_11_Instance_225134" type="identity">
      <class id="SO_EXT:biological_conservation_process_or_quality" label="biological conservation process or quality"/>
      <span end="11853" id="11897010-915" start="11844">conserved</span>
    </annotation>
    <annotation annotator="" id="SO_2017_06_11_backup_Instance_18594" type="identity">
      <class id="CHEBI_SO_EXT:leucine" label="leucine"/>
      <span end="11878" id="11897010-710" start="11871">leucine</span>
    </annotation>
    <annotation annotator="" id="SO_2017_06_11_Instance_150207" type="identity">
      <class id="SO_EXT:sequence_or_structure_motif" label="sequence or structure motif"/>
      <span end="11894" id="11897010-876" start="11889">motif</span>
    </annotation>
    <annotation annotator="" id="SO_2017_06_11_Instance_90328" type="identity">
      <class id="CHEBI_SO_EXT:C_terminus_or_C_terminal_region" label="C-terminus or C-terminal region"/>
      <span end="11912" id="11897010-1241" start="11902">C-terminus</span>
    </annotation>
    <annotation annotator="" id="SO_2017_06_11_Instance_130316" type="identity">
      <class id="SO_EXT:0001529" label="endosomal_localization_signal"/>
      <span end="11947" id="11897010-839" start="11938">endosomal</span>
      <span end="11974" id="11897010-840" start="11958">targeting signal</span>
    </annotation>
    <annotation annotator="" id="SO_2017_06_11_Instance_130318" type="identity">
      <class id="SO_EXT:0001530" label="lysosomal_localization_signal"/>
      <span end="11974" id="11897010-842" start="11948">lysosomal targeting signal</span>
    </annotation>
    <annotation annotator="" id="SO_2017_06_11_Instance_225136" type="identity">
      <class id="SO_EXT:biological_conservation_process_or_quality" label="biological conservation process or quality"/>
      <span end="11993" id="11897010-917" start="11984">conserved</span>
    </annotation>
    <annotation annotator="Mike Bada, University of Colorado School of Medicine" id="SO_2017_06_11_Instance_25131" type="identity">
      <class id="SO_EXT:0000853" label="homologous_region"/>
      <span end="12077" id="11897010-961" start="12068">homologue</span>
    </annotation>
    <annotation annotator="Mike Bada, University of Colorado School of Medicine" id="SO_2017_06_11_Instance_42323" type="identity">
      <class id="SO_EXT:0000704" label="gene"/>
      <span end="12221" id="11897010-1191" start="12217">gene</span>
    </annotation>
    <annotation annotator="" id="SO_2017_06_11_Instance_130320" type="identity">
      <class id="SO_EXT:alternative_splice_variant" label="alternative splice variant"/>
      <span end="12260" id="11897010-844" start="12230">alternatively spliced isoforms</span>
    </annotation>
    <annotation annotator="Mike Bada, University of Colorado School of Medicine" id="SO_2017_06_11_Instance_24801" type="identity">
      <class id="SO_EXT:0001060" label="sequence_variant"/>
      <span end="12274" id="11897010-929" start="12267">isoform</span>
    </annotation>
    <annotation annotator="" id="SO_2017_06_11_Instance_30279" type="identity">
      <class id="CHEBI_SO_EXT:C_terminus_or_C_terminal_region" label="C-terminus or C-terminal region"/>
      <span end="12306" id="11897010-997" start="12296">c-terminal</span>
    </annotation>
    <annotation annotator="" id="SO_2017_06_11_backup_Instance_18596" type="identity">
      <class id="CHEBI_SO_EXT:amino_acid" label="amino acid"/>
      <span end="12349" id="11897010-712" start="12339">amino acid</span>
    </annotation>
    <annotation annotator="" id="SO_2017_06_11_Instance_30281" type="identity">
      <class id="CHEBI_SO_EXT:C_terminus_or_C_terminal_region" label="C-terminus or C-terminal region"/>
      <span end="12360" id="11897010-999" start="12350">c-terminal</span>
    </annotation>
    <annotation annotator="" id="SO_2017_06_11_Instance_130322" type="identity">
      <class id="SO_EXT:0001530" label="lysosomal_localization_signal"/>
      <span end="12402" id="11897010-846" start="12376">lysosomal targeting signal</span>
    </annotation>
    <annotation annotator="" id="SO_2017_06_11_Instance_225138" type="identity">
      <class id="SO_EXT:biological_conservation_process_or_quality" label="biological conservation process or quality"/>
      <span end="12437" id="11897010-919" start="12428">conserved</span>
    </annotation>
    <annotation annotator="Mike Bada, University of Colorado School of Medicine" id="SO_2017_06_11_Instance_27189" type="identity">
      <class id="SO_EXT:0000417" label="polypeptide_domain"/>
      <span end="12445" id="11897010-977" start="12438">domains</span>
    </annotation>
    <annotation annotator="Mike Bada, University of Colorado School of Medicine" id="SO_2017_06_11_Instance_24803" type="identity">
      <class id="SO_EXT:0001060" label="sequence_variant"/>
      <span end="12643" id="11897010-931" start="12636">isoform</span>
    </annotation>
    <annotation annotator="Mike Bada, University of Colorado School of Medicine" id="SO_2017_06_11_Instance_42333" type="identity">
      <class id="SO_EXT:0000704" label="gene"/>
      <span end="12840" id="11897010-1193" start="12836">gene</span>
    </annotation>
    <annotation annotator="Mike Bada, University of Colorado School of Medicine" id="SO_2017_06_11_Instance_24899" type="identity">
      <class id="SO_EXT:0001060" label="sequence_variant"/>
      <span end="12908" id="11897010-935" start="12901">isoform</span>
    </annotation>
    <annotation annotator="" id="SO_2017_06_11_Instance_130324" type="identity">
      <class id="SO_EXT:biological_sequence" label="biological sequence"/>
      <span end="12947" id="11897010-848" start="12939">sequence</span>
    </annotation>
    <annotation annotator="" id="SO_2017_06_11_Instance_225140" type="identity">
      <class id="SO_EXT:biological_conservation_process_or_quality" label="biological conservation process or quality"/>
      <span end="13000" id="11897010-921" start="12991">conserved</span>
    </annotation>
    <annotation annotator="Mike Bada, University of Colorado School of Medicine" id="SO_2017_06_11_Instance_42337" type="identity">
      <class id="SO_EXT:0000704" label="gene"/>
      <span end="13047" id="11897010-1195" start="13042">genes</span>
    </annotation>
    <annotation annotator="" id="SO_2017_06_11_Instance_130326" type="identity">
      <class id="SO_EXT:alternative_splice_variant" label="alternative splice variant"/>
      <span end="13121" id="11897010-850" start="13094">alternative splice variants</span>
    </annotation>
    <annotation annotator="" id="SO_2017_06_11_Instance_130328" type="identity">
      <class id="SO_EXT:alternative_splice_variant" label="alternative splice variant"/>
      <span end="13199" id="11897010-852" start="13184">splice variants</span>
    </annotation>
    <annotation annotator="" id="SO_2017_06_11_Instance_130330" type="identity">
      <class id="SO_EXT:alternative_splice_variant" label="alternative splice variant"/>
      <span end="13304" id="11897010-854" start="13290">splice variant</span>
    </annotation>
    <annotation annotator="" id="SO_2017_06_11_Instance_80394" type="identity">
      <class id="SO_EXT:sequence_deletion_process" label="sequence deletion process"/>
      <span end="13317" id="11897010-1237" start="13310">deletes</span>
    </annotation>
    <annotation annotator="Mike Bada, University of Colorado School of Medicine" id="SO_2017_06_11_Instance_27175" type="identity">
      <class id="SO_EXT:0000417" label="polypeptide_domain"/>
      <span end="13340" id="11897010-963" start="13334">domain</span>
    </annotation>
    <annotation annotator="Mike Bada, University of Colorado School of Medicine" id="SO_2017_06_11_Instance_42345" type="identity">
      <class id="SO_EXT:0001026" label="genome"/>
      <span end="13442" id="11897010-1197" start="13436">genome</span>
    </annotation>
    <annotation annotator="Mike Bada, University of Colorado School of Medicine" id="SO_2017_06_11_Instance_42347" type="identity">
      <class id="SO_EXT:0000704" label="gene"/>
      <span end="13493" id="11897010-1199" start="13488">genes</span>
    </annotation>
    <annotation annotator="Mike Bada, University of Colorado School of Medicine" id="SO_2017_06_11_Instance_42349" type="identity">
      <class id="SO_EXT:0000345" label="EST"/>
      <span end="13618" id="11897010-1201" start="13595">expressed sequence tags</span>
    </annotation>
    <annotation annotator="Mike Bada, University of Colorado School of Medicine" id="SO_2017_06_11_Instance_42351" type="identity">
      <class id="SO_EXT:0000345" label="EST"/>
      <span end="13624" id="11897010-1203" start="13620">ESTs</span>
    </annotation>
    <annotation annotator="Mike Bada, University of Colorado School of Medicine" id="SO_2017_06_11_Instance_42353" type="identity">
      <class id="SO_EXT:0000704" label="gene"/>
      <span end="13741" id="11897010-1205" start="13734">genetic</span>
    </annotation>
    <annotation annotator="" id="SO_2017_06_11_Instance_225003" type="identity">
      <class id="OBI_SO_EXT:gene_or_genetic_investigation_or_genetic_process" label="genetic investigation or process"/>
      <span end="13841" id="11897010-907" start="13833">genetics</span>
    </annotation>
    <annotation annotator="" id="SO_2017_06_11_Instance_130334" type="identity">
      <class id="SO_EXT:alternative_splice_variant" label="alternative splice variant"/>
      <span end="13909" id="11897010-856" start="13894">splice variants</span>
    </annotation>
    <annotation annotator="Mike Bada, University of Colorado School of Medicine" id="SO_2017_06_11_Instance_42357" type="identity">
      <class id="SO_EXT:1001187" label="alternatively_spliced_transcript"/>
      <span end="13989" id="11897010-1207" start="13956">alternatively spliced transcripts</span>
    </annotation>
    <annotation annotator="Mike Bada, University of Colorado School of Medicine" id="SO_2017_06_11_Instance_42359" type="identity">
      <class id="SO_EXT:0001026" label="genome"/>
      <span end="14108" id="11897010-1209" start="14102">Genome</span>
    </annotation>
    <annotation annotator="" id="SO_2017_06_11_Instance_130336" type="identity">
      <class id="SO_EXT:biological_sequence" label="biological sequence"/>
      <span end="14128" id="11897010-858" start="14119">Sequences</span>
    </annotation>
    <annotation annotator="" id="SO_2017_06_11_Instance_130338" type="identity">
      <class id="SO_EXT:biological_sequence" label="biological sequence"/>
      <span end="14183" id="11897010-860" start="14175">sequence</span>
    </annotation>
    <annotation annotator="" id="SO_2017_06_11_Instance_150209" type="identity">
      <class id="SO_EXT:sequence_or_structure_motif" label="sequence or structure motif"/>
      <span end="14203" id="11897010-878" start="14198">motif</span>
    </annotation>
    <annotation annotator="" id="SO_2017_06_11_Instance_130340" type="identity">
      <class id="SO_EXT:biological_sequence" label="biological sequence"/>
      <span end="14278" id="11897010-862" start="14269">sequences</span>
    </annotation>
    <annotation annotator="" id="SO_2017_06_11_backup_Instance_18598" type="identity">
      <class id="CHEBI_SO_EXT:DNA" label="DNA"/>
      <span end="14317" id="11897010-714" start="14314">DNA</span>
    </annotation>
    <annotation annotator="" id="SO_2017_06_11_Instance_130258" type="identity">
      <class id="SO_EXT:sequence_cloned_entity" label="sequence-cloned entity"/>
      <span end="14347" id="11897010-786" start="14341">Clones</span>
    </annotation>
    <annotation annotator="" id="SO_2017_06_11_Instance_225005" type="identity">
      <class id="OBI_SO_EXT:gene_or_genetic_investigation_or_genetic_process" label="genetic investigation or process"/>
      <span end="14385" id="11897010-909" start="14377">Genetics</span>
    </annotation>
    <annotation annotator="" id="SO_2017_06_11_backup_Instance_18600" type="identity">
      <class id="CHEBI_SO_EXT:DNA" label="DNA"/>
      <span end="14539" id="11897010-716" start="14536">DNA</span>
    </annotation>
    <annotation annotator="" id="SO_2017_06_11_backup_Instance_18602" type="identity">
      <class id="CHEBI_SO_EXT:RNA" label="RNA"/>
      <span end="14597" id="11897010-718" start="14594">RNA</span>
    </annotation>
    <annotation annotator="" id="SO_2017_06_11_backup_Instance_18604" type="identity">
      <class id="CHEBI_SO_EXT:RNA" label="RNA"/>
      <span end="14702" id="11897010-720" start="14699">RNA</span>
    </annotation>
    <annotation annotator="" id="SO_2017_06_11_Instance_130342" type="identity">
      <class id="SO_EXT:cDNA" label="complementary DNA"/>
      <span end="14740" id="11897010-864" start="14736">cDNA</span>
    </annotation>
    <annotation annotator="" id="SO_2017_06_11_backup_Instance_10222" type="identity">
      <class id="CHEBI_SO_EXT:hexanucleotide" label="hexanucleotide"/>
      <span end="14773" id="11897010-582" start="14765">hexamers</span>
    </annotation>
    <annotation annotator="" id="SO_2017_06_11_backup_Instance_16742" type="identity">
      <class id="CHEBI_SO_EXT:oligonucleotide" label="oligonucleotide"/>
      <span end="14783" id="11897010-614" start="14778">oligo</span>
    </annotation>
    <annotation annotator="Mike Bada, University of Colorado School of Medicine" id="SO_2017_06_11_Instance_42373" type="identity">
      <class id="SO_EXT:0000112" label="primer"/>
      <span end="14793" id="11897010-1211" start="14787">primer</span>
    </annotation>
    <annotation annotator="" id="SO_2017_06_11_Instance_130344" type="identity">
      <class id="SO_EXT:alternative_splice_variant" label="alternative splice variant"/>
      <span end="14860" id="11897010-866" start="14834">alternatively spliced form</span>
    </annotation>
    <annotation annotator="Mike Bada, University of Colorado School of Medicine" id="SO_2017_06_11_Instance_42377" type="identity">
      <class id="SO_EXT:0000112" label="primer"/>
      <span end="14874" id="11897010-1213" start="14867">primers</span>
    </annotation>
    <annotation annotator="Mike Bada, University of Colorado School of Medicine" id="SO_2017_06_11_Instance_42379" type="identity">
      <class id="SO:0001030" label="forward"/>
      <span end="14910" id="11897010-1215" start="14903">forward</span>
    </annotation>
    <annotation annotator="Mike Bada, University of Colorado School of Medicine" id="SO_2017_06_11_Instance_42381" type="identity">
      <class id="SO:0001031" label="reverse"/>
      <span end="14950" id="11897010-1217" start="14943">reverse</span>
    </annotation>
    <annotation annotator="" id="SO_2017_06_11_Instance_130346" type="identity">
      <class id="SO_EXT:genomic_DNA" label="genomic DNA"/>
      <span end="15057" id="11897010-868" start="15046">genomic DNA</span>
    </annotation>
    <annotation annotator="" id="SO_2017_06_11_backup_Instance_16780" type="identity">
      <class id="CHEBI_SO_EXT:molecular_label_or_mark_or_tag_process" label="molecular label/mark/tag process"/>
      <span end="15292" id="11897010-616" start="15285">labeled</span>
    </annotation>
    <annotation annotator="Mike Bada, University of Colorado School of Medicine" id="SO_2017_06_11_Instance_19381" type="identity">
      <class id="SO_EXT:0001384" label="CDS_fragment"/>
      <span end="15308" id="11897010-891" start="15297">fragment of</span>
      <span end="15333" id="11897010-892" start="15320">coding region</span>
    </annotation>
    <annotation annotator="Mike Bada, University of Colorado School of Medicine" id="SO_2017_06_11_Instance_42385" type="identity">
      <class id="SO_EXT:0000147" label="exon"/>
      <span end="15355" id="11897010-1219" start="15351">exon</span>
    </annotation>
    <annotation annotator="" id="SO_2017_06_11_backup_Instance_18544" type="identity">
      <class id="CHEBI_SO_EXT:molecular_probe" label="molecular probe"/>
      <span end="15377" id="11897010-660" start="15372">probe</span>
    </annotation>
    <annotation annotator="Mike Bada, University of Colorado School of Medicine" id="SO_2017_06_11_Instance_42389" type="identity">
      <class id="SO_EXT:0000112" label="primer"/>
      <span end="15386" id="11897010-1221" start="15379">primers</span>
    </annotation>
    <annotation annotator="Mike Bada, University of Colorado School of Medicine" id="SO_2017_06_11_Instance_42391" type="identity">
      <class id="SO:0001030" label="forward"/>
      <span end="15421" id="11897010-1223" start="15414">forward</span>
    </annotation>
    <annotation annotator="Mike Bada, University of Colorado School of Medicine" id="SO_2017_06_11_Instance_42393" type="identity">
      <class id="SO:0001031" label="reverse"/>
      <span end="15461" id="11897010-1225" start="15454">reverse</span>
    </annotation>
    <annotation annotator="" id="SO_2017_06_11_backup_Instance_16782" type="identity">
      <class id="CHEBI_SO_EXT:molecular_label_or_mark_or_tag_process" label="molecular label/mark/tag process"/>
      <span end="15808" id="11897010-618" start="15801">labeled</span>
    </annotation>
    <annotation annotator="" id="SO_2017_06_11_backup_Instance_18608" type="identity">
      <class id="CHEBI_SO_EXT:DNA" label="DNA"/>
      <span end="15812" id="11897010-722" start="15809">DNA</span>
    </annotation>
    <annotation annotator="Mike Bada, University of Colorado School of Medicine" id="SO_2017_06_11_Instance_19383" type="identity">
      <class id="SO_EXT:0001384" label="CDS_fragment"/>
      <span end="15824" id="11897010-894" start="15813">fragment of</span>
      <span end="15845" id="11897010-895" start="15832">coding region</span>
    </annotation>
    <annotation annotator="Mike Bada, University of Colorado School of Medicine" id="SO_2017_06_11_Instance_42397" type="identity">
      <class id="SO_EXT:0000147" label="exon"/>
      <span end="15867" id="11897010-1227" start="15863">exon</span>
    </annotation>
    <annotation annotator="Mike Bada, University of Colorado School of Medicine" id="SO_2017_06_11_Instance_20453" type="identity">
      <class id="SO_EXT:1001187" label="alternatively_spliced_transcript"/>
      <span end="15913" id="11897010-900" start="15903">transcript</span>
    </annotation>
    <annotation annotator="" id="SO_2017_06_11_backup_Instance_18546" type="identity">
      <class id="CHEBI_SO_EXT:molecular_probe" label="molecular probe"/>
      <span end="15922" id="11897010-662" start="15917">probe</span>
    </annotation>
    <annotation annotator="Mike Bada, University of Colorado School of Medicine" id="SO_2017_06_11_Instance_42403" type="identity">
      <class id="SO_EXT:0000147" label="exon"/>
      <span end="15964" id="11897010-1229" start="15959">exons</span>
    </annotation>
    <annotation annotator="Mike Bada, University of Colorado School of Medicine" id="SO_2017_06_11_Instance_42405" type="identity">
      <class id="SO_EXT:0000112" label="primer"/>
      <span end="15987" id="11897010-1231" start="15980">primers</span>
    </annotation>
    <annotation annotator="Mike Bada, University of Colorado School of Medicine" id="SO_2017_06_11_Instance_42407" type="identity">
      <class id="SO:0001030" label="forward"/>
      <span end="16021" id="11897010-1233" start="16014">forward</span>
    </annotation>
    <annotation annotator="Mike Bada, University of Colorado School of Medicine" id="SO_2017_06_11_Instance_42409" type="identity">
      <class id="SO:0001031" label="reverse"/>
      <span end="16062" id="11897010-1235" start="16055">reverse</span>
    </annotation>
    <annotation annotator="" id="SO_2017_06_11_backup_Instance_18548" type="identity">
      <class id="CHEBI_SO_EXT:molecular_probe" label="molecular probe"/>
      <span end="16155" id="11897010-664" start="16149">probes</span>
    </annotation>
    <annotation annotator="" id="SO_2017_06_11_backup_Instance_18550" type="identity">
      <class id="CHEBI_SO_EXT:molecular_probe" label="molecular probe"/>
      <span end="16269" id="11897010-666" start="16263">probes</span>
    </annotation>
    <graph-space id="Old Knowtator Relations"/>
  </document>
</knowtator-project>
