<?xml version="1.0" encoding="UTF-8" standalone="no"?>
<knowtator-project>
  <document id="12079497" text-file="12079497.txt">
    <annotation annotator="" id="SO_2017_06_11_Instance_170889" type="identity">
      <class id="SO_EXT:sequence_variant_entity" label="sequence variant entity"/>
      <span end="63" id="12079497-1376" start="55">variants</span>
    </annotation>
    <annotation annotator="" id="SO_2017_06_11_backup_Instance_16784" type="identity">
      <class id="CHEBI_SO_EXT:molecular_label_or_mark_or_tag_process" label="molecular label/mark/tag process"/>
      <span end="226" id="12079497-1268" start="218">labeling</span>
    </annotation>
    <annotation annotator="" id="SO_2017_06_11_Instance_223301" type="identity">
      <class id="SO_EXT:transgenic_entity" label="transgenic entity"/>
      <span end="404" id="12079497-1411" start="394">transgenic</span>
    </annotation>
    <annotation annotator="Mike Bada, University of Colorado School of Medicine" id="SO_2017_06_11_Instance_42415" type="identity">
      <class id="SO_EXT:0000704" label="gene"/>
      <span end="413" id="12079497-1470" start="409">gene</span>
    </annotation>
    <annotation annotator="Mike Bada, University of Colorado School of Medicine" id="SO_2017_06_11_Instance_42417" type="identity">
      <class id="SO_EXT:0000704" label="gene"/>
      <span end="488" id="12079497-1472" start="484">gene</span>
    </annotation>
    <annotation annotator="" id="SO_2017_06_11_Instance_140011" type="identity">
      <class id="SO_EXT:transgenesis" label="transgenesis"/>
      <span end="885" id="12079497-1312" start="873">transgenesis</span>
    </annotation>
    <annotation annotator="" id="SO_2017_06_11_Instance_184905" type="identity">
      <class id="SO_EXT:sequence_altered_entity_or_alteration_process" label="sequence-altered entity or alteration process"/>
      <span end="997" id="12079497-1396" start="991">mutant</span>
    </annotation>
    <annotation annotator="" id="SO_2017_06_11_Instance_170891" type="identity">
      <class id="SO_EXT:sequence_variant_entity" label="sequence variant entity"/>
      <span end="1036" id="12079497-1378" start="1028">variants</span>
    </annotation>
    <annotation annotator="Mike Bada, University of Colorado School of Medicine" id="SO_2017_06_11_Instance_42419" type="identity">
      <class id="SO_EXT:wild_type_entity_or_quality" label="wild-typeness or wild-type entity"/>
      <span end="1049" id="12079497-1474" start="1040">wild type</span>
    </annotation>
    <annotation annotator="Mike Bada, University of Colorado School of Medicine" id="SO_2017_06_11_Instance_10569" type="identity">
      <class id="SO_EXT:wild_type_entity_or_quality" label="wild-typeness or wild-type entity"/>
      <span end="1053" id="12079497-1296" start="1051">wt</span>
    </annotation>
    <annotation annotator="" id="SO_2017_06_11_Instance_120566" type="identity">
      <class id="SO_EXT:sequence_cloning_process" label="sequence cloning process"/>
      <span end="1146" id="12079497-1302" start="1140">cloned</span>
    </annotation>
    <annotation annotator="Mike Bada, University of Colorado School of Medicine" id="SO_2017_06_11_Instance_18067" type="identity">
      <class id="SO:0000857" label="homologous"/>
      <span end="1198" id="12079497-1394" start="1190">homology</span>
    </annotation>
    <annotation annotator="" id="SO_2017_06_11_Instance_140006" type="identity">
      <class id="SO_EXT:sequence_variant_or_variation" label="sequence variant entity or quality"/>
      <span end="1363" id="12079497-1308" start="1356">variant</span>
    </annotation>
    <annotation annotator="Mike Bada, University of Colorado School of Medicine" id="SO_2017_06_11_Instance_42421" type="identity">
      <class id="SO_EXT:0000902" label="transgene"/>
      <span end="1507" id="12079497-1476" start="1498">transgene</span>
    </annotation>
    <annotation annotator="" id="SO_2017_06_11_Instance_140008" type="identity">
      <class id="SO_EXT:sequence_variant_or_variation" label="sequence variant entity or quality"/>
      <span end="1848" id="12079497-1310" start="1841">variant</span>
    </annotation>
    <annotation annotator="" id="SO_2017_06_11_Instance_223303" type="identity">
      <class id="SO_EXT:transgenic_entity" label="transgenic entity"/>
      <span end="1980" id="12079497-1413" start="1970">transgenic</span>
    </annotation>
    <annotation annotator="" id="SO_2017_06_11_backup_Instance_17492" type="identity">
      <class id="CHEBI_SO_EXT:molecular_label_or_mark_or_tag_process" label="molecular label/mark/tag process"/>
      <span end="2091" id="12079497-1272" start="2085">tagged</span>
    </annotation>
    <annotation annotator="" id="SO_2017_06_11_Instance_230084" type="identity">
      <class id="GO_SO_EXT:sequence_rearrangement_process" label="sequence rearrangement process"/>
      <span end="2105" id="12079497-1457" start="2092">recombination</span>
    </annotation>
    <annotation annotator="" id="SO_2017_06_11_Instance_140029" type="identity">
      <class id="SO_EXT:sequence_alteration_process" label="sequence alteration process"/>
      <span end="2186" id="12079497-1316" start="2174">manipulating</span>
    </annotation>
    <annotation annotator="Mike Bada, University of Colorado School of Medicine" id="SO_2017_06_11_Instance_42423" type="identity">
      <class id="SO_EXT:0001026" label="genome"/>
      <span end="2197" id="12079497-1478" start="2191">genome</span>
    </annotation>
    <annotation annotator="Mike Bada, University of Colorado School of Medicine" id="SO_2017_06_11_Instance_26265" type="identity">
      <class id="SO_EXT:0000704" label="gene"/>
      <span end="2280" id="12079497-1465" start="2273">genetic</span>
    </annotation>
    <annotation annotator="" id="SO_2017_06_11_Instance_70324" type="identity">
      <class id="SO_EXT:sequence_alteration_process" label="sequence alteration process"/>
      <span end="2326" id="12079497-1572" start="2315">mutagenesis</span>
    </annotation>
    <annotation annotator="" id="SO_2017_06_11_Instance_140013" type="identity">
      <class id="SO_EXT:transgenesis" label="transgenesis"/>
      <span end="2381" id="12079497-1314" start="2369">transgenesis</span>
    </annotation>
    <annotation annotator="Mike Bada, University of Colorado School of Medicine" id="SO_2017_06_11_Instance_42425" type="identity">
      <class id="SO_EXT:0000704" label="gene"/>
      <span end="2390" id="12079497-1480" start="2386">gene</span>
    </annotation>
    <annotation annotator="Mike Bada, University of Colorado School of Medicine" id="SO_2017_06_11_Instance_10571" type="identity">
      <class id="SO_EXT:0000704" label="gene"/>
      <span end="2450" id="12079497-1298" start="2439">Genetically</span>
    </annotation>
    <annotation annotator="" id="SO_2017_06_11_Instance_140031" type="identity">
      <class id="SO_EXT:sequence_alteration_process" label="sequence alteration process"/>
      <span end="2462" id="12079497-1318" start="2451">manipulated</span>
    </annotation>
    <annotation annotator="Mike Bada, University of Colorado School of Medicine" id="SO_2017_06_11_Instance_42427" type="identity">
      <class id="SO_EXT:0000704" label="gene"/>
      <span end="2493" id="12079497-1482" start="2489">gene</span>
    </annotation>
    <annotation annotator="Mike Bada, University of Colorado School of Medicine" id="SO_2017_06_11_Instance_42429" type="identity">
      <class id="SO_EXT:0000704" label="gene"/>
      <span end="2692" id="12079497-1484" start="2688">gene</span>
    </annotation>
    <annotation annotator="" id="SO_2017_06_11_Instance_170893" type="identity">
      <class id="SO_EXT:sequence_variant_entity" label="sequence variant entity"/>
      <span end="3193" id="12079497-1380" start="3185">variants</span>
    </annotation>
    <annotation annotator="Mike Bada, University of Colorado School of Medicine" id="SO_2017_06_11_Instance_42431" type="identity">
      <class id="SO_EXT:wild_type_entity_or_quality" label="wild-typeness or wild-type entity"/>
      <span end="3206" id="12079497-1486" start="3197">wild type</span>
    </annotation>
    <annotation annotator="" id="SO_2017_06_11_Instance_185213" type="identity">
      <class id="SO_EXT:sequence_altered_entity" label="sequence-altered entity"/>
      <span end="3433" id="12079497-1402" start="3426">mutants</span>
    </annotation>
    <annotation annotator="" id="SO_2017_06_11_Instance_140041" type="identity">
      <class id="SO_EXT:sequence_variant_or_variation" label="sequence variant entity or quality"/>
      <span end="3667" id="12079497-1324" start="3660">variant</span>
    </annotation>
    <annotation annotator="" id="SO_2017_06_11_Instance_223305" type="identity">
      <class id="SO_EXT:transgenic_entity" label="transgenic entity"/>
      <span end="3895" id="12079497-1415" start="3885">transgenic</span>
    </annotation>
    <annotation annotator="" id="SO_2017_06_11_Instance_140043" type="identity">
      <class id="SO_EXT:sequence_variant_or_variation" label="sequence variant entity or quality"/>
      <span end="4178" id="12079497-1326" start="4171">variant</span>
    </annotation>
    <annotation annotator="" id="SO_2017_06_11_Instance_170895" type="identity">
      <class id="SO_EXT:sequence_variant_entity" label="sequence variant entity"/>
      <span end="4264" id="12079497-1382" start="4256">variants</span>
    </annotation>
    <annotation annotator="" id="SO_2017_06_11_Instance_223307" type="identity">
      <class id="SO_EXT:transgenic_entity" label="transgenic entity"/>
      <span end="4364" id="12079497-1417" start="4354">transgenic</span>
    </annotation>
    <annotation annotator="" id="SO_2017_06_11_Instance_170897" type="identity">
      <class id="SO_EXT:sequence_variant_entity" label="sequence variant entity"/>
      <span end="4510" id="12079497-1384" start="4502">variants</span>
    </annotation>
    <annotation annotator="" id="SO_2017_06_11_backup_Instance_18440" type="identity">
      <class id="CHEBI_SO_EXT:amino_acid" label="amino acid"/>
      <span end="4541" id="12079497-1292" start="4536">amino</span>
    </annotation>
    <annotation annotator="" id="SO_2017_06_11_Instance_140049" type="identity">
      <class id="SO_EXT:sequence_substitution_entity_or_process" label="sequence substitution entity or process"/>
      <span end="4555" id="12079497-1328" start="4542">substitutions</span>
    </annotation>
    <annotation annotator="" id="SO_2017_06_11_Instance_140051" type="identity">
      <class id="SO_EXT:sequence_alteration_entity_or_process" label="sequence alteration entity or process"/>
      <span end="4762" id="12079497-1330" start="4753">mutations</span>
    </annotation>
    <annotation annotator="" id="SO_2017_06_11_Instance_120568" type="identity">
      <class id="SO_EXT:sequence_cloning_process" label="sequence cloning process"/>
      <span end="4932" id="12079497-1304" start="4925">cloning</span>
    </annotation>
    <annotation annotator="Mike Bada, University of Colorado School of Medicine" id="SO_2017_06_11_Instance_42435" type="identity">
      <class id="SO_EXT:wild_type_entity_or_quality" label="wild-typeness or wild-type entity"/>
      <span end="5252" id="12079497-1488" start="5243">wild-type</span>
    </annotation>
    <annotation annotator="" id="SO_2017_06_11_Instance_140053" type="identity">
      <class id="SO_EXT:biological_sequence" label="biological sequence"/>
      <span end="5290" id="12079497-1332" start="5282">sequence</span>
    </annotation>
    <annotation annotator="" id="SO_2017_06_11_Instance_140035" type="identity">
      <class id="SO_EXT:sequence_alteration_process" label="sequence alteration process"/>
      <span end="5327" id="12079497-1322" start="5319">modified</span>
    </annotation>
    <annotation annotator="Mike Bada, University of Colorado School of Medicine" id="SO_2017_06_11_Instance_42439" type="identity">
      <class id="SO_EXT:0000028" label="base_pair"/>
      <span end="5434" id="12079497-1490" start="5425">base pair</span>
    </annotation>
    <annotation annotator="" id="SO_2017_06_11_Instance_190044" type="identity">
      <class id="SO_EXT:sequence_alteration_entity_or_process" label="sequence alteration entity or process"/>
      <span end="5442" id="12079497-1404" start="5435">changes</span>
    </annotation>
    <annotation annotator="Mike Bada, University of Colorado School of Medicine" id="SO_2017_06_11_Instance_42441" type="identity">
      <class id="SO_EXT:0000360" label="codon"/>
      <span end="5471" id="12079497-1492" start="5466">codon</span>
    </annotation>
    <annotation annotator="Mike Bada, University of Colorado School of Medicine" id="SO_2017_06_11_Instance_42443" type="identity">
      <class id="SO_EXT:0000155" label="plasmid"/>
      <span end="5588" id="12079497-1494" start="5580">Plasmids</span>
    </annotation>
    <annotation annotator="Mike Bada, University of Colorado School of Medicine" id="SO_2017_06_11_Instance_42445" type="identity">
      <class id="SO_EXT:0000704" label="gene"/>
      <span end="5659" id="12079497-1496" start="5655">gene</span>
    </annotation>
    <annotation annotator="" id="SO_2017_06_11_Instance_140058" type="identity">
      <class id="SO_EXT:transgenic_entity" label="transgenic entity"/>
      <span end="5748" id="12079497-1334" start="5737">transgenics</span>
    </annotation>
    <annotation annotator="" id="SO_2017_06_11_Instance_223309" type="identity">
      <class id="SO_EXT:transgenic_entity" label="transgenic entity"/>
      <span end="5788" id="12079497-1419" start="5778">Transgenic</span>
    </annotation>
    <annotation annotator="" id="SO_2017_06_11_Instance_140060" type="identity">
      <class id="SO_EXT:sequence_variant_or_variation" label="sequence variant entity or quality"/>
      <span end="5971" id="12079497-1336" start="5964">variant</span>
    </annotation>
    <annotation annotator="" id="SO_2017_06_11_Instance_140062" type="identity">
      <class id="SO_EXT:sequence_cloned_entity" label="sequence-cloned entity"/>
      <span end="6111" id="12079497-1338" start="6105">clones</span>
    </annotation>
    <annotation annotator="" id="SO_2017_06_11_Instance_140066" type="identity">
      <class id="SO_EXT:sequence_variant_or_variation" label="sequence variant entity or quality"/>
      <span end="6174" id="12079497-1342" start="6167">variant</span>
    </annotation>
    <annotation annotator="" id="SO_2017_06_11_Instance_140064" type="identity">
      <class id="SO_EXT:sequence_cloned_entity" label="sequence-cloned entity"/>
      <span end="6284" id="12079497-1340" start="6278">clones</span>
    </annotation>
    <annotation annotator="" id="SO_2017_06_11_Instance_170899" type="identity">
      <class id="SO_EXT:sequence_variant_entity" label="sequence variant entity"/>
      <span end="6534" id="12079497-1386" start="6526">variants</span>
    </annotation>
    <annotation annotator="" id="SO_2017_06_11_Instance_230086" type="identity">
      <class id="GO_SO_EXT:sequence_rearrangement_process" label="sequence rearrangement process"/>
      <span end="6811" id="12079497-1459" start="6800">recombinant</span>
    </annotation>
    <annotation annotator="" id="SO_2017_06_11_backup_Instance_16786" type="identity">
      <class id="CHEBI_SO_EXT:molecular_label_or_mark_or_tag_process" label="molecular label/mark/tag process"/>
      <span end="6842" id="12079497-1270" start="6834">labeling</span>
    </annotation>
    <annotation annotator="" id="SO_2017_06_11_Instance_170901" type="identity">
      <class id="SO_EXT:sequence_variant_entity" label="sequence variant entity"/>
      <span end="6937" id="12079497-1388" start="6930">variant</span>
    </annotation>
    <annotation annotator="" id="SO_2017_06_11_Instance_140072" type="identity">
      <class id="SO_EXT:biological_sequence" label="biological sequence"/>
      <span end="7028" id="12079497-1344" start="7019">sequences</span>
    </annotation>
    <annotation annotator="" id="SO_2017_06_11_Instance_140074" type="identity">
      <class id="SO_EXT:coding_sequence" label="coding sequence"/>
      <span end="7088" id="12079497-1346" start="7075">coding region</span>
    </annotation>
    <annotation annotator="" id="SO_2017_06_11_Instance_140076" type="identity">
      <class id="SO_EXT:sequence_cloned_entity" label="sequence-cloned entity"/>
      <span end="7861" id="12079497-1348" start="7855">clones</span>
    </annotation>
    <annotation annotator="Mike Bada, University of Colorado School of Medicine" id="SO_2017_06_11_Instance_42455" type="identity">
      <class id="SO_EXT:0000704" label="gene"/>
      <span end="8596" id="12079497-1498" start="8592">gene</span>
    </annotation>
    <annotation annotator="Mike Bada, University of Colorado School of Medicine" id="SO_2017_06_11_Instance_39311" type="identity">
      <class id="SO_EXT:0000366" label="insertion_site"/>
      <span end="8623" id="12079497-1467" start="8616">site of</span>
      <span end="8645" id="12079497-1468" start="8634">integration</span>
    </annotation>
    <annotation annotator="Mike Bada, University of Colorado School of Medicine" id="SO_2017_06_11_Instance_42457" type="identity">
      <class id="SO_EXT:0000902" label="transgene"/>
      <span end="8633" id="12079497-1500" start="8624">transgene</span>
    </annotation>
    <annotation annotator="" id="SO_2017_06_11_Instance_223311" type="identity">
      <class id="SO_EXT:transgenic_entity" label="transgenic entity"/>
      <span end="8765" id="12079497-1421" start="8755">Transgenic</span>
    </annotation>
    <annotation annotator="Mike Bada, University of Colorado School of Medicine" id="SO_2017_06_11_Instance_42459" type="identity">
      <class id="SO_EXT:0000902" label="transgene"/>
      <span end="8835" id="12079497-1502" start="8825">transgenes</span>
    </annotation>
    <annotation annotator="Mike Bada, University of Colorado School of Medicine" id="SO_2017_06_11_Instance_42461" type="identity">
      <class id="SO_EXT:0000902" label="transgene"/>
      <span end="9053" id="12079497-1504" start="9043">transgenes</span>
    </annotation>
    <annotation annotator="Mike Bada, University of Colorado School of Medicine" id="SO_2017_06_11_Instance_42463" type="identity">
      <class id="SO_EXT:wild_type_entity_or_quality" label="wild-typeness or wild-type entity"/>
      <span end="9148" id="12079497-1506" start="9139">wild type</span>
    </annotation>
    <annotation annotator="" id="SO_2017_06_11_Instance_223313" type="identity">
      <class id="SO_EXT:transgenic_entity" label="transgenic entity"/>
      <span end="9443" id="12079497-1423" start="9433">transgenic</span>
    </annotation>
    <annotation annotator="" id="SO_2017_06_11_Instance_224141" type="identity">
      <class id="SO_EXT:transgenic_entity" label="transgenic entity"/>
      <span end="9447" id="12079497-1447" start="9445">TG</span>
    </annotation>
    <annotation annotator="" id="SO_2017_06_11_Instance_140082" type="identity">
      <class id="SO_EXT:normal_or_wild_type_or_present" label="sequence wild-typeness, normalness or presence"/>
      <span end="9449" id="12079497-1350" start="9448">+</span>
    </annotation>
    <annotation annotator="" id="SO_2017_06_11_Instance_223315" type="identity">
      <class id="SO_EXT:transgenic_entity" label="transgenic entity"/>
      <span end="9564" id="12079497-1425" start="9554">transgenic</span>
    </annotation>
    <annotation annotator="" id="SO_2017_06_11_Instance_223317" type="identity">
      <class id="SO_EXT:transgenic_entity" label="transgenic entity"/>
      <span end="9635" id="12079497-1427" start="9625">transgenic</span>
    </annotation>
    <annotation annotator="" id="SO_2017_06_11_Instance_223319" type="identity">
      <class id="SO_EXT:transgenic_entity" label="transgenic entity"/>
      <span end="9918" id="12079497-1429" start="9908">transgenic</span>
    </annotation>
    <annotation annotator="" id="SO_2017_06_11_Instance_224143" type="identity">
      <class id="SO_EXT:transgenic_entity" label="transgenic entity"/>
      <span end="10123" id="12079497-1449" start="10121">TG</span>
    </annotation>
    <annotation annotator="" id="SO_2017_06_11_Instance_140084" type="identity">
      <class id="SO_EXT:normal_or_wild_type_or_present" label="sequence wild-typeness, normalness or presence"/>
      <span end="10125" id="12079497-1352" start="10124">+</span>
    </annotation>
    <annotation annotator="" id="SO_2017_06_11_Instance_223321" type="identity">
      <class id="SO_EXT:transgenic_entity" label="transgenic entity"/>
      <span end="10137" id="12079497-1431" start="10127">transgenic</span>
    </annotation>
    <annotation annotator="" id="SO_2017_06_11_Instance_224145" type="identity">
      <class id="SO_EXT:transgenic_entity" label="transgenic entity"/>
      <span end="10164" id="12079497-1451" start="10162">TG</span>
    </annotation>
    <annotation annotator="" id="SO_2017_06_11_Instance_140086" type="identity">
      <class id="SO_EXT:normal_or_wild_type_or_present" label="sequence wild-typeness, normalness or presence"/>
      <span end="10166" id="12079497-1354" start="10165">+</span>
    </annotation>
    <annotation annotator="" id="SO_2017_06_11_Instance_223323" type="identity">
      <class id="SO_EXT:transgenic_entity" label="transgenic entity"/>
      <span end="10178" id="12079497-1433" start="10168">transgenic</span>
    </annotation>
    <annotation annotator="" id="SO_2017_06_11_Instance_224147" type="identity">
      <class id="SO_EXT:transgenic_entity" label="transgenic entity"/>
      <span end="10209" id="12079497-1453" start="10207">TG</span>
    </annotation>
    <annotation annotator="" id="SO_2017_06_11_Instance_140088" type="identity">
      <class id="SO_EXT:normal_or_wild_type_or_present" label="sequence wild-typeness, normalness or presence"/>
      <span end="10211" id="12079497-1356" start="10210">+</span>
    </annotation>
    <annotation annotator="" id="SO_2017_06_11_Instance_223325" type="identity">
      <class id="SO_EXT:transgenic_entity" label="transgenic entity"/>
      <span end="10223" id="12079497-1435" start="10213">transgenic</span>
    </annotation>
    <annotation annotator="" id="SO_2017_06_11_Instance_224149" type="identity">
      <class id="SO_EXT:transgenic_entity" label="transgenic entity"/>
      <span end="10248" id="12079497-1455" start="10246">TG</span>
    </annotation>
    <annotation annotator="" id="SO_2017_06_11_Instance_140090" type="identity">
      <class id="SO_EXT:normal_or_wild_type_or_present" label="sequence wild-typeness, normalness or presence"/>
      <span end="10250" id="12079497-1358" start="10249">+</span>
    </annotation>
    <annotation annotator="" id="SO_2017_06_11_Instance_223327" type="identity">
      <class id="SO_EXT:transgenic_entity" label="transgenic entity"/>
      <span end="10262" id="12079497-1437" start="10252">transgenic</span>
    </annotation>
    <annotation annotator="Mike Bada, University of Colorado School of Medicine" id="SO_2017_06_11_Instance_42465" type="identity">
      <class id="SO_EXT:0000902" label="transgene"/>
      <span end="10384" id="12079497-1508" start="10374">transgenes</span>
    </annotation>
    <annotation annotator="" id="SO_2017_06_11_Instance_223329" type="identity">
      <class id="SO_EXT:transgenic_entity" label="transgenic entity"/>
      <span end="10602" id="12079497-1439" start="10592">transgenic</span>
    </annotation>
    <annotation annotator="" id="SO_2017_06_11_Instance_223331" type="identity">
      <class id="SO_EXT:transgenic_entity" label="transgenic entity"/>
      <span end="10867" id="12079497-1441" start="10857">transgenic</span>
    </annotation>
    <annotation annotator="Mike Bada, University of Colorado School of Medicine" id="SO_2017_06_11_Instance_42467" type="identity">
      <class id="SO_EXT:0000902" label="transgene"/>
      <span end="11375" id="12079497-1510" start="11366">transgene</span>
    </annotation>
    <annotation annotator="Mike Bada, University of Colorado School of Medicine" id="SO_2017_06_11_Instance_42469" type="identity">
      <class id="SO_EXT:0000167" label="promoter"/>
      <span end="11623" id="12079497-1512" start="11615">promoter</span>
    </annotation>
    <annotation annotator="Mike Bada, University of Colorado School of Medicine" id="SO_2017_06_11_Instance_42471" type="identity">
      <class id="SO_EXT:0000165" label="enhancer"/>
      <span end="11632" id="12079497-1514" start="11624">enhancer</span>
    </annotation>
    <annotation annotator="" id="SO_2017_06_11_Instance_140092" type="identity">
      <class id="SO_EXT:sequence_variant_or_variation" label="sequence variant entity or quality"/>
      <span end="11692" id="12079497-1360" start="11685">variant</span>
    </annotation>
    <annotation annotator="" id="SO_2017_06_11_backup_Instance_17494" type="identity">
      <class id="CHEBI_SO_EXT:molecular_label_or_mark_or_tag_process" label="molecular label/mark/tag process"/>
      <span end="11794" id="12079497-1274" start="11788">tagged</span>
    </annotation>
    <annotation annotator="" id="SO_2017_06_11_Instance_223333" type="identity">
      <class id="SO_EXT:transgenic_entity" label="transgenic entity"/>
      <span end="12195" id="12079497-1443" start="12185">transgenic</span>
    </annotation>
    <annotation annotator="" id="SO_2017_06_11_backup_Instance_17496" type="identity">
      <class id="CHEBI_SO_EXT:molecular_label_or_mark_or_tag_process" label="molecular label/mark/tag process"/>
      <span end="12968" id="12079497-1276" start="12965">tag</span>
    </annotation>
    <annotation annotator="" id="SO_2017_06_11_Instance_184907" type="identity">
      <class id="SO_EXT:sequence_altered_entity_or_alteration_process" label="sequence-altered entity or alteration process"/>
      <span end="12980" id="12079497-1398" start="12974">mutant</span>
    </annotation>
    <annotation annotator="Mike Bada, University of Colorado School of Medicine" id="SO_2017_06_11_Instance_42473" type="identity">
      <class id="SO_EXT:wild_type_entity_or_quality" label="wild-typeness or wild-type entity"/>
      <span end="12994" id="12079497-1516" start="12985">wild type</span>
    </annotation>
    <annotation annotator="" id="SO_2017_06_11_backup_Instance_17498" type="identity">
      <class id="CHEBI_SO_EXT:molecular_label_or_mark_or_tag_process" label="molecular label/mark/tag process"/>
      <span end="13451" id="12079497-1278" start="13445">tagged</span>
    </annotation>
    <annotation annotator="" id="SO_2017_06_11_backup_Instance_17500" type="identity">
      <class id="CHEBI_SO_EXT:molecular_label_or_mark_or_tag_process" label="molecular label/mark/tag process"/>
      <span end="13592" id="12079497-1280" start="13586">tagged</span>
    </annotation>
    <annotation annotator="" id="SO_2017_06_11_backup_Instance_17502" type="identity">
      <class id="CHEBI_SO_EXT:molecular_label_or_mark_or_tag_process" label="molecular label/mark/tag process"/>
      <span end="15241" id="12079497-1282" start="15235">tagged</span>
    </annotation>
    <annotation annotator="Mike Bada, University of Colorado School of Medicine" id="SO_2017_06_11_Instance_42475" type="identity">
      <class id="SO_EXT:0000902" label="transgene"/>
      <span end="15477" id="12079497-1518" start="15468">transgene</span>
    </annotation>
    <annotation annotator="Mike Bada, University of Colorado School of Medicine" id="SO_2017_06_11_Instance_42477" type="identity">
      <class id="SO_EXT:0000902" label="transgene"/>
      <span end="15537" id="12079497-1520" start="15528">transgene</span>
    </annotation>
    <annotation annotator="Mike Bada, University of Colorado School of Medicine" id="SO_2017_06_11_Instance_42479" type="identity">
      <class id="SO_EXT:0000902" label="transgene"/>
      <span end="15826" id="12079497-1522" start="15817">transgene</span>
    </annotation>
    <annotation annotator="" id="SO_2017_06_11_backup_Instance_17504" type="identity">
      <class id="CHEBI_SO_EXT:molecular_label_or_mark_or_tag_process" label="molecular label/mark/tag process"/>
      <span end="15982" id="12079497-1284" start="15976">tagged</span>
    </annotation>
    <annotation annotator="Mike Bada, University of Colorado School of Medicine" id="SO_2017_06_11_Instance_42481" type="identity">
      <class id="SO_EXT:0000902" label="transgene"/>
      <span end="16121" id="12079497-1524" start="16112">transgene</span>
    </annotation>
    <annotation annotator="Mike Bada, University of Colorado School of Medicine" id="SO_2017_06_11_Instance_42483" type="identity">
      <class id="SO_EXT:0000902" label="transgene"/>
      <span end="16175" id="12079497-1526" start="16166">transgene</span>
    </annotation>
    <annotation annotator="" id="SO_2017_06_11_Instance_120570" type="identity">
      <class id="SO_EXT:sequence_cloning_process" label="sequence cloning process"/>
      <span end="16213" id="12079497-1306" start="16205">clonally</span>
    </annotation>
    <annotation annotator="" id="SO_2017_06_11_Instance_170903" type="identity">
      <class id="SO_EXT:sequence_variant_entity" label="sequence variant entity"/>
      <span end="16595" id="12079497-1390" start="16587">variants</span>
    </annotation>
    <annotation annotator="Mike Bada, University of Colorado School of Medicine" id="SO_2017_06_11_Instance_42485" type="identity">
      <class id="SO_EXT:0000704" label="gene"/>
      <span end="17109" id="12079497-1528" start="17105">gene</span>
    </annotation>
    <annotation annotator="" id="SO_2017_06_11_backup_Instance_17506" type="identity">
      <class id="CHEBI_SO_EXT:molecular_label_or_mark_or_tag_process" label="molecular label/mark/tag process"/>
      <span end="17285" id="12079497-1286" start="17279">tagged</span>
    </annotation>
    <annotation annotator="" id="SO_2017_06_11_Instance_170905" type="identity">
      <class id="SO_EXT:sequence_variant_entity" label="sequence variant entity"/>
      <span end="17803" id="12079497-1392" start="17795">variants</span>
    </annotation>
    <annotation annotator="" id="SO_2017_06_11_backup_Instance_17508" type="identity">
      <class id="CHEBI_SO_EXT:molecular_label_or_mark_or_tag_process" label="molecular label/mark/tag process"/>
      <span end="17930" id="12079497-1288" start="17924">tagged</span>
    </annotation>
    <annotation annotator="" id="SO_2017_06_11_Instance_223335" type="identity">
      <class id="SO_EXT:transgenic_entity" label="transgenic entity"/>
      <span end="17941" id="12079497-1445" start="17931">transgenic</span>
    </annotation>
    <annotation annotator="" id="SO_2017_06_11_Instance_140100" type="identity">
      <class id="SO_EXT:transgenic_entity" label="transgenic entity"/>
      <span end="18307" id="12079497-1362" start="18296">transgenics</span>
    </annotation>
    <annotation annotator="" id="SO_2017_06_11_backup_Instance_17510" type="identity">
      <class id="CHEBI_SO_EXT:molecular_label_or_mark_or_tag_process" label="molecular label/mark/tag process"/>
      <span end="18396" id="12079497-1290" start="18390">tagged</span>
    </annotation>
    <annotation annotator="" id="SO_2017_06_11_Instance_140033" type="identity">
      <class id="SO_EXT:sequence_alteration_process" label="sequence alteration process"/>
      <span end="18462" id="12079497-1320" start="18450">manipulating</span>
    </annotation>
    <annotation annotator="Mike Bada, University of Colorado School of Medicine" id="SO_2017_06_11_Instance_42487" type="identity">
      <class id="SO_EXT:0001026" label="genome"/>
      <span end="18479" id="12079497-1530" start="18473">genome</span>
    </annotation>
    <annotation annotator="Mike Bada, University of Colorado School of Medicine" id="SO_2017_06_11_Instance_42489" type="identity">
      <class id="SO_EXT:0000440" label="vector_replicon"/>
      <span end="18557" id="12079497-1532" start="18551">Vector</span>
    </annotation>
    <annotation annotator="" id="SO_2017_06_11_Instance_140102" type="identity">
      <class id="SO_EXT:cDNA" label="complementary DNA"/>
      <span end="18577" id="12079497-1364" start="18572">cDNAs</span>
    </annotation>
    <annotation annotator="" id="SO_2017_06_11_Instance_91247" type="identity">
      <class id="SO_EXT:sequence_coding_function" label="sequence coding function"/>
      <span end="18586" id="12079497-1574" start="18578">encoding</span>
    </annotation>
    <annotation annotator="Mike Bada, University of Colorado School of Medicine" id="SO_2017_06_11_Instance_42491" type="identity">
      <class id="SO_EXT:0000155" label="plasmid"/>
      <span end="18636" id="12079497-1534" start="18628">plasmids</span>
    </annotation>
    <annotation annotator="Mike Bada, University of Colorado School of Medicine" id="SO_2017_06_11_Instance_42493" type="identity">
      <class id="SO_EXT:0000112" label="primer"/>
      <span end="18754" id="12079497-1536" start="18747">primers</span>
    </annotation>
    <annotation annotator="Mike Bada, University of Colorado School of Medicine" id="SO_2017_06_11_Instance_42495" type="identity">
      <class id="SO_EXT:0000112" label="primer"/>
      <span end="18876" id="12079497-1538" start="18869">primers</span>
    </annotation>
    <annotation annotator="" id="SO_2017_06_11_Instance_140106" type="identity">
      <class id="SO_EXT:0000112" label="primer"/>
      <span end="19003" id="12079497-1368" start="18996">primers</span>
    </annotation>
    <annotation annotator="Mike Bada, University of Colorado School of Medicine" id="SO_2017_06_11_Instance_19341" type="identity">
      <class id="SO_EXT:0000994" label="consensus_region"/>
      <span end="19029" id="12079497-1406" start="19020">consensus</span>
      <span end="19057" id="12079497-1407" start="19053">site</span>
    </annotation>
    <annotation annotator="Mike Bada, University of Colorado School of Medicine" id="SO_2017_06_11_Instance_42499" type="identity">
      <class id="SO_EXT:0000323" label="coding_start"/>
      <span end="19057" id="12079497-1540" start="19030">translation initiation site</span>
    </annotation>
    <annotation annotator="" id="SO_2017_06_11_Instance_20090" type="identity">
      <class id="SO_EXT:sequence_upstreamness" label="sequence upstreamness"/>
      <span end="19066" id="12079497-1409" start="19058">upstream</span>
    </annotation>
    <annotation annotator="Mike Bada, University of Colorado School of Medicine" id="SO_2017_06_11_Instance_42501" type="identity">
      <class id="SO_EXT:0000440" label="vector_replicon"/>
      <span end="19161" id="12079497-1542" start="19154">vectors</span>
    </annotation>
    <annotation annotator="Mike Bada, University of Colorado School of Medicine" id="SO_2017_06_11_Instance_42503" type="identity">
      <class id="SO_EXT:0000902" label="transgene"/>
      <span end="19190" id="12079497-1544" start="19181">transgene</span>
    </annotation>
    <annotation annotator="" id="SO_2017_06_11_Instance_140104" type="identity">
      <class id="SO_EXT:cDNA" label="complementary DNA"/>
      <span end="19247" id="12079497-1366" start="19242">cDNAs</span>
    </annotation>
    <annotation annotator="" id="SO_2017_06_11_Instance_100390" type="identity">
      <class id="SO_EXT:sequence_insertion_process" label="sequence insertion process"/>
      <span end="19285" id="12079497-1294" start="19277">inserted</span>
    </annotation>
    <annotation annotator="Mike Bada, University of Colorado School of Medicine" id="SO_2017_06_11_Instance_42505" type="identity">
      <class id="SO_EXT:0000167" label="promoter"/>
      <span end="19415" id="12079497-1546" start="19407">promoter</span>
    </annotation>
    <annotation annotator="Mike Bada, University of Colorado School of Medicine" id="SO_2017_06_11_Instance_23697" type="identity">
      <class id="SO_EXT:0000190" label="five_prime_intron"/>
      <span end="19432" id="12079497-1461" start="19420">first intron</span>
    </annotation>
    <annotation annotator="Mike Bada, University of Colorado School of Medicine" id="SO_2017_06_11_Instance_42507" type="identity">
      <class id="SO_EXT:0000165" label="enhancer"/>
      <span end="19476" id="12079497-1548" start="19468">enhancer</span>
    </annotation>
    <annotation annotator="Mike Bada, University of Colorado School of Medicine" id="SO_2017_06_11_Instance_23699" type="identity">
      <class id="SO_EXT:0000551" label="polyA_signal_sequence"/>
      <span end="19523" id="12079497-1463" start="19501">polyadenylation signal</span>
    </annotation>
    <annotation annotator="Mike Bada, University of Colorado School of Medicine" id="SO_2017_06_11_Instance_42509" type="identity">
      <class id="SO_EXT:0000167" label="promoter"/>
      <span end="19538" id="12079497-1550" start="19530">promoter</span>
    </annotation>
    <annotation annotator="Mike Bada, University of Colorado School of Medicine" id="SO_2017_06_11_Instance_42511" type="identity">
      <class id="SO_EXT:0000165" label="enhancer"/>
      <span end="19547" id="12079497-1552" start="19539">enhancer</span>
    </annotation>
    <annotation annotator="Mike Bada, University of Colorado School of Medicine" id="SO_2017_06_11_Instance_42513" type="identity">
      <class id="SO_EXT:0000902" label="transgene"/>
      <span end="19626" id="12079497-1554" start="19617">transgene</span>
    </annotation>
    <annotation annotator="" id="SO_2017_06_11_Instance_91715" type="identity">
      <class id="SO_EXT:sequence_linearization" label="sequence linearization"/>
      <span end="19845" id="12079497-1576" start="19835">linearized</span>
    </annotation>
    <annotation annotator="" id="SO_2017_06_11_Instance_140108" type="identity">
      <class id="SO:0000988" label="circular"/>
      <span end="19944" id="12079497-1370" start="19936">circular</span>
    </annotation>
    <annotation annotator="" id="SO_2017_06_11_Instance_140110" type="identity">
      <class id="SO_EXT:sequence_cloned_entity" label="sequence-cloned entity"/>
      <span end="20327" id="12079497-1372" start="20321">Clones</span>
    </annotation>
    <annotation annotator="Mike Bada, University of Colorado School of Medicine" id="SO_2017_06_11_Instance_42519" type="identity">
      <class id="SO_EXT:0000902" label="transgene"/>
      <span end="20386" id="12079497-1556" start="20377">transgene</span>
    </annotation>
    <annotation annotator="Mike Bada, University of Colorado School of Medicine" id="SO_2017_06_11_Instance_42521" type="identity">
      <class id="SO_EXT:0000902" label="transgene"/>
      <span end="20535" id="12079497-1558" start="20526">transgene</span>
    </annotation>
    <annotation annotator="Mike Bada, University of Colorado School of Medicine" id="SO_2017_06_11_Instance_42523" type="identity">
      <class id="SO_EXT:0000902" label="transgene"/>
      <span end="20620" id="12079497-1560" start="20611">transgene</span>
    </annotation>
    <annotation annotator="Mike Bada, University of Colorado School of Medicine" id="SO_2017_06_11_Instance_42525" type="identity">
      <class id="SO_EXT:wild_type_entity_or_quality" label="wild-typeness or wild-type entity"/>
      <span end="20716" id="12079497-1562" start="20707">wild type</span>
    </annotation>
    <annotation annotator="" id="SO_2017_06_11_Instance_140112" type="identity">
      <class id="SO_EXT:sequence_cloned_entity" label="sequence-cloned entity"/>
      <span end="20892" id="12079497-1374" start="20886">Clones</span>
    </annotation>
    <annotation annotator="Mike Bada, University of Colorado School of Medicine" id="SO_2017_06_11_Instance_42529" type="identity">
      <class id="SO_EXT:wild_type_entity_or_quality" label="wild-typeness or wild-type entity"/>
      <span end="21061" id="12079497-1564" start="21052">wild type</span>
    </annotation>
    <annotation annotator="Mike Bada, University of Colorado School of Medicine" id="SO_2017_06_11_Instance_42531" type="identity">
      <class id="SO_EXT:0000902" label="transgene"/>
      <span end="21145" id="12079497-1566" start="21135">transgenes</span>
    </annotation>
    <annotation annotator="Mike Bada, University of Colorado School of Medicine" id="SO_2017_06_11_Instance_42533" type="identity">
      <class id="SO_EXT:0000902" label="transgene"/>
      <span end="21183" id="12079497-1568" start="21173">Transgenes</span>
    </annotation>
    <annotation annotator="Mike Bada, University of Colorado School of Medicine" id="SO_2017_06_11_Instance_10573" type="identity">
      <class id="SO_EXT:0000704" label="gene"/>
      <span end="21248" id="12079497-1300" start="21241">genetic</span>
    </annotation>
    <annotation annotator="" id="SO_2017_06_11_Instance_185073" type="identity">
      <class id="SO_EXT:sequence_altered_entity_or_alteration_process" label="sequence-altered entity or alteration process"/>
      <span end="22278" id="12079497-1400" start="22272">Mutant</span>
    </annotation>
    <annotation annotator="Mike Bada, University of Colorado School of Medicine" id="SO_2017_06_11_Instance_42535" type="identity">
      <class id="SO_EXT:0000155" label="plasmid"/>
      <span end="22479" id="12079497-1570" start="22472">plasmid</span>
    </annotation>
    <graph-space id="Old Knowtator Relations"/>
  </document>
</knowtator-project>
