<?xml version="1.0" encoding="UTF-8" standalone="no"?>
<knowtator-project>
    <document id="14609438" text-file="14609438.txt">
        <annotation annotator="" id="SO_2017_06_11_Instance_225148" type="identity">
            <class id="SO_EXT:biological_conservation_process_or_quality" label="biological conservation process or quality"/>
            <span end="76" id="14609438-2865" start="67">conserved</span>
        </annotation>
        <annotation annotator="" id="SO_2017_06_11_backup_Instance_10012" type="identity">
            <class id="CHEBI_SO_EXT:serine" label="serine"/>
            <span end="117" id="14609438-2444" start="111">serine</span>
        </annotation>
        <annotation annotator="" id="SO_2017_06_11_backup_Instance_16222" type="identity">
            <class id="CHEBI_SO_EXT:tripeptide" label="tripeptide"/>
            <span end="172" id="14609438-2516" start="161">Tripeptidyl</span>
        </annotation>
        <annotation annotator="" id="SO_2017_06_11_backup_Instance_10000" type="identity">
            <class id="CHEBI_SO_EXT:serine" label="serine"/>
            <span end="253" id="14609438-2442" start="247">serine</span>
        </annotation>
        <annotation annotator="" id="SO_2017_06_11_Instance_170006" type="identity">
            <class id="CHEBI_GO_SO_EXT:enzyme" label="enzyme"/>
            <span end="323" id="14609438-2546" start="317">enzyme</span>
        </annotation>
        <annotation annotator="" id="SO_2017_06_11_Instance_170008" type="identity">
            <class id="CHEBI_GO_SO_EXT:enzyme" label="enzyme"/>
            <span end="439" id="14609438-2548" start="432">enzymes</span>
        </annotation>
        <annotation annotator="Mike Bada, University of Colorado School of Medicine" id="SO_2017_06_11_Instance_30567" type="identity">
            <class id="SO_EXT:0001026" label="genome"/>
            <span end="470" id="14609438-2923" start="463">genomic</span>
        </annotation>
        <annotation annotator="" id="SO_2017_06_11_Instance_160102" type="identity">
            <class id="SO_EXT:biological_sequence" label="biological sequence"/>
            <span end="480" id="14609438-2540" start="471">sequences</span>
        </annotation>
        <annotation annotator="Mike Bada, University of Colorado School of Medicine" id="SO_2017_06_11_Instance_25175" type="identity">
            <class id="SO_EXT:0000855" label="orthologous_region"/>
            <span end="672" id="14609438-2909" start="663">orthologs</span>
        </annotation>
        <annotation annotator="Mike Bada, University of Colorado School of Medicine" id="SO_2017_06_11_Instance_30575" type="identity">
            <class id="SO_EXT:0001026" label="genome"/>
            <span end="701" id="14609438-2931" start="694">genomic</span>
        </annotation>
        <annotation annotator="" id="SO_2017_06_11_Instance_160104" type="identity">
            <class id="SO_EXT:biological_sequence" label="biological sequence"/>
            <span end="711" id="14609438-2542" start="702">sequences</span>
        </annotation>
        <annotation annotator="" id="SO_2017_06_11_Instance_170010" type="identity">
            <class id="CHEBI_GO_SO_EXT:enzyme" label="enzyme"/>
            <span end="754" id="14609438-2550" start="747">Enzymes</span>
        </annotation>
        <annotation annotator="" id="SO_2017_06_11_Instance_160106" type="identity">
            <class id="SO_EXT:biological_sequence" label="biological sequence"/>
            <span end="769" id="14609438-2544" start="760">sequences</span>
        </annotation>
        <annotation annotator="Mike Bada, University of Colorado School of Medicine" id="SO_2017_06_11_Instance_42703" type="identity">
            <class id="SO_EXT:0001026" label="genome"/>
            <span end="826" id="14609438-2959" start="819">genomes</span>
        </annotation>
        <annotation annotator="" id="SO_2017_06_11_Instance_170012" type="identity">
            <class id="CHEBI_GO_SO_EXT:enzyme" label="enzyme"/>
            <span end="916" id="14609438-2552" start="909">enzymes</span>
        </annotation>
        <annotation annotator="Mike Bada, University of Colorado School of Medicine" id="SO_2017_06_11_Instance_18073" type="identity">
            <class id="SO:0000857" label="homologous"/>
            <span end="1075" id="14609438-2823" start="1067">homology</span>
        </annotation>
        <annotation annotator="" id="SO_2017_06_11_Instance_225150" type="identity">
            <class id="SO_EXT:biological_conservation_process_or_quality" label="biological conservation process or quality"/>
            <span end="1154" id="14609438-2867" start="1145">conserved</span>
        </annotation>
        <annotation annotator="Mike Bada, University of Colorado School of Medicine" id="SO_2017_06_11_Instance_33161" type="identity">
            <class id="SO_EXT:0100019" label="polypeptide_catalytic_motif"/>
            <span end="1327" id="14609438-2945" start="1316">active site</span>
        </annotation>
        <annotation annotator="" id="SO_2017_06_11_Instance_225152" type="identity">
            <class id="SO_EXT:biological_conservation_process_or_quality" label="biological conservation process or quality"/>
            <span end="1363" id="14609438-2869" start="1354">conserved</span>
        </annotation>
        <annotation annotator="" id="SO_2017_06_11_Instance_170014" type="identity">
            <class id="CHEBI_GO_SO_EXT:enzyme" label="enzyme"/>
            <span end="1392" id="14609438-2554" start="1385">enzymes</span>
        </annotation>
        <annotation annotator="" id="SO_2017_06_11_Instance_170016" type="identity">
            <class id="CHEBI_GO_SO_EXT:enzyme" label="enzyme"/>
            <span end="1622" id="14609438-2556" start="1615">enzymes</span>
        </annotation>
        <annotation annotator="" id="SO_2017_06_11_backup_Instance_16224" type="identity">
            <class id="CHEBI_SO_EXT:tripeptide" label="tripeptide"/>
            <span end="1728" id="14609438-2518" start="1717">tripeptidyl</span>
        </annotation>
        <annotation annotator="" id="SO_2017_06_11_Instance_170018" type="identity">
            <class id="CHEBI_GO_SO_EXT:enzyme" label="enzyme"/>
            <span end="1999" id="14609438-2558" start="1993">enzyme</span>
        </annotation>
        <annotation annotator="" id="SO_2017_06_11_Instance_170464" type="identity">
            <class id="SO_EXT:sequence_alteration_entity_or_process" label="sequence alteration entity or process"/>
            <span end="2051" id="14609438-2666" start="2042">mutations</span>
        </annotation>
        <annotation annotator="" id="SO_2017_06_11_Instance_170020" type="identity">
            <class id="CHEBI_GO_SO_EXT:enzyme" label="enzyme"/>
            <span end="2091" id="14609438-2560" start="2082">enzymatic</span>
        </annotation>
        <annotation annotator="" id="SO_2017_06_11_backup_Instance_10016" type="identity">
            <class id="CHEBI_SO_EXT:serine" label="serine"/>
            <span end="2321" id="14609438-2446" start="2315">serine</span>
        </annotation>
        <annotation annotator="Mike Bada, University of Colorado School of Medicine" id="SO_2017_06_11_Instance_33255" type="identity">
            <class id="SO_EXT:0100019" label="polypeptide_catalytic_motif"/>
            <span end="2425" id="14609438-2957" start="2411">catalytic site</span>
        </annotation>
        <annotation annotator="" id="SO_2017_06_11_Instance_170022" type="identity">
            <class id="CHEBI_GO_SO_EXT:enzyme" label="enzyme"/>
            <span end="2508" id="14609438-2562" start="2501">enzymes</span>
        </annotation>
        <annotation annotator="" id="SO_2017_06_11_Instance_170024" type="identity">
            <class id="CHEBI_GO_SO_EXT:enzyme" label="enzyme"/>
            <span end="2595" id="14609438-2564" start="2588">enzymes</span>
        </annotation>
        <annotation annotator="" id="SO_2017_06_11_Instance_170466" type="identity">
            <class id="SO_EXT:biological_sequence" label="biological sequence"/>
            <span end="2619" id="14609438-2668" start="2611">sequence</span>
        </annotation>
        <annotation annotator="" id="SO_2017_06_11_Instance_170026" type="identity">
            <class id="CHEBI_GO_SO_EXT:enzyme" label="enzyme"/>
            <span end="2741" id="14609438-2566" start="2734">enzymes</span>
        </annotation>
        <annotation annotator="" id="SO_2017_06_11_backup_Instance_10018" type="identity">
            <class id="CHEBI_SO_EXT:serine" label="serine"/>
            <span end="2774" id="14609438-2448" start="2768">serine</span>
        </annotation>
        <annotation annotator="" id="SO_2017_06_11_Instance_225154" type="identity">
            <class id="SO_EXT:biological_conservation_process_or_quality" label="biological conservation process or quality"/>
            <span end="2857" id="14609438-2871" start="2848">conserved</span>
        </annotation>
        <annotation annotator="" id="SO_2017_06_11_Instance_170468" type="identity">
            <class id="CHEBI_SO_EXT:serine" label="serine"/>
            <span end="2878" id="14609438-2670" start="2875">Ser</span>
        </annotation>
        <annotation annotator="" id="SO_2017_06_11_Instance_170470" type="identity">
            <class id="CHEBI_SO_EXT:glutamic_acid" label="glutamic acid"/>
            <span end="2883" id="14609438-2672" start="2880">Glu</span>
        </annotation>
        <annotation annotator="" id="SO_2017_06_11_Instance_170473" type="identity">
            <class id="CHEBI_SO_EXT:aspartate_or_aspartic_acid" label="aspartate or aspartic acid"/>
            <span end="2888" id="14609438-2674" start="2885">Asp</span>
        </annotation>
        <annotation annotator="" id="SO_2017_06_11_Instance_170475" type="identity">
            <class id="CHEBI_SO_EXT:aspartate_or_aspartic_acid" label="aspartate or aspartic acid"/>
            <span end="2919" id="14609438-2676" start="2916">Asp</span>
        </annotation>
        <annotation annotator="" id="SO_2017_06_11_Instance_170907" type="identity">
            <class id="SO_EXT:sequence_variant_entity" label="sequence variant entity"/>
            <span end="2980" id="14609438-2819" start="2972">variants</span>
        </annotation>
        <annotation annotator="" id="SO_2017_06_11_Instance_170909" type="identity">
            <class id="SO_EXT:sequence_variant_entity" label="sequence variant entity"/>
            <span end="3155" id="14609438-2821" start="3147">variants</span>
        </annotation>
        <annotation annotator="" id="SO_2017_06_11_Instance_170028" type="identity">
            <class id="CHEBI_GO_SO_EXT:enzyme" label="enzyme"/>
            <span end="3327" id="14609438-2568" start="3320">enzymes</span>
        </annotation>
        <annotation annotator="Mike Bada, University of Colorado School of Medicine" id="SO_2017_06_11_Instance_30569" type="identity">
            <class id="SO_EXT:0001026" label="genome"/>
            <span end="3367" id="14609438-2925" start="3360">genomic</span>
        </annotation>
        <annotation annotator="" id="SO_2017_06_11_Instance_170030" type="identity">
            <class id="CHEBI_GO_SO_EXT:enzyme" label="enzyme"/>
            <span end="3483" id="14609438-2570" start="3477">enzyme</span>
        </annotation>
        <annotation annotator="" id="SO_2017_06_11_Instance_170032" type="identity">
            <class id="CHEBI_GO_SO_EXT:enzyme" label="enzyme"/>
            <span end="3722" id="14609438-2572" start="3716">enzyme</span>
        </annotation>
        <annotation annotator="Mike Bada, University of Colorado School of Medicine" id="SO_2017_06_11_Instance_18075" type="identity">
            <class id="SO:0000857" label="homologous"/>
            <span end="4052" id="14609438-2825" start="4044">homology</span>
        </annotation>
        <annotation annotator="" id="SO_2017_06_11_Instance_170034" type="identity">
            <class id="CHEBI_GO_SO_EXT:enzyme" label="enzyme"/>
            <span end="4194" id="14609438-2574" start="4187">enzymes</span>
        </annotation>
        <annotation annotator="" id="SO_2017_06_11_Instance_170481" type="identity">
            <class id="SO_EXT:biological_sequence" label="biological sequence"/>
            <span end="4271" id="14609438-2678" start="4263">Sequence</span>
        </annotation>
        <annotation annotator="" id="SO_2017_06_11_Instance_170036" type="identity">
            <class id="CHEBI_GO_SO_EXT:enzyme" label="enzyme"/>
            <span end="4308" id="14609438-2576" start="4301">enzymes</span>
        </annotation>
        <annotation annotator="" id="SO_2017_06_11_Instance_170038" type="identity">
            <class id="CHEBI_GO_SO_EXT:enzyme" label="enzyme"/>
            <span end="4327" id="14609438-2578" start="4320">enzymes</span>
        </annotation>
        <annotation annotator="Mike Bada, University of Colorado School of Medicine" id="SO_2017_06_11_Instance_42717" type="identity">
            <class id="SO:0000857" label="homologous"/>
            <span end="4338" id="14609438-2961" start="4328">homologous</span>
        </annotation>
        <annotation annotator="" id="SO_2017_06_11_Instance_225156" type="identity">
            <class id="SO_EXT:biological_conservation_process_or_quality" label="biological conservation process or quality"/>
            <span end="4411" id="14609438-2873" start="4402">conserved</span>
        </annotation>
        <annotation annotator="" id="SO_2017_06_11_Instance_170483" type="identity">
            <class id="SO_EXT:biological_sequence" label="biological sequence"/>
            <span end="4421" id="14609438-2680" start="4412">sequences</span>
        </annotation>
        <annotation annotator="" id="SO_2017_06_11_Instance_170040" type="identity">
            <class id="CHEBI_GO_SO_EXT:enzyme" label="enzyme"/>
            <span end="4447" id="14609438-2580" start="4440">enzymes</span>
        </annotation>
        <annotation annotator="Mike Bada, University of Colorado School of Medicine" id="SO_2017_06_11_Instance_33181" type="identity">
            <class id="SO_EXT:0001062" label="propeptide"/>
            <span end="4479" id="14609438-2949" start="4469">prosegment</span>
        </annotation>
        <annotation annotator="Mike Bada, University of Colorado School of Medicine" id="SO_2017_06_11_Instance_30579" type="identity">
            <class id="SO_EXT:0000417" label="polypeptide_domain"/>
            <span end="4582" id="14609438-2933" start="4576">domain</span>
        </annotation>
        <annotation annotator="" id="SO_2017_06_11_Instance_170485" type="identity">
            <class id="SO_EXT:biological_sequence" label="biological sequence"/>
            <span end="4602" id="14609438-2682" start="4593">sequences</span>
        </annotation>
        <annotation annotator="" id="SO_2017_06_11_Instance_170042" type="identity">
            <class id="CHEBI_GO_SO_EXT:enzyme" label="enzyme"/>
            <span end="4744" id="14609438-2582" start="4737">enzymes</span>
        </annotation>
        <annotation annotator="" id="SO_2017_06_11_backup_Instance_10020" type="identity">
            <class id="CHEBI_SO_EXT:amino_acid" label="amino acid"/>
            <span end="4771" id="14609438-2450" start="4760">amino acids</span>
        </annotation>
        <annotation annotator="" id="SO_2017_06_11_backup_Instance_10022" type="identity">
            <class id="CHEBI_SO_EXT:polypeptide" label="polypeptide"/>
            <span end="4804" id="14609438-2452" start="4793">polypeptide</span>
        </annotation>
        <annotation annotator="Mike Bada, University of Colorado School of Medicine" id="SO_2017_06_11_Instance_33183" type="identity">
            <class id="SO_EXT:0001062" label="propeptide"/>
            <span end="4841" id="14609438-2951" start="4831">prosegment</span>
        </annotation>
        <annotation annotator="Mike Bada, University of Colorado School of Medicine" id="SO_2017_06_11_Instance_26999" type="identity">
            <class id="SO_EXT:0000417" label="polypeptide_domain"/>
            <span end="4866" id="14609438-2915" start="4860">domain</span>
        </annotation>
        <annotation annotator="" id="SO_2017_06_11_Instance_170487" type="identity">
            <class id="SO_EXT:sequence_deletion_entity_or_process" label="sequence deletion entity or process"/>
            <span end="4927" id="14609438-2684" start="4919">deletion</span>
        </annotation>
        <annotation annotator="Mike Bada, University of Colorado School of Medicine" id="SO_2017_06_11_Instance_33185" type="identity">
            <class id="SO_EXT:0001062" label="propeptide"/>
            <span end="4945" id="14609438-2953" start="4935">prosegment</span>
        </annotation>
        <annotation annotator="" id="SO_2017_06_11_Instance_170489" type="identity">
            <class id="SO_EXT:biological_sequence" label="biological sequence"/>
            <span end="4967" id="14609438-2686" start="4959">sequence</span>
        </annotation>
        <annotation annotator="" id="SO_2017_06_11_Instance_170044" type="identity">
            <class id="CHEBI_GO_SO_EXT:enzyme" label="enzyme"/>
            <span end="4994" id="14609438-2584" start="4987">enzymes</span>
        </annotation>
        <annotation annotator="" id="SO_2017_06_11_Instance_170046" type="identity">
            <class id="CHEBI_GO_SO_EXT:enzyme" label="enzyme"/>
            <span end="5086" id="14609438-2586" start="5079">enzymes</span>
        </annotation>
        <annotation annotator="Mike Bada, University of Colorado School of Medicine" id="SO_2017_06_11_Instance_25177" type="identity">
            <class id="SO_EXT:0000855" label="orthologous_region"/>
            <span end="5227" id="14609438-2911" start="5218">orthologs</span>
        </annotation>
        <annotation annotator="" id="SO_2017_06_11_Instance_225158" type="identity">
            <class id="SO_EXT:biological_conservation_process_or_quality" label="biological conservation process or quality"/>
            <span end="5287" id="14609438-2875" start="5278">conserved</span>
        </annotation>
        <annotation annotator="" id="SO_2017_06_11_Instance_170048" type="identity">
            <class id="CHEBI_GO_SO_EXT:enzyme" label="enzyme"/>
            <span end="5294" id="14609438-2588" start="5288">enzyme</span>
        </annotation>
        <annotation annotator="" id="SO_2017_06_11_Instance_170491" type="identity">
            <class id="SO_EXT:biological_sequence" label="biological sequence"/>
            <span end="5315" id="14609438-2688" start="5307">Sequence</span>
        </annotation>
        <annotation annotator="" id="SO_2017_06_11_Instance_170050" type="identity">
            <class id="CHEBI_GO_SO_EXT:enzyme" label="enzyme"/>
            <span end="5358" id="14609438-2590" start="5351">enzymes</span>
        </annotation>
        <annotation annotator="" id="SO_2017_06_11_Instance_170493" type="identity">
            <class id="SO_EXT:biological_sequence" label="biological sequence"/>
            <span end="5374" id="14609438-2690" start="5365">sequences</span>
        </annotation>
        <annotation annotator="" id="SO_2017_06_11_Instance_170052" type="identity">
            <class id="CHEBI_GO_SO_EXT:enzyme" label="enzyme"/>
            <span end="5409" id="14609438-2592" start="5402">enzymes</span>
        </annotation>
        <annotation annotator="Mike Bada, University of Colorado School of Medicine" id="SO_2017_06_11_Instance_33187" type="identity">
            <class id="SO_EXT:0001062" label="propeptide"/>
            <span end="5435" id="14609438-2955" start="5425">prosegment</span>
        </annotation>
        <annotation annotator="Mike Bada, University of Colorado School of Medicine" id="SO_2017_06_11_Instance_33149" type="identity">
            <class id="SO_EXT:0100019" label="polypeptide_catalytic_motif"/>
            <span end="5469" id="14609438-2935" start="5458">active site</span>
        </annotation>
        <annotation annotator="" id="SO_2017_06_11_Instance_225160" type="identity">
            <class id="SO_EXT:biological_conservation_process_or_quality" label="biological conservation process or quality"/>
            <span end="5524" id="14609438-2877" start="5515">conserved</span>
        </annotation>
        <annotation annotator="" id="SO_2017_06_11_Instance_170054" type="identity">
            <class id="CHEBI_GO_SO_EXT:enzyme" label="enzyme"/>
            <span end="5589" id="14609438-2594" start="5583">enzyme</span>
        </annotation>
        <annotation annotator="" id="SO_2017_06_11_Instance_90334" type="identity">
            <class id="CHEBI_SO_EXT:N_terminus_or_N_terminal_region" label="N-terminus or N-terminal region"/>
            <span end="5804" id="14609438-2999" start="5794">N terminus</span>
        </annotation>
        <annotation annotator="" id="SO_2017_06_11_Instance_170056" type="identity">
            <class id="CHEBI_GO_SO_EXT:enzyme" label="enzyme"/>
            <span end="5825" id="14609438-2596" start="5819">enzyme</span>
        </annotation>
        <annotation annotator="" id="SO_2017_06_11_Instance_170058" type="identity">
            <class id="CHEBI_GO_SO_EXT:enzyme" label="enzyme"/>
            <span end="5904" id="14609438-2598" start="5897">enzymes</span>
        </annotation>
        <annotation annotator="" id="SO_2017_06_11_Instance_170495" type="identity">
            <class id="SO_EXT:biological_sequence" label="biological sequence"/>
            <span end="6006" id="14609438-2692" start="5998">sequence</span>
        </annotation>
        <annotation annotator="Mike Bada, University of Colorado School of Medicine" id="SO_2017_06_11_Instance_42741" type="identity">
            <class id="SO_EXT:0000149" label="contig"/>
            <span end="6040" id="14609438-2963" start="6034">contig</span>
        </annotation>
        <annotation annotator="Mike Bada, University of Colorado School of Medicine" id="SO_2017_06_11_Instance_42743" type="identity">
            <class id="SO_EXT:0000345" label="EST"/>
            <span end="6070" id="14609438-2965" start="6067">EST</span>
        </annotation>
        <annotation annotator="" id="SO_2017_06_11_Instance_170497" type="identity">
            <class id="SO_EXT:biological_sequence" label="biological sequence"/>
            <span end="6115" id="14609438-2694" start="6107">sequence</span>
        </annotation>
        <annotation annotator="" id="SO_2017_06_11_Instance_170060" type="identity">
            <class id="CHEBI_GO_SO_EXT:enzyme" label="enzyme"/>
            <span end="6136" id="14609438-2600" start="6130">enzyme</span>
        </annotation>
        <annotation annotator="" id="SO_2017_06_11_Instance_170578" type="identity">
            <class id="SO_EXT:sequence_alteration_entity_or_process" label="sequence alteration entity or process"/>
            <span end="6209" id="14609438-2769" start="6196">modifications</span>
        </annotation>
        <annotation annotator="" id="SO_2017_06_11_Instance_170632" type="identity">
            <class id="SO_EXT:biological_sequence" label="biological sequence"/>
            <span end="6242" id="14609438-2817" start="6234">sequence</span>
        </annotation>
        <annotation annotator="" id="SO_2017_06_11_Instance_170580" type="identity">
            <class id="SO_EXT:sequence_alteration_entity_or_process" label="sequence alteration entity or process"/>
            <span end="6310" id="14609438-2771" start="6297">modifications</span>
        </annotation>
        <annotation annotator="" id="SO_2017_06_11_Instance_170499" type="identity">
            <class id="SO_EXT:sequence_deletion_entity_or_process" label="sequence deletion entity or process"/>
            <span end="6329" id="14609438-2696" start="6321">deletion</span>
        </annotation>
        <annotation annotator="" id="SO_2017_06_11_backup_Instance_10024" type="identity">
            <class id="CHEBI_SO_EXT:nucleotide" label="nucleotide"/>
            <span end="6352" id="14609438-2454" start="6342">nucleotide</span>
        </annotation>
        <annotation annotator="" id="SO_2017_06_11_Instance_170501" type="identity">
            <class id="SO_EXT:sequence_insertion_entity_or_process" label="sequence insertion entity or process"/>
            <span end="6401" id="14609438-2698" start="6391">insertions</span>
        </annotation>
        <annotation annotator="" id="SO_2017_06_11_Instance_222654" type="identity">
            <class id="SO_EXT:sequence_repeat_unit_or_region" label="sequence repeat unit or region"/>
            <span end="6413" id="14609438-2859" start="6405">repeated</span>
        </annotation>
        <annotation annotator="Mike Bada, University of Colorado School of Medicine" id="SO_2017_06_11_Instance_33173" type="identity">
            <class id="SO_EXT:0000028" label="base_pair"/>
            <span end="6430" id="14609438-2947" start="6414">nucleotide pairs</span>
        </annotation>
        <annotation annotator="" id="SO_2017_06_11_Instance_170582" type="identity">
            <class id="SO_EXT:sequence_alteration_entity_or_process" label="sequence alteration entity or process"/>
            <span end="6487" id="14609438-2773" start="6474">modifications</span>
        </annotation>
        <annotation annotator="" id="SO_2017_06_11_backup_Instance_10028" type="identity">
            <class id="CHEBI_SO_EXT:amino_acid" label="amino acid"/>
            <span end="6563" id="14609438-2456" start="6552">amino acids</span>
        </annotation>
        <annotation annotator="" id="SO_2017_06_11_Instance_170507" type="identity">
            <class id="SO_EXT:biological_sequence" label="biological sequence"/>
            <span end="6602" id="14609438-2700" start="6593">sequences</span>
        </annotation>
        <annotation annotator="Mike Bada, University of Colorado School of Medicine" id="SO_2017_06_11_Instance_42757" type="identity">
            <class id="SO_EXT:0000704" label="gene"/>
            <span end="6694" id="14609438-2967" start="6690">gene</span>
        </annotation>
        <annotation annotator="" id="SO_2017_06_11_Instance_170509" type="identity">
            <class id="SO_EXT:biological_sequence" label="biological sequence"/>
            <span end="6703" id="14609438-2702" start="6695">sequence</span>
        </annotation>
        <annotation annotator="" id="SO_2017_06_11_Instance_170511" type="identity">
            <class id="SO_EXT:biological_sequence" label="biological sequence"/>
            <span end="6748" id="14609438-2704" start="6740">sequence</span>
        </annotation>
        <annotation annotator="" id="SO_2017_06_11_Instance_170513" type="identity">
            <class id="SO_EXT:biological_sequence" label="biological sequence"/>
            <span end="6824" id="14609438-2706" start="6816">sequence</span>
        </annotation>
        <annotation annotator="" id="SO_2017_06_11_Instance_170062" type="identity">
            <class id="CHEBI_GO_SO_EXT:enzyme" label="enzyme"/>
            <span end="6843" id="14609438-2602" start="6837">enzyme</span>
        </annotation>
        <annotation annotator="" id="SO_2017_06_11_Instance_170515" type="identity">
            <class id="SO_EXT:sequence_inversion_process" label="sequence inversion process"/>
            <span end="6853" id="14609438-2708" start="6845">Inserted</span>
        </annotation>
        <annotation annotator="" id="SO_2017_06_11_backup_Instance_10030" type="identity">
            <class id="CHEBI_SO_EXT:nucleotide" label="nucleotide"/>
            <span end="6865" id="14609438-2458" start="6854">nucleotides</span>
        </annotation>
        <annotation annotator="" id="SO_2017_06_11_Instance_80714" type="identity">
            <class id="SO_EXT:sequence_deletion_process" label="sequence deletion process"/>
            <span end="6899" id="14609438-2993" start="6892">deleted</span>
        </annotation>
        <annotation annotator="" id="SO_2017_06_11_backup_Instance_10032" type="identity">
            <class id="CHEBI_SO_EXT:amino_acid" label="amino acid"/>
            <span end="6937" id="14609438-2460" start="6927">amino acid</span>
        </annotation>
        <annotation annotator="" id="SO_2017_06_11_Instance_170517" type="identity">
            <class id="SO_EXT:biological_sequence" label="biological sequence"/>
            <span end="6946" id="14609438-2710" start="6938">sequence</span>
        </annotation>
        <annotation annotator="" id="SO_2017_06_11_Instance_170519" type="identity">
            <class id="SO_EXT:biological_sequence" label="biological sequence"/>
            <span end="7047" id="14609438-2712" start="7038">sequences</span>
        </annotation>
        <annotation annotator="Mike Bada, University of Colorado School of Medicine" id="SO_2017_06_11_Instance_25179" type="identity">
            <class id="SO_EXT:0000855" label="orthologous_region"/>
            <span end="7074" id="14609438-2913" start="7065">orthologs</span>
        </annotation>
        <annotation annotator="" id="SO_2017_06_11_backup_Instance_10034" type="identity">
            <class id="CHEBI_SO_EXT:amino_acid" label="amino acid"/>
            <span end="7141" id="14609438-2462" start="7131">amino acid</span>
        </annotation>
        <annotation annotator="" id="SO_2017_06_11_Instance_170521" type="identity">
            <class id="SO_EXT:biological_sequence" label="biological sequence"/>
            <span end="7150" id="14609438-2714" start="7142">sequence</span>
        </annotation>
        <annotation annotator="" id="SO_2017_06_11_Instance_170064" type="identity">
            <class id="CHEBI_GO_SO_EXT:enzyme" label="enzyme"/>
            <span end="7198" id="14609438-2604" start="7191">enzymes</span>
        </annotation>
        <annotation annotator="" id="SO_2017_06_11_Instance_90336" type="identity">
            <class id="CHEBI_SO_EXT:N_terminus_or_N_terminal_region" label="N-terminus or N-terminal region"/>
            <span end="7223" id="14609438-3001" start="7209">amino terminus</span>
        </annotation>
        <annotation annotator="Mike Bada, University of Colorado School of Medicine" id="SO_2017_06_11_Instance_42769" type="identity">
            <class id="SO_EXT:0001062" label="propeptide"/>
            <span end="7241" id="14609438-2969" start="7231">propeptide</span>
        </annotation>
        <annotation annotator="" id="SO_2017_06_11_backup_Instance_10036" type="identity">
            <class id="CHEBI_SO_EXT:amino_acid" label="amino acid"/>
            <span end="7282" id="14609438-2464" start="7271">amino acids</span>
        </annotation>
        <annotation annotator="" id="SO_2017_06_11_Instance_225455" type="identity">
            <class id="SO_EXT:biological_sequence" label="biological sequence"/>
            <span end="7368" id="14609438-2907" start="7360">sequence</span>
        </annotation>
        <annotation annotator="" id="SO_2017_06_11_Instance_170608" type="identity">
            <class id="SO_EXT:sequence_variation_entity_or_quality" label="sequence variation entity or quality"/>
            <span end="7397" id="14609438-2793" start="7388">variation</span>
        </annotation>
        <annotation annotator="Mike Bada, University of Colorado School of Medicine" id="SO_2017_06_11_Instance_13785" type="identity">
            <class id="SO_EXT:0000717" label="reading_frame"/>
            <span end="7429" id="14609438-2538" start="7417">coding frame</span>
        </annotation>
        <annotation annotator="" id="SO_2017_06_11_backup_Instance_10038" type="identity">
            <class id="CHEBI_SO_EXT:methionine" label="methionine"/>
            <span end="7464" id="14609438-2466" start="7454">methionine</span>
        </annotation>
        <annotation annotator="Mike Bada, University of Colorado School of Medicine" id="SO_2017_06_11_Instance_30571" type="identity">
            <class id="SO_EXT:0001026" label="genome"/>
            <span end="7522" id="14609438-2927" start="7515">genomic</span>
        </annotation>
        <annotation annotator="" id="SO_2017_06_11_Instance_170525" type="identity">
            <class id="SO_EXT:biological_sequence" label="biological sequence"/>
            <span end="7531" id="14609438-2716" start="7523">sequence</span>
        </annotation>
        <annotation annotator="" id="SO_2017_06_11_Instance_170527" type="identity">
            <class id="SO_EXT:biological_sequence" label="biological sequence"/>
            <span end="7600" id="14609438-2718" start="7591">Sequences</span>
        </annotation>
        <annotation annotator="Mike Bada, University of Colorado School of Medicine" id="SO_2017_06_11_Instance_30437" type="identity">
            <class id="SO_EXT:0000417" label="polypeptide_domain"/>
            <span end="7625" id="14609438-2917" start="7618">domains</span>
        </annotation>
        <annotation annotator="" id="SO_2017_06_11_Instance_170529" type="identity">
            <class id="SO_EXT:biological_sequence" label="biological sequence"/>
            <span end="7653" id="14609438-2720" start="7644">sequences</span>
        </annotation>
        <annotation annotator="" id="SO_2017_06_11_Instance_170531" type="identity">
            <class id="SO_EXT:biological_sequence" label="biological sequence"/>
            <span end="7740" id="14609438-2722" start="7732">sequence</span>
        </annotation>
        <annotation annotator="" id="SO_2017_06_11_Instance_170066" type="identity">
            <class id="CHEBI_GO_SO_EXT:enzyme" label="enzyme"/>
            <span end="7819" id="14609438-2606" start="7812">enzymes</span>
        </annotation>
        <annotation annotator="Mike Bada, University of Colorado School of Medicine" id="SO_2017_06_11_Instance_42779" type="identity">
            <class id="SO_EXT:0001104" label="catalytic_residue"/>
            <span end="7897" id="14609438-2971" start="7877">Active site residues</span>
        </annotation>
        <annotation annotator="" id="SO_2017_06_11_Instance_170533" type="identity">
            <class id="SO_EXT:biological_sequence" label="biological sequence"/>
            <span end="8059" id="14609438-2724" start="8051">sequence</span>
        </annotation>
        <annotation annotator="Mike Bada, University of Colorado School of Medicine" id="SO_2017_06_11_Instance_42783" type="identity">
            <class id="SO_EXT:0000345" label="EST"/>
            <span end="8108" id="14609438-2973" start="8105">EST</span>
        </annotation>
        <annotation annotator="Mike Bada, University of Colorado School of Medicine" id="SO_2017_06_11_Instance_30451" type="identity">
            <class id="SO_EXT:0000417" label="polypeptide_domain"/>
            <span end="8164" id="14609438-2919" start="8158">domain</span>
        </annotation>
        <annotation annotator="Mike Bada, University of Colorado School of Medicine" id="SO_2017_06_11_Instance_33153" type="identity">
            <class id="SO_EXT:0100019" label="polypeptide_catalytic_motif"/>
            <span end="8210" id="14609438-2937" start="8199">active site</span>
        </annotation>
        <annotation annotator="" id="SO_2017_06_11_Instance_90338" type="identity">
            <class id="CHEBI_SO_EXT:N_terminus_or_N_terminal_region" label="N-terminus or N-terminal region"/>
            <span end="8235" id="14609438-3003" start="8225">N terminus</span>
        </annotation>
        <annotation annotator="" id="SO_2017_06_11_Instance_170536" type="identity">
            <class id="CHEBI_SO_EXT:aspartic_acid" label="aspartic acid"/>
            <span end="8262" id="14609438-2726" start="8254">aspartic</span>
            <span end="8281" id="14609438-2727" start="8276">acids</span>
        </annotation>
        <annotation annotator="" id="SO_2017_06_11_backup_Instance_10040" type="identity">
            <class id="CHEBI_SO_EXT:glutamic_acid" label="glutamic acid"/>
            <span end="8281" id="14609438-2468" start="8267">glutamic acids</span>
        </annotation>
        <annotation annotator="" id="SO_2017_06_11_Instance_170068" type="identity">
            <class id="CHEBI_GO_SO_EXT:enzyme" label="enzyme"/>
            <span end="8359" id="14609438-2608" start="8353">enzyme</span>
        </annotation>
        <annotation annotator="" id="SO_2017_06_11_Instance_170538" type="identity">
            <class id="SO_EXT:biological_sequence" label="biological sequence"/>
            <span end="8461" id="14609438-2729" start="8453">Sequence</span>
        </annotation>
        <annotation annotator="" id="SO_2017_06_11_Instance_170070" type="identity">
            <class id="CHEBI_GO_SO_EXT:enzyme" label="enzyme"/>
            <span end="8548" id="14609438-2610" start="8542">enzyme</span>
        </annotation>
        <annotation annotator="" id="SO_2017_06_11_Instance_225162" type="identity">
            <class id="SO_EXT:biological_conservation_process_or_quality" label="biological conservation process or quality"/>
            <span end="8664" id="14609438-2879" start="8655">conserved</span>
        </annotation>
        <annotation annotator="" id="SO_2017_06_11_Instance_170072" type="identity">
            <class id="CHEBI_GO_SO_EXT:enzyme" label="enzyme"/>
            <span end="8682" id="14609438-2612" start="8675">enzymes</span>
        </annotation>
        <annotation annotator="" id="SO_2017_06_11_Instance_170074" type="identity">
            <class id="CHEBI_GO_SO_EXT:enzyme" label="enzyme"/>
            <span end="9123" id="14609438-2614" start="9117">enzyme</span>
        </annotation>
        <annotation annotator="" id="SO_2017_06_11_Instance_170540" type="identity">
            <class id="SO_EXT:biological_sequence" label="biological sequence"/>
            <span end="9160" id="14609438-2731" start="9152">sequence</span>
        </annotation>
        <annotation annotator="" id="SO_2017_06_11_Instance_170076" type="identity">
            <class id="CHEBI_GO_SO_EXT:enzyme" label="enzyme"/>
            <span end="9214" id="14609438-2616" start="9208">enzyme</span>
        </annotation>
        <annotation annotator="" id="SO_2017_06_11_Instance_170542" type="identity">
            <class id="SO_EXT:biological_sequence" label="biological sequence"/>
            <span end="9427" id="14609438-2733" start="9419">sequence</span>
        </annotation>
        <annotation annotator="" id="SO_2017_06_11_Instance_170078" type="identity">
            <class id="CHEBI_GO_SO_EXT:enzyme" label="enzyme"/>
            <span end="9573" id="14609438-2618" start="9566">enzymes</span>
        </annotation>
        <annotation annotator="Mike Bada, University of Colorado School of Medicine" id="SO_2017_06_11_Instance_18077" type="identity">
            <class id="SO:0000857" label="homologous"/>
            <span end="9597" id="14609438-2827" start="9589">homology</span>
        </annotation>
        <annotation annotator="Mike Bada, University of Colorado School of Medicine" id="SO_2017_06_11_Instance_18079" type="identity">
            <class id="SO:0000857" label="homologous"/>
            <span end="9660" id="14609438-2829" start="9652">homology</span>
        </annotation>
        <annotation annotator="" id="SO_2017_06_11_backup_Instance_10042" type="identity">
            <class id="CHEBI_SO_EXT:peptide_or_peptide_region" label="peptide or peptide region"/>
            <span end="9874" id="14609438-2470" start="9866">peptides</span>
        </annotation>
        <annotation annotator="" id="SO_2017_06_11_Instance_90844" type="identity">
            <class id="CHEBI_SO_EXT:C_terminus_or_C_terminal_region" label="C-terminus or C-terminal region"/>
            <span end="9925" id="14609438-3013" start="9916">C-termini</span>
        </annotation>
        <annotation annotator="" id="SO_2017_06_11_Instance_170080" type="identity">
            <class id="CHEBI_GO_SO_EXT:enzyme" label="enzyme"/>
            <span end="9978" id="14609438-2620" start="9972">enzyme</span>
        </annotation>
        <annotation annotator="" id="SO_2017_06_11_Instance_170082" type="identity">
            <class id="CHEBI_GO_SO_EXT:enzyme" label="enzyme"/>
            <span end="10161" id="14609438-2622" start="10155">enzyme</span>
        </annotation>
        <annotation annotator="" id="SO_2017_06_11_backup_Instance_16226" type="identity">
            <class id="CHEBI_SO_EXT:tripeptide" label="tripeptide"/>
            <span end="10406" id="14609438-2520" start="10396">tripeptide</span>
        </annotation>
        <annotation annotator="" id="SO_2017_06_11_Instance_170544" type="identity">
            <class id="SO_EXT:biological_sequence" label="biological sequence"/>
            <span end="10453" id="14609438-2735" start="10445">Sequence</span>
        </annotation>
        <annotation annotator="" id="SO_2017_06_11_Instance_170084" type="identity">
            <class id="CHEBI_GO_SO_EXT:enzyme" label="enzyme"/>
            <span end="10498" id="14609438-2624" start="10491">enzymes</span>
        </annotation>
        <annotation annotator="" id="SO_2017_06_11_Instance_170546" type="identity">
            <class id="SO_EXT:biological_sequence" label="biological sequence"/>
            <span end="10526" id="14609438-2737" start="10517">sequences</span>
        </annotation>
        <annotation annotator="" id="SO_2017_06_11_Instance_170086" type="identity">
            <class id="CHEBI_GO_SO_EXT:enzyme" label="enzyme"/>
            <span end="10627" id="14609438-2626" start="10621">enzyme</span>
        </annotation>
        <annotation annotator="" id="SO_2017_06_11_backup_Instance_10044" type="identity">
            <class id="CHEBI_SO_EXT:cysteine" label="cysteine"/>
            <span end="11187" id="14609438-2472" start="11178">cysteines</span>
        </annotation>
        <annotation annotator="" id="SO_2017_06_11_Instance_225164" type="identity">
            <class id="SO_EXT:biological_conservation_process_or_quality" label="biological conservation process or quality"/>
            <span end="11210" id="14609438-2881" start="11201">conserved</span>
        </annotation>
        <annotation annotator="" id="SO_2017_06_11_Instance_170548" type="identity">
            <class id="SO_EXT:biological_sequence" label="biological sequence"/>
            <span end="11313" id="14609438-2739" start="11304">sequences</span>
        </annotation>
        <annotation annotator="Mike Bada, University of Colorado School of Medicine" id="SO_2017_06_11_Instance_18081" type="identity">
            <class id="SO:0000857" label="homologous"/>
            <span end="11486" id="14609438-2831" start="11478">homology</span>
        </annotation>
        <annotation annotator="" id="SO_2017_06_11_Instance_225166" type="identity">
            <class id="SO_EXT:biological_conservation_process_or_quality" label="biological conservation process or quality"/>
            <span end="11621" id="14609438-2883" start="11612">conserved</span>
        </annotation>
        <annotation annotator="" id="SO_2017_06_11_Instance_70358" type="identity">
            <class id="SO_EXT:sequence_alteration_process" label="sequence alteration process"/>
            <span end="11755" id="14609438-2991" start="11748">mutated</span>
        </annotation>
        <annotation annotator="Mike Bada, University of Colorado School of Medicine" id="SO_2017_06_11_Instance_42803" type="identity">
            <class id="SO_EXT:0000704" label="gene"/>
            <span end="11768" id="14609438-2975" start="11763">genes</span>
        </annotation>
        <annotation annotator="" id="SO_2017_06_11_backup_Instance_10046" type="identity">
            <class id="CHEBI_SO_EXT:tyrosine" label="tyrosine"/>
            <span end="12373" id="14609438-2474" start="12365">tyrosine</span>
        </annotation>
        <annotation annotator="" id="SO_2017_06_11_backup_Instance_10048" type="identity">
            <class id="CHEBI_SO_EXT:phenylalanine" label="phenylalanine"/>
            <span end="12392" id="14609438-2476" start="12379">phenylalanine</span>
        </annotation>
        <annotation annotator="" id="SO_2017_06_11_Instance_225168" type="identity">
            <class id="SO_EXT:biological_conservation_process_or_quality" label="biological conservation process or quality"/>
            <span end="12458" id="14609438-2885" start="12449">conserved</span>
        </annotation>
        <annotation annotator="" id="SO_2017_06_11_Instance_170550" type="identity">
            <class id="SO_EXT:biological_sequence" label="biological sequence"/>
            <span end="12704" id="14609438-2741" start="12696">sequence</span>
        </annotation>
        <annotation annotator="" id="SO_2017_06_11_Instance_170552" type="identity">
            <class id="SO_EXT:biological_sequence" label="biological sequence"/>
            <span end="12876" id="14609438-2743" start="12868">sequence</span>
        </annotation>
        <annotation annotator="" id="SO_2017_06_11_Instance_170088" type="identity">
            <class id="CHEBI_GO_SO_EXT:enzyme" label="enzyme"/>
            <span end="12957" id="14609438-2628" start="12950">enzymes</span>
        </annotation>
        <annotation annotator="" id="SO_2017_06_11_Instance_225170" type="identity">
            <class id="SO_EXT:biological_conservation_process_or_quality" label="biological conservation process or quality"/>
            <span end="12990" id="14609438-2887" start="12981">conserved</span>
        </annotation>
        <annotation annotator="" id="SO_2017_06_11_Instance_224387" type="identity">
            <class id="SO:0000357" label="flanked"/>
            <span end="13361" id="14609438-2863" start="13356">flank</span>
        </annotation>
        <annotation annotator="" id="SO_2017_06_11_Instance_225172" type="identity">
            <class id="SO_EXT:biological_conservation_process_or_quality" label="biological conservation process or quality"/>
            <span end="13375" id="14609438-2889" start="13366">conserved</span>
        </annotation>
        <annotation annotator="Mike Bada, University of Colorado School of Medicine" id="SO_2017_06_11_Instance_33155" type="identity">
            <class id="SO_EXT:0100019" label="polypeptide_catalytic_motif"/>
            <span end="13532" id="14609438-2939" start="13521">active site</span>
        </annotation>
        <annotation annotator="" id="SO_2017_06_11_Instance_170090" type="identity">
            <class id="CHEBI_GO_SO_EXT:enzyme" label="enzyme"/>
            <span end="13558" id="14609438-2630" start="13552">enzyme</span>
        </annotation>
        <annotation annotator="" id="SO_2017_06_11_Instance_170092" type="identity">
            <class id="CHEBI_GO_SO_EXT:enzyme" label="enzyme"/>
            <span end="13699" id="14609438-2632" start="13693">enzyme</span>
        </annotation>
        <annotation annotator="" id="SO_2017_06_11_backup_Instance_10050" type="identity">
            <class id="CHEBI_SO_EXT:tyrosine" label="tyrosine"/>
            <span end="14241" id="14609438-2478" start="14233">tyrosine</span>
        </annotation>
        <annotation annotator="" id="SO_2017_06_11_backup_Instance_10052" type="identity">
            <class id="CHEBI_SO_EXT:tyrosine" label="tyrosine"/>
            <span end="14433" id="14609438-2480" start="14425">tyrosine</span>
        </annotation>
        <annotation annotator="" id="SO_2017_06_11_Instance_225174" type="identity">
            <class id="SO_EXT:biological_conservation_process_or_quality" label="biological conservation process or quality"/>
            <span end="15133" id="14609438-2891" start="15124">conserved</span>
        </annotation>
        <annotation annotator="" id="SO_2017_06_11_Instance_170554" type="identity">
            <class id="SO_EXT:sequence_deletion_entity_or_process" label="sequence deletion entity or process"/>
            <span end="15207" id="14609438-2745" start="15199">deletion</span>
        </annotation>
        <annotation annotator="" id="SO_2017_06_11_Instance_170556" type="identity">
            <class id="SO_EXT:biological_sequence" label="biological sequence"/>
            <span end="15237" id="14609438-2747" start="15229">sequence</span>
        </annotation>
        <annotation annotator="" id="SO_2017_06_11_Instance_170094" type="identity">
            <class id="CHEBI_GO_SO_EXT:enzyme" label="enzyme"/>
            <span end="15766" id="14609438-2634" start="15759">enzymes</span>
        </annotation>
        <annotation annotator="" id="SO_2017_06_11_Instance_170096" type="identity">
            <class id="CHEBI_GO_SO_EXT:enzyme" label="enzyme"/>
            <span end="16180" id="14609438-2636" start="16174">enzyme</span>
        </annotation>
        <annotation annotator="" id="SO_2017_06_11_Instance_90296" type="identity">
            <class id="CHEBI_SO_EXT:N_terminus_or_N_terminal_region" label="N-terminus or N-terminal region"/>
            <span end="16331" id="14609438-2995" start="16321">N-terminal</span>
        </annotation>
        <annotation annotator="" id="SO_2017_06_11_Instance_90340" type="identity">
            <class id="CHEBI_SO_EXT:N_terminus_or_N_terminal_region" label="N-terminus or N-terminal region"/>
            <span end="16526" id="14609438-3005" start="16516">N-terminus</span>
        </annotation>
        <annotation annotator="" id="SO_2017_06_11_backup_Instance_10054" type="identity">
            <class id="CHEBI_SO_EXT:serine" label="serine"/>
            <span end="16880" id="14609438-2482" start="16874">serine</span>
        </annotation>
        <annotation annotator="" id="SO_2017_06_11_Instance_225176" type="identity">
            <class id="SO_EXT:biological_conservation_process_or_quality" label="biological conservation process or quality"/>
            <span end="16908" id="14609438-2893" start="16899">conserved</span>
        </annotation>
        <annotation annotator="" id="SO_2017_06_11_Instance_170098" type="identity">
            <class id="CHEBI_GO_SO_EXT:enzyme" label="enzyme"/>
            <span end="16933" id="14609438-2638" start="16926">enzymes</span>
        </annotation>
        <annotation annotator="" id="SO_2017_06_11_Instance_170558" type="identity">
            <class id="SO_EXT:sequence_alteration_entity_or_process" label="sequence alteration entity or process"/>
            <span end="16957" id="14609438-2749" start="16948">mutations</span>
        </annotation>
        <annotation annotator="" id="SO_2017_06_11_Instance_170560" type="identity">
            <class id="SO_EXT:sequence_alteration_entity_or_process" label="sequence alteration entity or process"/>
            <span end="17002" id="14609438-2751" start="16993">mutations</span>
        </annotation>
        <annotation annotator="Mike Bada, University of Colorado School of Medicine" id="SO_2017_06_11_Instance_30565" type="identity">
            <class id="SO_EXT:0000704" label="gene"/>
            <span end="17026" id="14609438-2921" start="17019">genetic</span>
        </annotation>
        <annotation annotator="" id="SO_2017_06_11_Instance_170562" type="identity">
            <class id="SO_EXT:sequence_alteration_entity_or_process" label="sequence alteration entity or process"/>
            <span end="17167" id="14609438-2753" start="17158">mutations</span>
        </annotation>
        <annotation annotator="" id="SO_2017_06_11_Instance_120179" type="identity">
            <class id="SO_EXT:sequence_truncation_process" label="sequence truncation process"/>
            <span end="17208" id="14609438-2534" start="17199">truncated</span>
        </annotation>
        <annotation annotator="" id="SO_2017_06_11_Instance_170100" type="identity">
            <class id="CHEBI_GO_SO_EXT:enzyme" label="enzyme"/>
            <span end="17215" id="14609438-2640" start="17209">enzyme</span>
        </annotation>
        <annotation annotator="Mike Bada, University of Colorado School of Medicine" id="SO_2017_06_11_Instance_42823" type="identity">
            <class id="SO_EXT:0000188" label="intron"/>
            <span end="17238" id="14609438-2977" start="17232">intron</span>
        </annotation>
        <annotation annotator="Mike Bada, University of Colorado School of Medicine" id="SO_2017_06_11_Instance_42825" type="identity">
            <class id="SO_EXT:0000147" label="exon"/>
            <span end="17243" id="14609438-2979" start="17239">exon</span>
        </annotation>
        <annotation annotator="" id="SO_2017_06_11_Instance_170564" type="identity">
            <class id="SO_EXT:sequence_alteration_entity_or_process" label="sequence alteration entity or process"/>
            <span end="17283" id="14609438-2755" start="17274">mutations</span>
        </annotation>
        <annotation annotator="" id="SO_2017_06_11_backup_Instance_10056" type="identity">
            <class id="CHEBI_SO_EXT:amino_acid" label="amino acid"/>
            <span end="17309" id="14609438-2484" start="17299">amino acid</span>
        </annotation>
        <annotation annotator="" id="SO_2017_06_11_Instance_170566" type="identity">
            <class id="SO_EXT:sequence_substitution_entity_or_process" label="sequence substitution entity or process"/>
            <span end="17323" id="14609438-2757" start="17310">substitutions</span>
        </annotation>
        <annotation annotator="" id="SO_2017_06_11_Instance_170102" type="identity">
            <class id="CHEBI_GO_SO_EXT:enzyme" label="enzyme"/>
            <span end="17344" id="14609438-2642" start="17338">enzyme</span>
        </annotation>
        <annotation annotator="" id="SO_2017_06_11_Instance_170568" type="identity">
            <class id="SO_EXT:sequence_alteration_entity_or_process" label="sequence alteration entity or process"/>
            <span end="17360" id="14609438-2759" start="17351">mutations</span>
        </annotation>
        <annotation annotator="" id="SO_2017_06_11_Instance_170570" type="identity">
            <class id="SO_EXT:sequence_alteration_entity_or_process" label="sequence alteration entity or process"/>
            <span end="17492" id="14609438-2761" start="17484">mutation</span>
        </annotation>
        <annotation annotator="" id="SO_2017_06_11_Instance_170572" type="identity">
            <class id="SO_EXT:sequence_substitution_process" label="sequence substitution process"/>
            <span end="17531" id="14609438-2763" start="17523">replaces</span>
        </annotation>
        <annotation annotator="" id="SO_2017_06_11_backup_Instance_10058" type="identity">
            <class id="CHEBI_SO_EXT:serine" label="serine"/>
            <span end="17552" id="14609438-2486" start="17546">serine</span>
        </annotation>
        <annotation annotator="" id="SO_2017_06_11_Instance_170104" type="identity">
            <class id="CHEBI_GO_SO_EXT:enzyme" label="enzyme"/>
            <span end="17612" id="14609438-2644" start="17603">enzymatic</span>
        </annotation>
        <annotation annotator="" id="SO_2017_06_11_Instance_225178" type="identity">
            <class id="SO_EXT:biological_conservation_process_or_quality" label="biological conservation process or quality"/>
            <span end="17767" id="14609438-2895" start="17758">conserved</span>
        </annotation>
        <annotation annotator="" id="SO_2017_06_11_Instance_170574" type="identity">
            <class id="SO_EXT:sequence_alteration_entity_or_process" label="sequence alteration entity or process"/>
            <span end="17897" id="14609438-2765" start="17888">mutations</span>
        </annotation>
        <annotation annotator="" id="SO_2017_06_11_Instance_170106" type="identity">
            <class id="CHEBI_GO_SO_EXT:enzyme" label="enzyme"/>
            <span end="17933" id="14609438-2646" start="17924">enzymatic</span>
        </annotation>
        <annotation annotator="" id="SO_2017_06_11_Instance_170576" type="identity">
            <class id="SO_EXT:sequence_alteration_entity_or_process" label="sequence alteration entity or process"/>
            <span end="18008" id="14609438-2767" start="17999">mutations</span>
        </annotation>
        <annotation annotator="" id="SO_2017_06_11_Instance_190123" type="identity">
            <class id="SO_EXT:sequence_alteration_entity_or_process" label="sequence alteration entity or process"/>
            <span end="18072" id="14609438-2839" start="18059">modifications</span>
        </annotation>
        <annotation annotator="" id="SO_2017_06_11_Instance_120181" type="identity">
            <class id="SO_EXT:sequence_truncation_entity_or_process" label="sequence truncation entity or process"/>
            <span end="18322" id="14609438-2536" start="18311">truncations</span>
        </annotation>
        <annotation annotator="" id="SO_2017_06_11_Instance_170584" type="identity">
            <class id="SO_EXT:sequence_alteration_entity_or_process" label="sequence alteration entity or process"/>
            <span end="18348" id="14609438-2775" start="18339">mutations</span>
        </annotation>
        <annotation annotator="Mike Bada, University of Colorado School of Medicine" id="SO_2017_06_11_Instance_42837" type="identity">
            <class id="SO_EXT:0000704" label="gene"/>
            <span end="18385" id="14609438-2981" start="18380">genes</span>
        </annotation>
        <annotation annotator="" id="SO_2017_06_11_Instance_90342" type="identity">
            <class id="CHEBI_SO_EXT:N_terminus_or_N_terminal_region" label="N-terminus or N-terminal region"/>
            <span end="18935" id="14609438-3007" start="18925">N terminus</span>
        </annotation>
        <annotation annotator="" id="SO_2017_06_11_Instance_190219" type="identity">
            <class id="SO_EXT:sequence_alteration_process" label="sequence alteration process"/>
            <span end="19061" id="14609438-2841" start="19051">processing</span>
        </annotation>
        <annotation annotator="" id="SO_2017_06_11_backup_Instance_10060" type="identity">
            <class id="CHEBI_SO_EXT:peptide_or_peptide_region" label="peptide or peptide region"/>
            <span end="19112" id="14609438-2488" start="19104">peptides</span>
        </annotation>
        <annotation annotator="" id="SO_2017_06_11_backup_Instance_10062" type="identity">
            <class id="CHEBI_SO_EXT:peptide_or_peptide_region" label="peptide or peptide region"/>
            <span end="19191" id="14609438-2490" start="19183">peptides</span>
        </annotation>
        <annotation annotator="" id="SO_2017_06_11_Instance_190221" type="identity">
            <class id="SO_EXT:sequence_alteration_process" label="sequence alteration process"/>
            <span end="19223" id="14609438-2843" start="19214">processed</span>
        </annotation>
        <annotation annotator="" id="SO_2017_06_11_backup_Instance_10064" type="identity">
            <class id="CHEBI_SO_EXT:peptide_or_peptide_region" label="peptide or peptide region"/>
            <span end="19231" id="14609438-2492" start="19224">peptide</span>
        </annotation>
        <annotation annotator="" id="SO_2017_06_11_backup_Instance_10066" type="identity">
            <class id="CHEBI_SO_EXT:amino_acid" label="amino acid"/>
            <span end="19259" id="14609438-2494" start="19248">amino acids</span>
        </annotation>
        <annotation annotator="" id="SO_2017_06_11_backup_Instance_16228" type="identity">
            <class id="CHEBI_SO_EXT:tripeptide" label="tripeptide"/>
            <span end="19280" id="14609438-2522" start="19270">tripeptide</span>
        </annotation>
        <annotation annotator="" id="SO_2017_06_11_Instance_190733" type="identity">
            <class id="CHEBI_SO_EXT:aspartate_or_aspartic_acid" label="aspartate or aspartic acid"/>
            <span end="19284" id="14609438-2851" start="19281">Asp</span>
        </annotation>
        <annotation annotator="" id="SO_2017_06_11_Instance_190729" type="identity">
            <class id="CHEBI_SO_EXT:arginine" label="arginine"/>
            <span end="19288" id="14609438-2847" start="19285">Arg</span>
        </annotation>
        <annotation annotator="" id="SO_2017_06_11_Instance_224379" type="identity">
            <class id="CHEBI_SO_EXT:valine" label="valine"/>
            <span end="19292" id="14609438-2861" start="19289">Val</span>
        </annotation>
        <annotation annotator="" id="SO_2017_06_11_Instance_90344" type="identity">
            <class id="CHEBI_SO_EXT:N_terminus_or_N_terminal_region" label="N-terminus or N-terminal region"/>
            <span end="19320" id="14609438-3009" start="19310">N terminus</span>
        </annotation>
        <annotation annotator="" id="SO_2017_06_11_backup_Instance_10068" type="identity">
            <class id="CHEBI_SO_EXT:peptide_or_peptide_region" label="peptide or peptide region"/>
            <span end="19390" id="14609438-2496" start="19383">peptide</span>
        </annotation>
        <annotation annotator="Mike Bada, University of Colorado School of Medicine" id="SO_2017_06_11_Instance_42841" type="identity">
            <class id="SO_EXT:0000409" label="binding_site"/>
            <span end="19434" id="14609438-2983" start="19422">binding site</span>
        </annotation>
        <annotation annotator="" id="SO_2017_06_11_backup_Instance_10070" type="identity">
            <class id="CHEBI_SO_EXT:peptide_or_peptide_region" label="peptide or peptide region"/>
            <span end="19569" id="14609438-2498" start="19562">peptide</span>
        </annotation>
        <annotation annotator="" id="SO_2017_06_11_Instance_90346" type="identity">
            <class id="CHEBI_SO_EXT:N_terminus_or_N_terminal_region" label="N-terminus or N-terminal region"/>
            <span end="19598" id="14609438-3011" start="19588">N terminus</span>
        </annotation>
        <annotation annotator="" id="SO_2017_06_11_Instance_170586" type="identity">
            <class id="SO_EXT:sequence_alteration_process" label="sequence alteration process"/>
            <span end="19618" id="14609438-2777" start="19609">processed</span>
        </annotation>
        <annotation annotator="" id="SO_2017_06_11_Instance_90298" type="identity">
            <class id="CHEBI_SO_EXT:N_terminus_or_N_terminal_region" label="N-terminus or N-terminal region"/>
            <span end="19681" id="14609438-2997" start="19671">N-terminal</span>
        </annotation>
        <annotation annotator="" id="SO_2017_06_11_backup_Instance_16230" type="identity">
            <class id="CHEBI_SO_EXT:tripeptide" label="tripeptide"/>
            <span end="19838" id="14609438-2524" start="19827">tripeptides</span>
        </annotation>
        <annotation annotator="" id="SO_2017_06_11_Instance_170588" type="identity">
            <class id="SO_EXT:sequence_alteration_process" label="sequence alteration process"/>
            <span end="19864" id="14609438-2779" start="19855">processed</span>
        </annotation>
        <annotation annotator="" id="SO_2017_06_11_Instance_170590" type="identity">
            <class id="SO_EXT:biological_sequence" label="biological sequence"/>
            <span end="19900" id="14609438-2781" start="19891">sequences</span>
        </annotation>
        <annotation annotator="" id="SO_2017_06_11_backup_Instance_16232" type="identity">
            <class id="CHEBI_SO_EXT:tripeptide" label="tripeptide"/>
            <span end="19962" id="14609438-2526" start="19951">tripeptides</span>
        </annotation>
        <annotation annotator="Mike Bada, University of Colorado School of Medicine" id="SO_2017_06_11_Instance_42845" type="identity">
            <class id="SO_EXT:0000409" label="binding_site"/>
            <span end="20019" id="14609438-2985" start="20007">binding site</span>
        </annotation>
        <annotation annotator="" id="SO_2017_06_11_backup_Instance_10072" type="identity">
            <class id="CHEBI_SO_EXT:peptide_or_peptide_region" label="peptide or peptide region"/>
            <span end="20244" id="14609438-2500" start="20236">peptides</span>
        </annotation>
        <annotation annotator="" id="SO_2017_06_11_backup_Instance_16234" type="identity">
            <class id="CHEBI_SO_EXT:tripeptide" label="tripeptide"/>
            <span end="20266" id="14609438-2528" start="20255">tripeptides</span>
        </annotation>
        <annotation annotator="" id="SO_2017_06_11_Instance_170592" type="identity">
            <class id="SO_EXT:sequence_alteration_process" label="sequence alteration process"/>
            <span end="20297" id="14609438-2783" start="20287">processing</span>
        </annotation>
        <annotation annotator="" id="SO_2017_06_11_Instance_212576" type="identity">
            <class id="CHEBI_SO_EXT:glycine" label="glycine"/>
            <span end="20309" id="14609438-2853" start="20306">Gly</span>
        </annotation>
        <annotation annotator="" id="SO_2017_06_11_Instance_212578" type="identity">
            <class id="CHEBI_SO_EXT:glycine" label="glycine"/>
            <span end="20322" id="14609438-2855" start="20319">Gly</span>
        </annotation>
        <annotation annotator="" id="SO_2017_06_11_Instance_190731" type="identity">
            <class id="CHEBI_SO_EXT:arginine" label="arginine"/>
            <span end="20330" id="14609438-2849" start="20327">Arg</span>
        </annotation>
        <annotation annotator="" id="SO_2017_06_11_Instance_212580" type="identity">
            <class id="CHEBI_SO_EXT:glycine" label="glycine"/>
            <span end="20339" id="14609438-2857" start="20336">Gly</span>
        </annotation>
        <annotation annotator="" id="SO_2017_06_11_Instance_190713" type="identity">
            <class id="CHEBI_SO_EXT:alanine" label="alanine"/>
            <span end="20347" id="14609438-2845" start="20344">Ala</span>
        </annotation>
        <annotation annotator="" id="SO_2017_06_11_backup_Instance_10074" type="identity">
            <class id="CHEBI_SO_EXT:peptide_or_peptide_region" label="peptide or peptide region"/>
            <span end="20548" id="14609438-2502" start="20540">peptides</span>
        </annotation>
        <annotation annotator="Mike Bada, University of Colorado School of Medicine" id="SO_2017_06_11_Instance_42847" type="identity">
            <class id="SO_EXT:0000409" label="binding_site"/>
            <span end="20619" id="14609438-2987" start="20607">binding site</span>
        </annotation>
        <annotation annotator="" id="SO_2017_06_11_Instance_170108" type="identity">
            <class id="CHEBI_GO_SO_EXT:enzyme" label="enzyme"/>
            <span end="20697" id="14609438-2648" start="20691">enzyme</span>
        </annotation>
        <annotation annotator="" id="SO_2017_06_11_Instance_170594" type="identity">
            <class id="SO_EXT:sequence_alteration_process" label="sequence alteration process"/>
            <span end="20771" id="14609438-2785" start="20761">processing</span>
        </annotation>
        <annotation annotator="" id="SO_2017_06_11_backup_Instance_10076" type="identity">
            <class id="CHEBI_SO_EXT:serine" label="serine"/>
            <span end="20963" id="14609438-2504" start="20957">serine</span>
        </annotation>
        <annotation annotator="" id="SO_2017_06_11_Instance_170110" type="identity">
            <class id="CHEBI_GO_SO_EXT:enzyme" label="enzyme"/>
            <span end="20998" id="14609438-2650" start="20989">enzymatic</span>
        </annotation>
        <annotation annotator="" id="SO_2017_06_11_Instance_170112" type="identity">
            <class id="CHEBI_GO_SO_EXT:enzyme" label="enzyme"/>
            <span end="21029" id="14609438-2652" start="21022">enzymes</span>
        </annotation>
        <annotation annotator="" id="SO_2017_06_11_Instance_170114" type="identity">
            <class id="CHEBI_GO_SO_EXT:enzyme" label="enzyme"/>
            <span end="21187" id="14609438-2654" start="21180">enzymes</span>
        </annotation>
        <annotation annotator="" id="SO_2017_06_11_backup_Instance_10078" type="identity">
            <class id="CHEBI_SO_EXT:serine" label="serine"/>
            <span end="21305" id="14609438-2506" start="21299">serine</span>
        </annotation>
        <annotation annotator="" id="SO_2017_06_11_backup_Instance_16236" type="identity">
            <class id="CHEBI_SO_EXT:tripeptide" label="tripeptide"/>
            <span end="21492" id="14609438-2530" start="21481">tripeptides</span>
        </annotation>
        <annotation annotator="" id="SO_2017_06_11_Instance_90846" type="identity">
            <class id="CHEBI_SO_EXT:N_terminus_or_N_terminal_region" label="N-terminus or N-terminal region"/>
            <span end="21538" id="14609438-3015" start="21529">N termini</span>
        </annotation>
        <annotation annotator="" id="SO_2017_06_11_backup_Instance_16238" type="identity">
            <class id="CHEBI_SO_EXT:tripeptide" label="tripeptide"/>
            <span end="21554" id="14609438-2532" start="21544">tripeptide</span>
        </annotation>
        <annotation annotator="" id="SO_2017_06_11_Instance_90848" type="identity">
            <class id="CHEBI_SO_EXT:N_terminus_or_N_terminal_region" label="N-terminus or N-terminal region"/>
            <span end="21591" id="14609438-3017" start="21582">N termini</span>
        </annotation>
        <annotation annotator="" id="SO_2017_06_11_backup_Instance_10080" type="identity">
            <class id="CHEBI_SO_EXT:peptide_or_peptide_region" label="peptide or peptide region"/>
            <span end="21762" id="14609438-2508" start="21755">peptide</span>
        </annotation>
        <annotation annotator="" id="SO_2017_06_11_Instance_170596" type="identity">
            <class id="SO_EXT:biological_sequence" label="biological sequence"/>
            <span end="21772" id="14609438-2787" start="21763">sequences</span>
        </annotation>
        <annotation annotator="Mike Bada, University of Colorado School of Medicine" id="SO_2017_06_11_Instance_18083" type="identity">
            <class id="SO:0000857" label="homologous"/>
            <span end="22161" id="14609438-2833" start="22153">Homology</span>
        </annotation>
        <annotation annotator="" id="SO_2017_06_11_Instance_170598" type="identity">
            <class id="SO_EXT:biological_sequence" label="biological sequence"/>
            <span end="22260" id="14609438-2789" start="22252">sequence</span>
        </annotation>
        <annotation annotator="" id="SO_2017_06_11_Instance_170116" type="identity">
            <class id="CHEBI_GO_SO_EXT:enzyme" label="enzyme"/>
            <span end="22393" id="14609438-2656" start="22386">enzymes</span>
        </annotation>
        <annotation annotator="" id="SO_2017_06_11_Instance_170118" type="identity">
            <class id="CHEBI_GO_SO_EXT:enzyme" label="enzyme"/>
            <span end="22424" id="14609438-2658" start="22417">enzymes</span>
        </annotation>
        <annotation annotator="" id="SO_2017_06_11_backup_Instance_10082" type="identity">
            <class id="CHEBI_SO_EXT:serine" label="serine"/>
            <span end="22483" id="14609438-2510" start="22477">serine</span>
        </annotation>
        <annotation annotator="" id="SO_2017_06_11_Instance_170600" type="identity">
            <class id="SO_EXT:biological_sequence" label="biological sequence"/>
            <span end="22767" id="14609438-2791" start="22759">sequence</span>
        </annotation>
        <annotation annotator="" id="SO_2017_06_11_backup_Instance_13476" type="identity">
            <class id="CHEBI_SO_EXT:amino_acid" label="amino acid"/>
            <span end="22902" id="14609438-2514" start="22892">amino acid</span>
        </annotation>
        <annotation annotator="" id="SO_2017_06_11_Instance_170610" type="identity">
            <class id="SO_EXT:sequence_variation_entity_or_quality" label="sequence variation entity or quality"/>
            <span end="22925" id="14609438-2795" start="22916">variation</span>
        </annotation>
        <annotation annotator="" id="SO_2017_06_11_Instance_225180" type="identity">
            <class id="SO_EXT:biological_conservation_process_or_quality" label="biological conservation process or quality"/>
            <span end="22942" id="14609438-2897" start="22930">conservation</span>
        </annotation>
        <annotation annotator="Mike Bada, University of Colorado School of Medicine" id="SO_2017_06_11_Instance_42857" type="identity">
            <class id="SO:0000857" label="homologous"/>
            <span end="22971" id="14609438-2989" start="22961">homologous</span>
        </annotation>
        <annotation annotator="" id="SO_2017_06_11_Instance_170612" type="identity">
            <class id="SO_EXT:biological_sequence" label="biological sequence"/>
            <span end="23038" id="14609438-2797" start="23030">sequence</span>
        </annotation>
        <annotation annotator="" id="SO_2017_06_11_Instance_170614" type="identity">
            <class id="SO_EXT:biological_sequence" label="biological sequence"/>
            <span end="23063" id="14609438-2799" start="23055">Sequence</span>
        </annotation>
        <annotation annotator="" id="SO_2017_06_11_Instance_170616" type="identity">
            <class id="SO_EXT:biological_sequence" label="biological sequence"/>
            <span end="23227" id="14609438-2801" start="23218">sequences</span>
        </annotation>
        <annotation annotator="" id="SO_2017_06_11_Instance_170618" type="identity">
            <class id="SO_EXT:biological_sequence" label="biological sequence"/>
            <span end="23318" id="14609438-2803" start="23310">sequence</span>
        </annotation>
        <annotation annotator="" id="SO_2017_06_11_Instance_225182" type="identity">
            <class id="SO_EXT:biological_conservation_process_or_quality" label="biological conservation process or quality"/>
            <span end="23440" id="14609438-2899" start="23431">conserved</span>
        </annotation>
        <annotation annotator="" id="SO_2017_06_11_Instance_170620" type="identity">
            <class id="SO_EXT:biological_sequence" label="biological sequence"/>
            <span end="23560" id="14609438-2805" start="23551">sequences</span>
        </annotation>
        <annotation annotator="" id="SO_2017_06_11_Instance_170622" type="identity">
            <class id="SO_EXT:biological_sequence" label="biological sequence"/>
            <span end="23589" id="14609438-2807" start="23580">sequences</span>
        </annotation>
        <annotation annotator="" id="SO_2017_06_11_Instance_225184" type="identity">
            <class id="SO_EXT:biological_conservation_process_or_quality" label="biological conservation process or quality"/>
            <span end="23914" id="14609438-2901" start="23905">conserved</span>
        </annotation>
        <annotation annotator="" id="SO_2017_06_11_Instance_170624" type="identity">
            <class id="SO_EXT:biological_sequence" label="biological sequence"/>
            <span end="24015" id="14609438-2809" start="24006">sequences</span>
        </annotation>
        <annotation annotator="" id="SO_2017_06_11_Instance_170626" type="identity">
            <class id="SO_EXT:biological_sequence" label="biological sequence"/>
            <span end="24451" id="14609438-2811" start="24443">sequence</span>
        </annotation>
        <annotation annotator="Mike Bada, University of Colorado School of Medicine" id="SO_2017_06_11_Instance_18085" type="identity">
            <class id="SO:0000857" label="homologous"/>
            <span end="24499" id="14609438-2835" start="24491">homology</span>
        </annotation>
        <annotation annotator="Mike Bada, University of Colorado School of Medicine" id="SO_2017_06_11_Instance_33157" type="identity">
            <class id="SO_EXT:0100019" label="polypeptide_catalytic_motif"/>
            <span end="24616" id="14609438-2941" start="24605">active site</span>
        </annotation>
        <annotation annotator="" id="SO_2017_06_11_Instance_170628" type="identity">
            <class id="SO_EXT:sequence_insertion_entity_or_process" label="sequence insertion entity or process"/>
            <span end="25110" id="14609438-2813" start="25100">insertions</span>
        </annotation>
        <annotation annotator="" id="SO_2017_06_11_Instance_170630" type="identity">
            <class id="SO_EXT:sequence_deletion_entity_or_process" label="sequence deletion entity or process"/>
            <span end="25124" id="14609438-2815" start="25115">deletions</span>
        </annotation>
        <annotation annotator="" id="SO_2017_06_11_Instance_225188" type="identity">
            <class id="SO_EXT:biological_conservation_process_or_quality" label="biological conservation process or quality"/>
            <span end="25349" id="14609438-2903" start="25340">conserved</span>
        </annotation>
        <annotation annotator="Mike Bada, University of Colorado School of Medicine" id="SO_2017_06_11_Instance_18087" type="identity">
            <class id="SO:0000857" label="homologous"/>
            <span end="25415" id="14609438-2837" start="25407">homology</span>
        </annotation>
        <annotation annotator="Mike Bada, University of Colorado School of Medicine" id="SO_2017_06_11_Instance_33159" type="identity">
            <class id="SO_EXT:0100019" label="polypeptide_catalytic_motif"/>
            <span end="25505" id="14609438-2943" start="25494">active site</span>
        </annotation>
        <annotation annotator="" id="SO_2017_06_11_Instance_225190" type="identity">
            <class id="SO_EXT:biological_conservation_process_or_quality" label="biological conservation process or quality"/>
            <span end="25591" id="14609438-2905" start="25582">conserved</span>
        </annotation>
        <annotation annotator="Mike Bada, University of Colorado School of Medicine" id="SO_2017_06_11_Instance_30573" type="identity">
            <class id="SO_EXT:0001026" label="genome"/>
            <span end="26560" id="14609438-2929" start="26553">genomic</span>
        </annotation>
        <annotation annotator="" id="SO_2017_06_11_Instance_170120" type="identity">
            <class id="CHEBI_GO_SO_EXT:enzyme" label="enzyme"/>
            <span end="26599" id="14609438-2660" start="26592">enzymes</span>
        </annotation>
        <annotation annotator="" id="SO_2017_06_11_backup_Instance_10084" type="identity">
            <class id="CHEBI_SO_EXT:serine" label="serine"/>
            <span end="26826" id="14609438-2512" start="26820">serine</span>
        </annotation>
        <annotation annotator="" id="SO_2017_06_11_Instance_170122" type="identity">
            <class id="CHEBI_GO_SO_EXT:enzyme" label="enzyme"/>
            <span end="26920" id="14609438-2662" start="26914">enzyme</span>
        </annotation>
        <annotation annotator="" id="SO_2017_06_11_Instance_170124" type="identity">
            <class id="CHEBI_GO_SO_EXT:enzyme" label="enzyme"/>
            <span end="26944" id="14609438-2664" start="26938">enzyme</span>
        </annotation>
        <graph-space id="Old Knowtator Relations"/>
    </document>
</knowtator-project>
