<?xml version="1.0" encoding="UTF-8" standalone="no"?>
<knowtator-project>
  <document id="15005800" text-file="15005800.txt">
    <annotation annotator="" id="SO_2017_06_11_Instance_172993" type="identity">
      <class id="SO_EXT:sequence_nullness_or_absence" label="sequence nullness or absence"/>
      <span end="743" id="15005800-6379" start="742">-</span>
    </annotation>
    <annotation annotator="" id="SO_2017_06_11_Instance_172995" type="identity">
      <class id="SO_EXT:sequence_nullness_or_absence" label="sequence nullness or absence"/>
      <span end="745" id="15005800-6381" start="744">-</span>
    </annotation>
    <annotation annotator="" id="SO_2017_06_11_Instance_172997" type="identity">
      <class id="SO_EXT:sequence_nullness_or_absence" label="sequence nullness or absence"/>
      <span end="865" id="15005800-6383" start="864">-</span>
    </annotation>
    <annotation annotator="" id="SO_2017_06_11_Instance_172999" type="identity">
      <class id="SO_EXT:sequence_nullness_or_absence" label="sequence nullness or absence"/>
      <span end="867" id="15005800-6385" start="866">-</span>
    </annotation>
    <annotation annotator="" id="SO_2017_06_11_Instance_173001" type="identity">
      <class id="SO_EXT:sequence_nullness_or_absence" label="sequence nullness or absence"/>
      <span end="957" id="15005800-6387" start="956">-</span>
    </annotation>
    <annotation annotator="" id="SO_2017_06_11_Instance_173003" type="identity">
      <class id="SO_EXT:sequence_nullness_or_absence" label="sequence nullness or absence"/>
      <span end="959" id="15005800-6389" start="958">-</span>
    </annotation>
    <annotation annotator="" id="SO_2017_06_11_Instance_173005" type="identity">
      <class id="SO_EXT:sequence_nullness_or_absence" label="sequence nullness or absence"/>
      <span end="1048" id="15005800-6391" start="1047">-</span>
    </annotation>
    <annotation annotator="" id="SO_2017_06_11_Instance_173007" type="identity">
      <class id="SO_EXT:sequence_nullness_or_absence" label="sequence nullness or absence"/>
      <span end="1050" id="15005800-6393" start="1049">-</span>
    </annotation>
    <annotation annotator="" id="SO_2017_06_11_backup_Instance_10680" type="identity">
      <class id="CHEBI_SO_EXT:mRNA" label="mRNA"/>
      <span end="1396" id="15005800-6329" start="1391">mRNAs</span>
    </annotation>
    <annotation annotator="Mike Bada, University of Colorado School of Medicine" id="SO_2017_06_11_Instance_45435" type="identity">
      <class id="SO_EXT:wild_type_entity_or_quality" label="wild-typeness or wild-type entity"/>
      <span end="1725" id="15005800-6855" start="1716">wild-type</span>
    </annotation>
    <annotation annotator="" id="SO_2017_06_11_Instance_190223" type="identity">
      <class id="SO_EXT:sequence_alteration_process" label="sequence alteration process"/>
      <span end="1754" id="15005800-6745" start="1744">processing</span>
    </annotation>
    <annotation annotator="" id="SO_2017_06_11_Instance_173009" type="identity">
      <class id="SO_EXT:sequence_nullness_or_absence" label="sequence nullness or absence"/>
      <span end="1795" id="15005800-6395" start="1794">-</span>
    </annotation>
    <annotation annotator="" id="SO_2017_06_11_Instance_173011" type="identity">
      <class id="SO_EXT:sequence_nullness_or_absence" label="sequence nullness or absence"/>
      <span end="1797" id="15005800-6397" start="1796">-</span>
    </annotation>
    <annotation annotator="" id="SO_2017_06_11_Instance_176421" type="identity">
      <class id="SO_EXT:null_sequence_entity" label="null-sequence entity"/>
      <span end="1887" id="15005800-6689" start="1883">null</span>
    </annotation>
    <annotation annotator="" id="SO_2017_06_11_Instance_188754" type="identity">
      <class id="SO_EXT:sequence_alteration_entity_or_process" label="sequence alteration entity or process"/>
      <span end="3194" id="15005800-6735" start="3185">mutations</span>
    </annotation>
    <annotation annotator="" id="SO_2017_06_11_Instance_90963" type="identity">
      <class id="SO_EXT:sequence_coding_function" label="sequence coding function"/>
      <span end="3224" id="15005800-6991" start="3217">encodes</span>
    </annotation>
    <annotation annotator="Mike Bada, University of Colorado School of Medicine" id="SO_2017_06_11_Instance_23893" type="identity">
      <class id="SO_EXT:0000704" label="gene"/>
      <span end="3581" id="15005800-6847" start="3574">Genetic</span>
    </annotation>
    <annotation annotator="Mike Bada, University of Colorado School of Medicine" id="SO_2017_06_11_Instance_45437" type="identity">
      <class id="SO_EXT:0000704" label="gene"/>
      <span end="3685" id="15005800-6857" start="3681">gene</span>
    </annotation>
    <annotation annotator="" id="SO_2017_06_11_Instance_90012" type="identity">
      <class id="SO_EXT:sequence_substitution_process" label="sequence substitution process"/>
      <span end="4013" id="15005800-6965" start="4004">replacing</span>
    </annotation>
    <annotation annotator="Mike Bada, University of Colorado School of Medicine" id="SO_2017_06_11_Instance_45439" type="identity">
      <class id="SO_EXT:0000147" label="exon"/>
      <span end="4019" id="15005800-6859" start="4014">exons</span>
    </annotation>
    <annotation annotator="Mike Bada, University of Colorado School of Medicine" id="SO_2017_06_11_Instance_24895" type="identity">
      <class id="SO_EXT:0000852" label="exon_region"/>
      <span end="4041" id="15005800-6849" start="4029">part of exon</span>
    </annotation>
    <annotation annotator="Mike Bada, University of Colorado School of Medicine" id="SO_2017_06_11_Instance_45443" type="identity">
      <class id="SO_EXT:0000704" label="gene"/>
      <span end="4068" id="15005800-6861" start="4064">gene</span>
    </annotation>
    <annotation annotator="" id="SO_2017_06_11_Instance_220227" type="identity">
      <class id="SO_EXT:sequence_nullness" label="sequence nullness"/>
      <span end="4314" id="15005800-6831" start="4310">null</span>
    </annotation>
    <annotation annotator="" id="SO_2017_06_11_Instance_173013" type="identity">
      <class id="SO_EXT:sequence_nullness_or_absence" label="sequence nullness or absence"/>
      <span end="4430" id="15005800-6399" start="4429">-</span>
    </annotation>
    <annotation annotator="" id="SO_2017_06_11_Instance_173015" type="identity">
      <class id="SO_EXT:sequence_nullness_or_absence" label="sequence nullness or absence"/>
      <span end="4432" id="15005800-6401" start="4431">-</span>
    </annotation>
    <annotation annotator="" id="SO_2017_06_11_Instance_190225" type="identity">
      <class id="SO_EXT:sequence_alteration_process" label="sequence alteration process"/>
      <span end="6549" id="15005800-6747" start="6539">processing</span>
    </annotation>
    <annotation annotator="" id="SO_2017_06_11_Instance_173018" type="identity">
      <class id="SO_EXT:sequence_nullness_or_absence" label="sequence nullness or absence"/>
      <span end="6671" id="15005800-6403" start="6670">-</span>
    </annotation>
    <annotation annotator="" id="SO_2017_06_11_Instance_173020" type="identity">
      <class id="SO_EXT:sequence_nullness_or_absence" label="sequence nullness or absence"/>
      <span end="6673" id="15005800-6405" start="6672">-</span>
    </annotation>
    <annotation annotator="" id="SO_2017_06_11_Instance_173022" type="identity">
      <class id="SO_EXT:sequence_nullness_or_absence" label="sequence nullness or absence"/>
      <span end="7522" id="15005800-6407" start="7521">-</span>
    </annotation>
    <annotation annotator="" id="SO_2017_06_11_Instance_173024" type="identity">
      <class id="SO_EXT:sequence_nullness_or_absence" label="sequence nullness or absence"/>
      <span end="7524" id="15005800-6409" start="7523">-</span>
    </annotation>
    <annotation annotator="" id="SO_2017_06_11_Instance_190227" type="identity">
      <class id="SO_EXT:sequence_alteration_process" label="sequence alteration process"/>
      <span end="7622" id="15005800-6749" start="7612">processing</span>
    </annotation>
    <annotation annotator="" id="SO_2017_06_11_Instance_173026" type="identity">
      <class id="SO_EXT:sequence_nullness_or_absence" label="sequence nullness or absence"/>
      <span end="7714" id="15005800-6411" start="7713">-</span>
    </annotation>
    <annotation annotator="" id="SO_2017_06_11_Instance_173028" type="identity">
      <class id="SO_EXT:sequence_nullness_or_absence" label="sequence nullness or absence"/>
      <span end="7716" id="15005800-6413" start="7715">-</span>
    </annotation>
    <annotation annotator="" id="SO_2017_06_11_Instance_173030" type="identity">
      <class id="SO_EXT:sequence_nullness_or_absence" label="sequence nullness or absence"/>
      <span end="7732" id="15005800-6415" start="7731">-</span>
    </annotation>
    <annotation annotator="" id="SO_2017_06_11_Instance_173032" type="identity">
      <class id="SO_EXT:sequence_nullness_or_absence" label="sequence nullness or absence"/>
      <span end="7734" id="15005800-6417" start="7733">-</span>
    </annotation>
    <annotation annotator="Mike Bada, University of Colorado School of Medicine" id="SO_2017_06_11_Instance_45445" type="identity">
      <class id="SO_EXT:wild_type_entity_or_quality" label="wild-typeness or wild-type entity"/>
      <span end="7935" id="15005800-6863" start="7926">wild-type</span>
    </annotation>
    <annotation annotator="" id="SO_2017_06_11_Instance_173034" type="identity">
      <class id="SO_EXT:sequence_nullness_or_absence" label="sequence nullness or absence"/>
      <span end="8141" id="15005800-6419" start="8140">-</span>
    </annotation>
    <annotation annotator="" id="SO_2017_06_11_Instance_173036" type="identity">
      <class id="SO_EXT:sequence_nullness_or_absence" label="sequence nullness or absence"/>
      <span end="8143" id="15005800-6421" start="8142">-</span>
    </annotation>
    <annotation annotator="" id="SO_2017_06_11_Instance_173038" type="identity">
      <class id="SO_EXT:sequence_nullness_or_absence" label="sequence nullness or absence"/>
      <span end="8223" id="15005800-6423" start="8222">-</span>
    </annotation>
    <annotation annotator="" id="SO_2017_06_11_Instance_173040" type="identity">
      <class id="SO_EXT:sequence_nullness_or_absence" label="sequence nullness or absence"/>
      <span end="8225" id="15005800-6425" start="8224">-</span>
    </annotation>
    <annotation annotator="" id="SO_2017_06_11_Instance_173042" type="identity">
      <class id="SO_EXT:sequence_nullness_or_absence" label="sequence nullness or absence"/>
      <span end="8573" id="15005800-6427" start="8572">-</span>
    </annotation>
    <annotation annotator="" id="SO_2017_06_11_Instance_173044" type="identity">
      <class id="SO_EXT:sequence_nullness_or_absence" label="sequence nullness or absence"/>
      <span end="8575" id="15005800-6429" start="8574">-</span>
    </annotation>
    <annotation annotator="Mike Bada, University of Colorado School of Medicine" id="SO_2017_06_11_Instance_45447" type="identity">
      <class id="SO_EXT:wild_type_entity_or_quality" label="wild-typeness or wild-type entity"/>
      <span end="8743" id="15005800-6865" start="8734">wild-type</span>
    </annotation>
    <annotation annotator="" id="SO_2017_06_11_Instance_173046" type="identity">
      <class id="SO_EXT:sequence_nullness_or_absence" label="sequence nullness or absence"/>
      <span end="9061" id="15005800-6431" start="9060">-</span>
    </annotation>
    <annotation annotator="" id="SO_2017_06_11_Instance_173048" type="identity">
      <class id="SO_EXT:sequence_nullness_or_absence" label="sequence nullness or absence"/>
      <span end="9063" id="15005800-6433" start="9062">-</span>
    </annotation>
    <annotation annotator="Mike Bada, University of Colorado School of Medicine" id="SO_2017_06_11_Instance_45449" type="identity">
      <class id="SO_EXT:wild_type_entity_or_quality" label="wild-typeness or wild-type entity"/>
      <span end="9226" id="15005800-6867" start="9217">wild-type</span>
    </annotation>
    <annotation annotator="" id="SO_2017_06_11_Instance_173050" type="identity">
      <class id="SO_EXT:sequence_nullness_or_absence" label="sequence nullness or absence"/>
      <span end="9487" id="15005800-6435" start="9486">-</span>
    </annotation>
    <annotation annotator="" id="SO_2017_06_11_Instance_173052" type="identity">
      <class id="SO_EXT:sequence_nullness_or_absence" label="sequence nullness or absence"/>
      <span end="9489" id="15005800-6437" start="9488">-</span>
    </annotation>
    <annotation annotator="" id="SO_2017_06_11_Instance_173054" type="identity">
      <class id="SO_EXT:sequence_nullness_or_absence" label="sequence nullness or absence"/>
      <span end="9587" id="15005800-6439" start="9586">-</span>
    </annotation>
    <annotation annotator="" id="SO_2017_06_11_Instance_173056" type="identity">
      <class id="SO_EXT:sequence_nullness_or_absence" label="sequence nullness or absence"/>
      <span end="9589" id="15005800-6441" start="9588">-</span>
    </annotation>
    <annotation annotator="" id="SO_2017_06_11_Instance_173058" type="identity">
      <class id="SO_EXT:sequence_nullness_or_absence" label="sequence nullness or absence"/>
      <span end="9680" id="15005800-6443" start="9679">-</span>
    </annotation>
    <annotation annotator="" id="SO_2017_06_11_Instance_173060" type="identity">
      <class id="SO_EXT:sequence_nullness_or_absence" label="sequence nullness or absence"/>
      <span end="9682" id="15005800-6445" start="9681">-</span>
    </annotation>
    <annotation annotator="" id="SO_2017_06_11_Instance_173062" type="identity">
      <class id="SO_EXT:sequence_nullness_or_absence" label="sequence nullness or absence"/>
      <span end="9775" id="15005800-6447" start="9774">-</span>
    </annotation>
    <annotation annotator="" id="SO_2017_06_11_Instance_173064" type="identity">
      <class id="SO_EXT:sequence_nullness_or_absence" label="sequence nullness or absence"/>
      <span end="9777" id="15005800-6449" start="9776">-</span>
    </annotation>
    <annotation annotator="" id="SO_2017_06_11_Instance_173066" type="identity">
      <class id="SO_EXT:sequence_nullness_or_absence" label="sequence nullness or absence"/>
      <span end="9901" id="15005800-6451" start="9900">-</span>
    </annotation>
    <annotation annotator="" id="SO_2017_06_11_Instance_173068" type="identity">
      <class id="SO_EXT:sequence_nullness_or_absence" label="sequence nullness or absence"/>
      <span end="9903" id="15005800-6453" start="9902">-</span>
    </annotation>
    <annotation annotator="" id="SO_2017_06_11_Instance_173070" type="identity">
      <class id="SO_EXT:sequence_nullness_or_absence" label="sequence nullness or absence"/>
      <span end="10083" id="15005800-6455" start="10082">-</span>
    </annotation>
    <annotation annotator="" id="SO_2017_06_11_Instance_173072" type="identity">
      <class id="SO_EXT:sequence_nullness_or_absence" label="sequence nullness or absence"/>
      <span end="10085" id="15005800-6457" start="10084">-</span>
    </annotation>
    <annotation annotator="Mike Bada, University of Colorado School of Medicine" id="SO_2017_06_11_Instance_21309" type="identity">
      <class id="SO_EXT:wild_type_entity_or_quality" label="wild-typeness or wild-type entity"/>
      <span end="10125" id="15005800-6813" start="10116">wild-type</span>
    </annotation>
    <annotation annotator="" id="SO_2017_06_11_Instance_178797" type="identity">
      <class id="SO_EXT:normal_or_wild_type_or_present" label="sequence wild-typeness, normalness or presence"/>
      <span end="10417" id="15005800-6691" start="10416">+</span>
    </annotation>
    <annotation annotator="" id="SO_2017_06_11_Instance_178799" type="identity">
      <class id="SO_EXT:normal_or_wild_type_or_present" label="sequence wild-typeness, normalness or presence"/>
      <span end="10419" id="15005800-6693" start="10418">+</span>
    </annotation>
    <annotation annotator="" id="SO_2017_06_11_Instance_178805" type="identity">
      <class id="SO_EXT:wild_type_entity_or_quality" label="wild-typeness or wild-type entity"/>
      <span end="10604" id="15005800-6699" start="10595">wild-type</span>
    </annotation>
    <annotation annotator="" id="SO_2017_06_11_Instance_178801" type="identity">
      <class id="SO_EXT:normal_or_wild_type_or_present" label="sequence wild-typeness, normalness or presence"/>
      <span end="10607" id="15005800-6695" start="10606">+</span>
    </annotation>
    <annotation annotator="" id="SO_2017_06_11_Instance_178803" type="identity">
      <class id="SO_EXT:normal_or_wild_type_or_present" label="sequence wild-typeness, normalness or presence"/>
      <span end="10609" id="15005800-6697" start="10608">+</span>
    </annotation>
    <annotation annotator="" id="SO_2017_06_11_Instance_173074" type="identity">
      <class id="SO_EXT:sequence_nullness_or_absence" label="sequence nullness or absence"/>
      <span end="10621" id="15005800-6459" start="10620">-</span>
    </annotation>
    <annotation annotator="" id="SO_2017_06_11_Instance_173076" type="identity">
      <class id="SO_EXT:sequence_nullness_or_absence" label="sequence nullness or absence"/>
      <span end="10623" id="15005800-6461" start="10622">-</span>
    </annotation>
    <annotation annotator="" id="SO_2017_06_11_Instance_173078" type="identity">
      <class id="SO_EXT:sequence_nullness_or_absence" label="sequence nullness or absence"/>
      <span end="10626" id="15005800-6463" start="10625">-</span>
    </annotation>
    <annotation annotator="" id="SO_2017_06_11_Instance_173080" type="identity">
      <class id="SO_EXT:sequence_nullness_or_absence" label="sequence nullness or absence"/>
      <span end="10628" id="15005800-6465" start="10627">-</span>
    </annotation>
    <annotation annotator="Mike Bada, University of Colorado School of Medicine" id="SO_2017_06_11_Instance_21311" type="identity">
      <class id="SO_EXT:wild_type_entity_or_quality" label="wild-typeness or wild-type entity"/>
      <span end="10827" id="15005800-6815" start="10818">wild-type</span>
    </annotation>
    <annotation annotator="" id="SO_2017_06_11_Instance_173082" type="identity">
      <class id="SO_EXT:sequence_nullness_or_absence" label="sequence nullness or absence"/>
      <span end="11454" id="15005800-6467" start="11453">-</span>
    </annotation>
    <annotation annotator="" id="SO_2017_06_11_Instance_173084" type="identity">
      <class id="SO_EXT:sequence_nullness_or_absence" label="sequence nullness or absence"/>
      <span end="11456" id="15005800-6469" start="11455">-</span>
    </annotation>
    <annotation annotator="Mike Bada, University of Colorado School of Medicine" id="SO_2017_06_11_Instance_45453" type="identity">
      <class id="SO_EXT:wild_type_entity_or_quality" label="wild-typeness or wild-type entity"/>
      <span end="11686" id="15005800-6869" start="11677">wild-type</span>
    </annotation>
    <annotation annotator="" id="SO_2017_06_11_Instance_173086" type="identity">
      <class id="SO_EXT:sequence_nullness_or_absence" label="sequence nullness or absence"/>
      <span end="12293" id="15005800-6471" start="12292">-</span>
    </annotation>
    <annotation annotator="" id="SO_2017_06_11_Instance_173088" type="identity">
      <class id="SO_EXT:sequence_nullness_or_absence" label="sequence nullness or absence"/>
      <span end="12295" id="15005800-6473" start="12294">-</span>
    </annotation>
    <annotation annotator="Mike Bada, University of Colorado School of Medicine" id="SO_2017_06_11_Instance_45455" type="identity">
      <class id="SO_EXT:wild_type_entity_or_quality" label="wild-typeness or wild-type entity"/>
      <span end="12309" id="15005800-6871" start="12300">wild-type</span>
    </annotation>
    <annotation annotator="Mike Bada, University of Colorado School of Medicine" id="SO_2017_06_11_Instance_45457" type="identity">
      <class id="SO_EXT:wild_type_entity_or_quality" label="wild-typeness or wild-type entity"/>
      <span end="12597" id="15005800-6873" start="12588">wild-type</span>
    </annotation>
    <annotation annotator="" id="SO_2017_06_11_Instance_173090" type="identity">
      <class id="SO_EXT:sequence_nullness_or_absence" label="sequence nullness or absence"/>
      <span end="13125" id="15005800-6475" start="13124">-</span>
    </annotation>
    <annotation annotator="" id="SO_2017_06_11_Instance_173092" type="identity">
      <class id="SO_EXT:sequence_nullness_or_absence" label="sequence nullness or absence"/>
      <span end="13127" id="15005800-6477" start="13126">-</span>
    </annotation>
    <annotation annotator="Mike Bada, University of Colorado School of Medicine" id="SO_2017_06_11_Instance_45459" type="identity">
      <class id="SO_EXT:wild_type_entity_or_quality" label="wild-typeness or wild-type entity"/>
      <span end="13153" id="15005800-6875" start="13144">wild-type</span>
    </annotation>
    <annotation annotator="" id="SO_2017_06_11_Instance_173094" type="identity">
      <class id="SO_EXT:sequence_nullness_or_absence" label="sequence nullness or absence"/>
      <span end="13362" id="15005800-6479" start="13361">-</span>
    </annotation>
    <annotation annotator="" id="SO_2017_06_11_Instance_173096" type="identity">
      <class id="SO_EXT:sequence_nullness_or_absence" label="sequence nullness or absence"/>
      <span end="13364" id="15005800-6481" start="13363">-</span>
    </annotation>
    <annotation annotator="Mike Bada, University of Colorado School of Medicine" id="SO_2017_06_11_Instance_45461" type="identity">
      <class id="SO_EXT:wild_type_entity_or_quality" label="wild-typeness or wild-type entity"/>
      <span end="13740" id="15005800-6877" start="13731">wild-type</span>
    </annotation>
    <annotation annotator="" id="SO_2017_06_11_Instance_178807" type="identity">
      <class id="SO_EXT:normal_or_wild_type_or_present" label="sequence wild-typeness, normalness or presence"/>
      <span end="13743" id="15005800-6701" start="13742">+</span>
    </annotation>
    <annotation annotator="" id="SO_2017_06_11_Instance_178809" type="identity">
      <class id="SO_EXT:normal_or_wild_type_or_present" label="sequence wild-typeness, normalness or presence"/>
      <span end="13745" id="15005800-6703" start="13744">+</span>
    </annotation>
    <annotation annotator="" id="SO_2017_06_11_Instance_173098" type="identity">
      <class id="SO_EXT:sequence_nullness_or_absence" label="sequence nullness or absence"/>
      <span end="13805" id="15005800-6483" start="13804">-</span>
    </annotation>
    <annotation annotator="" id="SO_2017_06_11_Instance_173100" type="identity">
      <class id="SO_EXT:sequence_nullness_or_absence" label="sequence nullness or absence"/>
      <span end="13807" id="15005800-6485" start="13806">-</span>
    </annotation>
    <annotation annotator="Mike Bada, University of Colorado School of Medicine" id="SO_2017_06_11_Instance_45463" type="identity">
      <class id="SO_EXT:wild_type_entity_or_quality" label="wild-typeness or wild-type entity"/>
      <span end="14050" id="15005800-6879" start="14041">wild-type</span>
    </annotation>
    <annotation annotator="Mike Bada, University of Colorado School of Medicine" id="SO_2017_06_11_Instance_45465" type="identity">
      <class id="SO_EXT:wild_type_entity_or_quality" label="wild-typeness or wild-type entity"/>
      <span end="14219" id="15005800-6881" start="14210">wild-type</span>
    </annotation>
    <annotation annotator="" id="SO_2017_06_11_Instance_173102" type="identity">
      <class id="SO_EXT:sequence_nullness_or_absence" label="sequence nullness or absence"/>
      <span end="14918" id="15005800-6487" start="14917">-</span>
    </annotation>
    <annotation annotator="" id="SO_2017_06_11_Instance_173104" type="identity">
      <class id="SO_EXT:sequence_nullness_or_absence" label="sequence nullness or absence"/>
      <span end="14920" id="15005800-6489" start="14919">-</span>
    </annotation>
    <annotation annotator="Mike Bada, University of Colorado School of Medicine" id="SO_2017_06_11_Instance_45467" type="identity">
      <class id="SO_EXT:wild_type_entity_or_quality" label="wild-typeness or wild-type entity"/>
      <span end="15176" id="15005800-6883" start="15167">wild-type</span>
    </annotation>
    <annotation annotator="" id="SO_2017_06_11_backup_Instance_16808" type="identity">
      <class id="CHEBI_SO_EXT:molecular_label_or_mark_or_tag_process" label="molecular label/mark/tag process"/>
      <span end="15343" id="15005800-6357" start="15335">labeling</span>
    </annotation>
    <annotation annotator="" id="SO_2017_06_11_backup_Instance_16810" type="identity">
      <class id="CHEBI_SO_EXT:molecular_label_or_mark_or_tag_process" label="molecular label/mark/tag process"/>
      <span end="15485" id="15005800-6359" start="15477">labeling</span>
    </annotation>
    <annotation annotator="" id="SO_2017_06_11_backup_Instance_10682" type="identity">
      <class id="CHEBI_SO_EXT:molecular_indicator_or_label_or_marker_or_tag" label="molecular indicator/label/marker/tag"/>
      <span end="15600" id="15005800-6331" start="15594">marker</span>
    </annotation>
    <annotation annotator="Mike Bada, University of Colorado School of Medicine" id="SO_2017_06_11_Instance_45469" type="identity">
      <class id="SO_EXT:wild_type_entity_or_quality" label="wild-typeness or wild-type entity"/>
      <span end="15884" id="15005800-6885" start="15875">wild-type</span>
    </annotation>
    <annotation annotator="" id="SO_2017_06_11_backup_Instance_16812" type="identity">
      <class id="CHEBI_SO_EXT:molecular_label_or_mark_or_tag_process" label="molecular label/mark/tag process"/>
      <span end="16425" id="15005800-6361" start="16418">labeled</span>
    </annotation>
    <annotation annotator="Mike Bada, University of Colorado School of Medicine" id="SO_2017_06_11_Instance_45471" type="identity">
      <class id="SO_EXT:wild_type_entity_or_quality" label="wild-typeness or wild-type entity"/>
      <span end="16560" id="15005800-6887" start="16551">wild-type</span>
    </annotation>
    <annotation annotator="" id="SO_2017_06_11_Instance_178811" type="identity">
      <class id="SO_EXT:normal_or_wild_type_or_present" label="sequence wild-typeness, normalness or presence"/>
      <span end="16563" id="15005800-6705" start="16562">+</span>
    </annotation>
    <annotation annotator="" id="SO_2017_06_11_Instance_178813" type="identity">
      <class id="SO_EXT:normal_or_wild_type_or_present" label="sequence wild-typeness, normalness or presence"/>
      <span end="16565" id="15005800-6707" start="16564">+</span>
    </annotation>
    <annotation annotator="" id="SO_2017_06_11_Instance_173106" type="identity">
      <class id="SO_EXT:sequence_nullness_or_absence" label="sequence nullness or absence"/>
      <span end="16582" id="15005800-6491" start="16581">-</span>
    </annotation>
    <annotation annotator="" id="SO_2017_06_11_Instance_173108" type="identity">
      <class id="SO_EXT:sequence_nullness_or_absence" label="sequence nullness or absence"/>
      <span end="16584" id="15005800-6493" start="16583">-</span>
    </annotation>
    <annotation annotator="Mike Bada, University of Colorado School of Medicine" id="SO_2017_06_11_Instance_21313" type="identity">
      <class id="SO_EXT:wild_type_entity_or_quality" label="wild-typeness or wild-type entity"/>
      <span end="16750" id="15005800-6817" start="16741">wild-type</span>
    </annotation>
    <annotation annotator="" id="SO_2017_06_11_backup_Instance_16814" type="identity">
      <class id="CHEBI_SO_EXT:molecular_label_or_mark_or_tag_process" label="molecular label/mark/tag process"/>
      <span end="16765" id="15005800-6363" start="16757">labeling</span>
    </annotation>
    <annotation annotator="Mike Bada, University of Colorado School of Medicine" id="SO_2017_06_11_Instance_21315" type="identity">
      <class id="SO_EXT:wild_type_entity_or_quality" label="wild-typeness or wild-type entity"/>
      <span end="16960" id="15005800-6819" start="16951">wild-type</span>
    </annotation>
    <annotation annotator="Mike Bada, University of Colorado School of Medicine" id="SO_2017_06_11_Instance_45473" type="identity">
      <class id="SO_EXT:wild_type_entity_or_quality" label="wild-typeness or wild-type entity"/>
      <span end="17031" id="15005800-6889" start="17022">wild-type</span>
    </annotation>
    <annotation annotator="Mike Bada, University of Colorado School of Medicine" id="SO_2017_06_11_Instance_21317" type="identity">
      <class id="SO_EXT:wild_type_entity_or_quality" label="wild-typeness or wild-type entity"/>
      <span end="17089" id="15005800-6821" start="17080">wild-type</span>
    </annotation>
    <annotation annotator="" id="SO_2017_06_11_Instance_173110" type="identity">
      <class id="SO_EXT:sequence_nullness_or_absence" label="sequence nullness or absence"/>
      <span end="17498" id="15005800-6495" start="17497">-</span>
    </annotation>
    <annotation annotator="" id="SO_2017_06_11_Instance_173112" type="identity">
      <class id="SO_EXT:sequence_nullness_or_absence" label="sequence nullness or absence"/>
      <span end="17500" id="15005800-6497" start="17499">-</span>
    </annotation>
    <annotation annotator="" id="SO_2017_06_11_Instance_173114" type="identity">
      <class id="SO_EXT:sequence_nullness_or_absence" label="sequence nullness or absence"/>
      <span end="17587" id="15005800-6499" start="17586">-</span>
    </annotation>
    <annotation annotator="" id="SO_2017_06_11_Instance_173116" type="identity">
      <class id="SO_EXT:sequence_nullness_or_absence" label="sequence nullness or absence"/>
      <span end="17589" id="15005800-6501" start="17588">-</span>
    </annotation>
    <annotation annotator="Mike Bada, University of Colorado School of Medicine" id="SO_2017_06_11_Instance_45475" type="identity">
      <class id="SO_EXT:wild_type_entity_or_quality" label="wild-typeness or wild-type entity"/>
      <span end="17749" id="15005800-6891" start="17740">wild type</span>
    </annotation>
    <annotation annotator="" id="SO_2017_06_11_Instance_220229" type="identity">
      <class id="SO_EXT:sequence_nullness" label="sequence nullness"/>
      <span end="17859" id="15005800-6833" start="17855">null</span>
    </annotation>
    <annotation annotator="" id="SO_2017_06_11_Instance_220231" type="identity">
      <class id="SO_EXT:sequence_nullness" label="sequence nullness"/>
      <span end="18144" id="15005800-6835" start="18140">null</span>
    </annotation>
    <annotation annotator="Mike Bada, University of Colorado School of Medicine" id="SO_2017_06_11_Instance_45477" type="identity">
      <class id="SO_EXT:wild_type_entity_or_quality" label="wild-typeness or wild-type entity"/>
      <span end="18393" id="15005800-6893" start="18384">wild-type</span>
    </annotation>
    <annotation annotator="" id="SO_2017_06_11_Instance_178815" type="identity">
      <class id="SO_EXT:normal_or_wild_type_or_present" label="sequence wild-typeness, normalness or presence"/>
      <span end="18396" id="15005800-6709" start="18395">+</span>
    </annotation>
    <annotation annotator="" id="SO_2017_06_11_Instance_178817" type="identity">
      <class id="SO_EXT:normal_or_wild_type_or_present" label="sequence wild-typeness, normalness or presence"/>
      <span end="18398" id="15005800-6711" start="18397">+</span>
    </annotation>
    <annotation annotator="" id="SO_2017_06_11_Instance_173118" type="identity">
      <class id="SO_EXT:sequence_nullness_or_absence" label="sequence nullness or absence"/>
      <span end="18415" id="15005800-6503" start="18414">-</span>
    </annotation>
    <annotation annotator="" id="SO_2017_06_11_Instance_173120" type="identity">
      <class id="SO_EXT:sequence_nullness_or_absence" label="sequence nullness or absence"/>
      <span end="18417" id="15005800-6505" start="18416">-</span>
    </annotation>
    <annotation annotator="Mike Bada, University of Colorado School of Medicine" id="SO_2017_06_11_Instance_45479" type="identity">
      <class id="SO_EXT:wild_type_entity_or_quality" label="wild-typeness or wild-type entity"/>
      <span end="19238" id="15005800-6895" start="19229">Wild type</span>
    </annotation>
    <annotation annotator="" id="SO_2017_06_11_Instance_173122" type="identity">
      <class id="SO_EXT:sequence_nullness_or_absence" label="sequence nullness or absence"/>
      <span end="19357" id="15005800-6507" start="19356">-</span>
    </annotation>
    <annotation annotator="" id="SO_2017_06_11_Instance_173124" type="identity">
      <class id="SO_EXT:sequence_nullness_or_absence" label="sequence nullness or absence"/>
      <span end="19359" id="15005800-6509" start="19358">-</span>
    </annotation>
    <annotation annotator="" id="SO_2017_06_11_Instance_173126" type="identity">
      <class id="SO_EXT:sequence_nullness_or_absence" label="sequence nullness or absence"/>
      <span end="19410" id="15005800-6511" start="19409">-</span>
    </annotation>
    <annotation annotator="" id="SO_2017_06_11_Instance_173128" type="identity">
      <class id="SO_EXT:sequence_nullness_or_absence" label="sequence nullness or absence"/>
      <span end="19412" id="15005800-6513" start="19411">-</span>
    </annotation>
    <annotation annotator="Mike Bada, University of Colorado School of Medicine" id="SO_2017_06_11_Instance_45481" type="identity">
      <class id="SO_EXT:wild_type_entity_or_quality" label="wild-typeness or wild-type entity"/>
      <span end="19872" id="15005800-6897" start="19863">wild-type</span>
    </annotation>
    <annotation annotator="" id="SO_2017_06_11_Instance_220233" type="identity">
      <class id="SO_EXT:sequence_nullness" label="sequence nullness"/>
      <span end="19886" id="15005800-6837" start="19882">null</span>
    </annotation>
    <annotation annotator="Mike Bada, University of Colorado School of Medicine" id="SO_2017_06_11_Instance_45483" type="identity">
      <class id="SO_EXT:wild_type_entity_or_quality" label="wild-typeness or wild-type entity"/>
      <span end="20059" id="15005800-6899" start="20050">wild-type</span>
    </annotation>
    <annotation annotator="" id="SO_2017_06_11_Instance_220235" type="identity">
      <class id="SO_EXT:sequence_nullness" label="sequence nullness"/>
      <span end="20074" id="15005800-6839" start="20070">null</span>
    </annotation>
    <annotation annotator="Mike Bada, University of Colorado School of Medicine" id="SO_2017_06_11_Instance_45485" type="identity">
      <class id="SO_EXT:wild_type_entity_or_quality" label="wild-typeness or wild-type entity"/>
      <span end="20324" id="15005800-6901" start="20315">wild-type</span>
    </annotation>
    <annotation annotator="" id="SO_2017_06_11_Instance_178819" type="identity">
      <class id="SO_EXT:normal_or_wild_type_or_present" label="sequence wild-typeness, normalness or presence"/>
      <span end="20327" id="15005800-6713" start="20326">+</span>
    </annotation>
    <annotation annotator="" id="SO_2017_06_11_Instance_178821" type="identity">
      <class id="SO_EXT:normal_or_wild_type_or_present" label="sequence wild-typeness, normalness or presence"/>
      <span end="20329" id="15005800-6715" start="20328">+</span>
    </annotation>
    <annotation annotator="" id="SO_2017_06_11_Instance_173130" type="identity">
      <class id="SO_EXT:sequence_nullness_or_absence" label="sequence nullness or absence"/>
      <span end="20346" id="15005800-6515" start="20345">-</span>
    </annotation>
    <annotation annotator="" id="SO_2017_06_11_Instance_173132" type="identity">
      <class id="SO_EXT:sequence_nullness_or_absence" label="sequence nullness or absence"/>
      <span end="20348" id="15005800-6517" start="20347">-</span>
    </annotation>
    <annotation annotator="Mike Bada, University of Colorado School of Medicine" id="SO_2017_06_11_Instance_45487" type="identity">
      <class id="SO_EXT:wild_type_entity_or_quality" label="wild-typeness or wild-type entity"/>
      <span end="20449" id="15005800-6903" start="20440">wild-type</span>
    </annotation>
    <annotation annotator="" id="SO_2017_06_11_backup_Instance_10684" type="identity">
      <class id="CHEBI_SO_EXT:RNA" label="RNA"/>
      <span end="20771" id="15005800-6333" start="20768">RNA</span>
    </annotation>
    <annotation annotator="Mike Bada, University of Colorado School of Medicine" id="SO_2017_06_11_Instance_45489" type="identity">
      <class id="SO_EXT:wild_type_entity_or_quality" label="wild-typeness or wild-type entity"/>
      <span end="20786" id="15005800-6905" start="20777">wild-type</span>
    </annotation>
    <annotation annotator="" id="SO_2017_06_11_backup_Instance_10686" type="identity">
      <class id="CHEBI_SO_EXT:mRNA" label="mRNA"/>
      <span end="20972" id="15005800-6335" start="20967">mRNAs</span>
    </annotation>
    <annotation annotator="" id="SO_2017_06_11_Instance_211895" type="identity">
      <class id="SO_EXT:genotype_or_entity_with_genotype" label="genotype or entity with genotype"/>
      <span end="21035" id="15005800-6803" start="21026">genotypes</span>
    </annotation>
    <annotation annotator="" id="SO_2017_06_11_Instance_173134" type="identity">
      <class id="SO_EXT:sequence_nullness_or_absence" label="sequence nullness or absence"/>
      <span end="21044" id="15005800-6519" start="21043">-</span>
    </annotation>
    <annotation annotator="" id="SO_2017_06_11_Instance_173136" type="identity">
      <class id="SO_EXT:sequence_nullness_or_absence" label="sequence nullness or absence"/>
      <span end="21046" id="15005800-6521" start="21045">-</span>
    </annotation>
    <annotation annotator="Mike Bada, University of Colorado School of Medicine" id="SO_2017_06_11_Instance_45495" type="identity">
      <class id="SO_EXT:wild_type_entity_or_quality" label="wild-typeness or wild-type entity"/>
      <span end="21167" id="15005800-6907" start="21158">wild type</span>
    </annotation>
    <annotation annotator="" id="SO_2017_06_11_backup_Instance_10688" type="identity">
      <class id="CHEBI_SO_EXT:molecular_indicator_or_label_or_marker_or_tag" label="molecular indicator/label/marker/tag"/>
      <span end="21724" id="15005800-6337" start="21718">marker</span>
    </annotation>
    <annotation annotator="" id="SO_2017_06_11_backup_Instance_10690" type="identity">
      <class id="CHEBI_SO_EXT:molecular_indicator_or_label_or_marker_or_tag" label="molecular indicator/label/marker/tag"/>
      <span end="21835" id="15005800-6339" start="21829">marker</span>
    </annotation>
    <annotation annotator="Mike Bada, University of Colorado School of Medicine" id="SO_2017_06_11_Instance_45497" type="identity">
      <class id="SO_EXT:0000704" label="gene"/>
      <span end="21998" id="15005800-6909" start="21994">gene</span>
    </annotation>
    <annotation annotator="Mike Bada, University of Colorado School of Medicine" id="SO_2017_06_11_Instance_45499" type="identity">
      <class id="SO_EXT:wild_type_entity_or_quality" label="wild-typeness or wild-type entity"/>
      <span end="22186" id="15005800-6911" start="22177">wild-type</span>
    </annotation>
    <annotation annotator="Mike Bada, University of Colorado School of Medicine" id="SO_2017_06_11_Instance_21319" type="identity">
      <class id="SO_EXT:wild_type_entity_or_quality" label="wild-typeness or wild-type entity"/>
      <span end="22614" id="15005800-6823" start="22605">wild-type</span>
    </annotation>
    <annotation annotator="" id="SO_2017_06_11_Instance_178823" type="identity">
      <class id="SO_EXT:normal_or_wild_type_or_present" label="sequence wild-typeness, normalness or presence"/>
      <span end="22617" id="15005800-6717" start="22616">+</span>
    </annotation>
    <annotation annotator="" id="SO_2017_06_11_Instance_178825" type="identity">
      <class id="SO_EXT:normal_or_wild_type_or_present" label="sequence wild-typeness, normalness or presence"/>
      <span end="22619" id="15005800-6719" start="22618">+</span>
    </annotation>
    <annotation annotator="" id="SO_2017_06_11_Instance_173138" type="identity">
      <class id="SO_EXT:sequence_nullness_or_absence" label="sequence nullness or absence"/>
      <span end="22741" id="15005800-6523" start="22740">-</span>
    </annotation>
    <annotation annotator="" id="SO_2017_06_11_Instance_173140" type="identity">
      <class id="SO_EXT:sequence_nullness_or_absence" label="sequence nullness or absence"/>
      <span end="22743" id="15005800-6525" start="22742">-</span>
    </annotation>
    <annotation annotator="" id="SO_2017_06_11_backup_Instance_10706" type="identity">
      <class id="CHEBI_SO_EXT:molecular_indicator_or_label_or_marker_or_tag" label="molecular indicator/label/marker/tag"/>
      <span end="22975" id="15005800-6355" start="22968">markers</span>
    </annotation>
    <annotation annotator="Mike Bada, University of Colorado School of Medicine" id="SO_2017_06_11_Instance_45501" type="identity">
      <class id="SO_EXT:wild_type_entity_or_quality" label="wild-typeness or wild-type entity"/>
      <span end="23059" id="15005800-6913" start="23050">wild-type</span>
    </annotation>
    <annotation annotator="Mike Bada, University of Colorado School of Medicine" id="SO_2017_06_11_Instance_21321" type="identity">
      <class id="SO_EXT:wild_type_entity_or_quality" label="wild-typeness or wild-type entity"/>
      <span end="23394" id="15005800-6825" start="23385">wild-type</span>
    </annotation>
    <annotation annotator="Mike Bada, University of Colorado School of Medicine" id="SO_2017_06_11_Instance_45503" type="identity">
      <class id="SO_EXT:wild_type_entity_or_quality" label="wild-typeness or wild-type entity"/>
      <span end="23557" id="15005800-6915" start="23548">wild-type</span>
    </annotation>
    <annotation annotator="" id="SO_2017_06_11_Instance_173142" type="identity">
      <class id="SO_EXT:sequence_nullness_or_absence" label="sequence nullness or absence"/>
      <span end="23860" id="15005800-6527" start="23859">-</span>
    </annotation>
    <annotation annotator="" id="SO_2017_06_11_Instance_173144" type="identity">
      <class id="SO_EXT:sequence_nullness_or_absence" label="sequence nullness or absence"/>
      <span end="23862" id="15005800-6529" start="23861">-</span>
    </annotation>
    <annotation annotator="" id="SO_2017_06_11_Instance_173146" type="identity">
      <class id="SO_EXT:sequence_nullness_or_absence" label="sequence nullness or absence"/>
      <span end="24182" id="15005800-6531" start="24181">-</span>
    </annotation>
    <annotation annotator="" id="SO_2017_06_11_Instance_173148" type="identity">
      <class id="SO_EXT:sequence_nullness_or_absence" label="sequence nullness or absence"/>
      <span end="24184" id="15005800-6533" start="24183">-</span>
    </annotation>
    <annotation annotator="Mike Bada, University of Colorado School of Medicine" id="SO_2017_06_11_Instance_25509" type="identity">
      <class id="SO_EXT:0001060" label="sequence_variant"/>
      <span end="24444" id="15005800-6853" start="24437">isoform</span>
    </annotation>
    <annotation annotator="Mike Bada, University of Colorado School of Medicine" id="SO_2017_06_11_Instance_45505" type="identity">
      <class id="SO_EXT:wild_type_entity_or_quality" label="wild-typeness or wild-type entity"/>
      <span end="24568" id="15005800-6917" start="24559">wild-type</span>
    </annotation>
    <annotation annotator="" id="SO_2017_06_11_Instance_173150" type="identity">
      <class id="SO_EXT:sequence_nullness_or_absence" label="sequence nullness or absence"/>
      <span end="24579" id="15005800-6535" start="24578">-</span>
    </annotation>
    <annotation annotator="" id="SO_2017_06_11_Instance_173152" type="identity">
      <class id="SO_EXT:sequence_nullness_or_absence" label="sequence nullness or absence"/>
      <span end="24581" id="15005800-6537" start="24580">-</span>
    </annotation>
    <annotation annotator="Mike Bada, University of Colorado School of Medicine" id="SO_2017_06_11_Instance_45507" type="identity">
      <class id="SO_EXT:wild_type_entity_or_quality" label="wild-typeness or wild-type entity"/>
      <span end="25030" id="15005800-6919" start="25021">wild-type</span>
    </annotation>
    <annotation annotator="" id="SO_2017_06_11_Instance_173154" type="identity">
      <class id="SO_EXT:sequence_nullness_or_absence" label="sequence nullness or absence"/>
      <span end="25041" id="15005800-6539" start="25040">-</span>
    </annotation>
    <annotation annotator="" id="SO_2017_06_11_Instance_173156" type="identity">
      <class id="SO_EXT:sequence_nullness_or_absence" label="sequence nullness or absence"/>
      <span end="25043" id="15005800-6541" start="25042">-</span>
    </annotation>
    <annotation annotator="" id="SO_2017_06_11_Instance_173158" type="identity">
      <class id="SO_EXT:sequence_nullness_or_absence" label="sequence nullness or absence"/>
      <span end="25492" id="15005800-6543" start="25491">-</span>
    </annotation>
    <annotation annotator="" id="SO_2017_06_11_Instance_173160" type="identity">
      <class id="SO_EXT:sequence_nullness_or_absence" label="sequence nullness or absence"/>
      <span end="25494" id="15005800-6545" start="25493">-</span>
    </annotation>
    <annotation annotator="Mike Bada, University of Colorado School of Medicine" id="SO_2017_06_11_Instance_45509" type="identity">
      <class id="SO_EXT:wild_type_entity_or_quality" label="wild-typeness or wild-type entity"/>
      <span end="26374" id="15005800-6921" start="26365">wild-type</span>
    </annotation>
    <annotation annotator="" id="SO_2017_06_11_Instance_178827" type="identity">
      <class id="SO_EXT:normal_or_wild_type_or_present" label="sequence wild-typeness, normalness or presence"/>
      <span end="26377" id="15005800-6721" start="26376">+</span>
    </annotation>
    <annotation annotator="" id="SO_2017_06_11_Instance_178829" type="identity">
      <class id="SO_EXT:normal_or_wild_type_or_present" label="sequence wild-typeness, normalness or presence"/>
      <span end="26379" id="15005800-6723" start="26378">+</span>
    </annotation>
    <annotation annotator="" id="SO_2017_06_11_Instance_173162" type="identity">
      <class id="SO_EXT:sequence_nullness_or_absence" label="sequence nullness or absence"/>
      <span end="26396" id="15005800-6547" start="26395">-</span>
    </annotation>
    <annotation annotator="" id="SO_2017_06_11_Instance_173164" type="identity">
      <class id="SO_EXT:sequence_nullness_or_absence" label="sequence nullness or absence"/>
      <span end="26398" id="15005800-6549" start="26397">-</span>
    </annotation>
    <annotation annotator="Mike Bada, University of Colorado School of Medicine" id="SO_2017_06_11_Instance_45511" type="identity">
      <class id="SO_EXT:wild_type_entity_or_quality" label="wild-typeness or wild-type entity"/>
      <span end="26785" id="15005800-6923" start="26776">wild-type</span>
    </annotation>
    <annotation annotator="Mike Bada, University of Colorado School of Medicine" id="SO_2017_06_11_Instance_45513" type="identity">
      <class id="SO_EXT:wild_type_entity_or_quality" label="wild-typeness or wild-type entity"/>
      <span end="26898" id="15005800-6925" start="26889">wild-type</span>
    </annotation>
    <annotation annotator="" id="SO_2017_06_11_Instance_173166" type="identity">
      <class id="SO_EXT:sequence_nullness_or_absence" label="sequence nullness or absence"/>
      <span end="27556" id="15005800-6551" start="27555">-</span>
    </annotation>
    <annotation annotator="" id="SO_2017_06_11_Instance_173168" type="identity">
      <class id="SO_EXT:sequence_nullness_or_absence" label="sequence nullness or absence"/>
      <span end="27558" id="15005800-6553" start="27557">-</span>
    </annotation>
    <annotation annotator="" id="SO_2017_06_11_Instance_190229" type="identity">
      <class id="SO_EXT:sequence_alteration_process" label="sequence alteration process"/>
      <span end="27640" id="15005800-6751" start="27630">processing</span>
    </annotation>
    <annotation annotator="" id="SO_2017_06_11_Instance_90368" type="identity">
      <class id="CHEBI_SO_EXT:C_terminus_or_C_terminal_region" label="C-terminus or C-terminal region"/>
      <span end="27715" id="15005800-6977" start="27705">C-terminus</span>
    </annotation>
    <annotation annotator="" id="SO_2017_06_11_Instance_173170" type="identity">
      <class id="SO_EXT:sequence_nullness_or_absence" label="sequence nullness or absence"/>
      <span end="27991" id="15005800-6555" start="27990">-</span>
    </annotation>
    <annotation annotator="" id="SO_2017_06_11_Instance_173172" type="identity">
      <class id="SO_EXT:sequence_nullness_or_absence" label="sequence nullness or absence"/>
      <span end="27993" id="15005800-6557" start="27992">-</span>
    </annotation>
    <annotation annotator="" id="SO_2017_06_11_Instance_173174" type="identity">
      <class id="SO_EXT:sequence_nullness_or_absence" label="sequence nullness or absence"/>
      <span end="28043" id="15005800-6559" start="28042">-</span>
    </annotation>
    <annotation annotator="" id="SO_2017_06_11_Instance_173176" type="identity">
      <class id="SO_EXT:sequence_nullness_or_absence" label="sequence nullness or absence"/>
      <span end="28045" id="15005800-6561" start="28044">-</span>
    </annotation>
    <annotation annotator="Mike Bada, University of Colorado School of Medicine" id="SO_2017_06_11_Instance_45515" type="identity">
      <class id="SO_EXT:wild_type_entity_or_quality" label="wild-typeness or wild-type entity"/>
      <span end="28059" id="15005800-6927" start="28050">wild-type</span>
    </annotation>
    <annotation annotator="" id="SO_2017_06_11_Instance_90372" type="identity">
      <class id="CHEBI_SO_EXT:N_terminus_or_N_terminal_region" label="N-terminus or N-terminal region"/>
      <span end="28114" id="15005800-6981" start="28113">N</span>
    </annotation>
    <annotation annotator="" id="SO_2017_06_11_backup_Instance_10692" type="identity">
      <class id="CHEBI_SO_EXT:peptide_or_peptide_region" label="peptide or peptide region"/>
      <span end="28122" id="15005800-6341" start="28115">peptide</span>
    </annotation>
    <annotation annotator="" id="SO_2017_06_11_Instance_173178" type="identity">
      <class id="SO_EXT:sequence_nullness_or_absence" label="sequence nullness or absence"/>
      <span end="28421" id="15005800-6563" start="28420">-</span>
    </annotation>
    <annotation annotator="" id="SO_2017_06_11_Instance_173180" type="identity">
      <class id="SO_EXT:sequence_nullness_or_absence" label="sequence nullness or absence"/>
      <span end="28423" id="15005800-6565" start="28422">-</span>
    </annotation>
    <annotation annotator="Mike Bada, University of Colorado School of Medicine" id="SO_2017_06_11_Instance_45517" type="identity">
      <class id="SO_EXT:wild_type_entity_or_quality" label="wild-typeness or wild-type entity"/>
      <span end="28596" id="15005800-6929" start="28587">wild-type</span>
    </annotation>
    <annotation annotator="" id="SO_2017_06_11_Instance_173182" type="identity">
      <class id="SO_EXT:sequence_nullness_or_absence" label="sequence nullness or absence"/>
      <span end="28819" id="15005800-6567" start="28818">-</span>
    </annotation>
    <annotation annotator="" id="SO_2017_06_11_Instance_173184" type="identity">
      <class id="SO_EXT:sequence_nullness_or_absence" label="sequence nullness or absence"/>
      <span end="28821" id="15005800-6569" start="28820">-</span>
    </annotation>
    <annotation annotator="Mike Bada, University of Colorado School of Medicine" id="SO_2017_06_11_Instance_45519" type="identity">
      <class id="SO_EXT:wild_type_entity_or_quality" label="wild-typeness or wild-type entity"/>
      <span end="28835" id="15005800-6931" start="28826">wild-type</span>
    </annotation>
    <annotation annotator="" id="SO_2017_06_11_Instance_90878" type="identity">
      <class id="CHEBI_SO_EXT:N_terminus_or_N_terminal_region" label="N-terminus or N-terminal region"/>
      <span end="28917" id="15005800-6989" start="28916">N</span>
    </annotation>
    <annotation annotator="" id="SO_2017_06_11_backup_Instance_10694" type="identity">
      <class id="CHEBI_SO_EXT:peptide_or_peptide_region" label="peptide or peptide region"/>
      <span end="28925" id="15005800-6343" start="28918">peptide</span>
    </annotation>
    <annotation annotator="Mike Bada, University of Colorado School of Medicine" id="SO_2017_06_11_Instance_45521" type="identity">
      <class id="SO_EXT:wild_type_entity_or_quality" label="wild-typeness or wild-type entity"/>
      <span end="29089" id="15005800-6933" start="29080">wild-type</span>
    </annotation>
    <annotation annotator="" id="SO_2017_06_11_Instance_178831" type="identity">
      <class id="SO_EXT:normal_or_wild_type_or_present" label="sequence wild-typeness, normalness or presence"/>
      <span end="29092" id="15005800-6725" start="29091">+</span>
    </annotation>
    <annotation annotator="" id="SO_2017_06_11_Instance_178833" type="identity">
      <class id="SO_EXT:normal_or_wild_type_or_present" label="sequence wild-typeness, normalness or presence"/>
      <span end="29094" id="15005800-6727" start="29093">+</span>
    </annotation>
    <annotation annotator="" id="SO_2017_06_11_Instance_173186" type="identity">
      <class id="SO_EXT:sequence_nullness_or_absence" label="sequence nullness or absence"/>
      <span end="29111" id="15005800-6571" start="29110">-</span>
    </annotation>
    <annotation annotator="" id="SO_2017_06_11_Instance_173188" type="identity">
      <class id="SO_EXT:sequence_nullness_or_absence" label="sequence nullness or absence"/>
      <span end="29113" id="15005800-6573" start="29112">-</span>
    </annotation>
    <annotation annotator="Mike Bada, University of Colorado School of Medicine" id="SO_2017_06_11_Instance_45523" type="identity">
      <class id="SO_EXT:wild_type_entity_or_quality" label="wild-typeness or wild-type entity"/>
      <span end="29876" id="15005800-6935" start="29867">wild-type</span>
    </annotation>
    <annotation annotator="Mike Bada, University of Colorado School of Medicine" id="SO_2017_06_11_Instance_45525" type="identity">
      <class id="SO_EXT:wild_type_entity_or_quality" label="wild-typeness or wild-type entity"/>
      <span end="30402" id="15005800-6937" start="30393">wild-type</span>
    </annotation>
    <annotation annotator="Mike Bada, University of Colorado School of Medicine" id="SO_2017_06_11_Instance_45527" type="identity">
      <class id="SO_EXT:0000704" label="gene"/>
      <span end="30711" id="15005800-6939" start="30707">gene</span>
    </annotation>
    <annotation annotator="Mike Bada, University of Colorado School of Medicine" id="SO_2017_06_11_Instance_45529" type="identity">
      <class id="SO_EXT:wild_type_entity_or_quality" label="wild-typeness or wild-type entity"/>
      <span end="30915" id="15005800-6941" start="30906">wild-type</span>
    </annotation>
    <annotation annotator="Mike Bada, University of Colorado School of Medicine" id="SO_2017_06_11_Instance_45531" type="identity">
      <class id="SO_EXT:wild_type_entity_or_quality" label="wild-typeness or wild-type entity"/>
      <span end="31254" id="15005800-6943" start="31245">wild-type</span>
    </annotation>
    <annotation annotator="" id="SO_2017_06_11_Instance_178835" type="identity">
      <class id="SO_EXT:normal_or_wild_type_or_present" label="sequence wild-typeness, normalness or presence"/>
      <span end="31257" id="15005800-6729" start="31256">+</span>
    </annotation>
    <annotation annotator="" id="SO_2017_06_11_Instance_178837" type="identity">
      <class id="SO_EXT:normal_or_wild_type_or_present" label="sequence wild-typeness, normalness or presence"/>
      <span end="31259" id="15005800-6731" start="31258">+</span>
    </annotation>
    <annotation annotator="" id="SO_2017_06_11_Instance_173190" type="identity">
      <class id="SO_EXT:sequence_nullness_or_absence" label="sequence nullness or absence"/>
      <span end="31276" id="15005800-6575" start="31275">-</span>
    </annotation>
    <annotation annotator="" id="SO_2017_06_11_Instance_173192" type="identity">
      <class id="SO_EXT:sequence_nullness_or_absence" label="sequence nullness or absence"/>
      <span end="31278" id="15005800-6577" start="31277">-</span>
    </annotation>
    <annotation annotator="" id="SO_2017_06_11_Instance_190231" type="identity">
      <class id="SO_EXT:sequence_alteration_process" label="sequence alteration process"/>
      <span end="31355" id="15005800-6753" start="31345">processing</span>
    </annotation>
    <annotation annotator="" id="SO_2017_06_11_Instance_173194" type="identity">
      <class id="SO_EXT:sequence_nullness_or_absence" label="sequence nullness or absence"/>
      <span end="31365" id="15005800-6579" start="31364">-</span>
    </annotation>
    <annotation annotator="" id="SO_2017_06_11_Instance_173196" type="identity">
      <class id="SO_EXT:sequence_nullness_or_absence" label="sequence nullness or absence"/>
      <span end="31367" id="15005800-6581" start="31366">-</span>
    </annotation>
    <annotation annotator="" id="SO_2017_06_11_Instance_173198" type="identity">
      <class id="SO_EXT:sequence_nullness_or_absence" label="sequence nullness or absence"/>
      <span end="31478" id="15005800-6583" start="31477">-</span>
    </annotation>
    <annotation annotator="" id="SO_2017_06_11_Instance_173200" type="identity">
      <class id="SO_EXT:sequence_nullness_or_absence" label="sequence nullness or absence"/>
      <span end="31480" id="15005800-6585" start="31479">-</span>
    </annotation>
    <annotation annotator="" id="SO_2017_06_11_Instance_190233" type="identity">
      <class id="SO_EXT:sequence_alteration_process" label="sequence alteration process"/>
      <span end="31515" id="15005800-6755" start="31505">processing</span>
    </annotation>
    <annotation annotator="" id="SO_2017_06_11_Instance_190127" type="identity">
      <class id="SO_EXT:sequence_alteration_process" label="sequence alteration process"/>
      <span end="31557" id="15005800-6739" start="31549">modified</span>
    </annotation>
    <annotation annotator="" id="SO_2017_06_11_Instance_90314" type="identity">
      <class id="CHEBI_SO_EXT:N_terminus_or_N_terminal_region" label="N-terminus or N-terminal region"/>
      <span end="31568" id="15005800-6967" start="31558">N-terminal</span>
    </annotation>
    <annotation annotator="" id="SO_2017_06_11_Instance_210686" type="identity">
      <class id="SO_EXT:cDNA" label="complementary DNA"/>
      <span end="31659" id="15005800-6783" start="31655">cDNA</span>
    </annotation>
    <annotation annotator="" id="SO_2017_06_11_Instance_120211" type="identity">
      <class id="SO_EXT:sequence_truncation_process" label="sequence truncation process"/>
      <span end="31711" id="15005800-6369" start="31702">truncated</span>
    </annotation>
    <annotation annotator="" id="SO_2017_06_11_Instance_210688" type="identity">
      <class id="SO_EXT:cDNA" label="complementary DNA"/>
      <span end="31720" id="15005800-6785" start="31716">cDNA</span>
    </annotation>
    <annotation annotator="" id="SO_2017_06_11_Instance_90318" type="identity">
      <class id="CHEBI_SO_EXT:N_terminus_or_N_terminal_region" label="N-terminus or N-terminal region"/>
      <span end="31727" id="15005800-6971" start="31726">N</span>
    </annotation>
    <annotation annotator="" id="SO_2017_06_11_Instance_210690" type="identity">
      <class id="SO_EXT:cDNA" label="complementary DNA"/>
      <span end="31861" id="15005800-6787" start="31857">cDNA</span>
    </annotation>
    <annotation annotator="" id="SO_2017_06_11_Instance_120213" type="identity">
      <class id="SO_EXT:sequence_truncation_process" label="sequence truncation process"/>
      <span end="32068" id="15005800-6371" start="32059">truncated</span>
    </annotation>
    <annotation annotator="" id="SO_2017_06_11_Instance_90320" type="identity">
      <class id="CHEBI_SO_EXT:N_terminus_or_N_terminal_region" label="N-terminus or N-terminal region"/>
      <span end="32074" id="15005800-6973" start="32073">N</span>
    </annotation>
    <annotation annotator="" id="SO_2017_06_11_Instance_210692" type="identity">
      <class id="SO_EXT:cDNA" label="complementary DNA"/>
      <span end="32079" id="15005800-6789" start="32075">cDNA</span>
    </annotation>
    <annotation annotator="" id="SO_2017_06_11_Instance_120215" type="identity">
      <class id="SO_EXT:sequence_truncation_process" label="sequence truncation process"/>
      <span end="32142" id="15005800-6373" start="32133">truncated</span>
    </annotation>
    <annotation annotator="" id="SO_2017_06_11_Instance_190129" type="identity">
      <class id="SO_EXT:sequence_alteration_entity_or_process" label="sequence alteration entity or process"/>
      <span end="32223" id="15005800-6741" start="32210">modifications</span>
    </annotation>
    <annotation annotator="Mike Bada, University of Colorado School of Medicine" id="SO_2017_06_11_Instance_45533" type="identity">
      <class id="SO_EXT:wild_type_entity_or_quality" label="wild-typeness or wild-type entity"/>
      <span end="32290" id="15005800-6945" start="32281">wild-type</span>
    </annotation>
    <annotation annotator="" id="SO_2017_06_11_Instance_178839" type="identity">
      <class id="SO_EXT:normal_or_wild_type_or_present" label="sequence wild-typeness, normalness or presence"/>
      <span end="32298" id="15005800-6733" start="32297">+</span>
    </annotation>
    <annotation annotator="" id="SO_2017_06_11_Instance_173202" type="identity">
      <class id="SO_EXT:sequence_nullness_or_absence" label="sequence nullness or absence"/>
      <span end="32300" id="15005800-6587" start="32299">-</span>
    </annotation>
    <annotation annotator="" id="SO_2017_06_11_Instance_173204" type="identity">
      <class id="SO_EXT:sequence_nullness_or_absence" label="sequence nullness or absence"/>
      <span end="32311" id="15005800-6589" start="32310">-</span>
    </annotation>
    <annotation annotator="" id="SO_2017_06_11_Instance_173206" type="identity">
      <class id="SO_EXT:sequence_nullness_or_absence" label="sequence nullness or absence"/>
      <span end="32313" id="15005800-6591" start="32312">-</span>
    </annotation>
    <annotation annotator="" id="SO_2017_06_11_Instance_173208" type="identity">
      <class id="SO_EXT:sequence_nullness_or_absence" label="sequence nullness or absence"/>
      <span end="32495" id="15005800-6593" start="32494">-</span>
    </annotation>
    <annotation annotator="" id="SO_2017_06_11_Instance_173210" type="identity">
      <class id="SO_EXT:sequence_nullness_or_absence" label="sequence nullness or absence"/>
      <span end="32497" id="15005800-6595" start="32496">-</span>
    </annotation>
    <annotation annotator="Mike Bada, University of Colorado School of Medicine" id="SO_2017_06_11_Instance_21323" type="identity">
      <class id="SO_EXT:wild_type_entity_or_quality" label="wild-typeness or wild-type entity"/>
      <span end="32515" id="15005800-6827" start="32506">wild-type</span>
    </annotation>
    <annotation annotator="" id="SO_2017_06_11_Instance_190235" type="identity">
      <class id="SO_EXT:sequence_alteration_process" label="sequence alteration process"/>
      <span end="32559" id="15005800-6757" start="32549">processing</span>
    </annotation>
    <annotation annotator="" id="SO_2017_06_11_Instance_190237" type="identity">
      <class id="SO_EXT:sequence_alteration_process" label="sequence alteration process"/>
      <span end="32801" id="15005800-6759" start="32791">processing</span>
    </annotation>
    <annotation annotator="" id="SO_2017_06_11_Instance_190239" type="identity">
      <class id="SO_EXT:sequence_alteration_process" label="sequence alteration process"/>
      <span end="32865" id="15005800-6761" start="32855">processing</span>
    </annotation>
    <annotation annotator="Mike Bada, University of Colorado School of Medicine" id="SO_2017_06_11_Instance_45535" type="identity">
      <class id="SO_EXT:wild_type_entity_or_quality" label="wild-typeness or wild-type entity"/>
      <span end="32926" id="15005800-6947" start="32917">wild-type</span>
    </annotation>
    <annotation annotator="" id="SO_2017_06_11_Instance_90322" type="identity">
      <class id="CHEBI_SO_EXT:N_terminus_or_N_terminal_region" label="N-terminus or N-terminal region"/>
      <span end="33055" id="15005800-6975" start="33054">N</span>
    </annotation>
    <annotation annotator="" id="SO_2017_06_11_Instance_190241" type="identity">
      <class id="SO_EXT:sequence_alteration_process" label="sequence alteration process"/>
      <span end="33218" id="15005800-6763" start="33209">processed</span>
    </annotation>
    <annotation annotator="" id="SO_2017_06_11_Instance_190243" type="identity">
      <class id="SO_EXT:sequence_alteration_process" label="sequence alteration process"/>
      <span end="33273" id="15005800-6765" start="33264">processed</span>
    </annotation>
    <annotation annotator="" id="SO_2017_06_11_Instance_90374" type="identity">
      <class id="CHEBI_SO_EXT:N_terminus_or_N_terminal_region" label="N-terminus or N-terminal region"/>
      <span end="33420" id="15005800-6983" start="33419">N</span>
    </annotation>
    <annotation annotator="" id="SO_2017_06_11_Instance_90376" type="identity">
      <class id="CHEBI_SO_EXT:N_terminus_or_N_terminal_region" label="N-terminus or N-terminal region"/>
      <span end="33471" id="15005800-6985" start="33470">N</span>
    </annotation>
    <annotation annotator="" id="SO_2017_06_11_Instance_190131" type="identity">
      <class id="SO_EXT:sequence_alteration_entity_or_process" label="sequence alteration entity or process"/>
      <span end="33515" id="15005800-6743" start="33502">modifications</span>
    </annotation>
    <annotation annotator="" id="SO_2017_06_11_Instance_90370" type="identity">
      <class id="CHEBI_SO_EXT:N_terminus_or_N_terminal_region" label="N-terminus or N-terminal region"/>
      <span end="33533" id="15005800-6979" start="33523">N terminus</span>
    </annotation>
    <annotation annotator="" id="SO_2017_06_11_Instance_190245" type="identity">
      <class id="SO_EXT:sequence_alteration_process" label="sequence alteration process"/>
      <span end="33589" id="15005800-6767" start="33580">processed</span>
    </annotation>
    <annotation annotator="" id="SO_2017_06_11_Instance_190247" type="identity">
      <class id="SO_EXT:sequence_alteration_process" label="sequence alteration process"/>
      <span end="33703" id="15005800-6769" start="33694">processed</span>
    </annotation>
    <annotation annotator="" id="SO_2017_06_11_Instance_170132" type="identity">
      <class id="CHEBI_GO_SO_EXT:enzyme" label="enzyme"/>
      <span end="33876" id="15005800-6375" start="33870">enzyme</span>
    </annotation>
    <annotation annotator="" id="SO_2017_06_11_Instance_188756" type="identity">
      <class id="SO_EXT:sequence_alteration_entity_or_process" label="sequence alteration entity or process"/>
      <span end="34081" id="15005800-6737" start="34072">mutations</span>
    </annotation>
    <annotation annotator="Mike Bada, University of Colorado School of Medicine" id="SO_2017_06_11_Instance_45537" type="identity">
      <class id="SO_EXT:0000704" label="gene"/>
      <span end="34090" id="15005800-6949" start="34085">genes</span>
    </annotation>
    <annotation annotator="" id="SO_2017_06_11_Instance_91297" type="identity">
      <class id="SO_EXT:sequence_coding_function" label="sequence coding function"/>
      <span end="34099" id="15005800-6993" start="34091">encoding</span>
    </annotation>
    <annotation annotator="" id="SO_2017_06_11_Instance_170134" type="identity">
      <class id="CHEBI_GO_SO_EXT:enzyme" label="enzyme"/>
      <span end="34113" id="15005800-6377" start="34106">enzymes</span>
    </annotation>
    <annotation annotator="Mike Bada, University of Colorado School of Medicine" id="SO_2017_06_11_Instance_25459" type="identity">
      <class id="SO_EXT:0000704" label="gene"/>
      <span end="34192" id="15005800-6851" start="34185">genetic</span>
    </annotation>
    <annotation annotator="" id="SO_2017_06_11_Instance_173212" type="identity">
      <class id="SO_EXT:sequence_nullness_or_absence" label="sequence nullness or absence"/>
      <span end="34437" id="15005800-6597" start="34436">-</span>
    </annotation>
    <annotation annotator="" id="SO_2017_06_11_Instance_173214" type="identity">
      <class id="SO_EXT:sequence_nullness_or_absence" label="sequence nullness or absence"/>
      <span end="34439" id="15005800-6599" start="34438">-</span>
    </annotation>
    <annotation annotator="" id="SO_2017_06_11_Instance_173216" type="identity">
      <class id="SO_EXT:sequence_nullness_or_absence" label="sequence nullness or absence"/>
      <span end="34600" id="15005800-6601" start="34599">-</span>
    </annotation>
    <annotation annotator="" id="SO_2017_06_11_Instance_173218" type="identity">
      <class id="SO_EXT:sequence_nullness_or_absence" label="sequence nullness or absence"/>
      <span end="34602" id="15005800-6603" start="34601">-</span>
    </annotation>
    <annotation annotator="" id="SO_2017_06_11_Instance_173220" type="identity">
      <class id="SO_EXT:sequence_nullness_or_absence" label="sequence nullness or absence"/>
      <span end="34635" id="15005800-6605" start="34634">-</span>
    </annotation>
    <annotation annotator="" id="SO_2017_06_11_Instance_173222" type="identity">
      <class id="SO_EXT:sequence_nullness_or_absence" label="sequence nullness or absence"/>
      <span end="34637" id="15005800-6607" start="34636">-</span>
    </annotation>
    <annotation annotator="" id="SO_2017_06_11_Instance_173224" type="identity">
      <class id="SO_EXT:sequence_nullness_or_absence" label="sequence nullness or absence"/>
      <span end="35049" id="15005800-6609" start="35048">-</span>
    </annotation>
    <annotation annotator="" id="SO_2017_06_11_Instance_173226" type="identity">
      <class id="SO_EXT:sequence_nullness_or_absence" label="sequence nullness or absence"/>
      <span end="35051" id="15005800-6611" start="35050">-</span>
    </annotation>
    <annotation annotator="" id="SO_2017_06_11_Instance_173228" type="identity">
      <class id="SO_EXT:sequence_nullness_or_absence" label="sequence nullness or absence"/>
      <span end="35615" id="15005800-6613" start="35614">-</span>
    </annotation>
    <annotation annotator="" id="SO_2017_06_11_Instance_173230" type="identity">
      <class id="SO_EXT:sequence_nullness_or_absence" label="sequence nullness or absence"/>
      <span end="35617" id="15005800-6615" start="35616">-</span>
    </annotation>
    <annotation annotator="" id="SO_2017_06_11_backup_Instance_10696" type="identity">
      <class id="CHEBI_SO_EXT:molecular_indicator_or_label_or_marker_or_tag" label="molecular indicator/label/marker/tag"/>
      <span end="35729" id="15005800-6345" start="35722">markers</span>
    </annotation>
    <annotation annotator="" id="SO_2017_06_11_Instance_173232" type="identity">
      <class id="SO_EXT:sequence_nullness_or_absence" label="sequence nullness or absence"/>
      <span end="35843" id="15005800-6617" start="35842">-</span>
    </annotation>
    <annotation annotator="" id="SO_2017_06_11_Instance_173234" type="identity">
      <class id="SO_EXT:sequence_nullness_or_absence" label="sequence nullness or absence"/>
      <span end="35845" id="15005800-6619" start="35844">-</span>
    </annotation>
    <annotation annotator="Mike Bada, University of Colorado School of Medicine" id="SO_2017_06_11_Instance_45539" type="identity">
      <class id="SO_EXT:0000704" label="gene"/>
      <span end="36024" id="15005800-6951" start="36020">gene</span>
    </annotation>
    <annotation annotator="" id="SO_2017_06_11_Instance_173236" type="identity">
      <class id="SO_EXT:sequence_nullness_or_absence" label="sequence nullness or absence"/>
      <span end="36803" id="15005800-6621" start="36802">-</span>
    </annotation>
    <annotation annotator="" id="SO_2017_06_11_Instance_173238" type="identity">
      <class id="SO_EXT:sequence_nullness_or_absence" label="sequence nullness or absence"/>
      <span end="36805" id="15005800-6623" start="36804">-</span>
    </annotation>
    <annotation annotator="" id="SO_2017_06_11_Instance_173240" type="identity">
      <class id="SO_EXT:sequence_nullness_or_absence" label="sequence nullness or absence"/>
      <span end="36984" id="15005800-6625" start="36983">-</span>
    </annotation>
    <annotation annotator="" id="SO_2017_06_11_Instance_173242" type="identity">
      <class id="SO_EXT:sequence_nullness_or_absence" label="sequence nullness or absence"/>
      <span end="36986" id="15005800-6627" start="36985">-</span>
    </annotation>
    <annotation annotator="" id="SO_2017_06_11_Instance_173244" type="identity">
      <class id="SO_EXT:sequence_nullness_or_absence" label="sequence nullness or absence"/>
      <span end="37056" id="15005800-6629" start="37055">-</span>
    </annotation>
    <annotation annotator="" id="SO_2017_06_11_Instance_173246" type="identity">
      <class id="SO_EXT:sequence_nullness_or_absence" label="sequence nullness or absence"/>
      <span end="37058" id="15005800-6631" start="37057">-</span>
    </annotation>
    <annotation annotator="Mike Bada, University of Colorado School of Medicine" id="SO_2017_06_11_Instance_21325" type="identity">
      <class id="SO_EXT:wild_type_entity_or_quality" label="wild-typeness or wild-type entity"/>
      <span end="37088" id="15005800-6829" start="37079">wild-type</span>
    </annotation>
    <annotation annotator="" id="SO_2017_06_11_Instance_173248" type="identity">
      <class id="SO_EXT:sequence_nullness_or_absence" label="sequence nullness or absence"/>
      <span end="37204" id="15005800-6633" start="37203">-</span>
    </annotation>
    <annotation annotator="" id="SO_2017_06_11_Instance_173250" type="identity">
      <class id="SO_EXT:sequence_nullness_or_absence" label="sequence nullness or absence"/>
      <span end="37206" id="15005800-6635" start="37205">-</span>
    </annotation>
    <annotation annotator="" id="SO_2017_06_11_Instance_173252" type="identity">
      <class id="SO_EXT:sequence_nullness_or_absence" label="sequence nullness or absence"/>
      <span end="37505" id="15005800-6637" start="37504">-</span>
    </annotation>
    <annotation annotator="" id="SO_2017_06_11_Instance_173254" type="identity">
      <class id="SO_EXT:sequence_nullness_or_absence" label="sequence nullness or absence"/>
      <span end="37507" id="15005800-6639" start="37506">-</span>
    </annotation>
    <annotation annotator="" id="SO_2017_06_11_Instance_173256" type="identity">
      <class id="SO_EXT:sequence_nullness_or_absence" label="sequence nullness or absence"/>
      <span end="37534" id="15005800-6641" start="37533">-</span>
    </annotation>
    <annotation annotator="" id="SO_2017_06_11_Instance_173258" type="identity">
      <class id="SO_EXT:sequence_nullness_or_absence" label="sequence nullness or absence"/>
      <span end="37536" id="15005800-6643" start="37535">-</span>
    </annotation>
    <annotation annotator="" id="SO_2017_06_11_Instance_173260" type="identity">
      <class id="SO_EXT:sequence_nullness_or_absence" label="sequence nullness or absence"/>
      <span end="37566" id="15005800-6645" start="37565">-</span>
    </annotation>
    <annotation annotator="" id="SO_2017_06_11_Instance_173262" type="identity">
      <class id="SO_EXT:sequence_nullness_or_absence" label="sequence nullness or absence"/>
      <span end="37568" id="15005800-6647" start="37567">-</span>
    </annotation>
    <annotation annotator="" id="SO_2017_06_11_Instance_173264" type="identity">
      <class id="SO_EXT:sequence_nullness_or_absence" label="sequence nullness or absence"/>
      <span end="37642" id="15005800-6649" start="37641">-</span>
    </annotation>
    <annotation annotator="" id="SO_2017_06_11_Instance_173266" type="identity">
      <class id="SO_EXT:sequence_nullness_or_absence" label="sequence nullness or absence"/>
      <span end="37644" id="15005800-6651" start="37643">-</span>
    </annotation>
    <annotation annotator="" id="SO_2017_06_11_Instance_220237" type="identity">
      <class id="SO_EXT:sequence_nullness" label="sequence nullness"/>
      <span end="38218" id="15005800-6841" start="38214">null</span>
    </annotation>
    <annotation annotator="" id="SO_2017_06_11_Instance_220239" type="identity">
      <class id="SO_EXT:sequence_nullness" label="sequence nullness"/>
      <span end="38348" id="15005800-6843" start="38344">null</span>
    </annotation>
    <annotation annotator="" id="SO_2017_06_11_Instance_173268" type="identity">
      <class id="SO_EXT:sequence_nullness_or_absence" label="sequence nullness or absence"/>
      <span end="38611" id="15005800-6653" start="38610">-</span>
    </annotation>
    <annotation annotator="" id="SO_2017_06_11_Instance_173270" type="identity">
      <class id="SO_EXT:sequence_nullness_or_absence" label="sequence nullness or absence"/>
      <span end="38613" id="15005800-6655" start="38612">-</span>
    </annotation>
    <annotation annotator="" id="SO_2017_06_11_Instance_173272" type="identity">
      <class id="SO_EXT:sequence_nullness_or_absence" label="sequence nullness or absence"/>
      <span end="38656" id="15005800-6657" start="38655">-</span>
    </annotation>
    <annotation annotator="" id="SO_2017_06_11_Instance_173274" type="identity">
      <class id="SO_EXT:sequence_nullness_or_absence" label="sequence nullness or absence"/>
      <span end="38658" id="15005800-6659" start="38657">-</span>
    </annotation>
    <annotation annotator="" id="SO_2017_06_11_Instance_173276" type="identity">
      <class id="SO_EXT:sequence_nullness_or_absence" label="sequence nullness or absence"/>
      <span end="39523" id="15005800-6661" start="39522">-</span>
    </annotation>
    <annotation annotator="" id="SO_2017_06_11_Instance_173278" type="identity">
      <class id="SO_EXT:sequence_nullness_or_absence" label="sequence nullness or absence"/>
      <span end="39525" id="15005800-6663" start="39524">-</span>
    </annotation>
    <annotation annotator="" id="SO_2017_06_11_Instance_190249" type="identity">
      <class id="SO_EXT:sequence_alteration_process" label="sequence alteration process"/>
      <span end="39632" id="15005800-6771" start="39622">processing</span>
    </annotation>
    <annotation annotator="Mike Bada, University of Colorado School of Medicine" id="SO_2017_06_11_Instance_45541" type="identity">
      <class id="SO_EXT:wild_type_entity_or_quality" label="wild-typeness or wild-type entity"/>
      <span end="39681" id="15005800-6953" start="39672">wild-type</span>
    </annotation>
    <annotation annotator="" id="SO_2017_06_11_Instance_173280" type="identity">
      <class id="SO_EXT:sequence_nullness_or_absence" label="sequence nullness or absence"/>
      <span end="39692" id="15005800-6665" start="39691">-</span>
    </annotation>
    <annotation annotator="" id="SO_2017_06_11_Instance_173282" type="identity">
      <class id="SO_EXT:sequence_nullness_or_absence" label="sequence nullness or absence"/>
      <span end="39694" id="15005800-6667" start="39693">-</span>
    </annotation>
    <annotation annotator="" id="SO_2017_06_11_Instance_211897" type="identity">
      <class id="SO_EXT:genotype_or_entity_with_genotype" label="genotype or entity with genotype"/>
      <span end="39831" id="15005800-6805" start="39822">genotypes</span>
    </annotation>
    <annotation annotator="" id="SO_2017_06_11_Instance_173284" type="identity">
      <class id="SO_EXT:sequence_nullness_or_absence" label="sequence nullness or absence"/>
      <span end="39922" id="15005800-6669" start="39921">-</span>
    </annotation>
    <annotation annotator="" id="SO_2017_06_11_Instance_173286" type="identity">
      <class id="SO_EXT:sequence_nullness_or_absence" label="sequence nullness or absence"/>
      <span end="39924" id="15005800-6671" start="39923">-</span>
    </annotation>
    <annotation annotator="" id="SO_2017_06_11_Instance_190251" type="identity">
      <class id="SO_EXT:sequence_alteration_process" label="sequence alteration process"/>
      <span end="39981" id="15005800-6773" start="39971">processing</span>
    </annotation>
    <annotation annotator="" id="SO_2017_06_11_Instance_173288" type="identity">
      <class id="SO_EXT:sequence_nullness_or_absence" label="sequence nullness or absence"/>
      <span end="40011" id="15005800-6673" start="40010">-</span>
    </annotation>
    <annotation annotator="" id="SO_2017_06_11_Instance_173290" type="identity">
      <class id="SO_EXT:sequence_nullness_or_absence" label="sequence nullness or absence"/>
      <span end="40013" id="15005800-6675" start="40012">-</span>
    </annotation>
    <annotation annotator="" id="SO_2017_06_11_Instance_190253" type="identity">
      <class id="SO_EXT:sequence_alteration_process" label="sequence alteration process"/>
      <span end="40105" id="15005800-6775" start="40095">processing</span>
    </annotation>
    <annotation annotator="" id="SO_2017_06_11_Instance_173292" type="identity">
      <class id="SO_EXT:sequence_nullness_or_absence" label="sequence nullness or absence"/>
      <span end="40444" id="15005800-6677" start="40443">-</span>
    </annotation>
    <annotation annotator="" id="SO_2017_06_11_Instance_173294" type="identity">
      <class id="SO_EXT:sequence_nullness_or_absence" label="sequence nullness or absence"/>
      <span end="40446" id="15005800-6679" start="40445">-</span>
    </annotation>
    <annotation annotator="Mike Bada, University of Colorado School of Medicine" id="SO_2017_06_11_Instance_45545" type="identity">
      <class id="SO_EXT:wild_type_entity_or_quality" label="wild-typeness or wild-type entity"/>
      <span end="40680" id="15005800-6955" start="40671">wild-type</span>
    </annotation>
    <annotation annotator="" id="SO_2017_06_11_Instance_173296" type="identity">
      <class id="SO_EXT:sequence_nullness_or_absence" label="sequence nullness or absence"/>
      <span end="40813" id="15005800-6681" start="40812">-</span>
    </annotation>
    <annotation annotator="" id="SO_2017_06_11_Instance_173298" type="identity">
      <class id="SO_EXT:sequence_nullness_or_absence" label="sequence nullness or absence"/>
      <span end="40815" id="15005800-6683" start="40814">-</span>
    </annotation>
    <annotation annotator="" id="SO_2017_06_11_Instance_190255" type="identity">
      <class id="SO_EXT:sequence_alteration_process" label="sequence alteration process"/>
      <span end="40934" id="15005800-6777" start="40924">processing</span>
    </annotation>
    <annotation annotator="Mike Bada, University of Colorado School of Medicine" id="SO_2017_06_11_Instance_45547" type="identity">
      <class id="SO_EXT:0000704" label="gene"/>
      <span end="41031" id="15005800-6957" start="41027">gene</span>
    </annotation>
    <annotation annotator="" id="SO_2017_06_11_Instance_190257" type="identity">
      <class id="SO_EXT:sequence_alteration_process" label="sequence alteration process"/>
      <span end="41187" id="15005800-6779" start="41177">processing</span>
    </annotation>
    <annotation annotator="" id="SO_2017_06_11_Instance_190259" type="identity">
      <class id="SO_EXT:sequence_alteration_process" label="sequence alteration process"/>
      <span end="41270" id="15005800-6781" start="41261">processed</span>
    </annotation>
    <annotation annotator="" id="SO_2017_06_11_Instance_173300" type="identity">
      <class id="SO_EXT:sequence_nullness_or_absence" label="sequence nullness or absence"/>
      <span end="41284" id="15005800-6685" start="41283">-</span>
    </annotation>
    <annotation annotator="" id="SO_2017_06_11_Instance_173302" type="identity">
      <class id="SO_EXT:sequence_nullness_or_absence" label="sequence nullness or absence"/>
      <span end="41286" id="15005800-6687" start="41285">-</span>
    </annotation>
    <annotation annotator="" id="SO_2017_06_11_Instance_220241" type="identity">
      <class id="SO_EXT:sequence_nullness" label="sequence nullness"/>
      <span end="41999" id="15005800-6845" start="41995">null</span>
    </annotation>
    <annotation annotator="" id="SO_2017_06_11_Instance_211899" type="identity">
      <class id="SO_EXT:genotype_or_entity_with_genotype" label="genotype or entity with genotype"/>
      <span end="43758" id="15005800-6807" start="43750">genotype</span>
    </annotation>
    <annotation annotator="" id="SO_2017_06_11_Instance_211901" type="identity">
      <class id="SO_EXT:genotype_or_entity_with_genotype" label="genotype or entity with genotype"/>
      <span end="46291" id="15005800-6809" start="46283">genotype</span>
    </annotation>
    <annotation annotator="" id="SO_2017_06_11_backup_Instance_16816" type="identity">
      <class id="CHEBI_SO_EXT:molecular_label_or_mark_or_tag_process" label="molecular label/mark/tag process"/>
      <span end="47199" id="15005800-6365" start="47191">labeling</span>
    </annotation>
    <annotation annotator="" id="SO_2017_06_11_Instance_211903" type="identity">
      <class id="SO_EXT:genotype_or_entity_with_genotype" label="genotype or entity with genotype"/>
      <span end="47505" id="15005800-6811" start="47497">genotype</span>
    </annotation>
    <annotation annotator="" id="SO_2017_06_11_Instance_211265" type="identity">
      <class id="SO_EXT:engineered_biological_sequence" label="engineered biological sequence"/>
      <span end="48120" id="15005800-6799" start="48110">constructs</span>
    </annotation>
    <annotation annotator="" id="SO_2017_06_11_Instance_91299" type="identity">
      <class id="SO_EXT:sequence_coding_function" label="sequence coding function"/>
      <span end="48129" id="15005800-6995" start="48121">encoding</span>
    </annotation>
    <annotation annotator="" id="SO_2017_06_11_Instance_90316" type="identity">
      <class id="CHEBI_SO_EXT:N_terminus_or_N_terminal_region" label="N-terminus or N-terminal region"/>
      <span end="48174" id="15005800-6969" start="48164">N-terminal</span>
    </annotation>
    <annotation annotator="" id="SO_2017_06_11_backup_Instance_20158" type="identity">
      <class id="GO_SO_EXT:post_translational_modification_entity_or_process" label="post-translational modification entity or process"/>
      <span end="48231" id="15005800-6367" start="48199">post-translational modifications</span>
    </annotation>
    <annotation annotator="" id="SO_2017_06_11_Instance_211267" type="identity">
      <class id="SO_EXT:engineered_biological_sequence" label="engineered biological sequence"/>
      <span end="48243" id="15005800-6801" start="48233">constructs</span>
    </annotation>
    <annotation annotator="" id="SO_2017_06_11_backup_Instance_10698" type="identity">
      <class id="CHEBI_SO_EXT:RNA" label="RNA"/>
      <span end="49008" id="15005800-6347" start="49005">RNA</span>
    </annotation>
    <annotation annotator="" id="SO_2017_06_11_Instance_210694" type="identity">
      <class id="SO_EXT:cDNA" label="complementary DNA"/>
      <span end="49045" id="15005800-6791" start="49041">cDNA</span>
    </annotation>
    <annotation annotator="" id="SO_2017_06_11_backup_Instance_10704" type="identity">
      <class id="CHEBI_SO_EXT:molecular_probe" label="molecular probe"/>
      <span end="49052" id="15005800-6353" start="49046">probes</span>
    </annotation>
    <annotation annotator="" id="SO_2017_06_11_Instance_210696" type="identity">
      <class id="SO_EXT:cDNA" label="complementary DNA"/>
      <span end="49226" id="15005800-6793" start="49222">cDNA</span>
    </annotation>
    <annotation annotator="" id="SO_2017_06_11_backup_Instance_10702" type="identity">
      <class id="CHEBI_SO_EXT:molecular_probe" label="molecular probe"/>
      <span end="49232" id="15005800-6351" start="49227">probe</span>
    </annotation>
    <annotation annotator="" id="SO_2017_06_11_Instance_210698" type="identity">
      <class id="SO_EXT:cDNA" label="complementary DNA"/>
      <span end="49289" id="15005800-6795" start="49285">cDNA</span>
    </annotation>
    <annotation annotator="Mike Bada, University of Colorado School of Medicine" id="SO_2017_06_11_Instance_45565" type="identity">
      <class id="SO_EXT:0000112" label="primer"/>
      <span end="49306" id="15005800-6959" start="49299">primers</span>
    </annotation>
    <annotation annotator="Mike Bada, University of Colorado School of Medicine" id="SO_2017_06_11_Instance_45567" type="identity">
      <class id="SO:0000077" label="antisense"/>
      <span end="49354" id="15005800-6961" start="49345">antisense</span>
    </annotation>
    <annotation annotator="" id="SO_2017_06_11_Instance_210700" type="identity">
      <class id="SO_EXT:cDNA" label="complementary DNA"/>
      <span end="49783" id="15005800-6797" start="49779">cDNA</span>
    </annotation>
    <annotation annotator="" id="SO_2017_06_11_backup_Instance_10700" type="identity">
      <class id="CHEBI_SO_EXT:molecular_probe" label="molecular probe"/>
      <span end="49790" id="15005800-6349" start="49784">probes</span>
    </annotation>
    <annotation annotator="" id="SO_2017_06_11_Instance_90378" type="identity">
      <class id="CHEBI_SO_EXT:N_terminus_or_N_terminal_region" label="N-terminus or N-terminal region"/>
      <span end="49856" id="15005800-6987" start="49855">N</span>
    </annotation>
    <annotation annotator="Mike Bada, University of Colorado School of Medicine" id="SO_2017_06_11_Instance_45573" type="identity">
      <class id="SO_EXT:0000155" label="plasmid"/>
      <span end="49865" id="15005800-6963" start="49857">plasmids</span>
    </annotation>
    <graph-space id="Old Knowtator Relations"/>
  </document>
</knowtator-project>
