<?xml version="1.0" encoding="UTF-8" standalone="no"?>
<knowtator-project>
  <document id="15061865" text-file="15061865.txt">
    <annotation annotator="Mike Bada, University of Colorado School of Medicine" id="SO_2017_06_11_Instance_46023" type="identity">
      <class id="SO_EXT:wild_type_entity_or_quality" label="wild-typeness or wild-type entity"/>
      <span end="879" id="15061865-8176" start="870">wild-type</span>
    </annotation>
    <annotation annotator="Mike Bada, University of Colorado School of Medicine" id="SO_2017_06_11_Instance_18917" type="identity">
      <class id="SO_EXT:wild_type_entity_or_quality" label="wild-typeness or wild-type entity"/>
      <span end="1160" id="15061865-8140" start="1151">wild-type</span>
    </annotation>
    <annotation annotator="" id="SO_2017_06_11_Instance_211921" type="identity">
      <class id="SO_EXT:genotype_or_entity_with_genotype" label="genotype or entity with genotype"/>
      <span end="1320" id="15061865-8144" start="1311">genotypes</span>
    </annotation>
    <annotation annotator="Mike Bada, University of Colorado School of Medicine" id="SO_2017_06_11_Instance_46027" type="identity">
      <class id="SO_EXT:wild_type_entity_or_quality" label="wild-typeness or wild-type entity"/>
      <span end="1530" id="15061865-8178" start="1521">wild-type</span>
    </annotation>
    <annotation annotator="Mike Bada, University of Colorado School of Medicine" id="SO_2017_06_11_Instance_46029" type="identity">
      <class id="SO_EXT:0000704" label="gene"/>
      <span end="4309" id="15061865-8180" start="4304">genes</span>
    </annotation>
    <annotation annotator="" id="SO_2017_06_11_Instance_90973" type="identity">
      <class id="SO_EXT:sequence_coding_function" label="sequence coding function"/>
      <span end="4314" id="15061865-8204" start="4310">code</span>
    </annotation>
    <annotation annotator="" id="SO_2017_06_11_Instance_173532" type="identity">
      <class id="SO_EXT:sequence_nullness_or_absence" label="sequence nullness or absence"/>
      <span end="7713" id="15061865-7906" start="7712">-</span>
    </annotation>
    <annotation annotator="" id="SO_2017_06_11_Instance_173534" type="identity">
      <class id="SO_EXT:sequence_nullness_or_absence" label="sequence nullness or absence"/>
      <span end="7715" id="15061865-7908" start="7714">-</span>
    </annotation>
    <annotation annotator="Mike Bada, University of Colorado School of Medicine" id="SO_2017_06_11_Instance_46031" type="identity">
      <class id="SO_EXT:wild_type_entity_or_quality" label="wild-typeness or wild-type entity"/>
      <span end="7729" id="15061865-8182" start="7720">wild-type</span>
    </annotation>
    <annotation annotator="" id="SO_2017_06_11_Instance_179239" type="identity">
      <class id="SO_EXT:normal_or_wild_type_or_present" label="sequence wild-typeness, normalness or presence"/>
      <span end="7747" id="15061865-8054" start="7746">+</span>
    </annotation>
    <annotation annotator="" id="SO_2017_06_11_Instance_179241" type="identity">
      <class id="SO_EXT:normal_or_wild_type_or_present" label="sequence wild-typeness, normalness or presence"/>
      <span end="7749" id="15061865-8056" start="7748">+</span>
    </annotation>
    <annotation annotator="Mike Bada, University of Colorado School of Medicine" id="SO_2017_06_11_Instance_46033" type="identity">
      <class id="SO_EXT:wild_type_entity_or_quality" label="wild-typeness or wild-type entity"/>
      <span end="8179" id="15061865-8184" start="8170">wild-type</span>
    </annotation>
    <annotation annotator="" id="SO_2017_06_11_Instance_179243" type="identity">
      <class id="SO_EXT:normal_or_wild_type_or_present" label="sequence wild-typeness, normalness or presence"/>
      <span end="8266" id="15061865-8058" start="8265">+</span>
    </annotation>
    <annotation annotator="" id="SO_2017_06_11_Instance_179245" type="identity">
      <class id="SO_EXT:normal_or_wild_type_or_present" label="sequence wild-typeness, normalness or presence"/>
      <span end="8268" id="15061865-8060" start="8267">+</span>
    </annotation>
    <annotation annotator="" id="SO_2017_06_11_Instance_173536" type="identity">
      <class id="SO_EXT:sequence_nullness_or_absence" label="sequence nullness or absence"/>
      <span end="8277" id="15061865-7910" start="8276">-</span>
    </annotation>
    <annotation annotator="" id="SO_2017_06_11_Instance_173538" type="identity">
      <class id="SO_EXT:sequence_nullness_or_absence" label="sequence nullness or absence"/>
      <span end="8279" id="15061865-7912" start="8278">-</span>
    </annotation>
    <annotation annotator="" id="SO_2017_06_11_Instance_211923" type="identity">
      <class id="SO_EXT:genotype_or_entity_with_genotype" label="genotype or entity with genotype"/>
      <span end="8414" id="15061865-8146" start="8405">genotypes</span>
    </annotation>
    <annotation annotator="" id="SO_2017_06_11_Instance_211925" type="identity">
      <class id="SO_EXT:genotype_or_entity_with_genotype" label="genotype or entity with genotype"/>
      <span end="8517" id="15061865-8148" start="8508">genotypes</span>
    </annotation>
    <annotation annotator="" id="SO_2017_06_11_Instance_211927" type="identity">
      <class id="SO_EXT:genotype_or_entity_with_genotype" label="genotype or entity with genotype"/>
      <span end="8831" id="15061865-8150" start="8823">genotype</span>
    </annotation>
    <annotation annotator="Mike Bada, University of Colorado School of Medicine" id="SO_2017_06_11_Instance_46041" type="identity">
      <class id="SO_EXT:wild_type_entity_or_quality" label="wild-typeness or wild-type entity"/>
      <span end="8962" id="15061865-8186" start="8953">Wild-type</span>
    </annotation>
    <annotation annotator="" id="SO_2017_06_11_Instance_173540" type="identity">
      <class id="SO_EXT:sequence_nullness_or_absence" label="sequence nullness or absence"/>
      <span end="8983" id="15061865-7914" start="8982">-</span>
    </annotation>
    <annotation annotator="" id="SO_2017_06_11_Instance_173542" type="identity">
      <class id="SO_EXT:sequence_nullness_or_absence" label="sequence nullness or absence"/>
      <span end="8985" id="15061865-7916" start="8984">-</span>
    </annotation>
    <annotation annotator="" id="SO_2017_06_11_Instance_173544" type="identity">
      <class id="SO_EXT:sequence_nullness_or_absence" label="sequence nullness or absence"/>
      <span end="9109" id="15061865-7918" start="9108">-</span>
    </annotation>
    <annotation annotator="" id="SO_2017_06_11_Instance_173546" type="identity">
      <class id="SO_EXT:sequence_nullness_or_absence" label="sequence nullness or absence"/>
      <span end="9111" id="15061865-7920" start="9110">-</span>
    </annotation>
    <annotation annotator="" id="SO_2017_06_11_Instance_179247" type="identity">
      <class id="SO_EXT:normal_or_wild_type_or_present" label="sequence wild-typeness, normalness or presence"/>
      <span end="9255" id="15061865-8062" start="9254">+</span>
    </annotation>
    <annotation annotator="" id="SO_2017_06_11_Instance_179249" type="identity">
      <class id="SO_EXT:normal_or_wild_type_or_present" label="sequence wild-typeness, normalness or presence"/>
      <span end="9257" id="15061865-8064" start="9256">+</span>
    </annotation>
    <annotation annotator="" id="SO_2017_06_11_Instance_211929" type="identity">
      <class id="SO_EXT:genotype_or_entity_with_genotype" label="genotype or entity with genotype"/>
      <span end="9377" id="15061865-8152" start="9368">genotypes</span>
    </annotation>
    <annotation annotator="" id="SO_2017_06_11_Instance_173548" type="identity">
      <class id="SO_EXT:sequence_nullness_or_absence" label="sequence nullness or absence"/>
      <span end="9651" id="15061865-7922" start="9650">-</span>
    </annotation>
    <annotation annotator="" id="SO_2017_06_11_Instance_173550" type="identity">
      <class id="SO_EXT:sequence_nullness_or_absence" label="sequence nullness or absence"/>
      <span end="9653" id="15061865-7924" start="9652">-</span>
    </annotation>
    <annotation annotator="" id="SO_2017_06_11_Instance_179251" type="identity">
      <class id="SO_EXT:normal_or_wild_type_or_present" label="sequence wild-typeness, normalness or presence"/>
      <span end="9849" id="15061865-8066" start="9848">+</span>
    </annotation>
    <annotation annotator="" id="SO_2017_06_11_Instance_179255" type="identity">
      <class id="SO_EXT:normal_or_wild_type_or_present" label="sequence wild-typeness, normalness or presence"/>
      <span end="9851" id="15061865-8068" start="9850">+</span>
    </annotation>
    <annotation annotator="" id="SO_2017_06_11_Instance_211931" type="identity">
      <class id="SO_EXT:genotype_or_entity_with_genotype" label="genotype or entity with genotype"/>
      <span end="10159" id="15061865-8154" start="10150">genotypes</span>
    </annotation>
    <annotation annotator="" id="SO_2017_06_11_Instance_173552" type="identity">
      <class id="SO_EXT:sequence_nullness_or_absence" label="sequence nullness or absence"/>
      <span end="10230" id="15061865-7926" start="10229">-</span>
    </annotation>
    <annotation annotator="" id="SO_2017_06_11_Instance_173554" type="identity">
      <class id="SO_EXT:sequence_nullness_or_absence" label="sequence nullness or absence"/>
      <span end="10232" id="15061865-7928" start="10231">-</span>
    </annotation>
    <annotation annotator="" id="SO_2017_06_11_Instance_179259" type="identity">
      <class id="SO_EXT:normal_or_wild_type_or_present" label="sequence wild-typeness, normalness or presence"/>
      <span end="10263" id="15061865-8070" start="10262">+</span>
    </annotation>
    <annotation annotator="" id="SO_2017_06_11_Instance_179263" type="identity">
      <class id="SO_EXT:normal_or_wild_type_or_present" label="sequence wild-typeness, normalness or presence"/>
      <span end="10265" id="15061865-8072" start="10264">+</span>
    </annotation>
    <annotation annotator="" id="SO_2017_06_11_Instance_173556" type="identity">
      <class id="SO_EXT:sequence_nullness_or_absence" label="sequence nullness or absence"/>
      <span end="10296" id="15061865-7930" start="10295">-</span>
    </annotation>
    <annotation annotator="" id="SO_2017_06_11_Instance_173558" type="identity">
      <class id="SO_EXT:sequence_nullness_or_absence" label="sequence nullness or absence"/>
      <span end="10298" id="15061865-7932" start="10297">-</span>
    </annotation>
    <annotation annotator="" id="SO_2017_06_11_Instance_179267" type="identity">
      <class id="SO_EXT:normal_or_wild_type_or_present" label="sequence wild-typeness, normalness or presence"/>
      <span end="10346" id="15061865-8074" start="10345">+</span>
    </annotation>
    <annotation annotator="" id="SO_2017_06_11_Instance_179271" type="identity">
      <class id="SO_EXT:normal_or_wild_type_or_present" label="sequence wild-typeness, normalness or presence"/>
      <span end="10348" id="15061865-8076" start="10347">+</span>
    </annotation>
    <annotation annotator="" id="SO_2017_06_11_Instance_173560" type="identity">
      <class id="SO_EXT:sequence_nullness_or_absence" label="sequence nullness or absence"/>
      <span end="10418" id="15061865-7934" start="10417">-</span>
    </annotation>
    <annotation annotator="" id="SO_2017_06_11_Instance_173562" type="identity">
      <class id="SO_EXT:sequence_nullness_or_absence" label="sequence nullness or absence"/>
      <span end="10420" id="15061865-7936" start="10419">-</span>
    </annotation>
    <annotation annotator="" id="SO_2017_06_11_Instance_179273" type="identity">
      <class id="SO_EXT:normal_or_wild_type_or_present" label="sequence wild-typeness, normalness or presence"/>
      <span end="10429" id="15061865-8078" start="10428">+</span>
    </annotation>
    <annotation annotator="" id="SO_2017_06_11_Instance_179275" type="identity">
      <class id="SO_EXT:normal_or_wild_type_or_present" label="sequence wild-typeness, normalness or presence"/>
      <span end="10431" id="15061865-8080" start="10430">+</span>
    </annotation>
    <annotation annotator="" id="SO_2017_06_11_Instance_173564" type="identity">
      <class id="SO_EXT:sequence_nullness_or_absence" label="sequence nullness or absence"/>
      <span end="10729" id="15061865-7938" start="10728">-</span>
    </annotation>
    <annotation annotator="" id="SO_2017_06_11_Instance_173566" type="identity">
      <class id="SO_EXT:sequence_nullness_or_absence" label="sequence nullness or absence"/>
      <span end="10731" id="15061865-7940" start="10730">-</span>
    </annotation>
    <annotation annotator="" id="SO_2017_06_11_Instance_179277" type="identity">
      <class id="SO_EXT:normal_or_wild_type_or_present" label="sequence wild-typeness, normalness or presence"/>
      <span end="10757" id="15061865-8082" start="10756">+</span>
    </annotation>
    <annotation annotator="" id="SO_2017_06_11_Instance_179279" type="identity">
      <class id="SO_EXT:normal_or_wild_type_or_present" label="sequence wild-typeness, normalness or presence"/>
      <span end="10759" id="15061865-8084" start="10758">+</span>
    </annotation>
    <annotation annotator="" id="SO_2017_06_11_Instance_179281" type="identity">
      <class id="SO_EXT:normal_or_wild_type_or_present" label="sequence wild-typeness, normalness or presence"/>
      <span end="11155" id="15061865-8086" start="11154">+</span>
    </annotation>
    <annotation annotator="" id="SO_2017_06_11_Instance_179283" type="identity">
      <class id="SO_EXT:normal_or_wild_type_or_present" label="sequence wild-typeness, normalness or presence"/>
      <span end="11157" id="15061865-8088" start="11156">+</span>
    </annotation>
    <annotation annotator="" id="SO_2017_06_11_Instance_179285" type="identity">
      <class id="SO_EXT:normal_or_wild_type_or_present" label="sequence wild-typeness, normalness or presence"/>
      <span end="11350" id="15061865-8090" start="11349">+</span>
    </annotation>
    <annotation annotator="" id="SO_2017_06_11_Instance_179287" type="identity">
      <class id="SO_EXT:normal_or_wild_type_or_present" label="sequence wild-typeness, normalness or presence"/>
      <span end="11352" id="15061865-8092" start="11351">+</span>
    </annotation>
    <annotation annotator="" id="SO_2017_06_11_Instance_173568" type="identity">
      <class id="SO_EXT:sequence_nullness_or_absence" label="sequence nullness or absence"/>
      <span end="11388" id="15061865-7942" start="11387">-</span>
    </annotation>
    <annotation annotator="" id="SO_2017_06_11_Instance_173570" type="identity">
      <class id="SO_EXT:sequence_nullness_or_absence" label="sequence nullness or absence"/>
      <span end="11390" id="15061865-7944" start="11389">-</span>
    </annotation>
    <annotation annotator="" id="SO_2017_06_11_Instance_173572" type="identity">
      <class id="SO_EXT:sequence_nullness_or_absence" label="sequence nullness or absence"/>
      <span end="11460" id="15061865-7946" start="11459">-</span>
    </annotation>
    <annotation annotator="" id="SO_2017_06_11_Instance_173574" type="identity">
      <class id="SO_EXT:sequence_nullness_or_absence" label="sequence nullness or absence"/>
      <span end="11462" id="15061865-7948" start="11461">-</span>
    </annotation>
    <annotation annotator="" id="SO_2017_06_11_Instance_211933" type="identity">
      <class id="SO_EXT:genotype_or_entity_with_genotype" label="genotype or entity with genotype"/>
      <span end="11602" id="15061865-8156" start="11593">genotypes</span>
    </annotation>
    <annotation annotator="" id="SO_2017_06_11_Instance_173576" type="identity">
      <class id="SO_EXT:sequence_nullness_or_absence" label="sequence nullness or absence"/>
      <span end="11845" id="15061865-7950" start="11844">-</span>
    </annotation>
    <annotation annotator="" id="SO_2017_06_11_Instance_173578" type="identity">
      <class id="SO_EXT:sequence_nullness_or_absence" label="sequence nullness or absence"/>
      <span end="11847" id="15061865-7952" start="11846">-</span>
    </annotation>
    <annotation annotator="" id="SO_2017_06_11_Instance_173580" type="identity">
      <class id="SO_EXT:sequence_nullness_or_absence" label="sequence nullness or absence"/>
      <span end="12134" id="15061865-7954" start="12133">-</span>
    </annotation>
    <annotation annotator="" id="SO_2017_06_11_Instance_173582" type="identity">
      <class id="SO_EXT:sequence_nullness_or_absence" label="sequence nullness or absence"/>
      <span end="12136" id="15061865-7956" start="12135">-</span>
    </annotation>
    <annotation annotator="" id="SO_2017_06_11_Instance_173584" type="identity">
      <class id="SO_EXT:sequence_nullness_or_absence" label="sequence nullness or absence"/>
      <span end="12396" id="15061865-7958" start="12395">-</span>
    </annotation>
    <annotation annotator="" id="SO_2017_06_11_Instance_173586" type="identity">
      <class id="SO_EXT:sequence_nullness_or_absence" label="sequence nullness or absence"/>
      <span end="12398" id="15061865-7960" start="12397">-</span>
    </annotation>
    <annotation annotator="" id="SO_2017_06_11_Instance_173588" type="identity">
      <class id="SO_EXT:sequence_nullness_or_absence" label="sequence nullness or absence"/>
      <span end="13245" id="15061865-7962" start="13244">-</span>
    </annotation>
    <annotation annotator="" id="SO_2017_06_11_Instance_173590" type="identity">
      <class id="SO_EXT:sequence_nullness_or_absence" label="sequence nullness or absence"/>
      <span end="13247" id="15061865-7964" start="13246">-</span>
    </annotation>
    <annotation annotator="Mike Bada, University of Colorado School of Medicine" id="SO_2017_06_11_Instance_27761" type="identity">
      <class id="SO_EXT:0000704" label="gene"/>
      <span end="16058" id="15061865-8174" start="16047">genetically</span>
    </annotation>
    <annotation annotator="" id="SO_2017_06_11_Instance_70090" type="identity">
      <class id="SO_EXT:sequence_alteration_process" label="sequence alteration process"/>
      <span end="16066" id="15061865-8202" start="16059">altered</span>
    </annotation>
    <annotation annotator="Mike Bada, University of Colorado School of Medicine" id="SO_2017_06_11_Instance_46049" type="identity">
      <class id="SO_EXT:0001023" label="allele"/>
      <span end="16124" id="15061865-8188" start="16117">alleles</span>
    </annotation>
    <annotation annotator="" id="SO_2017_06_11_Instance_173592" type="identity">
      <class id="SO_EXT:sequence_nullness_or_absence" label="sequence nullness or absence"/>
      <span end="16483" id="15061865-7966" start="16482">-</span>
    </annotation>
    <annotation annotator="" id="SO_2017_06_11_Instance_173594" type="identity">
      <class id="SO_EXT:sequence_nullness_or_absence" label="sequence nullness or absence"/>
      <span end="16485" id="15061865-7968" start="16484">-</span>
    </annotation>
    <annotation annotator="" id="SO_2017_06_11_Instance_179289" type="identity">
      <class id="SO_EXT:normal_or_wild_type_or_present" label="sequence wild-typeness, normalness or presence"/>
      <span end="16494" id="15061865-8094" start="16493">+</span>
    </annotation>
    <annotation annotator="" id="SO_2017_06_11_Instance_179291" type="identity">
      <class id="SO_EXT:normal_or_wild_type_or_present" label="sequence wild-typeness, normalness or presence"/>
      <span end="16496" id="15061865-8096" start="16495">+</span>
    </annotation>
    <annotation annotator="Mike Bada, University of Colorado School of Medicine" id="SO_2017_06_11_Instance_24233" type="identity">
      <class id="SO_EXT:0000704" label="gene"/>
      <span end="16785" id="15061865-8172" start="16778">genetic</span>
    </annotation>
    <annotation annotator="" id="SO_2017_06_11_Instance_190195" type="identity">
      <class id="SO_EXT:sequence_alteration_process" label="sequence alteration process"/>
      <span end="16798" id="15061865-8142" start="16786">manipulation</span>
    </annotation>
    <annotation annotator="" id="SO_2017_06_11_Instance_173596" type="identity">
      <class id="SO_EXT:sequence_nullness_or_absence" label="sequence nullness or absence"/>
      <span end="16867" id="15061865-7970" start="16866">-</span>
    </annotation>
    <annotation annotator="" id="SO_2017_06_11_Instance_173598" type="identity">
      <class id="SO_EXT:sequence_nullness_or_absence" label="sequence nullness or absence"/>
      <span end="16869" id="15061865-7972" start="16868">-</span>
    </annotation>
    <annotation annotator="" id="SO_2017_06_11_Instance_173600" type="identity">
      <class id="SO_EXT:sequence_nullness_or_absence" label="sequence nullness or absence"/>
      <span end="16933" id="15061865-7974" start="16932">-</span>
    </annotation>
    <annotation annotator="" id="SO_2017_06_11_Instance_173602" type="identity">
      <class id="SO_EXT:sequence_nullness_or_absence" label="sequence nullness or absence"/>
      <span end="16935" id="15061865-7976" start="16934">-</span>
    </annotation>
    <annotation annotator="" id="SO_2017_06_11_Instance_173604" type="identity">
      <class id="SO_EXT:sequence_nullness_or_absence" label="sequence nullness or absence"/>
      <span end="17633" id="15061865-7978" start="17632">-</span>
    </annotation>
    <annotation annotator="" id="SO_2017_06_11_Instance_173606" type="identity">
      <class id="SO_EXT:sequence_nullness_or_absence" label="sequence nullness or absence"/>
      <span end="17635" id="15061865-7980" start="17634">-</span>
    </annotation>
    <annotation annotator="" id="SO_2017_06_11_Instance_173608" type="identity">
      <class id="SO_EXT:sequence_nullness_or_absence" label="sequence nullness or absence"/>
      <span end="17831" id="15061865-7982" start="17830">-</span>
    </annotation>
    <annotation annotator="" id="SO_2017_06_11_Instance_173610" type="identity">
      <class id="SO_EXT:sequence_nullness_or_absence" label="sequence nullness or absence"/>
      <span end="17833" id="15061865-7984" start="17832">-</span>
    </annotation>
    <annotation annotator="" id="SO_2017_06_11_Instance_179293" type="identity">
      <class id="SO_EXT:normal_or_wild_type_or_present" label="sequence wild-typeness, normalness or presence"/>
      <span end="17855" id="15061865-8098" start="17854">+</span>
    </annotation>
    <annotation annotator="" id="SO_2017_06_11_Instance_179295" type="identity">
      <class id="SO_EXT:normal_or_wild_type_or_present" label="sequence wild-typeness, normalness or presence"/>
      <span end="17857" id="15061865-8100" start="17856">+</span>
    </annotation>
    <annotation annotator="" id="SO_2017_06_11_Instance_173612" type="identity">
      <class id="SO_EXT:sequence_nullness_or_absence" label="sequence nullness or absence"/>
      <span end="18053" id="15061865-7986" start="18052">-</span>
    </annotation>
    <annotation annotator="" id="SO_2017_06_11_Instance_173614" type="identity">
      <class id="SO_EXT:sequence_nullness_or_absence" label="sequence nullness or absence"/>
      <span end="18055" id="15061865-7988" start="18054">-</span>
    </annotation>
    <annotation annotator="" id="SO_2017_06_11_Instance_179297" type="identity">
      <class id="SO_EXT:normal_or_wild_type_or_present" label="sequence wild-typeness, normalness or presence"/>
      <span end="18205" id="15061865-8102" start="18204">+</span>
    </annotation>
    <annotation annotator="" id="SO_2017_06_11_Instance_179299" type="identity">
      <class id="SO_EXT:normal_or_wild_type_or_present" label="sequence wild-typeness, normalness or presence"/>
      <span end="18207" id="15061865-8104" start="18206">+</span>
    </annotation>
    <annotation annotator="" id="SO_2017_06_11_Instance_185536" type="identity">
      <class id="SO_EXT:sequence_altered_entity_or_alteration_process" label="sequence-altered entity or alteration process"/>
      <span end="18690" id="15061865-8134" start="18684">mutant</span>
    </annotation>
    <annotation annotator="" id="SO_2017_06_11_Instance_173616" type="identity">
      <class id="SO_EXT:sequence_nullness_or_absence" label="sequence nullness or absence"/>
      <span end="18805" id="15061865-7990" start="18804">-</span>
    </annotation>
    <annotation annotator="" id="SO_2017_06_11_Instance_173618" type="identity">
      <class id="SO_EXT:sequence_nullness_or_absence" label="sequence nullness or absence"/>
      <span end="18807" id="15061865-7992" start="18806">-</span>
    </annotation>
    <annotation annotator="" id="SO_2017_06_11_Instance_173620" type="identity">
      <class id="SO_EXT:sequence_nullness_or_absence" label="sequence nullness or absence"/>
      <span end="19682" id="15061865-7994" start="19681">-</span>
    </annotation>
    <annotation annotator="" id="SO_2017_06_11_Instance_173622" type="identity">
      <class id="SO_EXT:sequence_nullness_or_absence" label="sequence nullness or absence"/>
      <span end="19684" id="15061865-7996" start="19683">-</span>
    </annotation>
    <annotation annotator="" id="SO_2017_06_11_Instance_173624" type="identity">
      <class id="SO_EXT:sequence_nullness_or_absence" label="sequence nullness or absence"/>
      <span end="20092" id="15061865-7998" start="20091">-</span>
    </annotation>
    <annotation annotator="" id="SO_2017_06_11_Instance_173626" type="identity">
      <class id="SO_EXT:sequence_nullness_or_absence" label="sequence nullness or absence"/>
      <span end="20094" id="15061865-8000" start="20093">-</span>
    </annotation>
    <annotation annotator="Mike Bada, University of Colorado School of Medicine" id="SO_2017_06_11_Instance_46051" type="identity">
      <class id="SO_EXT:wild_type_entity_or_quality" label="wild-typeness or wild-type entity"/>
      <span end="20252" id="15061865-8190" start="20243">wild-type</span>
    </annotation>
    <annotation annotator="" id="SO_2017_06_11_Instance_173628" type="identity">
      <class id="SO_EXT:sequence_nullness_or_absence" label="sequence nullness or absence"/>
      <span end="20880" id="15061865-8002" start="20879">-</span>
    </annotation>
    <annotation annotator="" id="SO_2017_06_11_Instance_173630" type="identity">
      <class id="SO_EXT:sequence_nullness_or_absence" label="sequence nullness or absence"/>
      <span end="20882" id="15061865-8004" start="20881">-</span>
    </annotation>
    <annotation annotator="" id="SO_2017_06_11_Instance_173632" type="identity">
      <class id="SO_EXT:sequence_nullness_or_absence" label="sequence nullness or absence"/>
      <span end="22168" id="15061865-8006" start="22167">-</span>
    </annotation>
    <annotation annotator="" id="SO_2017_06_11_Instance_173634" type="identity">
      <class id="SO_EXT:sequence_nullness_or_absence" label="sequence nullness or absence"/>
      <span end="22170" id="15061865-8008" start="22169">-</span>
    </annotation>
    <annotation annotator="" id="SO_2017_06_11_Instance_173636" type="identity">
      <class id="SO_EXT:sequence_nullness_or_absence" label="sequence nullness or absence"/>
      <span end="22484" id="15061865-8010" start="22483">-</span>
    </annotation>
    <annotation annotator="" id="SO_2017_06_11_Instance_173638" type="identity">
      <class id="SO_EXT:sequence_nullness_or_absence" label="sequence nullness or absence"/>
      <span end="22486" id="15061865-8012" start="22485">-</span>
    </annotation>
    <annotation annotator="" id="SO_2017_06_11_Instance_211935" type="identity">
      <class id="SO_EXT:genotype_or_entity_with_genotype" label="genotype or entity with genotype"/>
      <span end="22690" id="15061865-8158" start="22682">genotype</span>
    </annotation>
    <annotation annotator="" id="SO_2017_06_11_Instance_185538" type="identity">
      <class id="SO_EXT:sequence_altered_entity" label="sequence-altered entity"/>
      <span end="23014" id="15061865-8136" start="23008">mutant</span>
    </annotation>
    <annotation annotator="" id="SO_2017_06_11_Instance_211937" type="identity">
      <class id="SO_EXT:genotype_or_entity_with_genotype" label="genotype or entity with genotype"/>
      <span end="23782" id="15061865-8160" start="23774">genotype</span>
    </annotation>
    <annotation annotator="" id="SO_2017_06_11_Instance_173640" type="identity">
      <class id="SO_EXT:sequence_nullness_or_absence" label="sequence nullness or absence"/>
      <span end="23883" id="15061865-8014" start="23882">-</span>
    </annotation>
    <annotation annotator="" id="SO_2017_06_11_Instance_173642" type="identity">
      <class id="SO_EXT:sequence_nullness_or_absence" label="sequence nullness or absence"/>
      <span end="23885" id="15061865-8016" start="23884">-</span>
    </annotation>
    <annotation annotator="" id="SO_2017_06_11_Instance_179301" type="identity">
      <class id="SO_EXT:normal_or_wild_type_or_present" label="sequence wild-typeness, normalness or presence"/>
      <span end="23894" id="15061865-8106" start="23893">+</span>
    </annotation>
    <annotation annotator="" id="SO_2017_06_11_Instance_179303" type="identity">
      <class id="SO_EXT:normal_or_wild_type_or_present" label="sequence wild-typeness, normalness or presence"/>
      <span end="23896" id="15061865-8108" start="23895">+</span>
    </annotation>
    <annotation annotator="Mike Bada, University of Colorado School of Medicine" id="SO_2017_06_11_Instance_46057" type="identity">
      <class id="SO_EXT:wild_type_entity_or_quality" label="wild-typeness or wild-type entity"/>
      <span end="26050" id="15061865-8192" start="26041">wild-type</span>
    </annotation>
    <annotation annotator="" id="SO_2017_06_11_Instance_185540" type="identity">
      <class id="SO_EXT:sequence_altered_entity_or_alteration_process" label="sequence-altered entity or alteration process"/>
      <span end="26060" id="15061865-8138" start="26054">mutant</span>
    </annotation>
    <annotation annotator="" id="SO_2017_06_11_Instance_211939" type="identity">
      <class id="SO_EXT:genotype_or_entity_with_genotype" label="genotype or entity with genotype"/>
      <span end="27267" id="15061865-8162" start="27259">genotype</span>
    </annotation>
    <annotation annotator="Mike Bada, University of Colorado School of Medicine" id="SO_2017_06_11_Instance_46061" type="identity">
      <class id="SO_EXT:wild_type_entity_or_quality" label="wild-typeness or wild-type entity"/>
      <span end="28547" id="15061865-8194" start="28538">wild-type</span>
    </annotation>
    <annotation annotator="" id="SO_2017_06_11_Instance_211941" type="identity">
      <class id="SO_EXT:genotype_or_entity_with_genotype" label="genotype or entity with genotype"/>
      <span end="28568" id="15061865-8164" start="28559">genotypes</span>
    </annotation>
    <annotation annotator="Mike Bada, University of Colorado School of Medicine" id="SO_2017_06_11_Instance_46065" type="identity">
      <class id="SO_EXT:wild_type_entity_or_quality" label="wild-typeness or wild-type entity"/>
      <span end="28742" id="15061865-8196" start="28733">Wild-type</span>
    </annotation>
    <annotation annotator="" id="SO_2017_06_11_Instance_211943" type="identity">
      <class id="SO_EXT:genotype_or_entity_with_genotype" label="genotype or entity with genotype"/>
      <span end="28859" id="15061865-8166" start="28851">genotype</span>
    </annotation>
    <annotation annotator="" id="SO_2017_06_11_Instance_211945" type="identity">
      <class id="SO_EXT:genotype_or_entity_with_genotype" label="genotype or entity with genotype"/>
      <span end="29058" id="15061865-8168" start="29049">genotypes</span>
    </annotation>
    <annotation annotator="Mike Bada, University of Colorado School of Medicine" id="SO_2017_06_11_Instance_46071" type="identity">
      <class id="SO_EXT:wild_type_entity_or_quality" label="wild-typeness or wild-type entity"/>
      <span end="29258" id="15061865-8198" start="29249">Wild-type</span>
    </annotation>
    <annotation annotator="" id="SO_2017_06_11_Instance_179305" type="identity">
      <class id="SO_EXT:normal_or_wild_type_or_present" label="sequence wild-typeness, normalness or presence"/>
      <span end="29264" id="15061865-8110" start="29263">+</span>
    </annotation>
    <annotation annotator="" id="SO_2017_06_11_Instance_179307" type="identity">
      <class id="SO_EXT:normal_or_wild_type_or_present" label="sequence wild-typeness, normalness or presence"/>
      <span end="29266" id="15061865-8112" start="29265">+</span>
    </annotation>
    <annotation annotator="" id="SO_2017_06_11_Instance_173644" type="identity">
      <class id="SO_EXT:sequence_nullness_or_absence" label="sequence nullness or absence"/>
      <span end="29318" id="15061865-8018" start="29317">-</span>
    </annotation>
    <annotation annotator="" id="SO_2017_06_11_Instance_173646" type="identity">
      <class id="SO_EXT:sequence_nullness_or_absence" label="sequence nullness or absence"/>
      <span end="29320" id="15061865-8020" start="29319">-</span>
    </annotation>
    <annotation annotator="" id="SO_2017_06_11_Instance_173648" type="identity">
      <class id="SO_EXT:sequence_nullness_or_absence" label="sequence nullness or absence"/>
      <span end="29504" id="15061865-8022" start="29503">-</span>
    </annotation>
    <annotation annotator="" id="SO_2017_06_11_Instance_173650" type="identity">
      <class id="SO_EXT:sequence_nullness_or_absence" label="sequence nullness or absence"/>
      <span end="29506" id="15061865-8024" start="29505">-</span>
    </annotation>
    <annotation annotator="" id="SO_2017_06_11_Instance_173652" type="identity">
      <class id="SO_EXT:sequence_nullness_or_absence" label="sequence nullness or absence"/>
      <span end="29740" id="15061865-8026" start="29739">-</span>
    </annotation>
    <annotation annotator="" id="SO_2017_06_11_Instance_173654" type="identity">
      <class id="SO_EXT:sequence_nullness_or_absence" label="sequence nullness or absence"/>
      <span end="29742" id="15061865-8028" start="29741">-</span>
    </annotation>
    <annotation annotator="" id="SO_2017_06_11_Instance_179309" type="identity">
      <class id="SO_EXT:normal_or_wild_type_or_present" label="sequence wild-typeness, normalness or presence"/>
      <span end="29751" id="15061865-8114" start="29750">+</span>
    </annotation>
    <annotation annotator="" id="SO_2017_06_11_Instance_179311" type="identity">
      <class id="SO_EXT:normal_or_wild_type_or_present" label="sequence wild-typeness, normalness or presence"/>
      <span end="29753" id="15061865-8116" start="29752">+</span>
    </annotation>
    <annotation annotator="" id="SO_2017_06_11_Instance_173656" type="identity">
      <class id="SO_EXT:sequence_nullness_or_absence" label="sequence nullness or absence"/>
      <span end="29809" id="15061865-8030" start="29808">-</span>
    </annotation>
    <annotation annotator="" id="SO_2017_06_11_Instance_173658" type="identity">
      <class id="SO_EXT:sequence_nullness_or_absence" label="sequence nullness or absence"/>
      <span end="29811" id="15061865-8032" start="29810">-</span>
    </annotation>
    <annotation annotator="" id="SO_2017_06_11_Instance_179313" type="identity">
      <class id="SO_EXT:normal_or_wild_type_or_present" label="sequence wild-typeness, normalness or presence"/>
      <span end="29898" id="15061865-8118" start="29897">+</span>
    </annotation>
    <annotation annotator="" id="SO_2017_06_11_Instance_179315" type="identity">
      <class id="SO_EXT:normal_or_wild_type_or_present" label="sequence wild-typeness, normalness or presence"/>
      <span end="29900" id="15061865-8120" start="29899">+</span>
    </annotation>
    <annotation annotator="" id="SO_2017_06_11_Instance_173660" type="identity">
      <class id="SO_EXT:sequence_nullness_or_absence" label="sequence nullness or absence"/>
      <span end="29956" id="15061865-8034" start="29955">-</span>
    </annotation>
    <annotation annotator="" id="SO_2017_06_11_Instance_173662" type="identity">
      <class id="SO_EXT:sequence_nullness_or_absence" label="sequence nullness or absence"/>
      <span end="29958" id="15061865-8036" start="29957">-</span>
    </annotation>
    <annotation annotator="" id="SO_2017_06_11_Instance_173664" type="identity">
      <class id="SO_EXT:sequence_nullness_or_absence" label="sequence nullness or absence"/>
      <span end="30040" id="15061865-8038" start="30039">-</span>
    </annotation>
    <annotation annotator="" id="SO_2017_06_11_Instance_173666" type="identity">
      <class id="SO_EXT:sequence_nullness_or_absence" label="sequence nullness or absence"/>
      <span end="30042" id="15061865-8040" start="30041">-</span>
    </annotation>
    <annotation annotator="" id="SO_2017_06_11_Instance_179317" type="identity">
      <class id="SO_EXT:normal_or_wild_type_or_present" label="sequence wild-typeness, normalness or presence"/>
      <span end="30111" id="15061865-8122" start="30110">+</span>
    </annotation>
    <annotation annotator="" id="SO_2017_06_11_Instance_179319" type="identity">
      <class id="SO_EXT:normal_or_wild_type_or_present" label="sequence wild-typeness, normalness or presence"/>
      <span end="30113" id="15061865-8124" start="30112">+</span>
    </annotation>
    <annotation annotator="" id="SO_2017_06_11_Instance_211947" type="identity">
      <class id="SO_EXT:genotype_or_entity_with_genotype" label="genotype or entity with genotype"/>
      <span end="30208" id="15061865-8170" start="30199">genotypes</span>
    </annotation>
    <annotation annotator="" id="SO_2017_06_11_Instance_173668" type="identity">
      <class id="SO_EXT:sequence_nullness_or_absence" label="sequence nullness or absence"/>
      <span end="30525" id="15061865-8042" start="30524">-</span>
    </annotation>
    <annotation annotator="" id="SO_2017_06_11_Instance_173670" type="identity">
      <class id="SO_EXT:sequence_nullness_or_absence" label="sequence nullness or absence"/>
      <span end="30527" id="15061865-8044" start="30526">-</span>
    </annotation>
    <annotation annotator="" id="SO_2017_06_11_Instance_179321" type="identity">
      <class id="SO_EXT:normal_or_wild_type_or_present" label="sequence wild-typeness, normalness or presence"/>
      <span end="30646" id="15061865-8126" start="30645">+</span>
    </annotation>
    <annotation annotator="" id="SO_2017_06_11_Instance_179323" type="identity">
      <class id="SO_EXT:normal_or_wild_type_or_present" label="sequence wild-typeness, normalness or presence"/>
      <span end="30648" id="15061865-8128" start="30647">+</span>
    </annotation>
    <annotation annotator="" id="SO_2017_06_11_Instance_173672" type="identity">
      <class id="SO_EXT:sequence_nullness_or_absence" label="sequence nullness or absence"/>
      <span end="30684" id="15061865-8046" start="30683">-</span>
    </annotation>
    <annotation annotator="" id="SO_2017_06_11_Instance_173674" type="identity">
      <class id="SO_EXT:sequence_nullness_or_absence" label="sequence nullness or absence"/>
      <span end="30686" id="15061865-8048" start="30685">-</span>
    </annotation>
    <annotation annotator="Mike Bada, University of Colorado School of Medicine" id="SO_2017_06_11_Instance_46075" type="identity">
      <class id="SO_EXT:wild_type_entity_or_quality" label="wild-typeness or wild-type entity"/>
      <span end="30778" id="15061865-8200" start="30769">wild-type</span>
    </annotation>
    <annotation annotator="" id="SO_2017_06_11_Instance_173676" type="identity">
      <class id="SO_EXT:sequence_nullness_or_absence" label="sequence nullness or absence"/>
      <span end="30917" id="15061865-8050" start="30916">-</span>
    </annotation>
    <annotation annotator="" id="SO_2017_06_11_Instance_173678" type="identity">
      <class id="SO_EXT:sequence_nullness_or_absence" label="sequence nullness or absence"/>
      <span end="30919" id="15061865-8052" start="30918">-</span>
    </annotation>
    <annotation annotator="" id="SO_2017_06_11_Instance_179325" type="identity">
      <class id="SO_EXT:normal_or_wild_type_or_present" label="sequence wild-typeness, normalness or presence"/>
      <span end="30977" id="15061865-8130" start="30976">+</span>
    </annotation>
    <annotation annotator="" id="SO_2017_06_11_Instance_179327" type="identity">
      <class id="SO_EXT:normal_or_wild_type_or_present" label="sequence wild-typeness, normalness or presence"/>
      <span end="30979" id="15061865-8132" start="30978">+</span>
    </annotation>
    <graph-space id="Old Knowtator Relations"/>
  </document>
</knowtator-project>
