<?xml version="1.0" encoding="UTF-8" standalone="no"?>
<knowtator-project>
  <document id="15328533" text-file="15328533.txt">
    <annotation annotator="Mike Bada, University of Colorado School of Medicine" id="SO_2017_06_11_Instance_48037" type="identity">
      <class id="SO_EXT:0000704" label="gene"/>
      <span end="236" id="15328533-11976" start="232">gene</span>
    </annotation>
    <annotation annotator="Mike Bada, University of Colorado School of Medicine" id="SO_2017_06_11_Instance_48039" type="identity">
      <class id="SO_EXT:wild_type_entity_or_quality" label="wild-typeness or wild-type entity"/>
      <span end="447" id="15328533-11978" start="438">wild-type</span>
    </annotation>
    <annotation annotator="Mike Bada, University of Colorado School of Medicine" id="SO_2017_06_11_Instance_48041" type="identity">
      <class id="SO_EXT:wild_type_entity_or_quality" label="wild-typeness or wild-type entity"/>
      <span end="694" id="15328533-11980" start="685">wild-type</span>
    </annotation>
    <annotation annotator="Mike Bada, University of Colorado School of Medicine" id="SO_2017_06_11_Instance_48043" type="identity">
      <class id="SO_EXT:0000704" label="gene"/>
      <span end="754" id="15328533-11982" start="750">gene</span>
    </annotation>
    <annotation annotator="Mike Bada, University of Colorado School of Medicine" id="SO_2017_06_11_Instance_26343" type="identity">
      <class id="SO_EXT:0000704" label="gene"/>
      <span end="812" id="15328533-11952" start="801">genetically</span>
    </annotation>
    <annotation annotator="" id="SO_2017_06_11_Instance_170172" type="identity">
      <class id="CHEBI_GO_SO_EXT:enzyme" label="enzyme"/>
      <span end="1638" id="15328533-11810" start="1631">enzymes</span>
    </annotation>
    <annotation annotator="Mike Bada, University of Colorado School of Medicine" id="SO_2017_06_11_Instance_48045" type="identity">
      <class id="SO_EXT:0000704" label="gene"/>
      <span end="2657" id="15328533-11984" start="2652">genes</span>
    </annotation>
    <annotation annotator="" id="SO_2017_06_11_Instance_170174" type="identity">
      <class id="CHEBI_GO_SO_EXT:enzyme" label="enzyme"/>
      <span end="3544" id="15328533-11812" start="3537">enzymes</span>
    </annotation>
    <annotation annotator="Mike Bada, University of Colorado School of Medicine" id="SO_2017_06_11_Instance_26345" type="identity">
      <class id="SO_EXT:0001060" label="sequence_variant"/>
      <span end="3661" id="15328533-11954" start="3654">isoform</span>
    </annotation>
    <annotation annotator="Mike Bada, University of Colorado School of Medicine" id="SO_2017_06_11_Instance_26347" type="identity">
      <class id="SO_EXT:0001060" label="sequence_variant"/>
      <span end="4194" id="15328533-11956" start="4186">isoforms</span>
    </annotation>
    <annotation annotator="Mike Bada, University of Colorado School of Medicine" id="SO_2017_06_11_Instance_48047" type="identity">
      <class id="SO_EXT:0000902" label="transgene"/>
      <span end="4802" id="15328533-11986" start="4793">transgene</span>
    </annotation>
    <annotation annotator="" id="SO_2017_06_11_backup_Instance_11458" type="identity">
      <class id="CHEBI_SO_EXT:amino_acid" label="amino acid"/>
      <span end="4829" id="15328533-11770" start="4819">amino-acid</span>
    </annotation>
    <annotation annotator="Mike Bada, University of Colorado School of Medicine" id="SO_2017_06_11_Instance_26349" type="identity">
      <class id="SO_EXT:0000417" label="polypeptide_domain"/>
      <span end="4852" id="15328533-11958" start="4846">domain</span>
    </annotation>
    <annotation annotator="" id="SO_2017_06_11_Instance_222020" type="identity">
      <class id="SO_EXT:sequence_fusion_process" label="sequence fusion process or quality"/>
      <span end="4862" id="15328533-11866" start="4857">fused</span>
    </annotation>
    <annotation annotator="" id="SO_2017_06_11_Instance_90386" type="identity">
      <class id="CHEBI_SO_EXT:N_terminus_or_N_terminal_region" label="N-terminus or N-terminal region"/>
      <span end="4880" id="15328533-12066" start="4870">N-terminus</span>
    </annotation>
    <annotation annotator="" id="SO_2017_06_11_backup_Instance_16268" type="identity">
      <class id="CHEBI_SO_EXT:base" label="base"/>
      <span end="4930" id="15328533-11808" start="4929">b</span>
    </annotation>
    <annotation annotator="Mike Bada, University of Colorado School of Medicine" id="SO_2017_06_11_Instance_48051" type="identity">
      <class id="SO_EXT:0000167" label="promoter"/>
      <span end="4962" id="15328533-11988" start="4954">promoter</span>
    </annotation>
    <annotation annotator="Mike Bada, University of Colorado School of Medicine" id="SO_2017_06_11_Instance_48053" type="identity">
      <class id="SO_EXT:0000167" label="promoter"/>
      <span end="5028" id="15328533-11990" start="5020">promoter</span>
    </annotation>
    <annotation annotator="Mike Bada, University of Colorado School of Medicine" id="SO_2017_06_11_Instance_48055" type="identity">
      <class id="SO_EXT:0000902" label="transgene"/>
      <span end="5103" id="15328533-11992" start="5094">transgene</span>
    </annotation>
    <annotation annotator="" id="SO_2017_06_11_Instance_222022" type="identity">
      <class id="SO_EXT:sequence_fusion_entity_or_process" label="sequence fusion entity or process"/>
      <span end="5378" id="15328533-11868" start="5372">fusion</span>
    </annotation>
    <annotation annotator="Mike Bada, University of Colorado School of Medicine" id="SO_2017_06_11_Instance_48059" type="identity">
      <class id="SO_EXT:wild_type_entity_or_quality" label="wild-typeness or wild-type entity"/>
      <span end="5459" id="15328533-11994" start="5450">wild-type</span>
    </annotation>
    <annotation annotator="" id="SO_2017_06_11_Instance_223385" type="identity">
      <class id="SO_EXT:transgenic_entity" label="transgenic entity"/>
      <span end="5550" id="15328533-11874" start="5540">transgenic</span>
    </annotation>
    <annotation annotator="" id="SO_2017_06_11_Instance_223387" type="identity">
      <class id="SO_EXT:transgenic_entity" label="transgenic entity"/>
      <span end="6021" id="15328533-11876" start="6011">transgenic</span>
    </annotation>
    <annotation annotator="" id="SO_2017_06_11_backup_Instance_11460" type="identity">
      <class id="CHEBI_SO_EXT:mRNA" label="mRNA"/>
      <span end="6453" id="15328533-11772" start="6449">mRNA</span>
    </annotation>
    <annotation annotator="" id="SO_2017_06_11_Instance_170176" type="identity">
      <class id="CHEBI_GO_SO_EXT:enzyme" label="enzyme"/>
      <span end="6646" id="15328533-11814" start="6639">enzymes</span>
    </annotation>
    <annotation annotator="" id="SO_2017_06_11_Instance_221860" type="identity">
      <class id="SO_EXT:sequence_copy_entity" label="sequence copy entity"/>
      <span end="6990" id="15328533-11864" start="6986">copy</span>
    </annotation>
    <annotation annotator="Mike Bada, University of Colorado School of Medicine" id="SO_2017_06_11_Instance_26353" type="identity">
      <class id="SO_EXT:0001026" label="genome"/>
      <span end="7025" id="15328533-11960" start="7019">genome</span>
    </annotation>
    <annotation annotator="" id="SO_2017_06_11_Instance_91021" type="identity">
      <class id="SO_EXT:sequence_coding_function" label="sequence coding function"/>
      <span end="7033" id="15328533-12070" start="7026">encoded</span>
    </annotation>
    <annotation annotator="" id="SO_2017_06_11_backup_Instance_11462" type="identity">
      <class id="CHEBI_SO_EXT:DNA" label="DNA"/>
      <span end="7043" id="15328533-11774" start="7040">DNA</span>
    </annotation>
    <annotation annotator="" id="SO_2017_06_11_Instance_223389" type="identity">
      <class id="SO_EXT:transgenic_entity" label="transgenic entity"/>
      <span end="7061" id="15328533-11878" start="7051">transgenic</span>
    </annotation>
    <annotation annotator="Mike Bada, University of Colorado School of Medicine" id="SO_2017_06_11_Instance_17887" type="identity">
      <class id="SO:0001032" label="mitochondrial_DNA"/>
      <span end="7097" id="15328533-11824" start="7080">Mitochondrial DNA</span>
    </annotation>
    <annotation annotator="" id="SO_2017_06_11_Instance_223391" type="identity">
      <class id="SO_EXT:transgenic_entity" label="transgenic entity"/>
      <span end="7162" id="15328533-11880" start="7152">transgenic</span>
    </annotation>
    <annotation annotator="Mike Bada, University of Colorado School of Medicine" id="SO_2017_06_11_Instance_48063" type="identity">
      <class id="SO_EXT:0000704" label="gene"/>
      <span end="7888" id="15328533-11996" start="7883">genes</span>
    </annotation>
    <annotation annotator="" id="SO_2017_06_11_Instance_223393" type="identity">
      <class id="SO_EXT:transgenic_entity" label="transgenic entity"/>
      <span end="7945" id="15328533-11882" start="7935">transgenic</span>
    </annotation>
    <annotation annotator="Mike Bada, University of Colorado School of Medicine" id="SO_2017_06_11_Instance_48065" type="identity">
      <class id="SO_EXT:wild_type_entity_or_quality" label="wild-typeness or wild-type entity"/>
      <span end="7995" id="15328533-11998" start="7986">wild-type</span>
    </annotation>
    <annotation annotator="Mike Bada, University of Colorado School of Medicine" id="SO_2017_06_11_Instance_26355" type="identity">
      <class id="SO_EXT:0000704" label="gene"/>
      <span end="8069" id="15328533-11962" start="8064">genes</span>
    </annotation>
    <annotation annotator="" id="SO_2017_06_11_Instance_223395" type="identity">
      <class id="SO_EXT:transgenic_entity" label="transgenic entity"/>
      <span end="8637" id="15328533-11884" start="8627">transgenic</span>
    </annotation>
    <annotation annotator="Mike Bada, University of Colorado School of Medicine" id="SO_2017_06_11_Instance_48067" type="identity">
      <class id="SO_EXT:wild_type_entity_or_quality" label="wild-typeness or wild-type entity"/>
      <span end="8662" id="15328533-12000" start="8653">wild-type</span>
    </annotation>
    <annotation annotator="" id="SO_2017_06_11_Instance_223397" type="identity">
      <class id="SO_EXT:transgenic_entity" label="transgenic entity"/>
      <span end="8791" id="15328533-11886" start="8781">transgenic</span>
    </annotation>
    <annotation annotator="Mike Bada, University of Colorado School of Medicine" id="SO_2017_06_11_Instance_48069" type="identity">
      <class id="SO_EXT:wild_type_entity_or_quality" label="wild-typeness or wild-type entity"/>
      <span end="8900" id="15328533-12002" start="8891">wild-type</span>
    </annotation>
    <annotation annotator="" id="SO_2017_06_11_Instance_223399" type="identity">
      <class id="SO_EXT:transgenic_entity" label="transgenic entity"/>
      <span end="8936" id="15328533-11888" start="8926">transgenic</span>
    </annotation>
    <annotation annotator="" id="SO_2017_06_11_Instance_223401" type="identity">
      <class id="SO_EXT:transgenic_entity" label="transgenic entity"/>
      <span end="9153" id="15328533-11890" start="9143">transgenic</span>
    </annotation>
    <annotation annotator="" id="SO_2017_06_11_Instance_223403" type="identity">
      <class id="SO_EXT:transgenic_entity" label="transgenic entity"/>
      <span end="9330" id="15328533-11892" start="9320">transgenic</span>
    </annotation>
    <annotation annotator="" id="SO_2017_06_11_Instance_223405" type="identity">
      <class id="SO_EXT:transgenic_entity" label="transgenic entity"/>
      <span end="9530" id="15328533-11894" start="9520">transgenic</span>
    </annotation>
    <annotation annotator="Mike Bada, University of Colorado School of Medicine" id="SO_2017_06_11_Instance_48071" type="identity">
      <class id="SO_EXT:wild_type_entity_or_quality" label="wild-typeness or wild-type entity"/>
      <span end="9644" id="15328533-12004" start="9635">wild-type</span>
    </annotation>
    <annotation annotator="Mike Bada, University of Colorado School of Medicine" id="SO_2017_06_11_Instance_48073" type="identity">
      <class id="SO_EXT:0000704" label="gene"/>
      <span end="9803" id="15328533-12006" start="9798">genes</span>
    </annotation>
    <annotation annotator="Mike Bada, University of Colorado School of Medicine" id="SO_2017_06_11_Instance_48075" type="identity">
      <class id="SO_EXT:0000902" label="transgene"/>
      <span end="10121" id="15328533-12008" start="10112">transgene</span>
    </annotation>
    <annotation annotator="Mike Bada, University of Colorado School of Medicine" id="SO_2017_06_11_Instance_26357" type="identity">
      <class id="SO_EXT:0000704" label="gene"/>
      <span end="10611" id="15328533-11964" start="10600">genetically</span>
    </annotation>
    <annotation annotator="" id="SO_2017_06_11_Instance_223407" type="identity">
      <class id="SO_EXT:transgenic_entity" label="transgenic entity"/>
      <span end="10783" id="15328533-11896" start="10773">transgenic</span>
    </annotation>
    <annotation annotator="Mike Bada, University of Colorado School of Medicine" id="SO_2017_06_11_Instance_48077" type="identity">
      <class id="SO_EXT:wild_type_entity_or_quality" label="wild-typeness or wild-type entity"/>
      <span end="10797" id="15328533-12010" start="10788">wild-type</span>
    </annotation>
    <annotation annotator="" id="SO_2017_06_11_Instance_223409" type="identity">
      <class id="SO_EXT:transgenic_entity" label="transgenic entity"/>
      <span end="10938" id="15328533-11898" start="10928">transgenic</span>
    </annotation>
    <annotation annotator="" id="SO_2017_06_11_Instance_223411" type="identity">
      <class id="SO_EXT:transgenic_entity" label="transgenic entity"/>
      <span end="11063" id="15328533-11900" start="11053">transgenic</span>
    </annotation>
    <annotation annotator="" id="SO_2017_06_11_Instance_223413" type="identity">
      <class id="SO_EXT:transgenic_entity" label="transgenic entity"/>
      <span end="11298" id="15328533-11902" start="11288">transgenic</span>
    </annotation>
    <annotation annotator="Mike Bada, University of Colorado School of Medicine" id="SO_2017_06_11_Instance_21355" type="identity">
      <class id="SO_EXT:wild_type_entity_or_quality" label="wild-typeness or wild-type entity"/>
      <span end="11330" id="15328533-11850" start="11321">wild-type</span>
    </annotation>
    <annotation annotator="" id="SO_2017_06_11_Instance_223415" type="identity">
      <class id="SO_EXT:transgenic_entity" label="transgenic entity"/>
      <span end="11385" id="15328533-11904" start="11375">transgenic</span>
    </annotation>
    <annotation annotator="Mike Bada, University of Colorado School of Medicine" id="SO_2017_06_11_Instance_26359" type="identity">
      <class id="SO_EXT:0000704" label="gene"/>
      <span end="11542" id="15328533-11966" start="11531">genetically</span>
    </annotation>
    <annotation annotator="" id="SO_2017_06_11_Instance_220251" type="identity">
      <class id="SO_EXT:sequence_nullness" label="sequence nullness"/>
      <span end="11750" id="15328533-11856" start="11746">null</span>
    </annotation>
    <annotation annotator="Mike Bada, University of Colorado School of Medicine" id="SO_2017_06_11_Instance_48079" type="identity">
      <class id="SO_EXT:wild_type_entity_or_quality" label="wild-typeness or wild-type entity"/>
      <span end="11865" id="15328533-12012" start="11856">wild-type</span>
    </annotation>
    <annotation annotator="" id="SO_2017_06_11_Instance_170178" type="identity">
      <class id="CHEBI_GO_SO_EXT:enzyme" label="enzyme"/>
      <span end="12308" id="15328533-11816" start="12301">enzymes</span>
    </annotation>
    <annotation annotator="" id="SO_2017_06_11_Instance_170180" type="identity">
      <class id="CHEBI_GO_SO_EXT:enzyme" label="enzyme"/>
      <span end="12508" id="15328533-11818" start="12501">enzymes</span>
    </annotation>
    <annotation annotator="" id="SO_2017_06_11_Instance_223417" type="identity">
      <class id="SO_EXT:transgenic_entity" label="transgenic entity"/>
      <span end="13482" id="15328533-11906" start="13472">transgenic</span>
    </annotation>
    <annotation annotator="" id="SO_2017_06_11_Instance_223419" type="identity">
      <class id="SO_EXT:transgenic_entity" label="transgenic entity"/>
      <span end="13795" id="15328533-11908" start="13785">transgenic</span>
    </annotation>
    <annotation annotator="Mike Bada, University of Colorado School of Medicine" id="SO_2017_06_11_Instance_48081" type="identity">
      <class id="SO_EXT:wild_type_entity_or_quality" label="wild-typeness or wild-type entity"/>
      <span end="13963" id="15328533-12014" start="13954">wild-type</span>
    </annotation>
    <annotation annotator="" id="SO_2017_06_11_Instance_170182" type="identity">
      <class id="CHEBI_GO_SO_EXT:enzyme" label="enzyme"/>
      <span end="14094" id="15328533-11820" start="14087">enzymes</span>
    </annotation>
    <annotation annotator="Mike Bada, University of Colorado School of Medicine" id="SO_2017_06_11_Instance_28505" type="identity">
      <class id="SO_EXT:0000704" label="gene"/>
      <span end="16441" id="15328533-11974" start="16430">genetically</span>
    </annotation>
    <annotation annotator="" id="SO_2017_06_11_Instance_190197" type="identity">
      <class id="SO_EXT:sequence_alteration_process" label="sequence alteration process"/>
      <span end="16453" id="15328533-11836" start="16442">manipulated</span>
    </annotation>
    <annotation annotator="Mike Bada, University of Colorado School of Medicine" id="SO_2017_06_11_Instance_26363" type="identity">
      <class id="SO_EXT:0000417" label="polypeptide_domain"/>
      <span end="16517" id="15328533-11968" start="16511">domain</span>
    </annotation>
    <annotation annotator="" id="SO_2017_06_11_backup_Instance_13490" type="identity">
      <class id="CHEBI_SO_EXT:amino_acid" label="amino acid"/>
      <span end="16532" id="15328533-11806" start="16522">amino acid</span>
    </annotation>
    <annotation annotator="" id="SO_2017_06_11_Instance_222024" type="identity">
      <class id="SO_EXT:sequence_fusion_process" label="sequence fusion process or quality"/>
      <span end="16595" id="15328533-11870" start="16590">fused</span>
    </annotation>
    <annotation annotator="" id="SO_2017_06_11_Instance_171306" type="identity">
      <class id="SO:0001817" label="inframe"/>
      <span end="16604" id="15328533-11822" start="16596">in frame</span>
    </annotation>
    <annotation annotator="" id="SO_2017_06_11_Instance_90388" type="identity">
      <class id="CHEBI_SO_EXT:N_terminus_or_N_terminal_region" label="N-terminus or N-terminal region"/>
      <span end="16624" id="15328533-12068" start="16614">N-terminus</span>
    </annotation>
    <annotation annotator="" id="SO_2017_06_11_Instance_222026" type="identity">
      <class id="SO_EXT:sequence_fusion_entity_or_process" label="sequence fusion entity or process"/>
      <span end="16662" id="15328533-11872" start="16656">fusion</span>
    </annotation>
    <annotation annotator="" id="SO_2017_06_11_Instance_210792" type="identity">
      <class id="SO_EXT:cDNA" label="complementary DNA"/>
      <span end="16667" id="15328533-11844" start="16663">cDNA</span>
    </annotation>
    <annotation annotator="" id="SO_2017_06_11_Instance_20022" type="identity">
      <class id="SO_EXT:sequence_downstreamness" label="sequence downstreamness"/>
      <span end="16689" id="15328533-11840" start="16679">downstream</span>
    </annotation>
    <annotation annotator="Mike Bada, University of Colorado School of Medicine" id="SO_2017_06_11_Instance_48087" type="identity">
      <class id="SO_EXT:0000167" label="promoter"/>
      <span end="16728" id="15328533-12016" start="16720">promoter</span>
    </annotation>
    <annotation annotator="" id="SO_2017_06_11_Instance_20118" type="identity">
      <class id="SO_EXT:sequence_upstreamness" label="sequence upstreamness"/>
      <span end="16770" id="15328533-11842" start="16762">upstream</span>
    </annotation>
    <annotation annotator="Mike Bada, University of Colorado School of Medicine" id="SO_2017_06_11_Instance_48089" type="identity">
      <class id="SO_EXT:0000188" label="intron"/>
      <span end="16789" id="15328533-12018" start="16783">intron</span>
    </annotation>
    <annotation annotator="Mike Bada, University of Colorado School of Medicine" id="SO_2017_06_11_Instance_26367" type="identity">
      <class id="SO_EXT:0000610" label="polyA_sequence"/>
      <span end="16806" id="15328533-11970" start="16790">poly(A) sequence</span>
    </annotation>
    <annotation annotator="Mike Bada, University of Colorado School of Medicine" id="SO_2017_06_11_Instance_48091" type="identity">
      <class id="SO_EXT:0000902" label="transgene"/>
      <span end="16821" id="15328533-12020" start="16812">transgene</span>
    </annotation>
    <annotation annotator="" id="SO_2017_06_11_Instance_223421" type="identity">
      <class id="SO_EXT:transgenic_entity" label="transgenic entity"/>
      <span end="16890" id="15328533-11910" start="16880">Transgenic</span>
    </annotation>
    <annotation annotator="Mike Bada, University of Colorado School of Medicine" id="SO_2017_06_11_Instance_48093" type="identity">
      <class id="SO_EXT:wild_type_entity_or_quality" label="wild-typeness or wild-type entity"/>
      <span end="16957" id="15328533-12022" start="16948">Wild-type</span>
    </annotation>
    <annotation annotator="" id="SO_2017_06_11_Instance_223423" type="identity">
      <class id="SO_EXT:transgenic_entity" label="transgenic entity"/>
      <span end="17049" id="15328533-11912" start="17039">transgenic</span>
    </annotation>
    <annotation annotator="" id="SO_2017_06_11_Instance_220253" type="identity">
      <class id="SO_EXT:sequence_nullness" label="sequence nullness"/>
      <span end="17125" id="15328533-11858" start="17121">null</span>
    </annotation>
    <annotation annotator="Mike Bada, University of Colorado School of Medicine" id="SO_2017_06_11_Instance_48095" type="identity">
      <class id="SO_EXT:0000704" label="gene"/>
      <span end="17563" id="15328533-12024" start="17559">Gene</span>
    </annotation>
    <annotation annotator="Mike Bada, University of Colorado School of Medicine" id="SO_2017_06_11_Instance_48097" type="identity">
      <class id="SO_EXT:0000345" label="EST"/>
      <span end="17620" id="15328533-12026" start="17617">EST</span>
    </annotation>
    <annotation annotator="" id="SO_2017_06_11_Instance_190495" type="identity">
      <class id="SO_EXT:sequence_cloned_entity" label="sequence-cloned entity"/>
      <span end="17627" id="15328533-11838" start="17621">clones</span>
    </annotation>
    <annotation annotator="" id="SO_2017_06_11_backup_Instance_11466" type="identity">
      <class id="CHEBI_SO_EXT:molecular_probe" label="molecular probe"/>
      <span end="17740" id="15328533-11776" start="17734">probes</span>
    </annotation>
    <annotation annotator="Mike Bada, University of Colorado School of Medicine" id="SO_2017_06_11_Instance_17889" type="identity">
      <class id="SO:0001032" label="mitochondrial_DNA"/>
      <span end="18389" id="15328533-11826" start="18372">mitochondrial DNA</span>
    </annotation>
    <annotation annotator="Mike Bada, University of Colorado School of Medicine" id="SO_2017_06_11_Instance_17891" type="identity">
      <class id="SO:0001032" label="mitochondrial_DNA"/>
      <span end="18601" id="15328533-11828" start="18584">Mitochondrial DNA</span>
    </annotation>
    <annotation annotator="" id="SO_2017_06_11_Instance_223425" type="identity">
      <class id="SO_EXT:transgenic_entity" label="transgenic entity"/>
      <span end="18991" id="15328533-11914" start="18981">transgenic</span>
    </annotation>
    <annotation annotator="Mike Bada, University of Colorado School of Medicine" id="SO_2017_06_11_Instance_48103" type="identity">
      <class id="SO_EXT:wild_type_entity_or_quality" label="wild-typeness or wild-type entity"/>
      <span end="19046" id="15328533-12028" start="19037">wild-type</span>
    </annotation>
    <annotation annotator="" id="SO_2017_06_11_Instance_223427" type="identity">
      <class id="SO_EXT:transgenic_entity" label="transgenic entity"/>
      <span end="19306" id="15328533-11916" start="19296">transgenic</span>
    </annotation>
    <annotation annotator="Mike Bada, University of Colorado School of Medicine" id="SO_2017_06_11_Instance_48105" type="identity">
      <class id="SO_EXT:wild_type_entity_or_quality" label="wild-typeness or wild-type entity"/>
      <span end="19361" id="15328533-12030" start="19352">wild-type</span>
    </annotation>
    <annotation annotator="Mike Bada, University of Colorado School of Medicine" id="SO_2017_06_11_Instance_48107" type="identity">
      <class id="SO_EXT:0000167" label="promoter"/>
      <span end="19589" id="15328533-12032" start="19581">promoter</span>
    </annotation>
    <annotation annotator="Mike Bada, University of Colorado School of Medicine" id="SO_2017_06_11_Instance_48109" type="identity">
      <class id="SO_EXT:0000902" label="transgene"/>
      <span end="20800" id="15328533-12034" start="20791">Transgene</span>
    </annotation>
    <annotation annotator="" id="SO_2017_06_11_backup_Instance_11472" type="identity">
      <class id="CHEBI_SO_EXT:RNA" label="RNA"/>
      <span end="20826" id="15328533-11778" start="20823">RNA</span>
    </annotation>
    <annotation annotator="Mike Bada, University of Colorado School of Medicine" id="SO_2017_06_11_Instance_48111" type="identity">
      <class id="SO_EXT:wild_type_entity_or_quality" label="wild-typeness or wild-type entity"/>
      <span end="20874" id="15328533-12036" start="20865">wild-type</span>
    </annotation>
    <annotation annotator="" id="SO_2017_06_11_backup_Instance_11474" type="identity">
      <class id="CHEBI_SO_EXT:molecular_probe" label="molecular probe"/>
      <span end="20927" id="15328533-11780" start="20921">probes</span>
    </annotation>
    <annotation annotator="Mike Bada, University of Colorado School of Medicine" id="SO_2017_06_11_Instance_48115" type="identity">
      <class id="SO_EXT:wild_type_entity_or_quality" label="wild-typeness or wild-type entity"/>
      <span end="21065" id="15328533-12038" start="21056">wild-type</span>
    </annotation>
    <annotation annotator="" id="SO_2017_06_11_backup_Instance_11476" type="identity">
      <class id="CHEBI_SO_EXT:RNA" label="RNA"/>
      <span end="21118" id="15328533-11782" start="21115">RNA</span>
    </annotation>
    <annotation annotator="Mike Bada, University of Colorado School of Medicine" id="SO_2017_06_11_Instance_48117" type="identity">
      <class id="SO_EXT:0000902" label="transgene"/>
      <span end="21216" id="15328533-12040" start="21207">transgene</span>
    </annotation>
    <annotation annotator="" id="SO_2017_06_11_backup_Instance_11478" type="identity">
      <class id="CHEBI_SO_EXT:RNA" label="RNA"/>
      <span end="21255" id="15328533-11784" start="21252">RNA</span>
    </annotation>
    <annotation annotator="" id="SO_2017_06_11_Instance_210794" type="identity">
      <class id="SO_EXT:cDNA" label="complementary DNA"/>
      <span end="21304" id="15328533-11846" start="21300">cDNA</span>
    </annotation>
    <annotation annotator="" id="SO_2017_06_11_backup_Instance_11480" type="identity">
      <class id="CHEBI_SO_EXT:molecular_probe" label="molecular probe"/>
      <span end="21310" id="15328533-11786" start="21305">probe</span>
    </annotation>
    <annotation annotator="" id="SO_2017_06_11_Instance_223429" type="identity">
      <class id="SO_EXT:transgenic_entity" label="transgenic entity"/>
      <span end="21435" id="15328533-11918" start="21425">transgenic</span>
    </annotation>
    <annotation annotator="" id="SO_2017_06_11_Instance_223431" type="identity">
      <class id="SO_EXT:transgenic_entity" label="transgenic entity"/>
      <span end="21444" id="15328533-11920" start="21442">TG</span>
    </annotation>
    <annotation annotator="Mike Bada, University of Colorado School of Medicine" id="SO_2017_06_11_Instance_48123" type="identity">
      <class id="SO_EXT:wild_type_entity_or_quality" label="wild-typeness or wild-type entity"/>
      <span end="21463" id="15328533-12042" start="21454">wild-type</span>
    </annotation>
    <annotation annotator="Mike Bada, University of Colorado School of Medicine" id="SO_2017_06_11_Instance_21597" type="identity">
      <class id="SO_EXT:wild_type_entity_or_quality" label="wild-typeness or wild-type entity"/>
      <span end="21479" id="15328533-11852" start="21477">WT</span>
    </annotation>
    <annotation annotator="" id="SO_2017_06_11_Instance_223433" type="identity">
      <class id="SO_EXT:transgenic_entity" label="transgenic entity"/>
      <span end="21684" id="15328533-11922" start="21674">Transgenic</span>
    </annotation>
    <annotation annotator="" id="SO_2017_06_11_Instance_223435" type="identity">
      <class id="SO_EXT:transgenic_entity" label="transgenic entity"/>
      <span end="21722" id="15328533-11924" start="21712">transgenic</span>
    </annotation>
    <annotation annotator="" id="SO_2017_06_11_Instance_224167" type="identity">
      <class id="SO_EXT:transgenic_entity" label="transgenic entity"/>
      <span end="21731" id="15328533-11942" start="21729">TG</span>
    </annotation>
    <annotation annotator="Mike Bada, University of Colorado School of Medicine" id="SO_2017_06_11_Instance_48125" type="identity">
      <class id="SO_EXT:wild_type_entity_or_quality" label="wild-typeness or wild-type entity"/>
      <span end="21767" id="15328533-12044" start="21758">wild-type</span>
    </annotation>
    <annotation annotator="Mike Bada, University of Colorado School of Medicine" id="SO_2017_06_11_Instance_21599" type="identity">
      <class id="SO_EXT:wild_type_entity_or_quality" label="wild-typeness or wild-type entity"/>
      <span end="21776" id="15328533-11854" start="21774">WT</span>
    </annotation>
    <annotation annotator="Mike Bada, University of Colorado School of Medicine" id="SO_2017_06_11_Instance_48127" type="identity">
      <class id="SO_EXT:0000704" label="gene"/>
      <span end="21921" id="15328533-12046" start="21916">Genes</span>
    </annotation>
    <annotation annotator="" id="SO_2017_06_11_backup_Instance_11482" type="identity">
      <class id="CHEBI_SO_EXT:RNA" label="RNA"/>
      <span end="22000" id="15328533-11788" start="21997">RNA</span>
    </annotation>
    <annotation annotator="" id="SO_2017_06_11_Instance_223437" type="identity">
      <class id="SO_EXT:transgenic_entity" label="transgenic entity"/>
      <span end="22062" id="15328533-11926" start="22052">transgenic</span>
    </annotation>
    <annotation annotator="" id="SO_2017_06_11_Instance_224169" type="identity">
      <class id="SO_EXT:transgenic_entity" label="transgenic entity"/>
      <span end="22066" id="15328533-11944" start="22064">TG</span>
    </annotation>
    <annotation annotator="Mike Bada, University of Colorado School of Medicine" id="SO_2017_06_11_Instance_48129" type="identity">
      <class id="SO_EXT:wild_type_entity_or_quality" label="wild-typeness or wild-type entity"/>
      <span end="22081" id="15328533-12048" start="22072">wild-type</span>
    </annotation>
    <annotation annotator="Mike Bada, University of Colorado School of Medicine" id="SO_2017_06_11_Instance_23845" type="identity">
      <class id="SO_EXT:wild_type_entity_or_quality" label="wild-typeness or wild-type entity"/>
      <span end="22085" id="15328533-11948" start="22083">WT</span>
    </annotation>
    <annotation annotator="" id="SO_2017_06_11_backup_Instance_11484" type="identity">
      <class id="CHEBI_SO_EXT:molecular_probe" label="molecular probe"/>
      <span end="22131" id="15328533-11790" start="22125">probes</span>
    </annotation>
    <annotation annotator="Mike Bada, University of Colorado School of Medicine" id="SO_2017_06_11_Instance_48133" type="identity">
      <class id="SO_EXT:0000704" label="gene"/>
      <span end="22176" id="15328533-12050" start="22172">gene</span>
    </annotation>
    <annotation annotator="" id="SO_2017_06_11_Instance_211641" type="identity">
      <class id="SO_EXT:genomic_DNA" label="genomic DNA"/>
      <span end="22209" id="15328533-11848" start="22198">genomic DNA</span>
    </annotation>
    <annotation annotator="Mike Bada, University of Colorado School of Medicine" id="SO_2017_06_11_Instance_17893" type="identity">
      <class id="SO_EXT:0001026" label="genome"/>
      <span end="22348" id="15328533-11830" start="22342">genome</span>
    </annotation>
    <annotation annotator="" id="SO_2017_06_11_Instance_91023" type="identity">
      <class id="SO_EXT:sequence_coding_function" label="sequence coding function"/>
      <span end="22356" id="15328533-12072" start="22349">encoded</span>
    </annotation>
    <annotation annotator="Mike Bada, University of Colorado School of Medicine" id="SO_2017_06_11_Instance_26371" type="identity">
      <class id="SO_EXT:0001026" label="genome"/>
      <span end="22383" id="15328533-11972" start="22377">genome</span>
    </annotation>
    <annotation annotator="" id="SO_2017_06_11_Instance_91025" type="identity">
      <class id="SO_EXT:sequence_coding_function" label="sequence coding function"/>
      <span end="22391" id="15328533-12074" start="22384">encoded</span>
    </annotation>
    <annotation annotator="" id="SO_2017_06_11_backup_Instance_11488" type="identity">
      <class id="CHEBI_SO_EXT:DNA" label="DNA"/>
      <span end="22396" id="15328533-11792" start="22393">DNA</span>
    </annotation>
    <annotation annotator="" id="SO_2017_06_11_backup_Instance_11490" type="identity">
      <class id="CHEBI_SO_EXT:molecular_probe" label="molecular probe"/>
      <span end="22403" id="15328533-11794" start="22397">probes</span>
    </annotation>
    <annotation annotator="" id="SO_2017_06_11_Instance_223439" type="identity">
      <class id="SO_EXT:transgenic_entity" label="transgenic entity"/>
      <span end="22483" id="15328533-11928" start="22473">transgenic</span>
    </annotation>
    <annotation annotator="Mike Bada, University of Colorado School of Medicine" id="SO_2017_06_11_Instance_17895" type="identity">
      <class id="SO:0001032" label="mitochondrial_DNA"/>
      <span end="22537" id="15328533-11832" start="22520">mitochondrial DNA</span>
    </annotation>
    <annotation annotator="Mike Bada, University of Colorado School of Medicine" id="SO_2017_06_11_Instance_17897" type="identity">
      <class id="SO:0001032" label="mitochondrial_DNA"/>
      <span end="22627" id="15328533-11834" start="22610">mitochondrial DNA</span>
    </annotation>
    <annotation annotator="" id="SO_2017_06_11_Instance_223441" type="identity">
      <class id="SO_EXT:transgenic_entity" label="transgenic entity"/>
      <span end="22641" id="15328533-11930" start="22631">transgenic</span>
    </annotation>
    <annotation annotator="Mike Bada, University of Colorado School of Medicine" id="SO_2017_06_11_Instance_48139" type="identity">
      <class id="SO_EXT:wild_type_entity_or_quality" label="wild-typeness or wild-type entity"/>
      <span end="22655" id="15328533-12052" start="22646">wild-type</span>
    </annotation>
    <annotation annotator="" id="SO_2017_06_11_backup_Instance_11496" type="identity">
      <class id="CHEBI_SO_EXT:molecular_indicator_or_label_or_marker_or_tag" label="molecular indicator/label/marker/tag"/>
      <span end="22725" id="15328533-11796" start="22718">markers</span>
    </annotation>
    <annotation annotator="Mike Bada, University of Colorado School of Medicine" id="SO_2017_06_11_Instance_48141" type="identity">
      <class id="SO_EXT:wild_type_entity_or_quality" label="wild-typeness or wild-type entity"/>
      <span end="22842" id="15328533-12054" start="22833">Wild-type</span>
    </annotation>
    <annotation annotator="" id="SO_2017_06_11_backup_Instance_11498" type="identity">
      <class id="CHEBI_SO_EXT:RNA" label="RNA"/>
      <span end="22925" id="15328533-11798" start="22922">RNA</span>
    </annotation>
    <annotation annotator="" id="SO_2017_06_11_backup_Instance_11500" type="identity">
      <class id="CHEBI_SO_EXT:molecular_probe" label="molecular probe"/>
      <span end="23010" id="15328533-11800" start="23004">probes</span>
    </annotation>
    <annotation annotator="" id="SO_2017_06_11_Instance_223443" type="identity">
      <class id="SO_EXT:transgenic_entity" label="transgenic entity"/>
      <span end="23079" id="15328533-11932" start="23069">Transgenic</span>
    </annotation>
    <annotation annotator="" id="SO_2017_06_11_Instance_223445" type="identity">
      <class id="SO_EXT:transgenic_entity" label="transgenic entity"/>
      <span end="23115" id="15328533-11934" start="23105">transgenic</span>
    </annotation>
    <annotation annotator="" id="SO_2017_06_11_Instance_224171" type="identity">
      <class id="SO_EXT:transgenic_entity" label="transgenic entity"/>
      <span end="23119" id="15328533-11946" start="23117">TG</span>
    </annotation>
    <annotation annotator="Mike Bada, University of Colorado School of Medicine" id="SO_2017_06_11_Instance_48145" type="identity">
      <class id="SO_EXT:wild_type_entity_or_quality" label="wild-typeness or wild-type entity"/>
      <span end="23134" id="15328533-12056" start="23125">wild-type</span>
    </annotation>
    <annotation annotator="Mike Bada, University of Colorado School of Medicine" id="SO_2017_06_11_Instance_23939" type="identity">
      <class id="SO_EXT:wild_type_entity_or_quality" label="wild-typeness or wild-type entity"/>
      <span end="23138" id="15328533-11950" start="23136">WT</span>
    </annotation>
    <annotation annotator="" id="SO_2017_06_11_Instance_223447" type="identity">
      <class id="SO_EXT:transgenic_entity" label="transgenic entity"/>
      <span end="23455" id="15328533-11936" start="23445">transgenic</span>
    </annotation>
    <annotation annotator="Mike Bada, University of Colorado School of Medicine" id="SO_2017_06_11_Instance_48147" type="identity">
      <class id="SO_EXT:wild_type_entity_or_quality" label="wild-typeness or wild-type entity"/>
      <span end="23469" id="15328533-12058" start="23460">wild-type</span>
    </annotation>
    <annotation annotator="Mike Bada, University of Colorado School of Medicine" id="SO_2017_06_11_Instance_48149" type="identity">
      <class id="SO_EXT:wild_type_entity_or_quality" label="wild-typeness or wild-type entity"/>
      <span end="23963" id="15328533-12060" start="23954">wild-type</span>
    </annotation>
    <annotation annotator="" id="SO_2017_06_11_backup_Instance_11502" type="identity">
      <class id="CHEBI_SO_EXT:RNA" label="RNA"/>
      <span end="24059" id="15328533-11802" start="24056">RNA</span>
    </annotation>
    <annotation annotator="" id="SO_2017_06_11_backup_Instance_11504" type="identity">
      <class id="CHEBI_SO_EXT:molecular_probe" label="molecular probe"/>
      <span end="24144" id="15328533-11804" start="24138">probes</span>
    </annotation>
    <annotation annotator="" id="SO_2017_06_11_Instance_223449" type="identity">
      <class id="SO_EXT:transgenic_entity" label="transgenic entity"/>
      <span end="24814" id="15328533-11938" start="24804">transgenic</span>
    </annotation>
    <annotation annotator="" id="SO_2017_06_11_Instance_223451" type="identity">
      <class id="SO_EXT:transgenic_entity" label="transgenic entity"/>
      <span end="24854" id="15328533-11940" start="24844">transgenic</span>
    </annotation>
    <annotation annotator="Mike Bada, University of Colorado School of Medicine" id="SO_2017_06_11_Instance_48153" type="identity">
      <class id="SO_EXT:wild_type_entity_or_quality" label="wild-typeness or wild-type entity"/>
      <span end="24868" id="15328533-12062" start="24859">wild-type</span>
    </annotation>
    <annotation annotator="" id="SO_2017_06_11_Instance_220255" type="identity">
      <class id="SO_EXT:sequence_nullness" label="sequence nullness"/>
      <span end="25033" id="15328533-11860" start="25029">null</span>
    </annotation>
    <annotation annotator="" id="SO_2017_06_11_Instance_220257" type="identity">
      <class id="SO_EXT:sequence_nullness" label="sequence nullness"/>
      <span end="25069" id="15328533-11862" start="25065">null</span>
    </annotation>
    <annotation annotator="Mike Bada, University of Colorado School of Medicine" id="SO_2017_06_11_Instance_48155" type="identity">
      <class id="SO_EXT:wild_type_entity_or_quality" label="wild-typeness or wild-type entity"/>
      <span end="25088" id="15328533-12064" start="25079">wild-type</span>
    </annotation>
    <graph-space id="Old Knowtator Relations"/>
  </document>
</knowtator-project>
