<?xml version="1.0" encoding="UTF-8" standalone="no"?>
<knowtator-project>
  <document id="15320950" text-file="15320950.txt">
    <annotation annotator="" id="SO_2017_06_11_Instance_188826" type="identity">
      <class id="SO_EXT:sequence_alteration_entity_or_process" label="sequence alteration entity or process"/>
      <span end="269" id="15320950-11708" start="260">mutations</span>
    </annotation>
    <annotation annotator="" id="SO_2017_06_11_Instance_91017" type="identity">
      <class id="SO_EXT:sequence_coding_function" label="sequence coding function"/>
      <span end="293" id="15320950-11765" start="288">codes</span>
    </annotation>
    <annotation annotator="" id="SO_2017_06_11_Instance_179507" type="identity">
      <class id="SO_EXT:normal_or_wild_type_or_present" label="sequence wild-typeness, normalness or presence"/>
      <span end="399" id="15320950-11604" start="398">+</span>
    </annotation>
    <annotation annotator="" id="SO_2017_06_11_Instance_179509" type="identity">
      <class id="SO_EXT:normal_or_wild_type_or_present" label="sequence wild-typeness, normalness or presence"/>
      <span end="401" id="15320950-11606" start="400">+</span>
    </annotation>
    <annotation annotator="Mike Bada, University of Colorado School of Medicine" id="SO_2017_06_11_Instance_47957" type="identity">
      <class id="SO_EXT:0000704" label="gene"/>
      <span end="434" id="15320950-11725" start="430">gene</span>
    </annotation>
    <annotation annotator="" id="SO_2017_06_11_Instance_173724" type="identity">
      <class id="SO_EXT:sequence_nullness_or_absence" label="sequence nullness or absence"/>
      <span end="444" id="15320950-11396" start="443">-</span>
    </annotation>
    <annotation annotator="" id="SO_2017_06_11_Instance_173726" type="identity">
      <class id="SO_EXT:sequence_nullness_or_absence" label="sequence nullness or absence"/>
      <span end="446" id="15320950-11398" start="445">-</span>
    </annotation>
    <annotation annotator="" id="SO_2017_06_11_backup_Instance_11366" type="identity">
      <class id="CHEBI_SO_EXT:mRNA" label="mRNA"/>
      <span end="566" id="15320950-11316" start="562">mRNA</span>
    </annotation>
    <annotation annotator="" id="SO_2017_06_11_Instance_173728" type="identity">
      <class id="SO_EXT:sequence_nullness_or_absence" label="sequence nullness or absence"/>
      <span end="1121" id="15320950-11400" start="1120">-</span>
    </annotation>
    <annotation annotator="" id="SO_2017_06_11_Instance_173730" type="identity">
      <class id="SO_EXT:sequence_nullness_or_absence" label="sequence nullness or absence"/>
      <span end="1123" id="15320950-11402" start="1122">-</span>
    </annotation>
    <annotation annotator="" id="SO_2017_06_11_Instance_173732" type="identity">
      <class id="SO_EXT:sequence_nullness_or_absence" label="sequence nullness or absence"/>
      <span end="1238" id="15320950-11404" start="1237">-</span>
    </annotation>
    <annotation annotator="" id="SO_2017_06_11_Instance_173734" type="identity">
      <class id="SO_EXT:sequence_nullness_or_absence" label="sequence nullness or absence"/>
      <span end="1240" id="15320950-11406" start="1239">-</span>
    </annotation>
    <annotation annotator="" id="SO_2017_06_11_backup_Instance_11368" type="identity">
      <class id="CHEBI_SO_EXT:mRNA" label="mRNA"/>
      <span end="1544" id="15320950-11318" start="1540">mRNA</span>
    </annotation>
    <annotation annotator="" id="SO_2017_06_11_Instance_188828" type="identity">
      <class id="SO_EXT:sequence_alteration_entity_or_process" label="sequence alteration entity or process"/>
      <span end="2178" id="15320950-11710" start="2169">mutations</span>
    </annotation>
    <annotation annotator="Mike Bada, University of Colorado School of Medicine" id="SO_2017_06_11_Instance_47963" type="identity">
      <class id="SO_EXT:0000704" label="gene"/>
      <span end="2194" id="15320950-11727" start="2190">gene</span>
    </annotation>
    <annotation annotator="" id="SO_2017_06_11_Instance_91019" type="identity">
      <class id="SO_EXT:sequence_coding_function" label="sequence coding function"/>
      <span end="2215" id="15320950-11767" start="2210">codes</span>
    </annotation>
    <annotation annotator="" id="SO_2017_06_11_backup_Instance_11370" type="identity">
      <class id="CHEBI_SO_EXT:mRNA" label="mRNA"/>
      <span end="3275" id="15320950-11320" start="3271">mRNA</span>
    </annotation>
    <annotation annotator="" id="SO_2017_06_11_Instance_173736" type="identity">
      <class id="SO_EXT:sequence_nullness_or_absence" label="sequence nullness or absence"/>
      <span end="4052" id="15320950-11408" start="4051">-</span>
    </annotation>
    <annotation annotator="" id="SO_2017_06_11_Instance_173738" type="identity">
      <class id="SO_EXT:sequence_nullness_or_absence" label="sequence nullness or absence"/>
      <span end="4054" id="15320950-11410" start="4053">-</span>
    </annotation>
    <annotation annotator="Mike Bada, University of Colorado School of Medicine" id="SO_2017_06_11_Instance_47967" type="identity">
      <class id="SO_EXT:0000704" label="gene"/>
      <span end="4119" id="15320950-11729" start="4115">gene</span>
    </annotation>
    <annotation annotator="" id="SO_2017_06_11_Instance_173740" type="identity">
      <class id="SO_EXT:sequence_nullness_or_absence" label="sequence nullness or absence"/>
      <span end="4233" id="15320950-11412" start="4232">-</span>
    </annotation>
    <annotation annotator="" id="SO_2017_06_11_Instance_173742" type="identity">
      <class id="SO_EXT:sequence_nullness_or_absence" label="sequence nullness or absence"/>
      <span end="4235" id="15320950-11414" start="4234">-</span>
    </annotation>
    <annotation annotator="" id="SO_2017_06_11_Instance_179511" type="identity">
      <class id="SO_EXT:normal_or_wild_type_or_present" label="sequence wild-typeness, normalness or presence"/>
      <span end="4416" id="15320950-11608" start="4415">+</span>
    </annotation>
    <annotation annotator="" id="SO_2017_06_11_Instance_179513" type="identity">
      <class id="SO_EXT:normal_or_wild_type_or_present" label="sequence wild-typeness, normalness or presence"/>
      <span end="4418" id="15320950-11610" start="4417">+</span>
    </annotation>
    <annotation annotator="" id="SO_2017_06_11_Instance_173744" type="identity">
      <class id="SO_EXT:sequence_nullness_or_absence" label="sequence nullness or absence"/>
      <span end="4437" id="15320950-11416" start="4436">-</span>
    </annotation>
    <annotation annotator="" id="SO_2017_06_11_Instance_173746" type="identity">
      <class id="SO_EXT:sequence_nullness_or_absence" label="sequence nullness or absence"/>
      <span end="4439" id="15320950-11418" start="4438">-</span>
    </annotation>
    <annotation annotator="Mike Bada, University of Colorado School of Medicine" id="SO_2017_06_11_Instance_47969" type="identity">
      <class id="SO_EXT:0000704" label="gene"/>
      <span end="4458" id="15320950-11731" start="4454">gene</span>
    </annotation>
    <annotation annotator="" id="SO_2017_06_11_Instance_179515" type="identity">
      <class id="SO_EXT:normal_or_wild_type_or_present" label="sequence wild-typeness, normalness or presence"/>
      <span end="4565" id="15320950-11612" start="4564">+</span>
    </annotation>
    <annotation annotator="" id="SO_2017_06_11_Instance_179517" type="identity">
      <class id="SO_EXT:normal_or_wild_type_or_present" label="sequence wild-typeness, normalness or presence"/>
      <span end="4567" id="15320950-11614" start="4566">+</span>
    </annotation>
    <annotation annotator="" id="SO_2017_06_11_Instance_173748" type="identity">
      <class id="SO_EXT:sequence_nullness_or_absence" label="sequence nullness or absence"/>
      <span end="4592" id="15320950-11420" start="4591">-</span>
    </annotation>
    <annotation annotator="" id="SO_2017_06_11_Instance_173750" type="identity">
      <class id="SO_EXT:sequence_nullness_or_absence" label="sequence nullness or absence"/>
      <span end="4594" id="15320950-11422" start="4593">-</span>
    </annotation>
    <annotation annotator="" id="SO_2017_06_11_Instance_179519" type="identity">
      <class id="SO_EXT:normal_or_wild_type_or_present" label="sequence wild-typeness, normalness or presence"/>
      <span end="4703" id="15320950-11616" start="4702">+</span>
    </annotation>
    <annotation annotator="" id="SO_2017_06_11_Instance_179521" type="identity">
      <class id="SO_EXT:normal_or_wild_type_or_present" label="sequence wild-typeness, normalness or presence"/>
      <span end="4705" id="15320950-11618" start="4704">+</span>
    </annotation>
    <annotation annotator="" id="SO_2017_06_11_Instance_173752" type="identity">
      <class id="SO_EXT:sequence_nullness_or_absence" label="sequence nullness or absence"/>
      <span end="4718" id="15320950-11424" start="4717">-</span>
    </annotation>
    <annotation annotator="" id="SO_2017_06_11_Instance_173754" type="identity">
      <class id="SO_EXT:sequence_nullness_or_absence" label="sequence nullness or absence"/>
      <span end="4720" id="15320950-11426" start="4719">-</span>
    </annotation>
    <annotation annotator="" id="SO_2017_06_11_Instance_179523" type="identity">
      <class id="SO_EXT:normal_or_wild_type_or_present" label="sequence wild-typeness, normalness or presence"/>
      <span end="4848" id="15320950-11620" start="4847">+</span>
    </annotation>
    <annotation annotator="" id="SO_2017_06_11_Instance_179525" type="identity">
      <class id="SO_EXT:normal_or_wild_type_or_present" label="sequence wild-typeness, normalness or presence"/>
      <span end="4850" id="15320950-11622" start="4849">+</span>
    </annotation>
    <annotation annotator="" id="SO_2017_06_11_Instance_173756" type="identity">
      <class id="SO_EXT:sequence_nullness_or_absence" label="sequence nullness or absence"/>
      <span end="4863" id="15320950-11428" start="4862">-</span>
    </annotation>
    <annotation annotator="" id="SO_2017_06_11_Instance_173758" type="identity">
      <class id="SO_EXT:sequence_nullness_or_absence" label="sequence nullness or absence"/>
      <span end="4865" id="15320950-11430" start="4864">-</span>
    </annotation>
    <annotation annotator="" id="SO_2017_06_11_backup_Instance_11372" type="identity">
      <class id="CHEBI_SO_EXT:molecular_probe" label="molecular probe"/>
      <span end="6536" id="15320950-11322" start="6530">Probes</span>
    </annotation>
    <annotation annotator="" id="SO_2017_06_11_backup_Instance_11374" type="identity">
      <class id="CHEBI_SO_EXT:molecular_probe" label="molecular probe"/>
      <span end="6650" id="15320950-11324" start="6644">Probes</span>
    </annotation>
    <annotation annotator="" id="SO_2017_06_11_Instance_173760" type="identity">
      <class id="SO_EXT:sequence_nullness_or_absence" label="sequence nullness or absence"/>
      <span end="7550" id="15320950-11432" start="7549">-</span>
    </annotation>
    <annotation annotator="" id="SO_2017_06_11_Instance_173762" type="identity">
      <class id="SO_EXT:sequence_nullness_or_absence" label="sequence nullness or absence"/>
      <span end="7552" id="15320950-11434" start="7551">-</span>
    </annotation>
    <annotation annotator="" id="SO_2017_06_11_Instance_211953" type="identity">
      <class id="SO_EXT:genotype_or_entity_with_genotype" label="genotype or entity with genotype"/>
      <span end="7560" id="15320950-11712" start="7552">genotype</span>
    </annotation>
    <annotation annotator="" id="SO_2017_06_11_backup_Instance_11376" type="identity">
      <class id="CHEBI_SO_EXT:RNA" label="RNA"/>
      <span end="7650" id="15320950-11326" start="7647">RNA</span>
    </annotation>
    <annotation annotator="" id="SO_2017_06_11_backup_Instance_11378" type="identity">
      <class id="CHEBI_SO_EXT:DNA" label="DNA"/>
      <span end="7680" id="15320950-11328" start="7677">DNA</span>
    </annotation>
    <annotation annotator="" id="SO_2017_06_11_Instance_170170" type="identity">
      <class id="CHEBI_GO_SO_EXT:enzyme" label="enzyme"/>
      <span end="7719" id="15320950-11394" start="7710">enzymatic</span>
    </annotation>
    <annotation annotator="Mike Bada, University of Colorado School of Medicine" id="SO_2017_06_11_Instance_47973" type="identity">
      <class id="SO_EXT:0000407" label="rRNA_18S"/>
      <span end="7800" id="15320950-11733" start="7792">18S rRNA</span>
    </annotation>
    <annotation annotator="" id="SO_2017_06_11_backup_Instance_11382" type="identity">
      <class id="CHEBI_SO_EXT:RNA" label="RNA"/>
      <span end="7932" id="15320950-11330" start="7929">RNA</span>
    </annotation>
    <annotation annotator="" id="SO_2017_06_11_backup_Instance_11384" type="identity">
      <class id="CHEBI_SO_EXT:RNA" label="RNA"/>
      <span end="8078" id="15320950-11332" start="8075">RNA</span>
    </annotation>
    <annotation annotator="" id="SO_2017_06_11_backup_Instance_11386" type="identity">
      <class id="CHEBI_SO_EXT:molecular_probe" label="molecular probe"/>
      <span end="8229" id="15320950-11334" start="8223">Probes</span>
    </annotation>
    <annotation annotator="Mike Bada, University of Colorado School of Medicine" id="SO_2017_06_11_Instance_47975" type="identity">
      <class id="SO_EXT:0000673" label="transcript"/>
      <span end="8243" id="15320950-11735" start="8232">Transcripts</span>
    </annotation>
    <annotation annotator="Mike Bada, University of Colorado School of Medicine" id="SO_2017_06_11_Instance_47977" type="identity">
      <class id="SO_EXT:0000407" label="rRNA_18S"/>
      <span end="8255" id="15320950-11737" start="8247">18S rRNA</span>
    </annotation>
    <annotation annotator="" id="SO_2017_06_11_backup_Instance_11390" type="identity">
      <class id="CHEBI_SO_EXT:mRNA" label="mRNA"/>
      <span end="8264" id="15320950-11336" start="8260">mRNA</span>
    </annotation>
    <annotation annotator="Mike Bada, University of Colorado School of Medicine" id="SO_2017_06_11_Instance_47981" type="identity">
      <class id="SO_EXT:0000704" label="gene"/>
      <span end="8334" id="15320950-11739" start="8330">gene</span>
    </annotation>
    <annotation annotator="Mike Bada, University of Colorado School of Medicine" id="SO_2017_06_11_Instance_47983" type="identity">
      <class id="SO_EXT:0000112" label="primer"/>
      <span end="8351" id="15320950-11741" start="8344">primers</span>
    </annotation>
    <annotation annotator="Mike Bada, University of Colorado School of Medicine" id="SO_2017_06_11_Instance_47985" type="identity">
      <class id="SO_EXT:0000112" label="primer"/>
      <span end="8682" id="15320950-11743" start="8676">primer</span>
    </annotation>
    <annotation annotator="Mike Bada, University of Colorado School of Medicine" id="SO_2017_06_11_Instance_47987" type="identity">
      <class id="SO_EXT:0000112" label="primer"/>
      <span end="9001" id="15320950-11745" start="8994">Primers</span>
    </annotation>
    <annotation annotator="Mike Bada, University of Colorado School of Medicine" id="SO_2017_06_11_Instance_47989" type="identity">
      <class id="SO_EXT:0000407" label="rRNA_18S"/>
      <span end="9566" id="15320950-11747" start="9558">18S rRNA</span>
    </annotation>
    <annotation annotator="Mike Bada, University of Colorado School of Medicine" id="SO_2017_06_11_Instance_47991" type="identity">
      <class id="SO_EXT:0000407" label="rRNA_18S"/>
      <span end="9624" id="15320950-11749" start="9616">18S rRNA</span>
    </annotation>
    <annotation annotator="Mike Bada, University of Colorado School of Medicine" id="SO_2017_06_11_Instance_26255" type="identity">
      <class id="SO_EXT:0001026" label="genome"/>
      <span end="9669" id="15320950-11718" start="9662">Genomic</span>
    </annotation>
    <annotation annotator="" id="SO_2017_06_11_backup_Instance_11396" type="identity">
      <class id="CHEBI_SO_EXT:mRNA" label="mRNA"/>
      <span end="11814" id="15320950-11338" start="11810">mRNA</span>
    </annotation>
    <annotation annotator="" id="SO_2017_06_11_Instance_179527" type="identity">
      <class id="SO_EXT:normal_or_wild_type_or_present" label="sequence wild-typeness, normalness or presence"/>
      <span end="12102" id="15320950-11624" start="12101">+</span>
    </annotation>
    <annotation annotator="" id="SO_2017_06_11_Instance_179529" type="identity">
      <class id="SO_EXT:normal_or_wild_type_or_present" label="sequence wild-typeness, normalness or presence"/>
      <span end="12104" id="15320950-11626" start="12103">+</span>
    </annotation>
    <annotation annotator="" id="SO_2017_06_11_backup_Instance_11398" type="identity">
      <class id="CHEBI_SO_EXT:peptide_or_peptide_region" label="peptide or peptide region"/>
      <span end="12235" id="15320950-11340" start="12228">peptide</span>
    </annotation>
    <annotation annotator="" id="SO_2017_06_11_Instance_179531" type="identity">
      <class id="SO_EXT:normal_or_wild_type_or_present" label="sequence wild-typeness, normalness or presence"/>
      <span end="13309" id="15320950-11628" start="13308">+</span>
    </annotation>
    <annotation annotator="" id="SO_2017_06_11_Instance_179533" type="identity">
      <class id="SO_EXT:normal_or_wild_type_or_present" label="sequence wild-typeness, normalness or presence"/>
      <span end="13311" id="15320950-11630" start="13310">+</span>
    </annotation>
    <annotation annotator="" id="SO_2017_06_11_Instance_173764" type="identity">
      <class id="SO_EXT:sequence_nullness_or_absence" label="sequence nullness or absence"/>
      <span end="13324" id="15320950-11436" start="13323">-</span>
    </annotation>
    <annotation annotator="" id="SO_2017_06_11_Instance_173766" type="identity">
      <class id="SO_EXT:sequence_nullness_or_absence" label="sequence nullness or absence"/>
      <span end="13326" id="15320950-11438" start="13325">-</span>
    </annotation>
    <annotation annotator="" id="SO_2017_06_11_backup_Instance_16826" type="identity">
      <class id="CHEBI_SO_EXT:molecular_label_or_mark_or_tag_process" label="molecular label/mark/tag process"/>
      <span end="14058" id="15320950-11386" start="14050">labeling</span>
    </annotation>
    <annotation annotator="" id="SO_2017_06_11_backup_Instance_16828" type="identity">
      <class id="CHEBI_SO_EXT:molecular_label_or_mark_or_tag_process" label="molecular label/mark/tag process"/>
      <span end="14169" id="15320950-11388" start="14163">labels</span>
    </annotation>
    <annotation annotator="" id="SO_2017_06_11_backup_Instance_16830" type="identity">
      <class id="CHEBI_SO_EXT:molecular_label_or_mark_or_tag_process" label="molecular label/mark/tag process"/>
      <span end="14254" id="15320950-11390" start="14246">labeling</span>
    </annotation>
    <annotation annotator="" id="SO_2017_06_11_backup_Instance_11400" type="identity">
      <class id="CHEBI_SO_EXT:mRNA" label="mRNA"/>
      <span end="14580" id="15320950-11342" start="14576">mRNA</span>
    </annotation>
    <annotation annotator="" id="SO_2017_06_11_backup_Instance_16832" type="identity">
      <class id="CHEBI_SO_EXT:molecular_label_or_mark_or_tag_process" label="molecular label/mark/tag process"/>
      <span end="14839" id="15320950-11392" start="14831">labeling</span>
    </annotation>
    <annotation annotator="" id="SO_2017_06_11_Instance_179535" type="identity">
      <class id="SO_EXT:normal_or_wild_type_or_present" label="sequence wild-typeness, normalness or presence"/>
      <span end="15309" id="15320950-11632" start="15308">+</span>
    </annotation>
    <annotation annotator="" id="SO_2017_06_11_Instance_179537" type="identity">
      <class id="SO_EXT:normal_or_wild_type_or_present" label="sequence wild-typeness, normalness or presence"/>
      <span end="15311" id="15320950-11634" start="15310">+</span>
    </annotation>
    <annotation annotator="" id="SO_2017_06_11_Instance_173768" type="identity">
      <class id="SO_EXT:sequence_nullness_or_absence" label="sequence nullness or absence"/>
      <span end="15324" id="15320950-11440" start="15323">-</span>
    </annotation>
    <annotation annotator="" id="SO_2017_06_11_Instance_173770" type="identity">
      <class id="SO_EXT:sequence_nullness_or_absence" label="sequence nullness or absence"/>
      <span end="15326" id="15320950-11442" start="15325">-</span>
    </annotation>
    <annotation annotator="" id="SO_2017_06_11_Instance_173772" type="identity">
      <class id="SO_EXT:sequence_nullness_or_absence" label="sequence nullness or absence"/>
      <span end="15379" id="15320950-11444" start="15378">-</span>
    </annotation>
    <annotation annotator="" id="SO_2017_06_11_Instance_173774" type="identity">
      <class id="SO_EXT:sequence_nullness_or_absence" label="sequence nullness or absence"/>
      <span end="15381" id="15320950-11446" start="15380">-</span>
    </annotation>
    <annotation annotator="" id="SO_2017_06_11_Instance_173776" type="identity">
      <class id="SO_EXT:sequence_nullness_or_absence" label="sequence nullness or absence"/>
      <span end="15915" id="15320950-11448" start="15914">-</span>
    </annotation>
    <annotation annotator="" id="SO_2017_06_11_Instance_173778" type="identity">
      <class id="SO_EXT:sequence_nullness_or_absence" label="sequence nullness or absence"/>
      <span end="15917" id="15320950-11450" start="15916">-</span>
    </annotation>
    <annotation annotator="" id="SO_2017_06_11_Instance_173780" type="identity">
      <class id="SO_EXT:sequence_nullness_or_absence" label="sequence nullness or absence"/>
      <span end="16214" id="15320950-11452" start="16213">-</span>
    </annotation>
    <annotation annotator="" id="SO_2017_06_11_Instance_173782" type="identity">
      <class id="SO_EXT:sequence_nullness_or_absence" label="sequence nullness or absence"/>
      <span end="16216" id="15320950-11454" start="16215">-</span>
    </annotation>
    <annotation annotator="" id="SO_2017_06_11_Instance_173784" type="identity">
      <class id="SO_EXT:sequence_nullness_or_absence" label="sequence nullness or absence"/>
      <span end="16360" id="15320950-11456" start="16359">-</span>
    </annotation>
    <annotation annotator="" id="SO_2017_06_11_Instance_173786" type="identity">
      <class id="SO_EXT:sequence_nullness_or_absence" label="sequence nullness or absence"/>
      <span end="16362" id="15320950-11458" start="16361">-</span>
    </annotation>
    <annotation annotator="" id="SO_2017_06_11_Instance_179539" type="identity">
      <class id="SO_EXT:normal_or_wild_type_or_present" label="sequence wild-typeness, normalness or presence"/>
      <span end="16417" id="15320950-11636" start="16416">+</span>
    </annotation>
    <annotation annotator="" id="SO_2017_06_11_Instance_179541" type="identity">
      <class id="SO_EXT:normal_or_wild_type_or_present" label="sequence wild-typeness, normalness or presence"/>
      <span end="16419" id="15320950-11638" start="16418">+</span>
    </annotation>
    <annotation annotator="" id="SO_2017_06_11_Instance_173788" type="identity">
      <class id="SO_EXT:sequence_nullness_or_absence" label="sequence nullness or absence"/>
      <span end="16432" id="15320950-11460" start="16431">-</span>
    </annotation>
    <annotation annotator="" id="SO_2017_06_11_Instance_173790" type="identity">
      <class id="SO_EXT:sequence_nullness_or_absence" label="sequence nullness or absence"/>
      <span end="16434" id="15320950-11462" start="16433">-</span>
    </annotation>
    <annotation annotator="" id="SO_2017_06_11_Instance_179543" type="identity">
      <class id="SO_EXT:normal_or_wild_type_or_present" label="sequence wild-typeness, normalness or presence"/>
      <span end="16515" id="15320950-11640" start="16514">+</span>
    </annotation>
    <annotation annotator="" id="SO_2017_06_11_Instance_179545" type="identity">
      <class id="SO_EXT:normal_or_wild_type_or_present" label="sequence wild-typeness, normalness or presence"/>
      <span end="16517" id="15320950-11642" start="16516">+</span>
    </annotation>
    <annotation annotator="" id="SO_2017_06_11_Instance_173792" type="identity">
      <class id="SO_EXT:sequence_nullness_or_absence" label="sequence nullness or absence"/>
      <span end="16548" id="15320950-11464" start="16547">-</span>
    </annotation>
    <annotation annotator="" id="SO_2017_06_11_Instance_173794" type="identity">
      <class id="SO_EXT:sequence_nullness_or_absence" label="sequence nullness or absence"/>
      <span end="16550" id="15320950-11466" start="16549">-</span>
    </annotation>
    <annotation annotator="" id="SO_2017_06_11_Instance_173796" type="identity">
      <class id="SO_EXT:sequence_nullness_or_absence" label="sequence nullness or absence"/>
      <span end="16653" id="15320950-11468" start="16652">-</span>
    </annotation>
    <annotation annotator="" id="SO_2017_06_11_Instance_173798" type="identity">
      <class id="SO_EXT:sequence_nullness_or_absence" label="sequence nullness or absence"/>
      <span end="16655" id="15320950-11470" start="16654">-</span>
    </annotation>
    <annotation annotator="" id="SO_2017_06_11_Instance_179547" type="identity">
      <class id="SO_EXT:normal_or_wild_type_or_present" label="sequence wild-typeness, normalness or presence"/>
      <span end="16947" id="15320950-11644" start="16946">+</span>
    </annotation>
    <annotation annotator="" id="SO_2017_06_11_Instance_179549" type="identity">
      <class id="SO_EXT:normal_or_wild_type_or_present" label="sequence wild-typeness, normalness or presence"/>
      <span end="16949" id="15320950-11646" start="16948">+</span>
    </annotation>
    <annotation annotator="" id="SO_2017_06_11_Instance_173800" type="identity">
      <class id="SO_EXT:sequence_nullness_or_absence" label="sequence nullness or absence"/>
      <span end="16962" id="15320950-11472" start="16961">-</span>
    </annotation>
    <annotation annotator="" id="SO_2017_06_11_Instance_173802" type="identity">
      <class id="SO_EXT:sequence_nullness_or_absence" label="sequence nullness or absence"/>
      <span end="16964" id="15320950-11474" start="16963">-</span>
    </annotation>
    <annotation annotator="" id="SO_2017_06_11_Instance_179551" type="identity">
      <class id="SO_EXT:normal_or_wild_type_or_present" label="sequence wild-typeness, normalness or presence"/>
      <span end="17199" id="15320950-11648" start="17198">+</span>
    </annotation>
    <annotation annotator="" id="SO_2017_06_11_Instance_179553" type="identity">
      <class id="SO_EXT:normal_or_wild_type_or_present" label="sequence wild-typeness, normalness or presence"/>
      <span end="17201" id="15320950-11650" start="17200">+</span>
    </annotation>
    <annotation annotator="" id="SO_2017_06_11_Instance_173804" type="identity">
      <class id="SO_EXT:sequence_nullness_or_absence" label="sequence nullness or absence"/>
      <span end="17214" id="15320950-11476" start="17213">-</span>
    </annotation>
    <annotation annotator="" id="SO_2017_06_11_Instance_173806" type="identity">
      <class id="SO_EXT:sequence_nullness_or_absence" label="sequence nullness or absence"/>
      <span end="17216" id="15320950-11478" start="17215">-</span>
    </annotation>
    <annotation annotator="" id="SO_2017_06_11_Instance_173808" type="identity">
      <class id="SO_EXT:sequence_nullness_or_absence" label="sequence nullness or absence"/>
      <span end="18123" id="15320950-11480" start="18122">-</span>
    </annotation>
    <annotation annotator="" id="SO_2017_06_11_Instance_173810" type="identity">
      <class id="SO_EXT:sequence_nullness_or_absence" label="sequence nullness or absence"/>
      <span end="18125" id="15320950-11482" start="18124">-</span>
    </annotation>
    <annotation annotator="" id="SO_2017_06_11_Instance_173812" type="identity">
      <class id="SO_EXT:sequence_nullness_or_absence" label="sequence nullness or absence"/>
      <span end="18447" id="15320950-11484" start="18446">-</span>
    </annotation>
    <annotation annotator="" id="SO_2017_06_11_Instance_173814" type="identity">
      <class id="SO_EXT:sequence_nullness_or_absence" label="sequence nullness or absence"/>
      <span end="18449" id="15320950-11486" start="18448">-</span>
    </annotation>
    <annotation annotator="" id="SO_2017_06_11_Instance_173816" type="identity">
      <class id="SO_EXT:sequence_nullness_or_absence" label="sequence nullness or absence"/>
      <span end="18595" id="15320950-11488" start="18594">-</span>
    </annotation>
    <annotation annotator="" id="SO_2017_06_11_Instance_173818" type="identity">
      <class id="SO_EXT:sequence_nullness_or_absence" label="sequence nullness or absence"/>
      <span end="18597" id="15320950-11490" start="18596">-</span>
    </annotation>
    <annotation annotator="" id="SO_2017_06_11_Instance_179555" type="identity">
      <class id="SO_EXT:normal_or_wild_type_or_present" label="sequence wild-typeness, normalness or presence"/>
      <span end="18614" id="15320950-11652" start="18613">+</span>
    </annotation>
    <annotation annotator="" id="SO_2017_06_11_Instance_179557" type="identity">
      <class id="SO_EXT:normal_or_wild_type_or_present" label="sequence wild-typeness, normalness or presence"/>
      <span end="18616" id="15320950-11654" start="18615">+</span>
    </annotation>
    <annotation annotator="" id="SO_2017_06_11_Instance_173820" type="identity">
      <class id="SO_EXT:sequence_nullness_or_absence" label="sequence nullness or absence"/>
      <span end="18718" id="15320950-11492" start="18717">-</span>
    </annotation>
    <annotation annotator="" id="SO_2017_06_11_Instance_173822" type="identity">
      <class id="SO_EXT:sequence_nullness_or_absence" label="sequence nullness or absence"/>
      <span end="18720" id="15320950-11494" start="18719">-</span>
    </annotation>
    <annotation annotator="" id="SO_2017_06_11_backup_Instance_11402" type="identity">
      <class id="CHEBI_SO_EXT:RNA" label="RNA"/>
      <span end="18748" id="15320950-11344" start="18745">RNA</span>
    </annotation>
    <annotation annotator="" id="SO_2017_06_11_Instance_179559" type="identity">
      <class id="SO_EXT:normal_or_wild_type_or_present" label="sequence wild-typeness, normalness or presence"/>
      <span end="18819" id="15320950-11656" start="18818">+</span>
    </annotation>
    <annotation annotator="" id="SO_2017_06_11_Instance_179561" type="identity">
      <class id="SO_EXT:normal_or_wild_type_or_present" label="sequence wild-typeness, normalness or presence"/>
      <span end="18821" id="15320950-11658" start="18820">+</span>
    </annotation>
    <annotation annotator="" id="SO_2017_06_11_Instance_173824" type="identity">
      <class id="SO_EXT:sequence_nullness_or_absence" label="sequence nullness or absence"/>
      <span end="18865" id="15320950-11496" start="18864">-</span>
    </annotation>
    <annotation annotator="" id="SO_2017_06_11_Instance_173826" type="identity">
      <class id="SO_EXT:sequence_nullness_or_absence" label="sequence nullness or absence"/>
      <span end="18867" id="15320950-11498" start="18866">-</span>
    </annotation>
    <annotation annotator="Mike Bada, University of Colorado School of Medicine" id="SO_2017_06_11_Instance_47997" type="identity">
      <class id="SO_EXT:0000407" label="rRNA_18S"/>
      <span end="18940" id="15320950-11751" start="18932">18S rRNA</span>
    </annotation>
    <annotation annotator="" id="SO_2017_06_11_backup_Instance_11406" type="identity">
      <class id="CHEBI_SO_EXT:mRNA" label="mRNA"/>
      <span end="18986" id="15320950-11346" start="18982">mRNA</span>
    </annotation>
    <annotation annotator="Mike Bada, University of Colorado School of Medicine" id="SO_2017_06_11_Instance_48001" type="identity">
      <class id="SO_EXT:0000407" label="rRNA_18S"/>
      <span end="19138" id="15320950-11753" start="19130">18S rRNA</span>
    </annotation>
    <annotation annotator="" id="SO_2017_06_11_backup_Instance_11410" type="identity">
      <class id="CHEBI_SO_EXT:rRNA" label="rRNA"/>
      <span end="19158" id="15320950-11348" start="19154">rRNA</span>
    </annotation>
    <annotation annotator="" id="SO_2017_06_11_Instance_173828" type="identity">
      <class id="SO_EXT:sequence_nullness_or_absence" label="sequence nullness or absence"/>
      <span end="19275" id="15320950-11500" start="19274">-</span>
    </annotation>
    <annotation annotator="" id="SO_2017_06_11_Instance_173830" type="identity">
      <class id="SO_EXT:sequence_nullness_or_absence" label="sequence nullness or absence"/>
      <span end="19277" id="15320950-11502" start="19276">-</span>
    </annotation>
    <annotation annotator="" id="SO_2017_06_11_backup_Instance_11412" type="identity">
      <class id="CHEBI_SO_EXT:rRNA" label="rRNA"/>
      <span end="19292" id="15320950-11350" start="19288">rRNA</span>
    </annotation>
    <annotation annotator="" id="SO_2017_06_11_Instance_179563" type="identity">
      <class id="SO_EXT:normal_or_wild_type_or_present" label="sequence wild-typeness, normalness or presence"/>
      <span end="19382" id="15320950-11660" start="19381">+</span>
    </annotation>
    <annotation annotator="" id="SO_2017_06_11_Instance_179565" type="identity">
      <class id="SO_EXT:normal_or_wild_type_or_present" label="sequence wild-typeness, normalness or presence"/>
      <span end="19384" id="15320950-11662" start="19383">+</span>
    </annotation>
    <annotation annotator="" id="SO_2017_06_11_backup_Instance_11414" type="identity">
      <class id="CHEBI_SO_EXT:rRNA" label="rRNA"/>
      <span end="19399" id="15320950-11352" start="19395">rRNA</span>
    </annotation>
    <annotation annotator="" id="SO_2017_06_11_backup_Instance_11416" type="identity">
      <class id="CHEBI_SO_EXT:mRNA" label="mRNA"/>
      <span end="19496" id="15320950-11354" start="19492">mRNA</span>
    </annotation>
    <annotation annotator="" id="SO_2017_06_11_Instance_173832" type="identity">
      <class id="SO_EXT:sequence_nullness_or_absence" label="sequence nullness or absence"/>
      <span end="19564" id="15320950-11504" start="19563">-</span>
    </annotation>
    <annotation annotator="" id="SO_2017_06_11_Instance_173834" type="identity">
      <class id="SO_EXT:sequence_nullness_or_absence" label="sequence nullness or absence"/>
      <span end="19566" id="15320950-11506" start="19565">-</span>
    </annotation>
    <annotation annotator="" id="SO_2017_06_11_Instance_173836" type="identity">
      <class id="SO_EXT:sequence_nullness_or_absence" label="sequence nullness or absence"/>
      <span end="19613" id="15320950-11508" start="19612">-</span>
    </annotation>
    <annotation annotator="" id="SO_2017_06_11_Instance_173838" type="identity">
      <class id="SO_EXT:sequence_nullness_or_absence" label="sequence nullness or absence"/>
      <span end="19615" id="15320950-11510" start="19614">-</span>
    </annotation>
    <annotation annotator="" id="SO_2017_06_11_backup_Instance_11418" type="identity">
      <class id="CHEBI_SO_EXT:mRNA" label="mRNA"/>
      <span end="19670" id="15320950-11356" start="19666">mRNA</span>
    </annotation>
    <annotation annotator="" id="SO_2017_06_11_backup_Instance_11420" type="identity">
      <class id="CHEBI_SO_EXT:mRNA" label="mRNA"/>
      <span end="20030" id="15320950-11358" start="20026">mRNA</span>
    </annotation>
    <annotation annotator="" id="SO_2017_06_11_backup_Instance_11422" type="identity">
      <class id="CHEBI_SO_EXT:mRNA" label="mRNA"/>
      <span end="20133" id="15320950-11360" start="20129">mRNA</span>
    </annotation>
    <annotation annotator="" id="SO_2017_06_11_backup_Instance_11424" type="identity">
      <class id="CHEBI_SO_EXT:mRNA" label="mRNA"/>
      <span end="20452" id="15320950-11362" start="20448">mRNA</span>
    </annotation>
    <annotation annotator="" id="SO_2017_06_11_Instance_179567" type="identity">
      <class id="SO_EXT:normal_or_wild_type_or_present" label="sequence wild-typeness, normalness or presence"/>
      <span end="20514" id="15320950-11664" start="20513">+</span>
    </annotation>
    <annotation annotator="" id="SO_2017_06_11_Instance_179569" type="identity">
      <class id="SO_EXT:normal_or_wild_type_or_present" label="sequence wild-typeness, normalness or presence"/>
      <span end="20516" id="15320950-11666" start="20515">+</span>
    </annotation>
    <annotation annotator="" id="SO_2017_06_11_Instance_173840" type="identity">
      <class id="SO_EXT:sequence_nullness_or_absence" label="sequence nullness or absence"/>
      <span end="20529" id="15320950-11512" start="20528">-</span>
    </annotation>
    <annotation annotator="" id="SO_2017_06_11_Instance_173842" type="identity">
      <class id="SO_EXT:sequence_nullness_or_absence" label="sequence nullness or absence"/>
      <span end="20531" id="15320950-11514" start="20530">-</span>
    </annotation>
    <annotation annotator="" id="SO_2017_06_11_backup_Instance_11426" type="identity">
      <class id="CHEBI_SO_EXT:RNA" label="RNA"/>
      <span end="20570" id="15320950-11364" start="20567">RNA</span>
    </annotation>
    <annotation annotator="" id="SO_2017_06_11_backup_Instance_11428" type="identity">
      <class id="CHEBI_SO_EXT:RNA" label="RNA"/>
      <span end="20656" id="15320950-11366" start="20653">RNA</span>
    </annotation>
    <annotation annotator="Mike Bada, University of Colorado School of Medicine" id="SO_2017_06_11_Instance_48019" type="identity">
      <class id="SO_EXT:0000407" label="rRNA_18S"/>
      <span end="20729" id="15320950-11755" start="20721">18S rRNA</span>
    </annotation>
    <annotation annotator="Mike Bada, University of Colorado School of Medicine" id="SO_2017_06_11_Instance_29453" type="identity">
      <class id="SO_EXT:0000407" label="rRNA_18S"/>
      <span end="20771" id="15320950-11720" start="20768">18S</span>
    </annotation>
    <annotation annotator="Mike Bada, University of Colorado School of Medicine" id="SO_2017_06_11_Instance_29455" type="identity">
      <class id="SO_EXT:0000407" label="rRNA_18S"/>
      <span end="20806" id="15320950-11722" start="20803">18S</span>
      <span end="20819" id="15320950-11723" start="20815">rRNA</span>
    </annotation>
    <annotation annotator="Mike Bada, University of Colorado School of Medicine" id="SO_2017_06_11_Instance_48021" type="identity">
      <class id="SO_EXT:0000653" label="rRNA_28S"/>
      <span end="20819" id="15320950-11757" start="20811">28S rRNA</span>
    </annotation>
    <annotation annotator="" id="SO_2017_06_11_backup_Instance_11434" type="identity">
      <class id="CHEBI_SO_EXT:RNA" label="RNA"/>
      <span end="20855" id="15320950-11368" start="20852">RNA</span>
    </annotation>
    <annotation annotator="" id="SO_2017_06_11_Instance_211955" type="identity">
      <class id="SO_EXT:genotype_or_entity_with_genotype" label="genotype or entity with genotype"/>
      <span end="20873" id="15320950-11714" start="20865">Genotype</span>
    </annotation>
    <annotation annotator="" id="SO_2017_06_11_Instance_173844" type="identity">
      <class id="SO_EXT:sequence_nullness_or_absence" label="sequence nullness or absence"/>
      <span end="20885" id="15320950-11516" start="20884">-</span>
    </annotation>
    <annotation annotator="" id="SO_2017_06_11_Instance_173846" type="identity">
      <class id="SO_EXT:sequence_nullness_or_absence" label="sequence nullness or absence"/>
      <span end="20887" id="15320950-11518" start="20886">-</span>
    </annotation>
    <annotation annotator="Mike Bada, University of Colorado School of Medicine" id="SO_2017_06_11_Instance_48025" type="identity">
      <class id="SO_EXT:0000407" label="rRNA_18S"/>
      <span end="21187" id="15320950-11759" start="21179">18S rRNA</span>
    </annotation>
    <annotation annotator="" id="SO_2017_06_11_backup_Instance_11438" type="identity">
      <class id="CHEBI_SO_EXT:mRNA" label="mRNA"/>
      <span end="21310" id="15320950-11370" start="21306">mRNA</span>
    </annotation>
    <annotation annotator="" id="SO_2017_06_11_Instance_179571" type="identity">
      <class id="SO_EXT:normal_or_wild_type_or_present" label="sequence wild-typeness, normalness or presence"/>
      <span end="21328" id="15320950-11668" start="21327">+</span>
    </annotation>
    <annotation annotator="" id="SO_2017_06_11_Instance_179573" type="identity">
      <class id="SO_EXT:normal_or_wild_type_or_present" label="sequence wild-typeness, normalness or presence"/>
      <span end="21330" id="15320950-11670" start="21329">+</span>
    </annotation>
    <annotation annotator="" id="SO_2017_06_11_Instance_173848" type="identity">
      <class id="SO_EXT:sequence_nullness_or_absence" label="sequence nullness or absence"/>
      <span end="21357" id="15320950-11520" start="21356">-</span>
    </annotation>
    <annotation annotator="" id="SO_2017_06_11_Instance_173850" type="identity">
      <class id="SO_EXT:sequence_nullness_or_absence" label="sequence nullness or absence"/>
      <span end="21359" id="15320950-11522" start="21358">-</span>
    </annotation>
    <annotation annotator="" id="SO_2017_06_11_backup_Instance_11440" type="identity">
      <class id="CHEBI_SO_EXT:mRNA" label="mRNA"/>
      <span end="21394" id="15320950-11372" start="21390">mRNA</span>
    </annotation>
    <annotation annotator="" id="SO_2017_06_11_Instance_173852" type="identity">
      <class id="SO_EXT:sequence_nullness_or_absence" label="sequence nullness or absence"/>
      <span end="21426" id="15320950-11524" start="21425">-</span>
    </annotation>
    <annotation annotator="" id="SO_2017_06_11_Instance_173854" type="identity">
      <class id="SO_EXT:sequence_nullness_or_absence" label="sequence nullness or absence"/>
      <span end="21428" id="15320950-11526" start="21427">-</span>
    </annotation>
    <annotation annotator="" id="SO_2017_06_11_Instance_173856" type="identity">
      <class id="SO_EXT:sequence_nullness_or_absence" label="sequence nullness or absence"/>
      <span end="21555" id="15320950-11528" start="21554">-</span>
    </annotation>
    <annotation annotator="" id="SO_2017_06_11_Instance_173858" type="identity">
      <class id="SO_EXT:sequence_nullness_or_absence" label="sequence nullness or absence"/>
      <span end="21557" id="15320950-11530" start="21556">-</span>
    </annotation>
    <annotation annotator="" id="SO_2017_06_11_Instance_179575" type="identity">
      <class id="SO_EXT:normal_or_wild_type_or_present" label="sequence wild-typeness, normalness or presence"/>
      <span end="21909" id="15320950-11672" start="21908">+</span>
    </annotation>
    <annotation annotator="" id="SO_2017_06_11_Instance_179577" type="identity">
      <class id="SO_EXT:normal_or_wild_type_or_present" label="sequence wild-typeness, normalness or presence"/>
      <span end="21911" id="15320950-11674" start="21910">+</span>
    </annotation>
    <annotation annotator="" id="SO_2017_06_11_Instance_173860" type="identity">
      <class id="SO_EXT:sequence_nullness_or_absence" label="sequence nullness or absence"/>
      <span end="21924" id="15320950-11532" start="21923">-</span>
    </annotation>
    <annotation annotator="" id="SO_2017_06_11_Instance_173862" type="identity">
      <class id="SO_EXT:sequence_nullness_or_absence" label="sequence nullness or absence"/>
      <span end="21926" id="15320950-11534" start="21925">-</span>
    </annotation>
    <annotation annotator="" id="SO_2017_06_11_Instance_173864" type="identity">
      <class id="SO_EXT:sequence_nullness_or_absence" label="sequence nullness or absence"/>
      <span end="22182" id="15320950-11536" start="22181">-</span>
    </annotation>
    <annotation annotator="" id="SO_2017_06_11_Instance_173866" type="identity">
      <class id="SO_EXT:sequence_nullness_or_absence" label="sequence nullness or absence"/>
      <span end="22184" id="15320950-11538" start="22183">-</span>
    </annotation>
    <annotation annotator="Mike Bada, University of Colorado School of Medicine" id="SO_2017_06_11_Instance_48031" type="identity">
      <class id="SO_EXT:0000407" label="rRNA_18S"/>
      <span end="22698" id="15320950-11761" start="22690">18S rRNA</span>
    </annotation>
    <annotation annotator="" id="SO_2017_06_11_Instance_173868" type="identity">
      <class id="SO_EXT:sequence_nullness_or_absence" label="sequence nullness or absence"/>
      <span end="23007" id="15320950-11540" start="23006">-</span>
    </annotation>
    <annotation annotator="" id="SO_2017_06_11_Instance_173870" type="identity">
      <class id="SO_EXT:sequence_nullness_or_absence" label="sequence nullness or absence"/>
      <span end="23009" id="15320950-11542" start="23008">-</span>
    </annotation>
    <annotation annotator="Mike Bada, University of Colorado School of Medicine" id="SO_2017_06_11_Instance_48033" type="identity">
      <class id="SO_EXT:0000407" label="rRNA_18S"/>
      <span end="23230" id="15320950-11763" start="23222">18S rRNA</span>
    </annotation>
    <annotation annotator="" id="SO_2017_06_11_Instance_179579" type="identity">
      <class id="SO_EXT:normal_or_wild_type_or_present" label="sequence wild-typeness, normalness or presence"/>
      <span end="23656" id="15320950-11676" start="23655">+</span>
    </annotation>
    <annotation annotator="" id="SO_2017_06_11_Instance_179581" type="identity">
      <class id="SO_EXT:normal_or_wild_type_or_present" label="sequence wild-typeness, normalness or presence"/>
      <span end="23658" id="15320950-11678" start="23657">+</span>
    </annotation>
    <annotation annotator="" id="SO_2017_06_11_Instance_173872" type="identity">
      <class id="SO_EXT:sequence_nullness_or_absence" label="sequence nullness or absence"/>
      <span end="23671" id="15320950-11544" start="23670">-</span>
    </annotation>
    <annotation annotator="" id="SO_2017_06_11_Instance_173874" type="identity">
      <class id="SO_EXT:sequence_nullness_or_absence" label="sequence nullness or absence"/>
      <span end="23673" id="15320950-11546" start="23672">-</span>
    </annotation>
    <annotation annotator="" id="SO_2017_06_11_Instance_173876" type="identity">
      <class id="SO_EXT:sequence_nullness_or_absence" label="sequence nullness or absence"/>
      <span end="24619" id="15320950-11548" start="24618">-</span>
    </annotation>
    <annotation annotator="" id="SO_2017_06_11_Instance_173878" type="identity">
      <class id="SO_EXT:sequence_nullness_or_absence" label="sequence nullness or absence"/>
      <span end="24621" id="15320950-11550" start="24620">-</span>
    </annotation>
    <annotation annotator="" id="SO_2017_06_11_Instance_179583" type="identity">
      <class id="SO_EXT:normal_or_wild_type_or_present" label="sequence wild-typeness, normalness or presence"/>
      <span end="25610" id="15320950-11680" start="25609">+</span>
    </annotation>
    <annotation annotator="" id="SO_2017_06_11_Instance_179585" type="identity">
      <class id="SO_EXT:normal_or_wild_type_or_present" label="sequence wild-typeness, normalness or presence"/>
      <span end="25612" id="15320950-11682" start="25611">+</span>
    </annotation>
    <annotation annotator="" id="SO_2017_06_11_Instance_173880" type="identity">
      <class id="SO_EXT:sequence_nullness_or_absence" label="sequence nullness or absence"/>
      <span end="25625" id="15320950-11552" start="25624">-</span>
    </annotation>
    <annotation annotator="" id="SO_2017_06_11_Instance_173882" type="identity">
      <class id="SO_EXT:sequence_nullness_or_absence" label="sequence nullness or absence"/>
      <span end="25627" id="15320950-11554" start="25626">-</span>
    </annotation>
    <annotation annotator="" id="SO_2017_06_11_Instance_179587" type="identity">
      <class id="SO_EXT:normal_or_wild_type_or_present" label="sequence wild-typeness, normalness or presence"/>
      <span end="25857" id="15320950-11684" start="25856">+</span>
    </annotation>
    <annotation annotator="" id="SO_2017_06_11_Instance_179589" type="identity">
      <class id="SO_EXT:normal_or_wild_type_or_present" label="sequence wild-typeness, normalness or presence"/>
      <span end="25859" id="15320950-11686" start="25858">+</span>
    </annotation>
    <annotation annotator="" id="SO_2017_06_11_Instance_179591" type="identity">
      <class id="SO_EXT:normal_or_wild_type_or_present" label="sequence wild-typeness, normalness or presence"/>
      <span end="25898" id="15320950-11688" start="25897">+</span>
    </annotation>
    <annotation annotator="" id="SO_2017_06_11_Instance_179593" type="identity">
      <class id="SO_EXT:normal_or_wild_type_or_present" label="sequence wild-typeness, normalness or presence"/>
      <span end="25900" id="15320950-11690" start="25899">+</span>
    </annotation>
    <annotation annotator="" id="SO_2017_06_11_Instance_173884" type="identity">
      <class id="SO_EXT:sequence_nullness_or_absence" label="sequence nullness or absence"/>
      <span end="25993" id="15320950-11556" start="25992">-</span>
    </annotation>
    <annotation annotator="" id="SO_2017_06_11_Instance_173886" type="identity">
      <class id="SO_EXT:sequence_nullness_or_absence" label="sequence nullness or absence"/>
      <span end="25995" id="15320950-11558" start="25994">-</span>
    </annotation>
    <annotation annotator="" id="SO_2017_06_11_Instance_173888" type="identity">
      <class id="SO_EXT:sequence_nullness_or_absence" label="sequence nullness or absence"/>
      <span end="26902" id="15320950-11560" start="26901">-</span>
    </annotation>
    <annotation annotator="" id="SO_2017_06_11_Instance_173890" type="identity">
      <class id="SO_EXT:sequence_nullness_or_absence" label="sequence nullness or absence"/>
      <span end="26904" id="15320950-11562" start="26903">-</span>
    </annotation>
    <annotation annotator="" id="SO_2017_06_11_Instance_173892" type="identity">
      <class id="SO_EXT:sequence_nullness_or_absence" label="sequence nullness or absence"/>
      <span end="27293" id="15320950-11564" start="27292">-</span>
    </annotation>
    <annotation annotator="" id="SO_2017_06_11_Instance_173894" type="identity">
      <class id="SO_EXT:sequence_nullness_or_absence" label="sequence nullness or absence"/>
      <span end="27295" id="15320950-11566" start="27294">-</span>
    </annotation>
    <annotation annotator="" id="SO_2017_06_11_Instance_173896" type="identity">
      <class id="SO_EXT:sequence_nullness_or_absence" label="sequence nullness or absence"/>
      <span end="27592" id="15320950-11568" start="27591">-</span>
    </annotation>
    <annotation annotator="" id="SO_2017_06_11_Instance_173898" type="identity">
      <class id="SO_EXT:sequence_nullness_or_absence" label="sequence nullness or absence"/>
      <span end="27594" id="15320950-11570" start="27593">-</span>
    </annotation>
    <annotation annotator="" id="SO_2017_06_11_Instance_179595" type="identity">
      <class id="SO_EXT:normal_or_wild_type_or_present" label="sequence wild-typeness, normalness or presence"/>
      <span end="27828" id="15320950-11692" start="27827">+</span>
    </annotation>
    <annotation annotator="" id="SO_2017_06_11_Instance_179597" type="identity">
      <class id="SO_EXT:normal_or_wild_type_or_present" label="sequence wild-typeness, normalness or presence"/>
      <span end="27830" id="15320950-11694" start="27829">+</span>
    </annotation>
    <annotation annotator="" id="SO_2017_06_11_Instance_173900" type="identity">
      <class id="SO_EXT:sequence_nullness_or_absence" label="sequence nullness or absence"/>
      <span end="28018" id="15320950-11572" start="28017">-</span>
    </annotation>
    <annotation annotator="" id="SO_2017_06_11_Instance_173902" type="identity">
      <class id="SO_EXT:sequence_nullness_or_absence" label="sequence nullness or absence"/>
      <span end="28020" id="15320950-11574" start="28019">-</span>
    </annotation>
    <annotation annotator="" id="SO_2017_06_11_Instance_179599" type="identity">
      <class id="SO_EXT:normal_or_wild_type_or_present" label="sequence wild-typeness, normalness or presence"/>
      <span end="28556" id="15320950-11696" start="28555">+</span>
    </annotation>
    <annotation annotator="" id="SO_2017_06_11_Instance_179601" type="identity">
      <class id="SO_EXT:normal_or_wild_type_or_present" label="sequence wild-typeness, normalness or presence"/>
      <span end="28558" id="15320950-11698" start="28557">+</span>
    </annotation>
    <annotation annotator="" id="SO_2017_06_11_Instance_173904" type="identity">
      <class id="SO_EXT:sequence_nullness_or_absence" label="sequence nullness or absence"/>
      <span end="28571" id="15320950-11576" start="28570">-</span>
    </annotation>
    <annotation annotator="" id="SO_2017_06_11_Instance_173906" type="identity">
      <class id="SO_EXT:sequence_nullness_or_absence" label="sequence nullness or absence"/>
      <span end="28573" id="15320950-11578" start="28572">-</span>
    </annotation>
    <annotation annotator="" id="SO_2017_06_11_Instance_173908" type="identity">
      <class id="SO_EXT:sequence_nullness_or_absence" label="sequence nullness or absence"/>
      <span end="28654" id="15320950-11580" start="28653">-</span>
    </annotation>
    <annotation annotator="" id="SO_2017_06_11_Instance_173910" type="identity">
      <class id="SO_EXT:sequence_nullness_or_absence" label="sequence nullness or absence"/>
      <span end="28656" id="15320950-11582" start="28655">-</span>
    </annotation>
    <annotation annotator="" id="SO_2017_06_11_Instance_179603" type="identity">
      <class id="SO_EXT:normal_or_wild_type_or_present" label="sequence wild-typeness, normalness or presence"/>
      <span end="29051" id="15320950-11700" start="29050">+</span>
    </annotation>
    <annotation annotator="" id="SO_2017_06_11_Instance_179605" type="identity">
      <class id="SO_EXT:normal_or_wild_type_or_present" label="sequence wild-typeness, normalness or presence"/>
      <span end="29053" id="15320950-11702" start="29052">+</span>
    </annotation>
    <annotation annotator="" id="SO_2017_06_11_Instance_173912" type="identity">
      <class id="SO_EXT:sequence_nullness_or_absence" label="sequence nullness or absence"/>
      <span end="29066" id="15320950-11584" start="29065">-</span>
    </annotation>
    <annotation annotator="" id="SO_2017_06_11_Instance_173914" type="identity">
      <class id="SO_EXT:sequence_nullness_or_absence" label="sequence nullness or absence"/>
      <span end="29068" id="15320950-11586" start="29067">-</span>
    </annotation>
    <annotation annotator="" id="SO_2017_06_11_Instance_173916" type="identity">
      <class id="SO_EXT:sequence_nullness_or_absence" label="sequence nullness or absence"/>
      <span end="29241" id="15320950-11588" start="29240">-</span>
    </annotation>
    <annotation annotator="" id="SO_2017_06_11_Instance_173918" type="identity">
      <class id="SO_EXT:sequence_nullness_or_absence" label="sequence nullness or absence"/>
      <span end="29243" id="15320950-11590" start="29242">-</span>
    </annotation>
    <annotation annotator="" id="SO_2017_06_11_backup_Instance_11446" type="identity">
      <class id="CHEBI_SO_EXT:mRNA" label="mRNA"/>
      <span end="29293" id="15320950-11374" start="29289">mRNA</span>
    </annotation>
    <annotation annotator="" id="SO_2017_06_11_Instance_179607" type="identity">
      <class id="SO_EXT:normal_or_wild_type_or_present" label="sequence wild-typeness, normalness or presence"/>
      <span end="29632" id="15320950-11704" start="29631">+</span>
    </annotation>
    <annotation annotator="" id="SO_2017_06_11_Instance_179609" type="identity">
      <class id="SO_EXT:normal_or_wild_type_or_present" label="sequence wild-typeness, normalness or presence"/>
      <span end="29634" id="15320950-11706" start="29633">+</span>
    </annotation>
    <annotation annotator="" id="SO_2017_06_11_Instance_173920" type="identity">
      <class id="SO_EXT:sequence_nullness_or_absence" label="sequence nullness or absence"/>
      <span end="29647" id="15320950-11592" start="29646">-</span>
    </annotation>
    <annotation annotator="" id="SO_2017_06_11_Instance_173922" type="identity">
      <class id="SO_EXT:sequence_nullness_or_absence" label="sequence nullness or absence"/>
      <span end="29649" id="15320950-11594" start="29648">-</span>
    </annotation>
    <annotation annotator="" id="SO_2017_06_11_Instance_173924" type="identity">
      <class id="SO_EXT:sequence_nullness_or_absence" label="sequence nullness or absence"/>
      <span end="29989" id="15320950-11596" start="29988">-</span>
    </annotation>
    <annotation annotator="" id="SO_2017_06_11_Instance_173926" type="identity">
      <class id="SO_EXT:sequence_nullness_or_absence" label="sequence nullness or absence"/>
      <span end="29991" id="15320950-11598" start="29990">-</span>
    </annotation>
    <annotation annotator="" id="SO_2017_06_11_backup_Instance_11448" type="identity">
      <class id="CHEBI_SO_EXT:cysteine" label="cysteine"/>
      <span end="30831" id="15320950-11376" start="30823">cysteine</span>
    </annotation>
    <annotation annotator="" id="SO_2017_06_11_Instance_173928" type="identity">
      <class id="SO_EXT:sequence_nullness_or_absence" label="sequence nullness or absence"/>
      <span end="31674" id="15320950-11600" start="31673">-</span>
    </annotation>
    <annotation annotator="" id="SO_2017_06_11_Instance_173930" type="identity">
      <class id="SO_EXT:sequence_nullness_or_absence" label="sequence nullness or absence"/>
      <span end="31676" id="15320950-11602" start="31675">-</span>
    </annotation>
    <annotation annotator="" id="SO_2017_06_11_backup_Instance_11450" type="identity">
      <class id="CHEBI_SO_EXT:cysteine" label="cysteine"/>
      <span end="31829" id="15320950-11378" start="31826">Cys</span>
    </annotation>
    <annotation annotator="" id="SO_2017_06_11_backup_Instance_11452" type="identity">
      <class id="CHEBI_SO_EXT:cysteine" label="cysteine"/>
      <span end="31839" id="15320950-11380" start="31831">cysteine</span>
    </annotation>
    <annotation annotator="" id="SO_2017_06_11_Instance_212560" type="identity">
      <class id="CHEBI_SO_EXT:glutamate_or_glutamic_acid" label="glutamate or glutamic acid"/>
      <span end="31844" id="15320950-11716" start="31841">Glu</span>
    </annotation>
    <annotation annotator="" id="SO_2017_06_11_backup_Instance_11454" type="identity">
      <class id="CHEBI_SO_EXT:glycine" label="glycine"/>
      <span end="31860" id="15320950-11382" start="31857">Gly</span>
    </annotation>
    <annotation annotator="" id="SO_2017_06_11_backup_Instance_11456" type="identity">
      <class id="CHEBI_SO_EXT:glycine" label="glycine"/>
      <span end="31869" id="15320950-11384" start="31862">glycine</span>
    </annotation>
    <graph-space id="Old Knowtator Relations"/>
  </document>
</knowtator-project>
