<?xml version="1.0" encoding="UTF-8" standalone="no"?>
<knowtator-project>
    <document id="15550985" text-file="15550985.txt">
        <annotation annotator="" id="SO_2017_06_11_Instance_221289" type="identity">
            <class id="SO_EXT:sequence_deletion_entity_or_process" label="sequence deletion entity or process"/>
            <span end="153" id="15550985-14144" start="145">Deletion</span>
        </annotation>
        <annotation annotator="Mike Bada, University of Colorado School of Medicine" id="SO_2017_06_11_Instance_48877" type="identity">
            <class id="SO_EXT:0000704" label="gene"/>
            <span end="178" id="15550985-14202" start="174">gene</span>
        </annotation>
        <annotation annotator="" id="SO_2017_06_11_Instance_172139" type="identity">
            <class id="SO_EXT:sequence_rescue_process" label="sequence rescue process"/>
            <span end="212" id="15550985-14058" start="205">rescues</span>
        </annotation>
        <annotation annotator="" id="SO_2017_06_11_backup_Instance_11712" type="identity">
            <class id="CHEBI_SO_EXT:tyrosine" label="tyrosine"/>
            <span end="1126" id="15550985-13962" start="1118">tyrosine</span>
        </annotation>
        <annotation annotator="" id="SO_2017_06_11_Instance_172141" type="identity">
            <class id="SO_EXT:sequence_rescue_process" label="sequence rescue process"/>
            <span end="2454" id="15550985-14060" start="2447">Rescued</span>
        </annotation>
        <annotation annotator="Mike Bada, University of Colorado School of Medicine" id="SO_2017_06_11_Instance_48879" type="identity">
            <class id="SO_EXT:0000704" label="gene"/>
            <span end="2879" id="15550985-14204" start="2874">genes</span>
        </annotation>
        <annotation annotator="Mike Bada, University of Colorado School of Medicine" id="SO_2017_06_11_Instance_48881" type="identity">
            <class id="SO_EXT:wild_type_entity_or_quality" label="wild-typeness or wild-type entity"/>
            <span end="3345" id="15550985-14206" start="3336">wild-type</span>
        </annotation>
        <annotation annotator="Mike Bada, University of Colorado School of Medicine" id="SO_2017_06_11_Instance_26985" type="identity">
            <class id="SO_EXT:wild_type_entity_or_quality" label="wild-typeness or wild-type entity"/>
            <span end="3349" id="15550985-14154" start="3347">WT</span>
        </annotation>
        <annotation annotator="" id="SO_2017_06_11_Instance_179711" type="identity">
            <class id="SO_EXT:normal_or_wild_type_or_present" label="sequence wild-typeness, normalness or presence"/>
            <span end="3470" id="15550985-14076" start="3469">+</span>
        </annotation>
        <annotation annotator="" id="SO_2017_06_11_Instance_179713" type="identity">
            <class id="SO_EXT:normal_or_wild_type_or_present" label="sequence wild-typeness, normalness or presence"/>
            <span end="3472" id="15550985-14078" start="3471">+</span>
        </annotation>
        <annotation annotator="Mike Bada, University of Colorado School of Medicine" id="SO_2017_06_11_Instance_27037" type="identity">
            <class id="SO_EXT:0000704" label="gene"/>
            <span end="3480" id="15550985-14198" start="3473">genetic</span>
        </annotation>
        <annotation annotator="" id="SO_2017_06_11_Instance_211999" type="identity">
            <class id="SO_EXT:genotype_or_entity_with_genotype" label="genotype or entity with genotype"/>
            <span end="3562" id="15550985-14084" start="3554">genotype</span>
        </annotation>
        <annotation annotator="" id="SO_2017_06_11_Instance_212001" type="identity">
            <class id="SO_EXT:genotype_or_entity_with_genotype" label="genotype or entity with genotype"/>
            <span end="3728" id="15550985-14086" start="3719">genotypes</span>
        </annotation>
        <annotation annotator="" id="SO_2017_06_11_Instance_220291" type="identity">
            <class id="SO_EXT:sequence_nullness" label="sequence nullness"/>
            <span end="3771" id="15550985-14102" start="3767">null</span>
        </annotation>
        <annotation annotator="" id="SO_2017_06_11_Instance_220293" type="identity">
            <class id="SO_EXT:sequence_nullness" label="sequence nullness"/>
            <span end="3826" id="15550985-14104" start="3822">null</span>
        </annotation>
        <annotation annotator="" id="SO_2017_06_11_Instance_220295" type="identity">
            <class id="SO_EXT:sequence_nullness" label="sequence nullness"/>
            <span end="3867" id="15550985-14106" start="3863">null</span>
        </annotation>
        <annotation annotator="" id="SO_2017_06_11_Instance_172143" type="identity">
            <class id="SO_EXT:sequence_rescue_process" label="sequence rescue process"/>
            <span end="3915" id="15550985-14062" start="3908">rescued</span>
        </annotation>
        <annotation annotator="" id="SO_2017_06_11_Instance_221291" type="identity">
            <class id="SO_EXT:sequence_deletion_entity_or_process" label="sequence deletion entity or process"/>
            <span end="3931" id="15550985-14146" start="3923">deletion</span>
        </annotation>
        <annotation annotator="" id="SO_2017_06_11_backup_Instance_11714" type="identity">
            <class id="CHEBI_SO_EXT:molecular_indicator_or_label_or_marker_or_tag" label="molecular indicator/label/marker/tag"/>
            <span end="4053" id="15550985-13964" start="4047">marker</span>
        </annotation>
        <annotation annotator="Mike Bada, University of Colorado School of Medicine" id="SO_2017_06_11_Instance_26987" type="identity">
            <class id="SO_EXT:wild_type_entity_or_quality" label="wild-typeness or wild-type entity"/>
            <span end="4418" id="15550985-14156" start="4416">WT</span>
        </annotation>
        <annotation annotator="Mike Bada, University of Colorado School of Medicine" id="SO_2017_06_11_Instance_21661" type="identity">
            <class id="SO_EXT:wild_type_entity_or_quality" label="wild-typeness or wild-type entity"/>
            <span end="4720" id="15550985-14098" start="4718">WT</span>
        </annotation>
        <annotation annotator="Mike Bada, University of Colorado School of Medicine" id="SO_2017_06_11_Instance_26989" type="identity">
            <class id="SO_EXT:wild_type_entity_or_quality" label="wild-typeness or wild-type entity"/>
            <span end="4957" id="15550985-14158" start="4955">WT</span>
        </annotation>
        <annotation annotator="" id="SO_2017_06_11_backup_Instance_16860" type="identity">
            <class id="CHEBI_SO_EXT:molecular_label_or_mark_or_tag_process" label="molecular label/mark/tag process"/>
            <span end="5224" id="15550985-13982" start="5216">labeling</span>
        </annotation>
        <annotation annotator="Mike Bada, University of Colorado School of Medicine" id="SO_2017_06_11_Instance_26991" type="identity">
            <class id="SO_EXT:wild_type_entity_or_quality" label="wild-typeness or wild-type entity"/>
            <span end="5511" id="15550985-14160" start="5509">WT</span>
        </annotation>
        <annotation annotator="" id="SO_2017_06_11_backup_Instance_16862" type="identity">
            <class id="CHEBI_SO_EXT:molecular_label_or_mark_or_tag_process" label="molecular label/mark/tag process"/>
            <span end="5918" id="15550985-13984" start="5910">labeling</span>
        </annotation>
        <annotation annotator="" id="SO_2017_06_11_Instance_212003" type="identity">
            <class id="SO_EXT:genotype_or_entity_with_genotype" label="genotype or entity with genotype"/>
            <span end="6048" id="15550985-14088" start="6039">genotypes</span>
        </annotation>
        <annotation annotator="" id="SO_2017_06_11_backup_Instance_16864" type="identity">
            <class id="CHEBI_SO_EXT:molecular_label_or_mark_or_tag_process" label="molecular label/mark/tag process"/>
            <span end="6077" id="15550985-13986" start="6070">labeled</span>
        </annotation>
        <annotation annotator="Mike Bada, University of Colorado School of Medicine" id="SO_2017_06_11_Instance_26993" type="identity">
            <class id="SO_EXT:wild_type_entity_or_quality" label="wild-typeness or wild-type entity"/>
            <span end="6156" id="15550985-14162" start="6154">WT</span>
        </annotation>
        <annotation annotator="" id="SO_2017_06_11_backup_Instance_16866" type="identity">
            <class id="CHEBI_SO_EXT:molecular_label_or_mark_or_tag_process" label="molecular label/mark/tag process"/>
            <span end="6391" id="15550985-13988" start="6384">labeled</span>
        </annotation>
        <annotation annotator="" id="SO_2017_06_11_Instance_220297" type="identity">
            <class id="SO_EXT:sequence_nullness" label="sequence nullness"/>
            <span end="6658" id="15550985-14108" start="6654">null</span>
        </annotation>
        <annotation annotator="Mike Bada, University of Colorado School of Medicine" id="SO_2017_06_11_Instance_26995" type="identity">
            <class id="SO_EXT:wild_type_entity_or_quality" label="wild-typeness or wild-type entity"/>
            <span end="7297" id="15550985-14164" start="7295">WT</span>
        </annotation>
        <annotation annotator="" id="SO_2017_06_11_backup_Instance_16868" type="identity">
            <class id="CHEBI_SO_EXT:molecular_label_or_mark_or_tag_process" label="molecular label/mark/tag process"/>
            <span end="7401" id="15550985-13990" start="7394">labeled</span>
        </annotation>
        <annotation annotator="" id="SO_2017_06_11_backup_Instance_16870" type="identity">
            <class id="CHEBI_SO_EXT:molecular_label_or_mark_or_tag_process" label="molecular label/mark/tag process"/>
            <span end="7515" id="15550985-13992" start="7508">labeled</span>
        </annotation>
        <annotation annotator="Mike Bada, University of Colorado School of Medicine" id="SO_2017_06_11_Instance_21663" type="identity">
            <class id="SO_EXT:wild_type_entity_or_quality" label="wild-typeness or wild-type entity"/>
            <span end="7768" id="15550985-14100" start="7766">WT</span>
        </annotation>
        <annotation annotator="" id="SO_2017_06_11_Instance_172145" type="identity">
            <class id="SO_EXT:sequence_rescue_process" label="sequence rescue process"/>
            <span end="7918" id="15550985-14064" start="7911">rescued</span>
        </annotation>
        <annotation annotator="Mike Bada, University of Colorado School of Medicine" id="SO_2017_06_11_Instance_26997" type="identity">
            <class id="SO_EXT:wild_type_entity_or_quality" label="wild-typeness or wild-type entity"/>
            <span end="8058" id="15550985-14166" start="8056">WT</span>
        </annotation>
        <annotation annotator="" id="SO_2017_06_11_backup_Instance_16872" type="identity">
            <class id="CHEBI_SO_EXT:molecular_label_or_mark_or_tag_process" label="molecular label/mark/tag process"/>
            <span end="8170" id="15550985-13994" start="8163">labeled</span>
        </annotation>
        <annotation annotator="" id="SO_2017_06_11_backup_Instance_16874" type="identity">
            <class id="CHEBI_SO_EXT:molecular_label_or_mark_or_tag_process" label="molecular label/mark/tag process"/>
            <span end="8377" id="15550985-13996" start="8370">labeled</span>
        </annotation>
        <annotation annotator="" id="SO_2017_06_11_backup_Instance_16876" type="identity">
            <class id="CHEBI_SO_EXT:molecular_label_or_mark_or_tag_process" label="molecular label/mark/tag process"/>
            <span end="8748" id="15550985-13998" start="8740">labeling</span>
        </annotation>
        <annotation annotator="" id="SO_2017_06_11_Instance_212005" type="identity">
            <class id="SO_EXT:genotype_or_entity_with_genotype" label="genotype or entity with genotype"/>
            <span end="8850" id="15550985-14090" start="8841">genotypes</span>
        </annotation>
        <annotation annotator="Mike Bada, University of Colorado School of Medicine" id="SO_2017_06_11_Instance_19033" type="identity">
            <class id="SO_EXT:wild_type_entity_or_quality" label="wild-typeness or wild-type entity"/>
            <span end="8941" id="15550985-14080" start="8939">WT</span>
        </annotation>
        <annotation annotator="" id="SO_2017_06_11_Instance_220299" type="identity">
            <class id="SO_EXT:sequence_nullness" label="sequence nullness"/>
            <span end="9015" id="15550985-14110" start="9011">null</span>
        </annotation>
        <annotation annotator="" id="SO_2017_06_11_backup_Instance_16878" type="identity">
            <class id="CHEBI_SO_EXT:molecular_label_or_mark_or_tag_process" label="molecular label/mark/tag process"/>
            <span end="9189" id="15550985-14000" start="9181">labeling</span>
        </annotation>
        <annotation annotator="Mike Bada, University of Colorado School of Medicine" id="SO_2017_06_11_Instance_27001" type="identity">
            <class id="SO_EXT:wild_type_entity_or_quality" label="wild-typeness or wild-type entity"/>
            <span end="9297" id="15550985-14168" start="9295">WT</span>
        </annotation>
        <annotation annotator="" id="SO_2017_06_11_Instance_220301" type="identity">
            <class id="SO_EXT:sequence_nullness" label="sequence nullness"/>
            <span end="9310" id="15550985-14112" start="9306">null</span>
        </annotation>
        <annotation annotator="" id="SO_2017_06_11_backup_Instance_16880" type="identity">
            <class id="CHEBI_SO_EXT:molecular_label_or_mark_or_tag_process" label="molecular label/mark/tag process"/>
            <span end="9390" id="15550985-14002" start="9383">labeled</span>
        </annotation>
        <annotation annotator="" id="SO_2017_06_11_Instance_220303" type="identity">
            <class id="SO_EXT:sequence_nullness" label="sequence nullness"/>
            <span end="9430" id="15550985-14114" start="9426">null</span>
        </annotation>
        <annotation annotator="" id="SO_2017_06_11_backup_Instance_16882" type="identity">
            <class id="CHEBI_SO_EXT:molecular_label_or_mark_or_tag_process" label="molecular label/mark/tag process"/>
            <span end="9815" id="15550985-14004" start="9808">labeled</span>
        </annotation>
        <annotation annotator="Mike Bada, University of Colorado School of Medicine" id="SO_2017_06_11_Instance_27003" type="identity">
            <class id="SO_EXT:wild_type_entity_or_quality" label="wild-typeness or wild-type entity"/>
            <span end="9844" id="15550985-14170" start="9842">WT</span>
        </annotation>
        <annotation annotator="Mike Bada, University of Colorado School of Medicine" id="SO_2017_06_11_Instance_27005" type="identity">
            <class id="SO_EXT:wild_type_entity_or_quality" label="wild-typeness or wild-type entity"/>
            <span end="10463" id="15550985-14172" start="10461">WT</span>
        </annotation>
        <annotation annotator="" id="SO_2017_06_11_Instance_220305" type="identity">
            <class id="SO_EXT:sequence_nullness" label="sequence nullness"/>
            <span end="10959" id="15550985-14116" start="10955">null</span>
        </annotation>
        <annotation annotator="Mike Bada, University of Colorado School of Medicine" id="SO_2017_06_11_Instance_27007" type="identity">
            <class id="SO_EXT:wild_type_entity_or_quality" label="wild-typeness or wild-type entity"/>
            <span end="11660" id="15550985-14174" start="11658">WT</span>
        </annotation>
        <annotation annotator="" id="SO_2017_06_11_backup_Instance_16884" type="identity">
            <class id="CHEBI_SO_EXT:molecular_label_or_mark_or_tag_process" label="molecular label/mark/tag process"/>
            <span end="12154" id="15550985-14006" start="12146">labeling</span>
        </annotation>
        <annotation annotator="" id="SO_2017_06_11_backup_Instance_16886" type="identity">
            <class id="CHEBI_SO_EXT:molecular_label_or_mark_or_tag_process" label="molecular label/mark/tag process"/>
            <span end="12391" id="15550985-14008" start="12384">labeled</span>
        </annotation>
        <annotation annotator="" id="SO_2017_06_11_Instance_223481" type="identity">
            <class id="SO_EXT:transgenic_entity" label="transgenic entity"/>
            <span end="13660" id="15550985-14150" start="13650">transgenic</span>
        </annotation>
        <annotation annotator="Mike Bada, University of Colorado School of Medicine" id="SO_2017_06_11_Instance_48891" type="identity">
            <class id="SO_EXT:0000167" label="promoter"/>
            <span end="13716" id="15550985-14208" start="13708">promoter</span>
        </annotation>
        <annotation annotator="Mike Bada, University of Colorado School of Medicine" id="SO_2017_06_11_Instance_48893" type="identity">
            <class id="SO_EXT:0000704" label="gene"/>
            <span end="14857" id="15550985-14210" start="14853">gene</span>
        </annotation>
        <annotation annotator="" id="SO_2017_06_11_Instance_222973" type="identity">
            <class id="SO_EXT:sequence_substitution_entity_or_process" label="sequence substitution entity or process"/>
            <span end="14869" id="15550985-14148" start="14858">replacement</span>
        </annotation>
        <annotation annotator="Mike Bada, University of Colorado School of Medicine" id="SO_2017_06_11_Instance_48895" type="identity">
            <class id="SO_EXT:0000167" label="promoter"/>
            <span end="14935" id="15550985-14212" start="14927">promoter</span>
        </annotation>
        <annotation annotator="" id="SO_2017_06_11_Instance_172147" type="identity">
            <class id="SO_EXT:sequence_rescue_process" label="sequence rescue process"/>
            <span end="15720" id="15550985-14066" start="15713">rescued</span>
        </annotation>
        <annotation annotator="" id="SO_2017_06_11_Instance_172149" type="identity">
            <class id="SO_EXT:sequence_rescue_process" label="sequence rescue process"/>
            <span end="15879" id="15550985-14068" start="15871">rescuing</span>
        </annotation>
        <annotation annotator="" id="SO_2017_06_11_backup_Instance_16888" type="identity">
            <class id="CHEBI_SO_EXT:molecular_label_or_mark_or_tag_process" label="molecular label/mark/tag process"/>
            <span end="16718" id="15550985-14010" start="16710">labeling</span>
        </annotation>
        <annotation annotator="" id="SO_2017_06_11_backup_Instance_11716" type="identity">
            <class id="CHEBI_SO_EXT:molecular_indicator_or_label_or_marker_or_tag" label="molecular indicator/label/marker/tag"/>
            <span end="16905" id="15550985-13966" start="16898">markers</span>
        </annotation>
        <annotation annotator="Mike Bada, University of Colorado School of Medicine" id="SO_2017_06_11_Instance_48897" type="identity">
            <class id="SO_EXT:0000704" label="gene"/>
            <span end="16960" id="15550985-14214" start="16956">gene</span>
        </annotation>
        <annotation annotator="" id="SO_2017_06_11_Instance_221057" type="identity">
            <class id="CHEBI_SO_EXT:peptide_or_peptide_region" label="peptide or peptide region"/>
            <span end="16976" id="15550985-14142" start="16969">peptide</span>
        </annotation>
        <annotation annotator="" id="SO_2017_06_11_backup_Instance_16890" type="identity">
            <class id="CHEBI_SO_EXT:molecular_label_or_mark_or_tag_process" label="molecular label/mark/tag process"/>
            <span end="17237" id="15550985-14012" start="17230">labeled</span>
        </annotation>
        <annotation annotator="" id="SO_2017_06_11_backup_Instance_11718" type="identity">
            <class id="CHEBI_SO_EXT:RNA" label="RNA"/>
            <span end="17308" id="15550985-13968" start="17305">RNA</span>
        </annotation>
        <annotation annotator="" id="SO_2017_06_11_Instance_220307" type="identity">
            <class id="SO_EXT:sequence_nullness" label="sequence nullness"/>
            <span end="17702" id="15550985-14118" start="17698">null</span>
        </annotation>
        <annotation annotator="" id="SO_2017_06_11_backup_Instance_16892" type="identity">
            <class id="CHEBI_SO_EXT:molecular_label_or_mark_or_tag_process" label="molecular label/mark/tag process"/>
            <span end="18023" id="15550985-14014" start="18016">labeled</span>
        </annotation>
        <annotation annotator="" id="SO_2017_06_11_backup_Instance_16894" type="identity">
            <class id="CHEBI_SO_EXT:molecular_label_or_mark_or_tag_process" label="molecular label/mark/tag process"/>
            <span end="18285" id="15550985-14016" start="18277">labeling</span>
        </annotation>
        <annotation annotator="" id="SO_2017_06_11_backup_Instance_16896" type="identity">
            <class id="CHEBI_SO_EXT:molecular_label_or_mark_or_tag_process" label="molecular label/mark/tag process"/>
            <span end="18517" id="15550985-14018" start="18510">labeled</span>
        </annotation>
        <annotation annotator="" id="SO_2017_06_11_backup_Instance_11720" type="identity">
            <class id="CHEBI_SO_EXT:mRNA" label="mRNA"/>
            <span end="19338" id="15550985-13970" start="19334">mRNA</span>
        </annotation>
        <annotation annotator="" id="SO_2017_06_11_backup_Instance_11722" type="identity">
            <class id="CHEBI_SO_EXT:mRNA" label="mRNA"/>
            <span end="20448" id="15550985-13972" start="20444">mRNA</span>
        </annotation>
        <annotation annotator="" id="SO_2017_06_11_backup_Instance_11724" type="identity">
            <class id="CHEBI_SO_EXT:mRNA" label="mRNA"/>
            <span end="20736" id="15550985-13974" start="20732">mRNA</span>
        </annotation>
        <annotation annotator="" id="SO_2017_06_11_backup_Instance_11726" type="identity">
            <class id="CHEBI_SO_EXT:mRNA" label="mRNA"/>
            <span end="20817" id="15550985-13976" start="20813">mRNA</span>
        </annotation>
        <annotation annotator="" id="SO_2017_06_11_Instance_223483" type="identity">
            <class id="SO_EXT:transgenic_entity" label="transgenic entity"/>
            <span end="21103" id="15550985-14152" start="21093">transgenic</span>
        </annotation>
        <annotation annotator="Mike Bada, University of Colorado School of Medicine" id="SO_2017_06_11_Instance_27009" type="identity">
            <class id="SO_EXT:wild_type_entity_or_quality" label="wild-typeness or wild-type entity"/>
            <span end="21433" id="15550985-14176" start="21431">WT</span>
        </annotation>
        <annotation annotator="" id="SO_2017_06_11_Instance_220309" type="identity">
            <class id="SO_EXT:sequence_nullness" label="sequence nullness"/>
            <span end="21443" id="15550985-14120" start="21439">null</span>
        </annotation>
        <annotation annotator="" id="SO_2017_06_11_Instance_220311" type="identity">
            <class id="SO_EXT:sequence_nullness" label="sequence nullness"/>
            <span end="21459" id="15550985-14122" start="21455">null</span>
        </annotation>
        <annotation annotator="Mike Bada, University of Colorado School of Medicine" id="SO_2017_06_11_Instance_48907" type="identity">
            <class id="SO_EXT:0000704" label="gene"/>
            <span end="24540" id="15550985-14216" start="24535">genes</span>
        </annotation>
        <annotation annotator="Mike Bada, University of Colorado School of Medicine" id="SO_2017_06_11_Instance_48909" type="identity">
            <class id="SO_EXT:0000112" label="primer"/>
            <span end="24584" id="15550985-14218" start="24577">Primers</span>
        </annotation>
        <annotation annotator="Mike Bada, University of Colorado School of Medicine" id="SO_2017_06_11_Instance_48911" type="identity">
            <class id="SO_EXT:0000112" label="primer"/>
            <span end="24727" id="15550985-14220" start="24720">Primers</span>
        </annotation>
        <annotation annotator="Mike Bada, University of Colorado School of Medicine" id="SO_2017_06_11_Instance_27011" type="identity">
            <class id="SO_EXT:wild_type_entity_or_quality" label="wild-typeness or wild-type entity"/>
            <span end="24905" id="15550985-14178" start="24903">WT</span>
        </annotation>
        <annotation annotator="" id="SO_2017_06_11_backup_Instance_11728" type="identity">
            <class id="CHEBI_SO_EXT:DNA" label="DNA"/>
            <span end="25135" id="15550985-13978" start="25132">DNA</span>
        </annotation>
        <annotation annotator="Mike Bada, University of Colorado School of Medicine" id="SO_2017_06_11_Instance_48913" type="identity">
            <class id="SO_EXT:0000112" label="primer"/>
            <span end="25173" id="15550985-14222" start="25166">primers</span>
        </annotation>
        <annotation annotator="Mike Bada, University of Colorado School of Medicine" id="SO_2017_06_11_Instance_48915" type="identity">
            <class id="SO_EXT:0000112" label="primer"/>
            <span end="25267" id="15550985-14224" start="25260">primers</span>
        </annotation>
        <annotation annotator="" id="SO_2017_06_11_backup_Instance_16898" type="identity">
            <class id="CHEBI_SO_EXT:molecular_label_or_mark_or_tag_process" label="molecular label/mark/tag process"/>
            <span end="26419" id="15550985-14020" start="26412">labeled</span>
        </annotation>
        <annotation annotator="" id="SO_2017_06_11_Instance_212007" type="identity">
            <class id="SO_EXT:genotype_or_entity_with_genotype" label="genotype or entity with genotype"/>
            <span end="26467" id="15550985-14092" start="26459">genotype</span>
        </annotation>
        <annotation annotator="Mike Bada, University of Colorado School of Medicine" id="SO_2017_06_11_Instance_27045" type="identity">
            <class id="SO_EXT:0001060" label="sequence_variant"/>
            <span end="26893" id="15550985-14200" start="26886">isoform</span>
        </annotation>
        <annotation annotator="" id="SO_2017_06_11_backup_Instance_16900" type="identity">
            <class id="CHEBI_SO_EXT:molecular_label_or_mark_or_tag_process" label="molecular label/mark/tag process"/>
            <span end="27093" id="15550985-14022" start="27085">labeling</span>
        </annotation>
        <annotation annotator="" id="SO_2017_06_11_Instance_212009" type="identity">
            <class id="SO_EXT:genotype_or_entity_with_genotype" label="genotype or entity with genotype"/>
            <span end="27195" id="15550985-14094" start="27186">genotypes</span>
        </annotation>
        <annotation annotator="" id="SO_2017_06_11_backup_Instance_16902" type="identity">
            <class id="CHEBI_SO_EXT:molecular_label_or_mark_or_tag_process" label="molecular label/mark/tag process"/>
            <span end="27314" id="15550985-14024" start="27306">labeling</span>
        </annotation>
        <annotation annotator="" id="SO_2017_06_11_backup_Instance_11730" type="identity">
            <class id="CHEBI_SO_EXT:molecular_probe" label="molecular probe"/>
            <span end="27538" id="15550985-13980" start="27532">Probes</span>
        </annotation>
        <annotation annotator="" id="SO_2017_06_11_backup_Instance_16904" type="identity">
            <class id="CHEBI_SO_EXT:molecular_label_or_mark_or_tag_process" label="molecular label/mark/tag process"/>
            <span end="27601" id="15550985-14026" start="27594">Labeled</span>
        </annotation>
        <annotation annotator="" id="SO_2017_06_11_Instance_220313" type="identity">
            <class id="SO_EXT:sequence_nullness" label="sequence nullness"/>
            <span end="28033" id="15550985-14124" start="28029">null</span>
        </annotation>
        <annotation annotator="" id="SO_2017_06_11_Instance_220315" type="identity">
            <class id="SO_EXT:sequence_nullness" label="sequence nullness"/>
            <span end="28047" id="15550985-14126" start="28043">null</span>
        </annotation>
        <annotation annotator="Mike Bada, University of Colorado School of Medicine" id="SO_2017_06_11_Instance_19035" type="identity">
            <class id="SO_EXT:wild_type_entity_or_quality" label="wild-typeness or wild-type entity"/>
            <span end="29067" id="15550985-14082" start="29065">WT</span>
        </annotation>
        <annotation annotator="Mike Bada, University of Colorado School of Medicine" id="SO_2017_06_11_Instance_27013" type="identity">
            <class id="SO_EXT:wild_type_entity_or_quality" label="wild-typeness or wild-type entity"/>
            <span end="30166" id="15550985-14180" start="30164">WT</span>
        </annotation>
        <annotation annotator="" id="SO_2017_06_11_backup_Instance_16906" type="identity">
            <class id="CHEBI_SO_EXT:molecular_label_or_mark_or_tag_process" label="molecular label/mark/tag process"/>
            <span end="30272" id="15550985-14028" start="30265">labeled</span>
        </annotation>
        <annotation annotator="" id="SO_2017_06_11_backup_Instance_16908" type="identity">
            <class id="CHEBI_SO_EXT:molecular_label_or_mark_or_tag_process" label="molecular label/mark/tag process"/>
            <span end="30353" id="15550985-14030" start="30346">labeled</span>
        </annotation>
        <annotation annotator="Mike Bada, University of Colorado School of Medicine" id="SO_2017_06_11_Instance_27015" type="identity">
            <class id="SO_EXT:wild_type_entity_or_quality" label="wild-typeness or wild-type entity"/>
            <span end="30379" id="15550985-14182" start="30377">WT</span>
        </annotation>
        <annotation annotator="" id="SO_2017_06_11_Instance_220317" type="identity">
            <class id="SO_EXT:sequence_nullness" label="sequence nullness"/>
            <span end="30514" id="15550985-14128" start="30510">null</span>
        </annotation>
        <annotation annotator="" id="SO_2017_06_11_backup_Instance_16910" type="identity">
            <class id="CHEBI_SO_EXT:molecular_label_or_mark_or_tag_process" label="molecular label/mark/tag process"/>
            <span end="30544" id="15550985-14032" start="30537">labeled</span>
        </annotation>
        <annotation annotator="" id="SO_2017_06_11_backup_Instance_16912" type="identity">
            <class id="CHEBI_SO_EXT:molecular_label_or_mark_or_tag_process" label="molecular label/mark/tag process"/>
            <span end="30911" id="15550985-14034" start="30904">labeled</span>
        </annotation>
        <annotation annotator="" id="SO_2017_06_11_backup_Instance_16914" type="identity">
            <class id="CHEBI_SO_EXT:molecular_label_or_mark_or_tag_process" label="molecular label/mark/tag process"/>
            <span end="31162" id="15550985-14036" start="31155">labeled</span>
        </annotation>
        <annotation annotator="" id="SO_2017_06_11_Instance_212011" type="identity">
            <class id="SO_EXT:genotype_or_entity_with_genotype" label="genotype or entity with genotype"/>
            <span end="31345" id="15550985-14096" start="31336">genotypes</span>
        </annotation>
        <annotation annotator="Mike Bada, University of Colorado School of Medicine" id="SO_2017_06_11_Instance_27017" type="identity">
            <class id="SO_EXT:wild_type_entity_or_quality" label="wild-typeness or wild-type entity"/>
            <span end="32261" id="15550985-14184" start="32259">WT</span>
        </annotation>
        <annotation annotator="Mike Bada, University of Colorado School of Medicine" id="SO_2017_06_11_Instance_48923" type="identity">
            <class id="SO_EXT:wild_type_entity_or_quality" label="wild-typeness or wild-type entity"/>
            <span end="32273" id="15550985-14226" start="32264">wild-type</span>
        </annotation>
        <annotation annotator="" id="SO_2017_06_11_Instance_172151" type="identity">
            <class id="SO_EXT:sequence_rescue_process" label="sequence rescue process"/>
            <span end="32571" id="15550985-14070" start="32564">rescued</span>
        </annotation>
        <annotation annotator="" id="SO_2017_06_11_Instance_172153" type="identity">
            <class id="SO_EXT:sequence_rescue_process" label="sequence rescue process"/>
            <span end="32672" id="15550985-14072" start="32665">Rescued</span>
        </annotation>
        <annotation annotator="" id="SO_2017_06_11_backup_Instance_16916" type="identity">
            <class id="CHEBI_SO_EXT:molecular_label_or_mark_or_tag_process" label="molecular label/mark/tag process"/>
            <span end="33183" id="15550985-14038" start="33175">Labeling</span>
        </annotation>
        <annotation annotator="" id="SO_2017_06_11_Instance_172155" type="identity">
            <class id="SO_EXT:sequence_rescue_process" label="sequence rescue process"/>
            <span end="33209" id="15550985-14074" start="33202">Rescued</span>
        </annotation>
        <annotation annotator="" id="SO_2017_06_11_backup_Instance_16918" type="identity">
            <class id="CHEBI_SO_EXT:molecular_label_or_mark_or_tag_process" label="molecular label/mark/tag process"/>
            <span end="33785" id="15550985-14040" start="33778">Labeled</span>
        </annotation>
        <annotation annotator="" id="SO_2017_06_11_backup_Instance_16920" type="identity">
            <class id="CHEBI_SO_EXT:molecular_label_or_mark_or_tag_process" label="molecular label/mark/tag process"/>
            <span end="33834" id="15550985-14042" start="33827">labeled</span>
        </annotation>
        <annotation annotator="Mike Bada, University of Colorado School of Medicine" id="SO_2017_06_11_Instance_27019" type="identity">
            <class id="SO_EXT:wild_type_entity_or_quality" label="wild-typeness or wild-type entity"/>
            <span end="33847" id="15550985-14186" start="33845">WT</span>
        </annotation>
        <annotation annotator="" id="SO_2017_06_11_Instance_220319" type="identity">
            <class id="SO_EXT:sequence_nullness" label="sequence nullness"/>
            <span end="34003" id="15550985-14130" start="33999">null</span>
        </annotation>
        <annotation annotator="" id="SO_2017_06_11_Instance_220321" type="identity">
            <class id="SO_EXT:sequence_nullness" label="sequence nullness"/>
            <span end="34031" id="15550985-14132" start="34027">null</span>
        </annotation>
        <annotation annotator="" id="SO_2017_06_11_backup_Instance_16922" type="identity">
            <class id="CHEBI_SO_EXT:molecular_label_or_mark_or_tag_process" label="molecular label/mark/tag process"/>
            <span end="34168" id="15550985-14044" start="34160">labeling</span>
        </annotation>
        <annotation annotator="" id="SO_2017_06_11_Instance_220323" type="identity">
            <class id="SO_EXT:sequence_nullness" label="sequence nullness"/>
            <span end="34222" id="15550985-14134" start="34218">null</span>
        </annotation>
        <annotation annotator="" id="SO_2017_06_11_Instance_220325" type="identity">
            <class id="SO_EXT:sequence_nullness" label="sequence nullness"/>
            <span end="34856" id="15550985-14136" start="34852">null</span>
        </annotation>
        <annotation annotator="" id="SO_2017_06_11_backup_Instance_16924" type="identity">
            <class id="CHEBI_SO_EXT:molecular_label_or_mark_or_tag_process" label="molecular label/mark/tag process"/>
            <span end="35038" id="15550985-14046" start="35030">labeling</span>
        </annotation>
        <annotation annotator="" id="SO_2017_06_11_backup_Instance_16926" type="identity">
            <class id="CHEBI_SO_EXT:molecular_label_or_mark_or_tag_process" label="molecular label/mark/tag process"/>
            <span end="35486" id="15550985-14048" start="35479">labeled</span>
        </annotation>
        <annotation annotator="Mike Bada, University of Colorado School of Medicine" id="SO_2017_06_11_Instance_27021" type="identity">
            <class id="SO_EXT:wild_type_entity_or_quality" label="wild-typeness or wild-type entity"/>
            <span end="35766" id="15550985-14188" start="35764">WT</span>
        </annotation>
        <annotation annotator="Mike Bada, University of Colorado School of Medicine" id="SO_2017_06_11_Instance_27023" type="identity">
            <class id="SO_EXT:wild_type_entity_or_quality" label="wild-typeness or wild-type entity"/>
            <span end="35801" id="15550985-14190" start="35799">WT</span>
        </annotation>
        <annotation annotator="" id="SO_2017_06_11_Instance_220327" type="identity">
            <class id="SO_EXT:sequence_nullness" label="sequence nullness"/>
            <span end="35841" id="15550985-14138" start="35837">null</span>
        </annotation>
        <annotation annotator="" id="SO_2017_06_11_Instance_220329" type="identity">
            <class id="SO_EXT:sequence_nullness" label="sequence nullness"/>
            <span end="35882" id="15550985-14140" start="35878">null</span>
        </annotation>
        <annotation annotator="Mike Bada, University of Colorado School of Medicine" id="SO_2017_06_11_Instance_27025" type="identity">
            <class id="SO_EXT:wild_type_entity_or_quality" label="wild-typeness or wild-type entity"/>
            <span end="35917" id="15550985-14192" start="35915">WT</span>
        </annotation>
        <annotation annotator="Mike Bada, University of Colorado School of Medicine" id="SO_2017_06_11_Instance_27027" type="identity">
            <class id="SO_EXT:wild_type_entity_or_quality" label="wild-typeness or wild-type entity"/>
            <span end="35978" id="15550985-14194" start="35976">WT</span>
        </annotation>
        <annotation annotator="Mike Bada, University of Colorado School of Medicine" id="SO_2017_06_11_Instance_27031" type="identity">
            <class id="SO_EXT:wild_type_entity_or_quality" label="wild-typeness or wild-type entity"/>
            <span end="36262" id="15550985-14196" start="36260">WT</span>
        </annotation>
        <annotation annotator="" id="SO_2017_06_11_backup_Instance_16928" type="identity">
            <class id="CHEBI_SO_EXT:molecular_label_or_mark_or_tag_process" label="molecular label/mark/tag process"/>
            <span end="36296" id="15550985-14050" start="36289">labeled</span>
        </annotation>
        <annotation annotator="" id="SO_2017_06_11_backup_Instance_16930" type="identity">
            <class id="CHEBI_SO_EXT:molecular_label_or_mark_or_tag_process" label="molecular label/mark/tag process"/>
            <span end="36528" id="15550985-14052" start="36521">labeled</span>
        </annotation>
        <annotation annotator="" id="SO_2017_06_11_backup_Instance_16932" type="identity">
            <class id="CHEBI_SO_EXT:molecular_label_or_mark_or_tag_process" label="molecular label/mark/tag process"/>
            <span end="36650" id="15550985-14054" start="36643">labeled</span>
        </annotation>
        <annotation annotator="" id="SO_2017_06_11_backup_Instance_16934" type="identity">
            <class id="CHEBI_SO_EXT:molecular_label_or_mark_or_tag_process" label="molecular label/mark/tag process"/>
            <span end="36929" id="15550985-14056" start="36922">labeled</span>
        </annotation>
        <graph-space id="Old Knowtator Relations"/>
    </document>
</knowtator-project>
