<?xml version="1.0" encoding="UTF-8" standalone="no"?>
<knowtator-project>
  <document id="15630473" text-file="15630473.txt">
    <annotation annotator="" id="SO_2017_06_11_Instance_185992" type="identity">
      <class id="SO_EXT:sequence_altered_entity_or_alteration_process" label="sequence-altered entity or alteration process"/>
      <span end="311" id="15630473-14877" start="305">mutant</span>
    </annotation>
    <annotation annotator="Mike Bada, University of Colorado School of Medicine" id="SO_2017_06_11_Instance_49299" type="identity">
      <class id="SO_EXT:0000704" label="gene"/>
      <span end="2410" id="15630473-15184" start="2406">gene</span>
    </annotation>
    <annotation annotator="Mike Bada, University of Colorado School of Medicine" id="SO_2017_06_11_Instance_49301" type="identity">
      <class id="SO_EXT:0000165" label="enhancer"/>
      <span end="4418" id="15630473-15186" start="4410">enhancer</span>
    </annotation>
    <annotation annotator="Mike Bada, University of Colorado School of Medicine" id="SO_2017_06_11_Instance_49303" type="identity">
      <class id="SO_EXT:0000704" label="gene"/>
      <span end="4469" id="15630473-15188" start="4465">gene</span>
    </annotation>
    <annotation annotator="Mike Bada, University of Colorado School of Medicine" id="SO_2017_06_11_Instance_49305" type="identity">
      <class id="SO_EXT:0000704" label="gene"/>
      <span end="4642" id="15630473-15190" start="4638">gene</span>
    </annotation>
    <annotation annotator="" id="SO_2017_06_11_Instance_91361" type="identity">
      <class id="SO_EXT:sequence_coding_function" label="sequence coding function"/>
      <span end="4651" id="15630473-15394" start="4643">encoding</span>
    </annotation>
    <annotation annotator="" id="SO_2017_06_11_Instance_223547" type="identity">
      <class id="SO_EXT:transgenic_entity" label="transgenic entity"/>
      <span end="4843" id="15630473-14981" start="4829">transgenically</span>
    </annotation>
    <annotation annotator="Mike Bada, University of Colorado School of Medicine" id="SO_2017_06_11_Instance_49307" type="identity">
      <class id="SO_EXT:0000167" label="promoter"/>
      <span end="5983" id="15630473-15192" start="5975">promoter</span>
    </annotation>
    <annotation annotator="Mike Bada, University of Colorado School of Medicine" id="SO_2017_06_11_Instance_49309" type="identity">
      <class id="SO_EXT:0000409" label="binding_site"/>
      <span end="6070" id="15630473-15194" start="6058">binding site</span>
    </annotation>
    <annotation annotator="Mike Bada, University of Colorado School of Medicine" id="SO_2017_06_11_Instance_49311" type="identity">
      <class id="SO_EXT:0000167" label="promoter"/>
      <span end="6806" id="15630473-15196" start="6798">promoter</span>
    </annotation>
    <annotation annotator="" id="SO_2017_06_11_backup_Instance_11842" type="identity">
      <class id="CHEBI_SO_EXT:mRNA" label="mRNA"/>
      <span end="7447" id="15630473-14753" start="7443">mRNA</span>
    </annotation>
    <annotation annotator="Mike Bada, University of Colorado School of Medicine" id="SO_2017_06_11_Instance_49315" type="identity">
      <class id="SO_EXT:0000704" label="gene"/>
      <span end="7571" id="15630473-15198" start="7567">gene</span>
    </annotation>
    <annotation annotator="" id="SO_2017_06_11_Instance_223549" type="identity">
      <class id="SO_EXT:transgenic_entity" label="transgenic entity"/>
      <span end="7660" id="15630473-14983" start="7650">transgenic</span>
    </annotation>
    <annotation annotator="" id="SO_2017_06_11_Instance_224203" type="identity">
      <class id="SO_EXT:transgenic_entity" label="transgenic entity"/>
      <span end="7664" id="15630473-14991" start="7662">Tg</span>
    </annotation>
    <annotation annotator="Mike Bada, University of Colorado School of Medicine" id="SO_2017_06_11_Instance_49317" type="identity">
      <class id="SO_EXT:0000704" label="gene"/>
      <span end="7675" id="15630473-15200" start="7671">gene</span>
    </annotation>
    <annotation annotator="Mike Bada, University of Colorado School of Medicine" id="SO_2017_06_11_Instance_49319" type="identity">
      <class id="SO_EXT:0000704" label="gene"/>
      <span end="7843" id="15630473-15202" start="7839">gene</span>
    </annotation>
    <annotation annotator="Mike Bada, University of Colorado School of Medicine" id="SO_2017_06_11_Instance_49321" type="identity">
      <class id="SO_EXT:0000704" label="gene"/>
      <span end="7924" id="15630473-15204" start="7920">gene</span>
    </annotation>
    <annotation annotator="" id="SO_2017_06_11_backup_Instance_11844" type="identity">
      <class id="CHEBI_SO_EXT:mRNA" label="mRNA"/>
      <span end="8204" id="15630473-14755" start="8200">mRNA</span>
    </annotation>
    <annotation annotator="" id="SO_2017_06_11_backup_Instance_11846" type="identity">
      <class id="CHEBI_SO_EXT:mRNA" label="mRNA"/>
      <span end="9093" id="15630473-14757" start="9089">mRNA</span>
    </annotation>
    <annotation annotator="" id="SO_2017_06_11_backup_Instance_11848" type="identity">
      <class id="CHEBI_SO_EXT:mRNA" label="mRNA"/>
      <span end="9244" id="15630473-14759" start="9240">mRNA</span>
    </annotation>
    <annotation annotator="" id="SO_2017_06_11_backup_Instance_11850" type="identity">
      <class id="CHEBI_SO_EXT:molecular_probe" label="molecular probe"/>
      <span end="9335" id="15630473-14761" start="9330">probe</span>
    </annotation>
    <annotation annotator="Mike Bada, University of Colorado School of Medicine" id="SO_2017_06_11_Instance_33369" type="identity">
      <class id="SO_EXT:0000205" label="three_prime_UTR"/>
      <span end="9358" id="15630473-15181" start="9356">3′</span>
      <span end="9383" id="15630473-15182" start="9380">UTR</span>
    </annotation>
    <annotation annotator="Mike Bada, University of Colorado School of Medicine" id="SO_2017_06_11_Instance_27603" type="identity">
      <class id="SO_EXT:0000205" label="three_prime_UTR"/>
      <span end="9378" id="15630473-15139" start="9356">3′ untranslated region</span>
    </annotation>
    <annotation annotator="" id="SO_2017_06_11_backup_Instance_11852" type="identity">
      <class id="CHEBI_SO_EXT:mRNA" label="mRNA"/>
      <span end="9866" id="15630473-14763" start="9862">mRNA</span>
    </annotation>
    <annotation annotator="" id="SO_2017_06_11_backup_Instance_11854" type="identity">
      <class id="CHEBI_SO_EXT:mRNA" label="mRNA"/>
      <span end="10208" id="15630473-14765" start="10204">mRNA</span>
    </annotation>
    <annotation annotator="" id="SO_2017_06_11_Instance_90522" type="identity">
      <class id="CHEBI_SO_EXT:N_terminus_or_N_terminal_region" label="N-terminus or N-terminal region"/>
      <span end="10302" id="15630473-15386" start="10292">N-terminal</span>
    </annotation>
    <annotation annotator="" id="SO_2017_06_11_Instance_191049" type="identity">
      <class id="SO_EXT:biological_sequence" label="biological sequence"/>
      <span end="10311" id="15630473-14903" start="10303">sequence</span>
    </annotation>
    <annotation annotator="" id="SO_2017_06_11_Instance_20126" type="identity">
      <class id="SO_EXT:sequence_upstreamness" label="sequence upstreamness"/>
      <span end="10333" id="15630473-14913" start="10325">upstream</span>
    </annotation>
    <annotation annotator="" id="SO_2017_06_11_Instance_225288" type="identity">
      <class id="SO_EXT:biological_conservation_process_or_quality" label="biological conservation process or quality"/>
      <span end="10355" id="15630473-15093" start="10346">conserved</span>
    </annotation>
    <annotation annotator="Mike Bada, University of Colorado School of Medicine" id="SO_2017_06_11_Instance_27607" type="identity">
      <class id="SO_EXT:0000417" label="polypeptide_domain"/>
      <span end="10375" id="15630473-15141" start="10368">domains</span>
    </annotation>
    <annotation annotator="" id="SO_2017_06_11_backup_Instance_17546" type="identity">
      <class id="CHEBI_SO_EXT:molecular_label_or_mark_or_tag_process" label="molecular label/mark/tag process"/>
      <span end="10604" id="15630473-14859" start="10598">tagged</span>
    </annotation>
    <annotation annotator="" id="SO_2017_06_11_backup_Instance_16966" type="identity">
      <class id="CHEBI_SO_EXT:molecular_label_or_mark_or_tag_process" label="molecular label/mark/tag process"/>
      <span end="11321" id="15630473-14831" start="11314">labeled</span>
    </annotation>
    <annotation annotator="" id="SO_2017_06_11_backup_Instance_16968" type="identity">
      <class id="CHEBI_SO_EXT:molecular_label_or_mark_or_tag_process" label="molecular label/mark/tag process"/>
      <span end="12013" id="15630473-14833" start="12005">labeling</span>
    </annotation>
    <annotation annotator="" id="SO_2017_06_11_backup_Instance_17390" type="identity">
      <class id="CHEBI_SO_EXT:molecular_label_or_mark_or_tag_process" label="molecular label/mark/tag process"/>
      <span end="12608" id="15630473-14855" start="12602">marked</span>
    </annotation>
    <annotation annotator="" id="SO_2017_06_11_Instance_224205" type="identity">
      <class id="SO_EXT:transgenic_entity" label="transgenic entity"/>
      <span end="13142" id="15630473-14993" start="13140">Tg</span>
    </annotation>
    <annotation annotator="" id="SO_2017_06_11_Instance_224207" type="identity">
      <class id="SO_EXT:transgenic_entity" label="transgenic entity"/>
      <span end="13380" id="15630473-14995" start="13378">Tg</span>
    </annotation>
    <annotation annotator="" id="SO_2017_06_11_backup_Instance_11932" type="identity">
      <class id="CHEBI_SO_EXT:epitope" label="epitope"/>
      <span end="13426" id="15630473-14827" start="13419">epitope</span>
    </annotation>
    <annotation annotator="" id="SO_2017_06_11_Instance_224209" type="identity">
      <class id="SO_EXT:transgenic_entity" label="transgenic entity"/>
      <span end="13519" id="15630473-14997" start="13517">Tg</span>
    </annotation>
    <annotation annotator="Mike Bada, University of Colorado School of Medicine" id="SO_2017_06_11_Instance_49339" type="identity">
      <class id="SO_EXT:0000902" label="transgene"/>
      <span end="13568" id="15630473-15206" start="13559">transgene</span>
    </annotation>
    <annotation annotator="Mike Bada, University of Colorado School of Medicine" id="SO_2017_06_11_Instance_49341" type="identity">
      <class id="SO_EXT:0000902" label="transgene"/>
      <span end="13643" id="15630473-15208" start="13634">transgene</span>
    </annotation>
    <annotation annotator="" id="SO_2017_06_11_Instance_224211" type="identity">
      <class id="SO_EXT:transgenic_entity" label="transgenic entity"/>
      <span end="13728" id="15630473-14999" start="13726">Tg</span>
    </annotation>
    <annotation annotator="Mike Bada, University of Colorado School of Medicine" id="SO_2017_06_11_Instance_49343" type="identity">
      <class id="SO_EXT:0000902" label="transgene"/>
      <span end="13760" id="15630473-15210" start="13751">transgene</span>
    </annotation>
    <annotation annotator="Mike Bada, University of Colorado School of Medicine" id="SO_2017_06_11_Instance_49345" type="identity">
      <class id="SO_EXT:0000704" label="gene"/>
      <span end="13824" id="15630473-15212" start="13820">gene</span>
    </annotation>
    <annotation annotator="" id="SO_2017_06_11_Instance_224213" type="identity">
      <class id="SO_EXT:transgenic_entity" label="transgenic entity"/>
      <span end="13981" id="15630473-15001" start="13979">Tg</span>
    </annotation>
    <annotation annotator="" id="SO_2017_06_11_Instance_224215" type="identity">
      <class id="SO_EXT:transgenic_entity" label="transgenic entity"/>
      <span end="14249" id="15630473-15003" start="14247">Tg</span>
    </annotation>
    <annotation annotator="" id="SO_2017_06_11_backup_Instance_17548" type="identity">
      <class id="CHEBI_SO_EXT:molecular_label_or_mark_or_tag_process" label="molecular label/mark/tag process"/>
      <span end="14330" id="15630473-14861" start="14324">tagged</span>
    </annotation>
    <annotation annotator="Mike Bada, University of Colorado School of Medicine" id="SO_2017_06_11_Instance_49347" type="identity">
      <class id="SO_EXT:0000902" label="transgene"/>
      <span end="14757" id="15630473-15214" start="14748">transgene</span>
    </annotation>
    <annotation annotator="" id="SO_2017_06_11_Instance_220339" type="identity">
      <class id="SO_EXT:sequence_nullness" label="sequence nullness"/>
      <span end="15193" id="15630473-14929" start="15189">null</span>
    </annotation>
    <annotation annotator="" id="SO_2017_06_11_backup_Instance_11856" type="identity">
      <class id="CHEBI_SO_EXT:molecular_indicator_or_label_or_marker_or_tag" label="molecular indicator/label/marker/tag"/>
      <span end="15720" id="15630473-14767" start="15713">markers</span>
    </annotation>
    <annotation annotator="" id="SO_2017_06_11_Instance_224217" type="identity">
      <class id="SO_EXT:transgenic_entity" label="transgenic entity"/>
      <span end="16367" id="15630473-15005" start="16365">Tg</span>
    </annotation>
    <annotation annotator="" id="SO_2017_06_11_Instance_224219" type="identity">
      <class id="SO_EXT:transgenic_entity" label="transgenic entity"/>
      <span end="16595" id="15630473-15007" start="16593">Tg</span>
    </annotation>
    <annotation annotator="Mike Bada, University of Colorado School of Medicine" id="SO_2017_06_11_Instance_49349" type="identity">
      <class id="SO_EXT:0000167" label="promoter"/>
      <span end="16636" id="15630473-15216" start="16628">promoter</span>
    </annotation>
    <annotation annotator="" id="SO_2017_06_11_Instance_224221" type="identity">
      <class id="SO_EXT:transgenic_entity" label="transgenic entity"/>
      <span end="16890" id="15630473-15009" start="16888">Tg</span>
    </annotation>
    <annotation annotator="Mike Bada, University of Colorado School of Medicine" id="SO_2017_06_11_Instance_49351" type="identity">
      <class id="SO_EXT:0000704" label="gene"/>
      <span end="18031" id="15630473-15218" start="18027">gene</span>
    </annotation>
    <annotation annotator="" id="SO_2017_06_11_backup_Instance_17550" type="identity">
      <class id="CHEBI_SO_EXT:molecular_label_or_mark_or_tag_process" label="molecular label/mark/tag process"/>
      <span end="18295" id="15630473-14863" start="18289">tagged</span>
    </annotation>
    <annotation annotator="" id="SO_2017_06_11_backup_Instance_17552" type="identity">
      <class id="CHEBI_SO_EXT:molecular_label_or_mark_or_tag_process" label="molecular label/mark/tag process"/>
      <span end="18404" id="15630473-14865" start="18398">tagged</span>
    </annotation>
    <annotation annotator="" id="SO_2017_06_11_Instance_172161" type="identity">
      <class id="SO_EXT:sequence_rescue_process" label="sequence rescue process"/>
      <span end="18502" id="15630473-14873" start="18495">rescued</span>
    </annotation>
    <annotation annotator="" id="SO_2017_06_11_backup_Instance_11858" type="identity">
      <class id="CHEBI_SO_EXT:mRNA" label="mRNA"/>
      <span end="18843" id="15630473-14769" start="18839">mRNA</span>
    </annotation>
    <annotation annotator="" id="SO_2017_06_11_backup_Instance_11860" type="identity">
      <class id="CHEBI_SO_EXT:molecular_indicator_or_label_or_marker_or_tag" label="molecular indicator/label/marker/tag"/>
      <span end="18887" id="15630473-14771" start="18880">markers</span>
    </annotation>
    <annotation annotator="" id="SO_2017_06_11_Instance_224223" type="identity">
      <class id="SO_EXT:transgenic_entity" label="transgenic entity"/>
      <span end="18891" id="15630473-15011" start="18889">Tg</span>
    </annotation>
    <annotation annotator="" id="SO_2017_06_11_Instance_224225" type="identity">
      <class id="SO_EXT:transgenic_entity" label="transgenic entity"/>
      <span end="19274" id="15630473-15013" start="19272">Tg</span>
    </annotation>
    <annotation annotator="" id="SO_2017_06_11_Instance_224227" type="identity">
      <class id="SO_EXT:transgenic_entity" label="transgenic entity"/>
      <span end="19489" id="15630473-15015" start="19487">Tg</span>
    </annotation>
    <annotation annotator="Mike Bada, University of Colorado School of Medicine" id="SO_2017_06_11_Instance_49355" type="identity">
      <class id="SO_EXT:0000704" label="gene"/>
      <span end="20252" id="15630473-15220" start="20247">genes</span>
    </annotation>
    <annotation annotator="" id="SO_2017_06_11_backup_Instance_11862" type="identity">
      <class id="CHEBI_SO_EXT:DNA" label="DNA"/>
      <span end="20318" id="15630473-14773" start="20315">DNA</span>
    </annotation>
    <annotation annotator="" id="SO_2017_06_11_Instance_224229" type="identity">
      <class id="SO_EXT:transgenic_entity" label="transgenic entity"/>
      <span end="20411" id="15630473-15017" start="20409">Tg</span>
    </annotation>
    <annotation annotator="Mike Bada, University of Colorado School of Medicine" id="SO_2017_06_11_Instance_27727" type="identity">
      <class id="SO_EXT:0000704" label="gene"/>
      <span end="20497" id="15630473-15159" start="20493">gene</span>
    </annotation>
    <annotation annotator="" id="SO_2017_06_11_Instance_224231" type="identity">
      <class id="SO_EXT:transgenic_entity" label="transgenic entity"/>
      <span end="20610" id="15630473-15019" start="20608">Tg</span>
    </annotation>
    <annotation annotator="" id="SO_2017_06_11_Instance_224233" type="identity">
      <class id="SO_EXT:transgenic_entity" label="transgenic entity"/>
      <span end="20645" id="15630473-15021" start="20643">Tg</span>
    </annotation>
    <annotation annotator="" id="SO_2017_06_11_Instance_224235" type="identity">
      <class id="SO_EXT:transgenic_entity" label="transgenic entity"/>
      <span end="20894" id="15630473-15023" start="20892">Tg</span>
    </annotation>
    <annotation annotator="" id="SO_2017_06_11_backup_Instance_11864" type="identity">
      <class id="CHEBI_SO_EXT:nucleotide" label="nucleotide"/>
      <span end="21083" id="15630473-14775" start="21073">nucleotide</span>
    </annotation>
    <annotation annotator="" id="SO_2017_06_11_Instance_224237" type="identity">
      <class id="SO_EXT:transgenic_entity" label="transgenic entity"/>
      <span end="21198" id="15630473-15025" start="21196">Tg</span>
    </annotation>
    <annotation annotator="" id="SO_2017_06_11_Instance_224239" type="identity">
      <class id="SO_EXT:transgenic_entity" label="transgenic entity"/>
      <span end="21430" id="15630473-15027" start="21428">Tg</span>
    </annotation>
    <annotation annotator="Mike Bada, University of Colorado School of Medicine" id="SO_2017_06_11_Instance_49357" type="identity">
      <class id="SO_EXT:wild_type_entity_or_quality" label="wild-typeness or wild-type entity"/>
      <span end="21476" id="15630473-15222" start="21467">wild-type</span>
    </annotation>
    <annotation annotator="Mike Bada, University of Colorado School of Medicine" id="SO_2017_06_11_Instance_27729" type="identity">
      <class id="SO_EXT:wild_type_entity_or_quality" label="wild-typeness or wild-type entity"/>
      <span end="21480" id="15630473-15161" start="21478">WT</span>
    </annotation>
    <annotation annotator="" id="SO_2017_06_11_Instance_220341" type="identity">
      <class id="SO_EXT:sequence_nullness" label="sequence nullness"/>
      <span end="21559" id="15630473-14931" start="21555">null</span>
    </annotation>
    <annotation annotator="Mike Bada, University of Colorado School of Medicine" id="SO_2017_06_11_Instance_19037" type="identity">
      <class id="SO_EXT:wild_type_entity_or_quality" label="wild-typeness or wild-type entity"/>
      <span end="22201" id="15630473-14895" start="22199">WT</span>
    </annotation>
    <annotation annotator="Mike Bada, University of Colorado School of Medicine" id="SO_2017_06_11_Instance_49359" type="identity">
      <class id="SO_EXT:0000440" label="vector_replicon"/>
      <span end="22318" id="15630473-15224" start="22312">vector</span>
    </annotation>
    <annotation annotator="Mike Bada, University of Colorado School of Medicine" id="SO_2017_06_11_Instance_49361" type="identity">
      <class id="SO_EXT:0000902" label="transgene"/>
      <span end="22434" id="15630473-15226" start="22425">transgene</span>
    </annotation>
    <annotation annotator="" id="SO_2017_06_11_backup_Instance_11866" type="identity">
      <class id="CHEBI_SO_EXT:peptide_or_peptide_region" label="peptide or peptide region"/>
      <span end="22522" id="15630473-14777" start="22515">peptide</span>
    </annotation>
    <annotation annotator="Mike Bada, University of Colorado School of Medicine" id="SO_2017_06_11_Instance_27609" type="identity">
      <class id="SO_EXT:0000417" label="polypeptide_domain"/>
      <span end="22653" id="15630473-15143" start="22647">domain</span>
    </annotation>
    <annotation annotator="Mike Bada, University of Colorado School of Medicine" id="SO_2017_06_11_Instance_18167" type="identity">
      <class id="SO:0000857" label="homologous"/>
      <span end="22710" id="15630473-14875" start="22702">homology</span>
    </annotation>
    <annotation annotator="Mike Bada, University of Colorado School of Medicine" id="SO_2017_06_11_Instance_27611" type="identity">
      <class id="SO_EXT:0000417" label="polypeptide_domain"/>
      <span end="22719" id="15630473-15145" start="22713">domain</span>
    </annotation>
    <annotation annotator="Mike Bada, University of Colorado School of Medicine" id="SO_2017_06_11_Instance_27613" type="identity">
      <class id="SO_EXT:0000417" label="polypeptide_domain"/>
      <span end="22741" id="15630473-15147" start="22735">domain</span>
    </annotation>
    <annotation annotator="" id="SO_2017_06_11_backup_Instance_11868" type="identity">
      <class id="CHEBI_SO_EXT:peptide_or_peptide_region" label="peptide or peptide region"/>
      <span end="22880" id="15630473-14779" start="22873">peptide</span>
    </annotation>
    <annotation annotator="Mike Bada, University of Colorado School of Medicine" id="SO_2017_06_11_Instance_27615" type="identity">
      <class id="SO_EXT:0000417" label="polypeptide_domain"/>
      <span end="23039" id="15630473-15149" start="23033">domain</span>
    </annotation>
    <annotation annotator="" id="SO_2017_06_11_backup_Instance_11870" type="identity">
      <class id="CHEBI_SO_EXT:nucleotide" label="nucleotide"/>
      <span end="23111" id="15630473-14781" start="23101">nucleotide</span>
    </annotation>
    <annotation annotator="Mike Bada, University of Colorado School of Medicine" id="SO_2017_06_11_Instance_49363" type="identity">
      <class id="SO_EXT:0000704" label="gene"/>
      <span end="23531" id="15630473-15228" start="23527">Gene</span>
    </annotation>
    <annotation annotator="" id="SO_2017_06_11_backup_Instance_11872" type="identity">
      <class id="CHEBI_SO_EXT:mRNA" label="mRNA"/>
      <span end="23649" id="15630473-14783" start="23645">mRNA</span>
    </annotation>
    <annotation annotator="Mike Bada, University of Colorado School of Medicine" id="SO_2017_06_11_Instance_49367" type="identity">
      <class id="SO_EXT:0000704" label="gene"/>
      <span end="23748" id="15630473-15230" start="23744">gene</span>
    </annotation>
    <annotation annotator="Mike Bada, University of Colorado School of Medicine" id="SO_2017_06_11_Instance_49369" type="identity">
      <class id="SO_EXT:0000167" label="promoter"/>
      <span end="24467" id="15630473-15232" start="24459">promoter</span>
    </annotation>
    <annotation annotator="Mike Bada, University of Colorado School of Medicine" id="SO_2017_06_11_Instance_49371" type="identity">
      <class id="SO_EXT:0000704" label="gene"/>
      <span end="24521" id="15630473-15234" start="24517">gene</span>
    </annotation>
    <annotation annotator="" id="SO_2017_06_11_Instance_188888" type="identity">
      <class id="SO_EXT:sequence_alteration_entity_or_process" label="sequence alteration entity or process"/>
      <span end="25101" id="15630473-14883" start="25092">mutations</span>
    </annotation>
    <annotation annotator="Mike Bada, University of Colorado School of Medicine" id="SO_2017_06_11_Instance_49373" type="identity">
      <class id="SO_EXT:0000704" label="gene"/>
      <span end="25138" id="15630473-15236" start="25133">genes</span>
    </annotation>
    <annotation annotator="" id="SO_2017_06_11_Instance_220343" type="identity">
      <class id="SO_EXT:sequence_nullness" label="sequence nullness"/>
      <span end="25160" id="15630473-14933" start="25156">null</span>
    </annotation>
    <annotation annotator="" id="SO_2017_06_11_backup_Instance_11874" type="identity">
      <class id="CHEBI_SO_EXT:mRNA" label="mRNA"/>
      <span end="26525" id="15630473-14785" start="26521">mRNA</span>
    </annotation>
    <annotation annotator="Mike Bada, University of Colorado School of Medicine" id="SO_2017_06_11_Instance_49377" type="identity">
      <class id="SO_EXT:0000167" label="promoter"/>
      <span end="26563" id="15630473-15238" start="26555">promoter</span>
    </annotation>
    <annotation annotator="Mike Bada, University of Colorado School of Medicine" id="SO_2017_06_11_Instance_49379" type="identity">
      <class id="SO_EXT:0000902" label="transgene"/>
      <span end="26693" id="15630473-15240" start="26684">transgene</span>
    </annotation>
    <annotation annotator="" id="SO_2017_06_11_backup_Instance_11876" type="identity">
      <class id="CHEBI_SO_EXT:base" label="base"/>
      <span end="26772" id="15630473-14787" start="26771">b</span>
    </annotation>
    <annotation annotator="Mike Bada, University of Colorado School of Medicine" id="SO_2017_06_11_Instance_49381" type="identity">
      <class id="SO_EXT:0000167" label="promoter"/>
      <span end="26784" id="15630473-15242" start="26776">promoter</span>
    </annotation>
    <annotation annotator="" id="SO_2017_06_11_Instance_191051" type="identity">
      <class id="SO_EXT:biological_sequence" label="biological sequence"/>
      <span end="26793" id="15630473-14905" start="26785">sequence</span>
    </annotation>
    <annotation annotator="" id="SO_2017_06_11_Instance_90882" type="identity">
      <class id="SO_EXT:sequence_upstreamness" label="sequence upstreamness"/>
      <span end="26804" id="15630473-15390" start="26802">5′</span>
    </annotation>
    <annotation annotator="Mike Bada, University of Colorado School of Medicine" id="SO_2017_06_11_Instance_29391" type="identity">
      <class id="SO_EXT:0000315" label="TSS"/>
      <span end="26843" id="15630473-15174" start="26814">transcription initiation site</span>
    </annotation>
    <annotation annotator="Mike Bada, University of Colorado School of Medicine" id="SO_2017_06_11_Instance_29523" type="identity">
      <class id="SO_EXT:0000842" label="gene_component_region"/>
      <span end="26846" id="15630473-15176" start="26839">site of</span>
      <span end="26867" id="15630473-15177" start="26863">gene</span>
    </annotation>
    <annotation annotator="Mike Bada, University of Colorado School of Medicine" id="SO_2017_06_11_Instance_49385" type="identity">
      <class id="SO_EXT:0000902" label="transgene"/>
      <span end="26983" id="15630473-15244" start="26974">transgene</span>
    </annotation>
    <annotation annotator="Mike Bada, University of Colorado School of Medicine" id="SO_2017_06_11_Instance_49387" type="identity">
      <class id="SO_EXT:0000167" label="promoter"/>
      <span end="27177" id="15630473-15246" start="27169">promoter</span>
    </annotation>
    <annotation annotator="Mike Bada, University of Colorado School of Medicine" id="SO_2017_06_11_Instance_49389" type="identity">
      <class id="SO_EXT:0000167" label="promoter"/>
      <span end="27315" id="15630473-15248" start="27307">promoter</span>
    </annotation>
    <annotation annotator="Mike Bada, University of Colorado School of Medicine" id="SO_2017_06_11_Instance_49391" type="identity">
      <class id="SO_EXT:0000167" label="promoter"/>
      <span end="27428" id="15630473-15250" start="27420">promoter</span>
    </annotation>
    <annotation annotator="" id="SO_2017_06_11_Instance_188890" type="identity">
      <class id="SO_EXT:sequence_alteration_entity_or_process" label="sequence alteration entity or process"/>
      <span end="27660" id="15630473-14885" start="27652">mutation</span>
    </annotation>
    <annotation annotator="Mike Bada, University of Colorado School of Medicine" id="SO_2017_06_11_Instance_29747" type="identity">
      <class id="SO_EXT:0000409" label="binding_site"/>
      <span end="27695" id="15630473-15179" start="27680">binding element</span>
    </annotation>
    <annotation annotator="" id="SO_2017_06_11_backup_Instance_11878" type="identity">
      <class id="CHEBI_SO_EXT:base" label="base"/>
      <span end="27716" id="15630473-14789" start="27715">b</span>
    </annotation>
    <annotation annotator="" id="SO_2017_06_11_Instance_90884" type="identity">
      <class id="SO_EXT:sequence_upstreamness" label="sequence upstreamness"/>
      <span end="27719" id="15630473-15392" start="27717">5′</span>
    </annotation>
    <annotation annotator="Mike Bada, University of Colorado School of Medicine" id="SO_2017_06_11_Instance_49393" type="identity">
      <class id="SO_EXT:0000315" label="TSS"/>
      <span end="27759" id="15630473-15252" start="27735">transcription start site</span>
    </annotation>
    <annotation annotator="Mike Bada, University of Colorado School of Medicine" id="SO_2017_06_11_Instance_49395" type="identity">
      <class id="SO_EXT:0000704" label="gene"/>
      <span end="27921" id="15630473-15254" start="27917">gene</span>
    </annotation>
    <annotation annotator="Mike Bada, University of Colorado School of Medicine" id="SO_2017_06_11_Instance_49397" type="identity">
      <class id="SO_EXT:0000167" label="promoter"/>
      <span end="28001" id="15630473-15256" start="27993">promoter</span>
    </annotation>
    <annotation annotator="Mike Bada, University of Colorado School of Medicine" id="SO_2017_06_11_Instance_49399" type="identity">
      <class id="SO_EXT:0000704" label="gene"/>
      <span end="28038" id="15630473-15258" start="28034">gene</span>
    </annotation>
    <annotation annotator="" id="SO_2017_06_11_backup_Instance_11880" type="identity">
      <class id="CHEBI_SO_EXT:mRNA" label="mRNA"/>
      <span end="28149" id="15630473-14791" start="28145">mRNA</span>
    </annotation>
    <annotation annotator="" id="SO_2017_06_11_backup_Instance_16970" type="identity">
      <class id="CHEBI_SO_EXT:molecular_label_or_mark_or_tag_process" label="molecular label/mark/tag process"/>
      <span end="28477" id="15630473-14835" start="28470">labeled</span>
    </annotation>
    <annotation annotator="" id="SO_2017_06_11_backup_Instance_16972" type="identity">
      <class id="CHEBI_SO_EXT:molecular_label_or_mark_or_tag_process" label="molecular label/mark/tag process"/>
      <span end="28525" id="15630473-14837" start="28517">labeling</span>
    </annotation>
    <annotation annotator="" id="SO_2017_06_11_Instance_220345" type="identity">
      <class id="SO_EXT:sequence_nullness" label="sequence nullness"/>
      <span end="28639" id="15630473-14935" start="28635">null</span>
    </annotation>
    <annotation annotator="" id="SO_2017_06_11_Instance_188892" type="identity">
      <class id="SO_EXT:sequence_alteration_entity_or_process" label="sequence alteration entity or process"/>
      <span end="28648" id="15630473-14887" start="28640">mutation</span>
    </annotation>
    <annotation annotator="Mike Bada, University of Colorado School of Medicine" id="SO_2017_06_11_Instance_19039" type="identity">
      <class id="SO_EXT:wild_type_entity_or_quality" label="wild-typeness or wild-type entity"/>
      <span end="28755" id="15630473-14897" start="28753">WT</span>
    </annotation>
    <annotation annotator="" id="SO_2017_06_11_Instance_220347" type="identity">
      <class id="SO_EXT:sequence_nullness" label="sequence nullness"/>
      <span end="28776" id="15630473-14937" start="28772">null</span>
    </annotation>
    <annotation annotator="Mike Bada, University of Colorado School of Medicine" id="SO_2017_06_11_Instance_27739" type="identity">
      <class id="SO_EXT:0001060" label="sequence_variant"/>
      <span end="28869" id="15630473-15163" start="28862">isoform</span>
    </annotation>
    <annotation annotator="" id="SO_2017_06_11_Instance_220349" type="identity">
      <class id="SO_EXT:sequence_nullness" label="sequence nullness"/>
      <span end="29079" id="15630473-14939" start="29075">null</span>
    </annotation>
    <annotation annotator="" id="SO_2017_06_11_Instance_220351" type="identity">
      <class id="SO_EXT:sequence_nullness" label="sequence nullness"/>
      <span end="29181" id="15630473-14941" start="29177">null</span>
    </annotation>
    <annotation annotator="" id="SO_2017_06_11_backup_Instance_11882" type="identity">
      <class id="CHEBI_SO_EXT:mRNA" label="mRNA"/>
      <span end="29326" id="15630473-14793" start="29321">mRNAs</span>
    </annotation>
    <annotation annotator="" id="SO_2017_06_11_Instance_220353" type="identity">
      <class id="SO_EXT:sequence_nullness" label="sequence nullness"/>
      <span end="29361" id="15630473-14943" start="29357">null</span>
    </annotation>
    <annotation annotator="" id="SO_2017_06_11_Instance_224241" type="identity">
      <class id="SO_EXT:transgenic_entity" label="transgenic entity"/>
      <span end="29516" id="15630473-15029" start="29514">Tg</span>
    </annotation>
    <annotation annotator="Mike Bada, University of Colorado School of Medicine" id="SO_2017_06_11_Instance_49405" type="identity">
      <class id="SO_EXT:0000704" label="gene"/>
      <span end="29810" id="15630473-15260" start="29806">gene</span>
    </annotation>
    <annotation annotator="" id="SO_2017_06_11_Instance_220355" type="identity">
      <class id="SO_EXT:sequence_nullness" label="sequence nullness"/>
      <span end="30031" id="15630473-14945" start="30027">null</span>
    </annotation>
    <annotation annotator="" id="SO_2017_06_11_Instance_220357" type="identity">
      <class id="SO_EXT:sequence_nullness" label="sequence nullness"/>
      <span end="30351" id="15630473-14947" start="30347">null</span>
    </annotation>
    <annotation annotator="Mike Bada, University of Colorado School of Medicine" id="SO_2017_06_11_Instance_49407" type="identity">
      <class id="SO_EXT:0000704" label="gene"/>
      <span end="30876" id="15630473-15262" start="30871">genes</span>
    </annotation>
    <annotation annotator="Mike Bada, University of Colorado School of Medicine" id="SO_2017_06_11_Instance_49409" type="identity">
      <class id="SO_EXT:0000704" label="gene"/>
      <span end="30989" id="15630473-15264" start="30985">gene</span>
    </annotation>
    <annotation annotator="" id="SO_2017_06_11_Instance_220359" type="identity">
      <class id="SO_EXT:sequence_nullness" label="sequence nullness"/>
      <span end="31054" id="15630473-14949" start="31050">null</span>
    </annotation>
    <annotation annotator="" id="SO_2017_06_11_Instance_220361" type="identity">
      <class id="SO_EXT:sequence_nullness" label="sequence nullness"/>
      <span end="31108" id="15630473-14951" start="31104">null</span>
    </annotation>
    <annotation annotator="Mike Bada, University of Colorado School of Medicine" id="SO_2017_06_11_Instance_19041" type="identity">
      <class id="SO_EXT:wild_type_entity_or_quality" label="wild-typeness or wild-type entity"/>
      <span end="31181" id="15630473-14899" start="31179">WT</span>
    </annotation>
    <annotation annotator="Mike Bada, University of Colorado School of Medicine" id="SO_2017_06_11_Instance_19043" type="identity">
      <class id="SO_EXT:wild_type_entity_or_quality" label="wild-typeness or wild-type entity"/>
      <span end="31483" id="15630473-14901" start="31481">WT</span>
    </annotation>
    <annotation annotator="" id="SO_2017_06_11_Instance_220363" type="identity">
      <class id="SO_EXT:sequence_nullness" label="sequence nullness"/>
      <span end="31499" id="15630473-14953" start="31495">null</span>
    </annotation>
    <annotation annotator="Mike Bada, University of Colorado School of Medicine" id="SO_2017_06_11_Instance_49411" type="identity">
      <class id="SO_EXT:0000704" label="gene"/>
      <span end="31796" id="15630473-15266" start="31792">gene</span>
    </annotation>
    <annotation annotator="" id="SO_2017_06_11_Instance_220365" type="identity">
      <class id="SO_EXT:sequence_nullness" label="sequence nullness"/>
      <span end="33254" id="15630473-14955" start="33250">null</span>
    </annotation>
    <annotation annotator="" id="SO_2017_06_11_Instance_220367" type="identity">
      <class id="SO_EXT:sequence_nullness" label="sequence nullness"/>
      <span end="34578" id="15630473-14957" start="34574">null</span>
    </annotation>
    <annotation annotator="" id="SO_2017_06_11_Instance_220369" type="identity">
      <class id="SO_EXT:sequence_nullness" label="sequence nullness"/>
      <span end="34666" id="15630473-14959" start="34662">null</span>
    </annotation>
    <annotation annotator="" id="SO_2017_06_11_Instance_220371" type="identity">
      <class id="SO_EXT:sequence_nullness" label="sequence nullness"/>
      <span end="34846" id="15630473-14961" start="34842">null</span>
    </annotation>
    <annotation annotator="Mike Bada, University of Colorado School of Medicine" id="SO_2017_06_11_Instance_49413" type="identity">
      <class id="SO_EXT:0000704" label="gene"/>
      <span end="35533" id="15630473-15268" start="35528">genes</span>
    </annotation>
    <annotation annotator="Mike Bada, University of Colorado School of Medicine" id="SO_2017_06_11_Instance_49415" type="identity">
      <class id="SO_EXT:0000704" label="gene"/>
      <span end="35843" id="15630473-15270" start="35839">gene</span>
    </annotation>
    <annotation annotator="Mike Bada, University of Colorado School of Medicine" id="SO_2017_06_11_Instance_49417" type="identity">
      <class id="SO_EXT:0000704" label="gene"/>
      <span end="35943" id="15630473-15272" start="35939">gene</span>
    </annotation>
    <annotation annotator="Mike Bada, University of Colorado School of Medicine" id="SO_2017_06_11_Instance_49419" type="identity">
      <class id="SO_EXT:0000902" label="transgene"/>
      <span end="36079" id="15630473-15274" start="36070">transgene</span>
    </annotation>
    <annotation annotator="" id="SO_2017_06_11_Instance_185994" type="identity">
      <class id="SO_EXT:sequence_altered_entity_or_alteration_process" label="sequence-altered entity or alteration process"/>
      <span end="36265" id="15630473-14879" start="36259">mutant</span>
    </annotation>
    <annotation annotator="" id="SO_2017_06_11_Instance_224243" type="identity">
      <class id="SO_EXT:transgenic_entity" label="transgenic entity"/>
      <span end="36646" id="15630473-15031" start="36644">Tg</span>
    </annotation>
    <annotation annotator="" id="SO_2017_06_11_Instance_224245" type="identity">
      <class id="SO_EXT:transgenic_entity" label="transgenic entity"/>
      <span end="36951" id="15630473-15033" start="36949">Tg</span>
    </annotation>
    <annotation annotator="" id="SO_2017_06_11_Instance_224247" type="identity">
      <class id="SO_EXT:transgenic_entity" label="transgenic entity"/>
      <span end="37114" id="15630473-15035" start="37112">Tg</span>
    </annotation>
    <annotation annotator="Mike Bada, University of Colorado School of Medicine" id="SO_2017_06_11_Instance_49421" type="identity">
      <class id="SO_EXT:0000167" label="promoter"/>
      <span end="37255" id="15630473-15276" start="37247">promoter</span>
    </annotation>
    <annotation annotator="Mike Bada, University of Colorado School of Medicine" id="SO_2017_06_11_Instance_49423" type="identity">
      <class id="SO_EXT:0000167" label="promoter"/>
      <span end="37497" id="15630473-15278" start="37489">promoter</span>
    </annotation>
    <annotation annotator="" id="SO_2017_06_11_Instance_188894" type="identity">
      <class id="SO_EXT:sequence_alteration_entity_or_process" label="sequence alteration entity or process"/>
      <span end="38025" id="15630473-14889" start="38016">mutations</span>
    </annotation>
    <annotation annotator="Mike Bada, University of Colorado School of Medicine" id="SO_2017_06_11_Instance_49425" type="identity">
      <class id="SO_EXT:0000704" label="gene"/>
      <span end="38225" id="15630473-15280" start="38221">gene</span>
    </annotation>
    <annotation annotator="Mike Bada, University of Colorado School of Medicine" id="SO_2017_06_11_Instance_49427" type="identity">
      <class id="SO_EXT:0000409" label="binding_site"/>
      <span end="38524" id="15630473-15282" start="38512">binding site</span>
    </annotation>
    <annotation annotator="Mike Bada, University of Colorado School of Medicine" id="SO_2017_06_11_Instance_49429" type="identity">
      <class id="SO_EXT:0000167" label="promoter"/>
      <span end="38551" id="15630473-15284" start="38543">promoter</span>
    </annotation>
    <annotation annotator="Mike Bada, University of Colorado School of Medicine" id="SO_2017_06_11_Instance_49431" type="identity">
      <class id="SO_EXT:0000704" label="gene"/>
      <span end="38691" id="15630473-15286" start="38687">gene</span>
    </annotation>
    <annotation annotator="" id="SO_2017_06_11_Instance_220373" type="identity">
      <class id="SO_EXT:sequence_nullness" label="sequence nullness"/>
      <span end="38997" id="15630473-14963" start="38993">null</span>
    </annotation>
    <annotation annotator="Mike Bada, University of Colorado School of Medicine" id="SO_2017_06_11_Instance_49433" type="identity">
      <class id="SO_EXT:0000704" label="gene"/>
      <span end="39093" id="15630473-15288" start="39089">gene</span>
    </annotation>
    <annotation annotator="Mike Bada, University of Colorado School of Medicine" id="SO_2017_06_11_Instance_49435" type="identity">
      <class id="SO_EXT:0000704" label="gene"/>
      <span end="39314" id="15630473-15290" start="39310">gene</span>
    </annotation>
    <annotation annotator="Mike Bada, University of Colorado School of Medicine" id="SO_2017_06_11_Instance_49437" type="identity">
      <class id="SO_EXT:0000704" label="gene"/>
      <span end="39450" id="15630473-15292" start="39446">gene</span>
    </annotation>
    <annotation annotator="" id="SO_2017_06_11_Instance_224249" type="identity">
      <class id="SO_EXT:transgenic_entity" label="transgenic entity"/>
      <span end="39544" id="15630473-15037" start="39542">Tg</span>
    </annotation>
    <annotation annotator="" id="SO_2017_06_11_Instance_224251" type="identity">
      <class id="SO_EXT:transgenic_entity" label="transgenic entity"/>
      <span end="39887" id="15630473-15039" start="39885">Tg</span>
    </annotation>
    <annotation annotator="" id="SO_2017_06_11_Instance_220375" type="identity">
      <class id="SO_EXT:sequence_nullness" label="sequence nullness"/>
      <span end="39973" id="15630473-14965" start="39969">null</span>
    </annotation>
    <annotation annotator="" id="SO_2017_06_11_Instance_224253" type="identity">
      <class id="SO_EXT:transgenic_entity" label="transgenic entity"/>
      <span end="40160" id="15630473-15041" start="40158">Tg</span>
    </annotation>
    <annotation annotator="" id="SO_2017_06_11_Instance_220377" type="identity">
      <class id="SO_EXT:sequence_nullness" label="sequence nullness"/>
      <span end="40551" id="15630473-14967" start="40547">null</span>
    </annotation>
    <annotation annotator="" id="SO_2017_06_11_Instance_188896" type="identity">
      <class id="SO_EXT:sequence_alteration_entity_or_process" label="sequence alteration entity or process"/>
      <span end="40560" id="15630473-14891" start="40552">mutation</span>
    </annotation>
    <annotation annotator="Mike Bada, University of Colorado School of Medicine" id="SO_2017_06_11_Instance_24387" type="identity">
      <class id="SO_EXT:wild_type_entity_or_quality" label="wild-typeness or wild-type entity"/>
      <span end="40678" id="15630473-15103" start="40676">WT</span>
    </annotation>
    <annotation annotator="" id="SO_2017_06_11_Instance_90524" type="identity">
      <class id="CHEBI_SO_EXT:N_terminus_or_N_terminal_region" label="N-terminus or N-terminal region"/>
      <span end="44098" id="15630473-15388" start="44088">N-terminal</span>
    </annotation>
    <annotation annotator="" id="SO_2017_06_11_Instance_191053" type="identity">
      <class id="SO_EXT:biological_sequence" label="biological sequence"/>
      <span end="44107" id="15630473-14907" start="44099">sequence</span>
    </annotation>
    <annotation annotator="" id="SO_2017_06_11_Instance_222098" type="identity">
      <class id="SO_EXT:sequence_fusion_process" label="sequence fusion process or quality"/>
      <span end="44129" id="15630473-14977" start="44124">fused</span>
    </annotation>
    <annotation annotator="" id="SO_2017_06_11_Instance_230222" type="identity">
      <class id="GO_SO_EXT:sequence_rearrangement_process" label="sequence rearrangement process"/>
      <span end="44197" id="15630473-15097" start="44186">Recombinant</span>
    </annotation>
    <annotation annotator="" id="SO_2017_06_11_Instance_230224" type="identity">
      <class id="GO_SO_EXT:sequence_rearrangement_process" label="sequence rearrangement process"/>
      <span end="44339" id="15630473-15099" start="44328">recombinant</span>
    </annotation>
    <annotation annotator="" id="SO_2017_06_11_Instance_224255" type="identity">
      <class id="SO_EXT:transgenic_entity" label="transgenic entity"/>
      <span end="44393" id="15630473-15043" start="44391">Tg</span>
    </annotation>
    <annotation annotator="Mike Bada, University of Colorado School of Medicine" id="SO_2017_06_11_Instance_49439" type="identity">
      <class id="SO_EXT:0000155" label="plasmid"/>
      <span end="44457" id="15630473-15294" start="44450">plasmid</span>
    </annotation>
    <annotation annotator="Mike Bada, University of Colorado School of Medicine" id="SO_2017_06_11_Instance_49441" type="identity">
      <class id="SO_EXT:0000440" label="vector_replicon"/>
      <span end="44573" id="15630473-15296" start="44567">vector</span>
    </annotation>
    <annotation annotator="" id="SO_2017_06_11_Instance_91733" type="identity">
      <class id="SO_EXT:sequence_linearization" label="sequence linearization"/>
      <span end="44594" id="15630473-15396" start="44584">linearized</span>
    </annotation>
    <annotation annotator="" id="SO_2017_06_11_Instance_211327" type="identity">
      <class id="SO_EXT:engineered_biological_sequence" label="engineered biological sequence"/>
      <span end="44604" id="15630473-14917" start="44595">construct</span>
    </annotation>
    <annotation annotator="" id="SO_2017_06_11_Instance_224257" type="identity">
      <class id="SO_EXT:transgenic_entity" label="transgenic entity"/>
      <span end="44678" id="15630473-15045" start="44676">Tg</span>
    </annotation>
    <annotation annotator="Mike Bada, University of Colorado School of Medicine" id="SO_2017_06_11_Instance_49443" type="identity">
      <class id="SO_EXT:0000167" label="promoter"/>
      <span end="46670" id="15630473-15298" start="46662">promoter</span>
    </annotation>
    <annotation annotator="" id="SO_2017_06_11_Instance_211329" type="identity">
      <class id="SO_EXT:engineered_biological_sequence" label="engineered biological sequence"/>
      <span end="47383" id="15630473-14919" start="47373">Constructs</span>
    </annotation>
    <annotation annotator="" id="SO_2017_06_11_backup_Instance_11884" type="identity">
      <class id="CHEBI_SO_EXT:base" label="base"/>
      <span end="47395" id="15630473-14795" start="47394">b</span>
    </annotation>
    <annotation annotator="Mike Bada, University of Colorado School of Medicine" id="SO_2017_06_11_Instance_49445" type="identity">
      <class id="SO_EXT:0000167" label="promoter"/>
      <span end="47417" id="15630473-15300" start="47409">promoter</span>
    </annotation>
    <annotation annotator="Mike Bada, University of Colorado School of Medicine" id="SO_2017_06_11_Instance_49447" type="identity">
      <class id="SO_EXT:0000121" label="forward_primer"/>
      <span end="47461" id="15630473-15302" start="47447">forward primer</span>
    </annotation>
    <annotation annotator="" id="SO_2017_06_11_Instance_191055" type="identity">
      <class id="SO_EXT:biological_sequence" label="biological sequence"/>
      <span end="47490" id="15630473-14909" start="47482">sequence</span>
    </annotation>
    <annotation annotator="Mike Bada, University of Colorado School of Medicine" id="SO_2017_06_11_Instance_49451" type="identity">
      <class id="SO_EXT:0000132" label="reverse_primer"/>
      <span end="47557" id="15630473-15304" start="47543">reverse primer</span>
    </annotation>
    <annotation annotator="" id="SO_2017_06_11_Instance_191057" type="identity">
      <class id="SO_EXT:biological_sequence" label="biological sequence"/>
      <span end="47586" id="15630473-14911" start="47578">sequence</span>
    </annotation>
    <annotation annotator="" id="SO_2017_06_11_Instance_211663" type="identity">
      <class id="SO_EXT:genomic_DNA" label="genomic DNA"/>
      <span end="47647" id="15630473-14923" start="47636">genomic DNA</span>
    </annotation>
    <annotation annotator="Mike Bada, University of Colorado School of Medicine" id="SO_2017_06_11_Instance_49455" type="identity">
      <class id="SO_EXT:0000006" label="PCR_product"/>
      <span end="47678" id="15630473-15306" start="47667">PCR product</span>
    </annotation>
    <annotation annotator="Mike Bada, University of Colorado School of Medicine" id="SO_2017_06_11_Instance_49457" type="identity">
      <class id="SO_EXT:0000440" label="vector_replicon"/>
      <span end="47803" id="15630473-15308" start="47797">vector</span>
    </annotation>
    <annotation annotator="Mike Bada, University of Colorado School of Medicine" id="SO_2017_06_11_Instance_49459" type="identity">
      <class id="SO_EXT:0000167" label="promoter"/>
      <span end="47867" id="15630473-15310" start="47859">promoter</span>
    </annotation>
    <annotation annotator="Mike Bada, University of Colorado School of Medicine" id="SO_2017_06_11_Instance_49461" type="identity">
      <class id="SO_EXT:0000440" label="vector_replicon"/>
      <span end="47970" id="15630473-15312" start="47964">vector</span>
    </annotation>
    <annotation annotator="" id="SO_2017_06_11_Instance_225678" type="identity">
      <class id="SO_EXT:point_mutation_entity_or_process" label="point mutation entity or process"/>
      <span end="48055" id="15630473-15095" start="48040">point mutations</span>
    </annotation>
    <annotation annotator="Mike Bada, University of Colorado School of Medicine" id="SO_2017_06_11_Instance_27473" type="identity">
      <class id="SO_EXT:0000409" label="binding_site"/>
      <span end="48083" id="15630473-15135" start="48068">binding element</span>
    </annotation>
    <annotation annotator="Mike Bada, University of Colorado School of Medicine" id="SO_2017_06_11_Instance_49465" type="identity">
      <class id="SO_EXT:0000121" label="forward_primer"/>
      <span end="48197" id="15630473-15314" start="48183">forward primer</span>
    </annotation>
    <annotation annotator="Mike Bada, University of Colorado School of Medicine" id="SO_2017_06_11_Instance_49467" type="identity">
      <class id="SO_EXT:0000132" label="reverse_primer"/>
      <span end="48272" id="15630473-15316" start="48258">reverse primer</span>
    </annotation>
    <annotation annotator="" id="SO_2017_06_11_backup_Instance_11888" type="identity">
      <class id="CHEBI_SO_EXT:molecular_probe" label="molecular probe"/>
      <span end="48337" id="15630473-14797" start="48331">probes</span>
    </annotation>
    <annotation annotator="Mike Bada, University of Colorado School of Medicine" id="SO_2017_06_11_Instance_27479" type="identity">
      <class id="SO_EXT:0000205" label="three_prime_UTR"/>
      <span end="48407" id="15630473-15137" start="48401">3′ UTR</span>
    </annotation>
    <annotation annotator="Mike Bada, University of Colorado School of Medicine" id="SO_2017_06_11_Instance_49471" type="identity">
      <class id="SO_EXT:0000121" label="forward_primer"/>
      <span end="48439" id="15630473-15318" start="48425">forward primer</span>
    </annotation>
    <annotation annotator="Mike Bada, University of Colorado School of Medicine" id="SO_2017_06_11_Instance_49473" type="identity">
      <class id="SO_EXT:0000132" label="reverse_primer"/>
      <span end="48494" id="15630473-15320" start="48480">reverse primer</span>
    </annotation>
    <annotation annotator="" id="SO_2017_06_11_Instance_211665" type="identity">
      <class id="SO_EXT:genomic_DNA" label="genomic DNA"/>
      <span end="48542" id="15630473-14925" start="48531">genomic DNA</span>
    </annotation>
    <annotation annotator="Mike Bada, University of Colorado School of Medicine" id="SO_2017_06_11_Instance_49475" type="identity">
      <class id="SO_EXT:0000006" label="PCR_product"/>
      <span end="48573" id="15630473-15322" start="48562">PCR product</span>
    </annotation>
    <annotation annotator="Mike Bada, University of Colorado School of Medicine" id="SO_2017_06_11_Instance_49477" type="identity">
      <class id="SO_EXT:0000440" label="vector_replicon"/>
      <span end="48628" id="15630473-15324" start="48622">vector</span>
    </annotation>
    <annotation annotator="Mike Bada, University of Colorado School of Medicine" id="SO_2017_06_11_Instance_27617" type="identity">
      <class id="SO_EXT:0000417" label="polypeptide_domain"/>
      <span end="48648" id="15630473-15151" start="48642">domain</span>
    </annotation>
    <annotation annotator="" id="SO_2017_06_11_Instance_222100" type="identity">
      <class id="SO_EXT:sequence_fusion_process" label="sequence fusion process or quality"/>
      <span end="48715" id="15630473-14979" start="48710">fused</span>
    </annotation>
    <annotation annotator="Mike Bada, University of Colorado School of Medicine" id="SO_2017_06_11_Instance_49479" type="identity">
      <class id="SO_EXT:0000440" label="vector_replicon"/>
      <span end="48764" id="15630473-15326" start="48758">vector</span>
    </annotation>
    <annotation annotator="Mike Bada, University of Colorado School of Medicine" id="SO_2017_06_11_Instance_49481" type="identity">
      <class id="SO_EXT:0000440" label="vector_replicon"/>
      <span end="48839" id="15630473-15328" start="48833">vector</span>
    </annotation>
    <annotation annotator="Mike Bada, University of Colorado School of Medicine" id="SO_2017_06_11_Instance_27795" type="identity">
      <class id="SO_EXT:0000837" label="UTR_region"/>
      <span end="48862" id="15630473-15165" start="48853">region of</span>
      <span end="48873" id="15630473-15166" start="48870">UTR</span>
    </annotation>
    <annotation annotator="Mike Bada, University of Colorado School of Medicine" id="SO_2017_06_11_Instance_27797" type="identity">
      <class id="SO_EXT:0000205" label="three_prime_UTR"/>
      <span end="48873" id="15630473-15168" start="48867">3′ UTR</span>
    </annotation>
    <annotation annotator="" id="SO_2017_06_11_backup_Instance_16974" type="identity">
      <class id="CHEBI_SO_EXT:molecular_label_or_mark_or_tag_process" label="molecular label/mark/tag process"/>
      <span end="48937" id="15630473-14839" start="48930">labeled</span>
    </annotation>
    <annotation annotator="Mike Bada, University of Colorado School of Medicine" id="SO_2017_06_11_Instance_49483" type="identity">
      <class id="SO:0000077" label="antisense"/>
      <span end="48957" id="15630473-15330" start="48948">antisense</span>
    </annotation>
    <annotation annotator="" id="SO_2017_06_11_backup_Instance_11892" type="identity">
      <class id="CHEBI_SO_EXT:molecular_probe" label="molecular probe"/>
      <span end="48968" id="15630473-14799" start="48958">riboprobes</span>
    </annotation>
    <annotation annotator="" id="SO_2017_06_11_backup_Instance_11894" type="identity">
      <class id="CHEBI_SO_EXT:molecular_probe" label="molecular probe"/>
      <span end="48999" id="15630473-14801" start="48993">probes</span>
    </annotation>
    <annotation annotator="" id="SO_2017_06_11_backup_Instance_11896" type="identity">
      <class id="CHEBI_SO_EXT:molecular_probe" label="molecular probe"/>
      <span end="49268" id="15630473-14803" start="49263">probe</span>
    </annotation>
    <annotation annotator="" id="SO_2017_06_11_backup_Instance_11898" type="identity">
      <class id="CHEBI_SO_EXT:RNA" label="RNA"/>
      <span end="50272" id="15630473-14805" start="50269">RNA</span>
    </annotation>
    <annotation annotator="" id="SO_2017_06_11_Instance_210802" type="identity">
      <class id="SO_EXT:cDNA" label="complementary DNA"/>
      <span end="50392" id="15630473-14915" start="50388">cDNA</span>
    </annotation>
    <annotation annotator="" id="SO_2017_06_11_backup_Instance_16752" type="identity">
      <class id="CHEBI_SO_EXT:oligonucleotide" label="oligonucleotide"/>
      <span end="50418" id="15630473-14829" start="50413">oligo</span>
    </annotation>
    <annotation annotator="Mike Bada, University of Colorado School of Medicine" id="SO_2017_06_11_Instance_49491" type="identity">
      <class id="SO_EXT:0000112" label="primer"/>
      <span end="50429" id="15630473-15332" start="50422">primers</span>
    </annotation>
    <annotation annotator="Mike Bada, University of Colorado School of Medicine" id="SO_2017_06_11_Instance_49493" type="identity">
      <class id="SO_EXT:0000112" label="primer"/>
      <span end="50482" id="15630473-15334" start="50475">primers</span>
    </annotation>
    <annotation annotator="Mike Bada, University of Colorado School of Medicine" id="SO_2017_06_11_Instance_49495" type="identity">
      <class id="SO:0001030" label="forward"/>
      <span end="50514" id="15630473-15336" start="50507">forward</span>
    </annotation>
    <annotation annotator="Mike Bada, University of Colorado School of Medicine" id="SO_2017_06_11_Instance_49497" type="identity">
      <class id="SO:0001031" label="reverse"/>
      <span end="50557" id="15630473-15338" start="50550">reverse</span>
    </annotation>
    <annotation annotator="Mike Bada, University of Colorado School of Medicine" id="SO_2017_06_11_Instance_49499" type="identity">
      <class id="SO:0001030" label="forward"/>
      <span end="50598" id="15630473-15340" start="50591">forward</span>
    </annotation>
    <annotation annotator="Mike Bada, University of Colorado School of Medicine" id="SO_2017_06_11_Instance_49501" type="identity">
      <class id="SO:0001031" label="reverse"/>
      <span end="50648" id="15630473-15342" start="50641">reverse</span>
    </annotation>
    <annotation annotator="" id="SO_2017_06_11_Instance_211331" type="identity">
      <class id="SO_EXT:engineered_biological_sequence" label="engineered biological sequence"/>
      <span end="50827" id="15630473-14921" start="50818">construct</span>
    </annotation>
    <annotation annotator="" id="SO_2017_06_11_Instance_223551" type="identity">
      <class id="SO_EXT:transgenic_entity" label="transgenic entity"/>
      <span end="50937" id="15630473-14985" start="50927">transgenic</span>
    </annotation>
    <annotation annotator="Mike Bada, University of Colorado School of Medicine" id="SO_2017_06_11_Instance_49503" type="identity">
      <class id="SO_EXT:0000165" label="enhancer"/>
      <span end="51817" id="15630473-15344" start="51809">enhancer</span>
    </annotation>
    <annotation annotator="" id="SO_2017_06_11_Instance_224259" type="identity">
      <class id="SO_EXT:transgenic_entity" label="transgenic entity"/>
      <span end="52173" id="15630473-15047" start="52171">Tg</span>
    </annotation>
    <annotation annotator="" id="SO_2017_06_11_Instance_223553" type="identity">
      <class id="SO_EXT:transgenic_entity" label="transgenic entity"/>
      <span end="52186" id="15630473-14987" start="52176">transgenic</span>
    </annotation>
    <annotation annotator="Mike Bada, University of Colorado School of Medicine" id="SO_2017_06_11_Instance_49505" type="identity">
      <class id="SO_EXT:0000167" label="promoter"/>
      <span end="52252" id="15630473-15346" start="52244">promoter</span>
    </annotation>
    <annotation annotator="Mike Bada, University of Colorado School of Medicine" id="SO_2017_06_11_Instance_49507" type="identity">
      <class id="SO_EXT:0000203" label="UTR"/>
      <span end="52257" id="15630473-15348" start="52254">UTR</span>
    </annotation>
    <annotation annotator="Mike Bada, University of Colorado School of Medicine" id="SO_2017_06_11_Instance_49509" type="identity">
      <class id="SO_EXT:0000203" label="UTR"/>
      <span end="52279" id="15630473-15350" start="52260">untranslated region</span>
    </annotation>
    <annotation annotator="Mike Bada, University of Colorado School of Medicine" id="SO_2017_06_11_Instance_24711" type="identity">
      <class id="SO_EXT:wild_type_entity_or_quality" label="wild-typeness or wild-type entity"/>
      <span end="52283" id="15630473-15105" start="52281">WT</span>
    </annotation>
    <annotation annotator="Mike Bada, University of Colorado School of Medicine" id="SO_2017_06_11_Instance_49511" type="identity">
      <class id="SO_EXT:wild_type_entity_or_quality" label="wild-typeness or wild-type entity"/>
      <span end="52295" id="15630473-15352" start="52286">wild-type</span>
    </annotation>
    <annotation annotator="Mike Bada, University of Colorado School of Medicine" id="SO_2017_06_11_Instance_49513" type="identity">
      <class id="SO:0000077" label="antisense"/>
      <span end="52589" id="15630473-15354" start="52580">antisense</span>
    </annotation>
    <annotation annotator="" id="SO_2017_06_11_backup_Instance_11900" type="identity">
      <class id="CHEBI_SO_EXT:molecular_probe" label="molecular probe"/>
      <span end="52601" id="15630473-14807" start="52595">probes</span>
    </annotation>
    <annotation annotator="" id="SO_2017_06_11_backup_Instance_11902" type="identity">
      <class id="CHEBI_SO_EXT:RNA" label="RNA"/>
      <span end="52733" id="15630473-14809" start="52730">RNA</span>
    </annotation>
    <annotation annotator="Mike Bada, University of Colorado School of Medicine" id="SO_2017_06_11_Instance_49517" type="identity">
      <class id="SO_EXT:0000440" label="vector_replicon"/>
      <span end="53012" id="15630473-15356" start="53006">vector</span>
    </annotation>
    <annotation annotator="Mike Bada, University of Colorado School of Medicine" id="SO_2017_06_11_Instance_49519" type="identity">
      <class id="SO_EXT:0000167" label="promoter"/>
      <span end="53047" id="15630473-15358" start="53039">promoter</span>
    </annotation>
    <annotation annotator="Mike Bada, University of Colorado School of Medicine" id="SO_2017_06_11_Instance_49521" type="identity">
      <class id="SO_EXT:0000440" label="vector_replicon"/>
      <span end="53066" id="15630473-15360" start="53060">vector</span>
    </annotation>
    <annotation annotator="" id="SO_2017_06_11_backup_Instance_17554" type="identity">
      <class id="CHEBI_SO_EXT:molecular_label_or_mark_or_tag_process" label="molecular label/mark/tag process"/>
      <span end="53084" id="15630473-14867" start="53078">tagged</span>
    </annotation>
    <annotation annotator="" id="SO_2017_06_11_backup_Instance_16976" type="identity">
      <class id="CHEBI_SO_EXT:molecular_label_or_mark_or_tag_process" label="molecular label/mark/tag process"/>
      <span end="54084" id="15630473-14841" start="54076">labeling</span>
    </annotation>
    <annotation annotator="" id="SO_2017_06_11_backup_Instance_17392" type="identity">
      <class id="CHEBI_SO_EXT:molecular_label_or_mark_or_tag_process" label="molecular label/mark/tag process"/>
      <span end="54324" id="15630473-14857" start="54319">marks</span>
    </annotation>
    <annotation annotator="" id="SO_2017_06_11_backup_Instance_16978" type="identity">
      <class id="CHEBI_SO_EXT:molecular_label_or_mark_or_tag_process" label="molecular label/mark/tag process"/>
      <span end="54411" id="15630473-14843" start="54403">labeling</span>
    </annotation>
    <annotation annotator="" id="SO_2017_06_11_backup_Instance_16980" type="identity">
      <class id="CHEBI_SO_EXT:molecular_label_or_mark_or_tag_process" label="molecular label/mark/tag process"/>
      <span end="54705" id="15630473-14845" start="54697">labeling</span>
    </annotation>
    <annotation annotator="" id="SO_2017_06_11_Instance_224261" type="identity">
      <class id="SO_EXT:transgenic_entity" label="transgenic entity"/>
      <span end="54837" id="15630473-15049" start="54835">Tg</span>
    </annotation>
    <annotation annotator="Mike Bada, University of Colorado School of Medicine" id="SO_2017_06_11_Instance_49523" type="identity">
      <class id="SO_EXT:0000902" label="transgene"/>
      <span end="54881" id="15630473-15362" start="54872">transgene</span>
    </annotation>
    <annotation annotator="Mike Bada, University of Colorado School of Medicine" id="SO_2017_06_11_Instance_49525" type="identity">
      <class id="SO_EXT:0000902" label="transgene"/>
      <span end="54979" id="15630473-15364" start="54970">transgene</span>
    </annotation>
    <annotation annotator="Mike Bada, University of Colorado School of Medicine" id="SO_2017_06_11_Instance_24713" type="identity">
      <class id="SO_EXT:wild_type_entity_or_quality" label="wild-typeness or wild-type entity"/>
      <span end="55071" id="15630473-15107" start="55069">WT</span>
    </annotation>
    <annotation annotator="" id="SO_2017_06_11_Instance_224263" type="identity">
      <class id="SO_EXT:transgenic_entity" label="transgenic entity"/>
      <span end="55088" id="15630473-15051" start="55086">Tg</span>
    </annotation>
    <annotation annotator="" id="SO_2017_06_11_Instance_224265" type="identity">
      <class id="SO_EXT:transgenic_entity" label="transgenic entity"/>
      <span end="55182" id="15630473-15053" start="55180">Tg</span>
    </annotation>
    <annotation annotator="Mike Bada, University of Colorado School of Medicine" id="SO_2017_06_11_Instance_49527" type="identity">
      <class id="SO_EXT:0000167" label="promoter"/>
      <span end="55259" id="15630473-15366" start="55251">promoter</span>
    </annotation>
    <annotation annotator="" id="SO_2017_06_11_Instance_224267" type="identity">
      <class id="SO_EXT:transgenic_entity" label="transgenic entity"/>
      <span end="55463" id="15630473-15055" start="55461">Tg</span>
    </annotation>
    <annotation annotator="" id="SO_2017_06_11_Instance_224269" type="identity">
      <class id="SO_EXT:transgenic_entity" label="transgenic entity"/>
      <span end="55680" id="15630473-15057" start="55678">Tg</span>
    </annotation>
    <annotation annotator="" id="SO_2017_06_11_backup_Instance_16982" type="identity">
      <class id="CHEBI_SO_EXT:molecular_label_or_mark_or_tag_process" label="molecular label/mark/tag process"/>
      <span end="55701" id="15630473-14847" start="55694">labeled</span>
    </annotation>
    <annotation annotator="Mike Bada, University of Colorado School of Medicine" id="SO_2017_06_11_Instance_24781" type="identity">
      <class id="SO_EXT:wild_type_entity_or_quality" label="wild-typeness or wild-type entity"/>
      <span end="55975" id="15630473-15109" start="55973">WT</span>
    </annotation>
    <annotation annotator="" id="SO_2017_06_11_Instance_224271" type="identity">
      <class id="SO_EXT:transgenic_entity" label="transgenic entity"/>
      <span end="55981" id="15630473-15059" start="55979">Tg</span>
    </annotation>
    <annotation annotator="" id="SO_2017_06_11_backup_Instance_16984" type="identity">
      <class id="CHEBI_SO_EXT:molecular_label_or_mark_or_tag_process" label="molecular label/mark/tag process"/>
      <span end="56688" id="15630473-14849" start="56681">labeled</span>
    </annotation>
    <annotation annotator="" id="SO_2017_06_11_Instance_224273" type="identity">
      <class id="SO_EXT:transgenic_entity" label="transgenic entity"/>
      <span end="56821" id="15630473-15061" start="56819">Tg</span>
    </annotation>
    <annotation annotator="Mike Bada, University of Colorado School of Medicine" id="SO_2017_06_11_Instance_24783" type="identity">
      <class id="SO_EXT:wild_type_entity_or_quality" label="wild-typeness or wild-type entity"/>
      <span end="56885" id="15630473-15111" start="56883">WT</span>
    </annotation>
    <annotation annotator="" id="SO_2017_06_11_Instance_224275" type="identity">
      <class id="SO_EXT:transgenic_entity" label="transgenic entity"/>
      <span end="56892" id="15630473-15063" start="56890">Tg</span>
    </annotation>
    <annotation annotator="" id="SO_2017_06_11_Instance_224277" type="identity">
      <class id="SO_EXT:transgenic_entity" label="transgenic entity"/>
      <span end="56929" id="15630473-15065" start="56927">Tg</span>
    </annotation>
    <annotation annotator="" id="SO_2017_06_11_backup_Instance_16986" type="identity">
      <class id="CHEBI_SO_EXT:molecular_label_or_mark_or_tag_process" label="molecular label/mark/tag process"/>
      <span end="57028" id="15630473-14851" start="57021">labeled</span>
    </annotation>
    <annotation annotator="" id="SO_2017_06_11_backup_Instance_11904" type="identity">
      <class id="CHEBI_SO_EXT:molecular_indicator_or_label_or_marker_or_tag" label="molecular indicator/label/marker/tag"/>
      <span end="57119" id="15630473-14811" start="57112">markers</span>
    </annotation>
    <annotation annotator="" id="SO_2017_06_11_Instance_224279" type="identity">
      <class id="SO_EXT:transgenic_entity" label="transgenic entity"/>
      <span end="57662" id="15630473-15067" start="57660">Tg</span>
    </annotation>
    <annotation annotator="Mike Bada, University of Colorado School of Medicine" id="SO_2017_06_11_Instance_24785" type="identity">
      <class id="SO_EXT:wild_type_entity_or_quality" label="wild-typeness or wild-type entity"/>
      <span end="57757" id="15630473-15113" start="57755">Wt</span>
    </annotation>
    <annotation annotator="" id="SO_2017_06_11_Instance_224281" type="identity">
      <class id="SO_EXT:transgenic_entity" label="transgenic entity"/>
      <span end="57778" id="15630473-15069" start="57776">Tg</span>
    </annotation>
    <annotation annotator="" id="SO_2017_06_11_Instance_224283" type="identity">
      <class id="SO_EXT:transgenic_entity" label="transgenic entity"/>
      <span end="57892" id="15630473-15071" start="57890">Tg</span>
    </annotation>
    <annotation annotator="Mike Bada, University of Colorado School of Medicine" id="SO_2017_06_11_Instance_21667" type="identity">
      <class id="SO_EXT:wild_type_entity_or_quality" label="wild-typeness or wild-type entity"/>
      <span end="58072" id="15630473-14927" start="58070">Wt</span>
    </annotation>
    <annotation annotator="" id="SO_2017_06_11_Instance_224285" type="identity">
      <class id="SO_EXT:transgenic_entity" label="transgenic entity"/>
      <span end="58089" id="15630473-15073" start="58087">Tg</span>
    </annotation>
    <annotation annotator="" id="SO_2017_06_11_Instance_224287" type="identity">
      <class id="SO_EXT:transgenic_entity" label="transgenic entity"/>
      <span end="58160" id="15630473-15075" start="58158">Tg</span>
    </annotation>
    <annotation annotator="" id="SO_2017_06_11_backup_Instance_16988" type="identity">
      <class id="CHEBI_SO_EXT:molecular_label_or_mark_or_tag_process" label="molecular label/mark/tag process"/>
      <span end="58260" id="15630473-14853" start="58252">labeling</span>
    </annotation>
    <annotation annotator="Mike Bada, University of Colorado School of Medicine" id="SO_2017_06_11_Instance_24881" type="identity">
      <class id="SO_EXT:wild_type_entity_or_quality" label="wild-typeness or wild-type entity"/>
      <span end="58696" id="15630473-15115" start="58694">Wt</span>
    </annotation>
    <annotation annotator="" id="SO_2017_06_11_Instance_224289" type="identity">
      <class id="SO_EXT:transgenic_entity" label="transgenic entity"/>
      <span end="58703" id="15630473-15077" start="58701">Tg</span>
    </annotation>
    <annotation annotator="" id="SO_2017_06_11_Instance_224291" type="identity">
      <class id="SO_EXT:transgenic_entity" label="transgenic entity"/>
      <span end="58740" id="15630473-15079" start="58738">Tg</span>
    </annotation>
    <annotation annotator="" id="SO_2017_06_11_Instance_224293" type="identity">
      <class id="SO_EXT:transgenic_entity" label="transgenic entity"/>
      <span end="59412" id="15630473-15081" start="59410">Tg</span>
    </annotation>
    <annotation annotator="Mike Bada, University of Colorado School of Medicine" id="SO_2017_06_11_Instance_24883" type="identity">
      <class id="SO_EXT:wild_type_entity_or_quality" label="wild-typeness or wild-type entity"/>
      <span end="59809" id="15630473-15117" start="59807">Wt</span>
    </annotation>
    <annotation annotator="" id="SO_2017_06_11_Instance_224295" type="identity">
      <class id="SO_EXT:transgenic_entity" label="transgenic entity"/>
      <span end="59816" id="15630473-15083" start="59814">Tg</span>
    </annotation>
    <annotation annotator="" id="SO_2017_06_11_Instance_224297" type="identity">
      <class id="SO_EXT:transgenic_entity" label="transgenic entity"/>
      <span end="60191" id="15630473-15085" start="60189">Tg</span>
    </annotation>
    <annotation annotator="" id="SO_2017_06_11_backup_Instance_17556" type="identity">
      <class id="CHEBI_SO_EXT:molecular_label_or_mark_or_tag_process" label="molecular label/mark/tag process"/>
      <span end="60383" id="15630473-14869" start="60377">tagged</span>
    </annotation>
    <annotation annotator="Mike Bada, University of Colorado School of Medicine" id="SO_2017_06_11_Instance_49529" type="identity">
      <class id="SO_EXT:0000440" label="vector_replicon"/>
      <span end="60945" id="15630473-15368" start="60939">vector</span>
    </annotation>
    <annotation annotator="" id="SO_2017_06_11_backup_Instance_17558" type="identity">
      <class id="CHEBI_SO_EXT:molecular_label_or_mark_or_tag_process" label="molecular label/mark/tag process"/>
      <span end="61145" id="15630473-14871" start="61139">tagged</span>
    </annotation>
    <annotation annotator="Mike Bada, University of Colorado School of Medicine" id="SO_2017_06_11_Instance_24885" type="identity">
      <class id="SO_EXT:wild_type_entity_or_quality" label="wild-typeness or wild-type entity"/>
      <span end="61343" id="15630473-15119" start="61341">Wt</span>
    </annotation>
    <annotation annotator="" id="SO_2017_06_11_Instance_224299" type="identity">
      <class id="SO_EXT:transgenic_entity" label="transgenic entity"/>
      <span end="61360" id="15630473-15087" start="61358">Tg</span>
    </annotation>
    <annotation annotator="Mike Bada, University of Colorado School of Medicine" id="SO_2017_06_11_Instance_24887" type="identity">
      <class id="SO_EXT:wild_type_entity_or_quality" label="wild-typeness or wild-type entity"/>
      <span end="61407" id="15630473-15121" start="61405">Wt</span>
    </annotation>
    <annotation annotator="" id="SO_2017_06_11_Instance_220379" type="identity">
      <class id="SO_EXT:sequence_nullness" label="sequence nullness"/>
      <span end="61456" id="15630473-14969" start="61452">null</span>
    </annotation>
    <annotation annotator="Mike Bada, University of Colorado School of Medicine" id="SO_2017_06_11_Instance_49531" type="identity">
      <class id="SO_EXT:0000902" label="transgene"/>
      <span end="61887" id="15630473-15370" start="61878">Transgene</span>
    </annotation>
    <annotation annotator="Mike Bada, University of Colorado School of Medicine" id="SO_2017_06_11_Instance_27619" type="identity">
      <class id="SO_EXT:0000417" label="polypeptide_domain"/>
      <span end="61946" id="15630473-15153" start="61940">domain</span>
    </annotation>
    <annotation annotator="Mike Bada, University of Colorado School of Medicine" id="SO_2017_06_11_Instance_49533" type="identity">
      <class id="SO_EXT:0000440" label="vector_replicon"/>
      <span end="62130" id="15630473-15372" start="62124">vector</span>
    </annotation>
    <annotation annotator="Mike Bada, University of Colorado School of Medicine" id="SO_2017_06_11_Instance_49535" type="identity">
      <class id="SO_EXT:0000440" label="vector_replicon"/>
      <span end="62162" id="15630473-15374" start="62156">vector</span>
    </annotation>
    <annotation annotator="Mike Bada, University of Colorado School of Medicine" id="SO_2017_06_11_Instance_27621" type="identity">
      <class id="SO_EXT:0000417" label="polypeptide_domain"/>
      <span end="62218" id="15630473-15155" start="62212">domain</span>
    </annotation>
    <annotation annotator="" id="SO_2017_06_11_backup_Instance_11906" type="identity">
      <class id="CHEBI_SO_EXT:peptide_or_peptide_region" label="peptide or peptide region"/>
      <span end="62267" id="15630473-14813" start="62260">peptide</span>
    </annotation>
    <annotation annotator="Mike Bada, University of Colorado School of Medicine" id="SO_2017_06_11_Instance_27623" type="identity">
      <class id="SO_EXT:0000417" label="polypeptide_domain"/>
      <span end="62537" id="15630473-15157" start="62531">domain</span>
    </annotation>
    <annotation annotator="Mike Bada, University of Colorado School of Medicine" id="SO_2017_06_11_Instance_49537" type="identity">
      <class id="SO_EXT:0000167" label="promoter"/>
      <span end="62965" id="15630473-15376" start="62957">promoter</span>
    </annotation>
    <annotation annotator="" id="SO_2017_06_11_Instance_230226" type="identity">
      <class id="GO_SO_EXT:sequence_rearrangement_process" label="sequence rearrangement process"/>
      <span end="63319" id="15630473-15101" start="63308">recombinant</span>
    </annotation>
    <annotation annotator="" id="SO_2017_06_11_backup_Instance_11908" type="identity">
      <class id="CHEBI_SO_EXT:mRNA" label="mRNA"/>
      <span end="63634" id="15630473-14815" start="63630">mRNA</span>
    </annotation>
    <annotation annotator="" id="SO_2017_06_11_backup_Instance_11910" type="identity">
      <class id="CHEBI_SO_EXT:RNA" label="RNA"/>
      <span end="63741" id="15630473-14817" start="63737">RNAs</span>
    </annotation>
    <annotation annotator="Mike Bada, University of Colorado School of Medicine" id="SO_2017_06_11_Instance_49541" type="identity">
      <class id="SO_EXT:0000112" label="primer"/>
      <span end="63907" id="15630473-15378" start="63901">primer</span>
    </annotation>
    <annotation annotator="" id="SO_2017_06_11_backup_Instance_11912" type="identity">
      <class id="CHEBI_SO_EXT:mRNA" label="mRNA"/>
      <span end="63947" id="15630473-14819" start="63942">mRNAs</span>
    </annotation>
    <annotation annotator="" id="SO_2017_06_11_backup_Instance_11914" type="identity">
      <class id="CHEBI_SO_EXT:mRNA" label="mRNA"/>
      <span end="63969" id="15630473-14821" start="63965">mRNA</span>
    </annotation>
    <annotation annotator="Mike Bada, University of Colorado School of Medicine" id="SO_2017_06_11_Instance_49547" type="identity">
      <class id="SO_EXT:0000167" label="promoter"/>
      <span end="64098" id="15630473-15380" start="64090">promoter</span>
    </annotation>
    <annotation annotator="Mike Bada, University of Colorado School of Medicine" id="SO_2017_06_11_Instance_49549" type="identity">
      <class id="SO_EXT:0000167" label="promoter"/>
      <span end="64214" id="15630473-15382" start="64206">promoter</span>
    </annotation>
    <annotation annotator="Mike Bada, University of Colorado School of Medicine" id="SO_2017_06_11_Instance_25443" type="identity">
      <class id="SO_EXT:wild_type_entity_or_quality" label="wild-typeness or wild-type entity"/>
      <span end="64232" id="15630473-15123" start="64230">WT</span>
    </annotation>
    <annotation annotator="Mike Bada, University of Colorado School of Medicine" id="SO_2017_06_11_Instance_25715" type="identity">
      <class id="SO_EXT:wild_type_entity_or_quality" label="wild-typeness or wild-type entity"/>
      <span end="64236" id="15630473-15125" start="64234">wt</span>
    </annotation>
    <annotation annotator="Mike Bada, University of Colorado School of Medicine" id="SO_2017_06_11_Instance_27807" type="identity">
      <class id="SO_EXT:0000167" label="promoter"/>
      <span end="64241" id="15630473-15170" start="64237">prom</span>
    </annotation>
    <annotation annotator="" id="SO_2017_06_11_Instance_188900" type="identity">
      <class id="SO_EXT:sequence_alteration_entity_or_process" label="sequence alteration entity or process"/>
      <span end="64264" id="15630473-14893" start="64256">mutation</span>
    </annotation>
    <annotation annotator="Mike Bada, University of Colorado School of Medicine" id="SO_2017_06_11_Instance_49551" type="identity">
      <class id="SO_EXT:0000409" label="binding_site"/>
      <span end="64305" id="15630473-15384" start="64293">binding site</span>
    </annotation>
    <annotation annotator="" id="SO_2017_06_11_Instance_185996" type="identity">
      <class id="SO_EXT:sequence_altered_entity_or_alteration_process" label="sequence-altered entity or alteration process"/>
      <span end="64309" id="15630473-14881" start="64307">mt</span>
    </annotation>
    <annotation annotator="Mike Bada, University of Colorado School of Medicine" id="SO_2017_06_11_Instance_27809" type="identity">
      <class id="SO_EXT:0000167" label="promoter"/>
      <span end="64314" id="15630473-15172" start="64310">prom</span>
    </annotation>
    <annotation annotator="Mike Bada, University of Colorado School of Medicine" id="SO_2017_06_11_Instance_25717" type="identity">
      <class id="SO_EXT:wild_type_entity_or_quality" label="wild-typeness or wild-type entity"/>
      <span end="64810" id="15630473-15127" start="64808">WT</span>
    </annotation>
    <annotation annotator="" id="SO_2017_06_11_backup_Instance_11916" type="identity">
      <class id="CHEBI_SO_EXT:mRNA" label="mRNA"/>
      <span end="65015" id="15630473-14823" start="65011">mRNA</span>
    </annotation>
    <annotation annotator="" id="SO_2017_06_11_Instance_223555" type="identity">
      <class id="SO_EXT:transgenic_entity" label="transgenic entity"/>
      <span end="65144" id="15630473-14989" start="65134">transgenic</span>
    </annotation>
    <annotation annotator="" id="SO_2017_06_11_Instance_224301" type="identity">
      <class id="SO_EXT:transgenic_entity" label="transgenic entity"/>
      <span end="65154" id="15630473-15089" start="65152">TG</span>
    </annotation>
    <annotation annotator="Mike Bada, University of Colorado School of Medicine" id="SO_2017_06_11_Instance_26281" type="identity">
      <class id="SO_EXT:wild_type_entity_or_quality" label="wild-typeness or wild-type entity"/>
      <span end="65162" id="15630473-15129" start="65160">WT</span>
    </annotation>
    <annotation annotator="Mike Bada, University of Colorado School of Medicine" id="SO_2017_06_11_Instance_26283" type="identity">
      <class id="SO_EXT:wild_type_entity_or_quality" label="wild-typeness or wild-type entity"/>
      <span end="65177" id="15630473-15131" start="65175">WT</span>
    </annotation>
    <annotation annotator="" id="SO_2017_06_11_Instance_224303" type="identity">
      <class id="SO_EXT:transgenic_entity" label="transgenic entity"/>
      <span end="65271" id="15630473-15091" start="65269">Tg</span>
    </annotation>
    <annotation annotator="" id="SO_2017_06_11_backup_Instance_11918" type="identity">
      <class id="CHEBI_SO_EXT:molecular_indicator_or_label_or_marker_or_tag" label="molecular indicator/label/marker/tag"/>
      <span end="65370" id="15630473-14825" start="65363">markers</span>
    </annotation>
    <annotation annotator="" id="SO_2017_06_11_Instance_220381" type="identity">
      <class id="SO_EXT:sequence_nullness" label="sequence nullness"/>
      <span end="65423" id="15630473-14971" start="65419">null</span>
    </annotation>
    <annotation annotator="Mike Bada, University of Colorado School of Medicine" id="SO_2017_06_11_Instance_26285" type="identity">
      <class id="SO_EXT:wild_type_entity_or_quality" label="wild-typeness or wild-type entity"/>
      <span end="65447" id="15630473-15133" start="65445">WT</span>
    </annotation>
    <annotation annotator="" id="SO_2017_06_11_Instance_220383" type="identity">
      <class id="SO_EXT:sequence_nullness" label="sequence nullness"/>
      <span end="65479" id="15630473-14973" start="65475">null</span>
    </annotation>
    <annotation annotator="" id="SO_2017_06_11_Instance_220385" type="identity">
      <class id="SO_EXT:sequence_nullness" label="sequence nullness"/>
      <span end="65593" id="15630473-14975" start="65589">null</span>
    </annotation>
    <graph-space id="Old Knowtator Relations"/>
  </document>
</knowtator-project>
