<?xml version="1.0" encoding="UTF-8" standalone="no"?>
<knowtator-project>
    <document id="15676071" text-file="15676071.txt">
        <annotation annotator="" id="SO_2017_06_11_Instance_185998" type="identity">
            <class id="SO_EXT:sequence_altered_entity_or_alteration_process" label="sequence-altered entity or alteration process"/>
            <span end="91" id="15676071-15835" start="85">mutant</span>
        </annotation>
        <annotation annotator="" id="SO_2017_06_11_Instance_188902" type="identity">
            <class id="SO_EXT:sequence_alteration_entity_or_process" label="sequence alteration entity or process"/>
            <span end="295" id="15676071-15855" start="286">Mutations</span>
        </annotation>
        <annotation annotator="Mike Bada, University of Colorado School of Medicine" id="SO_2017_06_11_Instance_49555" type="identity">
            <class id="SO_EXT:0000704" label="gene"/>
            <span end="304" id="15676071-15919" start="299">genes</span>
        </annotation>
        <annotation annotator="" id="SO_2017_06_11_Instance_188904" type="identity">
            <class id="SO_EXT:sequence_alteration_entity_or_process" label="sequence alteration entity or process"/>
            <span end="456" id="15676071-15857" start="447">mutations</span>
        </annotation>
        <annotation annotator="" id="SO_2017_06_11_Instance_186000" type="identity">
            <class id="SO_EXT:sequence_altered_entity_or_alteration_process" label="sequence-altered entity or alteration process"/>
            <span end="527" id="15676071-15837" start="521">mutant</span>
        </annotation>
        <annotation annotator="" id="SO_2017_06_11_Instance_186002" type="identity">
            <class id="SO_EXT:sequence_altered_entity_or_alteration_process" label="sequence-altered entity or alteration process"/>
            <span end="713" id="15676071-15839" start="707">mutant</span>
        </annotation>
        <annotation annotator="" id="SO_2017_06_11_Instance_174506" type="identity">
            <class id="SO_EXT:sequence_nullness_or_absence" label="sequence nullness or absence"/>
            <span end="895" id="15676071-15435" start="894">-</span>
        </annotation>
        <annotation annotator="" id="SO_2017_06_11_Instance_174508" type="identity">
            <class id="SO_EXT:sequence_nullness_or_absence" label="sequence nullness or absence"/>
            <span end="897" id="15676071-15437" start="896">-</span>
        </annotation>
        <annotation annotator="Mike Bada, University of Colorado School of Medicine" id="SO_2017_06_11_Instance_49557" type="identity">
            <class id="SO_EXT:0000704" label="gene"/>
            <span end="1132" id="15676071-15921" start="1128">gene</span>
        </annotation>
        <annotation annotator="Mike Bada, University of Colorado School of Medicine" id="SO_2017_06_11_Instance_27851" type="identity">
            <class id="SO_EXT:0000704" label="gene"/>
            <span end="1480" id="15676071-15907" start="1473">genetic</span>
        </annotation>
        <annotation annotator="Mike Bada, University of Colorado School of Medicine" id="SO_2017_06_11_Instance_49559" type="identity">
            <class id="SO_EXT:0000704" label="gene"/>
            <span end="2024" id="15676071-15923" start="2020">gene</span>
        </annotation>
        <annotation annotator="Mike Bada, University of Colorado School of Medicine" id="SO_2017_06_11_Instance_49561" type="identity">
            <class id="SO_EXT:0000704" label="gene"/>
            <span end="2141" id="15676071-15925" start="2137">gene</span>
        </annotation>
        <annotation annotator="" id="SO_2017_06_11_backup_Instance_11920" type="identity">
            <class id="CHEBI_SO_EXT:leucine" label="leucine"/>
            <span end="2357" id="15676071-15399" start="2350">leucine</span>
        </annotation>
        <annotation annotator="Mike Bada, University of Colorado School of Medicine" id="SO_2017_06_11_Instance_49563" type="identity">
            <class id="SO_EXT:0000704" label="gene"/>
            <span end="2489" id="15676071-15927" start="2484">genes</span>
        </annotation>
        <annotation annotator="Mike Bada, University of Colorado School of Medicine" id="SO_2017_06_11_Instance_27855" type="identity">
            <class id="SO_EXT:0000409" label="binding_site"/>
            <span end="2524" id="15676071-15909" start="2508">binding elements</span>
        </annotation>
        <annotation annotator="Mike Bada, University of Colorado School of Medicine" id="SO_2017_06_11_Instance_49565" type="identity">
            <class id="SO_EXT:0005836" label="regulatory_region"/>
            <span end="2552" id="15676071-15929" start="2534">regulatory regions</span>
        </annotation>
        <annotation annotator="" id="SO_2017_06_11_Instance_188906" type="identity">
            <class id="SO_EXT:sequence_alteration_entity_or_process" label="sequence alteration entity or process"/>
            <span end="2612" id="15676071-15859" start="2603">Mutations</span>
        </annotation>
        <annotation annotator="Mike Bada, University of Colorado School of Medicine" id="SO_2017_06_11_Instance_27857" type="identity">
            <class id="SO_EXT:0000704" label="gene"/>
            <span end="2946" id="15676071-15911" start="2939">genetic</span>
        </annotation>
        <annotation annotator="" id="SO_2017_06_11_Instance_188908" type="identity">
            <class id="SO_EXT:sequence_alteration_entity_or_process" label="sequence alteration entity or process"/>
            <span end="3096" id="15676071-15861" start="3087">Mutations</span>
        </annotation>
        <annotation annotator="Mike Bada, University of Colorado School of Medicine" id="SO_2017_06_11_Instance_49567" type="identity">
            <class id="SO_EXT:0000704" label="gene"/>
            <span end="3122" id="15676071-15931" start="3117">genes</span>
        </annotation>
        <annotation annotator="Mike Bada, University of Colorado School of Medicine" id="SO_2017_06_11_Instance_36539" type="identity">
            <class id="SO_EXT:0000018" label="linkage_group"/>
            <span end="3325" id="15676071-15917" start="3302">genetically linked loci</span>
        </annotation>
        <annotation annotator="Mike Bada, University of Colorado School of Medicine" id="SO_2017_06_11_Instance_49569" type="identity">
            <class id="SO_EXT:0000704" label="gene"/>
            <span end="3337" id="15676071-15933" start="3332">genes</span>
        </annotation>
        <annotation annotator="" id="SO_2017_06_11_Instance_188910" type="identity">
            <class id="SO_EXT:sequence_alteration_entity_or_process" label="sequence alteration entity or process"/>
            <span end="3382" id="15676071-15863" start="3373">mutations</span>
        </annotation>
        <annotation annotator="" id="SO_2017_06_11_Instance_188912" type="identity">
            <class id="SO_EXT:sequence_alteration_entity_or_process" label="sequence alteration entity or process"/>
            <span end="3442" id="15676071-15865" start="3434">mutation</span>
        </annotation>
        <annotation annotator="" id="SO_2017_06_11_Instance_91045" type="identity">
            <class id="SO_EXT:sequence_coding_function" label="sequence coding function"/>
            <span end="3469" id="15676071-16005" start="3463">encode</span>
        </annotation>
        <annotation annotator="" id="SO_2017_06_11_Instance_188914" type="identity">
            <class id="SO_EXT:sequence_alteration_entity_or_process" label="sequence alteration entity or process"/>
            <span end="3530" id="15676071-15867" start="3521">mutations</span>
        </annotation>
        <annotation annotator="Mike Bada, University of Colorado School of Medicine" id="SO_2017_06_11_Instance_49571" type="identity">
            <class id="SO_EXT:0001023" label="allele"/>
            <span end="3578" id="15676071-15935" start="3572">allele</span>
        </annotation>
        <annotation annotator="" id="SO_2017_06_11_Instance_91047" type="identity">
            <class id="SO_EXT:sequence_coding_function" label="sequence coding function"/>
            <span end="3586" id="15676071-16007" start="3579">encodes</span>
        </annotation>
        <annotation annotator="" id="SO_2017_06_11_backup_Instance_11922" type="identity">
            <class id="CHEBI_SO_EXT:DNA" label="DNA"/>
            <span end="3615" id="15676071-15401" start="3612">DNA</span>
        </annotation>
        <annotation annotator="Mike Bada, University of Colorado School of Medicine" id="SO_2017_06_11_Instance_27863" type="identity">
            <class id="SO_EXT:0000704" label="gene"/>
            <span end="4239" id="15676071-15913" start="4228">genetically</span>
        </annotation>
        <annotation annotator="" id="SO_2017_06_11_Instance_188916" type="identity">
            <class id="SO_EXT:sequence_alteration_entity_or_process" label="sequence alteration entity or process"/>
            <span end="4738" id="15676071-15869" start="4729">mutations</span>
        </annotation>
        <annotation annotator="" id="SO_2017_06_11_Instance_191059" type="identity">
            <class id="SO_EXT:biological_sequence" label="biological sequence"/>
            <span end="5555" id="15676071-15895" start="5547">sequence</span>
        </annotation>
        <annotation annotator="" id="SO_2017_06_11_Instance_90886" type="identity">
            <class id="SO_EXT:0001679" label="transcription_regulatory_region"/>
            <span end="5598" id="15676071-16003" start="5563">transcriptional regulatory sequence</span>
        </annotation>
        <annotation annotator="" id="SO_2017_06_11_Instance_174510" type="identity">
            <class id="SO_EXT:sequence_nullness_or_absence" label="sequence nullness or absence"/>
            <span end="5991" id="15676071-15439" start="5990">-</span>
        </annotation>
        <annotation annotator="" id="SO_2017_06_11_Instance_174512" type="identity">
            <class id="SO_EXT:sequence_nullness_or_absence" label="sequence nullness or absence"/>
            <span end="5993" id="15676071-15441" start="5992">-</span>
        </annotation>
        <annotation annotator="" id="SO_2017_06_11_Instance_174514" type="identity">
            <class id="SO_EXT:sequence_nullness_or_absence" label="sequence nullness or absence"/>
            <span end="6082" id="15676071-15443" start="6081">-</span>
        </annotation>
        <annotation annotator="" id="SO_2017_06_11_Instance_174516" type="identity">
            <class id="SO_EXT:sequence_nullness_or_absence" label="sequence nullness or absence"/>
            <span end="6084" id="15676071-15445" start="6083">-</span>
        </annotation>
        <annotation annotator="" id="SO_2017_06_11_Instance_174518" type="identity">
            <class id="SO_EXT:sequence_nullness_or_absence" label="sequence nullness or absence"/>
            <span end="6472" id="15676071-15447" start="6471">-</span>
        </annotation>
        <annotation annotator="" id="SO_2017_06_11_Instance_174520" type="identity">
            <class id="SO_EXT:sequence_nullness_or_absence" label="sequence nullness or absence"/>
            <span end="6474" id="15676071-15449" start="6473">-</span>
        </annotation>
        <annotation annotator="" id="SO_2017_06_11_Instance_174522" type="identity">
            <class id="SO_EXT:sequence_nullness_or_absence" label="sequence nullness or absence"/>
            <span end="6569" id="15676071-15451" start="6568">-</span>
        </annotation>
        <annotation annotator="" id="SO_2017_06_11_Instance_174524" type="identity">
            <class id="SO_EXT:sequence_nullness_or_absence" label="sequence nullness or absence"/>
            <span end="6571" id="15676071-15453" start="6570">-</span>
        </annotation>
        <annotation annotator="" id="SO_2017_06_11_Instance_80266" type="identity">
            <class id="SO_EXT:sequence_deletion_process" label="sequence deletion process"/>
            <span end="6596" id="15676071-16001" start="6589">deleted</span>
        </annotation>
        <annotation annotator="" id="SO_2017_06_11_Instance_174526" type="identity">
            <class id="SO_EXT:sequence_nullness_or_absence" label="sequence nullness or absence"/>
            <span end="6622" id="15676071-15455" start="6621">-</span>
        </annotation>
        <annotation annotator="" id="SO_2017_06_11_Instance_174528" type="identity">
            <class id="SO_EXT:sequence_nullness_or_absence" label="sequence nullness or absence"/>
            <span end="6624" id="15676071-15457" start="6623">-</span>
        </annotation>
        <annotation annotator="" id="SO_2017_06_11_Instance_174530" type="identity">
            <class id="SO_EXT:sequence_nullness_or_absence" label="sequence nullness or absence"/>
            <span end="6787" id="15676071-15459" start="6786">-</span>
        </annotation>
        <annotation annotator="" id="SO_2017_06_11_Instance_174532" type="identity">
            <class id="SO_EXT:sequence_nullness_or_absence" label="sequence nullness or absence"/>
            <span end="6789" id="15676071-15461" start="6788">-</span>
        </annotation>
        <annotation annotator="" id="SO_2017_06_11_Instance_179875" type="identity">
            <class id="SO_EXT:normal_or_wild_type_or_present" label="sequence wild-typeness, normalness or presence"/>
            <span end="6885" id="15676071-15759" start="6884">+</span>
        </annotation>
        <annotation annotator="" id="SO_2017_06_11_Instance_179877" type="identity">
            <class id="SO_EXT:normal_or_wild_type_or_present" label="sequence wild-typeness, normalness or presence"/>
            <span end="6887" id="15676071-15761" start="6886">+</span>
        </annotation>
        <annotation annotator="" id="SO_2017_06_11_Instance_174534" type="identity">
            <class id="SO_EXT:sequence_nullness_or_absence" label="sequence nullness or absence"/>
            <span end="6956" id="15676071-15463" start="6955">-</span>
        </annotation>
        <annotation annotator="" id="SO_2017_06_11_Instance_174536" type="identity">
            <class id="SO_EXT:sequence_nullness_or_absence" label="sequence nullness or absence"/>
            <span end="6958" id="15676071-15465" start="6957">-</span>
        </annotation>
        <annotation annotator="" id="SO_2017_06_11_Instance_174538" type="identity">
            <class id="SO_EXT:sequence_nullness_or_absence" label="sequence nullness or absence"/>
            <span end="7032" id="15676071-15467" start="7031">-</span>
        </annotation>
        <annotation annotator="" id="SO_2017_06_11_Instance_174540" type="identity">
            <class id="SO_EXT:sequence_nullness_or_absence" label="sequence nullness or absence"/>
            <span end="7034" id="15676071-15469" start="7033">-</span>
        </annotation>
        <annotation annotator="" id="SO_2017_06_11_Instance_186004" type="identity">
            <class id="SO_EXT:sequence_altered_entity" label="sequence-altered entity"/>
            <span end="7145" id="15676071-15841" start="7139">mutant</span>
        </annotation>
        <annotation annotator="" id="SO_2017_06_11_Instance_179879" type="identity">
            <class id="SO_EXT:normal_or_wild_type_or_present" label="sequence wild-typeness, normalness or presence"/>
            <span end="7584" id="15676071-15763" start="7583">+</span>
        </annotation>
        <annotation annotator="" id="SO_2017_06_11_Instance_179881" type="identity">
            <class id="SO_EXT:normal_or_wild_type_or_present" label="sequence wild-typeness, normalness or presence"/>
            <span end="7586" id="15676071-15765" start="7585">+</span>
        </annotation>
        <annotation annotator="" id="SO_2017_06_11_Instance_174542" type="identity">
            <class id="SO_EXT:sequence_nullness_or_absence" label="sequence nullness or absence"/>
            <span end="7599" id="15676071-15471" start="7598">-</span>
        </annotation>
        <annotation annotator="" id="SO_2017_06_11_Instance_174544" type="identity">
            <class id="SO_EXT:sequence_nullness_or_absence" label="sequence nullness or absence"/>
            <span end="7601" id="15676071-15473" start="7600">-</span>
        </annotation>
        <annotation annotator="" id="SO_2017_06_11_Instance_174546" type="identity">
            <class id="SO_EXT:sequence_nullness_or_absence" label="sequence nullness or absence"/>
            <span end="7837" id="15676071-15475" start="7836">-</span>
        </annotation>
        <annotation annotator="" id="SO_2017_06_11_Instance_174548" type="identity">
            <class id="SO_EXT:sequence_nullness_or_absence" label="sequence nullness or absence"/>
            <span end="7839" id="15676071-15477" start="7838">-</span>
        </annotation>
        <annotation annotator="" id="SO_2017_06_11_Instance_174550" type="identity">
            <class id="SO_EXT:sequence_nullness_or_absence" label="sequence nullness or absence"/>
            <span end="7877" id="15676071-15479" start="7876">-</span>
        </annotation>
        <annotation annotator="" id="SO_2017_06_11_Instance_174552" type="identity">
            <class id="SO_EXT:sequence_nullness_or_absence" label="sequence nullness or absence"/>
            <span end="7879" id="15676071-15481" start="7878">-</span>
        </annotation>
        <annotation annotator="" id="SO_2017_06_11_Instance_179883" type="identity">
            <class id="SO_EXT:normal_or_wild_type_or_present" label="sequence wild-typeness, normalness or presence"/>
            <span end="7958" id="15676071-15767" start="7957">+</span>
        </annotation>
        <annotation annotator="" id="SO_2017_06_11_Instance_179885" type="identity">
            <class id="SO_EXT:normal_or_wild_type_or_present" label="sequence wild-typeness, normalness or presence"/>
            <span end="7960" id="15676071-15769" start="7959">+</span>
        </annotation>
        <annotation annotator="" id="SO_2017_06_11_Instance_174554" type="identity">
            <class id="SO_EXT:sequence_nullness_or_absence" label="sequence nullness or absence"/>
            <span end="8276" id="15676071-15483" start="8275">-</span>
        </annotation>
        <annotation annotator="" id="SO_2017_06_11_Instance_174556" type="identity">
            <class id="SO_EXT:sequence_nullness_or_absence" label="sequence nullness or absence"/>
            <span end="8278" id="15676071-15485" start="8277">-</span>
        </annotation>
        <annotation annotator="" id="SO_2017_06_11_Instance_174558" type="identity">
            <class id="SO_EXT:sequence_nullness_or_absence" label="sequence nullness or absence"/>
            <span end="8780" id="15676071-15487" start="8779">-</span>
        </annotation>
        <annotation annotator="" id="SO_2017_06_11_Instance_174560" type="identity">
            <class id="SO_EXT:sequence_nullness_or_absence" label="sequence nullness or absence"/>
            <span end="8782" id="15676071-15489" start="8781">-</span>
        </annotation>
        <annotation annotator="" id="SO_2017_06_11_Instance_174562" type="identity">
            <class id="SO_EXT:sequence_nullness_or_absence" label="sequence nullness or absence"/>
            <span end="8815" id="15676071-15491" start="8814">-</span>
        </annotation>
        <annotation annotator="" id="SO_2017_06_11_Instance_174564" type="identity">
            <class id="SO_EXT:sequence_nullness_or_absence" label="sequence nullness or absence"/>
            <span end="8817" id="15676071-15493" start="8816">-</span>
        </annotation>
        <annotation annotator="" id="SO_2017_06_11_Instance_174566" type="identity">
            <class id="SO_EXT:sequence_nullness_or_absence" label="sequence nullness or absence"/>
            <span end="8994" id="15676071-15495" start="8993">-</span>
        </annotation>
        <annotation annotator="" id="SO_2017_06_11_Instance_174568" type="identity">
            <class id="SO_EXT:sequence_nullness_or_absence" label="sequence nullness or absence"/>
            <span end="8996" id="15676071-15497" start="8995">-</span>
        </annotation>
        <annotation annotator="" id="SO_2017_06_11_Instance_174570" type="identity">
            <class id="SO_EXT:sequence_nullness_or_absence" label="sequence nullness or absence"/>
            <span end="9062" id="15676071-15499" start="9061">-</span>
        </annotation>
        <annotation annotator="" id="SO_2017_06_11_Instance_174572" type="identity">
            <class id="SO_EXT:sequence_nullness_or_absence" label="sequence nullness or absence"/>
            <span end="9064" id="15676071-15501" start="9063">-</span>
        </annotation>
        <annotation annotator="" id="SO_2017_06_11_Instance_174574" type="identity">
            <class id="SO_EXT:sequence_nullness_or_absence" label="sequence nullness or absence"/>
            <span end="9163" id="15676071-15503" start="9162">-</span>
        </annotation>
        <annotation annotator="" id="SO_2017_06_11_Instance_174576" type="identity">
            <class id="SO_EXT:sequence_nullness_or_absence" label="sequence nullness or absence"/>
            <span end="9165" id="15676071-15505" start="9164">-</span>
        </annotation>
        <annotation annotator="" id="SO_2017_06_11_Instance_174578" type="identity">
            <class id="SO_EXT:sequence_nullness_or_absence" label="sequence nullness or absence"/>
            <span end="9745" id="15676071-15507" start="9744">-</span>
        </annotation>
        <annotation annotator="" id="SO_2017_06_11_Instance_174580" type="identity">
            <class id="SO_EXT:sequence_nullness_or_absence" label="sequence nullness or absence"/>
            <span end="9747" id="15676071-15509" start="9746">-</span>
        </annotation>
        <annotation annotator="" id="SO_2017_06_11_Instance_174582" type="identity">
            <class id="SO_EXT:sequence_nullness_or_absence" label="sequence nullness or absence"/>
            <span end="9973" id="15676071-15511" start="9972">-</span>
        </annotation>
        <annotation annotator="" id="SO_2017_06_11_Instance_174584" type="identity">
            <class id="SO_EXT:sequence_nullness_or_absence" label="sequence nullness or absence"/>
            <span end="9975" id="15676071-15513" start="9974">-</span>
        </annotation>
        <annotation annotator="" id="SO_2017_06_11_Instance_174586" type="identity">
            <class id="SO_EXT:sequence_nullness_or_absence" label="sequence nullness or absence"/>
            <span end="10173" id="15676071-15515" start="10172">-</span>
        </annotation>
        <annotation annotator="" id="SO_2017_06_11_Instance_174588" type="identity">
            <class id="SO_EXT:sequence_nullness_or_absence" label="sequence nullness or absence"/>
            <span end="10175" id="15676071-15517" start="10174">-</span>
        </annotation>
        <annotation annotator="" id="SO_2017_06_11_Instance_174590" type="identity">
            <class id="SO_EXT:sequence_nullness_or_absence" label="sequence nullness or absence"/>
            <span end="11029" id="15676071-15519" start="11028">-</span>
        </annotation>
        <annotation annotator="" id="SO_2017_06_11_Instance_174592" type="identity">
            <class id="SO_EXT:sequence_nullness_or_absence" label="sequence nullness or absence"/>
            <span end="11031" id="15676071-15521" start="11030">-</span>
        </annotation>
        <annotation annotator="" id="SO_2017_06_11_Instance_179887" type="identity">
            <class id="SO_EXT:normal_or_wild_type_or_present" label="sequence wild-typeness, normalness or presence"/>
            <span end="11164" id="15676071-15771" start="11163">+</span>
        </annotation>
        <annotation annotator="" id="SO_2017_06_11_Instance_179889" type="identity">
            <class id="SO_EXT:normal_or_wild_type_or_present" label="sequence wild-typeness, normalness or presence"/>
            <span end="11166" id="15676071-15773" start="11165">+</span>
        </annotation>
        <annotation annotator="" id="SO_2017_06_11_Instance_174594" type="identity">
            <class id="SO_EXT:sequence_nullness_or_absence" label="sequence nullness or absence"/>
            <span end="11304" id="15676071-15523" start="11303">-</span>
        </annotation>
        <annotation annotator="" id="SO_2017_06_11_Instance_174596" type="identity">
            <class id="SO_EXT:sequence_nullness_or_absence" label="sequence nullness or absence"/>
            <span end="11306" id="15676071-15525" start="11305">-</span>
        </annotation>
        <annotation annotator="" id="SO_2017_06_11_Instance_179891" type="identity">
            <class id="SO_EXT:normal_or_wild_type_or_present" label="sequence wild-typeness, normalness or presence"/>
            <span end="11587" id="15676071-15775" start="11586">+</span>
        </annotation>
        <annotation annotator="" id="SO_2017_06_11_Instance_179893" type="identity">
            <class id="SO_EXT:normal_or_wild_type_or_present" label="sequence wild-typeness, normalness or presence"/>
            <span end="11589" id="15676071-15777" start="11588">+</span>
        </annotation>
        <annotation annotator="" id="SO_2017_06_11_Instance_174598" type="identity">
            <class id="SO_EXT:sequence_nullness_or_absence" label="sequence nullness or absence"/>
            <span end="11598" id="15676071-15527" start="11597">-</span>
        </annotation>
        <annotation annotator="" id="SO_2017_06_11_Instance_174600" type="identity">
            <class id="SO_EXT:sequence_nullness_or_absence" label="sequence nullness or absence"/>
            <span end="11600" id="15676071-15529" start="11599">-</span>
        </annotation>
        <annotation annotator="" id="SO_2017_06_11_Instance_179895" type="identity">
            <class id="SO_EXT:normal_or_wild_type_or_present" label="sequence wild-typeness, normalness or presence"/>
            <span end="11669" id="15676071-15779" start="11668">+</span>
        </annotation>
        <annotation annotator="" id="SO_2017_06_11_Instance_179897" type="identity">
            <class id="SO_EXT:normal_or_wild_type_or_present" label="sequence wild-typeness, normalness or presence"/>
            <span end="11671" id="15676071-15781" start="11670">+</span>
        </annotation>
        <annotation annotator="" id="SO_2017_06_11_Instance_174602" type="identity">
            <class id="SO_EXT:sequence_nullness_or_absence" label="sequence nullness or absence"/>
            <span end="11777" id="15676071-15531" start="11776">-</span>
        </annotation>
        <annotation annotator="" id="SO_2017_06_11_Instance_174604" type="identity">
            <class id="SO_EXT:sequence_nullness_or_absence" label="sequence nullness or absence"/>
            <span end="11779" id="15676071-15533" start="11778">-</span>
        </annotation>
        <annotation annotator="" id="SO_2017_06_11_Instance_174606" type="identity">
            <class id="SO_EXT:sequence_nullness_or_absence" label="sequence nullness or absence"/>
            <span end="11927" id="15676071-15535" start="11926">-</span>
        </annotation>
        <annotation annotator="" id="SO_2017_06_11_Instance_174608" type="identity">
            <class id="SO_EXT:sequence_nullness_or_absence" label="sequence nullness or absence"/>
            <span end="11929" id="15676071-15537" start="11928">-</span>
        </annotation>
        <annotation annotator="" id="SO_2017_06_11_Instance_179899" type="identity">
            <class id="SO_EXT:normal_or_wild_type_or_present" label="sequence wild-typeness, normalness or presence"/>
            <span end="12212" id="15676071-15783" start="12211">+</span>
        </annotation>
        <annotation annotator="" id="SO_2017_06_11_Instance_179901" type="identity">
            <class id="SO_EXT:normal_or_wild_type_or_present" label="sequence wild-typeness, normalness or presence"/>
            <span end="12214" id="15676071-15785" start="12213">+</span>
        </annotation>
        <annotation annotator="" id="SO_2017_06_11_Instance_174610" type="identity">
            <class id="SO_EXT:sequence_nullness_or_absence" label="sequence nullness or absence"/>
            <span end="12281" id="15676071-15539" start="12280">-</span>
        </annotation>
        <annotation annotator="" id="SO_2017_06_11_Instance_174612" type="identity">
            <class id="SO_EXT:sequence_nullness_or_absence" label="sequence nullness or absence"/>
            <span end="12283" id="15676071-15541" start="12282">-</span>
        </annotation>
        <annotation annotator="" id="SO_2017_06_11_Instance_174614" type="identity">
            <class id="SO_EXT:sequence_nullness_or_absence" label="sequence nullness or absence"/>
            <span end="12386" id="15676071-15543" start="12385">-</span>
        </annotation>
        <annotation annotator="" id="SO_2017_06_11_Instance_174616" type="identity">
            <class id="SO_EXT:sequence_nullness_or_absence" label="sequence nullness or absence"/>
            <span end="12388" id="15676071-15545" start="12387">-</span>
        </annotation>
        <annotation annotator="" id="SO_2017_06_11_Instance_186006" type="identity">
            <class id="SO_EXT:sequence_altered_entity_or_alteration_process" label="sequence-altered entity or alteration process"/>
            <span end="12638" id="15676071-15843" start="12632">mutant</span>
        </annotation>
        <annotation annotator="" id="SO_2017_06_11_Instance_174618" type="identity">
            <class id="SO_EXT:sequence_nullness_or_absence" label="sequence nullness or absence"/>
            <span end="12805" id="15676071-15547" start="12804">-</span>
        </annotation>
        <annotation annotator="" id="SO_2017_06_11_Instance_174620" type="identity">
            <class id="SO_EXT:sequence_nullness_or_absence" label="sequence nullness or absence"/>
            <span end="12807" id="15676071-15549" start="12806">-</span>
        </annotation>
        <annotation annotator="" id="SO_2017_06_11_Instance_179903" type="identity">
            <class id="SO_EXT:normal_or_wild_type_or_present" label="sequence wild-typeness, normalness or presence"/>
            <span end="12977" id="15676071-15787" start="12976">+</span>
        </annotation>
        <annotation annotator="" id="SO_2017_06_11_Instance_179905" type="identity">
            <class id="SO_EXT:normal_or_wild_type_or_present" label="sequence wild-typeness, normalness or presence"/>
            <span end="12979" id="15676071-15789" start="12978">+</span>
        </annotation>
        <annotation annotator="" id="SO_2017_06_11_Instance_174622" type="identity">
            <class id="SO_EXT:sequence_nullness_or_absence" label="sequence nullness or absence"/>
            <span end="13002" id="15676071-15551" start="13001">-</span>
        </annotation>
        <annotation annotator="" id="SO_2017_06_11_Instance_174624" type="identity">
            <class id="SO_EXT:sequence_nullness_or_absence" label="sequence nullness or absence"/>
            <span end="13004" id="15676071-15553" start="13003">-</span>
        </annotation>
        <annotation annotator="" id="SO_2017_06_11_Instance_179907" type="identity">
            <class id="SO_EXT:normal_or_wild_type_or_present" label="sequence wild-typeness, normalness or presence"/>
            <span end="13035" id="15676071-15791" start="13034">+</span>
        </annotation>
        <annotation annotator="" id="SO_2017_06_11_Instance_179909" type="identity">
            <class id="SO_EXT:normal_or_wild_type_or_present" label="sequence wild-typeness, normalness or presence"/>
            <span end="13037" id="15676071-15793" start="13036">+</span>
        </annotation>
        <annotation annotator="" id="SO_2017_06_11_Instance_179911" type="identity">
            <class id="SO_EXT:normal_or_wild_type_or_present" label="sequence wild-typeness, normalness or presence"/>
            <span end="13149" id="15676071-15795" start="13148">+</span>
        </annotation>
        <annotation annotator="" id="SO_2017_06_11_Instance_179913" type="identity">
            <class id="SO_EXT:normal_or_wild_type_or_present" label="sequence wild-typeness, normalness or presence"/>
            <span end="13151" id="15676071-15797" start="13150">+</span>
        </annotation>
        <annotation annotator="" id="SO_2017_06_11_Instance_174626" type="identity">
            <class id="SO_EXT:sequence_nullness_or_absence" label="sequence nullness or absence"/>
            <span end="13284" id="15676071-15555" start="13283">-</span>
        </annotation>
        <annotation annotator="" id="SO_2017_06_11_Instance_174628" type="identity">
            <class id="SO_EXT:sequence_nullness_or_absence" label="sequence nullness or absence"/>
            <span end="13286" id="15676071-15557" start="13285">-</span>
        </annotation>
        <annotation annotator="" id="SO_2017_06_11_Instance_179915" type="identity">
            <class id="SO_EXT:normal_or_wild_type_or_present" label="sequence wild-typeness, normalness or presence"/>
            <span end="13537" id="15676071-15799" start="13536">+</span>
        </annotation>
        <annotation annotator="" id="SO_2017_06_11_Instance_179917" type="identity">
            <class id="SO_EXT:normal_or_wild_type_or_present" label="sequence wild-typeness, normalness or presence"/>
            <span end="13539" id="15676071-15801" start="13538">+</span>
        </annotation>
        <annotation annotator="" id="SO_2017_06_11_Instance_174630" type="identity">
            <class id="SO_EXT:sequence_nullness_or_absence" label="sequence nullness or absence"/>
            <span end="13624" id="15676071-15559" start="13623">-</span>
        </annotation>
        <annotation annotator="" id="SO_2017_06_11_Instance_174632" type="identity">
            <class id="SO_EXT:sequence_nullness_or_absence" label="sequence nullness or absence"/>
            <span end="13626" id="15676071-15561" start="13625">-</span>
        </annotation>
        <annotation annotator="" id="SO_2017_06_11_Instance_174634" type="identity">
            <class id="SO_EXT:sequence_nullness_or_absence" label="sequence nullness or absence"/>
            <span end="13707" id="15676071-15563" start="13706">-</span>
        </annotation>
        <annotation annotator="" id="SO_2017_06_11_Instance_174636" type="identity">
            <class id="SO_EXT:sequence_nullness_or_absence" label="sequence nullness or absence"/>
            <span end="13709" id="15676071-15565" start="13708">-</span>
        </annotation>
        <annotation annotator="" id="SO_2017_06_11_Instance_179919" type="identity">
            <class id="SO_EXT:normal_or_wild_type_or_present" label="sequence wild-typeness, normalness or presence"/>
            <span end="13790" id="15676071-15803" start="13789">+</span>
        </annotation>
        <annotation annotator="" id="SO_2017_06_11_Instance_179921" type="identity">
            <class id="SO_EXT:normal_or_wild_type_or_present" label="sequence wild-typeness, normalness or presence"/>
            <span end="13792" id="15676071-15805" start="13791">+</span>
        </annotation>
        <annotation annotator="" id="SO_2017_06_11_Instance_174638" type="identity">
            <class id="SO_EXT:sequence_nullness_or_absence" label="sequence nullness or absence"/>
            <span end="13914" id="15676071-15567" start="13913">-</span>
        </annotation>
        <annotation annotator="" id="SO_2017_06_11_Instance_174640" type="identity">
            <class id="SO_EXT:sequence_nullness_or_absence" label="sequence nullness or absence"/>
            <span end="13916" id="15676071-15569" start="13915">-</span>
        </annotation>
        <annotation annotator="" id="SO_2017_06_11_Instance_174642" type="identity">
            <class id="SO_EXT:sequence_nullness_or_absence" label="sequence nullness or absence"/>
            <span end="14110" id="15676071-15571" start="14109">-</span>
        </annotation>
        <annotation annotator="" id="SO_2017_06_11_Instance_174644" type="identity">
            <class id="SO_EXT:sequence_nullness_or_absence" label="sequence nullness or absence"/>
            <span end="14112" id="15676071-15573" start="14111">-</span>
        </annotation>
        <annotation annotator="" id="SO_2017_06_11_Instance_174646" type="identity">
            <class id="SO_EXT:sequence_nullness_or_absence" label="sequence nullness or absence"/>
            <span end="14154" id="15676071-15575" start="14153">-</span>
        </annotation>
        <annotation annotator="" id="SO_2017_06_11_Instance_174648" type="identity">
            <class id="SO_EXT:sequence_nullness_or_absence" label="sequence nullness or absence"/>
            <span end="14156" id="15676071-15577" start="14155">-</span>
        </annotation>
        <annotation annotator="" id="SO_2017_06_11_Instance_174650" type="identity">
            <class id="SO_EXT:sequence_nullness_or_absence" label="sequence nullness or absence"/>
            <span end="14172" id="15676071-15579" start="14171">-</span>
        </annotation>
        <annotation annotator="" id="SO_2017_06_11_Instance_174652" type="identity">
            <class id="SO_EXT:sequence_nullness_or_absence" label="sequence nullness or absence"/>
            <span end="14174" id="15676071-15581" start="14173">-</span>
        </annotation>
        <annotation annotator="Mike Bada, University of Colorado School of Medicine" id="SO_2017_06_11_Instance_49575" type="identity">
            <class id="SO_EXT:0000704" label="gene"/>
            <span end="14252" id="15676071-15937" start="14247">genes</span>
        </annotation>
        <annotation annotator="" id="SO_2017_06_11_Instance_174654" type="identity">
            <class id="SO_EXT:sequence_nullness_or_absence" label="sequence nullness or absence"/>
            <span end="14312" id="15676071-15583" start="14311">-</span>
        </annotation>
        <annotation annotator="" id="SO_2017_06_11_Instance_174656" type="identity">
            <class id="SO_EXT:sequence_nullness_or_absence" label="sequence nullness or absence"/>
            <span end="14314" id="15676071-15585" start="14313">-</span>
        </annotation>
        <annotation annotator="" id="SO_2017_06_11_Instance_188918" type="identity">
            <class id="SO_EXT:sequence_alteration_entity_or_process" label="sequence alteration entity or process"/>
            <span end="14361" id="15676071-15871" start="14352">mutations</span>
        </annotation>
        <annotation annotator="Mike Bada, University of Colorado School of Medicine" id="SO_2017_06_11_Instance_49577" type="identity">
            <class id="SO_EXT:0000704" label="gene"/>
            <span end="14384" id="15676071-15939" start="14379">genes</span>
        </annotation>
        <annotation annotator="" id="SO_2017_06_11_Instance_186008" type="identity">
            <class id="SO_EXT:sequence_altered_entity_or_alteration_process" label="sequence-altered entity or alteration process"/>
            <span end="14511" id="15676071-15845" start="14505">mutant</span>
        </annotation>
        <annotation annotator="" id="SO_2017_06_11_Instance_174658" type="identity">
            <class id="SO_EXT:sequence_nullness_or_absence" label="sequence nullness or absence"/>
            <span end="14586" id="15676071-15587" start="14585">-</span>
        </annotation>
        <annotation annotator="" id="SO_2017_06_11_Instance_174660" type="identity">
            <class id="SO_EXT:sequence_nullness_or_absence" label="sequence nullness or absence"/>
            <span end="14588" id="15676071-15589" start="14587">-</span>
        </annotation>
        <annotation annotator="" id="SO_2017_06_11_Instance_174662" type="identity">
            <class id="SO_EXT:sequence_nullness_or_absence" label="sequence nullness or absence"/>
            <span end="14699" id="15676071-15591" start="14698">-</span>
        </annotation>
        <annotation annotator="" id="SO_2017_06_11_Instance_174664" type="identity">
            <class id="SO_EXT:sequence_nullness_or_absence" label="sequence nullness or absence"/>
            <span end="14701" id="15676071-15593" start="14700">-</span>
        </annotation>
        <annotation annotator="" id="SO_2017_06_11_Instance_174666" type="identity">
            <class id="SO_EXT:sequence_nullness_or_absence" label="sequence nullness or absence"/>
            <span end="14720" id="15676071-15595" start="14719">-</span>
        </annotation>
        <annotation annotator="" id="SO_2017_06_11_Instance_174668" type="identity">
            <class id="SO_EXT:sequence_nullness_or_absence" label="sequence nullness or absence"/>
            <span end="14722" id="15676071-15597" start="14721">-</span>
        </annotation>
        <annotation annotator="Mike Bada, University of Colorado School of Medicine" id="SO_2017_06_11_Instance_49579" type="identity">
            <class id="SO_EXT:0001023" label="allele"/>
            <span end="15032" id="15676071-15941" start="15026">allele</span>
        </annotation>
        <annotation annotator="" id="SO_2017_06_11_Instance_174670" type="identity">
            <class id="SO_EXT:sequence_nullness_or_absence" label="sequence nullness or absence"/>
            <span end="15251" id="15676071-15599" start="15250">-</span>
        </annotation>
        <annotation annotator="" id="SO_2017_06_11_Instance_174672" type="identity">
            <class id="SO_EXT:sequence_nullness_or_absence" label="sequence nullness or absence"/>
            <span end="15253" id="15676071-15601" start="15252">-</span>
        </annotation>
        <annotation annotator="" id="SO_2017_06_11_Instance_179923" type="identity">
            <class id="SO_EXT:normal_or_wild_type_or_present" label="sequence wild-typeness, normalness or presence"/>
            <span end="15270" id="15676071-15807" start="15269">+</span>
        </annotation>
        <annotation annotator="" id="SO_2017_06_11_Instance_179925" type="identity">
            <class id="SO_EXT:normal_or_wild_type_or_present" label="sequence wild-typeness, normalness or presence"/>
            <span end="15272" id="15676071-15809" start="15271">+</span>
        </annotation>
        <annotation annotator="" id="SO_2017_06_11_Instance_179927" type="identity">
            <class id="SO_EXT:normal_or_wild_type_or_present" label="sequence wild-typeness, normalness or presence"/>
            <span end="15986" id="15676071-15811" start="15985">+</span>
        </annotation>
        <annotation annotator="" id="SO_2017_06_11_Instance_179929" type="identity">
            <class id="SO_EXT:normal_or_wild_type_or_present" label="sequence wild-typeness, normalness or presence"/>
            <span end="15988" id="15676071-15813" start="15987">+</span>
        </annotation>
        <annotation annotator="" id="SO_2017_06_11_Instance_174674" type="identity">
            <class id="SO_EXT:sequence_nullness_or_absence" label="sequence nullness or absence"/>
            <span end="16039" id="15676071-15603" start="16038">-</span>
        </annotation>
        <annotation annotator="" id="SO_2017_06_11_Instance_174676" type="identity">
            <class id="SO_EXT:sequence_nullness_or_absence" label="sequence nullness or absence"/>
            <span end="16041" id="15676071-15605" start="16040">-</span>
        </annotation>
        <annotation annotator="" id="SO_2017_06_11_Instance_174678" type="identity">
            <class id="SO_EXT:sequence_nullness_or_absence" label="sequence nullness or absence"/>
            <span end="16593" id="15676071-15607" start="16592">-</span>
        </annotation>
        <annotation annotator="" id="SO_2017_06_11_Instance_174680" type="identity">
            <class id="SO_EXT:sequence_nullness_or_absence" label="sequence nullness or absence"/>
            <span end="16595" id="15676071-15609" start="16594">-</span>
        </annotation>
        <annotation annotator="" id="SO_2017_06_11_Instance_179931" type="identity">
            <class id="SO_EXT:normal_or_wild_type_or_present" label="sequence wild-typeness, normalness or presence"/>
            <span end="16616" id="15676071-15815" start="16615">+</span>
        </annotation>
        <annotation annotator="" id="SO_2017_06_11_Instance_179933" type="identity">
            <class id="SO_EXT:normal_or_wild_type_or_present" label="sequence wild-typeness, normalness or presence"/>
            <span end="16618" id="15676071-15817" start="16617">+</span>
        </annotation>
        <annotation annotator="" id="SO_2017_06_11_Instance_179935" type="identity">
            <class id="SO_EXT:normal_or_wild_type_or_present" label="sequence wild-typeness, normalness or presence"/>
            <span end="16977" id="15676071-15819" start="16976">+</span>
        </annotation>
        <annotation annotator="" id="SO_2017_06_11_Instance_179937" type="identity">
            <class id="SO_EXT:normal_or_wild_type_or_present" label="sequence wild-typeness, normalness or presence"/>
            <span end="16979" id="15676071-15821" start="16978">+</span>
        </annotation>
        <annotation annotator="" id="SO_2017_06_11_Instance_174682" type="identity">
            <class id="SO_EXT:sequence_nullness_or_absence" label="sequence nullness or absence"/>
            <span end="17063" id="15676071-15611" start="17062">-</span>
        </annotation>
        <annotation annotator="" id="SO_2017_06_11_Instance_174684" type="identity">
            <class id="SO_EXT:sequence_nullness_or_absence" label="sequence nullness or absence"/>
            <span end="17065" id="15676071-15613" start="17064">-</span>
        </annotation>
        <annotation annotator="" id="SO_2017_06_11_Instance_174686" type="identity">
            <class id="SO_EXT:sequence_nullness_or_absence" label="sequence nullness or absence"/>
            <span end="17659" id="15676071-15615" start="17658">-</span>
        </annotation>
        <annotation annotator="" id="SO_2017_06_11_Instance_174688" type="identity">
            <class id="SO_EXT:sequence_nullness_or_absence" label="sequence nullness or absence"/>
            <span end="17661" id="15676071-15617" start="17660">-</span>
        </annotation>
        <annotation annotator="" id="SO_2017_06_11_Instance_179939" type="identity">
            <class id="SO_EXT:normal_or_wild_type_or_present" label="sequence wild-typeness, normalness or presence"/>
            <span end="17686" id="15676071-15823" start="17685">+</span>
        </annotation>
        <annotation annotator="" id="SO_2017_06_11_Instance_179941" type="identity">
            <class id="SO_EXT:normal_or_wild_type_or_present" label="sequence wild-typeness, normalness or presence"/>
            <span end="17688" id="15676071-15825" start="17687">+</span>
        </annotation>
        <annotation annotator="" id="SO_2017_06_11_Instance_179943" type="identity">
            <class id="SO_EXT:normal_or_wild_type_or_present" label="sequence wild-typeness, normalness or presence"/>
            <span end="17827" id="15676071-15827" start="17826">+</span>
        </annotation>
        <annotation annotator="" id="SO_2017_06_11_Instance_179945" type="identity">
            <class id="SO_EXT:normal_or_wild_type_or_present" label="sequence wild-typeness, normalness or presence"/>
            <span end="17829" id="15676071-15829" start="17828">+</span>
        </annotation>
        <annotation annotator="" id="SO_2017_06_11_Instance_174690" type="identity">
            <class id="SO_EXT:sequence_nullness_or_absence" label="sequence nullness or absence"/>
            <span end="18191" id="15676071-15619" start="18190">-</span>
        </annotation>
        <annotation annotator="" id="SO_2017_06_11_Instance_174692" type="identity">
            <class id="SO_EXT:sequence_nullness_or_absence" label="sequence nullness or absence"/>
            <span end="18193" id="15676071-15621" start="18192">-</span>
        </annotation>
        <annotation annotator="" id="SO_2017_06_11_Instance_174694" type="identity">
            <class id="SO_EXT:sequence_nullness_or_absence" label="sequence nullness or absence"/>
            <span end="18931" id="15676071-15623" start="18930">-</span>
        </annotation>
        <annotation annotator="" id="SO_2017_06_11_Instance_174696" type="identity">
            <class id="SO_EXT:sequence_nullness_or_absence" label="sequence nullness or absence"/>
            <span end="18933" id="15676071-15625" start="18932">-</span>
        </annotation>
        <annotation annotator="" id="SO_2017_06_11_Instance_188920" type="identity">
            <class id="SO_EXT:sequence_alteration_entity_or_process" label="sequence alteration entity or process"/>
            <span end="18982" id="15676071-15873" start="18973">mutations</span>
        </annotation>
        <annotation annotator="" id="SO_2017_06_11_Instance_174698" type="identity">
            <class id="SO_EXT:sequence_nullness_or_absence" label="sequence nullness or absence"/>
            <span end="19182" id="15676071-15627" start="19181">-</span>
        </annotation>
        <annotation annotator="" id="SO_2017_06_11_Instance_174700" type="identity">
            <class id="SO_EXT:sequence_nullness_or_absence" label="sequence nullness or absence"/>
            <span end="19184" id="15676071-15629" start="19183">-</span>
        </annotation>
        <annotation annotator="" id="SO_2017_06_11_Instance_174702" type="identity">
            <class id="SO_EXT:sequence_nullness_or_absence" label="sequence nullness or absence"/>
            <span end="19341" id="15676071-15631" start="19340">-</span>
        </annotation>
        <annotation annotator="" id="SO_2017_06_11_Instance_174704" type="identity">
            <class id="SO_EXT:sequence_nullness_or_absence" label="sequence nullness or absence"/>
            <span end="19343" id="15676071-15633" start="19342">-</span>
        </annotation>
        <annotation annotator="" id="SO_2017_06_11_Instance_174706" type="identity">
            <class id="SO_EXT:sequence_nullness_or_absence" label="sequence nullness or absence"/>
            <span end="19505" id="15676071-15635" start="19504">-</span>
        </annotation>
        <annotation annotator="" id="SO_2017_06_11_Instance_174708" type="identity">
            <class id="SO_EXT:sequence_nullness_or_absence" label="sequence nullness or absence"/>
            <span end="19507" id="15676071-15637" start="19506">-</span>
        </annotation>
        <annotation annotator="" id="SO_2017_06_11_Instance_188922" type="identity">
            <class id="SO_EXT:sequence_alteration_entity_or_process" label="sequence alteration entity or process"/>
            <span end="19577" id="15676071-15875" start="19568">Mutations</span>
        </annotation>
        <annotation annotator="Mike Bada, University of Colorado School of Medicine" id="SO_2017_06_11_Instance_49581" type="identity">
            <class id="SO_EXT:0000704" label="gene"/>
            <span end="19622" id="15676071-15943" start="19618">gene</span>
        </annotation>
        <annotation annotator="" id="SO_2017_06_11_Instance_188924" type="identity">
            <class id="SO_EXT:sequence_alteration_entity_or_process" label="sequence alteration entity or process"/>
            <span end="19632" id="15676071-15877" start="19623">mutations</span>
        </annotation>
        <annotation annotator="" id="SO_2017_06_11_Instance_220387" type="identity">
            <class id="SO_EXT:sequence_nullness" label="sequence nullness"/>
            <span end="19696" id="15676071-15897" start="19692">null</span>
        </annotation>
        <annotation annotator="" id="SO_2017_06_11_Instance_188926" type="identity">
            <class id="SO_EXT:sequence_alteration_entity_or_process" label="sequence alteration entity or process"/>
            <span end="19706" id="15676071-15879" start="19697">mutations</span>
        </annotation>
        <annotation annotator="Mike Bada, University of Colorado School of Medicine" id="SO_2017_06_11_Instance_49583" type="identity">
            <class id="SO_EXT:0000704" label="gene"/>
            <span end="19733" id="15676071-15945" start="19729">gene</span>
        </annotation>
        <annotation annotator="" id="SO_2017_06_11_Instance_174710" type="identity">
            <class id="SO_EXT:sequence_nullness_or_absence" label="sequence nullness or absence"/>
            <span end="19833" id="15676071-15639" start="19832">-</span>
        </annotation>
        <annotation annotator="" id="SO_2017_06_11_Instance_174712" type="identity">
            <class id="SO_EXT:sequence_nullness_or_absence" label="sequence nullness or absence"/>
            <span end="19835" id="15676071-15641" start="19834">-</span>
        </annotation>
        <annotation annotator="" id="SO_2017_06_11_Instance_174714" type="identity">
            <class id="SO_EXT:sequence_nullness_or_absence" label="sequence nullness or absence"/>
            <span end="19844" id="15676071-15643" start="19843">-</span>
        </annotation>
        <annotation annotator="" id="SO_2017_06_11_Instance_174716" type="identity">
            <class id="SO_EXT:sequence_nullness_or_absence" label="sequence nullness or absence"/>
            <span end="19846" id="15676071-15645" start="19845">-</span>
        </annotation>
        <annotation annotator="" id="SO_2017_06_11_Instance_174718" type="identity">
            <class id="SO_EXT:sequence_nullness_or_absence" label="sequence nullness or absence"/>
            <span end="19934" id="15676071-15647" start="19933">-</span>
        </annotation>
        <annotation annotator="" id="SO_2017_06_11_Instance_174720" type="identity">
            <class id="SO_EXT:sequence_nullness_or_absence" label="sequence nullness or absence"/>
            <span end="19936" id="15676071-15649" start="19935">-</span>
        </annotation>
        <annotation annotator="" id="SO_2017_06_11_Instance_174722" type="identity">
            <class id="SO_EXT:sequence_nullness_or_absence" label="sequence nullness or absence"/>
            <span end="20032" id="15676071-15651" start="20031">-</span>
        </annotation>
        <annotation annotator="" id="SO_2017_06_11_Instance_174724" type="identity">
            <class id="SO_EXT:sequence_nullness_or_absence" label="sequence nullness or absence"/>
            <span end="20034" id="15676071-15653" start="20033">-</span>
        </annotation>
        <annotation annotator="" id="SO_2017_06_11_backup_Instance_11934" type="identity">
            <class id="CHEBI_SO_EXT:epitope" label="epitope"/>
            <span end="20520" id="15676071-15403" start="20513">epitope</span>
        </annotation>
        <annotation annotator="" id="SO_2017_06_11_Instance_174726" type="identity">
            <class id="SO_EXT:sequence_nullness_or_absence" label="sequence nullness or absence"/>
            <span end="21003" id="15676071-15655" start="21002">-</span>
        </annotation>
        <annotation annotator="" id="SO_2017_06_11_Instance_174728" type="identity">
            <class id="SO_EXT:sequence_nullness_or_absence" label="sequence nullness or absence"/>
            <span end="21005" id="15676071-15657" start="21004">-</span>
        </annotation>
        <annotation annotator="Mike Bada, University of Colorado School of Medicine" id="SO_2017_06_11_Instance_49587" type="identity">
            <class id="SO_EXT:0000704" label="gene"/>
            <span end="21143" id="15676071-15947" start="21138">genes</span>
        </annotation>
        <annotation annotator="Mike Bada, University of Colorado School of Medicine" id="SO_2017_06_11_Instance_49589" type="identity">
            <class id="SO_EXT:0000704" label="gene"/>
            <span end="21346" id="15676071-15949" start="21342">gene</span>
        </annotation>
        <annotation annotator="Mike Bada, University of Colorado School of Medicine" id="SO_2017_06_11_Instance_49591" type="identity">
            <class id="SO_EXT:0000704" label="gene"/>
            <span end="21410" id="15676071-15951" start="21405">genes</span>
        </annotation>
        <annotation annotator="" id="SO_2017_06_11_Instance_174730" type="identity">
            <class id="SO_EXT:sequence_nullness_or_absence" label="sequence nullness or absence"/>
            <span end="21461" id="15676071-15659" start="21460">-</span>
        </annotation>
        <annotation annotator="" id="SO_2017_06_11_Instance_174732" type="identity">
            <class id="SO_EXT:sequence_nullness_or_absence" label="sequence nullness or absence"/>
            <span end="21463" id="15676071-15661" start="21462">-</span>
        </annotation>
        <annotation annotator="" id="SO_2017_06_11_Instance_174734" type="identity">
            <class id="SO_EXT:sequence_nullness_or_absence" label="sequence nullness or absence"/>
            <span end="21536" id="15676071-15663" start="21535">-</span>
        </annotation>
        <annotation annotator="" id="SO_2017_06_11_Instance_174736" type="identity">
            <class id="SO_EXT:sequence_nullness_or_absence" label="sequence nullness or absence"/>
            <span end="21538" id="15676071-15665" start="21537">-</span>
        </annotation>
        <annotation annotator="" id="SO_2017_06_11_backup_Instance_11936" type="identity">
            <class id="CHEBI_SO_EXT:mRNA" label="mRNA"/>
            <span end="21567" id="15676071-15405" start="21563">mRNA</span>
        </annotation>
        <annotation annotator="" id="SO_2017_06_11_Instance_223557" type="identity">
            <class id="SO_EXT:transgenic_entity" label="transgenic entity"/>
            <span end="21612" id="15676071-15905" start="21602">Transgenic</span>
        </annotation>
        <annotation annotator="Mike Bada, University of Colorado School of Medicine" id="SO_2017_06_11_Instance_49595" type="identity">
            <class id="SO_EXT:wild_type_entity_or_quality" label="wild-typeness or wild-type entity"/>
            <span end="21665" id="15676071-15953" start="21656">wild type</span>
        </annotation>
        <annotation annotator="" id="SO_2017_06_11_Instance_220389" type="identity">
            <class id="SO_EXT:sequence_nullness" label="sequence nullness"/>
            <span end="21966" id="15676071-15899" start="21962">null</span>
        </annotation>
        <annotation annotator="" id="SO_2017_06_11_Instance_186010" type="identity">
            <class id="SO_EXT:sequence_altered_entity" label="sequence-altered entity"/>
            <span end="21974" id="15676071-15847" start="21967">mutants</span>
        </annotation>
        <annotation annotator="" id="SO_2017_06_11_Instance_174738" type="identity">
            <class id="SO_EXT:sequence_nullness_or_absence" label="sequence nullness or absence"/>
            <span end="22133" id="15676071-15667" start="22132">-</span>
        </annotation>
        <annotation annotator="" id="SO_2017_06_11_Instance_174740" type="identity">
            <class id="SO_EXT:sequence_nullness_or_absence" label="sequence nullness or absence"/>
            <span end="22135" id="15676071-15669" start="22134">-</span>
        </annotation>
        <annotation annotator="" id="SO_2017_06_11_Instance_220391" type="identity">
            <class id="SO_EXT:sequence_nullness" label="sequence nullness"/>
            <span end="22298" id="15676071-15901" start="22294">null</span>
        </annotation>
        <annotation annotator="Mike Bada, University of Colorado School of Medicine" id="SO_2017_06_11_Instance_49597" type="identity">
            <class id="SO_EXT:0000902" label="transgene"/>
            <span end="22323" id="15676071-15955" start="22314">transgene</span>
        </annotation>
        <annotation annotator="Mike Bada, University of Colorado School of Medicine" id="SO_2017_06_11_Instance_49599" type="identity">
            <class id="SO_EXT:0000167" label="promoter"/>
            <span end="22366" id="15676071-15957" start="22358">promoter</span>
        </annotation>
        <annotation annotator="" id="SO_2017_06_11_Instance_172163" type="identity">
            <class id="SO_EXT:sequence_rescue_process" label="sequence rescue process"/>
            <span end="22531" id="15676071-15429" start="22525">rescue</span>
        </annotation>
        <annotation annotator="" id="SO_2017_06_11_Instance_172165" type="identity">
            <class id="SO_EXT:sequence_rescue_process" label="sequence rescue process"/>
            <span end="22579" id="15676071-15431" start="22573">rescue</span>
        </annotation>
        <annotation annotator="" id="SO_2017_06_11_Instance_172167" type="identity">
            <class id="SO_EXT:sequence_rescue_process" label="sequence rescue process"/>
            <span end="22690" id="15676071-15433" start="22684">rescue</span>
        </annotation>
        <annotation annotator="Mike Bada, University of Colorado School of Medicine" id="SO_2017_06_11_Instance_49601" type="identity">
            <class id="SO_EXT:0000704" label="gene"/>
            <span end="23349" id="15676071-15959" start="23344">genes</span>
        </annotation>
        <annotation annotator="Mike Bada, University of Colorado School of Medicine" id="SO_2017_06_11_Instance_49603" type="identity">
            <class id="SO_EXT:0001023" label="allele"/>
            <span end="23412" id="15676071-15961" start="23406">allele</span>
        </annotation>
        <annotation annotator="Mike Bada, University of Colorado School of Medicine" id="SO_2017_06_11_Instance_49605" type="identity">
            <class id="SO_EXT:0000704" label="gene"/>
            <span end="23533" id="15676071-15963" start="23528">genes</span>
        </annotation>
        <annotation annotator="" id="SO_2017_06_11_Instance_174742" type="identity">
            <class id="SO_EXT:sequence_nullness_or_absence" label="sequence nullness or absence"/>
            <span end="23616" id="15676071-15671" start="23615">-</span>
        </annotation>
        <annotation annotator="" id="SO_2017_06_11_Instance_174744" type="identity">
            <class id="SO_EXT:sequence_nullness_or_absence" label="sequence nullness or absence"/>
            <span end="23618" id="15676071-15673" start="23617">-</span>
        </annotation>
        <annotation annotator="" id="SO_2017_06_11_Instance_170258" type="identity">
            <class id="CHEBI_GO_SO_EXT:enzyme" label="enzyme"/>
            <span end="23776" id="15676071-15427" start="23769">enzymes</span>
        </annotation>
        <annotation annotator="" id="SO_2017_06_11_backup_Instance_11938" type="identity">
            <class id="CHEBI_SO_EXT:molecular_probe" label="molecular probe"/>
            <span end="24006" id="15676071-15407" start="24000">probes</span>
        </annotation>
        <annotation annotator="Mike Bada, University of Colorado School of Medicine" id="SO_2017_06_11_Instance_49609" type="identity">
            <class id="SO_EXT:0000704" label="gene"/>
            <span end="24036" id="15676071-15965" start="24031">genes</span>
        </annotation>
        <annotation annotator="" id="SO_2017_06_11_backup_Instance_11940" type="identity">
            <class id="CHEBI_SO_EXT:RNA" label="RNA"/>
            <span end="24082" id="15676071-15409" start="24079">RNA</span>
        </annotation>
        <annotation annotator="Mike Bada, University of Colorado School of Medicine" id="SO_2017_06_11_Instance_49611" type="identity">
            <class id="SO_EXT:0000704" label="gene"/>
            <span end="24223" id="15676071-15967" start="24218">genes</span>
        </annotation>
        <annotation annotator="Mike Bada, University of Colorado School of Medicine" id="SO_2017_06_11_Instance_49613" type="identity">
            <class id="SO_EXT:0000704" label="gene"/>
            <span end="24387" id="15676071-15969" start="24383">gene</span>
        </annotation>
        <annotation annotator="Mike Bada, University of Colorado School of Medicine" id="SO_2017_06_11_Instance_49615" type="identity">
            <class id="SO_EXT:0000704" label="gene"/>
            <span end="24413" id="15676071-15971" start="24409">gene</span>
        </annotation>
        <annotation annotator="Mike Bada, University of Colorado School of Medicine" id="SO_2017_06_11_Instance_49617" type="identity">
            <class id="SO_EXT:0000853" label="homologous_region"/>
            <span end="24506" id="15676071-15973" start="24497">homologue</span>
        </annotation>
        <annotation annotator="" id="SO_2017_06_11_Instance_186012" type="identity">
            <class id="SO_EXT:sequence_altered_entity" label="sequence-altered entity"/>
            <span end="24630" id="15676071-15849" start="24624">mutant</span>
        </annotation>
        <annotation annotator="" id="SO_2017_06_11_Instance_186014" type="identity">
            <class id="SO_EXT:sequence_altered_entity" label="sequence-altered entity"/>
            <span end="24811" id="15676071-15851" start="24805">mutant</span>
        </annotation>
        <annotation annotator="" id="SO_2017_06_11_Instance_174746" type="identity">
            <class id="SO_EXT:sequence_nullness_or_absence" label="sequence nullness or absence"/>
            <span end="24989" id="15676071-15675" start="24988">-</span>
        </annotation>
        <annotation annotator="" id="SO_2017_06_11_Instance_174748" type="identity">
            <class id="SO_EXT:sequence_nullness_or_absence" label="sequence nullness or absence"/>
            <span end="24991" id="15676071-15677" start="24990">-</span>
        </annotation>
        <annotation annotator="" id="SO_2017_06_11_Instance_174750" type="identity">
            <class id="SO_EXT:sequence_nullness_or_absence" label="sequence nullness or absence"/>
            <span end="25016" id="15676071-15679" start="25015">-</span>
        </annotation>
        <annotation annotator="" id="SO_2017_06_11_Instance_174752" type="identity">
            <class id="SO_EXT:sequence_nullness_or_absence" label="sequence nullness or absence"/>
            <span end="25018" id="15676071-15681" start="25017">-</span>
        </annotation>
        <annotation annotator="" id="SO_2017_06_11_Instance_174754" type="identity">
            <class id="SO_EXT:sequence_nullness_or_absence" label="sequence nullness or absence"/>
            <span end="25125" id="15676071-15683" start="25124">-</span>
        </annotation>
        <annotation annotator="" id="SO_2017_06_11_Instance_174756" type="identity">
            <class id="SO_EXT:sequence_nullness_or_absence" label="sequence nullness or absence"/>
            <span end="25127" id="15676071-15685" start="25126">-</span>
        </annotation>
        <annotation annotator="" id="SO_2017_06_11_Instance_174758" type="identity">
            <class id="SO_EXT:sequence_nullness_or_absence" label="sequence nullness or absence"/>
            <span end="25363" id="15676071-15687" start="25362">-</span>
        </annotation>
        <annotation annotator="" id="SO_2017_06_11_Instance_174760" type="identity">
            <class id="SO_EXT:sequence_nullness_or_absence" label="sequence nullness or absence"/>
            <span end="25365" id="15676071-15689" start="25364">-</span>
        </annotation>
        <annotation annotator="" id="SO_2017_06_11_Instance_174762" type="identity">
            <class id="SO_EXT:sequence_nullness_or_absence" label="sequence nullness or absence"/>
            <span end="25373" id="15676071-15691" start="25372">-</span>
        </annotation>
        <annotation annotator="" id="SO_2017_06_11_Instance_174764" type="identity">
            <class id="SO_EXT:sequence_nullness_or_absence" label="sequence nullness or absence"/>
            <span end="25375" id="15676071-15693" start="25374">-</span>
        </annotation>
        <annotation annotator="" id="SO_2017_06_11_Instance_174766" type="identity">
            <class id="SO_EXT:sequence_nullness_or_absence" label="sequence nullness or absence"/>
            <span end="25648" id="15676071-15695" start="25647">-</span>
        </annotation>
        <annotation annotator="" id="SO_2017_06_11_Instance_174768" type="identity">
            <class id="SO_EXT:sequence_nullness_or_absence" label="sequence nullness or absence"/>
            <span end="25650" id="15676071-15697" start="25649">-</span>
        </annotation>
        <annotation annotator="" id="SO_2017_06_11_Instance_174770" type="identity">
            <class id="SO_EXT:sequence_nullness_or_absence" label="sequence nullness or absence"/>
            <span end="26128" id="15676071-15699" start="26127">-</span>
        </annotation>
        <annotation annotator="" id="SO_2017_06_11_Instance_174772" type="identity">
            <class id="SO_EXT:sequence_nullness_or_absence" label="sequence nullness or absence"/>
            <span end="26130" id="15676071-15701" start="26129">-</span>
        </annotation>
        <annotation annotator="Mike Bada, University of Colorado School of Medicine" id="SO_2017_06_11_Instance_49619" type="identity">
            <class id="SO_EXT:0000704" label="gene"/>
            <span end="26380" id="15676071-15975" start="26375">genes</span>
        </annotation>
        <annotation annotator="" id="SO_2017_06_11_Instance_174774" type="identity">
            <class id="SO_EXT:sequence_nullness_or_absence" label="sequence nullness or absence"/>
            <span end="26599" id="15676071-15703" start="26598">-</span>
        </annotation>
        <annotation annotator="" id="SO_2017_06_11_Instance_174776" type="identity">
            <class id="SO_EXT:sequence_nullness_or_absence" label="sequence nullness or absence"/>
            <span end="26601" id="15676071-15705" start="26600">-</span>
        </annotation>
        <annotation annotator="" id="SO_2017_06_11_backup_Instance_11942" type="identity">
            <class id="CHEBI_SO_EXT:RNA" label="RNA"/>
            <span end="26670" id="15676071-15411" start="26667">RNA</span>
        </annotation>
        <annotation annotator="Mike Bada, University of Colorado School of Medicine" id="SO_2017_06_11_Instance_49621" type="identity">
            <class id="SO_EXT:0000704" label="gene"/>
            <span end="26734" id="15676071-15977" start="26729">genes</span>
        </annotation>
        <annotation annotator="" id="SO_2017_06_11_backup_Instance_16680" type="identity">
            <class id="CHEBI_SO_EXT:molecular_indicator_or_label_or_marker_or_tag" label="molecular indicator/label/marker/tag"/>
            <span end="26756" id="15676071-15423" start="26752">tags</span>
        </annotation>
        <annotation annotator="Mike Bada, University of Colorado School of Medicine" id="SO_2017_06_11_Instance_49623" type="identity">
            <class id="SO_EXT:0000704" label="gene"/>
            <span end="26788" id="15676071-15979" start="26783">genes</span>
        </annotation>
        <annotation annotator="" id="SO_2017_06_11_backup_Instance_11944" type="identity">
            <class id="CHEBI_SO_EXT:RNA" label="RNA"/>
            <span end="26817" id="15676071-15413" start="26814">RNA</span>
        </annotation>
        <annotation annotator="Mike Bada, University of Colorado School of Medicine" id="SO_2017_06_11_Instance_49625" type="identity">
            <class id="SO_EXT:0000704" label="gene"/>
            <span end="26880" id="15676071-15981" start="26875">genes</span>
        </annotation>
        <annotation annotator="" id="SO_2017_06_11_Instance_174778" type="identity">
            <class id="SO_EXT:sequence_nullness_or_absence" label="sequence nullness or absence"/>
            <span end="26973" id="15676071-15707" start="26972">-</span>
        </annotation>
        <annotation annotator="" id="SO_2017_06_11_Instance_174780" type="identity">
            <class id="SO_EXT:sequence_nullness_or_absence" label="sequence nullness or absence"/>
            <span end="26975" id="15676071-15709" start="26974">-</span>
        </annotation>
        <annotation annotator="" id="SO_2017_06_11_backup_Instance_16682" type="identity">
            <class id="CHEBI_SO_EXT:molecular_indicator_or_label_or_marker_or_tag" label="molecular indicator/label/marker/tag"/>
            <span end="27070" id="15676071-15425" start="27066">Tags</span>
        </annotation>
        <annotation annotator="Mike Bada, University of Colorado School of Medicine" id="SO_2017_06_11_Instance_49629" type="identity">
            <class id="SO_EXT:0000704" label="gene"/>
            <span end="27087" id="15676071-15983" start="27082">genes</span>
        </annotation>
        <annotation annotator="" id="SO_2017_06_11_backup_Instance_11946" type="identity">
            <class id="CHEBI_SO_EXT:tyrosine" label="tyrosine"/>
            <span end="27239" id="15676071-15415" start="27231">tyrosine</span>
        </annotation>
        <annotation annotator="Mike Bada, University of Colorado School of Medicine" id="SO_2017_06_11_Instance_49631" type="identity">
            <class id="SO_EXT:0000704" label="gene"/>
            <span end="27358" id="15676071-15985" start="27354">gene</span>
        </annotation>
        <annotation annotator="" id="SO_2017_06_11_Instance_174782" type="identity">
            <class id="SO_EXT:sequence_nullness_or_absence" label="sequence nullness or absence"/>
            <span end="27389" id="15676071-15711" start="27388">-</span>
        </annotation>
        <annotation annotator="" id="SO_2017_06_11_Instance_174784" type="identity">
            <class id="SO_EXT:sequence_nullness_or_absence" label="sequence nullness or absence"/>
            <span end="27391" id="15676071-15713" start="27390">-</span>
        </annotation>
        <annotation annotator="Mike Bada, University of Colorado School of Medicine" id="SO_2017_06_11_Instance_49633" type="identity">
            <class id="SO_EXT:0000853" label="homologous_region"/>
            <span end="27419" id="15676071-15987" start="27410">homologue</span>
        </annotation>
        <annotation annotator="Mike Bada, University of Colorado School of Medicine" id="SO_2017_06_11_Instance_49635" type="identity">
            <class id="SO_EXT:0000704" label="gene"/>
            <span end="27449" id="15676071-15989" start="27445">gene</span>
        </annotation>
        <annotation annotator="" id="SO_2017_06_11_Instance_91049" type="identity">
            <class id="SO_EXT:sequence_coding_function" label="sequence coding function"/>
            <span end="27504" id="15676071-16009" start="27497">encodes</span>
        </annotation>
        <annotation annotator="Mike Bada, University of Colorado School of Medicine" id="SO_2017_06_11_Instance_49637" type="identity">
            <class id="SO_EXT:0000704" label="gene"/>
            <span end="27665" id="15676071-15991" start="27660">genes</span>
        </annotation>
        <annotation annotator="" id="SO_2017_06_11_Instance_91363" type="identity">
            <class id="SO_EXT:sequence_coding_function" label="sequence coding function"/>
            <span end="27674" id="15676071-16013" start="27666">encoding</span>
        </annotation>
        <annotation annotator="" id="SO_2017_06_11_Instance_174786" type="identity">
            <class id="SO_EXT:sequence_nullness_or_absence" label="sequence nullness or absence"/>
            <span end="27807" id="15676071-15715" start="27806">-</span>
        </annotation>
        <annotation annotator="" id="SO_2017_06_11_Instance_174788" type="identity">
            <class id="SO_EXT:sequence_nullness_or_absence" label="sequence nullness or absence"/>
            <span end="27809" id="15676071-15717" start="27808">-</span>
        </annotation>
        <annotation annotator="Mike Bada, University of Colorado School of Medicine" id="SO_2017_06_11_Instance_49639" type="identity">
            <class id="SO_EXT:0000704" label="gene"/>
            <span end="27884" id="15676071-15993" start="27879">genes</span>
        </annotation>
        <annotation annotator="Mike Bada, University of Colorado School of Medicine" id="SO_2017_06_11_Instance_49641" type="identity">
            <class id="SO_EXT:0000704" label="gene"/>
            <span end="27967" id="15676071-15995" start="27962">genes</span>
        </annotation>
        <annotation annotator="" id="SO_2017_06_11_Instance_174790" type="identity">
            <class id="SO_EXT:sequence_nullness_or_absence" label="sequence nullness or absence"/>
            <span end="28428" id="15676071-15719" start="28427">-</span>
        </annotation>
        <annotation annotator="" id="SO_2017_06_11_Instance_174792" type="identity">
            <class id="SO_EXT:sequence_nullness_or_absence" label="sequence nullness or absence"/>
            <span end="28430" id="15676071-15721" start="28429">-</span>
        </annotation>
        <annotation annotator="" id="SO_2017_06_11_Instance_186016" type="identity">
            <class id="SO_EXT:sequence_altered_entity" label="sequence-altered entity"/>
            <span end="28555" id="15676071-15853" start="28548">mutants</span>
        </annotation>
        <annotation annotator="" id="SO_2017_06_11_Instance_174794" type="identity">
            <class id="SO_EXT:sequence_nullness_or_absence" label="sequence nullness or absence"/>
            <span end="28614" id="15676071-15723" start="28613">-</span>
        </annotation>
        <annotation annotator="" id="SO_2017_06_11_Instance_174796" type="identity">
            <class id="SO_EXT:sequence_nullness_or_absence" label="sequence nullness or absence"/>
            <span end="28616" id="15676071-15725" start="28615">-</span>
        </annotation>
        <annotation annotator="" id="SO_2017_06_11_backup_Instance_11948" type="identity">
            <class id="CHEBI_SO_EXT:mRNA" label="mRNA"/>
            <span end="28947" id="15676071-15417" start="28943">mRNA</span>
        </annotation>
        <annotation annotator="" id="SO_2017_06_11_backup_Instance_11950" type="identity">
            <class id="CHEBI_SO_EXT:RNA" label="RNA"/>
            <span end="29020" id="15676071-15419" start="29017">RNA</span>
        </annotation>
        <annotation annotator="" id="SO_2017_06_11_Instance_174798" type="identity">
            <class id="SO_EXT:sequence_nullness_or_absence" label="sequence nullness or absence"/>
            <span end="29035" id="15676071-15727" start="29034">-</span>
        </annotation>
        <annotation annotator="" id="SO_2017_06_11_Instance_174800" type="identity">
            <class id="SO_EXT:sequence_nullness_or_absence" label="sequence nullness or absence"/>
            <span end="29037" id="15676071-15729" start="29036">-</span>
        </annotation>
        <annotation annotator="" id="SO_2017_06_11_Instance_179947" type="identity">
            <class id="SO_EXT:normal_or_wild_type_or_present" label="sequence wild-typeness, normalness or presence"/>
            <span end="29046" id="15676071-15831" start="29045">+</span>
        </annotation>
        <annotation annotator="" id="SO_2017_06_11_Instance_179949" type="identity">
            <class id="SO_EXT:normal_or_wild_type_or_present" label="sequence wild-typeness, normalness or presence"/>
            <span end="29048" id="15676071-15833" start="29047">+</span>
        </annotation>
        <annotation annotator="" id="SO_2017_06_11_backup_Instance_11952" type="identity">
            <class id="CHEBI_SO_EXT:RNA" label="RNA"/>
            <span end="29104" id="15676071-15421" start="29101">RNA</span>
        </annotation>
        <annotation annotator="" id="SO_2017_06_11_Instance_174802" type="identity">
            <class id="SO_EXT:sequence_nullness_or_absence" label="sequence nullness or absence"/>
            <span end="29142" id="15676071-15731" start="29141">-</span>
        </annotation>
        <annotation annotator="" id="SO_2017_06_11_Instance_174804" type="identity">
            <class id="SO_EXT:sequence_nullness_or_absence" label="sequence nullness or absence"/>
            <span end="29144" id="15676071-15733" start="29143">-</span>
        </annotation>
        <annotation annotator="Mike Bada, University of Colorado School of Medicine" id="SO_2017_06_11_Instance_49645" type="identity">
            <class id="SO_EXT:0000704" label="gene"/>
            <span end="29678" id="15676071-15997" start="29673">genes</span>
        </annotation>
        <annotation annotator="Mike Bada, University of Colorado School of Medicine" id="SO_2017_06_11_Instance_27959" type="identity">
            <class id="SO_EXT:0000704" label="gene"/>
            <span end="29708" id="15676071-15915" start="29701">genetic</span>
        </annotation>
        <annotation annotator="" id="SO_2017_06_11_Instance_91051" type="identity">
            <class id="SO_EXT:sequence_coding_function" label="sequence coding function"/>
            <span end="29726" id="15676071-16011" start="29720">encode</span>
        </annotation>
        <annotation annotator="" id="SO_2017_06_11_Instance_188928" type="identity">
            <class id="SO_EXT:sequence_alteration_entity_or_process" label="sequence alteration entity or process"/>
            <span end="29959" id="15676071-15881" start="29950">mutations</span>
        </annotation>
        <annotation annotator="Mike Bada, University of Colorado School of Medicine" id="SO_2017_06_11_Instance_49647" type="identity">
            <class id="SO_EXT:0000704" label="gene"/>
            <span end="29981" id="15676071-15999" start="29976">genes</span>
        </annotation>
        <annotation annotator="" id="SO_2017_06_11_Instance_188930" type="identity">
            <class id="SO_EXT:sequence_alteration_entity_or_process" label="sequence alteration entity or process"/>
            <span end="30070" id="15676071-15883" start="30061">Mutations</span>
        </annotation>
        <annotation annotator="" id="SO_2017_06_11_Instance_188932" type="identity">
            <class id="SO_EXT:sequence_alteration_entity_or_process" label="sequence alteration entity or process"/>
            <span end="30165" id="15676071-15885" start="30157">mutation</span>
        </annotation>
        <annotation annotator="" id="SO_2017_06_11_Instance_174806" type="identity">
            <class id="SO_EXT:sequence_nullness_or_absence" label="sequence nullness or absence"/>
            <span end="30356" id="15676071-15735" start="30355">-</span>
        </annotation>
        <annotation annotator="" id="SO_2017_06_11_Instance_174808" type="identity">
            <class id="SO_EXT:sequence_nullness_or_absence" label="sequence nullness or absence"/>
            <span end="30358" id="15676071-15737" start="30357">-</span>
        </annotation>
        <annotation annotator="" id="SO_2017_06_11_Instance_188934" type="identity">
            <class id="SO_EXT:sequence_alteration_entity_or_process" label="sequence alteration entity or process"/>
            <span end="30496" id="15676071-15887" start="30487">mutations</span>
        </annotation>
        <annotation annotator="" id="SO_2017_06_11_Instance_188936" type="identity">
            <class id="SO_EXT:sequence_alteration_entity_or_process" label="sequence alteration entity or process"/>
            <span end="30918" id="15676071-15889" start="30909">mutations</span>
        </annotation>
        <annotation annotator="" id="SO_2017_06_11_Instance_174810" type="identity">
            <class id="SO_EXT:sequence_nullness_or_absence" label="sequence nullness or absence"/>
            <span end="31602" id="15676071-15739" start="31601">-</span>
        </annotation>
        <annotation annotator="" id="SO_2017_06_11_Instance_174812" type="identity">
            <class id="SO_EXT:sequence_nullness_or_absence" label="sequence nullness or absence"/>
            <span end="31604" id="15676071-15741" start="31603">-</span>
        </annotation>
        <annotation annotator="" id="SO_2017_06_11_Instance_220393" type="identity">
            <class id="SO_EXT:sequence_nullness" label="sequence nullness"/>
            <span end="31666" id="15676071-15903" start="31662">null</span>
        </annotation>
        <annotation annotator="" id="SO_2017_06_11_Instance_174814" type="identity">
            <class id="SO_EXT:sequence_nullness_or_absence" label="sequence nullness or absence"/>
            <span end="31833" id="15676071-15743" start="31832">-</span>
        </annotation>
        <annotation annotator="" id="SO_2017_06_11_Instance_174816" type="identity">
            <class id="SO_EXT:sequence_nullness_or_absence" label="sequence nullness or absence"/>
            <span end="31835" id="15676071-15745" start="31834">-</span>
        </annotation>
        <annotation annotator="Mike Bada, University of Colorado School of Medicine" id="SO_2017_06_11_Instance_18941" type="identity">
            <class id="SO_EXT:wild_type_entity_or_quality" label="wild-typeness or wild-type entity"/>
            <span end="31848" id="15676071-15891" start="31840">wildtype</span>
        </annotation>
        <annotation annotator="" id="SO_2017_06_11_Instance_174818" type="identity">
            <class id="SO_EXT:sequence_nullness_or_absence" label="sequence nullness or absence"/>
            <span end="33147" id="15676071-15747" start="33146">-</span>
        </annotation>
        <annotation annotator="" id="SO_2017_06_11_Instance_174820" type="identity">
            <class id="SO_EXT:sequence_nullness_or_absence" label="sequence nullness or absence"/>
            <span end="33149" id="15676071-15749" start="33148">-</span>
        </annotation>
        <annotation annotator="" id="SO_2017_06_11_Instance_174822" type="identity">
            <class id="SO_EXT:sequence_nullness_or_absence" label="sequence nullness or absence"/>
            <span end="33161" id="15676071-15751" start="33160">-</span>
        </annotation>
        <annotation annotator="" id="SO_2017_06_11_Instance_174824" type="identity">
            <class id="SO_EXT:sequence_nullness_or_absence" label="sequence nullness or absence"/>
            <span end="33163" id="15676071-15753" start="33162">-</span>
        </annotation>
        <annotation annotator="Mike Bada, University of Colorado School of Medicine" id="SO_2017_06_11_Instance_18943" type="identity">
            <class id="SO_EXT:wild_type_entity_or_quality" label="wild-typeness or wild-type entity"/>
            <span end="33181" id="15676071-15893" start="33173">wildtype</span>
        </annotation>
        <annotation annotator="" id="SO_2017_06_11_Instance_174826" type="identity">
            <class id="SO_EXT:sequence_nullness_or_absence" label="sequence nullness or absence"/>
            <span end="33826" id="15676071-15755" start="33825">-</span>
        </annotation>
        <annotation annotator="" id="SO_2017_06_11_Instance_174828" type="identity">
            <class id="SO_EXT:sequence_nullness_or_absence" label="sequence nullness or absence"/>
            <span end="33828" id="15676071-15757" start="33827">-</span>
        </annotation>
        <graph-space id="Old Knowtator Relations"/>
    </document>
</knowtator-project>
