<?xml version="1.0" encoding="UTF-8" standalone="no"?>
<knowtator-project>
    <document id="15876356" text-file="15876356.txt">
        <annotation annotator="Mike Bada, University of Colorado School of Medicine" id="SO_2017_06_11_Instance_50847" type="identity">
            <class id="SO_EXT:0000704" label="gene"/>
            <span end="127" id="15876356-19414" start="123">gene</span>
        </annotation>
        <annotation annotator="" id="SO_2017_06_11_Instance_191091" type="identity">
            <class id="SO_EXT:biological_sequence" label="biological sequence"/>
            <span end="232" id="15876356-19229" start="224">sequence</span>
        </annotation>
        <annotation annotator="Mike Bada, University of Colorado School of Medicine" id="SO_2017_06_11_Instance_50851" type="identity">
            <class id="SO_EXT:0000704" label="gene"/>
            <span end="430" id="15876356-19416" start="426">gene</span>
        </annotation>
        <annotation annotator="" id="SO_2017_06_11_Instance_186104" type="identity">
            <class id="SO_EXT:sequence_altered_entity" label="sequence-altered entity"/>
            <span end="823" id="15876356-19151" start="816">mutants</span>
        </annotation>
        <annotation annotator="Mike Bada, University of Colorado School of Medicine" id="SO_2017_06_11_Instance_29551" type="identity">
            <class id="SO_EXT:0000417" label="polypeptide_domain"/>
            <span end="1277" id="15876356-19339" start="1271">domain</span>
        </annotation>
        <annotation annotator="Mike Bada, University of Colorado School of Medicine" id="SO_2017_06_11_Instance_29553" type="identity">
            <class id="SO_EXT:0000417" label="polypeptide_domain"/>
            <span end="1329" id="15876356-19341" start="1323">domain</span>
        </annotation>
        <annotation annotator="Mike Bada, University of Colorado School of Medicine" id="SO_2017_06_11_Instance_29555" type="identity">
            <class id="SO_EXT:0000417" label="polypeptide_domain"/>
            <span end="1359" id="15876356-19343" start="1353">domain</span>
        </annotation>
        <annotation annotator="Mike Bada, University of Colorado School of Medicine" id="SO_2017_06_11_Instance_29557" type="identity">
            <class id="SO_EXT:0000417" label="polypeptide_domain"/>
            <span end="1638" id="15876356-19345" start="1631">domains</span>
        </annotation>
        <annotation annotator="" id="SO_2017_06_11_Instance_220415" type="identity">
            <class id="SO_EXT:sequence_nullness" label="sequence nullness"/>
            <span end="1938" id="15876356-19309" start="1934">null</span>
        </annotation>
        <annotation annotator="" id="SO_2017_06_11_Instance_220417" type="identity">
            <class id="SO_EXT:sequence_nullness" label="sequence nullness"/>
            <span end="2310" id="15876356-19311" start="2306">null</span>
        </annotation>
        <annotation annotator="" id="SO_2017_06_11_Instance_220419" type="identity">
            <class id="SO_EXT:sequence_nullness" label="sequence nullness"/>
            <span end="2325" id="15876356-19313" start="2321">null</span>
        </annotation>
        <annotation annotator="" id="SO_2017_06_11_Instance_186106" type="identity">
            <class id="SO_EXT:sequence_altered_entity" label="sequence-altered entity"/>
            <span end="2338" id="15876356-19153" start="2331">mutants</span>
        </annotation>
        <annotation annotator="" id="SO_2017_06_11_Instance_191093" type="identity">
            <class id="SO_EXT:biological_sequence" label="biological sequence"/>
            <span end="2499" id="15876356-19231" start="2490">sequences</span>
        </annotation>
        <annotation annotator="Mike Bada, University of Colorado School of Medicine" id="SO_2017_06_11_Instance_29559" type="identity">
            <class id="SO_EXT:0000417" label="polypeptide_domain"/>
            <span end="2531" id="15876356-19347" start="2525">domain</span>
        </annotation>
        <annotation annotator="Mike Bada, University of Colorado School of Medicine" id="SO_2017_06_11_Instance_50853" type="identity">
            <class id="SO_EXT:0000704" label="gene"/>
            <span end="2701" id="15876356-19418" start="2696">genes</span>
        </annotation>
        <annotation annotator="" id="SO_2017_06_11_Instance_191095" type="identity">
            <class id="SO_EXT:biological_sequence" label="biological sequence"/>
            <span end="2791" id="15876356-19233" start="2783">Sequence</span>
        </annotation>
        <annotation annotator="" id="SO_2017_06_11_Instance_150245" type="identity">
            <class id="SO_EXT:sequence_or_structure_motif" label="sequence or structure motif"/>
            <span end="2883" id="15876356-19057" start="2878">motif</span>
        </annotation>
        <annotation annotator="Mike Bada, University of Colorado School of Medicine" id="SO_2017_06_11_Instance_50857" type="identity">
            <class id="SO_EXT:0000704" label="gene"/>
            <span end="3054" id="15876356-19420" start="3050">gene</span>
        </annotation>
        <annotation annotator="Mike Bada, University of Colorado School of Medicine" id="SO_2017_06_11_Instance_50859" type="identity">
            <class id="SO:0000857" label="homologous"/>
            <span end="3366" id="15876356-19422" start="3356">homologous</span>
        </annotation>
        <annotation annotator="" id="SO_2017_06_11_Instance_191097" type="identity">
            <class id="SO_EXT:biological_sequence" label="biological sequence"/>
            <span end="3376" id="15876356-19235" start="3367">sequences</span>
        </annotation>
        <annotation annotator="Mike Bada, University of Colorado School of Medicine" id="SO_2017_06_11_Instance_29561" type="identity">
            <class id="SO_EXT:0000417" label="polypeptide_domain"/>
            <span end="3407" id="15876356-19349" start="3400">domains</span>
        </annotation>
        <annotation annotator="" id="SO_2017_06_11_Instance_191099" type="identity">
            <class id="SO_EXT:biological_sequence" label="biological sequence"/>
            <span end="3484" id="15876356-19237" start="3475">sequences</span>
        </annotation>
        <annotation annotator="Mike Bada, University of Colorado School of Medicine" id="SO_2017_06_11_Instance_29563" type="identity">
            <class id="SO_EXT:0000417" label="polypeptide_domain"/>
            <span end="3554" id="15876356-19351" start="3548">domain</span>
        </annotation>
        <annotation annotator="Mike Bada, University of Colorado School of Medicine" id="SO_2017_06_11_Instance_50863" type="identity">
            <class id="SO_EXT:0000704" label="gene"/>
            <span end="3783" id="15876356-19424" start="3779">gene</span>
        </annotation>
        <annotation annotator="" id="SO_2017_06_11_Instance_188956" type="identity">
            <class id="SO_EXT:sequence_alteration_entity_or_process" label="sequence alteration entity or process"/>
            <span end="3879" id="15876356-19199" start="3871">mutation</span>
        </annotation>
        <annotation annotator="Mike Bada, University of Colorado School of Medicine" id="SO_2017_06_11_Instance_50865" type="identity">
            <class id="SO_EXT:0000704" label="gene"/>
            <span end="3900" id="15876356-19426" start="3896">gene</span>
        </annotation>
        <annotation annotator="" id="SO_2017_06_11_Instance_230292" type="identity">
            <class id="GO_SO_EXT:sequence_rearrangement_process" label="sequence rearrangement process"/>
            <span end="3943" id="15876356-19331" start="3930">recombination</span>
        </annotation>
        <annotation annotator="Mike Bada, University of Colorado School of Medicine" id="SO_2017_06_11_Instance_29575" type="identity">
            <class id="SO_EXT:0000319" label="stop_codon"/>
            <span end="4059" id="15876356-19362" start="4042">termination codon</span>
        </annotation>
        <annotation annotator="Mike Bada, University of Colorado School of Medicine" id="SO_2017_06_11_Instance_50867" type="identity">
            <class id="SO_EXT:0000147" label="exon"/>
            <span end="4082" id="15876356-19428" start="4078">exon</span>
        </annotation>
        <annotation annotator="Mike Bada, University of Colorado School of Medicine" id="SO_2017_06_11_Instance_32521" type="identity">
            <class id="SO_EXT:0001062" label="propeptide"/>
            <span end="4103" id="15876356-19410" start="4092">pro-protein</span>
        </annotation>
        <annotation annotator="Mike Bada, University of Colorado School of Medicine" id="SO_2017_06_11_Instance_29565" type="identity">
            <class id="SO_EXT:0000417" label="polypeptide_domain"/>
            <span end="4110" id="15876356-19353" start="4104">domain</span>
        </annotation>
        <annotation annotator="" id="SO_2017_06_11_Instance_120233" type="identity">
            <class id="SO_EXT:sequence_truncation_process" label="sequence truncation process"/>
            <span end="4130" id="15876356-19043" start="4121">truncated</span>
        </annotation>
        <annotation annotator="Mike Bada, University of Colorado School of Medicine" id="SO_2017_06_11_Instance_50869" type="identity">
            <class id="SO_EXT:0001023" label="allele"/>
            <span end="4204" id="15876356-19430" start="4198">allele</span>
        </annotation>
        <annotation annotator="Mike Bada, University of Colorado School of Medicine" id="SO_2017_06_11_Instance_32523" type="identity">
            <class id="SO_EXT:0001062" label="propeptide"/>
            <span end="4227" id="15876356-19412" start="4216">pro-protein</span>
        </annotation>
        <annotation annotator="Mike Bada, University of Colorado School of Medicine" id="SO_2017_06_11_Instance_29567" type="identity">
            <class id="SO_EXT:0000417" label="polypeptide_domain"/>
            <span end="4234" id="15876356-19355" start="4228">domain</span>
        </annotation>
        <annotation annotator="" id="SO_2017_06_11_Instance_120235" type="identity">
            <class id="SO_EXT:sequence_truncation_process" label="sequence truncation process"/>
            <span end="4397" id="15876356-19045" start="4388">truncated</span>
        </annotation>
        <annotation annotator="" id="SO_2017_06_11_Instance_186108" type="identity">
            <class id="SO_EXT:sequence_altered_entity" label="sequence-altered entity"/>
            <span end="4492" id="15876356-19155" start="4485">mutants</span>
        </annotation>
        <annotation annotator="Mike Bada, University of Colorado School of Medicine" id="SO_2017_06_11_Instance_29569" type="identity">
            <class id="SO_EXT:0000417" label="polypeptide_domain"/>
            <span end="4603" id="15876356-19357" start="4594">domain of</span>
            <span end="4622" id="15876356-19358" start="4615">protein</span>
        </annotation>
        <annotation annotator="" id="SO_2017_06_11_Instance_186110" type="identity">
            <class id="SO_EXT:sequence_altered_entity" label="sequence-altered entity"/>
            <span end="4652" id="15876356-19157" start="4645">mutants</span>
        </annotation>
        <annotation annotator="Mike Bada, University of Colorado School of Medicine" id="SO_2017_06_11_Instance_50871" type="identity">
            <class id="SO_EXT:wild_type_entity_or_quality" label="wild-typeness or wild-type entity"/>
            <span end="4732" id="15876356-19432" start="4723">wild-type</span>
        </annotation>
        <annotation annotator="" id="SO_2017_06_11_Instance_186112" type="identity">
            <class id="SO_EXT:sequence_altered_entity" label="sequence-altered entity"/>
            <span end="4841" id="15876356-19159" start="4834">mutants</span>
        </annotation>
        <annotation annotator="" id="SO_2017_06_11_Instance_212093" type="identity">
            <class id="SO_EXT:genotype_or_entity_with_genotype" label="genotype or entity with genotype"/>
            <span end="5091" id="15876356-19277" start="5083">genotype</span>
        </annotation>
        <annotation annotator="" id="SO_2017_06_11_Instance_186114" type="identity">
            <class id="SO_EXT:sequence_altered_entity" label="sequence-altered entity"/>
            <span end="5143" id="15876356-19161" start="5136">mutants</span>
        </annotation>
        <annotation annotator="" id="SO_2017_06_11_Instance_212095" type="identity">
            <class id="SO_EXT:genotype_or_entity_with_genotype" label="genotype or entity with genotype"/>
            <span end="5334" id="15876356-19279" start="5326">genotype</span>
        </annotation>
        <annotation annotator="" id="SO_2017_06_11_Instance_212097" type="identity">
            <class id="SO_EXT:genotype_or_entity_with_genotype" label="genotype or entity with genotype"/>
            <span end="5404" id="15876356-19281" start="5396">genotype</span>
        </annotation>
        <annotation annotator="" id="SO_2017_06_11_Instance_180787" type="identity">
            <class id="SO_EXT:normal_or_wild_type_or_present" label="sequence wild-typeness, normalness or presence"/>
            <span end="5462" id="15876356-19119" start="5461">+</span>
        </annotation>
        <annotation annotator="" id="SO_2017_06_11_Instance_180789" type="identity">
            <class id="SO_EXT:normal_or_wild_type_or_present" label="sequence wild-typeness, normalness or presence"/>
            <span end="5464" id="15876356-19121" start="5463">+</span>
        </annotation>
        <annotation annotator="" id="SO_2017_06_11_Instance_180791" type="identity">
            <class id="SO_EXT:normal_or_wild_type_or_present" label="sequence wild-typeness, normalness or presence"/>
            <span end="5473" id="15876356-19123" start="5472">+</span>
        </annotation>
        <annotation annotator="" id="SO_2017_06_11_Instance_174866" type="identity">
            <class id="SO_EXT:sequence_nullness_or_absence" label="sequence nullness or absence"/>
            <span end="5475" id="15876356-19069" start="5474">-</span>
        </annotation>
        <annotation annotator="" id="SO_2017_06_11_Instance_174868" type="identity">
            <class id="SO_EXT:sequence_nullness_or_absence" label="sequence nullness or absence"/>
            <span end="5484" id="15876356-19071" start="5483">-</span>
        </annotation>
        <annotation annotator="" id="SO_2017_06_11_Instance_174870" type="identity">
            <class id="SO_EXT:sequence_nullness_or_absence" label="sequence nullness or absence"/>
            <span end="5486" id="15876356-19073" start="5485">-</span>
        </annotation>
        <annotation annotator="" id="SO_2017_06_11_Instance_186116" type="identity">
            <class id="SO_EXT:sequence_altered_entity" label="sequence-altered entity"/>
            <span end="5617" id="15876356-19163" start="5610">mutants</span>
        </annotation>
        <annotation annotator="Mike Bada, University of Colorado School of Medicine" id="SO_2017_06_11_Instance_50879" type="identity">
            <class id="SO_EXT:wild_type_entity_or_quality" label="wild-typeness or wild-type entity"/>
            <span end="5658" id="15876356-19434" start="5649">wild-type</span>
        </annotation>
        <annotation annotator="" id="SO_2017_06_11_Instance_186118" type="identity">
            <class id="SO_EXT:sequence_altered_entity" label="sequence-altered entity"/>
            <span end="5717" id="15876356-19165" start="5710">mutants</span>
        </annotation>
        <annotation annotator="" id="SO_2017_06_11_Instance_186120" type="identity">
            <class id="SO_EXT:sequence_altered_entity" label="sequence-altered entity"/>
            <span end="5910" id="15876356-19167" start="5903">mutants</span>
        </annotation>
        <annotation annotator="" id="SO_2017_06_11_backup_Instance_10966" type="identity">
            <class id="CHEBI_SO_EXT:mRNA" label="mRNA"/>
            <span end="6101" id="15876356-18925" start="6097">mRNA</span>
        </annotation>
        <annotation annotator="Mike Bada, University of Colorado School of Medicine" id="SO_2017_06_11_Instance_50883" type="identity">
            <class id="SO_EXT:0000673" label="transcript"/>
            <span end="6216" id="15876356-19436" start="6206">transcript</span>
        </annotation>
        <annotation annotator="" id="SO_2017_06_11_backup_Instance_17026" type="identity">
            <class id="CHEBI_SO_EXT:molecular_label_or_mark_or_tag_process" label="molecular label/mark/tag process"/>
            <span end="6313" id="15876356-19015" start="6306">labeled</span>
        </annotation>
        <annotation annotator="" id="SO_2017_06_11_backup_Instance_12028" type="identity">
            <class id="CHEBI_SO_EXT:riboprobe" label="riboprobe"/>
            <span end="6323" id="15876356-18927" start="6314">RNA probe</span>
        </annotation>
        <annotation annotator="" id="SO_2017_06_11_backup_Instance_12224" type="identity">
            <class id="CHEBI_SO_EXT:mRNA" label="mRNA"/>
            <span end="6356" id="15876356-18929" start="6352">mRNA</span>
        </annotation>
        <annotation annotator="Mike Bada, University of Colorado School of Medicine" id="SO_2017_06_11_Instance_50891" type="identity">
            <class id="SO_EXT:0000673" label="transcript"/>
            <span end="6603" id="15876356-19438" start="6592">transcripts</span>
        </annotation>
        <annotation annotator="" id="SO_2017_06_11_backup_Instance_12226" type="identity">
            <class id="CHEBI_SO_EXT:mRNA" label="mRNA"/>
            <span end="6746" id="15876356-18931" start="6742">mRNA</span>
        </annotation>
        <annotation annotator="" id="SO_2017_06_11_backup_Instance_12228" type="identity">
            <class id="CHEBI_SO_EXT:mRNA" label="mRNA"/>
            <span end="6806" id="15876356-18933" start="6802">mRNA</span>
        </annotation>
        <annotation annotator="" id="SO_2017_06_11_backup_Instance_12230" type="identity">
            <class id="CHEBI_SO_EXT:mRNA" label="mRNA"/>
            <span end="6974" id="15876356-18935" start="6969">mRNAs</span>
        </annotation>
        <annotation annotator="" id="SO_2017_06_11_Instance_186122" type="identity">
            <class id="SO_EXT:sequence_altered_entity_or_alteration_process" label="sequence-altered entity or alteration process"/>
            <span end="7110" id="15876356-19169" start="7104">mutant</span>
        </annotation>
        <annotation annotator="" id="SO_2017_06_11_Instance_186124" type="identity">
            <class id="SO_EXT:sequence_altered_entity_or_alteration_process" label="sequence-altered entity or alteration process"/>
            <span end="7287" id="15876356-19171" start="7281">mutant</span>
        </annotation>
        <annotation annotator="" id="SO_2017_06_11_Instance_186126" type="identity">
            <class id="SO_EXT:sequence_altered_entity" label="sequence-altered entity"/>
            <span end="7373" id="15876356-19173" start="7367">mutant</span>
        </annotation>
        <annotation annotator="Mike Bada, University of Colorado School of Medicine" id="SO_2017_06_11_Instance_50899" type="identity">
            <class id="SO_EXT:wild_type_entity_or_quality" label="wild-typeness or wild-type entity"/>
            <span end="7473" id="15876356-19440" start="7464">wild-type</span>
        </annotation>
        <annotation annotator="" id="SO_2017_06_11_Instance_186128" type="identity">
            <class id="SO_EXT:sequence_altered_entity_or_alteration_process" label="sequence-altered entity or alteration process"/>
            <span end="7569" id="15876356-19175" start="7563">mutant</span>
        </annotation>
        <annotation annotator="" id="SO_2017_06_11_Instance_212099" type="identity">
            <class id="SO_EXT:genotype_or_entity_with_genotype" label="genotype or entity with genotype"/>
            <span end="7681" id="15876356-19283" start="7673">genotype</span>
        </annotation>
        <annotation annotator="" id="SO_2017_06_11_Instance_186130" type="identity">
            <class id="SO_EXT:sequence_altered_entity" label="sequence-altered entity"/>
            <span end="7895" id="15876356-19177" start="7888">mutants</span>
        </annotation>
        <annotation annotator="" id="SO_2017_06_11_Instance_186132" type="identity">
            <class id="SO_EXT:sequence_altered_entity" label="sequence-altered entity"/>
            <span end="8260" id="15876356-19179" start="8254">mutant</span>
        </annotation>
        <annotation annotator="" id="SO_2017_06_11_Instance_212101" type="identity">
            <class id="SO_EXT:genotype_or_entity_with_genotype" label="genotype or entity with genotype"/>
            <span end="8396" id="15876356-19285" start="8388">genotype</span>
        </annotation>
        <annotation annotator="" id="SO_2017_06_11_Instance_186134" type="identity">
            <class id="SO_EXT:sequence_altered_entity" label="sequence-altered entity"/>
            <span end="8575" id="15876356-19181" start="8569">mutant</span>
        </annotation>
        <annotation annotator="" id="SO_2017_06_11_backup_Instance_12232" type="identity">
            <class id="CHEBI_SO_EXT:molecular_indicator_or_label_or_marker_or_tag" label="molecular indicator/label/marker/tag"/>
            <span end="8600" id="15876356-18937" start="8594">marker</span>
        </annotation>
        <annotation annotator="Mike Bada, University of Colorado School of Medicine" id="SO_2017_06_11_Instance_21433" type="identity">
            <class id="SO_EXT:wild_type_entity_or_quality" label="wild-typeness or wild-type entity"/>
            <span end="8684" id="15876356-19301" start="8675">wild-type</span>
        </annotation>
        <annotation annotator="Mike Bada, University of Colorado School of Medicine" id="SO_2017_06_11_Instance_50905" type="identity">
            <class id="SO_EXT:0000673" label="transcript"/>
            <span end="8873" id="15876356-19442" start="8863">transcript</span>
        </annotation>
        <annotation annotator="" id="SO_2017_06_11_Instance_223091" type="identity">
            <class id="SO_EXT:sequence_variant_entity" label="sequence variant entity"/>
            <span end="8882" id="15876356-19327" start="8874">variants</span>
        </annotation>
        <annotation annotator="" id="SO_2017_06_11_Instance_190347" type="identity">
            <class id="SO_EXT:alternative_splice_variant" label="alternative splice variant"/>
            <span end="8992" id="15876356-19207" start="8975">splicing variants</span>
        </annotation>
        <annotation annotator="Mike Bada, University of Colorado School of Medicine" id="SO_2017_06_11_Instance_50907" type="identity">
            <class id="SO_EXT:0000147" label="exon"/>
            <span end="9031" id="15876356-19444" start="9026">exons</span>
        </annotation>
        <annotation annotator="Mike Bada, University of Colorado School of Medicine" id="SO_2017_06_11_Instance_50909" type="identity">
            <class id="SO_EXT:0000147" label="exon"/>
            <span end="9099" id="15876356-19446" start="9095">exon</span>
        </annotation>
        <annotation annotator="Mike Bada, University of Colorado School of Medicine" id="SO_2017_06_11_Instance_50911" type="identity">
            <class id="SO_EXT:0000147" label="exon"/>
            <span end="9105" id="15876356-19448" start="9101">exon</span>
        </annotation>
        <annotation annotator="Mike Bada, University of Colorado School of Medicine" id="SO_2017_06_11_Instance_50913" type="identity">
            <class id="SO_EXT:0000673" label="transcript"/>
            <span end="9212" id="15876356-19450" start="9201">transcripts</span>
        </annotation>
        <annotation annotator="Mike Bada, University of Colorado School of Medicine" id="SO_2017_06_11_Instance_50915" type="identity">
            <class id="SO_EXT:0001026" label="genome"/>
            <span end="9250" id="15876356-19452" start="9244">genome</span>
        </annotation>
        <annotation annotator="Mike Bada, University of Colorado School of Medicine" id="SO_2017_06_11_Instance_18169" type="identity">
            <class id="SO:0000857" label="homologous"/>
            <span end="9268" id="15876356-19149" start="9260">homology</span>
        </annotation>
        <annotation annotator="Mike Bada, University of Colorado School of Medicine" id="SO_2017_06_11_Instance_50917" type="identity">
            <class id="SO_EXT:0001026" label="genome"/>
            <span end="9320" id="15876356-19454" start="9314">genome</span>
        </annotation>
        <annotation annotator="Mike Bada, University of Colorado School of Medicine" id="SO_2017_06_11_Instance_50919" type="identity">
            <class id="SO_EXT:0000149" label="contig"/>
            <span end="9327" id="15876356-19456" start="9321">contig</span>
        </annotation>
        <annotation annotator="Mike Bada, University of Colorado School of Medicine" id="SO_2017_06_11_Instance_50921" type="identity">
            <class id="SO_EXT:0000704" label="gene"/>
            <span end="9377" id="15876356-19458" start="9373">gene</span>
        </annotation>
        <annotation annotator="Mike Bada, University of Colorado School of Medicine" id="SO_2017_06_11_Instance_50923" type="identity">
            <class id="SO_EXT:0000149" label="contig"/>
            <span end="9393" id="15876356-19460" start="9387">contig</span>
        </annotation>
        <annotation annotator="" id="SO_2017_06_11_Instance_191101" type="identity">
            <class id="SO_EXT:biological_sequence" label="biological sequence"/>
            <span end="9402" id="15876356-19239" start="9394">sequence</span>
        </annotation>
        <annotation annotator="Mike Bada, University of Colorado School of Medicine" id="SO_2017_06_11_Instance_50925" type="identity">
            <class id="SO_EXT:0000147" label="exon"/>
            <span end="9427" id="15876356-19462" start="9422">exons</span>
        </annotation>
        <annotation annotator="" id="SO_2017_06_11_Instance_191103" type="identity">
            <class id="SO_EXT:biological_sequence" label="biological sequence"/>
            <span end="9454" id="15876356-19241" start="9445">sequences</span>
        </annotation>
        <annotation annotator="Mike Bada, University of Colorado School of Medicine" id="SO_2017_06_11_Instance_29603" type="identity">
            <class id="SO_EXT:0001060" label="sequence_variant"/>
            <span end="9497" id="15876356-19368" start="9490">isoform</span>
        </annotation>
        <annotation annotator="Mike Bada, University of Colorado School of Medicine" id="SO_2017_06_11_Instance_50929" type="identity">
            <class id="SO_EXT:0000673" label="transcript"/>
            <span end="9558" id="15876356-19464" start="9547">transcripts</span>
        </annotation>
        <annotation annotator="Mike Bada, University of Colorado School of Medicine" id="SO_2017_06_11_Instance_50931" type="identity">
            <class id="SO_EXT:0000112" label="primer"/>
            <span end="9579" id="15876356-19466" start="9572">primers</span>
        </annotation>
        <annotation annotator="Mike Bada, University of Colorado School of Medicine" id="SO_2017_06_11_Instance_50933" type="identity">
            <class id="SO_EXT:0000147" label="exon"/>
            <span end="9600" id="15876356-19468" start="9596">exon</span>
        </annotation>
        <annotation annotator="" id="SO_2017_06_11_backup_Instance_12234" type="identity">
            <class id="CHEBI_SO_EXT:mRNA" label="mRNA"/>
            <span end="9652" id="15876356-18939" start="9648">mRNA</span>
        </annotation>
        <annotation annotator="" id="SO_2017_06_11_Instance_120767" type="identity">
            <class id="SO_EXT:sequence_cloning_process" label="sequence cloning process"/>
            <span end="9678" id="15876356-19047" start="9671">cloning</span>
        </annotation>
        <annotation annotator="" id="SO_2017_06_11_Instance_190521" type="identity">
            <class id="SO_EXT:sequence_cloned_entity" label="sequence-cloned entity"/>
            <span end="9755" id="15876356-19211" start="9749">clones</span>
        </annotation>
        <annotation annotator="Mike Bada, University of Colorado School of Medicine" id="SO_2017_06_11_Instance_29601" type="identity">
            <class id="SO_EXT:0001060" label="sequence_variant"/>
            <span end="9775" id="15876356-19366" start="9768">isoform</span>
        </annotation>
        <annotation annotator="" id="SO_2017_06_11_Instance_190523" type="identity">
            <class id="SO_EXT:sequence_cloned_entity" label="sequence-cloned entity"/>
            <span end="9791" id="15876356-19213" start="9785">clones</span>
        </annotation>
        <annotation annotator="Mike Bada, University of Colorado School of Medicine" id="SO_2017_06_11_Instance_29605" type="identity">
            <class id="SO_EXT:0001060" label="sequence_variant"/>
            <span end="9811" id="15876356-19370" start="9804">isoform</span>
        </annotation>
        <annotation annotator="" id="SO_2017_06_11_Instance_190525" type="identity">
            <class id="SO_EXT:sequence_cloned_entity" label="sequence-cloned entity"/>
            <span end="9829" id="15876356-19215" start="9824">clone</span>
        </annotation>
        <annotation annotator="Mike Bada, University of Colorado School of Medicine" id="SO_2017_06_11_Instance_50943" type="identity">
            <class id="SO_EXT:0000147" label="exon"/>
            <span end="9858" id="15876356-19470" start="9854">exon</span>
        </annotation>
        <annotation annotator="Mike Bada, University of Colorado School of Medicine" id="SO_2017_06_11_Instance_50945" type="identity">
            <class id="SO_EXT:0000147" label="exon"/>
            <span end="9872" id="15876356-19472" start="9867">exons</span>
        </annotation>
        <annotation annotator="" id="SO_2017_06_11_backup_Instance_12236" type="identity">
            <class id="CHEBI_SO_EXT:mRNA" label="mRNA"/>
            <span end="9927" id="15876356-18941" start="9922">mRNAs</span>
        </annotation>
        <annotation annotator="" id="SO_2017_06_11_backup_Instance_12238" type="identity">
            <class id="CHEBI_SO_EXT:DNA" label="DNA"/>
            <span end="10101" id="15876356-18943" start="10098">DNA</span>
        </annotation>
        <annotation annotator="" id="SO_2017_06_11_Instance_120769" type="identity">
            <class id="SO_EXT:sequence_cloning_process" label="sequence cloning process"/>
            <span end="10512" id="15876356-19049" start="10505">cloning</span>
        </annotation>
        <annotation annotator="Mike Bada, University of Colorado School of Medicine" id="SO_2017_06_11_Instance_50951" type="identity">
            <class id="SO_EXT:0000147" label="exon"/>
            <span end="10543" id="15876356-19474" start="10539">exon</span>
        </annotation>
        <annotation annotator="Mike Bada, University of Colorado School of Medicine" id="SO_2017_06_11_Instance_50953" type="identity">
            <class id="SO_EXT:0000673" label="transcript"/>
            <span end="10585" id="15876356-19476" start="10574">transcripts</span>
        </annotation>
        <annotation annotator="" id="SO_2017_06_11_Instance_190527" type="identity">
            <class id="SO_EXT:sequence_cloned_entity" label="sequence-cloned entity"/>
            <span end="10615" id="15876356-19217" start="10609">clones</span>
        </annotation>
        <annotation annotator="" id="SO_2017_06_11_Instance_190529" type="identity">
            <class id="SO_EXT:sequence_cloned_entity" label="sequence-cloned entity"/>
            <span end="10683" id="15876356-19219" start="10677">clones</span>
        </annotation>
        <annotation annotator="Mike Bada, University of Colorado School of Medicine" id="SO_2017_06_11_Instance_29607" type="identity">
            <class id="SO_EXT:0001026" label="genome"/>
            <span end="10724" id="15876356-19372" start="10717">genomic</span>
        </annotation>
        <annotation annotator="" id="SO_2017_06_11_Instance_191105" type="identity">
            <class id="SO_EXT:biological_sequence" label="biological sequence"/>
            <span end="10733" id="15876356-19243" start="10725">sequence</span>
        </annotation>
        <annotation annotator="Mike Bada, University of Colorado School of Medicine" id="SO_2017_06_11_Instance_50959" type="identity">
            <class id="SO_EXT:0000147" label="exon"/>
            <span end="10773" id="15876356-19478" start="10768">exons</span>
        </annotation>
        <annotation annotator="Mike Bada, University of Colorado School of Medicine" id="SO_2017_06_11_Instance_50961" type="identity">
            <class id="SO_EXT:0000147" label="exon"/>
            <span end="10780" id="15876356-19480" start="10775">exons</span>
        </annotation>
        <annotation annotator="Mike Bada, University of Colorado School of Medicine" id="SO_2017_06_11_Instance_50963" type="identity">
            <class id="SO_EXT:0000147" label="exon"/>
            <span end="10844" id="15876356-19482" start="10839">exons</span>
        </annotation>
        <annotation annotator="Mike Bada, University of Colorado School of Medicine" id="SO_2017_06_11_Instance_50965" type="identity">
            <class id="SO:0000357" label="flanked"/>
            <span end="10857" id="15876356-19484" start="10850">flanked</span>
        </annotation>
        <annotation annotator="Mike Bada, University of Colorado School of Medicine" id="SO_2017_06_11_Instance_50967" type="identity">
            <class id="SO_EXT:0000188" label="intron"/>
            <span end="10881" id="15876356-19486" start="10874">introns</span>
        </annotation>
        <annotation annotator="Mike Bada, University of Colorado School of Medicine" id="SO_2017_06_11_Instance_50969" type="identity">
            <class id="SO_EXT:0000147" label="exon"/>
            <span end="10912" id="15876356-19488" start="10908">Exon</span>
        </annotation>
        <annotation annotator="" id="SO_2017_06_11_Instance_190531" type="identity">
            <class id="SO_EXT:sequence_cloned_entity" label="sequence-cloned entity"/>
            <span end="10939" id="15876356-19221" start="10934">clone</span>
        </annotation>
        <annotation annotator="Mike Bada, University of Colorado School of Medicine" id="SO_2017_06_11_Instance_50973" type="identity">
            <class id="SO_EXT:0000673" label="transcript"/>
            <span end="11006" id="15876356-19490" start="10995">transcripts</span>
        </annotation>
        <annotation annotator="" id="SO_2017_06_11_Instance_222323" type="identity">
            <class id="SO_EXT:sequence_insertion_entity_or_process" label="sequence insertion entity or process"/>
            <span end="11035" id="15876356-19319" start="11026">insertion</span>
        </annotation>
        <annotation annotator="Mike Bada, University of Colorado School of Medicine" id="SO_2017_06_11_Instance_50975" type="identity">
            <class id="SO_EXT:0000147" label="exon"/>
            <span end="11056" id="15876356-19492" start="11051">exons</span>
        </annotation>
        <annotation annotator="" id="SO_2017_06_11_backup_Instance_12240" type="identity">
            <class id="CHEBI_SO_EXT:nucleotide" label="nucleotide"/>
            <span end="11091" id="15876356-18945" start="11080">nucleotides</span>
        </annotation>
        <annotation annotator="Mike Bada, University of Colorado School of Medicine" id="SO_2017_06_11_Instance_50977" type="identity">
            <class id="SO_EXT:0000147" label="exon"/>
            <span end="11100" id="15876356-19494" start="11095">exons</span>
        </annotation>
        <annotation annotator="" id="SO_2017_06_11_Instance_222325" type="identity">
            <class id="SO_EXT:sequence_insertion_entity_or_process" label="sequence insertion entity or process"/>
            <span end="11163" id="15876356-19321" start="11154">insertion</span>
        </annotation>
        <annotation annotator="Mike Bada, University of Colorado School of Medicine" id="SO_2017_06_11_Instance_50979" type="identity">
            <class id="SO_EXT:0000147" label="exon"/>
            <span end="11190" id="15876356-19496" start="11185">exons</span>
        </annotation>
        <annotation annotator="" id="SO_2017_06_11_Instance_70294" type="identity">
            <class id="SO_EXT:sequence_alteration_process" label="sequence alteration process"/>
            <span end="11206" id="15876356-19600" start="11200">change</span>
        </annotation>
        <annotation annotator="" id="SO_2017_06_11_Instance_20036" type="identity">
            <class id="SO_EXT:sequence_downstreamness" label="sequence downstreamness"/>
            <span end="11221" id="15876356-19249" start="11211">downstream</span>
        </annotation>
        <annotation annotator="Mike Bada, University of Colorado School of Medicine" id="SO_2017_06_11_Instance_50981" type="identity">
            <class id="SO_EXT:0000717" label="reading_frame"/>
            <span end="11235" id="15876356-19498" start="11222">reading frame</span>
        </annotation>
        <annotation annotator="" id="SO_2017_06_11_backup_Instance_12242" type="identity">
            <class id="CHEBI_SO_EXT:peptide_or_peptide_region" label="peptide or peptide region"/>
            <span end="11250" id="15876356-18947" start="11243">peptide</span>
        </annotation>
        <annotation annotator="" id="SO_2017_06_11_Instance_91958" type="identity">
            <class id="SO_EXT:sequence_or_structure_motif" label="sequence or structure motif"/>
            <span end="11258" id="15876356-19606" start="11251">motives</span>
        </annotation>
        <annotation annotator="" id="SO_2017_06_11_Instance_191107" type="identity">
            <class id="SO_EXT:biological_sequence" label="biological sequence"/>
            <span end="11305" id="15876356-19245" start="11296">sequences</span>
        </annotation>
        <annotation annotator="Mike Bada, University of Colorado School of Medicine" id="SO_2017_06_11_Instance_50985" type="identity">
            <class id="SO_EXT:0000673" label="transcript"/>
            <span end="11372" id="15876356-19500" start="11361">transcripts</span>
        </annotation>
        <annotation annotator="Mike Bada, University of Colorado School of Medicine" id="SO_2017_06_11_Instance_50987" type="identity">
            <class id="SO_EXT:0000147" label="exon"/>
            <span end="11435" id="15876356-19502" start="11431">exon</span>
        </annotation>
        <annotation annotator="Mike Bada, University of Colorado School of Medicine" id="SO_2017_06_11_Instance_50989" type="identity">
            <class id="SO_EXT:0000147" label="exon"/>
            <span end="11466" id="15876356-19504" start="11462">exon</span>
        </annotation>
        <annotation annotator="Mike Bada, University of Colorado School of Medicine" id="SO_2017_06_11_Instance_50991" type="identity">
            <class id="SO_EXT:0000147" label="exon"/>
            <span end="11508" id="15876356-19506" start="11504">exon</span>
        </annotation>
        <annotation annotator="Mike Bada, University of Colorado School of Medicine" id="SO_2017_06_11_Instance_50993" type="identity">
            <class id="SO_EXT:0000704" label="gene"/>
            <span end="11785" id="15876356-19508" start="11781">gene</span>
        </annotation>
        <annotation annotator="" id="SO_2017_06_11_Instance_186136" type="identity">
            <class id="SO_EXT:sequence_altered_entity" label="sequence-altered entity"/>
            <span end="11887" id="15876356-19183" start="11880">mutants</span>
        </annotation>
        <annotation annotator="" id="SO_2017_06_11_Instance_186138" type="identity">
            <class id="SO_EXT:sequence_altered_entity" label="sequence-altered entity"/>
            <span end="12015" id="15876356-19185" start="12008">mutants</span>
        </annotation>
        <annotation annotator="" id="SO_2017_06_11_Instance_186140" type="identity">
            <class id="SO_EXT:sequence_altered_entity_or_alteration_process" label="sequence-altered entity or alteration process"/>
            <span end="12834" id="15876356-19187" start="12828">mutant</span>
        </annotation>
        <annotation annotator="" id="SO_2017_06_11_Instance_225686" type="identity">
            <class id="SO_EXT:point_mutation_entity_or_process" label="point mutation entity or process"/>
            <span end="13299" id="15876356-19329" start="13285">point mutation</span>
        </annotation>
        <annotation annotator="Mike Bada, University of Colorado School of Medicine" id="SO_2017_06_11_Instance_50997" type="identity">
            <class id="SO_EXT:0000704" label="gene"/>
            <span end="13337" id="15876356-19510" start="13333">gene</span>
        </annotation>
        <annotation annotator="" id="SO_2017_06_11_Instance_186142" type="identity">
            <class id="SO_EXT:sequence_altered_entity_or_alteration_process" label="sequence-altered entity or alteration process"/>
            <span end="14074" id="15876356-19189" start="14068">mutant</span>
        </annotation>
        <annotation annotator="Mike Bada, University of Colorado School of Medicine" id="SO_2017_06_11_Instance_29571" type="identity">
            <class id="SO_EXT:0000417" label="polypeptide_domain"/>
            <span end="14595" id="15876356-19360" start="14588">domains</span>
        </annotation>
        <annotation annotator="Mike Bada, University of Colorado School of Medicine" id="SO_2017_06_11_Instance_50999" type="identity">
            <class id="SO_EXT:0000704" label="gene"/>
            <span end="15785" id="15876356-19512" start="15781">gene</span>
        </annotation>
        <annotation annotator="" id="SO_2017_06_11_backup_Instance_12244" type="identity">
            <class id="CHEBI_SO_EXT:base" label="base"/>
            <span end="15816" id="15876356-18949" start="15815">b</span>
        </annotation>
        <annotation annotator="Mike Bada, University of Colorado School of Medicine" id="SO_2017_06_11_Instance_51001" type="identity">
            <class id="SO_EXT:0000147" label="exon"/>
            <span end="15866" id="15876356-19514" start="15861">exons</span>
        </annotation>
        <annotation annotator="" id="SO_2017_06_11_backup_Instance_30524" type="identity">
            <class id="GO_SO_EXT:chromosome" label="chromosome"/>
            <span end="15917" id="15876356-19037" start="15906">chromosomal</span>
        </annotation>
        <annotation annotator="Mike Bada, University of Colorado School of Medicine" id="SO_2017_06_11_Instance_51003" type="identity">
            <class id="SO_EXT:0000704" label="gene"/>
            <span end="16203" id="15876356-19516" start="16199">gene</span>
        </annotation>
        <annotation annotator="" id="SO_2017_06_11_Instance_171494" type="identity">
            <class id="SO_EXT:0001644" label="targeting_vector"/>
            <span end="16220" id="15876356-19061" start="16204">targeting vector</span>
        </annotation>
        <annotation annotator="" id="SO_2017_06_11_backup_Instance_12246" type="identity">
            <class id="CHEBI_SO_EXT:base" label="base"/>
            <span end="16231" id="15876356-18951" start="16230">b</span>
        </annotation>
        <annotation annotator="" id="SO_2017_06_11_Instance_211693" type="identity">
            <class id="SO_EXT:genomic_DNA" label="genomic DNA"/>
            <span end="16243" id="15876356-19263" start="16232">genomic DNA</span>
        </annotation>
        <annotation annotator="Mike Bada, University of Colorado School of Medicine" id="SO_2017_06_11_Instance_51009" type="identity">
            <class id="SO_EXT:0000147" label="exon"/>
            <span end="16268" id="15876356-19518" start="16263">exons</span>
        </annotation>
        <annotation annotator="Mike Bada, University of Colorado School of Medicine" id="SO_2017_06_11_Instance_51011" type="identity">
            <class id="SO_EXT:0000704" label="gene"/>
            <span end="16304" id="15876356-19520" start="16300">gene</span>
        </annotation>
        <annotation annotator="" id="SO_2017_06_11_Instance_211695" type="identity">
            <class id="SO_EXT:genomic_DNA" label="genomic DNA"/>
            <span end="16344" id="15876356-19265" start="16333">genomic DNA</span>
        </annotation>
        <annotation annotator="" id="SO_2017_06_11_Instance_170270" type="identity">
            <class id="CHEBI_GO_SO_EXT:enzyme" label="enzyme"/>
            <span end="16383" id="15876356-19059" start="16377">enzyme</span>
        </annotation>
        <annotation annotator="Mike Bada, University of Colorado School of Medicine" id="SO_2017_06_11_Instance_51013" type="identity">
            <class id="SO_EXT:0000112" label="primer"/>
            <span end="16419" id="15876356-19522" start="16412">primers</span>
        </annotation>
        <annotation annotator="Mike Bada, University of Colorado School of Medicine" id="SO_2017_06_11_Instance_51015" type="identity">
            <class id="SO_EXT:0000147" label="exon"/>
            <span end="16442" id="15876356-19524" start="16438">exon</span>
        </annotation>
        <annotation annotator="" id="SO_2017_06_11_Instance_188960" type="identity">
            <class id="SO_EXT:sequence_alteration_entity_or_process" label="sequence alteration entity or process"/>
            <span end="16466" id="15876356-19201" start="16458">mutation</span>
        </annotation>
        <annotation annotator="Mike Bada, University of Colorado School of Medicine" id="SO_2017_06_11_Instance_51017" type="identity">
            <class id="SO_EXT:0000704" label="gene"/>
            <span end="16491" id="15876356-19526" start="16487">gene</span>
        </annotation>
        <annotation annotator="" id="SO_2017_06_11_Instance_100224" type="identity">
            <class id="SO_EXT:sequence_insertion_process" label="sequence insertion process"/>
            <span end="16504" id="15876356-19039" start="16496">inserted</span>
        </annotation>
        <annotation annotator="Mike Bada, University of Colorado School of Medicine" id="SO_2017_06_11_Instance_29629" type="identity">
            <class id="SO_EXT:0005853" label="gene_cassette"/>
            <span end="16524" id="15876356-19374" start="16516">cassette</span>
        </annotation>
        <annotation annotator="Mike Bada, University of Colorado School of Medicine" id="SO_2017_06_11_Instance_51019" type="identity">
            <class id="SO_EXT:0000147" label="exon"/>
            <span end="16534" id="15876356-19528" start="16530">exon</span>
        </annotation>
        <annotation annotator="Mike Bada, University of Colorado School of Medicine" id="SO_2017_06_11_Instance_51021" type="identity">
            <class id="SO_EXT:0000704" label="gene"/>
            <span end="16555" id="15876356-19530" start="16551">gene</span>
        </annotation>
        <annotation annotator="" id="SO_2017_06_11_Instance_211355" type="identity">
            <class id="SO_EXT:engineered_biological_sequence" label="engineered biological sequence"/>
            <span end="16586" id="15876356-19257" start="16577">construct</span>
        </annotation>
        <annotation annotator="" id="SO_2017_06_11_backup_Instance_12252" type="identity">
            <class id="CHEBI_SO_EXT:base" label="base"/>
            <span end="16609" id="15876356-18953" start="16608">b</span>
        </annotation>
        <annotation annotator="" id="SO_2017_06_11_Instance_211697" type="identity">
            <class id="SO_EXT:genomic_DNA" label="genomic DNA"/>
            <span end="16621" id="15876356-19267" start="16610">genomic DNA</span>
        </annotation>
        <annotation annotator="" id="SO_2017_06_11_Instance_222327" type="identity">
            <class id="SO_EXT:sequence_insertion_entity_or_process" label="sequence insertion entity or process"/>
            <span end="16668" id="15876356-19323" start="16659">insertion</span>
        </annotation>
        <annotation annotator="Mike Bada, University of Colorado School of Medicine" id="SO_2017_06_11_Instance_29633" type="identity">
            <class id="SO_EXT:0005853" label="gene_cassette"/>
            <span end="16691" id="15876356-19376" start="16683">cassette</span>
        </annotation>
        <annotation annotator="Mike Bada, University of Colorado School of Medicine" id="SO_2017_06_11_Instance_29635" type="identity">
            <class id="SO_EXT:0005853" label="gene_cassette"/>
            <span end="16723" id="15876356-19378" start="16715">cassette</span>
        </annotation>
        <annotation annotator="" id="SO_2017_06_11_backup_Instance_12256" type="identity">
            <class id="CHEBI_SO_EXT:molecular_indicator_or_label_or_marker_or_tag" label="molecular indicator/label/marker/tag"/>
            <span end="16754" id="15876356-18955" start="16748">marker</span>
        </annotation>
        <annotation annotator="" id="SO_2017_06_11_Instance_91743" type="identity">
            <class id="SO_EXT:sequence_linearization" label="sequence linearization"/>
            <span end="16839" id="15876356-19604" start="16829">linearised</span>
        </annotation>
        <annotation annotator="" id="SO_2017_06_11_Instance_171496" type="identity">
            <class id="SO_EXT:0001644" label="targeting_vector"/>
            <span end="16856" id="15876356-19063" start="16840">targeting vector</span>
        </annotation>
        <annotation annotator="" id="SO_2017_06_11_Instance_110022" type="identity">
            <class id="SO_EXT:sequence_recombinant_entity" label="sequence-recombinant entity"/>
            <span end="16940" id="15876356-19041" start="16928">recombinants</span>
        </annotation>
        <annotation annotator="" id="SO_2017_06_11_Instance_211699" type="identity">
            <class id="SO_EXT:genomic_DNA" label="genomic DNA"/>
            <span end="16988" id="15876356-19269" start="16977">genomic DNA</span>
        </annotation>
        <annotation annotator="" id="SO_2017_06_11_Instance_190533" type="identity">
            <class id="SO_EXT:sequence_cloned_entity" label="sequence-cloned entity"/>
            <span end="17004" id="15876356-19223" start="16999">clone</span>
        </annotation>
        <annotation annotator="Mike Bada, University of Colorado School of Medicine" id="SO_2017_06_11_Instance_51029" type="identity">
            <class id="SO_EXT:0000121" label="forward_primer"/>
            <span end="17043" id="15876356-19532" start="17029">forward primer</span>
        </annotation>
        <annotation annotator="Mike Bada, University of Colorado School of Medicine" id="SO_2017_06_11_Instance_29643" type="identity">
            <class id="SO_EXT:0005853" label="gene_cassette"/>
            <span end="17109" id="15876356-19380" start="17101">cassette</span>
        </annotation>
        <annotation annotator="Mike Bada, University of Colorado School of Medicine" id="SO_2017_06_11_Instance_51031" type="identity">
            <class id="SO_EXT:0000132" label="reverse_primer"/>
            <span end="17133" id="15876356-19534" start="17119">reverse primer</span>
        </annotation>
        <annotation annotator="" id="SO_2017_06_11_Instance_171498" type="identity">
            <class id="SO_EXT:0001644" label="targeting_vector"/>
            <span end="17206" id="15876356-19065" start="17190">targeting vector</span>
        </annotation>
        <annotation annotator="" id="SO_2017_06_11_Instance_230294" type="identity">
            <class id="GO_SO_EXT:sequence_rearrangement_process" label="sequence rearrangement process"/>
            <span end="17229" id="15876356-19333" start="17219">recombined</span>
        </annotation>
        <annotation annotator="" id="SO_2017_06_11_backup_Instance_12260" type="identity">
            <class id="CHEBI_SO_EXT:DNA" label="DNA"/>
            <span end="17233" id="15876356-18957" start="17230">DNA</span>
        </annotation>
        <annotation annotator="" id="SO_2017_06_11_Instance_211357" type="identity">
            <class id="SO_EXT:engineered_biological_sequence" label="engineered biological sequence"/>
            <span end="17380" id="15876356-19259" start="17371">construct</span>
        </annotation>
        <annotation annotator="" id="SO_2017_06_11_Instance_120771" type="identity">
            <class id="SO_EXT:sequence_cloned_entity" label="sequence-cloned entity"/>
            <span end="17423" id="15876356-19051" start="17417">clones</span>
        </annotation>
        <annotation annotator="" id="SO_2017_06_11_Instance_211701" type="identity">
            <class id="SO_EXT:genomic_DNA" label="genomic DNA"/>
            <span end="17761" id="15876356-19271" start="17750">genomic DNA</span>
        </annotation>
        <annotation annotator="" id="SO_2017_06_11_Instance_212103" type="identity">
            <class id="SO_EXT:genotype_or_entity_with_genotype" label="genotype or entity with genotype"/>
            <span end="17839" id="15876356-19287" start="17831">genotype</span>
        </annotation>
        <annotation annotator="" id="SO_2017_06_11_Instance_211703" type="identity">
            <class id="SO_EXT:genomic_DNA" label="genomic DNA"/>
            <span end="17867" id="15876356-19273" start="17856">genomic DNA</span>
        </annotation>
        <annotation annotator="" id="SO_2017_06_11_backup_Instance_17028" type="identity">
            <class id="CHEBI_SO_EXT:molecular_label_or_mark_or_tag_process" label="molecular label/mark/tag process"/>
            <span end="17902" id="15876356-19017" start="17894">labelled</span>
        </annotation>
        <annotation annotator="" id="SO_2017_06_11_backup_Instance_12266" type="identity">
            <class id="CHEBI_SO_EXT:base" label="base"/>
            <span end="17909" id="15876356-18959" start="17908">b</span>
        </annotation>
        <annotation annotator="Mike Bada, University of Colorado School of Medicine" id="SO_2017_06_11_Instance_29651" type="identity">
            <class id="SO_EXT:0001026" label="genome"/>
            <span end="17928" id="15876356-19382" start="17921">genomic</span>
        </annotation>
        <annotation annotator="Mike Bada, University of Colorado School of Medicine" id="SO_2017_06_11_Instance_51037" type="identity">
            <class id="SO_EXT:0000147" label="exon"/>
            <span end="17969" id="15876356-19536" start="17964">exons</span>
        </annotation>
        <annotation annotator="" id="SO_2017_06_11_backup_Instance_12268" type="identity">
            <class id="CHEBI_SO_EXT:histidine" label="histidine"/>
            <span end="18004" id="15876356-18961" start="18001">His</span>
        </annotation>
        <annotation annotator="" id="SO_2017_06_11_backup_Instance_17562" type="identity">
            <class id="CHEBI_SO_EXT:molecular_label_or_mark_or_tag_process" label="molecular label/mark/tag process"/>
            <span end="18011" id="15876356-19031" start="18005">tagged</span>
        </annotation>
        <annotation annotator="" id="SO_2017_06_11_Instance_222112" type="identity">
            <class id="SO_EXT:sequence_fusion_process" label="sequence fusion process or quality"/>
            <span end="18025" id="15876356-19315" start="18020">fused</span>
        </annotation>
        <annotation annotator="" id="SO_2017_06_11_Instance_230296" type="identity">
            <class id="GO_SO_EXT:sequence_rearrangement_process" label="sequence rearrangement process"/>
            <span end="18037" id="15876356-19335" start="18026">recombinant</span>
        </annotation>
        <annotation annotator="Mike Bada, University of Colorado School of Medicine" id="SO_2017_06_11_Instance_29653" type="identity">
            <class id="SO_EXT:0000417" label="polypeptide_domain"/>
            <span end="18075" id="15876356-19384" start="18069">domain</span>
        </annotation>
        <annotation annotator="Mike Bada, University of Colorado School of Medicine" id="SO_2017_06_11_Instance_29655" type="identity">
            <class id="SO_EXT:0001060" label="sequence_variant"/>
            <span end="18104" id="15876356-19386" start="18097">isoform</span>
        </annotation>
        <annotation annotator="" id="SO_2017_06_11_backup_Instance_12270" type="identity">
            <class id="CHEBI_SO_EXT:amino_acid" label="amino acid"/>
            <span end="18142" id="15876356-18963" start="18131">amino acids</span>
        </annotation>
        <annotation annotator="" id="SO_2017_06_11_backup_Instance_12272" type="identity">
            <class id="CHEBI_SO_EXT:histidine" label="histidine"/>
            <span end="18183" id="15876356-18965" start="18180">His</span>
        </annotation>
        <annotation annotator="" id="SO_2017_06_11_backup_Instance_17564" type="identity">
            <class id="CHEBI_SO_EXT:molecular_label_or_mark_or_tag_process" label="molecular label/mark/tag process"/>
            <span end="18190" id="15876356-19033" start="18184">tagged</span>
        </annotation>
        <annotation annotator="" id="SO_2017_06_11_backup_Instance_12274" type="identity">
            <class id="CHEBI_SO_EXT:histidine" label="histidine"/>
            <span end="18486" id="15876356-18967" start="18483">His</span>
        </annotation>
        <annotation annotator="" id="SO_2017_06_11_backup_Instance_17566" type="identity">
            <class id="CHEBI_SO_EXT:molecular_label_or_mark_or_tag_process" label="molecular label/mark/tag process"/>
            <span end="18493" id="15876356-19035" start="18487">tagged</span>
        </annotation>
        <annotation annotator="" id="SO_2017_06_11_Instance_222114" type="identity">
            <class id="SO_EXT:sequence_fusion_process" label="sequence fusion process or quality"/>
            <span end="18540" id="15876356-19317" start="18535">fused</span>
        </annotation>
        <annotation annotator="" id="SO_2017_06_11_backup_Instance_12276" type="identity">
            <class id="CHEBI_SO_EXT:glycine" label="glycine"/>
            <span end="18703" id="15876356-18969" start="18696">glycine</span>
        </annotation>
        <annotation annotator="" id="SO_2017_06_11_Instance_174872" type="identity">
            <class id="SO_EXT:sequence_nullness_or_absence" label="sequence nullness or absence"/>
            <span end="19030" id="15876356-19075" start="19029">-</span>
        </annotation>
        <annotation annotator="" id="SO_2017_06_11_Instance_174874" type="identity">
            <class id="SO_EXT:sequence_nullness_or_absence" label="sequence nullness or absence"/>
            <span end="19032" id="15876356-19077" start="19031">-</span>
        </annotation>
        <annotation annotator="" id="SO_2017_06_11_Instance_212105" type="identity">
            <class id="SO_EXT:genotype_or_entity_with_genotype" label="genotype or entity with genotype"/>
            <span end="19150" id="15876356-19289" start="19142">genotype</span>
        </annotation>
        <annotation annotator="Mike Bada, University of Colorado School of Medicine" id="SO_2017_06_11_Instance_29657" type="identity">
            <class id="SO_EXT:0000417" label="polypeptide_domain"/>
            <span end="19539" id="15876356-19388" start="19533">domain</span>
        </annotation>
        <annotation annotator="" id="SO_2017_06_11_backup_Instance_17030" type="identity">
            <class id="CHEBI_SO_EXT:molecular_label_or_mark_or_tag_process" label="molecular label/mark/tag process"/>
            <span end="19633" id="15876356-19019" start="19625">labelled</span>
        </annotation>
        <annotation annotator="" id="SO_2017_06_11_Instance_230298" type="identity">
            <class id="GO_SO_EXT:sequence_rearrangement_process" label="sequence rearrangement process"/>
            <span end="20189" id="15876356-19337" start="20178">recombinant</span>
        </annotation>
        <annotation annotator="" id="SO_2017_06_11_Instance_212596" type="identity">
            <class id="CHEBI_SO_EXT:lysine" label="lysine"/>
            <span end="20549" id="15876356-19299" start="20543">Lysine</span>
        </annotation>
        <annotation annotator="" id="SO_2017_06_11_backup_Instance_12278" type="identity">
            <class id="CHEBI_SO_EXT:RNA" label="RNA"/>
            <span end="20780" id="15876356-18971" start="20776">RNAs</span>
        </annotation>
        <annotation annotator="Mike Bada, University of Colorado School of Medicine" id="SO_2017_06_11_Instance_51043" type="identity">
            <class id="SO_EXT:0000112" label="primer"/>
            <span end="20993" id="15876356-19538" start="20987">primer</span>
        </annotation>
        <annotation annotator="" id="SO_2017_06_11_backup_Instance_12280" type="identity">
            <class id="CHEBI_SO_EXT:DNA" label="DNA"/>
            <span end="21112" id="15876356-18973" start="21109">DNA</span>
        </annotation>
        <annotation annotator="Mike Bada, University of Colorado School of Medicine" id="SO_2017_06_11_Instance_51045" type="identity">
            <class id="SO_EXT:0000112" label="primer"/>
            <span end="21171" id="15876356-19540" start="21164">primers</span>
        </annotation>
        <annotation annotator="" id="SO_2017_06_11_Instance_190349" type="identity">
            <class id="SO_EXT:alternative_splice_variant" label="alternative splice variant"/>
            <span end="21200" id="15876356-19209" start="21183">splicing variants</span>
        </annotation>
        <annotation annotator="Mike Bada, University of Colorado School of Medicine" id="SO_2017_06_11_Instance_29663" type="identity">
            <class id="SO_EXT:0000417" label="polypeptide_domain"/>
            <span end="21226" id="15876356-19390" start="21220">domain</span>
        </annotation>
        <annotation annotator="Mike Bada, University of Colorado School of Medicine" id="SO_2017_06_11_Instance_51047" type="identity">
            <class id="SO_EXT:0000121" label="forward_primer"/>
            <span end="21244" id="15876356-19542" start="21230">forward primer</span>
        </annotation>
        <annotation annotator="" id="SO_2017_06_11_Instance_20138" type="identity">
            <class id="SO_EXT:sequence_upstreamness" label="sequence upstreamness"/>
            <span end="21269" id="15876356-19251" start="21261">upstream</span>
        </annotation>
        <annotation annotator="Mike Bada, University of Colorado School of Medicine" id="SO_2017_06_11_Instance_29667" type="identity">
            <class id="SO_EXT:0000417" label="polypeptide_domain"/>
            <span end="21297" id="15876356-19392" start="21291">domain</span>
        </annotation>
        <annotation annotator="Mike Bada, University of Colorado School of Medicine" id="SO_2017_06_11_Instance_51049" type="identity">
            <class id="SO_EXT:0000132" label="reverse_primer"/>
            <span end="21318" id="15876356-19544" start="21304">reverse primer</span>
        </annotation>
        <annotation annotator="Mike Bada, University of Colorado School of Medicine" id="SO_2017_06_11_Instance_51051" type="identity">
            <class id="SO_EXT:0000147" label="exon"/>
            <span end="21350" id="15876356-19546" start="21346">exon</span>
        </annotation>
        <annotation annotator="Mike Bada, University of Colorado School of Medicine" id="SO_2017_06_11_Instance_51053" type="identity">
            <class id="SO_EXT:0000112" label="primer"/>
            <span end="21363" id="15876356-19548" start="21356">primers</span>
        </annotation>
        <annotation annotator="Mike Bada, University of Colorado School of Medicine" id="SO_2017_06_11_Instance_51055" type="identity">
            <class id="SO:0001030" label="forward"/>
            <span end="21413" id="15876356-19550" start="21406">forward</span>
        </annotation>
        <annotation annotator="Mike Bada, University of Colorado School of Medicine" id="SO_2017_06_11_Instance_51057" type="identity">
            <class id="SO:0001031" label="reverse"/>
            <span end="21463" id="15876356-19552" start="21456">reverse</span>
        </annotation>
        <annotation annotator="" id="SO_2017_06_11_backup_Instance_12282" type="identity">
            <class id="CHEBI_SO_EXT:epitope" label="epitope"/>
            <span end="22891" id="15876356-18975" start="22884">epitope</span>
        </annotation>
        <annotation annotator="" id="SO_2017_06_11_backup_Instance_17032" type="identity">
            <class id="CHEBI_SO_EXT:molecular_label_or_mark_or_tag_process" label="molecular label/mark/tag process"/>
            <span end="23011" id="15876356-19021" start="23004">labeled</span>
        </annotation>
        <annotation annotator="" id="SO_2017_06_11_backup_Instance_17034" type="identity">
            <class id="CHEBI_SO_EXT:molecular_label_or_mark_or_tag_process" label="molecular label/mark/tag process"/>
            <span end="23082" id="15876356-19023" start="23074">labelled</span>
        </annotation>
        <annotation annotator="" id="SO_2017_06_11_backup_Instance_12284" type="identity">
            <class id="CHEBI_SO_EXT:RNA" label="RNA"/>
            <span end="23256" id="15876356-18977" start="23253">RNA</span>
        </annotation>
        <annotation annotator="" id="SO_2017_06_11_backup_Instance_17036" type="identity">
            <class id="CHEBI_SO_EXT:molecular_label_or_mark_or_tag_process" label="molecular label/mark/tag process"/>
            <span end="23356" id="15876356-19025" start="23348">labelled</span>
        </annotation>
        <annotation annotator="" id="SO_2017_06_11_backup_Instance_12286" type="identity">
            <class id="CHEBI_SO_EXT:riboprobe" label="riboprobe"/>
            <span end="23367" id="15876356-18979" start="23357">RNA probes</span>
        </annotation>
        <annotation annotator="Mike Bada, University of Colorado School of Medicine" id="SO_2017_06_11_Instance_29671" type="identity">
            <class id="SO_EXT:0000028" label="base_pair"/>
            <span end="23384" id="15876356-19394" start="23382">bp</span>
        </annotation>
        <annotation annotator="" id="SO_2017_06_11_Instance_210830" type="identity">
            <class id="SO_EXT:cDNA" label="complementary DNA"/>
            <span end="23405" id="15876356-19253" start="23401">cDNA</span>
        </annotation>
        <annotation annotator="Mike Bada, University of Colorado School of Medicine" id="SO_2017_06_11_Instance_29673" type="identity">
            <class id="SO_EXT:0000318" label="start_codon"/>
            <span end="23446" id="15876356-19396" start="23432">initiating ATG</span>
        </annotation>
        <annotation annotator="" id="SO_2017_06_11_Instance_120773" type="identity">
            <class id="SO_EXT:sequence_cloning_process" label="sequence cloning process"/>
            <span end="23458" id="15876356-19053" start="23452">cloned</span>
        </annotation>
        <annotation annotator="Mike Bada, University of Colorado School of Medicine" id="SO_2017_06_11_Instance_51065" type="identity">
            <class id="SO_EXT:0000440" label="vector_replicon"/>
            <span end="23523" id="15876356-19554" start="23517">vector</span>
        </annotation>
        <annotation annotator="Mike Bada, University of Colorado School of Medicine" id="SO_2017_06_11_Instance_51067" type="identity">
            <class id="SO_EXT:0000155" label="plasmid"/>
            <span end="23545" id="15876356-19556" start="23537">plasmids</span>
        </annotation>
        <annotation annotator="Mike Bada, University of Colorado School of Medicine" id="SO_2017_06_11_Instance_51069" type="identity">
            <class id="SO:0000077" label="antisense"/>
            <span end="23579" id="15876356-19558" start="23570">antisense</span>
        </annotation>
        <annotation annotator="" id="SO_2017_06_11_backup_Instance_17038" type="identity">
            <class id="CHEBI_SO_EXT:molecular_label_or_mark_or_tag_process" label="molecular label/mark/tag process"/>
            <span end="23588" id="15876356-19027" start="23580">labelled</span>
        </annotation>
        <annotation annotator="" id="SO_2017_06_11_backup_Instance_12288" type="identity">
            <class id="CHEBI_SO_EXT:riboprobe" label="riboprobe"/>
            <span end="23599" id="15876356-18981" start="23589">RNA probes</span>
        </annotation>
        <annotation annotator="" id="SO_2017_06_11_backup_Instance_12290" type="identity">
            <class id="CHEBI_SO_EXT:RNA" label="RNA"/>
            <span end="23624" id="15876356-18983" start="23621">RNA</span>
        </annotation>
        <annotation annotator="" id="SO_2017_06_11_Instance_210832" type="identity">
            <class id="SO_EXT:cDNA" label="complementary DNA"/>
            <span end="24101" id="15876356-19255" start="24097">cDNA</span>
        </annotation>
        <annotation annotator="" id="SO_2017_06_11_Instance_120775" type="identity">
            <class id="SO_EXT:sequence_cloning_process" label="sequence cloning process"/>
            <span end="24109" id="15876356-19055" start="24102">cloning</span>
        </annotation>
        <annotation annotator="Mike Bada, University of Colorado School of Medicine" id="SO_2017_06_11_Instance_51075" type="identity">
            <class id="SO_EXT:0000155" label="plasmid"/>
            <span end="24118" id="15876356-19560" start="24111">plasmid</span>
        </annotation>
        <annotation annotator="" id="SO_2017_06_11_backup_Instance_12292" type="identity">
            <class id="CHEBI_SO_EXT:mRNA" label="mRNA"/>
            <span end="24274" id="15876356-18985" start="24270">mRNA</span>
        </annotation>
        <annotation annotator="" id="SO_2017_06_11_Instance_188962" type="identity">
            <class id="SO_EXT:sequence_alteration_entity_or_process" label="sequence alteration entity or process"/>
            <span end="24757" id="15876356-19203" start="24749">mutation</span>
        </annotation>
        <annotation annotator="Mike Bada, University of Colorado School of Medicine" id="SO_2017_06_11_Instance_29679" type="identity">
            <class id="SO_EXT:0001026" label="genome"/>
            <span end="24784" id="15876356-19398" start="24777">genomic</span>
        </annotation>
        <annotation annotator="Mike Bada, University of Colorado School of Medicine" id="SO_2017_06_11_Instance_51077" type="identity">
            <class id="SO_EXT:wild_type_entity_or_quality" label="wild-typeness or wild-type entity"/>
            <span end="24811" id="15876356-19562" start="24802">wild-type</span>
        </annotation>
        <annotation annotator="Mike Bada, University of Colorado School of Medicine" id="SO_2017_06_11_Instance_51079" type="identity">
            <class id="SO_EXT:0001023" label="allele"/>
            <span end="24825" id="15876356-19564" start="24819">allele</span>
        </annotation>
        <annotation annotator="" id="SO_2017_06_11_Instance_211359" type="identity">
            <class id="SO_EXT:engineered_biological_sequence" label="engineered biological sequence"/>
            <span end="24856" id="15876356-19261" start="24847">construct</span>
        </annotation>
        <annotation annotator="Mike Bada, University of Colorado School of Medicine" id="SO_2017_06_11_Instance_51081" type="identity">
            <class id="SO_EXT:0001023" label="allele"/>
            <span end="24890" id="15876356-19566" start="24884">allele</span>
        </annotation>
        <annotation annotator="" id="SO_2017_06_11_Instance_222329" type="identity">
            <class id="SO_EXT:sequence_insertion_entity_or_process" label="sequence insertion entity or process"/>
            <span end="24959" id="15876356-19325" start="24950">insertion</span>
        </annotation>
        <annotation annotator="Mike Bada, University of Colorado School of Medicine" id="SO_2017_06_11_Instance_29577" type="identity">
            <class id="SO_EXT:0000319" label="stop_codon"/>
            <span end="24982" id="15876356-19364" start="24965">termination codon</span>
        </annotation>
        <annotation annotator="Mike Bada, University of Colorado School of Medicine" id="SO_2017_06_11_Instance_29683" type="identity">
            <class id="SO_EXT:0005853" label="gene_cassette"/>
            <span end="25004" id="15876356-19400" start="24996">cassette</span>
        </annotation>
        <annotation annotator="Mike Bada, University of Colorado School of Medicine" id="SO_2017_06_11_Instance_51083" type="identity">
            <class id="SO_EXT:0000147" label="exon"/>
            <span end="25014" id="15876356-19568" start="25010">exon</span>
        </annotation>
        <annotation annotator="Mike Bada, University of Colorado School of Medicine" id="SO_2017_06_11_Instance_29685" type="identity">
            <class id="SO_EXT:0005853" label="gene_cassette"/>
            <span end="25036" id="15876356-19402" start="25028">cassette</span>
        </annotation>
        <annotation annotator="" id="SO_2017_06_11_Instance_171500" type="identity">
            <class id="SO_EXT:0001644" label="targeting_vector"/>
            <span end="25071" id="15876356-19067" start="25055">targeting vector</span>
        </annotation>
        <annotation annotator="" id="SO_2017_06_11_backup_Instance_12294" type="identity">
            <class id="CHEBI_SO_EXT:molecular_probe" label="molecular probe"/>
            <span end="25115" id="15876356-18987" start="25110">probe</span>
        </annotation>
        <annotation annotator="" id="SO_2017_06_11_backup_Instance_12296" type="identity">
            <class id="CHEBI_SO_EXT:molecular_probe" label="molecular probe"/>
            <span end="25161" id="15876356-18989" start="25156">probe</span>
        </annotation>
        <annotation annotator="" id="SO_2017_06_11_Instance_211705" type="identity">
            <class id="SO_EXT:genomic_DNA" label="genomic DNA"/>
            <span end="25300" id="15876356-19275" start="25289">genomic DNA</span>
        </annotation>
        <annotation annotator="" id="SO_2017_06_11_backup_Instance_12300" type="identity">
            <class id="CHEBI_SO_EXT:DNA" label="DNA"/>
            <span end="25318" id="15876356-18991" start="25315">DNA</span>
        </annotation>
        <annotation annotator="Mike Bada, University of Colorado School of Medicine" id="SO_2017_06_11_Instance_51093" type="identity">
            <class id="SO_EXT:wild_type_entity_or_quality" label="wild-typeness or wild-type entity"/>
            <span end="25346" id="15876356-19570" start="25337">wild-type</span>
        </annotation>
        <annotation annotator="Mike Bada, University of Colorado School of Medicine" id="SO_2017_06_11_Instance_51095" type="identity">
            <class id="SO_EXT:0001023" label="allele"/>
            <span end="25353" id="15876356-19572" start="25347">allele</span>
        </annotation>
        <annotation annotator="Mike Bada, University of Colorado School of Medicine" id="SO_2017_06_11_Instance_51097" type="identity">
            <class id="SO_EXT:0001023" label="allele"/>
            <span end="25374" id="15876356-19574" start="25368">allele</span>
        </annotation>
        <annotation annotator="" id="SO_2017_06_11_backup_Instance_12302" type="identity">
            <class id="CHEBI_SO_EXT:base" label="base"/>
            <span end="25385" id="15876356-18993" start="25384">b</span>
        </annotation>
        <annotation annotator="" id="SO_2017_06_11_backup_Instance_12304" type="identity">
            <class id="CHEBI_SO_EXT:base" label="base"/>
            <span end="25396" id="15876356-18995" start="25395">b</span>
        </annotation>
        <annotation annotator="" id="SO_2017_06_11_Instance_180793" type="identity">
            <class id="SO_EXT:normal_or_wild_type_or_present" label="sequence wild-typeness, normalness or presence"/>
            <span end="25413" id="15876356-19125" start="25412">+</span>
        </annotation>
        <annotation annotator="" id="SO_2017_06_11_Instance_180795" type="identity">
            <class id="SO_EXT:normal_or_wild_type_or_present" label="sequence wild-typeness, normalness or presence"/>
            <span end="25415" id="15876356-19127" start="25414">+</span>
        </annotation>
        <annotation annotator="Mike Bada, University of Colorado School of Medicine" id="SO_2017_06_11_Instance_18951" type="identity">
            <class id="SO_EXT:wild_type_entity_or_quality" label="wild-typeness or wild-type entity"/>
            <span end="25426" id="15876356-19205" start="25417">wild-type</span>
        </annotation>
        <annotation annotator="" id="SO_2017_06_11_Instance_180797" type="identity">
            <class id="SO_EXT:normal_or_wild_type_or_present" label="sequence wild-typeness, normalness or presence"/>
            <span end="25429" id="15876356-19129" start="25428">+</span>
        </annotation>
        <annotation annotator="" id="SO_2017_06_11_Instance_174876" type="identity">
            <class id="SO_EXT:sequence_nullness_or_absence" label="sequence nullness or absence"/>
            <span end="25431" id="15876356-19079" start="25430">-</span>
        </annotation>
        <annotation annotator="" id="SO_2017_06_11_Instance_174878" type="identity">
            <class id="SO_EXT:sequence_nullness_or_absence" label="sequence nullness or absence"/>
            <span end="25448" id="15876356-19081" start="25447">-</span>
        </annotation>
        <annotation annotator="" id="SO_2017_06_11_Instance_174880" type="identity">
            <class id="SO_EXT:sequence_nullness_or_absence" label="sequence nullness or absence"/>
            <span end="25450" id="15876356-19083" start="25449">-</span>
        </annotation>
        <annotation annotator="" id="SO_2017_06_11_Instance_174882" type="identity">
            <class id="SO_EXT:sequence_nullness_or_absence" label="sequence nullness or absence"/>
            <span end="25578" id="15876356-19085" start="25577">-</span>
        </annotation>
        <annotation annotator="" id="SO_2017_06_11_Instance_174884" type="identity">
            <class id="SO_EXT:sequence_nullness_or_absence" label="sequence nullness or absence"/>
            <span end="25580" id="15876356-19087" start="25579">-</span>
        </annotation>
        <annotation annotator="" id="SO_2017_06_11_Instance_186144" type="identity">
            <class id="SO_EXT:sequence_altered_entity_or_alteration_process" label="sequence-altered entity or alteration process"/>
            <span end="25588" id="15876356-19191" start="25582">mutant</span>
        </annotation>
        <annotation annotator="Mike Bada, University of Colorado School of Medicine" id="SO_2017_06_11_Instance_29719" type="identity">
            <class id="SO_EXT:0000417" label="polypeptide_domain"/>
            <span end="25650" id="15876356-19404" start="25644">domain</span>
        </annotation>
        <annotation annotator="" id="SO_2017_06_11_Instance_174886" type="identity">
            <class id="SO_EXT:sequence_nullness_or_absence" label="sequence nullness or absence"/>
            <span end="25724" id="15876356-19089" start="25723">-</span>
        </annotation>
        <annotation annotator="" id="SO_2017_06_11_Instance_174888" type="identity">
            <class id="SO_EXT:sequence_nullness_or_absence" label="sequence nullness or absence"/>
            <span end="25726" id="15876356-19091" start="25725">-</span>
        </annotation>
        <annotation annotator="" id="SO_2017_06_11_Instance_174890" type="identity">
            <class id="SO_EXT:sequence_nullness_or_absence" label="sequence nullness or absence"/>
            <span end="25773" id="15876356-19093" start="25772">-</span>
        </annotation>
        <annotation annotator="" id="SO_2017_06_11_Instance_174892" type="identity">
            <class id="SO_EXT:sequence_nullness_or_absence" label="sequence nullness or absence"/>
            <span end="25775" id="15876356-19095" start="25774">-</span>
        </annotation>
        <annotation annotator="Mike Bada, University of Colorado School of Medicine" id="SO_2017_06_11_Instance_51099" type="identity">
            <class id="SO_EXT:wild_type_entity_or_quality" label="wild-typeness or wild-type entity"/>
            <span end="25815" id="15876356-19576" start="25806">wild-type</span>
        </annotation>
        <annotation annotator="" id="SO_2017_06_11_Instance_180799" type="identity">
            <class id="SO_EXT:normal_or_wild_type_or_present" label="sequence wild-typeness, normalness or presence"/>
            <span end="25818" id="15876356-19131" start="25817">+</span>
        </annotation>
        <annotation annotator="" id="SO_2017_06_11_Instance_180801" type="identity">
            <class id="SO_EXT:normal_or_wild_type_or_present" label="sequence wild-typeness, normalness or presence"/>
            <span end="25820" id="15876356-19133" start="25819">+</span>
        </annotation>
        <annotation annotator="" id="SO_2017_06_11_Instance_174894" type="identity">
            <class id="SO_EXT:sequence_nullness_or_absence" label="sequence nullness or absence"/>
            <span end="25851" id="15876356-19097" start="25850">-</span>
        </annotation>
        <annotation annotator="" id="SO_2017_06_11_Instance_174896" type="identity">
            <class id="SO_EXT:sequence_nullness_or_absence" label="sequence nullness or absence"/>
            <span end="25853" id="15876356-19099" start="25852">-</span>
        </annotation>
        <annotation annotator="" id="SO_2017_06_11_backup_Instance_12306" type="identity">
            <class id="CHEBI_SO_EXT:mRNA" label="mRNA"/>
            <span end="25952" id="15876356-18997" start="25948">mRNA</span>
        </annotation>
        <annotation annotator="" id="SO_2017_06_11_backup_Instance_12308" type="identity">
            <class id="CHEBI_SO_EXT:mRNA" label="mRNA"/>
            <span end="26004" id="15876356-18999" start="26000">mRNA</span>
        </annotation>
        <annotation annotator="" id="SO_2017_06_11_backup_Instance_17040" type="identity">
            <class id="CHEBI_SO_EXT:molecular_label_or_mark_or_tag_process" label="molecular label/mark/tag process"/>
            <span end="26067" id="15876356-19029" start="26060">labeled</span>
        </annotation>
        <annotation annotator="" id="SO_2017_06_11_backup_Instance_12310" type="identity">
            <class id="CHEBI_SO_EXT:molecular_probe" label="molecular probe"/>
            <span end="26073" id="15876356-19001" start="26068">probe</span>
        </annotation>
        <annotation annotator="Mike Bada, University of Colorado School of Medicine" id="SO_2017_06_11_Instance_51105" type="identity">
            <class id="SO:0000077" label="antisense"/>
            <span end="26203" id="15876356-19578" start="26194">antisense</span>
        </annotation>
        <annotation annotator="" id="SO_2017_06_11_backup_Instance_12312" type="identity">
            <class id="CHEBI_SO_EXT:molecular_probe" label="molecular probe"/>
            <span end="26209" id="15876356-19003" start="26204">probe</span>
        </annotation>
        <annotation annotator="" id="SO_2017_06_11_backup_Instance_12314" type="identity">
            <class id="CHEBI_SO_EXT:molecular_probe" label="molecular probe"/>
            <span end="26346" id="15876356-19005" start="26341">probe</span>
        </annotation>
        <annotation annotator="" id="SO_2017_06_11_backup_Instance_12316" type="identity">
            <class id="CHEBI_SO_EXT:mRNA" label="mRNA"/>
            <span end="26404" id="15876356-19007" start="26400">mRNA</span>
        </annotation>
        <annotation annotator="Mike Bada, University of Colorado School of Medicine" id="SO_2017_06_11_Instance_51113" type="identity">
            <class id="SO_EXT:wild_type_entity_or_quality" label="wild-typeness or wild-type entity"/>
            <span end="26564" id="15876356-19580" start="26555">wild-type</span>
        </annotation>
        <annotation annotator="" id="SO_2017_06_11_Instance_186146" type="identity">
            <class id="SO_EXT:sequence_altered_entity" label="sequence-altered entity"/>
            <span end="26605" id="15876356-19193" start="26598">mutants</span>
        </annotation>
        <annotation annotator="Mike Bada, University of Colorado School of Medicine" id="SO_2017_06_11_Instance_51115" type="identity">
            <class id="SO_EXT:wild_type_entity_or_quality" label="wild-typeness or wild-type entity"/>
            <span end="27032" id="15876356-19582" start="27023">wild-type</span>
        </annotation>
        <annotation annotator="" id="SO_2017_06_11_Instance_212107" type="identity">
            <class id="SO_EXT:genotype_or_entity_with_genotype" label="genotype or entity with genotype"/>
            <span end="27338" id="15876356-19291" start="27329">genotypes</span>
        </annotation>
        <annotation annotator="" id="SO_2017_06_11_Instance_180803" type="identity">
            <class id="SO_EXT:normal_or_wild_type_or_present" label="sequence wild-typeness, normalness or presence"/>
            <span end="27670" id="15876356-19135" start="27669">+</span>
        </annotation>
        <annotation annotator="" id="SO_2017_06_11_Instance_175990" type="identity">
            <class id="SO_EXT:sequence_nullness_or_absence" label="sequence nullness or absence"/>
            <span end="27672" id="15876356-19117" start="27671">-</span>
        </annotation>
        <annotation annotator="" id="SO_2017_06_11_Instance_174898" type="identity">
            <class id="SO_EXT:sequence_nullness_or_absence" label="sequence nullness or absence"/>
            <span end="27689" id="15876356-19101" start="27688">-</span>
        </annotation>
        <annotation annotator="" id="SO_2017_06_11_Instance_174900" type="identity">
            <class id="SO_EXT:sequence_nullness_or_absence" label="sequence nullness or absence"/>
            <span end="27691" id="15876356-19103" start="27690">-</span>
        </annotation>
        <annotation annotator="" id="SO_2017_06_11_Instance_212109" type="identity">
            <class id="SO_EXT:genotype_or_entity_with_genotype" label="genotype or entity with genotype"/>
            <span end="27884" id="15876356-19293" start="27876">genotype</span>
        </annotation>
        <annotation annotator="" id="SO_2017_06_11_Instance_186148" type="identity">
            <class id="SO_EXT:sequence_altered_entity_or_alteration_process" label="sequence-altered entity or alteration process"/>
            <span end="27942" id="15876356-19195" start="27936">mutant</span>
        </annotation>
        <annotation annotator="" id="SO_2017_06_11_Instance_212111" type="identity">
            <class id="SO_EXT:genotype_or_entity_with_genotype" label="genotype or entity with genotype"/>
            <span end="28026" id="15876356-19295" start="28017">genotypes</span>
        </annotation>
        <annotation annotator="" id="SO_2017_06_11_Instance_186150" type="identity">
            <class id="SO_EXT:sequence_altered_entity_or_alteration_process" label="sequence-altered entity or alteration process"/>
            <span end="28170" id="15876356-19197" start="28164">mutant</span>
        </annotation>
        <annotation annotator="Mike Bada, University of Colorado School of Medicine" id="SO_2017_06_11_Instance_21435" type="identity">
            <class id="SO_EXT:wild_type_entity_or_quality" label="wild-typeness or wild-type entity"/>
            <span end="28273" id="15876356-19303" start="28264">wild-type</span>
        </annotation>
        <annotation annotator="Mike Bada, University of Colorado School of Medicine" id="SO_2017_06_11_Instance_51123" type="identity">
            <class id="SO_EXT:0000704" label="gene"/>
            <span end="28322" id="15876356-19584" start="28318">gene</span>
        </annotation>
        <annotation annotator="Mike Bada, University of Colorado School of Medicine" id="SO_2017_06_11_Instance_51125" type="identity">
            <class id="SO_EXT:0000673" label="transcript"/>
            <span end="28364" id="15876356-19586" start="28353">transcripts</span>
        </annotation>
        <annotation annotator="" id="SO_2017_06_11_backup_Instance_12318" type="identity">
            <class id="CHEBI_SO_EXT:DNA" label="DNA"/>
            <span end="28400" id="15876356-19009" start="28397">DNA</span>
        </annotation>
        <annotation annotator="Mike Bada, University of Colorado School of Medicine" id="SO_2017_06_11_Instance_29721" type="identity">
            <class id="SO_EXT:0000028" label="base_pair"/>
            <span end="28476" id="15876356-19406" start="28474">bp</span>
        </annotation>
        <annotation annotator="" id="SO_2017_06_11_backup_Instance_12320" type="identity">
            <class id="CHEBI_SO_EXT:DNA" label="DNA"/>
            <span end="28480" id="15876356-19011" start="28477">DNA</span>
        </annotation>
        <annotation annotator="Mike Bada, University of Colorado School of Medicine" id="SO_2017_06_11_Instance_51131" type="identity">
            <class id="SO_EXT:0000147" label="exon"/>
            <span end="28617" id="15876356-19588" start="28613">Exon</span>
        </annotation>
        <annotation annotator="Mike Bada, University of Colorado School of Medicine" id="SO_2017_06_11_Instance_51133" type="identity">
            <class id="SO_EXT:0000704" label="gene"/>
            <span end="28655" id="15876356-19590" start="28651">gene</span>
        </annotation>
        <annotation annotator="Mike Bada, University of Colorado School of Medicine" id="SO_2017_06_11_Instance_51135" type="identity">
            <class id="SO_EXT:0000147" label="exon"/>
            <span end="28692" id="15876356-19592" start="28687">exons</span>
        </annotation>
        <annotation annotator="Mike Bada, University of Colorado School of Medicine" id="SO_2017_06_11_Instance_51137" type="identity">
            <class id="SO_EXT:0000673" label="transcript"/>
            <span end="28712" id="15876356-19594" start="28702">transcript</span>
        </annotation>
        <annotation annotator="Mike Bada, University of Colorado School of Medicine" id="SO_2017_06_11_Instance_51139" type="identity">
            <class id="SO:0000858" label="orthologous"/>
            <span end="28725" id="15876356-19596" start="28714">orthologous</span>
        </annotation>
        <annotation annotator="Mike Bada, University of Colorado School of Medicine" id="SO_2017_06_11_Instance_29723" type="identity">
            <class id="SO_EXT:0001060" label="sequence_variant"/>
            <span end="28753" id="15876356-19408" start="28746">isoform</span>
        </annotation>
        <annotation annotator="Mike Bada, University of Colorado School of Medicine" id="SO_2017_06_11_Instance_51141" type="identity">
            <class id="SO_EXT:0000673" label="transcript"/>
            <span end="28766" id="15876356-19598" start="28756">transcript</span>
        </annotation>
        <annotation annotator="" id="SO_2017_06_11_Instance_91397" type="identity">
            <class id="SO_EXT:sequence_coding_function" label="sequence coding function"/>
            <span end="28829" id="15876356-19602" start="28823">coding</span>
        </annotation>
        <annotation annotator="" id="SO_2017_06_11_Instance_190535" type="identity">
            <class id="SO_EXT:sequence_cloned_entity" label="sequence-cloned entity"/>
            <span end="28872" id="15876356-19225" start="28866">clones</span>
        </annotation>
        <annotation annotator="" id="SO_2017_06_11_backup_Instance_12322" type="identity">
            <class id="CHEBI_SO_EXT:nucleotide" label="nucleotide"/>
            <span end="28888" id="15876356-19013" start="28878">nucleotide</span>
        </annotation>
        <annotation annotator="" id="SO_2017_06_11_Instance_191109" type="identity">
            <class id="SO_EXT:biological_sequence" label="biological sequence"/>
            <span end="28897" id="15876356-19247" start="28889">sequence</span>
        </annotation>
        <annotation annotator="" id="SO_2017_06_11_Instance_190537" type="identity">
            <class id="SO_EXT:sequence_cloned_entity" label="sequence-cloned entity"/>
            <span end="29037" id="15876356-19227" start="29031">clones</span>
        </annotation>
        <annotation annotator="" id="SO_2017_06_11_Instance_212113" type="identity">
            <class id="SO_EXT:genotype_or_entity_with_genotype" label="genotype or entity with genotype"/>
            <span end="29348" id="15876356-19297" start="29340">genotype</span>
        </annotation>
        <annotation annotator="" id="SO_2017_06_11_Instance_180805" type="identity">
            <class id="SO_EXT:normal_or_wild_type_or_present" label="sequence wild-typeness, normalness or presence"/>
            <span end="29452" id="15876356-19137" start="29451">+</span>
        </annotation>
        <annotation annotator="" id="SO_2017_06_11_Instance_180807" type="identity">
            <class id="SO_EXT:normal_or_wild_type_or_present" label="sequence wild-typeness, normalness or presence"/>
            <span end="29454" id="15876356-19139" start="29453">+</span>
        </annotation>
        <annotation annotator="Mike Bada, University of Colorado School of Medicine" id="SO_2017_06_11_Instance_21437" type="identity">
            <class id="SO_EXT:wild_type_entity_or_quality" label="wild-typeness or wild-type entity"/>
            <span end="29465" id="15876356-19305" start="29456">wild-type</span>
        </annotation>
        <annotation annotator="" id="SO_2017_06_11_Instance_180809" type="identity">
            <class id="SO_EXT:normal_or_wild_type_or_present" label="sequence wild-typeness, normalness or presence"/>
            <span end="29468" id="15876356-19141" start="29467">+</span>
        </annotation>
        <annotation annotator="" id="SO_2017_06_11_Instance_174902" type="identity">
            <class id="SO_EXT:sequence_nullness_or_absence" label="sequence nullness or absence"/>
            <span end="29470" id="15876356-19105" start="29469">-</span>
        </annotation>
        <annotation annotator="" id="SO_2017_06_11_Instance_174904" type="identity">
            <class id="SO_EXT:sequence_nullness_or_absence" label="sequence nullness or absence"/>
            <span end="29487" id="15876356-19107" start="29486">-</span>
        </annotation>
        <annotation annotator="" id="SO_2017_06_11_Instance_174906" type="identity">
            <class id="SO_EXT:sequence_nullness_or_absence" label="sequence nullness or absence"/>
            <span end="29489" id="15876356-19109" start="29488">-</span>
        </annotation>
        <annotation annotator="" id="SO_2017_06_11_Instance_180811" type="identity">
            <class id="SO_EXT:normal_or_wild_type_or_present" label="sequence wild-typeness, normalness or presence"/>
            <span end="29560" id="15876356-19143" start="29559">+</span>
        </annotation>
        <annotation annotator="" id="SO_2017_06_11_Instance_180813" type="identity">
            <class id="SO_EXT:normal_or_wild_type_or_present" label="sequence wild-typeness, normalness or presence"/>
            <span end="29562" id="15876356-19145" start="29561">+</span>
        </annotation>
        <annotation annotator="Mike Bada, University of Colorado School of Medicine" id="SO_2017_06_11_Instance_21439" type="identity">
            <class id="SO_EXT:wild_type_entity_or_quality" label="wild-typeness or wild-type entity"/>
            <span end="29573" id="15876356-19307" start="29564">wild-type</span>
        </annotation>
        <annotation annotator="" id="SO_2017_06_11_Instance_180815" type="identity">
            <class id="SO_EXT:normal_or_wild_type_or_present" label="sequence wild-typeness, normalness or presence"/>
            <span end="29576" id="15876356-19147" start="29575">+</span>
        </annotation>
        <annotation annotator="" id="SO_2017_06_11_Instance_174908" type="identity">
            <class id="SO_EXT:sequence_nullness_or_absence" label="sequence nullness or absence"/>
            <span end="29578" id="15876356-19111" start="29577">-</span>
        </annotation>
        <annotation annotator="" id="SO_2017_06_11_Instance_174910" type="identity">
            <class id="SO_EXT:sequence_nullness_or_absence" label="sequence nullness or absence"/>
            <span end="29595" id="15876356-19113" start="29594">-</span>
        </annotation>
        <annotation annotator="" id="SO_2017_06_11_Instance_174912" type="identity">
            <class id="SO_EXT:sequence_nullness_or_absence" label="sequence nullness or absence"/>
            <span end="29597" id="15876356-19115" start="29596">-</span>
        </annotation>
        <graph-space id="Old Knowtator Relations"/>
    </document>
</knowtator-project>
