<?xml version="1.0" encoding="UTF-8" standalone="no"?>
<knowtator-project>
  <document id="15921521" text-file="15921521.txt">
    <annotation annotator="Mike Bada, University of Colorado School of Medicine" id="SO_2017_06_11_Instance_34159" type="identity">
      <class id="SO_EXT:0000704" label="gene"/>
      <span end="17" id="15921521-20782" start="10">genetic</span>
    </annotation>
    <annotation annotator="" id="SO_2017_06_11_backup_Instance_30526" type="identity">
      <class id="GO_SO_EXT:chromosome" label="chromosome"/>
      <span end="105" id="15921521-20568" start="94">chromosomes</span>
    </annotation>
    <annotation annotator="" id="SO_2017_06_11_Instance_188968" type="identity">
      <class id="SO_EXT:sequence_alteration_entity_or_process" label="sequence alteration entity or process"/>
      <span end="189" id="15921521-20596" start="180">mutations</span>
    </annotation>
    <annotation annotator="Mike Bada, University of Colorado School of Medicine" id="SO_2017_06_11_Instance_33937" type="identity">
      <class id="SO_EXT:0000704" label="gene"/>
      <span end="260" id="15921521-20764" start="256">gene</span>
    </annotation>
    <annotation annotator="Mike Bada, University of Colorado School of Medicine" id="SO_2017_06_11_Instance_33943" type="identity">
      <class id="SO_EXT:0000704" label="gene"/>
      <span end="347" id="15921521-20768" start="342">genes</span>
    </annotation>
    <annotation annotator="Mike Bada, University of Colorado School of Medicine" id="SO_2017_06_11_Instance_35405" type="identity">
      <class id="SO_EXT:0000704" label="gene"/>
      <span end="603" id="15921521-20920" start="596">genetic</span>
    </annotation>
    <annotation annotator="Mike Bada, University of Colorado School of Medicine" id="SO_2017_06_11_Instance_33941" type="identity">
      <class id="SO_EXT:wild_type_entity_or_quality" label="wild-typeness or wild-type entity"/>
      <span end="797" id="15921521-20766" start="788">wild type</span>
    </annotation>
    <annotation annotator="Mike Bada, University of Colorado School of Medicine" id="SO_2017_06_11_Instance_33587" type="identity">
      <class id="SO_EXT:0000704" label="gene"/>
      <span end="932" id="15921521-20700" start="925">genetic</span>
    </annotation>
    <annotation annotator="" id="SO_2017_06_11_backup_Instance_12788" type="identity">
      <class id="CHEBI_SO_EXT:molecular_indicator_or_label_or_marker_or_tag" label="molecular indicator/label/marker/tag"/>
      <span end="1264" id="15921521-20428" start="1258">marker</span>
    </annotation>
    <annotation annotator="Mike Bada, University of Colorado School of Medicine" id="SO_2017_06_11_Instance_33967" type="identity">
      <class id="SO_EXT:0000704" label="gene"/>
      <span end="1270" id="15921521-20778" start="1265">genes</span>
    </annotation>
    <annotation annotator="Mike Bada, University of Colorado School of Medicine" id="SO_2017_06_11_Instance_33963" type="identity">
      <class id="SO_EXT:0001026" label="genome"/>
      <span end="1615" id="15921521-20776" start="1609">genome</span>
    </annotation>
    <annotation annotator="Mike Bada, University of Colorado School of Medicine" id="SO_2017_06_11_Instance_33971" type="identity">
      <class id="SO_EXT:0001023" label="allele"/>
      <span end="1631" id="15921521-20780" start="1625">allele</span>
    </annotation>
    <annotation annotator="" id="SO_2017_06_11_backup_Instance_30242" type="identity">
      <class id="GO_SO_EXT:chromosome" label="chromosome"/>
      <span end="1734" id="15921521-20496" start="1730">chr.</span>
    </annotation>
    <annotation annotator="" id="SO_2017_06_11_backup_Instance_12790" type="identity">
      <class id="CHEBI_SO_EXT:molecular_indicator_or_label_or_marker_or_tag" label="molecular indicator/label/marker/tag"/>
      <span end="1754" id="15921521-20430" start="1748">marker</span>
    </annotation>
    <annotation annotator="" id="SO_2017_06_11_backup_Instance_30250" type="identity">
      <class id="GO_SO_EXT:chromosome" label="chromosome"/>
      <span end="1775" id="15921521-20500" start="1771">chr.</span>
    </annotation>
    <annotation annotator="" id="SO_2017_06_11_backup_Instance_12792" type="identity">
      <class id="CHEBI_SO_EXT:molecular_indicator_or_label_or_marker_or_tag" label="molecular indicator/label/marker/tag"/>
      <span end="1795" id="15921521-20432" start="1789">marker</span>
    </annotation>
    <annotation annotator="" id="SO_2017_06_11_backup_Instance_30252" type="identity">
      <class id="GO_SO_EXT:chromosome" label="chromosome"/>
      <span end="1820" id="15921521-20502" start="1816">chr.</span>
    </annotation>
    <annotation annotator="" id="SO_2017_06_11_backup_Instance_12794" type="identity">
      <class id="CHEBI_SO_EXT:molecular_indicator_or_label_or_marker_or_tag" label="molecular indicator/label/marker/tag"/>
      <span end="1842" id="15921521-20434" start="1836">marker</span>
    </annotation>
    <annotation annotator="" id="SO_2017_06_11_Instance_221093" type="identity">
      <class id="SO_EXT:polymorphism" label="polymorphism entity or quality"/>
      <span end="2046" id="15921521-20684" start="2033">polymorphisms</span>
    </annotation>
    <annotation annotator="Mike Bada, University of Colorado School of Medicine" id="SO_2017_06_11_Instance_33953" type="identity">
      <class id="SO_EXT:0000704" label="gene"/>
      <span end="2064" id="15921521-20770" start="2059">genes</span>
    </annotation>
    <annotation annotator="Mike Bada, University of Colorado School of Medicine" id="SO_2017_06_11_Instance_33757" type="identity">
      <class id="SO_EXT:0000704" label="gene"/>
      <span end="2136" id="15921521-20704" start="2129">genetic</span>
    </annotation>
    <annotation annotator="" id="SO_2017_06_11_Instance_188970" type="identity">
      <class id="SO_EXT:sequence_alteration_entity_or_process" label="sequence alteration entity or process"/>
      <span end="2235" id="15921521-20598" start="2226">mutations</span>
    </annotation>
    <annotation annotator="Mike Bada, University of Colorado School of Medicine" id="SO_2017_06_11_Instance_33957" type="identity">
      <class id="SO_EXT:0000704" label="gene"/>
      <span end="2306" id="15921521-20772" start="2302">gene</span>
    </annotation>
    <annotation annotator="" id="SO_2017_06_11_Instance_188972" type="identity">
      <class id="SO_EXT:sequence_alteration_entity_or_process" label="sequence alteration entity or process"/>
      <span end="2331" id="15921521-20600" start="2322">mutations</span>
    </annotation>
    <annotation annotator="" id="SO_2017_06_11_Instance_188974" type="identity">
      <class id="SO_EXT:sequence_alteration_entity_or_process" label="sequence alteration entity or process"/>
      <span end="2603" id="15921521-20602" start="2594">mutations</span>
    </annotation>
    <annotation annotator="" id="SO_2017_06_11_Instance_188976" type="identity">
      <class id="SO_EXT:sequence_alteration_entity_or_process" label="sequence alteration entity or process"/>
      <span end="2848" id="15921521-20604" start="2839">mutations</span>
    </annotation>
    <annotation annotator="Mike Bada, University of Colorado School of Medicine" id="SO_2017_06_11_Instance_33863" type="identity">
      <class id="SO_EXT:0000704" label="gene"/>
      <span end="2930" id="15921521-20718" start="2925">genes</span>
    </annotation>
    <annotation annotator="" id="SO_2017_06_11_Instance_170276" type="identity">
      <class id="CHEBI_GO_SO_EXT:enzyme" label="enzyme"/>
      <span end="3207" id="15921521-20572" start="3201">enzyme</span>
    </annotation>
    <annotation annotator="" id="SO_2017_06_11_Instance_170278" type="identity">
      <class id="CHEBI_GO_SO_EXT:enzyme" label="enzyme"/>
      <span end="3495" id="15921521-20574" start="3489">enzyme</span>
    </annotation>
    <annotation annotator="" id="SO_2017_06_11_Instance_188978" type="identity">
      <class id="SO_EXT:sequence_alteration_entity_or_process" label="sequence alteration entity or process"/>
      <span end="3998" id="15921521-20606" start="3989">mutations</span>
    </annotation>
    <annotation annotator="Mike Bada, University of Colorado School of Medicine" id="SO_2017_06_11_Instance_33865" type="identity">
      <class id="SO_EXT:0000704" label="gene"/>
      <span end="4015" id="15921521-20720" start="4011">gene</span>
    </annotation>
    <annotation annotator="Mike Bada, University of Colorado School of Medicine" id="SO_2017_06_11_Instance_35515" type="identity">
      <class id="SO_EXT:0000704" label="gene"/>
      <span end="4081" id="15921521-20926" start="4074">genetic</span>
    </annotation>
    <annotation annotator="Mike Bada, University of Colorado School of Medicine" id="SO_2017_06_11_Instance_35503" type="identity">
      <class id="SO_EXT:0000704" label="gene"/>
      <span end="4141" id="15921521-20922" start="4130">genetically</span>
    </annotation>
    <annotation annotator="" id="SO_2017_06_11_Instance_70092" type="identity">
      <class id="SO_EXT:sequence_alteration_process" label="sequence alteration process"/>
      <span end="4149" id="15921521-20928" start="4142">altered</span>
    </annotation>
    <annotation annotator="Mike Bada, University of Colorado School of Medicine" id="SO_2017_06_11_Instance_33859" type="identity">
      <class id="SO_EXT:0000704" label="gene"/>
      <span end="4189" id="15921521-20716" start="4184">genes</span>
    </annotation>
    <annotation annotator="Mike Bada, University of Colorado School of Medicine" id="SO_2017_06_11_Instance_35507" type="identity">
      <class id="SO_EXT:0000704" label="gene"/>
      <span end="4300" id="15921521-20924" start="4293">genetic</span>
    </annotation>
    <annotation annotator="" id="SO_2017_06_11_Instance_210234" type="identity">
      <class id="GO_SO_EXT:chromosomal_part_or_position_or_region_or_site" label="chromosomal part/position/region/site"/>
      <span end="4325" id="15921521-20614" start="4316">region on</span>
      <span end="4342" id="15921521-20615" start="4332">chromosome</span>
    </annotation>
    <annotation annotator="" id="SO_2017_06_11_backup_Instance_16334" type="identity">
      <class id="CHEBI_SO_EXT:molecular_indicator_or_label_or_marker_or_tag" label="molecular indicator/label/marker/tag"/>
      <span end="4513" id="15921521-20490" start="4507">Marker</span>
    </annotation>
    <annotation annotator="Mike Bada, University of Colorado School of Medicine" id="SO_2017_06_11_Instance_33857" type="identity">
      <class id="SO_EXT:0001024" label="haplotype"/>
      <span end="4524" id="15921521-20714" start="4514">haplotypes</span>
    </annotation>
    <annotation annotator="Mike Bada, University of Colorado School of Medicine" id="SO_2017_06_11_Instance_33879" type="identity">
      <class id="SO_EXT:0005858" label="syntenic_region"/>
      <span end="4547" id="15921521-20732" start="4532">syntenic region</span>
    </annotation>
    <annotation annotator="" id="SO_2017_06_11_Instance_210238" type="identity">
      <class id="GO_SO_EXT:chromosomal_part_or_position_or_region_or_site" label="chromosomal part/position/region/site"/>
      <span end="4550" id="15921521-20617" start="4541">region of</span>
      <span end="4567" id="15921521-20618" start="4557">chromosome</span>
    </annotation>
    <annotation annotator="" id="SO_2017_06_11_Instance_210242" type="identity">
      <class id="GO_SO_EXT:chromosomal_part_or_position_or_region_or_site" label="chromosomal part/position/region/site"/>
      <span end="4674" id="15921521-20620" start="4665">region on</span>
      <span end="4685" id="15921521-20621" start="4681">chr.</span>
    </annotation>
    <annotation annotator="" id="SO_2017_06_11_Instance_210246" type="identity">
      <class id="GO_SO_EXT:chromosomal_part_or_position_or_region_or_site" label="chromosomal part/position/region/site"/>
      <span end="4849" id="15921521-20623" start="4837">loci on chr.</span>
    </annotation>
    <annotation annotator="Mike Bada, University of Colorado School of Medicine" id="SO_2017_06_11_Instance_33875" type="identity">
      <class id="SO_EXT:0001026" label="genome"/>
      <span end="5330" id="15921521-20728" start="5324">Genome</span>
    </annotation>
    <annotation annotator="Mike Bada, University of Colorado School of Medicine" id="SO_2017_06_11_Instance_33877" type="identity">
      <class id="SO_EXT:0001023" label="allele"/>
      <span end="5342" id="15921521-20730" start="5336">allele</span>
    </annotation>
    <annotation annotator="Mike Bada, University of Colorado School of Medicine" id="SO_2017_06_11_Instance_33873" type="identity">
      <class id="SO_EXT:0000704" label="gene"/>
      <span end="5489" id="15921521-20726" start="5484">genes</span>
    </annotation>
    <annotation annotator="Mike Bada, University of Colorado School of Medicine" id="SO_2017_06_11_Instance_33867" type="identity">
      <class id="SO_EXT:wild_type_entity_or_quality" label="wild-typeness or wild-type entity"/>
      <span end="5804" id="15921521-20722" start="5795">wild type</span>
    </annotation>
    <annotation annotator="Mike Bada, University of Colorado School of Medicine" id="SO_2017_06_11_Instance_33869" type="identity">
      <class id="SO_EXT:wild_type_entity_or_quality" label="wild-typeness or wild-type entity"/>
      <span end="5952" id="15921521-20724" start="5943">wild type</span>
    </annotation>
    <annotation annotator="Mike Bada, University of Colorado School of Medicine" id="SO_2017_06_11_Instance_18953" type="identity">
      <class id="SO_EXT:wild_type_entity_or_quality" label="wild-typeness or wild-type entity"/>
      <span end="6184" id="15921521-20610" start="6175">wild type</span>
    </annotation>
    <annotation annotator="Mike Bada, University of Colorado School of Medicine" id="SO_2017_06_11_Instance_33897" type="identity">
      <class id="SO_EXT:wild_type_entity_or_quality" label="wild-typeness or wild-type entity"/>
      <span end="6399" id="15921521-20748" start="6390">wild type</span>
    </annotation>
    <annotation annotator="Mike Bada, University of Colorado School of Medicine" id="SO_2017_06_11_Instance_35243" type="identity">
      <class id="SO_EXT:0000704" label="gene"/>
      <span end="6444" id="15921521-20906" start="6437">genetic</span>
    </annotation>
    <annotation annotator="Mike Bada, University of Colorado School of Medicine" id="SO_2017_06_11_Instance_33895" type="identity">
      <class id="SO_EXT:wild_type_entity_or_quality" label="wild-typeness or wild-type entity"/>
      <span end="6757" id="15921521-20746" start="6748">wild type</span>
    </annotation>
    <annotation annotator="Mike Bada, University of Colorado School of Medicine" id="SO_2017_06_11_Instance_33893" type="identity">
      <class id="SO_EXT:wild_type_entity_or_quality" label="wild-typeness or wild-type entity"/>
      <span end="6792" id="15921521-20744" start="6783">wild type</span>
    </annotation>
    <annotation annotator="Mike Bada, University of Colorado School of Medicine" id="SO_2017_06_11_Instance_33891" type="identity">
      <class id="SO_EXT:wild_type_entity_or_quality" label="wild-typeness or wild-type entity"/>
      <span end="6840" id="15921521-20742" start="6831">wild type</span>
    </annotation>
    <annotation annotator="Mike Bada, University of Colorado School of Medicine" id="SO_2017_06_11_Instance_33889" type="identity">
      <class id="SO_EXT:wild_type_entity_or_quality" label="wild-typeness or wild-type entity"/>
      <span end="6877" id="15921521-20740" start="6868">wild type</span>
    </annotation>
    <annotation annotator="" id="SO_2017_06_11_backup_Instance_12796" type="identity">
      <class id="CHEBI_SO_EXT:molecular_indicator_or_label_or_marker_or_tag" label="molecular indicator/label/marker/tag"/>
      <span end="6991" id="15921521-20436" start="6984">markers</span>
    </annotation>
    <annotation annotator="Mike Bada, University of Colorado School of Medicine" id="SO_2017_06_11_Instance_35241" type="identity">
      <class id="SO_EXT:0000704" label="gene"/>
      <span end="7148" id="15921521-20904" start="7141">genetic</span>
    </annotation>
    <annotation annotator="" id="SO_2017_06_11_backup_Instance_12798" type="identity">
      <class id="CHEBI_SO_EXT:molecular_indicator_or_label_or_marker_or_tag" label="molecular indicator/label/marker/tag"/>
      <span end="7202" id="15921521-20438" start="7196">marker</span>
    </annotation>
    <annotation annotator="Mike Bada, University of Colorado School of Medicine" id="SO_2017_06_11_Instance_33887" type="identity">
      <class id="SO_EXT:0000704" label="gene"/>
      <span end="7208" id="15921521-20738" start="7203">genes</span>
    </annotation>
    <annotation annotator="Mike Bada, University of Colorado School of Medicine" id="SO_2017_06_11_Instance_33885" type="identity">
      <class id="SO_EXT:0000704" label="gene"/>
      <span end="7265" id="15921521-20736" start="7261">gene</span>
    </annotation>
    <annotation annotator="Mike Bada, University of Colorado School of Medicine" id="SO_2017_06_11_Instance_33883" type="identity">
      <class id="SO_EXT:0000704" label="gene"/>
      <span end="7311" id="15921521-20734" start="7306">genes</span>
    </annotation>
    <annotation annotator="Mike Bada, University of Colorado School of Medicine" id="SO_2017_06_11_Instance_33913" type="identity">
      <class id="SO_EXT:wild_type_entity_or_quality" label="wild-typeness or wild-type entity"/>
      <span end="7337" id="15921521-20762" start="7328">wild type</span>
    </annotation>
    <annotation annotator="Mike Bada, University of Colorado School of Medicine" id="SO_2017_06_11_Instance_35239" type="identity">
      <class id="SO_EXT:0000704" label="gene"/>
      <span end="7374" id="15921521-20902" start="7367">genetic</span>
    </annotation>
    <annotation annotator="" id="SO_2017_06_11_backup_Instance_12800" type="identity">
      <class id="CHEBI_SO_EXT:molecular_indicator_or_label_or_marker_or_tag" label="molecular indicator/label/marker/tag"/>
      <span end="7428" id="15921521-20440" start="7422">marker</span>
    </annotation>
    <annotation annotator="" id="SO_2017_06_11_backup_Instance_12802" type="identity">
      <class id="CHEBI_SO_EXT:leucine" label="leucine"/>
      <span end="7533" id="15921521-20442" start="7526">Leucine</span>
    </annotation>
    <annotation annotator="" id="SO_2017_06_11_backup_Instance_16336" type="identity">
      <class id="CHEBI_SO_EXT:molecular_indicator_or_label_or_marker_or_tag" label="molecular indicator/label/marker/tag"/>
      <span end="7579" id="15921521-20492" start="7573">marker</span>
    </annotation>
    <annotation annotator="Mike Bada, University of Colorado School of Medicine" id="SO_2017_06_11_Instance_33911" type="identity">
      <class id="SO_EXT:0000704" label="gene"/>
      <span end="7679" id="15921521-20760" start="7675">gene</span>
    </annotation>
    <annotation annotator="" id="SO_2017_06_11_backup_Instance_12804" type="identity">
      <class id="CHEBI_SO_EXT:leucine" label="leucine"/>
      <span end="7704" id="15921521-20444" start="7697">leucine</span>
    </annotation>
    <annotation annotator="" id="SO_2017_06_11_backup_Instance_12806" type="identity">
      <class id="CHEBI_SO_EXT:molecular_indicator_or_label_or_marker_or_tag" label="molecular indicator/label/marker/tag"/>
      <span end="7785" id="15921521-20446" start="7779">marker</span>
    </annotation>
    <annotation annotator="Mike Bada, University of Colorado School of Medicine" id="SO_2017_06_11_Instance_33909" type="identity">
      <class id="SO_EXT:0000673" label="transcript"/>
      <span end="7909" id="15921521-20758" start="7899">transcript</span>
    </annotation>
    <annotation annotator="" id="SO_2017_06_11_backup_Instance_12808" type="identity">
      <class id="CHEBI_SO_EXT:molecular_indicator_or_label_or_marker_or_tag" label="molecular indicator/label/marker/tag"/>
      <span end="7937" id="15921521-20448" start="7931">marker</span>
    </annotation>
    <annotation annotator="Mike Bada, University of Colorado School of Medicine" id="SO_2017_06_11_Instance_33907" type="identity">
      <class id="SO_EXT:0000704" label="gene"/>
      <span end="8094" id="15921521-20756" start="8090">gene</span>
    </annotation>
    <annotation annotator="Mike Bada, University of Colorado School of Medicine" id="SO_2017_06_11_Instance_33905" type="identity">
      <class id="SO_EXT:0000704" label="gene"/>
      <span end="8255" id="15921521-20754" start="8251">gene</span>
    </annotation>
    <annotation annotator="Mike Bada, University of Colorado School of Medicine" id="SO_2017_06_11_Instance_21445" type="identity">
      <class id="SO_EXT:wild_type_entity_or_quality" label="wild-typeness or wild-type entity"/>
      <span end="8655" id="15921521-20644" start="8646">wild type</span>
    </annotation>
    <annotation annotator="Mike Bada, University of Colorado School of Medicine" id="SO_2017_06_11_Instance_21447" type="identity">
      <class id="SO_EXT:wild_type_entity_or_quality" label="wild-typeness or wild-type entity"/>
      <span end="8763" id="15921521-20646" start="8754">wild type</span>
    </annotation>
    <annotation annotator="Mike Bada, University of Colorado School of Medicine" id="SO_2017_06_11_Instance_21449" type="identity">
      <class id="SO_EXT:wild_type_entity_or_quality" label="wild-typeness or wild-type entity"/>
      <span end="8905" id="15921521-20648" start="8896">wild type</span>
    </annotation>
    <annotation annotator="Mike Bada, University of Colorado School of Medicine" id="SO_2017_06_11_Instance_21451" type="identity">
      <class id="SO_EXT:wild_type_entity_or_quality" label="wild-typeness or wild-type entity"/>
      <span end="8971" id="15921521-20650" start="8962">wild type</span>
    </annotation>
    <annotation annotator="" id="SO_2017_06_11_backup_Instance_12810" type="identity">
      <class id="CHEBI_SO_EXT:mRNA" label="mRNA"/>
      <span end="9016" id="15921521-20450" start="9012">mRNA</span>
    </annotation>
    <annotation annotator="Mike Bada, University of Colorado School of Medicine" id="SO_2017_06_11_Instance_21453" type="identity">
      <class id="SO_EXT:wild_type_entity_or_quality" label="wild-typeness or wild-type entity"/>
      <span end="9136" id="15921521-20652" start="9127">wild type</span>
    </annotation>
    <annotation annotator="Mike Bada, University of Colorado School of Medicine" id="SO_2017_06_11_Instance_21455" type="identity">
      <class id="SO_EXT:wild_type_entity_or_quality" label="wild-typeness or wild-type entity"/>
      <span end="9262" id="15921521-20654" start="9253">wild type</span>
    </annotation>
    <annotation annotator="Mike Bada, University of Colorado School of Medicine" id="SO_2017_06_11_Instance_21457" type="identity">
      <class id="SO_EXT:wild_type_entity_or_quality" label="wild-typeness or wild-type entity"/>
      <span end="9332" id="15921521-20656" start="9323">wild type</span>
    </annotation>
    <annotation annotator="Mike Bada, University of Colorado School of Medicine" id="SO_2017_06_11_Instance_21459" type="identity">
      <class id="SO_EXT:wild_type_entity_or_quality" label="wild-typeness or wild-type entity"/>
      <span end="9570" id="15921521-20658" start="9561">wild type</span>
    </annotation>
    <annotation annotator="Mike Bada, University of Colorado School of Medicine" id="SO_2017_06_11_Instance_21461" type="identity">
      <class id="SO_EXT:wild_type_entity_or_quality" label="wild-typeness or wild-type entity"/>
      <span end="9665" id="15921521-20660" start="9656">wild type</span>
    </annotation>
    <annotation annotator="Mike Bada, University of Colorado School of Medicine" id="SO_2017_06_11_Instance_21463" type="identity">
      <class id="SO_EXT:wild_type_entity_or_quality" label="wild-typeness or wild-type entity"/>
      <span end="9765" id="15921521-20662" start="9756">wild type</span>
    </annotation>
    <annotation annotator="Mike Bada, University of Colorado School of Medicine" id="SO_2017_06_11_Instance_35279" type="identity">
      <class id="SO_EXT:0000704" label="gene"/>
      <span end="9805" id="15921521-20918" start="9798">genetic</span>
    </annotation>
    <annotation annotator="Mike Bada, University of Colorado School of Medicine" id="SO_2017_06_11_Instance_33901" type="identity">
      <class id="SO_EXT:0000704" label="gene"/>
      <span end="9837" id="15921521-20752" start="9833">gene</span>
    </annotation>
    <annotation annotator="" id="SO_2017_06_11_backup_Instance_12812" type="identity">
      <class id="CHEBI_SO_EXT:RNA" label="RNA"/>
      <span end="9881" id="15921521-20452" start="9878">RNA</span>
    </annotation>
    <annotation annotator="Mike Bada, University of Colorado School of Medicine" id="SO_2017_06_11_Instance_33899" type="identity">
      <class id="SO_EXT:0000704" label="gene"/>
      <span end="9959" id="15921521-20750" start="9955">gene</span>
    </annotation>
    <annotation annotator="Mike Bada, University of Colorado School of Medicine" id="SO_2017_06_11_Instance_34677" type="identity">
      <class id="SO_EXT:0000112" label="primer"/>
      <span end="9976" id="15921521-20816" start="9969">primers</span>
    </annotation>
    <annotation annotator="" id="SO_2017_06_11_backup_Instance_12814" type="identity">
      <class id="CHEBI_SO_EXT:mRNA" label="mRNA"/>
      <span end="10019" id="15921521-20454" start="10015">mRNA</span>
    </annotation>
    <annotation annotator="Mike Bada, University of Colorado School of Medicine" id="SO_2017_06_11_Instance_34673" type="identity">
      <class id="SO_EXT:wild_type_entity_or_quality" label="wild-typeness or wild-type entity"/>
      <span end="10058" id="15921521-20814" start="10049">wild type</span>
    </annotation>
    <annotation annotator="Mike Bada, University of Colorado School of Medicine" id="SO_2017_06_11_Instance_21465" type="identity">
      <class id="SO_EXT:wild_type_entity_or_quality" label="wild-typeness or wild-type entity"/>
      <span end="10113" id="15921521-20664" start="10104">wild type</span>
    </annotation>
    <annotation annotator="Mike Bada, University of Colorado School of Medicine" id="SO_2017_06_11_Instance_34671" type="identity">
      <class id="SO_EXT:0000704" label="gene"/>
      <span end="10314" id="15921521-20812" start="10309">genes</span>
    </annotation>
    <annotation annotator="Mike Bada, University of Colorado School of Medicine" id="SO_2017_06_11_Instance_34669" type="identity">
      <class id="SO_EXT:wild_type_entity_or_quality" label="wild-typeness or wild-type entity"/>
      <span end="10335" id="15921521-20810" start="10326">wild type</span>
    </annotation>
    <annotation annotator="Mike Bada, University of Colorado School of Medicine" id="SO_2017_06_11_Instance_34667" type="identity">
      <class id="SO_EXT:wild_type_entity_or_quality" label="wild-typeness or wild-type entity"/>
      <span end="10356" id="15921521-20808" start="10347">wild type</span>
    </annotation>
    <annotation annotator="Mike Bada, University of Colorado School of Medicine" id="SO_2017_06_11_Instance_21467" type="identity">
      <class id="SO_EXT:wild_type_entity_or_quality" label="wild-typeness or wild-type entity"/>
      <span end="10422" id="15921521-20666" start="10413">wild type</span>
    </annotation>
    <annotation annotator="Mike Bada, University of Colorado School of Medicine" id="SO_2017_06_11_Instance_34665" type="identity">
      <class id="SO_EXT:0000704" label="gene"/>
      <span end="10501" id="15921521-20806" start="10497">gene</span>
    </annotation>
    <annotation annotator="Mike Bada, University of Colorado School of Medicine" id="SO_2017_06_11_Instance_34663" type="identity">
      <class id="SO_EXT:0000704" label="gene"/>
      <span end="10562" id="15921521-20804" start="10558">gene</span>
    </annotation>
    <annotation annotator="Mike Bada, University of Colorado School of Medicine" id="SO_2017_06_11_Instance_34693" type="identity">
      <class id="SO_EXT:wild_type_entity_or_quality" label="wild-typeness or wild-type entity"/>
      <span end="11202" id="15921521-20828" start="11193">wild type</span>
    </annotation>
    <annotation annotator="Mike Bada, University of Colorado School of Medicine" id="SO_2017_06_11_Instance_35275" type="identity">
      <class id="SO_EXT:0000704" label="gene"/>
      <span end="11255" id="15921521-20916" start="11248">genetic</span>
    </annotation>
    <annotation annotator="Mike Bada, University of Colorado School of Medicine" id="SO_2017_06_11_Instance_33959" type="identity">
      <class id="SO_EXT:wild_type_entity_or_quality" label="wild-typeness or wild-type entity"/>
      <span end="11517" id="15921521-20774" start="11508">wild type</span>
    </annotation>
    <annotation annotator="Mike Bada, University of Colorado School of Medicine" id="SO_2017_06_11_Instance_35271" type="identity">
      <class id="SO_EXT:0000704" label="gene"/>
      <span end="11582" id="15921521-20914" start="11575">genetic</span>
    </annotation>
    <annotation annotator="Mike Bada, University of Colorado School of Medicine" id="SO_2017_06_11_Instance_34691" type="identity">
      <class id="SO_EXT:wild_type_entity_or_quality" label="wild-typeness or wild-type entity"/>
      <span end="12486" id="15921521-20826" start="12477">wild type</span>
    </annotation>
    <annotation annotator="Mike Bada, University of Colorado School of Medicine" id="SO_2017_06_11_Instance_35267" type="identity">
      <class id="SO_EXT:0000704" label="gene"/>
      <span end="12523" id="15921521-20912" start="12516">genetic</span>
    </annotation>
    <annotation annotator="Mike Bada, University of Colorado School of Medicine" id="SO_2017_06_11_Instance_21469" type="identity">
      <class id="SO_EXT:wild_type_entity_or_quality" label="wild-typeness or wild-type entity"/>
      <span end="12684" id="15921521-20668" start="12675">Wild type</span>
    </annotation>
    <annotation annotator="Mike Bada, University of Colorado School of Medicine" id="SO_2017_06_11_Instance_21471" type="identity">
      <class id="SO_EXT:wild_type_entity_or_quality" label="wild-typeness or wild-type entity"/>
      <span end="12749" id="15921521-20670" start="12740">Wild type</span>
    </annotation>
    <annotation annotator="Mike Bada, University of Colorado School of Medicine" id="SO_2017_06_11_Instance_34689" type="identity">
      <class id="SO_EXT:wild_type_entity_or_quality" label="wild-typeness or wild-type entity"/>
      <span end="12832" id="15921521-20824" start="12823">wild type</span>
    </annotation>
    <annotation annotator="Mike Bada, University of Colorado School of Medicine" id="SO_2017_06_11_Instance_21473" type="identity">
      <class id="SO_EXT:wild_type_entity_or_quality" label="wild-typeness or wild-type entity"/>
      <span end="13137" id="15921521-20672" start="13128">wild type</span>
    </annotation>
    <annotation annotator="Mike Bada, University of Colorado School of Medicine" id="SO_2017_06_11_Instance_35263" type="identity">
      <class id="SO_EXT:0000704" label="gene"/>
      <span end="13496" id="15921521-20910" start="13489">genetic</span>
    </annotation>
    <annotation annotator="Mike Bada, University of Colorado School of Medicine" id="SO_2017_06_11_Instance_34687" type="identity">
      <class id="SO_EXT:0000704" label="gene"/>
      <span end="13695" id="15921521-20822" start="13691">gene</span>
    </annotation>
    <annotation annotator="" id="SO_2017_06_11_backup_Instance_12816" type="identity">
      <class id="CHEBI_SO_EXT:mRNA" label="mRNA"/>
      <span end="13752" id="15921521-20456" start="13748">mRNA</span>
    </annotation>
    <annotation annotator="Mike Bada, University of Colorado School of Medicine" id="SO_2017_06_11_Instance_34683" type="identity">
      <class id="SO_EXT:0000704" label="gene"/>
      <span end="13804" id="15921521-20820" start="13800">gene</span>
    </annotation>
    <annotation annotator="Mike Bada, University of Colorado School of Medicine" id="SO_2017_06_11_Instance_34681" type="identity">
      <class id="SO_EXT:wild_type_entity_or_quality" label="wild-typeness or wild-type entity"/>
      <span end="13824" id="15921521-20818" start="13815">wild type</span>
    </annotation>
    <annotation annotator="" id="SO_2017_06_11_Instance_221956" type="identity">
      <class id="SO_EXT:sequence_copy_entity" label="sequence copy entity"/>
      <span end="13870" id="15921521-20690" start="13864">copies</span>
    </annotation>
    <annotation annotator="" id="SO_2017_06_11_Instance_221958" type="identity">
      <class id="SO_EXT:sequence_copy_entity" label="sequence copy entity"/>
      <span end="14017" id="15921521-20692" start="14011">copies</span>
    </annotation>
    <annotation annotator="" id="SO_2017_06_11_backup_Instance_12818" type="identity">
      <class id="CHEBI_SO_EXT:mRNA" label="mRNA"/>
      <span end="14030" id="15921521-20458" start="14026">mRNA</span>
    </annotation>
    <annotation annotator="" id="SO_2017_06_11_backup_Instance_12820" type="identity">
      <class id="CHEBI_SO_EXT:mRNA" label="mRNA"/>
      <span end="14206" id="15921521-20460" start="14202">mRNA</span>
    </annotation>
    <annotation annotator="Mike Bada, University of Colorado School of Medicine" id="SO_2017_06_11_Instance_34645" type="identity">
      <class id="SO_EXT:0000704" label="gene"/>
      <span end="14411" id="15921521-20790" start="14407">gene</span>
    </annotation>
    <annotation annotator="" id="SO_2017_06_11_Instance_220495" type="identity">
      <class id="SO_EXT:sequence_nullness" label="sequence nullness"/>
      <span end="14541" id="15921521-20678" start="14537">null</span>
    </annotation>
    <annotation annotator="" id="SO_2017_06_11_Instance_225043" type="identity">
      <class id="OBI_SO_EXT:gene_or_genetic_investigation_or_genetic_process" label="genetic investigation or process"/>
      <span end="14658" id="15921521-20696" start="14650">genetics</span>
    </annotation>
    <annotation annotator="" id="SO_2017_06_11_Instance_212115" type="identity">
      <class id="SO_EXT:genotype_or_entity_with_genotype" label="genotype or entity with genotype"/>
      <span end="14815" id="15921521-20632" start="14806">genotypes</span>
    </annotation>
    <annotation annotator="" id="SO_2017_06_11_Instance_212117" type="identity">
      <class id="SO_EXT:genotype_or_entity_with_genotype" label="genotype or entity with genotype"/>
      <span end="15162" id="15921521-20634" start="15153">genotypes</span>
    </annotation>
    <annotation annotator="" id="SO_2017_06_11_Instance_212119" type="identity">
      <class id="SO_EXT:genotype_or_entity_with_genotype" label="genotype or entity with genotype"/>
      <span end="15442" id="15921521-20636" start="15433">genotypes</span>
    </annotation>
    <annotation annotator="" id="SO_2017_06_11_Instance_212121" type="identity">
      <class id="SO_EXT:genotype_or_entity_with_genotype" label="genotype or entity with genotype"/>
      <span end="15484" id="15921521-20638" start="15475">genotypes</span>
    </annotation>
    <annotation annotator="" id="SO_2017_06_11_Instance_212123" type="identity">
      <class id="SO_EXT:genotype_or_entity_with_genotype" label="genotype or entity with genotype"/>
      <span end="15762" id="15921521-20640" start="15753">genotypes</span>
    </annotation>
    <annotation annotator="Mike Bada, University of Colorado School of Medicine" id="SO_2017_06_11_Instance_34633" type="identity">
      <class id="SO_EXT:wild_type_entity_or_quality" label="wild-typeness or wild-type entity"/>
      <span end="16261" id="15921521-20788" start="16252">wild type</span>
    </annotation>
    <annotation annotator="Mike Bada, University of Colorado School of Medicine" id="SO_2017_06_11_Instance_35261" type="identity">
      <class id="SO_EXT:0000704" label="gene"/>
      <span end="16542" id="15921521-20908" start="16535">genetic</span>
    </annotation>
    <annotation annotator="Mike Bada, University of Colorado School of Medicine" id="SO_2017_06_11_Instance_21475" type="identity">
      <class id="SO_EXT:wild_type_entity_or_quality" label="wild-typeness or wild-type entity"/>
      <span end="16977" id="15921521-20674" start="16968">wild type</span>
    </annotation>
    <annotation annotator="Mike Bada, University of Colorado School of Medicine" id="SO_2017_06_11_Instance_21477" type="identity">
      <class id="SO_EXT:wild_type_entity_or_quality" label="wild-typeness or wild-type entity"/>
      <span end="17143" id="15921521-20676" start="17134">wild type</span>
    </annotation>
    <annotation annotator="Mike Bada, University of Colorado School of Medicine" id="SO_2017_06_11_Instance_34659" type="identity">
      <class id="SO_EXT:0001023" label="allele"/>
      <span end="17254" id="15921521-20802" start="17247">alleles</span>
    </annotation>
    <annotation annotator="Mike Bada, University of Colorado School of Medicine" id="SO_2017_06_11_Instance_35095" type="identity">
      <class id="SO_EXT:0000704" label="gene"/>
      <span end="17275" id="15921521-20898" start="17268">genetic</span>
    </annotation>
    <annotation annotator="" id="SO_2017_06_11_backup_Instance_12822" type="identity">
      <class id="CHEBI_SO_EXT:DNA" label="DNA"/>
      <span end="17340" id="15921521-20462" start="17337">DNA</span>
    </annotation>
    <annotation annotator="" id="SO_2017_06_11_backup_Instance_16338" type="identity">
      <class id="CHEBI_SO_EXT:molecular_indicator_or_label_or_marker_or_tag" label="molecular indicator/label/marker/tag"/>
      <span end="17372" id="15921521-20494" start="17365">markers</span>
    </annotation>
    <annotation annotator="" id="SO_2017_06_11_Instance_221095" type="identity">
      <class id="SO_EXT:polymorphism" label="polymorphism entity or quality"/>
      <span end="17389" id="15921521-20686" start="17376">polymorphisms</span>
    </annotation>
    <annotation annotator="Mike Bada, University of Colorado School of Medicine" id="SO_2017_06_11_Instance_34655" type="identity">
      <class id="SO_EXT:0001023" label="allele"/>
      <span end="17642" id="15921521-20798" start="17635">alleles</span>
    </annotation>
    <annotation annotator="Mike Bada, University of Colorado School of Medicine" id="SO_2017_06_11_Instance_34657" type="identity">
      <class id="SO_EXT:0001023" label="allele"/>
      <span end="17678" id="15921521-20800" start="17671">alleles</span>
    </annotation>
    <annotation annotator="" id="SO_2017_06_11_backup_Instance_30248" type="identity">
      <class id="GO_SO_EXT:chromosome" label="chromosome"/>
      <span end="17704" id="15921521-20498" start="17700">chr.</span>
    </annotation>
    <annotation annotator="" id="SO_2017_06_11_backup_Instance_12824" type="identity">
      <class id="CHEBI_SO_EXT:molecular_indicator_or_label_or_marker_or_tag" label="molecular indicator/label/marker/tag"/>
      <span end="17757" id="15921521-20464" start="17750">markers</span>
    </annotation>
    <annotation annotator="" id="SO_2017_06_11_backup_Instance_30528" type="identity">
      <class id="GO_SO_EXT:chromosome" label="chromosome"/>
      <span end="17771" id="15921521-20570" start="17761">chromosome</span>
    </annotation>
    <annotation annotator="Mike Bada, University of Colorado School of Medicine" id="SO_2017_06_11_Instance_34653" type="identity">
      <class id="SO_EXT:0000704" label="gene"/>
      <span end="17827" id="15921521-20796" start="17823">gene</span>
    </annotation>
    <annotation annotator="" id="SO_2017_06_11_backup_Instance_30254" type="identity">
      <class id="GO_SO_EXT:chromosome" label="chromosome"/>
      <span end="17844" id="15921521-20504" start="17840">chr.</span>
    </annotation>
    <annotation annotator="" id="SO_2017_06_11_backup_Instance_12826" type="identity">
      <class id="CHEBI_SO_EXT:molecular_indicator_or_label_or_marker_or_tag" label="molecular indicator/label/marker/tag"/>
      <span end="18016" id="15921521-20466" start="18009">markers</span>
    </annotation>
    <annotation annotator="" id="SO_2017_06_11_Instance_210250" type="identity">
      <class id="GO_SO_EXT:chromosomal_part_or_position_or_region_or_site" label="chromosomal part/position/region/site"/>
      <span end="18070" id="15921521-20625" start="18051">chromosomal regions</span>
    </annotation>
    <annotation annotator="" id="SO_2017_06_11_Instance_223161" type="identity">
      <class id="SO_EXT:sequence_variation_entity_or_quality" label="sequence variation entity or quality"/>
      <span end="18089" id="15921521-20694" start="18079">variations</span>
    </annotation>
    <annotation annotator="" id="SO_2017_06_11_backup_Instance_30256" type="identity">
      <class id="GO_SO_EXT:chromosome" label="chromosome"/>
      <span end="18235" id="15921521-20506" start="18231">chr.</span>
    </annotation>
    <annotation annotator="Mike Bada, University of Colorado School of Medicine" id="SO_2017_06_11_Instance_34647" type="identity">
      <class id="SO_EXT:0001023" label="allele"/>
      <span end="18285" id="15921521-20792" start="18278">alleles</span>
    </annotation>
    <annotation annotator="" id="SO_2017_06_11_backup_Instance_30258" type="identity">
      <class id="GO_SO_EXT:chromosome" label="chromosome"/>
      <span end="18292" id="15921521-20508" start="18288">chr.</span>
    </annotation>
    <annotation annotator="Mike Bada, University of Colorado School of Medicine" id="SO_2017_06_11_Instance_34649" type="identity">
      <class id="SO_EXT:0001023" label="allele"/>
      <span end="18332" id="15921521-20794" start="18325">alleles</span>
    </annotation>
    <annotation annotator="" id="SO_2017_06_11_backup_Instance_30260" type="identity">
      <class id="GO_SO_EXT:chromosome" label="chromosome"/>
      <span end="18343" id="15921521-20510" start="18339">chr.</span>
    </annotation>
    <annotation annotator="Mike Bada, University of Colorado School of Medicine" id="SO_2017_06_11_Instance_34735" type="identity">
      <class id="SO_EXT:0001023" label="allele"/>
      <span end="18389" id="15921521-20860" start="18382">alleles</span>
    </annotation>
    <annotation annotator="Mike Bada, University of Colorado School of Medicine" id="SO_2017_06_11_Instance_34733" type="identity">
      <class id="SO_EXT:0001026" label="genome"/>
      <span end="18408" id="15921521-20858" start="18402">Genome</span>
    </annotation>
    <annotation annotator="Mike Bada, University of Colorado School of Medicine" id="SO_2017_06_11_Instance_34739" type="identity">
      <class id="SO_EXT:0001023" label="allele"/>
      <span end="18518" id="15921521-20864" start="18511">alleles</span>
    </annotation>
    <annotation annotator="Mike Bada, University of Colorado School of Medicine" id="SO_2017_06_11_Instance_35125" type="identity">
      <class id="SO_EXT:0000704" label="gene"/>
      <span end="18547" id="15921521-20900" start="18540">genetic</span>
    </annotation>
    <annotation annotator="" id="SO_2017_06_11_backup_Instance_12828" type="identity">
      <class id="CHEBI_SO_EXT:molecular_indicator_or_label_or_marker_or_tag" label="molecular indicator/label/marker/tag"/>
      <span end="18665" id="15921521-20468" start="18658">markers</span>
    </annotation>
    <annotation annotator="Mike Bada, University of Colorado School of Medicine" id="SO_2017_06_11_Instance_34737" type="identity">
      <class id="SO_EXT:0001023" label="allele"/>
      <span end="18700" id="15921521-20862" start="18693">alleles</span>
    </annotation>
    <annotation annotator="" id="SO_2017_06_11_backup_Instance_12830" type="identity">
      <class id="CHEBI_SO_EXT:molecular_indicator_or_label_or_marker_or_tag" label="molecular indicator/label/marker/tag"/>
      <span end="18731" id="15921521-20470" start="18724">markers</span>
    </annotation>
    <annotation annotator="" id="SO_2017_06_11_backup_Instance_12832" type="identity">
      <class id="CHEBI_SO_EXT:molecular_indicator_or_label_or_marker_or_tag" label="molecular indicator/label/marker/tag"/>
      <span end="18794" id="15921521-20472" start="18787">markers</span>
    </annotation>
    <annotation annotator="" id="SO_2017_06_11_backup_Instance_12834" type="identity">
      <class id="CHEBI_SO_EXT:molecular_indicator_or_label_or_marker_or_tag" label="molecular indicator/label/marker/tag"/>
      <span end="18916" id="15921521-20474" start="18909">markers</span>
    </annotation>
    <annotation annotator="Mike Bada, University of Colorado School of Medicine" id="SO_2017_06_11_Instance_34727" type="identity">
      <class id="SO_EXT:0000704" label="gene"/>
      <span end="18944" id="15921521-20854" start="18939">genes</span>
    </annotation>
    <annotation annotator="" id="SO_2017_06_11_backup_Instance_12836" type="identity">
      <class id="CHEBI_SO_EXT:molecular_indicator_or_label_or_marker_or_tag" label="molecular indicator/label/marker/tag"/>
      <span end="19002" id="15921521-20476" start="18995">markers</span>
    </annotation>
    <annotation annotator="" id="SO_2017_06_11_Instance_210254" type="identity">
      <class id="GO_SO_EXT:chromosomal_part_or_position_or_region_or_site" label="chromosomal part/position/region/site"/>
      <span end="19181" id="15921521-20627" start="19171">regions of</span>
      <span end="19203" id="15921521-20628" start="19192">chromosomes</span>
    </annotation>
    <annotation annotator="Mike Bada, University of Colorado School of Medicine" id="SO_2017_06_11_Instance_34731" type="identity">
      <class id="SO_EXT:0000704" label="gene"/>
      <span end="19283" id="15921521-20856" start="19278">genes</span>
    </annotation>
    <annotation annotator="" id="SO_2017_06_11_backup_Instance_30262" type="identity">
      <class id="GO_SO_EXT:chromosome" label="chromosome"/>
      <span end="19384" id="15921521-20512" start="19380">chr.</span>
    </annotation>
    <annotation annotator="" id="SO_2017_06_11_backup_Instance_30264" type="identity">
      <class id="GO_SO_EXT:chromosome" label="chromosome"/>
      <span end="19409" id="15921521-20514" start="19405">chr.</span>
    </annotation>
    <annotation annotator="" id="SO_2017_06_11_backup_Instance_30266" type="identity">
      <class id="GO_SO_EXT:chromosome" label="chromosome"/>
      <span end="19433" id="15921521-20516" start="19429">chr.</span>
    </annotation>
    <annotation annotator="" id="SO_2017_06_11_backup_Instance_30268" type="identity">
      <class id="GO_SO_EXT:chromosome" label="chromosome"/>
      <span end="19459" id="15921521-20518" start="19455">chr.</span>
    </annotation>
    <annotation annotator="Mike Bada, University of Colorado School of Medicine" id="SO_2017_06_11_Instance_34749" type="identity">
      <class id="SO_EXT:0000704" label="gene"/>
      <span end="19479" id="15921521-20874" start="19475">gene</span>
    </annotation>
    <annotation annotator="Mike Bada, University of Colorado School of Medicine" id="SO_2017_06_11_Instance_34747" type="identity">
      <class id="SO_EXT:0001026" label="genome"/>
      <span end="19511" id="15921521-20872" start="19505">Genome</span>
    </annotation>
    <annotation annotator="Mike Bada, University of Colorado School of Medicine" id="SO_2017_06_11_Instance_34753" type="identity">
      <class id="SO_EXT:0000704" label="gene"/>
      <span end="19689" id="15921521-20876" start="19684">genes</span>
    </annotation>
    <annotation annotator="" id="SO_2017_06_11_backup_Instance_12838" type="identity">
      <class id="CHEBI_SO_EXT:molecular_indicator_or_label_or_marker_or_tag" label="molecular indicator/label/marker/tag"/>
      <span end="19778" id="15921521-20478" start="19771">markers</span>
    </annotation>
    <annotation annotator="" id="SO_2017_06_11_backup_Instance_30270" type="identity">
      <class id="GO_SO_EXT:chromosome" label="chromosome"/>
      <span end="19837" id="15921521-20520" start="19833">chr.</span>
    </annotation>
    <annotation annotator="Mike Bada, University of Colorado School of Medicine" id="SO_2017_06_11_Instance_34741" type="identity">
      <class id="SO_EXT:0000704" label="gene"/>
      <span end="19921" id="15921521-20866" start="19916">genes</span>
    </annotation>
    <annotation annotator="" id="SO_2017_06_11_backup_Instance_30272" type="identity">
      <class id="GO_SO_EXT:chromosome" label="chromosome"/>
      <span end="19945" id="15921521-20522" start="19941">chr.</span>
    </annotation>
    <annotation annotator="" id="SO_2017_06_11_backup_Instance_30274" type="identity">
      <class id="GO_SO_EXT:chromosome" label="chromosome"/>
      <span end="20128" id="15921521-20524" start="20124">chr.</span>
    </annotation>
    <annotation annotator="Mike Bada, University of Colorado School of Medicine" id="SO_2017_06_11_Instance_34745" type="identity">
      <class id="SO_EXT:0000704" label="gene"/>
      <span end="20169" id="15921521-20870" start="20165">gene</span>
    </annotation>
    <annotation annotator="" id="SO_2017_06_11_backup_Instance_30276" type="identity">
      <class id="GO_SO_EXT:chromosome" label="chromosome"/>
      <span end="20180" id="15921521-20526" start="20176">chr.</span>
    </annotation>
    <annotation annotator="Mike Bada, University of Colorado School of Medicine" id="SO_2017_06_11_Instance_34743" type="identity">
      <class id="SO_EXT:0000704" label="gene"/>
      <span end="20294" id="15921521-20868" start="20289">genes</span>
    </annotation>
    <annotation annotator="" id="SO_2017_06_11_backup_Instance_30278" type="identity">
      <class id="GO_SO_EXT:chromosome" label="chromosome"/>
      <span end="20328" id="15921521-20528" start="20324">chr.</span>
    </annotation>
    <annotation annotator="" id="SO_2017_06_11_backup_Instance_30280" type="identity">
      <class id="GO_SO_EXT:chromosome" label="chromosome"/>
      <span end="20354" id="15921521-20530" start="20350">chr.</span>
    </annotation>
    <annotation annotator="" id="SO_2017_06_11_backup_Instance_30282" type="identity">
      <class id="GO_SO_EXT:chromosome" label="chromosome"/>
      <span end="20380" id="15921521-20532" start="20376">chr.</span>
    </annotation>
    <annotation annotator="" id="SO_2017_06_11_backup_Instance_30284" type="identity">
      <class id="GO_SO_EXT:chromosome" label="chromosome"/>
      <span end="20426" id="15921521-20534" start="20422">chr.</span>
    </annotation>
    <annotation annotator="" id="SO_2017_06_11_backup_Instance_30286" type="identity">
      <class id="GO_SO_EXT:chromosome" label="chromosome"/>
      <span end="20447" id="15921521-20536" start="20443">chr.</span>
    </annotation>
    <annotation annotator="" id="SO_2017_06_11_backup_Instance_30288" type="identity">
      <class id="GO_SO_EXT:chromosome" label="chromosome"/>
      <span end="20504" id="15921521-20538" start="20500">chr.</span>
    </annotation>
    <annotation annotator="" id="SO_2017_06_11_backup_Instance_30290" type="identity">
      <class id="GO_SO_EXT:chromosome" label="chromosome"/>
      <span end="20590" id="15921521-20540" start="20586">chr.</span>
    </annotation>
    <annotation annotator="" id="SO_2017_06_11_backup_Instance_30292" type="identity">
      <class id="GO_SO_EXT:chromosome" label="chromosome"/>
      <span end="20682" id="15921521-20542" start="20678">chr.</span>
    </annotation>
    <annotation annotator="" id="SO_2017_06_11_backup_Instance_30294" type="identity">
      <class id="GO_SO_EXT:chromosome" label="chromosome"/>
      <span end="20794" id="15921521-20544" start="20790">chr.</span>
    </annotation>
    <annotation annotator="" id="SO_2017_06_11_backup_Instance_30296" type="identity">
      <class id="GO_SO_EXT:chromosome" label="chromosome"/>
      <span end="20866" id="15921521-20546" start="20862">chr.</span>
    </annotation>
    <annotation annotator="" id="SO_2017_06_11_backup_Instance_30298" type="identity">
      <class id="GO_SO_EXT:chromosome" label="chromosome"/>
      <span end="20960" id="15921521-20548" start="20956">chr.</span>
    </annotation>
    <annotation annotator="" id="SO_2017_06_11_backup_Instance_30300" type="identity">
      <class id="GO_SO_EXT:chromosome" label="chromosome"/>
      <span end="21063" id="15921521-20550" start="21059">chr.</span>
    </annotation>
    <annotation annotator="Mike Bada, University of Colorado School of Medicine" id="SO_2017_06_11_Instance_34701" type="identity">
      <class id="SO_EXT:0000704" label="gene"/>
      <span end="21165" id="15921521-20836" start="21160">genes</span>
    </annotation>
    <annotation annotator="" id="SO_2017_06_11_backup_Instance_30302" type="identity">
      <class id="GO_SO_EXT:chromosome" label="chromosome"/>
      <span end="21171" id="15921521-20552" start="21167">chr.</span>
    </annotation>
    <annotation annotator="" id="SO_2017_06_11_backup_Instance_12840" type="identity">
      <class id="CHEBI_SO_EXT:molecular_indicator_or_label_or_marker_or_tag" label="molecular indicator/label/marker/tag"/>
      <span end="21288" id="15921521-20480" start="21281">markers</span>
    </annotation>
    <annotation annotator="Mike Bada, University of Colorado School of Medicine" id="SO_2017_06_11_Instance_34703" type="identity">
      <class id="SO_EXT:0000771" label="QTL"/>
      <span end="21308" id="15921521-20838" start="21305">QTL</span>
    </annotation>
    <annotation annotator="" id="SO_2017_06_11_backup_Instance_30304" type="identity">
      <class id="GO_SO_EXT:chromosome" label="chromosome"/>
      <span end="21373" id="15921521-20554" start="21369">chr.</span>
    </annotation>
    <annotation annotator="" id="SO_2017_06_11_backup_Instance_30306" type="identity">
      <class id="GO_SO_EXT:chromosome" label="chromosome"/>
      <span end="21406" id="15921521-20556" start="21402">chr.</span>
    </annotation>
    <annotation annotator="" id="SO_2017_06_11_backup_Instance_30308" type="identity">
      <class id="GO_SO_EXT:chromosome" label="chromosome"/>
      <span end="21444" id="15921521-20558" start="21440">chr.</span>
    </annotation>
    <annotation annotator="" id="SO_2017_06_11_backup_Instance_30310" type="identity">
      <class id="GO_SO_EXT:chromosome" label="chromosome"/>
      <span end="21485" id="15921521-20560" start="21481">chr.</span>
    </annotation>
    <annotation annotator="" id="SO_2017_06_11_backup_Instance_30312" type="identity">
      <class id="GO_SO_EXT:chromosome" label="chromosome"/>
      <span end="21524" id="15921521-20562" start="21520">chr.</span>
    </annotation>
    <annotation annotator="" id="SO_2017_06_11_backup_Instance_30314" type="identity">
      <class id="GO_SO_EXT:chromosome" label="chromosome"/>
      <span end="21567" id="15921521-20564" start="21563">chr.</span>
    </annotation>
    <annotation annotator="" id="SO_2017_06_11_backup_Instance_30316" type="identity">
      <class id="GO_SO_EXT:chromosome" label="chromosome"/>
      <span end="21627" id="15921521-20566" start="21623">chr.</span>
    </annotation>
    <annotation annotator="Mike Bada, University of Colorado School of Medicine" id="SO_2017_06_11_Instance_34705" type="identity">
      <class id="SO_EXT:0000704" label="gene"/>
      <span end="21672" id="15921521-20840" start="21667">genes</span>
    </annotation>
    <annotation annotator="Mike Bada, University of Colorado School of Medicine" id="SO_2017_06_11_Instance_34695" type="identity">
      <class id="SO_EXT:0000704" label="gene"/>
      <span end="21869" id="15921521-20830" start="21864">genes</span>
    </annotation>
    <annotation annotator="Mike Bada, University of Colorado School of Medicine" id="SO_2017_06_11_Instance_34697" type="identity">
      <class id="SO_EXT:0000704" label="gene"/>
      <span end="21932" id="15921521-20832" start="21928">gene</span>
    </annotation>
    <annotation annotator="Mike Bada, University of Colorado School of Medicine" id="SO_2017_06_11_Instance_34699" type="identity">
      <class id="SO_EXT:0001023" label="allele"/>
      <span end="22957" id="15921521-20834" start="22950">alleles</span>
    </annotation>
    <annotation annotator="" id="SO_2017_06_11_Instance_210258" type="identity">
      <class id="GO_SO_EXT:chromosomal_part_or_position_or_region_or_site" label="chromosomal part/position/region/site"/>
      <span end="23008" id="15921521-20630" start="22993">regions on chr.</span>
    </annotation>
    <annotation annotator="Mike Bada, University of Colorado School of Medicine" id="SO_2017_06_11_Instance_34717" type="identity">
      <class id="SO_EXT:0000704" label="gene"/>
      <span end="23209" id="15921521-20850" start="23204">genes</span>
    </annotation>
    <annotation annotator="" id="SO_2017_06_11_Instance_221097" type="identity">
      <class id="SO_EXT:polymorphism" label="polymorphism entity or quality"/>
      <span end="23462" id="15921521-20688" start="23449">polymorphisms</span>
    </annotation>
    <annotation annotator="Mike Bada, University of Colorado School of Medicine" id="SO_2017_06_11_Instance_34723" type="identity">
      <class id="SO_EXT:0000704" label="gene"/>
      <span end="23503" id="15921521-20852" start="23498">genes</span>
    </annotation>
    <annotation annotator="Mike Bada, University of Colorado School of Medicine" id="SO_2017_06_11_Instance_34709" type="identity">
      <class id="SO_EXT:wild_type_entity_or_quality" label="wild-typeness or wild-type entity"/>
      <span end="23583" id="15921521-20842" start="23574">Wild type</span>
    </annotation>
    <annotation annotator="" id="SO_2017_06_11_Instance_220497" type="identity">
      <class id="SO_EXT:sequence_nullness" label="sequence nullness"/>
      <span end="23597" id="15921521-20680" start="23593">null</span>
    </annotation>
    <annotation annotator="Mike Bada, University of Colorado School of Medicine" id="SO_2017_06_11_Instance_33803" type="identity">
      <class id="SO_EXT:0000704" label="gene"/>
      <span end="23627" id="15921521-20712" start="23620">genetic</span>
    </annotation>
    <annotation annotator="" id="SO_2017_06_11_Instance_188980" type="identity">
      <class id="SO_EXT:sequence_alteration_entity_or_process" label="sequence alteration entity or process"/>
      <span end="23961" id="15921521-20608" start="23953">mutation</span>
    </annotation>
    <annotation annotator="Mike Bada, University of Colorado School of Medicine" id="SO_2017_06_11_Instance_34711" type="identity">
      <class id="SO_EXT:0000704" label="gene"/>
      <span end="23981" id="15921521-20844" start="23977">gene</span>
    </annotation>
    <annotation annotator="" id="SO_2017_06_11_Instance_180931" type="identity">
      <class id="SO_EXT:normal_or_wild_type_or_present" label="sequence wild-typeness, normalness or presence"/>
      <span end="24085" id="15921521-20586" start="24084">+</span>
    </annotation>
    <annotation annotator="" id="SO_2017_06_11_Instance_175996" type="identity">
      <class id="SO_EXT:sequence_nullness_or_absence" label="sequence nullness or absence"/>
      <span end="24087" id="15921521-20580" start="24086">-</span>
    </annotation>
    <annotation annotator="" id="SO_2017_06_11_Instance_180933" type="identity">
      <class id="SO_EXT:normal_or_wild_type_or_present" label="sequence wild-typeness, normalness or presence"/>
      <span end="24143" id="15921521-20588" start="24142">+</span>
    </annotation>
    <annotation annotator="" id="SO_2017_06_11_Instance_175998" type="identity">
      <class id="SO_EXT:sequence_nullness_or_absence" label="sequence nullness or absence"/>
      <span end="24145" id="15921521-20582" start="24144">-</span>
    </annotation>
    <annotation annotator="Mike Bada, University of Colorado School of Medicine" id="SO_2017_06_11_Instance_34713" type="identity">
      <class id="SO_EXT:0001026" label="genome"/>
      <span end="24191" id="15921521-20846" start="24185">genome</span>
    </annotation>
    <annotation annotator="Mike Bada, University of Colorado School of Medicine" id="SO_2017_06_11_Instance_34715" type="identity">
      <class id="SO_EXT:wild_type_entity_or_quality" label="wild-typeness or wild-type entity"/>
      <span end="24319" id="15921521-20848" start="24310">wild type</span>
    </annotation>
    <annotation annotator="Mike Bada, University of Colorado School of Medicine" id="SO_2017_06_11_Instance_34789" type="identity">
      <class id="SO_EXT:0001023" label="allele"/>
      <span end="24344" id="15921521-20882" start="24337">alleles</span>
    </annotation>
    <annotation annotator="Mike Bada, University of Colorado School of Medicine" id="SO_2017_06_11_Instance_18955" type="identity">
      <class id="SO_EXT:wild_type_entity_or_quality" label="wild-typeness or wild-type entity"/>
      <span end="24381" id="15921521-20612" start="24372">wild type</span>
    </annotation>
    <annotation annotator="" id="SO_2017_06_11_Instance_180935" type="identity">
      <class id="SO_EXT:normal_or_wild_type_or_present" label="sequence wild-typeness, normalness or presence"/>
      <span end="24389" id="15921521-20590" start="24388">+</span>
    </annotation>
    <annotation annotator="" id="SO_2017_06_11_Instance_180937" type="identity">
      <class id="SO_EXT:normal_or_wild_type_or_present" label="sequence wild-typeness, normalness or presence"/>
      <span end="24391" id="15921521-20592" start="24390">+</span>
    </annotation>
    <annotation annotator="" id="SO_2017_06_11_Instance_220499" type="identity">
      <class id="SO_EXT:sequence_nullness" label="sequence nullness"/>
      <span end="24417" id="15921521-20682" start="24413">null</span>
    </annotation>
    <annotation annotator="" id="SO_2017_06_11_Instance_174914" type="identity">
      <class id="SO_EXT:sequence_nullness_or_absence" label="sequence nullness or absence"/>
      <span end="24425" id="15921521-20576" start="24424">-</span>
    </annotation>
    <annotation annotator="" id="SO_2017_06_11_Instance_174916" type="identity">
      <class id="SO_EXT:sequence_nullness_or_absence" label="sequence nullness or absence"/>
      <span end="24427" id="15921521-20578" start="24426">-</span>
    </annotation>
    <annotation annotator="Mike Bada, University of Colorado School of Medicine" id="SO_2017_06_11_Instance_34787" type="identity">
      <class id="SO_EXT:wild_type_entity_or_quality" label="wild-typeness or wild-type entity"/>
      <span end="24694" id="15921521-20880" start="24685">Wild type</span>
    </annotation>
    <annotation annotator="Mike Bada, University of Colorado School of Medicine" id="SO_2017_06_11_Instance_33745" type="identity">
      <class id="SO_EXT:0000704" label="gene"/>
      <span end="25179" id="15921521-20702" start="25172">Genetic</span>
    </annotation>
    <annotation annotator="Mike Bada, University of Colorado School of Medicine" id="SO_2017_06_11_Instance_34785" type="identity">
      <class id="SO_EXT:0001026" label="genome"/>
      <span end="25216" id="15921521-20878" start="25210">Genome</span>
    </annotation>
    <annotation annotator="Mike Bada, University of Colorado School of Medicine" id="SO_2017_06_11_Instance_34321" type="identity">
      <class id="SO_EXT:0000207" label="simple_sequence_length_variation"/>
      <span end="25466" id="15921521-20786" start="25431">simple sequence length polymorphism</span>
    </annotation>
    <annotation annotator="Mike Bada, University of Colorado School of Medicine" id="SO_2017_06_11_Instance_34171" type="identity">
      <class id="SO_EXT:0000207" label="simple_sequence_length_variation"/>
      <span end="25472" id="15921521-20784" start="25468">SSLP</span>
    </annotation>
    <annotation annotator="Mike Bada, University of Colorado School of Medicine" id="SO_2017_06_11_Instance_34795" type="identity">
      <class id="SO_EXT:0000112" label="primer"/>
      <span end="25508" id="15921521-20888" start="25501">primers</span>
    </annotation>
    <annotation annotator="Mike Bada, University of Colorado School of Medicine" id="SO_2017_06_11_Instance_34793" type="identity">
      <class id="SO_EXT:0001023" label="allele"/>
      <span end="25547" id="15921521-20886" start="25540">alleles</span>
    </annotation>
    <annotation annotator="" id="SO_2017_06_11_backup_Instance_12842" type="identity">
      <class id="CHEBI_SO_EXT:molecular_indicator_or_label_or_marker_or_tag" label="molecular indicator/label/marker/tag"/>
      <span end="25595" id="15921521-20482" start="25588">markers</span>
    </annotation>
    <annotation annotator="" id="SO_2017_06_11_backup_Instance_12844" type="identity">
      <class id="CHEBI_SO_EXT:molecular_indicator_or_label_or_marker_or_tag" label="molecular indicator/label/marker/tag"/>
      <span end="25659" id="15921521-20484" start="25652">markers</span>
    </annotation>
    <annotation annotator="Mike Bada, University of Colorado School of Medicine" id="SO_2017_06_11_Instance_34791" type="identity">
      <class id="SO_EXT:0000704" label="gene"/>
      <span end="25739" id="15921521-20884" start="25735">gene</span>
    </annotation>
    <annotation annotator="" id="SO_2017_06_11_backup_Instance_12846" type="identity">
      <class id="CHEBI_SO_EXT:RNA" label="RNA"/>
      <span end="25761" id="15921521-20486" start="25758">RNA</span>
    </annotation>
    <annotation annotator="Mike Bada, University of Colorado School of Medicine" id="SO_2017_06_11_Instance_34803" type="identity">
      <class id="SO_EXT:0000704" label="gene"/>
      <span end="25917" id="15921521-20894" start="25912">genes</span>
    </annotation>
    <annotation annotator="Mike Bada, University of Colorado School of Medicine" id="SO_2017_06_11_Instance_34801" type="identity">
      <class id="SO_EXT:0000112" label="primer"/>
      <span end="25956" id="15921521-20892" start="25949">primers</span>
    </annotation>
    <annotation annotator="" id="SO_2017_06_11_backup_Instance_12848" type="identity">
      <class id="CHEBI_SO_EXT:mRNA" label="mRNA"/>
      <span end="25999" id="15921521-20488" start="25995">mRNA</span>
    </annotation>
    <annotation annotator="Mike Bada, University of Colorado School of Medicine" id="SO_2017_06_11_Instance_34797" type="identity">
      <class id="SO_EXT:0000704" label="gene"/>
      <span end="26040" id="15921521-20890" start="26036">gene</span>
    </annotation>
    <annotation annotator="Mike Bada, University of Colorado School of Medicine" id="SO_2017_06_11_Instance_33759" type="identity">
      <class id="SO_EXT:0000121" label="forward_primer"/>
      <span end="26177" id="15921521-20706" start="26170">forward</span>
      <span end="26267" id="15921521-20707" start="26260">primers</span>
    </annotation>
    <annotation annotator="Mike Bada, University of Colorado School of Medicine" id="SO_2017_06_11_Instance_33763" type="identity">
      <class id="SO_EXT:0000132" label="reverse_primer"/>
      <span end="26224" id="15921521-20709" start="26217">reverse</span>
      <span end="26267" id="15921521-20710" start="26260">primers</span>
    </annotation>
    <annotation annotator="Mike Bada, University of Colorado School of Medicine" id="SO_2017_06_11_Instance_34807" type="identity">
      <class id="SO_EXT:0000704" label="gene"/>
      <span end="26614" id="15921521-20896" start="26610">Gene</span>
    </annotation>
    <annotation annotator="" id="SO_2017_06_11_Instance_212125" type="identity">
      <class id="SO_EXT:genotype_or_entity_with_genotype" label="genotype or entity with genotype"/>
      <span end="26844" id="15921521-20642" start="26835">genotypes</span>
    </annotation>
    <annotation annotator="" id="SO_2017_06_11_Instance_180939" type="identity">
      <class id="SO_EXT:normal_or_wild_type_or_present" label="sequence wild-typeness, normalness or presence"/>
      <span end="26894" id="15921521-20594" start="26893">+</span>
    </annotation>
    <annotation annotator="" id="SO_2017_06_11_Instance_176000" type="identity">
      <class id="SO_EXT:sequence_nullness_or_absence" label="sequence nullness or absence"/>
      <span end="26896" id="15921521-20584" start="26895">-</span>
    </annotation>
    <annotation annotator="" id="SO_2017_06_11_Instance_225045" type="identity">
      <class id="OBI_SO_EXT:gene_or_genetic_investigation_or_genetic_process" label="genetic investigation or process"/>
      <span end="26955" id="15921521-20698" start="26947">genetics</span>
    </annotation>
    <graph-space id="Old Knowtator Relations"/>
  </document>
</knowtator-project>
