<?xml version="1.0" encoding="UTF-8" standalone="no"?>
<knowtator-project>
  <document id="16103912" text-file="16103912.txt">
    <annotation annotator="" id="SO_2017_06_11_Instance_189080" type="identity">
      <class id="SO_EXT:sequence_alteration_entity_or_process" label="sequence alteration entity or process"/>
      <span end="417" id="16103912-22742" start="409">mutation</span>
    </annotation>
    <annotation annotator="" id="SO_2017_06_11_Instance_230334" type="identity">
      <class id="GO_SO_EXT:sequence_rearrangement_process" label="sequence rearrangement process"/>
      <span end="531" id="16103912-22922" start="520">recombinant</span>
    </annotation>
    <annotation annotator="" id="SO_2017_06_11_Instance_189082" type="identity">
      <class id="SO_EXT:sequence_alteration_entity_or_process" label="sequence alteration entity or process"/>
      <span end="592" id="16103912-22744" start="584">mutation</span>
    </annotation>
    <annotation annotator="" id="SO_2017_06_11_backup_Instance_13326" type="identity">
      <class id="CHEBI_SO_EXT:DNA" label="DNA"/>
      <span end="601" id="16103912-22556" start="598">DNA</span>
    </annotation>
    <annotation annotator="" id="SO_2017_06_11_Instance_189084" type="identity">
      <class id="SO_EXT:sequence_alteration_entity_or_process" label="sequence alteration entity or process"/>
      <span end="642" id="16103912-22746" start="634">mutation</span>
    </annotation>
    <annotation annotator="" id="SO_2017_06_11_Instance_223257" type="identity">
      <class id="SO_EXT:splice_donor" label="splice donor"/>
      <span end="665" id="16103912-22904" start="648">splice donor site</span>
    </annotation>
    <annotation annotator="Mike Bada, University of Colorado School of Medicine" id="SO_2017_06_11_Instance_52111" type="identity">
      <class id="SO_EXT:0000673" label="transcript"/>
      <span end="703" id="16103912-22959" start="693">transcript</span>
    </annotation>
    <annotation annotator="" id="SO_2017_06_11_Instance_91461" type="identity">
      <class id="SO_EXT:sequence_coding_function" label="sequence coding function"/>
      <span end="712" id="16103912-23079" start="704">encoding</span>
    </annotation>
    <annotation annotator="" id="SO_2017_06_11_Instance_120251" type="identity">
      <class id="SO_EXT:sequence_truncation_process" label="sequence truncation process"/>
      <span end="724" id="16103912-22616" start="715">truncated</span>
    </annotation>
    <annotation annotator="" id="SO_2017_06_11_Instance_189086" type="identity">
      <class id="SO_EXT:sequence_alteration_entity_or_process" label="sequence alteration entity or process"/>
      <span end="833" id="16103912-22748" start="824">mutations</span>
    </annotation>
    <annotation annotator="" id="SO_2017_06_11_Instance_191275" type="identity">
      <class id="SO_EXT:biological_sequence" label="biological sequence"/>
      <span end="851" id="16103912-22840" start="843">Sequence</span>
    </annotation>
    <annotation annotator="" id="SO_2017_06_11_Instance_189088" type="identity">
      <class id="SO_EXT:sequence_alteration_entity_or_process" label="sequence alteration entity or process"/>
      <span end="888" id="16103912-22750" start="880">mutation</span>
    </annotation>
    <annotation annotator="" id="SO_2017_06_11_Instance_171404" type="identity">
      <class id="SO_EXT:0001587" label="stop_gained"/>
      <span end="924" id="16103912-22634" start="904">premature stop codon</span>
    </annotation>
    <annotation annotator="Mike Bada, University of Colorado School of Medicine" id="SO_2017_06_11_Instance_52117" type="identity">
      <class id="SO_EXT:0000704" label="gene"/>
      <span end="1254" id="16103912-22961" start="1250">gene</span>
    </annotation>
    <annotation annotator="Mike Bada, University of Colorado School of Medicine" id="SO_2017_06_11_Instance_31081" type="identity">
      <class id="SO_EXT:0000704" label="gene"/>
      <span end="1613" id="16103912-22924" start="1606">genetic</span>
    </annotation>
    <annotation annotator="Mike Bada, University of Colorado School of Medicine" id="SO_2017_06_11_Instance_31083" type="identity">
      <class id="SO_EXT:0000704" label="gene"/>
      <span end="1984" id="16103912-22926" start="1977">genetic</span>
    </annotation>
    <annotation annotator="Mike Bada, University of Colorado School of Medicine" id="SO_2017_06_11_Instance_31085" type="identity">
      <class id="SO_EXT:0000704" label="gene"/>
      <span end="2139" id="16103912-22928" start="2132">genetic</span>
    </annotation>
    <annotation annotator="" id="SO_2017_06_11_Instance_189090" type="identity">
      <class id="SO_EXT:sequence_alteration_entity_or_process" label="sequence alteration entity or process"/>
      <span end="2149" id="16103912-22752" start="2140">mutations</span>
    </annotation>
    <annotation annotator="" id="SO_2017_06_11_Instance_189092" type="identity">
      <class id="SO_EXT:sequence_alteration_entity_or_process" label="sequence alteration entity or process"/>
      <span end="2184" id="16103912-22754" start="2176">mutation</span>
    </annotation>
    <annotation annotator="Mike Bada, University of Colorado School of Medicine" id="SO_2017_06_11_Instance_52119" type="identity">
      <class id="SO_EXT:0000704" label="gene"/>
      <span end="2196" id="16103912-22963" start="2192">gene</span>
    </annotation>
    <annotation annotator="" id="SO_2017_06_11_Instance_189094" type="identity">
      <class id="SO_EXT:sequence_alteration_entity_or_process" label="sequence alteration entity or process"/>
      <span end="2525" id="16103912-22756" start="2517">mutation</span>
    </annotation>
    <annotation annotator="Mike Bada, University of Colorado School of Medicine" id="SO_2017_06_11_Instance_52121" type="identity">
      <class id="SO_EXT:0000704" label="gene"/>
      <span end="2543" id="16103912-22965" start="2539">gene</span>
    </annotation>
    <annotation annotator="" id="SO_2017_06_11_Instance_189096" type="identity">
      <class id="SO_EXT:sequence_alteration_entity_or_process" label="sequence alteration entity or process"/>
      <span end="4907" id="16103912-22758" start="4898">mutations</span>
    </annotation>
    <annotation annotator="Mike Bada, University of Colorado School of Medicine" id="SO_2017_06_11_Instance_31087" type="identity">
      <class id="SO_EXT:0000704" label="gene"/>
      <span end="5165" id="16103912-22930" start="5158">genetic</span>
    </annotation>
    <annotation annotator="" id="SO_2017_06_11_Instance_189098" type="identity">
      <class id="SO_EXT:sequence_alteration_entity_or_process" label="sequence alteration entity or process"/>
      <span end="5245" id="16103912-22760" start="5236">mutations</span>
    </annotation>
    <annotation annotator="" id="SO_2017_06_11_backup_Instance_30160" type="identity">
      <class id="GO_SO_EXT:chromosome" label="chromosome"/>
      <span end="5411" id="16103912-22598" start="5400">chromosomal</span>
    </annotation>
    <annotation annotator="Mike Bada, University of Colorado School of Medicine" id="SO_2017_06_11_Instance_31089" type="identity">
      <class id="SO_EXT:0000704" label="gene"/>
      <span end="5646" id="16103912-22932" start="5639">genetic</span>
    </annotation>
    <annotation annotator="" id="SO_2017_06_11_Instance_189100" type="identity">
      <class id="SO_EXT:sequence_alteration_entity_or_process" label="sequence alteration entity or process"/>
      <span end="5967" id="16103912-22762" start="5959">mutation</span>
    </annotation>
    <annotation annotator="" id="SO_2017_06_11_Instance_120793" type="identity">
      <class id="SO_EXT:sequence_cloning_process" label="sequence cloning process"/>
      <span end="6083" id="16103912-22624" start="6076">cloning</span>
    </annotation>
    <annotation annotator="" id="SO_2017_06_11_backup_Instance_13328" type="identity">
      <class id="CHEBI_SO_EXT:DNA" label="DNA"/>
      <span end="6147" id="16103912-22558" start="6144">DNA</span>
    </annotation>
    <annotation annotator="" id="SO_2017_06_11_Instance_189102" type="identity">
      <class id="SO_EXT:sequence_alteration_entity_or_process" label="sequence alteration entity or process"/>
      <span end="6178" id="16103912-22764" start="6170">mutation</span>
    </annotation>
    <annotation annotator="" id="SO_2017_06_11_Instance_223259" type="identity">
      <class id="SO_EXT:splice_donor" label="splice donor"/>
      <span end="6201" id="16103912-22906" start="6184">splice donor site</span>
    </annotation>
    <annotation annotator="Mike Bada, University of Colorado School of Medicine" id="SO_2017_06_11_Instance_52125" type="identity">
      <class id="SO_EXT:0000673" label="transcript"/>
      <span end="6239" id="16103912-22967" start="6229">transcript</span>
    </annotation>
    <annotation annotator="" id="SO_2017_06_11_Instance_91463" type="identity">
      <class id="SO_EXT:sequence_coding_function" label="sequence coding function"/>
      <span end="6248" id="16103912-23081" start="6240">encoding</span>
    </annotation>
    <annotation annotator="" id="SO_2017_06_11_Instance_120253" type="identity">
      <class id="SO_EXT:sequence_truncation_process" label="sequence truncation process"/>
      <span end="6260" id="16103912-22618" start="6251">truncated</span>
    </annotation>
    <annotation annotator="Mike Bada, University of Colorado School of Medicine" id="SO_2017_06_11_Instance_52127" type="identity">
      <class id="SO:0000858" label="orthologous"/>
      <span end="6323" id="16103912-22969" start="6312">orthologous</span>
    </annotation>
    <annotation annotator="Mike Bada, University of Colorado School of Medicine" id="SO_2017_06_11_Instance_52129" type="identity">
      <class id="SO_EXT:0000704" label="gene"/>
      <span end="6328" id="16103912-22971" start="6324">gene</span>
    </annotation>
    <annotation annotator="" id="SO_2017_06_11_Instance_91995" type="identity">
      <class id="SO_EXT:nonsense_quality_or_entity" label="nonsense quality or entity"/>
      <span end="6422" id="16103912-23087" start="6414">nonsense</span>
    </annotation>
    <annotation annotator="" id="SO_2017_06_11_Instance_189104" type="identity">
      <class id="SO_EXT:sequence_alteration_entity_or_process" label="sequence alteration entity or process"/>
      <span end="6431" id="16103912-22766" start="6423">mutation</span>
    </annotation>
    <annotation annotator="" id="SO_2017_06_11_Instance_189106" type="identity">
      <class id="SO_EXT:sequence_alteration_entity_or_process" label="sequence alteration entity or process"/>
      <span end="6567" id="16103912-22768" start="6559">mutation</span>
    </annotation>
    <annotation annotator="" id="SO_2017_06_11_Instance_189108" type="identity">
      <class id="SO_EXT:sequence_alteration_entity_or_process" label="sequence alteration entity or process"/>
      <span end="6808" id="16103912-22770" start="6800">Mutation</span>
    </annotation>
    <annotation annotator="" id="SO_2017_06_11_Instance_189110" type="identity">
      <class id="SO_EXT:sequence_alteration_entity_or_process" label="sequence alteration entity or process"/>
      <span end="7098" id="16103912-22772" start="7090">mutation</span>
    </annotation>
    <annotation annotator="" id="SO_2017_06_11_backup_Instance_30664" type="identity">
      <class id="GO_SO_EXT:chromosome" label="chromosome"/>
      <span end="7159" id="16103912-22602" start="7149">Chromosome</span>
    </annotation>
    <annotation annotator="Mike Bada, University of Colorado School of Medicine" id="SO_2017_06_11_Instance_52133" type="identity">
      <class id="SO_EXT:0001024" label="haplotype"/>
      <span end="7208" id="16103912-22973" start="7199">haplotype</span>
    </annotation>
    <annotation annotator="" id="SO_2017_06_11_Instance_180941" type="identity">
      <class id="SO_EXT:normal_or_wild_type_or_present" label="sequence wild-typeness, normalness or presence"/>
      <span end="7370" id="16103912-22664" start="7369">+</span>
    </annotation>
    <annotation annotator="" id="SO_2017_06_11_Instance_189112" type="identity">
      <class id="SO_EXT:sequence_alteration_entity_or_process" label="sequence alteration entity or process"/>
      <span end="7413" id="16103912-22774" start="7405">mutation</span>
    </annotation>
    <annotation annotator="" id="SO_2017_06_11_Instance_110028" type="identity">
      <class id="SO_EXT:sequence_recombinant_entity" label="sequence-recombinant entity"/>
      <span end="7444" id="16103912-22608" start="7432">recombinants</span>
    </annotation>
    <annotation annotator="" id="SO_2017_06_11_backup_Instance_16344" type="identity">
      <class id="CHEBI_SO_EXT:molecular_indicator_or_label_or_marker_or_tag" label="molecular indicator/label/marker/tag"/>
      <span end="7520" id="16103912-22592" start="7513">markers</span>
    </annotation>
    <annotation annotator="" id="SO_2017_06_11_Instance_110030" type="identity">
      <class id="SO_EXT:sequence_recombinant_entity" label="sequence-recombinant entity"/>
      <span end="7651" id="16103912-22610" start="7639">recombinants</span>
    </annotation>
    <annotation annotator="" id="SO_2017_06_11_Instance_224415" type="identity">
      <class id="SO:0000357" label="flanked"/>
      <span end="7723" id="16103912-22912" start="7715">flanking</span>
    </annotation>
    <annotation annotator="" id="SO_2017_06_11_backup_Instance_13330" type="identity">
      <class id="CHEBI_SO_EXT:molecular_indicator_or_label_or_marker_or_tag" label="molecular indicator/label/marker/tag"/>
      <span end="7731" id="16103912-22560" start="7724">markers</span>
    </annotation>
    <annotation annotator="" id="SO_2017_06_11_Instance_186262" type="identity">
      <class id="SO_EXT:sequence_altered_entity_or_alteration_process" label="sequence-altered entity or alteration process"/>
      <span end="7889" id="16103912-22668" start="7883">mutant</span>
    </annotation>
    <annotation annotator="Mike Bada, University of Colorado School of Medicine" id="SO_2017_06_11_Instance_52135" type="identity">
      <class id="SO_EXT:wild_type_entity_or_quality" label="wild-typeness or wild-type entity"/>
      <span end="7952" id="16103912-22975" start="7943">wild-type</span>
    </annotation>
    <annotation annotator="" id="SO_2017_06_11_Instance_186264" type="identity">
      <class id="SO_EXT:sequence_altered_entity_or_alteration_process" label="sequence-altered entity or alteration process"/>
      <span end="7963" id="16103912-22670" start="7957">mutant</span>
    </annotation>
    <annotation annotator="" id="SO_2017_06_11_Instance_186266" type="identity">
      <class id="SO_EXT:sequence_altered_entity_or_alteration_process" label="sequence-altered entity or alteration process"/>
      <span end="8097" id="16103912-22672" start="8091">mutant</span>
    </annotation>
    <annotation annotator="" id="SO_2017_06_11_Instance_186268" type="identity">
      <class id="SO_EXT:sequence_altered_entity_or_alteration_process" label="sequence-altered entity or alteration process"/>
      <span end="8122" id="16103912-22674" start="8116">mutant</span>
    </annotation>
    <annotation annotator="Mike Bada, University of Colorado School of Medicine" id="SO_2017_06_11_Instance_52137" type="identity">
      <class id="SO_EXT:wild_type_entity_or_quality" label="wild-typeness or wild-type entity"/>
      <span end="8179" id="16103912-22977" start="8170">wild-type</span>
    </annotation>
    <annotation annotator="" id="SO_2017_06_11_Instance_186270" type="identity">
      <class id="SO_EXT:sequence_altered_entity_or_alteration_process" label="sequence-altered entity or alteration process"/>
      <span end="8244" id="16103912-22676" start="8238">mutant</span>
    </annotation>
    <annotation annotator="" id="SO_2017_06_11_Instance_186272" type="identity">
      <class id="SO_EXT:sequence_altered_entity_or_alteration_process" label="sequence-altered entity or alteration process"/>
      <span end="8393" id="16103912-22678" start="8387">mutant</span>
    </annotation>
    <annotation annotator="" id="SO_2017_06_11_Instance_186274" type="identity">
      <class id="SO_EXT:sequence_altered_entity_or_alteration_process" label="sequence-altered entity or alteration process"/>
      <span end="8724" id="16103912-22680" start="8718">mutant</span>
    </annotation>
    <annotation annotator="" id="SO_2017_06_11_Instance_186276" type="identity">
      <class id="SO_EXT:sequence_altered_entity_or_alteration_process" label="sequence-altered entity or alteration process"/>
      <span end="8895" id="16103912-22682" start="8889">mutant</span>
    </annotation>
    <annotation annotator="" id="SO_2017_06_11_Instance_189114" type="identity">
      <class id="SO_EXT:sequence_alteration_entity_or_process" label="sequence alteration entity or process"/>
      <span end="9012" id="16103912-22776" start="9004">mutation</span>
    </annotation>
    <annotation annotator="" id="SO_2017_06_11_Instance_189116" type="identity">
      <class id="SO_EXT:sequence_alteration_entity_or_process" label="sequence alteration entity or process"/>
      <span end="9484" id="16103912-22778" start="9476">mutation</span>
    </annotation>
    <annotation annotator="" id="SO_2017_06_11_Instance_186278" type="identity">
      <class id="SO_EXT:sequence_altered_entity_or_alteration_process" label="sequence-altered entity or alteration process"/>
      <span end="9556" id="16103912-22684" start="9550">mutant</span>
    </annotation>
    <annotation annotator="" id="SO_2017_06_11_Instance_186280" type="identity">
      <class id="SO_EXT:sequence_altered_entity_or_alteration_process" label="sequence-altered entity or alteration process"/>
      <span end="9615" id="16103912-22686" start="9609">mutant</span>
    </annotation>
    <annotation annotator="" id="SO_2017_06_11_Instance_186282" type="identity">
      <class id="SO_EXT:sequence_altered_entity_or_alteration_process" label="sequence-altered entity or alteration process"/>
      <span end="9642" id="16103912-22688" start="9636">mutant</span>
    </annotation>
    <annotation annotator="" id="SO_2017_06_11_Instance_189118" type="identity">
      <class id="SO_EXT:sequence_alteration_entity_or_process" label="sequence alteration entity or process"/>
      <span end="9747" id="16103912-22780" start="9739">mutation</span>
    </annotation>
    <annotation annotator="" id="SO_2017_06_11_Instance_186284" type="identity">
      <class id="SO_EXT:sequence_altered_entity_or_alteration_process" label="sequence-altered entity or alteration process"/>
      <span end="9842" id="16103912-22690" start="9836">mutant</span>
    </annotation>
    <annotation annotator="" id="SO_2017_06_11_Instance_186286" type="identity">
      <class id="SO_EXT:sequence_altered_entity" label="sequence-altered entity"/>
      <span end="9919" id="16103912-22692" start="9912">mutants</span>
    </annotation>
    <annotation annotator="" id="SO_2017_06_11_Instance_186288" type="identity">
      <class id="SO_EXT:sequence_altered_entity_or_alteration_process" label="sequence-altered entity or alteration process"/>
      <span end="10058" id="16103912-22694" start="10052">mutant</span>
    </annotation>
    <annotation annotator="" id="SO_2017_06_11_Instance_186290" type="identity">
      <class id="SO_EXT:sequence_altered_entity_or_alteration_process" label="sequence-altered entity or alteration process"/>
      <span end="10372" id="16103912-22696" start="10366">mutant</span>
    </annotation>
    <annotation annotator="" id="SO_2017_06_11_Instance_186292" type="identity">
      <class id="SO_EXT:sequence_altered_entity" label="sequence-altered entity"/>
      <span end="10583" id="16103912-22698" start="10576">mutants</span>
    </annotation>
    <annotation annotator="" id="SO_2017_06_11_backup_Instance_13332" type="identity">
      <class id="CHEBI_SO_EXT:base" label="base"/>
      <span end="10698" id="16103912-22562" start="10697">b</span>
    </annotation>
    <annotation annotator="" id="SO_2017_06_11_backup_Instance_13334" type="identity">
      <class id="CHEBI_SO_EXT:DNA" label="DNA"/>
      <span end="10741" id="16103912-22564" start="10738">DNA</span>
    </annotation>
    <annotation annotator="" id="SO_2017_06_11_Instance_191277" type="identity">
      <class id="SO_EXT:biological_sequence" label="biological sequence"/>
      <span end="10750" id="16103912-22842" start="10742">sequence</span>
    </annotation>
    <annotation annotator="Mike Bada, University of Colorado School of Medicine" id="SO_2017_06_11_Instance_52143" type="identity">
      <class id="SO_EXT:0000996" label="predicted_gene"/>
      <span end="10791" id="16103912-22979" start="10776">predicted genes</span>
    </annotation>
    <annotation annotator="Mike Bada, University of Colorado School of Medicine" id="SO_2017_06_11_Instance_52145" type="identity">
      <class id="SO_EXT:0000704" label="gene"/>
      <span end="10812" id="16103912-22981" start="10807">genes</span>
    </annotation>
    <annotation annotator="" id="SO_2017_06_11_Instance_189120" type="identity">
      <class id="SO_EXT:sequence_alteration_entity_or_process" label="sequence alteration entity or process"/>
      <span end="10848" id="16103912-22782" start="10839">mutations</span>
    </annotation>
    <annotation annotator="" id="SO_2017_06_11_Instance_186294" type="identity">
      <class id="SO_EXT:sequence_altered_entity_or_alteration_process" label="sequence-altered entity or alteration process"/>
      <span end="10933" id="16103912-22700" start="10927">mutant</span>
    </annotation>
    <annotation annotator="Mike Bada, University of Colorado School of Medicine" id="SO_2017_06_11_Instance_52147" type="identity">
      <class id="SO_EXT:0000673" label="transcript"/>
      <span end="11120" id="16103912-22983" start="11109">transcripts</span>
    </annotation>
    <annotation annotator="" id="SO_2017_06_11_Instance_186296" type="identity">
      <class id="SO_EXT:sequence_altered_entity" label="sequence-altered entity"/>
      <span end="11138" id="16103912-22702" start="11132">mutant</span>
    </annotation>
    <annotation annotator="Mike Bada, University of Colorado School of Medicine" id="SO_2017_06_11_Instance_52149" type="identity">
      <class id="SO_EXT:wild_type_entity_or_quality" label="wild-typeness or wild-type entity"/>
      <span end="11160" id="16103912-22985" start="11151">wild-type</span>
    </annotation>
    <annotation annotator="" id="SO_2017_06_11_Instance_186298" type="identity">
      <class id="SO_EXT:sequence_altered_entity_or_alteration_process" label="sequence-altered entity or alteration process"/>
      <span end="11206" id="16103912-22704" start="11200">mutant</span>
    </annotation>
    <annotation annotator="Mike Bada, University of Colorado School of Medicine" id="SO_2017_06_11_Instance_52151" type="identity">
      <class id="SO_EXT:0000673" label="transcript"/>
      <span end="11217" id="16103912-22987" start="11207">transcript</span>
    </annotation>
    <annotation annotator="" id="SO_2017_06_11_Instance_225690" type="identity">
      <class id="SO_EXT:point_mutation_entity_or_process" label="point mutation entity or process"/>
      <span end="11243" id="16103912-22920" start="11229">point mutation</span>
    </annotation>
    <annotation annotator="Mike Bada, University of Colorado School of Medicine" id="SO_2017_06_11_Instance_31173" type="identity">
      <class id="SO_EXT:0000028" label="base_pair"/>
      <span end="11275" id="16103912-22938" start="11273">bp</span>
    </annotation>
    <annotation annotator="" id="SO_2017_06_11_Instance_223261" type="identity">
      <class id="SO_EXT:splice_donor" label="splice donor"/>
      <span end="11329" id="16103912-22908" start="11312">splice donor site</span>
    </annotation>
    <annotation annotator="Mike Bada, University of Colorado School of Medicine" id="SO_2017_06_11_Instance_52155" type="identity">
      <class id="SO_EXT:0000147" label="exon"/>
      <span end="11358" id="16103912-22989" start="11354">exon</span>
    </annotation>
    <annotation annotator="" id="SO_2017_06_11_Instance_189124" type="identity">
      <class id="SO_EXT:sequence_alteration_entity_or_process" label="sequence alteration entity or process"/>
      <span end="11373" id="16103912-22784" start="11365">mutation</span>
    </annotation>
    <annotation annotator="" id="SO_2017_06_11_Instance_222345" type="identity">
      <class id="SO_EXT:sequence_insertion_entity_or_process" label="sequence insertion entity or process"/>
      <span end="11428" id="16103912-22900" start="11419">insertion</span>
    </annotation>
    <annotation annotator="Mike Bada, University of Colorado School of Medicine" id="SO_2017_06_11_Instance_31177" type="identity">
      <class id="SO_EXT:0000028" label="base_pair"/>
      <span end="11437" id="16103912-22940" start="11435">bp</span>
    </annotation>
    <annotation annotator="Mike Bada, University of Colorado School of Medicine" id="SO_2017_06_11_Instance_31179" type="identity">
      <class id="SO_EXT:0000188" label="intron"/>
      <span end="11449" id="16103912-22942" start="11441">intronic</span>
    </annotation>
    <annotation annotator="" id="SO_2017_06_11_Instance_191279" type="identity">
      <class id="SO_EXT:biological_sequence" label="biological sequence"/>
      <span end="11458" id="16103912-22844" start="11450">sequence</span>
    </annotation>
    <annotation annotator="" id="SO_2017_06_11_Instance_186300" type="identity">
      <class id="SO_EXT:sequence_altered_entity_or_alteration_process" label="sequence-altered entity or alteration process"/>
      <span end="11474" id="16103912-22706" start="11468">mutant</span>
    </annotation>
    <annotation annotator="Mike Bada, University of Colorado School of Medicine" id="SO_2017_06_11_Instance_52157" type="identity">
      <class id="SO_EXT:0000673" label="transcript"/>
      <span end="11485" id="16103912-22991" start="11475">transcript</span>
    </annotation>
    <annotation annotator="Mike Bada, University of Colorado School of Medicine" id="SO_2017_06_11_Instance_52159" type="identity">
      <class id="SO_EXT:0000319" label="stop_codon"/>
      <span end="11514" id="16103912-22993" start="11504">stop codon</span>
    </annotation>
    <annotation annotator="" id="SO_2017_06_11_Instance_120255" type="identity">
      <class id="SO_EXT:sequence_truncation_process" label="sequence truncation process"/>
      <span end="11550" id="16103912-22620" start="11541">truncated</span>
    </annotation>
    <annotation annotator="" id="SO_2017_06_11_Instance_186302" type="identity">
      <class id="SO_EXT:sequence_altered_entity_or_alteration_process" label="sequence-altered entity or alteration process"/>
      <span end="11603" id="16103912-22708" start="11597">mutant</span>
    </annotation>
    <annotation annotator="" id="SO_2017_06_11_Instance_180943" type="identity">
      <class id="SO_EXT:normal_or_wild_type_or_present" label="sequence wild-typeness, normalness or presence"/>
      <span end="11634" id="16103912-22666" start="11633">+</span>
    </annotation>
    <annotation annotator="" id="SO_2017_06_11_Instance_177585" type="identity">
      <class id="SO_EXT:sequence_nullness_or_absence" label="sequence nullness or absence"/>
      <span end="11636" id="16103912-22638" start="11635">−</span>
    </annotation>
    <annotation annotator="" id="SO_2017_06_11_Instance_220505" type="identity">
      <class id="SO_EXT:sequence_nullness" label="sequence nullness"/>
      <span end="11642" id="16103912-22878" start="11638">null</span>
    </annotation>
    <annotation annotator="Mike Bada, University of Colorado School of Medicine" id="SO_2017_06_11_Instance_52161" type="identity">
      <class id="SO_EXT:0001023" label="allele"/>
      <span end="11649" id="16103912-22995" start="11643">allele</span>
    </annotation>
    <annotation annotator="" id="SO_2017_06_11_Instance_186304" type="identity">
      <class id="SO_EXT:sequence_altered_entity" label="sequence-altered entity"/>
      <span end="11657" id="16103912-22710" start="11651">mutant</span>
    </annotation>
    <annotation annotator="Mike Bada, University of Colorado School of Medicine" id="SO_2017_06_11_Instance_52163" type="identity">
      <class id="SO_EXT:0000704" label="gene"/>
      <span end="11675" id="16103912-22997" start="11671">gene</span>
    </annotation>
    <annotation annotator="" id="SO_2017_06_11_Instance_189126" type="identity">
      <class id="SO_EXT:sequence_alteration_entity_or_process" label="sequence alteration entity or process"/>
      <span end="11808" id="16103912-22786" start="11800">mutation</span>
    </annotation>
    <annotation annotator="" id="SO_2017_06_11_Instance_220507" type="identity">
      <class id="SO_EXT:sequence_nullness" label="sequence nullness"/>
      <span end="11894" id="16103912-22880" start="11890">null</span>
    </annotation>
    <annotation annotator="" id="SO_2017_06_11_Instance_186306" type="identity">
      <class id="SO_EXT:sequence_altered_entity" label="sequence-altered entity"/>
      <span end="11901" id="16103912-22712" start="11895">mutant</span>
    </annotation>
    <annotation annotator="Mike Bada, University of Colorado School of Medicine" id="SO_2017_06_11_Instance_52165" type="identity">
      <class id="SO_EXT:0000673" label="transcript"/>
      <span end="11970" id="16103912-22999" start="11960">transcript</span>
    </annotation>
    <annotation annotator="Mike Bada, University of Colorado School of Medicine" id="SO_2017_06_11_Instance_52167" type="identity">
      <class id="SO_EXT:0000162" label="splice_site"/>
      <span end="12010" id="16103912-23001" start="11999">splice site</span>
    </annotation>
    <annotation annotator="" id="SO_2017_06_11_Instance_189128" type="identity">
      <class id="SO_EXT:sequence_alteration_entity_or_process" label="sequence alteration entity or process"/>
      <span end="12019" id="16103912-22788" start="12011">mutation</span>
    </annotation>
    <annotation annotator="" id="SO_2017_06_11_Instance_186308" type="identity">
      <class id="SO_EXT:sequence_altered_entity_or_alteration_process" label="sequence-altered entity or alteration process"/>
      <span end="12071" id="16103912-22714" start="12065">Mutant</span>
    </annotation>
    <annotation annotator="" id="SO_2017_06_11_Instance_177601" type="identity">
      <class id="SO_EXT:sequence_nullness_or_absence" label="sequence nullness or absence"/>
      <span end="13041" id="16103912-22640" start="13040">−</span>
    </annotation>
    <annotation annotator="" id="SO_2017_06_11_Instance_177603" type="identity">
      <class id="SO_EXT:sequence_nullness_or_absence" label="sequence nullness or absence"/>
      <span end="13043" id="16103912-22642" start="13042">−</span>
    </annotation>
    <annotation annotator="" id="SO_2017_06_11_Instance_177605" type="identity">
      <class id="SO_EXT:sequence_nullness_or_absence" label="sequence nullness or absence"/>
      <span end="13126" id="16103912-22644" start="13125">−</span>
    </annotation>
    <annotation annotator="" id="SO_2017_06_11_Instance_177607" type="identity">
      <class id="SO_EXT:sequence_nullness_or_absence" label="sequence nullness or absence"/>
      <span end="13128" id="16103912-22646" start="13127">−</span>
    </annotation>
    <annotation annotator="" id="SO_2017_06_11_Instance_189130" type="identity">
      <class id="SO_EXT:sequence_alteration_entity_or_process" label="sequence alteration entity or process"/>
      <span end="13250" id="16103912-22790" start="13242">mutation</span>
    </annotation>
    <annotation annotator="" id="SO_2017_06_11_Instance_177609" type="identity">
      <class id="SO_EXT:sequence_nullness_or_absence" label="sequence nullness or absence"/>
      <span end="13285" id="16103912-22648" start="13284">−</span>
    </annotation>
    <annotation annotator="" id="SO_2017_06_11_Instance_177611" type="identity">
      <class id="SO_EXT:sequence_nullness_or_absence" label="sequence nullness or absence"/>
      <span end="13287" id="16103912-22650" start="13286">−</span>
    </annotation>
    <annotation annotator="" id="SO_2017_06_11_Instance_177613" type="identity">
      <class id="SO_EXT:sequence_nullness_or_absence" label="sequence nullness or absence"/>
      <span end="13384" id="16103912-22652" start="13383">−</span>
    </annotation>
    <annotation annotator="" id="SO_2017_06_11_Instance_177615" type="identity">
      <class id="SO_EXT:sequence_nullness_or_absence" label="sequence nullness or absence"/>
      <span end="13386" id="16103912-22654" start="13385">−</span>
    </annotation>
    <annotation annotator="" id="SO_2017_06_11_Instance_186310" type="identity">
      <class id="SO_EXT:sequence_altered_entity_or_alteration_process" label="sequence-altered entity or alteration process"/>
      <span end="13485" id="16103912-22716" start="13479">mutant</span>
    </annotation>
    <annotation annotator="" id="SO_2017_06_11_Instance_186312" type="identity">
      <class id="SO_EXT:sequence_altered_entity_or_alteration_process" label="sequence-altered entity or alteration process"/>
      <span end="13647" id="16103912-22718" start="13641">mutant</span>
    </annotation>
    <annotation annotator="" id="SO_2017_06_11_Instance_186314" type="identity">
      <class id="SO_EXT:sequence_altered_entity" label="sequence-altered entity"/>
      <span end="13758" id="16103912-22720" start="13751">mutants</span>
    </annotation>
    <annotation annotator="Mike Bada, University of Colorado School of Medicine" id="SO_2017_06_11_Instance_52169" type="identity">
      <class id="SO_EXT:0000704" label="gene"/>
      <span end="14167" id="16103912-23003" start="14163">gene</span>
    </annotation>
    <annotation annotator="" id="SO_2017_06_11_Instance_186316" type="identity">
      <class id="SO_EXT:sequence_altered_entity_or_alteration_process" label="sequence-altered entity or alteration process"/>
      <span end="14467" id="16103912-22722" start="14461">mutant</span>
    </annotation>
    <annotation annotator="Mike Bada, University of Colorado School of Medicine" id="SO_2017_06_11_Instance_52171" type="identity">
      <class id="SO_EXT:0000704" label="gene"/>
      <span end="14887" id="16103912-23005" start="14882">genes</span>
    </annotation>
    <annotation annotator="" id="SO_2017_06_11_Instance_186318" type="identity">
      <class id="SO_EXT:sequence_altered_entity_or_alteration_process" label="sequence-altered entity or alteration process"/>
      <span end="15860" id="16103912-22724" start="15854">mutant</span>
    </annotation>
    <annotation annotator="" id="SO_2017_06_11_Instance_189132" type="identity">
      <class id="SO_EXT:sequence_alteration_entity_or_process" label="sequence alteration entity or process"/>
      <span end="16186" id="16103912-22792" start="16178">Mutation</span>
    </annotation>
    <annotation annotator="" id="SO_2017_06_11_Instance_191281" type="identity">
      <class id="SO_EXT:biological_sequence" label="biological sequence"/>
      <span end="16252" id="16103912-22846" start="16244">sequence</span>
    </annotation>
    <annotation annotator="" id="SO_2017_06_11_Instance_191283" type="identity">
      <class id="SO_EXT:biological_sequence" label="biological sequence"/>
      <span end="17079" id="16103912-22848" start="17071">sequence</span>
    </annotation>
    <annotation annotator="" id="SO_2017_06_11_Instance_190058" type="identity">
      <class id="SO_EXT:sequence_alteration_entity_or_process" label="sequence alteration entity or process"/>
      <span end="17086" id="16103912-22834" start="17080">change</span>
    </annotation>
    <annotation annotator="" id="SO_2017_06_11_Instance_191285" type="identity">
      <class id="SO_EXT:biological_sequence" label="biological sequence"/>
      <span end="18254" id="16103912-22850" start="18246">Sequence</span>
    </annotation>
    <annotation annotator="" id="SO_2017_06_11_Instance_190060" type="identity">
      <class id="SO_EXT:sequence_alteration_entity_or_process" label="sequence alteration entity or process"/>
      <span end="18314" id="16103912-22836" start="18308">change</span>
    </annotation>
    <annotation annotator="Mike Bada, University of Colorado School of Medicine" id="SO_2017_06_11_Instance_52179" type="identity">
      <class id="SO_EXT:0000147" label="exon"/>
      <span end="18322" id="16103912-23007" start="18318">exon</span>
    </annotation>
    <annotation annotator="" id="SO_2017_06_11_Instance_70260" type="identity">
      <class id="SO_EXT:sequence_alteration_process" label="sequence alteration process"/>
      <span end="18337" id="16103912-23077" start="18330">changes</span>
    </annotation>
    <annotation annotator="" id="SO_2017_06_11_backup_Instance_13336" type="identity">
      <class id="CHEBI_SO_EXT:amino_acid" label="amino acid"/>
      <span end="18358" id="16103912-22566" start="18348">amino acid</span>
    </annotation>
    <annotation annotator="" id="SO_2017_06_11_backup_Instance_13338" type="identity">
      <class id="CHEBI_SO_EXT:arginine" label="arginine"/>
      <span end="18372" id="16103912-22568" start="18364">arginine</span>
    </annotation>
    <annotation annotator="Mike Bada, University of Colorado School of Medicine" id="SO_2017_06_11_Instance_52183" type="identity">
      <class id="SO_EXT:0000319" label="stop_codon"/>
      <span end="18388" id="16103912-23009" start="18378">stop codon</span>
    </annotation>
    <annotation annotator="" id="SO_2017_06_11_Instance_189134" type="identity">
      <class id="SO_EXT:sequence_alteration_entity_or_process" label="sequence alteration entity or process"/>
      <span end="18403" id="16103912-22794" start="18395">mutation</span>
    </annotation>
    <annotation annotator="" id="SO_2017_06_11_Instance_120257" type="identity">
      <class id="SO_EXT:sequence_truncation_process" label="sequence truncation process"/>
      <span end="18433" id="16103912-22622" start="18424">truncated</span>
    </annotation>
    <annotation annotator="" id="SO_2017_06_11_backup_Instance_13340" type="identity">
      <class id="CHEBI_SO_EXT:peptide_or_peptide_region" label="peptide or peptide region"/>
      <span end="18441" id="16103912-22570" start="18434">peptide</span>
    </annotation>
    <annotation annotator="Mike Bada, University of Colorado School of Medicine" id="SO_2017_06_11_Instance_31193" type="identity">
      <class id="SO_EXT:0000417" label="polypeptide_domain"/>
      <span end="18483" id="16103912-22944" start="18476">domains</span>
    </annotation>
    <annotation annotator="" id="SO_2017_06_11_backup_Instance_13342" type="identity">
      <class id="CHEBI_SO_EXT:base" label="base"/>
      <span end="18505" id="16103912-22572" start="18501">base</span>
    </annotation>
    <annotation annotator="" id="SO_2017_06_11_Instance_190062" type="identity">
      <class id="SO_EXT:sequence_alteration_entity_or_process" label="sequence alteration entity or process"/>
      <span end="18512" id="16103912-22838" start="18506">change</span>
    </annotation>
    <annotation annotator="" id="SO_2017_06_11_backup_Instance_13344" type="identity">
      <class id="CHEBI_SO_EXT:DNA" label="DNA"/>
      <span end="18551" id="16103912-22574" start="18548">DNA</span>
    </annotation>
    <annotation annotator="" id="SO_2017_06_11_Instance_189136" type="identity">
      <class id="SO_EXT:sequence_alteration_entity_or_process" label="sequence alteration entity or process"/>
      <span end="18618" id="16103912-22796" start="18610">mutation</span>
    </annotation>
    <annotation annotator="" id="SO_2017_06_11_Instance_191287" type="identity">
      <class id="SO_EXT:biological_sequence" label="biological sequence"/>
      <span end="18726" id="16103912-22852" start="18718">sequence</span>
    </annotation>
    <annotation annotator="" id="SO_2017_06_11_Instance_189138" type="identity">
      <class id="SO_EXT:sequence_alteration_entity_or_process" label="sequence alteration entity or process"/>
      <span end="18790" id="16103912-22798" start="18782">mutation</span>
    </annotation>
    <annotation annotator="" id="SO_2017_06_11_Instance_189140" type="identity">
      <class id="SO_EXT:sequence_alteration_entity_or_process" label="sequence alteration entity or process"/>
      <span end="18839" id="16103912-22800" start="18831">mutation</span>
    </annotation>
    <annotation annotator="" id="SO_2017_06_11_backup_Instance_30666" type="identity">
      <class id="GO_SO_EXT:chromosome" label="chromosome"/>
      <span end="20062" id="16103912-22604" start="20052">chromosome</span>
    </annotation>
    <annotation annotator="" id="SO_2017_06_11_backup_Instance_30668" type="identity">
      <class id="GO_SO_EXT:chromosome" label="chromosome"/>
      <span end="20186" id="16103912-22606" start="20176">Chromosome</span>
    </annotation>
    <annotation annotator="" id="SO_2017_06_11_Instance_120163" type="identity">
      <class id="GO_SO_EXT:sequence_rearrangement_entity_or_process" label="sequence rearrangement entity or process"/>
      <span end="20271" id="16103912-22612" start="20257">rearrangements</span>
    </annotation>
    <annotation annotator="" id="SO_2017_06_11_Instance_221361" type="identity">
      <class id="SO_EXT:sequence_deletion_entity_or_process" label="sequence deletion entity or process"/>
      <span end="20487" id="16103912-22894" start="20478">deletions</span>
    </annotation>
    <annotation annotator="Mike Bada, University of Colorado School of Medicine" id="SO_2017_06_11_Instance_52197" type="identity">
      <class id="SO_EXT:0000704" label="gene"/>
      <span end="20620" id="16103912-23011" start="20616">gene</span>
    </annotation>
    <annotation annotator="" id="SO_2017_06_11_backup_Instance_30162" type="identity">
      <class id="GO_SO_EXT:chromosome" label="chromosome"/>
      <span end="20639" id="16103912-22600" start="20628">chromosomal</span>
    </annotation>
    <annotation annotator="" id="SO_2017_06_11_Instance_120165" type="identity">
      <class id="GO_SO_EXT:sequence_rearrangement_entity_or_process" label="sequence rearrangement entity or process"/>
      <span end="20653" id="16103912-22614" start="20640">rearrangement</span>
    </annotation>
    <annotation annotator="" id="SO_2017_06_11_Instance_221363" type="identity">
      <class id="SO_EXT:sequence_deletion_entity_or_process" label="sequence deletion entity or process"/>
      <span end="20665" id="16103912-22896" start="20657">deletion</span>
    </annotation>
    <annotation annotator="" id="SO_2017_06_11_Instance_220509" type="identity">
      <class id="SO_EXT:sequence_nullness" label="sequence nullness"/>
      <span end="20701" id="16103912-22882" start="20697">null</span>
    </annotation>
    <annotation annotator="" id="SO_2017_06_11_Instance_189142" type="identity">
      <class id="SO_EXT:sequence_alteration_entity_or_process" label="sequence alteration entity or process"/>
      <span end="20710" id="16103912-22802" start="20702">mutation</span>
    </annotation>
    <annotation annotator="" id="SO_2017_06_11_Instance_189144" type="identity">
      <class id="SO_EXT:sequence_alteration_entity_or_process" label="sequence alteration entity or process"/>
      <span end="20785" id="16103912-22804" start="20777">mutation</span>
    </annotation>
    <annotation annotator="" id="SO_2017_06_11_Instance_189146" type="identity">
      <class id="SO_EXT:sequence_alteration_entity_or_process" label="sequence alteration entity or process"/>
      <span end="20935" id="16103912-22806" start="20927">mutation</span>
    </annotation>
    <annotation annotator="" id="SO_2017_06_11_Instance_220511" type="identity">
      <class id="SO_EXT:sequence_nullness" label="sequence nullness"/>
      <span end="21096" id="16103912-22884" start="21092">null</span>
    </annotation>
    <annotation annotator="" id="SO_2017_06_11_Instance_189148" type="identity">
      <class id="SO_EXT:sequence_alteration_entity_or_process" label="sequence alteration entity or process"/>
      <span end="21105" id="16103912-22808" start="21097">mutation</span>
    </annotation>
    <annotation annotator="Mike Bada, University of Colorado School of Medicine" id="SO_2017_06_11_Instance_52199" type="identity">
      <class id="SO_EXT:0000704" label="gene"/>
      <span end="21216" id="16103912-23013" start="21212">gene</span>
    </annotation>
    <annotation annotator="" id="SO_2017_06_11_Instance_186320" type="identity">
      <class id="SO_EXT:sequence_altered_entity" label="sequence-altered entity"/>
      <span end="22104" id="16103912-22726" start="22098">mutant</span>
    </annotation>
    <annotation annotator="" id="SO_2017_06_11_Instance_186322" type="identity">
      <class id="SO_EXT:sequence_altered_entity_or_alteration_process" label="sequence-altered entity or alteration process"/>
      <span end="22336" id="16103912-22728" start="22330">mutant</span>
    </annotation>
    <annotation annotator="" id="SO_2017_06_11_Instance_189150" type="identity">
      <class id="SO_EXT:sequence_alteration_entity_or_process" label="sequence alteration entity or process"/>
      <span end="23958" id="16103912-22810" start="23949">mutations</span>
    </annotation>
    <annotation annotator="Mike Bada, University of Colorado School of Medicine" id="SO_2017_06_11_Instance_52201" type="identity">
      <class id="SO_EXT:wild_type_entity_or_quality" label="wild-typeness or wild-type entity"/>
      <span end="24922" id="16103912-23015" start="24913">wild-type</span>
    </annotation>
    <annotation annotator="" id="SO_2017_06_11_Instance_189152" type="identity">
      <class id="SO_EXT:sequence_alteration_entity_or_process" label="sequence alteration entity or process"/>
      <span end="24991" id="16103912-22812" start="24983">mutation</span>
    </annotation>
    <annotation annotator="" id="SO_2017_06_11_Instance_189154" type="identity">
      <class id="SO_EXT:sequence_alteration_entity_or_process" label="sequence alteration entity or process"/>
      <span end="25152" id="16103912-22814" start="25144">mutation</span>
    </annotation>
    <annotation annotator="Mike Bada, University of Colorado School of Medicine" id="SO_2017_06_11_Instance_52203" type="identity">
      <class id="SO_EXT:0000704" label="gene"/>
      <span end="25165" id="16103912-23017" start="25161">gene</span>
    </annotation>
    <annotation annotator="Mike Bada, University of Colorado School of Medicine" id="SO_2017_06_11_Instance_31091" type="identity">
      <class id="SO_EXT:0000704" label="gene"/>
      <span end="25936" id="16103912-22934" start="25929">Genetic</span>
    </annotation>
    <annotation annotator="" id="SO_2017_06_11_Instance_189156" type="identity">
      <class id="SO_EXT:sequence_alteration_entity_or_process" label="sequence alteration entity or process"/>
      <span end="25966" id="16103912-22816" start="25958">mutation</span>
    </annotation>
    <annotation annotator="" id="SO_2017_06_11_Instance_189158" type="identity">
      <class id="SO_EXT:sequence_alteration_entity_or_process" label="sequence alteration entity or process"/>
      <span end="25989" id="16103912-22818" start="25981">mutation</span>
    </annotation>
    <annotation annotator="Mike Bada, University of Colorado School of Medicine" id="SO_2017_06_11_Instance_52205" type="identity">
      <class id="SO_EXT:wild_type_entity_or_quality" label="wild-typeness or wild-type entity"/>
      <span end="26039" id="16103912-23019" start="26030">Wild-type</span>
    </annotation>
    <annotation annotator="Mike Bada, University of Colorado School of Medicine" id="SO_2017_06_11_Instance_31093" type="identity">
      <class id="SO_EXT:0000704" label="gene"/>
      <span end="26080" id="16103912-22936" start="26073">genetic</span>
    </annotation>
    <annotation annotator="" id="SO_2017_06_11_Instance_220513" type="identity">
      <class id="SO_EXT:sequence_nullness" label="sequence nullness"/>
      <span end="26187" id="16103912-22886" start="26183">null</span>
    </annotation>
    <annotation annotator="" id="SO_2017_06_11_Instance_189160" type="identity">
      <class id="SO_EXT:sequence_alteration_entity_or_process" label="sequence alteration entity or process"/>
      <span end="26196" id="16103912-22820" start="26188">mutation</span>
    </annotation>
    <annotation annotator="Mike Bada, University of Colorado School of Medicine" id="SO_2017_06_11_Instance_52207" type="identity">
      <class id="SO_EXT:0000704" label="gene"/>
      <span end="26222" id="16103912-23021" start="26218">gene</span>
    </annotation>
    <annotation annotator="" id="SO_2017_06_11_Instance_212564" type="identity">
      <class id="CHEBI_SO_EXT:glutamine" label="glutamine"/>
      <span end="27095" id="16103912-22876" start="27086">glutamine</span>
    </annotation>
    <annotation annotator="" id="SO_2017_06_11_Instance_223647" type="identity">
      <class id="SO_EXT:transgenic_entity" label="transgenic entity"/>
      <span end="27396" id="16103912-22910" start="27386">Transgenic</span>
    </annotation>
    <annotation annotator="Mike Bada, University of Colorado School of Medicine" id="SO_2017_06_11_Instance_52209" type="identity">
      <class id="SO_EXT:0000704" label="gene"/>
      <span end="27424" id="16103912-23023" start="27420">gene</span>
    </annotation>
    <annotation annotator="Mike Bada, University of Colorado School of Medicine" id="SO_2017_06_11_Instance_52211" type="identity">
      <class id="SO_EXT:0000167" label="promoter"/>
      <span end="27452" id="16103912-23025" start="27444">promoter</span>
    </annotation>
    <annotation annotator="Mike Bada, University of Colorado School of Medicine" id="SO_2017_06_11_Instance_52213" type="identity">
      <class id="SO_EXT:0000704" label="gene"/>
      <span end="27520" id="16103912-23027" start="27516">gene</span>
    </annotation>
    <annotation annotator="" id="SO_2017_06_11_Instance_222130" type="identity">
      <class id="SO_EXT:sequence_fusion_entity_or_process" label="sequence fusion entity or process"/>
      <span end="27619" id="16103912-22898" start="27613">fusion</span>
    </annotation>
    <annotation annotator="" id="SO_2017_06_11_Instance_171312" type="identity">
      <class id="SO:0001817" label="inframe"/>
      <span end="27636" id="16103912-22632" start="27628">in frame</span>
    </annotation>
    <annotation annotator="" id="SO_2017_06_11_backup_Instance_13346" type="identity">
      <class id="CHEBI_SO_EXT:amino_acid" label="amino acid"/>
      <span end="27667" id="16103912-22576" start="27656">amino acids</span>
    </annotation>
    <annotation annotator="Mike Bada, University of Colorado School of Medicine" id="SO_2017_06_11_Instance_52219" type="identity">
      <class id="SO_EXT:0000243" label="internal_ribosome_entry_site"/>
      <span end="27732" id="16103912-23029" start="27728">ires</span>
    </annotation>
    <annotation annotator="Mike Bada, University of Colorado School of Medicine" id="SO_2017_06_11_Instance_31199" type="identity">
      <class id="SO_EXT:0005853" label="gene_cassette"/>
      <span end="27746" id="16103912-22946" start="27738">cassette</span>
    </annotation>
    <annotation annotator="" id="SO_2017_06_11_Instance_220515" type="identity">
      <class id="SO_EXT:sequence_nullness" label="sequence nullness"/>
      <span end="27767" id="16103912-22888" start="27763">null</span>
    </annotation>
    <annotation annotator="Mike Bada, University of Colorado School of Medicine" id="SO_2017_06_11_Instance_52221" type="identity">
      <class id="SO_EXT:0001023" label="allele"/>
      <span end="27774" id="16103912-23031" start="27768">allele</span>
    </annotation>
    <annotation annotator="Mike Bada, University of Colorado School of Medicine" id="SO_2017_06_11_Instance_52223" type="identity">
      <class id="SO_EXT:0000704" label="gene"/>
      <span end="27787" id="16103912-23033" start="27783">gene</span>
    </annotation>
    <annotation annotator="" id="SO_2017_06_11_Instance_211403" type="identity">
      <class id="SO_EXT:engineered_biological_sequence" label="engineered biological sequence"/>
      <span end="27817" id="16103912-22872" start="27808">construct</span>
    </annotation>
    <annotation annotator="" id="SO_2017_06_11_Instance_91747" type="identity">
      <class id="SO_EXT:sequence_linearization" label="sequence linearization"/>
      <span end="27832" id="16103912-23083" start="27822">linearized</span>
    </annotation>
    <annotation annotator="" id="SO_2017_06_11_Instance_120795" type="identity">
      <class id="SO_EXT:sequence_cloned_entity" label="sequence-cloned entity"/>
      <span end="27913" id="16103912-22626" start="27908">clone</span>
    </annotation>
    <annotation annotator="" id="SO_2017_06_11_Instance_191289" type="identity">
      <class id="SO_EXT:biological_sequence" label="biological sequence"/>
      <span end="28237" id="16103912-22854" start="28229">sequence</span>
    </annotation>
    <annotation annotator="" id="SO_2017_06_11_backup_Instance_13348" type="identity">
      <class id="CHEBI_SO_EXT:RNA" label="RNA"/>
      <span end="28265" id="16103912-22578" start="28262">RNA</span>
    </annotation>
    <annotation annotator="Mike Bada, University of Colorado School of Medicine" id="SO_2017_06_11_Instance_52229" type="identity">
      <class id="SO_EXT:0000112" label="primer"/>
      <span end="28372" id="16103912-23035" start="28366">primer</span>
    </annotation>
    <annotation annotator="Mike Bada, University of Colorado School of Medicine" id="SO_2017_06_11_Instance_52231" type="identity">
      <class id="SO_EXT:0000704" label="gene"/>
      <span end="28409" id="16103912-23037" start="28405">gene</span>
    </annotation>
    <annotation annotator="Mike Bada, University of Colorado School of Medicine" id="SO_2017_06_11_Instance_52233" type="identity">
      <class id="SO_EXT:0000112" label="primer"/>
      <span end="28456" id="16103912-23039" start="28449">primers</span>
    </annotation>
    <annotation annotator="Mike Bada, University of Colorado School of Medicine" id="SO_2017_06_11_Instance_31205" type="identity">
      <class id="SO_EXT:0000842" label="gene_component_region"/>
      <span end="28499" id="16103912-22948" start="28490">region of</span>
      <span end="28508" id="16103912-22949" start="28504">gene</span>
    </annotation>
    <annotation annotator="Mike Bada, University of Colorado School of Medicine" id="SO_2017_06_11_Instance_52237" type="identity">
      <class id="SO_EXT:0000006" label="PCR_product"/>
      <span end="28628" id="16103912-23041" start="28617">PCR product</span>
    </annotation>
    <annotation annotator="" id="SO_2017_06_11_Instance_120797" type="identity">
      <class id="SO_EXT:sequence_cloning_process" label="sequence cloning process"/>
      <span end="28639" id="16103912-22628" start="28633">cloned</span>
    </annotation>
    <annotation annotator="Mike Bada, University of Colorado School of Medicine" id="SO_2017_06_11_Instance_52239" type="identity">
      <class id="SO_EXT:0000440" label="vector_replicon"/>
      <span end="28658" id="16103912-23043" start="28652">vector</span>
    </annotation>
    <annotation annotator="" id="SO_2017_06_11_Instance_120799" type="identity">
      <class id="SO_EXT:sequence_cloning_process" label="sequence cloning process"/>
      <span end="28680" id="16103912-22630" start="28673">Cloning</span>
    </annotation>
    <annotation annotator="Mike Bada, University of Colorado School of Medicine" id="SO_2017_06_11_Instance_52241" type="identity">
      <class id="SO_EXT:0000704" label="gene"/>
      <span end="28759" id="16103912-23045" start="28755">gene</span>
    </annotation>
    <annotation annotator="Mike Bada, University of Colorado School of Medicine" id="SO_2017_06_11_Instance_52243" type="identity">
      <class id="SO_EXT:0000112" label="primer"/>
      <span end="28776" id="16103912-23047" start="28769">primers</span>
    </annotation>
    <annotation annotator="" id="SO_2017_06_11_Instance_191291" type="identity">
      <class id="SO_EXT:biological_sequence" label="biological sequence"/>
      <span end="28786" id="16103912-22856" start="28778">Sequence</span>
    </annotation>
    <annotation annotator="Mike Bada, University of Colorado School of Medicine" id="SO_2017_06_11_Instance_52247" type="identity">
      <class id="SO_EXT:0000704" label="gene"/>
      <span end="28831" id="16103912-23049" start="28827">Gene</span>
    </annotation>
    <annotation annotator="" id="SO_2017_06_11_backup_Instance_13350" type="identity">
      <class id="CHEBI_SO_EXT:molecular_probe" label="molecular probe"/>
      <span end="29041" id="16103912-22580" start="29035">Probes</span>
    </annotation>
    <annotation annotator="" id="SO_2017_06_11_backup_Instance_17110" type="identity">
      <class id="CHEBI_SO_EXT:molecular_label_or_mark_or_tag_process" label="molecular label/mark/tag process"/>
      <span end="29049" id="16103912-22596" start="29042">labeled</span>
    </annotation>
    <annotation annotator="" id="SO_2017_06_11_Instance_91749" type="identity">
      <class id="SO_EXT:sequence_linearization" label="sequence linearization"/>
      <span end="29111" id="16103912-23085" start="29101">linearized</span>
    </annotation>
    <annotation annotator="Mike Bada, University of Colorado School of Medicine" id="SO_2017_06_11_Instance_52251" type="identity">
      <class id="SO_EXT:0000155" label="plasmid"/>
      <span end="29119" id="16103912-23051" start="29112">plasmid</span>
    </annotation>
    <annotation annotator="" id="SO_2017_06_11_backup_Instance_13352" type="identity">
      <class id="CHEBI_SO_EXT:DNA" label="DNA"/>
      <span end="29288" id="16103912-22582" start="29285">DNA</span>
    </annotation>
    <annotation annotator="" id="SO_2017_06_11_Instance_191293" type="identity">
      <class id="SO_EXT:biological_sequence" label="biological sequence"/>
      <span end="29312" id="16103912-22858" start="29304">sequence</span>
    </annotation>
    <annotation annotator="" id="SO_2017_06_11_backup_Instance_13354" type="identity">
      <class id="CHEBI_SO_EXT:DNA" label="DNA"/>
      <span end="29327" id="16103912-22584" start="29324">DNA</span>
    </annotation>
    <annotation annotator="Mike Bada, University of Colorado School of Medicine" id="SO_2017_06_11_Instance_52253" type="identity">
      <class id="SO_EXT:0000112" label="primer"/>
      <span end="29458" id="16103912-23053" start="29451">Primers</span>
    </annotation>
    <annotation annotator="Mike Bada, University of Colorado School of Medicine" id="SO_2017_06_11_Instance_52255" type="identity">
      <class id="SO_EXT:0000195" label="coding_exon"/>
      <span end="29501" id="16103912-23055" start="29489">coding exons</span>
    </annotation>
    <annotation annotator="Mike Bada, University of Colorado School of Medicine" id="SO_2017_06_11_Instance_31209" type="identity">
      <class id="SO_EXT:0000028" label="base_pair"/>
      <span end="29512" id="16103912-22951" start="29510">bp</span>
    </annotation>
    <annotation annotator="" id="SO_2017_06_11_Instance_224417" type="identity">
      <class id="SO:0000357" label="flanked"/>
      <span end="29524" id="16103912-22914" start="29516">flanking</span>
    </annotation>
    <annotation annotator="" id="SO_2017_06_11_Instance_20142" type="identity">
      <class id="SO_EXT:sequence_upstreamness" label="sequence upstreamness"/>
      <span end="29533" id="16103912-22868" start="29525">upstream</span>
    </annotation>
    <annotation annotator="" id="SO_2017_06_11_Instance_20040" type="identity">
      <class id="SO_EXT:sequence_downstreamness" label="sequence downstreamness"/>
      <span end="29548" id="16103912-22866" start="29538">downstream</span>
    </annotation>
    <annotation annotator="" id="SO_2017_06_11_Instance_224419" type="identity">
      <class id="SO_EXT:biological_sequence" label="biological sequence"/>
      <span end="29557" id="16103912-22916" start="29549">sequence</span>
    </annotation>
    <annotation annotator="Mike Bada, University of Colorado School of Medicine" id="SO_2017_06_11_Instance_52257" type="identity">
      <class id="SO_EXT:0000112" label="primer"/>
      <span end="29634" id="16103912-23057" start="29628">Primer</span>
    </annotation>
    <annotation annotator="" id="SO_2017_06_11_Instance_191295" type="identity">
      <class id="SO_EXT:biological_sequence" label="biological sequence"/>
      <span end="29644" id="16103912-22860" start="29635">sequences</span>
    </annotation>
    <annotation annotator="" id="SO_2017_06_11_Instance_191297" type="identity">
      <class id="SO_EXT:biological_sequence" label="biological sequence"/>
      <span end="29682" id="16103912-22862" start="29674">Sequence</span>
    </annotation>
    <annotation annotator="Mike Bada, University of Colorado School of Medicine" id="SO_2017_06_11_Instance_52261" type="identity">
      <class id="SO_EXT:0000704" label="gene"/>
      <span end="29726" id="16103912-23059" start="29722">Gene</span>
    </annotation>
    <annotation annotator="" id="SO_2017_06_11_backup_Instance_13356" type="identity">
      <class id="CHEBI_SO_EXT:DNA" label="DNA"/>
      <span end="29739" id="16103912-22586" start="29736">DNA</span>
    </annotation>
    <annotation annotator="" id="SO_2017_06_11_backup_Instance_13358" type="identity">
      <class id="CHEBI_SO_EXT:DNA" label="DNA"/>
      <span end="29906" id="16103912-22588" start="29903">DNA</span>
    </annotation>
    <annotation annotator="" id="SO_2017_06_11_backup_Instance_16346" type="identity">
      <class id="CHEBI_SO_EXT:molecular_indicator_or_label_or_marker_or_tag" label="molecular indicator/label/marker/tag"/>
      <span end="30041" id="16103912-22594" start="30034">markers</span>
    </annotation>
    <annotation annotator="Mike Bada, University of Colorado School of Medicine" id="SO_2017_06_11_Instance_52263" type="identity">
      <class id="SO_EXT:0000694" label="SNP"/>
      <span end="30046" id="16103912-23061" start="30043">SNP</span>
    </annotation>
    <annotation annotator="" id="SO_2017_06_11_Instance_225051" type="identity">
      <class id="OBI_SO_EXT:gene_or_genetic_investigation_or_genetic_process" label="genetic investigation or process"/>
      <span end="30109" id="16103912-22918" start="30101">Genetics</span>
    </annotation>
    <annotation annotator="Mike Bada, University of Colorado School of Medicine" id="SO_2017_06_11_Instance_52265" type="identity">
      <class id="SO_EXT:0000112" label="primer"/>
      <span end="30233" id="16103912-23063" start="30226">Primers</span>
    </annotation>
    <annotation annotator="Mike Bada, University of Colorado School of Medicine" id="SO_2017_06_11_Instance_52267" type="identity">
      <class id="SO_EXT:0000673" label="transcript"/>
      <span end="30290" id="16103912-23065" start="30280">Transcript</span>
    </annotation>
    <annotation annotator="" id="SO_2017_06_11_Instance_186324" type="identity">
      <class id="SO_EXT:sequence_altered_entity_or_alteration_process" label="sequence-altered entity or alteration process"/>
      <span end="30305" id="16103912-22730" start="30299">Mutant</span>
    </annotation>
    <annotation annotator="Mike Bada, University of Colorado School of Medicine" id="SO_2017_06_11_Instance_52269" type="identity">
      <class id="SO_EXT:0000112" label="primer"/>
      <span end="30392" id="16103912-23067" start="30385">Primers</span>
    </annotation>
    <annotation annotator="" id="SO_2017_06_11_Instance_210594" type="identity">
      <class id="SO_EXT:coding_sequence" label="coding sequence"/>
      <span end="30434" id="16103912-22870" start="30419">Coding Sequence</span>
    </annotation>
    <annotation annotator="" id="SO_2017_06_11_Instance_211731" type="identity">
      <class id="SO_EXT:genomic_DNA" label="genomic DNA"/>
      <span end="30451" id="16103912-22874" start="30440">Genomic DNA</span>
    </annotation>
    <annotation annotator="" id="SO_2017_06_11_Instance_177617" type="identity">
      <class id="SO_EXT:sequence_nullness_or_absence" label="sequence nullness or absence"/>
      <span end="30981" id="16103912-22656" start="30980">−</span>
    </annotation>
    <annotation annotator="" id="SO_2017_06_11_Instance_177619" type="identity">
      <class id="SO_EXT:sequence_nullness_or_absence" label="sequence nullness or absence"/>
      <span end="30983" id="16103912-22658" start="30982">−</span>
    </annotation>
    <annotation annotator="" id="SO_2017_06_11_backup_Instance_16192" type="identity">
      <class id="CHEBI_SO_EXT:DNA" label="DNA"/>
      <span end="31096" id="16103912-22590" start="31093">DNA</span>
    </annotation>
    <annotation annotator="" id="SO_2017_06_11_Instance_186326" type="identity">
      <class id="SO_EXT:sequence_altered_entity_or_alteration_process" label="sequence-altered entity or alteration process"/>
      <span end="31421" id="16103912-22732" start="31415">mutant</span>
    </annotation>
    <annotation annotator="" id="SO_2017_06_11_Instance_186328" type="identity">
      <class id="SO_EXT:sequence_altered_entity_or_alteration_process" label="sequence-altered entity or alteration process"/>
      <span end="31727" id="16103912-22734" start="31721">mutant</span>
    </annotation>
    <annotation annotator="" id="SO_2017_06_11_Instance_189162" type="identity">
      <class id="SO_EXT:sequence_alteration_entity_or_process" label="sequence alteration entity or process"/>
      <span end="31827" id="16103912-22822" start="31819">Mutation</span>
    </annotation>
    <annotation annotator="Mike Bada, University of Colorado School of Medicine" id="SO_2017_06_11_Instance_52273" type="identity">
      <class id="SO_EXT:0000162" label="splice_site"/>
      <span end="31852" id="16103912-23069" start="31841">Splice Site</span>
    </annotation>
    <annotation annotator="" id="SO_2017_06_11_Instance_189164" type="identity">
      <class id="SO_EXT:sequence_alteration_entity_or_process" label="sequence alteration entity or process"/>
      <span end="31861" id="16103912-22824" start="31853">Mutation</span>
    </annotation>
    <annotation annotator="Mike Bada, University of Colorado School of Medicine" id="SO_2017_06_11_Instance_52275" type="identity">
      <class id="SO_EXT:0000673" label="transcript"/>
      <span end="31906" id="16103912-23071" start="31896">transcript</span>
    </annotation>
    <annotation annotator="Mike Bada, University of Colorado School of Medicine" id="SO_2017_06_11_Instance_52277" type="identity">
      <class id="SO_EXT:0000162" label="splice_site"/>
      <span end="32053" id="16103912-23073" start="32042">splice site</span>
    </annotation>
    <annotation annotator="" id="SO_2017_06_11_Instance_189166" type="identity">
      <class id="SO_EXT:sequence_alteration_entity_or_process" label="sequence alteration entity or process"/>
      <span end="32062" id="16103912-22826" start="32054">mutation</span>
    </annotation>
    <annotation annotator="" id="SO_2017_06_11_Instance_222347" type="identity">
      <class id="SO_EXT:sequence_insertion_entity_or_process" label="sequence insertion entity or process"/>
      <span end="32088" id="16103912-22902" start="32079">insertion</span>
    </annotation>
    <annotation annotator="Mike Bada, University of Colorado School of Medicine" id="SO_2017_06_11_Instance_31213" type="identity">
      <class id="SO_EXT:0000028" label="base_pair"/>
      <span end="32097" id="16103912-22953" start="32095">bp</span>
    </annotation>
    <annotation annotator="Mike Bada, University of Colorado School of Medicine" id="SO_2017_06_11_Instance_31215" type="identity">
      <class id="SO_EXT:0000188" label="intron"/>
      <span end="32109" id="16103912-22955" start="32101">intronic</span>
    </annotation>
    <annotation annotator="" id="SO_2017_06_11_Instance_191299" type="identity">
      <class id="SO_EXT:biological_sequence" label="biological sequence"/>
      <span end="32118" id="16103912-22864" start="32110">sequence</span>
    </annotation>
    <annotation annotator="" id="SO_2017_06_11_Instance_186330" type="identity">
      <class id="SO_EXT:sequence_altered_entity_or_alteration_process" label="sequence-altered entity or alteration process"/>
      <span end="32132" id="16103912-22736" start="32126">mutant</span>
    </annotation>
    <annotation annotator="" id="SO_2017_06_11_Instance_171406" type="identity">
      <class id="SO_EXT:0001587" label="stop_gained"/>
      <span end="32178" id="16103912-22636" start="32158">premature stop codon</span>
    </annotation>
    <annotation annotator="" id="SO_2017_06_11_Instance_220517" type="identity">
      <class id="SO_EXT:sequence_nullness" label="sequence nullness"/>
      <span end="32650" id="16103912-22890" start="32646">null</span>
    </annotation>
    <annotation annotator="" id="SO_2017_06_11_Instance_186332" type="identity">
      <class id="SO_EXT:sequence_altered_entity_or_alteration_process" label="sequence-altered entity or alteration process"/>
      <span end="32881" id="16103912-22738" start="32875">Mutant</span>
    </annotation>
    <annotation annotator="" id="SO_2017_06_11_Instance_186334" type="identity">
      <class id="SO_EXT:sequence_altered_entity_or_alteration_process" label="sequence-altered entity or alteration process"/>
      <span end="32912" id="16103912-22740" start="32906">mutant</span>
    </annotation>
    <annotation annotator="" id="SO_2017_06_11_Instance_220519" type="identity">
      <class id="SO_EXT:sequence_nullness" label="sequence nullness"/>
      <span end="33157" id="16103912-22892" start="33153">Null</span>
    </annotation>
    <annotation annotator="Mike Bada, University of Colorado School of Medicine" id="SO_2017_06_11_Instance_52281" type="identity">
      <class id="SO_EXT:wild_type_entity_or_quality" label="wild-typeness or wild-type entity"/>
      <span end="33211" id="16103912-23075" start="33202">wild-type</span>
    </annotation>
    <annotation annotator="" id="SO_2017_06_11_Instance_177621" type="identity">
      <class id="SO_EXT:sequence_nullness_or_absence" label="sequence nullness or absence"/>
      <span end="33225" id="16103912-22660" start="33224">−</span>
    </annotation>
    <annotation annotator="" id="SO_2017_06_11_Instance_177623" type="identity">
      <class id="SO_EXT:sequence_nullness_or_absence" label="sequence nullness or absence"/>
      <span end="33227" id="16103912-22662" start="33226">−</span>
    </annotation>
    <annotation annotator="" id="SO_2017_06_11_Instance_189168" type="identity">
      <class id="SO_EXT:sequence_alteration_entity_or_process" label="sequence alteration entity or process"/>
      <span end="33379" id="16103912-22828" start="33371">Mutation</span>
    </annotation>
    <annotation annotator="" id="SO_2017_06_11_Instance_91997" type="identity">
      <class id="SO_EXT:nonsense_quality_or_entity" label="nonsense quality or entity"/>
      <span end="33483" id="16103912-23089" start="33475">nonsense</span>
    </annotation>
    <annotation annotator="" id="SO_2017_06_11_Instance_189170" type="identity">
      <class id="SO_EXT:sequence_alteration_entity_or_process" label="sequence alteration entity or process"/>
      <span end="33492" id="16103912-22830" start="33484">mutation</span>
    </annotation>
    <annotation annotator="" id="SO_2017_06_11_Instance_91999" type="identity">
      <class id="SO_EXT:nonsense_quality_or_entity" label="nonsense quality or entity"/>
      <span end="33657" id="16103912-23091" start="33649">nonsense</span>
    </annotation>
    <annotation annotator="" id="SO_2017_06_11_Instance_189172" type="identity">
      <class id="SO_EXT:sequence_alteration_entity_or_process" label="sequence alteration entity or process"/>
      <span end="33666" id="16103912-22832" start="33658">mutation</span>
    </annotation>
    <annotation annotator="Mike Bada, University of Colorado School of Medicine" id="SO_2017_06_11_Instance_31217" type="identity">
      <class id="SO_EXT:0000417" label="polypeptide_domain"/>
      <span end="33717" id="16103912-22957" start="33710">domains</span>
    </annotation>
    <graph-space id="Old Knowtator Relations"/>
  </document>
</knowtator-project>
