<?xml version="1.0" encoding="UTF-8" standalone="no"?>
<knowtator-project>
  <document id="16121255" text-file="16121255.txt">
    <annotation annotator="" id="SO_2017_06_11_Instance_189258" type="identity">
      <class id="SO_EXT:sequence_alteration_entity_or_process" label="sequence alteration entity or process"/>
      <span end="42" id="16121255-24708" start="34">Mutation</span>
    </annotation>
    <annotation annotator="" id="SO_2017_06_11_Instance_189202" type="identity">
      <class id="SO_EXT:sequence_alteration_entity_or_process" label="sequence alteration entity or process"/>
      <span end="305" id="16121255-24652" start="296">mutations</span>
    </annotation>
    <annotation annotator="Mike Bada, University of Colorado School of Medicine" id="SO_2017_06_11_Instance_52989" type="identity">
      <class id="SO_EXT:0000704" label="gene"/>
      <span end="348" id="16121255-24819" start="344">gene</span>
    </annotation>
    <annotation annotator="Mike Bada, University of Colorado School of Medicine" id="SO_2017_06_11_Instance_52991" type="identity">
      <class id="SO_EXT:0000704" label="gene"/>
      <span end="415" id="16121255-24821" start="411">gene</span>
    </annotation>
    <annotation annotator="Mike Bada, University of Colorado School of Medicine" id="SO_2017_06_11_Instance_31527" type="identity">
      <class id="SO_EXT:0000704" label="gene"/>
      <span end="531" id="16121255-24803" start="524">genetic</span>
    </annotation>
    <annotation annotator="" id="SO_2017_06_11_Instance_189204" type="identity">
      <class id="SO_EXT:sequence_alteration_entity_or_process" label="sequence alteration entity or process"/>
      <span end="677" id="16121255-24654" start="669">mutation</span>
    </annotation>
    <annotation annotator="Mike Bada, University of Colorado School of Medicine" id="SO_2017_06_11_Instance_52993" type="identity">
      <class id="SO_EXT:0000704" label="gene"/>
      <span end="694" id="16121255-24823" start="690">gene</span>
    </annotation>
    <annotation annotator="" id="SO_2017_06_11_Instance_189206" type="identity">
      <class id="SO_EXT:sequence_alteration_entity_or_process" label="sequence alteration entity or process"/>
      <span end="911" id="16121255-24656" start="902">mutations</span>
    </annotation>
    <annotation annotator="" id="SO_2017_06_11_Instance_186698" type="identity">
      <class id="SO_EXT:sequence_altered_entity_or_alteration_process" label="sequence-altered entity or alteration process"/>
      <span end="956" id="16121255-24530" start="950">mutant</span>
    </annotation>
    <annotation annotator="" id="SO_2017_06_11_Instance_70300" type="identity">
      <class id="SO_EXT:sequence_alteration_process" label="sequence alteration process"/>
      <span end="1205" id="16121255-25030" start="1198">mutated</span>
    </annotation>
    <annotation annotator="" id="SO_2017_06_11_Instance_172197" type="identity">
      <class id="SO_EXT:sequence_rescue_process" label="sequence rescue process"/>
      <span end="1318" id="16121255-24502" start="1311">rescued</span>
    </annotation>
    <annotation annotator="Mike Bada, University of Colorado School of Medicine" id="SO_2017_06_11_Instance_52995" type="identity">
      <class id="SO_EXT:wild_type_entity_or_quality" label="wild-typeness or wild-type entity"/>
      <span end="1331" id="16121255-24825" start="1322">wild-type</span>
    </annotation>
    <annotation annotator="Mike Bada, University of Colorado School of Medicine" id="SO_2017_06_11_Instance_52997" type="identity">
      <class id="SO_EXT:0000704" label="gene"/>
      <span end="1449" id="16121255-24827" start="1445">gene</span>
    </annotation>
    <annotation annotator="" id="SO_2017_06_11_Instance_190723" type="identity">
      <class id="CHEBI_SO_EXT:arginine" label="arginine"/>
      <span end="1774" id="16121255-24720" start="1766">arginine</span>
    </annotation>
    <annotation annotator="" id="SO_2017_06_11_Instance_189208" type="identity">
      <class id="SO_EXT:sequence_alteration_entity_or_process" label="sequence alteration entity or process"/>
      <span end="2269" id="16121255-24658" start="2260">mutations</span>
    </annotation>
    <annotation annotator="" id="SO_2017_06_11_Instance_189210" type="identity">
      <class id="SO_EXT:sequence_alteration_entity_or_process" label="sequence alteration entity or process"/>
      <span end="2353" id="16121255-24660" start="2344">mutations</span>
    </annotation>
    <annotation annotator="" id="SO_2017_06_11_Instance_189212" type="identity">
      <class id="SO_EXT:sequence_alteration_entity_or_process" label="sequence alteration entity or process"/>
      <span end="2555" id="16121255-24662" start="2547">mutation</span>
    </annotation>
    <annotation annotator="Mike Bada, University of Colorado School of Medicine" id="SO_2017_06_11_Instance_52999" type="identity">
      <class id="SO_EXT:0000704" label="gene"/>
      <span end="2568" id="16121255-24829" start="2563">genes</span>
    </annotation>
    <annotation annotator="" id="SO_2017_06_11_Instance_70234" type="identity">
      <class id="SO_EXT:sequence_alteration_process" label="sequence alteration process"/>
      <span end="2622" id="16121255-25022" start="2615">altered</span>
    </annotation>
    <annotation annotator="Mike Bada, University of Colorado School of Medicine" id="SO_2017_06_11_Instance_31529" type="identity">
      <class id="SO_EXT:0000704" label="gene"/>
      <span end="2664" id="16121255-24805" start="2657">genetic</span>
    </annotation>
    <annotation annotator="Mike Bada, University of Colorado School of Medicine" id="SO_2017_06_11_Instance_31531" type="identity">
      <class id="SO_EXT:0000704" label="gene"/>
      <span end="2690" id="16121255-24807" start="2683">genetic</span>
    </annotation>
    <annotation annotator="Mike Bada, University of Colorado School of Medicine" id="SO_2017_06_11_Instance_31533" type="identity">
      <class id="SO_EXT:0000704" label="gene"/>
      <span end="2800" id="16121255-24809" start="2793">genetic</span>
    </annotation>
    <annotation annotator="Mike Bada, University of Colorado School of Medicine" id="SO_2017_06_11_Instance_53001" type="identity">
      <class id="SO_EXT:0000704" label="gene"/>
      <span end="2824" id="16121255-24831" start="2819">genes</span>
    </annotation>
    <annotation annotator="" id="SO_2017_06_11_Instance_70238" type="identity">
      <class id="SO_EXT:sequence_alteration_process" label="sequence alteration process"/>
      <span end="2836" id="16121255-25024" start="2829">mutated</span>
    </annotation>
    <annotation annotator="Mike Bada, University of Colorado School of Medicine" id="SO_2017_06_11_Instance_53003" type="identity">
      <class id="SO_EXT:0000704" label="gene"/>
      <span end="3007" id="16121255-24833" start="3003">gene</span>
    </annotation>
    <annotation annotator="" id="SO_2017_06_11_Instance_190725" type="identity">
      <class id="CHEBI_SO_EXT:arginine" label="arginine"/>
      <span end="3233" id="16121255-24722" start="3225">arginine</span>
    </annotation>
    <annotation annotator="" id="SO_2017_06_11_Instance_189214" type="identity">
      <class id="SO_EXT:sequence_alteration_entity_or_process" label="sequence alteration entity or process"/>
      <span end="3325" id="16121255-24664" start="3317">mutation</span>
    </annotation>
    <annotation annotator="Mike Bada, University of Colorado School of Medicine" id="SO_2017_06_11_Instance_53005" type="identity">
      <class id="SO_EXT:0000704" label="gene"/>
      <span end="3343" id="16121255-24835" start="3339">gene</span>
    </annotation>
    <annotation annotator="" id="SO_2017_06_11_Instance_189216" type="identity">
      <class id="SO_EXT:sequence_alteration_entity_or_process" label="sequence alteration entity or process"/>
      <span end="3377" id="16121255-24666" start="3369">mutation</span>
    </annotation>
    <annotation annotator="Mike Bada, University of Colorado School of Medicine" id="SO_2017_06_11_Instance_53007" type="identity">
      <class id="SO_EXT:0000704" label="gene"/>
      <span end="3394" id="16121255-24837" start="3390">gene</span>
    </annotation>
    <annotation annotator="" id="SO_2017_06_11_backup_Instance_13464" type="identity">
      <class id="CHEBI_SO_EXT:serine" label="serine"/>
      <span end="4696" id="16121255-24452" start="4690">serine</span>
    </annotation>
    <annotation annotator="" id="SO_2017_06_11_Instance_189218" type="identity">
      <class id="SO_EXT:sequence_alteration_entity_or_process" label="sequence alteration entity or process"/>
      <span end="4893" id="16121255-24668" start="4884">mutations</span>
    </annotation>
    <annotation annotator="" id="SO_2017_06_11_Instance_189220" type="identity">
      <class id="SO_EXT:sequence_alteration_entity_or_process" label="sequence alteration entity or process"/>
      <span end="4960" id="16121255-24670" start="4951">mutations</span>
    </annotation>
    <annotation annotator="" id="SO_2017_06_11_Instance_189222" type="identity">
      <class id="SO_EXT:sequence_alteration_entity_or_process" label="sequence alteration entity or process"/>
      <span end="5150" id="16121255-24672" start="5141">mutations</span>
    </annotation>
    <annotation annotator="" id="SO_2017_06_11_Instance_186700" type="identity">
      <class id="SO_EXT:sequence_altered_entity_or_alteration_process" label="sequence-altered entity or alteration process"/>
      <span end="5208" id="16121255-24532" start="5202">mutant</span>
    </annotation>
    <annotation annotator="Mike Bada, University of Colorado School of Medicine" id="SO_2017_06_11_Instance_53009" type="identity">
      <class id="SO_EXT:wild_type_entity_or_quality" label="wild-typeness or wild-type entity"/>
      <span end="5226" id="16121255-24839" start="5217">wild-type</span>
    </annotation>
    <annotation annotator="" id="SO_2017_06_11_Instance_189224" type="identity">
      <class id="SO_EXT:sequence_alteration_entity_or_process" label="sequence alteration entity or process"/>
      <span end="5424" id="16121255-24674" start="5415">mutations</span>
    </annotation>
    <annotation annotator="" id="SO_2017_06_11_Instance_189226" type="identity">
      <class id="SO_EXT:sequence_alteration_entity_or_process" label="sequence alteration entity or process"/>
      <span end="5518" id="16121255-24676" start="5510">mutation</span>
    </annotation>
    <annotation annotator="Mike Bada, University of Colorado School of Medicine" id="SO_2017_06_11_Instance_53011" type="identity">
      <class id="SO_EXT:0000704" label="gene"/>
      <span end="5535" id="16121255-24841" start="5531">gene</span>
    </annotation>
    <annotation annotator="" id="SO_2017_06_11_Instance_186702" type="identity">
      <class id="SO_EXT:sequence_altered_entity_or_alteration_process" label="sequence-altered entity or alteration process"/>
      <span end="5568" id="16121255-24534" start="5562">mutant</span>
    </annotation>
    <annotation annotator="Mike Bada, University of Colorado School of Medicine" id="SO_2017_06_11_Instance_31535" type="identity">
      <class id="SO_EXT:0000704" label="gene"/>
      <span end="5863" id="16121255-24811" start="5856">genetic</span>
    </annotation>
    <annotation annotator="" id="SO_2017_06_11_Instance_189228" type="identity">
      <class id="SO_EXT:sequence_alteration_entity_or_process" label="sequence alteration entity or process"/>
      <span end="5901" id="16121255-24678" start="5893">mutation</span>
    </annotation>
    <annotation annotator="" id="SO_2017_06_11_Instance_189230" type="identity">
      <class id="SO_EXT:sequence_alteration_entity_or_process" label="sequence alteration entity or process"/>
      <span end="6047" id="16121255-24680" start="6039">mutation</span>
    </annotation>
    <annotation annotator="Mike Bada, University of Colorado School of Medicine" id="SO_2017_06_11_Instance_53013" type="identity">
      <class id="SO_EXT:0000704" label="gene"/>
      <span end="6064" id="16121255-24843" start="6060">gene</span>
    </annotation>
    <annotation annotator="Mike Bada, University of Colorado School of Medicine" id="SO_2017_06_11_Instance_53015" type="identity">
      <class id="SO_EXT:0001023" label="allele"/>
      <span end="6077" id="16121255-24845" start="6071">allele</span>
    </annotation>
    <annotation annotator="" id="SO_2017_06_11_Instance_186704" type="identity">
      <class id="SO_EXT:sequence_altered_entity_or_alteration_process" label="sequence-altered entity or alteration process"/>
      <span end="6214" id="16121255-24536" start="6208">mutant</span>
    </annotation>
    <annotation annotator="" id="SO_2017_06_11_Instance_186706" type="identity">
      <class id="SO_EXT:sequence_altered_entity_or_alteration_process" label="sequence-altered entity or alteration process"/>
      <span end="6505" id="16121255-24538" start="6499">mutant</span>
    </annotation>
    <annotation annotator="Mike Bada, University of Colorado School of Medicine" id="SO_2017_06_11_Instance_31537" type="identity">
      <class id="SO_EXT:0000704" label="gene"/>
      <span end="6710" id="16121255-24813" start="6703">genetic</span>
    </annotation>
    <annotation annotator="" id="SO_2017_06_11_Instance_189232" type="identity">
      <class id="SO_EXT:sequence_alteration_entity_or_process" label="sequence alteration entity or process"/>
      <span end="6770" id="16121255-24682" start="6761">mutations</span>
    </annotation>
    <annotation annotator="" id="SO_2017_06_11_Instance_92641" type="identity">
      <class id="SO_EXT:0000704" label="gene"/>
      <span end="7165" id="16121255-25038" start="7160">genic</span>
    </annotation>
    <annotation annotator="Mike Bada, University of Colorado School of Medicine" id="SO_2017_06_11_Instance_19135" type="identity">
      <class id="SO_EXT:0000704" label="gene"/>
      <span end="7223" id="16121255-24728" start="7219">gene</span>
    </annotation>
    <annotation annotator="" id="SO_2017_06_11_Instance_210596" type="identity">
      <class id="SO_EXT:coding_sequence" label="coding sequence"/>
      <span end="7257" id="16121255-24733" start="7244">coding region</span>
    </annotation>
    <annotation annotator="Mike Bada, University of Colorado School of Medicine" id="SO_2017_06_11_Instance_53017" type="identity">
      <class id="SO_EXT:1000022" label="T_to_G_transversion"/>
      <span end="7306" id="16121255-24847" start="7288">thymine to guanine</span>
      <span end="7328" id="16121255-24848" start="7316">transversion</span>
    </annotation>
    <annotation annotator="Mike Bada, University of Colorado School of Medicine" id="SO_2017_06_11_Instance_20499" type="identity">
      <class id="SO_EXT:1000022" label="T_to_G_transversion"/>
      <span end="7314" id="16121255-24730" start="7308">T to G</span>
      <span end="7328" id="16121255-24731" start="7316">transversion</span>
    </annotation>
    <annotation annotator="" id="SO_2017_06_11_backup_Instance_13492" type="identity">
      <class id="CHEBI_SO_EXT:valine" label="valine"/>
      <span end="7380" id="16121255-24454" start="7374">valine</span>
    </annotation>
    <annotation annotator="" id="SO_2017_06_11_backup_Instance_13494" type="identity">
      <class id="CHEBI_SO_EXT:phenylalanine" label="phenylalanine"/>
      <span end="7398" id="16121255-24456" start="7385">phenylalanine</span>
    </annotation>
    <annotation annotator="" id="SO_2017_06_11_Instance_222945" type="identity">
      <class id="SO_EXT:sequence_substitution_entity_or_process" label="sequence substitution entity or process"/>
      <span end="7411" id="16121255-24791" start="7399">substitution</span>
    </annotation>
    <annotation annotator="" id="SO_2017_06_11_backup_Instance_13496" type="identity">
      <class id="CHEBI_SO_EXT:amino_acid" label="amino acid"/>
      <span end="7425" id="16121255-24458" start="7415">amino acid</span>
    </annotation>
    <annotation annotator="Mike Bada, University of Colorado School of Medicine" id="SO_2017_06_11_Instance_31061" type="identity">
      <class id="SO_EXT:0000417" label="polypeptide_domain"/>
      <span end="7577" id="16121255-24799" start="7571">domain</span>
    </annotation>
    <annotation annotator="" id="SO_2017_06_11_backup_Instance_13498" type="identity">
      <class id="CHEBI_SO_EXT:amino_acid" label="amino acid"/>
      <span end="7619" id="16121255-24460" start="7608">amino acids</span>
    </annotation>
    <annotation annotator="Mike Bada, University of Colorado School of Medicine" id="SO_2017_06_11_Instance_31391" type="identity">
      <class id="SO_EXT:0000417" label="polypeptide_domain"/>
      <span end="7665" id="16121255-24801" start="7658">domains</span>
    </annotation>
    <annotation annotator="" id="SO_2017_06_11_Instance_225334" type="identity">
      <class id="SO_EXT:biological_conservation_process_or_quality" label="biological conservation process or quality"/>
      <span end="7679" id="16121255-24793" start="7670">conserved</span>
    </annotation>
    <annotation annotator="" id="SO_2017_06_11_backup_Instance_13500" type="identity">
      <class id="CHEBI_SO_EXT:phenylalanine" label="phenylalanine"/>
      <span end="7723" id="16121255-24462" start="7710">phenylalanine</span>
    </annotation>
    <annotation annotator="" id="SO_2017_06_11_Instance_225336" type="identity">
      <class id="SO_EXT:biological_conservation_process_or_quality" label="biological conservation process or quality"/>
      <span end="7770" id="16121255-24795" start="7761">conserved</span>
    </annotation>
    <annotation annotator="Mike Bada, University of Colorado School of Medicine" id="SO_2017_06_11_Instance_53031" type="identity">
      <class id="SO_EXT:wild_type_entity_or_quality" label="wild-typeness or wild-type entity"/>
      <span end="8065" id="16121255-24850" start="8056">wild-type</span>
    </annotation>
    <annotation annotator="" id="SO_2017_06_11_Instance_186708" type="identity">
      <class id="SO_EXT:sequence_altered_entity_or_alteration_process" label="sequence-altered entity or alteration process"/>
      <span end="8197" id="16121255-24540" start="8191">mutant</span>
    </annotation>
    <annotation annotator="Mike Bada, University of Colorado School of Medicine" id="SO_2017_06_11_Instance_53033" type="identity">
      <class id="SO_EXT:wild_type_entity_or_quality" label="wild-typeness or wild-type entity"/>
      <span end="8304" id="16121255-24852" start="8295">wild-type</span>
    </annotation>
    <annotation annotator="" id="SO_2017_06_11_Instance_189234" type="identity">
      <class id="SO_EXT:sequence_alteration_entity_or_process" label="sequence alteration entity or process"/>
      <span end="8442" id="16121255-24684" start="8434">mutation</span>
    </annotation>
    <annotation annotator="Mike Bada, University of Colorado School of Medicine" id="SO_2017_06_11_Instance_53035" type="identity">
      <class id="SO_EXT:wild_type_entity_or_quality" label="wild-typeness or wild-type entity"/>
      <span end="8581" id="16121255-24854" start="8572">wild-type</span>
    </annotation>
    <annotation annotator="" id="SO_2017_06_11_Instance_186710" type="identity">
      <class id="SO_EXT:sequence_altered_entity_or_alteration_process" label="sequence-altered entity or alteration process"/>
      <span end="8706" id="16121255-24542" start="8700">mutant</span>
    </annotation>
    <annotation annotator="Mike Bada, University of Colorado School of Medicine" id="SO_2017_06_11_Instance_53037" type="identity">
      <class id="SO_EXT:wild_type_entity_or_quality" label="wild-typeness or wild-type entity"/>
      <span end="8772" id="16121255-24856" start="8763">wild-type</span>
    </annotation>
    <annotation annotator="Mike Bada, University of Colorado School of Medicine" id="SO_2017_06_11_Instance_53039" type="identity">
      <class id="SO_EXT:wild_type_entity_or_quality" label="wild-typeness or wild-type entity"/>
      <span end="9090" id="16121255-24858" start="9081">wild-type</span>
    </annotation>
    <annotation annotator="" id="SO_2017_06_11_Instance_186712" type="identity">
      <class id="SO_EXT:sequence_altered_entity_or_alteration_process" label="sequence-altered entity or alteration process"/>
      <span end="9234" id="16121255-24544" start="9228">mutant</span>
    </annotation>
    <annotation annotator="" id="SO_2017_06_11_Instance_186714" type="identity">
      <class id="SO_EXT:sequence_altered_entity_or_alteration_process" label="sequence-altered entity or alteration process"/>
      <span end="9552" id="16121255-24546" start="9546">mutant</span>
    </annotation>
    <annotation annotator="Mike Bada, University of Colorado School of Medicine" id="SO_2017_06_11_Instance_21551" type="identity">
      <class id="SO_EXT:wild_type_entity_or_quality" label="wild-typeness or wild-type entity"/>
      <span end="9803" id="16121255-24757" start="9794">wild type</span>
    </annotation>
    <annotation annotator="" id="SO_2017_06_11_Instance_186716" type="identity">
      <class id="SO_EXT:sequence_altered_entity_or_alteration_process" label="sequence-altered entity or alteration process"/>
      <span end="9829" id="16121255-24548" start="9823">mutant</span>
    </annotation>
    <annotation annotator="" id="SO_2017_06_11_Instance_189236" type="identity">
      <class id="SO_EXT:sequence_alteration_entity_or_process" label="sequence alteration entity or process"/>
      <span end="9932" id="16121255-24686" start="9924">mutation</span>
    </annotation>
    <annotation annotator="" id="SO_2017_06_11_Instance_186718" type="identity">
      <class id="SO_EXT:sequence_altered_entity_or_alteration_process" label="sequence-altered entity or alteration process"/>
      <span end="10032" id="16121255-24550" start="10026">mutant</span>
    </annotation>
    <annotation annotator="" id="SO_2017_06_11_Instance_186720" type="identity">
      <class id="SO_EXT:sequence_altered_entity_or_alteration_process" label="sequence-altered entity or alteration process"/>
      <span end="10159" id="16121255-24552" start="10153">mutant</span>
    </annotation>
    <annotation annotator="" id="SO_2017_06_11_backup_Instance_17124" type="identity">
      <class id="CHEBI_SO_EXT:molecular_label_or_mark_or_tag_process" label="molecular label/mark/tag process"/>
      <span end="11733" id="16121255-24496" start="11725">labeling</span>
    </annotation>
    <annotation annotator="Mike Bada, University of Colorado School of Medicine" id="SO_2017_06_11_Instance_53041" type="identity">
      <class id="SO_EXT:wild_type_entity_or_quality" label="wild-typeness or wild-type entity"/>
      <span end="11798" id="16121255-24860" start="11789">wild-type</span>
    </annotation>
    <annotation annotator="" id="SO_2017_06_11_Instance_186722" type="identity">
      <class id="SO_EXT:sequence_altered_entity_or_alteration_process" label="sequence-altered entity or alteration process"/>
      <span end="11824" id="16121255-24554" start="11818">mutant</span>
    </annotation>
    <annotation annotator="Mike Bada, University of Colorado School of Medicine" id="SO_2017_06_11_Instance_53043" type="identity">
      <class id="SO_EXT:wild_type_entity_or_quality" label="wild-typeness or wild-type entity"/>
      <span end="12291" id="16121255-24862" start="12282">wild-type</span>
    </annotation>
    <annotation annotator="" id="SO_2017_06_11_Instance_186724" type="identity">
      <class id="SO_EXT:sequence_altered_entity_or_alteration_process" label="sequence-altered entity or alteration process"/>
      <span end="12317" id="16121255-24556" start="12311">mutant</span>
    </annotation>
    <annotation annotator="Mike Bada, University of Colorado School of Medicine" id="SO_2017_06_11_Instance_53045" type="identity">
      <class id="SO_EXT:0001023" label="allele"/>
      <span end="12638" id="16121255-24864" start="12631">alleles</span>
    </annotation>
    <annotation annotator="" id="SO_2017_06_11_Instance_186726" type="identity">
      <class id="SO_EXT:sequence_altered_entity_or_alteration_process" label="sequence-altered entity or alteration process"/>
      <span end="12828" id="16121255-24558" start="12822">mutant</span>
    </annotation>
    <annotation annotator="" id="SO_2017_06_11_Instance_210966" type="identity">
      <class id="SO_EXT:cDNA" label="complementary DNA"/>
      <span end="12839" id="16121255-24737" start="12834">cDNAs</span>
    </annotation>
    <annotation annotator="" id="SO_2017_06_11_Instance_189238" type="identity">
      <class id="SO_EXT:sequence_alteration_entity_or_process" label="sequence alteration entity or process"/>
      <span end="12880" id="16121255-24688" start="12871">mutations</span>
    </annotation>
    <annotation annotator="Mike Bada, University of Colorado School of Medicine" id="SO_2017_06_11_Instance_53047" type="identity">
      <class id="SO_EXT:0001023" label="allele"/>
      <span end="12955" id="16121255-24866" start="12948">alleles</span>
    </annotation>
    <annotation annotator="Mike Bada, University of Colorado School of Medicine" id="SO_2017_06_11_Instance_53049" type="identity">
      <class id="SO_EXT:wild_type_entity_or_quality" label="wild-typeness or wild-type entity"/>
      <span end="13360" id="16121255-24868" start="13351">wild-type</span>
    </annotation>
    <annotation annotator="" id="SO_2017_06_11_Instance_186728" type="identity">
      <class id="SO_EXT:sequence_altered_entity_or_alteration_process" label="sequence-altered entity or alteration process"/>
      <span end="13495" id="16121255-24560" start="13489">mutant</span>
    </annotation>
    <annotation annotator="Mike Bada, University of Colorado School of Medicine" id="SO_2017_06_11_Instance_21553" type="identity">
      <class id="SO_EXT:wild_type_entity_or_quality" label="wild-typeness or wild-type entity"/>
      <span end="13915" id="16121255-24759" start="13906">wild-type</span>
    </annotation>
    <annotation annotator="" id="SO_2017_06_11_Instance_186730" type="identity">
      <class id="SO_EXT:sequence_altered_entity" label="sequence-altered entity"/>
      <span end="13925" id="16121255-24562" start="13919">mutant</span>
    </annotation>
    <annotation annotator="Mike Bada, University of Colorado School of Medicine" id="SO_2017_06_11_Instance_53051" type="identity">
      <class id="SO_EXT:wild_type_entity_or_quality" label="wild-typeness or wild-type entity"/>
      <span end="14141" id="16121255-24870" start="14132">wild-type</span>
    </annotation>
    <annotation annotator="" id="SO_2017_06_11_Instance_186732" type="identity">
      <class id="SO_EXT:sequence_altered_entity_or_alteration_process" label="sequence-altered entity or alteration process"/>
      <span end="14310" id="16121255-24564" start="14304">mutant</span>
    </annotation>
    <annotation annotator="Mike Bada, University of Colorado School of Medicine" id="SO_2017_06_11_Instance_53053" type="identity">
      <class id="SO_EXT:wild_type_entity_or_quality" label="wild-typeness or wild-type entity"/>
      <span end="14349" id="16121255-24872" start="14340">wild-type</span>
    </annotation>
    <annotation annotator="Mike Bada, University of Colorado School of Medicine" id="SO_2017_06_11_Instance_53055" type="identity">
      <class id="SO_EXT:wild_type_entity_or_quality" label="wild-typeness or wild-type entity"/>
      <span end="14563" id="16121255-24874" start="14554">wild-type</span>
    </annotation>
    <annotation annotator="Mike Bada, University of Colorado School of Medicine" id="SO_2017_06_11_Instance_53057" type="identity">
      <class id="SO_EXT:wild_type_entity_or_quality" label="wild-typeness or wild-type entity"/>
      <span end="14941" id="16121255-24876" start="14932">wild-type</span>
    </annotation>
    <annotation annotator="" id="SO_2017_06_11_Instance_210968" type="identity">
      <class id="SO_EXT:cDNA" label="complementary DNA"/>
      <span end="15403" id="16121255-24739" start="15399">cDNA</span>
    </annotation>
    <annotation annotator="" id="SO_2017_06_11_backup_Instance_13502" type="identity">
      <class id="CHEBI_SO_EXT:molecular_indicator_or_label_or_marker_or_tag" label="molecular indicator/label/marker/tag"/>
      <span end="15430" id="16121255-24464" start="15424">marker</span>
    </annotation>
    <annotation annotator="" id="SO_2017_06_11_Instance_186734" type="identity">
      <class id="SO_EXT:sequence_altered_entity_or_alteration_process" label="sequence-altered entity or alteration process"/>
      <span end="15834" id="16121255-24566" start="15828">mutant</span>
    </annotation>
    <annotation annotator="" id="SO_2017_06_11_Instance_189240" type="identity">
      <class id="SO_EXT:sequence_alteration_entity_or_process" label="sequence alteration entity or process"/>
      <span end="15908" id="16121255-24690" start="15900">mutation</span>
    </annotation>
    <annotation annotator="Mike Bada, University of Colorado School of Medicine" id="SO_2017_06_11_Instance_53059" type="identity">
      <class id="SO_EXT:0001023" label="allele"/>
      <span end="16047" id="16121255-24878" start="16041">allele</span>
    </annotation>
    <annotation annotator="Mike Bada, University of Colorado School of Medicine" id="SO_2017_06_11_Instance_53061" type="identity">
      <class id="SO_EXT:wild_type_entity_or_quality" label="wild-typeness or wild-type entity"/>
      <span end="16093" id="16121255-24880" start="16084">wild-type</span>
    </annotation>
    <annotation annotator="" id="SO_2017_06_11_Instance_180967" type="identity">
      <class id="SO_EXT:normal_or_wild_type_or_present" label="sequence wild-typeness, normalness or presence"/>
      <span end="16362" id="16121255-24520" start="16361">+</span>
    </annotation>
    <annotation annotator="Mike Bada, University of Colorado School of Medicine" id="SO_2017_06_11_Instance_21555" type="identity">
      <class id="SO_EXT:wild_type_entity_or_quality" label="wild-typeness or wild-type entity"/>
      <span end="16418" id="16121255-24761" start="16409">wild type</span>
    </annotation>
    <annotation annotator="Mike Bada, University of Colorado School of Medicine" id="SO_2017_06_11_Instance_21557" type="identity">
      <class id="SO_EXT:wild_type_entity_or_quality" label="wild-typeness or wild-type entity"/>
      <span end="16526" id="16121255-24763" start="16517">wild-type</span>
    </annotation>
    <annotation annotator="" id="SO_2017_06_11_Instance_186736" type="identity">
      <class id="SO_EXT:sequence_altered_entity_or_alteration_process" label="sequence-altered entity or alteration process"/>
      <span end="16608" id="16121255-24568" start="16602">mutant</span>
    </annotation>
    <annotation annotator="Mike Bada, University of Colorado School of Medicine" id="SO_2017_06_11_Instance_53063" type="identity">
      <class id="SO_EXT:wild_type_entity_or_quality" label="wild-typeness or wild-type entity"/>
      <span end="16711" id="16121255-24882" start="16702">wild-type</span>
    </annotation>
    <annotation annotator="" id="SO_2017_06_11_Instance_186738" type="identity">
      <class id="SO_EXT:sequence_altered_entity_or_alteration_process" label="sequence-altered entity or alteration process"/>
      <span end="16760" id="16121255-24570" start="16754">mutant</span>
    </annotation>
    <annotation annotator="Mike Bada, University of Colorado School of Medicine" id="SO_2017_06_11_Instance_53065" type="identity">
      <class id="SO_EXT:wild_type_entity_or_quality" label="wild-typeness or wild-type entity"/>
      <span end="16977" id="16121255-24884" start="16968">wild-type</span>
    </annotation>
    <annotation annotator="" id="SO_2017_06_11_Instance_172199" type="identity">
      <class id="SO_EXT:sequence_rescue_process" label="sequence rescue process"/>
      <span end="17001" id="16121255-24504" start="16995">rescue</span>
    </annotation>
    <annotation annotator="" id="SO_2017_06_11_Instance_186740" type="identity">
      <class id="SO_EXT:sequence_altered_entity_or_alteration_process" label="sequence-altered entity or alteration process"/>
      <span end="17034" id="16121255-24572" start="17028">mutant</span>
    </annotation>
    <annotation annotator="" id="SO_2017_06_11_Instance_180969" type="identity">
      <class id="SO_EXT:normal_or_wild_type_or_present" label="sequence wild-typeness, normalness or presence"/>
      <span end="17146" id="16121255-24522" start="17145">+</span>
    </annotation>
    <annotation annotator="Mike Bada, University of Colorado School of Medicine" id="SO_2017_06_11_Instance_21559" type="identity">
      <class id="SO_EXT:wild_type_entity_or_quality" label="wild-typeness or wild-type entity"/>
      <span end="17166" id="16121255-24765" start="17157">wild type</span>
    </annotation>
    <annotation annotator="" id="SO_2017_06_11_Instance_172201" type="identity">
      <class id="SO_EXT:sequence_rescue_process" label="sequence rescue process"/>
      <span end="17177" id="16121255-24506" start="17171">rescue</span>
    </annotation>
    <annotation annotator="" id="SO_2017_06_11_Instance_186742" type="identity">
      <class id="SO_EXT:sequence_altered_entity_or_alteration_process" label="sequence-altered entity or alteration process"/>
      <span end="17188" id="16121255-24574" start="17182">mutant</span>
    </annotation>
    <annotation annotator="" id="SO_2017_06_11_Instance_186744" type="identity">
      <class id="SO_EXT:sequence_altered_entity_or_alteration_process" label="sequence-altered entity or alteration process"/>
      <span end="17327" id="16121255-24576" start="17321">mutant</span>
    </annotation>
    <annotation annotator="Mike Bada, University of Colorado School of Medicine" id="SO_2017_06_11_Instance_53067" type="identity">
      <class id="SO_EXT:wild_type_entity_or_quality" label="wild-typeness or wild-type entity"/>
      <span end="17341" id="16121255-24886" start="17332">wild-type</span>
    </annotation>
    <annotation annotator="Mike Bada, University of Colorado School of Medicine" id="SO_2017_06_11_Instance_53069" type="identity">
      <class id="SO_EXT:wild_type_entity_or_quality" label="wild-typeness or wild-type entity"/>
      <span end="17428" id="16121255-24888" start="17419">wild-type</span>
    </annotation>
    <annotation annotator="" id="SO_2017_06_11_Instance_211405" type="identity">
      <class id="SO_EXT:engineered_biological_sequence" label="engineered biological sequence"/>
      <span end="17493" id="16121255-24741" start="17483">constructs</span>
    </annotation>
    <annotation annotator="" id="SO_2017_06_11_Instance_91473" type="identity">
      <class id="SO_EXT:sequence_coding_function" label="sequence coding function"/>
      <span end="17502" id="16121255-25032" start="17494">encoding</span>
    </annotation>
    <annotation annotator="" id="SO_2017_06_11_backup_Instance_17616" type="identity">
      <class id="CHEBI_SO_EXT:molecular_label_or_mark_or_tag_process" label="molecular label/mark/tag process"/>
      <span end="17513" id="16121255-24498" start="17507">tagged</span>
    </annotation>
    <annotation annotator="Mike Bada, University of Colorado School of Medicine" id="SO_2017_06_11_Instance_53071" type="identity">
      <class id="SO_EXT:wild_type_entity_or_quality" label="wild-typeness or wild-type entity"/>
      <span end="17523" id="16121255-24890" start="17514">wild-type</span>
    </annotation>
    <annotation annotator="Mike Bada, University of Colorado School of Medicine" id="SO_2017_06_11_Instance_53073" type="identity">
      <class id="SO_EXT:wild_type_entity_or_quality" label="wild-typeness or wild-type entity"/>
      <span end="17609" id="16121255-24892" start="17600">wild-type</span>
    </annotation>
    <annotation annotator="Mike Bada, University of Colorado School of Medicine" id="SO_2017_06_11_Instance_53075" type="identity">
      <class id="SO_EXT:wild_type_entity_or_quality" label="wild-typeness or wild-type entity"/>
      <span end="17774" id="16121255-24894" start="17765">wild-type</span>
    </annotation>
    <annotation annotator="Mike Bada, University of Colorado School of Medicine" id="SO_2017_06_11_Instance_53077" type="identity">
      <class id="SO_EXT:wild_type_entity_or_quality" label="wild-typeness or wild-type entity"/>
      <span end="17859" id="16121255-24896" start="17850">wild-type</span>
    </annotation>
    <annotation annotator="Mike Bada, University of Colorado School of Medicine" id="SO_2017_06_11_Instance_53079" type="identity">
      <class id="SO_EXT:wild_type_entity_or_quality" label="wild-typeness or wild-type entity"/>
      <span end="17949" id="16121255-24898" start="17940">wild-type</span>
    </annotation>
    <annotation annotator="" id="SO_2017_06_11_Instance_186746" type="identity">
      <class id="SO_EXT:sequence_altered_entity_or_alteration_process" label="sequence-altered entity or alteration process"/>
      <span end="17960" id="16121255-24578" start="17954">mutant</span>
    </annotation>
    <annotation annotator="" id="SO_2017_06_11_Instance_172203" type="identity">
      <class id="SO_EXT:sequence_rescue_process" label="sequence rescue process"/>
      <span end="18046" id="16121255-24508" start="18040">rescue</span>
    </annotation>
    <annotation annotator="" id="SO_2017_06_11_Instance_186748" type="identity">
      <class id="SO_EXT:sequence_altered_entity_or_alteration_process" label="sequence-altered entity or alteration process"/>
      <span end="18073" id="16121255-24580" start="18067">mutant</span>
    </annotation>
    <annotation annotator="Mike Bada, University of Colorado School of Medicine" id="SO_2017_06_11_Instance_53081" type="identity">
      <class id="SO_EXT:wild_type_entity_or_quality" label="wild-typeness or wild-type entity"/>
      <span end="18160" id="16121255-24900" start="18151">wild-type</span>
    </annotation>
    <annotation annotator="Mike Bada, University of Colorado School of Medicine" id="SO_2017_06_11_Instance_53083" type="identity">
      <class id="SO_EXT:0000440" label="vector_replicon"/>
      <span end="18183" id="16121255-24902" start="18177">vector</span>
    </annotation>
    <annotation annotator="Mike Bada, University of Colorado School of Medicine" id="SO_2017_06_11_Instance_53085" type="identity">
      <class id="SO_EXT:0000440" label="vector_replicon"/>
      <span end="18204" id="16121255-24904" start="18198">vector</span>
    </annotation>
    <annotation annotator="" id="SO_2017_06_11_Instance_211407" type="identity">
      <class id="SO_EXT:engineered_biological_sequence" label="engineered biological sequence"/>
      <span end="18298" id="16121255-24743" start="18288">constructs</span>
    </annotation>
    <annotation annotator="Mike Bada, University of Colorado School of Medicine" id="SO_2017_06_11_Instance_53087" type="identity">
      <class id="SO_EXT:0000440" label="vector_replicon"/>
      <span end="18418" id="16121255-24906" start="18412">vector</span>
    </annotation>
    <annotation annotator="Mike Bada, University of Colorado School of Medicine" id="SO_2017_06_11_Instance_53089" type="identity">
      <class id="SO_EXT:wild_type_entity_or_quality" label="wild-typeness or wild-type entity"/>
      <span end="18478" id="16121255-24908" start="18469">wild-type</span>
    </annotation>
    <annotation annotator="Mike Bada, University of Colorado School of Medicine" id="SO_2017_06_11_Instance_53091" type="identity">
      <class id="SO_EXT:0000440" label="vector_replicon"/>
      <span end="18584" id="16121255-24910" start="18578">vector</span>
    </annotation>
    <annotation annotator="Mike Bada, University of Colorado School of Medicine" id="SO_2017_06_11_Instance_53093" type="identity">
      <class id="SO_EXT:wild_type_entity_or_quality" label="wild-typeness or wild-type entity"/>
      <span end="18699" id="16121255-24912" start="18690">wild-type</span>
    </annotation>
    <annotation annotator="Mike Bada, University of Colorado School of Medicine" id="SO_2017_06_11_Instance_53095" type="identity">
      <class id="SO_EXT:wild_type_entity_or_quality" label="wild-typeness or wild-type entity"/>
      <span end="19007" id="16121255-24914" start="18998">wild-type</span>
    </annotation>
    <annotation annotator="Mike Bada, University of Colorado School of Medicine" id="SO_2017_06_11_Instance_53097" type="identity">
      <class id="SO_EXT:wild_type_entity_or_quality" label="wild-typeness or wild-type entity"/>
      <span end="19115" id="16121255-24916" start="19106">wild-type</span>
    </annotation>
    <annotation annotator="Mike Bada, University of Colorado School of Medicine" id="SO_2017_06_11_Instance_53099" type="identity">
      <class id="SO_EXT:wild_type_entity_or_quality" label="wild-typeness or wild-type entity"/>
      <span end="19194" id="16121255-24918" start="19185">wild-type</span>
    </annotation>
    <annotation annotator="Mike Bada, University of Colorado School of Medicine" id="SO_2017_06_11_Instance_53101" type="identity">
      <class id="SO_EXT:wild_type_entity_or_quality" label="wild-typeness or wild-type entity"/>
      <span end="19477" id="16121255-24920" start="19468">wild-type</span>
    </annotation>
    <annotation annotator="Mike Bada, University of Colorado School of Medicine" id="SO_2017_06_11_Instance_53103" type="identity">
      <class id="SO_EXT:wild_type_entity_or_quality" label="wild-typeness or wild-type entity"/>
      <span end="19589" id="16121255-24922" start="19580">wild-type</span>
    </annotation>
    <annotation annotator="Mike Bada, University of Colorado School of Medicine" id="SO_2017_06_11_Instance_53105" type="identity">
      <class id="SO_EXT:0000440" label="vector_replicon"/>
      <span end="19604" id="16121255-24924" start="19598">vector</span>
    </annotation>
    <annotation annotator="Mike Bada, University of Colorado School of Medicine" id="SO_2017_06_11_Instance_53107" type="identity">
      <class id="SO_EXT:wild_type_entity_or_quality" label="wild-typeness or wild-type entity"/>
      <span end="19871" id="16121255-24926" start="19862">wild-type</span>
    </annotation>
    <annotation annotator="Mike Bada, University of Colorado School of Medicine" id="SO_2017_06_11_Instance_53109" type="identity">
      <class id="SO_EXT:wild_type_entity_or_quality" label="wild-typeness or wild-type entity"/>
      <span end="20077" id="16121255-24928" start="20068">wild-type</span>
    </annotation>
    <annotation annotator="" id="SO_2017_06_11_Instance_189242" type="identity">
      <class id="SO_EXT:sequence_alteration_entity_or_process" label="sequence alteration entity or process"/>
      <span end="20428" id="16121255-24692" start="20419">mutations</span>
    </annotation>
    <annotation annotator="Mike Bada, University of Colorado School of Medicine" id="SO_2017_06_11_Instance_53111" type="identity">
      <class id="SO_EXT:0000704" label="gene"/>
      <span end="20482" id="16121255-24930" start="20478">gene</span>
    </annotation>
    <annotation annotator="Mike Bada, University of Colorado School of Medicine" id="SO_2017_06_11_Instance_53113" type="identity">
      <class id="SO_EXT:0000704" label="gene"/>
      <span end="20808" id="16121255-24932" start="20804">gene</span>
    </annotation>
    <annotation annotator="" id="SO_2017_06_11_Instance_189244" type="identity">
      <class id="SO_EXT:sequence_alteration_entity_or_process" label="sequence alteration entity or process"/>
      <span end="20878" id="16121255-24694" start="20870">mutation</span>
    </annotation>
    <annotation annotator="Mike Bada, University of Colorado School of Medicine" id="SO_2017_06_11_Instance_53115" type="identity">
      <class id="SO_EXT:0000704" label="gene"/>
      <span end="21291" id="16121255-24934" start="21287">gene</span>
    </annotation>
    <annotation annotator="" id="SO_2017_06_11_Instance_186750" type="identity">
      <class id="SO_EXT:sequence_altered_entity_or_alteration_process" label="sequence-altered entity or alteration process"/>
      <span end="21528" id="16121255-24582" start="21522">mutant</span>
    </annotation>
    <annotation annotator="" id="SO_2017_06_11_Instance_186752" type="identity">
      <class id="SO_EXT:sequence_altered_entity_or_alteration_process" label="sequence-altered entity or alteration process"/>
      <span end="21892" id="16121255-24584" start="21886">mutant</span>
    </annotation>
    <annotation annotator="" id="SO_2017_06_11_Instance_186754" type="identity">
      <class id="SO_EXT:sequence_altered_entity_or_alteration_process" label="sequence-altered entity or alteration process"/>
      <span end="22005" id="16121255-24586" start="21999">mutant</span>
    </annotation>
    <annotation annotator="" id="SO_2017_06_11_Instance_186756" type="identity">
      <class id="SO_EXT:sequence_altered_entity_or_alteration_process" label="sequence-altered entity or alteration process"/>
      <span end="22217" id="16121255-24588" start="22211">mutant</span>
    </annotation>
    <annotation annotator="Mike Bada, University of Colorado School of Medicine" id="SO_2017_06_11_Instance_21561" type="identity">
      <class id="SO_EXT:wild_type_entity_or_quality" label="wild-typeness or wild-type entity"/>
      <span end="22309" id="16121255-24767" start="22300">wild-type</span>
    </annotation>
    <annotation annotator="" id="SO_2017_06_11_Instance_186758" type="identity">
      <class id="SO_EXT:sequence_altered_entity_or_alteration_process" label="sequence-altered entity or alteration process"/>
      <span end="22317" id="16121255-24590" start="22311">mutant</span>
    </annotation>
    <annotation annotator="" id="SO_2017_06_11_Instance_186760" type="identity">
      <class id="SO_EXT:sequence_altered_entity_or_alteration_process" label="sequence-altered entity or alteration process"/>
      <span end="22580" id="16121255-24592" start="22574">mutant</span>
    </annotation>
    <annotation annotator="" id="SO_2017_06_11_Instance_186762" type="identity">
      <class id="SO_EXT:sequence_altered_entity_or_alteration_process" label="sequence-altered entity or alteration process"/>
      <span end="22776" id="16121255-24594" start="22770">mutant</span>
    </annotation>
    <annotation annotator="" id="SO_2017_06_11_Instance_186764" type="identity">
      <class id="SO_EXT:sequence_altered_entity_or_alteration_process" label="sequence-altered entity or alteration process"/>
      <span end="22932" id="16121255-24596" start="22926">mutant</span>
    </annotation>
    <annotation annotator="" id="SO_2017_06_11_Instance_186766" type="identity">
      <class id="SO_EXT:sequence_altered_entity_or_alteration_process" label="sequence-altered entity or alteration process"/>
      <span end="22983" id="16121255-24598" start="22977">mutant</span>
    </annotation>
    <annotation annotator="" id="SO_2017_06_11_Instance_186768" type="identity">
      <class id="SO_EXT:sequence_altered_entity_or_alteration_process" label="sequence-altered entity or alteration process"/>
      <span end="23244" id="16121255-24600" start="23238">mutant</span>
    </annotation>
    <annotation annotator="" id="SO_2017_06_11_Instance_70100" type="identity">
      <class id="SO_EXT:sequence_alteration_process" label="sequence alteration process"/>
      <span end="23455" id="16121255-25020" start="23447">modified</span>
    </annotation>
    <annotation annotator="" id="SO_2017_06_11_Instance_186770" type="identity">
      <class id="SO_EXT:sequence_altered_entity_or_alteration_process" label="sequence-altered entity or alteration process"/>
      <span end="23741" id="16121255-24602" start="23735">mutant</span>
    </annotation>
    <annotation annotator="Mike Bada, University of Colorado School of Medicine" id="SO_2017_06_11_Instance_21563" type="identity">
      <class id="SO_EXT:wild_type_entity_or_quality" label="wild-typeness or wild-type entity"/>
      <span end="23946" id="16121255-24769" start="23937">wild type</span>
    </annotation>
    <annotation annotator="Mike Bada, University of Colorado School of Medicine" id="SO_2017_06_11_Instance_53117" type="identity">
      <class id="SO_EXT:wild_type_entity_or_quality" label="wild-typeness or wild-type entity"/>
      <span end="24042" id="16121255-24936" start="24033">wild-type</span>
    </annotation>
    <annotation annotator="" id="SO_2017_06_11_Instance_186772" type="identity">
      <class id="SO_EXT:sequence_altered_entity_or_alteration_process" label="sequence-altered entity or alteration process"/>
      <span end="24141" id="16121255-24604" start="24135">mutant</span>
    </annotation>
    <annotation annotator="" id="SO_2017_06_11_Instance_180971" type="identity">
      <class id="SO_EXT:normal_or_wild_type_or_present" label="sequence wild-typeness, normalness or presence"/>
      <span end="24191" id="16121255-24524" start="24190">+</span>
    </annotation>
    <annotation annotator="" id="SO_2017_06_11_Instance_186774" type="identity">
      <class id="SO_EXT:sequence_altered_entity_or_alteration_process" label="sequence-altered entity or alteration process"/>
      <span end="24224" id="16121255-24606" start="24218">mutant</span>
    </annotation>
    <annotation annotator="" id="SO_2017_06_11_Instance_172205" type="identity">
      <class id="SO_EXT:sequence_rescue_process" label="sequence rescue process"/>
      <span end="24249" id="16121255-24510" start="24242">rescued</span>
    </annotation>
    <annotation annotator="Mike Bada, University of Colorado School of Medicine" id="SO_2017_06_11_Instance_53119" type="identity">
      <class id="SO_EXT:wild_type_entity_or_quality" label="wild-typeness or wild-type entity"/>
      <span end="24266" id="16121255-24938" start="24257">wild-type</span>
    </annotation>
    <annotation annotator="Mike Bada, University of Colorado School of Medicine" id="SO_2017_06_11_Instance_53121" type="identity">
      <class id="SO_EXT:0001023" label="allele"/>
      <span end="24349" id="16121255-24940" start="24343">allele</span>
    </annotation>
    <annotation annotator="Mike Bada, University of Colorado School of Medicine" id="SO_2017_06_11_Instance_53123" type="identity">
      <class id="SO_EXT:wild_type_entity_or_quality" label="wild-typeness or wild-type entity"/>
      <span end="24473" id="16121255-24942" start="24464">wild-type</span>
    </annotation>
    <annotation annotator="" id="SO_2017_06_11_Instance_180973" type="identity">
      <class id="SO_EXT:normal_or_wild_type_or_present" label="sequence wild-typeness, normalness or presence"/>
      <span end="24564" id="16121255-24526" start="24563">+</span>
    </annotation>
    <annotation annotator="Mike Bada, University of Colorado School of Medicine" id="SO_2017_06_11_Instance_53125" type="identity">
      <class id="SO_EXT:wild_type_entity_or_quality" label="wild-typeness or wild-type entity"/>
      <span end="24629" id="16121255-24944" start="24620">wild-type</span>
    </annotation>
    <annotation annotator="Mike Bada, University of Colorado School of Medicine" id="SO_2017_06_11_Instance_53127" type="identity">
      <class id="SO_EXT:wild_type_entity_or_quality" label="wild-typeness or wild-type entity"/>
      <span end="24683" id="16121255-24946" start="24674">wild-type</span>
    </annotation>
    <annotation annotator="Mike Bada, University of Colorado School of Medicine" id="SO_2017_06_11_Instance_53129" type="identity">
      <class id="SO_EXT:0001023" label="allele"/>
      <span end="24827" id="16121255-24948" start="24821">allele</span>
    </annotation>
    <annotation annotator="" id="SO_2017_06_11_Instance_91475" type="identity">
      <class id="SO_EXT:sequence_coding_function" label="sequence coding function"/>
      <span end="24837" id="16121255-25034" start="24829">encoding</span>
    </annotation>
    <annotation annotator="Mike Bada, University of Colorado School of Medicine" id="SO_2017_06_11_Instance_53131" type="identity">
      <class id="SO_EXT:wild_type_entity_or_quality" label="wild-typeness or wild-type entity"/>
      <span end="24889" id="16121255-24950" start="24880">wild-type</span>
    </annotation>
    <annotation annotator="Mike Bada, University of Colorado School of Medicine" id="SO_2017_06_11_Instance_53133" type="identity">
      <class id="SO_EXT:wild_type_entity_or_quality" label="wild-typeness or wild-type entity"/>
      <span end="24961" id="16121255-24952" start="24952">wild-type</span>
    </annotation>
    <annotation annotator="" id="SO_2017_06_11_Instance_172207" type="identity">
      <class id="SO_EXT:sequence_rescue_process" label="sequence rescue process"/>
      <span end="25036" id="16121255-24512" start="25027">rescuable</span>
    </annotation>
    <annotation annotator="Mike Bada, University of Colorado School of Medicine" id="SO_2017_06_11_Instance_53135" type="identity">
      <class id="SO_EXT:0001023" label="allele"/>
      <span end="25043" id="16121255-24954" start="25037">allele</span>
    </annotation>
    <annotation annotator="" id="SO_2017_06_11_Instance_186776" type="identity">
      <class id="SO_EXT:sequence_altered_entity_or_alteration_process" label="sequence-altered entity or alteration process"/>
      <span end="25156" id="16121255-24608" start="25150">mutant</span>
    </annotation>
    <annotation annotator="" id="SO_2017_06_11_Instance_189246" type="identity">
      <class id="SO_EXT:sequence_alteration_entity_or_process" label="sequence alteration entity or process"/>
      <span end="25432" id="16121255-24696" start="25423">mutations</span>
    </annotation>
    <annotation annotator="" id="SO_2017_06_11_Instance_189248" type="identity">
      <class id="SO_EXT:sequence_alteration_entity_or_process" label="sequence alteration entity or process"/>
      <span end="25495" id="16121255-24698" start="25486">mutations</span>
    </annotation>
    <annotation annotator="Mike Bada, University of Colorado School of Medicine" id="SO_2017_06_11_Instance_53137" type="identity">
      <class id="SO_EXT:0001023" label="allele"/>
      <span end="25536" id="16121255-24956" start="25529">alleles</span>
    </annotation>
    <annotation annotator="Mike Bada, University of Colorado School of Medicine" id="SO_2017_06_11_Instance_53139" type="identity">
      <class id="SO_EXT:0001023" label="allele"/>
      <span end="25935" id="16121255-24958" start="25929">allele</span>
    </annotation>
    <annotation annotator="" id="SO_2017_06_11_Instance_172209" type="identity">
      <class id="SO_EXT:sequence_rescue_process" label="sequence rescue process"/>
      <span end="25955" id="16121255-24514" start="25948">rescued</span>
    </annotation>
    <annotation annotator="Mike Bada, University of Colorado School of Medicine" id="SO_2017_06_11_Instance_53141" type="identity">
      <class id="SO_EXT:0000704" label="gene"/>
      <span end="26014" id="16121255-24960" start="26010">gene</span>
    </annotation>
    <annotation annotator="" id="SO_2017_06_11_Instance_211409" type="identity">
      <class id="SO_EXT:engineered_biological_sequence" label="engineered biological sequence"/>
      <span end="26561" id="16121255-24745" start="26551">Constructs</span>
    </annotation>
    <annotation annotator="" id="SO_2017_06_11_Instance_210598" type="identity">
      <class id="SO_EXT:coding_sequence" label="coding sequence"/>
      <span end="26592" id="16121255-24735" start="26577">coding sequence</span>
    </annotation>
    <annotation annotator="" id="SO_2017_06_11_Instance_190599" type="identity">
      <class id="SO_EXT:sequence_cloned_entity" label="sequence-cloned entity"/>
      <span end="26626" id="16121255-24718" start="26621">clone</span>
    </annotation>
    <annotation annotator="Mike Bada, University of Colorado School of Medicine" id="SO_2017_06_11_Instance_53147" type="identity">
      <class id="SO_EXT:0000155" label="plasmid"/>
      <span end="26668" id="16121255-24962" start="26661">plasmid</span>
    </annotation>
    <annotation annotator="" id="SO_2017_06_11_Instance_189250" type="identity">
      <class id="SO_EXT:sequence_alteration_entity_or_process" label="sequence alteration entity or process"/>
      <span end="26784" id="16121255-24700" start="26776">mutation</span>
    </annotation>
    <annotation annotator="" id="SO_2017_06_11_Instance_70280" type="identity">
      <class id="SO_EXT:sequence_alteration_process" label="sequence alteration process"/>
      <span end="26828" id="16121255-25026" start="26817">mutagenesis</span>
    </annotation>
    <annotation annotator="" id="SO_2017_06_11_backup_Instance_16212" type="identity">
      <class id="CHEBI_SO_EXT:oligonucleotide" label="oligonucleotide"/>
      <span end="26911" id="16121255-24492" start="26896">oligonucleotide</span>
    </annotation>
    <annotation annotator="Mike Bada, University of Colorado School of Medicine" id="SO_2017_06_11_Instance_53151" type="identity">
      <class id="SO:0000077" label="antisense"/>
      <span end="26964" id="16121255-24964" start="26955">antisense</span>
    </annotation>
    <annotation annotator="" id="SO_2017_06_11_backup_Instance_16214" type="identity">
      <class id="CHEBI_SO_EXT:oligonucleotide" label="oligonucleotide"/>
      <span end="26980" id="16121255-24494" start="26965">oligonucleotide</span>
    </annotation>
    <annotation annotator="" id="SO_2017_06_11_Instance_222132" type="identity">
      <class id="SO_EXT:sequence_fusion_entity_or_process" label="sequence fusion entity or process"/>
      <span end="27043" id="16121255-24779" start="27036">fusions</span>
    </annotation>
    <annotation annotator="" id="SO_2017_06_11_Instance_211411" type="identity">
      <class id="SO_EXT:engineered_biological_sequence" label="engineered biological sequence"/>
      <span end="27083" id="16121255-24747" start="27074">construct</span>
    </annotation>
    <annotation annotator="Mike Bada, University of Colorado School of Medicine" id="SO_2017_06_11_Instance_53155" type="identity">
      <class id="SO_EXT:0000112" label="primer"/>
      <span end="27127" id="16121255-24966" start="27120">primers</span>
    </annotation>
    <annotation annotator="Mike Bada, University of Colorado School of Medicine" id="SO_2017_06_11_Instance_53157" type="identity">
      <class id="SO_EXT:0000319" label="stop_codon"/>
      <span end="27199" id="16121255-24968" start="27189">stop codon</span>
    </annotation>
    <annotation annotator="" id="SO_2017_06_11_Instance_189252" type="identity">
      <class id="SO_EXT:sequence_alteration_entity_or_process" label="sequence alteration entity or process"/>
      <span end="27354" id="16121255-24702" start="27346">mutation</span>
    </annotation>
    <annotation annotator="" id="SO_2017_06_11_backup_Instance_13504" type="identity">
      <class id="CHEBI_SO_EXT:oligonucleotide" label="oligonucleotide"/>
      <span end="27411" id="16121255-24466" start="27395">oligonucleotides</span>
    </annotation>
    <annotation annotator="" id="SO_2017_06_11_Instance_211413" type="identity">
      <class id="SO_EXT:engineered_biological_sequence" label="engineered biological sequence"/>
      <span end="27852" id="16121255-24749" start="27842">constructs</span>
    </annotation>
    <annotation annotator="Mike Bada, University of Colorado School of Medicine" id="SO_2017_06_11_Instance_53161" type="identity">
      <class id="SO_EXT:wild_type_entity_or_quality" label="wild-typeness or wild-type entity"/>
      <span end="27874" id="16121255-24970" start="27865">wild-type</span>
    </annotation>
    <annotation annotator="Mike Bada, University of Colorado School of Medicine" id="SO_2017_06_11_Instance_31737" type="identity">
      <class id="SO_EXT:0000667" label="insertion"/>
      <span end="27905" id="16121255-24815" start="27899">insert</span>
    </annotation>
    <annotation annotator="Mike Bada, University of Colorado School of Medicine" id="SO_2017_06_11_Instance_53163" type="identity">
      <class id="SO_EXT:0000147" label="exon"/>
      <span end="28258" id="16121255-24972" start="28253">exons</span>
    </annotation>
    <annotation annotator="" id="SO_2017_06_11_Instance_211733" type="identity">
      <class id="SO_EXT:genomic_DNA" label="genomic DNA"/>
      <span end="28304" id="16121255-24755" start="28293">genomic DNA</span>
    </annotation>
    <annotation annotator="Mike Bada, University of Colorado School of Medicine" id="SO_2017_06_11_Instance_53165" type="identity">
      <class id="SO_EXT:0000147" label="exon"/>
      <span end="28340" id="16121255-24974" start="28336">exon</span>
    </annotation>
    <annotation annotator="Mike Bada, University of Colorado School of Medicine" id="SO_2017_06_11_Instance_53167" type="identity">
      <class id="SO_EXT:0000112" label="primer"/>
      <span end="28374" id="16121255-24976" start="28367">primers</span>
    </annotation>
    <annotation annotator="Mike Bada, University of Colorado School of Medicine" id="SO_2017_06_11_Instance_53169" type="identity">
      <class id="SO_EXT:wild_type_entity_or_quality" label="wild-typeness or wild-type entity"/>
      <span end="30609" id="16121255-24978" start="30600">wild-type</span>
    </annotation>
    <annotation annotator="Mike Bada, University of Colorado School of Medicine" id="SO_2017_06_11_Instance_53171" type="identity">
      <class id="SO_EXT:wild_type_entity_or_quality" label="wild-typeness or wild-type entity"/>
      <span end="30676" id="16121255-24980" start="30667">wild-type</span>
    </annotation>
    <annotation annotator="Mike Bada, University of Colorado School of Medicine" id="SO_2017_06_11_Instance_53173" type="identity">
      <class id="SO_EXT:0000440" label="vector_replicon"/>
      <span end="30710" id="16121255-24982" start="30704">vector</span>
    </annotation>
    <annotation annotator="Mike Bada, University of Colorado School of Medicine" id="SO_2017_06_11_Instance_53175" type="identity">
      <class id="SO_EXT:wild_type_entity_or_quality" label="wild-typeness or wild-type entity"/>
      <span end="31634" id="16121255-24984" start="31625">wild-type</span>
    </annotation>
    <annotation annotator="Mike Bada, University of Colorado School of Medicine" id="SO_2017_06_11_Instance_53177" type="identity">
      <class id="SO_EXT:0000440" label="vector_replicon"/>
      <span end="31673" id="16121255-24986" start="31667">vector</span>
    </annotation>
    <annotation annotator="" id="SO_2017_06_11_backup_Instance_13508" type="identity">
      <class id="CHEBI_SO_EXT:molecular_probe" label="molecular probe"/>
      <span end="32934" id="16121255-24468" start="32928">Probes</span>
    </annotation>
    <annotation annotator="" id="SO_2017_06_11_backup_Instance_13510" type="identity">
      <class id="CHEBI_SO_EXT:molecular_probe" label="molecular probe"/>
      <span end="33231" id="16121255-24470" start="33225">Probes</span>
    </annotation>
    <annotation annotator="Mike Bada, University of Colorado School of Medicine" id="SO_2017_06_11_Instance_53179" type="identity">
      <class id="SO_EXT:0000440" label="vector_replicon"/>
      <span end="33428" id="16121255-24988" start="33422">vector</span>
    </annotation>
    <annotation annotator="Mike Bada, University of Colorado School of Medicine" id="SO_2017_06_11_Instance_53181" type="identity">
      <class id="SO_EXT:wild_type_entity_or_quality" label="wild-typeness or wild-type entity"/>
      <span end="33445" id="16121255-24990" start="33436">wild-type</span>
    </annotation>
    <annotation annotator="" id="SO_2017_06_11_Instance_211415" type="identity">
      <class id="SO_EXT:engineered_biological_sequence" label="engineered biological sequence"/>
      <span end="33523" id="16121255-24751" start="33514">construct</span>
    </annotation>
    <annotation annotator="" id="SO_2017_06_11_backup_Instance_13512" type="identity">
      <class id="CHEBI_SO_EXT:molecular_indicator_or_label_or_marker_or_tag" label="molecular indicator/label/marker/tag"/>
      <span end="33832" id="16121255-24472" start="33825">markers</span>
    </annotation>
    <annotation annotator="" id="SO_2017_06_11_Instance_222134" type="identity">
      <class id="SO_EXT:sequence_fusion_entity_or_process" label="sequence fusion entity or process"/>
      <span end="34555" id="16121255-24781" start="34548">fusions</span>
    </annotation>
    <annotation annotator="" id="SO_2017_06_11_Instance_222136" type="identity">
      <class id="SO_EXT:sequence_fusion_entity_or_process" label="sequence fusion entity or process"/>
      <span end="34727" id="16121255-24783" start="34721">fusion</span>
    </annotation>
    <annotation annotator="" id="SO_2017_06_11_Instance_190727" type="identity">
      <class id="CHEBI_SO_EXT:arginine" label="arginine"/>
      <span end="35787" id="16121255-24724" start="35779">arginine</span>
    </annotation>
    <annotation annotator="" id="SO_2017_06_11_Instance_191301" type="identity">
      <class id="SO_EXT:biological_sequence" label="biological sequence"/>
      <span end="36011" id="16121255-24726" start="36003">Sequence</span>
    </annotation>
    <annotation annotator="" id="SO_2017_06_11_Instance_186778" type="identity">
      <class id="SO_EXT:sequence_altered_entity_or_alteration_process" label="sequence-altered entity or alteration process"/>
      <span end="36035" id="16121255-24610" start="36029">Mutant</span>
    </annotation>
    <annotation annotator="" id="SO_2017_06_11_Instance_189254" type="identity">
      <class id="SO_EXT:sequence_alteration_entity_or_process" label="sequence alteration entity or process"/>
      <span end="36091" id="16121255-24704" start="36083">mutation</span>
    </annotation>
    <annotation annotator="" id="SO_2017_06_11_Instance_70286" type="identity">
      <class id="SO_EXT:sequence_alteration_process" label="sequence alteration process"/>
      <span end="36118" id="16121255-25028" start="36111">mutated</span>
    </annotation>
    <annotation annotator="Mike Bada, University of Colorado School of Medicine" id="SO_2017_06_11_Instance_53187" type="identity">
      <class id="SO_EXT:0000360" label="codon"/>
      <span end="36124" id="16121255-24992" start="36119">codon</span>
    </annotation>
    <annotation annotator="" id="SO_2017_06_11_backup_Instance_13514" type="identity">
      <class id="CHEBI_SO_EXT:phenylalanine" label="phenylalanine"/>
      <span end="36134" id="16121255-24474" start="36131">Phe</span>
    </annotation>
    <annotation annotator="" id="SO_2017_06_11_backup_Instance_13516" type="identity">
      <class id="CHEBI_SO_EXT:valine" label="valine"/>
      <span end="36147" id="16121255-24476" start="36144">Val</span>
    </annotation>
    <annotation annotator="Mike Bada, University of Colorado School of Medicine" id="SO_2017_06_11_Instance_21565" type="identity">
      <class id="SO_EXT:wild_type_entity_or_quality" label="wild-typeness or wild-type entity"/>
      <span end="36169" id="16121255-24771" start="36167">WT</span>
    </annotation>
    <annotation annotator="Mike Bada, University of Colorado School of Medicine" id="SO_2017_06_11_Instance_21567" type="identity">
      <class id="SO_EXT:wild_type_entity_or_quality" label="wild-typeness or wild-type entity"/>
      <span end="36180" id="16121255-24773" start="36171">wild type</span>
    </annotation>
    <annotation annotator="" id="SO_2017_06_11_Instance_186780" type="identity">
      <class id="SO_EXT:sequence_altered_entity" label="sequence-altered entity"/>
      <span end="36185" id="16121255-24612" start="36182">Mut</span>
    </annotation>
    <annotation annotator="" id="SO_2017_06_11_Instance_186782" type="identity">
      <class id="SO_EXT:sequence_altered_entity" label="sequence-altered entity"/>
      <span end="36193" id="16121255-24614" start="36187">mutant</span>
    </annotation>
    <annotation annotator="" id="SO_2017_06_11_backup_Instance_13518" type="identity">
      <class id="CHEBI_SO_EXT:amino_acid" label="amino acid"/>
      <span end="36210" id="16121255-24478" start="36200">Amino acid</span>
    </annotation>
    <annotation annotator="" id="SO_2017_06_11_Instance_225338" type="identity">
      <class id="SO_EXT:biological_conservation_process_or_quality" label="biological conservation process or quality"/>
      <span end="36223" id="16121255-24797" start="36211">conservation</span>
    </annotation>
    <annotation annotator="" id="SO_2017_06_11_backup_Instance_13520" type="identity">
      <class id="CHEBI_SO_EXT:phenylalanine" label="phenylalanine"/>
      <span end="36299" id="16121255-24480" start="36286">phenylalanine</span>
    </annotation>
    <annotation annotator="" id="SO_2017_06_11_Instance_186784" type="identity">
      <class id="SO_EXT:sequence_altered_entity_or_alteration_process" label="sequence-altered entity or alteration process"/>
      <span end="36535" id="16121255-24616" start="36529">Mutant</span>
    </annotation>
    <annotation annotator="Mike Bada, University of Colorado School of Medicine" id="SO_2017_06_11_Instance_53191" type="identity">
      <class id="SO_EXT:wild_type_entity_or_quality" label="wild-typeness or wild-type entity"/>
      <span end="36627" id="16121255-24994" start="36618">wild-type</span>
    </annotation>
    <annotation annotator="" id="SO_2017_06_11_Instance_186786" type="identity">
      <class id="SO_EXT:sequence_altered_entity" label="sequence-altered entity"/>
      <span end="36746" id="16121255-24618" start="36740">mutant</span>
    </annotation>
    <annotation annotator="Mike Bada, University of Colorado School of Medicine" id="SO_2017_06_11_Instance_21569" type="identity">
      <class id="SO_EXT:wild_type_entity_or_quality" label="wild-typeness or wild-type entity"/>
      <span end="36862" id="16121255-24775" start="36853">Wild type</span>
    </annotation>
    <annotation annotator="Mike Bada, University of Colorado School of Medicine" id="SO_2017_06_11_Instance_21571" type="identity">
      <class id="SO_EXT:wild_type_entity_or_quality" label="wild-typeness or wild-type entity"/>
      <span end="36866" id="16121255-24777" start="36864">WT</span>
    </annotation>
    <annotation annotator="" id="SO_2017_06_11_Instance_186788" type="identity">
      <class id="SO_EXT:sequence_altered_entity" label="sequence-altered entity"/>
      <span end="36911" id="16121255-24620" start="36905">mutant</span>
    </annotation>
    <annotation annotator="" id="SO_2017_06_11_Instance_186790" type="identity">
      <class id="SO_EXT:sequence_altered_entity" label="sequence-altered entity"/>
      <span end="36916" id="16121255-24622" start="36913">Mut</span>
    </annotation>
    <annotation annotator="" id="SO_2017_06_11_Instance_186792" type="identity">
      <class id="SO_EXT:sequence_altered_entity_or_alteration_process" label="sequence-altered entity or alteration process"/>
      <span end="37376" id="16121255-24624" start="37370">mutant</span>
    </annotation>
    <annotation annotator="" id="SO_2017_06_11_Instance_186794" type="identity">
      <class id="SO_EXT:sequence_altered_entity_or_alteration_process" label="sequence-altered entity or alteration process"/>
      <span end="37545" id="16121255-24626" start="37539">mutant</span>
    </annotation>
    <annotation annotator="" id="SO_2017_06_11_Instance_186796" type="identity">
      <class id="SO_EXT:sequence_altered_entity_or_alteration_process" label="sequence-altered entity or alteration process"/>
      <span end="37705" id="16121255-24628" start="37699">mutant</span>
    </annotation>
    <annotation annotator="" id="SO_2017_06_11_Instance_186798" type="identity">
      <class id="SO_EXT:sequence_altered_entity_or_alteration_process" label="sequence-altered entity or alteration process"/>
      <span end="37723" id="16121255-24630" start="37717">mutant</span>
    </annotation>
    <annotation annotator="" id="SO_2017_06_11_Instance_186800" type="identity">
      <class id="SO_EXT:sequence_altered_entity_or_alteration_process" label="sequence-altered entity or alteration process"/>
      <span end="38074" id="16121255-24632" start="38068">mutant</span>
    </annotation>
    <annotation annotator="" id="SO_2017_06_11_Instance_186802" type="identity">
      <class id="SO_EXT:sequence_altered_entity" label="sequence-altered entity"/>
      <span end="38085" id="16121255-24634" start="38082">Mut</span>
    </annotation>
    <annotation annotator="" id="SO_2017_06_11_Instance_186804" type="identity">
      <class id="SO_EXT:sequence_altered_entity_or_alteration_process" label="sequence-altered entity or alteration process"/>
      <span end="38560" id="16121255-24636" start="38554">mutant</span>
    </annotation>
    <annotation annotator="" id="SO_2017_06_11_Instance_186806" type="identity">
      <class id="SO_EXT:sequence_altered_entity_or_alteration_process" label="sequence-altered entity or alteration process"/>
      <span end="38565" id="16121255-24638" start="38562">Mut</span>
    </annotation>
    <annotation annotator="Mike Bada, University of Colorado School of Medicine" id="SO_2017_06_11_Instance_53193" type="identity">
      <class id="SO_EXT:wild_type_entity_or_quality" label="wild-typeness or wild-type entity"/>
      <span end="38605" id="16121255-24996" start="38596">wild-type</span>
    </annotation>
    <annotation annotator="Mike Bada, University of Colorado School of Medicine" id="SO_2017_06_11_Instance_31757" type="identity">
      <class id="SO_EXT:wild_type_entity_or_quality" label="wild-typeness or wild-type entity"/>
      <span end="38609" id="16121255-24817" start="38607">WT</span>
    </annotation>
    <annotation annotator="" id="SO_2017_06_11_backup_Instance_13522" type="identity">
      <class id="CHEBI_SO_EXT:molecular_indicator_or_label_or_marker_or_tag" label="molecular indicator/label/marker/tag"/>
      <span end="38808" id="16121255-24482" start="38802">marker</span>
    </annotation>
    <annotation annotator="" id="SO_2017_06_11_Instance_186808" type="identity">
      <class id="SO_EXT:sequence_altered_entity_or_alteration_process" label="sequence-altered entity or alteration process"/>
      <span end="38913" id="16121255-24640" start="38907">mutant</span>
    </annotation>
    <annotation annotator="" id="SO_2017_06_11_Instance_211417" type="identity">
      <class id="SO_EXT:engineered_biological_sequence" label="engineered biological sequence"/>
      <span end="39061" id="16121255-24753" start="39051">constructs</span>
    </annotation>
    <annotation annotator="" id="SO_2017_06_11_Instance_91479" type="identity">
      <class id="SO_EXT:sequence_coding_function" label="sequence coding function"/>
      <span end="39070" id="16121255-25036" start="39062">encoding</span>
    </annotation>
    <annotation annotator="Mike Bada, University of Colorado School of Medicine" id="SO_2017_06_11_Instance_19045" type="identity">
      <class id="SO_EXT:wild_type_entity_or_quality" label="wild-typeness or wild-type entity"/>
      <span end="39079" id="16121255-24710" start="39077">WT</span>
    </annotation>
    <annotation annotator="" id="SO_2017_06_11_backup_Instance_13524" type="identity">
      <class id="CHEBI_SO_EXT:molecular_indicator_or_label_or_marker_or_tag" label="molecular indicator/label/marker/tag"/>
      <span end="39287" id="16121255-24484" start="39281">marker</span>
    </annotation>
    <annotation annotator="" id="SO_2017_06_11_Instance_186810" type="identity">
      <class id="SO_EXT:sequence_altered_entity_or_alteration_process" label="sequence-altered entity or alteration process"/>
      <span end="39448" id="16121255-24642" start="39442">Mutant</span>
    </annotation>
    <annotation annotator="" id="SO_2017_06_11_Instance_186812" type="identity">
      <class id="SO_EXT:sequence_altered_entity_or_alteration_process" label="sequence-altered entity or alteration process"/>
      <span end="39600" id="16121255-24644" start="39594">mutant</span>
    </annotation>
    <annotation annotator="" id="SO_2017_06_11_backup_Instance_13526" type="identity">
      <class id="CHEBI_SO_EXT:molecular_indicator_or_label_or_marker_or_tag" label="molecular indicator/label/marker/tag"/>
      <span end="39911" id="16121255-24486" start="39905">marker</span>
    </annotation>
    <annotation annotator="" id="SO_2017_06_11_backup_Instance_13528" type="identity">
      <class id="CHEBI_SO_EXT:molecular_indicator_or_label_or_marker_or_tag" label="molecular indicator/label/marker/tag"/>
      <span end="40001" id="16121255-24488" start="39995">marker</span>
    </annotation>
    <annotation annotator="" id="SO_2017_06_11_Instance_172211" type="identity">
      <class id="SO_EXT:sequence_rescue_process" label="sequence rescue process"/>
      <span end="40058" id="16121255-24516" start="40052">Rescue</span>
    </annotation>
    <annotation annotator="" id="SO_2017_06_11_Instance_180975" type="identity">
      <class id="SO_EXT:normal_or_wild_type_or_present" label="sequence wild-typeness, normalness or presence"/>
      <span end="40282" id="16121255-24528" start="40281">+</span>
    </annotation>
    <annotation annotator="" id="SO_2017_06_11_backup_Instance_13530" type="identity">
      <class id="CHEBI_SO_EXT:molecular_indicator_or_label_or_marker_or_tag" label="molecular indicator/label/marker/tag"/>
      <span end="40407" id="16121255-24490" start="40401">marker</span>
    </annotation>
    <annotation annotator="" id="SO_2017_06_11_Instance_186814" type="identity">
      <class id="SO_EXT:sequence_altered_entity_or_alteration_process" label="sequence-altered entity or alteration process"/>
      <span end="40433" id="16121255-24646" start="40427">Mutant</span>
    </annotation>
    <annotation annotator="Mike Bada, University of Colorado School of Medicine" id="SO_2017_06_11_Instance_53195" type="identity">
      <class id="SO_EXT:wild_type_entity_or_quality" label="wild-typeness or wild-type entity"/>
      <span end="40447" id="16121255-24998" start="40438">wild-type</span>
    </annotation>
    <annotation annotator="Mike Bada, University of Colorado School of Medicine" id="SO_2017_06_11_Instance_53197" type="identity">
      <class id="SO_EXT:wild_type_entity_or_quality" label="wild-typeness or wild-type entity"/>
      <span end="40512" id="16121255-25000" start="40503">wild-type</span>
    </annotation>
    <annotation annotator="" id="SO_2017_06_11_backup_Instance_17618" type="identity">
      <class id="CHEBI_SO_EXT:molecular_label_or_mark_or_tag_process" label="molecular label/mark/tag process"/>
      <span end="40562" id="16121255-24500" start="40556">tagged</span>
    </annotation>
    <annotation annotator="Mike Bada, University of Colorado School of Medicine" id="SO_2017_06_11_Instance_53199" type="identity">
      <class id="SO_EXT:wild_type_entity_or_quality" label="wild-typeness or wild-type entity"/>
      <span end="40572" id="16121255-25002" start="40563">wild-type</span>
    </annotation>
    <annotation annotator="" id="SO_2017_06_11_Instance_222138" type="identity">
      <class id="SO_EXT:sequence_fusion_entity_or_process" label="sequence fusion entity or process"/>
      <span end="40799" id="16121255-24785" start="40792">fusions</span>
    </annotation>
    <annotation annotator="Mike Bada, University of Colorado School of Medicine" id="SO_2017_06_11_Instance_53201" type="identity">
      <class id="SO_EXT:wild_type_entity_or_quality" label="wild-typeness or wild-type entity"/>
      <span end="40827" id="16121255-25004" start="40818">Wild-type</span>
    </annotation>
    <annotation annotator="" id="SO_2017_06_11_Instance_172213" type="identity">
      <class id="SO_EXT:sequence_rescue_process" label="sequence rescue process"/>
      <span end="40840" id="16121255-24518" start="40833">rescues</span>
    </annotation>
    <annotation annotator="" id="SO_2017_06_11_Instance_186816" type="identity">
      <class id="SO_EXT:sequence_altered_entity_or_alteration_process" label="sequence-altered entity or alteration process"/>
      <span end="40874" id="16121255-24648" start="40868">mutant</span>
    </annotation>
    <annotation annotator="" id="SO_2017_06_11_Instance_222140" type="identity">
      <class id="SO_EXT:sequence_fusion_entity_or_process" label="sequence fusion entity or process"/>
      <span end="40892" id="16121255-24787" start="40885">fusions</span>
    </annotation>
    <annotation annotator="Mike Bada, University of Colorado School of Medicine" id="SO_2017_06_11_Instance_53203" type="identity">
      <class id="SO_EXT:wild_type_entity_or_quality" label="wild-typeness or wild-type entity"/>
      <span end="40912" id="16121255-25006" start="40903">wild-type</span>
    </annotation>
    <annotation annotator="Mike Bada, University of Colorado School of Medicine" id="SO_2017_06_11_Instance_19047" type="identity">
      <class id="SO_EXT:wild_type_entity_or_quality" label="wild-typeness or wild-type entity"/>
      <span end="40921" id="16121255-24712" start="40919">WT</span>
    </annotation>
    <annotation annotator="Mike Bada, University of Colorado School of Medicine" id="SO_2017_06_11_Instance_53205" type="identity">
      <class id="SO_EXT:0000440" label="vector_replicon"/>
      <span end="41068" id="16121255-25008" start="41062">vector</span>
    </annotation>
    <annotation annotator="Mike Bada, University of Colorado School of Medicine" id="SO_2017_06_11_Instance_53207" type="identity">
      <class id="SO_EXT:0000440" label="vector_replicon"/>
      <span end="41082" id="16121255-25010" start="41076">vector</span>
    </annotation>
    <annotation annotator="Mike Bada, University of Colorado School of Medicine" id="SO_2017_06_11_Instance_19049" type="identity">
      <class id="SO_EXT:wild_type_entity_or_quality" label="wild-typeness or wild-type entity"/>
      <span end="41117" id="16121255-24714" start="41115">WT</span>
    </annotation>
    <annotation annotator="" id="SO_2017_06_11_Instance_186818" type="identity">
      <class id="SO_EXT:sequence_altered_entity_or_alteration_process" label="sequence-altered entity or alteration process"/>
      <span end="41269" id="16121255-24650" start="41263">Mutant</span>
    </annotation>
    <annotation annotator="Mike Bada, University of Colorado School of Medicine" id="SO_2017_06_11_Instance_53209" type="identity">
      <class id="SO_EXT:wild_type_entity_or_quality" label="wild-typeness or wild-type entity"/>
      <span end="41337" id="16121255-25012" start="41328">wild-type</span>
    </annotation>
    <annotation annotator="Mike Bada, University of Colorado School of Medicine" id="SO_2017_06_11_Instance_19051" type="identity">
      <class id="SO_EXT:wild_type_entity_or_quality" label="wild-typeness or wild-type entity"/>
      <span end="41351" id="16121255-24716" start="41349">WT</span>
    </annotation>
    <annotation annotator="" id="SO_2017_06_11_Instance_222142" type="identity">
      <class id="SO_EXT:sequence_fusion_process" label="sequence fusion process or quality"/>
      <span end="41363" id="16121255-24789" start="41358">fused</span>
    </annotation>
    <annotation annotator="Mike Bada, University of Colorado School of Medicine" id="SO_2017_06_11_Instance_53211" type="identity">
      <class id="SO_EXT:wild_type_entity_or_quality" label="wild-typeness or wild-type entity"/>
      <span end="41426" id="16121255-25014" start="41417">wild-type</span>
    </annotation>
    <annotation annotator="Mike Bada, University of Colorado School of Medicine" id="SO_2017_06_11_Instance_53213" type="identity">
      <class id="SO_EXT:0000440" label="vector_replicon"/>
      <span end="41441" id="16121255-25016" start="41435">vector</span>
    </annotation>
    <annotation annotator="Mike Bada, University of Colorado School of Medicine" id="SO_2017_06_11_Instance_53215" type="identity">
      <class id="SO_EXT:wild_type_entity_or_quality" label="wild-typeness or wild-type entity"/>
      <span end="41587" id="16121255-25018" start="41578">wild-type</span>
    </annotation>
    <annotation annotator="" id="SO_2017_06_11_Instance_189256" type="identity">
      <class id="SO_EXT:sequence_alteration_entity_or_process" label="sequence alteration entity or process"/>
      <span end="42070" id="16121255-24706" start="42062">mutation</span>
    </annotation>
    <graph-space id="Old Knowtator Relations"/>
  </document>
</knowtator-project>
