<?xml version="1.0" encoding="UTF-8" standalone="no"?>
<knowtator-project>
    <document id="17022820" text-file="17022820.txt">
        <annotation annotator="Mike Bada, University of Colorado School of Medicine" id="SO_2017_06_11_Instance_26495" type="identity">
            <class id="SO_EXT:0000704" label="gene"/>
            <span end="7" id="17022820-42104" start="0">Genetic</span>
        </annotation>
        <annotation annotator="Mike Bada, University of Colorado School of Medicine" id="SO_2017_06_11_Instance_30287" type="identity">
            <class id="SO_EXT:0000704" label="gene"/>
            <span end="422" id="17022820-42106" start="415">genetic</span>
        </annotation>
        <annotation annotator="" id="SO_2017_06_11_backup_Instance_30818" type="identity">
            <class id="GO_SO_EXT:chromosome" label="chromosome"/>
            <span end="653" id="17022820-41843" start="642">chromosomes</span>
        </annotation>
        <annotation annotator="" id="SO_2017_06_11_backup_Instance_30820" type="identity">
            <class id="GO_SO_EXT:chromosome" label="chromosome"/>
            <span end="1100" id="17022820-41845" start="1090">chromosome</span>
        </annotation>
        <annotation annotator="" id="SO_2017_06_11_Instance_222957" type="identity">
            <class id="SO_EXT:sequence_substitution_entity_or_process" label="sequence substitution entity or process"/>
            <span end="1113" id="17022820-42092" start="1101">substitution</span>
        </annotation>
        <annotation annotator="" id="SO_2017_06_11_backup_Instance_30822" type="identity">
            <class id="GO_SO_EXT:chromosome" label="chromosome"/>
            <span end="1138" id="17022820-41847" start="1127">chromosomes</span>
        </annotation>
        <annotation annotator="" id="SO_2017_06_11_backup_Instance_30824" type="identity">
            <class id="GO_SO_EXT:chromosome" label="chromosome"/>
            <span end="1589" id="17022820-41849" start="1579">chromosome</span>
        </annotation>
        <annotation annotator="" id="SO_2017_06_11_Instance_222959" type="identity">
            <class id="SO_EXT:sequence_substitution_entity_or_process" label="sequence substitution entity or process"/>
            <span end="1602" id="17022820-42094" start="1590">substitution</span>
        </annotation>
        <annotation annotator="" id="SO_2017_06_11_backup_Instance_30826" type="identity">
            <class id="GO_SO_EXT:chromosome" label="chromosome"/>
            <span end="1767" id="17022820-41851" start="1756">chromosomes</span>
        </annotation>
        <annotation annotator="" id="SO_2017_06_11_backup_Instance_30828" type="identity">
            <class id="GO_SO_EXT:chromosome" label="chromosome"/>
            <span end="1852" id="17022820-41853" start="1842">chromosome</span>
        </annotation>
        <annotation annotator="" id="SO_2017_06_11_Instance_222961" type="identity">
            <class id="SO_EXT:sequence_substitution_entity_or_process" label="sequence substitution entity or process"/>
            <span end="1865" id="17022820-42096" start="1853">substitution</span>
        </annotation>
        <annotation annotator="" id="SO_2017_06_11_backup_Instance_30830" type="identity">
            <class id="GO_SO_EXT:chromosome" label="chromosome"/>
            <span end="2147" id="17022820-41855" start="2137">chromosome</span>
        </annotation>
        <annotation annotator="" id="SO_2017_06_11_Instance_222963" type="identity">
            <class id="SO_EXT:sequence_substitution_entity_or_process" label="sequence substitution entity or process"/>
            <span end="2160" id="17022820-42098" start="2148">substitution</span>
        </annotation>
        <annotation annotator="Mike Bada, University of Colorado School of Medicine" id="SO_2017_06_11_Instance_62503" type="identity">
            <class id="SO_EXT:0000771" label="QTL"/>
            <span end="2333" id="17022820-42150" start="2330">QTL</span>
        </annotation>
        <annotation annotator="Mike Bada, University of Colorado School of Medicine" id="SO_2017_06_11_Instance_32415" type="identity">
            <class id="SO_EXT:0000704" label="gene"/>
            <span end="2382" id="17022820-42108" start="2375">genetic</span>
        </annotation>
        <annotation annotator="Mike Bada, University of Colorado School of Medicine" id="SO_2017_06_11_Instance_32529" type="identity">
            <class id="SO_EXT:0000704" label="gene"/>
            <span end="2541" id="17022820-42110" start="2534">genetic</span>
        </annotation>
        <annotation annotator="Mike Bada, University of Colorado School of Medicine" id="SO_2017_06_11_Instance_33353" type="identity">
            <class id="SO_EXT:0000704" label="gene"/>
            <span end="2696" id="17022820-42112" start="2689">genetic</span>
        </annotation>
        <annotation annotator="" id="SO_2017_06_11_Instance_189558" type="identity">
            <class id="SO_EXT:sequence_alteration_entity_or_process" label="sequence alteration entity or process"/>
            <span end="2706" id="17022820-42063" start="2697">mutations</span>
        </annotation>
        <annotation annotator="Mike Bada, University of Colorado School of Medicine" id="SO_2017_06_11_Instance_36247" type="identity">
            <class id="SO_EXT:0000704" label="gene"/>
            <span end="3140" id="17022820-42114" start="3133">genetic</span>
        </annotation>
        <annotation annotator="" id="SO_2017_06_11_Instance_221191" type="identity">
            <class id="SO_EXT:polymorphism" label="polymorphism entity or quality"/>
            <span end="3187" id="17022820-42088" start="3174">Polymorphisms</span>
        </annotation>
        <annotation annotator="" id="SO_2017_06_11_Instance_189560" type="identity">
            <class id="SO_EXT:sequence_alteration_entity_or_process" label="sequence alteration entity or process"/>
            <span end="3201" id="17022820-42065" start="3192">mutations</span>
        </annotation>
        <annotation annotator="" id="SO_2017_06_11_Instance_170432" type="identity">
            <class id="CHEBI_GO_SO_EXT:enzyme" label="enzyme"/>
            <span end="3371" id="17022820-41909" start="3364">enzymes</span>
        </annotation>
        <annotation annotator="Mike Bada, University of Colorado School of Medicine" id="SO_2017_06_11_Instance_36437" type="identity">
            <class id="SO_EXT:0000704" label="gene"/>
            <span end="3403" id="17022820-42116" start="3396">genetic</span>
        </annotation>
        <annotation annotator="Mike Bada, University of Colorado School of Medicine" id="SO_2017_06_11_Instance_36549" type="identity">
            <class id="SO_EXT:0000704" label="gene"/>
            <span end="3691" id="17022820-42118" start="3684">genetic</span>
        </annotation>
        <annotation annotator="Mike Bada, University of Colorado School of Medicine" id="SO_2017_06_11_Instance_36551" type="identity">
            <class id="SO_EXT:0000704" label="gene"/>
            <span end="3770" id="17022820-42120" start="3763">genetic</span>
        </annotation>
        <annotation annotator="" id="SO_2017_06_11_Instance_210024" type="identity">
            <class id="GO_SO_EXT:chromosomal_part_or_position_or_region_or_site" label="chromosomal part/position/region/site"/>
            <span end="4925" id="17022820-42073" start="4911">location(s) on</span>
            <span end="4947" id="17022820-42074" start="4937">chromosome</span>
        </annotation>
        <annotation annotator="Mike Bada, University of Colorado School of Medicine" id="SO_2017_06_11_Instance_62507" type="identity">
            <class id="SO_EXT:0000771" label="QTL"/>
            <span end="4975" id="17022820-42152" start="4951">quantitative trait locus</span>
        </annotation>
        <annotation annotator="Mike Bada, University of Colorado School of Medicine" id="SO_2017_06_11_Instance_62509" type="identity">
            <class id="SO_EXT:0000771" label="QTL"/>
            <span end="4980" id="17022820-42154" start="4977">QTL</span>
        </annotation>
        <annotation annotator="" id="SO_2017_06_11_Instance_175494" type="identity">
            <class id="SO_EXT:sequence_nullness_or_absence" label="sequence nullness or absence"/>
            <span end="5177" id="17022820-41911" start="5176">-</span>
        </annotation>
        <annotation annotator="" id="SO_2017_06_11_Instance_175496" type="identity">
            <class id="SO_EXT:sequence_nullness_or_absence" label="sequence nullness or absence"/>
            <span end="5179" id="17022820-41913" start="5178">-</span>
        </annotation>
        <annotation annotator="" id="SO_2017_06_11_Instance_175498" type="identity">
            <class id="SO_EXT:sequence_nullness_or_absence" label="sequence nullness or absence"/>
            <span end="5192" id="17022820-41915" start="5191">-</span>
        </annotation>
        <annotation annotator="" id="SO_2017_06_11_Instance_175500" type="identity">
            <class id="SO_EXT:sequence_nullness_or_absence" label="sequence nullness or absence"/>
            <span end="5194" id="17022820-41917" start="5193">-</span>
        </annotation>
        <annotation annotator="" id="SO_2017_06_11_backup_Instance_30834" type="identity">
            <class id="GO_SO_EXT:chromosome" label="chromosome"/>
            <span end="5247" id="17022820-41857" start="5237">chromosome</span>
        </annotation>
        <annotation annotator="" id="SO_2017_06_11_Instance_222965" type="identity">
            <class id="SO_EXT:sequence_substitution_entity_or_process" label="sequence substitution entity or process"/>
            <span end="5260" id="17022820-42100" start="5248">substitution</span>
        </annotation>
        <annotation annotator="" id="SO_2017_06_11_backup_Instance_16500" type="identity">
            <class id="CHEBI_SO_EXT:molecular_indicator_or_label_or_marker_or_tag" label="molecular indicator/label/marker/tag"/>
            <span end="5306" id="17022820-41839" start="5300">marker</span>
        </annotation>
        <annotation annotator="" id="SO_2017_06_11_Instance_200148" type="identity">
            <class id="SO_EXT:0001645" label="genetic_marker"/>
            <span end="5433" id="17022820-42069" start="5418">Genetic markers</span>
        </annotation>
        <annotation annotator="" id="SO_2017_06_11_backup_Instance_30836" type="identity">
            <class id="GO_SO_EXT:chromosome" label="chromosome"/>
            <span end="5525" id="17022820-41859" start="5515">chromosome</span>
        </annotation>
        <annotation annotator="" id="SO_2017_06_11_backup_Instance_30838" type="identity">
            <class id="GO_SO_EXT:chromosome" label="chromosome"/>
            <span end="5560" id="17022820-41861" start="5550">chromosome</span>
        </annotation>
        <annotation annotator="Mike Bada, University of Colorado School of Medicine" id="SO_2017_06_11_Instance_62519" type="identity">
            <class id="SO_EXT:0000771" label="QTL"/>
            <span end="5689" id="17022820-42156" start="5686">QTL</span>
        </annotation>
        <annotation annotator="" id="SO_2017_06_11_backup_Instance_30840" type="identity">
            <class id="GO_SO_EXT:chromosome" label="chromosome"/>
            <span end="5716" id="17022820-41863" start="5706">chromosome</span>
        </annotation>
        <annotation annotator="Mike Bada, University of Colorado School of Medicine" id="SO_2017_06_11_Instance_62523" type="identity">
            <class id="SO_EXT:0000771" label="QTL"/>
            <span end="5776" id="17022820-42158" start="5773">QTL</span>
        </annotation>
        <annotation annotator="Mike Bada, University of Colorado School of Medicine" id="SO_2017_06_11_Instance_62525" type="identity">
            <class id="SO_EXT:0001026" label="genome"/>
            <span end="5795" id="17022820-42160" start="5789">genome</span>
        </annotation>
        <annotation annotator="Mike Bada, University of Colorado School of Medicine" id="SO_2017_06_11_Instance_62527" type="identity">
            <class id="SO_EXT:0000771" label="QTL"/>
            <span end="5860" id="17022820-42162" start="5857">QTL</span>
        </annotation>
        <annotation annotator="Mike Bada, University of Colorado School of Medicine" id="SO_2017_06_11_Instance_62529" type="identity">
            <class id="SO_EXT:0000771" label="QTL"/>
            <span end="5889" id="17022820-42164" start="5886">QTL</span>
        </annotation>
        <annotation annotator="Mike Bada, University of Colorado School of Medicine" id="SO_2017_06_11_Instance_62531" type="identity">
            <class id="SO_EXT:0000771" label="QTL"/>
            <span end="5965" id="17022820-42166" start="5962">QTL</span>
        </annotation>
        <annotation annotator="" id="SO_2017_06_11_backup_Instance_15820" type="identity">
            <class id="CHEBI_SO_EXT:amino_acid" label="amino acid"/>
            <span end="6115" id="17022820-41835" start="6104">amino acids</span>
        </annotation>
        <annotation annotator="Mike Bada, University of Colorado School of Medicine" id="SO_2017_06_11_Instance_62535" type="identity">
            <class id="SO_EXT:0000771" label="QTL"/>
            <span end="6165" id="17022820-42168" start="6162">QTL</span>
        </annotation>
        <annotation annotator="Mike Bada, University of Colorado School of Medicine" id="SO_2017_06_11_Instance_62537" type="identity">
            <class id="SO_EXT:0001026" label="genome"/>
            <span end="6212" id="17022820-42170" start="6206">genome</span>
        </annotation>
        <annotation annotator="Mike Bada, University of Colorado School of Medicine" id="SO_2017_06_11_Instance_62539" type="identity">
            <class id="SO_EXT:0000771" label="QTL"/>
            <span end="6802" id="17022820-42172" start="6799">QTL</span>
        </annotation>
        <annotation annotator="Mike Bada, University of Colorado School of Medicine" id="SO_2017_06_11_Instance_37283" type="identity">
            <class id="SO_EXT:0000704" label="gene"/>
            <span end="6863" id="17022820-42122" start="6856">genetic</span>
        </annotation>
        <annotation annotator="Mike Bada, University of Colorado School of Medicine" id="SO_2017_06_11_Instance_62541" type="identity">
            <class id="SO_EXT:0000704" label="gene"/>
            <span end="7028" id="17022820-42174" start="7024">gene</span>
        </annotation>
        <annotation annotator="" id="SO_2017_06_11_Instance_175502" type="identity">
            <class id="SO_EXT:sequence_nullness_or_absence" label="sequence nullness or absence"/>
            <span end="7098" id="17022820-41919" start="7097">-</span>
        </annotation>
        <annotation annotator="" id="SO_2017_06_11_Instance_175504" type="identity">
            <class id="SO_EXT:sequence_nullness_or_absence" label="sequence nullness or absence"/>
            <span end="7100" id="17022820-41921" start="7099">-</span>
        </annotation>
        <annotation annotator="" id="SO_2017_06_11_Instance_175506" type="identity">
            <class id="SO_EXT:sequence_nullness_or_absence" label="sequence nullness or absence"/>
            <span end="7224" id="17022820-41923" start="7223">-</span>
        </annotation>
        <annotation annotator="" id="SO_2017_06_11_Instance_175508" type="identity">
            <class id="SO_EXT:sequence_nullness_or_absence" label="sequence nullness or absence"/>
            <span end="7226" id="17022820-41925" start="7225">-</span>
        </annotation>
        <annotation annotator="" id="SO_2017_06_11_Instance_175510" type="identity">
            <class id="SO_EXT:sequence_nullness_or_absence" label="sequence nullness or absence"/>
            <span end="7428" id="17022820-41927" start="7427">-</span>
        </annotation>
        <annotation annotator="" id="SO_2017_06_11_Instance_175512" type="identity">
            <class id="SO_EXT:sequence_nullness_or_absence" label="sequence nullness or absence"/>
            <span end="7430" id="17022820-41929" start="7429">-</span>
        </annotation>
        <annotation annotator="" id="SO_2017_06_11_Instance_212411" type="identity">
            <class id="SO_EXT:genotype_or_entity_with_genotype" label="genotype or entity with genotype"/>
            <span end="7518" id="17022820-42078" start="7509">Genotypes</span>
        </annotation>
        <annotation annotator="" id="SO_2017_06_11_Instance_183409" type="identity">
            <class id="SO_EXT:normal_or_wild_type_or_present" label="sequence wild-typeness, normalness or presence"/>
            <span end="7524" id="17022820-42057" start="7523">+</span>
        </annotation>
        <annotation annotator="" id="SO_2017_06_11_Instance_183411" type="identity">
            <class id="SO_EXT:normal_or_wild_type_or_present" label="sequence wild-typeness, normalness or presence"/>
            <span end="7526" id="17022820-42059" start="7525">+</span>
        </annotation>
        <annotation annotator="" id="SO_2017_06_11_Instance_183413" type="identity">
            <class id="SO_EXT:normal_or_wild_type_or_present" label="sequence wild-typeness, normalness or presence"/>
            <span end="7532" id="17022820-42061" start="7531">+</span>
        </annotation>
        <annotation annotator="" id="SO_2017_06_11_Instance_176080" type="identity">
            <class id="SO_EXT:sequence_nullness_or_absence" label="sequence nullness or absence"/>
            <span end="7534" id="17022820-42055" start="7533">-</span>
        </annotation>
        <annotation annotator="" id="SO_2017_06_11_Instance_175514" type="identity">
            <class id="SO_EXT:sequence_nullness_or_absence" label="sequence nullness or absence"/>
            <span end="7540" id="17022820-41931" start="7539">-</span>
        </annotation>
        <annotation annotator="" id="SO_2017_06_11_Instance_175516" type="identity">
            <class id="SO_EXT:sequence_nullness_or_absence" label="sequence nullness or absence"/>
            <span end="7542" id="17022820-41933" start="7541">-</span>
        </annotation>
        <annotation annotator="Mike Bada, University of Colorado School of Medicine" id="SO_2017_06_11_Instance_62545" type="identity">
            <class id="SO_EXT:wild_type_entity_or_quality" label="wild-typeness or wild-type entity"/>
            <span end="11732" id="17022820-42176" start="11723">wild-type</span>
        </annotation>
        <annotation annotator="Mike Bada, University of Colorado School of Medicine" id="SO_2017_06_11_Instance_39921" type="identity">
            <class id="SO_EXT:wild_type_entity_or_quality" label="wild-typeness or wild-type entity"/>
            <span end="11736" id="17022820-42134" start="11734">WT</span>
        </annotation>
        <annotation annotator="" id="SO_2017_06_11_Instance_175518" type="identity">
            <class id="SO_EXT:sequence_nullness_or_absence" label="sequence nullness or absence"/>
            <span end="11746" id="17022820-41935" start="11745">-</span>
        </annotation>
        <annotation annotator="" id="SO_2017_06_11_Instance_175520" type="identity">
            <class id="SO_EXT:sequence_nullness_or_absence" label="sequence nullness or absence"/>
            <span end="11748" id="17022820-41937" start="11747">-</span>
        </annotation>
        <annotation annotator="" id="SO_2017_06_11_Instance_175522" type="identity">
            <class id="SO_EXT:sequence_nullness_or_absence" label="sequence nullness or absence"/>
            <span end="11835" id="17022820-41939" start="11834">-</span>
        </annotation>
        <annotation annotator="" id="SO_2017_06_11_Instance_175524" type="identity">
            <class id="SO_EXT:sequence_nullness_or_absence" label="sequence nullness or absence"/>
            <span end="11837" id="17022820-41941" start="11836">-</span>
        </annotation>
        <annotation annotator="" id="SO_2017_06_11_Instance_212413" type="identity">
            <class id="SO_EXT:genotype_or_entity_with_genotype" label="genotype or entity with genotype"/>
            <span end="13853" id="17022820-42080" start="13845">genotype</span>
        </annotation>
        <annotation annotator="" id="SO_2017_06_11_Instance_212415" type="identity">
            <class id="SO_EXT:genotype_or_entity_with_genotype" label="genotype or entity with genotype"/>
            <span end="14039" id="17022820-42082" start="14031">genotype</span>
        </annotation>
        <annotation annotator="" id="SO_2017_06_11_Instance_175526" type="identity">
            <class id="SO_EXT:sequence_nullness_or_absence" label="sequence nullness or absence"/>
            <span end="14748" id="17022820-41943" start="14747">-</span>
        </annotation>
        <annotation annotator="" id="SO_2017_06_11_Instance_175528" type="identity">
            <class id="SO_EXT:sequence_nullness_or_absence" label="sequence nullness or absence"/>
            <span end="14750" id="17022820-41945" start="14749">-</span>
        </annotation>
        <annotation annotator="" id="SO_2017_06_11_Instance_175530" type="identity">
            <class id="SO_EXT:sequence_nullness_or_absence" label="sequence nullness or absence"/>
            <span end="14759" id="17022820-41947" start="14758">-</span>
        </annotation>
        <annotation annotator="" id="SO_2017_06_11_Instance_175532" type="identity">
            <class id="SO_EXT:sequence_nullness_or_absence" label="sequence nullness or absence"/>
            <span end="14761" id="17022820-41949" start="14760">-</span>
        </annotation>
        <annotation annotator="" id="SO_2017_06_11_Instance_175534" type="identity">
            <class id="SO_EXT:sequence_nullness_or_absence" label="sequence nullness or absence"/>
            <span end="15080" id="17022820-41951" start="15079">-</span>
        </annotation>
        <annotation annotator="" id="SO_2017_06_11_Instance_175536" type="identity">
            <class id="SO_EXT:sequence_nullness_or_absence" label="sequence nullness or absence"/>
            <span end="15082" id="17022820-41953" start="15081">-</span>
        </annotation>
        <annotation annotator="Mike Bada, University of Colorado School of Medicine" id="SO_2017_06_11_Instance_40809" type="identity">
            <class id="SO_EXT:wild_type_entity_or_quality" label="wild-typeness or wild-type entity"/>
            <span end="15102" id="17022820-42148" start="15100">WT</span>
        </annotation>
        <annotation annotator="" id="SO_2017_06_11_Instance_175538" type="identity">
            <class id="SO_EXT:sequence_nullness_or_absence" label="sequence nullness or absence"/>
            <span end="15162" id="17022820-41955" start="15161">-</span>
        </annotation>
        <annotation annotator="" id="SO_2017_06_11_Instance_175540" type="identity">
            <class id="SO_EXT:sequence_nullness_or_absence" label="sequence nullness or absence"/>
            <span end="15164" id="17022820-41957" start="15163">-</span>
        </annotation>
        <annotation annotator="" id="SO_2017_06_11_Instance_175542" type="identity">
            <class id="SO_EXT:sequence_nullness_or_absence" label="sequence nullness or absence"/>
            <span end="15487" id="17022820-41959" start="15486">-</span>
        </annotation>
        <annotation annotator="" id="SO_2017_06_11_Instance_175544" type="identity">
            <class id="SO_EXT:sequence_nullness_or_absence" label="sequence nullness or absence"/>
            <span end="15489" id="17022820-41961" start="15488">-</span>
        </annotation>
        <annotation annotator="" id="SO_2017_06_11_Instance_175548" type="identity">
            <class id="SO_EXT:sequence_nullness_or_absence" label="sequence nullness or absence"/>
            <span end="15500" id="17022820-41963" start="15499">-</span>
        </annotation>
        <annotation annotator="" id="SO_2017_06_11_Instance_175550" type="identity">
            <class id="SO_EXT:sequence_nullness_or_absence" label="sequence nullness or absence"/>
            <span end="15502" id="17022820-41965" start="15501">-</span>
        </annotation>
        <annotation annotator="Mike Bada, University of Colorado School of Medicine" id="SO_2017_06_11_Instance_39923" type="identity">
            <class id="SO_EXT:wild_type_entity_or_quality" label="wild-typeness or wild-type entity"/>
            <span end="15660" id="17022820-42136" start="15658">WT</span>
        </annotation>
        <annotation annotator="" id="SO_2017_06_11_Instance_175552" type="identity">
            <class id="SO_EXT:sequence_nullness_or_absence" label="sequence nullness or absence"/>
            <span end="15669" id="17022820-41967" start="15668">-</span>
        </annotation>
        <annotation annotator="" id="SO_2017_06_11_Instance_175554" type="identity">
            <class id="SO_EXT:sequence_nullness_or_absence" label="sequence nullness or absence"/>
            <span end="15671" id="17022820-41969" start="15670">-</span>
        </annotation>
        <annotation annotator="" id="SO_2017_06_11_Instance_175556" type="identity">
            <class id="SO_EXT:sequence_nullness_or_absence" label="sequence nullness or absence"/>
            <span end="15739" id="17022820-41971" start="15738">-</span>
        </annotation>
        <annotation annotator="" id="SO_2017_06_11_Instance_175558" type="identity">
            <class id="SO_EXT:sequence_nullness_or_absence" label="sequence nullness or absence"/>
            <span end="15741" id="17022820-41973" start="15740">-</span>
        </annotation>
        <annotation annotator="Mike Bada, University of Colorado School of Medicine" id="SO_2017_06_11_Instance_39925" type="identity">
            <class id="SO_EXT:wild_type_entity_or_quality" label="wild-typeness or wild-type entity"/>
            <span end="15911" id="17022820-42138" start="15909">WT</span>
        </annotation>
        <annotation annotator="" id="SO_2017_06_11_Instance_212417" type="identity">
            <class id="SO_EXT:genotype_or_entity_with_genotype" label="genotype or entity with genotype"/>
            <span end="15970" id="17022820-42084" start="15962">genotype</span>
        </annotation>
        <annotation annotator="" id="SO_2017_06_11_Instance_175560" type="identity">
            <class id="SO_EXT:sequence_nullness_or_absence" label="sequence nullness or absence"/>
            <span end="16412" id="17022820-41975" start="16411">-</span>
        </annotation>
        <annotation annotator="" id="SO_2017_06_11_Instance_175562" type="identity">
            <class id="SO_EXT:sequence_nullness_or_absence" label="sequence nullness or absence"/>
            <span end="16414" id="17022820-41977" start="16413">-</span>
        </annotation>
        <annotation annotator="" id="SO_2017_06_11_Instance_175564" type="identity">
            <class id="SO_EXT:sequence_nullness_or_absence" label="sequence nullness or absence"/>
            <span end="16425" id="17022820-41979" start="16424">-</span>
        </annotation>
        <annotation annotator="" id="SO_2017_06_11_Instance_175566" type="identity">
            <class id="SO_EXT:sequence_nullness_or_absence" label="sequence nullness or absence"/>
            <span end="16427" id="17022820-41981" start="16426">-</span>
        </annotation>
        <annotation annotator="" id="SO_2017_06_11_Instance_175568" type="identity">
            <class id="SO_EXT:sequence_nullness_or_absence" label="sequence nullness or absence"/>
            <span end="16504" id="17022820-41983" start="16503">-</span>
        </annotation>
        <annotation annotator="" id="SO_2017_06_11_Instance_175570" type="identity">
            <class id="SO_EXT:sequence_nullness_or_absence" label="sequence nullness or absence"/>
            <span end="16506" id="17022820-41985" start="16505">-</span>
        </annotation>
        <annotation annotator="Mike Bada, University of Colorado School of Medicine" id="SO_2017_06_11_Instance_40505" type="identity">
            <class id="SO_EXT:wild_type_entity_or_quality" label="wild-typeness or wild-type entity"/>
            <span end="16526" id="17022820-42140" start="16524">WT</span>
        </annotation>
        <annotation annotator="" id="SO_2017_06_11_Instance_175572" type="identity">
            <class id="SO_EXT:sequence_nullness_or_absence" label="sequence nullness or absence"/>
            <span end="16550" id="17022820-41987" start="16549">-</span>
        </annotation>
        <annotation annotator="" id="SO_2017_06_11_Instance_175574" type="identity">
            <class id="SO_EXT:sequence_nullness_or_absence" label="sequence nullness or absence"/>
            <span end="16552" id="17022820-41989" start="16551">-</span>
        </annotation>
        <annotation annotator="" id="SO_2017_06_11_Instance_212419" type="identity">
            <class id="SO_EXT:genotype_or_entity_with_genotype" label="genotype or entity with genotype"/>
            <span end="20697" id="17022820-42086" start="20689">genotype</span>
        </annotation>
        <annotation annotator="" id="SO_2017_06_11_backup_Instance_30842" type="identity">
            <class id="GO_SO_EXT:chromosome" label="chromosome"/>
            <span end="20840" id="17022820-41865" start="20829">chromosomes</span>
        </annotation>
        <annotation annotator="Mike Bada, University of Colorado School of Medicine" id="SO_2017_06_11_Instance_62557" type="identity">
            <class id="SO_EXT:0000771" label="QTL"/>
            <span end="20849" id="17022820-42178" start="20846">QTL</span>
        </annotation>
        <annotation annotator="" id="SO_2017_06_11_backup_Instance_30844" type="identity">
            <class id="GO_SO_EXT:chromosome" label="chromosome"/>
            <span end="22945" id="17022820-41867" start="22934">chromosomes</span>
        </annotation>
        <annotation annotator="" id="SO_2017_06_11_backup_Instance_30846" type="identity">
            <class id="GO_SO_EXT:chromosome" label="chromosome"/>
            <span end="23083" id="17022820-41869" start="23072">chromosomes</span>
        </annotation>
        <annotation annotator="" id="SO_2017_06_11_backup_Instance_30848" type="identity">
            <class id="GO_SO_EXT:chromosome" label="chromosome"/>
            <span end="23383" id="17022820-41871" start="23372">chromosomes</span>
        </annotation>
        <annotation annotator="" id="SO_2017_06_11_backup_Instance_30850" type="identity">
            <class id="GO_SO_EXT:chromosome" label="chromosome"/>
            <span end="23780" id="17022820-41873" start="23769">chromosomes</span>
        </annotation>
        <annotation annotator="" id="SO_2017_06_11_backup_Instance_30852" type="identity">
            <class id="GO_SO_EXT:chromosome" label="chromosome"/>
            <span end="25646" id="17022820-41875" start="25635">chromosomes</span>
        </annotation>
        <annotation annotator="Mike Bada, University of Colorado School of Medicine" id="SO_2017_06_11_Instance_62569" type="identity">
            <class id="SO_EXT:0000704" label="gene"/>
            <span end="26688" id="17022820-42180" start="26683">genes</span>
        </annotation>
        <annotation annotator="" id="SO_2017_06_11_backup_Instance_30854" type="identity">
            <class id="GO_SO_EXT:chromosome" label="chromosome"/>
            <span end="26702" id="17022820-41877" start="26692">chromosome</span>
        </annotation>
        <annotation annotator="" id="SO_2017_06_11_backup_Instance_30856" type="identity">
            <class id="GO_SO_EXT:chromosome" label="chromosome"/>
            <span end="26951" id="17022820-41879" start="26940">chromosomes</span>
        </annotation>
        <annotation annotator="Mike Bada, University of Colorado School of Medicine" id="SO_2017_06_11_Instance_62575" type="identity">
            <class id="SO_EXT:0000704" label="gene"/>
            <span end="27707" id="17022820-42182" start="27703">gene</span>
        </annotation>
        <annotation annotator="" id="SO_2017_06_11_backup_Instance_30858" type="identity">
            <class id="GO_SO_EXT:chromosome" label="chromosome"/>
            <span end="28091" id="17022820-41881" start="28080">chromosomes</span>
        </annotation>
        <annotation annotator="Mike Bada, University of Colorado School of Medicine" id="SO_2017_06_11_Instance_62579" type="identity">
            <class id="SO_EXT:0000704" label="gene"/>
            <span end="28111" id="17022820-42184" start="28106">genes</span>
        </annotation>
        <annotation annotator="" id="SO_2017_06_11_backup_Instance_30860" type="identity">
            <class id="GO_SO_EXT:chromosome" label="chromosome"/>
            <span end="28217" id="17022820-41883" start="28206">chromosomes</span>
        </annotation>
        <annotation annotator="" id="SO_2017_06_11_backup_Instance_30862" type="identity">
            <class id="GO_SO_EXT:chromosome" label="chromosome"/>
            <span end="28266" id="17022820-41885" start="28255">chromosomes</span>
        </annotation>
        <annotation annotator="" id="SO_2017_06_11_backup_Instance_30864" type="identity">
            <class id="GO_SO_EXT:chromosome" label="chromosome"/>
            <span end="28562" id="17022820-41887" start="28551">chromosomes</span>
        </annotation>
        <annotation annotator="" id="SO_2017_06_11_backup_Instance_30866" type="identity">
            <class id="GO_SO_EXT:chromosome" label="chromosome"/>
            <span end="28718" id="17022820-41889" start="28707">chromosomes</span>
        </annotation>
        <annotation annotator="Mike Bada, University of Colorado School of Medicine" id="SO_2017_06_11_Instance_37877" type="identity">
            <class id="SO_EXT:0000704" label="gene"/>
            <span end="28835" id="17022820-42124" start="28828">genetic</span>
        </annotation>
        <annotation annotator="" id="SO_2017_06_11_Instance_175576" type="identity">
            <class id="SO_EXT:sequence_nullness_or_absence" label="sequence nullness or absence"/>
            <span end="29933" id="17022820-41991" start="29932">-</span>
        </annotation>
        <annotation annotator="" id="SO_2017_06_11_Instance_175578" type="identity">
            <class id="SO_EXT:sequence_nullness_or_absence" label="sequence nullness or absence"/>
            <span end="29935" id="17022820-41993" start="29934">-</span>
        </annotation>
        <annotation annotator="" id="SO_2017_06_11_Instance_175580" type="identity">
            <class id="SO_EXT:sequence_nullness_or_absence" label="sequence nullness or absence"/>
            <span end="29967" id="17022820-41995" start="29966">-</span>
        </annotation>
        <annotation annotator="" id="SO_2017_06_11_Instance_175582" type="identity">
            <class id="SO_EXT:sequence_nullness_or_absence" label="sequence nullness or absence"/>
            <span end="29969" id="17022820-41997" start="29968">-</span>
        </annotation>
        <annotation annotator="Mike Bada, University of Colorado School of Medicine" id="SO_2017_06_11_Instance_62589" type="identity">
            <class id="SO_EXT:0000704" label="gene"/>
            <span end="30476" id="17022820-42186" start="30472">gene</span>
        </annotation>
        <annotation annotator="" id="SO_2017_06_11_Instance_221551" type="identity">
            <class id="SO_EXT:sequence_deletion_entity_or_process" label="sequence deletion entity or process"/>
            <span end="30486" id="17022820-42090" start="30477">deletions</span>
        </annotation>
        <annotation annotator="Mike Bada, University of Colorado School of Medicine" id="SO_2017_06_11_Instance_38411" type="identity">
            <class id="SO_EXT:0000704" label="gene"/>
            <span end="30756" id="17022820-42126" start="30749">genetic</span>
        </annotation>
        <annotation annotator="" id="SO_2017_06_11_Instance_175584" type="identity">
            <class id="SO_EXT:sequence_nullness_or_absence" label="sequence nullness or absence"/>
            <span end="31129" id="17022820-41999" start="31128">-</span>
        </annotation>
        <annotation annotator="" id="SO_2017_06_11_Instance_175586" type="identity">
            <class id="SO_EXT:sequence_nullness_or_absence" label="sequence nullness or absence"/>
            <span end="31131" id="17022820-42001" start="31130">-</span>
        </annotation>
        <annotation annotator="" id="SO_2017_06_11_Instance_175588" type="identity">
            <class id="SO_EXT:sequence_nullness_or_absence" label="sequence nullness or absence"/>
            <span end="31140" id="17022820-42003" start="31139">-</span>
        </annotation>
        <annotation annotator="" id="SO_2017_06_11_Instance_175590" type="identity">
            <class id="SO_EXT:sequence_nullness_or_absence" label="sequence nullness or absence"/>
            <span end="31142" id="17022820-42005" start="31141">-</span>
        </annotation>
        <annotation annotator="Mike Bada, University of Colorado School of Medicine" id="SO_2017_06_11_Instance_38413" type="identity">
            <class id="SO_EXT:0000704" label="gene"/>
            <span end="31355" id="17022820-42128" start="31348">genetic</span>
        </annotation>
        <annotation annotator="" id="SO_2017_06_11_Instance_175592" type="identity">
            <class id="SO_EXT:sequence_nullness_or_absence" label="sequence nullness or absence"/>
            <span end="31582" id="17022820-42007" start="31581">-</span>
        </annotation>
        <annotation annotator="" id="SO_2017_06_11_Instance_175594" type="identity">
            <class id="SO_EXT:sequence_nullness_or_absence" label="sequence nullness or absence"/>
            <span end="31584" id="17022820-42009" start="31583">-</span>
        </annotation>
        <annotation annotator="" id="SO_2017_06_11_Instance_175596" type="identity">
            <class id="SO_EXT:sequence_nullness_or_absence" label="sequence nullness or absence"/>
            <span end="31625" id="17022820-42011" start="31624">-</span>
        </annotation>
        <annotation annotator="" id="SO_2017_06_11_Instance_175598" type="identity">
            <class id="SO_EXT:sequence_nullness_or_absence" label="sequence nullness or absence"/>
            <span end="31627" id="17022820-42013" start="31626">-</span>
        </annotation>
        <annotation annotator="" id="SO_2017_06_11_Instance_175600" type="identity">
            <class id="SO_EXT:sequence_nullness_or_absence" label="sequence nullness or absence"/>
            <span end="31667" id="17022820-42015" start="31666">-</span>
        </annotation>
        <annotation annotator="" id="SO_2017_06_11_Instance_175602" type="identity">
            <class id="SO_EXT:sequence_nullness_or_absence" label="sequence nullness or absence"/>
            <span end="31669" id="17022820-42017" start="31668">-</span>
        </annotation>
        <annotation annotator="" id="SO_2017_06_11_Instance_175604" type="identity">
            <class id="SO_EXT:sequence_nullness_or_absence" label="sequence nullness or absence"/>
            <span end="31725" id="17022820-42019" start="31724">-</span>
        </annotation>
        <annotation annotator="" id="SO_2017_06_11_Instance_175606" type="identity">
            <class id="SO_EXT:sequence_nullness_or_absence" label="sequence nullness or absence"/>
            <span end="31727" id="17022820-42021" start="31726">-</span>
        </annotation>
        <annotation annotator="" id="SO_2017_06_11_Instance_175608" type="identity">
            <class id="SO_EXT:sequence_nullness_or_absence" label="sequence nullness or absence"/>
            <span end="31968" id="17022820-42023" start="31967">-</span>
        </annotation>
        <annotation annotator="" id="SO_2017_06_11_Instance_175610" type="identity">
            <class id="SO_EXT:sequence_nullness_or_absence" label="sequence nullness or absence"/>
            <span end="31970" id="17022820-42025" start="31969">-</span>
        </annotation>
        <annotation annotator="" id="SO_2017_06_11_Instance_175612" type="identity">
            <class id="SO_EXT:sequence_nullness_or_absence" label="sequence nullness or absence"/>
            <span end="31976" id="17022820-42027" start="31975">-</span>
        </annotation>
        <annotation annotator="" id="SO_2017_06_11_Instance_175614" type="identity">
            <class id="SO_EXT:sequence_nullness_or_absence" label="sequence nullness or absence"/>
            <span end="31978" id="17022820-42029" start="31977">-</span>
        </annotation>
        <annotation annotator="" id="SO_2017_06_11_Instance_175616" type="identity">
            <class id="SO_EXT:sequence_nullness_or_absence" label="sequence nullness or absence"/>
            <span end="31986" id="17022820-42031" start="31985">-</span>
        </annotation>
        <annotation annotator="" id="SO_2017_06_11_Instance_175618" type="identity">
            <class id="SO_EXT:sequence_nullness_or_absence" label="sequence nullness or absence"/>
            <span end="31988" id="17022820-42033" start="31987">-</span>
        </annotation>
        <annotation annotator="Mike Bada, University of Colorado School of Medicine" id="SO_2017_06_11_Instance_40507" type="identity">
            <class id="SO_EXT:wild_type_entity_or_quality" label="wild-typeness or wild-type entity"/>
            <span end="32008" id="17022820-42142" start="32006">WT</span>
        </annotation>
        <annotation annotator="" id="SO_2017_06_11_Instance_175620" type="identity">
            <class id="SO_EXT:sequence_nullness_or_absence" label="sequence nullness or absence"/>
            <span end="32220" id="17022820-42035" start="32219">-</span>
        </annotation>
        <annotation annotator="" id="SO_2017_06_11_Instance_175622" type="identity">
            <class id="SO_EXT:sequence_nullness_or_absence" label="sequence nullness or absence"/>
            <span end="32222" id="17022820-42037" start="32221">-</span>
        </annotation>
        <annotation annotator="" id="SO_2017_06_11_Instance_175624" type="identity">
            <class id="SO_EXT:sequence_nullness_or_absence" label="sequence nullness or absence"/>
            <span end="32266" id="17022820-42039" start="32265">-</span>
        </annotation>
        <annotation annotator="" id="SO_2017_06_11_Instance_175626" type="identity">
            <class id="SO_EXT:sequence_nullness_or_absence" label="sequence nullness or absence"/>
            <span end="32268" id="17022820-42041" start="32267">-</span>
        </annotation>
        <annotation annotator="Mike Bada, University of Colorado School of Medicine" id="SO_2017_06_11_Instance_10349" type="identity">
            <class id="SO_EXT:0000704" label="gene"/>
            <span end="32444" id="17022820-41903" start="32433">genetically</span>
        </annotation>
        <annotation annotator="Mike Bada, University of Colorado School of Medicine" id="SO_2017_06_11_Instance_10615" type="identity">
            <class id="SO_EXT:0000704" label="gene"/>
            <span end="32520" id="17022820-41905" start="32509">genetically</span>
        </annotation>
        <annotation annotator="" id="SO_2017_06_11_Instance_175628" type="identity">
            <class id="SO_EXT:sequence_nullness_or_absence" label="sequence nullness or absence"/>
            <span end="32831" id="17022820-42043" start="32830">-</span>
        </annotation>
        <annotation annotator="" id="SO_2017_06_11_Instance_175630" type="identity">
            <class id="SO_EXT:sequence_nullness_or_absence" label="sequence nullness or absence"/>
            <span end="32833" id="17022820-42045" start="32832">-</span>
        </annotation>
        <annotation annotator="Mike Bada, University of Colorado School of Medicine" id="SO_2017_06_11_Instance_40509" type="identity">
            <class id="SO_EXT:wild_type_entity_or_quality" label="wild-typeness or wild-type entity"/>
            <span end="32965" id="17022820-42144" start="32963">WT</span>
        </annotation>
        <annotation annotator="" id="SO_2017_06_11_Instance_175632" type="identity">
            <class id="SO_EXT:sequence_nullness_or_absence" label="sequence nullness or absence"/>
            <span end="32987" id="17022820-42047" start="32986">-</span>
        </annotation>
        <annotation annotator="" id="SO_2017_06_11_Instance_175634" type="identity">
            <class id="SO_EXT:sequence_nullness_or_absence" label="sequence nullness or absence"/>
            <span end="32989" id="17022820-42049" start="32988">-</span>
        </annotation>
        <annotation annotator="Mike Bada, University of Colorado School of Medicine" id="SO_2017_06_11_Instance_62591" type="identity">
            <class id="SO_EXT:0000704" label="gene"/>
            <span end="33478" id="17022820-42188" start="33473">genes</span>
        </annotation>
        <annotation annotator="" id="SO_2017_06_11_backup_Instance_30868" type="identity">
            <class id="GO_SO_EXT:chromosome" label="chromosome"/>
            <span end="33545" id="17022820-41891" start="33534">chromosomes</span>
        </annotation>
        <annotation annotator="Mike Bada, University of Colorado School of Medicine" id="SO_2017_06_11_Instance_62595" type="identity">
            <class id="SO_EXT:0000771" label="QTL"/>
            <span end="33564" id="17022820-42190" start="33561">QTL</span>
        </annotation>
        <annotation annotator="Mike Bada, University of Colorado School of Medicine" id="SO_2017_06_11_Instance_10617" type="identity">
            <class id="SO_EXT:0001023" label="allele"/>
            <span end="33988" id="17022820-41907" start="33981">allelic</span>
        </annotation>
        <annotation annotator="Mike Bada, University of Colorado School of Medicine" id="SO_2017_06_11_Instance_62597" type="identity">
            <class id="SO_EXT:0000704" label="gene"/>
            <span end="34016" id="17022820-42192" start="34012">gene</span>
        </annotation>
        <annotation annotator="" id="SO_2017_06_11_backup_Instance_30870" type="identity">
            <class id="GO_SO_EXT:chromosome" label="chromosome"/>
            <span end="34321" id="17022820-41893" start="34318">Chr</span>
        </annotation>
        <annotation annotator="" id="SO_2017_06_11_backup_Instance_30872" type="identity">
            <class id="GO_SO_EXT:chromosome" label="chromosome"/>
            <span end="34371" id="17022820-41895" start="34361">chromosome</span>
        </annotation>
        <annotation annotator="Mike Bada, University of Colorado School of Medicine" id="SO_2017_06_11_Instance_62603" type="identity">
            <class id="SO_EXT:0000704" label="gene"/>
            <span end="34401" id="17022820-42194" start="34397">gene</span>
        </annotation>
        <annotation annotator="Mike Bada, University of Colorado School of Medicine" id="SO_2017_06_11_Instance_62605" type="identity">
            <class id="SO_EXT:0000771" label="QTL"/>
            <span end="34555" id="17022820-42196" start="34552">QTL</span>
        </annotation>
        <annotation annotator="Mike Bada, University of Colorado School of Medicine" id="SO_2017_06_11_Instance_62607" type="identity">
            <class id="SO_EXT:0000704" label="gene"/>
            <span end="34583" id="17022820-42198" start="34578">genes</span>
        </annotation>
        <annotation annotator="" id="SO_2017_06_11_backup_Instance_30874" type="identity">
            <class id="GO_SO_EXT:chromosome" label="chromosome"/>
            <span end="34649" id="17022820-41897" start="34639">chromosome</span>
        </annotation>
        <annotation annotator="Mike Bada, University of Colorado School of Medicine" id="SO_2017_06_11_Instance_62611" type="identity">
            <class id="SO_EXT:0000704" label="gene"/>
            <span end="34681" id="17022820-42200" start="34676">genes</span>
        </annotation>
        <annotation annotator="" id="SO_2017_06_11_backup_Instance_15822" type="identity">
            <class id="CHEBI_SO_EXT:DNA" label="DNA"/>
            <span end="34686" id="17022820-41837" start="34683">DNA</span>
        </annotation>
        <annotation annotator="Mike Bada, University of Colorado School of Medicine" id="SO_2017_06_11_Instance_62615" type="identity">
            <class id="SO_EXT:0000028" label="base_pair"/>
            <span end="34696" id="17022820-42202" start="34687">base pair</span>
        </annotation>
        <annotation annotator="" id="SO_2017_06_11_Instance_190004" type="identity">
            <class id="SO_EXT:biological_sequence" label="biological sequence"/>
            <span end="34705" id="17022820-42067" start="34697">sequence</span>
        </annotation>
        <annotation annotator="Mike Bada, University of Colorado School of Medicine" id="SO_2017_06_11_Instance_62617" type="identity">
            <class id="SO_EXT:0000704" label="gene"/>
            <span end="34729" id="17022820-42204" start="34725">gene</span>
        </annotation>
        <annotation annotator="Mike Bada, University of Colorado School of Medicine" id="SO_2017_06_11_Instance_62619" type="identity">
            <class id="SO_EXT:0000704" label="gene"/>
            <span end="34756" id="17022820-42206" start="34752">gene</span>
        </annotation>
        <annotation annotator="Mike Bada, University of Colorado School of Medicine" id="SO_2017_06_11_Instance_62621" type="identity">
            <class id="SO_EXT:0000704" label="gene"/>
            <span end="34831" id="17022820-42208" start="34826">genes</span>
        </annotation>
        <annotation annotator="" id="SO_2017_06_11_Instance_20248" type="identity">
            <class id="SO_EXT:sequence_upstreamness" label="sequence upstreamness"/>
            <span end="34840" id="17022820-42071" start="34832">upstream</span>
        </annotation>
        <annotation annotator="" id="SO_2017_06_11_Instance_210628" type="identity">
            <class id="SO_EXT:coding_sequence" label="coding sequence"/>
            <span end="34861" id="17022820-42076" start="34848">coding region</span>
        </annotation>
        <annotation annotator="Mike Bada, University of Colorado School of Medicine" id="SO_2017_06_11_Instance_62623" type="identity">
            <class id="SO_EXT:0000704" label="gene"/>
            <span end="34927" id="17022820-42210" start="34922">genes</span>
        </annotation>
        <annotation annotator="" id="SO_2017_06_11_backup_Instance_30876" type="identity">
            <class id="GO_SO_EXT:chromosome" label="chromosome"/>
            <span end="35283" id="17022820-41899" start="35272">chromosomes</span>
        </annotation>
        <annotation annotator="Mike Bada, University of Colorado School of Medicine" id="SO_2017_06_11_Instance_62627" type="identity">
            <class id="SO_EXT:0000771" label="QTL"/>
            <span end="35326" id="17022820-42212" start="35323">QTL</span>
        </annotation>
        <annotation annotator="Mike Bada, University of Colorado School of Medicine" id="SO_2017_06_11_Instance_62629" type="identity">
            <class id="SO_EXT:0000704" label="gene"/>
            <span end="35357" id="17022820-42214" start="35352">genes</span>
        </annotation>
        <annotation annotator="Mike Bada, University of Colorado School of Medicine" id="SO_2017_06_11_Instance_38513" type="identity">
            <class id="SO_EXT:0000704" label="gene"/>
            <span end="35564" id="17022820-42130" start="35557">genetic</span>
        </annotation>
        <annotation annotator="Mike Bada, University of Colorado School of Medicine" id="SO_2017_06_11_Instance_62631" type="identity">
            <class id="SO_EXT:0000704" label="gene"/>
            <span end="35677" id="17022820-42216" start="35672">genes</span>
        </annotation>
        <annotation annotator="Mike Bada, University of Colorado School of Medicine" id="SO_2017_06_11_Instance_62633" type="identity">
            <class id="SO_EXT:0000704" label="gene"/>
            <span end="35711" id="17022820-42218" start="35706">genes</span>
        </annotation>
        <annotation annotator="Mike Bada, University of Colorado School of Medicine" id="SO_2017_06_11_Instance_38753" type="identity">
            <class id="SO_EXT:0000704" label="gene"/>
            <span end="35993" id="17022820-42132" start="35986">genetic</span>
        </annotation>
        <annotation annotator="" id="SO_2017_06_11_backup_Instance_30878" type="identity">
            <class id="GO_SO_EXT:chromosome" label="chromosome"/>
            <span end="36074" id="17022820-41901" start="36064">chromosome</span>
        </annotation>
        <annotation annotator="" id="SO_2017_06_11_Instance_222967" type="identity">
            <class id="SO_EXT:sequence_substitution_entity_or_process" label="sequence substitution entity or process"/>
            <span end="36087" id="17022820-42102" start="36075">substitution</span>
        </annotation>
        <annotation annotator="" id="SO_2017_06_11_backup_Instance_30064" type="identity">
            <class id="GO_SO_EXT:chromosome" label="chromosome"/>
            <span end="36111" id="17022820-41841" start="36108">Chr</span>
        </annotation>
        <annotation annotator="Mike Bada, University of Colorado School of Medicine" id="SO_2017_06_11_Instance_40511" type="identity">
            <class id="SO_EXT:wild_type_entity_or_quality" label="wild-typeness or wild-type entity"/>
            <span end="36146" id="17022820-42146" start="36144">WT</span>
        </annotation>
        <annotation annotator="Mike Bada, University of Colorado School of Medicine" id="SO_2017_06_11_Instance_62639" type="identity">
            <class id="SO_EXT:wild_type_entity_or_quality" label="wild-typeness or wild-type entity"/>
            <span end="36158" id="17022820-42220" start="36149">wild-type</span>
        </annotation>
        <annotation annotator="" id="SO_2017_06_11_Instance_175636" type="identity">
            <class id="SO_EXT:sequence_nullness_or_absence" label="sequence nullness or absence"/>
            <span end="36161" id="17022820-42051" start="36160">-</span>
        </annotation>
        <annotation annotator="" id="SO_2017_06_11_Instance_175638" type="identity">
            <class id="SO_EXT:sequence_nullness_or_absence" label="sequence nullness or absence"/>
            <span end="36163" id="17022820-42053" start="36162">-</span>
        </annotation>
        <annotation annotator="Mike Bada, University of Colorado School of Medicine" id="SO_2017_06_11_Instance_62641" type="identity">
            <class id="SO_EXT:0000771" label="QTL"/>
            <span end="36351" id="17022820-42222" start="36348">QTL</span>
        </annotation>
        <annotation annotator="Mike Bada, University of Colorado School of Medicine" id="SO_2017_06_11_Instance_62643" type="identity">
            <class id="SO_EXT:0000771" label="QTL"/>
            <span end="36378" id="17022820-42224" start="36354">quantitative trait locus</span>
        </annotation>
        <graph-space id="Old Knowtator Relations"/>
    </document>
</knowtator-project>
