<?xml version="1.0" encoding="UTF-8" standalone="no"?>
<knowtator-project>
  <document id="17078885" text-file="17078885.txt">
    <annotation annotator="" id="SO_2017_06_11_Instance_80380" type="identity">
      <class id="SO_EXT:sequence_deletion_process" label="sequence deletion process"/>
      <span end="627" id="17078885-43210" start="620">deleted</span>
    </annotation>
    <annotation annotator="" id="SO_2017_06_11_Instance_221559" type="identity">
      <class id="SO_EXT:sequence_deletion_entity_or_process" label="sequence deletion entity or process"/>
      <span end="3360" id="17078885-43146" start="3352">deletion</span>
    </annotation>
    <annotation annotator="" id="SO_2017_06_11_Instance_221561" type="identity">
      <class id="SO_EXT:sequence_deletion_entity_or_process" label="sequence deletion entity or process"/>
      <span end="4578" id="17078885-43148" start="4570">deletion</span>
    </annotation>
    <annotation annotator="" id="SO_2017_06_11_Instance_187696" type="identity">
      <class id="SO_EXT:sequence_altered_entity" label="sequence-altered entity"/>
      <span end="4681" id="17078885-42945" start="4674">mutants</span>
    </annotation>
    <annotation annotator="" id="SO_2017_06_11_Instance_187698" type="identity">
      <class id="SO_EXT:sequence_altered_entity" label="sequence-altered entity"/>
      <span end="4769" id="17078885-42947" start="4762">mutants</span>
    </annotation>
    <annotation annotator="" id="SO_2017_06_11_Instance_187700" type="identity">
      <class id="SO_EXT:sequence_altered_entity" label="sequence-altered entity"/>
      <span end="4954" id="17078885-42949" start="4947">mutants</span>
    </annotation>
    <annotation annotator="" id="SO_2017_06_11_Instance_187702" type="identity">
      <class id="SO_EXT:sequence_altered_entity" label="sequence-altered entity"/>
      <span end="5233" id="17078885-42951" start="5226">mutants</span>
    </annotation>
    <annotation annotator="" id="SO_2017_06_11_Instance_187704" type="identity">
      <class id="SO_EXT:sequence_altered_entity_or_alteration_process" label="sequence-altered entity or alteration process"/>
      <span end="5329" id="17078885-42953" start="5323">mutant</span>
    </annotation>
    <annotation annotator="" id="SO_2017_06_11_Instance_187706" type="identity">
      <class id="SO_EXT:sequence_altered_entity" label="sequence-altered entity"/>
      <span end="5709" id="17078885-42955" start="5702">mutants</span>
    </annotation>
    <annotation annotator="Mike Bada, University of Colorado School of Medicine" id="SO_2017_06_11_Instance_62901" type="identity">
      <class id="SO:0000359" label="floxed"/>
      <span end="6065" id="17078885-43180" start="6059">floxed</span>
    </annotation>
    <annotation annotator="Mike Bada, University of Colorado School of Medicine" id="SO_2017_06_11_Instance_62903" type="identity">
      <class id="SO_EXT:0001023" label="allele"/>
      <span end="6077" id="17078885-43182" start="6071">allele</span>
    </annotation>
    <annotation annotator="" id="SO_2017_06_11_Instance_224693" type="identity">
      <class id="SO:0000359" label="floxed"/>
      <span end="6087" id="17078885-43162" start="6083">Flox</span>
    </annotation>
    <annotation annotator="Mike Bada, University of Colorado School of Medicine" id="SO_2017_06_11_Instance_39533" type="identity">
      <class id="SO:0000359" label="floxed"/>
      <span end="6092" id="17078885-43176" start="6088">Flox</span>
    </annotation>
    <annotation annotator="" id="SO_2017_06_11_Instance_224099" type="identity">
      <class id="SO_EXT:transgenic_entity" label="transgenic entity"/>
      <span end="6127" id="17078885-43158" start="6117">transgenic</span>
    </annotation>
    <annotation annotator="Mike Bada, University of Colorado School of Medicine" id="SO_2017_06_11_Instance_62905" type="identity">
      <class id="SO_EXT:0001023" label="allele"/>
      <span end="6205" id="17078885-43184" start="6199">allele</span>
    </annotation>
    <annotation annotator="Mike Bada, University of Colorado School of Medicine" id="SO_2017_06_11_Instance_62907" type="identity">
      <class id="SO_EXT:0001023" label="allele"/>
      <span end="6221" id="17078885-43186" start="6215">allele</span>
    </annotation>
    <annotation annotator="" id="SO_2017_06_11_Instance_224695" type="identity">
      <class id="SO:0000359" label="floxed"/>
      <span end="6271" id="17078885-43164" start="6267">Flox</span>
    </annotation>
    <annotation annotator="Mike Bada, University of Colorado School of Medicine" id="SO_2017_06_11_Instance_62909" type="identity">
      <class id="SO_EXT:0001023" label="allele"/>
      <span end="6290" id="17078885-43188" start="6283">alleles</span>
    </annotation>
    <annotation annotator="Mike Bada, University of Colorado School of Medicine" id="SO_2017_06_11_Instance_62911" type="identity">
      <class id="SO_EXT:0000902" label="transgene"/>
      <span end="6333" id="17078885-43190" start="6324">transgene</span>
    </annotation>
    <annotation annotator="Mike Bada, University of Colorado School of Medicine" id="SO_2017_06_11_Instance_62913" type="identity">
      <class id="SO_EXT:0000704" label="gene"/>
      <span end="6352" id="17078885-43192" start="6348">gene</span>
    </annotation>
    <annotation annotator="Mike Bada, University of Colorado School of Medicine" id="SO_2017_06_11_Instance_39913" type="identity">
      <class id="SO_EXT:0001023" label="allele"/>
      <span end="6461" id="17078885-43178" start="6454">allelic</span>
    </annotation>
    <annotation annotator="" id="SO_2017_06_11_Instance_224697" type="identity">
      <class id="SO:0000359" label="floxed"/>
      <span end="6534" id="17078885-43166" start="6530">Flox</span>
    </annotation>
    <annotation annotator="" id="SO_2017_06_11_Instance_183979" type="identity">
      <class id="SO_EXT:normal_or_wild_type_or_present" label="sequence wild-typeness, normalness or presence"/>
      <span end="6536" id="17078885-42933" start="6535">+</span>
    </annotation>
    <annotation annotator="" id="SO_2017_06_11_Instance_183981" type="identity">
      <class id="SO_EXT:normal_or_wild_type_or_present" label="sequence wild-typeness, normalness or presence"/>
      <span end="6546" id="17078885-42935" start="6545">+</span>
    </annotation>
    <annotation annotator="" id="SO_2017_06_11_Instance_187710" type="identity">
      <class id="SO_EXT:sequence_altered_entity" label="sequence-altered entity"/>
      <span end="6670" id="17078885-42957" start="6663">mutants</span>
    </annotation>
    <annotation annotator="" id="SO_2017_06_11_Instance_187712" type="identity">
      <class id="SO_EXT:sequence_altered_entity_or_alteration_process" label="sequence-altered entity or alteration process"/>
      <span end="6706" id="17078885-42959" start="6700">mutant</span>
    </annotation>
    <annotation annotator="Mike Bada, University of Colorado School of Medicine" id="SO_2017_06_11_Instance_62915" type="identity">
      <class id="SO_EXT:wild_type_entity_or_quality" label="wild-typeness or wild-type entity"/>
      <span end="6984" id="17078885-43194" start="6975">wild-type</span>
    </annotation>
    <annotation annotator="" id="SO_2017_06_11_Instance_187714" type="identity">
      <class id="SO_EXT:sequence_altered_entity_or_alteration_process" label="sequence-altered entity or alteration process"/>
      <span end="7206" id="17078885-42961" start="7200">mutant</span>
    </annotation>
    <annotation annotator="" id="SO_2017_06_11_Instance_187716" type="identity">
      <class id="SO_EXT:sequence_altered_entity_or_alteration_process" label="sequence-altered entity or alteration process"/>
      <span end="7318" id="17078885-42963" start="7312">mutant</span>
    </annotation>
    <annotation annotator="" id="SO_2017_06_11_Instance_187718" type="identity">
      <class id="SO_EXT:sequence_altered_entity" label="sequence-altered entity"/>
      <span end="7434" id="17078885-42965" start="7427">mutants</span>
    </annotation>
    <annotation annotator="" id="SO_2017_06_11_Instance_187720" type="identity">
      <class id="SO_EXT:sequence_altered_entity" label="sequence-altered entity"/>
      <span end="7776" id="17078885-42967" start="7769">mutants</span>
    </annotation>
    <annotation annotator="" id="SO_2017_06_11_Instance_187722" type="identity">
      <class id="SO_EXT:sequence_altered_entity" label="sequence-altered entity"/>
      <span end="8152" id="17078885-42969" start="8145">mutants</span>
    </annotation>
    <annotation annotator="" id="SO_2017_06_11_Instance_187724" type="identity">
      <class id="SO_EXT:sequence_altered_entity" label="sequence-altered entity"/>
      <span end="8278" id="17078885-42971" start="8271">mutants</span>
    </annotation>
    <annotation annotator="" id="SO_2017_06_11_Instance_187726" type="identity">
      <class id="SO_EXT:sequence_altered_entity" label="sequence-altered entity"/>
      <span end="8425" id="17078885-42973" start="8418">mutants</span>
    </annotation>
    <annotation annotator="" id="SO_2017_06_11_Instance_187728" type="identity">
      <class id="SO_EXT:sequence_altered_entity" label="sequence-altered entity"/>
      <span end="8625" id="17078885-42975" start="8619">mutant</span>
    </annotation>
    <annotation annotator="" id="SO_2017_06_11_Instance_187730" type="identity">
      <class id="SO_EXT:sequence_altered_entity" label="sequence-altered entity"/>
      <span end="8746" id="17078885-42977" start="8739">mutants</span>
    </annotation>
    <annotation annotator="" id="SO_2017_06_11_Instance_187732" type="identity">
      <class id="SO_EXT:sequence_altered_entity" label="sequence-altered entity"/>
      <span end="9046" id="17078885-42979" start="9039">mutants</span>
    </annotation>
    <annotation annotator="" id="SO_2017_06_11_Instance_187734" type="identity">
      <class id="SO_EXT:sequence_altered_entity" label="sequence-altered entity"/>
      <span end="9570" id="17078885-42981" start="9563">mutants</span>
    </annotation>
    <annotation annotator="" id="SO_2017_06_11_Instance_187736" type="identity">
      <class id="SO_EXT:sequence_altered_entity" label="sequence-altered entity"/>
      <span end="9920" id="17078885-42983" start="9913">mutants</span>
    </annotation>
    <annotation annotator="" id="SO_2017_06_11_Instance_187738" type="identity">
      <class id="SO_EXT:sequence_altered_entity" label="sequence-altered entity"/>
      <span end="10012" id="17078885-42985" start="10005">mutants</span>
    </annotation>
    <annotation annotator="" id="SO_2017_06_11_Instance_187740" type="identity">
      <class id="SO_EXT:sequence_altered_entity" label="sequence-altered entity"/>
      <span end="10273" id="17078885-42987" start="10266">mutants</span>
    </annotation>
    <annotation annotator="" id="SO_2017_06_11_Instance_187742" type="identity">
      <class id="SO_EXT:sequence_altered_entity" label="sequence-altered entity"/>
      <span end="10593" id="17078885-42989" start="10586">mutants</span>
    </annotation>
    <annotation annotator="" id="SO_2017_06_11_Instance_187744" type="identity">
      <class id="SO_EXT:sequence_altered_entity" label="sequence-altered entity"/>
      <span end="10769" id="17078885-42991" start="10762">mutants</span>
    </annotation>
    <annotation annotator="" id="SO_2017_06_11_Instance_187746" type="identity">
      <class id="SO_EXT:sequence_altered_entity" label="sequence-altered entity"/>
      <span end="10949" id="17078885-42993" start="10942">mutants</span>
    </annotation>
    <annotation annotator="" id="SO_2017_06_11_Instance_187748" type="identity">
      <class id="SO_EXT:sequence_altered_entity" label="sequence-altered entity"/>
      <span end="11074" id="17078885-42995" start="11068">mutant</span>
    </annotation>
    <annotation annotator="" id="SO_2017_06_11_Instance_187750" type="identity">
      <class id="SO_EXT:sequence_altered_entity" label="sequence-altered entity"/>
      <span end="11630" id="17078885-42997" start="11623">mutants</span>
    </annotation>
    <annotation annotator="" id="SO_2017_06_11_Instance_187752" type="identity">
      <class id="SO_EXT:sequence_altered_entity" label="sequence-altered entity"/>
      <span end="12154" id="17078885-42999" start="12147">mutants</span>
    </annotation>
    <annotation annotator="" id="SO_2017_06_11_Instance_187754" type="identity">
      <class id="SO_EXT:sequence_altered_entity" label="sequence-altered entity"/>
      <span end="12177" id="17078885-43001" start="12170">mutants</span>
    </annotation>
    <annotation annotator="" id="SO_2017_06_11_Instance_187756" type="identity">
      <class id="SO_EXT:sequence_altered_entity" label="sequence-altered entity"/>
      <span end="12501" id="17078885-43003" start="12495">mutant</span>
    </annotation>
    <annotation annotator="" id="SO_2017_06_11_Instance_224699" type="identity">
      <class id="SO:0000359" label="floxed"/>
      <span end="12725" id="17078885-43168" start="12721">Flox</span>
    </annotation>
    <annotation annotator="Mike Bada, University of Colorado School of Medicine" id="SO_2017_06_11_Instance_11943" type="identity">
      <class id="SO:0000359" label="floxed"/>
      <span end="12730" id="17078885-42927" start="12726">Flox</span>
    </annotation>
    <annotation annotator="" id="SO_2017_06_11_Instance_224701" type="identity">
      <class id="SO:0000359" label="floxed"/>
      <span end="12809" id="17078885-43170" start="12805">Flox</span>
    </annotation>
    <annotation annotator="Mike Bada, University of Colorado School of Medicine" id="SO_2017_06_11_Instance_11945" type="identity">
      <class id="SO:0000359" label="floxed"/>
      <span end="12814" id="17078885-42929" start="12810">Flox</span>
    </annotation>
    <annotation annotator="" id="SO_2017_06_11_Instance_183983" type="identity">
      <class id="SO_EXT:normal_or_wild_type_or_present" label="sequence wild-typeness, normalness or presence"/>
      <span end="12821" id="17078885-42937" start="12820">+</span>
    </annotation>
    <annotation annotator="" id="SO_2017_06_11_Instance_183985" type="identity">
      <class id="SO_EXT:normal_or_wild_type_or_present" label="sequence wild-typeness, normalness or presence"/>
      <span end="12823" id="17078885-42939" start="12822">+</span>
    </annotation>
    <annotation annotator="Mike Bada, University of Colorado School of Medicine" id="SO_2017_06_11_Instance_11947" type="identity">
      <class id="SO_EXT:wild_type_entity_or_quality" label="wild-typeness or wild-type entity"/>
      <span end="12860" id="17078885-42931" start="12858">WT</span>
    </annotation>
    <annotation annotator="" id="SO_2017_06_11_backup_Instance_17262" type="identity">
      <class id="CHEBI_SO_EXT:molecular_label_or_mark_or_tag_process" label="molecular label/mark/tag process"/>
      <span end="12937" id="17078885-42925" start="12930">labeled</span>
    </annotation>
    <annotation annotator="" id="SO_2017_06_11_Instance_187758" type="identity">
      <class id="SO_EXT:sequence_altered_entity" label="sequence-altered entity"/>
      <span end="13171" id="17078885-43005" start="13164">mutants</span>
    </annotation>
    <annotation annotator="" id="SO_2017_06_11_Instance_187760" type="identity">
      <class id="SO_EXT:sequence_altered_entity" label="sequence-altered entity"/>
      <span end="13571" id="17078885-43007" start="13564">mutants</span>
    </annotation>
    <annotation annotator="" id="SO_2017_06_11_Instance_187762" type="identity">
      <class id="SO_EXT:sequence_altered_entity" label="sequence-altered entity"/>
      <span end="13736" id="17078885-43009" start="13729">mutants</span>
    </annotation>
    <annotation annotator="" id="SO_2017_06_11_Instance_187764" type="identity">
      <class id="SO_EXT:sequence_altered_entity" label="sequence-altered entity"/>
      <span end="13793" id="17078885-43011" start="13786">mutants</span>
    </annotation>
    <annotation annotator="" id="SO_2017_06_11_Instance_187768" type="identity">
      <class id="SO_EXT:sequence_altered_entity_or_alteration_process" label="sequence-altered entity or alteration process"/>
      <span end="14196" id="17078885-43013" start="14190">mutant</span>
    </annotation>
    <annotation annotator="" id="SO_2017_06_11_Instance_187770" type="identity">
      <class id="SO_EXT:sequence_altered_entity" label="sequence-altered entity"/>
      <span end="14952" id="17078885-43015" start="14945">mutants</span>
    </annotation>
    <annotation annotator="" id="SO_2017_06_11_Instance_187772" type="identity">
      <class id="SO_EXT:sequence_altered_entity" label="sequence-altered entity"/>
      <span end="15662" id="17078885-43017" start="15655">mutants</span>
    </annotation>
    <annotation annotator="" id="SO_2017_06_11_Instance_187774" type="identity">
      <class id="SO_EXT:sequence_altered_entity" label="sequence-altered entity"/>
      <span end="16136" id="17078885-43019" start="16129">mutants</span>
    </annotation>
    <annotation annotator="" id="SO_2017_06_11_Instance_187776" type="identity">
      <class id="SO_EXT:sequence_altered_entity" label="sequence-altered entity"/>
      <span end="16225" id="17078885-43021" start="16218">mutants</span>
    </annotation>
    <annotation annotator="" id="SO_2017_06_11_Instance_187778" type="identity">
      <class id="SO_EXT:sequence_altered_entity" label="sequence-altered entity"/>
      <span end="16334" id="17078885-43023" start="16327">mutants</span>
    </annotation>
    <annotation annotator="" id="SO_2017_06_11_Instance_187780" type="identity">
      <class id="SO_EXT:sequence_altered_entity" label="sequence-altered entity"/>
      <span end="16360" id="17078885-43025" start="16353">mutants</span>
    </annotation>
    <annotation annotator="" id="SO_2017_06_11_Instance_187782" type="identity">
      <class id="SO_EXT:sequence_altered_entity" label="sequence-altered entity"/>
      <span end="16446" id="17078885-43027" start="16439">mutants</span>
    </annotation>
    <annotation annotator="" id="SO_2017_06_11_Instance_187784" type="identity">
      <class id="SO_EXT:sequence_altered_entity" label="sequence-altered entity"/>
      <span end="16974" id="17078885-43029" start="16967">mutants</span>
    </annotation>
    <annotation annotator="" id="SO_2017_06_11_Instance_187786" type="identity">
      <class id="SO_EXT:sequence_altered_entity" label="sequence-altered entity"/>
      <span end="17139" id="17078885-43031" start="17132">mutants</span>
    </annotation>
    <annotation annotator="" id="SO_2017_06_11_Instance_187788" type="identity">
      <class id="SO_EXT:sequence_altered_entity" label="sequence-altered entity"/>
      <span end="17406" id="17078885-43033" start="17399">mutants</span>
    </annotation>
    <annotation annotator="" id="SO_2017_06_11_Instance_187790" type="identity">
      <class id="SO_EXT:sequence_altered_entity_or_alteration_process" label="sequence-altered entity or alteration process"/>
      <span end="17492" id="17078885-43035" start="17486">mutant</span>
    </annotation>
    <annotation annotator="" id="SO_2017_06_11_Instance_187792" type="identity">
      <class id="SO_EXT:sequence_altered_entity" label="sequence-altered entity"/>
      <span end="17566" id="17078885-43037" start="17559">mutants</span>
    </annotation>
    <annotation annotator="" id="SO_2017_06_11_Instance_187794" type="identity">
      <class id="SO_EXT:sequence_altered_entity_or_alteration_process" label="sequence-altered entity or alteration process"/>
      <span end="17980" id="17078885-43039" start="17974">mutant</span>
    </annotation>
    <annotation annotator="" id="SO_2017_06_11_Instance_187796" type="identity">
      <class id="SO_EXT:sequence_altered_entity_or_alteration_process" label="sequence-altered entity or alteration process"/>
      <span end="18011" id="17078885-43041" start="18005">mutant</span>
    </annotation>
    <annotation annotator="" id="SO_2017_06_11_Instance_187798" type="identity">
      <class id="SO_EXT:sequence_altered_entity" label="sequence-altered entity"/>
      <span end="18356" id="17078885-43043" start="18349">mutants</span>
    </annotation>
    <annotation annotator="" id="SO_2017_06_11_Instance_187800" type="identity">
      <class id="SO_EXT:sequence_altered_entity" label="sequence-altered entity"/>
      <span end="18464" id="17078885-43045" start="18457">mutants</span>
    </annotation>
    <annotation annotator="" id="SO_2017_06_11_Instance_187802" type="identity">
      <class id="SO_EXT:sequence_altered_entity" label="sequence-altered entity"/>
      <span end="18803" id="17078885-43047" start="18796">mutants</span>
    </annotation>
    <annotation annotator="" id="SO_2017_06_11_backup_Instance_16514" type="identity">
      <class id="CHEBI_SO_EXT:molecular_indicator_or_label_or_marker_or_tag" label="molecular indicator/label/marker/tag"/>
      <span end="19242" id="17078885-42923" start="19236">marker</span>
    </annotation>
    <annotation annotator="" id="SO_2017_06_11_Instance_187804" type="identity">
      <class id="SO_EXT:sequence_altered_entity" label="sequence-altered entity"/>
      <span end="19585" id="17078885-43049" start="19578">mutants</span>
    </annotation>
    <annotation annotator="" id="SO_2017_06_11_Instance_187806" type="identity">
      <class id="SO_EXT:sequence_altered_entity_or_alteration_process" label="sequence-altered entity or alteration process"/>
      <span end="19642" id="17078885-43051" start="19636">mutant</span>
    </annotation>
    <annotation annotator="" id="SO_2017_06_11_Instance_187808" type="identity">
      <class id="SO_EXT:sequence_altered_entity" label="sequence-altered entity"/>
      <span end="19786" id="17078885-43053" start="19779">mutants</span>
    </annotation>
    <annotation annotator="" id="SO_2017_06_11_Instance_187810" type="identity">
      <class id="SO_EXT:sequence_altered_entity" label="sequence-altered entity"/>
      <span end="19862" id="17078885-43055" start="19855">mutants</span>
    </annotation>
    <annotation annotator="" id="SO_2017_06_11_Instance_187812" type="identity">
      <class id="SO_EXT:sequence_altered_entity" label="sequence-altered entity"/>
      <span end="19992" id="17078885-43057" start="19985">mutants</span>
    </annotation>
    <annotation annotator="" id="SO_2017_06_11_Instance_187814" type="identity">
      <class id="SO_EXT:sequence_altered_entity" label="sequence-altered entity"/>
      <span end="20087" id="17078885-43059" start="20080">mutants</span>
    </annotation>
    <annotation annotator="" id="SO_2017_06_11_Instance_187816" type="identity">
      <class id="SO_EXT:sequence_altered_entity" label="sequence-altered entity"/>
      <span end="20228" id="17078885-43061" start="20221">mutants</span>
    </annotation>
    <annotation annotator="" id="SO_2017_06_11_Instance_187818" type="identity">
      <class id="SO_EXT:sequence_altered_entity" label="sequence-altered entity"/>
      <span end="20357" id="17078885-43063" start="20351">mutant</span>
    </annotation>
    <annotation annotator="" id="SO_2017_06_11_Instance_187820" type="identity">
      <class id="SO_EXT:sequence_altered_entity" label="sequence-altered entity"/>
      <span end="20510" id="17078885-43065" start="20503">mutants</span>
    </annotation>
    <annotation annotator="" id="SO_2017_06_11_Instance_187822" type="identity">
      <class id="SO_EXT:sequence_altered_entity" label="sequence-altered entity"/>
      <span end="20839" id="17078885-43067" start="20832">mutants</span>
    </annotation>
    <annotation annotator="" id="SO_2017_06_11_Instance_187824" type="identity">
      <class id="SO_EXT:sequence_altered_entity" label="sequence-altered entity"/>
      <span end="20906" id="17078885-43069" start="20899">mutants</span>
    </annotation>
    <annotation annotator="" id="SO_2017_06_11_Instance_187826" type="identity">
      <class id="SO_EXT:sequence_altered_entity" label="sequence-altered entity"/>
      <span end="21060" id="17078885-43071" start="21053">mutants</span>
    </annotation>
    <annotation annotator="" id="SO_2017_06_11_Instance_187828" type="identity">
      <class id="SO_EXT:sequence_altered_entity_or_alteration_process" label="sequence-altered entity or alteration process"/>
      <span end="21316" id="17078885-43073" start="21310">mutant</span>
    </annotation>
    <annotation annotator="" id="SO_2017_06_11_Instance_187830" type="identity">
      <class id="SO_EXT:sequence_altered_entity" label="sequence-altered entity"/>
      <span end="21613" id="17078885-43075" start="21606">mutants</span>
    </annotation>
    <annotation annotator="" id="SO_2017_06_11_Instance_187832" type="identity">
      <class id="SO_EXT:sequence_altered_entity" label="sequence-altered entity"/>
      <span end="21710" id="17078885-43077" start="21703">mutants</span>
    </annotation>
    <annotation annotator="" id="SO_2017_06_11_Instance_187834" type="identity">
      <class id="SO_EXT:sequence_altered_entity" label="sequence-altered entity"/>
      <span end="21904" id="17078885-43079" start="21897">mutants</span>
    </annotation>
    <annotation annotator="" id="SO_2017_06_11_Instance_187836" type="identity">
      <class id="SO_EXT:sequence_altered_entity" label="sequence-altered entity"/>
      <span end="22090" id="17078885-43081" start="22083">mutants</span>
    </annotation>
    <annotation annotator="" id="SO_2017_06_11_Instance_187838" type="identity">
      <class id="SO_EXT:sequence_altered_entity" label="sequence-altered entity"/>
      <span end="22249" id="17078885-43083" start="22242">mutants</span>
    </annotation>
    <annotation annotator="" id="SO_2017_06_11_Instance_187840" type="identity">
      <class id="SO_EXT:sequence_altered_entity" label="sequence-altered entity"/>
      <span end="22326" id="17078885-43085" start="22319">mutants</span>
    </annotation>
    <annotation annotator="" id="SO_2017_06_11_Instance_187842" type="identity">
      <class id="SO_EXT:sequence_altered_entity" label="sequence-altered entity"/>
      <span end="22423" id="17078885-43087" start="22416">mutants</span>
    </annotation>
    <annotation annotator="" id="SO_2017_06_11_Instance_187844" type="identity">
      <class id="SO_EXT:sequence_altered_entity" label="sequence-altered entity"/>
      <span end="22794" id="17078885-43089" start="22787">mutants</span>
    </annotation>
    <annotation annotator="" id="SO_2017_06_11_Instance_187846" type="identity">
      <class id="SO_EXT:sequence_altered_entity" label="sequence-altered entity"/>
      <span end="22909" id="17078885-43091" start="22902">mutants</span>
    </annotation>
    <annotation annotator="" id="SO_2017_06_11_Instance_224101" type="identity">
      <class id="SO_EXT:transgenic_entity" label="transgenic entity"/>
      <span end="23366" id="17078885-43160" start="23356">transgenic</span>
    </annotation>
    <annotation annotator="Mike Bada, University of Colorado School of Medicine" id="SO_2017_06_11_Instance_62917" type="identity">
      <class id="SO_EXT:0000704" label="gene"/>
      <span end="23436" id="17078885-43196" start="23432">gene</span>
    </annotation>
    <annotation annotator="" id="SO_2017_06_11_Instance_221563" type="identity">
      <class id="SO_EXT:sequence_deletion_entity_or_process" label="sequence deletion entity or process"/>
      <span end="23445" id="17078885-43150" start="23437">deletion</span>
    </annotation>
    <annotation annotator="" id="SO_2017_06_11_Instance_221565" type="identity">
      <class id="SO_EXT:sequence_deletion_entity_or_process" label="sequence deletion entity or process"/>
      <span end="23560" id="17078885-43152" start="23552">deletion</span>
    </annotation>
    <annotation annotator="Mike Bada, University of Colorado School of Medicine" id="SO_2017_06_11_Instance_62919" type="identity">
      <class id="SO_EXT:0000704" label="gene"/>
      <span end="23579" id="17078885-43198" start="23575">gene</span>
    </annotation>
    <annotation annotator="" id="SO_2017_06_11_Instance_187848" type="identity">
      <class id="SO_EXT:sequence_altered_entity" label="sequence-altered entity"/>
      <span end="23822" id="17078885-43093" start="23815">mutants</span>
    </annotation>
    <annotation annotator="" id="SO_2017_06_11_Instance_91171" type="identity">
      <class id="SO_EXT:sequence_coding_function" label="sequence coding function"/>
      <span end="23845" id="17078885-43212" start="23838">encodes</span>
    </annotation>
    <annotation annotator="" id="SO_2017_06_11_Instance_187850" type="identity">
      <class id="SO_EXT:sequence_altered_entity" label="sequence-altered entity"/>
      <span end="23974" id="17078885-43095" start="23967">mutants</span>
    </annotation>
    <annotation annotator="" id="SO_2017_06_11_Instance_187852" type="identity">
      <class id="SO_EXT:sequence_altered_entity" label="sequence-altered entity"/>
      <span end="24112" id="17078885-43097" start="24105">mutants</span>
    </annotation>
    <annotation annotator="" id="SO_2017_06_11_Instance_187854" type="identity">
      <class id="SO_EXT:sequence_altered_entity" label="sequence-altered entity"/>
      <span end="24273" id="17078885-43099" start="24266">mutants</span>
    </annotation>
    <annotation annotator="" id="SO_2017_06_11_Instance_187856" type="identity">
      <class id="SO_EXT:sequence_altered_entity" label="sequence-altered entity"/>
      <span end="24948" id="17078885-43101" start="24941">mutants</span>
    </annotation>
    <annotation annotator="" id="SO_2017_06_11_Instance_187858" type="identity">
      <class id="SO_EXT:sequence_altered_entity" label="sequence-altered entity"/>
      <span end="26238" id="17078885-43103" start="26231">mutants</span>
    </annotation>
    <annotation annotator="" id="SO_2017_06_11_Instance_187860" type="identity">
      <class id="SO_EXT:sequence_altered_entity" label="sequence-altered entity"/>
      <span end="26414" id="17078885-43105" start="26407">mutants</span>
    </annotation>
    <annotation annotator="" id="SO_2017_06_11_Instance_221567" type="identity">
      <class id="SO_EXT:sequence_deletion_entity_or_process" label="sequence deletion entity or process"/>
      <span end="27251" id="17078885-43154" start="27243">deletion</span>
    </annotation>
    <annotation annotator="" id="SO_2017_06_11_Instance_221569" type="identity">
      <class id="SO_EXT:sequence_deletion_entity_or_process" label="sequence deletion entity or process"/>
      <span end="27407" id="17078885-43156" start="27399">deletion</span>
    </annotation>
    <annotation annotator="" id="SO_2017_06_11_Instance_210408" type="identity">
      <class id="GO_SO_EXT:chromosomal_part_or_position_or_region_or_site" label="chromosomal part/position/region/site"/>
      <span end="27449" id="17078885-43135" start="27443">region</span>
      <span end="27470" id="17078885-43136" start="27457">on chromosome</span>
    </annotation>
    <annotation annotator="" id="SO_2017_06_11_Instance_187862" type="identity">
      <class id="SO_EXT:sequence_altered_entity" label="sequence-altered entity"/>
      <span end="27589" id="17078885-43107" start="27582">mutants</span>
    </annotation>
    <annotation annotator="" id="SO_2017_06_11_Instance_187864" type="identity">
      <class id="SO_EXT:sequence_altered_entity" label="sequence-altered entity"/>
      <span end="27823" id="17078885-43109" start="27816">mutants</span>
    </annotation>
    <annotation annotator="" id="SO_2017_06_11_Instance_187866" type="identity">
      <class id="SO_EXT:sequence_altered_entity" label="sequence-altered entity"/>
      <span end="28026" id="17078885-43111" start="28019">mutants</span>
    </annotation>
    <annotation annotator="" id="SO_2017_06_11_Instance_187868" type="identity">
      <class id="SO_EXT:sequence_altered_entity" label="sequence-altered entity"/>
      <span end="28072" id="17078885-43113" start="28065">mutants</span>
    </annotation>
    <annotation annotator="Mike Bada, University of Colorado School of Medicine" id="SO_2017_06_11_Instance_62923" type="identity">
      <class id="SO_EXT:0000704" label="gene"/>
      <span end="28142" id="17078885-43200" start="28137">genes</span>
    </annotation>
    <annotation annotator="" id="SO_2017_06_11_Instance_187870" type="identity">
      <class id="SO_EXT:sequence_altered_entity" label="sequence-altered entity"/>
      <span end="28852" id="17078885-43115" start="28845">mutants</span>
    </annotation>
    <annotation annotator="" id="SO_2017_06_11_Instance_187872" type="identity">
      <class id="SO_EXT:sequence_altered_entity" label="sequence-altered entity"/>
      <span end="29067" id="17078885-43117" start="29060">mutants</span>
    </annotation>
    <annotation annotator="" id="SO_2017_06_11_Instance_187874" type="identity">
      <class id="SO_EXT:sequence_altered_entity" label="sequence-altered entity"/>
      <span end="29176" id="17078885-43119" start="29169">mutants</span>
    </annotation>
    <annotation annotator="" id="SO_2017_06_11_Instance_187876" type="identity">
      <class id="SO_EXT:sequence_altered_entity" label="sequence-altered entity"/>
      <span end="29457" id="17078885-43121" start="29450">mutants</span>
    </annotation>
    <annotation annotator="" id="SO_2017_06_11_Instance_187878" type="identity">
      <class id="SO_EXT:sequence_altered_entity" label="sequence-altered entity"/>
      <span end="29575" id="17078885-43123" start="29568">mutants</span>
    </annotation>
    <annotation annotator="" id="SO_2017_06_11_Instance_187880" type="identity">
      <class id="SO_EXT:sequence_altered_entity" label="sequence-altered entity"/>
      <span end="29707" id="17078885-43125" start="29700">mutants</span>
    </annotation>
    <annotation annotator="" id="SO_2017_06_11_Instance_80058" type="identity">
      <class id="SO_EXT:sequence_deletion_process" label="sequence deletion process"/>
      <span end="30012" id="17078885-43208" start="30005">deleted</span>
    </annotation>
    <annotation annotator="Mike Bada, University of Colorado School of Medicine" id="SO_2017_06_11_Instance_62925" type="identity">
      <class id="SO_EXT:0000704" label="gene"/>
      <span end="30050" id="17078885-43202" start="30046">gene</span>
    </annotation>
    <annotation annotator="" id="SO_2017_06_11_Instance_187882" type="identity">
      <class id="SO_EXT:sequence_altered_entity" label="sequence-altered entity"/>
      <span end="30381" id="17078885-43127" start="30374">mutants</span>
    </annotation>
    <annotation annotator="" id="SO_2017_06_11_Instance_187884" type="identity">
      <class id="SO_EXT:sequence_altered_entity" label="sequence-altered entity"/>
      <span end="30443" id="17078885-43129" start="30436">mutants</span>
    </annotation>
    <annotation annotator="" id="SO_2017_06_11_Instance_187886" type="identity">
      <class id="SO_EXT:sequence_altered_entity_or_alteration_process" label="sequence-altered entity or alteration process"/>
      <span end="30659" id="17078885-43131" start="30653">mutant</span>
    </annotation>
    <annotation annotator="" id="SO_2017_06_11_Instance_183987" type="identity">
      <class id="SO_EXT:normal_or_wild_type_or_present" label="sequence wild-typeness, normalness or presence"/>
      <span end="30713" id="17078885-42941" start="30712">+</span>
    </annotation>
    <annotation annotator="" id="SO_2017_06_11_Instance_183989" type="identity">
      <class id="SO_EXT:normal_or_wild_type_or_present" label="sequence wild-typeness, normalness or presence"/>
      <span end="30722" id="17078885-42943" start="30721">+</span>
    </annotation>
    <annotation annotator="" id="SO_2017_06_11_Instance_224703" type="identity">
      <class id="SO:0000359" label="floxed"/>
      <span end="30783" id="17078885-43172" start="30779">flox</span>
    </annotation>
    <annotation annotator="" id="SO_2017_06_11_Instance_224705" type="identity">
      <class id="SO:0000359" label="floxed"/>
      <span end="30793" id="17078885-43174" start="30789">flox</span>
    </annotation>
    <annotation annotator="Mike Bada, University of Colorado School of Medicine" id="SO_2017_06_11_Instance_62927" type="identity">
      <class id="SO_EXT:0001023" label="allele"/>
      <span end="30801" id="17078885-43204" start="30795">allele</span>
    </annotation>
    <annotation annotator="" id="SO_2017_06_11_Instance_212425" type="identity">
      <class id="SO_EXT:genotype_or_entity_with_genotype" label="genotype or entity with genotype"/>
      <span end="31654" id="17078885-43138" start="31646">genotype</span>
    </annotation>
    <annotation annotator="" id="SO_2017_06_11_Instance_212427" type="identity">
      <class id="SO_EXT:genotype_or_entity_with_genotype" label="genotype or entity with genotype"/>
      <span end="31986" id="17078885-43140" start="31978">genotype</span>
    </annotation>
    <annotation annotator="" id="SO_2017_06_11_Instance_212429" type="identity">
      <class id="SO_EXT:genotype_or_entity_with_genotype" label="genotype or entity with genotype"/>
      <span end="32359" id="17078885-43142" start="32351">genotype</span>
    </annotation>
    <annotation annotator="" id="SO_2017_06_11_Instance_212431" type="identity">
      <class id="SO_EXT:genotype_or_entity_with_genotype" label="genotype or entity with genotype"/>
      <span end="32477" id="17078885-43144" start="32469">genotype</span>
    </annotation>
    <annotation annotator="Mike Bada, University of Colorado School of Medicine" id="SO_2017_06_11_Instance_62937" type="identity">
      <class id="SO:0000077" label="antisense"/>
      <span end="32914" id="17078885-43206" start="32905">antisense</span>
    </annotation>
    <annotation annotator="" id="SO_2017_06_11_backup_Instance_15890" type="identity">
      <class id="CHEBI_SO_EXT:molecular_probe" label="molecular probe"/>
      <span end="32920" id="17078885-42917" start="32915">probe</span>
    </annotation>
    <annotation annotator="" id="SO_2017_06_11_backup_Instance_15892" type="identity">
      <class id="CHEBI_SO_EXT:nucleotide" label="nucleotide"/>
      <span end="32949" id="17078885-42919" start="32938">nucleotides</span>
    </annotation>
    <annotation annotator="" id="SO_2017_06_11_Instance_187888" type="identity">
      <class id="SO_EXT:sequence_altered_entity_or_alteration_process" label="sequence-altered entity or alteration process"/>
      <span end="33267" id="17078885-43133" start="33261">mutant</span>
    </annotation>
    <annotation annotator="" id="SO_2017_06_11_backup_Instance_15894" type="identity">
      <class id="CHEBI_SO_EXT:molecular_probe" label="molecular probe"/>
      <span end="33542" id="17078885-42921" start="33537">probe</span>
    </annotation>
    <graph-space id="Old Knowtator Relations"/>
  </document>
</knowtator-project>
