<?xml version="1.0" encoding="UTF-8" standalone="no"?>
<knowtator-project>
    <document id="11897010" text-file="11897010.txt">
        <annotation annotator="Mike Bada, University of Colorado Anschutz Medical Campus" id="CL_basic_2014_02_21_Instance_22307" type="identity">
            <class id="CL:0000128" label="oligodendrocyte"/>
            <span end="13150" id="11897010-30" start="13135">oligodendrocyte</span>
        </annotation>
        <graph-space id="Old Knowtator Relations"/>
    </document>
</knowtator-project>
