<?xml version="1.0" encoding="UTF-8" standalone="no"?>
<knowtator-project>
    <document id="12925238" text-file="12925238.txt">
        <annotation annotator="Mike Bada, University of Colorado Anschutz Medical Campus" id="CL_basic_2014_02_21_Instance_12459" type="identity">
            <class id="CL:0000233" label="platelet"/>
            <span end="64" id="12925238-571" start="55">platelets</span>
        </annotation>
        <annotation annotator="Mike Bada, University of Colorado Anschutz Medical Campus" id="CL_basic_2014_02_21_Instance_12475" type="identity">
            <class id="CL:0000232" label="erythrocyte"/>
            <span end="84" id="12925238-573" start="69">red blood cells</span>
        </annotation>
        <annotation annotator="Mike Bada, University of Colorado Anschutz Medical Campus" id="CL_basic_2014_02_21_Instance_12477" type="identity">
            <class id="CL:0000232" label="erythrocyte"/>
            <span end="376" id="12925238-575" start="364">erythrocytes</span>
        </annotation>
        <annotation annotator="Mike Bada, University of Colorado Anschutz Medical Campus" id="CL_basic_2014_02_21_Instance_12487" type="identity">
            <class id="CL:0000232" label="erythrocyte"/>
            <span end="511" id="12925238-577" start="496">red blood cells</span>
        </annotation>
        <annotation annotator="Mike Bada, University of Colorado Anschutz Medical Campus" id="CL_basic_2014_02_21_Instance_12501" type="identity">
            <class id="CL:0000232" label="erythrocyte"/>
            <span end="644" id="12925238-579" start="629">red blood cells</span>
        </annotation>
        <annotation annotator="Mike Bada, University of Colorado Anschutz Medical Campus" id="CL_basic_2014_02_21_Instance_12509" type="identity">
            <class id="CL:0000232" label="erythrocyte"/>
            <span end="674" id="12925238-581" start="662">erythrocytes</span>
        </annotation>
        <annotation annotator="Mike Bada, University of Colorado Anschutz Medical Campus" id="CL_basic_2014_02_21_Instance_12531" type="identity">
            <class id="CL:0000232" label="erythrocyte"/>
            <span end="986" id="12925238-583" start="971">red blood cells</span>
        </annotation>
        <annotation annotator="Mike Bada, University of Colorado Anschutz Medical Campus" id="CL_basic_2014_02_21_Instance_12539" type="identity">
            <class id="CL:0000233" label="platelet"/>
            <span end="1031" id="12925238-585" start="1022">platelets</span>
        </annotation>
        <annotation annotator="Mike Bada, University of Colorado Anschutz Medical Campus" id="CL_basic_2014_02_21_Instance_12543" type="identity">
            <class id="CL:0000233" label="platelet"/>
            <span end="1168" id="12925238-587" start="1159">platelets</span>
        </annotation>
        <annotation annotator="Mike Bada, University of Colorado Anschutz Medical Campus" id="CL_basic_2014_02_21_Instance_12545" type="identity">
            <class id="CL:0000232" label="erythrocyte"/>
            <span end="1290" id="12925238-589" start="1275">red blood cells</span>
        </annotation>
        <annotation annotator="Mike Bada, University of Colorado Anschutz Medical Campus" id="CL_basic_2014_02_21_Instance_12547" type="identity">
            <class id="CL:0000232" label="erythrocyte"/>
            <span end="1395" id="12925238-591" start="1380">Red blood cells</span>
        </annotation>
        <annotation annotator="Mike Bada, University of Colorado Anschutz Medical Campus" id="CL_basic_2014_02_21_Instance_12549" type="identity">
            <class id="CL:0000232" label="erythrocyte"/>
            <span end="1579" id="12925238-593" start="1564">red blood cells</span>
        </annotation>
        <annotation annotator="Mike Bada, University of Colorado Anschutz Medical Campus" id="CL_basic_2014_02_21_Instance_12551" type="identity">
            <class id="CL:0000233" label="platelet"/>
            <span end="1630" id="12925238-595" start="1621">platelets</span>
        </annotation>
        <annotation annotator="Mike Bada, University of Colorado Anschutz Medical Campus" id="CL_basic_2014_02_21_Instance_12563" type="identity">
            <class id="CL:0000746" label="cardiac muscle cell"/>
            <span end="5670" id="12925238-597" start="5656">cardiomyocytes</span>
        </annotation>
        <annotation annotator="Mike Bada, University of Colorado Anschutz Medical Campus" id="CL_basic_2014_02_21_Instance_12409" type="identity">
            <class id="CL:0000232" label="erythrocyte"/>
            <span end="5773" id="12925238-569" start="5758">red blood cells</span>
        </annotation>
        <annotation annotator="Mike Bada, University of Colorado Anschutz Medical Campus" id="CL_basic_2014_02_21_Instance_21603" type="identity">
            <class id="CL:0000233" label="platelet"/>
            <span end="5787" id="12925238-601" start="5778">platelets</span>
        </annotation>
        <annotation annotator="Mike Bada, University of Colorado Anschutz Medical Campus" id="CL_basic_2014_02_21_Instance_21635" type="identity">
            <class id="CL:0000232" label="erythrocyte"/>
            <span end="5838" id="12925238-603" start="5823">red blood cells</span>
        </annotation>
        <annotation annotator="Mike Bada, University of Colorado Anschutz Medical Campus" id="CL_basic_2014_02_21_Instance_21653" type="identity">
            <class id="CL:0000233" label="platelet"/>
            <span end="5852" id="12925238-605" start="5843">platelets</span>
        </annotation>
        <annotation annotator="Mike Bada, University of Colorado Anschutz Medical Campus" id="CL_basic_2014_02_21_Instance_21655" type="identity">
            <class id="CL:0000232" label="erythrocyte"/>
            <span end="5978" id="12925238-607" start="5963">red blood cells</span>
        </annotation>
        <annotation annotator="Mike Bada, University of Colorado Anschutz Medical Campus" id="CL_basic_2014_02_21_Instance_21657" type="identity">
            <class id="CL:0000232" label="erythrocyte"/>
            <span end="6000" id="12925238-609" start="5985">Red blood cells</span>
        </annotation>
        <annotation annotator="Mike Bada, University of Colorado Anschutz Medical Campus" id="CL_basic_2014_02_21_Instance_21659" type="identity">
            <class id="CL:0000232" label="erythrocyte"/>
            <span end="6294" id="12925238-611" start="6280">red blood cell</span>
        </annotation>
        <annotation annotator="Mike Bada, University of Colorado Anschutz Medical Campus" id="CL_basic_2014_02_21_Instance_21661" type="identity">
            <class id="CL:0000232" label="erythrocyte"/>
            <span end="6366" id="12925238-613" start="6351">Red blood cells</span>
        </annotation>
        <annotation annotator="Mike Bada, University of Colorado Anschutz Medical Campus" id="CL_basic_2014_02_21_Instance_21663" type="identity">
            <class id="CL:0000232" label="erythrocyte"/>
            <span end="6439" id="12925238-615" start="6425">red blood cell</span>
        </annotation>
        <annotation annotator="Mike Bada, University of Colorado Anschutz Medical Campus" id="CL_basic_2014_02_21_Instance_21667" type="identity">
            <class id="CL:0000232" label="erythrocyte"/>
            <span end="7077" id="12925238-617" start="7063">red blood cell</span>
        </annotation>
        <annotation annotator="Mike Bada, University of Colorado Anschutz Medical Campus" id="CL_basic_2014_02_21_Instance_21671" type="identity">
            <class id="CL:0000232" label="erythrocyte"/>
            <span end="7231" id="12925238-619" start="7216">red blood cells</span>
        </annotation>
        <annotation annotator="Mike Bada, University of Colorado Anschutz Medical Campus" id="CL_basic_2014_02_21_Instance_21673" type="identity">
            <class id="CL:0000232" label="erythrocyte"/>
            <span end="7247" id="12925238-621" start="7233">red blood cell</span>
        </annotation>
        <annotation annotator="Mike Bada, University of Colorado Anschutz Medical Campus" id="CL_basic_2014_02_21_Instance_21675" type="identity">
            <class id="CL:0000233" label="platelet"/>
            <span end="7284" id="12925238-623" start="7275">platelets</span>
        </annotation>
        <annotation annotator="Mike Bada, University of Colorado Anschutz Medical Campus" id="CL_basic_2014_02_21_Instance_21677" type="identity">
            <class id="CL:0000232" label="erythrocyte"/>
            <span end="7445" id="12925238-625" start="7430">red blood cells</span>
        </annotation>
        <annotation annotator="Mike Bada, University of Colorado Anschutz Medical Campus" id="CL_basic_2014_02_21_Instance_21679" type="identity">
            <class id="CL:0000232" label="erythrocyte"/>
            <span end="7662" id="12925238-627" start="7647">red blood cells</span>
        </annotation>
        <annotation annotator="Mike Bada, University of Colorado Anschutz Medical Campus" id="CL_basic_2014_02_21_Instance_21681" type="identity">
            <class id="CL:0000232" label="erythrocyte"/>
            <span end="7994" id="12925238-629" start="7979">red blood cells</span>
        </annotation>
        <annotation annotator="Mike Bada, University of Colorado Anschutz Medical Campus" id="CL_basic_2014_02_21_Instance_21683" type="identity">
            <class id="CL:0000233" label="platelet"/>
            <span end="8018" id="12925238-631" start="8009">platelets</span>
        </annotation>
        <annotation annotator="Mike Bada, University of Colorado Anschutz Medical Campus" id="CL_basic_2014_02_21_Instance_21685" type="identity">
            <class id="CL:0000232" label="erythrocyte"/>
            <span end="8269" id="12925238-633" start="8254">red blood cells</span>
        </annotation>
        <annotation annotator="Mike Bada, University of Colorado Anschutz Medical Campus" id="CL_basic_2014_02_21_Instance_21687" type="identity">
            <class id="CL:0000233" label="platelet"/>
            <span end="8283" id="12925238-635" start="8274">platelets</span>
        </annotation>
        <annotation annotator="Mike Bada, University of Colorado Anschutz Medical Campus" id="CL_basic_2014_02_21_Instance_21571" type="identity">
            <class id="CL:0000232" label="erythrocyte"/>
            <span end="8537" id="12925238-599" start="8522">red blood cells</span>
        </annotation>
        <annotation annotator="Mike Bada, University of Colorado Anschutz Medical Campus" id="CL_basic_2014_02_21_Instance_22329" type="identity">
            <class id="CL:0000232" label="erythrocyte"/>
            <span end="9213" id="12925238-637" start="9199">red blood cell</span>
        </annotation>
        <annotation annotator="Mike Bada, University of Colorado Anschutz Medical Campus" id="CL_basic_2014_02_21_Instance_22331" type="identity">
            <class id="CL:0000232" label="erythrocyte"/>
            <span end="9481" id="12925238-639" start="9467">red blood cell</span>
        </annotation>
        <annotation annotator="Mike Bada, University of Colorado Anschutz Medical Campus" id="CL_basic_2014_02_21_Instance_22333" type="identity">
            <class id="CL:0000232" label="erythrocyte"/>
            <span end="9742" id="12925238-641" start="9727">red blood cells</span>
        </annotation>
        <annotation annotator="Mike Bada, University of Colorado Anschutz Medical Campus" id="CL_basic_2014_02_21_Instance_22335" type="identity">
            <class id="CL:0000232" label="erythrocyte"/>
            <span end="10231" id="12925238-643" start="10216">red blood cells</span>
        </annotation>
        <annotation annotator="Mike Bada, University of Colorado Anschutz Medical Campus" id="CL_basic_2014_02_21_Instance_22337" type="identity">
            <class id="CL:0000232" label="erythrocyte"/>
            <span end="10348" id="12925238-645" start="10333">red blood cells</span>
        </annotation>
        <annotation annotator="Mike Bada, University of Colorado Anschutz Medical Campus" id="CL_basic_2014_02_21_Instance_22339" type="identity">
            <class id="CL:0000232" label="erythrocyte"/>
            <span end="10610" id="12925238-647" start="10595">red blood cells</span>
        </annotation>
        <annotation annotator="Mike Bada, University of Colorado Anschutz Medical Campus" id="CL_basic_2014_02_21_Instance_22341" type="identity">
            <class id="CL:0000233" label="platelet"/>
            <span end="11058" id="12925238-649" start="11049">platelets</span>
        </annotation>
        <annotation annotator="Mike Bada, University of Colorado Anschutz Medical Campus" id="CL_basic_2014_02_21_Instance_22343" type="identity">
            <class id="CL:0000232" label="erythrocyte"/>
            <span end="11203" id="12925238-651" start="11189">red blood cell</span>
        </annotation>
        <annotation annotator="Mike Bada, University of Colorado Anschutz Medical Campus" id="CL_basic_2014_02_21_Instance_22345" type="identity">
            <class id="CL:0000232" label="erythrocyte"/>
            <span end="11258" id="12925238-653" start="11243">red blood cells</span>
        </annotation>
        <annotation annotator="Mike Bada, University of Colorado Anschutz Medical Campus" id="CL_basic_2014_02_21_Instance_22347" type="identity">
            <class id="CL:0000232" label="erythrocyte"/>
            <span end="11540" id="12925238-655" start="11526">red blood cell</span>
        </annotation>
        <annotation annotator="Mike Bada, University of Colorado Anschutz Medical Campus" id="CL_basic_2014_02_21_Instance_22349" type="identity">
            <class id="CL:0000232" label="erythrocyte"/>
            <span end="11622" id="12925238-657" start="11608">red blood cell</span>
        </annotation>
        <annotation annotator="Mike Bada, University of Colorado Anschutz Medical Campus" id="CL_basic_2014_02_21_Instance_22351" type="identity">
            <class id="CL:0000232" label="erythrocyte"/>
            <span end="11726" id="12925238-659" start="11712">red blood cell</span>
        </annotation>
        <annotation annotator="Mike Bada, University of Colorado Anschutz Medical Campus" id="CL_basic_2014_02_21_Instance_22587" type="identity">
            <class id="CL:0000232" label="erythrocyte"/>
            <span end="11933" id="12925238-661" start="11918">red blood cells</span>
        </annotation>
        <annotation annotator="Mike Bada, University of Colorado Anschutz Medical Campus" id="CL_basic_2014_02_21_Instance_22601" type="identity">
            <class id="CL:0000232" label="erythrocyte"/>
            <span end="12295" id="12925238-663" start="12280">red blood cells</span>
        </annotation>
        <annotation annotator="Mike Bada, University of Colorado Anschutz Medical Campus" id="CL_basic_2014_02_21_Instance_22607" type="identity">
            <class id="CL:0000232" label="erythrocyte"/>
            <span end="12527" id="12925238-665" start="12513">red blood cell</span>
        </annotation>
        <annotation annotator="Mike Bada, University of Colorado Anschutz Medical Campus" id="CL_basic_2014_02_21_Instance_22615" type="identity">
            <class id="CL:0000232" label="erythrocyte"/>
            <span end="12917" id="12925238-667" start="12903">red blood cell</span>
        </annotation>
        <annotation annotator="Mike Bada, University of Colorado Anschutz Medical Campus" id="CL_basic_2014_02_21_Instance_22623" type="identity">
            <class id="CL:0000232" label="erythrocyte"/>
            <span end="13267" id="12925238-669" start="13252">red blood cells</span>
        </annotation>
        <annotation annotator="Mike Bada, University of Colorado Anschutz Medical Campus" id="CL_basic_2014_02_21_Instance_22629" type="identity">
            <class id="CL:0000232" label="erythrocyte"/>
            <span end="13375" id="12925238-671" start="13360">red blood cells</span>
        </annotation>
        <annotation annotator="Mike Bada, University of Colorado Anschutz Medical Campus" id="CL_basic_2014_02_21_Instance_22633" type="identity">
            <class id="CL:0000232" label="erythrocyte"/>
            <span end="13474" id="12925238-673" start="13459">red blood cells</span>
        </annotation>
        <annotation annotator="Mike Bada, University of Colorado Anschutz Medical Campus" id="CL_basic_2014_02_21_Instance_22659" type="identity">
            <class id="CL:0000232" label="erythrocyte"/>
            <span end="13965" id="12925238-675" start="13951">red blood cell</span>
        </annotation>
        <annotation annotator="Mike Bada, University of Colorado Anschutz Medical Campus" id="CL_basic_2014_02_21_Instance_22667" type="identity">
            <class id="CL:0000232" label="erythrocyte"/>
            <span end="14172" id="12925238-677" start="14157">red blood cells</span>
        </annotation>
        <annotation annotator="Mike Bada, University of Colorado Anschutz Medical Campus" id="CL_basic_2014_02_21_Instance_22673" type="identity">
            <class id="CL:0000232" label="erythrocyte"/>
            <span end="14561" id="12925238-679" start="14546">red blood cells</span>
        </annotation>
        <annotation annotator="Mike Bada, University of Colorado Anschutz Medical Campus" id="CL_basic_2014_02_21_Instance_22683" type="identity">
            <class id="CL:0000232" label="erythrocyte"/>
            <span end="14618" id="12925238-681" start="14603">red blood cells</span>
        </annotation>
        <annotation annotator="Mike Bada, University of Colorado Anschutz Medical Campus" id="CL_basic_2014_02_21_Instance_22689" type="identity">
            <class id="CL:0000232" label="erythrocyte"/>
            <span end="14791" id="12925238-683" start="14777">red blood cell</span>
        </annotation>
        <annotation annotator="Mike Bada, University of Colorado Anschutz Medical Campus" id="CL_basic_2014_02_21_Instance_22697" type="identity">
            <class id="CL:0000232" label="erythrocyte"/>
            <span end="14968" id="12925238-685" start="14954">red blood cell</span>
        </annotation>
        <annotation annotator="Mike Bada, University of Colorado Anschutz Medical Campus" id="CL_basic_2014_02_21_Instance_22699" type="identity">
            <class id="CL:0000232" label="erythrocyte"/>
            <span end="15032" id="12925238-687" start="15017">red blood cells</span>
        </annotation>
        <annotation annotator="Mike Bada, University of Colorado Anschutz Medical Campus" id="CL_basic_2014_02_21_Instance_22709" type="identity">
            <class id="CL:0000232" label="erythrocyte"/>
            <span end="15194" id="12925238-689" start="15179">red blood cells</span>
        </annotation>
        <annotation annotator="Mike Bada, University of Colorado Anschutz Medical Campus" id="CL_basic_2014_02_21_Instance_22723" type="identity">
            <class id="CL:0000738" label="leukocyte"/>
            <span end="15648" id="12925238-691" start="15638">leukocytes</span>
        </annotation>
        <annotation annotator="Mike Bada, University of Colorado Anschutz Medical Campus" id="CL_basic_2014_02_21_Instance_22735" type="identity">
            <class id="CL:0000232" label="erythrocyte"/>
            <span end="15665" id="12925238-693" start="15650">red blood cells</span>
        </annotation>
        <annotation annotator="Mike Bada, University of Colorado Anschutz Medical Campus" id="CL_basic_2014_02_21_Instance_22755" type="identity">
            <class id="CL:0000233" label="platelet"/>
            <span end="15800" id="12925238-695" start="15791">platelets</span>
        </annotation>
        <annotation annotator="Mike Bada, University of Colorado Anschutz Medical Campus" id="CL_basic_2014_02_21_Instance_22761" type="identity">
            <class id="CL:0000775" label="neutrophil"/>
            <span end="15814" id="12925238-697" start="15802">neutrophiles</span>
        </annotation>
        <annotation annotator="Mike Bada, University of Colorado Anschutz Medical Campus" id="CL_basic_2014_02_21_Instance_22763" type="identity">
            <class id="CL:0000542" label="lymphocyte"/>
            <span end="15827" id="12925238-699" start="15816">lymphocytes</span>
        </annotation>
        <annotation annotator="Mike Bada, University of Colorado Anschutz Medical Campus" id="CL_basic_2014_02_21_Instance_22765" type="identity">
            <class id="CL:0000576" label="monocyte"/>
            <span end="15838" id="12925238-701" start="15829">monocytes</span>
        </annotation>
        <annotation annotator="Mike Bada, University of Colorado Anschutz Medical Campus" id="CL_basic_2014_02_21_Instance_22767" type="identity">
            <class id="CL:0000771" label="eosinophil"/>
            <span end="15852" id="12925238-703" start="15840">eosinophiles</span>
        </annotation>
        <annotation annotator="Mike Bada, University of Colorado Anschutz Medical Campus" id="CL_basic_2014_02_21_Instance_22769" type="identity">
            <class id="CL:0000767" label="basophil"/>
            <span end="15867" id="12925238-705" start="15857">basophiles</span>
        </annotation>
        <annotation annotator="Mike Bada, University of Colorado Anschutz Medical Campus" id="CL_basic_2014_02_21_Instance_22771" type="identity">
            <class id="CL:0000233" label="platelet"/>
            <span end="15937" id="12925238-707" start="15929">platelet</span>
        </annotation>
        <annotation annotator="Mike Bada, University of Colorado Anschutz Medical Campus" id="CL_basic_2014_02_21_Instance_22773" type="identity">
            <class id="CL:0000233" label="platelet"/>
            <span end="16027" id="12925238-709" start="16019">platelet</span>
        </annotation>
        <annotation annotator="Mike Bada, University of Colorado Anschutz Medical Campus" id="CL_basic_2014_02_21_Instance_22775" type="identity">
            <class id="CL:0000233" label="platelet"/>
            <span end="16150" id="12925238-711" start="16142">platelet</span>
        </annotation>
        <annotation annotator="Mike Bada, University of Colorado Anschutz Medical Campus" id="CL_basic_2014_02_21_Instance_22777" type="identity">
            <class id="CL:0000233" label="platelet"/>
            <span end="16274" id="12925238-713" start="16266">platelet</span>
        </annotation>
        <annotation annotator="Mike Bada, University of Colorado Anschutz Medical Campus" id="CL_basic_2014_02_21_Instance_22779" type="identity">
            <class id="CL:0000233" label="platelet"/>
            <span end="16332" id="12925238-715" start="16324">platelet</span>
        </annotation>
        <annotation annotator="Mike Bada, University of Colorado Anschutz Medical Campus" id="CL_basic_2014_02_21_Instance_22781" type="identity">
            <class id="CL:0000233" label="platelet"/>
            <span end="16575" id="12925238-717" start="16567">platelet</span>
        </annotation>
        <annotation annotator="Mike Bada, University of Colorado Anschutz Medical Campus" id="CL_basic_2014_02_21_Instance_22783" type="identity">
            <class id="CL:0000233" label="platelet"/>
            <span end="16638" id="12925238-719" start="16630">platelet</span>
        </annotation>
        <annotation annotator="Mike Bada, University of Colorado Anschutz Medical Campus" id="CL_basic_2014_02_21_Instance_22785" type="identity">
            <class id="CL:0000233" label="platelet"/>
            <span end="16660" id="12925238-721" start="16652">Platelet</span>
        </annotation>
        <annotation annotator="Mike Bada, University of Colorado Anschutz Medical Campus" id="CL_basic_2014_02_21_Instance_22791" type="identity">
            <class id="CL:0000233" label="platelet"/>
            <span end="17047" id="12925238-723" start="17039">platelet</span>
        </annotation>
        <annotation annotator="Mike Bada, University of Colorado Anschutz Medical Campus" id="CL_basic_2014_02_21_Instance_22793" type="identity">
            <class id="CL:0000233" label="platelet"/>
            <span end="17204" id="12925238-725" start="17196">platelet</span>
        </annotation>
        <annotation annotator="Mike Bada, University of Colorado Anschutz Medical Campus" id="CL_basic_2014_02_21_Instance_22795" type="identity">
            <class id="CL:0000233" label="platelet"/>
            <span end="17304" id="12925238-727" start="17295">platelets</span>
        </annotation>
        <annotation annotator="Mike Bada, University of Colorado Anschutz Medical Campus" id="CL_basic_2014_02_21_Instance_22797" type="identity">
            <class id="CL:0000233" label="platelet"/>
            <span end="17411" id="12925238-729" start="17402">platelets</span>
        </annotation>
        <annotation annotator="Mike Bada, University of Colorado Anschutz Medical Campus" id="CL_basic_2014_02_21_Instance_22799" type="identity">
            <class id="CL:0000233" label="platelet"/>
            <span end="17640" id="12925238-731" start="17631">platelets</span>
        </annotation>
        <annotation annotator="Mike Bada, University of Colorado Anschutz Medical Campus" id="CL_basic_2014_02_21_Instance_22801" type="identity">
            <class id="CL:0000233" label="platelet"/>
            <span end="17662" id="12925238-733" start="17653">platelets</span>
        </annotation>
        <annotation annotator="Mike Bada, University of Colorado Anschutz Medical Campus" id="CL_basic_2014_02_21_Instance_22803" type="identity">
            <class id="CL:0000233" label="platelet"/>
            <span end="17706" id="12925238-735" start="17697">platelets</span>
        </annotation>
        <annotation annotator="Mike Bada, University of Colorado Anschutz Medical Campus" id="CL_basic_2014_02_21_Instance_22805" type="identity">
            <class id="CL:0000233" label="platelet"/>
            <span end="17779" id="12925238-737" start="17770">platelets</span>
        </annotation>
        <annotation annotator="Mike Bada, University of Colorado Anschutz Medical Campus" id="CL_basic_2014_02_21_Instance_22807" type="identity">
            <class id="CL:0000233" label="platelet"/>
            <span end="17822" id="12925238-739" start="17814">Platelet</span>
        </annotation>
        <annotation annotator="Mike Bada, University of Colorado Anschutz Medical Campus" id="CL_basic_2014_02_21_Instance_22809" type="identity">
            <class id="CL:0000233" label="platelet"/>
            <span end="17855" id="12925238-741" start="17847">platelet</span>
        </annotation>
        <annotation annotator="Mike Bada, University of Colorado Anschutz Medical Campus" id="CL_basic_2014_02_21_Instance_22811" type="identity">
            <class id="CL:0000233" label="platelet"/>
            <span end="18080" id="12925238-743" start="18072">platelet</span>
        </annotation>
        <annotation annotator="Mike Bada, University of Colorado Anschutz Medical Campus" id="CL_basic_2014_02_21_Instance_22813" type="identity">
            <class id="CL:0000233" label="platelet"/>
            <span end="18346" id="12925238-745" start="18338">platelet</span>
        </annotation>
        <annotation annotator="Mike Bada, University of Colorado Anschutz Medical Campus" id="CL_basic_2014_02_21_Instance_22815" type="identity">
            <class id="CL:0000233" label="platelet"/>
            <span end="18651" id="12925238-747" start="18642">platelets</span>
        </annotation>
        <annotation annotator="Mike Bada, University of Colorado Anschutz Medical Campus" id="CL_basic_2014_02_21_Instance_22817" type="identity">
            <class id="CL:0000233" label="platelet"/>
            <span end="18750" id="12925238-749" start="18741">platelets</span>
        </annotation>
        <annotation annotator="Mike Bada, University of Colorado Anschutz Medical Campus" id="CL_basic_2014_02_21_Instance_22819" type="identity">
            <class id="CL:0000233" label="platelet"/>
            <span end="18795" id="12925238-751" start="18787">platelet</span>
        </annotation>
        <annotation annotator="Mike Bada, University of Colorado Anschutz Medical Campus" id="CL_basic_2014_02_21_Instance_22821" type="identity">
            <class id="CL:0000233" label="platelet"/>
            <span end="18840" id="12925238-753" start="18831">platelets</span>
        </annotation>
        <annotation annotator="Mike Bada, University of Colorado Anschutz Medical Campus" id="CL_basic_2014_02_21_Instance_22827" type="identity">
            <class id="CL:0000232" label="erythrocyte"/>
            <span end="19441" id="12925238-755" start="19426">Red blood cells</span>
        </annotation>
        <annotation annotator="Mike Bada, University of Colorado Anschutz Medical Campus" id="CL_basic_2014_02_21_Instance_22829" type="identity">
            <class id="CL:0000232" label="erythrocyte"/>
            <span end="19661" id="12925238-757" start="19646">red blood cells</span>
        </annotation>
        <annotation annotator="Mike Bada, University of Colorado Anschutz Medical Campus" id="CL_basic_2014_02_21_Instance_22833" type="identity">
            <class id="CL:0000232" label="erythrocyte"/>
            <span end="19794" id="12925238-759" start="19779">red blood cells</span>
        </annotation>
        <annotation annotator="Mike Bada, University of Colorado Anschutz Medical Campus" id="CL_basic_2014_02_21_Instance_22835" type="identity">
            <class id="CL:0000232" label="erythrocyte"/>
            <span end="19922" id="12925238-761" start="19907">red blood cells</span>
        </annotation>
        <annotation annotator="Mike Bada, University of Colorado Anschutz Medical Campus" id="CL_basic_2014_02_21_Instance_22837" type="identity">
            <class id="CL:0000232" label="erythrocyte"/>
            <span end="21116" id="12925238-763" start="21102">red blood cell</span>
        </annotation>
        <annotation annotator="Mike Bada, University of Colorado Anschutz Medical Campus" id="CL_basic_2014_02_21_Instance_22839" type="identity">
            <class id="CL:0000232" label="erythrocyte"/>
            <span end="21270" id="12925238-765" start="21255">red blood cells</span>
        </annotation>
        <annotation annotator="Mike Bada, University of Colorado Anschutz Medical Campus" id="CL_basic_2014_02_21_Instance_22841" type="identity">
            <class id="CL:0000232" label="erythrocyte"/>
            <span end="21753" id="12925238-767" start="21739">red blood cell</span>
        </annotation>
        <annotation annotator="Mike Bada, University of Colorado Anschutz Medical Campus" id="CL_basic_2014_02_21_Instance_22843" type="identity">
            <class id="CL:0000232" label="erythrocyte"/>
            <span end="21969" id="12925238-769" start="21954">red blood cells</span>
        </annotation>
        <annotation annotator="Mike Bada, University of Colorado Anschutz Medical Campus" id="CL_basic_2014_02_21_Instance_22845" type="identity">
            <class id="CL:0000232" label="erythrocyte"/>
            <span end="22326" id="12925238-771" start="22311">red blood cells</span>
        </annotation>
        <annotation annotator="Mike Bada, University of Colorado Anschutz Medical Campus" id="CL_basic_2014_02_21_Instance_22847" type="identity">
            <class id="CL:0000232" label="erythrocyte"/>
            <span end="22489" id="12925238-773" start="22475">red blood cell</span>
        </annotation>
        <annotation annotator="Mike Bada, University of Colorado Anschutz Medical Campus" id="CL_basic_2014_02_21_Instance_22849" type="identity">
            <class id="CL:0000232" label="erythrocyte"/>
            <span end="23162" id="12925238-775" start="23147">red blood cells</span>
        </annotation>
        <annotation annotator="Mike Bada, University of Colorado Anschutz Medical Campus" id="CL_basic_2014_02_21_Instance_22851" type="identity">
            <class id="CL:0000232" label="erythrocyte"/>
            <span end="23221" id="12925238-777" start="23206">red blood cells</span>
        </annotation>
        <annotation annotator="Mike Bada, University of Colorado Anschutz Medical Campus" id="CL_basic_2014_02_21_Instance_22853" type="identity">
            <class id="CL:0000232" label="erythrocyte"/>
            <span end="23553" id="12925238-779" start="23539">red blood cell</span>
        </annotation>
        <annotation annotator="Mike Bada, University of Colorado Anschutz Medical Campus" id="CL_basic_2014_02_21_Instance_22855" type="identity">
            <class id="CL:0000232" label="erythrocyte"/>
            <span end="23615" id="12925238-781" start="23601">red blood cell</span>
        </annotation>
        <annotation annotator="Mike Bada, University of Colorado Anschutz Medical Campus" id="CL_basic_2014_02_21_Instance_22859" type="identity">
            <class id="CL:0000232" label="erythrocyte"/>
            <span end="23874" id="12925238-783" start="23859">red blood cells</span>
        </annotation>
        <annotation annotator="Mike Bada, University of Colorado Anschutz Medical Campus" id="CL_basic_2014_02_21_Instance_22861" type="identity">
            <class id="CL:0000232" label="erythrocyte"/>
            <span end="24329" id="12925238-785" start="24315">red blood cell</span>
        </annotation>
        <annotation annotator="Mike Bada, University of Colorado Anschutz Medical Campus" id="CL_basic_2014_02_21_Instance_22863" type="identity">
            <class id="CL:0000232" label="erythrocyte"/>
            <span end="24680" id="12925238-787" start="24665">red blood cells</span>
        </annotation>
        <annotation annotator="Mike Bada, University of Colorado Anschutz Medical Campus" id="CL_basic_2014_02_21_Instance_22865" type="identity">
            <class id="CL:0000232" label="erythrocyte"/>
            <span end="24995" id="12925238-789" start="24981">red blood cell</span>
        </annotation>
        <annotation annotator="Mike Bada, University of Colorado Anschutz Medical Campus" id="CL_basic_2014_02_21_Instance_22867" type="identity">
            <class id="CL:0000232" label="erythrocyte"/>
            <span end="25265" id="12925238-791" start="25250">red blood cells</span>
        </annotation>
        <annotation annotator="Mike Bada, University of Colorado Anschutz Medical Campus" id="CL_basic_2014_02_21_Instance_22869" type="identity">
            <class id="CL:0000233" label="platelet"/>
            <span end="25425" id="12925238-793" start="25417">platelet</span>
        </annotation>
        <annotation annotator="Mike Bada, University of Colorado Anschutz Medical Campus" id="CL_basic_2014_02_21_Instance_22871" type="identity">
            <class id="CL:0000233" label="platelet"/>
            <span end="25476" id="12925238-795" start="25468">platelet</span>
        </annotation>
        <annotation annotator="Mike Bada, University of Colorado Anschutz Medical Campus" id="CL_basic_2014_02_21_Instance_22873" type="identity">
            <class id="CL:0000233" label="platelet"/>
            <span end="25584" id="12925238-797" start="25575">platelets</span>
        </annotation>
        <annotation annotator="Mike Bada, University of Colorado Anschutz Medical Campus" id="CL_basic_2014_02_21_Instance_22875" type="identity">
            <class id="CL:0000233" label="platelet"/>
            <span end="25722" id="12925238-799" start="25713">platelets</span>
        </annotation>
        <annotation annotator="Mike Bada, University of Colorado Anschutz Medical Campus" id="CL_basic_2014_02_21_Instance_22877" type="identity">
            <class id="CL:0000233" label="platelet"/>
            <span end="25888" id="12925238-801" start="25879">platelets</span>
        </annotation>
        <annotation annotator="Mike Bada, University of Colorado Anschutz Medical Campus" id="CL_basic_2014_02_21_Instance_22879" type="identity">
            <class id="CL:0000233" label="platelet"/>
            <span end="26296" id="12925238-803" start="26288">platelet</span>
        </annotation>
        <annotation annotator="Mike Bada, University of Colorado Anschutz Medical Campus" id="CL_basic_2014_02_21_Instance_22881" type="identity">
            <class id="CL:0000233" label="platelet"/>
            <span end="26325" id="12925238-805" start="26317">platelet</span>
        </annotation>
        <annotation annotator="Mike Bada, University of Colorado Anschutz Medical Campus" id="CL_basic_2014_02_21_Instance_22883" type="identity">
            <class id="CL:0000232" label="erythrocyte"/>
            <span end="26484" id="12925238-807" start="26469">red blood cells</span>
        </annotation>
        <annotation annotator="Mike Bada, University of Colorado Anschutz Medical Campus" id="CL_basic_2014_02_21_Instance_22885" type="identity">
            <class id="CL:0000232" label="erythrocyte"/>
            <span end="26869" id="12925238-809" start="26854">red blood cells</span>
        </annotation>
        <annotation annotator="Mike Bada, University of Colorado Anschutz Medical Campus" id="CL_basic_2014_02_21_Instance_22889" type="identity">
            <class id="CL:0000232" label="erythrocyte"/>
            <span end="26933" id="12925238-811" start="26921">erythrocytes</span>
        </annotation>
        <annotation annotator="Mike Bada, University of Colorado Anschutz Medical Campus" id="CL_basic_2014_02_21_Instance_22891" type="identity">
            <class id="CL:0000232" label="erythrocyte"/>
            <span end="26999" id="12925238-813" start="26988">erythrocyte</span>
        </annotation>
        <annotation annotator="Mike Bada, University of Colorado Anschutz Medical Campus" id="CL_basic_2014_02_21_Instance_22895" type="identity">
            <class id="CL:0000233" label="platelet"/>
            <span end="28649" id="12925238-815" start="28641">platelet</span>
        </annotation>
        <annotation annotator="Mike Bada, University of Colorado Anschutz Medical Campus" id="CL_basic_2014_02_21_Instance_22897" type="identity">
            <class id="CL:0000232" label="erythrocyte"/>
            <span end="28799" id="12925238-817" start="28784">red blood cells</span>
        </annotation>
        <annotation annotator="Mike Bada, University of Colorado Anschutz Medical Campus" id="CL_basic_2014_02_21_Instance_22899" type="identity">
            <class id="CL:0000232" label="erythrocyte"/>
            <span end="28892" id="12925238-819" start="28877">Red blood cells</span>
        </annotation>
        <annotation annotator="Mike Bada, University of Colorado Anschutz Medical Campus" id="CL_basic_2014_02_21_Instance_22901" type="identity">
            <class id="CL:0000232" label="erythrocyte"/>
            <span end="29439" id="12925238-821" start="29425">red blood cell</span>
        </annotation>
        <annotation annotator="Mike Bada, University of Colorado Anschutz Medical Campus" id="CL_basic_2014_02_21_Instance_10995" type="identity">
            <class id="CL:0000232" label="erythrocyte"/>
            <span end="30001" id="12925238-567" start="29986">red blood cells</span>
        </annotation>
        <annotation annotator="Mike Bada, University of Colorado Anschutz Medical Campus" id="CL_basic_2014_02_21_Instance_22903" type="identity">
            <class id="CL:0000232" label="erythrocyte"/>
            <span end="30018" id="12925238-823" start="30003">Red blood cells</span>
        </annotation>
        <annotation annotator="Mike Bada, University of Colorado Anschutz Medical Campus" id="CL_basic_2014_02_21_Instance_22905" type="identity">
            <class id="CL:0000232" label="erythrocyte"/>
            <span end="30253" id="12925238-825" start="30241">erythrocytes</span>
        </annotation>
        <annotation annotator="Mike Bada, University of Colorado Anschutz Medical Campus" id="CL_basic_2014_02_21_Instance_22907" type="identity">
            <class id="CL:0000232" label="erythrocyte"/>
            <span end="30378" id="12925238-827" start="30363">red blood cells</span>
        </annotation>
        <annotation annotator="Mike Bada, University of Colorado Anschutz Medical Campus" id="CL_basic_2014_02_21_Instance_22909" type="identity">
            <class id="CL:0000232" label="erythrocyte"/>
            <span end="30906" id="12925238-829" start="30892">red blood cell</span>
        </annotation>
        <annotation annotator="Mike Bada, University of Colorado Anschutz Medical Campus" id="CL_basic_2014_02_21_Instance_22911" type="identity">
            <class id="CL:0000232" label="erythrocyte"/>
            <span end="31350" id="12925238-831" start="31336">red blood cell</span>
        </annotation>
        <annotation annotator="Mike Bada, University of Colorado Anschutz Medical Campus" id="CL_basic_2014_02_21_Instance_22913" type="identity">
            <class id="CL:0000232" label="erythrocyte"/>
            <span end="31924" id="12925238-833" start="31909">red blood cells</span>
        </annotation>
        <annotation annotator="Mike Bada, University of Colorado Anschutz Medical Campus" id="CL_basic_2014_02_21_Instance_22915" type="identity">
            <class id="CL:0000233" label="platelet"/>
            <span end="32485" id="12925238-835" start="32477">Platelet</span>
        </annotation>
        <annotation annotator="Mike Bada, University of Colorado Anschutz Medical Campus" id="CL_basic_2014_02_21_Instance_22917" type="identity">
            <class id="CL:0000233" label="platelet"/>
            <span end="32663" id="12925238-837" start="32655">platelet</span>
        </annotation>
        <annotation annotator="Mike Bada, University of Colorado Anschutz Medical Campus" id="CL_basic_2014_02_21_Instance_22919" type="identity">
            <class id="CL:0000233" label="platelet"/>
            <span end="32695" id="12925238-839" start="32687">platelet</span>
        </annotation>
        <annotation annotator="Mike Bada, University of Colorado Anschutz Medical Campus" id="CL_basic_2014_02_21_Instance_70151" type="identity">
            <class id="CL:0000233" label="platelet"/>
            <span end="32988" id="12925238-881" start="32979">platelets</span>
        </annotation>
        <annotation annotator="Mike Bada, University of Colorado Anschutz Medical Campus" id="CL_basic_2014_02_21_Instance_22921" type="identity">
            <class id="CL:0000233" label="platelet"/>
            <span end="33012" id="12925238-841" start="33004">platelet</span>
        </annotation>
        <annotation annotator="Mike Bada, University of Colorado Anschutz Medical Campus" id="CL_basic_2014_02_21_Instance_22923" type="identity">
            <class id="CL:0000233" label="platelet"/>
            <span end="33143" id="12925238-843" start="33134">platelets</span>
        </annotation>
        <annotation annotator="Mike Bada, University of Colorado Anschutz Medical Campus" id="CL_basic_2014_02_21_Instance_22925" type="identity">
            <class id="CL:0000233" label="platelet"/>
            <span end="33443" id="12925238-845" start="33434">platelets</span>
        </annotation>
        <annotation annotator="Mike Bada, University of Colorado Anschutz Medical Campus" id="CL_basic_2014_02_21_Instance_22927" type="identity">
            <class id="CL:0000233" label="platelet"/>
            <span end="33906" id="12925238-847" start="33898">platelet</span>
        </annotation>
        <annotation annotator="Mike Bada, University of Colorado Anschutz Medical Campus" id="CL_basic_2014_02_21_Instance_22933" type="identity">
            <class id="CL:0000232" label="erythrocyte"/>
            <span end="34225" id="12925238-849" start="34210">red blood cells</span>
        </annotation>
        <annotation annotator="Mike Bada, University of Colorado Anschutz Medical Campus" id="CL_basic_2014_02_21_Instance_22935" type="identity">
            <class id="CL:0000233" label="platelet"/>
            <span end="34239" id="12925238-851" start="34230">platelets</span>
        </annotation>
        <annotation annotator="Mike Bada, University of Colorado Anschutz Medical Campus" id="CL_basic_2014_02_21_Instance_22937" type="identity">
            <class id="CL:0000232" label="erythrocyte"/>
            <span end="34357" id="12925238-853" start="34342">red blood cells</span>
        </annotation>
        <annotation annotator="Mike Bada, University of Colorado Anschutz Medical Campus" id="CL_basic_2014_02_21_Instance_22939" type="identity">
            <class id="CL:0000233" label="platelet"/>
            <span end="34371" id="12925238-855" start="34362">platelets</span>
        </annotation>
        <annotation annotator="Mike Bada, University of Colorado Anschutz Medical Campus" id="CL_basic_2014_02_21_Instance_22941" type="identity">
            <class id="CL:0000738" label="leukocyte"/>
            <span end="34487" id="12925238-857" start="34477">leucocytes</span>
        </annotation>
        <annotation annotator="Mike Bada, University of Colorado Anschutz Medical Campus" id="CL_basic_2014_02_21_Instance_22943" type="identity">
            <class id="CL:0000232" label="erythrocyte"/>
            <span end="34504" id="12925238-859" start="34489">red blood cells</span>
        </annotation>
        <annotation annotator="Mike Bada, University of Colorado Anschutz Medical Campus" id="CL_basic_2014_02_21_Instance_22951" type="identity">
            <class id="CL:0000233" label="platelet"/>
            <span end="34630" id="12925238-861" start="34622">platelet</span>
        </annotation>
        <annotation annotator="Mike Bada, University of Colorado Anschutz Medical Campus" id="CL_basic_2014_02_21_Instance_22953" type="identity">
            <class id="CL:0000775" label="neutrophil"/>
            <span end="34651" id="12925238-863" start="34639">neutrophiles</span>
        </annotation>
        <annotation annotator="Mike Bada, University of Colorado Anschutz Medical Campus" id="CL_basic_2014_02_21_Instance_22955" type="identity">
            <class id="CL:0000542" label="lymphocyte"/>
            <span end="34664" id="12925238-865" start="34653">lymphocytes</span>
        </annotation>
        <annotation annotator="Mike Bada, University of Colorado Anschutz Medical Campus" id="CL_basic_2014_02_21_Instance_22957" type="identity">
            <class id="CL:0000576" label="monocyte"/>
            <span end="34675" id="12925238-867" start="34666">monocytes</span>
        </annotation>
        <annotation annotator="Mike Bada, University of Colorado Anschutz Medical Campus" id="CL_basic_2014_02_21_Instance_22959" type="identity">
            <class id="CL:0000771" label="eosinophil"/>
            <span end="34689" id="12925238-869" start="34677">eosinophiles</span>
        </annotation>
        <annotation annotator="Mike Bada, University of Colorado Anschutz Medical Campus" id="CL_basic_2014_02_21_Instance_22961" type="identity">
            <class id="CL:0000767" label="basophil"/>
            <span end="34701" id="12925238-871" start="34691">basophiles</span>
        </annotation>
        <annotation annotator="Mike Bada, University of Colorado Anschutz Medical Campus" id="CL_basic_2014_02_21_Instance_22963" type="identity">
            <class id="CL:0000232" label="erythrocyte"/>
            <span end="35722" id="12925238-873" start="35707">red blood cells</span>
        </annotation>
        <annotation annotator="Mike Bada, University of Colorado Anschutz Medical Campus" id="CL_basic_2014_02_21_Instance_22965" type="identity">
            <class id="CL:0000233" label="platelet"/>
            <span end="35736" id="12925238-875" start="35727">platelets</span>
        </annotation>
        <annotation annotator="Mike Bada, University of Colorado Anschutz Medical Campus" id="CL_basic_2014_02_21_Instance_22967" type="identity">
            <class id="CL:0000233" label="platelet"/>
            <span end="35827" id="12925238-877" start="35818">platelets</span>
        </annotation>
        <annotation annotator="Mike Bada, University of Colorado Anschutz Medical Campus" id="CL_basic_2014_02_21_Instance_22971" type="identity">
            <class id="CL:0000233" label="platelet"/>
            <span end="35967" id="12925238-879" start="35959">platelet</span>
        </annotation>
        <graph-space id="Old Knowtator Relations"/>
    </document>
</knowtator-project>
