<?xml version="1.0" encoding="UTF-8" standalone="no"?>
<knowtator-project>
    <document id="14609438" text-file="14609438.txt">
        <annotation annotator="Mike Bada, University of Colorado Anschutz Medical Campus" id="CL_basic_2014_02_21_Instance_22357" type="identity">
            <class id="CL:0000540" label="neuron"/>
            <span end="400" id="14609438-885" start="392">neuronal</span>
        </annotation>
        <annotation annotator="Mike Bada, University of Colorado Anschutz Medical Campus" id="CL_basic_2014_02_21_Instance_22393" type="identity">
            <class id="CL:0000540" label="neuron"/>
            <span end="2212" id="14609438-887" start="2204">neuronal</span>
        </annotation>
        <annotation annotator="Mike Bada, University of Colorado Anschutz Medical Campus" id="CL_basic_2014_02_21_Instance_22395" type="identity">
            <class id="CL:0000540" label="neuron"/>
            <span end="11821" id="14609438-889" start="11813">neuronal</span>
        </annotation>
        <annotation annotator="Mike Bada, University of Colorado Anschutz Medical Campus" id="CL_basic_2014_02_21_Instance_22399" type="identity">
            <class id="CL:0000540" label="neuron"/>
            <span end="17080" id="14609438-891" start="17072">neuronal</span>
        </annotation>
        <annotation annotator="Mike Bada, University of Colorado Anschutz Medical Campus" id="CL_basic_2014_02_21_Instance_22401" type="identity">
            <class id="CL:0000540" label="neuron"/>
            <span end="18446" id="14609438-893" start="18438">neuronal</span>
        </annotation>
        <graph-space id="Old Knowtator Relations"/>
    </document>
</knowtator-project>
