<?xml version="1.0" encoding="UTF-8" standalone="no"?>
<knowtator-project>
  <document id="14723793" text-file="14723793.txt">
    <annotation annotator="Mike Bada, University of Colorado Anschutz Medical Campus" id="CL_basic_2014_02_21_Instance_60348" type="identity">
      <class id="CL:0002608" label="hippocampal neuron"/>
      <span end="1254" id="14723793-962" start="1235">hippocampus neurons</span>
    </annotation>
    <annotation annotator="Mike Bada, University of Colorado Anschutz Medical Campus" id="CL_basic_2014_02_21_Instance_60356" type="identity">
      <class id="CL:0002608" label="hippocampal neuron"/>
      <span end="12739" id="14723793-964" start="12720">hippocampus neurons</span>
    </annotation>
    <annotation annotator="Mike Bada, University of Colorado Anschutz Medical Campus" id="CL_basic_2014_02_21_Instance_14411" type="identity">
      <class id="CL:0000540" label="neuron"/>
      <span end="12780" id="14723793-938" start="12773">neurons</span>
    </annotation>
    <annotation annotator="Mike Bada, University of Colorado Anschutz Medical Campus" id="CL_basic_2014_02_21_Instance_31019" type="identity">
      <class id="CL:0002605" label="astrocyte of the cerebral cortex"/>
      <span end="12877" id="14723793-956" start="12858">cortical astrocytes</span>
    </annotation>
    <annotation annotator="Mike Bada, University of Colorado Anschutz Medical Campus" id="CL_basic_2014_02_21_Instance_60368" type="identity">
      <class id="CL:0002608" label="hippocampal neuron"/>
      <span end="14024" id="14723793-966" start="14005">hippocampus neurons</span>
    </annotation>
    <annotation annotator="Mike Bada, University of Colorado Anschutz Medical Campus" id="CL_basic_2014_02_21_Instance_14425" type="identity">
      <class id="CL:0000540" label="neuron"/>
      <span end="14076" id="14723793-940" start="14070">neuron</span>
    </annotation>
    <annotation annotator="Mike Bada, University of Colorado Anschutz Medical Campus" id="CL_basic_2014_02_21_Instance_14427" type="identity">
      <class id="CL:0000540" label="neuron"/>
      <span end="14188" id="14723793-942" start="14182">neuron</span>
    </annotation>
    <annotation annotator="Mike Bada, University of Colorado Anschutz Medical Campus" id="CL_basic_2014_02_21_Instance_60376" type="identity">
      <class id="CL:0002608" label="hippocampal neuron"/>
      <span end="15767" id="14723793-968" start="15748">hippocampus neurons</span>
    </annotation>
    <annotation annotator="Mike Bada, University of Colorado Anschutz Medical Campus" id="CL_basic_2014_02_21_Instance_22389" type="identity">
      <class id="CL:0000540" label="neuron"/>
      <span end="15938" id="14723793-946" start="15924">neuronal cells</span>
    </annotation>
    <annotation annotator="Mike Bada, University of Colorado Anschutz Medical Campus" id="CL_basic_2014_02_21_Instance_60386" type="identity">
      <class id="CL:0002608" label="hippocampal neuron"/>
      <span end="17617" id="14723793-970" start="17598">hippocampus neurons</span>
    </annotation>
    <annotation annotator="Mike Bada, University of Colorado Anschutz Medical Campus" id="CL_basic_2014_02_21_Instance_22989" type="identity">
      <class id="CL:0000540" label="neuron"/>
      <span end="21016" id="14723793-948" start="21003">Neuronal cell</span>
    </annotation>
    <annotation annotator="Mike Bada, University of Colorado Anschutz Medical Campus" id="CL_basic_2014_02_21_Instance_60396" type="identity">
      <class id="CL:0002608" label="hippocampal neuron"/>
      <span end="21068" id="14723793-972" start="21050">Hippocampal neuron</span>
    </annotation>
    <annotation annotator="Mike Bada, University of Colorado Anschutz Medical Campus" id="CL_basic_2014_02_21_Instance_60404" type="identity">
      <class id="CL:0002608" label="hippocampal neuron"/>
      <span end="21419" id="14723793-974" start="21400">hippocampal neurons</span>
    </annotation>
    <annotation annotator="Mike Bada, University of Colorado Anschutz Medical Campus" id="CL_basic_2014_02_21_Instance_31028" type="identity">
      <class id="CL:0002605" label="astrocyte of the cerebral cortex"/>
      <span end="21514" id="14723793-958" start="21495">cortical astrocytes</span>
    </annotation>
    <annotation annotator="Mike Bada, University of Colorado Anschutz Medical Campus" id="CL_basic_2014_02_21_Instance_14447" type="identity">
      <class id="CL:0000540" label="neuron"/>
      <span end="21555" id="14723793-944" start="21548">neurons</span>
    </annotation>
    <annotation annotator="Mike Bada, University of Colorado Anschutz Medical Campus" id="CL_basic_2014_02_21_Instance_31034" type="identity">
      <class id="CL:0002605" label="astrocyte of the cerebral cortex"/>
      <span end="21639" id="14723793-960" start="21620">Cortical astrocytes</span>
    </annotation>
    <annotation annotator="Mike Bada, University of Colorado Anschutz Medical Campus" id="CL_basic_2014_02_21_Instance_22991" type="identity">
      <class id="CL:0000540" label="neuron"/>
      <span end="22009" id="14723793-950" start="21995">neuronal cells</span>
    </annotation>
    <annotation annotator="Mike Bada, University of Colorado Anschutz Medical Campus" id="CL_basic_2014_02_21_Instance_22999" type="identity">
      <class id="CL:0000540" label="neuron"/>
      <span end="22706" id="14723793-952" start="22692">neuronal cells</span>
    </annotation>
    <annotation annotator="Mike Bada, University of Colorado Anschutz Medical Campus" id="CL_basic_2014_02_21_Instance_23001" type="identity">
      <class id="CL:0000540" label="neuron"/>
      <span end="23498" id="14723793-954" start="23484">neuronal cells</span>
    </annotation>
    <graph-space id="Old Knowtator Relations"/>
  </document>
</knowtator-project>
