<?xml version="1.0" encoding="UTF-8" standalone="no"?>
<knowtator-project>
  <document id="15040800" text-file="15040800.txt">
    <annotation annotator="Mike Bada, University of Colorado Anschutz Medical Campus" id="CL_basic_2014_02_21_Instance_31198" type="identity">
      <class id="CL:0002322" label="embryonic stem cell"/>
      <span end="7451" id="15040800-1188" start="7444">ES cell</span>
    </annotation>
    <annotation annotator="Mike Bada, University of Colorado Anschutz Medical Campus" id="CL_basic_2014_02_21_Instance_31200" type="identity">
      <class id="CL:0002322" label="embryonic stem cell"/>
      <span end="8382" id="15040800-1190" start="8374">ES cells</span>
    </annotation>
    <annotation annotator="Mike Bada, University of Colorado Anschutz Medical Campus" id="CL_basic_2014_02_21_Instance_14539" type="identity">
      <class id="CL:0000057" label="fibroblast"/>
      <span end="8519" id="15040800-1184" start="8508">fibroblasts</span>
    </annotation>
    <annotation annotator="Mike Bada, University of Colorado Anschutz Medical Campus" id="CL_basic_2014_02_21_Instance_31203" type="identity">
      <class id="CL:0002322" label="embryonic stem cell"/>
      <span end="8669" id="15040800-1192" start="8661">ES cells</span>
    </annotation>
    <annotation annotator="Mike Bada, University of Colorado Anschutz Medical Campus" id="CL_basic_2014_02_21_Instance_31205" type="identity">
      <class id="CL:0002322" label="embryonic stem cell"/>
      <span end="8958" id="15040800-1194" start="8951">ES cell</span>
    </annotation>
    <annotation annotator="Mike Bada, University of Colorado Anschutz Medical Campus" id="CL_basic_2014_02_21_Instance_31209" type="identity">
      <class id="CL:0002322" label="embryonic stem cell"/>
      <span end="9016" id="15040800-1196" start="9009">ES cell</span>
    </annotation>
    <annotation annotator="Mike Bada, University of Colorado Anschutz Medical Campus" id="CL_basic_2014_02_21_Instance_31211" type="identity">
      <class id="CL:0002322" label="embryonic stem cell"/>
      <span end="9164" id="15040800-1198" start="9156">ES cells</span>
    </annotation>
    <annotation annotator="Mike Bada, University of Colorado Anschutz Medical Campus" id="CL_basic_2014_02_21_Instance_31213" type="identity">
      <class id="CL:0002322" label="embryonic stem cell"/>
      <span end="26385" id="15040800-1200" start="26378">ES cell</span>
    </annotation>
    <annotation annotator="Mike Bada, University of Colorado Anschutz Medical Campus" id="CL_basic_2014_02_21_Instance_31215" type="identity">
      <class id="CL:0002322" label="embryonic stem cell"/>
      <span end="26473" id="15040800-1202" start="26471">ES</span>
    </annotation>
    <annotation annotator="Mike Bada, University of Colorado Anschutz Medical Campus" id="CL_basic_2014_02_21_Instance_31217" type="identity">
      <class id="CL:0002322" label="embryonic stem cell"/>
      <span end="26494" id="15040800-1204" start="26492">ES</span>
    </annotation>
    <annotation annotator="Mike Bada, University of Colorado Anschutz Medical Campus" id="CL_basic_2014_02_21_Instance_31219" type="identity">
      <class id="CL:0002322" label="embryonic stem cell"/>
      <span end="26671" id="15040800-1206" start="26669">ES</span>
    </annotation>
    <annotation annotator="Mike Bada, University of Colorado Anschutz Medical Campus" id="CL_basic_2014_02_21_Instance_14577" type="identity">
      <class id="CL:0000584" label="enterocyte"/>
      <span end="35680" id="15040800-1186" start="35669">enterocytes</span>
    </annotation>
    <annotation annotator="Mike Bada, University of Colorado Anschutz Medical Campus" id="CL_basic_2014_02_21_Instance_31222" type="identity">
      <class id="CL:1000415" label="epithelial cell of gall bladder"/>
      <span end="48413" id="15040800-1208" start="48385">gallbladder epithelial cells</span>
    </annotation>
    <annotation annotator="Mike Bada, University of Colorado Anschutz Medical Campus" id="CL_basic_2014_02_21_Instance_31224" type="identity">
      <class id="CL:0002518" label="kidney epithelial cell"/>
      <span end="48922" id="15040800-1210" start="48900">renal epithelial cells</span>
    </annotation>
    <graph-space id="Old Knowtator Relations"/>
  </document>
</knowtator-project>
