<?xml version="1.0" encoding="UTF-8" standalone="no"?>
<knowtator-project>
  <document id="15314655" text-file="15314655.txt">
    <annotation annotator="Mike Bada, University of Colorado Anschutz Medical Campus" id="CL_basic_2014_02_21_Instance_14603" type="identity">
      <class id="CL:0000232" label="erythrocyte"/>
      <span end="427" id="15314655-1235" start="413">red blood cell</span>
    </annotation>
    <annotation annotator="Mike Bada, University of Colorado Anschutz Medical Campus" id="CL_basic_2014_02_21_plus_nested_Instance_13616" type="identity">
      <class id="CL:0008001" label="hematopoietic precursor cell"/>
      <span end="672" id="15314655-1463" start="642">hematopoietic progenitor cells</span>
    </annotation>
    <annotation annotator="Mike Bada, University of Colorado Anschutz Medical Campus" id="CL_basic_2014_02_21_Instance_70176" type="identity">
      <class id="CL:0000365" label="zygote"/>
      <span end="1012" id="15314655-1425" start="1005">zygotic</span>
    </annotation>
    <annotation annotator="Mike Bada, University of Colorado Anschutz Medical Campus" id="CL_basic_2014_02_21_Instance_14607" type="identity">
      <class id="CL:0000037" label="hematopoietic stem cell"/>
      <span end="1093" id="15314655-1237" start="1070">hematopoietic stem cell</span>
    </annotation>
    <annotation annotator="Mike Bada, University of Colorado Anschutz Medical Campus" id="CL_basic_2014_02_21_Instance_22565" type="identity">
      <class id="CL:0000764" label="erythroid lineage cell"/>
      <span end="1265" id="15314655-1329" start="1256">erythroid</span>
    </annotation>
    <annotation annotator="Mike Bada, University of Colorado Anschutz Medical Campus" id="CL_basic_2014_02_21_Instance_22567" type="identity">
      <class id="CL:0000764" label="erythroid lineage cell"/>
      <span end="1310" id="15314655-1331" start="1296">erythroid cell</span>
    </annotation>
    <annotation annotator="Mike Bada, University of Colorado Anschutz Medical Campus" id="CL_basic_2014_02_21_Instance_22569" type="identity">
      <class id="CL:0000764" label="erythroid lineage cell"/>
      <span end="1434" id="15314655-1333" start="1420">erythroid cell</span>
    </annotation>
    <annotation annotator="Mike Bada, University of Colorado Anschutz Medical Campus" id="CL_basic_2014_02_21_plus_nested_Instance_13423" type="identity">
      <class id="CL:0000988" label="hematopoietic cell"/>
      <span end="1572" id="15314655-1435" start="1553">hematopoietic cells</span>
    </annotation>
    <annotation annotator="Mike Bada, University of Colorado Anschutz Medical Campus" id="CL_basic_2014_02_21_plus_nested_Instance_13636" type="identity">
      <class id="CL:0000080" label="circulating cell"/>
      <span end="1772" id="15314655-1467" start="1761">circulating</span>
      <span end="1798" id="15314655-1468" start="1793">cells</span>
    </annotation>
    <annotation annotator="Mike Bada, University of Colorado Anschutz Medical Campus" id="CL_basic_2014_02_21_Instance_22571" type="identity">
      <class id="CL:0000232" label="erythrocyte"/>
      <span end="1776" id="15314655-1335" start="1773">red</span>
      <span end="1798" id="15314655-1336" start="1787">blood cells</span>
    </annotation>
    <annotation annotator="Mike Bada, University of Colorado Anschutz Medical Campus" id="CL_basic_2014_02_21_Instance_14613" type="identity">
      <class id="CL:0000738" label="leukocyte"/>
      <span end="1798" id="15314655-1239" start="1781">white blood cells</span>
    </annotation>
    <annotation annotator="Mike Bada, University of Colorado Anschutz Medical Campus" id="CL_basic_2014_02_21_Instance_22573" type="identity">
      <class id="CL:0000034" label="stem cell"/>
      <span end="1948" id="15314655-1338" start="1944">stem</span>
      <span end="1968" id="15314655-1339" start="1963">cells</span>
    </annotation>
    <annotation annotator="Mike Bada, University of Colorado Anschutz Medical Campus" id="CL_basic_2014_02_21_Instance_14615" type="identity">
      <class id="CL:0000081" label="blood cell"/>
      <span end="2062" id="15314655-1241" start="2051">blood cells</span>
    </annotation>
    <annotation annotator="Mike Bada, University of Colorado Anschutz Medical Campus" id="CL_basic_2014_02_21_Instance_14619" type="identity">
      <class id="CL:0000232" label="erythrocyte"/>
      <span end="2379" id="15314655-1243" start="2367">erythrocytes</span>
    </annotation>
    <annotation annotator="Mike Bada, University of Colorado Anschutz Medical Campus" id="CL_basic_2014_02_21_Instance_14621" type="identity">
      <class id="CL:0000235" label="macrophage"/>
      <span end="2395" id="15314655-1245" start="2384">macrophages</span>
    </annotation>
    <annotation annotator="Mike Bada, University of Colorado Anschutz Medical Campus" id="CL_basic_2014_02_21_Instance_14623" type="identity">
      <class id="CL:0000034" label="stem cell"/>
      <span end="2482" id="15314655-1247" start="2472">stem cells</span>
    </annotation>
    <annotation annotator="Mike Bada, University of Colorado Anschutz Medical Campus" id="CL_basic_2014_02_21_Instance_14625" type="identity">
      <class id="CL:0000037" label="hematopoietic stem cell"/>
      <span end="2601" id="15314655-1249" start="2577">hematopoietic stem cells</span>
    </annotation>
    <annotation annotator="Mike Bada, University of Colorado Anschutz Medical Campus" id="CL_basic_2014_02_21_Instance_14627" type="identity">
      <class id="CL:0000081" label="blood cell"/>
      <span end="2687" id="15314655-1251" start="2676">blood cells</span>
    </annotation>
    <annotation annotator="Mike Bada, University of Colorado Anschutz Medical Campus" id="CL_basic_2014_02_21_Instance_14629" type="identity">
      <class id="CL:0000232" label="erythrocyte"/>
      <span end="2722" id="15314655-1253" start="2710">erythrocytes</span>
    </annotation>
    <annotation annotator="Mike Bada, University of Colorado Anschutz Medical Campus" id="CL_basic_2014_02_21_Instance_14631" type="identity">
      <class id="CL:0000763" label="myeloid cell"/>
      <span end="2737" id="15314655-1255" start="2724">myeloid cells</span>
    </annotation>
    <annotation annotator="Mike Bada, University of Colorado Anschutz Medical Campus" id="CL_basic_2014_02_21_Instance_14633" type="identity">
      <class id="CL:0000542" label="lymphocyte"/>
      <span end="2754" id="15314655-1257" start="2743">lymphocytes</span>
    </annotation>
    <annotation annotator="Mike Bada, University of Colorado Anschutz Medical Campus" id="CL_basic_2014_02_21_Instance_22575" type="identity">
      <class id="CL:0000764" label="erythroid lineage cell"/>
      <span end="3043" id="15314655-1341" start="3034">erythroid</span>
    </annotation>
    <annotation annotator="Mike Bada, University of Colorado Anschutz Medical Campus" id="CL_basic_2014_02_21_Instance_22591" type="identity">
      <class id="CL:0000764" label="erythroid lineage cell"/>
      <span end="3463" id="15314655-1343" start="3448">erythroid cells</span>
    </annotation>
    <annotation annotator="Mike Bada, University of Colorado Anschutz Medical Campus" id="CL_basic_2014_02_21_Instance_14635" type="identity">
      <class id="CL:0000038" label="erythroid progenitor cell"/>
      <span end="3491" id="15314655-1259" start="3465">Erythroid progenitor cells</span>
    </annotation>
    <annotation annotator="Mike Bada, University of Colorado Anschutz Medical Campus" id="CL_basic_2014_02_21_Instance_22599" type="identity">
      <class id="CL:0000764" label="erythroid lineage cell"/>
      <span end="5811" id="15314655-1345" start="5802">erythroid</span>
    </annotation>
    <annotation annotator="Mike Bada, University of Colorado Anschutz Medical Campus" id="CL_basic_2014_02_21_Instance_14639" type="identity">
      <class id="CL:0000057" label="fibroblast"/>
      <span end="5930" id="15314655-1261" start="5919">fibroblasts</span>
    </annotation>
    <annotation annotator="Mike Bada, University of Colorado Anschutz Medical Campus" id="CL_basic_2014_02_21_Instance_22603" type="identity">
      <class id="CL:0000764" label="erythroid lineage cell"/>
      <span end="6051" id="15314655-1347" start="6037">erythroid cell</span>
    </annotation>
    <annotation annotator="Mike Bada, University of Colorado Anschutz Medical Campus" id="CL_basic_2014_02_21_Instance_14643" type="identity">
      <class id="CL:0000232" label="erythrocyte"/>
      <span end="6426" id="15314655-1263" start="6411">red blood cells</span>
    </annotation>
    <annotation annotator="Mike Bada, University of Colorado Anschutz Medical Campus" id="CL_basic_2014_02_21_Instance_14645" type="identity">
      <class id="CL:0000232" label="erythrocyte"/>
      <span end="6432" id="15314655-1265" start="6428">RBCs</span>
    </annotation>
    <annotation annotator="Mike Bada, University of Colorado Anschutz Medical Campus" id="CL_basic_2014_02_21_plus_nested_Instance_13458" type="identity">
      <class id="CL:0000988" label="hematopoietic cell"/>
      <span end="6569" id="15314655-1437" start="6550">hematopoietic cells</span>
    </annotation>
    <annotation annotator="Mike Bada, University of Colorado Anschutz Medical Campus" id="CL_basic_2014_02_21_Instance_22609" type="identity">
      <class id="CL:0000764" label="erythroid lineage cell"/>
      <span end="6716" id="15314655-1349" start="6701">erythroid cells</span>
    </annotation>
    <annotation annotator="Mike Bada, University of Colorado Anschutz Medical Campus" id="CL_basic_2014_02_21_plus_nested_Instance_13471" type="identity">
      <class id="CL:0000988" label="hematopoietic cell"/>
      <span end="7081" id="15314655-1439" start="7062">hematopoietic cells</span>
    </annotation>
    <annotation annotator="Mike Bada, University of Colorado Anschutz Medical Campus" id="CL_basic_2014_02_21_Instance_22613" type="identity">
      <class id="CL:0000763" label="myeloid cell"/>
      <span end="7294" id="15314655-1351" start="7287">myeloid</span>
    </annotation>
    <annotation annotator="Mike Bada, University of Colorado Anschutz Medical Campus" id="CL_basic_2014_02_21_Instance_14651" type="identity">
      <class id="CL:0000232" label="erythrocyte"/>
      <span end="7369" id="15314655-1267" start="7365">RBCs</span>
    </annotation>
    <annotation annotator="Mike Bada, University of Colorado Anschutz Medical Campus" id="CL_basic_2014_02_21_Instance_14653" type="identity">
      <class id="CL:0000134" label="mesenchymal cell"/>
      <span end="7549" id="15314655-1269" start="7532">mesenchymal cells</span>
    </annotation>
    <annotation annotator="Mike Bada, University of Colorado Anschutz Medical Campus" id="CL_basic_2014_02_21_Instance_14655" type="identity">
      <class id="CL:0000038" label="erythroid progenitor cell"/>
      <span end="7722" id="15314655-1271" start="7696">erythroid progenitor cells</span>
    </annotation>
    <annotation annotator="Mike Bada, University of Colorado Anschutz Medical Campus" id="CL_basic_2014_02_21_Instance_14657" type="identity">
      <class id="CL:0000134" label="mesenchymal cell"/>
      <span end="7754" id="15314655-1273" start="7737">mesenchymal cells</span>
    </annotation>
    <annotation annotator="Mike Bada, University of Colorado Anschutz Medical Campus" id="CL_basic_2014_02_21_Instance_22617" type="identity">
      <class id="CL:0000764" label="erythroid lineage cell"/>
      <span end="8314" id="15314655-1353" start="8305">erythroid</span>
    </annotation>
    <annotation annotator="Mike Bada, University of Colorado Anschutz Medical Campus" id="CL_basic_2014_02_21_Instance_22621" type="identity">
      <class id="CL:0000763" label="myeloid cell"/>
      <span end="8337" id="15314655-1355" start="8330">myeloid</span>
    </annotation>
    <annotation annotator="Mike Bada, University of Colorado Anschutz Medical Campus" id="CL_basic_2014_02_21_Instance_14659" type="identity">
      <class id="CL:0000547" label="proerythroblast"/>
      <span end="8497" id="15314655-1275" start="8482">proerythroblast</span>
    </annotation>
    <annotation annotator="Mike Bada, University of Colorado Anschutz Medical Campus" id="CL_basic_2014_02_21_Instance_14661" type="identity">
      <class id="CL:0000763" label="myeloid cell"/>
      <span end="8560" id="15314655-1277" start="8547">myeloid cells</span>
    </annotation>
    <annotation annotator="Mike Bada, University of Colorado Anschutz Medical Campus" id="CL_basic_2014_02_21_plus_nested_Instance_13490" type="identity">
      <class id="CL:0000080" label="circulating cell"/>
      <span end="11164" id="15314655-1441" start="11153">circulating</span>
      <span end="11176" id="15314655-1442" start="11171">cells</span>
    </annotation>
    <annotation annotator="Mike Bada, University of Colorado Anschutz Medical Campus" id="CL_basic_2014_02_21_Instance_14663" type="identity">
      <class id="CL:0000081" label="blood cell"/>
      <span end="11176" id="15314655-1279" start="11165">blood cells</span>
    </annotation>
    <annotation annotator="Mike Bada, University of Colorado Anschutz Medical Campus" id="CL_basic_2014_02_21_plus_nested_Instance_13493" type="identity">
      <class id="CL:0000080" label="circulating cell"/>
      <span end="11232" id="15314655-1444" start="11221">circulating</span>
      <span end="11244" id="15314655-1445" start="11239">cells</span>
    </annotation>
    <annotation annotator="Mike Bada, University of Colorado Anschutz Medical Campus" id="CL_basic_2014_02_21_Instance_14665" type="identity">
      <class id="CL:0000081" label="blood cell"/>
      <span end="11244" id="15314655-1281" start="11233">blood cells</span>
    </annotation>
    <annotation annotator="Mike Bada, University of Colorado Anschutz Medical Campus" id="CL_basic_2014_02_21_Instance_14667" type="identity">
      <class id="CL:0000232" label="erythrocyte"/>
      <span end="11301" id="15314655-1283" start="11297">RBCs</span>
    </annotation>
    <annotation annotator="Mike Bada, University of Colorado Anschutz Medical Campus" id="CL_basic_2014_02_21_Instance_14669" type="identity">
      <class id="CL:0000558" label="reticulocyte"/>
      <span end="11727" id="15314655-1285" start="11715">reticulocyte</span>
    </annotation>
    <annotation annotator="Mike Bada, University of Colorado Anschutz Medical Campus" id="CL_basic_2014_02_21_Instance_70178" type="identity">
      <class id="CL:0000365" label="zygote"/>
      <span end="12375" id="15314655-1427" start="12368">zygotic</span>
    </annotation>
    <annotation annotator="Mike Bada, University of Colorado Anschutz Medical Campus" id="CL_basic_2014_02_21_Instance_14671" type="identity">
      <class id="CL:0000034" label="stem cell"/>
      <span end="12637" id="15314655-1287" start="12628">stem cell</span>
    </annotation>
    <annotation annotator="Mike Bada, University of Colorado Anschutz Medical Campus" id="CL_basic_2014_02_21_Instance_22627" type="identity">
      <class id="CL:0000764" label="erythroid lineage cell"/>
      <span end="13433" id="15314655-1357" start="13424">erythroid</span>
    </annotation>
    <annotation annotator="Mike Bada, University of Colorado Anschutz Medical Campus" id="CL_basic_2014_02_21_Instance_14677" type="identity">
      <class id="CL:0000232" label="erythrocyte"/>
      <span end="15479" id="15314655-1289" start="15467">erythrocytes</span>
    </annotation>
    <annotation annotator="Mike Bada, University of Colorado Anschutz Medical Campus" id="CL_basic_2014_02_21_Instance_14683" type="identity">
      <class id="CL:0000232" label="erythrocyte"/>
      <span end="15774" id="15314655-1291" start="15770">RBCs</span>
    </annotation>
    <annotation annotator="Mike Bada, University of Colorado Anschutz Medical Campus" id="CL_basic_2014_02_21_Instance_14685" type="identity">
      <class id="CL:0000134" label="mesenchymal cell"/>
      <span end="15926" id="15314655-1293" start="15909">mesenchymal cells</span>
    </annotation>
    <annotation annotator="Mike Bada, University of Colorado Anschutz Medical Campus" id="CL_basic_2014_02_21_Instance_14687" type="identity">
      <class id="CL:0000081" label="blood cell"/>
      <span end="16052" id="15314655-1295" start="16042">blood cell</span>
    </annotation>
    <annotation annotator="Mike Bada, University of Colorado Anschutz Medical Campus" id="CL_basic_2014_02_21_Instance_22635" type="identity">
      <class id="CL:0000764" label="erythroid lineage cell"/>
      <span end="16464" id="15314655-1359" start="16449">erythroid cells</span>
    </annotation>
    <annotation annotator="Mike Bada, University of Colorado Anschutz Medical Campus" id="CL_basic_2014_02_21_plus_nested_Instance_13512" type="identity">
      <class id="CL:0000988" label="hematopoietic cell"/>
      <span end="16563" id="15314655-1447" start="16544">hematopoietic cells</span>
    </annotation>
    <annotation annotator="Mike Bada, University of Colorado Anschutz Medical Campus" id="CL_basic_2014_02_21_Instance_22641" type="identity">
      <class id="CL:0000764" label="erythroid lineage cell"/>
      <span end="16911" id="15314655-1361" start="16896">erythroid cells</span>
    </annotation>
    <annotation annotator="Mike Bada, University of Colorado Anschutz Medical Campus" id="CL_basic_2014_02_21_plus_nested_Instance_13671" type="identity">
      <class id="CL:0002321" label="embryonic cell"/>
      <span end="16979" id="15314655-1487" start="16970">embryonic</span>
      <span end="16991" id="15314655-1488" start="16986">cells</span>
    </annotation>
    <annotation annotator="Mike Bada, University of Colorado Anschutz Medical Campus" id="CL_basic_2014_02_21_Instance_14689" type="identity">
      <class id="CL:0000081" label="blood cell"/>
      <span end="16991" id="15314655-1297" start="16980">blood cells</span>
    </annotation>
    <annotation annotator="Mike Bada, University of Colorado Anschutz Medical Campus" id="CL_basic_2014_02_21_plus_nested_Instance_13639" type="identity">
      <class id="CL:0000080" label="circulating cell"/>
      <span end="17006" id="15314655-1470" start="16986">cells in circulation</span>
    </annotation>
    <annotation annotator="Mike Bada, University of Colorado Anschutz Medical Campus" id="CL_basic_2014_02_21_plus_nested_Instance_13642" type="identity">
      <class id="CL:0000080" label="circulating cell"/>
      <span end="17159" id="15314655-1472" start="17139">cells in circulation</span>
    </annotation>
    <annotation annotator="Mike Bada, University of Colorado Anschutz Medical Campus" id="CL_basic_2014_02_21_Instance_22645" type="identity">
      <class id="CL:0000764" label="erythroid lineage cell"/>
      <span end="17424" id="15314655-1363" start="17409">erythroid cells</span>
    </annotation>
    <annotation annotator="Mike Bada, University of Colorado Anschutz Medical Campus" id="CL_basic_2014_02_21_plus_nested_Instance_13645" type="identity">
      <class id="CL:0000080" label="circulating cell"/>
      <span end="17465" id="15314655-1474" start="17445">cells in circulation</span>
    </annotation>
    <annotation annotator="Mike Bada, University of Colorado Anschutz Medical Campus" id="CL_basic_2014_02_21_plus_nested_Instance_13648" type="identity">
      <class id="CL:0000080" label="circulating cell"/>
      <span end="17562" id="15314655-1476" start="17542">cells in circulation</span>
    </annotation>
    <annotation annotator="Mike Bada, University of Colorado Anschutz Medical Campus" id="CL_basic_2014_02_21_Instance_14701" type="identity">
      <class id="CL:0000081" label="blood cell"/>
      <span end="17600" id="15314655-1299" start="17589">blood cells</span>
    </annotation>
    <annotation annotator="Mike Bada, University of Colorado Anschutz Medical Campus" id="CL_basic_2014_02_21_Instance_14703" type="identity">
      <class id="CL:0000081" label="blood cell"/>
      <span end="17664" id="15314655-1301" start="17653">blood cells</span>
    </annotation>
    <annotation annotator="Mike Bada, University of Colorado Anschutz Medical Campus" id="CL_basic_2014_02_21_Instance_22653" type="identity">
      <class id="CL:0000764" label="erythroid lineage cell"/>
      <span end="18127" id="15314655-1365" start="18112">erythroid cells</span>
    </annotation>
    <annotation annotator="Mike Bada, University of Colorado Anschutz Medical Campus" id="CL_basic_2014_02_21_Instance_14709" type="identity">
      <class id="CL:0000057" label="fibroblast"/>
      <span end="18582" id="15314655-1303" start="18572">fibroblast</span>
    </annotation>
    <annotation annotator="Mike Bada, University of Colorado Anschutz Medical Campus" id="CL_basic_2014_02_21_Instance_60121" type="identity">
      <class id="CL:0000836" label="promyelocyte"/>
      <span end="19371" id="15314655-1421" start="19358">promyelocytic</span>
    </annotation>
    <annotation annotator="Mike Bada, University of Colorado Anschutz Medical Campus" id="CL_basic_2014_02_21_Instance_14713" type="identity">
      <class id="CL:0000232" label="erythrocyte"/>
      <span end="19700" id="15314655-1305" start="19688">erythrocytes</span>
    </annotation>
    <annotation annotator="Mike Bada, University of Colorado Anschutz Medical Campus" id="CL_basic_2014_02_21_Instance_22657" type="identity">
      <class id="CL:0000764" label="erythroid lineage cell"/>
      <span end="19913" id="15314655-1367" start="19904">erythroid</span>
    </annotation>
    <annotation annotator="Mike Bada, University of Colorado Anschutz Medical Campus" id="CL_basic_2014_02_21_Instance_22661" type="identity">
      <class id="CL:0000764" label="erythroid lineage cell"/>
      <span end="20086" id="15314655-1369" start="20071">erythroid cells</span>
    </annotation>
    <annotation annotator="Mike Bada, University of Colorado Anschutz Medical Campus" id="CL_basic_2014_02_21_Instance_22663" type="identity">
      <class id="CL:0000764" label="erythroid lineage cell"/>
      <span end="20470" id="15314655-1371" start="20461">erythroid</span>
    </annotation>
    <annotation annotator="Mike Bada, University of Colorado Anschutz Medical Campus" id="CL_basic_2014_02_21_plus_nested_Instance_13525" type="identity">
      <class id="CL:0000988" label="hematopoietic cell"/>
      <span end="21917" id="15314655-1449" start="21898">hematopoietic cells</span>
    </annotation>
    <annotation annotator="Mike Bada, University of Colorado Anschutz Medical Campus" id="CL_basic_2014_02_21_plus_nested_Instance_13537" type="identity">
      <class id="CL:0000988" label="hematopoietic cell"/>
      <span end="22491" id="15314655-1451" start="22472">hematopoietic cells</span>
    </annotation>
    <annotation annotator="Mike Bada, University of Colorado Anschutz Medical Campus" id="CL_basic_2014_02_21_plus_nested_Instance_13544" type="identity">
      <class id="CL:0000764" label="erythroid lineage cell"/>
      <span end="23280" id="15314655-1453" start="23271">Erythroid</span>
    </annotation>
    <annotation annotator="Mike Bada, University of Colorado Anschutz Medical Campus" id="CL_basic_2014_02_21_plus_nested_Instance_13556" type="identity">
      <class id="CL:0000764" label="erythroid lineage cell"/>
      <span end="23424" id="15314655-1455" start="23415">erythroid</span>
    </annotation>
    <annotation annotator="Mike Bada, University of Colorado Anschutz Medical Campus" id="CL_basic_2014_02_21_Instance_22671" type="identity">
      <class id="CL:0000764" label="erythroid lineage cell"/>
      <span end="23654" id="15314655-1373" start="23639">erythroid cells</span>
    </annotation>
    <annotation annotator="Mike Bada, University of Colorado Anschutz Medical Campus" id="CL_basic_2014_02_21_Instance_22675" type="identity">
      <class id="CL:0000445" label="apoptosis fated cell"/>
      <span end="23781" id="15314655-1375" start="23766">apoptotic cells</span>
    </annotation>
    <annotation annotator="Mike Bada, University of Colorado Anschutz Medical Campus" id="CL_basic_2014_02_21_Instance_14721" type="identity">
      <class id="CL:0000037" label="hematopoietic stem cell"/>
      <span end="23998" id="15314655-1307" start="23974">hematopoietic stem cells</span>
    </annotation>
    <annotation annotator="Mike Bada, University of Colorado Anschutz Medical Campus" id="CL_basic_2014_02_21_plus_nested_Instance_13583" type="identity">
      <class id="CL:0000988" label="hematopoietic cell"/>
      <span end="24165" id="15314655-1457" start="24146">hematopoietic cells</span>
    </annotation>
    <annotation annotator="Mike Bada, University of Colorado Anschutz Medical Campus" id="CL_basic_2014_02_21_Instance_22679" type="identity">
      <class id="CL:0000764" label="erythroid lineage cell"/>
      <span end="24218" id="15314655-1377" start="24209">erythroid</span>
    </annotation>
    <annotation annotator="Mike Bada, University of Colorado Anschutz Medical Campus" id="CL_basic_2014_02_21_Instance_22681" type="identity">
      <class id="CL:0000764" label="erythroid lineage cell"/>
      <span end="24275" id="15314655-1379" start="24260">erythroid cells</span>
    </annotation>
    <annotation annotator="Mike Bada, University of Colorado Anschutz Medical Campus" id="CL_basic_2014_02_21_Instance_22685" type="identity">
      <class id="CL:0000764" label="erythroid lineage cell"/>
      <span end="24341" id="15314655-1381" start="24326">erythroid cells</span>
    </annotation>
    <annotation annotator="Mike Bada, University of Colorado Anschutz Medical Campus" id="CL_basic_2014_02_21_Instance_70180" type="identity">
      <class id="CL:0000365" label="zygote"/>
      <span end="24593" id="15314655-1429" start="24586">zygotic</span>
    </annotation>
    <annotation annotator="Mike Bada, University of Colorado Anschutz Medical Campus" id="CL_basic_2014_02_21_Instance_70184" type="identity">
      <class id="CL:0000025" label="egg cell"/>
      <span end="24851" id="15314655-1433" start="24847">eggs</span>
    </annotation>
    <annotation annotator="Mike Bada, University of Colorado Anschutz Medical Campus" id="CL_basic_2014_02_21_Instance_70182" type="identity">
      <class id="CL:0000365" label="zygote"/>
      <span end="25038" id="15314655-1431" start="25031">zygotic</span>
    </annotation>
    <annotation annotator="Mike Bada, University of Colorado Anschutz Medical Campus" id="CL_basic_2014_02_21_Instance_22687" type="identity">
      <class id="CL:0000764" label="erythroid lineage cell"/>
      <span end="25302" id="15314655-1383" start="25287">erythroid cells</span>
    </annotation>
    <annotation annotator="Mike Bada, University of Colorado Anschutz Medical Campus" id="CL_basic_2014_02_21_Instance_14727" type="identity">
      <class id="CL:0000081" label="blood cell"/>
      <span end="26231" id="15314655-1309" start="26220">blood cells</span>
    </annotation>
    <annotation annotator="Mike Bada, University of Colorado Anschutz Medical Campus" id="CL_basic_2014_02_21_Instance_22691" type="identity">
      <class id="CL:0000764" label="erythroid lineage cell"/>
      <span end="26394" id="15314655-1385" start="26385">erythroid</span>
    </annotation>
    <annotation annotator="Mike Bada, University of Colorado Anschutz Medical Campus" id="CL_basic_2014_02_21_plus_nested_Instance_13592" type="identity">
      <class id="CL:0008001" label="hematopoietic precursor cell"/>
      <span end="26579" id="15314655-1459" start="26549">hematopoietic progenitor cells</span>
    </annotation>
    <annotation annotator="Mike Bada, University of Colorado Anschutz Medical Campus" id="CL_basic_2014_02_21_Instance_22693" type="identity">
      <class id="CL:0000764" label="erythroid lineage cell"/>
      <span end="27588" id="15314655-1387" start="27579">erythroid</span>
    </annotation>
    <annotation annotator="Mike Bada, University of Colorado Anschutz Medical Campus" id="CL_basic_2014_02_21_Instance_14731" type="identity">
      <class id="CL:0000081" label="blood cell"/>
      <span end="27764" id="15314655-1311" start="27754">blood cell</span>
    </annotation>
    <annotation annotator="Mike Bada, University of Colorado Anschutz Medical Campus" id="CL_basic_2014_02_21_Instance_14741" type="identity">
      <class id="CL:0000057" label="fibroblast"/>
      <span end="29949" id="15314655-1313" start="29938">fibroblasts</span>
    </annotation>
    <annotation annotator="Mike Bada, University of Colorado Anschutz Medical Campus" id="CL_basic_2014_02_21_Instance_14753" type="identity">
      <class id="CL:0000232" label="erythrocyte"/>
      <span end="31072" id="15314655-1315" start="31068">RBCs</span>
    </annotation>
    <annotation annotator="Mike Bada, University of Colorado Anschutz Medical Campus" id="CL_basic_2014_02_21_Instance_14757" type="identity">
      <class id="CL:0000232" label="erythrocyte"/>
      <span end="31190" id="15314655-1317" start="31178">erythrocytes</span>
    </annotation>
    <annotation annotator="Mike Bada, University of Colorado Anschutz Medical Campus" id="CL_basic_2014_02_21_plus_nested_Instance_13651" type="identity">
      <class id="CL:0000080" label="circulating cell"/>
      <span end="31367" id="15314655-1478" start="31347">Cells in Circulation</span>
    </annotation>
    <annotation annotator="Mike Bada, University of Colorado Anschutz Medical Campus" id="CL_basic_2014_02_21_Instance_14761" type="identity">
      <class id="CL:0000232" label="erythrocyte"/>
      <span end="31520" id="15314655-1319" start="31508">Erythrocytes</span>
    </annotation>
    <annotation annotator="Mike Bada, University of Colorado Anschutz Medical Campus" id="CL_basic_2014_02_21_plus_nested_Instance_13654" type="identity">
      <class id="CL:0000080" label="circulating cell"/>
      <span end="31745" id="15314655-1480" start="31725">Cells in Circulation</span>
    </annotation>
    <annotation annotator="Mike Bada, University of Colorado Anschutz Medical Campus" id="CL_basic_2014_02_21_Instance_14765" type="identity">
      <class id="CL:0000232" label="erythrocyte"/>
      <span end="31908" id="15314655-1321" start="31896">Erythrocytes</span>
    </annotation>
    <annotation annotator="Mike Bada, University of Colorado Anschutz Medical Campus" id="CL_basic_2014_02_21_Instance_60124" type="identity">
      <class id="CL:0000836" label="promyelocyte"/>
      <span end="33397" id="15314655-1423" start="33384">promyelocytic</span>
    </annotation>
    <annotation annotator="Mike Bada, University of Colorado Anschutz Medical Campus" id="CL_basic_2014_02_21_Instance_22703" type="identity">
      <class id="CL:0000232" label="erythrocyte"/>
      <span end="33425" id="15314655-1391" start="33421">RBCs</span>
    </annotation>
    <annotation annotator="Mike Bada, University of Colorado Anschutz Medical Campus" id="CL_basic_2014_02_21_Instance_22701" type="identity">
      <class id="CL:0000232" label="erythrocyte"/>
      <span end="33443" id="15314655-1389" start="33428">red blood cells</span>
    </annotation>
    <annotation annotator="Mike Bada, University of Colorado Anschutz Medical Campus" id="CL_basic_2014_02_21_Instance_22705" type="identity">
      <class id="CL:0000034" label="stem cell"/>
      <span end="33460" id="15314655-1393" start="33451">stem cell</span>
    </annotation>
    <annotation annotator="Mike Bada, University of Colorado Anschutz Medical Campus" id="CL_basic_2014_02_21_Instance_22707" type="identity">
      <class id="CL:0000222" label="mesodermal cell"/>
      <span end="33721" id="15314655-1395" start="33705">mesodermal cells</span>
    </annotation>
    <annotation annotator="Mike Bada, University of Colorado Anschutz Medical Campus" id="CL_basic_2014_02_21_plus_nested_Instance_13603" type="identity">
      <class id="CL:0000988" label="hematopoietic cell"/>
      <span end="34024" id="15314655-1461" start="34005">hematopoietic cells</span>
    </annotation>
    <annotation annotator="Mike Bada, University of Colorado Anschutz Medical Campus" id="CL_basic_2014_02_21_Instance_22711" type="identity">
      <class id="CL:0000764" label="erythroid lineage cell"/>
      <span end="34291" id="15314655-1397" start="34276">erythroid cells</span>
    </annotation>
    <annotation annotator="Mike Bada, University of Colorado Anschutz Medical Campus" id="CL_basic_2014_02_21_Instance_22713" type="identity">
      <class id="CL:0000235" label="macrophage"/>
      <span end="34318" id="15314655-1399" start="34307">macrophages</span>
    </annotation>
    <annotation annotator="Mike Bada, University of Colorado Anschutz Medical Campus" id="CL_basic_2014_02_21_Instance_22715" type="identity">
      <class id="CL:0000084" label="T cell"/>
      <span end="34387" id="15314655-1401" start="34380">T-cells</span>
    </annotation>
    <annotation annotator="Mike Bada, University of Colorado Anschutz Medical Campus" id="CL_basic_2014_02_21_Instance_22719" type="identity">
      <class id="CL:0000764" label="erythroid lineage cell"/>
      <span end="34918" id="15314655-1403" start="34903">erythroid cells</span>
    </annotation>
    <annotation annotator="Mike Bada, University of Colorado Anschutz Medical Campus" id="CL_basic_2014_02_21_Instance_22721" type="identity">
      <class id="CL:0000547" label="proerythroblast"/>
      <span end="34986" id="15314655-1405" start="34970">proerythroblasts</span>
    </annotation>
    <annotation annotator="Mike Bada, University of Colorado Anschutz Medical Campus" id="CL_basic_2014_02_21_plus_nested_Instance_13620" type="identity">
      <class id="CL:0000988" label="hematopoietic cell"/>
      <span end="37071" id="15314655-1465" start="37052">hematopoietic cells</span>
    </annotation>
    <annotation annotator="Mike Bada, University of Colorado Anschutz Medical Campus" id="CL_basic_2014_02_21_Instance_22725" type="identity">
      <class id="CL:0000232" label="erythrocyte"/>
      <span end="38033" id="15314655-1407" start="38029">RBCs</span>
    </annotation>
    <annotation annotator="Mike Bada, University of Colorado Anschutz Medical Campus" id="CL_basic_2014_02_21_Instance_22729" type="identity">
      <class id="CL:0000232" label="erythrocyte"/>
      <span end="38668" id="15314655-1409" start="38664">RBCs</span>
    </annotation>
    <annotation annotator="Mike Bada, University of Colorado Anschutz Medical Campus" id="CL_basic_2014_02_21_Instance_22733" type="identity">
      <class id="CL:0000232" label="erythrocyte"/>
      <span end="38791" id="15314655-1411" start="38779">erythrocytes</span>
    </annotation>
    <annotation annotator="Mike Bada, University of Colorado Anschutz Medical Campus" id="CL_basic_2014_02_21_plus_nested_Instance_13660" type="identity">
      <class id="CL:0002321" label="embryonic cell"/>
      <span end="39052" id="15314655-1484" start="39043">embryonic</span>
      <span end="39068" id="15314655-1485" start="39064">cell</span>
    </annotation>
    <annotation annotator="Mike Bada, University of Colorado Anschutz Medical Campus" id="CL_basic_2014_02_21_Instance_22737" type="identity">
      <class id="CL:0000057" label="fibroblast"/>
      <span end="39068" id="15314655-1413" start="39053">fibroblast cell</span>
    </annotation>
    <annotation annotator="Mike Bada, University of Colorado Anschutz Medical Campus" id="CL_basic_2014_02_21_Instance_22741" type="identity">
      <class id="CL:0000764" label="erythroid lineage cell"/>
      <span end="39547" id="15314655-1415" start="39538">erythroid</span>
    </annotation>
    <annotation annotator="Mike Bada, University of Colorado Anschutz Medical Campus" id="CL_basic_2014_02_21_Instance_21963" type="identity">
      <class id="CL:0000080" label="circulating cell"/>
      <span end="39859" id="15314655-1323" start="39842">circulating cells</span>
    </annotation>
    <annotation annotator="Mike Bada, University of Colorado Anschutz Medical Campus" id="CL_basic_2014_02_21_Instance_22359" type="identity">
      <class id="CL:0000232" label="erythrocyte"/>
      <span end="39990" id="15314655-1325" start="39986">RBCs</span>
    </annotation>
    <annotation annotator="Mike Bada, University of Colorado Anschutz Medical Campus" id="CL_basic_2014_02_21_Instance_22397" type="identity">
      <class id="CL:0000080" label="circulating cell"/>
      <span end="40052" id="15314655-1327" start="40035">circulating cells</span>
    </annotation>
    <annotation annotator="Mike Bada, University of Colorado Anschutz Medical Campus" id="CL_basic_2014_02_21_Instance_22743" type="identity">
      <class id="CL:0000764" label="erythroid lineage cell"/>
      <span end="40343" id="15314655-1417" start="40328">Erythroid Cells</span>
    </annotation>
    <annotation annotator="Mike Bada, University of Colorado Anschutz Medical Campus" id="CL_basic_2014_02_21_Instance_22995" type="identity">
      <class id="CL:0000764" label="erythroid lineage cell"/>
      <span end="40562" id="15314655-1419" start="40547">erythroid cells</span>
    </annotation>
    <annotation annotator="Mike Bada, University of Colorado Anschutz Medical Campus" id="CL_basic_2014_02_21_plus_nested_Instance_13657" type="identity">
      <class id="CL:0000080" label="circulating cell"/>
      <span end="40679" id="15314655-1482" start="40659">cells in circulation</span>
    </annotation>
    <graph-space id="Old Knowtator Relations"/>
  </document>
</knowtator-project>
