<?xml version="1.0" encoding="UTF-8" standalone="no"?>
<knowtator-project>
    <document id="15314659" text-file="15314659.txt">
        <annotation annotator="Mike Bada, University of Colorado Anschutz Medical Campus" id="CL_basic_2014_02_21_plus_nested_Instance_65" type="identity">
            <class id="CL:0002322" label="embryonic stem cell"/>
            <span end="6184" id="15314659-1496" start="6164">embryonic stem cells</span>
        </annotation>
        <annotation annotator="Mike Bada, University of Colorado Anschutz Medical Campus" id="CL_basic_2014_02_21_plus_nested_Instance_71" type="identity">
            <class id="CL:0002322" label="embryonic stem cell"/>
            <span end="6530" id="15314659-1498" start="6510">embryonic stem cells</span>
        </annotation>
        <annotation annotator="Mike Bada, University of Colorado Anschutz Medical Campus" id="CL_basic_2014_02_21_plus_nested_Instance_74" type="identity">
            <class id="CL:0002322" label="embryonic stem cell"/>
            <span end="17204" id="15314659-1500" start="17184">embryonic stem cells</span>
        </annotation>
        <annotation annotator="Mike Bada, University of Colorado Anschutz Medical Campus" id="CL_basic_2014_02_21_Instance_22757" type="identity">
            <class id="CL:0000445" label="apoptosis fated cell"/>
            <span end="22173" id="15314659-1492" start="22158">apoptotic cells</span>
        </annotation>
        <annotation annotator="Mike Bada, University of Colorado Anschutz Medical Campus" id="CL_basic_2014_02_21_Instance_22759" type="identity">
            <class id="CL:0000445" label="apoptosis fated cell"/>
            <span end="22316" id="15314659-1494" start="22301">apoptotic cells</span>
        </annotation>
        <annotation annotator="Mike Bada, University of Colorado Anschutz Medical Campus" id="CL_basic_2014_02_21_plus_nested_Instance_79" type="identity">
            <class id="CL:0002322" label="embryonic stem cell"/>
            <span end="24979" id="15314659-1502" start="24959">embryonic stem cells</span>
        </annotation>
        <graph-space id="Old Knowtator Relations"/>
    </document>
</knowtator-project>
