<?xml version="1.0" encoding="UTF-8" standalone="no"?>
<knowtator-project>
  <document id="15328533" text-file="15328533.txt">
    <annotation annotator="Mike Bada, University of Colorado Anschutz Medical Campus" id="CL_basic_2014_02_21_Instance_31300" type="identity">
      <class id="CL:0000187" label="muscle cell"/>
      <span end="26" id="15328533-1732" start="14">Muscle Fiber</span>
    </annotation>
    <annotation annotator="Mike Bada, University of Colorado Anschutz Medical Campus" id="CL_basic_2014_02_21_Instance_31303" type="identity">
      <class id="CL:0000187" label="muscle cell"/>
      <span end="138" id="15328533-1734" start="126">muscle fiber</span>
    </annotation>
    <annotation annotator="Mike Bada, University of Colorado Anschutz Medical Campus" id="CL_basic_2014_02_21_Instance_31306" type="identity">
      <class id="CL:0002211" label="type I muscle cell"/>
      <span end="670" id="15328533-1736" start="650">type I muscle fibers</span>
    </annotation>
    <annotation annotator="Mike Bada, University of Colorado Anschutz Medical Campus" id="CL_basic_2014_02_21_Instance_31309" type="identity">
      <class id="CL:0002211" label="type I muscle cell"/>
      <span end="749" id="15328533-1738" start="737">type I fiber</span>
    </annotation>
    <annotation annotator="Mike Bada, University of Colorado Anschutz Medical Campus" id="CL_basic_2014_02_21_Instance_31317" type="identity">
      <class id="CL:0008002" label="skeletal muscle fiber"/>
      <span end="1119" id="15328533-1740" start="1097">Skeletal muscle fibers</span>
    </annotation>
    <annotation annotator="Mike Bada, University of Colorado Anschutz Medical Campus" id="CL_basic_2014_02_21_Instance_31320" type="identity">
      <class id="CL:0002211" label="type I muscle cell"/>
      <span end="1154" id="15328533-1742" start="1148">type I</span>
      <span end="1207" id="15328533-1743" start="1201">fibers</span>
    </annotation>
    <annotation annotator="Mike Bada, University of Colorado Anschutz Medical Campus" id="CL_basic_2014_02_21_core+extensions+nested_backup_Instance_20852" type="identity">
      <class id="CL:0002210" label="red muscle cell"/>
      <span end="1165" id="15328533-1715" start="1156">oxidative</span>
      <span end="1207" id="15328533-1716" start="1201">fibers</span>
    </annotation>
    <annotation annotator="Mike Bada, University of Colorado Anschutz Medical Campus" id="CL_basic_2014_02_21_core+extensions+nested_backup_Instance_20849" type="identity">
      <class id="CL:0000189" label="slow muscle cell"/>
      <span end="1170" id="15328533-1712" start="1166">slow</span>
      <span end="1207" id="15328533-1713" start="1201">fibers</span>
    </annotation>
    <annotation annotator="Mike Bada, University of Colorado Anschutz Medical Campus" id="CL_basic_2014_02_21_Instance_31343" type="identity">
      <class id="CL:0002212" label="type II muscle cell"/>
      <span end="1182" id="15328533-1747" start="1175">type II</span>
      <span end="1207" id="15328533-1748" start="1201">fibers</span>
    </annotation>
    <annotation annotator="Mike Bada, University of Colorado Anschutz Medical Campus" id="CL_basic_2014_02_21_core+extensions+nested_backup_Instance_20855" type="identity">
      <class id="CL:0000190" label="fast muscle cell"/>
      <span end="1194" id="15328533-1718" start="1184">glycolytic</span>
      <span end="1207" id="15328533-1719" start="1201">fibers</span>
    </annotation>
    <annotation annotator="Mike Bada, University of Colorado Anschutz Medical Campus" id="CL_basic_2014_02_21_core+extensions+nested_backup_Instance_20858" type="identity">
      <class id="CL:0000190" label="fast muscle cell"/>
      <span end="1199" id="15328533-1721" start="1195">fast</span>
      <span end="1207" id="15328533-1722" start="1201">fibers</span>
    </annotation>
    <annotation annotator="Mike Bada, University of Colorado Anschutz Medical Campus" id="CL_basic_2014_02_21_Instance_31333" type="identity">
      <class id="CL:0002211" label="type I muscle cell"/>
      <span end="1324" id="15328533-1745" start="1311">Type I fibers</span>
    </annotation>
    <annotation annotator="Mike Bada, University of Colorado Anschutz Medical Campus" id="CL_basic_2014_02_21_Instance_31349" type="identity">
      <class id="CL:0002212" label="type II muscle cell"/>
      <span end="1508" id="15328533-1750" start="1494">Type II fibers</span>
    </annotation>
    <annotation annotator="Mike Bada, University of Colorado Anschutz Medical Campus" id="CL_basic_2014_02_21_Instance_31352" type="identity">
      <class id="CL:0002214" label="type IIa muscle cell"/>
      <span end="1537" id="15328533-1752" start="1534">IIa</span>
    </annotation>
    <annotation annotator="Mike Bada, University of Colorado Anschutz Medical Campus" id="CL_basic_2014_02_21_Instance_31355" type="identity">
      <class id="CL:0002215" label="type IIb muscle cell"/>
      <span end="1551" id="15328533-1754" start="1548">IIb</span>
    </annotation>
    <annotation annotator="Mike Bada, University of Colorado Anschutz Medical Campus" id="CL_basic_2014_02_21_Instance_31358" type="identity">
      <class id="CL:0002215" label="type IIb muscle cell"/>
      <span end="1568" id="15328533-1756" start="1553">Type IIb fibers</span>
    </annotation>
    <annotation annotator="Mike Bada, University of Colorado Anschutz Medical Campus" id="CL_basic_2014_02_21_Instance_31362" type="identity">
      <class id="CL:0002214" label="type IIa muscle cell"/>
      <span end="1785" id="15328533-1758" start="1777">type IIa</span>
    </annotation>
    <annotation annotator="Mike Bada, University of Colorado Anschutz Medical Campus" id="CL_basic_2014_02_21_Instance_31369" type="identity">
      <class id="CL:0002215" label="type IIb muscle cell"/>
      <span end="1810" id="15328533-1762" start="1806">type</span>
      <span end="1820" id="15328533-1763" start="1817">IIb</span>
    </annotation>
    <annotation annotator="Mike Bada, University of Colorado Anschutz Medical Campus" id="CL_basic_2014_02_21_Instance_31366" type="identity">
      <class id="CL:0002211" label="type I muscle cell"/>
      <span end="1812" id="15328533-1760" start="1806">type I</span>
    </annotation>
    <annotation annotator="Mike Bada, University of Colorado Anschutz Medical Campus" id="CL_basic_2014_02_21_Instance_14985" type="identity">
      <class id="CL:0000100" label="motor neuron"/>
      <span end="2052" id="15328533-1724" start="2042">motoneuron</span>
    </annotation>
    <annotation annotator="Mike Bada, University of Colorado Anschutz Medical Campus" id="CL_basic_2014_02_21_Instance_31376" type="identity">
      <class id="CL:0000187" label="muscle cell"/>
      <span end="2188" id="15328533-1765" start="2176">muscle fiber</span>
    </annotation>
    <annotation annotator="Mike Bada, University of Colorado Anschutz Medical Campus" id="CL_basic_2014_02_21_Instance_31380" type="identity">
      <class id="CL:0002215" label="type IIb muscle cell"/>
      <span end="2202" id="15328533-1767" start="2194">type IIb</span>
    </annotation>
    <annotation annotator="Mike Bada, University of Colorado Anschutz Medical Campus" id="CL_basic_2014_02_21_Instance_31384" type="identity">
      <class id="CL:0002214" label="type IIa muscle cell"/>
      <span end="2214" id="15328533-1769" start="2206">type IIa</span>
    </annotation>
    <annotation annotator="Mike Bada, University of Colorado Anschutz Medical Campus" id="CL_basic_2014_02_21_Instance_31388" type="identity">
      <class id="CL:0002211" label="type I muscle cell"/>
      <span end="2225" id="15328533-1771" start="2219">type I</span>
    </annotation>
    <annotation annotator="Mike Bada, University of Colorado Anschutz Medical Campus" id="CL_basic_2014_02_21_Instance_31395" type="identity">
      <class id="CL:0000187" label="muscle cell"/>
      <span end="2696" id="15328533-1773" start="2684">Muscle fiber</span>
    </annotation>
    <annotation annotator="Mike Bada, University of Colorado Anschutz Medical Campus" id="CL_basic_2014_02_21_Instance_31399" type="identity">
      <class id="CL:0002211" label="type I muscle cell"/>
      <span end="2856" id="15328533-1775" start="2843">type I fibers</span>
    </annotation>
    <annotation annotator="Mike Bada, University of Colorado Anschutz Medical Campus" id="CL_basic_2014_02_21_Instance_31402" type="identity">
      <class id="CL:0002211" label="type I muscle cell"/>
      <span end="3040" id="15328533-1777" start="3027">type I fibers</span>
    </annotation>
    <annotation annotator="Mike Bada, University of Colorado Anschutz Medical Campus" id="CL_basic_2014_02_21_Instance_31491" type="identity">
      <class id="CL:0002210" label="red muscle cell"/>
      <span end="3251" id="15328533-1811" start="3235">oxidative fibers</span>
    </annotation>
    <annotation annotator="Mike Bada, University of Colorado Anschutz Medical Campus" id="CL_basic_2014_02_21_Instance_14987" type="identity">
      <class id="CL:0000136" label="fat cell"/>
      <span end="3309" id="15328533-1726" start="3300">adipocyte</span>
    </annotation>
    <annotation annotator="Mike Bada, University of Colorado Anschutz Medical Campus" id="CL_basic_2014_02_21_Instance_31410" type="identity">
      <class id="CL:0002211" label="type I muscle cell"/>
      <span end="3865" id="15328533-1779" start="3845">type I muscle fibers</span>
    </annotation>
    <annotation annotator="Mike Bada, University of Colorado Anschutz Medical Campus" id="CL_basic_2014_02_21_Instance_31414" type="identity">
      <class id="CL:0000187" label="muscle cell"/>
      <span end="4041" id="15328533-1781" start="4029">Muscle Fiber</span>
    </annotation>
    <annotation annotator="Mike Bada, University of Colorado Anschutz Medical Campus" id="CL_basic_2014_02_21_Instance_31417" type="identity">
      <class id="CL:0000187" label="muscle cell"/>
      <span end="4089" id="15328533-1783" start="4077">muscle fiber</span>
    </annotation>
    <annotation annotator="Mike Bada, University of Colorado Anschutz Medical Campus" id="CL_basic_2014_02_21_Instance_31420" type="identity">
      <class id="CL:0000187" label="muscle cell"/>
      <span end="4279" id="15328533-1785" start="4266">muscle fibers</span>
    </annotation>
    <annotation annotator="Mike Bada, University of Colorado Anschutz Medical Campus" id="CL_basic_2014_02_21_Instance_31424" type="identity">
      <class id="CL:0002211" label="type I muscle cell"/>
      <span end="4326" id="15328533-1787" start="4320">type I</span>
    </annotation>
    <annotation annotator="Mike Bada, University of Colorado Anschutz Medical Campus" id="CL_basic_2014_02_21_Instance_31428" type="identity">
      <class id="CL:0002212" label="type II muscle cell"/>
      <span end="4362" id="15328533-1789" start="4355">type II</span>
    </annotation>
    <annotation annotator="Mike Bada, University of Colorado Anschutz Medical Campus" id="CL_basic_2014_02_21_Instance_31432" type="identity">
      <class id="CL:0002211" label="type I muscle cell"/>
      <span end="4412" id="15328533-1791" start="4406">type I</span>
    </annotation>
    <annotation annotator="Mike Bada, University of Colorado Anschutz Medical Campus" id="CL_basic_2014_02_21_Instance_31436" type="identity">
      <class id="CL:0002212" label="type II muscle cell"/>
      <span end="4424" id="15328533-1793" start="4417">type II</span>
    </annotation>
    <annotation annotator="Mike Bada, University of Colorado Anschutz Medical Campus" id="CL_basic_2014_02_21_Instance_31440" type="identity">
      <class id="CL:0000187" label="muscle cell"/>
      <span end="4720" id="15328533-1795" start="4708">muscle fiber</span>
    </annotation>
    <annotation annotator="Mike Bada, University of Colorado Anschutz Medical Campus" id="CL_basic_2014_02_21_Instance_31443" type="identity">
      <class id="CL:0000187" label="muscle cell"/>
      <span end="5232" id="15328533-1797" start="5219">muscle fibers</span>
    </annotation>
    <annotation annotator="Mike Bada, University of Colorado Anschutz Medical Campus" id="CL_basic_2014_02_21_Instance_31447" type="identity">
      <class id="CL:0002211" label="type I muscle cell"/>
      <span end="5698" id="15328533-1799" start="5686">type I fiber</span>
    </annotation>
    <annotation annotator="Mike Bada, University of Colorado Anschutz Medical Campus" id="CL_basic_2014_02_21_Instance_31450" type="identity">
      <class id="CL:0002211" label="type I muscle cell"/>
      <span end="5792" id="15328533-1801" start="5786">Type I</span>
    </annotation>
    <annotation annotator="Mike Bada, University of Colorado Anschutz Medical Campus" id="CL_basic_2014_02_21_Instance_31455" type="identity">
      <class id="CL:0002212" label="type II muscle cell"/>
      <span end="5841" id="15328533-1803" start="5834">type II</span>
    </annotation>
    <annotation annotator="Mike Bada, University of Colorado Anschutz Medical Campus" id="CL_basic_2014_02_21_Instance_31497" type="identity">
      <class id="CL:0002210" label="red muscle cell"/>
      <span end="5980" id="15328533-1813" start="5957">oxidative muscle fibers</span>
    </annotation>
    <annotation annotator="Mike Bada, University of Colorado Anschutz Medical Campus" id="CL_basic_2014_02_21_Instance_31467" type="identity">
      <class id="CL:0002212" label="type II muscle cell"/>
      <span end="6103" id="15328533-1808" start="6099">type</span>
      <span end="6115" id="15328533-1809" start="6106">II fibers</span>
    </annotation>
    <annotation annotator="Mike Bada, University of Colorado Anschutz Medical Campus" id="CL_basic_2014_02_21_Instance_31463" type="identity">
      <class id="CL:0002211" label="type I muscle cell"/>
      <span end="6105" id="15328533-1805" start="6099">type I</span>
      <span end="6115" id="15328533-1806" start="6109">fibers</span>
    </annotation>
    <annotation annotator="Mike Bada, University of Colorado Anschutz Medical Campus" id="CL_basic_2014_02_21_Instance_31503" type="identity">
      <class id="CL:0000187" label="muscle cell"/>
      <span end="6211" id="15328533-1815" start="6199">muscle fiber</span>
    </annotation>
    <annotation annotator="Mike Bada, University of Colorado Anschutz Medical Campus" id="CL_basic_2014_02_21_Instance_31507" type="identity">
      <class id="CL:0002211" label="type I muscle cell"/>
      <span end="6327" id="15328533-1817" start="6314">type I fibers</span>
    </annotation>
    <annotation annotator="Mike Bada, University of Colorado Anschutz Medical Campus" id="CL_basic_2014_02_21_Instance_31511" type="identity">
      <class id="CL:0002210" label="red muscle cell"/>
      <span end="6371" id="15328533-1819" start="6355">oxidative fibers</span>
    </annotation>
    <annotation annotator="Mike Bada, University of Colorado Anschutz Medical Campus" id="CL_basic_2014_02_21_Instance_31515" type="identity">
      <class id="CL:0000187" label="muscle cell"/>
      <span end="6819" id="15328533-1821" start="6807">muscle fiber</span>
    </annotation>
    <annotation annotator="Mike Bada, University of Colorado Anschutz Medical Campus" id="CL_basic_2014_02_21_Instance_31518" type="identity">
      <class id="CL:0000187" label="muscle cell"/>
      <span end="7308" id="15328533-1823" start="7296">muscle fiber</span>
    </annotation>
    <annotation annotator="Mike Bada, University of Colorado Anschutz Medical Campus" id="CL_basic_2014_02_21_Instance_31522" type="identity">
      <class id="CL:0002211" label="type I muscle cell"/>
      <span end="7432" id="15328533-1825" start="7420">type I fiber</span>
    </annotation>
    <annotation annotator="Mike Bada, University of Colorado Anschutz Medical Campus" id="CL_basic_2014_02_21_Instance_31525" type="identity">
      <class id="CL:0002211" label="type I muscle cell"/>
      <span end="7602" id="15328533-1827" start="7590">type I fiber</span>
    </annotation>
    <annotation annotator="Mike Bada, University of Colorado Anschutz Medical Campus" id="CL_basic_2014_02_21_Instance_31529" type="identity">
      <class id="CL:0002212" label="type II muscle cell"/>
      <span end="7741" id="15328533-1829" start="7728">type II fiber</span>
    </annotation>
    <annotation annotator="Mike Bada, University of Colorado Anschutz Medical Campus" id="CL_basic_2014_02_21_Instance_31537" type="identity">
      <class id="CL:0000189" label="slow muscle cell"/>
      <span end="8084" id="15328533-1831" start="8074">slow fiber</span>
    </annotation>
    <annotation annotator="Mike Bada, University of Colorado Anschutz Medical Campus" id="CL_basic_2014_02_21_Instance_31541" type="identity">
      <class id="CL:0000187" label="muscle cell"/>
      <span end="8261" id="15328533-1833" start="8249">muscle fiber</span>
    </annotation>
    <annotation annotator="Mike Bada, University of Colorado Anschutz Medical Campus" id="CL_basic_2014_02_21_Instance_31545" type="identity">
      <class id="CL:0002211" label="type I muscle cell"/>
      <span end="8286" id="15328533-1835" start="8280">type I</span>
    </annotation>
    <annotation annotator="Mike Bada, University of Colorado Anschutz Medical Campus" id="CL_basic_2014_02_21_Instance_31653" type="identity">
      <class id="CL:0000187" label="muscle cell"/>
      <span end="8363" id="15328533-1889" start="8351">Muscle Fiber</span>
    </annotation>
    <annotation annotator="Mike Bada, University of Colorado Anschutz Medical Campus" id="CL_basic_2014_02_21_Instance_31549" type="identity">
      <class id="CL:0002210" label="red muscle cell"/>
      <span end="8496" id="15328533-1837" start="8480">oxidative fibers</span>
    </annotation>
    <annotation annotator="Mike Bada, University of Colorado Anschutz Medical Campus" id="CL_basic_2014_02_21_Instance_31552" type="identity">
      <class id="CL:0002210" label="red muscle cell"/>
      <span end="8544" id="15328533-1839" start="8528">oxidative fibers</span>
    </annotation>
    <annotation annotator="Mike Bada, University of Colorado Anschutz Medical Campus" id="CL_basic_2014_02_21_Instance_31556" type="identity">
      <class id="CL:0002211" label="type I muscle cell"/>
      <span end="9828" id="15328533-1841" start="9808">type I muscle fibers</span>
    </annotation>
    <annotation annotator="Mike Bada, University of Colorado Anschutz Medical Campus" id="CL_basic_2014_02_21_Instance_31560" type="identity">
      <class id="CL:0000187" label="muscle cell"/>
      <span end="10045" id="15328533-1843" start="10033">muscle fiber</span>
    </annotation>
    <annotation annotator="Mike Bada, University of Colorado Anschutz Medical Campus" id="CL_basic_2014_02_21_Instance_31564" type="identity">
      <class id="CL:0002211" label="type I muscle cell"/>
      <span end="10319" id="15328533-1845" start="10306">type I fibers</span>
    </annotation>
    <annotation annotator="Mike Bada, University of Colorado Anschutz Medical Campus" id="CL_basic_2014_02_21_Instance_31567" type="identity">
      <class id="CL:0002211" label="type I muscle cell"/>
      <span end="10441" id="15328533-1847" start="10428">type I fibers</span>
    </annotation>
    <annotation annotator="Mike Bada, University of Colorado Anschutz Medical Campus" id="CL_basic_2014_02_21_Instance_31574" type="identity">
      <class id="CL:0000187" label="muscle cell"/>
      <span end="11495" id="15328533-1849" start="11483">muscle fiber</span>
    </annotation>
    <annotation annotator="Mike Bada, University of Colorado Anschutz Medical Campus" id="CL_basic_2014_02_21_Instance_31577" type="identity">
      <class id="CL:0000187" label="muscle cell"/>
      <span end="11564" id="15328533-1851" start="11552">muscle fiber</span>
    </annotation>
    <annotation annotator="Mike Bada, University of Colorado Anschutz Medical Campus" id="CL_basic_2014_02_21_Instance_31580" type="identity">
      <class id="CL:0000187" label="muscle cell"/>
      <span end="12079" id="15328533-1853" start="12067">muscle fiber</span>
    </annotation>
    <annotation annotator="Mike Bada, University of Colorado Anschutz Medical Campus" id="CL_basic_2014_02_21_Instance_31584" type="identity">
      <class id="CL:0002211" label="type I muscle cell"/>
      <span end="12378" id="15328533-1855" start="12366">type I fiber</span>
    </annotation>
    <annotation annotator="Mike Bada, University of Colorado Anschutz Medical Campus" id="CL_basic_2014_02_21_Instance_31588" type="identity">
      <class id="CL:0000187" label="muscle cell"/>
      <span end="12436" id="15328533-1857" start="12424">muscle fiber</span>
    </annotation>
    <annotation annotator="Mike Bada, University of Colorado Anschutz Medical Campus" id="CL_basic_2014_02_21_Instance_31591" type="identity">
      <class id="CL:0000187" label="muscle cell"/>
      <span end="12696" id="15328533-1859" start="12684">muscle fiber</span>
    </annotation>
    <annotation annotator="Mike Bada, University of Colorado Anschutz Medical Campus" id="CL_basic_2014_02_21_Instance_31595" type="identity">
      <class id="CL:0002211" label="type I muscle cell"/>
      <span end="12830" id="15328533-1861" start="12811">type I muscle fiber</span>
    </annotation>
    <annotation annotator="Mike Bada, University of Colorado Anschutz Medical Campus" id="CL_basic_2014_02_21_Instance_31599" type="identity">
      <class id="CL:0000187" label="muscle cell"/>
      <span end="12976" id="15328533-1863" start="12964">muscle fiber</span>
    </annotation>
    <annotation annotator="Mike Bada, University of Colorado Anschutz Medical Campus" id="CL_basic_2014_02_21_Instance_14991" type="identity">
      <class id="CL:0000100" label="motor neuron"/>
      <span end="13069" id="15328533-1728" start="13057">motor neuron</span>
    </annotation>
    <annotation annotator="Mike Bada, University of Colorado Anschutz Medical Campus" id="CL_basic_2014_02_21_Instance_31604" type="identity">
      <class id="CL:0000187" label="muscle cell"/>
      <span end="13868" id="15328533-1865" start="13856">muscle fiber</span>
    </annotation>
    <annotation annotator="Mike Bada, University of Colorado Anschutz Medical Campus" id="CL_basic_2014_02_21_Instance_31614" type="identity">
      <class id="CL:0000187" label="muscle cell"/>
      <span end="15266" id="15328533-1867" start="15254">muscle fiber</span>
    </annotation>
    <annotation annotator="Mike Bada, University of Colorado Anschutz Medical Campus" id="CL_basic_2014_02_21_Instance_31618" type="identity">
      <class id="CL:0002210" label="red muscle cell"/>
      <span end="15453" id="15328533-1869" start="15437">oxidative fibers</span>
    </annotation>
    <annotation annotator="Mike Bada, University of Colorado Anschutz Medical Campus" id="CL_basic_2014_02_21_Instance_31622" type="identity">
      <class id="CL:0000187" label="muscle cell"/>
      <span end="16214" id="15328533-1871" start="16202">muscle fiber</span>
    </annotation>
    <annotation annotator="Mike Bada, University of Colorado Anschutz Medical Campus" id="CL_basic_2014_02_21_Instance_14993" type="identity">
      <class id="CL:0000365" label="zygote"/>
      <span end="16878" id="15328533-1730" start="16871">zygotes</span>
    </annotation>
    <annotation annotator="Mike Bada, University of Colorado Anschutz Medical Campus" id="CL_basic_2014_02_21_Instance_31625" type="identity">
      <class id="CL:0000187" label="muscle cell"/>
      <span end="18360" id="15328533-1873" start="18348">Muscle fiber</span>
    </annotation>
    <annotation annotator="Mike Bada, University of Colorado Anschutz Medical Campus" id="CL_basic_2014_02_21_Instance_31628" type="identity">
      <class id="CL:0000187" label="muscle cell"/>
      <span end="18413" id="15328533-1875" start="18401">Muscle fiber</span>
    </annotation>
    <annotation annotator="Mike Bada, University of Colorado Anschutz Medical Campus" id="CL_basic_2014_02_21_Instance_31632" type="identity">
      <class id="CL:0002211" label="type I muscle cell"/>
      <span end="21666" id="15328533-1877" start="21643">Oxidative Type I Fibers</span>
    </annotation>
    <annotation annotator="Mike Bada, University of Colorado Anschutz Medical Campus" id="CL_basic_2014_02_21_Instance_31635" type="identity">
      <class id="CL:0002212" label="type II muscle cell"/>
      <span end="21821" id="15328533-1879" start="21814">type II</span>
    </annotation>
    <annotation annotator="Mike Bada, University of Colorado Anschutz Medical Campus" id="CL_basic_2014_02_21_Instance_31638" type="identity">
      <class id="CL:0002211" label="type I muscle cell"/>
      <span end="21853" id="15328533-1881" start="21840">Type I fibers</span>
    </annotation>
    <annotation annotator="Mike Bada, University of Colorado Anschutz Medical Campus" id="CL_basic_2014_02_21_Instance_31641" type="identity">
      <class id="CL:0002211" label="type I muscle cell"/>
      <span end="21947" id="15328533-1883" start="21934">Type I Fibers</span>
    </annotation>
    <annotation annotator="Mike Bada, University of Colorado Anschutz Medical Campus" id="CL_basic_2014_02_21_Instance_31645" type="identity">
      <class id="CL:0000187" label="muscle cell"/>
      <span end="22717" id="15328533-1885" start="22705">muscle fiber</span>
    </annotation>
    <annotation annotator="Mike Bada, University of Colorado Anschutz Medical Campus" id="CL_basic_2014_02_21_Instance_31648" type="identity">
      <class id="CL:0000187" label="muscle cell"/>
      <span end="25756" id="15328533-1887" start="25744">muscle fiber</span>
    </annotation>
    <graph-space id="Old Knowtator Relations"/>
  </document>
</knowtator-project>
