<?xml version="1.0" encoding="UTF-8" standalone="no"?>
<knowtator-project>
  <document id="15320950" text-file="15320950.txt">
    <annotation annotator="Mike Bada, University of Colorado Anschutz Medical Campus" id="CL_basic_2014_02_21_plus_nested_Instance_96" type="identity">
      <class id="CL:0002492" label="strial marginal cell"/>
      <span end="770" id="15320950-1708" start="750">stria marginal cells</span>
    </annotation>
    <annotation annotator="Mike Bada, University of Colorado Anschutz Medical Campus" id="CL_basic_2014_02_21_plus_nested_Instance_90" type="identity">
      <class id="CL:0002666" label="type 2 otic fibrocyte"/>
      <span end="1195" id="15320950-1705" start="1191">type</span>
      <span end="1215" id="15320950-1706" start="1202">II fibrocytes</span>
    </annotation>
    <annotation annotator="Mike Bada, University of Colorado Anschutz Medical Campus" id="CL_basic_2014_02_21_plus_nested_Instance_86" type="identity">
      <class id="CL:0002670" label="type 1 otic fibrocyte"/>
      <span end="1197" id="15320950-1702" start="1191">type I</span>
      <span end="1215" id="15320950-1703" start="1205">fibrocytes</span>
    </annotation>
    <annotation annotator="Mike Bada, University of Colorado Anschutz Medical Campus" id="CL_basic_2014_02_21_Instance_14791" type="identity">
      <class id="CL:0000646" label="basal cell"/>
      <span end="1321" id="15320950-1510" start="1311">basal cell</span>
    </annotation>
    <annotation annotator="Mike Bada, University of Colorado Anschutz Medical Campus" id="CL_basic_2014_02_21_plus_nested_Instance_99" type="identity">
      <class id="CL:0002486" label="strial intermediate cell"/>
      <span end="1386" id="15320950-1594" start="1368">intermediate cells</span>
    </annotation>
    <annotation annotator="Mike Bada, University of Colorado Anschutz Medical Campus" id="CL_basic_2014_02_21_Instance_14795" type="identity">
      <class id="CL:0000646" label="basal cell"/>
      <span end="1484" id="15320950-1512" start="1474">basal cell</span>
    </annotation>
    <annotation annotator="Mike Bada, University of Colorado Anschutz Medical Campus" id="CL_basic_2014_02_21_plus_nested_Instance_108" type="identity">
      <class id="CL:0002486" label="strial intermediate cell"/>
      <span end="1528" id="15320950-1596" start="1510">intermediate cells</span>
    </annotation>
    <annotation annotator="Mike Bada, University of Colorado Anschutz Medical Campus" id="CL_basic_2014_02_21_plus_nested_Instance_114" type="identity">
      <class id="CL:0002257" label="epithelial cell of thyroid gland"/>
      <span end="2650" id="15320950-1598" start="2620">thyroid gland epithelial cells</span>
    </annotation>
    <annotation annotator="Mike Bada, University of Colorado Anschutz Medical Campus" id="CL_basic_2014_02_21_Instance_14801" type="identity">
      <class id="CL:0000034" label="stem cell"/>
      <span end="4666" id="15320950-1514" start="4657">stem cell</span>
    </annotation>
    <annotation annotator="Mike Bada, University of Colorado Anschutz Medical Campus" id="CL_basic_2014_02_21_Instance_14805" type="identity">
      <class id="CL:0000066" label="epithelial cell"/>
      <span end="12337" id="15320950-1516" start="12321">epithelial cells</span>
    </annotation>
    <annotation annotator="Mike Bada, University of Colorado Anschutz Medical Campus" id="CL_basic_2014_02_21_Instance_14809" type="identity">
      <class id="CL:0000066" label="epithelial cell"/>
      <span end="12474" id="15320950-1518" start="12458">epithelial cells</span>
    </annotation>
    <annotation annotator="Mike Bada, University of Colorado Anschutz Medical Campus" id="CL_basic_2014_02_21_plus_nested_Instance_120" type="identity">
      <class id="CL:0002486" label="strial intermediate cell"/>
      <span end="12864" id="15320950-1600" start="12839">strial intermediate cells</span>
    </annotation>
    <annotation annotator="Mike Bada, University of Colorado Anschutz Medical Campus" id="CL_basic_2014_02_21_plus_nested_Instance_126" type="identity">
      <class id="CL:0002492" label="strial marginal cell"/>
      <span end="12949" id="15320950-1602" start="12929">stria marginal cells</span>
    </annotation>
    <annotation annotator="Mike Bada, University of Colorado Anschutz Medical Campus" id="CL_basic_2014_02_21_plus_nested_Instance_132" type="identity">
      <class id="CL:0002492" label="strial marginal cell"/>
      <span end="13548" id="15320950-1604" start="13545">SMC</span>
    </annotation>
    <annotation annotator="Mike Bada, University of Colorado Anschutz Medical Campus" id="CL_basic_2014_02_21_plus_nested_Instance_135" type="identity">
      <class id="CL:0002492" label="strial marginal cell"/>
      <span end="13571" id="15320950-1606" start="13550">strial marginal cells</span>
    </annotation>
    <annotation annotator="Mike Bada, University of Colorado Anschutz Medical Campus" id="CL_basic_2014_02_21_plus_nested_Instance_139" type="identity">
      <class id="CL:0000646" label="basal cell"/>
      <span end="13638" id="15320950-1608" start="13636">BC</span>
    </annotation>
    <annotation annotator="Mike Bada, University of Colorado Anschutz Medical Campus" id="CL_basic_2014_02_21_Instance_14825" type="identity">
      <class id="CL:0000646" label="basal cell"/>
      <span end="13651" id="15320950-1520" start="13640">basal cells</span>
    </annotation>
    <annotation annotator="Mike Bada, University of Colorado Anschutz Medical Campus" id="CL_basic_2014_02_21_Instance_14827" type="identity">
      <class id="CL:0000066" label="epithelial cell"/>
      <span end="13691" id="15320950-1522" start="13675">epithelial cells</span>
    </annotation>
    <annotation annotator="Mike Bada, University of Colorado Anschutz Medical Campus" id="CL_basic_2014_02_21_Instance_14831" type="identity">
      <class id="CL:0000066" label="epithelial cell"/>
      <span end="13742" id="15320950-1524" start="13726">epithelial cells</span>
    </annotation>
    <annotation annotator="Mike Bada, University of Colorado Anschutz Medical Campus" id="CL_basic_2014_02_21_Instance_11381" type="identity">
      <class id="CL:0000609" label="vestibular hair cell"/>
      <span end="13747" id="15320950-1506" start="13744">VHC</span>
    </annotation>
    <annotation annotator="Mike Bada, University of Colorado Anschutz Medical Campus" id="CL_basic_2014_02_21_Instance_14833" type="identity">
      <class id="CL:0000609" label="vestibular hair cell"/>
      <span end="13770" id="15320950-1526" start="13749">vestibular hair cells</span>
    </annotation>
    <annotation annotator="Mike Bada, University of Colorado Anschutz Medical Campus" id="CL_basic_2014_02_21_Instance_11383" type="identity">
      <class id="CL:0000846" label="vestibular dark cell"/>
      <span end="13811" id="15320950-1508" start="13808">VDC</span>
    </annotation>
    <annotation annotator="Mike Bada, University of Colorado Anschutz Medical Campus" id="CL_basic_2014_02_21_Instance_14835" type="identity">
      <class id="CL:0000846" label="vestibular dark cell"/>
      <span end="13834" id="15320950-1528" start="13813">vestibular dark cells</span>
    </annotation>
    <annotation annotator="Mike Bada, University of Colorado Anschutz Medical Campus" id="CL_basic_2014_02_21_Instance_14837" type="identity">
      <class id="CL:0000646" label="basal cell"/>
      <span end="13855" id="15320950-1530" start="13844">basal cells</span>
    </annotation>
    <annotation annotator="Mike Bada, University of Colorado Anschutz Medical Campus" id="CL_basic_2014_02_21_Instance_14839" type="identity">
      <class id="CL:0000066" label="epithelial cell"/>
      <span end="13948" id="15320950-1532" start="13932">epithelial cells</span>
    </annotation>
    <annotation annotator="Mike Bada, University of Colorado Anschutz Medical Campus" id="CL_basic_2014_02_21_plus_nested_Instance_148" type="identity">
      <class id="CL:0002492" label="strial marginal cell"/>
      <span end="14121" id="15320950-1612" start="14100">strial marginal cells</span>
    </annotation>
    <annotation annotator="Mike Bada, University of Colorado Anschutz Medical Campus" id="CL_basic_2014_02_21_Instance_14845" type="identity">
      <class id="CL:0000646" label="basal cell"/>
      <span end="14181" id="15320950-1534" start="14170">basal cells</span>
    </annotation>
    <annotation annotator="Mike Bada, University of Colorado Anschutz Medical Campus" id="CL_basic_2014_02_21_Instance_14849" type="identity">
      <class id="CL:0000066" label="epithelial cell"/>
      <span end="14365" id="15320950-1536" start="14349">epithelial cells</span>
    </annotation>
    <annotation annotator="Mike Bada, University of Colorado Anschutz Medical Campus" id="CL_basic_2014_02_21_plus_nested_Instance_154" type="identity">
      <class id="CL:0002492" label="strial marginal cell"/>
      <span end="14419" id="15320950-1614" start="14398">strial marginal cells</span>
    </annotation>
    <annotation annotator="Mike Bada, University of Colorado Anschutz Medical Campus" id="CL_basic_2014_02_21_Instance_14855" type="identity">
      <class id="CL:0000846" label="vestibular dark cell"/>
      <span end="15016" id="15320950-1538" start="14995">vestibular dark cells</span>
    </annotation>
    <annotation annotator="Mike Bada, University of Colorado Anschutz Medical Campus" id="CL_basic_2014_02_21_Instance_14857" type="identity">
      <class id="CL:0000855" label="sensory hair cell"/>
      <span end="15504" id="15320950-1540" start="15486">sensory hair cells</span>
    </annotation>
    <annotation annotator="Mike Bada, University of Colorado Anschutz Medical Campus" id="CL_basic_2014_02_21_Instance_14859" type="identity">
      <class id="CL:0000855" label="sensory hair cell"/>
      <span end="15716" id="15320950-1542" start="15698">sensory hair cells</span>
    </annotation>
    <annotation annotator="Mike Bada, University of Colorado Anschutz Medical Campus" id="CL_basic_2014_02_21_Instance_14861" type="identity">
      <class id="CL:0000855" label="sensory hair cell"/>
      <span end="15844" id="15320950-1544" start="15835">hair cell</span>
    </annotation>
    <annotation annotator="Mike Bada, University of Colorado Anschutz Medical Campus" id="CL_basic_2014_02_21_Instance_14863" type="identity">
      <class id="CL:0000855" label="sensory hair cell"/>
      <span end="16792" id="15320950-1546" start="16782">hair cells</span>
    </annotation>
    <annotation annotator="Mike Bada, University of Colorado Anschutz Medical Campus" id="CL_basic_2014_02_21_Instance_14865" type="identity">
      <class id="CL:0000646" label="basal cell"/>
      <span end="17675" id="15320950-1548" start="17665">basal cell</span>
    </annotation>
    <annotation annotator="Mike Bada, University of Colorado Anschutz Medical Campus" id="CL_basic_2014_02_21_plus_nested_Instance_14017" type="identity">
      <class id="CL:0002486" label="strial intermediate cell"/>
      <span end="17758" id="15320950-1610" start="17740">intermediate cells</span>
    </annotation>
    <annotation annotator="Mike Bada, University of Colorado Anschutz Medical Campus" id="CL_basic_2014_02_21_Instance_14869" type="identity">
      <class id="CL:0000646" label="basal cell"/>
      <span end="17799" id="15320950-1550" start="17788">basal cells</span>
    </annotation>
    <annotation annotator="Mike Bada, University of Colorado Anschutz Medical Campus" id="CL_basic_2014_02_21_plus_nested_Instance_170" type="identity">
      <class id="CL:0002492" label="strial marginal cell"/>
      <span end="17855" id="15320950-1618" start="17841">Marginal cells</span>
    </annotation>
    <annotation annotator="Mike Bada, University of Colorado Anschutz Medical Campus" id="CL_basic_2014_02_21_plus_nested_Instance_163" type="identity">
      <class id="CL:0002486" label="strial intermediate cell"/>
      <span end="18178" id="15320950-1616" start="18160">intermediate cells</span>
    </annotation>
    <annotation annotator="Mike Bada, University of Colorado Anschutz Medical Campus" id="CL_basic_2014_02_21_plus_nested_Instance_177" type="identity">
      <class id="CL:0002486" label="strial intermediate cell"/>
      <span end="18246" id="15320950-1620" start="18228">intermediate cells</span>
    </annotation>
    <annotation annotator="Mike Bada, University of Colorado Anschutz Medical Campus" id="CL_basic_2014_02_21_plus_nested_Instance_185" type="identity">
      <class id="CL:0002486" label="strial intermediate cell"/>
      <span end="18331" id="15320950-1622" start="18313">Intermediate cells</span>
    </annotation>
    <annotation annotator="Mike Bada, University of Colorado Anschutz Medical Campus" id="CL_basic_2014_02_21_plus_nested_Instance_193" type="identity">
      <class id="CL:0002486" label="strial intermediate cell"/>
      <span end="18504" id="15320950-1624" start="18486">intermediate cells</span>
    </annotation>
    <annotation annotator="Mike Bada, University of Colorado Anschutz Medical Campus" id="CL_basic_2014_02_21_plus_nested_Instance_205" type="identity">
      <class id="CL:0002486" label="strial intermediate cell"/>
      <span end="21478" id="15320950-1628" start="21460">intermediate cells</span>
    </annotation>
    <annotation annotator="Mike Bada, University of Colorado Anschutz Medical Campus" id="CL_basic_2014_02_21_plus_nested_Instance_201" type="identity">
      <class id="CL:0002486" label="strial intermediate cell"/>
      <span end="22841" id="15320950-1626" start="22823">intermediate cells</span>
    </annotation>
    <annotation annotator="Mike Bada, University of Colorado Anschutz Medical Campus" id="CL_basic_2014_02_21_plus_nested_Instance_217" type="identity">
      <class id="CL:0002666" label="type 2 otic fibrocyte"/>
      <span end="22956" id="15320950-1633" start="22952">type</span>
      <span end="22976" id="15320950-1634" start="22963">II fibrocytes</span>
    </annotation>
    <annotation annotator="Mike Bada, University of Colorado Anschutz Medical Campus" id="CL_basic_2014_02_21_plus_nested_Instance_213" type="identity">
      <class id="CL:0002670" label="type 1 otic fibrocyte"/>
      <span end="22958" id="15320950-1630" start="22952">type I</span>
      <span end="22976" id="15320950-1631" start="22966">fibrocytes</span>
    </annotation>
    <annotation annotator="Mike Bada, University of Colorado Anschutz Medical Campus" id="CL_basic_2014_02_21_plus_nested_Instance_228" type="identity">
      <class id="CL:0002492" label="strial marginal cell"/>
      <span end="23462" id="15320950-1636" start="23448">marginal cells</span>
    </annotation>
    <annotation annotator="Mike Bada, University of Colorado Anschutz Medical Campus" id="CL_basic_2014_02_21_plus_nested_Instance_234" type="identity">
      <class id="CL:0002492" label="strial marginal cell"/>
      <span end="23548" id="15320950-1638" start="23534">Marginal cells</span>
    </annotation>
    <annotation annotator="Mike Bada, University of Colorado Anschutz Medical Campus" id="CL_basic_2014_02_21_plus_nested_Instance_240" type="identity">
      <class id="CL:0002492" label="strial marginal cell"/>
      <span end="23846" id="15320950-1640" start="23832">marginal cells</span>
    </annotation>
    <annotation annotator="Mike Bada, University of Colorado Anschutz Medical Campus" id="CL_basic_2014_02_21_plus_nested_Instance_243" type="identity">
      <class id="CL:0002492" label="strial marginal cell"/>
      <span end="24580" id="15320950-1642" start="24572">marginal</span>
      <span end="24595" id="15320950-1643" start="24591">cell</span>
    </annotation>
    <annotation annotator="Mike Bada, University of Colorado Anschutz Medical Campus" id="CL_basic_2014_02_21_Instance_14899" type="identity">
      <class id="CL:0000646" label="basal cell"/>
      <span end="24595" id="15320950-1552" start="24585">basal cell</span>
    </annotation>
    <annotation annotator="Mike Bada, University of Colorado Anschutz Medical Campus" id="CL_basic_2014_02_21_Instance_14901" type="identity">
      <class id="CL:0000646" label="basal cell"/>
      <span end="24743" id="15320950-1554" start="24733">basal cell</span>
    </annotation>
    <annotation annotator="Mike Bada, University of Colorado Anschutz Medical Campus" id="CL_basic_2014_02_21_plus_nested_Instance_249" type="identity">
      <class id="CL:0002492" label="strial marginal cell"/>
      <span end="24780" id="15320950-1645" start="24767">marginal cell</span>
    </annotation>
    <annotation annotator="Mike Bada, University of Colorado Anschutz Medical Campus" id="CL_basic_2014_02_21_plus_nested_Instance_255" type="identity">
      <class id="CL:0002492" label="strial marginal cell"/>
      <span end="25065" id="15320950-1647" start="25052">marginal cell</span>
    </annotation>
    <annotation annotator="Mike Bada, University of Colorado Anschutz Medical Campus" id="CL_basic_2014_02_21_plus_nested_Instance_399" type="identity">
      <class id="CL:0002492" label="strial marginal cell"/>
      <span end="25078" id="15320950-1698" start="25075">SMC</span>
    </annotation>
    <annotation annotator="Mike Bada, University of Colorado Anschutz Medical Campus" id="CL_basic_2014_02_21_Instance_14907" type="identity">
      <class id="CL:0000646" label="basal cell"/>
      <span end="25110" id="15320950-1556" start="25100">basal cell</span>
    </annotation>
    <annotation annotator="Mike Bada, University of Colorado Anschutz Medical Campus" id="CL_basic_2014_02_21_plus_nested_Instance_259" type="identity">
      <class id="CL:0000646" label="basal cell"/>
      <span end="25122" id="15320950-1649" start="25120">BC</span>
    </annotation>
    <annotation annotator="Mike Bada, University of Colorado Anschutz Medical Campus" id="CL_basic_2014_02_21_plus_nested_Instance_265" type="identity">
      <class id="CL:0002492" label="strial marginal cell"/>
      <span end="25160" id="15320950-1651" start="25147">marginal cell</span>
    </annotation>
    <annotation annotator="Mike Bada, University of Colorado Anschutz Medical Campus" id="CL_basic_2014_02_21_Instance_14911" type="identity">
      <class id="CL:0000646" label="basal cell"/>
      <span end="25185" id="15320950-1558" start="25175">basal cell</span>
    </annotation>
    <annotation annotator="Mike Bada, University of Colorado Anschutz Medical Campus" id="CL_basic_2014_02_21_plus_nested_Instance_279" type="identity">
      <class id="CL:0002492" label="strial marginal cell"/>
      <span end="25412" id="15320950-1655" start="25399">marginal cell</span>
    </annotation>
    <annotation annotator="Mike Bada, University of Colorado Anschutz Medical Campus" id="CL_basic_2014_02_21_Instance_14915" type="identity">
      <class id="CL:0000646" label="basal cell"/>
      <span end="25440" id="15320950-1560" start="25430">basal cell</span>
    </annotation>
    <annotation annotator="Mike Bada, University of Colorado Anschutz Medical Campus" id="CL_basic_2014_02_21_plus_nested_Instance_282" type="identity">
      <class id="CL:0002492" label="strial marginal cell"/>
      <span end="25574" id="15320950-1657" start="25566">marginal</span>
      <span end="25589" id="15320950-1658" start="25585">cell</span>
    </annotation>
    <annotation annotator="Mike Bada, University of Colorado Anschutz Medical Campus" id="CL_basic_2014_02_21_Instance_14917" type="identity">
      <class id="CL:0000646" label="basal cell"/>
      <span end="25589" id="15320950-1562" start="25579">basal cell</span>
    </annotation>
    <annotation annotator="Mike Bada, University of Colorado Anschutz Medical Campus" id="CL_basic_2014_02_21_plus_nested_Instance_288" type="identity">
      <class id="CL:0002492" label="strial marginal cell"/>
      <span end="25813" id="15320950-1660" start="25800">marginal cell</span>
    </annotation>
    <annotation annotator="Mike Bada, University of Colorado Anschutz Medical Campus" id="CL_basic_2014_02_21_Instance_14921" type="identity">
      <class id="CL:0000646" label="basal cell"/>
      <span end="25832" id="15320950-1564" start="25822">basal cell</span>
    </annotation>
    <annotation annotator="Mike Bada, University of Colorado Anschutz Medical Campus" id="CL_basic_2014_02_21_Instance_14923" type="identity">
      <class id="CL:0000646" label="basal cell"/>
      <span end="26039" id="15320950-1566" start="26029">basal cell</span>
    </annotation>
    <annotation annotator="Mike Bada, University of Colorado Anschutz Medical Campus" id="CL_basic_2014_02_21_plus_nested_Instance_294" type="identity">
      <class id="CL:0002492" label="strial marginal cell"/>
      <span end="26076" id="15320950-1662" start="26063">marginal cell</span>
    </annotation>
    <annotation annotator="Mike Bada, University of Colorado Anschutz Medical Campus" id="CL_basic_2014_02_21_plus_nested_Instance_273" type="identity">
      <class id="CL:0002492" label="strial marginal cell"/>
      <span end="26228" id="15320950-1653" start="26215">marginal cell</span>
    </annotation>
    <annotation annotator="Mike Bada, University of Colorado Anschutz Medical Campus" id="CL_basic_2014_02_21_plus_nested_Instance_403" type="identity">
      <class id="CL:0002492" label="strial marginal cell"/>
      <span end="26241" id="15320950-1700" start="26238">SMC</span>
    </annotation>
    <annotation annotator="Mike Bada, University of Colorado Anschutz Medical Campus" id="CL_basic_2014_02_21_Instance_14929" type="identity">
      <class id="CL:0000646" label="basal cell"/>
      <span end="26271" id="15320950-1568" start="26261">basal cell</span>
    </annotation>
    <annotation annotator="Mike Bada, University of Colorado Anschutz Medical Campus" id="CL_basic_2014_02_21_plus_nested_Instance_298" type="identity">
      <class id="CL:0000646" label="basal cell"/>
      <span end="26283" id="15320950-1664" start="26281">BC</span>
    </annotation>
    <annotation annotator="Mike Bada, University of Colorado Anschutz Medical Campus" id="CL_basic_2014_02_21_Instance_14931" type="identity">
      <class id="CL:0000646" label="basal cell"/>
      <span end="26316" id="15320950-1570" start="26306">basal cell</span>
    </annotation>
    <annotation annotator="Mike Bada, University of Colorado Anschutz Medical Campus" id="CL_basic_2014_02_21_plus_nested_Instance_304" type="identity">
      <class id="CL:0002492" label="strial marginal cell"/>
      <span end="26342" id="15320950-1666" start="26329">marginal cell</span>
    </annotation>
    <annotation annotator="Mike Bada, University of Colorado Anschutz Medical Campus" id="CL_basic_2014_02_21_plus_nested_Instance_307" type="identity">
      <class id="CL:0002492" label="strial marginal cell"/>
      <span end="26479" id="15320950-1668" start="26466">marginal cell</span>
    </annotation>
    <annotation annotator="Mike Bada, University of Colorado Anschutz Medical Campus" id="CL_basic_2014_02_21_Instance_14937" type="identity">
      <class id="CL:0000646" label="basal cell"/>
      <span end="26505" id="15320950-1572" start="26495">basal cell</span>
    </annotation>
    <annotation annotator="Mike Bada, University of Colorado Anschutz Medical Campus" id="CL_basic_2014_02_21_Instance_14939" type="identity">
      <class id="CL:0000066" label="epithelial cell"/>
      <span end="26662" id="15320950-1574" start="26646">epithelial cells</span>
    </annotation>
    <annotation annotator="Mike Bada, University of Colorado Anschutz Medical Campus" id="CL_basic_2014_02_21_Instance_14941" type="identity">
      <class id="CL:0000646" label="basal cell"/>
      <span end="26735" id="15320950-1576" start="26724">basal cells</span>
    </annotation>
    <annotation annotator="Mike Bada, University of Colorado Anschutz Medical Campus" id="CL_basic_2014_02_21_Instance_14943" type="identity">
      <class id="CL:0000066" label="epithelial cell"/>
      <span end="26843" id="15320950-1578" start="26827">epithelial cells</span>
    </annotation>
    <annotation annotator="Mike Bada, University of Colorado Anschutz Medical Campus" id="CL_basic_2014_02_21_Instance_14945" type="identity">
      <class id="CL:0000646" label="basal cell"/>
      <span end="27214" id="15320950-1580" start="27203">basal cells</span>
    </annotation>
    <annotation annotator="Mike Bada, University of Colorado Anschutz Medical Campus" id="CL_basic_2014_02_21_Instance_14947" type="identity">
      <class id="CL:0000646" label="basal cell"/>
      <span end="27251" id="15320950-1582" start="27240">basal cells</span>
    </annotation>
    <annotation annotator="Mike Bada, University of Colorado Anschutz Medical Campus" id="CL_basic_2014_02_21_Instance_14949" type="identity">
      <class id="CL:0000066" label="epithelial cell"/>
      <span end="27281" id="15320950-1584" start="27265">epithelial cells</span>
    </annotation>
    <annotation annotator="Mike Bada, University of Colorado Anschutz Medical Campus" id="CL_basic_2014_02_21_Instance_14951" type="identity">
      <class id="CL:0000646" label="basal cell"/>
      <span end="27487" id="15320950-1586" start="27477">basal cell</span>
    </annotation>
    <annotation annotator="Mike Bada, University of Colorado Anschutz Medical Campus" id="CL_basic_2014_02_21_Instance_14953" type="identity">
      <class id="CL:0000855" label="sensory hair cell"/>
      <span end="27883" id="15320950-1588" start="27865">sensory hair cells</span>
    </annotation>
    <annotation annotator="Mike Bada, University of Colorado Anschutz Medical Campus" id="CL_basic_2014_02_21_plus_nested_Instance_315" type="identity">
      <class id="CL:0002492" label="strial marginal cell"/>
      <span end="28172" id="15320950-1670" start="28151">strial marginal cells</span>
    </annotation>
    <annotation annotator="Mike Bada, University of Colorado Anschutz Medical Campus" id="CL_basic_2014_02_21_plus_nested_Instance_321" type="identity">
      <class id="CL:0002492" label="strial marginal cell"/>
      <span end="28834" id="15320950-1672" start="28813">strial marginal cells</span>
    </annotation>
    <annotation annotator="Mike Bada, University of Colorado Anschutz Medical Campus" id="CL_basic_2014_02_21_plus_nested_Instance_327" type="identity">
      <class id="CL:0002492" label="strial marginal cell"/>
      <span end="28944" id="15320950-1674" start="28923">strial marginal cells</span>
    </annotation>
    <annotation annotator="Mike Bada, University of Colorado Anschutz Medical Campus" id="CL_basic_2014_02_21_Instance_14961" type="identity">
      <class id="CL:0000846" label="vestibular dark cell"/>
      <span end="29170" id="15320950-1590" start="29149">vestibular dark cells</span>
    </annotation>
    <annotation annotator="Mike Bada, University of Colorado Anschutz Medical Campus" id="CL_basic_2014_02_21_plus_nested_Instance_333" type="identity">
      <class id="CL:0002492" label="strial marginal cell"/>
      <span end="29472" id="15320950-1676" start="29451">strial marginal cells</span>
    </annotation>
    <annotation annotator="Mike Bada, University of Colorado Anschutz Medical Campus" id="CL_basic_2014_02_21_plus_nested_Instance_336" type="identity">
      <class id="CL:0002492" label="strial marginal cell"/>
      <span end="29677" id="15320950-1678" start="29674">SMC</span>
    </annotation>
    <annotation annotator="Mike Bada, University of Colorado Anschutz Medical Campus" id="CL_basic_2014_02_21_plus_nested_Instance_342" type="identity">
      <class id="CL:0002492" label="strial marginal cell"/>
      <span end="29700" id="15320950-1680" start="29679">strial marginal cells</span>
    </annotation>
    <annotation annotator="Mike Bada, University of Colorado Anschutz Medical Campus" id="CL_basic_2014_02_21_plus_nested_Instance_346" type="identity">
      <class id="CL:0000646" label="basal cell"/>
      <span end="29726" id="15320950-1682" start="29724">BC</span>
    </annotation>
    <annotation annotator="Mike Bada, University of Colorado Anschutz Medical Campus" id="CL_basic_2014_02_21_Instance_14967" type="identity">
      <class id="CL:0000646" label="basal cell"/>
      <span end="29739" id="15320950-1592" start="29728">basal cells</span>
    </annotation>
    <annotation annotator="Mike Bada, University of Colorado Anschutz Medical Campus" id="CL_basic_2014_02_21_plus_nested_Instance_349" type="identity">
      <class id="CL:0002486" label="strial intermediate cell"/>
      <span end="30091" id="15320950-1684" start="30073">Intermediate cells</span>
    </annotation>
    <annotation annotator="Mike Bada, University of Colorado Anschutz Medical Campus" id="CL_basic_2014_02_21_plus_nested_Instance_357" type="identity">
      <class id="CL:0002492" label="strial marginal cell"/>
      <span end="30317" id="15320950-1686" start="30296">strial marginal cells</span>
    </annotation>
    <annotation annotator="Mike Bada, University of Colorado Anschutz Medical Campus" id="CL_basic_2014_02_21_plus_nested_Instance_364" type="identity">
      <class id="CL:0002486" label="strial intermediate cell"/>
      <span end="30337" id="15320950-1688" start="30319">Intermediate cells</span>
    </annotation>
    <annotation annotator="Mike Bada, University of Colorado Anschutz Medical Campus" id="CL_basic_2014_02_21_plus_nested_Instance_372" type="identity">
      <class id="CL:0002486" label="strial intermediate cell"/>
      <span end="30503" id="15320950-1690" start="30485">intermediate cells</span>
    </annotation>
    <annotation annotator="Mike Bada, University of Colorado Anschutz Medical Campus" id="CL_basic_2014_02_21_plus_nested_Instance_380" type="identity">
      <class id="CL:0002486" label="strial intermediate cell"/>
      <span end="31317" id="15320950-1692" start="31292">strial intermediate cells</span>
    </annotation>
    <annotation annotator="Mike Bada, University of Colorado Anschutz Medical Campus" id="CL_basic_2014_02_21_plus_nested_Instance_388" type="identity">
      <class id="CL:0002486" label="strial intermediate cell"/>
      <span end="31551" id="15320950-1694" start="31526">strial intermediate cells</span>
    </annotation>
    <annotation annotator="Mike Bada, University of Colorado Anschutz Medical Campus" id="CL_basic_2014_02_21_plus_nested_Instance_395" type="identity">
      <class id="CL:0002492" label="strial marginal cell"/>
      <span end="32528" id="15320950-1696" start="32507">strial marginal cells</span>
    </annotation>
    <graph-space id="Old Knowtator Relations"/>
  </document>
</knowtator-project>
