<?xml version="1.0" encoding="UTF-8" standalone="no"?>
<knowtator-project>
  <document id="15345036" text-file="15345036.txt">
    <annotation annotator="Mike Bada, University of Colorado Anschutz Medical Campus" id="CL_basic_2014_02_21_Instance_23011" type="identity">
      <class id="CL:0000445" label="apoptosis fated cell"/>
      <span end="102" id="15345036-2058" start="88">apoptotic cell</span>
    </annotation>
    <annotation annotator="Mike Bada, University of Colorado Anschutz Medical Campus" id="CL_basic_2014_02_21_Instance_23237" type="identity">
      <class id="CL:0000445" label="apoptosis fated cell"/>
      <span end="165" id="15345036-2284" start="150">apoptotic cells</span>
    </annotation>
    <annotation annotator="Mike Bada, University of Colorado Anschutz Medical Campus" id="CL_basic_2014_02_21_Instance_15001" type="identity">
      <class id="CL:0000234" label="phagocyte"/>
      <span end="299" id="15345036-1894" start="289">phagocytes</span>
    </annotation>
    <annotation annotator="Mike Bada, University of Colorado Anschutz Medical Campus" id="CL_basic_2014_02_21_Instance_23239" type="identity">
      <class id="CL:0000445" label="apoptosis fated cell"/>
      <span end="372" id="15345036-2286" start="357">apoptotic cells</span>
    </annotation>
    <annotation annotator="Mike Bada, University of Colorado Anschutz Medical Campus" id="CL_basic_2014_02_21_Instance_23013" type="identity">
      <class id="CL:0000445" label="apoptosis fated cell"/>
      <span end="1061" id="15345036-2060" start="1047">apoptotic cell</span>
    </annotation>
    <annotation annotator="Mike Bada, University of Colorado Anschutz Medical Campus" id="CL_basic_2014_02_21_Instance_23241" type="identity">
      <class id="CL:0000445" label="apoptosis fated cell"/>
      <span end="1140" id="15345036-2288" start="1125">apoptotic cells</span>
    </annotation>
    <annotation annotator="Mike Bada, University of Colorado Anschutz Medical Campus" id="CL_basic_2014_02_21_Instance_15003" type="identity">
      <class id="CL:0000235" label="macrophage"/>
      <span end="1207" id="15345036-1896" start="1196">macrophages</span>
    </annotation>
    <annotation annotator="Mike Bada, University of Colorado Anschutz Medical Campus" id="CL_basic_2014_02_21_Instance_23015" type="identity">
      <class id="CL:0000445" label="apoptosis fated cell"/>
      <span end="1309" id="15345036-2062" start="1294">apoptotic cells</span>
    </annotation>
    <annotation annotator="Mike Bada, University of Colorado Anschutz Medical Campus" id="CL_basic_2014_02_21_Instance_23021" type="identity">
      <class id="CL:0000445" label="apoptosis fated cell"/>
      <span end="1476" id="15345036-2068" start="1462">apoptotic cell</span>
    </annotation>
    <annotation annotator="Mike Bada, University of Colorado Anschutz Medical Campus" id="CL_basic_2014_02_21_Instance_23017" type="identity">
      <class id="CL:0000445" label="apoptosis fated cell"/>
      <span end="1647" id="15345036-2064" start="1633">apoptotic cell</span>
    </annotation>
    <annotation annotator="Mike Bada, University of Colorado Anschutz Medical Campus" id="CL_basic_2014_02_21_Instance_15005" type="identity">
      <class id="CL:0000235" label="macrophage"/>
      <span end="1672" id="15345036-1898" start="1661">macrophages</span>
    </annotation>
    <annotation annotator="Mike Bada, University of Colorado Anschutz Medical Campus" id="CL_basic_2014_02_21_Instance_15007" type="identity">
      <class id="CL:0000235" label="macrophage"/>
      <span end="1731" id="15345036-1900" start="1721">macrophage</span>
    </annotation>
    <annotation annotator="Mike Bada, University of Colorado Anschutz Medical Campus" id="CL_basic_2014_02_21_Instance_23019" type="identity">
      <class id="CL:0000445" label="apoptosis fated cell"/>
      <span end="1876" id="15345036-2066" start="1862">apoptotic cell</span>
    </annotation>
    <annotation annotator="Mike Bada, University of Colorado Anschutz Medical Campus" id="CL_basic_2014_02_21_Instance_23023" type="identity">
      <class id="CL:0000445" label="apoptosis fated cell"/>
      <span end="2357" id="15345036-2070" start="2342">Apoptotic cells</span>
    </annotation>
    <annotation annotator="Mike Bada, University of Colorado Anschutz Medical Campus" id="CL_basic_2014_02_21_Instance_15021" type="identity">
      <class id="CL:0000234" label="phagocyte"/>
      <span end="2456" id="15345036-1902" start="2446">phagocytes</span>
    </annotation>
    <annotation annotator="Mike Bada, University of Colorado Anschutz Medical Campus" id="CL_basic_2014_02_21_Instance_23025" type="identity">
      <class id="CL:0000445" label="apoptosis fated cell"/>
      <span end="2717" id="15345036-2072" start="2702">apoptotic cells</span>
    </annotation>
    <annotation annotator="Mike Bada, University of Colorado Anschutz Medical Campus" id="CL_basic_2014_02_21_Instance_23027" type="identity">
      <class id="CL:0000445" label="apoptosis fated cell"/>
      <span end="2866" id="15345036-2074" start="2851">apoptotic cells</span>
    </annotation>
    <annotation annotator="Mike Bada, University of Colorado Anschutz Medical Campus" id="CL_basic_2014_02_21_Instance_23029" type="identity">
      <class id="CL:0000445" label="apoptosis fated cell"/>
      <span end="3108" id="15345036-2076" start="3093">apoptotic cells</span>
    </annotation>
    <annotation annotator="Mike Bada, University of Colorado Anschutz Medical Campus" id="CL_basic_2014_02_21_Instance_23031" type="identity">
      <class id="CL:0000445" label="apoptosis fated cell"/>
      <span end="3204" id="15345036-2078" start="3189">apoptotic cells</span>
    </annotation>
    <annotation annotator="Mike Bada, University of Colorado Anschutz Medical Campus" id="CL_basic_2014_02_21_Instance_23033" type="identity">
      <class id="CL:0000445" label="apoptosis fated cell"/>
      <span end="3402" id="15345036-2080" start="3387">apoptotic cells</span>
    </annotation>
    <annotation annotator="Mike Bada, University of Colorado Anschutz Medical Campus" id="CL_basic_2014_02_21_Instance_23035" type="identity">
      <class id="CL:0000445" label="apoptosis fated cell"/>
      <span end="3559" id="15345036-2082" start="3544">apoptotic cells</span>
    </annotation>
    <annotation annotator="Mike Bada, University of Colorado Anschutz Medical Campus" id="CL_basic_2014_02_21_Instance_23037" type="identity">
      <class id="CL:0000445" label="apoptosis fated cell"/>
      <span end="3936" id="15345036-2084" start="3922">apoptotic cell</span>
    </annotation>
    <annotation annotator="Mike Bada, University of Colorado Anschutz Medical Campus" id="CL_basic_2014_02_21_Instance_23055" type="identity">
      <class id="CL:0000445" label="apoptosis fated cell"/>
      <span end="4052" id="15345036-2102" start="4038">apoptotic cell</span>
    </annotation>
    <annotation annotator="Mike Bada, University of Colorado Anschutz Medical Campus" id="CL_basic_2014_02_21_Instance_23053" type="identity">
      <class id="CL:0000445" label="apoptosis fated cell"/>
      <span end="4190" id="15345036-2100" start="4176">apoptotic cell</span>
    </annotation>
    <annotation annotator="Mike Bada, University of Colorado Anschutz Medical Campus" id="CL_basic_2014_02_21_Instance_23051" type="identity">
      <class id="CL:0000445" label="apoptosis fated cell"/>
      <span end="4619" id="15345036-2098" start="4604">apoptotic cells</span>
    </annotation>
    <annotation annotator="Mike Bada, University of Colorado Anschutz Medical Campus" id="CL_basic_2014_02_21_Instance_23049" type="identity">
      <class id="CL:0000445" label="apoptosis fated cell"/>
      <span end="4778" id="15345036-2096" start="4764">apoptotic cell</span>
    </annotation>
    <annotation annotator="Mike Bada, University of Colorado Anschutz Medical Campus" id="CL_basic_2014_02_21_Instance_23047" type="identity">
      <class id="CL:0000445" label="apoptosis fated cell"/>
      <span end="4904" id="15345036-2094" start="4889">apoptotic cells</span>
    </annotation>
    <annotation annotator="Mike Bada, University of Colorado Anschutz Medical Campus" id="CL_basic_2014_02_21_Instance_15029" type="identity">
      <class id="CL:0000234" label="phagocyte"/>
      <span end="5172" id="15345036-1904" start="5162">phagocytes</span>
    </annotation>
    <annotation annotator="Mike Bada, University of Colorado Anschutz Medical Campus" id="CL_basic_2014_02_21_Instance_23045" type="identity">
      <class id="CL:0000445" label="apoptosis fated cell"/>
      <span end="5819" id="15345036-2092" start="5804">apoptotic cells</span>
    </annotation>
    <annotation annotator="Mike Bada, University of Colorado Anschutz Medical Campus" id="CL_basic_2014_02_21_Instance_23043" type="identity">
      <class id="CL:0000445" label="apoptosis fated cell"/>
      <span end="6034" id="15345036-2090" start="6019">apoptotic cells</span>
    </annotation>
    <annotation annotator="Mike Bada, University of Colorado Anschutz Medical Campus" id="CL_basic_2014_02_21_Instance_23245" type="identity">
      <class id="CL:0000233" label="platelet"/>
      <span end="6175" id="15345036-2290" start="6167">platelet</span>
    </annotation>
    <annotation annotator="Mike Bada, University of Colorado Anschutz Medical Campus" id="CL_basic_2014_02_21_Instance_15031" type="identity">
      <class id="CL:0000235" label="macrophage"/>
      <span end="6358" id="15345036-1906" start="6347">macrophages</span>
    </annotation>
    <annotation annotator="Mike Bada, University of Colorado Anschutz Medical Campus" id="CL_basic_2014_02_21_Instance_23041" type="identity">
      <class id="CL:0000445" label="apoptosis fated cell"/>
      <span end="6379" id="15345036-2088" start="6364">apoptotic cells</span>
    </annotation>
    <annotation annotator="Mike Bada, University of Colorado Anschutz Medical Campus" id="CL_basic_2014_02_21_Instance_23039" type="identity">
      <class id="CL:0000445" label="apoptosis fated cell"/>
      <span end="6463" id="15345036-2086" start="6448">apoptotic cells</span>
    </annotation>
    <annotation annotator="Mike Bada, University of Colorado Anschutz Medical Campus" id="CL_basic_2014_02_21_Instance_15037" type="identity">
      <class id="CL:0000066" label="epithelial cell"/>
      <span end="6922" id="15345036-1908" start="6906">epithelial cells</span>
    </annotation>
    <annotation annotator="Mike Bada, University of Colorado Anschutz Medical Campus" id="CL_basic_2014_02_21_Instance_23057" type="identity">
      <class id="CL:0000445" label="apoptosis fated cell"/>
      <span end="6974" id="15345036-2104" start="6959">apoptotic cells</span>
    </annotation>
    <annotation annotator="Mike Bada, University of Colorado Anschutz Medical Campus" id="CL_basic_2014_02_21_Instance_23059" type="identity">
      <class id="CL:0000445" label="apoptosis fated cell"/>
      <span end="7109" id="15345036-2106" start="7095">apoptotic cell</span>
    </annotation>
    <annotation annotator="Mike Bada, University of Colorado Anschutz Medical Campus" id="CL_basic_2014_02_21_Instance_23247" type="identity">
      <class id="CL:0000445" label="apoptosis fated cell"/>
      <span end="7747" id="15345036-2292" start="7732">apoptotic cells</span>
    </annotation>
    <annotation annotator="Mike Bada, University of Colorado Anschutz Medical Campus" id="CL_basic_2014_02_21_Instance_30001" type="identity">
      <class id="CL:0002322" label="embryonic stem cell"/>
      <span end="8164" id="15345036-2349" start="8150">embryonic stem</span>
      <span end="8175" id="15345036-2350" start="8170">cells</span>
    </annotation>
    <annotation annotator="Mike Bada, University of Colorado Anschutz Medical Campus" id="CL_basic_2014_02_21_plus_nested_test_Instance_10029" type="identity">
      <class id="CL:0002322" label="embryonic stem cell"/>
      <span end="8168" id="15345036-2421" start="8166">ES</span>
      <span end="8175" id="15345036-2422" start="8170">cells</span>
    </annotation>
    <annotation annotator="Mike Bada, University of Colorado Anschutz Medical Campus" id="CL_basic_2014_02_21_Instance_40005" type="identity">
      <class id="CL:0002322" label="embryonic stem cell"/>
      <span end="11113" id="15345036-2352" start="11105">ES cells</span>
    </annotation>
    <annotation annotator="Mike Bada, University of Colorado Anschutz Medical Campus" id="CL_basic_2014_02_21_Instance_40007" type="identity">
      <class id="CL:0002322" label="embryonic stem cell"/>
      <span end="11414" id="15345036-2354" start="11407">ES cell</span>
    </annotation>
    <annotation annotator="Mike Bada, University of Colorado Anschutz Medical Campus" id="CL_basic_2014_02_21_plus_nested_Instance_14732" type="identity">
      <class id="CL:0002228" label="primary lens fiber"/>
      <span end="13230" id="15345036-2417" start="13206">primary lens fiber cells</span>
    </annotation>
    <annotation annotator="Mike Bada, University of Colorado Anschutz Medical Campus" id="CL_basic_2014_02_21_plus_nested_Instance_14786" type="identity">
      <class id="CL:0000067" label="ciliated epithelial cell"/>
      <span end="14575" id="15345036-2419" start="14548">epithelial cells with cilia</span>
    </annotation>
    <annotation annotator="Mike Bada, University of Colorado Anschutz Medical Campus" id="CL_basic_2014_02_21_Instance_26295" type="identity">
      <class id="CL:0000066" label="epithelial cell"/>
      <span end="15140" id="15345036-2347" start="15124">epithelial cells</span>
    </annotation>
    <annotation annotator="Mike Bada, University of Colorado Anschutz Medical Campus" id="CL_basic_2014_02_21_Instance_23255" type="identity">
      <class id="CL:0000540" label="neuron"/>
      <span end="15787" id="15345036-2294" start="15773">neuronal cells</span>
    </annotation>
    <annotation annotator="Mike Bada, University of Colorado Anschutz Medical Campus" id="CL_basic_2014_02_21_Instance_15049" type="identity">
      <class id="CL:0000549" label="basophilic erythroblast"/>
      <span end="17144" id="15345036-1910" start="17126">early erythroblast</span>
    </annotation>
    <annotation annotator="Mike Bada, University of Colorado Anschutz Medical Campus" id="CL_basic_2014_02_21_Instance_15055" type="identity">
      <class id="CL:0000529" label="pigmented epithelial cell"/>
      <span end="19427" id="15345036-1912" start="19401">pigmented epithelial cells</span>
    </annotation>
    <annotation annotator="Mike Bada, University of Colorado Anschutz Medical Campus" id="CL_basic_2014_02_21_Instance_23259" type="identity">
      <class id="CL:0000147" label="pigment cell"/>
      <span end="19580" id="15345036-2296" start="19565">pigmented cells</span>
    </annotation>
    <annotation annotator="Mike Bada, University of Colorado Anschutz Medical Campus" id="CL_basic_2014_02_21_Instance_40013" type="identity">
      <class id="CL:0009004" label="retinal cell"/>
      <span end="20208" id="15345036-2356" start="20196">retinal cell</span>
    </annotation>
    <annotation annotator="Mike Bada, University of Colorado Anschutz Medical Campus" id="CL_basic_2014_02_21_Instance_23061" type="identity">
      <class id="CL:0000445" label="apoptosis fated cell"/>
      <span end="20465" id="15345036-2108" start="20450">apoptotic cells</span>
    </annotation>
    <annotation annotator="Mike Bada, University of Colorado Anschutz Medical Campus" id="CL_basic_2014_02_21_Instance_23063" type="identity">
      <class id="CL:0000445" label="apoptosis fated cell"/>
      <span end="20591" id="15345036-2110" start="20576">apoptotic cells</span>
    </annotation>
    <annotation annotator="Mike Bada, University of Colorado Anschutz Medical Campus" id="CL_basic_2014_02_21_Instance_23265" type="identity">
      <class id="CL:0000445" label="apoptosis fated cell"/>
      <span end="21439" id="15345036-2298" start="21430">apoptotic</span>
      <span end="21458" id="15345036-2299" start="21453">cells</span>
    </annotation>
    <annotation annotator="Mike Bada, University of Colorado Anschutz Medical Campus" id="CL_basic_2014_02_21_Instance_23065" type="identity">
      <class id="CL:0000445" label="apoptosis fated cell"/>
      <span end="21542" id="15345036-2112" start="21527">apoptotic cells</span>
    </annotation>
    <annotation annotator="Mike Bada, University of Colorado Anschutz Medical Campus" id="CL_basic_2014_02_21_Instance_23067" type="identity">
      <class id="CL:0000445" label="apoptosis fated cell"/>
      <span end="22301" id="15345036-2114" start="22286">apoptotic cells</span>
    </annotation>
    <annotation annotator="Mike Bada, University of Colorado Anschutz Medical Campus" id="CL_basic_2014_02_21_Instance_23069" type="identity">
      <class id="CL:0000445" label="apoptosis fated cell"/>
      <span end="22459" id="15345036-2116" start="22444">apoptotic cells</span>
    </annotation>
    <annotation annotator="Mike Bada, University of Colorado Anschutz Medical Campus" id="CL_basic_2014_02_21_Instance_23071" type="identity">
      <class id="CL:0000445" label="apoptosis fated cell"/>
      <span end="22555" id="15345036-2118" start="22540">apoptotic cells</span>
    </annotation>
    <annotation annotator="Mike Bada, University of Colorado Anschutz Medical Campus" id="CL_basic_2014_02_21_Instance_23079" type="identity">
      <class id="CL:0000445" label="apoptosis fated cell"/>
      <span end="22696" id="15345036-2126" start="22681">apoptotic cells</span>
    </annotation>
    <annotation annotator="Mike Bada, University of Colorado Anschutz Medical Campus" id="CL_basic_2014_02_21_Instance_23077" type="identity">
      <class id="CL:0000445" label="apoptosis fated cell"/>
      <span end="22796" id="15345036-2124" start="22782">apoptotic cell</span>
    </annotation>
    <annotation annotator="Mike Bada, University of Colorado Anschutz Medical Campus" id="CL_basic_2014_02_21_Instance_23075" type="identity">
      <class id="CL:0000445" label="apoptosis fated cell"/>
      <span end="22941" id="15345036-2122" start="22926">apoptotic cells</span>
    </annotation>
    <annotation annotator="Mike Bada, University of Colorado Anschutz Medical Campus" id="CL_basic_2014_02_21_Instance_23073" type="identity">
      <class id="CL:0000445" label="apoptosis fated cell"/>
      <span end="23180" id="15345036-2120" start="23166">apoptotic cell</span>
    </annotation>
    <annotation annotator="Mike Bada, University of Colorado Anschutz Medical Campus" id="CL_basic_2014_02_21_Instance_23081" type="identity">
      <class id="CL:0000445" label="apoptosis fated cell"/>
      <span end="23715" id="15345036-2128" start="23700">apoptotic cells</span>
    </annotation>
    <annotation annotator="Mike Bada, University of Colorado Anschutz Medical Campus" id="CL_basic_2014_02_21_Instance_15075" type="identity">
      <class id="CL:0000775" label="neutrophil"/>
      <span end="23944" id="15345036-1914" start="23933">neutrophils</span>
    </annotation>
    <annotation annotator="Mike Bada, University of Colorado Anschutz Medical Campus" id="CL_basic_2014_02_21_Instance_15077" type="identity">
      <class id="CL:0000235" label="macrophage"/>
      <span end="24074" id="15345036-1916" start="24063">macrophages</span>
    </annotation>
    <annotation annotator="Mike Bada, University of Colorado Anschutz Medical Campus" id="CL_basic_2014_02_21_Instance_15079" type="identity">
      <class id="CL:0000235" label="macrophage"/>
      <span end="24216" id="15345036-1918" start="24206">macrophage</span>
    </annotation>
    <annotation annotator="Mike Bada, University of Colorado Anschutz Medical Campus" id="CL_basic_2014_02_21_Instance_15081" type="identity">
      <class id="CL:0000235" label="macrophage"/>
      <span end="24311" id="15345036-1920" start="24300">macrophages</span>
    </annotation>
    <annotation annotator="Mike Bada, University of Colorado Anschutz Medical Campus" id="CL_basic_2014_02_21_Instance_23085" type="identity">
      <class id="CL:0000445" label="apoptosis fated cell"/>
      <span end="24332" id="15345036-2132" start="24317">apoptotic cells</span>
    </annotation>
    <annotation annotator="Mike Bada, University of Colorado Anschutz Medical Campus" id="CL_basic_2014_02_21_Instance_23083" type="identity">
      <class id="CL:0000445" label="apoptosis fated cell"/>
      <span end="24385" id="15345036-2130" start="24370">apoptotic cells</span>
    </annotation>
    <annotation annotator="Mike Bada, University of Colorado Anschutz Medical Campus" id="CL_basic_2014_02_21_Instance_15083" type="identity">
      <class id="CL:0000235" label="macrophage"/>
      <span end="24401" id="15345036-1922" start="24390">macrophages</span>
    </annotation>
    <annotation annotator="Mike Bada, University of Colorado Anschutz Medical Campus" id="CL_basic_2014_02_21_Instance_23087" type="identity">
      <class id="CL:0000445" label="apoptosis fated cell"/>
      <span end="24633" id="15345036-2134" start="24618">apoptotic cells</span>
    </annotation>
    <annotation annotator="Mike Bada, University of Colorado Anschutz Medical Campus" id="CL_basic_2014_02_21_Instance_15087" type="identity">
      <class id="CL:0000235" label="macrophage"/>
      <span end="24671" id="15345036-1924" start="24660">macrophages</span>
    </annotation>
    <annotation annotator="Mike Bada, University of Colorado Anschutz Medical Campus" id="CL_basic_2014_02_21_Instance_23089" type="identity">
      <class id="CL:0000445" label="apoptosis fated cell"/>
      <span end="24753" id="15345036-2136" start="24739">apoptotic cell</span>
    </annotation>
    <annotation annotator="Mike Bada, University of Colorado Anschutz Medical Campus" id="CL_basic_2014_02_21_Instance_23091" type="identity">
      <class id="CL:0000445" label="apoptosis fated cell"/>
      <span end="24867" id="15345036-2138" start="24852">apoptotic cells</span>
    </annotation>
    <annotation annotator="Mike Bada, University of Colorado Anschutz Medical Campus" id="CL_basic_2014_02_21_Instance_15091" type="identity">
      <class id="CL:0000235" label="macrophage"/>
      <span end="24959" id="15345036-1926" start="24948">macrophages</span>
    </annotation>
    <annotation annotator="Mike Bada, University of Colorado Anschutz Medical Campus" id="CL_basic_2014_02_21_Instance_23093" type="identity">
      <class id="CL:0000445" label="apoptosis fated cell"/>
      <span end="25032" id="15345036-2140" start="25018">apoptotic cell</span>
    </annotation>
    <annotation annotator="Mike Bada, University of Colorado Anschutz Medical Campus" id="CL_basic_2014_02_21_Instance_15093" type="identity">
      <class id="CL:0000235" label="macrophage"/>
      <span end="25119" id="15345036-1928" start="25108">macrophages</span>
    </annotation>
    <annotation annotator="Mike Bada, University of Colorado Anschutz Medical Campus" id="CL_basic_2014_02_21_Instance_40017" type="identity">
      <class id="CL:0000893" label="thymocyte"/>
      <span end="25205" id="15345036-2358" start="25195">thymocytes</span>
    </annotation>
    <annotation annotator="Mike Bada, University of Colorado Anschutz Medical Campus" id="CL_basic_2014_02_21_Instance_23095" type="identity">
      <class id="CL:0000445" label="apoptosis fated cell"/>
      <span end="25428" id="15345036-2142" start="25414">apoptotic cell</span>
    </annotation>
    <annotation annotator="Mike Bada, University of Colorado Anschutz Medical Campus" id="CL_basic_2014_02_21_Instance_15097" type="identity">
      <class id="CL:0000235" label="macrophage"/>
      <span end="25478" id="15345036-1930" start="25467">macrophages</span>
    </annotation>
    <annotation annotator="Mike Bada, University of Colorado Anschutz Medical Campus" id="CL_basic_2014_02_21_Instance_23107" type="identity">
      <class id="CL:0000445" label="apoptosis fated cell"/>
      <span end="25528" id="15345036-2154" start="25514">apoptotic cell</span>
    </annotation>
    <annotation annotator="Mike Bada, University of Colorado Anschutz Medical Campus" id="CL_basic_2014_02_21_Instance_23105" type="identity">
      <class id="CL:0000445" label="apoptosis fated cell"/>
      <span end="25671" id="15345036-2152" start="25657">apoptotic cell</span>
    </annotation>
    <annotation annotator="Mike Bada, University of Colorado Anschutz Medical Campus" id="CL_basic_2014_02_21_Instance_15099" type="identity">
      <class id="CL:0000235" label="macrophage"/>
      <span end="25703" id="15345036-1932" start="25692">macrophages</span>
    </annotation>
    <annotation annotator="Mike Bada, University of Colorado Anschutz Medical Campus" id="CL_basic_2014_02_21_Instance_15101" type="identity">
      <class id="CL:0000235" label="macrophage"/>
      <span end="25793" id="15345036-1934" start="25782">macrophages</span>
    </annotation>
    <annotation annotator="Mike Bada, University of Colorado Anschutz Medical Campus" id="CL_basic_2014_02_21_Instance_23103" type="identity">
      <class id="CL:0000445" label="apoptosis fated cell"/>
      <span end="25827" id="15345036-2150" start="25812">apoptotic cells</span>
    </annotation>
    <annotation annotator="Mike Bada, University of Colorado Anschutz Medical Campus" id="CL_basic_2014_02_21_Instance_15103" type="identity">
      <class id="CL:0000235" label="macrophage"/>
      <span end="25867" id="15345036-1936" start="25856">macrophages</span>
    </annotation>
    <annotation annotator="Mike Bada, University of Colorado Anschutz Medical Campus" id="CL_basic_2014_02_21_Instance_23101" type="identity">
      <class id="CL:0000445" label="apoptosis fated cell"/>
      <span end="25981" id="15345036-2148" start="25966">apoptotic cells</span>
    </annotation>
    <annotation annotator="Mike Bada, University of Colorado Anschutz Medical Campus" id="CL_basic_2014_02_21_Instance_15105" type="identity">
      <class id="CL:0000235" label="macrophage"/>
      <span end="26057" id="15345036-1938" start="26046">macrophages</span>
    </annotation>
    <annotation annotator="Mike Bada, University of Colorado Anschutz Medical Campus" id="CL_basic_2014_02_21_Instance_15107" type="identity">
      <class id="CL:0000235" label="macrophage"/>
      <span end="26146" id="15345036-1940" start="26136">macrophage</span>
    </annotation>
    <annotation annotator="Mike Bada, University of Colorado Anschutz Medical Campus" id="CL_basic_2014_02_21_Instance_15109" type="identity">
      <class id="CL:0000235" label="macrophage"/>
      <span end="26247" id="15345036-1942" start="26236">macrophages</span>
    </annotation>
    <annotation annotator="Mike Bada, University of Colorado Anschutz Medical Campus" id="CL_basic_2014_02_21_Instance_23099" type="identity">
      <class id="CL:0000445" label="apoptosis fated cell"/>
      <span end="26281" id="15345036-2146" start="26266">apoptotic cells</span>
    </annotation>
    <annotation annotator="Mike Bada, University of Colorado Anschutz Medical Campus" id="CL_basic_2014_02_21_Instance_23097" type="identity">
      <class id="CL:0000445" label="apoptosis fated cell"/>
      <span end="26355" id="15345036-2144" start="26340">apoptotic cells</span>
    </annotation>
    <annotation annotator="Mike Bada, University of Colorado Anschutz Medical Campus" id="CL_basic_2014_02_21_Instance_15111" type="identity">
      <class id="CL:0000235" label="macrophage"/>
      <span end="26370" id="15345036-1944" start="26360">macrophage</span>
    </annotation>
    <annotation annotator="Mike Bada, University of Colorado Anschutz Medical Campus" id="CL_basic_2014_02_21_Instance_23267" type="identity">
      <class id="CL:0000235" label="macrophage"/>
      <span end="26441" id="15345036-2301" start="26430">macrophages</span>
    </annotation>
    <annotation annotator="Mike Bada, University of Colorado Anschutz Medical Campus" id="CL_basic_2014_02_21_Instance_23269" type="identity">
      <class id="CL:0000445" label="apoptosis fated cell"/>
      <span end="26499" id="15345036-2303" start="26490">apoptotic</span>
      <span end="26512" id="15345036-2304" start="26507">cells</span>
    </annotation>
    <annotation annotator="Mike Bada, University of Colorado Anschutz Medical Campus" id="CL_basic_2014_02_21_Instance_15113" type="identity">
      <class id="CL:0000235" label="macrophage"/>
      <span end="26543" id="15345036-1946" start="26532">macrophages</span>
    </annotation>
    <annotation annotator="Mike Bada, University of Colorado Anschutz Medical Campus" id="CL_basic_2014_02_21_Instance_15115" type="identity">
      <class id="CL:0000235" label="macrophage"/>
      <span end="26592" id="15345036-1948" start="26581">macrophages</span>
    </annotation>
    <annotation annotator="Mike Bada, University of Colorado Anschutz Medical Campus" id="CL_basic_2014_02_21_Instance_23109" type="identity">
      <class id="CL:0000445" label="apoptosis fated cell"/>
      <span end="26639" id="15345036-2156" start="26624">apoptotic cells</span>
    </annotation>
    <annotation annotator="Mike Bada, University of Colorado Anschutz Medical Campus" id="CL_basic_2014_02_21_Instance_15121" type="identity">
      <class id="CL:0000235" label="macrophage"/>
      <span end="26848" id="15345036-1950" start="26838">macrophage</span>
    </annotation>
    <annotation annotator="Mike Bada, University of Colorado Anschutz Medical Campus" id="CL_basic_2014_02_21_Instance_23111" type="identity">
      <class id="CL:0000445" label="apoptosis fated cell"/>
      <span end="26937" id="15345036-2158" start="26922">apoptotic cells</span>
    </annotation>
    <annotation annotator="Mike Bada, University of Colorado Anschutz Medical Campus" id="CL_basic_2014_02_21_Instance_23135" type="identity">
      <class id="CL:0000445" label="apoptosis fated cell"/>
      <span end="27101" id="15345036-2182" start="27086">apoptotic cells</span>
    </annotation>
    <annotation annotator="Mike Bada, University of Colorado Anschutz Medical Campus" id="CL_basic_2014_02_21_Instance_15123" type="identity">
      <class id="CL:0000235" label="macrophage"/>
      <span end="27116" id="15345036-1952" start="27105">macrophages</span>
    </annotation>
    <annotation annotator="Mike Bada, University of Colorado Anschutz Medical Campus" id="CL_basic_2014_02_21_Instance_15125" type="identity">
      <class id="CL:0000235" label="macrophage"/>
      <span end="27172" id="15345036-1954" start="27161">macrophages</span>
    </annotation>
    <annotation annotator="Mike Bada, University of Colorado Anschutz Medical Campus" id="CL_basic_2014_02_21_Instance_23133" type="identity">
      <class id="CL:0000445" label="apoptosis fated cell"/>
      <span end="27256" id="15345036-2180" start="27241">apoptotic cells</span>
    </annotation>
    <annotation annotator="Mike Bada, University of Colorado Anschutz Medical Campus" id="CL_basic_2014_02_21_Instance_23131" type="identity">
      <class id="CL:0000445" label="apoptosis fated cell"/>
      <span end="27418" id="15345036-2178" start="27403">apoptotic cells</span>
    </annotation>
    <annotation annotator="Mike Bada, University of Colorado Anschutz Medical Campus" id="CL_basic_2014_02_21_Instance_15127" type="identity">
      <class id="CL:0000235" label="macrophage"/>
      <span end="27527" id="15345036-1956" start="27516">macrophages</span>
    </annotation>
    <annotation annotator="Mike Bada, University of Colorado Anschutz Medical Campus" id="CL_basic_2014_02_21_Instance_23129" type="identity">
      <class id="CL:0000445" label="apoptosis fated cell"/>
      <span end="27616" id="15345036-2176" start="27601">apoptotic cells</span>
    </annotation>
    <annotation annotator="Mike Bada, University of Colorado Anschutz Medical Campus" id="CL_basic_2014_02_21_Instance_15129" type="identity">
      <class id="CL:0000235" label="macrophage"/>
      <span end="27787" id="15345036-1958" start="27776">macrophages</span>
    </annotation>
    <annotation annotator="Mike Bada, University of Colorado Anschutz Medical Campus" id="CL_basic_2014_02_21_Instance_23127" type="identity">
      <class id="CL:0000445" label="apoptosis fated cell"/>
      <span end="27879" id="15345036-2174" start="27864">apoptotic cells</span>
    </annotation>
    <annotation annotator="Mike Bada, University of Colorado Anschutz Medical Campus" id="CL_basic_2014_02_21_Instance_15131" type="identity">
      <class id="CL:0000235" label="macrophage"/>
      <span end="27964" id="15345036-1960" start="27953">macrophages</span>
    </annotation>
    <annotation annotator="Mike Bada, University of Colorado Anschutz Medical Campus" id="CL_basic_2014_02_21_Instance_15133" type="identity">
      <class id="CL:0000235" label="macrophage"/>
      <span end="28160" id="15345036-1962" start="28149">macrophages</span>
    </annotation>
    <annotation annotator="Mike Bada, University of Colorado Anschutz Medical Campus" id="CL_basic_2014_02_21_Instance_15135" type="identity">
      <class id="CL:0000235" label="macrophage"/>
      <span end="28225" id="15345036-1964" start="28214">macrophages</span>
    </annotation>
    <annotation annotator="Mike Bada, University of Colorado Anschutz Medical Campus" id="CL_basic_2014_02_21_Instance_15137" type="identity">
      <class id="CL:0000235" label="macrophage"/>
      <span end="28492" id="15345036-1966" start="28481">macrophages</span>
    </annotation>
    <annotation annotator="Mike Bada, University of Colorado Anschutz Medical Campus" id="CL_basic_2014_02_21_Instance_23125" type="identity">
      <class id="CL:0000445" label="apoptosis fated cell"/>
      <span end="28541" id="15345036-2172" start="28526">apoptotic cells</span>
    </annotation>
    <annotation annotator="Mike Bada, University of Colorado Anschutz Medical Campus" id="CL_basic_2014_02_21_Instance_23123" type="identity">
      <class id="CL:0000445" label="apoptosis fated cell"/>
      <span end="28588" id="15345036-2170" start="28573">apoptotic cells</span>
    </annotation>
    <annotation annotator="Mike Bada, University of Colorado Anschutz Medical Campus" id="CL_basic_2014_02_21_Instance_15139" type="identity">
      <class id="CL:0000235" label="macrophage"/>
      <span end="28688" id="15345036-1968" start="28677">macrophages</span>
    </annotation>
    <annotation annotator="Mike Bada, University of Colorado Anschutz Medical Campus" id="CL_basic_2014_02_21_Instance_15141" type="identity">
      <class id="CL:0000235" label="macrophage"/>
      <span end="28790" id="15345036-1970" start="28779">macrophages</span>
    </annotation>
    <annotation annotator="Mike Bada, University of Colorado Anschutz Medical Campus" id="CL_basic_2014_02_21_Instance_23121" type="identity">
      <class id="CL:0000445" label="apoptosis fated cell"/>
      <span end="28819" id="15345036-2168" start="28804">apoptotic cells</span>
    </annotation>
    <annotation annotator="Mike Bada, University of Colorado Anschutz Medical Campus" id="CL_basic_2014_02_21_Instance_15143" type="identity">
      <class id="CL:0000235" label="macrophage"/>
      <span end="28938" id="15345036-1972" start="28927">macrophages</span>
    </annotation>
    <annotation annotator="Mike Bada, University of Colorado Anschutz Medical Campus" id="CL_basic_2014_02_21_Instance_23119" type="identity">
      <class id="CL:0000445" label="apoptosis fated cell"/>
      <span end="28997" id="15345036-2166" start="28982">apoptotic cells</span>
    </annotation>
    <annotation annotator="Mike Bada, University of Colorado Anschutz Medical Campus" id="CL_basic_2014_02_21_Instance_15145" type="identity">
      <class id="CL:0000235" label="macrophage"/>
      <span end="29059" id="15345036-1974" start="29048">macrophages</span>
    </annotation>
    <annotation annotator="Mike Bada, University of Colorado Anschutz Medical Campus" id="CL_basic_2014_02_21_Instance_15147" type="identity">
      <class id="CL:0000576" label="monocyte"/>
      <span end="29164" id="15345036-1976" start="29156">monocyte</span>
    </annotation>
    <annotation annotator="Mike Bada, University of Colorado Anschutz Medical Campus" id="CL_basic_2014_02_21_Instance_15149" type="identity">
      <class id="CL:0000235" label="macrophage"/>
      <span end="29288" id="15345036-1978" start="29277">macrophages</span>
    </annotation>
    <annotation annotator="Mike Bada, University of Colorado Anschutz Medical Campus" id="CL_basic_2014_02_21_Instance_23117" type="identity">
      <class id="CL:0000445" label="apoptosis fated cell"/>
      <span end="29389" id="15345036-2164" start="29374">apoptotic cells</span>
    </annotation>
    <annotation annotator="Mike Bada, University of Colorado Anschutz Medical Campus" id="CL_basic_2014_02_21_Instance_23113" type="identity">
      <class id="CL:0000445" label="apoptosis fated cell"/>
      <span end="29572" id="15345036-2160" start="29557">apoptotic cells</span>
    </annotation>
    <annotation annotator="Mike Bada, University of Colorado Anschutz Medical Campus" id="CL_basic_2014_02_21_Instance_15151" type="identity">
      <class id="CL:0000235" label="macrophage"/>
      <span end="29617" id="15345036-1980" start="29606">macrophages</span>
    </annotation>
    <annotation annotator="Mike Bada, University of Colorado Anschutz Medical Campus" id="CL_basic_2014_02_21_Instance_23115" type="identity">
      <class id="CL:0000445" label="apoptosis fated cell"/>
      <span end="32820" id="15345036-2162" start="32805">apoptotic cells</span>
    </annotation>
    <annotation annotator="Mike Bada, University of Colorado Anschutz Medical Campus" id="CL_basic_2014_02_21_Instance_23137" type="identity">
      <class id="CL:0000445" label="apoptosis fated cell"/>
      <span end="32916" id="15345036-2184" start="32901">apoptotic cells</span>
    </annotation>
    <annotation annotator="Mike Bada, University of Colorado Anschutz Medical Campus" id="CL_basic_2014_02_21_Instance_23271" type="identity">
      <class id="CL:0000445" label="apoptosis fated cell"/>
      <span end="33059" id="15345036-2306" start="33050">apoptotic</span>
      <span end="33092" id="15345036-2307" start="33087">cells</span>
    </annotation>
    <annotation annotator="Mike Bada, University of Colorado Anschutz Medical Campus" id="CL_basic_2014_02_21_Instance_23273" type="identity">
      <class id="CL:0000134" label="mesenchymal cell"/>
      <span end="33071" id="15345036-2309" start="33060">mesenchymal</span>
      <span end="33092" id="15345036-2310" start="33087">cells</span>
    </annotation>
    <annotation annotator="Mike Bada, University of Colorado Anschutz Medical Campus" id="CL_basic_2014_02_21_Instance_15155" type="identity">
      <class id="CL:0000066" label="epithelial cell"/>
      <span end="33092" id="15345036-1982" start="33076">epithelial cells</span>
    </annotation>
    <annotation annotator="Mike Bada, University of Colorado Anschutz Medical Campus" id="CL_basic_2014_02_21_Instance_40020" type="identity">
      <class id="CL:0002063" label="type II pneumocyte"/>
      <span end="34379" id="15345036-2360" start="34346">type II alveolar epithelial cells</span>
    </annotation>
    <annotation annotator="Mike Bada, University of Colorado Anschutz Medical Campus" id="CL_basic_2014_02_21_Instance_40022" type="identity">
      <class id="CL:0009004" label="retinal cell"/>
      <span end="36953" id="15345036-2362" start="36941">retinal cell</span>
    </annotation>
    <annotation annotator="Mike Bada, University of Colorado Anschutz Medical Campus" id="CL_basic_2014_02_21_Instance_23139" type="identity">
      <class id="CL:0000445" label="apoptosis fated cell"/>
      <span end="37111" id="15345036-2186" start="37096">apoptotic cells</span>
    </annotation>
    <annotation annotator="Mike Bada, University of Colorado Anschutz Medical Campus" id="CL_basic_2014_02_21_Instance_23143" type="identity">
      <class id="CL:0000445" label="apoptosis fated cell"/>
      <span end="37219" id="15345036-2190" start="37205">apoptotic cell</span>
    </annotation>
    <annotation annotator="Mike Bada, University of Colorado Anschutz Medical Campus" id="CL_basic_2014_02_21_Instance_23141" type="identity">
      <class id="CL:0000445" label="apoptosis fated cell"/>
      <span end="37371" id="15345036-2188" start="37357">apoptotic cell</span>
    </annotation>
    <annotation annotator="Mike Bada, University of Colorado Anschutz Medical Campus" id="CL_basic_2014_02_21_Instance_40024" type="identity">
      <class id="CL:0009004" label="retinal cell"/>
      <span end="37809" id="15345036-2364" start="37797">retinal cell</span>
    </annotation>
    <annotation annotator="Mike Bada, University of Colorado Anschutz Medical Campus" id="CL_basic_2014_02_21_Instance_23275" type="identity">
      <class id="CL:0000540" label="neuron"/>
      <span end="37916" id="15345036-2312" start="37908">neuronal</span>
    </annotation>
    <annotation annotator="Mike Bada, University of Colorado Anschutz Medical Campus" id="CL_basic_2014_02_21_Instance_23277" type="identity">
      <class id="CL:0000445" label="apoptosis fated cell"/>
      <span end="38220" id="15345036-2314" start="38211">apoptotic</span>
      <span end="38240" id="15345036-2315" start="38235">cells</span>
    </annotation>
    <annotation annotator="Mike Bada, University of Colorado Anschutz Medical Campus" id="CL_basic_2014_02_21_Instance_15167" type="identity">
      <class id="CL:0000210" label="photoreceptor cell"/>
      <span end="38240" id="15345036-1984" start="38221">photoreceptor cells</span>
    </annotation>
    <annotation annotator="Mike Bada, University of Colorado Anschutz Medical Campus" id="CL_basic_2014_02_21_Instance_15169" type="identity">
      <class id="CL:0000235" label="macrophage"/>
      <span end="38269" id="15345036-1986" start="38259">macrophage</span>
    </annotation>
    <annotation annotator="Mike Bada, University of Colorado Anschutz Medical Campus" id="CL_basic_2014_02_21_Instance_23145" type="identity">
      <class id="CL:0000445" label="apoptosis fated cell"/>
      <span end="38905" id="15345036-2192" start="38890">apoptotic cells</span>
    </annotation>
    <annotation annotator="Mike Bada, University of Colorado Anschutz Medical Campus" id="CL_basic_2014_02_21_Instance_23279" type="identity">
      <class id="CL:0000445" label="apoptosis fated cell"/>
      <span end="39048" id="15345036-2317" start="39039">apoptotic</span>
      <span end="39072" id="15345036-2318" start="39067">cells</span>
    </annotation>
    <annotation annotator="Mike Bada, University of Colorado Anschutz Medical Campus" id="CL_basic_2014_02_21_Instance_23147" type="identity">
      <class id="CL:0000445" label="apoptosis fated cell"/>
      <span end="39458" id="15345036-2194" start="39444">apoptotic cell</span>
    </annotation>
    <annotation annotator="Mike Bada, University of Colorado Anschutz Medical Campus" id="CL_basic_2014_02_21_Instance_23149" type="identity">
      <class id="CL:0000445" label="apoptosis fated cell"/>
      <span end="39917" id="15345036-2196" start="39902">apoptotic cells</span>
    </annotation>
    <annotation annotator="Mike Bada, University of Colorado Anschutz Medical Campus" id="CL_basic_2014_02_21_Instance_23159" type="identity">
      <class id="CL:0000445" label="apoptosis fated cell"/>
      <span end="40013" id="15345036-2206" start="39998">apoptotic cells</span>
    </annotation>
    <annotation annotator="Mike Bada, University of Colorado Anschutz Medical Campus" id="CL_basic_2014_02_21_Instance_23157" type="identity">
      <class id="CL:0000445" label="apoptosis fated cell"/>
      <span end="40046" id="15345036-2204" start="40032">apoptotic cell</span>
    </annotation>
    <annotation annotator="Mike Bada, University of Colorado Anschutz Medical Campus" id="CL_basic_2014_02_21_Instance_23155" type="identity">
      <class id="CL:0000445" label="apoptosis fated cell"/>
      <span end="40137" id="15345036-2202" start="40122">apoptotic cells</span>
    </annotation>
    <annotation annotator="Mike Bada, University of Colorado Anschutz Medical Campus" id="CL_basic_2014_02_21_Instance_23153" type="identity">
      <class id="CL:0000445" label="apoptosis fated cell"/>
      <span end="40391" id="15345036-2200" start="40376">apoptotic cells</span>
    </annotation>
    <annotation annotator="Mike Bada, University of Colorado Anschutz Medical Campus" id="CL_basic_2014_02_21_Instance_23151" type="identity">
      <class id="CL:0000445" label="apoptosis fated cell"/>
      <span end="40524" id="15345036-2198" start="40509">apoptotic cells</span>
    </annotation>
    <annotation annotator="Mike Bada, University of Colorado Anschutz Medical Campus" id="CL_basic_2014_02_21_Instance_15175" type="identity">
      <class id="CL:0000235" label="macrophage"/>
      <span end="40549" id="15345036-1988" start="40538">macrophages</span>
    </annotation>
    <annotation annotator="Mike Bada, University of Colorado Anschutz Medical Campus" id="CL_basic_2014_02_21_Instance_15177" type="identity">
      <class id="CL:0000235" label="macrophage"/>
      <span end="40581" id="15345036-1990" start="40570">macrophages</span>
    </annotation>
    <annotation annotator="Mike Bada, University of Colorado Anschutz Medical Campus" id="CL_basic_2014_02_21_Instance_23161" type="identity">
      <class id="CL:0000445" label="apoptosis fated cell"/>
      <span end="40721" id="15345036-2208" start="40707">apoptotic cell</span>
    </annotation>
    <annotation annotator="Mike Bada, University of Colorado Anschutz Medical Campus" id="CL_basic_2014_02_21_Instance_23163" type="identity">
      <class id="CL:0000445" label="apoptosis fated cell"/>
      <span end="40979" id="15345036-2210" start="40964">apoptotic cells</span>
    </annotation>
    <annotation annotator="Mike Bada, University of Colorado Anschutz Medical Campus" id="CL_basic_2014_02_21_Instance_23167" type="identity">
      <class id="CL:0000445" label="apoptosis fated cell"/>
      <span end="41214" id="15345036-2214" start="41199">apoptotic cells</span>
    </annotation>
    <annotation annotator="Mike Bada, University of Colorado Anschutz Medical Campus" id="CL_basic_2014_02_21_Instance_23165" type="identity">
      <class id="CL:0000445" label="apoptosis fated cell"/>
      <span end="41728" id="15345036-2212" start="41713">apoptotic cells</span>
    </annotation>
    <annotation annotator="Mike Bada, University of Colorado Anschutz Medical Campus" id="CL_basic_2014_02_21_Instance_15185" type="identity">
      <class id="CL:0000235" label="macrophage"/>
      <span end="42134" id="15345036-1992" start="42123">macrophages</span>
    </annotation>
    <annotation annotator="Mike Bada, University of Colorado Anschutz Medical Campus" id="CL_basic_2014_02_21_Instance_15193" type="identity">
      <class id="CL:0000235" label="macrophage"/>
      <span end="42489" id="15345036-1994" start="42478">macrophages</span>
    </annotation>
    <annotation annotator="Mike Bada, University of Colorado Anschutz Medical Campus" id="CL_basic_2014_02_21_Instance_23283" type="identity">
      <class id="CL:0000235" label="macrophage"/>
      <span end="42603" id="15345036-2320" start="42593">macrophage</span>
    </annotation>
    <annotation annotator="Mike Bada, University of Colorado Anschutz Medical Campus" id="CL_basic_2014_02_21_Instance_23169" type="identity">
      <class id="CL:0000445" label="apoptosis fated cell"/>
      <span end="42641" id="15345036-2216" start="42626">apoptotic cells</span>
    </annotation>
    <annotation annotator="Mike Bada, University of Colorado Anschutz Medical Campus" id="CL_basic_2014_02_21_Instance_23171" type="identity">
      <class id="CL:0000445" label="apoptosis fated cell"/>
      <span end="42726" id="15345036-2218" start="42711">apoptotic cells</span>
    </annotation>
    <annotation annotator="Mike Bada, University of Colorado Anschutz Medical Campus" id="CL_basic_2014_02_21_Instance_23173" type="identity">
      <class id="CL:0000445" label="apoptosis fated cell"/>
      <span end="42982" id="15345036-2220" start="42967">apoptotic cells</span>
    </annotation>
    <annotation annotator="Mike Bada, University of Colorado Anschutz Medical Campus" id="CL_basic_2014_02_21_Instance_15197" type="identity">
      <class id="CL:0000235" label="macrophage"/>
      <span end="42998" id="15345036-1996" start="42987">macrophages</span>
    </annotation>
    <annotation annotator="Mike Bada, University of Colorado Anschutz Medical Campus" id="CL_basic_2014_02_21_Instance_23175" type="identity">
      <class id="CL:0000445" label="apoptosis fated cell"/>
      <span end="43063" id="15345036-2222" start="43048">apoptotic cells</span>
    </annotation>
    <annotation annotator="Mike Bada, University of Colorado Anschutz Medical Campus" id="CL_basic_2014_02_21_Instance_15201" type="identity">
      <class id="CL:0000235" label="macrophage"/>
      <span end="43144" id="15345036-1998" start="43133">macrophages</span>
    </annotation>
    <annotation annotator="Mike Bada, University of Colorado Anschutz Medical Campus" id="CL_basic_2014_02_21_Instance_70107" type="identity">
      <class id="CL:0000235" label="macrophage"/>
      <span end="43364" id="15345036-2415" start="43354">macrophage</span>
    </annotation>
    <annotation annotator="Mike Bada, University of Colorado Anschutz Medical Campus" id="CL_basic_2014_02_21_Instance_23177" type="identity">
      <class id="CL:0000445" label="apoptosis fated cell"/>
      <span end="43518" id="15345036-2224" start="43503">apoptotic cells</span>
    </annotation>
    <annotation annotator="Mike Bada, University of Colorado Anschutz Medical Campus" id="CL_basic_2014_02_21_Instance_23179" type="identity">
      <class id="CL:0000445" label="apoptosis fated cell"/>
      <span end="43741" id="15345036-2226" start="43726">apoptotic cells</span>
    </annotation>
    <annotation annotator="Mike Bada, University of Colorado Anschutz Medical Campus" id="CL_basic_2014_02_21_Instance_23181" type="identity">
      <class id="CL:0000445" label="apoptosis fated cell"/>
      <span end="43782" id="15345036-2228" start="43768">apoptotic cell</span>
    </annotation>
    <annotation annotator="Mike Bada, University of Colorado Anschutz Medical Campus" id="CL_basic_2014_02_21_Instance_23183" type="identity">
      <class id="CL:0000445" label="apoptosis fated cell"/>
      <span end="43981" id="15345036-2230" start="43966">apoptotic cells</span>
    </annotation>
    <annotation annotator="Mike Bada, University of Colorado Anschutz Medical Campus" id="CL_basic_2014_02_21_Instance_15207" type="identity">
      <class id="CL:0000235" label="macrophage"/>
      <span end="44006" id="15345036-2000" start="43995">macrophages</span>
    </annotation>
    <annotation annotator="Mike Bada, University of Colorado Anschutz Medical Campus" id="CL_basic_2014_02_21_Instance_15209" type="identity">
      <class id="CL:0000235" label="macrophage"/>
      <span end="44095" id="15345036-2002" start="44084">macrophages</span>
    </annotation>
    <annotation annotator="Mike Bada, University of Colorado Anschutz Medical Campus" id="CL_basic_2014_02_21_Instance_40029" type="identity">
      <class id="CL:0000861" label="elicited macrophage"/>
      <span end="44166" id="15345036-2366" start="44158">elicited</span>
      <span end="44189" id="15345036-2367" start="44178">macrophages</span>
    </annotation>
    <annotation annotator="Mike Bada, University of Colorado Anschutz Medical Campus" id="CL_basic_2014_02_21_Instance_15211" type="identity">
      <class id="CL:0000581" label="peritoneal macrophage"/>
      <span end="44189" id="15345036-2004" start="44167">peritoneal macrophages</span>
    </annotation>
    <annotation annotator="Mike Bada, University of Colorado Anschutz Medical Campus" id="CL_basic_2014_02_21_Instance_15213" type="identity">
      <class id="CL:0000037" label="hematopoietic stem cell"/>
      <span end="44251" id="15345036-2006" start="44227">hematopoietic stem cells</span>
    </annotation>
    <annotation annotator="Mike Bada, University of Colorado Anschutz Medical Campus" id="CL_basic_2014_02_21_Instance_15215" type="identity">
      <class id="CL:0000235" label="macrophage"/>
      <span end="44369" id="15345036-2008" start="44359">macrophage</span>
    </annotation>
    <annotation annotator="Mike Bada, University of Colorado Anschutz Medical Campus" id="CL_basic_2014_02_21_Instance_15219" type="identity">
      <class id="CL:0000235" label="macrophage"/>
      <span end="44593" id="15345036-2010" start="44582">macrophages</span>
    </annotation>
    <annotation annotator="Mike Bada, University of Colorado Anschutz Medical Campus" id="CL_basic_2014_02_21_Instance_23185" type="identity">
      <class id="CL:0000445" label="apoptosis fated cell"/>
      <span end="44905" id="15345036-2232" start="44891">apoptotic cell</span>
    </annotation>
    <annotation annotator="Mike Bada, University of Colorado Anschutz Medical Campus" id="CL_basic_2014_02_21_Instance_40038" type="identity">
      <class id="CL:0000861" label="elicited macrophage"/>
      <span end="44966" id="15345036-2369" start="44946">elicited macrophages</span>
    </annotation>
    <annotation annotator="Mike Bada, University of Colorado Anschutz Medical Campus" id="CL_basic_2014_02_21_Instance_23191" type="identity">
      <class id="CL:0000445" label="apoptosis fated cell"/>
      <span end="45049" id="15345036-2238" start="45035">apoptotic cell</span>
    </annotation>
    <annotation annotator="Mike Bada, University of Colorado Anschutz Medical Campus" id="CL_basic_2014_02_21_Instance_15223" type="identity">
      <class id="CL:0000235" label="macrophage"/>
      <span end="45260" id="15345036-2012" start="45249">macrophages</span>
    </annotation>
    <annotation annotator="Mike Bada, University of Colorado Anschutz Medical Campus" id="CL_basic_2014_02_21_Instance_15225" type="identity">
      <class id="CL:0000235" label="macrophage"/>
      <span end="45344" id="15345036-2014" start="45333">macrophages</span>
    </annotation>
    <annotation annotator="Mike Bada, University of Colorado Anschutz Medical Campus" id="CL_basic_2014_02_21_Instance_23189" type="identity">
      <class id="CL:0000445" label="apoptosis fated cell"/>
      <span end="45448" id="15345036-2236" start="45433">apoptotic cells</span>
    </annotation>
    <annotation annotator="Mike Bada, University of Colorado Anschutz Medical Campus" id="CL_basic_2014_02_21_Instance_15227" type="identity">
      <class id="CL:0000235" label="macrophage"/>
      <span end="45563" id="15345036-2016" start="45552">macrophages</span>
    </annotation>
    <annotation annotator="Mike Bada, University of Colorado Anschutz Medical Campus" id="CL_basic_2014_02_21_Instance_15229" type="identity">
      <class id="CL:0000235" label="macrophage"/>
      <span end="45631" id="15345036-2018" start="45621">macrophage</span>
    </annotation>
    <annotation annotator="Mike Bada, University of Colorado Anschutz Medical Campus" id="CL_basic_2014_02_21_Instance_23187" type="identity">
      <class id="CL:0000445" label="apoptosis fated cell"/>
      <span end="46785" id="15345036-2234" start="46770">apoptotic cells</span>
    </annotation>
    <annotation annotator="Mike Bada, University of Colorado Anschutz Medical Campus" id="CL_basic_2014_02_21_Instance_15231" type="identity">
      <class id="CL:0000235" label="macrophage"/>
      <span end="47365" id="15345036-2020" start="47354">macrophages</span>
    </annotation>
    <annotation annotator="Mike Bada, University of Colorado Anschutz Medical Campus" id="CL_basic_2014_02_21_Instance_15233" type="identity">
      <class id="CL:0000057" label="fibroblast"/>
      <span end="47381" id="15345036-2022" start="47370">fibroblasts</span>
    </annotation>
    <annotation annotator="Mike Bada, University of Colorado Anschutz Medical Campus" id="CL_basic_2014_02_21_Instance_23193" type="identity">
      <class id="CL:0000445" label="apoptosis fated cell"/>
      <span end="48339" id="15345036-2240" start="48324">apoptotic cells</span>
    </annotation>
    <annotation annotator="Mike Bada, University of Colorado Anschutz Medical Campus" id="CL_basic_2014_02_21_Instance_23197" type="identity">
      <class id="CL:0000445" label="apoptosis fated cell"/>
      <span end="48627" id="15345036-2244" start="48613">apoptotic cell</span>
    </annotation>
    <annotation annotator="Mike Bada, University of Colorado Anschutz Medical Campus" id="CL_basic_2014_02_21_Instance_15237" type="identity">
      <class id="CL:0000235" label="macrophage"/>
      <span end="48795" id="15345036-2024" start="48784">macrophages</span>
    </annotation>
    <annotation annotator="Mike Bada, University of Colorado Anschutz Medical Campus" id="CL_basic_2014_02_21_Instance_23195" type="identity">
      <class id="CL:0000445" label="apoptosis fated cell"/>
      <span end="48861" id="15345036-2242" start="48846">apoptotic cells</span>
    </annotation>
    <annotation annotator="Mike Bada, University of Colorado Anschutz Medical Campus" id="CL_basic_2014_02_21_Instance_60016" type="identity">
      <class id="CL:0002322" label="embryonic stem cell"/>
      <span end="49729" id="15345036-2413" start="49721">ES cells</span>
    </annotation>
    <annotation annotator="Mike Bada, University of Colorado Anschutz Medical Campus" id="CL_basic_2014_02_21_Instance_40041" type="identity">
      <class id="CL:0002322" label="embryonic stem cell"/>
      <span end="49783" id="15345036-2371" start="49775">ES cells</span>
    </annotation>
    <annotation annotator="Mike Bada, University of Colorado Anschutz Medical Campus" id="CL_basic_2014_02_21_Instance_40043" type="identity">
      <class id="CL:0002322" label="embryonic stem cell"/>
      <span end="49870" id="15345036-2373" start="49863">ES-cell</span>
    </annotation>
    <annotation annotator="Mike Bada, University of Colorado Anschutz Medical Campus" id="CL_basic_2014_02_21_Instance_40045" type="identity">
      <class id="CL:0002322" label="embryonic stem cell"/>
      <span end="50116" id="15345036-2375" start="50108">ES cells</span>
    </annotation>
    <annotation annotator="Mike Bada, University of Colorado Anschutz Medical Campus" id="CL_basic_2014_02_21_Instance_40047" type="identity">
      <class id="CL:0002322" label="embryonic stem cell"/>
      <span end="50298" id="15345036-2377" start="50291">ES-cell</span>
    </annotation>
    <annotation annotator="Mike Bada, University of Colorado Anschutz Medical Campus" id="CL_basic_2014_02_21_Instance_40049" type="identity">
      <class id="CL:0002322" label="embryonic stem cell"/>
      <span end="50552" id="15345036-2379" start="50545">ES-cell</span>
    </annotation>
    <annotation annotator="Mike Bada, University of Colorado Anschutz Medical Campus" id="CL_basic_2014_02_21_Instance_40051" type="identity">
      <class id="CL:0002322" label="embryonic stem cell"/>
      <span end="50753" id="15345036-2381" start="50746">ES-cell</span>
    </annotation>
    <annotation annotator="Mike Bada, University of Colorado Anschutz Medical Campus" id="CL_basic_2014_02_21_Instance_23199" type="identity">
      <class id="CL:0000445" label="apoptosis fated cell"/>
      <span end="56207" id="15345036-2246" start="56192">apoptotic cells</span>
    </annotation>
    <annotation annotator="Mike Bada, University of Colorado Anschutz Medical Campus" id="CL_basic_2014_02_21_Instance_15245" type="identity">
      <class id="CL:0000235" label="macrophage"/>
      <span end="56223" id="15345036-2026" start="56212">macrophages</span>
    </annotation>
    <annotation annotator="Mike Bada, University of Colorado Anschutz Medical Campus" id="CL_basic_2014_02_21_Instance_15247" type="identity">
      <class id="CL:0000235" label="macrophage"/>
      <span end="56921" id="15345036-2028" start="56910">macrophages</span>
    </annotation>
    <annotation annotator="Mike Bada, University of Colorado Anschutz Medical Campus" id="CL_basic_2014_02_21_Instance_15253" type="identity">
      <class id="CL:0000235" label="macrophage"/>
      <span end="57429" id="15345036-2030" start="57419">macrophage</span>
    </annotation>
    <annotation annotator="Mike Bada, University of Colorado Anschutz Medical Campus" id="CL_basic_2014_02_21_Instance_40054" type="identity">
      <class id="CL:0000235" label="macrophage"/>
      <span end="57458" id="15345036-2383" start="57457">M</span>
    </annotation>
    <annotation annotator="Mike Bada, University of Colorado Anschutz Medical Campus" id="CL_basic_2014_02_21_Instance_15257" type="identity">
      <class id="CL:0000235" label="macrophage"/>
      <span end="57776" id="15345036-2032" start="57766">Macrophage</span>
    </annotation>
    <annotation annotator="Mike Bada, University of Colorado Anschutz Medical Campus" id="CL_basic_2014_02_21_Instance_15259" type="identity">
      <class id="CL:0000235" label="macrophage"/>
      <span end="57850" id="15345036-2034" start="57839">macrophages</span>
    </annotation>
    <annotation annotator="Mike Bada, University of Colorado Anschutz Medical Campus" id="CL_basic_2014_02_21_Instance_23299" type="identity">
      <class id="CL:0000445" label="apoptosis fated cell"/>
      <span end="57982" id="15345036-2322" start="57973">apoptotic</span>
      <span end="57995" id="15345036-2323" start="57990">cells</span>
    </annotation>
    <annotation annotator="Mike Bada, University of Colorado Anschutz Medical Campus" id="CL_basic_2014_02_21_Instance_40057" type="identity">
      <class id="CL:0000893" label="thymocyte"/>
      <span end="58015" id="15345036-2385" start="58005">thymocytes</span>
    </annotation>
    <annotation annotator="Mike Bada, University of Colorado Anschutz Medical Campus" id="CL_basic_2014_02_21_Instance_40088" type="identity">
      <class id="CL:0000893" label="thymocyte"/>
      <span end="58598" id="15345036-2411" start="58588">thymocytes</span>
    </annotation>
    <annotation annotator="Mike Bada, University of Colorado Anschutz Medical Campus" id="CL_basic_2014_02_21_Instance_23201" type="identity">
      <class id="CL:0000445" label="apoptosis fated cell"/>
      <span end="58807" id="15345036-2248" start="58792">apoptotic cells</span>
    </annotation>
    <annotation annotator="Mike Bada, University of Colorado Anschutz Medical Campus" id="CL_basic_2014_02_21_Instance_40060" type="identity">
      <class id="CL:0000893" label="thymocyte"/>
      <span end="58958" id="15345036-2387" start="58948">thymocytes</span>
    </annotation>
    <annotation annotator="Mike Bada, University of Colorado Anschutz Medical Campus" id="CL_basic_2014_02_21_Instance_15275" type="identity">
      <class id="CL:0000235" label="macrophage"/>
      <span end="58971" id="15345036-2036" start="58960">macrophages</span>
    </annotation>
    <annotation annotator="Mike Bada, University of Colorado Anschutz Medical Campus" id="CL_basic_2014_02_21_Instance_40063" type="identity">
      <class id="CL:0000893" label="thymocyte"/>
      <span end="59292" id="15345036-2389" start="59282">thymocytes</span>
    </annotation>
    <annotation annotator="Mike Bada, University of Colorado Anschutz Medical Campus" id="CL_basic_2014_02_21_Instance_15279" type="identity">
      <class id="CL:0000235" label="macrophage"/>
      <span end="59419" id="15345036-2038" start="59408">macrophages</span>
    </annotation>
    <annotation annotator="Mike Bada, University of Colorado Anschutz Medical Campus" id="CL_basic_2014_02_21_Instance_15281" type="identity">
      <class id="CL:0000235" label="macrophage"/>
      <span end="59461" id="15345036-2040" start="59450">macrophages</span>
    </annotation>
    <annotation annotator="Mike Bada, University of Colorado Anschutz Medical Campus" id="CL_basic_2014_02_21_Instance_40066" type="identity">
      <class id="CL:0000893" label="thymocyte"/>
      <span end="59500" id="15345036-2391" start="59490">thymocytes</span>
    </annotation>
    <annotation annotator="Mike Bada, University of Colorado Anschutz Medical Campus" id="CL_basic_2014_02_21_Instance_15283" type="identity">
      <class id="CL:0000235" label="macrophage"/>
      <span end="59664" id="15345036-2042" start="59653">macrophages</span>
    </annotation>
    <annotation annotator="Mike Bada, University of Colorado Anschutz Medical Campus" id="CL_basic_2014_02_21_Instance_15285" type="identity">
      <class id="CL:0000235" label="macrophage"/>
      <span end="59690" id="15345036-2044" start="59679">macrophages</span>
    </annotation>
    <annotation annotator="Mike Bada, University of Colorado Anschutz Medical Campus" id="CL_basic_2014_02_21_Instance_15287" type="identity">
      <class id="CL:0000235" label="macrophage"/>
      <span end="59752" id="15345036-2046" start="59741">macrophages</span>
    </annotation>
    <annotation annotator="Mike Bada, University of Colorado Anschutz Medical Campus" id="CL_basic_2014_02_21_Instance_15289" type="identity">
      <class id="CL:0000235" label="macrophage"/>
      <span end="59925" id="15345036-2048" start="59915">macrophage</span>
    </annotation>
    <annotation annotator="Mike Bada, University of Colorado Anschutz Medical Campus" id="CL_basic_2014_02_21_Instance_40069" type="identity">
      <class id="CL:0000893" label="thymocyte"/>
      <span end="59999" id="15345036-2393" start="59989">thymocytes</span>
    </annotation>
    <annotation annotator="Mike Bada, University of Colorado Anschutz Medical Campus" id="CL_basic_2014_02_21_Instance_23203" type="identity">
      <class id="CL:0000445" label="apoptosis fated cell"/>
      <span end="60099" id="15345036-2250" start="60084">apoptotic cells</span>
    </annotation>
    <annotation annotator="Mike Bada, University of Colorado Anschutz Medical Campus" id="CL_basic_2014_02_21_Instance_23207" type="identity">
      <class id="CL:0000445" label="apoptosis fated cell"/>
      <span end="61006" id="15345036-2254" start="60991">apoptotic cells</span>
    </annotation>
    <annotation annotator="Mike Bada, University of Colorado Anschutz Medical Campus" id="CL_basic_2014_02_21_Instance_15291" type="identity">
      <class id="CL:0000235" label="macrophage"/>
      <span end="61022" id="15345036-2050" start="61011">macrophages</span>
    </annotation>
    <annotation annotator="Mike Bada, University of Colorado Anschutz Medical Campus" id="CL_basic_2014_02_21_Instance_15293" type="identity">
      <class id="CL:0000235" label="macrophage"/>
      <span end="61148" id="15345036-2052" start="61137">macrophages</span>
    </annotation>
    <annotation annotator="Mike Bada, University of Colorado Anschutz Medical Campus" id="CL_basic_2014_02_21_Instance_23205" type="identity">
      <class id="CL:0000445" label="apoptosis fated cell"/>
      <span end="61299" id="15345036-2252" start="61284">apoptotic cells</span>
    </annotation>
    <annotation annotator="Mike Bada, University of Colorado Anschutz Medical Campus" id="CL_basic_2014_02_21_Instance_15295" type="identity">
      <class id="CL:0000235" label="macrophage"/>
      <span end="61315" id="15345036-2054" start="61304">macrophages</span>
    </annotation>
    <annotation annotator="Mike Bada, University of Colorado Anschutz Medical Campus" id="CL_basic_2014_02_21_Instance_15297" type="identity">
      <class id="CL:0000235" label="macrophage"/>
      <span end="61441" id="15345036-2056" start="61430">macrophages</span>
    </annotation>
    <annotation annotator="Mike Bada, University of Colorado Anschutz Medical Campus" id="CL_basic_2014_02_21_Instance_40072" type="identity">
      <class id="CL:0002322" label="embryonic stem cell"/>
      <span end="61845" id="15345036-2395" start="61838">ES cell</span>
    </annotation>
    <annotation annotator="Mike Bada, University of Colorado Anschutz Medical Campus" id="CL_basic_2014_02_21_Instance_40074" type="identity">
      <class id="CL:0002322" label="embryonic stem cell"/>
      <span end="62160" id="15345036-2397" start="62153">ES cell</span>
    </annotation>
    <annotation annotator="Mike Bada, University of Colorado Anschutz Medical Campus" id="CL_basic_2014_02_21_Instance_40076" type="identity">
      <class id="CL:0002322" label="embryonic stem cell"/>
      <span end="62547" id="15345036-2399" start="62539">ES cells</span>
    </annotation>
    <annotation annotator="Mike Bada, University of Colorado Anschutz Medical Campus" id="CL_basic_2014_02_21_Instance_40078" type="identity">
      <class id="CL:0002319" label="neural cell"/>
      <span end="65264" id="15345036-2401" start="65258">neural</span>
      <span end="65287" id="15345036-2402" start="65282">cells</span>
    </annotation>
    <annotation annotator="Mike Bada, University of Colorado Anschutz Medical Campus" id="CL_basic_2014_02_21_Instance_40080" type="identity">
      <class id="CL:0009004" label="retinal cell"/>
      <span end="65272" id="15345036-2404" start="65265">retinal</span>
      <span end="65287" id="15345036-2405" start="65282">cells</span>
    </annotation>
    <annotation annotator="Mike Bada, University of Colorado Anschutz Medical Campus" id="CL_basic_2014_02_21_Instance_40082" type="identity">
      <class id="CL:0002222" label="vertebrate lens cell"/>
      <span end="65287" id="15345036-2407" start="65277">lens cells</span>
    </annotation>
    <annotation annotator="Mike Bada, University of Colorado Anschutz Medical Campus" id="CL_basic_2014_02_21_Instance_23309" type="identity">
      <class id="CL:0000556" label="megakaryocyte"/>
      <span end="66886" id="15345036-2325" start="66872">megakaryocytes</span>
    </annotation>
    <annotation annotator="Mike Bada, University of Colorado Anschutz Medical Campus" id="CL_basic_2014_02_21_Instance_23311" type="identity">
      <class id="CL:0000232" label="erythrocyte"/>
      <span end="67015" id="15345036-2327" start="67003">erythrocytes</span>
    </annotation>
    <annotation annotator="Mike Bada, University of Colorado Anschutz Medical Campus" id="CL_basic_2014_02_21_Instance_23315" type="identity">
      <class id="CL:0000235" label="macrophage"/>
      <span end="68790" id="15345036-2329" start="68779">macrophages</span>
    </annotation>
    <annotation annotator="Mike Bada, University of Colorado Anschutz Medical Campus" id="CL_basic_2014_02_21_Instance_23209" type="identity">
      <class id="CL:0000445" label="apoptosis fated cell"/>
      <span end="68824" id="15345036-2256" start="68809">apoptotic cells</span>
    </annotation>
    <annotation annotator="Mike Bada, University of Colorado Anschutz Medical Campus" id="CL_basic_2014_02_21_Instance_23211" type="identity">
      <class id="CL:0000445" label="apoptosis fated cell"/>
      <span end="69025" id="15345036-2258" start="69010">apoptotic cells</span>
    </annotation>
    <annotation annotator="Mike Bada, University of Colorado Anschutz Medical Campus" id="CL_basic_2014_02_21_Instance_23213" type="identity">
      <class id="CL:0000445" label="apoptosis fated cell"/>
      <span end="69230" id="15345036-2260" start="69215">apoptotic cells</span>
    </annotation>
    <annotation annotator="Mike Bada, University of Colorado Anschutz Medical Campus" id="CL_basic_2014_02_21_Instance_23215" type="identity">
      <class id="CL:0000445" label="apoptosis fated cell"/>
      <span end="69382" id="15345036-2262" start="69367">apoptotic cells</span>
    </annotation>
    <annotation annotator="Mike Bada, University of Colorado Anschutz Medical Campus" id="CL_basic_2014_02_21_Instance_23317" type="identity">
      <class id="CL:0000235" label="macrophage"/>
      <span end="69576" id="15345036-2331" start="69566">macrophage</span>
    </annotation>
    <annotation annotator="Mike Bada, University of Colorado Anschutz Medical Campus" id="CL_basic_2014_02_21_Instance_23335" type="identity">
      <class id="CL:0000235" label="macrophage"/>
      <span end="69749" id="15345036-2345" start="69738">macrophages</span>
    </annotation>
    <annotation annotator="Mike Bada, University of Colorado Anschutz Medical Campus" id="CL_basic_2014_02_21_Instance_23217" type="identity">
      <class id="CL:0000445" label="apoptosis fated cell"/>
      <span end="69799" id="15345036-2264" start="69784">apoptotic cells</span>
    </annotation>
    <annotation annotator="Mike Bada, University of Colorado Anschutz Medical Campus" id="CL_basic_2014_02_21_Instance_23219" type="identity">
      <class id="CL:0000445" label="apoptosis fated cell"/>
      <span end="69994" id="15345036-2266" start="69979">apoptotic cells</span>
    </annotation>
    <annotation annotator="Mike Bada, University of Colorado Anschutz Medical Campus" id="CL_basic_2014_02_21_Instance_23319" type="identity">
      <class id="CL:0000235" label="macrophage"/>
      <span end="70029" id="15345036-2333" start="70018">macrophages</span>
    </annotation>
    <annotation annotator="Mike Bada, University of Colorado Anschutz Medical Campus" id="CL_basic_2014_02_21_Instance_40085" type="identity">
      <class id="CL:0000893" label="thymocyte"/>
      <span end="70164" id="15345036-2409" start="70154">thymocytes</span>
    </annotation>
    <annotation annotator="Mike Bada, University of Colorado Anschutz Medical Campus" id="CL_basic_2014_02_21_Instance_23321" type="identity">
      <class id="CL:0000235" label="macrophage"/>
      <span end="70261" id="15345036-2335" start="70250">Macrophages</span>
    </annotation>
    <annotation annotator="Mike Bada, University of Colorado Anschutz Medical Campus" id="CL_basic_2014_02_21_Instance_23221" type="identity">
      <class id="CL:0000445" label="apoptosis fated cell"/>
      <span end="70313" id="15345036-2268" start="70298">apoptotic cells</span>
    </annotation>
    <annotation annotator="Mike Bada, University of Colorado Anschutz Medical Campus" id="CL_basic_2014_02_21_Instance_23223" type="identity">
      <class id="CL:0000445" label="apoptosis fated cell"/>
      <span end="70381" id="15345036-2270" start="70366">apoptotic cells</span>
    </annotation>
    <annotation annotator="Mike Bada, University of Colorado Anschutz Medical Campus" id="CL_basic_2014_02_21_Instance_23323" type="identity">
      <class id="CL:0000235" label="macrophage"/>
      <span end="70418" id="15345036-2337" start="70407">macrophages</span>
    </annotation>
    <annotation annotator="Mike Bada, University of Colorado Anschutz Medical Campus" id="CL_basic_2014_02_21_Instance_23325" type="identity">
      <class id="CL:0000235" label="macrophage"/>
      <span end="70475" id="15345036-2339" start="70464">macrophages</span>
    </annotation>
    <annotation annotator="Mike Bada, University of Colorado Anschutz Medical Campus" id="CL_basic_2014_02_21_Instance_23225" type="identity">
      <class id="CL:0000445" label="apoptosis fated cell"/>
      <span end="70509" id="15345036-2272" start="70494">apoptotic cells</span>
    </annotation>
    <annotation annotator="Mike Bada, University of Colorado Anschutz Medical Campus" id="CL_basic_2014_02_21_Instance_23227" type="identity">
      <class id="CL:0000445" label="apoptosis fated cell"/>
      <span end="70649" id="15345036-2274" start="70634">apoptotic cells</span>
    </annotation>
    <annotation annotator="Mike Bada, University of Colorado Anschutz Medical Campus" id="CL_basic_2014_02_21_Instance_23327" type="identity">
      <class id="CL:0000235" label="macrophage"/>
      <span end="70684" id="15345036-2341" start="70673">macrophages</span>
    </annotation>
    <annotation annotator="Mike Bada, University of Colorado Anschutz Medical Campus" id="CL_basic_2014_02_21_Instance_23331" type="identity">
      <class id="CL:0000235" label="macrophage"/>
      <span end="70763" id="15345036-2343" start="70753">macrophage</span>
    </annotation>
    <annotation annotator="Mike Bada, University of Colorado Anschutz Medical Campus" id="CL_basic_2014_02_21_Instance_23229" type="identity">
      <class id="CL:0000445" label="apoptosis fated cell"/>
      <span end="70838" id="15345036-2276" start="70823">apoptotic cells</span>
    </annotation>
    <annotation annotator="Mike Bada, University of Colorado Anschutz Medical Campus" id="CL_basic_2014_02_21_Instance_23231" type="identity">
      <class id="CL:0000445" label="apoptosis fated cell"/>
      <span end="70985" id="15345036-2278" start="70970">apoptotic cells</span>
    </annotation>
    <annotation annotator="Mike Bada, University of Colorado Anschutz Medical Campus" id="CL_basic_2014_02_21_Instance_23233" type="identity">
      <class id="CL:0000445" label="apoptosis fated cell"/>
      <span end="71101" id="15345036-2280" start="71086">apoptotic cells</span>
    </annotation>
    <annotation annotator="Mike Bada, University of Colorado Anschutz Medical Campus" id="CL_basic_2014_02_21_Instance_23235" type="identity">
      <class id="CL:0000445" label="apoptosis fated cell"/>
      <span end="71161" id="15345036-2282" start="71146">apoptotic cells</span>
    </annotation>
    <graph-space id="Old Knowtator Relations"/>
  </document>
</knowtator-project>
