<?xml version="1.0" encoding="UTF-8" standalone="no"?>
<knowtator-project>
  <document id="15492776" text-file="15492776.txt">
    <annotation annotator="Mike Bada, University of Colorado Anschutz Medical Campus" id="CL_basic_2014_02_21_Instance_15313" type="identity">
      <class id="CL:0000743" label="hypertrophic chondrocyte"/>
      <span end="5959" id="15492776-2426" start="5934">hypertrophic chondrocytes</span>
    </annotation>
    <annotation annotator="Mike Bada, University of Colorado Anschutz Medical Campus" id="CL_basic_2014_02_21_Instance_40092" type="identity">
      <class id="CL:0000335" label="mesenchyme condensation cell"/>
      <span end="6059" id="15492776-2460" start="6049">condensing</span>
      <span end="6094" id="15492776-2461" start="6077">mesenchymal cells</span>
    </annotation>
    <annotation annotator="Mike Bada, University of Colorado Anschutz Medical Campus" id="CL_basic_2014_02_21_Instance_15341" type="identity">
      <class id="CL:0000138" label="chondrocyte"/>
      <span end="20662" id="15492776-2428" start="20650">chondrocytes</span>
    </annotation>
    <annotation annotator="Mike Bada, University of Colorado Anschutz Medical Campus" id="CL_basic_2014_02_21_Instance_40096" type="identity">
      <class id="CL:1001607" label="articular chondrocyte"/>
      <span end="22588" id="15492776-2463" start="22563">articular cartilage cells</span>
    </annotation>
    <annotation annotator="Mike Bada, University of Colorado Anschutz Medical Campus" id="CL_basic_2014_02_21_Instance_15351" type="identity">
      <class id="CL:0000138" label="chondrocyte"/>
      <span end="22739" id="15492776-2430" start="22727">chondrocytes</span>
    </annotation>
    <annotation annotator="Mike Bada, University of Colorado Anschutz Medical Campus" id="CL_basic_2014_02_21_Instance_23343" type="identity">
      <class id="CL:0000057" label="fibroblast"/>
      <span end="22881" id="15492776-2450" start="22871">fibroblast</span>
    </annotation>
    <annotation annotator="Mike Bada, University of Colorado Anschutz Medical Campus" id="CL_basic_2014_02_21_Instance_40103" type="identity">
      <class id="CL:1001607" label="articular chondrocyte"/>
      <span end="23211" id="15492776-2465" start="23186">articular cartilage cells</span>
    </annotation>
    <annotation annotator="Mike Bada, University of Colorado Anschutz Medical Campus" id="CL_basic_2014_02_21_Instance_15357" type="identity">
      <class id="CL:0000138" label="chondrocyte"/>
      <span end="23272" id="15492776-2432" start="23260">chondrocytes</span>
    </annotation>
    <annotation annotator="Mike Bada, University of Colorado Anschutz Medical Campus" id="CL_basic_2014_02_21_Instance_15359" type="identity">
      <class id="CL:0000138" label="chondrocyte"/>
      <span end="23299" id="15492776-2434" start="23287">chondrocytes</span>
    </annotation>
    <annotation annotator="Mike Bada, University of Colorado Anschutz Medical Campus" id="CL_basic_2014_02_21_Instance_15361" type="identity">
      <class id="CL:0000062" label="osteoblast"/>
      <span end="23316" id="15492776-2436" start="23305">osteoblasts</span>
    </annotation>
    <annotation annotator="Mike Bada, University of Colorado Anschutz Medical Campus" id="CL_basic_2014_02_21_Instance_15365" type="identity">
      <class id="CL:0000062" label="osteoblast"/>
      <span end="23575" id="15492776-2438" start="23564">osteoblasts</span>
    </annotation>
    <annotation annotator="Mike Bada, University of Colorado Anschutz Medical Campus" id="CL_basic_2014_02_21_Instance_15367" type="identity">
      <class id="CL:0000138" label="chondrocyte"/>
      <span end="24941" id="15492776-2440" start="24929">chondrocytes</span>
    </annotation>
    <annotation annotator="Mike Bada, University of Colorado Anschutz Medical Campus" id="CL_basic_2014_02_21_Instance_23347" type="identity">
      <class id="CL:0000138" label="chondrocyte"/>
      <span end="25385" id="15492776-2452" start="25370">cartilage cells</span>
    </annotation>
    <annotation annotator="Mike Bada, University of Colorado Anschutz Medical Campus" id="CL_basic_2014_02_21_Instance_15371" type="identity">
      <class id="CL:0000138" label="chondrocyte"/>
      <span end="25860" id="15492776-2442" start="25848">chondrocytes</span>
    </annotation>
    <annotation annotator="Mike Bada, University of Colorado Anschutz Medical Campus" id="CL_basic_2014_02_21_Instance_23925" type="identity">
      <class id="CL:0000226" label="single nucleate cell"/>
      <span end="25985" id="15492776-2458" start="25968">mononuclear cells</span>
    </annotation>
    <annotation annotator="Mike Bada, University of Colorado Anschutz Medical Campus" id="CL_basic_2014_02_21_Instance_23351" type="identity">
      <class id="CL:0000214" label="synovial cell"/>
      <span end="26009" id="15492776-2454" start="25997">synoviocytes</span>
    </annotation>
    <annotation annotator="Mike Bada, University of Colorado Anschutz Medical Campus" id="CL_basic_2014_02_21_Instance_15375" type="identity">
      <class id="CL:0000235" label="macrophage"/>
      <span end="26024" id="15492776-2444" start="26013">macrophages</span>
    </annotation>
    <annotation annotator="Mike Bada, University of Colorado Anschutz Medical Campus" id="CL_basic_2014_02_21_Instance_15379" type="identity">
      <class id="CL:0000775" label="neutrophil"/>
      <span end="26147" id="15492776-2446" start="26136">neutrophils</span>
    </annotation>
    <annotation annotator="Mike Bada, University of Colorado Anschutz Medical Campus" id="CL_basic_2014_02_21_Instance_40113" type="identity">
      <class id="CL:0000010" label="cultured cell"/>
      <span end="36278" id="15492776-2467" start="36265">culture cells</span>
    </annotation>
    <annotation annotator="Mike Bada, University of Colorado Anschutz Medical Campus" id="CL_basic_2014_02_21_Instance_15395" type="identity">
      <class id="CL:0000025" label="egg cell"/>
      <span end="43747" id="15492776-2448" start="43743">eggs</span>
    </annotation>
    <annotation annotator="Mike Bada, University of Colorado Anschutz Medical Campus" id="CL_basic_2014_02_21_Instance_23369" type="identity">
      <class id="CL:0000214" label="synovial cell"/>
      <span end="59788" id="15492776-2456" start="59774">synovial cells</span>
    </annotation>
    <graph-space id="Old Knowtator Relations"/>
  </document>
</knowtator-project>
