<?xml version="1.0" encoding="UTF-8" standalone="no"?>
<knowtator-project>
  <document id="15836427" text-file="15836427.txt">
    <annotation annotator="Mike Bada, University of Colorado Anschutz Medical Campus" id="CL_basic_2014_02_21_Instance_16465" type="identity">
      <class id="CL:0000540" label="neuron"/>
      <span end="53" id="15836427-3508" start="46">Neurons</span>
    </annotation>
    <annotation annotator="Mike Bada, University of Colorado Anschutz Medical Campus" id="CL_basic_2014_02_21_Instance_40622" type="identity">
      <class id="CL:1001451" label="sensory neuron of dorsal root ganglion"/>
      <span end="208" id="15836427-3796" start="188">dorsal root ganglion</span>
      <span end="222" id="15836427-3797" start="215">sensory</span>
      <span end="247" id="15836427-3798" start="240">neurons</span>
    </annotation>
    <annotation annotator="Mike Bada, University of Colorado Anschutz Medical Campus" id="CL_basic_2014_02_21_core+extensions+nested_backup_Instance_20577" type="identity">
      <class id="CL:1001451" label="sensory neuron of dorsal root ganglion"/>
      <span end="213" id="15836427-3501" start="210">DRG</span>
      <span end="222" id="15836427-3502" start="215">sensory</span>
      <span end="247" id="15836427-3503" start="240">neurons</span>
    </annotation>
    <annotation annotator="Mike Bada, University of Colorado Anschutz Medical Campus" id="CL_basic_2014_02_21_Instance_40631" type="identity">
      <class id="CL:0011001" label="spinal cord motor neuron"/>
      <span end="247" id="15836427-3800" start="227">spinal motor neurons</span>
    </annotation>
    <annotation annotator="Mike Bada, University of Colorado Anschutz Medical Campus" id="CL_basic_2014_02_21_Instance_23783" type="identity">
      <class id="CL:0000540" label="neuron"/>
      <span end="325" id="15836427-3682" start="317">neuronal</span>
    </annotation>
    <annotation annotator="Mike Bada, University of Colorado Anschutz Medical Campus" id="CL_basic_2014_02_21_Instance_16469" type="identity">
      <class id="CL:0000101" label="sensory neuron"/>
      <span end="491" id="15836427-3510" start="477">sensory neuron</span>
    </annotation>
    <annotation annotator="Mike Bada, University of Colorado Anschutz Medical Campus" id="CL_basic_2014_02_21_Instance_40638" type="identity">
      <class id="CL:1001451" label="sensory neuron of dorsal root ganglion"/>
      <span end="603" id="15836427-3802" start="584">DRG sensory neurons</span>
    </annotation>
    <annotation annotator="Mike Bada, University of Colorado Anschutz Medical Campus" id="CL_basic_2014_02_21_Instance_40643" type="identity">
      <class id="CL:1001451" label="sensory neuron of dorsal root ganglion"/>
      <span end="788" id="15836427-3804" start="769">DRG sensory neurons</span>
    </annotation>
    <annotation annotator="Mike Bada, University of Colorado Anschutz Medical Campus" id="CL_basic_2014_02_21_Instance_23785" type="identity">
      <class id="CL:0000540" label="neuron"/>
      <span end="941" id="15836427-3684" start="933">neuronal</span>
    </annotation>
    <annotation annotator="Mike Bada, University of Colorado Anschutz Medical Campus" id="CL_basic_2014_02_21_Instance_23787" type="identity">
      <class id="CL:0000540" label="neuron"/>
      <span end="977" id="15836427-3686" start="969">Neuronal</span>
    </annotation>
    <annotation annotator="Mike Bada, University of Colorado Anschutz Medical Campus" id="CL_basic_2014_02_21_Instance_16475" type="identity">
      <class id="CL:0000540" label="neuron"/>
      <span end="1054" id="15836427-3512" start="1047">neurons</span>
    </annotation>
    <annotation annotator="Mike Bada, University of Colorado Anschutz Medical Campus" id="CL_basic_2014_02_21_Instance_23791" type="identity">
      <class id="CL:0000540" label="neuron"/>
      <span end="1269" id="15836427-3688" start="1261">neuronal</span>
    </annotation>
    <annotation annotator="Mike Bada, University of Colorado Anschutz Medical Campus" id="CL_basic_2014_02_21_Instance_23793" type="identity">
      <class id="CL:0000540" label="neuron"/>
      <span end="1642" id="15836427-3690" start="1634">neuronal</span>
    </annotation>
    <annotation annotator="Mike Bada, University of Colorado Anschutz Medical Campus" id="CL_basic_2014_02_21_core+extensions+nested_backup_Instance_20603" type="identity">
      <class id="CL:1001451" label="sensory neuron of dorsal root ganglion"/>
      <span end="1746" id="15836427-3505" start="1728">sensory neurons of</span>
      <span end="1771" id="15836427-3506" start="1768">DRG</span>
    </annotation>
    <annotation annotator="Mike Bada, University of Colorado Anschutz Medical Campus" id="CL_basic_2014_02_21_Instance_40649" type="identity">
      <class id="CL:1001451" label="sensory neuron of dorsal root ganglion"/>
      <span end="1766" id="15836427-3806" start="1728">sensory neurons of dorsal root ganglia</span>
    </annotation>
    <annotation annotator="Mike Bada, University of Colorado Anschutz Medical Campus" id="CL_basic_2014_02_21_Instance_23795" type="identity">
      <class id="CL:0000540" label="neuron"/>
      <span end="1856" id="15836427-3692" start="1848">neuronal</span>
    </annotation>
    <annotation annotator="Mike Bada, University of Colorado Anschutz Medical Campus" id="CL_basic_2014_02_21_Instance_23797" type="identity">
      <class id="CL:0000540" label="neuron"/>
      <span end="1966" id="15836427-3694" start="1958">neuronal</span>
    </annotation>
    <annotation annotator="Mike Bada, University of Colorado Anschutz Medical Campus" id="CL_basic_2014_02_21_Instance_23799" type="identity">
      <class id="CL:0000540" label="neuron"/>
      <span end="2102" id="15836427-3696" start="2094">neuronal</span>
    </annotation>
    <annotation annotator="Mike Bada, University of Colorado Anschutz Medical Campus" id="CL_basic_2014_02_21_Instance_40657" type="identity">
      <class id="CL:0000198" label="pain receptor cell"/>
      <span end="2509" id="15836427-3808" start="2498">nociceptive</span>
      <span end="2521" id="15836427-3809" start="2514">neurons</span>
    </annotation>
    <annotation annotator="Mike Bada, University of Colorado Anschutz Medical Campus" id="CL_basic_2014_02_21_Instance_16487" type="identity">
      <class id="CL:0000540" label="neuron"/>
      <span end="2621" id="15836427-3514" start="2614">neurons</span>
    </annotation>
    <annotation annotator="Mike Bada, University of Colorado Anschutz Medical Campus" id="CL_basic_2014_02_21_Instance_16489" type="identity">
      <class id="CL:0000540" label="neuron"/>
      <span end="2679" id="15836427-3516" start="2672">neurons</span>
    </annotation>
    <annotation annotator="Mike Bada, University of Colorado Anschutz Medical Campus" id="CL_basic_2014_02_21_Instance_16493" type="identity">
      <class id="CL:0000110" label="peptidergic neuron"/>
      <span end="3010" id="15836427-3518" start="2991">peptidergic neurons</span>
    </annotation>
    <annotation annotator="Mike Bada, University of Colorado Anschutz Medical Campus" id="CL_basic_2014_02_21_Instance_40664" type="identity">
      <class id="CL:1001451" label="sensory neuron of dorsal root ganglion"/>
      <span end="3219" id="15836427-3811" start="3200">DRG sensory neurons</span>
    </annotation>
    <annotation annotator="Mike Bada, University of Colorado Anschutz Medical Campus" id="CL_basic_2014_02_21_Instance_16497" type="identity">
      <class id="CL:0000100" label="motor neuron"/>
      <span end="3236" id="15836427-3520" start="3224">motor neuron</span>
    </annotation>
    <annotation annotator="Mike Bada, University of Colorado Anschutz Medical Campus" id="CL_basic_2014_02_21_Instance_16499" type="identity">
      <class id="CL:0000540" label="neuron"/>
      <span end="3275" id="15836427-3522" start="3268">neurons</span>
    </annotation>
    <annotation annotator="Mike Bada, University of Colorado Anschutz Medical Campus" id="CL_basic_2014_02_21_Instance_40671" type="identity">
      <class id="CL:1001451" label="sensory neuron of dorsal root ganglion"/>
      <span end="3588" id="15836427-3813" start="3559">proprioceptive sensory neuron</span>
    </annotation>
    <annotation annotator="Mike Bada, University of Colorado Anschutz Medical Campus" id="CL_basic_2014_02_21_Instance_16503" type="identity">
      <class id="CL:0000100" label="motor neuron"/>
      <span end="3636" id="15836427-3524" start="3624">motor neuron</span>
    </annotation>
    <annotation annotator="Mike Bada, University of Colorado Anschutz Medical Campus" id="CL_basic_2014_02_21_Instance_16505" type="identity">
      <class id="CL:0000100" label="motor neuron"/>
      <span end="3943" id="15836427-3526" start="3930">motor neurons</span>
    </annotation>
    <annotation annotator="Mike Bada, University of Colorado Anschutz Medical Campus" id="CL_basic_2014_02_21_Instance_23801" type="identity">
      <class id="CL:0000540" label="neuron"/>
      <span end="4149" id="15836427-3698" start="4141">neuronal</span>
    </annotation>
    <annotation annotator="Mike Bada, University of Colorado Anschutz Medical Campus" id="CL_basic_2014_02_21_Instance_16507" type="identity">
      <class id="CL:0000540" label="neuron"/>
      <span end="4229" id="15836427-3528" start="4222">neurons</span>
    </annotation>
    <annotation annotator="Mike Bada, University of Colorado Anschutz Medical Campus" id="CL_basic_2014_02_21_Instance_16509" type="identity">
      <class id="CL:0000101" label="sensory neuron"/>
      <span end="4272" id="15836427-3530" start="4258">sensory neuron</span>
    </annotation>
    <annotation annotator="Mike Bada, University of Colorado Anschutz Medical Campus" id="CL_basic_2014_02_21_Instance_16511" type="identity">
      <class id="CL:0000101" label="sensory neuron"/>
      <span end="4496" id="15836427-3532" start="4482">sensory neuron</span>
    </annotation>
    <annotation annotator="Mike Bada, University of Colorado Anschutz Medical Campus" id="CL_basic_2014_02_21_Instance_40677" type="identity">
      <class id="CL:1001451" label="sensory neuron of dorsal root ganglion"/>
      <span end="4685" id="15836427-3815" start="4655">proprioceptive sensory neurons</span>
    </annotation>
    <annotation annotator="Mike Bada, University of Colorado Anschutz Medical Campus" id="CL_basic_2014_02_21_Instance_16515" type="identity">
      <class id="CL:0000540" label="neuron"/>
      <span end="4879" id="15836427-3534" start="4872">neurons</span>
    </annotation>
    <annotation annotator="Mike Bada, University of Colorado Anschutz Medical Campus" id="CL_basic_2014_02_21_Instance_16517" type="identity">
      <class id="CL:0000540" label="neuron"/>
      <span end="4908" id="15836427-3536" start="4902">neuron</span>
    </annotation>
    <annotation annotator="Mike Bada, University of Colorado Anschutz Medical Campus" id="CL_basic_2014_02_21_Instance_23803" type="identity">
      <class id="CL:0000540" label="neuron"/>
      <span end="5268" id="15836427-3700" start="5260">neuronal</span>
    </annotation>
    <annotation annotator="Mike Bada, University of Colorado Anschutz Medical Campus" id="CL_basic_2014_02_21_Instance_23805" type="identity">
      <class id="CL:0000540" label="neuron"/>
      <span end="5448" id="15836427-3702" start="5440">neuronal</span>
    </annotation>
    <annotation annotator="Mike Bada, University of Colorado Anschutz Medical Campus" id="CL_basic_2014_02_21_Instance_40684" type="identity">
      <class id="CL:1001451" label="sensory neuron of dorsal root ganglion"/>
      <span end="5517" id="15836427-3817" start="5491">proprioceptive DRG neurons</span>
    </annotation>
    <annotation annotator="Mike Bada, University of Colorado Anschutz Medical Campus" id="CL_basic_2014_02_21_Instance_16521" type="identity">
      <class id="CL:0000540" label="neuron"/>
      <span end="5682" id="15836427-3538" start="5675">neurons</span>
    </annotation>
    <annotation annotator="Mike Bada, University of Colorado Anschutz Medical Campus" id="CL_basic_2014_02_21_Instance_16523" type="identity">
      <class id="CL:0000101" label="sensory neuron"/>
      <span end="5959" id="15836427-3540" start="5935">afferent sensory neurons</span>
    </annotation>
    <annotation annotator="Mike Bada, University of Colorado Anschutz Medical Campus" id="CL_basic_2014_02_21_Instance_16525" type="identity">
      <class id="CL:0000101" label="sensory neuron"/>
      <span end="6132" id="15836427-3542" start="6118">sensory neuron</span>
    </annotation>
    <annotation annotator="Mike Bada, University of Colorado Anschutz Medical Campus" id="CL_basic_2014_02_21_Instance_16529" type="identity">
      <class id="CL:0000540" label="neuron"/>
      <span end="7526" id="15836427-3544" start="7519">neurons</span>
    </annotation>
    <annotation annotator="Mike Bada, University of Colorado Anschutz Medical Campus" id="CL_basic_2014_02_21_Instance_16531" type="identity">
      <class id="CL:0000540" label="neuron"/>
      <span end="7911" id="15836427-3546" start="7905">neuron</span>
    </annotation>
    <annotation annotator="Mike Bada, University of Colorado Anschutz Medical Campus" id="CL_basic_2014_02_21_Instance_23807" type="identity">
      <class id="CL:0000540" label="neuron"/>
      <span end="8073" id="15836427-3704" start="8065">neuronal</span>
    </annotation>
    <annotation annotator="Mike Bada, University of Colorado Anschutz Medical Campus" id="CL_basic_2014_02_21_Instance_40690" type="identity">
      <class id="CL:1001451" label="sensory neuron of dorsal root ganglion"/>
      <span end="8242" id="15836427-3819" start="8214">proprioceptive afferent cell</span>
    </annotation>
    <annotation annotator="Mike Bada, University of Colorado Anschutz Medical Campus" id="CL_basic_2014_02_21_Instance_16533" type="identity">
      <class id="CL:0000540" label="neuron"/>
      <span end="9030" id="15836427-3548" start="9023">neurons</span>
    </annotation>
    <annotation annotator="Mike Bada, University of Colorado Anschutz Medical Campus" id="CL_basic_2014_02_21_Instance_16535" type="identity">
      <class id="CL:0000100" label="motor neuron"/>
      <span end="9529" id="15836427-3550" start="9516">motor neurons</span>
    </annotation>
    <annotation annotator="Mike Bada, University of Colorado Anschutz Medical Campus" id="CL_basic_2014_02_21_Instance_16537" type="identity">
      <class id="CL:0000100" label="motor neuron"/>
      <span end="9647" id="15836427-3552" start="9634">motor neurons</span>
    </annotation>
    <annotation annotator="Mike Bada, University of Colorado Anschutz Medical Campus" id="CL_basic_2014_02_21_Instance_16539" type="identity">
      <class id="CL:0000100" label="motor neuron"/>
      <span end="9802" id="15836427-3554" start="9789">motor neurons</span>
    </annotation>
    <annotation annotator="Mike Bada, University of Colorado Anschutz Medical Campus" id="CL_basic_2014_02_21_Instance_16541" type="identity">
      <class id="CL:0000100" label="motor neuron"/>
      <span end="10157" id="15836427-3556" start="10144">motor neurons</span>
    </annotation>
    <annotation annotator="Mike Bada, University of Colorado Anschutz Medical Campus" id="CL_basic_2014_02_21_Instance_16543" type="identity">
      <class id="CL:0000540" label="neuron"/>
      <span end="10283" id="15836427-3558" start="10276">neurons</span>
    </annotation>
    <annotation annotator="Mike Bada, University of Colorado Anschutz Medical Campus" id="CL_basic_2014_02_21_Instance_16545" type="identity">
      <class id="CL:0000540" label="neuron"/>
      <span end="10334" id="15836427-3560" start="10327">Neurons</span>
    </annotation>
    <annotation annotator="Mike Bada, University of Colorado Anschutz Medical Campus" id="CL_basic_2014_02_21_Instance_16547" type="identity">
      <class id="CL:0000540" label="neuron"/>
      <span end="10513" id="15836427-3562" start="10506">neurons</span>
    </annotation>
    <annotation annotator="Mike Bada, University of Colorado Anschutz Medical Campus" id="CL_basic_2014_02_21_Instance_16549" type="identity">
      <class id="CL:0000540" label="neuron"/>
      <span end="10916" id="15836427-3564" start="10909">neurons</span>
    </annotation>
    <annotation annotator="Mike Bada, University of Colorado Anschutz Medical Campus" id="CL_basic_2014_02_21_Instance_16551" type="identity">
      <class id="CL:0000540" label="neuron"/>
      <span end="11113" id="15836427-3566" start="11106">neurons</span>
    </annotation>
    <annotation annotator="Mike Bada, University of Colorado Anschutz Medical Campus" id="CL_basic_2014_02_21_Instance_16553" type="identity">
      <class id="CL:0000540" label="neuron"/>
      <span end="11277" id="15836427-3568" start="11270">neurons</span>
    </annotation>
    <annotation annotator="Mike Bada, University of Colorado Anschutz Medical Campus" id="CL_basic_2014_02_21_Instance_40699" type="identity">
      <class id="CL:1001451" label="sensory neuron of dorsal root ganglion"/>
      <span end="11505" id="15836427-3821" start="11486">DRG sensory neurons</span>
    </annotation>
    <annotation annotator="Mike Bada, University of Colorado Anschutz Medical Campus" id="CL_basic_2014_02_21_Instance_16557" type="identity">
      <class id="CL:0000540" label="neuron"/>
      <span end="12908" id="15836427-3570" start="12901">neurons</span>
    </annotation>
    <annotation annotator="Mike Bada, University of Colorado Anschutz Medical Campus" id="CL_basic_2014_02_21_Instance_70419" type="identity">
      <class id="CL:0000187" label="muscle cell"/>
      <span end="13373" id="15836427-3847" start="13360">muscle fibers</span>
    </annotation>
    <annotation annotator="Mike Bada, University of Colorado Anschutz Medical Campus" id="CL_basic_2014_02_21_Instance_16559" type="identity">
      <class id="CL:0000540" label="neuron"/>
      <span end="13641" id="15836427-3572" start="13634">neurons</span>
    </annotation>
    <annotation annotator="Mike Bada, University of Colorado Anschutz Medical Campus" id="CL_basic_2014_02_21_Instance_23815" type="identity">
      <class id="CL:0000540" label="neuron"/>
      <span end="14150" id="15836427-3706" start="14142">neuronal</span>
    </annotation>
    <annotation annotator="Mike Bada, University of Colorado Anschutz Medical Campus" id="CL_basic_2014_02_21_Instance_16561" type="identity">
      <class id="CL:0000540" label="neuron"/>
      <span end="14205" id="15836427-3574" start="14198">neurons</span>
    </annotation>
    <annotation annotator="Mike Bada, University of Colorado Anschutz Medical Campus" id="CL_basic_2014_02_21_Instance_23817" type="identity">
      <class id="CL:0000540" label="neuron"/>
      <span end="14481" id="15836427-3708" start="14473">neuronal</span>
    </annotation>
    <annotation annotator="Mike Bada, University of Colorado Anschutz Medical Campus" id="CL_basic_2014_02_21_Instance_16563" type="identity">
      <class id="CL:0000540" label="neuron"/>
      <span end="14616" id="15836427-3576" start="14609">neurons</span>
    </annotation>
    <annotation annotator="Mike Bada, University of Colorado Anschutz Medical Campus" id="CL_basic_2014_02_21_Instance_23819" type="identity">
      <class id="CL:0000540" label="neuron"/>
      <span end="14717" id="15836427-3710" start="14709">neuronal</span>
    </annotation>
    <annotation annotator="Mike Bada, University of Colorado Anschutz Medical Campus" id="CL_basic_2014_02_21_Instance_16565" type="identity">
      <class id="CL:0000540" label="neuron"/>
      <span end="15095" id="15836427-3578" start="15088">neurons</span>
    </annotation>
    <annotation annotator="Mike Bada, University of Colorado Anschutz Medical Campus" id="CL_basic_2014_02_21_Instance_23821" type="identity">
      <class id="CL:0000540" label="neuron"/>
      <span end="15333" id="15836427-3712" start="15325">neuronal</span>
    </annotation>
    <annotation annotator="Mike Bada, University of Colorado Anschutz Medical Campus" id="CL_basic_2014_02_21_Instance_16567" type="identity">
      <class id="CL:0000540" label="neuron"/>
      <span end="15484" id="15836427-3580" start="15477">neurons</span>
    </annotation>
    <annotation annotator="Mike Bada, University of Colorado Anschutz Medical Campus" id="CL_basic_2014_02_21_Instance_40704" type="identity">
      <class id="CL:1001451" label="sensory neuron of dorsal root ganglion"/>
      <span end="15763" id="15836427-3823" start="15737">proprioceptive DRG neurons</span>
    </annotation>
    <annotation annotator="Mike Bada, University of Colorado Anschutz Medical Campus" id="CL_basic_2014_02_21_Instance_16571" type="identity">
      <class id="CL:0000540" label="neuron"/>
      <span end="16043" id="15836427-3582" start="16036">neurons</span>
    </annotation>
    <annotation annotator="Mike Bada, University of Colorado Anschutz Medical Campus" id="CL_basic_2014_02_21_Instance_16573" type="identity">
      <class id="CL:0000540" label="neuron"/>
      <span end="16279" id="15836427-3584" start="16272">neurons</span>
    </annotation>
    <annotation annotator="Mike Bada, University of Colorado Anschutz Medical Campus" id="CL_basic_2014_02_21_Instance_23823" type="identity">
      <class id="CL:0000540" label="neuron"/>
      <span end="16448" id="15836427-3714" start="16440">neuronal</span>
    </annotation>
    <annotation annotator="Mike Bada, University of Colorado Anschutz Medical Campus" id="CL_basic_2014_02_21_Instance_16575" type="identity">
      <class id="CL:0000540" label="neuron"/>
      <span end="16472" id="15836427-3586" start="16465">neurons</span>
    </annotation>
    <annotation annotator="Mike Bada, University of Colorado Anschutz Medical Campus" id="CL_basic_2014_02_21_Instance_23825" type="identity">
      <class id="CL:0000540" label="neuron"/>
      <span end="16595" id="15836427-3716" start="16587">neuronal</span>
    </annotation>
    <annotation annotator="Mike Bada, University of Colorado Anschutz Medical Campus" id="CL_basic_2014_02_21_Instance_16577" type="identity">
      <class id="CL:0000540" label="neuron"/>
      <span end="16736" id="15836427-3588" start="16729">neurons</span>
    </annotation>
    <annotation annotator="Mike Bada, University of Colorado Anschutz Medical Campus" id="CL_basic_2014_02_21_Instance_16579" type="identity">
      <class id="CL:0000540" label="neuron"/>
      <span end="16833" id="15836427-3590" start="16826">neurons</span>
    </annotation>
    <annotation annotator="Mike Bada, University of Colorado Anschutz Medical Campus" id="CL_basic_2014_02_21_Instance_16581" type="identity">
      <class id="CL:0000540" label="neuron"/>
      <span end="17019" id="15836427-3592" start="17012">neurons</span>
    </annotation>
    <annotation annotator="Mike Bada, University of Colorado Anschutz Medical Campus" id="CL_basic_2014_02_21_Instance_23917" type="identity">
      <class id="CL:0000540" label="neuron"/>
      <span end="17179" id="15836427-3788" start="17171">neuronal</span>
    </annotation>
    <annotation annotator="Mike Bada, University of Colorado Anschutz Medical Campus" id="CL_basic_2014_02_21_Instance_16583" type="identity">
      <class id="CL:0000540" label="neuron"/>
      <span end="17242" id="15836427-3594" start="17235">neurons</span>
    </annotation>
    <annotation annotator="Mike Bada, University of Colorado Anschutz Medical Campus" id="CL_basic_2014_02_21_Instance_16585" type="identity">
      <class id="CL:0000540" label="neuron"/>
      <span end="17396" id="15836427-3596" start="17389">neurons</span>
    </annotation>
    <annotation annotator="Mike Bada, University of Colorado Anschutz Medical Campus" id="CL_basic_2014_02_21_Instance_16587" type="identity">
      <class id="CL:0000540" label="neuron"/>
      <span end="17863" id="15836427-3598" start="17856">neurons</span>
    </annotation>
    <annotation annotator="Mike Bada, University of Colorado Anschutz Medical Campus" id="CL_basic_2014_02_21_Instance_16589" type="identity">
      <class id="CL:0000540" label="neuron"/>
      <span end="18048" id="15836427-3600" start="18041">neurons</span>
    </annotation>
    <annotation annotator="Mike Bada, University of Colorado Anschutz Medical Campus" id="CL_basic_2014_02_21_Instance_16593" type="identity">
      <class id="CL:0000540" label="neuron"/>
      <span end="18540" id="15836427-3602" start="18533">neurons</span>
    </annotation>
    <annotation annotator="Mike Bada, University of Colorado Anschutz Medical Campus" id="CL_basic_2014_02_21_Instance_16595" type="identity">
      <class id="CL:0000540" label="neuron"/>
      <span end="18770" id="15836427-3604" start="18763">neurons</span>
    </annotation>
    <annotation annotator="Mike Bada, University of Colorado Anschutz Medical Campus" id="CL_basic_2014_02_21_Instance_16601" type="identity">
      <class id="CL:0000540" label="neuron"/>
      <span end="19004" id="15836427-3606" start="18997">neurons</span>
    </annotation>
    <annotation annotator="Mike Bada, University of Colorado Anschutz Medical Campus" id="CL_basic_2014_02_21_Instance_23919" type="identity">
      <class id="CL:0000540" label="neuron"/>
      <span end="19310" id="15836427-3790" start="19302">neuronal</span>
    </annotation>
    <annotation annotator="Mike Bada, University of Colorado Anschutz Medical Campus" id="CL_basic_2014_02_21_Instance_23827" type="identity">
      <class id="CL:0000540" label="neuron"/>
      <span end="19569" id="15836427-3718" start="19561">neuronal</span>
    </annotation>
    <annotation annotator="Mike Bada, University of Colorado Anschutz Medical Campus" id="CL_basic_2014_02_21_Instance_23829" type="identity">
      <class id="CL:0000540" label="neuron"/>
      <span end="20009" id="15836427-3720" start="20001">neuronal</span>
    </annotation>
    <annotation annotator="Mike Bada, University of Colorado Anschutz Medical Campus" id="CL_basic_2014_02_21_Instance_16607" type="identity">
      <class id="CL:0000540" label="neuron"/>
      <span end="20033" id="15836427-3608" start="20026">neurons</span>
    </annotation>
    <annotation annotator="Mike Bada, University of Colorado Anschutz Medical Campus" id="CL_basic_2014_02_21_Instance_16609" type="identity">
      <class id="CL:0000540" label="neuron"/>
      <span end="20181" id="15836427-3610" start="20174">Neurons</span>
    </annotation>
    <annotation annotator="Mike Bada, University of Colorado Anschutz Medical Campus" id="CL_basic_2014_02_21_Instance_23831" type="identity">
      <class id="CL:0000540" label="neuron"/>
      <span end="20206" id="15836427-3722" start="20198">Neuronal</span>
    </annotation>
    <annotation annotator="Mike Bada, University of Colorado Anschutz Medical Campus" id="CL_basic_2014_02_21_Instance_23833" type="identity">
      <class id="CL:0000540" label="neuron"/>
      <span end="20261" id="15836427-3724" start="20253">neuronal</span>
    </annotation>
    <annotation annotator="Mike Bada, University of Colorado Anschutz Medical Campus" id="CL_basic_2014_02_21_Instance_40709" type="identity">
      <class id="CL:1001451" label="sensory neuron of dorsal root ganglion"/>
      <span end="20551" id="15836427-3825" start="20532">DRG sensory neurons</span>
    </annotation>
    <annotation annotator="Mike Bada, University of Colorado Anschutz Medical Campus" id="CL_basic_2014_02_21_Instance_16613" type="identity">
      <class id="CL:0000540" label="neuron"/>
      <span end="20946" id="15836427-3612" start="20939">neurons</span>
    </annotation>
    <annotation annotator="Mike Bada, University of Colorado Anschutz Medical Campus" id="CL_basic_2014_02_21_Instance_16615" type="identity">
      <class id="CL:0000540" label="neuron"/>
      <span end="21085" id="15836427-3614" start="21078">neurons</span>
    </annotation>
    <annotation annotator="Mike Bada, University of Colorado Anschutz Medical Campus" id="CL_basic_2014_02_21_Instance_16617" type="identity">
      <class id="CL:0000540" label="neuron"/>
      <span end="21208" id="15836427-3616" start="21201">neurons</span>
    </annotation>
    <annotation annotator="Mike Bada, University of Colorado Anschutz Medical Campus" id="CL_basic_2014_02_21_Instance_16619" type="identity">
      <class id="CL:0000540" label="neuron"/>
      <span end="21452" id="15836427-3618" start="21445">neurons</span>
    </annotation>
    <annotation annotator="Mike Bada, University of Colorado Anschutz Medical Campus" id="CL_basic_2014_02_21_Instance_16621" type="identity">
      <class id="CL:0000540" label="neuron"/>
      <span end="21607" id="15836427-3620" start="21600">neurons</span>
    </annotation>
    <annotation annotator="Mike Bada, University of Colorado Anschutz Medical Campus" id="CL_basic_2014_02_21_Instance_16623" type="identity">
      <class id="CL:0000540" label="neuron"/>
      <span end="21769" id="15836427-3622" start="21762">neurons</span>
    </annotation>
    <annotation annotator="Mike Bada, University of Colorado Anschutz Medical Campus" id="CL_basic_2014_02_21_Instance_16625" type="identity">
      <class id="CL:0000540" label="neuron"/>
      <span end="21865" id="15836427-3624" start="21858">neurons</span>
    </annotation>
    <annotation annotator="Mike Bada, University of Colorado Anschutz Medical Campus" id="CL_basic_2014_02_21_Instance_16627" type="identity">
      <class id="CL:0000540" label="neuron"/>
      <span end="22037" id="15836427-3626" start="22030">neurons</span>
    </annotation>
    <annotation annotator="Mike Bada, University of Colorado Anschutz Medical Campus" id="CL_basic_2014_02_21_Instance_16629" type="identity">
      <class id="CL:0000540" label="neuron"/>
      <span end="22189" id="15836427-3628" start="22182">neurons</span>
    </annotation>
    <annotation annotator="Mike Bada, University of Colorado Anschutz Medical Campus" id="CL_basic_2014_02_21_Instance_16631" type="identity">
      <class id="CL:0000540" label="neuron"/>
      <span end="22359" id="15836427-3630" start="22352">neurons</span>
    </annotation>
    <annotation annotator="Mike Bada, University of Colorado Anschutz Medical Campus" id="CL_basic_2014_02_21_Instance_16633" type="identity">
      <class id="CL:0000540" label="neuron"/>
      <span end="22408" id="15836427-3632" start="22401">neurons</span>
    </annotation>
    <annotation annotator="Mike Bada, University of Colorado Anschutz Medical Campus" id="CL_basic_2014_02_21_Instance_16635" type="identity">
      <class id="CL:0000540" label="neuron"/>
      <span end="22643" id="15836427-3634" start="22636">neurons</span>
    </annotation>
    <annotation annotator="Mike Bada, University of Colorado Anschutz Medical Campus" id="CL_basic_2014_02_21_Instance_16637" type="identity">
      <class id="CL:0000540" label="neuron"/>
      <span end="22933" id="15836427-3636" start="22926">neurons</span>
    </annotation>
    <annotation annotator="Mike Bada, University of Colorado Anschutz Medical Campus" id="CL_basic_2014_02_21_Instance_23841" type="identity">
      <class id="CL:0000540" label="neuron"/>
      <span end="23043" id="15836427-3726" start="23035">neuronal</span>
    </annotation>
    <annotation annotator="Mike Bada, University of Colorado Anschutz Medical Campus" id="CL_basic_2014_02_21_Instance_23843" type="identity">
      <class id="CL:0000540" label="neuron"/>
      <span end="23250" id="15836427-3728" start="23242">neuronal</span>
    </annotation>
    <annotation annotator="Mike Bada, University of Colorado Anschutz Medical Campus" id="CL_basic_2014_02_21_Instance_23845" type="identity">
      <class id="CL:0000540" label="neuron"/>
      <span end="23404" id="15836427-3730" start="23396">neuronal</span>
    </annotation>
    <annotation annotator="Mike Bada, University of Colorado Anschutz Medical Campus" id="CL_basic_2014_02_21_Instance_16639" type="identity">
      <class id="CL:0000540" label="neuron"/>
      <span end="23478" id="15836427-3638" start="23471">neurons</span>
    </annotation>
    <annotation annotator="Mike Bada, University of Colorado Anschutz Medical Campus" id="CL_basic_2014_02_21_Instance_16641" type="identity">
      <class id="CL:0000540" label="neuron"/>
      <span end="23942" id="15836427-3640" start="23935">neurons</span>
    </annotation>
    <annotation annotator="Mike Bada, University of Colorado Anschutz Medical Campus" id="CL_basic_2014_02_21_Instance_23921" type="identity">
      <class id="CL:0000540" label="neuron"/>
      <span end="24018" id="15836427-3792" start="24010">neuronal</span>
    </annotation>
    <annotation annotator="Mike Bada, University of Colorado Anschutz Medical Campus" id="CL_basic_2014_02_21_Instance_23847" type="identity">
      <class id="CL:0000540" label="neuron"/>
      <span end="24134" id="15836427-3732" start="24126">neuronal</span>
    </annotation>
    <annotation annotator="Mike Bada, University of Colorado Anschutz Medical Campus" id="CL_basic_2014_02_21_Instance_23849" type="identity">
      <class id="CL:0000540" label="neuron"/>
      <span end="24353" id="15836427-3734" start="24345">neuronal</span>
    </annotation>
    <annotation annotator="Mike Bada, University of Colorado Anschutz Medical Campus" id="CL_basic_2014_02_21_Instance_23851" type="identity">
      <class id="CL:0000540" label="neuron"/>
      <span end="24642" id="15836427-3736" start="24634">neuronal</span>
    </annotation>
    <annotation annotator="Mike Bada, University of Colorado Anschutz Medical Campus" id="CL_basic_2014_02_21_Instance_16643" type="identity">
      <class id="CL:0000540" label="neuron"/>
      <span end="25328" id="15836427-3642" start="25321">neurons</span>
    </annotation>
    <annotation annotator="Mike Bada, University of Colorado Anschutz Medical Campus" id="CL_basic_2014_02_21_Instance_40715" type="identity">
      <class id="CL:1001451" label="sensory neuron of dorsal root ganglion"/>
      <span end="25535" id="15836427-3827" start="25513">proprioceptive neurons</span>
    </annotation>
    <annotation annotator="Mike Bada, University of Colorado Anschutz Medical Campus" id="CL_basic_2014_02_21_Instance_23853" type="identity">
      <class id="CL:0000540" label="neuron"/>
      <span end="25688" id="15836427-3738" start="25680">neuronal</span>
    </annotation>
    <annotation annotator="Mike Bada, University of Colorado Anschutz Medical Campus" id="CL_basic_2014_02_21_Instance_40721" type="identity">
      <class id="CL:1001451" label="sensory neuron of dorsal root ganglion"/>
      <span end="25774" id="15836427-3829" start="25755">DRG sensory neurons</span>
    </annotation>
    <annotation annotator="Mike Bada, University of Colorado Anschutz Medical Campus" id="CL_basic_2014_02_21_Instance_16649" type="identity">
      <class id="CL:0000100" label="motor neuron"/>
      <span end="25809" id="15836427-3644" start="25797">motor neuron</span>
    </annotation>
    <annotation annotator="Mike Bada, University of Colorado Anschutz Medical Campus" id="CL_basic_2014_02_21_Instance_23855" type="identity">
      <class id="CL:0000540" label="neuron"/>
      <span end="25894" id="15836427-3740" start="25886">neuronal</span>
    </annotation>
    <annotation annotator="Mike Bada, University of Colorado Anschutz Medical Campus" id="CL_basic_2014_02_21_Instance_16651" type="identity">
      <class id="CL:0000540" label="neuron"/>
      <span end="25930" id="15836427-3646" start="25923">neurons</span>
    </annotation>
    <annotation annotator="Mike Bada, University of Colorado Anschutz Medical Campus" id="CL_basic_2014_02_21_Instance_16653" type="identity">
      <class id="CL:0000540" label="neuron"/>
      <span end="26109" id="15836427-3648" start="26102">neurons</span>
    </annotation>
    <annotation annotator="Mike Bada, University of Colorado Anschutz Medical Campus" id="CL_basic_2014_02_21_Instance_23857" type="identity">
      <class id="CL:0000540" label="neuron"/>
      <span end="26383" id="15836427-3742" start="26375">neuronal</span>
    </annotation>
    <annotation annotator="Mike Bada, University of Colorado Anschutz Medical Campus" id="CL_basic_2014_02_21_Instance_16655" type="identity">
      <class id="CL:0000540" label="neuron"/>
      <span end="26458" id="15836427-3650" start="26451">neurons</span>
    </annotation>
    <annotation annotator="Mike Bada, University of Colorado Anschutz Medical Campus" id="CL_basic_2014_02_21_Instance_23859" type="identity">
      <class id="CL:0000540" label="neuron"/>
      <span end="26627" id="15836427-3744" start="26619">neuronal</span>
    </annotation>
    <annotation annotator="Mike Bada, University of Colorado Anschutz Medical Campus" id="CL_basic_2014_02_21_Instance_23861" type="identity">
      <class id="CL:0000540" label="neuron"/>
      <span end="26815" id="15836427-3746" start="26807">neuronal</span>
    </annotation>
    <annotation annotator="Mike Bada, University of Colorado Anschutz Medical Campus" id="CL_basic_2014_02_21_Instance_16657" type="identity">
      <class id="CL:0000540" label="neuron"/>
      <span end="27968" id="15836427-3652" start="27961">neurons</span>
    </annotation>
    <annotation annotator="Mike Bada, University of Colorado Anschutz Medical Campus" id="CL_basic_2014_02_21_Instance_23865" type="identity">
      <class id="CL:0000540" label="neuron"/>
      <span end="28104" id="15836427-3748" start="28096">neuronal</span>
    </annotation>
    <annotation annotator="Mike Bada, University of Colorado Anschutz Medical Campus" id="CL_basic_2014_02_21_Instance_23867" type="identity">
      <class id="CL:0000540" label="neuron"/>
      <span end="28482" id="15836427-3750" start="28474">neuronal</span>
    </annotation>
    <annotation annotator="Mike Bada, University of Colorado Anschutz Medical Campus" id="CL_basic_2014_02_21_Instance_16661" type="identity">
      <class id="CL:0000031" label="neuroblast"/>
      <span end="28529" id="15836427-3654" start="28519">neuroblast</span>
    </annotation>
    <annotation annotator="Mike Bada, University of Colorado Anschutz Medical Campus" id="CL_basic_2014_02_21_Instance_16663" type="identity">
      <class id="CL:0000031" label="neuroblast"/>
      <span end="28645" id="15836427-3656" start="28634">neuroblasts</span>
    </annotation>
    <annotation annotator="Mike Bada, University of Colorado Anschutz Medical Campus" id="CL_basic_2014_02_21_Instance_16665" type="identity">
      <class id="CL:0000031" label="neuroblast"/>
      <span end="28683" id="15836427-3658" start="28672">neuroblasts</span>
    </annotation>
    <annotation annotator="Mike Bada, University of Colorado Anschutz Medical Campus" id="CL_basic_2014_02_21_Instance_23871" type="identity">
      <class id="CL:0000540" label="neuron"/>
      <span end="29343" id="15836427-3752" start="29335">neuronal</span>
    </annotation>
    <annotation annotator="Mike Bada, University of Colorado Anschutz Medical Campus" id="CL_basic_2014_02_21_Instance_16671" type="identity">
      <class id="CL:0000540" label="neuron"/>
      <span end="29406" id="15836427-3660" start="29399">neurons</span>
    </annotation>
    <annotation annotator="Mike Bada, University of Colorado Anschutz Medical Campus" id="CL_basic_2014_02_21_Instance_23875" type="identity">
      <class id="CL:0000540" label="neuron"/>
      <span end="29518" id="15836427-3754" start="29510">neuronal</span>
    </annotation>
    <annotation annotator="Mike Bada, University of Colorado Anschutz Medical Campus" id="CL_basic_2014_02_21_Instance_40725" type="identity">
      <class id="CL:0002322" label="embryonic stem cell"/>
      <span end="29930" id="15836427-3831" start="29922">ES cells</span>
    </annotation>
    <annotation annotator="Mike Bada, University of Colorado Anschutz Medical Campus" id="CL_basic_2014_02_21_Instance_40727" type="identity">
      <class id="CL:0002322" label="embryonic stem cell"/>
      <span end="30511" id="15836427-3833" start="30504">ES cell</span>
    </annotation>
    <annotation annotator="Mike Bada, University of Colorado Anschutz Medical Campus" id="CL_basic_2014_02_21_Instance_40729" type="identity">
      <class id="CL:0002322" label="embryonic stem cell"/>
      <span end="30674" id="15836427-3835" start="30666">ES cells</span>
    </annotation>
    <annotation annotator="Mike Bada, University of Colorado Anschutz Medical Campus" id="CL_basic_2014_02_21_Instance_40731" type="identity">
      <class id="CL:0002322" label="embryonic stem cell"/>
      <span end="31038" id="15836427-3837" start="31031">ES cell</span>
    </annotation>
    <annotation annotator="Mike Bada, University of Colorado Anschutz Medical Campus" id="CL_basic_2014_02_21_Instance_40733" type="identity">
      <class id="CL:0002322" label="embryonic stem cell"/>
      <span end="31238" id="15836427-3839" start="31230">ES cells</span>
    </annotation>
    <annotation annotator="Mike Bada, University of Colorado Anschutz Medical Campus" id="CL_basic_2014_02_21_Instance_23877" type="identity">
      <class id="CL:0000445" label="apoptosis fated cell"/>
      <span end="34329" id="15836427-3756" start="34314">apoptotic cells</span>
    </annotation>
    <annotation annotator="Mike Bada, University of Colorado Anschutz Medical Campus" id="CL_basic_2014_02_21_Instance_16689" type="identity">
      <class id="CL:0000101" label="sensory neuron"/>
      <span end="34710" id="15836427-3662" start="34695">sensory neurons</span>
    </annotation>
    <annotation annotator="Mike Bada, University of Colorado Anschutz Medical Campus" id="CL_basic_2014_02_21_Instance_16693" type="identity">
      <class id="CL:0000100" label="motor neuron"/>
      <span end="36951" id="15836427-3664" start="36938">motor neurons</span>
    </annotation>
    <annotation annotator="Mike Bada, University of Colorado Anschutz Medical Campus" id="CL_basic_2014_02_21_Instance_16697" type="identity">
      <class id="CL:0000540" label="neuron"/>
      <span end="37559" id="15836427-3666" start="37552">Neurons</span>
    </annotation>
    <annotation annotator="Mike Bada, University of Colorado Anschutz Medical Campus" id="CL_basic_2014_02_21_Instance_16699" type="identity">
      <class id="CL:0000100" label="motor neuron"/>
      <span end="38168" id="15836427-3668" start="38155">Motor Neurons</span>
    </annotation>
    <annotation annotator="Mike Bada, University of Colorado Anschutz Medical Campus" id="CL_basic_2014_02_21_Instance_16701" type="identity">
      <class id="CL:0000100" label="motor neuron"/>
      <span end="38324" id="15836427-3670" start="38311">motor neurons</span>
    </annotation>
    <annotation annotator="Mike Bada, University of Colorado Anschutz Medical Campus" id="CL_basic_2014_02_21_Instance_16705" type="identity">
      <class id="CL:0000540" label="neuron"/>
      <span end="38714" id="15836427-3672" start="38707">Neurons</span>
    </annotation>
    <annotation annotator="Mike Bada, University of Colorado Anschutz Medical Campus" id="CL_basic_2014_02_21_Instance_16707" type="identity">
      <class id="CL:0000540" label="neuron"/>
      <span end="39900" id="15836427-3674" start="39893">neurons</span>
    </annotation>
    <annotation annotator="Mike Bada, University of Colorado Anschutz Medical Campus" id="CL_basic_2014_02_21_Instance_16709" type="identity">
      <class id="CL:0000540" label="neuron"/>
      <span end="40110" id="15836427-3676" start="40103">neurons</span>
    </annotation>
    <annotation annotator="Mike Bada, University of Colorado Anschutz Medical Campus" id="CL_basic_2014_02_21_Instance_40735" type="identity">
      <class id="CL:0002322" label="embryonic stem cell"/>
      <span end="40799" id="15836427-3841" start="40791">ES cells</span>
    </annotation>
    <annotation annotator="Mike Bada, University of Colorado Anschutz Medical Campus" id="CL_basic_2014_02_21_Instance_16713" type="identity">
      <class id="CL:0000540" label="neuron"/>
      <span end="41061" id="15836427-3678" start="41054">neurons</span>
    </annotation>
    <annotation annotator="Mike Bada, University of Colorado Anschutz Medical Campus" id="CL_basic_2014_02_21_Instance_16715" type="identity">
      <class id="CL:0000540" label="neuron"/>
      <span end="41267" id="15836427-3680" start="41260">Neurons</span>
    </annotation>
    <annotation annotator="Mike Bada, University of Colorado Anschutz Medical Campus" id="CL_basic_2014_02_21_Instance_23879" type="identity">
      <class id="CL:0000540" label="neuron"/>
      <span end="43813" id="15836427-3758" start="43806">neurons</span>
    </annotation>
    <annotation annotator="Mike Bada, University of Colorado Anschutz Medical Campus" id="CL_basic_2014_02_21_Instance_23923" type="identity">
      <class id="CL:0000540" label="neuron"/>
      <span end="44692" id="15836427-3794" start="44685">neurons</span>
    </annotation>
    <annotation annotator="Mike Bada, University of Colorado Anschutz Medical Campus" id="CL_basic_2014_02_21_Instance_23881" type="identity">
      <class id="CL:0000100" label="motor neuron"/>
      <span end="45428" id="15836427-3760" start="45415">motor neurons</span>
    </annotation>
    <annotation annotator="Mike Bada, University of Colorado Anschutz Medical Campus" id="CL_basic_2014_02_21_Instance_23883" type="identity">
      <class id="CL:0000540" label="neuron"/>
      <span end="45630" id="15836427-3762" start="45623">Neurons</span>
    </annotation>
    <annotation annotator="Mike Bada, University of Colorado Anschutz Medical Campus" id="CL_basic_2014_02_21_Instance_70422" type="identity">
      <class id="CL:0000187" label="muscle cell"/>
      <span end="46548" id="15836427-3849" start="46535">muscle fibers</span>
    </annotation>
    <annotation annotator="Mike Bada, University of Colorado Anschutz Medical Campus" id="CL_basic_2014_02_21_Instance_23885" type="identity">
      <class id="CL:0000540" label="neuron"/>
      <span end="47270" id="15836427-3764" start="47263">Neurons</span>
    </annotation>
    <annotation annotator="Mike Bada, University of Colorado Anschutz Medical Campus" id="CL_basic_2014_02_21_Instance_23887" type="identity">
      <class id="CL:0000540" label="neuron"/>
      <span end="47665" id="15836427-3766" start="47658">Neurons</span>
    </annotation>
    <annotation annotator="Mike Bada, University of Colorado Anschutz Medical Campus" id="CL_basic_2014_02_21_Instance_23889" type="identity">
      <class id="CL:0000540" label="neuron"/>
      <span end="48182" id="15836427-3768" start="48175">Neurons</span>
    </annotation>
    <annotation annotator="Mike Bada, University of Colorado Anschutz Medical Campus" id="CL_basic_2014_02_21_Instance_23891" type="identity">
      <class id="CL:0000540" label="neuron"/>
      <span end="48563" id="15836427-3770" start="48550">neuronal cell</span>
    </annotation>
    <annotation annotator="Mike Bada, University of Colorado Anschutz Medical Campus" id="CL_basic_2014_02_21_Instance_23895" type="identity">
      <class id="CL:0000540" label="neuron"/>
      <span end="48952" id="15836427-3772" start="48944">neuronal</span>
    </annotation>
    <annotation annotator="Mike Bada, University of Colorado Anschutz Medical Campus" id="CL_basic_2014_02_21_Instance_23897" type="identity">
      <class id="CL:0000540" label="neuron"/>
      <span end="50120" id="15836427-3774" start="50113">neurons</span>
    </annotation>
    <annotation annotator="Mike Bada, University of Colorado Anschutz Medical Campus" id="CL_basic_2014_02_21_Instance_23903" type="identity">
      <class id="CL:0000540" label="neuron"/>
      <span end="51079" id="15836427-3776" start="51071">Neuronal</span>
    </annotation>
    <annotation annotator="Mike Bada, University of Colorado Anschutz Medical Campus" id="CL_basic_2014_02_21_Instance_23905" type="identity">
      <class id="CL:0000540" label="neuron"/>
      <span end="51347" id="15836427-3778" start="51340">neurons</span>
    </annotation>
    <annotation annotator="Mike Bada, University of Colorado Anschutz Medical Campus" id="CL_basic_2014_02_21_Instance_23907" type="identity">
      <class id="CL:0000540" label="neuron"/>
      <span end="51376" id="15836427-3780" start="51368">neuronal</span>
    </annotation>
    <annotation annotator="Mike Bada, University of Colorado Anschutz Medical Campus" id="CL_basic_2014_02_21_Instance_23909" type="identity">
      <class id="CL:0000540" label="neuron"/>
      <span end="51754" id="15836427-3782" start="51746">neuronal</span>
    </annotation>
    <annotation annotator="Mike Bada, University of Colorado Anschutz Medical Campus" id="CL_basic_2014_02_21_Instance_40738" type="identity">
      <class id="CL:1001451" label="sensory neuron of dorsal root ganglion"/>
      <span end="51987" id="15836427-3843" start="51957">proprioceptive sensory neurons</span>
    </annotation>
    <annotation annotator="Mike Bada, University of Colorado Anschutz Medical Campus" id="CL_basic_2014_02_21_Instance_23913" type="identity">
      <class id="CL:0000540" label="neuron"/>
      <span end="52014" id="15836427-3784" start="52006">neuronal</span>
    </annotation>
    <annotation annotator="Mike Bada, University of Colorado Anschutz Medical Campus" id="CL_basic_2014_02_21_Instance_23915" type="identity">
      <class id="CL:0000540" label="neuron"/>
      <span end="52210" id="15836427-3786" start="52202">neuronal</span>
    </annotation>
    <annotation annotator="Mike Bada, University of Colorado Anschutz Medical Campus" id="CL_basic_2014_02_21_Instance_40744" type="identity">
      <class id="CL:0000540" label="neuron"/>
      <span end="52539" id="15836427-3845" start="52532">neurons</span>
    </annotation>
    <graph-space id="Old Knowtator Relations"/>
  </document>
</knowtator-project>
