<?xml version="1.0" encoding="UTF-8" standalone="no"?>
<knowtator-project>
  <document id="15876356" text-file="15876356.txt">
    <annotation annotator="Mike Bada, University of Colorado Anschutz Medical Campus" id="CL_basic_2014_02_21_Instance_23969" type="identity">
      <class id="CL:0000019" label="sperm"/>
      <span end="2374" id="15876356-3864" start="2363">spermatozoa</span>
    </annotation>
    <annotation annotator="Mike Bada, University of Colorado Anschutz Medical Campus" id="CL_basic_2014_02_21_Instance_23971" type="identity">
      <class id="CL:0000025" label="egg cell"/>
      <span end="2383" id="15876356-3866" start="2380">egg</span>
    </annotation>
    <annotation annotator="Mike Bada, University of Colorado Anschutz Medical Campus" id="CL_basic_2014_02_21_Instance_40789" type="identity">
      <class id="CL:0001031" label="cerebellar granule cell"/>
      <span end="6461" id="15876356-3884" start="6437">cerebellar granule cells</span>
    </annotation>
    <annotation annotator="Mike Bada, University of Colorado Anschutz Medical Campus" id="CL_basic_2014_02_21_Instance_23981" type="identity">
      <class id="CL:0000540" label="neuron"/>
      <span end="6668" id="15876356-3868" start="6660">neuronal</span>
    </annotation>
    <annotation annotator="Mike Bada, University of Colorado Anschutz Medical Campus" id="CL_basic_2014_02_21_Instance_23983" type="identity">
      <class id="CL:0000540" label="neuron"/>
      <span end="6769" id="15876356-3870" start="6761">neuronal</span>
    </annotation>
    <annotation annotator="Mike Bada, University of Colorado Anschutz Medical Campus" id="CL_basic_2014_02_21_Instance_40796" type="identity">
      <class id="CL:0001031" label="cerebellar granule cell"/>
      <span end="7006" id="15876356-3886" start="6982">cerebellar granule cells</span>
    </annotation>
    <annotation annotator="Mike Bada, University of Colorado Anschutz Medical Campus" id="CL_basic_2014_02_21_Instance_16743" type="identity">
      <class id="CL:0000120" label="granule cell"/>
      <span end="7020" id="15876356-3854" start="7008">granule cell</span>
    </annotation>
    <annotation annotator="Mike Bada, University of Colorado Anschutz Medical Campus" id="CL_basic_2014_02_21_Instance_16745" type="identity">
      <class id="CL:0000121" label="Purkinje cell"/>
      <span end="7064" id="15876356-3856" start="7051">Purkinje cell</span>
    </annotation>
    <annotation annotator="Mike Bada, University of Colorado Anschutz Medical Campus" id="CL_basic_2014_02_21_Instance_23985" type="identity">
      <class id="CL:0000540" label="neuron"/>
      <span end="7246" id="15876356-3872" start="7233">neuronal cell</span>
    </annotation>
    <annotation annotator="Mike Bada, University of Colorado Anschutz Medical Campus" id="CL_basic_2014_02_21_Instance_40802" type="identity">
      <class id="CL:0002573" label="Schwann cell"/>
      <span end="7994" id="15876356-3888" start="7982">Schwann cell</span>
    </annotation>
    <annotation annotator="Mike Bada, University of Colorado Anschutz Medical Campus" id="CL_basic_2014_02_21_Instance_40808" type="identity">
      <class id="CL:0000218" label="myelinating Schwann cell"/>
      <span end="8105" id="15876356-3890" start="8080">myelinating Schwann cells</span>
    </annotation>
    <annotation annotator="Mike Bada, University of Colorado Anschutz Medical Campus" id="CL_basic_2014_02_21_Instance_40814" type="identity">
      <class id="CL:0002573" label="Schwann cell"/>
      <span end="8210" id="15876356-3892" start="8197">Schwann cells</span>
    </annotation>
    <annotation annotator="Mike Bada, University of Colorado Anschutz Medical Campus" id="CL_basic_2014_02_21_Instance_40820" type="identity">
      <class id="CL:0002573" label="Schwann cell"/>
      <span end="8593" id="15876356-3894" start="8581">Schwann cell</span>
    </annotation>
    <annotation annotator="Mike Bada, University of Colorado Anschutz Medical Campus" id="CL_basic_2014_02_21_Instance_40826" type="identity">
      <class id="CL:0002573" label="Schwann cell"/>
      <span end="8761" id="15876356-3896" start="8748">Schwann cells</span>
    </annotation>
    <annotation annotator="Mike Bada, University of Colorado Anschutz Medical Campus" id="CL_basic_2014_02_21_Instance_40835" type="identity">
      <class id="CL:0000001" label="primary cultured cell"/>
      <span end="10058" id="15876356-3900" start="10042">cultured primary</span>
      <span end="10072" id="15876356-3901" start="10067">cells</span>
    </annotation>
    <annotation annotator="Mike Bada, University of Colorado Anschutz Medical Campus" id="CL_basic_2014_02_21_Instance_40832" type="identity">
      <class id="CL:0002573" label="Schwann cell"/>
      <span end="10072" id="15876356-3898" start="10059">Schwann cells</span>
    </annotation>
    <annotation annotator="Mike Bada, University of Colorado Anschutz Medical Campus" id="CL_basic_2014_02_21_Instance_40843" type="identity">
      <class id="CL:0000010" label="cultured cell"/>
      <span end="10318" id="15876356-3905" start="10310">cultured</span>
      <span end="10332" id="15876356-3906" start="10327">cells</span>
    </annotation>
    <annotation annotator="Mike Bada, University of Colorado Anschutz Medical Campus" id="CL_basic_2014_02_21_Instance_40840" type="identity">
      <class id="CL:0002573" label="Schwann cell"/>
      <span end="10332" id="15876356-3903" start="10319">Schwann cells</span>
    </annotation>
    <annotation annotator="Mike Bada, University of Colorado Anschutz Medical Campus" id="CL_basic_2014_02_21_Instance_40848" type="identity">
      <class id="CL:0002573" label="Schwann cell"/>
      <span end="11488" id="15876356-3908" start="11476">Schwann-cell</span>
    </annotation>
    <annotation annotator="Mike Bada, University of Colorado Anschutz Medical Campus" id="CL_basic_2014_02_21_Instance_23991" type="identity">
      <class id="CL:0000540" label="neuron"/>
      <span end="12398" id="15876356-3874" start="12392">neuron</span>
    </annotation>
    <annotation annotator="Mike Bada, University of Colorado Anschutz Medical Campus" id="CL_basic_2014_02_21_Instance_23993" type="identity">
      <class id="CL:0000540" label="neuron"/>
      <span end="12474" id="15876356-3876" start="12466">neuronal</span>
    </annotation>
    <annotation annotator="Mike Bada, University of Colorado Anschutz Medical Campus" id="CL_basic_2014_02_21_Instance_24003" type="identity">
      <class id="CL:0000540" label="neuron"/>
      <span end="12698" id="15876356-3878" start="12690">neuronal</span>
    </annotation>
    <annotation annotator="Mike Bada, University of Colorado Anschutz Medical Campus" id="CL_basic_2014_02_21_Instance_24005" type="identity">
      <class id="CL:0000540" label="neuron"/>
      <span end="12897" id="15876356-3880" start="12889">neuronal</span>
    </annotation>
    <annotation annotator="Mike Bada, University of Colorado Anschutz Medical Campus" id="CL_basic_2014_02_21_Instance_40855" type="identity">
      <class id="CL:0002573" label="Schwann cell"/>
      <span end="14047" id="15876356-3910" start="14035">Schwann cell</span>
    </annotation>
    <annotation annotator="Mike Bada, University of Colorado Anschutz Medical Campus" id="CL_basic_2014_02_21_Instance_16763" type="identity">
      <class id="CL:0000218" label="myelinating Schwann cell"/>
      <span end="14134" id="15876356-3858" start="14105">pro-myelinating Schwann cells</span>
    </annotation>
    <annotation annotator="Mike Bada, University of Colorado Anschutz Medical Campus" id="CL_basic_2014_02_21_Instance_16765" type="identity">
      <class id="CL:0000218" label="myelinating Schwann cell"/>
      <span end="14253" id="15876356-3860" start="14225">pro-myelinating Schwann cell</span>
    </annotation>
    <annotation annotator="Mike Bada, University of Colorado Anschutz Medical Campus" id="CL_basic_2014_02_21_Instance_40863" type="identity">
      <class id="CL:0002573" label="Schwann cell"/>
      <span end="14359" id="15876356-3912" start="14347">Schwann cell</span>
    </annotation>
    <annotation annotator="Mike Bada, University of Colorado Anschutz Medical Campus" id="CL_basic_2014_02_21_Instance_40869" type="identity">
      <class id="CL:0002573" label="Schwann cell"/>
      <span end="14675" id="15876356-3914" start="14663">Schwann cell</span>
    </annotation>
    <annotation annotator="Mike Bada, University of Colorado Anschutz Medical Campus" id="CL_basic_2014_02_21_Instance_40875" type="identity">
      <class id="CL:0002573" label="Schwann cell"/>
      <span end="15082" id="15876356-3916" start="15070">Schwann cell</span>
    </annotation>
    <annotation annotator="Mike Bada, University of Colorado Anschutz Medical Campus" id="CL_basic_2014_02_21_Instance_40878" type="identity">
      <class id="CL:0002322" label="embryonic stem cell"/>
      <span end="16899" id="15876356-3918" start="16885">embryonic stem</span>
      <span end="16910" id="15876356-3919" start="16905">cells</span>
    </annotation>
    <annotation annotator="Mike Bada, University of Colorado Anschutz Medical Campus" id="CL_basic_2014_02_21_plus_nested_test_Instance_10037" type="identity">
      <class id="CL:0002322" label="embryonic stem cell"/>
      <span end="16903" id="15876356-3957" start="16901">ES</span>
      <span end="16910" id="15876356-3958" start="16905">cells</span>
    </annotation>
    <annotation annotator="Mike Bada, University of Colorado Anschutz Medical Campus" id="CL_basic_2014_02_21_plus_nested_test_Instance_10007" type="identity">
      <class id="CL:0002322" label="embryonic stem cell"/>
      <span end="17416" id="15876356-3955" start="17414">ES</span>
    </annotation>
    <annotation annotator="Mike Bada, University of Colorado Anschutz Medical Campus" id="CL_basic_2014_02_21_Instance_16773" type="identity">
      <class id="CL:0000025" label="egg cell"/>
      <span end="17468" id="15876356-3862" start="17464">eggs</span>
    </annotation>
    <annotation annotator="Mike Bada, University of Colorado Anschutz Medical Campus" id="CL_basic_2014_02_21_Instance_40889" type="identity">
      <class id="CL:0000001" label="primary cultured cell"/>
      <span end="19738" id="15876356-3923" start="19731">Primary</span>
      <span end="19751" id="15876356-3924" start="19747">cell</span>
    </annotation>
    <annotation annotator="Mike Bada, University of Colorado Anschutz Medical Campus" id="CL_basic_2014_02_21_Instance_40886" type="identity">
      <class id="CL:0002573" label="Schwann cell"/>
      <span end="19751" id="15876356-3921" start="19739">Schwann cell</span>
    </annotation>
    <annotation annotator="Mike Bada, University of Colorado Anschutz Medical Campus" id="CL_basic_2014_02_21_Instance_40897" type="identity">
      <class id="CL:0000001" label="primary cultured cell"/>
      <span end="19768" id="15876356-3928" start="19761">Primary</span>
      <span end="19782" id="15876356-3929" start="19777">cells</span>
    </annotation>
    <annotation annotator="Mike Bada, University of Colorado Anschutz Medical Campus" id="CL_basic_2014_02_21_Instance_40894" type="identity">
      <class id="CL:0002573" label="Schwann cell"/>
      <span end="19782" id="15876356-3926" start="19769">Schwann cells</span>
    </annotation>
    <annotation annotator="Mike Bada, University of Colorado Anschutz Medical Campus" id="CL_basic_2014_02_21_Instance_40905" type="identity">
      <class id="CL:0000010" label="cultured cell"/>
      <span end="20615" id="15876356-3933" start="20607">cultured</span>
      <span end="20629" id="15876356-3934" start="20624">cells</span>
    </annotation>
    <annotation annotator="Mike Bada, University of Colorado Anschutz Medical Campus" id="CL_basic_2014_02_21_Instance_40902" type="identity">
      <class id="CL:0002573" label="Schwann cell"/>
      <span end="20629" id="15876356-3931" start="20616">Schwann cells</span>
    </annotation>
    <annotation annotator="Mike Bada, University of Colorado Anschutz Medical Campus" id="CL_basic_2014_02_21_Instance_40913" type="identity">
      <class id="CL:0000010" label="cultured cell"/>
      <span end="20855" id="15876356-3938" start="20847">cultured</span>
      <span end="20869" id="15876356-3939" start="20864">cells</span>
    </annotation>
    <annotation annotator="Mike Bada, University of Colorado Anschutz Medical Campus" id="CL_basic_2014_02_21_Instance_40910" type="identity">
      <class id="CL:0002573" label="Schwann cell"/>
      <span end="20869" id="15876356-3936" start="20856">Schwann cells</span>
    </annotation>
    <annotation annotator="Mike Bada, University of Colorado Anschutz Medical Campus" id="CL_basic_2014_02_21_Instance_24011" type="identity">
      <class id="CL:0000540" label="neuron"/>
      <span end="25940" id="15876356-3882" start="25932">Neuronal</span>
    </annotation>
    <annotation annotator="Mike Bada, University of Colorado Anschutz Medical Campus" id="CL_basic_2014_02_21_Instance_40916" type="identity">
      <class id="CL:0002608" label="hippocampal neuron"/>
      <span end="26845" id="15876356-3941" start="26826">Hippocampal neurons</span>
    </annotation>
    <annotation annotator="Mike Bada, University of Colorado Anschutz Medical Campus" id="CL_basic_2014_02_21_Instance_40925" type="identity">
      <class id="CL:0002573" label="Schwann cell"/>
      <span end="27956" id="15876356-3943" start="27943">Schwann cells</span>
    </annotation>
    <annotation annotator="Mike Bada, University of Colorado Anschutz Medical Campus" id="CL_basic_2014_02_21_Instance_40934" type="identity">
      <class id="CL:0000010" label="cultured cell"/>
      <span end="28574" id="15876356-3947" start="28566">cultured</span>
      <span end="28588" id="15876356-3948" start="28583">cells</span>
    </annotation>
    <annotation annotator="Mike Bada, University of Colorado Anschutz Medical Campus" id="CL_basic_2014_02_21_Instance_40931" type="identity">
      <class id="CL:0002573" label="Schwann cell"/>
      <span end="28588" id="15876356-3945" start="28575">Schwann cells</span>
    </annotation>
    <annotation annotator="Mike Bada, University of Colorado Anschutz Medical Campus" id="CL_basic_2014_02_21_Instance_40942" type="identity">
      <class id="CL:0000010" label="cultured cell"/>
      <span end="29171" id="15876356-3952" start="29163">cultured</span>
      <span end="29185" id="15876356-3953" start="29180">cells</span>
    </annotation>
    <annotation annotator="Mike Bada, University of Colorado Anschutz Medical Campus" id="CL_basic_2014_02_21_Instance_40939" type="identity">
      <class id="CL:0002573" label="Schwann cell"/>
      <span end="29185" id="15876356-3950" start="29172">Schwann cells</span>
    </annotation>
    <graph-space id="Old Knowtator Relations"/>
  </document>
</knowtator-project>
