<?xml version="1.0" encoding="UTF-8" standalone="no"?>
<knowtator-project>
  <document id="15938754" text-file="15938754.txt">
    <annotation annotator="Mike Bada, University of Colorado Anschutz Medical Campus" id="CL_basic_2014_02_21_Instance_17191" type="identity">
      <class id="CL:0000209" label="taste receptor cell"/>
      <span end="396" id="15938754-4034" start="376">taste receptor cells</span>
    </annotation>
    <annotation annotator="Mike Bada, University of Colorado Anschutz Medical Campus" id="CL_basic_2014_02_21_Instance_17193" type="identity">
      <class id="CL:0000209" label="taste receptor cell"/>
      <span end="2314" id="15938754-4036" start="2294">taste receptor cells</span>
    </annotation>
    <annotation annotator="Mike Bada, University of Colorado Anschutz Medical Campus" id="CL_basic_2014_02_21_plus_nested_Instance_30443" type="identity">
      <class id="CL:0000209" label="taste receptor cell"/>
      <span end="2320" id="15938754-4050" start="2316">TRCs</span>
    </annotation>
    <annotation annotator="Mike Bada, University of Colorado Anschutz Medical Campus" id="CL_basic_2014_02_21_Instance_17195" type="identity">
      <class id="CL:0000209" label="taste receptor cell"/>
      <span end="4502" id="15938754-4038" start="4482">taste receptor cells</span>
    </annotation>
    <annotation annotator="Mike Bada, University of Colorado Anschutz Medical Campus" id="CL_basic_2014_02_21_Instance_17197" type="identity">
      <class id="CL:0000623" label="natural killer cell"/>
      <span end="11062" id="15938754-4040" start="11043">natural killer cell</span>
    </annotation>
    <annotation annotator="Mike Bada, University of Colorado Anschutz Medical Campus" id="CL_basic_2014_02_21_Instance_17199" type="identity">
      <class id="CL:0000209" label="taste receptor cell"/>
      <span end="11351" id="15938754-4042" start="11331">taste receptor cells</span>
    </annotation>
    <annotation annotator="Mike Bada, University of Colorado Anschutz Medical Campus" id="CL_basic_2014_02_21_Instance_17201" type="identity">
      <class id="CL:0000209" label="taste receptor cell"/>
      <span end="18078" id="15938754-4044" start="18058">taste receptor cells</span>
    </annotation>
    <annotation annotator="Mike Bada, University of Colorado Anschutz Medical Campus" id="CL_basic_2014_02_21_Instance_17203" type="identity">
      <class id="CL:0000209" label="taste receptor cell"/>
      <span end="19148" id="15938754-4046" start="19128">taste receptor cells</span>
    </annotation>
    <annotation annotator="Mike Bada, University of Colorado Anschutz Medical Campus" id="CL_basic_2014_02_21_Instance_17207" type="identity">
      <class id="CL:0000209" label="taste receptor cell"/>
      <span end="19635" id="15938754-4048" start="19615">taste receptor cells</span>
    </annotation>
    <annotation annotator="Mike Bada, University of Colorado Anschutz Medical Campus" id="CL_basic_2014_02_21_Instance_11431" type="identity">
      <class id="CL:0000209" label="taste receptor cell"/>
      <span end="24372" id="15938754-4032" start="24361">taste cells</span>
    </annotation>
    <graph-space id="Old Knowtator Relations"/>
  </document>
</knowtator-project>
