<?xml version="1.0" encoding="UTF-8" standalone="no"?>
<knowtator-project>
    <document id="16098226" text-file="16098226.txt">
        <annotation annotator="Mike Bada, University of Colorado Anschutz Medical Campus" id="CL_basic_2014_02_21_Instance_24231" type="identity">
            <class id="CL:0000540" label="neuron"/>
            <span end="1363" id="16098226-4065" start="1355">neuronal</span>
        </annotation>
        <annotation annotator="Mike Bada, University of Colorado Anschutz Medical Campus" id="CL_basic_2014_02_21_Instance_17345" type="identity">
            <class id="CL:0000540" label="neuron"/>
            <span end="2402" id="16098226-4053" start="2395">neurons</span>
        </annotation>
        <annotation annotator="Mike Bada, University of Colorado Anschutz Medical Campus" id="CL_basic_2014_02_21_Instance_24335" type="identity">
            <class id="CL:0000125" label="glial cell"/>
            <span end="2412" id="16098226-4075" start="2408">glia</span>
        </annotation>
        <annotation annotator="Mike Bada, University of Colorado Anschutz Medical Campus" id="CL_basic_2014_02_21_Instance_24233" type="identity">
            <class id="CL:0000540" label="neuron"/>
            <span end="2429" id="16098226-4067" start="2421">neuronal</span>
        </annotation>
        <annotation annotator="Mike Bada, University of Colorado Anschutz Medical Campus" id="CL_basic_2014_02_21_Instance_41187" type="identity">
            <class id="CL:0002319" label="neural cell"/>
            <span end="4195" id="16098226-4077" start="4184">neural cell</span>
        </annotation>
        <annotation annotator="Mike Bada, University of Colorado Anschutz Medical Campus" id="CL_basic_2014_02_21_Instance_24235" type="identity">
            <class id="CL:0000540" label="neuron"/>
            <span end="5005" id="16098226-4069" start="4997">neuronal</span>
        </annotation>
        <annotation annotator="Mike Bada, University of Colorado Anschutz Medical Campus" id="CL_basic_2014_02_21_Instance_24237" type="identity">
            <class id="CL:0000540" label="neuron"/>
            <span end="9505" id="16098226-4071" start="9497">neuronal</span>
        </annotation>
        <annotation annotator="Mike Bada, University of Colorado Anschutz Medical Campus" id="CL_basic_2014_02_21_Instance_17349" type="identity">
            <class id="CL:0000540" label="neuron"/>
            <span end="9715" id="16098226-4055" start="9708">neurons</span>
        </annotation>
        <annotation annotator="Mike Bada, University of Colorado Anschutz Medical Campus" id="CL_basic_2014_02_21_Instance_17351" type="identity">
            <class id="CL:0000540" label="neuron"/>
            <span end="18573" id="16098226-4057" start="18566">neurons</span>
        </annotation>
        <annotation annotator="Mike Bada, University of Colorado Anschutz Medical Campus" id="CL_basic_2014_02_21_Instance_17353" type="identity">
            <class id="CL:0000540" label="neuron"/>
            <span end="19336" id="16098226-4059" start="19329">neurons</span>
        </annotation>
        <annotation annotator="Mike Bada, University of Colorado Anschutz Medical Campus" id="CL_basic_2014_02_21_Instance_24239" type="identity">
            <class id="CL:0000540" label="neuron"/>
            <span end="19500" id="16098226-4073" start="19492">neuronal</span>
        </annotation>
        <annotation annotator="Mike Bada, University of Colorado Anschutz Medical Campus" id="CL_basic_2014_02_21_Instance_17355" type="identity">
            <class id="CL:0000540" label="neuron"/>
            <span end="21494" id="16098226-4061" start="21486">neurones</span>
        </annotation>
        <annotation annotator="Mike Bada, University of Colorado Anschutz Medical Campus" id="CL_basic_2014_02_21_Instance_17357" type="identity">
            <class id="CL:0000540" label="neuron"/>
            <span end="24950" id="16098226-4063" start="24943">neurons</span>
        </annotation>
        <graph-space id="Old Knowtator Relations"/>
    </document>
</knowtator-project>
