<?xml version="1.0" encoding="UTF-8" standalone="no"?>
<knowtator-project>
  <document id="16110338" text-file="16110338.txt">
    <annotation annotator="Mike Bada, University of Colorado Anschutz Medical Campus" id="CL_basic_2014_02_21_Instance_24431" type="identity">
      <class id="CL:0000210" label="photoreceptor cell"/>
      <span end="22" id="16110338-4286" start="9">Photoreceptor</span>
    </annotation>
    <annotation annotator="Mike Bada, University of Colorado Anschutz Medical Campus" id="CL_basic_2014_02_21_Instance_24459" type="identity">
      <class id="CL:0000604" label="retinal rod cell"/>
      <span end="42" id="16110338-4314" start="39">Rod</span>
    </annotation>
    <annotation annotator="Mike Bada, University of Colorado Anschutz Medical Campus" id="CL_basic_2014_02_21_Instance_24681" type="identity">
      <class id="CL:0000573" label="retinal cone cell"/>
      <span end="51" id="16110338-4536" start="47">Cone</span>
    </annotation>
    <annotation annotator="Mike Bada, University of Colorado Anschutz Medical Campus" id="CL_basic_2014_02_21_Instance_24155" type="identity">
      <class id="CL:0000573" label="retinal cone cell"/>
      <span end="93" id="16110338-4190" start="89">Cone</span>
    </annotation>
    <annotation annotator="Mike Bada, University of Colorado Anschutz Medical Campus" id="CL_basic_2014_02_21_Instance_23953" type="identity">
      <class id="CL:0000604" label="retinal rod cell"/>
      <span end="117" id="16110338-4185" start="114">Rod</span>
      <span end="141" id="16110338-4186" start="127">photoreceptors</span>
    </annotation>
    <annotation annotator="Mike Bada, University of Colorado Anschutz Medical Campus" id="CL_basic_2014_02_21_Instance_23955" type="identity">
      <class id="CL:0000573" label="retinal cone cell"/>
      <span end="141" id="16110338-4188" start="122">cone photoreceptors</span>
    </annotation>
    <annotation annotator="Mike Bada, University of Colorado Anschutz Medical Campus" id="CL_basic_2014_02_21_Instance_17379" type="identity">
      <class id="CL:0000210" label="photoreceptor cell"/>
      <span end="410" id="16110338-4157" start="391">photoreceptor cells</span>
    </annotation>
    <annotation annotator="Mike Bada, University of Colorado Anschutz Medical Campus" id="CL_basic_2014_02_21_Instance_24337" type="identity">
      <class id="CL:0000573" label="retinal cone cell"/>
      <span end="498" id="16110338-4192" start="494">cone</span>
    </annotation>
    <annotation annotator="Mike Bada, University of Colorado Anschutz Medical Campus" id="CL_basic_2014_02_21_Instance_24339" type="identity">
      <class id="CL:0000573" label="retinal cone cell"/>
      <span end="859" id="16110338-4194" start="854">cones</span>
    </annotation>
    <annotation annotator="Mike Bada, University of Colorado Anschutz Medical Campus" id="CL_basic_2014_02_21_Instance_26285" type="identity">
      <class id="CL:0000287" label="eye photoreceptor cell"/>
      <span end="907" id="16110338-4772" start="893">photoreceptors</span>
    </annotation>
    <annotation annotator="Mike Bada, University of Colorado Anschutz Medical Campus" id="CL_basic_2014_02_21_Instance_24341" type="identity">
      <class id="CL:0000604" label="retinal rod cell"/>
      <span end="994" id="16110338-4196" start="991">rod</span>
    </annotation>
    <annotation annotator="Mike Bada, University of Colorado Anschutz Medical Campus" id="CL_basic_2014_02_21_Instance_24343" type="identity">
      <class id="CL:0000573" label="retinal cone cell"/>
      <span end="1004" id="16110338-4198" start="1000">cone</span>
    </annotation>
    <annotation annotator="Mike Bada, University of Colorado Anschutz Medical Campus" id="CL_basic_2014_02_21_Instance_24345" type="identity">
      <class id="CL:0000573" label="retinal cone cell"/>
      <span end="1162" id="16110338-4200" start="1158">cone</span>
    </annotation>
    <annotation annotator="Mike Bada, University of Colorado Anschutz Medical Campus" id="CL_basic_2014_02_21_Instance_24347" type="identity">
      <class id="CL:0000573" label="retinal cone cell"/>
      <span end="1179" id="16110338-4202" start="1175">cone</span>
    </annotation>
    <annotation annotator="Mike Bada, University of Colorado Anschutz Medical Campus" id="CL_basic_2014_02_21_Instance_17385" type="identity">
      <class id="CL:0000210" label="photoreceptor cell"/>
      <span end="1525" id="16110338-4159" start="1507">photoreceptor cell</span>
    </annotation>
    <annotation annotator="Mike Bada, University of Colorado Anschutz Medical Campus" id="CL_basic_2014_02_21_Instance_24349" type="identity">
      <class id="CL:0000573" label="retinal cone cell"/>
      <span end="1615" id="16110338-4204" start="1611">cone</span>
    </annotation>
    <annotation annotator="Mike Bada, University of Colorado Anschutz Medical Campus" id="CL_basic_2014_02_21_Instance_24351" type="identity">
      <class id="CL:0000604" label="retinal rod cell"/>
      <span end="1691" id="16110338-4206" start="1687">rods</span>
    </annotation>
    <annotation annotator="Mike Bada, University of Colorado Anschutz Medical Campus" id="CL_basic_2014_02_21_Instance_24353" type="identity">
      <class id="CL:0000573" label="retinal cone cell"/>
      <span end="1701" id="16110338-4208" start="1696">cones</span>
    </annotation>
    <annotation annotator="Mike Bada, University of Colorado Anschutz Medical Campus" id="CL_basic_2014_02_21_Instance_24355" type="identity">
      <class id="CL:0000210" label="photoreceptor cell"/>
      <span end="1917" id="16110338-4210" start="1903">Photoreceptors</span>
    </annotation>
    <annotation annotator="Mike Bada, University of Colorado Anschutz Medical Campus" id="CL_basic_2014_02_21_Instance_24357" type="identity">
      <class id="CL:0000210" label="photoreceptor cell"/>
      <span end="2072" id="16110338-4212" start="2058">photoreceptors</span>
    </annotation>
    <annotation annotator="Mike Bada, University of Colorado Anschutz Medical Campus" id="CL_basic_2014_02_21_Instance_24359" type="identity">
      <class id="CL:0000604" label="retinal rod cell"/>
      <span end="2078" id="16110338-4214" start="2074">rods</span>
    </annotation>
    <annotation annotator="Mike Bada, University of Colorado Anschutz Medical Campus" id="CL_basic_2014_02_21_Instance_24361" type="identity">
      <class id="CL:0000573" label="retinal cone cell"/>
      <span end="2088" id="16110338-4216" start="2083">cones</span>
    </annotation>
    <annotation annotator="Mike Bada, University of Colorado Anschutz Medical Campus" id="CL_basic_2014_02_21_Instance_24363" type="identity">
      <class id="CL:0000604" label="retinal rod cell"/>
      <span end="2094" id="16110338-4218" start="2090">Rods</span>
    </annotation>
    <annotation annotator="Mike Bada, University of Colorado Anschutz Medical Campus" id="CL_basic_2014_02_21_Instance_24365" type="identity">
      <class id="CL:0000573" label="retinal cone cell"/>
      <span end="2142" id="16110338-4220" start="2137">cones</span>
    </annotation>
    <annotation annotator="Mike Bada, University of Colorado Anschutz Medical Campus" id="CL_basic_2014_02_21_Instance_24367" type="identity">
      <class id="CL:0000210" label="photoreceptor cell"/>
      <span end="2227" id="16110338-4222" start="2213">photoreceptors</span>
    </annotation>
    <annotation annotator="Mike Bada, University of Colorado Anschutz Medical Campus" id="CL_basic_2014_02_21_Instance_23759" type="identity">
      <class id="CL:0000210" label="photoreceptor cell"/>
      <span end="2286" id="16110338-4183" start="2272">photoreceptors</span>
    </annotation>
    <annotation annotator="Mike Bada, University of Colorado Anschutz Medical Campus" id="CL_basic_2014_02_21_Instance_24369" type="identity">
      <class id="CL:0000573" label="retinal cone cell"/>
      <span end="2388" id="16110338-4224" start="2384">cone</span>
    </annotation>
    <annotation annotator="Mike Bada, University of Colorado Anschutz Medical Campus" id="CL_basic_2014_02_21_Instance_24371" type="identity">
      <class id="CL:0000210" label="photoreceptor cell"/>
      <span end="2450" id="16110338-4226" start="2436">photoreceptors</span>
    </annotation>
    <annotation annotator="Mike Bada, University of Colorado Anschutz Medical Campus" id="CL_basic_2014_02_21_Instance_24461" type="identity">
      <class id="CL:0000604" label="retinal rod cell"/>
      <span end="2519" id="16110338-4316" start="2515">rods</span>
    </annotation>
    <annotation annotator="Mike Bada, University of Colorado Anschutz Medical Campus" id="CL_basic_2014_02_21_Instance_24683" type="identity">
      <class id="CL:0000573" label="retinal cone cell"/>
      <span end="2529" id="16110338-4538" start="2524">cones</span>
    </annotation>
    <annotation annotator="Mike Bada, University of Colorado Anschutz Medical Campus" id="CL_basic_2014_02_21_Instance_24373" type="identity">
      <class id="CL:0000210" label="photoreceptor cell"/>
      <span end="2596" id="16110338-4228" start="2582">photoreceptors</span>
    </annotation>
    <annotation annotator="Mike Bada, University of Colorado Anschutz Medical Campus" id="CL_basic_2014_02_21_Instance_24463" type="identity">
      <class id="CL:0000604" label="retinal rod cell"/>
      <span end="2880" id="16110338-4318" start="2876">rods</span>
    </annotation>
    <annotation annotator="Mike Bada, University of Colorado Anschutz Medical Campus" id="CL_basic_2014_02_21_Instance_24685" type="identity">
      <class id="CL:0000573" label="retinal cone cell"/>
      <span end="2890" id="16110338-4540" start="2885">cones</span>
    </annotation>
    <annotation annotator="Mike Bada, University of Colorado Anschutz Medical Campus" id="CL_basic_2014_02_21_Instance_24687" type="identity">
      <class id="CL:0000573" label="retinal cone cell"/>
      <span end="3049" id="16110338-4542" start="3045">cone</span>
    </annotation>
    <annotation annotator="Mike Bada, University of Colorado Anschutz Medical Campus" id="CL_basic_2014_02_21_Instance_24375" type="identity">
      <class id="CL:0000210" label="photoreceptor cell"/>
      <span end="3105" id="16110338-4230" start="3091">photoreceptors</span>
    </annotation>
    <annotation annotator="Mike Bada, University of Colorado Anschutz Medical Campus" id="CL_basic_2014_02_21_Instance_24465" type="identity">
      <class id="CL:0000604" label="retinal rod cell"/>
      <span end="3154" id="16110338-4320" start="3151">rod</span>
    </annotation>
    <annotation annotator="Mike Bada, University of Colorado Anschutz Medical Campus" id="CL_basic_2014_02_21_Instance_24377" type="identity">
      <class id="CL:0000210" label="photoreceptor cell"/>
      <span end="3478" id="16110338-4232" start="3465">photoreceptor</span>
    </annotation>
    <annotation annotator="Mike Bada, University of Colorado Anschutz Medical Campus" id="CL_basic_2014_02_21_Instance_24467" type="identity">
      <class id="CL:0000604" label="retinal rod cell"/>
      <span end="3536" id="16110338-4322" start="3532">rods</span>
    </annotation>
    <annotation annotator="Mike Bada, University of Colorado Anschutz Medical Campus" id="CL_basic_2014_02_21_Instance_24469" type="identity">
      <class id="CL:0000604" label="retinal rod cell"/>
      <span end="3825" id="16110338-4324" start="3808">rod photoreceptor</span>
    </annotation>
    <annotation annotator="Mike Bada, University of Colorado Anschutz Medical Campus" id="CL_basic_2014_02_21_core+extensions+nested_backup_Instance_20941" type="identity">
      <class id="CL:0000495" label="blue sensitive photoreceptor cell"/>
      <span end="3988" id="16110338-4154" start="3984">blue</span>
      <span end="4010" id="16110338-4155" start="3996">photoreceptors</span>
    </annotation>
    <annotation annotator="Mike Bada, University of Colorado Anschutz Medical Campus" id="CL_basic_2014_02_21_Instance_24911" type="identity">
      <class id="CL:0000573" label="retinal cone cell"/>
      <span end="4010" id="16110338-4766" start="3991">cone photoreceptors</span>
    </annotation>
    <annotation annotator="Mike Bada, University of Colorado Anschutz Medical Campus" id="CL_basic_2014_02_21_Instance_24689" type="identity">
      <class id="CL:0000573" label="retinal cone cell"/>
      <span end="4019" id="16110338-4544" start="4014">cones</span>
    </annotation>
    <annotation annotator="Mike Bada, University of Colorado Anschutz Medical Campus" id="CL_basic_2014_02_21_Instance_24691" type="identity">
      <class id="CL:0000573" label="retinal cone cell"/>
      <span end="4245" id="16110338-4546" start="4241">cone</span>
    </annotation>
    <annotation annotator="Mike Bada, University of Colorado Anschutz Medical Campus" id="CL_basic_2014_02_21_Instance_24693" type="identity">
      <class id="CL:0000573" label="retinal cone cell"/>
      <span end="4312" id="16110338-4548" start="4307">cones</span>
    </annotation>
    <annotation annotator="Mike Bada, University of Colorado Anschutz Medical Campus" id="CL_basic_2014_02_21_Instance_17393" type="identity">
      <class id="CL:0000210" label="photoreceptor cell"/>
      <span end="4657" id="16110338-4161" start="4644">photoreceptor</span>
    </annotation>
    <annotation annotator="Mike Bada, University of Colorado Anschutz Medical Campus" id="CL_basic_2014_02_21_Instance_24695" type="identity">
      <class id="CL:0000573" label="retinal cone cell"/>
      <span end="5400" id="16110338-4550" start="5396">cone</span>
    </annotation>
    <annotation annotator="Mike Bada, University of Colorado Anschutz Medical Campus" id="CL_basic_2014_02_21_Instance_24379" type="identity">
      <class id="CL:0000210" label="photoreceptor cell"/>
      <span end="5571" id="16110338-4234" start="5557">photoreceptors</span>
    </annotation>
    <annotation annotator="Mike Bada, University of Colorado Anschutz Medical Campus" id="CL_basic_2014_02_21_Instance_24697" type="identity">
      <class id="CL:0000573" label="retinal cone cell"/>
      <span end="5750" id="16110338-4552" start="5746">cone</span>
    </annotation>
    <annotation annotator="Mike Bada, University of Colorado Anschutz Medical Campus" id="CL_basic_2014_02_21_Instance_24471" type="identity">
      <class id="CL:0000604" label="retinal rod cell"/>
      <span end="5796" id="16110338-4326" start="5773">rod photoreceptor cells</span>
    </annotation>
    <annotation annotator="Mike Bada, University of Colorado Anschutz Medical Campus" id="CL_basic_2014_02_21_Instance_24473" type="identity">
      <class id="CL:0000604" label="retinal rod cell"/>
      <span end="5868" id="16110338-4328" start="5865">rod</span>
    </annotation>
    <annotation annotator="Mike Bada, University of Colorado Anschutz Medical Campus" id="CL_basic_2014_02_21_Instance_24699" type="identity">
      <class id="CL:0000573" label="retinal cone cell"/>
      <span end="5877" id="16110338-4554" start="5873">cone</span>
    </annotation>
    <annotation annotator="Mike Bada, University of Colorado Anschutz Medical Campus" id="CL_basic_2014_02_21_Instance_24475" type="identity">
      <class id="CL:0000604" label="retinal rod cell"/>
      <span end="5980" id="16110338-4330" start="5976">rods</span>
    </annotation>
    <annotation annotator="Mike Bada, University of Colorado Anschutz Medical Campus" id="CL_basic_2014_02_21_Instance_24701" type="identity">
      <class id="CL:0000573" label="retinal cone cell"/>
      <span end="5990" id="16110338-4556" start="5985">cones</span>
    </annotation>
    <annotation annotator="Mike Bada, University of Colorado Anschutz Medical Campus" id="CL_basic_2014_02_21_Instance_24703" type="identity">
      <class id="CL:0000573" label="retinal cone cell"/>
      <span end="6034" id="16110338-4558" start="6030">Cone</span>
    </annotation>
    <annotation annotator="Mike Bada, University of Colorado Anschutz Medical Campus" id="CL_basic_2014_02_21_Instance_24705" type="identity">
      <class id="CL:0000573" label="retinal cone cell"/>
      <span end="6722" id="16110338-4560" start="6718">cone</span>
    </annotation>
    <annotation annotator="Mike Bada, University of Colorado Anschutz Medical Campus" id="CL_basic_2014_02_21_Instance_24707" type="identity">
      <class id="CL:0000573" label="retinal cone cell"/>
      <span end="6740" id="16110338-4562" start="6736">cone</span>
    </annotation>
    <annotation annotator="Mike Bada, University of Colorado Anschutz Medical Campus" id="CL_basic_2014_02_21_Instance_24709" type="identity">
      <class id="CL:0000573" label="retinal cone cell"/>
      <span end="6847" id="16110338-4564" start="6843">cone</span>
    </annotation>
    <annotation annotator="Mike Bada, University of Colorado Anschutz Medical Campus" id="CL_basic_2014_02_21_Instance_24711" type="identity">
      <class id="CL:0000573" label="retinal cone cell"/>
      <span end="6864" id="16110338-4566" start="6860">cone</span>
    </annotation>
    <annotation annotator="Mike Bada, University of Colorado Anschutz Medical Campus" id="CL_basic_2014_02_21_Instance_24713" type="identity">
      <class id="CL:0000573" label="retinal cone cell"/>
      <span end="7139" id="16110338-4568" start="7135">cone</span>
    </annotation>
    <annotation annotator="Mike Bada, University of Colorado Anschutz Medical Campus" id="CL_basic_2014_02_21_Instance_24715" type="identity">
      <class id="CL:0000573" label="retinal cone cell"/>
      <span end="8129" id="16110338-4570" start="8125">Cone</span>
    </annotation>
    <annotation annotator="Mike Bada, University of Colorado Anschutz Medical Campus" id="CL_basic_2014_02_21_Instance_24717" type="identity">
      <class id="CL:0000573" label="retinal cone cell"/>
      <span end="8269" id="16110338-4572" start="8265">cone</span>
    </annotation>
    <annotation annotator="Mike Bada, University of Colorado Anschutz Medical Campus" id="CL_basic_2014_02_21_Instance_24719" type="identity">
      <class id="CL:0000573" label="retinal cone cell"/>
      <span end="8412" id="16110338-4574" start="8408">cone</span>
    </annotation>
    <annotation annotator="Mike Bada, University of Colorado Anschutz Medical Campus" id="CL_basic_2014_02_21_Instance_24721" type="identity">
      <class id="CL:0000573" label="retinal cone cell"/>
      <span end="8582" id="16110338-4576" start="8578">cone</span>
    </annotation>
    <annotation annotator="Mike Bada, University of Colorado Anschutz Medical Campus" id="CL_basic_2014_02_21_Instance_24381" type="identity">
      <class id="CL:0000210" label="photoreceptor cell"/>
      <span end="8753" id="16110338-4236" start="8739">photoreceptors</span>
    </annotation>
    <annotation annotator="Mike Bada, University of Colorado Anschutz Medical Campus" id="CL_basic_2014_02_21_Instance_24723" type="identity">
      <class id="CL:0000573" label="retinal cone cell"/>
      <span end="8983" id="16110338-4578" start="8979">cone</span>
    </annotation>
    <annotation annotator="Mike Bada, University of Colorado Anschutz Medical Campus" id="CL_basic_2014_02_21_Instance_24725" type="identity">
      <class id="CL:0000573" label="retinal cone cell"/>
      <span end="9116" id="16110338-4580" start="9112">cone</span>
    </annotation>
    <annotation annotator="Mike Bada, University of Colorado Anschutz Medical Campus" id="CL_basic_2014_02_21_Instance_24727" type="identity">
      <class id="CL:0000573" label="retinal cone cell"/>
      <span end="9642" id="16110338-4582" start="9637">cones</span>
    </annotation>
    <annotation annotator="Mike Bada, University of Colorado Anschutz Medical Campus" id="CL_basic_2014_02_21_Instance_24729" type="identity">
      <class id="CL:0000573" label="retinal cone cell"/>
      <span end="9909" id="16110338-4584" start="9905">cone</span>
    </annotation>
    <annotation annotator="Mike Bada, University of Colorado Anschutz Medical Campus" id="CL_basic_2014_02_21_Instance_41235" type="identity">
      <class id="CL:0009004" label="retinal cell"/>
      <span end="10033" id="16110338-4774" start="10020">retinal cells</span>
    </annotation>
    <annotation annotator="Mike Bada, University of Colorado Anschutz Medical Campus" id="CL_basic_2014_02_21_Instance_24731" type="identity">
      <class id="CL:0000573" label="retinal cone cell"/>
      <span end="10586" id="16110338-4586" start="10581">cones</span>
    </annotation>
    <annotation annotator="Mike Bada, University of Colorado Anschutz Medical Campus" id="CL_basic_2014_02_21_Instance_41237" type="identity">
      <class id="CL:0009004" label="retinal cell"/>
      <span end="10633" id="16110338-4776" start="10620">retinal cells</span>
    </annotation>
    <annotation annotator="Mike Bada, University of Colorado Anschutz Medical Campus" id="CL_basic_2014_02_21_Instance_24733" type="identity">
      <class id="CL:0000573" label="retinal cone cell"/>
      <span end="10686" id="16110338-4588" start="10681">cones</span>
    </annotation>
    <annotation annotator="Mike Bada, University of Colorado Anschutz Medical Campus" id="CL_basic_2014_02_21_Instance_41239" type="identity">
      <class id="CL:0009004" label="retinal cell"/>
      <span end="10873" id="16110338-4778" start="10860">retinal cells</span>
    </annotation>
    <annotation annotator="Mike Bada, University of Colorado Anschutz Medical Campus" id="CL_basic_2014_02_21_Instance_24383" type="identity">
      <class id="CL:0000210" label="photoreceptor cell"/>
      <span end="10966" id="16110338-4238" start="10952">photoreceptors</span>
    </annotation>
    <annotation annotator="Mike Bada, University of Colorado Anschutz Medical Campus" id="CL_basic_2014_02_21_Instance_24477" type="identity">
      <class id="CL:0000604" label="retinal rod cell"/>
      <span end="11149" id="16110338-4332" start="11146">rod</span>
    </annotation>
    <annotation annotator="Mike Bada, University of Colorado Anschutz Medical Campus" id="CL_basic_2014_02_21_Instance_24385" type="identity">
      <class id="CL:0000210" label="photoreceptor cell"/>
      <span end="11340" id="16110338-4240" start="11327">photoreceptor</span>
    </annotation>
    <annotation annotator="Mike Bada, University of Colorado Anschutz Medical Campus" id="CL_basic_2014_02_21_Instance_24735" type="identity">
      <class id="CL:0000573" label="retinal cone cell"/>
      <span end="11493" id="16110338-4590" start="11488">cones</span>
    </annotation>
    <annotation annotator="Mike Bada, University of Colorado Anschutz Medical Campus" id="CL_basic_2014_02_21_Instance_24737" type="identity">
      <class id="CL:0000573" label="retinal cone cell"/>
      <span end="11506" id="16110338-4592" start="11502">Cone</span>
    </annotation>
    <annotation annotator="Mike Bada, University of Colorado Anschutz Medical Campus" id="CL_basic_2014_02_21_Instance_24739" type="identity">
      <class id="CL:0000573" label="retinal cone cell"/>
      <span end="11583" id="16110338-4594" start="11579">cone</span>
    </annotation>
    <annotation annotator="Mike Bada, University of Colorado Anschutz Medical Campus" id="CL_basic_2014_02_21_Instance_24741" type="identity">
      <class id="CL:0000573" label="retinal cone cell"/>
      <span end="11731" id="16110338-4596" start="11727">cone</span>
    </annotation>
    <annotation annotator="Mike Bada, University of Colorado Anschutz Medical Campus" id="CL_basic_2014_02_21_Instance_24743" type="identity">
      <class id="CL:0000573" label="retinal cone cell"/>
      <span end="11919" id="16110338-4598" start="11915">cone</span>
    </annotation>
    <annotation annotator="Mike Bada, University of Colorado Anschutz Medical Campus" id="CL_basic_2014_02_21_Instance_24745" type="identity">
      <class id="CL:0000573" label="retinal cone cell"/>
      <span end="11936" id="16110338-4600" start="11932">cone</span>
    </annotation>
    <annotation annotator="Mike Bada, University of Colorado Anschutz Medical Campus" id="CL_basic_2014_02_21_Instance_24747" type="identity">
      <class id="CL:0000573" label="retinal cone cell"/>
      <span end="12211" id="16110338-4602" start="12207">cone</span>
    </annotation>
    <annotation annotator="Mike Bada, University of Colorado Anschutz Medical Campus" id="CL_basic_2014_02_21_Instance_24749" type="identity">
      <class id="CL:0000573" label="retinal cone cell"/>
      <span end="12335" id="16110338-4604" start="12331">cone</span>
    </annotation>
    <annotation annotator="Mike Bada, University of Colorado Anschutz Medical Campus" id="CL_basic_2014_02_21_Instance_24387" type="identity">
      <class id="CL:0000210" label="photoreceptor cell"/>
      <span end="12423" id="16110338-4242" start="12410">photoreceptor</span>
    </annotation>
    <annotation annotator="Mike Bada, University of Colorado Anschutz Medical Campus" id="CL_basic_2014_02_21_Instance_24479" type="identity">
      <class id="CL:0000604" label="retinal rod cell"/>
      <span end="12717" id="16110338-4334" start="12714">rod</span>
    </annotation>
    <annotation annotator="Mike Bada, University of Colorado Anschutz Medical Campus" id="CL_basic_2014_02_21_Instance_24751" type="identity">
      <class id="CL:0000573" label="retinal cone cell"/>
      <span end="12831" id="16110338-4606" start="12827">cone</span>
    </annotation>
    <annotation annotator="Mike Bada, University of Colorado Anschutz Medical Campus" id="CL_basic_2014_02_21_Instance_24753" type="identity">
      <class id="CL:0000573" label="retinal cone cell"/>
      <span end="12894" id="16110338-4608" start="12889">cones</span>
    </annotation>
    <annotation annotator="Mike Bada, University of Colorado Anschutz Medical Campus" id="CL_basic_2014_02_21_Instance_24755" type="identity">
      <class id="CL:0000573" label="retinal cone cell"/>
      <span end="13090" id="16110338-4610" start="13086">cone</span>
    </annotation>
    <annotation annotator="Mike Bada, University of Colorado Anschutz Medical Campus" id="CL_basic_2014_02_21_Instance_24757" type="identity">
      <class id="CL:0000573" label="retinal cone cell"/>
      <span end="13299" id="16110338-4612" start="13295">cone</span>
    </annotation>
    <annotation annotator="Mike Bada, University of Colorado Anschutz Medical Campus" id="CL_basic_2014_02_21_Instance_24759" type="identity">
      <class id="CL:0000573" label="retinal cone cell"/>
      <span end="13441" id="16110338-4614" start="13436">cones</span>
    </annotation>
    <annotation annotator="Mike Bada, University of Colorado Anschutz Medical Campus" id="CL_basic_2014_02_21_Instance_24481" type="identity">
      <class id="CL:0000604" label="retinal rod cell"/>
      <span end="13454" id="16110338-4336" start="13450">rods</span>
    </annotation>
    <annotation annotator="Mike Bada, University of Colorado Anschutz Medical Campus" id="CL_basic_2014_02_21_Instance_24761" type="identity">
      <class id="CL:0000573" label="retinal cone cell"/>
      <span end="13545" id="16110338-4616" start="13541">cone</span>
    </annotation>
    <annotation annotator="Mike Bada, University of Colorado Anschutz Medical Campus" id="CL_basic_2014_02_21_Instance_24763" type="identity">
      <class id="CL:0000573" label="retinal cone cell"/>
      <span end="13617" id="16110338-4618" start="13613">cone</span>
    </annotation>
    <annotation annotator="Mike Bada, University of Colorado Anschutz Medical Campus" id="CL_basic_2014_02_21_Instance_24765" type="identity">
      <class id="CL:0000573" label="retinal cone cell"/>
      <span end="13711" id="16110338-4620" start="13707">cone</span>
    </annotation>
    <annotation annotator="Mike Bada, University of Colorado Anschutz Medical Campus" id="CL_basic_2014_02_21_Instance_24767" type="identity">
      <class id="CL:0000573" label="retinal cone cell"/>
      <span end="13853" id="16110338-4622" start="13849">cone</span>
    </annotation>
    <annotation annotator="Mike Bada, University of Colorado Anschutz Medical Campus" id="CL_basic_2014_02_21_Instance_24769" type="identity">
      <class id="CL:0000573" label="retinal cone cell"/>
      <span end="14245" id="16110338-4624" start="14241">cone</span>
    </annotation>
    <annotation annotator="Mike Bada, University of Colorado Anschutz Medical Campus" id="CL_basic_2014_02_21_Instance_24771" type="identity">
      <class id="CL:0000573" label="retinal cone cell"/>
      <span end="14602" id="16110338-4626" start="14598">cone</span>
    </annotation>
    <annotation annotator="Mike Bada, University of Colorado Anschutz Medical Campus" id="CL_basic_2014_02_21_Instance_24389" type="identity">
      <class id="CL:0000210" label="photoreceptor cell"/>
      <span end="14742" id="16110338-4244" start="14729">photoreceptor</span>
    </annotation>
    <annotation annotator="Mike Bada, University of Colorado Anschutz Medical Campus" id="CL_basic_2014_02_21_Instance_24773" type="identity">
      <class id="CL:0000573" label="retinal cone cell"/>
      <span end="15003" id="16110338-4628" start="14999">cone</span>
    </annotation>
    <annotation annotator="Mike Bada, University of Colorado Anschutz Medical Campus" id="CL_basic_2014_02_21_Instance_24775" type="identity">
      <class id="CL:0000573" label="retinal cone cell"/>
      <span end="15084" id="16110338-4630" start="15080">cone</span>
    </annotation>
    <annotation annotator="Mike Bada, University of Colorado Anschutz Medical Campus" id="CL_basic_2014_02_21_Instance_24391" type="identity">
      <class id="CL:0000210" label="photoreceptor cell"/>
      <span end="15150" id="16110338-4246" start="15137">photoreceptor</span>
    </annotation>
    <annotation annotator="Mike Bada, University of Colorado Anschutz Medical Campus" id="CL_basic_2014_02_21_Instance_24393" type="identity">
      <class id="CL:0000210" label="photoreceptor cell"/>
      <span end="15470" id="16110338-4248" start="15457">photoreceptor</span>
    </annotation>
    <annotation annotator="Mike Bada, University of Colorado Anschutz Medical Campus" id="CL_basic_2014_02_21_Instance_24395" type="identity">
      <class id="CL:0000210" label="photoreceptor cell"/>
      <span end="15719" id="16110338-4250" start="15706">photoreceptor</span>
    </annotation>
    <annotation annotator="Mike Bada, University of Colorado Anschutz Medical Campus" id="CL_basic_2014_02_21_Instance_24777" type="identity">
      <class id="CL:0000573" label="retinal cone cell"/>
      <span end="15793" id="16110338-4632" start="15789">cone</span>
    </annotation>
    <annotation annotator="Mike Bada, University of Colorado Anschutz Medical Campus" id="CL_basic_2014_02_21_Instance_24779" type="identity">
      <class id="CL:0000573" label="retinal cone cell"/>
      <span end="15949" id="16110338-4634" start="15945">cone</span>
    </annotation>
    <annotation annotator="Mike Bada, University of Colorado Anschutz Medical Campus" id="CL_basic_2014_02_21_Instance_24913" type="identity">
      <class id="CL:0000573" label="retinal cone cell"/>
      <span end="17213" id="16110338-4768" start="17194">cone photoreceptors</span>
    </annotation>
    <annotation annotator="Mike Bada, University of Colorado Anschutz Medical Campus" id="CL_basic_2014_02_21_Instance_17461" type="identity">
      <class id="CL:0000306" label="crystallin accumulating cell"/>
      <span end="17465" id="16110338-4163" start="17461">cone</span>
    </annotation>
    <annotation annotator="Mike Bada, University of Colorado Anschutz Medical Campus" id="CL_basic_2014_02_21_Instance_24483" type="identity">
      <class id="CL:0000604" label="retinal rod cell"/>
      <span end="17514" id="16110338-4338" start="17511">Rod</span>
    </annotation>
    <annotation annotator="Mike Bada, University of Colorado Anschutz Medical Campus" id="CL_basic_2014_02_21_Instance_24787" type="identity">
      <class id="CL:0000573" label="retinal cone cell"/>
      <span end="17608" id="16110338-4642" start="17604">cone</span>
    </annotation>
    <annotation annotator="Mike Bada, University of Colorado Anschutz Medical Campus" id="CL_basic_2014_02_21_Instance_24485" type="identity">
      <class id="CL:0000604" label="retinal rod cell"/>
      <span end="17629" id="16110338-4340" start="17626">rod</span>
    </annotation>
    <annotation annotator="Mike Bada, University of Colorado Anschutz Medical Campus" id="CL_basic_2014_02_21_Instance_24487" type="identity">
      <class id="CL:0000604" label="retinal rod cell"/>
      <span end="17758" id="16110338-4342" start="17755">rod</span>
    </annotation>
    <annotation annotator="Mike Bada, University of Colorado Anschutz Medical Campus" id="CL_basic_2014_02_21_Instance_24489" type="identity">
      <class id="CL:0000604" label="retinal rod cell"/>
      <span end="17916" id="16110338-4344" start="17913">rod</span>
    </annotation>
    <annotation annotator="Mike Bada, University of Colorado Anschutz Medical Campus" id="CL_basic_2014_02_21_Instance_24491" type="identity">
      <class id="CL:0000604" label="retinal rod cell"/>
      <span end="17999" id="16110338-4346" start="17996">rod</span>
    </annotation>
    <annotation annotator="Mike Bada, University of Colorado Anschutz Medical Campus" id="CL_basic_2014_02_21_Instance_24397" type="identity">
      <class id="CL:0000210" label="photoreceptor cell"/>
      <span end="18030" id="16110338-4252" start="18017">photoreceptor</span>
    </annotation>
    <annotation annotator="Mike Bada, University of Colorado Anschutz Medical Campus" id="CL_basic_2014_02_21_Instance_24493" type="identity">
      <class id="CL:0000604" label="retinal rod cell"/>
      <span end="18242" id="16110338-4348" start="18239">rod</span>
    </annotation>
    <annotation annotator="Mike Bada, University of Colorado Anschutz Medical Campus" id="CL_basic_2014_02_21_Instance_24495" type="identity">
      <class id="CL:0000604" label="retinal rod cell"/>
      <span end="18633" id="16110338-4350" start="18630">rod</span>
    </annotation>
    <annotation annotator="Mike Bada, University of Colorado Anschutz Medical Campus" id="CL_basic_2014_02_21_Instance_24497" type="identity">
      <class id="CL:0000604" label="retinal rod cell"/>
      <span end="19003" id="16110338-4352" start="19000">rod</span>
    </annotation>
    <annotation annotator="Mike Bada, University of Colorado Anschutz Medical Campus" id="CL_basic_2014_02_21_Instance_24789" type="identity">
      <class id="CL:0000573" label="retinal cone cell"/>
      <span end="19018" id="16110338-4644" start="19014">cone</span>
    </annotation>
    <annotation annotator="Mike Bada, University of Colorado Anschutz Medical Campus" id="CL_basic_2014_02_21_Instance_24399" type="identity">
      <class id="CL:0000210" label="photoreceptor cell"/>
      <span end="19083" id="16110338-4254" start="19069">photoreceptors</span>
    </annotation>
    <annotation annotator="Mike Bada, University of Colorado Anschutz Medical Campus" id="CL_basic_2014_02_21_Instance_70435" type="identity">
      <class id="CL:0011107" label="Muller cell"/>
      <span end="19160" id="16110338-4793" start="19148">Müller Glial</span>
    </annotation>
    <annotation annotator="Mike Bada, University of Colorado Anschutz Medical Campus" id="CL_basic_2014_02_21_Instance_24401" type="identity">
      <class id="CL:0000210" label="photoreceptor cell"/>
      <span end="19218" id="16110338-4256" start="19205">photoreceptor</span>
    </annotation>
    <annotation annotator="Mike Bada, University of Colorado Anschutz Medical Campus" id="CL_basic_2014_02_21_Instance_24499" type="identity">
      <class id="CL:0000604" label="retinal rod cell"/>
      <span end="19394" id="16110338-4354" start="19391">rod</span>
    </annotation>
    <annotation annotator="Mike Bada, University of Colorado Anschutz Medical Campus" id="CL_basic_2014_02_21_Instance_24501" type="identity">
      <class id="CL:0000604" label="retinal rod cell"/>
      <span end="19486" id="16110338-4356" start="19483">rod</span>
    </annotation>
    <annotation annotator="Mike Bada, University of Colorado Anschutz Medical Campus" id="CL_basic_2014_02_21_Instance_24791" type="identity">
      <class id="CL:0000573" label="retinal cone cell"/>
      <span end="19533" id="16110338-4646" start="19529">cone</span>
    </annotation>
    <annotation annotator="Mike Bada, University of Colorado Anschutz Medical Campus" id="CL_basic_2014_02_21_Instance_24503" type="identity">
      <class id="CL:0000604" label="retinal rod cell"/>
      <span end="19556" id="16110338-4358" start="19552">rods</span>
    </annotation>
    <annotation annotator="Mike Bada, University of Colorado Anschutz Medical Campus" id="CL_basic_2014_02_21_Instance_24505" type="identity">
      <class id="CL:0000604" label="retinal rod cell"/>
      <span end="19714" id="16110338-4360" start="19710">rods</span>
    </annotation>
    <annotation annotator="Mike Bada, University of Colorado Anschutz Medical Campus" id="CL_basic_2014_02_21_Instance_24793" type="identity">
      <class id="CL:0000573" label="retinal cone cell"/>
      <span end="19724" id="16110338-4648" start="19719">cones</span>
    </annotation>
    <annotation annotator="Mike Bada, University of Colorado Anschutz Medical Campus" id="CL_basic_2014_02_21_Instance_24507" type="identity">
      <class id="CL:0000604" label="retinal rod cell"/>
      <span end="19779" id="16110338-4362" start="19776">rod</span>
    </annotation>
    <annotation annotator="Mike Bada, University of Colorado Anschutz Medical Campus" id="CL_basic_2014_02_21_Instance_24795" type="identity">
      <class id="CL:0000573" label="retinal cone cell"/>
      <span end="19789" id="16110338-4650" start="19785">cone</span>
    </annotation>
    <annotation annotator="Mike Bada, University of Colorado Anschutz Medical Campus" id="CL_basic_2014_02_21_Instance_70443" type="identity">
      <class id="CL:0011107" label="Muller cell"/>
      <span end="21055" id="16110338-4795" start="21044">Müller glia</span>
    </annotation>
    <annotation annotator="Mike Bada, University of Colorado Anschutz Medical Campus" id="CL_basic_2014_02_21_Instance_17465" type="identity">
      <class id="CL:0000125" label="glial cell"/>
      <span end="21081" id="16110338-4165" start="21071">glial cell</span>
    </annotation>
    <annotation annotator="Mike Bada, University of Colorado Anschutz Medical Campus" id="CL_basic_2014_02_21_Instance_70446" type="identity">
      <class id="CL:0011107" label="Muller cell"/>
      <span end="21225" id="16110338-4797" start="21214">Müller glia</span>
    </annotation>
    <annotation annotator="Mike Bada, University of Colorado Anschutz Medical Campus" id="CL_basic_2014_02_21_Instance_24403" type="identity">
      <class id="CL:0000210" label="photoreceptor cell"/>
      <span end="21287" id="16110338-4258" start="21273">Photoreceptors</span>
    </annotation>
    <annotation annotator="Mike Bada, University of Colorado Anschutz Medical Campus" id="CL_basic_2014_02_21_Instance_17469" type="identity">
      <class id="CL:0000210" label="photoreceptor cell"/>
      <span end="21472" id="16110338-4167" start="21459">photoreceptor</span>
    </annotation>
    <annotation annotator="Mike Bada, University of Colorado Anschutz Medical Campus" id="CL_basic_2014_02_21_Instance_24509" type="identity">
      <class id="CL:0000604" label="retinal rod cell"/>
      <span end="21655" id="16110338-4364" start="21652">rod</span>
    </annotation>
    <annotation annotator="Mike Bada, University of Colorado Anschutz Medical Campus" id="CL_basic_2014_02_21_Instance_24797" type="identity">
      <class id="CL:0000573" label="retinal cone cell"/>
      <span end="21664" id="16110338-4652" start="21660">cone</span>
    </annotation>
    <annotation annotator="Mike Bada, University of Colorado Anschutz Medical Campus" id="CL_basic_2014_02_21_Instance_17473" type="identity">
      <class id="CL:0000306" label="crystallin accumulating cell"/>
      <span end="21775" id="16110338-4169" start="21771">cone</span>
    </annotation>
    <annotation annotator="Mike Bada, University of Colorado Anschutz Medical Campus" id="CL_basic_2014_02_21_Instance_24511" type="identity">
      <class id="CL:0000604" label="retinal rod cell"/>
      <span end="21875" id="16110338-4366" start="21871">rods</span>
    </annotation>
    <annotation annotator="Mike Bada, University of Colorado Anschutz Medical Campus" id="CL_basic_2014_02_21_Instance_24513" type="identity">
      <class id="CL:0000604" label="retinal rod cell"/>
      <span end="22092" id="16110338-4368" start="22088">rods</span>
    </annotation>
    <annotation annotator="Mike Bada, University of Colorado Anschutz Medical Campus" id="CL_basic_2014_02_21_Instance_24799" type="identity">
      <class id="CL:0000573" label="retinal cone cell"/>
      <span end="22303" id="16110338-4654" start="22299">cone</span>
    </annotation>
    <annotation annotator="Mike Bada, University of Colorado Anschutz Medical Campus" id="CL_basic_2014_02_21_Instance_24801" type="identity">
      <class id="CL:0000573" label="retinal cone cell"/>
      <span end="22534" id="16110338-4656" start="22530">cone</span>
    </annotation>
    <annotation annotator="Mike Bada, University of Colorado Anschutz Medical Campus" id="CL_basic_2014_02_21_Instance_41243" type="identity">
      <class id="CL:0009004" label="retinal cell"/>
      <span end="22695" id="16110338-4780" start="22682">retinal cells</span>
    </annotation>
    <annotation annotator="Mike Bada, University of Colorado Anschutz Medical Campus" id="CL_basic_2014_02_21_Instance_24803" type="identity">
      <class id="CL:0000573" label="retinal cone cell"/>
      <span end="22714" id="16110338-4658" start="22710">cone</span>
    </annotation>
    <annotation annotator="Mike Bada, University of Colorado Anschutz Medical Campus" id="CL_basic_2014_02_21_Instance_24805" type="identity">
      <class id="CL:0000573" label="retinal cone cell"/>
      <span end="22935" id="16110338-4660" start="22931">cone</span>
    </annotation>
    <annotation annotator="Mike Bada, University of Colorado Anschutz Medical Campus" id="CL_basic_2014_02_21_Instance_24807" type="identity">
      <class id="CL:0000573" label="retinal cone cell"/>
      <span end="23013" id="16110338-4662" start="23008">cones</span>
    </annotation>
    <annotation annotator="Mike Bada, University of Colorado Anschutz Medical Campus" id="CL_basic_2014_02_21_Instance_17491" type="identity">
      <class id="CL:0000306" label="crystallin accumulating cell"/>
      <span end="23090" id="16110338-4171" start="23086">cone</span>
    </annotation>
    <annotation annotator="Mike Bada, University of Colorado Anschutz Medical Campus" id="CL_basic_2014_02_21_Instance_24515" type="identity">
      <class id="CL:0000604" label="retinal rod cell"/>
      <span end="23119" id="16110338-4370" start="23116">rod</span>
    </annotation>
    <annotation annotator="Mike Bada, University of Colorado Anschutz Medical Campus" id="CL_basic_2014_02_21_Instance_24517" type="identity">
      <class id="CL:0000604" label="retinal rod cell"/>
      <span end="23429" id="16110338-4372" start="23425">rods</span>
    </annotation>
    <annotation annotator="Mike Bada, University of Colorado Anschutz Medical Campus" id="CL_basic_2014_02_21_Instance_24809" type="identity">
      <class id="CL:0000573" label="retinal cone cell"/>
      <span end="23577" id="16110338-4664" start="23572">cones</span>
    </annotation>
    <annotation annotator="Mike Bada, University of Colorado Anschutz Medical Campus" id="CL_basic_2014_02_21_Instance_24519" type="identity">
      <class id="CL:0000604" label="retinal rod cell"/>
      <span end="23669" id="16110338-4374" start="23665">rods</span>
    </annotation>
    <annotation annotator="Mike Bada, University of Colorado Anschutz Medical Campus" id="CL_basic_2014_02_21_Instance_24521" type="identity">
      <class id="CL:0000604" label="retinal rod cell"/>
      <span end="24002" id="16110338-4376" start="23999">rod</span>
    </annotation>
    <annotation annotator="Mike Bada, University of Colorado Anschutz Medical Campus" id="CL_basic_2014_02_21_Instance_24523" type="identity">
      <class id="CL:0000604" label="retinal rod cell"/>
      <span end="24119" id="16110338-4378" start="24116">rod</span>
    </annotation>
    <annotation annotator="Mike Bada, University of Colorado Anschutz Medical Campus" id="CL_basic_2014_02_21_Instance_24525" type="identity">
      <class id="CL:0000604" label="retinal rod cell"/>
      <span end="24193" id="16110338-4380" start="24190">rod</span>
    </annotation>
    <annotation annotator="Mike Bada, University of Colorado Anschutz Medical Campus" id="CL_basic_2014_02_21_Instance_24527" type="identity">
      <class id="CL:0000604" label="retinal rod cell"/>
      <span end="24287" id="16110338-4382" start="24283">rods</span>
    </annotation>
    <annotation annotator="Mike Bada, University of Colorado Anschutz Medical Campus" id="CL_basic_2014_02_21_Instance_24405" type="identity">
      <class id="CL:0000210" label="photoreceptor cell"/>
      <span end="24670" id="16110338-4260" start="24656">photoreceptors</span>
    </annotation>
    <annotation annotator="Mike Bada, University of Colorado Anschutz Medical Campus" id="CL_basic_2014_02_21_Instance_24529" type="identity">
      <class id="CL:0000604" label="retinal rod cell"/>
      <span end="24861" id="16110338-4384" start="24857">rods</span>
    </annotation>
    <annotation annotator="Mike Bada, University of Colorado Anschutz Medical Campus" id="CL_basic_2014_02_21_Instance_24811" type="identity">
      <class id="CL:0000573" label="retinal cone cell"/>
      <span end="24923" id="16110338-4666" start="24918">cones</span>
    </annotation>
    <annotation annotator="Mike Bada, University of Colorado Anschutz Medical Campus" id="CL_basic_2014_02_21_Instance_24531" type="identity">
      <class id="CL:0000604" label="retinal rod cell"/>
      <span end="25077" id="16110338-4386" start="25073">rods</span>
    </annotation>
    <annotation annotator="Mike Bada, University of Colorado Anschutz Medical Campus" id="CL_basic_2014_02_21_Instance_24813" type="identity">
      <class id="CL:0000573" label="retinal cone cell"/>
      <span end="25087" id="16110338-4668" start="25082">cones</span>
    </annotation>
    <annotation annotator="Mike Bada, University of Colorado Anschutz Medical Campus" id="CL_basic_2014_02_21_Instance_24533" type="identity">
      <class id="CL:0000604" label="retinal rod cell"/>
      <span end="25132" id="16110338-4388" start="25129">rod</span>
    </annotation>
    <annotation annotator="Mike Bada, University of Colorado Anschutz Medical Campus" id="CL_basic_2014_02_21_Instance_24815" type="identity">
      <class id="CL:0000573" label="retinal cone cell"/>
      <span end="25142" id="16110338-4670" start="25138">cone</span>
    </annotation>
    <annotation annotator="Mike Bada, University of Colorado Anschutz Medical Campus" id="CL_basic_2014_02_21_Instance_24535" type="identity">
      <class id="CL:0000604" label="retinal rod cell"/>
      <span end="25252" id="16110338-4390" start="25249">rod</span>
    </annotation>
    <annotation annotator="Mike Bada, University of Colorado Anschutz Medical Campus" id="CL_basic_2014_02_21_Instance_24817" type="identity">
      <class id="CL:0000573" label="retinal cone cell"/>
      <span end="25310" id="16110338-4672" start="25306">cone</span>
    </annotation>
    <annotation annotator="Mike Bada, University of Colorado Anschutz Medical Campus" id="CL_basic_2014_02_21_Instance_24537" type="identity">
      <class id="CL:0000604" label="retinal rod cell"/>
      <span end="25353" id="16110338-4392" start="25349">rods</span>
    </annotation>
    <annotation annotator="Mike Bada, University of Colorado Anschutz Medical Campus" id="CL_basic_2014_02_21_Instance_24819" type="identity">
      <class id="CL:0000573" label="retinal cone cell"/>
      <span end="25394" id="16110338-4674" start="25390">cone</span>
    </annotation>
    <annotation annotator="Mike Bada, University of Colorado Anschutz Medical Campus" id="CL_basic_2014_02_21_Instance_24821" type="identity">
      <class id="CL:0000573" label="retinal cone cell"/>
      <span end="25588" id="16110338-4676" start="25584">cone</span>
    </annotation>
    <annotation annotator="Mike Bada, University of Colorado Anschutz Medical Campus" id="CL_basic_2014_02_21_Instance_24539" type="identity">
      <class id="CL:0000604" label="retinal rod cell"/>
      <span end="25685" id="16110338-4394" start="25682">rod</span>
    </annotation>
    <annotation annotator="Mike Bada, University of Colorado Anschutz Medical Campus" id="CL_basic_2014_02_21_Instance_24541" type="identity">
      <class id="CL:0000604" label="retinal rod cell"/>
      <span end="25868" id="16110338-4396" start="25864">rods</span>
    </annotation>
    <annotation annotator="Mike Bada, University of Colorado Anschutz Medical Campus" id="CL_basic_2014_02_21_Instance_24823" type="identity">
      <class id="CL:0000573" label="retinal cone cell"/>
      <span end="25878" id="16110338-4678" start="25873">cones</span>
    </annotation>
    <annotation annotator="Mike Bada, University of Colorado Anschutz Medical Campus" id="CL_basic_2014_02_21_Instance_24825" type="identity">
      <class id="CL:0000573" label="retinal cone cell"/>
      <span end="26137" id="16110338-4680" start="26132">cones</span>
    </annotation>
    <annotation annotator="Mike Bada, University of Colorado Anschutz Medical Campus" id="CL_basic_2014_02_21_Instance_24827" type="identity">
      <class id="CL:0000573" label="retinal cone cell"/>
      <span end="26513" id="16110338-4682" start="26509">cone</span>
    </annotation>
    <annotation annotator="Mike Bada, University of Colorado Anschutz Medical Campus" id="CL_basic_2014_02_21_Instance_41245" type="identity">
      <class id="CL:0009004" label="retinal cell"/>
      <span end="26670" id="16110338-4782" start="26662">cells of</span>
      <span end="26685" id="16110338-4783" start="26679">retina</span>
    </annotation>
    <annotation annotator="Mike Bada, University of Colorado Anschutz Medical Campus" id="CL_basic_2014_02_21_Instance_24543" type="identity">
      <class id="CL:0000604" label="retinal rod cell"/>
      <span end="26943" id="16110338-4398" start="26939">rods</span>
    </annotation>
    <annotation annotator="Mike Bada, University of Colorado Anschutz Medical Campus" id="CL_basic_2014_02_21_Instance_24829" type="identity">
      <class id="CL:0000573" label="retinal cone cell"/>
      <span end="26973" id="16110338-4684" start="26968">cones</span>
    </annotation>
    <annotation annotator="Mike Bada, University of Colorado Anschutz Medical Campus" id="CL_basic_2014_02_21_Instance_24831" type="identity">
      <class id="CL:0000573" label="retinal cone cell"/>
      <span end="27078" id="16110338-4686" start="27074">cone</span>
    </annotation>
    <annotation annotator="Mike Bada, University of Colorado Anschutz Medical Campus" id="CL_basic_2014_02_21_Instance_24545" type="identity">
      <class id="CL:0000604" label="retinal rod cell"/>
      <span end="27101" id="16110338-4400" start="27097">rods</span>
    </annotation>
    <annotation annotator="Mike Bada, University of Colorado Anschutz Medical Campus" id="CL_basic_2014_02_21_Instance_24833" type="identity">
      <class id="CL:0000573" label="retinal cone cell"/>
      <span end="27195" id="16110338-4688" start="27191">cone</span>
    </annotation>
    <annotation annotator="Mike Bada, University of Colorado Anschutz Medical Campus" id="CL_basic_2014_02_21_Instance_24835" type="identity">
      <class id="CL:0000573" label="retinal cone cell"/>
      <span end="27354" id="16110338-4690" start="27350">cone</span>
    </annotation>
    <annotation annotator="Mike Bada, University of Colorado Anschutz Medical Campus" id="CL_basic_2014_02_21_Instance_24837" type="identity">
      <class id="CL:0000573" label="retinal cone cell"/>
      <span end="27466" id="16110338-4692" start="27462">cone</span>
    </annotation>
    <annotation annotator="Mike Bada, University of Colorado Anschutz Medical Campus" id="CL_basic_2014_02_21_Instance_24839" type="identity">
      <class id="CL:0000573" label="retinal cone cell"/>
      <span end="27719" id="16110338-4694" start="27715">cone</span>
    </annotation>
    <annotation annotator="Mike Bada, University of Colorado Anschutz Medical Campus" id="CL_basic_2014_02_21_Instance_24841" type="identity">
      <class id="CL:0000573" label="retinal cone cell"/>
      <span end="27752" id="16110338-4696" start="27748">cone</span>
    </annotation>
    <annotation annotator="Mike Bada, University of Colorado Anschutz Medical Campus" id="CL_basic_2014_02_21_Instance_24843" type="identity">
      <class id="CL:0000573" label="retinal cone cell"/>
      <span end="27826" id="16110338-4698" start="27821">cones</span>
    </annotation>
    <annotation annotator="Mike Bada, University of Colorado Anschutz Medical Campus" id="CL_basic_2014_02_21_Instance_24845" type="identity">
      <class id="CL:0000573" label="retinal cone cell"/>
      <span end="27905" id="16110338-4700" start="27901">cone</span>
    </annotation>
    <annotation annotator="Mike Bada, University of Colorado Anschutz Medical Campus" id="CL_basic_2014_02_21_Instance_24847" type="identity">
      <class id="CL:0000573" label="retinal cone cell"/>
      <span end="28194" id="16110338-4702" start="28190">cone</span>
    </annotation>
    <annotation annotator="Mike Bada, University of Colorado Anschutz Medical Campus" id="CL_basic_2014_02_21_Instance_24849" type="identity">
      <class id="CL:0000573" label="retinal cone cell"/>
      <span end="28222" id="16110338-4704" start="28218">cone</span>
    </annotation>
    <annotation annotator="Mike Bada, University of Colorado Anschutz Medical Campus" id="CL_basic_2014_02_21_Instance_24547" type="identity">
      <class id="CL:0000604" label="retinal rod cell"/>
      <span end="28346" id="16110338-4402" start="28343">rod</span>
    </annotation>
    <annotation annotator="Mike Bada, University of Colorado Anschutz Medical Campus" id="CL_basic_2014_02_21_Instance_24549" type="identity">
      <class id="CL:0000604" label="retinal rod cell"/>
      <span end="28834" id="16110338-4404" start="28831">rod</span>
    </annotation>
    <annotation annotator="Mike Bada, University of Colorado Anschutz Medical Campus" id="CL_basic_2014_02_21_Instance_24851" type="identity">
      <class id="CL:0000573" label="retinal cone cell"/>
      <span end="28989" id="16110338-4706" start="28985">cone</span>
    </annotation>
    <annotation annotator="Mike Bada, University of Colorado Anschutz Medical Campus" id="CL_basic_2014_02_21_Instance_24853" type="identity">
      <class id="CL:0000573" label="retinal cone cell"/>
      <span end="29281" id="16110338-4708" start="29277">cone</span>
    </annotation>
    <annotation annotator="Mike Bada, University of Colorado Anschutz Medical Campus" id="CL_basic_2014_02_21_Instance_24919" type="identity">
      <class id="CL:0000681" label="radial glial cell"/>
      <span end="29527" id="16110338-4770" start="29516">radial glia</span>
    </annotation>
    <annotation annotator="Mike Bada, University of Colorado Anschutz Medical Campus" id="CL_basic_2014_02_21_Instance_41248" type="identity">
      <class id="CL:0002626" label="immature astrocyte"/>
      <span end="29551" id="16110338-4785" start="29532">immature astrocytes</span>
    </annotation>
    <annotation annotator="Mike Bada, University of Colorado Anschutz Medical Campus" id="CL_basic_2014_02_21_Instance_70449" type="identity">
      <class id="CL:0011107" label="Muller cell"/>
      <span end="29692" id="16110338-4799" start="29681">Müller glia</span>
    </annotation>
    <annotation annotator="Mike Bada, University of Colorado Anschutz Medical Campus" id="CL_basic_2014_02_21_Instance_70452" type="identity">
      <class id="CL:0011107" label="Muller cell"/>
      <span end="29775" id="16110338-4801" start="29763">Müller glial</span>
    </annotation>
    <annotation annotator="Mike Bada, University of Colorado Anschutz Medical Campus" id="CL_basic_2014_02_21_Instance_24855" type="identity">
      <class id="CL:0000573" label="retinal cone cell"/>
      <span end="30144" id="16110338-4710" start="30140">cone</span>
    </annotation>
    <annotation annotator="Mike Bada, University of Colorado Anschutz Medical Campus" id="CL_basic_2014_02_21_Instance_24407" type="identity">
      <class id="CL:0000210" label="photoreceptor cell"/>
      <span end="30336" id="16110338-4262" start="30322">photoreceptors</span>
    </annotation>
    <annotation annotator="Mike Bada, University of Colorado Anschutz Medical Campus" id="CL_basic_2014_02_21_Instance_24409" type="identity">
      <class id="CL:0000210" label="photoreceptor cell"/>
      <span end="30418" id="16110338-4264" start="30405">photoreceptor</span>
    </annotation>
    <annotation annotator="Mike Bada, University of Colorado Anschutz Medical Campus" id="CL_basic_2014_02_21_Instance_24551" type="identity">
      <class id="CL:0000604" label="retinal rod cell"/>
      <span end="30492" id="16110338-4406" start="30489">rod</span>
    </annotation>
    <annotation annotator="Mike Bada, University of Colorado Anschutz Medical Campus" id="CL_basic_2014_02_21_Instance_24857" type="identity">
      <class id="CL:0000573" label="retinal cone cell"/>
      <span end="30555" id="16110338-4712" start="30550">cones</span>
    </annotation>
    <annotation annotator="Mike Bada, University of Colorado Anschutz Medical Campus" id="CL_basic_2014_02_21_Instance_24859" type="identity">
      <class id="CL:0000573" label="retinal cone cell"/>
      <span end="30612" id="16110338-4714" start="30608">cone</span>
    </annotation>
    <annotation annotator="Mike Bada, University of Colorado Anschutz Medical Campus" id="CL_basic_2014_02_21_Instance_24553" type="identity">
      <class id="CL:0000604" label="retinal rod cell"/>
      <span end="31170" id="16110338-4408" start="31166">rods</span>
    </annotation>
    <annotation annotator="Mike Bada, University of Colorado Anschutz Medical Campus" id="CL_basic_2014_02_21_Instance_24861" type="identity">
      <class id="CL:0000573" label="retinal cone cell"/>
      <span end="31278" id="16110338-4716" start="31274">cone</span>
    </annotation>
    <annotation annotator="Mike Bada, University of Colorado Anschutz Medical Campus" id="CL_basic_2014_02_21_Instance_24555" type="identity">
      <class id="CL:0000604" label="retinal rod cell"/>
      <span end="31296" id="16110338-4410" start="31292">rods</span>
    </annotation>
    <annotation annotator="Mike Bada, University of Colorado Anschutz Medical Campus" id="CL_basic_2014_02_21_Instance_24863" type="identity">
      <class id="CL:0000573" label="retinal cone cell"/>
      <span end="31501" id="16110338-4718" start="31497">cone</span>
    </annotation>
    <annotation annotator="Mike Bada, University of Colorado Anschutz Medical Campus" id="CL_basic_2014_02_21_Instance_24865" type="identity">
      <class id="CL:0000573" label="retinal cone cell"/>
      <span end="31987" id="16110338-4720" start="31983">cone</span>
    </annotation>
    <annotation annotator="Mike Bada, University of Colorado Anschutz Medical Campus" id="CL_basic_2014_02_21_Instance_24867" type="identity">
      <class id="CL:0000573" label="retinal cone cell"/>
      <span end="32444" id="16110338-4722" start="32440">cone</span>
    </annotation>
    <annotation annotator="Mike Bada, University of Colorado Anschutz Medical Campus" id="CL_basic_2014_02_21_Instance_24869" type="identity">
      <class id="CL:0000573" label="retinal cone cell"/>
      <span end="33743" id="16110338-4724" start="33739">cone</span>
    </annotation>
    <annotation annotator="Mike Bada, University of Colorado Anschutz Medical Campus" id="CL_basic_2014_02_21_Instance_24871" type="identity">
      <class id="CL:0000573" label="retinal cone cell"/>
      <span end="33760" id="16110338-4726" start="33756">cone</span>
    </annotation>
    <annotation annotator="Mike Bada, University of Colorado Anschutz Medical Campus" id="CL_basic_2014_02_21_Instance_24873" type="identity">
      <class id="CL:0000573" label="retinal cone cell"/>
      <span end="34181" id="16110338-4728" start="34176">cones</span>
    </annotation>
    <annotation annotator="Mike Bada, University of Colorado Anschutz Medical Campus" id="CL_basic_2014_02_21_Instance_24557" type="identity">
      <class id="CL:0000604" label="retinal rod cell"/>
      <span end="34194" id="16110338-4412" start="34190">rods</span>
    </annotation>
    <annotation annotator="Mike Bada, University of Colorado Anschutz Medical Campus" id="CL_basic_2014_02_21_Instance_24875" type="identity">
      <class id="CL:0000573" label="retinal cone cell"/>
      <span end="34517" id="16110338-4730" start="34513">cone</span>
    </annotation>
    <annotation annotator="Mike Bada, University of Colorado Anschutz Medical Campus" id="CL_basic_2014_02_21_Instance_24411" type="identity">
      <class id="CL:0000210" label="photoreceptor cell"/>
      <span end="34762" id="16110338-4266" start="34748">photoreceptors</span>
    </annotation>
    <annotation annotator="Mike Bada, University of Colorado Anschutz Medical Campus" id="CL_basic_2014_02_21_Instance_24559" type="identity">
      <class id="CL:0000604" label="retinal rod cell"/>
      <span end="34878" id="16110338-4414" start="34874">rods</span>
    </annotation>
    <annotation annotator="Mike Bada, University of Colorado Anschutz Medical Campus" id="CL_basic_2014_02_21_Instance_24877" type="identity">
      <class id="CL:0000573" label="retinal cone cell"/>
      <span end="34888" id="16110338-4732" start="34883">cones</span>
    </annotation>
    <annotation annotator="Mike Bada, University of Colorado Anschutz Medical Campus" id="CL_basic_2014_02_21_Instance_24879" type="identity">
      <class id="CL:0000573" label="retinal cone cell"/>
      <span end="35421" id="16110338-4734" start="35416">cones</span>
    </annotation>
    <annotation annotator="Mike Bada, University of Colorado Anschutz Medical Campus" id="CL_basic_2014_02_21_Instance_24561" type="identity">
      <class id="CL:0000604" label="retinal rod cell"/>
      <span end="35450" id="16110338-4416" start="35446">rods</span>
    </annotation>
    <annotation annotator="Mike Bada, University of Colorado Anschutz Medical Campus" id="CL_basic_2014_02_21_Instance_24413" type="identity">
      <class id="CL:0000210" label="photoreceptor cell"/>
      <span end="35477" id="16110338-4268" start="35463">photoreceptors</span>
    </annotation>
    <annotation annotator="Mike Bada, University of Colorado Anschutz Medical Campus" id="CL_basic_2014_02_21_Instance_24563" type="identity">
      <class id="CL:0000604" label="retinal rod cell"/>
      <span end="35527" id="16110338-4418" start="35523">rods</span>
    </annotation>
    <annotation annotator="Mike Bada, University of Colorado Anschutz Medical Campus" id="CL_basic_2014_02_21_Instance_24881" type="identity">
      <class id="CL:0000573" label="retinal cone cell"/>
      <span end="35720" id="16110338-4736" start="35716">cone</span>
    </annotation>
    <annotation annotator="Mike Bada, University of Colorado Anschutz Medical Campus" id="CL_basic_2014_02_21_Instance_24415" type="identity">
      <class id="CL:0000210" label="photoreceptor cell"/>
      <span end="35765" id="16110338-4270" start="35751">photoreceptors</span>
    </annotation>
    <annotation annotator="Mike Bada, University of Colorado Anschutz Medical Campus" id="CL_basic_2014_02_21_Instance_24565" type="identity">
      <class id="CL:0000604" label="retinal rod cell"/>
      <span end="35882" id="16110338-4420" start="35878">rods</span>
    </annotation>
    <annotation annotator="Mike Bada, University of Colorado Anschutz Medical Campus" id="CL_basic_2014_02_21_Instance_24567" type="identity">
      <class id="CL:0000604" label="retinal rod cell"/>
      <span end="35979" id="16110338-4422" start="35976">rod</span>
    </annotation>
    <annotation annotator="Mike Bada, University of Colorado Anschutz Medical Campus" id="CL_basic_2014_02_21_Instance_24883" type="identity">
      <class id="CL:0000573" label="retinal cone cell"/>
      <span end="36085" id="16110338-4738" start="36080">cones</span>
    </annotation>
    <annotation annotator="Mike Bada, University of Colorado Anschutz Medical Campus" id="CL_basic_2014_02_21_Instance_24569" type="identity">
      <class id="CL:0000604" label="retinal rod cell"/>
      <span end="36231" id="16110338-4424" start="36228">rod</span>
    </annotation>
    <annotation annotator="Mike Bada, University of Colorado Anschutz Medical Campus" id="CL_basic_2014_02_21_Instance_24885" type="identity">
      <class id="CL:0000573" label="retinal cone cell"/>
      <span end="36279" id="16110338-4740" start="36275">cone</span>
    </annotation>
    <annotation annotator="Mike Bada, University of Colorado Anschutz Medical Campus" id="CL_basic_2014_02_21_Instance_24571" type="identity">
      <class id="CL:0000604" label="retinal rod cell"/>
      <span end="36446" id="16110338-4426" start="36442">rods</span>
    </annotation>
    <annotation annotator="Mike Bada, University of Colorado Anschutz Medical Campus" id="CL_basic_2014_02_21_Instance_24573" type="identity">
      <class id="CL:0000604" label="retinal rod cell"/>
      <span end="36550" id="16110338-4428" start="36547">rod</span>
    </annotation>
    <annotation annotator="Mike Bada, University of Colorado Anschutz Medical Campus" id="CL_basic_2014_02_21_Instance_24575" type="identity">
      <class id="CL:0000604" label="retinal rod cell"/>
      <span end="36892" id="16110338-4430" start="36889">rod</span>
    </annotation>
    <annotation annotator="Mike Bada, University of Colorado Anschutz Medical Campus" id="CL_basic_2014_02_21_Instance_24577" type="identity">
      <class id="CL:0000604" label="retinal rod cell"/>
      <span end="37064" id="16110338-4432" start="37061">rod</span>
    </annotation>
    <annotation annotator="Mike Bada, University of Colorado Anschutz Medical Campus" id="CL_basic_2014_02_21_Instance_24887" type="identity">
      <class id="CL:0000573" label="retinal cone cell"/>
      <span end="37146" id="16110338-4742" start="37142">cone</span>
    </annotation>
    <annotation annotator="Mike Bada, University of Colorado Anschutz Medical Campus" id="CL_basic_2014_02_21_Instance_24579" type="identity">
      <class id="CL:0000604" label="retinal rod cell"/>
      <span end="37480" id="16110338-4434" start="37477">rod</span>
    </annotation>
    <annotation annotator="Mike Bada, University of Colorado Anschutz Medical Campus" id="CL_basic_2014_02_21_Instance_24889" type="identity">
      <class id="CL:0000573" label="retinal cone cell"/>
      <span end="37596" id="16110338-4744" start="37592">cone</span>
    </annotation>
    <annotation annotator="Mike Bada, University of Colorado Anschutz Medical Campus" id="CL_basic_2014_02_21_Instance_24891" type="identity">
      <class id="CL:0000573" label="retinal cone cell"/>
      <span end="37736" id="16110338-4746" start="37732">cone</span>
    </annotation>
    <annotation annotator="Mike Bada, University of Colorado Anschutz Medical Campus" id="CL_basic_2014_02_21_Instance_24417" type="identity">
      <class id="CL:0000210" label="photoreceptor cell"/>
      <span end="38438" id="16110338-4272" start="38425">photoreceptor</span>
    </annotation>
    <annotation annotator="Mike Bada, University of Colorado Anschutz Medical Campus" id="CL_basic_2014_02_21_Instance_24581" type="identity">
      <class id="CL:0000604" label="retinal rod cell"/>
      <span end="38567" id="16110338-4436" start="38564">rod</span>
    </annotation>
    <annotation annotator="Mike Bada, University of Colorado Anschutz Medical Campus" id="CL_basic_2014_02_21_Instance_24893" type="identity">
      <class id="CL:0000573" label="retinal cone cell"/>
      <span end="38576" id="16110338-4748" start="38572">cone</span>
    </annotation>
    <annotation annotator="Mike Bada, University of Colorado Anschutz Medical Campus" id="CL_basic_2014_02_21_Instance_24895" type="identity">
      <class id="CL:0000573" label="retinal cone cell"/>
      <span end="38633" id="16110338-4750" start="38629">cone</span>
    </annotation>
    <annotation annotator="Mike Bada, University of Colorado Anschutz Medical Campus" id="CL_basic_2014_02_21_Instance_24583" type="identity">
      <class id="CL:0000604" label="retinal rod cell"/>
      <span end="38747" id="16110338-4438" start="38744">rod</span>
    </annotation>
    <annotation annotator="Mike Bada, University of Colorado Anschutz Medical Campus" id="CL_basic_2014_02_21_Instance_24585" type="identity">
      <class id="CL:0000604" label="retinal rod cell"/>
      <span end="39048" id="16110338-4440" start="39044">rods</span>
    </annotation>
    <annotation annotator="Mike Bada, University of Colorado Anschutz Medical Campus" id="CL_basic_2014_02_21_Instance_24897" type="identity">
      <class id="CL:0000573" label="retinal cone cell"/>
      <span end="39064" id="16110338-4752" start="39059">cones</span>
    </annotation>
    <annotation annotator="Mike Bada, University of Colorado Anschutz Medical Campus" id="CL_basic_2014_02_21_Instance_17563" type="identity">
      <class id="CL:0000210" label="photoreceptor cell"/>
      <span end="39197" id="16110338-4173" start="39179">photoreceptor cell</span>
    </annotation>
    <annotation annotator="Mike Bada, University of Colorado Anschutz Medical Campus" id="CL_basic_2014_02_21_Instance_17565" type="identity">
      <class id="CL:0000210" label="photoreceptor cell"/>
      <span end="39513" id="16110338-4175" start="39494">photoreceptor cells</span>
    </annotation>
    <annotation annotator="Mike Bada, University of Colorado Anschutz Medical Campus" id="CL_basic_2014_02_21_Instance_24899" type="identity">
      <class id="CL:0000573" label="retinal cone cell"/>
      <span end="39564" id="16110338-4754" start="39559">cones</span>
    </annotation>
    <annotation annotator="Mike Bada, University of Colorado Anschutz Medical Campus" id="CL_basic_2014_02_21_Instance_24419" type="identity">
      <class id="CL:0000210" label="photoreceptor cell"/>
      <span end="39589" id="16110338-4274" start="39575">photoreceptors</span>
    </annotation>
    <annotation annotator="Mike Bada, University of Colorado Anschutz Medical Campus" id="CL_basic_2014_02_21_Instance_24587" type="identity">
      <class id="CL:0000604" label="retinal rod cell"/>
      <span end="39692" id="16110338-4442" start="39688">rods</span>
    </annotation>
    <annotation annotator="Mike Bada, University of Colorado Anschutz Medical Campus" id="CL_basic_2014_02_21_Instance_24901" type="identity">
      <class id="CL:0000573" label="retinal cone cell"/>
      <span end="39724" id="16110338-4756" start="39719">cones</span>
    </annotation>
    <annotation annotator="Mike Bada, University of Colorado Anschutz Medical Campus" id="CL_basic_2014_02_21_Instance_24421" type="identity">
      <class id="CL:0000210" label="photoreceptor cell"/>
      <span end="39758" id="16110338-4276" start="39744">photoreceptors</span>
    </annotation>
    <annotation annotator="Mike Bada, University of Colorado Anschutz Medical Campus" id="CL_basic_2014_02_21_Instance_24589" type="identity">
      <class id="CL:0000604" label="retinal rod cell"/>
      <span end="39858" id="16110338-4444" start="39855">rod</span>
    </annotation>
    <annotation annotator="Mike Bada, University of Colorado Anschutz Medical Campus" id="CL_basic_2014_02_21_Instance_17567" type="identity">
      <class id="CL:0000210" label="photoreceptor cell"/>
      <span end="40179" id="16110338-4177" start="40161">photoreceptor cell</span>
    </annotation>
    <annotation annotator="Mike Bada, University of Colorado Anschutz Medical Campus" id="CL_basic_2014_02_21_Instance_24591" type="identity">
      <class id="CL:0000604" label="retinal rod cell"/>
      <span end="40249" id="16110338-4446" start="40246">rod</span>
    </annotation>
    <annotation annotator="Mike Bada, University of Colorado Anschutz Medical Campus" id="CL_basic_2014_02_21_Instance_24903" type="identity">
      <class id="CL:0000573" label="retinal cone cell"/>
      <span end="40258" id="16110338-4758" start="40254">cone</span>
    </annotation>
    <annotation annotator="Mike Bada, University of Colorado Anschutz Medical Campus" id="CL_basic_2014_02_21_Instance_17573" type="identity">
      <class id="CL:0000210" label="photoreceptor cell"/>
      <span end="40599" id="16110338-4179" start="40581">photoreceptor cell</span>
    </annotation>
    <annotation annotator="Mike Bada, University of Colorado Anschutz Medical Campus" id="CL_basic_2014_02_21_Instance_24905" type="identity">
      <class id="CL:0000573" label="retinal cone cell"/>
      <span end="41422" id="16110338-4760" start="41417">cones</span>
    </annotation>
    <annotation annotator="Mike Bada, University of Colorado Anschutz Medical Campus" id="CL_basic_2014_02_21_Instance_24593" type="identity">
      <class id="CL:0000604" label="retinal rod cell"/>
      <span end="41435" id="16110338-4448" start="41431">rods</span>
    </annotation>
    <annotation annotator="Mike Bada, University of Colorado Anschutz Medical Campus" id="CL_basic_2014_02_21_Instance_24423" type="identity">
      <class id="CL:0000210" label="photoreceptor cell"/>
      <span end="41854" id="16110338-4278" start="41840">photoreceptors</span>
    </annotation>
    <annotation annotator="Mike Bada, University of Colorado Anschutz Medical Campus" id="CL_basic_2014_02_21_Instance_24425" type="identity">
      <class id="CL:0000210" label="photoreceptor cell"/>
      <span end="42109" id="16110338-4280" start="42096">photoreceptor</span>
    </annotation>
    <annotation annotator="Mike Bada, University of Colorado Anschutz Medical Campus" id="CL_basic_2014_02_21_Instance_24427" type="identity">
      <class id="CL:0000210" label="photoreceptor cell"/>
      <span end="42174" id="16110338-4282" start="42161">photoreceptor</span>
    </annotation>
    <annotation annotator="Mike Bada, University of Colorado Anschutz Medical Campus" id="CL_basic_2014_02_21_Instance_24595" type="identity">
      <class id="CL:0000604" label="retinal rod cell"/>
      <span end="42211" id="16110338-4450" start="42207">rods</span>
    </annotation>
    <annotation annotator="Mike Bada, University of Colorado Anschutz Medical Campus" id="CL_basic_2014_02_21_Instance_24597" type="identity">
      <class id="CL:0000604" label="retinal rod cell"/>
      <span end="42306" id="16110338-4452" start="42302">rods</span>
    </annotation>
    <annotation annotator="Mike Bada, University of Colorado Anschutz Medical Campus" id="CL_basic_2014_02_21_Instance_24907" type="identity">
      <class id="CL:0000573" label="retinal cone cell"/>
      <span end="42316" id="16110338-4762" start="42311">cones</span>
    </annotation>
    <annotation annotator="Mike Bada, University of Colorado Anschutz Medical Campus" id="CL_basic_2014_02_21_Instance_24599" type="identity">
      <class id="CL:0000604" label="retinal rod cell"/>
      <span end="42595" id="16110338-4454" start="42591">rods</span>
    </annotation>
    <annotation annotator="Mike Bada, University of Colorado Anschutz Medical Campus" id="CL_basic_2014_02_21_Instance_17577" type="identity">
      <class id="CL:0000210" label="photoreceptor cell"/>
      <span end="42651" id="16110338-4181" start="42633">photoreceptor cell</span>
    </annotation>
    <annotation annotator="Mike Bada, University of Colorado Anschutz Medical Campus" id="CL_basic_2014_02_21_Instance_24429" type="identity">
      <class id="CL:0000210" label="photoreceptor cell"/>
      <span end="51528" id="16110338-4284" start="51515">photoreceptor</span>
    </annotation>
    <annotation annotator="Mike Bada, University of Colorado Anschutz Medical Campus" id="CL_basic_2014_02_21_Instance_24601" type="identity">
      <class id="CL:0000604" label="retinal rod cell"/>
      <span end="51777" id="16110338-4456" start="51773">rods</span>
    </annotation>
    <annotation annotator="Mike Bada, University of Colorado Anschutz Medical Campus" id="CL_basic_2014_02_21_Instance_24603" type="identity">
      <class id="CL:0000604" label="retinal rod cell"/>
      <span end="51786" id="16110338-4458" start="51783">rod</span>
    </annotation>
    <annotation annotator="Mike Bada, University of Colorado Anschutz Medical Campus" id="CL_basic_2014_02_21_Instance_24605" type="identity">
      <class id="CL:0000604" label="retinal rod cell"/>
      <span end="52774" id="16110338-4460" start="52770">rods</span>
    </annotation>
    <annotation annotator="Mike Bada, University of Colorado Anschutz Medical Campus" id="CL_basic_2014_02_21_Instance_24607" type="identity">
      <class id="CL:0000604" label="retinal rod cell"/>
      <span end="52847" id="16110338-4462" start="52843">rods</span>
    </annotation>
    <annotation annotator="Mike Bada, University of Colorado Anschutz Medical Campus" id="CL_basic_2014_02_21_Instance_24609" type="identity">
      <class id="CL:0000604" label="retinal rod cell"/>
      <span end="52984" id="16110338-4464" start="52980">rods</span>
    </annotation>
    <annotation annotator="Mike Bada, University of Colorado Anschutz Medical Campus" id="CL_basic_2014_02_21_Instance_24611" type="identity">
      <class id="CL:0000604" label="retinal rod cell"/>
      <span end="53085" id="16110338-4466" start="53081">rods</span>
    </annotation>
    <annotation annotator="Mike Bada, University of Colorado Anschutz Medical Campus" id="CL_basic_2014_02_21_Instance_24785" type="identity">
      <class id="CL:0000573" label="retinal cone cell"/>
      <span end="55058" id="16110338-4640" start="55054">Cone</span>
    </annotation>
    <annotation annotator="Mike Bada, University of Colorado Anschutz Medical Campus" id="CL_basic_2014_02_21_Instance_24783" type="identity">
      <class id="CL:0000573" label="retinal cone cell"/>
      <span end="55076" id="16110338-4638" start="55072">Cone</span>
    </annotation>
    <annotation annotator="Mike Bada, University of Colorado Anschutz Medical Campus" id="CL_basic_2014_02_21_Instance_24613" type="identity">
      <class id="CL:0000604" label="retinal rod cell"/>
      <span end="55593" id="16110338-4468" start="55590">Rod</span>
    </annotation>
    <annotation annotator="Mike Bada, University of Colorado Anschutz Medical Campus" id="CL_basic_2014_02_21_Instance_24615" type="identity">
      <class id="CL:0000604" label="retinal rod cell"/>
      <span end="55757" id="16110338-4470" start="55754">rod</span>
    </annotation>
    <annotation annotator="Mike Bada, University of Colorado Anschutz Medical Campus" id="CL_basic_2014_02_21_Instance_24781" type="identity">
      <class id="CL:0000573" label="retinal cone cell"/>
      <span end="60034" id="16110338-4636" start="60030">cone</span>
    </annotation>
    <annotation annotator="Mike Bada, University of Colorado Anschutz Medical Campus" id="CL_basic_2014_02_21_Instance_24635" type="identity">
      <class id="CL:0000573" label="retinal cone cell"/>
      <span end="60185" id="16110338-4490" start="60181">Cone</span>
    </annotation>
    <annotation annotator="Mike Bada, University of Colorado Anschutz Medical Campus" id="CL_basic_2014_02_21_Instance_24637" type="identity">
      <class id="CL:0000573" label="retinal cone cell"/>
      <span end="60203" id="16110338-4492" start="60199">Cone</span>
    </annotation>
    <annotation annotator="Mike Bada, University of Colorado Anschutz Medical Campus" id="CL_basic_2014_02_21_Instance_24639" type="identity">
      <class id="CL:0000573" label="retinal cone cell"/>
      <span end="60431" id="16110338-4494" start="60427">cone</span>
    </annotation>
    <annotation annotator="Mike Bada, University of Colorado Anschutz Medical Campus" id="CL_basic_2014_02_21_Instance_24641" type="identity">
      <class id="CL:0000573" label="retinal cone cell"/>
      <span end="60448" id="16110338-4496" start="60444">cone</span>
    </annotation>
    <annotation annotator="Mike Bada, University of Colorado Anschutz Medical Campus" id="CL_basic_2014_02_21_Instance_24643" type="identity">
      <class id="CL:0000573" label="retinal cone cell"/>
      <span end="60510" id="16110338-4498" start="60506">cone</span>
    </annotation>
    <annotation annotator="Mike Bada, University of Colorado Anschutz Medical Campus" id="CL_basic_2014_02_21_Instance_24645" type="identity">
      <class id="CL:0000573" label="retinal cone cell"/>
      <span end="60602" id="16110338-4500" start="60598">cone</span>
    </annotation>
    <annotation annotator="Mike Bada, University of Colorado Anschutz Medical Campus" id="CL_basic_2014_02_21_Instance_24647" type="identity">
      <class id="CL:0000573" label="retinal cone cell"/>
      <span end="60822" id="16110338-4502" start="60818">cone</span>
    </annotation>
    <annotation annotator="Mike Bada, University of Colorado Anschutz Medical Campus" id="CL_basic_2014_02_21_Instance_24649" type="identity">
      <class id="CL:0000573" label="retinal cone cell"/>
      <span end="62941" id="16110338-4504" start="62937">cone</span>
    </annotation>
    <annotation annotator="Mike Bada, University of Colorado Anschutz Medical Campus" id="CL_basic_2014_02_21_Instance_24617" type="identity">
      <class id="CL:0000604" label="retinal rod cell"/>
      <span end="62947" id="16110338-4472" start="62944">rod</span>
    </annotation>
    <annotation annotator="Mike Bada, University of Colorado Anschutz Medical Campus" id="CL_basic_2014_02_21_Instance_24433" type="identity">
      <class id="CL:0000210" label="photoreceptor cell"/>
      <span end="63007" id="16110338-4288" start="62993">photoreceptors</span>
    </annotation>
    <annotation annotator="Mike Bada, University of Colorado Anschutz Medical Campus" id="CL_basic_2014_02_21_Instance_24651" type="identity">
      <class id="CL:0000573" label="retinal cone cell"/>
      <span end="63038" id="16110338-4506" start="63033">cones</span>
    </annotation>
    <annotation annotator="Mike Bada, University of Colorado Anschutz Medical Campus" id="CL_basic_2014_02_21_Instance_24619" type="identity">
      <class id="CL:0000604" label="retinal rod cell"/>
      <span end="63048" id="16110338-4474" start="63044">rods</span>
    </annotation>
    <annotation annotator="Mike Bada, University of Colorado Anschutz Medical Campus" id="CL_basic_2014_02_21_Instance_24653" type="identity">
      <class id="CL:0000573" label="retinal cone cell"/>
      <span end="63055" id="16110338-4508" start="63051">cone</span>
    </annotation>
    <annotation annotator="Mike Bada, University of Colorado Anschutz Medical Campus" id="CL_basic_2014_02_21_Instance_24655" type="identity">
      <class id="CL:0000573" label="retinal cone cell"/>
      <span end="63096" id="16110338-4510" start="63092">cone</span>
    </annotation>
    <annotation annotator="Mike Bada, University of Colorado Anschutz Medical Campus" id="CL_basic_2014_02_21_Instance_41255" type="identity">
      <class id="CL:0000103" label="bipolar neuron"/>
      <span end="63119" id="16110338-4787" start="63117">BP</span>
    </annotation>
    <annotation annotator="Mike Bada, University of Colorado Anschutz Medical Campus" id="CL_basic_2014_02_21_Instance_41258" type="identity">
      <class id="CL:0000103" label="bipolar neuron"/>
      <span end="63134" id="16110338-4789" start="63121">bipolar cells</span>
    </annotation>
    <annotation annotator="Mike Bada, University of Colorado Anschutz Medical Campus" id="CL_basic_2014_02_21_Instance_24435" type="identity">
      <class id="CL:0000210" label="photoreceptor cell"/>
      <span end="63159" id="16110338-4290" start="63146">photoreceptor</span>
    </annotation>
    <annotation annotator="Mike Bada, University of Colorado Anschutz Medical Campus" id="CL_basic_2014_02_21_Instance_70458" type="identity">
      <class id="CL:0011107" label="Muller cell"/>
      <span end="63219" id="16110338-4805" start="63217">MG</span>
    </annotation>
    <annotation annotator="Mike Bada, University of Colorado Anschutz Medical Campus" id="CL_basic_2014_02_21_Instance_70455" type="identity">
      <class id="CL:0011107" label="Muller cell"/>
      <span end="63232" id="16110338-4803" start="63221">Müller glia</span>
    </annotation>
    <annotation annotator="Mike Bada, University of Colorado Anschutz Medical Campus" id="CL_basic_2014_02_21_Instance_24657" type="identity">
      <class id="CL:0000573" label="retinal cone cell"/>
      <span end="63369" id="16110338-4512" start="63365">Cone</span>
    </annotation>
    <annotation annotator="Mike Bada, University of Colorado Anschutz Medical Campus" id="CL_basic_2014_02_21_Instance_24621" type="identity">
      <class id="CL:0000604" label="retinal rod cell"/>
      <span end="63377" id="16110338-4476" start="63374">Rod</span>
    </annotation>
    <annotation annotator="Mike Bada, University of Colorado Anschutz Medical Campus" id="CL_basic_2014_02_21_Instance_24659" type="identity">
      <class id="CL:0000573" label="retinal cone cell"/>
      <span end="63502" id="16110338-4514" start="63498">cone</span>
    </annotation>
    <annotation annotator="Mike Bada, University of Colorado Anschutz Medical Campus" id="CL_basic_2014_02_21_Instance_24623" type="identity">
      <class id="CL:0000604" label="retinal rod cell"/>
      <span end="63616" id="16110338-4478" start="63613">rod</span>
    </annotation>
    <annotation annotator="Mike Bada, University of Colorado Anschutz Medical Campus" id="CL_basic_2014_02_21_Instance_24437" type="identity">
      <class id="CL:0000210" label="photoreceptor cell"/>
      <span end="63767" id="16110338-4292" start="63754">photoreceptor</span>
    </annotation>
    <annotation annotator="Mike Bada, University of Colorado Anschutz Medical Campus" id="CL_basic_2014_02_21_Instance_41262" type="identity">
      <class id="CL:0009004" label="retinal cell"/>
      <span end="64161" id="16110338-4791" start="64148">retinal cells</span>
    </annotation>
    <annotation annotator="Mike Bada, University of Colorado Anschutz Medical Campus" id="CL_basic_2014_02_21_Instance_24661" type="identity">
      <class id="CL:0000573" label="retinal cone cell"/>
      <span end="64613" id="16110338-4516" start="64609">Cone</span>
    </annotation>
    <annotation annotator="Mike Bada, University of Colorado Anschutz Medical Campus" id="CL_basic_2014_02_21_Instance_24663" type="identity">
      <class id="CL:0000573" label="retinal cone cell"/>
      <span end="64769" id="16110338-4518" start="64765">cone</span>
    </annotation>
    <annotation annotator="Mike Bada, University of Colorado Anschutz Medical Campus" id="CL_basic_2014_02_21_Instance_24439" type="identity">
      <class id="CL:0000210" label="photoreceptor cell"/>
      <span end="64946" id="16110338-4294" start="64932">photoreceptors</span>
    </annotation>
    <annotation annotator="Mike Bada, University of Colorado Anschutz Medical Campus" id="CL_basic_2014_02_21_Instance_24441" type="identity">
      <class id="CL:0000210" label="photoreceptor cell"/>
      <span end="65079" id="16110338-4296" start="65066">Photoreceptor</span>
    </annotation>
    <annotation annotator="Mike Bada, University of Colorado Anschutz Medical Campus" id="CL_basic_2014_02_21_Instance_24665" type="identity">
      <class id="CL:0000573" label="retinal cone cell"/>
      <span end="65156" id="16110338-4520" start="65152">cone</span>
    </annotation>
    <annotation annotator="Mike Bada, University of Colorado Anschutz Medical Campus" id="CL_basic_2014_02_21_Instance_24443" type="identity">
      <class id="CL:0000210" label="photoreceptor cell"/>
      <span end="65284" id="16110338-4298" start="65270">photoreceptors</span>
    </annotation>
    <annotation annotator="Mike Bada, University of Colorado Anschutz Medical Campus" id="CL_basic_2014_02_21_Instance_24667" type="identity">
      <class id="CL:0000573" label="retinal cone cell"/>
      <span end="65319" id="16110338-4522" start="65315">cone</span>
    </annotation>
    <annotation annotator="Mike Bada, University of Colorado Anschutz Medical Campus" id="CL_basic_2014_02_21_Instance_24445" type="identity">
      <class id="CL:0000210" label="photoreceptor cell"/>
      <span end="65419" id="16110338-4300" start="65406">photoreceptor</span>
    </annotation>
    <annotation annotator="Mike Bada, University of Colorado Anschutz Medical Campus" id="CL_basic_2014_02_21_Instance_24447" type="identity">
      <class id="CL:0000210" label="photoreceptor cell"/>
      <span end="65758" id="16110338-4302" start="65745">photoreceptor</span>
    </annotation>
    <annotation annotator="Mike Bada, University of Colorado Anschutz Medical Campus" id="CL_basic_2014_02_21_Instance_24625" type="identity">
      <class id="CL:0000604" label="retinal rod cell"/>
      <span end="66025" id="16110338-4480" start="66022">rod</span>
    </annotation>
    <annotation annotator="Mike Bada, University of Colorado Anschutz Medical Campus" id="CL_basic_2014_02_21_Instance_24449" type="identity">
      <class id="CL:0000210" label="photoreceptor cell"/>
      <span end="66264" id="16110338-4304" start="66246">Photoreceptor Cell</span>
    </annotation>
    <annotation annotator="Mike Bada, University of Colorado Anschutz Medical Campus" id="CL_basic_2014_02_21_Instance_24669" type="identity">
      <class id="CL:0000573" label="retinal cone cell"/>
      <span end="66321" id="16110338-4524" start="66316">Cones</span>
    </annotation>
    <annotation annotator="Mike Bada, University of Colorado Anschutz Medical Campus" id="CL_basic_2014_02_21_Instance_24671" type="identity">
      <class id="CL:0000573" label="retinal cone cell"/>
      <span end="66544" id="16110338-4526" start="66539">cones</span>
    </annotation>
    <annotation annotator="Mike Bada, University of Colorado Anschutz Medical Campus" id="CL_basic_2014_02_21_Instance_24909" type="identity">
      <class id="CL:0000573" label="retinal cone cell"/>
      <span end="66921" id="16110338-4764" start="66911">cone cells</span>
    </annotation>
    <annotation annotator="Mike Bada, University of Colorado Anschutz Medical Campus" id="CL_basic_2014_02_21_Instance_24673" type="identity">
      <class id="CL:0000573" label="retinal cone cell"/>
      <span end="67373" id="16110338-4528" start="67363">cone cells</span>
    </annotation>
    <annotation annotator="Mike Bada, University of Colorado Anschutz Medical Campus" id="CL_basic_2014_02_21_Instance_24627" type="identity">
      <class id="CL:0000604" label="retinal rod cell"/>
      <span end="67654" id="16110338-4482" start="67651">rod</span>
    </annotation>
    <annotation annotator="Mike Bada, University of Colorado Anschutz Medical Campus" id="CL_basic_2014_02_21_Instance_24675" type="identity">
      <class id="CL:0000573" label="retinal cone cell"/>
      <span end="68014" id="16110338-4530" start="68010">cone</span>
    </annotation>
    <annotation annotator="Mike Bada, University of Colorado Anschutz Medical Campus" id="CL_basic_2014_02_21_Instance_24629" type="identity">
      <class id="CL:0000604" label="retinal rod cell"/>
      <span end="68060" id="16110338-4484" start="68057">rod</span>
    </annotation>
    <annotation annotator="Mike Bada, University of Colorado Anschutz Medical Campus" id="CL_basic_2014_02_21_Instance_24451" type="identity">
      <class id="CL:0000210" label="photoreceptor cell"/>
      <span end="68186" id="16110338-4306" start="68172">photoreceptors</span>
    </annotation>
    <annotation annotator="Mike Bada, University of Colorado Anschutz Medical Campus" id="CL_basic_2014_02_21_Instance_24631" type="identity">
      <class id="CL:0000604" label="retinal rod cell"/>
      <span end="68276" id="16110338-4486" start="68259">Rod Photoreceptor</span>
    </annotation>
    <annotation annotator="Mike Bada, University of Colorado Anschutz Medical Campus" id="CL_basic_2014_02_21_Instance_24633" type="identity">
      <class id="CL:0000604" label="retinal rod cell"/>
      <span end="68831" id="16110338-4488" start="68828">rod</span>
    </annotation>
    <annotation annotator="Mike Bada, University of Colorado Anschutz Medical Campus" id="CL_basic_2014_02_21_Instance_24453" type="identity">
      <class id="CL:0000210" label="photoreceptor cell"/>
      <span end="68947" id="16110338-4308" start="68934">photoreceptor</span>
    </annotation>
    <annotation annotator="Mike Bada, University of Colorado Anschutz Medical Campus" id="CL_basic_2014_02_21_Instance_24455" type="identity">
      <class id="CL:0000210" label="photoreceptor cell"/>
      <span end="69354" id="16110338-4310" start="69341">photoreceptor</span>
    </annotation>
    <annotation annotator="Mike Bada, University of Colorado Anschutz Medical Campus" id="CL_basic_2014_02_21_Instance_24457" type="identity">
      <class id="CL:0000604" label="retinal rod cell"/>
      <span end="69374" id="16110338-4312" start="69371">rod</span>
    </annotation>
    <annotation annotator="Mike Bada, University of Colorado Anschutz Medical Campus" id="CL_basic_2014_02_21_Instance_24677" type="identity">
      <class id="CL:0000573" label="retinal cone cell"/>
      <span end="69383" id="16110338-4532" start="69379">cone</span>
    </annotation>
    <annotation annotator="Mike Bada, University of Colorado Anschutz Medical Campus" id="CL_basic_2014_02_21_Instance_24679" type="identity">
      <class id="CL:0000573" label="retinal cone cell"/>
      <span end="69425" id="16110338-4534" start="69421">cone</span>
    </annotation>
    <graph-space id="Old Knowtator Relations"/>
  </document>
</knowtator-project>
