<?xml version="1.0" encoding="UTF-8" standalone="no"?>
<knowtator-project>
  <document id="16121255" text-file="16121255.txt">
    <annotation annotator="Mike Bada, University of Colorado Anschutz Medical Campus" id="CL_basic_2014_02_21_Instance_41281" type="identity">
      <class id="CL:1000497" label="kidney cell"/>
      <span end="872" id="16121255-4822" start="862">renal cell</span>
    </annotation>
    <annotation annotator="Mike Bada, University of Colorado Anschutz Medical Campus" id="CL_basic_2014_02_21_Instance_41283" type="identity">
      <class id="CL:1000497" label="kidney cell"/>
      <span end="1175" id="16121255-4824" start="1165">renal cell</span>
    </annotation>
    <annotation annotator="Mike Bada, University of Colorado Anschutz Medical Campus" id="CL_basic_2014_02_21_Instance_41265" type="identity">
      <class id="CL:1000497" label="kidney cell"/>
      <span end="1858" id="16121255-4811" start="1846">kidney cells</span>
    </annotation>
    <annotation annotator="Mike Bada, University of Colorado Anschutz Medical Campus" id="CL_basic_2014_02_21_Instance_41267" type="identity">
      <class id="CL:1000497" label="kidney cell"/>
      <span end="1925" id="16121255-4813" start="1913">kidney cells</span>
    </annotation>
    <annotation annotator="Mike Bada, University of Colorado Anschutz Medical Campus" id="CL_basic_2014_02_21_Instance_70028" type="identity">
      <class id="CL:1000497" label="kidney cell"/>
      <span end="2080" id="16121255-4832" start="2069">kidney cell</span>
    </annotation>
    <annotation annotator="Mike Bada, University of Colorado Anschutz Medical Campus" id="CL_basic_2014_02_21_plus_nested_Instance_30835" type="identity">
      <class id="CL:1001431" label="kidney collecting duct principal cell"/>
      <span end="3544" id="16121255-4834" start="3513">collecting-duct principal cells</span>
    </annotation>
    <annotation annotator="Mike Bada, University of Colorado Anschutz Medical Campus" id="CL_basic_2014_02_21_Instance_41275" type="identity">
      <class id="CL:1001225" label="kidney collecting duct cell"/>
      <span end="4596" id="16121255-4815" start="4575">collecting duct cells</span>
    </annotation>
    <annotation annotator="Mike Bada, University of Colorado Anschutz Medical Campus" id="CL_basic_2014_02_21_Instance_41277" type="identity">
      <class id="CL:1001225" label="kidney collecting duct cell"/>
      <span end="6294" id="16121255-4817" start="6267">renal collecting-duct cells</span>
    </annotation>
    <annotation annotator="Mike Bada, University of Colorado Anschutz Medical Campus" id="CL_basic_2014_02_21_Instance_41279" type="identity">
      <class id="CL:1000497" label="kidney cell"/>
      <span end="6427" id="16121255-4819" start="6421">kidney</span>
      <span end="6439" id="16121255-4820" start="6435">cell</span>
    </annotation>
    <annotation annotator="Mike Bada, University of Colorado Anschutz Medical Campus" id="CL_basic_2014_02_21_Instance_41285" type="identity">
      <class id="CL:1000497" label="kidney cell"/>
      <span end="12913" id="16121255-4826" start="12902">kidney cell</span>
    </annotation>
    <annotation annotator="Mike Bada, University of Colorado Anschutz Medical Campus" id="CL_basic_2014_02_21_Instance_41287" type="identity">
      <class id="CL:1001225" label="kidney collecting duct cell"/>
      <span end="13336" id="16121255-4828" start="13315">collecting duct cells</span>
    </annotation>
    <annotation annotator="Mike Bada, University of Colorado Anschutz Medical Campus" id="CL_basic_2014_02_21_Instance_17659" type="identity">
      <class id="CL:0000023" label="oocyte"/>
      <span end="16112" id="16121255-4809" start="16105">oocytes</span>
    </annotation>
    <annotation annotator="Mike Bada, University of Colorado Anschutz Medical Campus" id="CL_basic_2014_02_21_Instance_41289" type="identity">
      <class id="CL:1001225" label="kidney collecting duct cell"/>
      <span end="25189" id="16121255-4830" start="25168">collecting duct cells</span>
    </annotation>
    <graph-space id="Old Knowtator Relations"/>
  </document>
</knowtator-project>
