<?xml version="1.0" encoding="UTF-8" standalone="no"?>
<knowtator-project>
    <document id="16221973" text-file="16221973.txt">
        <annotation annotator="Mike Bada, University of Colorado Anschutz Medical Campus" id="CL_basic_2014_02_21_Instance_17823" type="identity">
            <class id="CL:0000182" label="hepatocyte"/>
            <span end="3651" id="16221973-4956" start="3641">hepatocyte</span>
        </annotation>
        <annotation annotator="Mike Bada, University of Colorado Anschutz Medical Campus" id="CL_basic_2014_02_21_Instance_41423" type="identity">
            <class id="CL:0002322" label="embryonic stem cell"/>
            <span end="6012" id="16221973-4970" start="6004">ES cells</span>
        </annotation>
        <annotation annotator="Mike Bada, University of Colorado Anschutz Medical Campus" id="CL_basic_2014_02_21_Instance_17829" type="identity">
            <class id="CL:0000057" label="fibroblast"/>
            <span end="13095" id="16221973-4958" start="13084">fibroblasts</span>
        </annotation>
        <annotation annotator="Mike Bada, University of Colorado Anschutz Medical Campus" id="CL_basic_2014_02_21_Instance_41426" type="identity">
            <class id="CL:0000001" label="primary cultured cell"/>
            <span end="13329" id="16221973-4972" start="13316">primary cells</span>
        </annotation>
        <annotation annotator="Mike Bada, University of Colorado Anschutz Medical Campus" id="CL_basic_2014_02_21_Instance_41429" type="identity">
            <class id="CL:0002321" label="embryonic cell"/>
            <span end="13627" id="16221973-4974" start="13618">embryonic</span>
            <span end="13643" id="16221973-4975" start="13639">cell</span>
        </annotation>
        <annotation annotator="Mike Bada, University of Colorado Anschutz Medical Campus" id="CL_basic_2014_02_21_Instance_25049" type="identity">
            <class id="CL:0000057" label="fibroblast"/>
            <span end="13643" id="16221973-4966" start="13628">fibroblast cell</span>
        </annotation>
        <annotation annotator="Mike Bada, University of Colorado Anschutz Medical Campus" id="CL_basic_2014_02_21_Instance_17849" type="identity">
            <class id="CL:0000057" label="fibroblast"/>
            <span end="27506" id="16221973-4960" start="27495">fibroblasts</span>
        </annotation>
        <annotation annotator="Mike Bada, University of Colorado Anschutz Medical Campus" id="CL_basic_2014_02_21_Instance_17861" type="identity">
            <class id="CL:0000125" label="glial cell"/>
            <span end="29905" id="16221973-4962" start="29894">glial cells</span>
        </annotation>
        <annotation annotator="Mike Bada, University of Colorado Anschutz Medical Campus" id="CL_basic_2014_02_21_Instance_41432" type="identity">
            <class id="CL:0000010" label="cultured cell"/>
            <span end="31808" id="16221973-4977" start="31794">cultured cells</span>
        </annotation>
        <annotation annotator="Mike Bada, University of Colorado Anschutz Medical Campus" id="CL_basic_2014_02_21_Instance_41434" type="identity">
            <class id="CL:0000010" label="cultured cell"/>
            <span end="36372" id="16221973-4979" start="36358">cultured cells</span>
        </annotation>
        <annotation annotator="Mike Bada, University of Colorado Anschutz Medical Campus" id="CL_basic_2014_02_21_Instance_17875" type="identity">
            <class id="CL:0000057" label="fibroblast"/>
            <span end="37604" id="16221973-4964" start="37593">fibroblasts</span>
        </annotation>
        <annotation annotator="Mike Bada, University of Colorado Anschutz Medical Campus" id="CL_basic_2014_02_21_Instance_41437" type="identity">
            <class id="CL:0002322" label="embryonic stem cell"/>
            <span end="39194" id="16221973-4981" start="39186">ES cells</span>
        </annotation>
        <annotation annotator="Mike Bada, University of Colorado Anschutz Medical Campus" id="CL_basic_2014_02_21_Instance_25075" type="identity">
            <class id="CL:0000057" label="fibroblast"/>
            <span end="45441" id="16221973-4968" start="45430">fibroblasts</span>
        </annotation>
        <graph-space id="Old Knowtator Relations"/>
    </document>
</knowtator-project>
