<?xml version="1.0" encoding="UTF-8" standalone="no"?>
<knowtator-project>
    <document id="16255782" text-file="16255782.txt">
        <annotation annotator="Mike Bada, University of Colorado Anschutz Medical Campus" id="CL_basic_2014_02_21_Instance_41439" type="identity">
            <class id="CL:0002328" label="bronchial epithelial cell"/>
            <span end="112" id="16255782-4995" start="86">bronchial epithelial cells</span>
        </annotation>
        <annotation annotator="Mike Bada, University of Colorado Anschutz Medical Campus" id="CL_basic_2014_02_21_Instance_41443" type="identity">
            <class id="CL:0002328" label="bronchial epithelial cell"/>
            <span end="511" id="16255782-4997" start="485">bronchial epithelial cells</span>
        </annotation>
        <annotation annotator="Mike Bada, University of Colorado Anschutz Medical Campus" id="CL_basic_2014_02_21_Instance_41447" type="identity">
            <class id="CL:0002328" label="bronchial epithelial cell"/>
            <span end="2884" id="16255782-4999" start="2858">bronchial epithelial cells</span>
        </annotation>
        <annotation annotator="Mike Bada, University of Colorado Anschutz Medical Campus" id="CL_basic_2014_02_21_Instance_11817" type="identity">
            <class id="CL:0000236" label="B cell"/>
            <span end="17948" id="16255782-4993" start="17942">B cell</span>
        </annotation>
        <annotation annotator="Mike Bada, University of Colorado Anschutz Medical Campus" id="CL_basic_2014_02_21_Instance_11807" type="identity">
            <class id="CL:0000057" label="fibroblast"/>
            <span end="18043" id="16255782-4985" start="18033">fibroblast</span>
        </annotation>
        <annotation annotator="Mike Bada, University of Colorado Anschutz Medical Campus" id="CL_basic_2014_02_21_Instance_11809" type="identity">
            <class id="CL:0000236" label="B cell"/>
            <span end="18054" id="16255782-4987" start="18048">B cell</span>
        </annotation>
        <annotation annotator="Mike Bada, University of Colorado Anschutz Medical Campus" id="CL_basic_2014_02_21_Instance_11813" type="identity">
            <class id="CL:0000057" label="fibroblast"/>
            <span end="19339" id="16255782-4989" start="19328">fibroblasts</span>
        </annotation>
        <annotation annotator="Mike Bada, University of Colorado Anschutz Medical Campus" id="CL_basic_2014_02_21_Instance_11815" type="identity">
            <class id="CL:0000362" label="epidermal cell"/>
            <span end="19365" id="16255782-4991" start="19350">epidermal cells</span>
        </annotation>
        <graph-space id="Old Knowtator Relations"/>
    </document>
</knowtator-project>
