<?xml version="1.0" encoding="UTF-8" standalone="no"?>
<knowtator-project>
  <document id="16362077" text-file="16362077.txt">
    <annotation annotator="Mike Bada, University of Colorado Anschutz Medical Campus" id="CL_basic_2014_02_21_Instance_41484" type="identity">
      <class id="CL:0010001" label="stromal cell of bone marrow"/>
      <span end="724" id="16362077-5329" start="699">bone marrow stromal cells</span>
    </annotation>
    <annotation annotator="Mike Bada, University of Colorado Anschutz Medical Campus" id="CL_basic_2014_02_21_Instance_41487" type="identity">
      <class id="CL:0002321" label="embryonic cell"/>
      <span end="858" id="16362077-5331" start="849">embryonic</span>
      <span end="912" id="16362077-5332" start="907">cells</span>
    </annotation>
    <annotation annotator="Mike Bada, University of Colorado Anschutz Medical Campus" id="CL_basic_2014_02_21_Instance_41489" type="identity">
      <class id="CL:0000134" label="mesenchymal cell"/>
      <span end="870" id="16362077-5334" start="859">mesenchymal</span>
      <span end="912" id="16362077-5335" start="907">cells</span>
    </annotation>
    <annotation annotator="Mike Bada, University of Colorado Anschutz Medical Campus" id="CL_basic_2014_02_21_Instance_17913" type="identity">
      <class id="CL:0000062" label="osteoblast"/>
      <span end="976" id="16362077-5075" start="966">osteoblast</span>
    </annotation>
    <annotation annotator="Mike Bada, University of Colorado Anschutz Medical Campus" id="CL_basic_2014_02_21_Instance_17915" type="identity">
      <class id="CL:0000057" label="fibroblast"/>
      <span end="1100" id="16362077-5077" start="1089">fibroblasts</span>
    </annotation>
    <annotation annotator="Mike Bada, University of Colorado Anschutz Medical Campus" id="CL_basic_2014_02_21_Instance_17917" type="identity">
      <class id="CL:0000136" label="fat cell"/>
      <span end="1195" id="16362077-5079" start="1185">adipocytes</span>
    </annotation>
    <annotation annotator="Mike Bada, University of Colorado Anschutz Medical Campus" id="CL_basic_2014_02_21_Instance_17919" type="identity">
      <class id="CL:0000057" label="fibroblast"/>
      <span end="1281" id="16362077-5081" start="1270">fibroblasts</span>
    </annotation>
    <annotation annotator="Mike Bada, University of Colorado Anschutz Medical Campus" id="CL_basic_2014_02_21_Instance_17921" type="identity">
      <class id="CL:0000136" label="fat cell"/>
      <span end="1314" id="16362077-5083" start="1305">adipocyte</span>
    </annotation>
    <annotation annotator="Mike Bada, University of Colorado Anschutz Medical Campus" id="CL_basic_2014_02_21_Instance_17923" type="identity">
      <class id="CL:0000136" label="fat cell"/>
      <span end="1445" id="16362077-5085" start="1435">adipocytes</span>
    </annotation>
    <annotation annotator="Mike Bada, University of Colorado Anschutz Medical Campus" id="CL_basic_2014_02_21_Instance_17925" type="identity">
      <class id="CL:0000136" label="fat cell"/>
      <span end="1619" id="16362077-5087" start="1610">adipocyte</span>
    </annotation>
    <annotation annotator="Mike Bada, University of Colorado Anschutz Medical Campus" id="CL_basic_2014_02_21_Instance_17927" type="identity">
      <class id="CL:0000062" label="osteoblast"/>
      <span end="1674" id="16362077-5089" start="1664">osteoblast</span>
    </annotation>
    <annotation annotator="Mike Bada, University of Colorado Anschutz Medical Campus" id="CL_basic_2014_02_21_Instance_41515" type="identity">
      <class id="CL:0002540" label="mesenchymal stem cell of the bone marrow"/>
      <span end="1772" id="16362077-5343" start="1744">bone marrow mesenchymal cell</span>
    </annotation>
    <annotation annotator="Mike Bada, University of Colorado Anschutz Medical Campus" id="CL_basic_2014_02_21_Instance_17931" type="identity">
      <class id="CL:0000136" label="fat cell"/>
      <span end="2462" id="16362077-5091" start="2452">adipocytes</span>
    </annotation>
    <annotation annotator="Mike Bada, University of Colorado Anschutz Medical Campus" id="CL_basic_2014_02_21_Instance_17933" type="identity">
      <class id="CL:0000062" label="osteoblast"/>
      <span end="2530" id="16362077-5093" start="2519">osteoblasts</span>
    </annotation>
    <annotation annotator="Mike Bada, University of Colorado Anschutz Medical Campus" id="CL_basic_2014_02_21_Instance_17935" type="identity">
      <class id="CL:0000062" label="osteoblast"/>
      <span end="2673" id="16362077-5095" start="2662">osteoblasts</span>
    </annotation>
    <annotation annotator="Mike Bada, University of Colorado Anschutz Medical Campus" id="CL_basic_2014_02_21_plus_nested_Instance_31141" type="identity">
      <class id="CL:0002092" label="bone marrow cell"/>
      <span end="2837" id="16362077-5417" start="2826">bone marrow</span>
      <span end="2847" id="16362077-5418" start="2843">cell</span>
    </annotation>
    <annotation annotator="Mike Bada, University of Colorado Anschutz Medical Campus" id="CL_basic_2014_02_21_Instance_17937" type="identity">
      <class id="CL:0000034" label="stem cell"/>
      <span end="2847" id="16362077-5097" start="2838">stem cell</span>
    </annotation>
    <annotation annotator="Mike Bada, University of Colorado Anschutz Medical Campus" id="CL_basic_2014_02_21_Instance_17939" type="identity">
      <class id="CL:0000062" label="osteoblast"/>
      <span end="3081" id="16362077-5099" start="3070">osteoblasts</span>
    </annotation>
    <annotation annotator="Mike Bada, University of Colorado Anschutz Medical Campus" id="CL_basic_2014_02_21_Instance_17941" type="identity">
      <class id="CL:0000092" label="osteoclast"/>
      <span end="3139" id="16362077-5101" start="3128">osteoclasts</span>
    </annotation>
    <annotation annotator="Mike Bada, University of Colorado Anschutz Medical Campus" id="CL_basic_2014_02_21_Instance_17943" type="identity">
      <class id="CL:0000062" label="osteoblast"/>
      <span end="3277" id="16362077-5103" start="3266">osteoblasts</span>
    </annotation>
    <annotation annotator="Mike Bada, University of Colorado Anschutz Medical Campus" id="CL_basic_2014_02_21_Instance_17945" type="identity">
      <class id="CL:0000092" label="osteoclast"/>
      <span end="3293" id="16362077-5105" start="3282">osteoclasts</span>
    </annotation>
    <annotation annotator="Mike Bada, University of Colorado Anschutz Medical Campus" id="CL_basic_2014_02_21_Instance_17947" type="identity">
      <class id="CL:0000092" label="osteoclast"/>
      <span end="3400" id="16362077-5107" start="3390">osteoclast</span>
    </annotation>
    <annotation annotator="Mike Bada, University of Colorado Anschutz Medical Campus" id="CL_basic_2014_02_21_Instance_17949" type="identity">
      <class id="CL:0000062" label="osteoblast"/>
      <span end="3416" id="16362077-5109" start="3406">osteoblast</span>
    </annotation>
    <annotation annotator="Mike Bada, University of Colorado Anschutz Medical Campus" id="CL_basic_2014_02_21_Instance_41505" type="identity">
      <class id="CL:0001035" label="bone cell"/>
      <span end="3690" id="16362077-5337" start="3680">bone cells</span>
    </annotation>
    <annotation annotator="Mike Bada, University of Colorado Anschutz Medical Campus" id="CL_basic_2014_02_21_Instance_41507" type="identity">
      <class id="CL:0001035" label="bone cell"/>
      <span end="4384" id="16362077-5339" start="4375">bone cell</span>
    </annotation>
    <annotation annotator="Mike Bada, University of Colorado Anschutz Medical Campus" id="CL_basic_2014_02_21_Instance_41512" type="identity">
      <class id="CL:0010001" label="stromal cell of bone marrow"/>
      <span end="4510" id="16362077-5341" start="4485">bone marrow stromal cells</span>
    </annotation>
    <annotation annotator="Mike Bada, University of Colorado Anschutz Medical Campus" id="CL_basic_2014_02_21_Instance_17957" type="identity">
      <class id="CL:0000136" label="fat cell"/>
      <span end="4583" id="16362077-5111" start="4574">adipocyte</span>
    </annotation>
    <annotation annotator="Mike Bada, University of Colorado Anschutz Medical Campus" id="CL_basic_2014_02_21_Instance_17959" type="identity">
      <class id="CL:0000062" label="osteoblast"/>
      <span end="4618" id="16362077-5113" start="4608">osteoblast</span>
    </annotation>
    <annotation annotator="Mike Bada, University of Colorado Anschutz Medical Campus" id="CL_basic_2014_02_21_Instance_17961" type="identity">
      <class id="CL:0000136" label="fat cell"/>
      <span end="4731" id="16362077-5115" start="4721">adipocytes</span>
    </annotation>
    <annotation annotator="Mike Bada, University of Colorado Anschutz Medical Campus" id="CL_basic_2014_02_21_Instance_17963" type="identity">
      <class id="CL:0000062" label="osteoblast"/>
      <span end="4759" id="16362077-5117" start="4748">osteoblasts</span>
    </annotation>
    <annotation annotator="Mike Bada, University of Colorado Anschutz Medical Campus" id="CL_basic_2014_02_21_Instance_17965" type="identity">
      <class id="CL:0000062" label="osteoblast"/>
      <span end="4777" id="16362077-5119" start="4766">Osteoblasts</span>
    </annotation>
    <annotation annotator="Mike Bada, University of Colorado Anschutz Medical Campus" id="CL_basic_2014_02_21_Instance_17967" type="identity">
      <class id="CL:0000136" label="fat cell"/>
      <span end="4792" id="16362077-5121" start="4782">adipocytes</span>
    </annotation>
    <annotation annotator="Mike Bada, University of Colorado Anschutz Medical Campus" id="CL_basic_2014_02_21_Instance_41517" type="identity">
      <class id="CL:0002540" label="mesenchymal stem cell of the bone marrow"/>
      <span end="5118" id="16362077-5345" start="5089">bone marrow mesenchymal cells</span>
    </annotation>
    <annotation annotator="Mike Bada, University of Colorado Anschutz Medical Campus" id="CL_basic_2014_02_21_Instance_17973" type="identity">
      <class id="CL:0000128" label="oligodendrocyte"/>
      <span end="5655" id="16362077-5123" start="5639">oligodendrocytes</span>
    </annotation>
    <annotation annotator="Mike Bada, University of Colorado Anschutz Medical Campus" id="CL_basic_2014_02_21_Instance_17975" type="identity">
      <class id="CL:0000125" label="glial cell"/>
      <span end="5776" id="16362077-5125" start="5765">glial cells</span>
    </annotation>
    <annotation annotator="Mike Bada, University of Colorado Anschutz Medical Campus" id="CL_basic_2014_02_21_Instance_17977" type="identity">
      <class id="CL:0000540" label="neuron"/>
      <span end="5796" id="16362077-5127" start="5789">neurons</span>
    </annotation>
    <annotation annotator="Mike Bada, University of Colorado Anschutz Medical Campus" id="CL_basic_2014_02_21_Instance_17981" type="identity">
      <class id="CL:0000034" label="stem cell"/>
      <span end="5966" id="16362077-5129" start="5956">stem cells</span>
    </annotation>
    <annotation annotator="Mike Bada, University of Colorado Anschutz Medical Campus" id="CL_basic_2014_02_21_Instance_41525" type="identity">
      <class id="CL:0010001" label="stromal cell of bone marrow"/>
      <span end="6960" id="16362077-5347" start="6935">bone marrow stromal cells</span>
    </annotation>
    <annotation annotator="Mike Bada, University of Colorado Anschutz Medical Campus" id="CL_basic_2014_02_21_Instance_17987" type="identity">
      <class id="CL:0000057" label="fibroblast"/>
      <span end="7176" id="16362077-5131" start="7165">fibroblasts</span>
    </annotation>
    <annotation annotator="Mike Bada, University of Colorado Anschutz Medical Campus" id="CL_basic_2014_02_21_Instance_17989" type="identity">
      <class id="CL:0000136" label="fat cell"/>
      <span end="7248" id="16362077-5133" start="7238">adipocytes</span>
    </annotation>
    <annotation annotator="Mike Bada, University of Colorado Anschutz Medical Campus" id="CL_basic_2014_02_21_Instance_41530" type="identity">
      <class id="CL:0002540" label="mesenchymal stem cell of the bone marrow"/>
      <span end="7321" id="16362077-5349" start="7293">bone marrow mesenchymal cell</span>
    </annotation>
    <annotation annotator="Mike Bada, University of Colorado Anschutz Medical Campus" id="CL_basic_2014_02_21_Instance_17995" type="identity">
      <class id="CL:0000138" label="chondrocyte"/>
      <span end="8193" id="16362077-5135" start="8181">chondrocytes</span>
    </annotation>
    <annotation annotator="Mike Bada, University of Colorado Anschutz Medical Campus" id="CL_basic_2014_02_21_Instance_17997" type="identity">
      <class id="CL:0000138" label="chondrocyte"/>
      <span end="8483" id="16362077-5137" start="8471">chondrocytes</span>
    </annotation>
    <annotation annotator="Mike Bada, University of Colorado Anschutz Medical Campus" id="CL_basic_2014_02_21_Instance_17999" type="identity">
      <class id="CL:0000743" label="hypertrophic chondrocyte"/>
      <span end="8513" id="16362077-5139" start="8488">hypertrophic chondrocytes</span>
    </annotation>
    <annotation annotator="Mike Bada, University of Colorado Anschutz Medical Campus" id="CL_basic_2014_02_21_Instance_18001" type="identity">
      <class id="CL:0000062" label="osteoblast"/>
      <span end="8550" id="16362077-5141" start="8539">osteoblasts</span>
    </annotation>
    <annotation annotator="Mike Bada, University of Colorado Anschutz Medical Campus" id="CL_basic_2014_02_21_Instance_18003" type="identity">
      <class id="CL:0000092" label="osteoclast"/>
      <span end="8592" id="16362077-5143" start="8581">osteoclasts</span>
    </annotation>
    <annotation annotator="Mike Bada, University of Colorado Anschutz Medical Campus" id="CL_basic_2014_02_21_Instance_18005" type="identity">
      <class id="CL:0000062" label="osteoblast"/>
      <span end="14179" id="16362077-5145" start="14169">osteoblast</span>
    </annotation>
    <annotation annotator="Mike Bada, University of Colorado Anschutz Medical Campus" id="CL_basic_2014_02_21_Instance_18007" type="identity">
      <class id="CL:0000092" label="osteoclast"/>
      <span end="14194" id="16362077-5147" start="14184">osteoclast</span>
    </annotation>
    <annotation annotator="Mike Bada, University of Colorado Anschutz Medical Campus" id="CL_basic_2014_02_21_Instance_18009" type="identity">
      <class id="CL:0000062" label="osteoblast"/>
      <span end="14346" id="16362077-5149" start="14335">osteoblasts</span>
    </annotation>
    <annotation annotator="Mike Bada, University of Colorado Anschutz Medical Campus" id="CL_basic_2014_02_21_Instance_18011" type="identity">
      <class id="CL:0000092" label="osteoclast"/>
      <span end="14466" id="16362077-5151" start="14455">osteoclasts</span>
    </annotation>
    <annotation annotator="Mike Bada, University of Colorado Anschutz Medical Campus" id="CL_basic_2014_02_21_Instance_18015" type="identity">
      <class id="CL:0000062" label="osteoblast"/>
      <span end="14788" id="16362077-5153" start="14778">osteoblast</span>
    </annotation>
    <annotation annotator="Mike Bada, University of Colorado Anschutz Medical Campus" id="CL_basic_2014_02_21_Instance_18017" type="identity">
      <class id="CL:0000092" label="osteoclast"/>
      <span end="14803" id="16362077-5155" start="14793">osteoclast</span>
    </annotation>
    <annotation annotator="Mike Bada, University of Colorado Anschutz Medical Campus" id="CL_basic_2014_02_21_Instance_18019" type="identity">
      <class id="CL:0000092" label="osteoclast"/>
      <span end="14928" id="16362077-5157" start="14918">osteoclast</span>
    </annotation>
    <annotation annotator="Mike Bada, University of Colorado Anschutz Medical Campus" id="CL_basic_2014_02_21_Instance_18021" type="identity">
      <class id="CL:0000062" label="osteoblast"/>
      <span end="14944" id="16362077-5159" start="14934">osteoblast</span>
    </annotation>
    <annotation annotator="Mike Bada, University of Colorado Anschutz Medical Campus" id="CL_basic_2014_02_21_Instance_18023" type="identity">
      <class id="CL:0000062" label="osteoblast"/>
      <span end="15424" id="16362077-5161" start="15413">osteoblasts</span>
    </annotation>
    <annotation annotator="Mike Bada, University of Colorado Anschutz Medical Campus" id="CL_basic_2014_02_21_Instance_18025" type="identity">
      <class id="CL:0000092" label="osteoclast"/>
      <span end="15449" id="16362077-5163" start="15438">osteoclasts</span>
    </annotation>
    <annotation annotator="Mike Bada, University of Colorado Anschutz Medical Campus" id="CL_basic_2014_02_21_Instance_18029" type="identity">
      <class id="CL:0000062" label="osteoblast"/>
      <span end="15833" id="16362077-5165" start="15822">osteoblasts</span>
    </annotation>
    <annotation annotator="Mike Bada, University of Colorado Anschutz Medical Campus" id="CL_basic_2014_02_21_Instance_18031" type="identity">
      <class id="CL:0000092" label="osteoclast"/>
      <span end="15848" id="16362077-5167" start="15837">osteoclasts</span>
    </annotation>
    <annotation annotator="Mike Bada, University of Colorado Anschutz Medical Campus" id="CL_basic_2014_02_21_Instance_18033" type="identity">
      <class id="CL:0000062" label="osteoblast"/>
      <span end="16754" id="16362077-5169" start="16744">Osteoblast</span>
    </annotation>
    <annotation annotator="Mike Bada, University of Colorado Anschutz Medical Campus" id="CL_basic_2014_02_21_Instance_18035" type="identity">
      <class id="CL:0000092" label="osteoclast"/>
      <span end="16774" id="16362077-5171" start="16764">Osteoclast</span>
    </annotation>
    <annotation annotator="Mike Bada, University of Colorado Anschutz Medical Campus" id="CL_basic_2014_02_21_Instance_18037" type="identity">
      <class id="CL:0000062" label="osteoblast"/>
      <span end="16923" id="16362077-5173" start="16913">osteoblast</span>
    </annotation>
    <annotation annotator="Mike Bada, University of Colorado Anschutz Medical Campus" id="CL_basic_2014_02_21_Instance_18039" type="identity">
      <class id="CL:0000092" label="osteoclast"/>
      <span end="16937" id="16362077-5175" start="16927">osteoclast</span>
    </annotation>
    <annotation annotator="Mike Bada, University of Colorado Anschutz Medical Campus" id="CL_basic_2014_02_21_Instance_18041" type="identity">
      <class id="CL:0000062" label="osteoblast"/>
      <span end="17157" id="16362077-5177" start="17146">osteoblasts</span>
    </annotation>
    <annotation annotator="Mike Bada, University of Colorado Anschutz Medical Campus" id="CL_basic_2014_02_21_Instance_18043" type="identity">
      <class id="CL:0000092" label="osteoclast"/>
      <span end="17173" id="16362077-5179" start="17162">osteoclasts</span>
    </annotation>
    <annotation annotator="Mike Bada, University of Colorado Anschutz Medical Campus" id="CL_basic_2014_02_21_Instance_41540" type="identity">
      <class id="CL:0010001" label="stromal cell of bone marrow"/>
      <span end="17239" id="16362077-5351" start="17214">bone marrow stromal cells</span>
    </annotation>
    <annotation annotator="Mike Bada, University of Colorado Anschutz Medical Campus" id="CL_basic_2014_02_21_Instance_18047" type="identity">
      <class id="CL:0000062" label="osteoblast"/>
      <span end="17320" id="16362077-5181" start="17310">osteoblast</span>
    </annotation>
    <annotation annotator="Mike Bada, University of Colorado Anschutz Medical Campus" id="CL_basic_2014_02_21_Instance_18049" type="identity">
      <class id="CL:0000057" label="fibroblast"/>
      <span end="17547" id="16362077-5183" start="17537">fibroblast</span>
    </annotation>
    <annotation annotator="Mike Bada, University of Colorado Anschutz Medical Campus" id="CL_basic_2014_02_21_Instance_41544" type="identity">
      <class id="CL:0000057" label="fibroblast"/>
      <span end="17575" id="16362077-5353" start="17574">F</span>
    </annotation>
    <annotation annotator="Mike Bada, University of Colorado Anschutz Medical Campus" id="CL_basic_2014_02_21_Instance_18051" type="identity">
      <class id="CL:0000062" label="osteoblast"/>
      <span end="17675" id="16362077-5185" start="17665">osteoblast</span>
    </annotation>
    <annotation annotator="Mike Bada, University of Colorado Anschutz Medical Campus" id="CL_basic_2014_02_21_Instance_18053" type="identity">
      <class id="CL:0000092" label="osteoclast"/>
      <span end="17917" id="16362077-5187" start="17906">osteoclasts</span>
    </annotation>
    <annotation annotator="Mike Bada, University of Colorado Anschutz Medical Campus" id="CL_basic_2014_02_21_Instance_18055" type="identity">
      <class id="CL:0000092" label="osteoclast"/>
      <span end="18199" id="16362077-5189" start="18188">osteoclasts</span>
    </annotation>
    <annotation annotator="Mike Bada, University of Colorado Anschutz Medical Campus" id="CL_basic_2014_02_21_Instance_18057" type="identity">
      <class id="CL:0000136" label="fat cell"/>
      <span end="18323" id="16362077-5191" start="18314">Adipocyte</span>
    </annotation>
    <annotation annotator="Mike Bada, University of Colorado Anschutz Medical Campus" id="CL_basic_2014_02_21_Instance_18059" type="identity">
      <class id="CL:0000062" label="osteoblast"/>
      <span end="18363" id="16362077-5193" start="18353">Osteoblast</span>
    </annotation>
    <annotation annotator="Mike Bada, University of Colorado Anschutz Medical Campus" id="CL_basic_2014_02_21_Instance_41551" type="identity">
      <class id="CL:0010001" label="stromal cell of bone marrow"/>
      <span end="18433" id="16362077-5355" start="18408">bone marrow stromal cells</span>
    </annotation>
    <annotation annotator="Mike Bada, University of Colorado Anschutz Medical Campus" id="CL_basic_2014_02_21_Instance_18063" type="identity">
      <class id="CL:0000062" label="osteoblast"/>
      <span end="18463" id="16362077-5195" start="18452">osteoblasts</span>
    </annotation>
    <annotation annotator="Mike Bada, University of Colorado Anschutz Medical Campus" id="CL_basic_2014_02_21_Instance_18065" type="identity">
      <class id="CL:0000136" label="fat cell"/>
      <span end="18478" id="16362077-5197" start="18468">adipocytes</span>
    </annotation>
    <annotation annotator="Mike Bada, University of Colorado Anschutz Medical Campus" id="CL_basic_2014_02_21_Instance_18067" type="identity">
      <class id="CL:0000136" label="fat cell"/>
      <span end="18577" id="16362077-5199" start="18568">adipocyte</span>
    </annotation>
    <annotation annotator="Mike Bada, University of Colorado Anschutz Medical Campus" id="CL_basic_2014_02_21_Instance_41557" type="identity">
      <class id="CL:0010001" label="stromal cell of bone marrow"/>
      <span end="18666" id="16362077-5357" start="18641">bone marrow stromal cells</span>
    </annotation>
    <annotation annotator="Mike Bada, University of Colorado Anschutz Medical Campus" id="CL_basic_2014_02_21_Instance_18071" type="identity">
      <class id="CL:0000136" label="fat cell"/>
      <span end="19028" id="16362077-5201" start="19019">adipocyte</span>
    </annotation>
    <annotation annotator="Mike Bada, University of Colorado Anschutz Medical Campus" id="CL_basic_2014_02_21_Instance_18073" type="identity">
      <class id="CL:0000136" label="fat cell"/>
      <span end="19181" id="16362077-5203" start="19171">adipocytes</span>
    </annotation>
    <annotation annotator="Mike Bada, University of Colorado Anschutz Medical Campus" id="CL_basic_2014_02_21_Instance_18077" type="identity">
      <class id="CL:0000136" label="fat cell"/>
      <span end="19502" id="16362077-5205" start="19493">adipocyte</span>
    </annotation>
    <annotation annotator="Mike Bada, University of Colorado Anschutz Medical Campus" id="CL_basic_2014_02_21_Instance_18079" type="identity">
      <class id="CL:0000134" label="mesenchymal cell"/>
      <span end="19958" id="16362077-5207" start="19941">mesenchymal cells</span>
    </annotation>
    <annotation annotator="Mike Bada, University of Colorado Anschutz Medical Campus" id="CL_basic_2014_02_21_Instance_41560" type="identity">
      <class id="CL:0002321" label="embryonic cell"/>
      <span end="20046" id="16362077-5359" start="20037">embryonic</span>
      <span end="20090" id="16362077-5360" start="20085">cells</span>
    </annotation>
    <annotation annotator="Mike Bada, University of Colorado Anschutz Medical Campus" id="CL_basic_2014_02_21_Instance_41562" type="identity">
      <class id="CL:0000134" label="mesenchymal cell"/>
      <span end="20058" id="16362077-5362" start="20047">mesenchymal</span>
      <span end="20090" id="16362077-5363" start="20085">cells</span>
    </annotation>
    <annotation annotator="Mike Bada, University of Colorado Anschutz Medical Campus" id="CL_basic_2014_02_21_Instance_18083" type="identity">
      <class id="CL:0000062" label="osteoblast"/>
      <span end="20142" id="16362077-5209" start="20132">osteoblast</span>
    </annotation>
    <annotation annotator="Mike Bada, University of Colorado Anschutz Medical Campus" id="CL_basic_2014_02_21_Instance_18087" type="identity">
      <class id="CL:0000062" label="osteoblast"/>
      <span end="20594" id="16362077-5211" start="20584">Osteoblast</span>
    </annotation>
    <annotation annotator="Mike Bada, University of Colorado Anschutz Medical Campus" id="CL_basic_2014_02_21_Instance_18091" type="identity">
      <class id="CL:0000062" label="osteoblast"/>
      <span end="20880" id="16362077-5213" start="20870">osteoblast</span>
    </annotation>
    <annotation annotator="Mike Bada, University of Colorado Anschutz Medical Campus" id="CL_basic_2014_02_21_Instance_41567" type="identity">
      <class id="CL:0010001" label="stromal cell of bone marrow"/>
      <span end="21071" id="16362077-5365" start="21046">bone marrow stromal cells</span>
    </annotation>
    <annotation annotator="Mike Bada, University of Colorado Anschutz Medical Campus" id="CL_basic_2014_02_21_Instance_18097" type="identity">
      <class id="CL:0000136" label="fat cell"/>
      <span end="21467" id="16362077-5215" start="21457">adipocytes</span>
    </annotation>
    <annotation annotator="Mike Bada, University of Colorado Anschutz Medical Campus" id="CL_basic_2014_02_21_Instance_41571" type="identity">
      <class id="CL:0002540" label="mesenchymal stem cell of the bone marrow"/>
      <span end="22050" id="16362077-5367" start="22021">bone marrow mesenchymal cells</span>
    </annotation>
    <annotation annotator="Mike Bada, University of Colorado Anschutz Medical Campus" id="CL_basic_2014_02_21_Instance_18101" type="identity">
      <class id="CL:0000136" label="fat cell"/>
      <span end="22071" id="16362077-5217" start="22062">adipocyte</span>
    </annotation>
    <annotation annotator="Mike Bada, University of Colorado Anschutz Medical Campus" id="CL_basic_2014_02_21_Instance_18103" type="identity">
      <class id="CL:0000062" label="osteoblast"/>
      <span end="22110" id="16362077-5219" start="22100">osteoblast</span>
    </annotation>
    <annotation annotator="Mike Bada, University of Colorado Anschutz Medical Campus" id="CL_basic_2014_02_21_Instance_41573" type="identity">
      <class id="CL:0002540" label="mesenchymal stem cell of the bone marrow"/>
      <span end="22273" id="16362077-5369" start="22239">bone marrow mesenchymal stem cells</span>
    </annotation>
    <annotation annotator="Mike Bada, University of Colorado Anschutz Medical Campus" id="CL_basic_2014_02_21_Instance_41576" type="identity">
      <class id="CL:0002092" label="bone marrow cell"/>
      <span end="22678" id="16362077-5371" start="22667">bone marrow</span>
      <span end="22689" id="16362077-5372" start="22684">cells</span>
    </annotation>
    <annotation annotator="Mike Bada, University of Colorado Anschutz Medical Campus" id="CL_basic_2014_02_21_Instance_18107" type="identity">
      <class id="CL:0000034" label="stem cell"/>
      <span end="22689" id="16362077-5221" start="22679">stem cells</span>
    </annotation>
    <annotation annotator="Mike Bada, University of Colorado Anschutz Medical Campus" id="CL_basic_2014_02_21_Instance_41578" type="identity">
      <class id="CL:0002321" label="embryonic cell"/>
      <span end="22731" id="16362077-5374" start="22722">embryonic</span>
      <span end="22775" id="16362077-5375" start="22770">cells</span>
    </annotation>
    <annotation annotator="Mike Bada, University of Colorado Anschutz Medical Campus" id="CL_basic_2014_02_21_Instance_11463" type="identity">
      <class id="CL:0000134" label="mesenchymal cell"/>
      <span end="22743" id="16362077-5069" start="22732">mesenchymal</span>
      <span end="22775" id="16362077-5070" start="22770">cells</span>
    </annotation>
    <annotation annotator="Mike Bada, University of Colorado Anschutz Medical Campus" id="CL_basic_2014_02_21_Instance_18109" type="identity">
      <class id="CL:0000062" label="osteoblast"/>
      <span end="22851" id="16362077-5223" start="22841">osteoblast</span>
    </annotation>
    <annotation annotator="Mike Bada, University of Colorado Anschutz Medical Campus" id="CL_basic_2014_02_21_Instance_18111" type="identity">
      <class id="CL:0000062" label="osteoblast"/>
      <span end="22938" id="16362077-5225" start="22928">osteoblast</span>
    </annotation>
    <annotation annotator="Mike Bada, University of Colorado Anschutz Medical Campus" id="CL_basic_2014_02_21_Instance_18113" type="identity">
      <class id="CL:0000136" label="fat cell"/>
      <span end="23074" id="16362077-5227" start="23065">adipocyte</span>
    </annotation>
    <annotation annotator="Mike Bada, University of Colorado Anschutz Medical Campus" id="CL_basic_2014_02_21_Instance_18115" type="identity">
      <class id="CL:0000540" label="neuron"/>
      <span end="23702" id="16362077-5229" start="23695">neurons</span>
    </annotation>
    <annotation annotator="Mike Bada, University of Colorado Anschutz Medical Campus" id="CL_basic_2014_02_21_Instance_41584" type="identity">
      <class id="CL:0010001" label="stromal cell of bone marrow"/>
      <span end="23849" id="16362077-5377" start="23824">bone marrow stromal cells</span>
    </annotation>
    <annotation annotator="Mike Bada, University of Colorado Anschutz Medical Campus" id="CL_basic_2014_02_21_Instance_18121" type="identity">
      <class id="CL:0000138" label="chondrocyte"/>
      <span end="23938" id="16362077-5231" start="23926">chondrocytes</span>
    </annotation>
    <annotation annotator="Mike Bada, University of Colorado Anschutz Medical Campus" id="CL_basic_2014_02_21_Instance_18123" type="identity">
      <class id="CL:0000062" label="osteoblast"/>
      <span end="23951" id="16362077-5233" start="23940">osteoblasts</span>
    </annotation>
    <annotation annotator="Mike Bada, University of Colorado Anschutz Medical Campus" id="CL_basic_2014_02_21_Instance_18125" type="identity">
      <class id="CL:0000092" label="osteoclast"/>
      <span end="23967" id="16362077-5235" start="23956">osteoclasts</span>
    </annotation>
    <annotation annotator="Mike Bada, University of Colorado Anschutz Medical Campus" id="CL_basic_2014_02_21_Instance_18127" type="identity">
      <class id="CL:0000062" label="osteoblast"/>
      <span end="25684" id="16362077-5237" start="25674">osteoblast</span>
    </annotation>
    <annotation annotator="Mike Bada, University of Colorado Anschutz Medical Campus" id="CL_basic_2014_02_21_Instance_18129" type="identity">
      <class id="CL:0000092" label="osteoclast"/>
      <span end="25699" id="16362077-5239" start="25689">osteoclast</span>
    </annotation>
    <annotation annotator="Mike Bada, University of Colorado Anschutz Medical Campus" id="CL_basic_2014_02_21_Instance_18131" type="identity">
      <class id="CL:0000092" label="osteoclast"/>
      <span end="25858" id="16362077-5241" start="25847">osteoclasts</span>
    </annotation>
    <annotation annotator="Mike Bada, University of Colorado Anschutz Medical Campus" id="CL_basic_2014_02_21_Instance_18133" type="identity">
      <class id="CL:0000092" label="osteoclast"/>
      <span end="26067" id="16362077-5243" start="26057">osteoclast</span>
    </annotation>
    <annotation annotator="Mike Bada, University of Colorado Anschutz Medical Campus" id="CL_basic_2014_02_21_Instance_18135" type="identity">
      <class id="CL:0000092" label="osteoclast"/>
      <span end="26126" id="16362077-5245" start="26115">osteoclasts</span>
    </annotation>
    <annotation annotator="Mike Bada, University of Colorado Anschutz Medical Campus" id="CL_basic_2014_02_21_Instance_18137" type="identity">
      <class id="CL:0000092" label="osteoclast"/>
      <span end="26267" id="16362077-5247" start="26256">osteoclasts</span>
    </annotation>
    <annotation annotator="Mike Bada, University of Colorado Anschutz Medical Campus" id="CL_basic_2014_02_21_Instance_18139" type="identity">
      <class id="CL:0000092" label="osteoclast"/>
      <span end="26310" id="16362077-5249" start="26299">osteoclasts</span>
    </annotation>
    <annotation annotator="Mike Bada, University of Colorado Anschutz Medical Campus" id="CL_basic_2014_02_21_Instance_18141" type="identity">
      <class id="CL:0000092" label="osteoclast"/>
      <span end="26687" id="16362077-5251" start="26677">osteoclast</span>
    </annotation>
    <annotation annotator="Mike Bada, University of Colorado Anschutz Medical Campus" id="CL_basic_2014_02_21_Instance_18143" type="identity">
      <class id="CL:0000092" label="osteoclast"/>
      <span end="26907" id="16362077-5253" start="26897">osteoclast</span>
    </annotation>
    <annotation annotator="Mike Bada, University of Colorado Anschutz Medical Campus" id="CL_basic_2014_02_21_Instance_41595" type="identity">
      <class id="CL:0000001" label="primary cultured cell"/>
      <span end="27066" id="16362077-5381" start="27059">primary</span>
      <span end="27092" id="16362077-5382" start="27087">cells</span>
    </annotation>
    <annotation annotator="Mike Bada, University of Colorado Anschutz Medical Campus" id="CL_basic_2014_02_21_Instance_41592" type="identity">
      <class id="CL:0010001" label="stromal cell of bone marrow"/>
      <span end="27092" id="16362077-5379" start="27067">bone marrow stromal cells</span>
    </annotation>
    <annotation annotator="Mike Bada, University of Colorado Anschutz Medical Campus" id="CL_basic_2014_02_21_Instance_18147" type="identity">
      <class id="CL:0000062" label="osteoblast"/>
      <span end="27156" id="16362077-5255" start="27146">osteoblast</span>
    </annotation>
    <annotation annotator="Mike Bada, University of Colorado Anschutz Medical Campus" id="CL_basic_2014_02_21_Instance_41599" type="identity">
      <class id="CL:0000001" label="primary cultured cell"/>
      <span end="27338" id="16362077-5384" start="27331">primary</span>
      <span end="27364" id="16362077-5385" start="27359">cells</span>
    </annotation>
    <annotation annotator="Mike Bada, University of Colorado Anschutz Medical Campus" id="CL_basic_2014_02_21_Instance_41602" type="identity">
      <class id="CL:0010001" label="stromal cell of bone marrow"/>
      <span end="27364" id="16362077-5387" start="27339">bone marrow stromal cells</span>
    </annotation>
    <annotation annotator="Mike Bada, University of Colorado Anschutz Medical Campus" id="CL_basic_2014_02_21_Instance_41605" type="identity">
      <class id="CL:0002321" label="embryonic cell"/>
      <span end="27435" id="16362077-5389" start="27426">embryonic</span>
      <span end="27479" id="16362077-5390" start="27474">cells</span>
    </annotation>
    <annotation annotator="Mike Bada, University of Colorado Anschutz Medical Campus" id="CL_basic_2014_02_21_Instance_11467" type="identity">
      <class id="CL:0000134" label="mesenchymal cell"/>
      <span end="27447" id="16362077-5072" start="27436">mesenchymal</span>
      <span end="27479" id="16362077-5073" start="27474">cells</span>
    </annotation>
    <annotation annotator="Mike Bada, University of Colorado Anschutz Medical Campus" id="CL_basic_2014_02_21_Instance_18153" type="identity">
      <class id="CL:0000062" label="osteoblast"/>
      <span end="27552" id="16362077-5257" start="27541">osteoblasts</span>
    </annotation>
    <annotation annotator="Mike Bada, University of Colorado Anschutz Medical Campus" id="CL_basic_2014_02_21_Instance_18155" type="identity">
      <class id="CL:0000136" label="fat cell"/>
      <span end="27699" id="16362077-5259" start="27690">adipocyte</span>
    </annotation>
    <annotation annotator="Mike Bada, University of Colorado Anschutz Medical Campus" id="CL_basic_2014_02_21_Instance_18157" type="identity">
      <class id="CL:0000136" label="fat cell"/>
      <span end="27761" id="16362077-5261" start="27752">adipocyte</span>
    </annotation>
    <annotation annotator="Mike Bada, University of Colorado Anschutz Medical Campus" id="CL_basic_2014_02_21_Instance_18159" type="identity">
      <class id="CL:0000062" label="osteoblast"/>
      <span end="27776" id="16362077-5263" start="27766">osteoblast</span>
    </annotation>
    <annotation annotator="Mike Bada, University of Colorado Anschutz Medical Campus" id="CL_basic_2014_02_21_Instance_18161" type="identity">
      <class id="CL:0000134" label="mesenchymal cell"/>
      <span end="27885" id="16362077-5265" start="27869">mesenchymal cell</span>
    </annotation>
    <annotation annotator="Mike Bada, University of Colorado Anschutz Medical Campus" id="CL_basic_2014_02_21_Instance_18163" type="identity">
      <class id="CL:0000062" label="osteoblast"/>
      <span end="28028" id="16362077-5267" start="28018">osteoblast</span>
    </annotation>
    <annotation annotator="Mike Bada, University of Colorado Anschutz Medical Campus" id="CL_basic_2014_02_21_Instance_18165" type="identity">
      <class id="CL:0000062" label="osteoblast"/>
      <span end="28329" id="16362077-5269" start="28318">osteoblasts</span>
    </annotation>
    <annotation annotator="Mike Bada, University of Colorado Anschutz Medical Campus" id="CL_basic_2014_02_21_Instance_18167" type="identity">
      <class id="CL:0000092" label="osteoclast"/>
      <span end="28443" id="16362077-5271" start="28432">osteoclasts</span>
    </annotation>
    <annotation annotator="Mike Bada, University of Colorado Anschutz Medical Campus" id="CL_basic_2014_02_21_Instance_18169" type="identity">
      <class id="CL:0000062" label="osteoblast"/>
      <span end="29061" id="16362077-5273" start="29051">osteoblast</span>
    </annotation>
    <annotation annotator="Mike Bada, University of Colorado Anschutz Medical Campus" id="CL_basic_2014_02_21_Instance_18171" type="identity">
      <class id="CL:0000136" label="fat cell"/>
      <span end="29084" id="16362077-5275" start="29075">adipocyte</span>
    </annotation>
    <annotation annotator="Mike Bada, University of Colorado Anschutz Medical Campus" id="CL_basic_2014_02_21_Instance_41607" type="identity">
      <class id="CL:0002540" label="mesenchymal stem cell of the bone marrow"/>
      <span end="29220" id="16362077-5392" start="29187">bone marrow mesenchymal stem cell</span>
    </annotation>
    <annotation annotator="Mike Bada, University of Colorado Anschutz Medical Campus" id="CL_basic_2014_02_21_Instance_18175" type="identity">
      <class id="CL:0000136" label="fat cell"/>
      <span end="29505" id="16362077-5277" start="29496">adipocyte</span>
    </annotation>
    <annotation annotator="Mike Bada, University of Colorado Anschutz Medical Campus" id="CL_basic_2014_02_21_Instance_41609" type="identity">
      <class id="CL:0002322" label="embryonic stem cell"/>
      <span end="32430" id="16362077-5394" start="32416">embryonic stem</span>
      <span end="32441" id="16362077-5395" start="32436">cells</span>
    </annotation>
    <annotation annotator="Mike Bada, University of Colorado Anschutz Medical Campus" id="CL_basic_2014_02_21_plus_nested_test_Instance_10045" type="identity">
      <class id="CL:0002322" label="embryonic stem cell"/>
      <span end="32434" id="16362077-5420" start="32432">ES</span>
      <span end="32441" id="16362077-5421" start="32436">cells</span>
    </annotation>
    <annotation annotator="Mike Bada, University of Colorado Anschutz Medical Campus" id="CL_basic_2014_02_21_Instance_41613" type="identity">
      <class id="CL:0002322" label="embryonic stem cell"/>
      <span end="32465" id="16362077-5397" start="32463">ES</span>
    </annotation>
    <annotation annotator="Mike Bada, University of Colorado Anschutz Medical Campus" id="CL_basic_2014_02_21_Instance_41615" type="identity">
      <class id="CL:0002322" label="embryonic stem cell"/>
      <span end="32613" id="16362077-5399" start="32605">ES cells</span>
    </annotation>
    <annotation annotator="Mike Bada, University of Colorado Anschutz Medical Campus" id="CL_basic_2014_02_21_Instance_18179" type="identity">
      <class id="CL:0000062" label="osteoblast"/>
      <span end="35482" id="16362077-5279" start="35472">osteoblast</span>
    </annotation>
    <annotation annotator="Mike Bada, University of Colorado Anschutz Medical Campus" id="CL_basic_2014_02_21_Instance_18181" type="identity">
      <class id="CL:0000092" label="osteoclast"/>
      <span end="35497" id="16362077-5281" start="35487">osteoclast</span>
    </annotation>
    <annotation annotator="Mike Bada, University of Colorado Anschutz Medical Campus" id="CL_basic_2014_02_21_Instance_18183" type="identity">
      <class id="CL:0000499" label="stromal cell"/>
      <span end="35632" id="16362077-5283" start="35619">stromal cells</span>
    </annotation>
    <annotation annotator="Mike Bada, University of Colorado Anschutz Medical Campus" id="CL_basic_2014_02_21_Instance_25127" type="identity">
      <class id="CL:0000062" label="osteoblast"/>
      <span end="35899" id="16362077-5301" start="35889">osteoblast</span>
    </annotation>
    <annotation annotator="Mike Bada, University of Colorado Anschutz Medical Campus" id="CL_basic_2014_02_21_Instance_18185" type="identity">
      <class id="CL:0000092" label="osteoclast"/>
      <span end="35976" id="16362077-5285" start="35965">Osteoclasts</span>
    </annotation>
    <annotation annotator="Mike Bada, University of Colorado Anschutz Medical Campus" id="CL_basic_2014_02_21_Instance_18193" type="identity">
      <class id="CL:0000057" label="fibroblast"/>
      <span end="36924" id="16362077-5287" start="36914">fibroblast</span>
    </annotation>
    <annotation annotator="Mike Bada, University of Colorado Anschutz Medical Campus" id="CL_basic_2014_02_21_Instance_18195" type="identity">
      <class id="CL:0000136" label="fat cell"/>
      <span end="36951" id="16362077-5289" start="36942">adipocyte</span>
    </annotation>
    <annotation annotator="Mike Bada, University of Colorado Anschutz Medical Campus" id="CL_basic_2014_02_21_Instance_18197" type="identity">
      <class id="CL:0000136" label="fat cell"/>
      <span end="37106" id="16362077-5291" start="37097">adipocyte</span>
    </annotation>
    <annotation annotator="Mike Bada, University of Colorado Anschutz Medical Campus" id="CL_basic_2014_02_21_Instance_41618" type="identity">
      <class id="CL:0000010" label="cultured cell"/>
      <span end="37205" id="16362077-5401" start="37191">Cultured cells</span>
    </annotation>
    <annotation annotator="Mike Bada, University of Colorado Anschutz Medical Campus" id="CL_basic_2014_02_21_Instance_18205" type="identity">
      <class id="CL:0000062" label="osteoblast"/>
      <span end="39213" id="16362077-5293" start="39202">Osteoblasts</span>
    </annotation>
    <annotation annotator="Mike Bada, University of Colorado Anschutz Medical Campus" id="CL_basic_2014_02_21_Instance_18207" type="identity">
      <class id="CL:0000092" label="osteoclast"/>
      <span end="39229" id="16362077-5295" start="39218">Osteoclasts</span>
    </annotation>
    <annotation annotator="Mike Bada, University of Colorado Anschutz Medical Campus" id="CL_basic_2014_02_21_Instance_41620" type="identity">
      <class id="CL:0000010" label="cultured cell"/>
      <span end="39330" id="16362077-5403" start="39322">Cultured</span>
      <span end="39344" id="16362077-5404" start="39339">Cells</span>
    </annotation>
    <annotation annotator="Mike Bada, University of Colorado Anschutz Medical Campus" id="CL_basic_2014_02_21_Instance_18209" type="identity">
      <class id="CL:0000499" label="stromal cell"/>
      <span end="39344" id="16362077-5297" start="39331">Stromal Cells</span>
    </annotation>
    <annotation annotator="Mike Bada, University of Colorado Anschutz Medical Campus" id="CL_basic_2014_02_21_Instance_18211" type="identity">
      <class id="CL:0000057" label="fibroblast"/>
      <span end="40325" id="16362077-5299" start="40315">fibroblast</span>
    </annotation>
    <annotation annotator="Mike Bada, University of Colorado Anschutz Medical Campus" id="CL_basic_2014_02_21_Instance_25135" type="identity">
      <class id="CL:0000138" label="chondrocyte"/>
      <span end="41086" id="16362077-5303" start="41074">chondrocytes</span>
    </annotation>
    <annotation annotator="Mike Bada, University of Colorado Anschutz Medical Campus" id="CL_basic_2014_02_21_Instance_25137" type="identity">
      <class id="CL:0000062" label="osteoblast"/>
      <span end="41237" id="16362077-5305" start="41226">osteoblasts</span>
    </annotation>
    <annotation annotator="Mike Bada, University of Colorado Anschutz Medical Campus" id="CL_basic_2014_02_21_Instance_25143" type="identity">
      <class id="CL:0000062" label="osteoblast"/>
      <span end="45177" id="16362077-5307" start="45166">osteoblasts</span>
    </annotation>
    <annotation annotator="Mike Bada, University of Colorado Anschutz Medical Campus" id="CL_basic_2014_02_21_Instance_25145" type="identity">
      <class id="CL:0000092" label="osteoclast"/>
      <span end="45233" id="16362077-5309" start="45222">osteoclasts</span>
    </annotation>
    <annotation annotator="Mike Bada, University of Colorado Anschutz Medical Campus" id="CL_basic_2014_02_21_Instance_25147" type="identity">
      <class id="CL:0000062" label="osteoblast"/>
      <span end="45653" id="16362077-5311" start="45642">Osteoblasts</span>
    </annotation>
    <annotation annotator="Mike Bada, University of Colorado Anschutz Medical Campus" id="CL_basic_2014_02_21_Instance_41624" type="identity">
      <class id="CL:0000092" label="osteoclast"/>
      <span end="45669" id="16362077-5406" start="45658">Osteoclasts</span>
    </annotation>
    <annotation annotator="Mike Bada, University of Colorado Anschutz Medical Campus" id="CL_basic_2014_02_21_Instance_41629" type="identity">
      <class id="CL:0010001" label="stromal cell of bone marrow"/>
      <span end="45691" id="16362077-5408" start="45671">Marrow stromal cells</span>
    </annotation>
    <annotation annotator="Mike Bada, University of Colorado Anschutz Medical Campus" id="CL_basic_2014_02_21_Instance_25151" type="identity">
      <class id="CL:0000062" label="osteoblast"/>
      <span end="45798" id="16362077-5313" start="45788">osteoblast</span>
    </annotation>
    <annotation annotator="Mike Bada, University of Colorado Anschutz Medical Campus" id="CL_basic_2014_02_21_Instance_25153" type="identity">
      <class id="CL:0000092" label="osteoclast"/>
      <span end="46187" id="16362077-5315" start="46176">osteoclasts</span>
    </annotation>
    <annotation annotator="Mike Bada, University of Colorado Anschutz Medical Campus" id="CL_basic_2014_02_21_Instance_25155" type="identity">
      <class id="CL:0000092" label="osteoclast"/>
      <span end="46357" id="16362077-5317" start="46346">Osteoclasts</span>
    </annotation>
    <annotation annotator="Mike Bada, University of Colorado Anschutz Medical Campus" id="CL_basic_2014_02_21_Instance_41632" type="identity">
      <class id="CL:0002242" label="nucleate cell"/>
      <span end="46387" id="16362077-5410" start="46377">cells with</span>
      <span end="46408" id="16362077-5411" start="46402">nuclei</span>
    </annotation>
    <annotation annotator="Mike Bada, University of Colorado Anschutz Medical Campus" id="CL_basic_2014_02_21_Instance_70157" type="identity">
      <class id="CL:0000057" label="fibroblast"/>
      <span end="46737" id="16362077-5415" start="46726">Fibroblasts</span>
    </annotation>
    <annotation annotator="Mike Bada, University of Colorado Anschutz Medical Campus" id="CL_basic_2014_02_21_Instance_25161" type="identity">
      <class id="CL:0000136" label="fat cell"/>
      <span end="46908" id="16362077-5319" start="46899">Adipocyte</span>
    </annotation>
    <annotation annotator="Mike Bada, University of Colorado Anschutz Medical Campus" id="CL_basic_2014_02_21_Instance_25163" type="identity">
      <class id="CL:0000136" label="fat cell"/>
      <span end="47145" id="16362077-5321" start="47135">adipocytes</span>
    </annotation>
    <annotation annotator="Mike Bada, University of Colorado Anschutz Medical Campus" id="CL_basic_2014_02_21_Instance_41634" type="identity">
      <class id="CL:0002321" label="embryonic cell"/>
      <span end="47664" id="16362077-5413" start="47650">Embryonic Cell</span>
    </annotation>
    <annotation annotator="Mike Bada, University of Colorado Anschutz Medical Campus" id="CL_basic_2014_02_21_Instance_25175" type="identity">
      <class id="CL:0000062" label="osteoblast"/>
      <span end="48256" id="16362077-5323" start="48246">osteoblast</span>
    </annotation>
    <annotation annotator="Mike Bada, University of Colorado Anschutz Medical Campus" id="CL_basic_2014_02_21_Instance_25177" type="identity">
      <class id="CL:0000136" label="fat cell"/>
      <span end="48729" id="16362077-5325" start="48719">adipocytes</span>
    </annotation>
    <annotation annotator="Mike Bada, University of Colorado Anschutz Medical Campus" id="CL_basic_2014_02_21_Instance_25179" type="identity">
      <class id="CL:0000136" label="fat cell"/>
      <span end="48908" id="16362077-5327" start="48898">adipocytes</span>
    </annotation>
    <graph-space id="Old Knowtator Relations"/>
  </document>
</knowtator-project>
