<?xml version="1.0" encoding="UTF-8" standalone="no"?>
<knowtator-project>
  <document id="16579849" text-file="16579849.txt">
    <annotation annotator="Mike Bada, University of Colorado Anschutz Medical Campus" id="CL_basic_2014_02_21_Instance_41976" type="identity">
      <class id="CL:0002322" label="embryonic stem cell"/>
      <span end="620" id="16579849-5946" start="601">embryonic stem cell</span>
    </annotation>
    <annotation annotator="Mike Bada, University of Colorado Anschutz Medical Campus" id="CL_basic_2014_02_21_Instance_41978" type="identity">
      <class id="CL:0002322" label="embryonic stem cell"/>
      <span end="6860" id="16579849-5948" start="6846">embryonic stem</span>
      <span end="6871" id="16579849-5949" start="6866">cells</span>
    </annotation>
    <annotation annotator="Mike Bada, University of Colorado Anschutz Medical Campus" id="CL_basic_2014_02_21_plus_nested_test_Instance_10061" type="identity">
      <class id="CL:0002322" label="embryonic stem cell"/>
      <span end="6864" id="16579849-5979" start="6862">ES</span>
      <span end="6871" id="16579849-5980" start="6866">cells</span>
    </annotation>
    <annotation annotator="Mike Bada, University of Colorado Anschutz Medical Campus" id="CL_basic_2014_02_21_Instance_18661" type="identity">
      <class id="CL:0000034" label="stem cell"/>
      <span end="7160" id="16579849-5930" start="7151">stem cell</span>
    </annotation>
    <annotation annotator="Mike Bada, University of Colorado Anschutz Medical Campus" id="CL_basic_2014_02_21_plus_nested_test_Instance_10063" type="identity">
      <class id="CL:0002322" label="embryonic stem cell"/>
      <span end="7584" id="16579849-5982" start="7582">ES</span>
    </annotation>
    <annotation annotator="Mike Bada, University of Colorado Anschutz Medical Campus" id="CL_basic_2014_02_21_Instance_41982" type="identity">
      <class id="CL:0002322" label="embryonic stem cell"/>
      <span end="7920" id="16579849-5951" start="7912">ES cells</span>
    </annotation>
    <annotation annotator="Mike Bada, University of Colorado Anschutz Medical Campus" id="CL_basic_2014_02_21_Instance_41984" type="identity">
      <class id="CL:0002322" label="embryonic stem cell"/>
      <span end="7978" id="16579849-5953" start="7970">ES cells</span>
    </annotation>
    <annotation annotator="Mike Bada, University of Colorado Anschutz Medical Campus" id="CL_basic_2014_02_21_Instance_41986" type="identity">
      <class id="CL:0002322" label="embryonic stem cell"/>
      <span end="8355" id="16579849-5955" start="8347">ES cells</span>
    </annotation>
    <annotation annotator="Mike Bada, University of Colorado Anschutz Medical Campus" id="CL_basic_2014_02_21_Instance_41988" type="identity">
      <class id="CL:0002322" label="embryonic stem cell"/>
      <span end="8924" id="16579849-5957" start="8916">ES cells</span>
    </annotation>
    <annotation annotator="Mike Bada, University of Colorado Anschutz Medical Campus" id="CL_basic_2014_02_21_Instance_41990" type="identity">
      <class id="CL:0002322" label="embryonic stem cell"/>
      <span end="9501" id="16579849-5959" start="9494">ES cell</span>
    </annotation>
    <annotation annotator="Mike Bada, University of Colorado Anschutz Medical Campus" id="CL_basic_2014_02_21_Instance_41992" type="identity">
      <class id="CL:0002322" label="embryonic stem cell"/>
      <span end="9544" id="16579849-5961" start="9537">ES cell</span>
    </annotation>
    <annotation annotator="Mike Bada, University of Colorado Anschutz Medical Campus" id="CL_basic_2014_02_21_Instance_18675" type="identity">
      <class id="CL:0000057" label="fibroblast"/>
      <span end="10114" id="16579849-5932" start="10103">fibroblasts</span>
    </annotation>
    <annotation annotator="Mike Bada, University of Colorado Anschutz Medical Campus" id="CL_basic_2014_02_21_Instance_18679" type="identity">
      <class id="CL:0000057" label="fibroblast"/>
      <span end="12635" id="16579849-5934" start="12624">fibroblasts</span>
    </annotation>
    <annotation annotator="Mike Bada, University of Colorado Anschutz Medical Campus" id="CL_basic_2014_02_21_Instance_18681" type="identity">
      <class id="CL:0000057" label="fibroblast"/>
      <span end="12718" id="16579849-5936" start="12707">Fibroblasts</span>
    </annotation>
    <annotation annotator="Mike Bada, University of Colorado Anschutz Medical Campus" id="CL_basic_2014_02_21_Instance_41995" type="identity">
      <class id="CL:0002322" label="embryonic stem cell"/>
      <span end="16475" id="16579849-5963" start="16467">ES cells</span>
    </annotation>
    <annotation annotator="Mike Bada, University of Colorado Anschutz Medical Campus" id="CL_basic_2014_02_21_Instance_41997" type="identity">
      <class id="CL:0002322" label="embryonic stem cell"/>
      <span end="16774" id="16579849-5965" start="16767">ES cell</span>
    </annotation>
    <annotation annotator="Mike Bada, University of Colorado Anschutz Medical Campus" id="CL_basic_2014_02_21_Instance_41999" type="identity">
      <class id="CL:0002322" label="embryonic stem cell"/>
      <span end="17167" id="16579849-5967" start="17160">ES cell</span>
    </annotation>
    <annotation annotator="Mike Bada, University of Colorado Anschutz Medical Campus" id="CL_basic_2014_02_21_Instance_42001" type="identity">
      <class id="CL:0002322" label="embryonic stem cell"/>
      <span end="17204" id="16579849-5969" start="17196">ES cells</span>
    </annotation>
    <annotation annotator="Mike Bada, University of Colorado Anschutz Medical Campus" id="CL_basic_2014_02_21_Instance_42003" type="identity">
      <class id="CL:0002322" label="embryonic stem cell"/>
      <span end="17397" id="16579849-5971" start="17389">ES cells</span>
    </annotation>
    <annotation annotator="Mike Bada, University of Colorado Anschutz Medical Campus" id="CL_basic_2014_02_21_Instance_18699" type="identity">
      <class id="CL:0000057" label="fibroblast"/>
      <span end="20518" id="16579849-5938" start="20507">fibroblasts</span>
    </annotation>
    <annotation annotator="Mike Bada, University of Colorado Anschutz Medical Campus" id="CL_basic_2014_02_21_Instance_18701" type="identity">
      <class id="CL:0000057" label="fibroblast"/>
      <span end="32981" id="16579849-5940" start="32970">fibroblasts</span>
    </annotation>
    <annotation annotator="Mike Bada, University of Colorado Anschutz Medical Campus" id="CL_basic_2014_02_21_Instance_18705" type="identity">
      <class id="CL:0000182" label="hepatocyte"/>
      <span end="37140" id="16579849-5942" start="37129">hepatocytes</span>
    </annotation>
    <annotation annotator="Mike Bada, University of Colorado Anschutz Medical Campus" id="CL_basic_2014_02_21_Instance_42007" type="identity">
      <class id="CL:0002322" label="embryonic stem cell"/>
      <span end="37172" id="16579849-5973" start="37152">embryonic stem cells</span>
    </annotation>
    <annotation annotator="Mike Bada, University of Colorado Anschutz Medical Campus" id="CL_basic_2014_02_21_Instance_42009" type="identity">
      <class id="CL:0002322" label="embryonic stem cell"/>
      <span end="39647" id="16579849-5975" start="39640">ES cell</span>
    </annotation>
    <annotation annotator="Mike Bada, University of Colorado Anschutz Medical Campus" id="CL_basic_2014_02_21_Instance_42011" type="identity">
      <class id="CL:0002322" label="embryonic stem cell"/>
      <span end="39668" id="16579849-5977" start="39649">embryonic stem cell</span>
    </annotation>
    <annotation annotator="Mike Bada, University of Colorado Anschutz Medical Campus" id="CL_basic_2014_02_21_Instance_18719" type="identity">
      <class id="CL:0000057" label="fibroblast"/>
      <span end="39739" id="16579849-5944" start="39729">fibroblast</span>
    </annotation>
    <graph-space id="Old Knowtator Relations"/>
  </document>
</knowtator-project>
