<?xml version="1.0" encoding="UTF-8" standalone="no"?>
<knowtator-project>
    <document id="16628246" text-file="16628246.txt">
        <annotation annotator="Mike Bada, University of Colorado Anschutz Medical Campus" id="CL_basic_2014_02_21_Instance_18773" type="identity">
            <class id="CL:0000232" label="erythrocyte"/>
            <span end="3231" id="16628246-5986" start="3216">red blood cells</span>
        </annotation>
        <annotation annotator="Mike Bada, University of Colorado Anschutz Medical Campus" id="CL_basic_2014_02_21_Instance_42059" type="identity">
            <class id="CL:0000836" label="promyelocyte"/>
            <span end="4895" id="16628246-6032" start="4882">promyelocytic</span>
        </annotation>
        <annotation annotator="Mike Bada, University of Colorado Anschutz Medical Campus" id="CL_basic_2014_02_21_Instance_42062" type="identity">
            <class id="CL:0002322" label="embryonic stem cell"/>
            <span end="5742" id="16628246-6034" start="5728">embryonic stem</span>
            <span end="5753" id="16628246-6035" start="5748">cells</span>
        </annotation>
        <annotation annotator="Mike Bada, University of Colorado Anschutz Medical Campus" id="CL_basic_2014_02_21_plus_nested_test_Instance_10065" type="identity">
            <class id="CL:0002322" label="embryonic stem cell"/>
            <span end="5746" id="16628246-6225" start="5744">ES</span>
            <span end="5753" id="16628246-6226" start="5748">cells</span>
        </annotation>
        <annotation annotator="Mike Bada, University of Colorado Anschutz Medical Campus" id="CL_basic_2014_02_21_Instance_42066" type="identity">
            <class id="CL:0002322" label="embryonic stem cell"/>
            <span end="5864" id="16628246-6037" start="5856">ES cells</span>
        </annotation>
        <annotation annotator="Mike Bada, University of Colorado Anschutz Medical Campus" id="CL_basic_2014_02_21_Instance_42068" type="identity">
            <class id="CL:0002322" label="embryonic stem cell"/>
            <span end="5919" id="16628246-6039" start="5911">ES Cells</span>
        </annotation>
        <annotation annotator="Mike Bada, University of Colorado Anschutz Medical Campus" id="CL_basic_2014_02_21_Instance_42070" type="identity">
            <class id="CL:0002322" label="embryonic stem cell"/>
            <span end="6077" id="16628246-6041" start="6069">ES cells</span>
        </annotation>
        <annotation annotator="Mike Bada, University of Colorado Anschutz Medical Campus" id="CL_basic_2014_02_21_Instance_42072" type="identity">
            <class id="CL:0002322" label="embryonic stem cell"/>
            <span end="6224" id="16628246-6043" start="6216">ES cells</span>
        </annotation>
        <annotation annotator="Mike Bada, University of Colorado Anschutz Medical Campus" id="CL_basic_2014_02_21_Instance_42074" type="identity">
            <class id="CL:0002322" label="embryonic stem cell"/>
            <span end="6648" id="16628246-6045" start="6641">ES cell</span>
        </annotation>
        <annotation annotator="Mike Bada, University of Colorado Anschutz Medical Campus" id="CL_basic_2014_02_21_Instance_42076" type="identity">
            <class id="CL:0002322" label="embryonic stem cell"/>
            <span end="7267" id="16628246-6047" start="7259">ES cells</span>
        </annotation>
        <annotation annotator="Mike Bada, University of Colorado Anschutz Medical Campus" id="CL_basic_2014_02_21_Instance_42078" type="identity">
            <class id="CL:0002322" label="embryonic stem cell"/>
            <span end="8379" id="16628246-6049" start="8371">ES cells</span>
        </annotation>
        <annotation annotator="Mike Bada, University of Colorado Anschutz Medical Campus" id="CL_basic_2014_02_21_Instance_42080" type="identity">
            <class id="CL:0002322" label="embryonic stem cell"/>
            <span end="8478" id="16628246-6051" start="8470">ES Cells</span>
        </annotation>
        <annotation annotator="Mike Bada, University of Colorado Anschutz Medical Campus" id="CL_basic_2014_02_21_Instance_42082" type="identity">
            <class id="CL:0002322" label="embryonic stem cell"/>
            <span end="8497" id="16628246-6053" start="8489">ES cells</span>
        </annotation>
        <annotation annotator="Mike Bada, University of Colorado Anschutz Medical Campus" id="CL_basic_2014_02_21_Instance_42084" type="identity">
            <class id="CL:0002322" label="embryonic stem cell"/>
            <span end="8576" id="16628246-6055" start="8574">ES</span>
        </annotation>
        <annotation annotator="Mike Bada, University of Colorado Anschutz Medical Campus" id="CL_basic_2014_02_21_Instance_42086" type="identity">
            <class id="CL:0002322" label="embryonic stem cell"/>
            <span end="8708" id="16628246-6057" start="8701">ES cell</span>
        </annotation>
        <annotation annotator="Mike Bada, University of Colorado Anschutz Medical Campus" id="CL_basic_2014_02_21_Instance_42088" type="identity">
            <class id="CL:0002322" label="embryonic stem cell"/>
            <span end="8755" id="16628246-6059" start="8748">ES cell</span>
        </annotation>
        <annotation annotator="Mike Bada, University of Colorado Anschutz Medical Campus" id="CL_basic_2014_02_21_Instance_42090" type="identity">
            <class id="CL:0002322" label="embryonic stem cell"/>
            <span end="8913" id="16628246-6061" start="8905">ES cells</span>
        </annotation>
        <annotation annotator="Mike Bada, University of Colorado Anschutz Medical Campus" id="CL_basic_2014_02_21_Instance_42092" type="identity">
            <class id="CL:0002322" label="embryonic stem cell"/>
            <span end="9232" id="16628246-6063" start="9224">ES cells</span>
        </annotation>
        <annotation annotator="Mike Bada, University of Colorado Anschutz Medical Campus" id="CL_basic_2014_02_21_Instance_42094" type="identity">
            <class id="CL:0002322" label="embryonic stem cell"/>
            <span end="9496" id="16628246-6065" start="9488">ES cells</span>
        </annotation>
        <annotation annotator="Mike Bada, University of Colorado Anschutz Medical Campus" id="CL_basic_2014_02_21_Instance_42098" type="identity">
            <class id="CL:0002322" label="embryonic stem cell"/>
            <span end="9688" id="16628246-6067" start="9681">ES cell</span>
        </annotation>
        <annotation annotator="Mike Bada, University of Colorado Anschutz Medical Campus" id="CL_basic_2014_02_21_Instance_42100" type="identity">
            <class id="CL:0002322" label="embryonic stem cell"/>
            <span end="9849" id="16628246-6069" start="9841">ES cells</span>
        </annotation>
        <annotation annotator="Mike Bada, University of Colorado Anschutz Medical Campus" id="CL_basic_2014_02_21_Instance_42102" type="identity">
            <class id="CL:0002322" label="embryonic stem cell"/>
            <span end="9917" id="16628246-6071" start="9910">ES cell</span>
        </annotation>
        <annotation annotator="Mike Bada, University of Colorado Anschutz Medical Campus" id="CL_basic_2014_02_21_Instance_42104" type="identity">
            <class id="CL:0002322" label="embryonic stem cell"/>
            <span end="9996" id="16628246-6073" start="9988">ES cells</span>
        </annotation>
        <annotation annotator="Mike Bada, University of Colorado Anschutz Medical Campus" id="CL_basic_2014_02_21_Instance_42106" type="identity">
            <class id="CL:0002322" label="embryonic stem cell"/>
            <span end="10167" id="16628246-6075" start="10159">ES cells</span>
        </annotation>
        <annotation annotator="Mike Bada, University of Colorado Anschutz Medical Campus" id="CL_basic_2014_02_21_Instance_42108" type="identity">
            <class id="CL:0002322" label="embryonic stem cell"/>
            <span end="10396" id="16628246-6077" start="10394">ES</span>
        </annotation>
        <annotation annotator="Mike Bada, University of Colorado Anschutz Medical Campus" id="CL_basic_2014_02_21_Instance_42110" type="identity">
            <class id="CL:0002322" label="embryonic stem cell"/>
            <span end="10507" id="16628246-6079" start="10499">ES cells</span>
        </annotation>
        <annotation annotator="Mike Bada, University of Colorado Anschutz Medical Campus" id="CL_basic_2014_02_21_Instance_25505" type="identity">
            <class id="CL:0000445" label="apoptosis fated cell"/>
            <span end="10642" id="16628246-6012" start="10627">apoptotic cells</span>
        </annotation>
        <annotation annotator="Mike Bada, University of Colorado Anschutz Medical Campus" id="CL_basic_2014_02_21_Instance_42112" type="identity">
            <class id="CL:0002322" label="embryonic stem cell"/>
            <span end="10754" id="16628246-6081" start="10746">ES cells</span>
        </annotation>
        <annotation annotator="Mike Bada, University of Colorado Anschutz Medical Campus" id="CL_basic_2014_02_21_Instance_42114" type="identity">
            <class id="CL:0002322" label="embryonic stem cell"/>
            <span end="10934" id="16628246-6083" start="10926">ES cells</span>
        </annotation>
        <annotation annotator="Mike Bada, University of Colorado Anschutz Medical Campus" id="CL_basic_2014_02_21_Instance_42116" type="identity">
            <class id="CL:0002322" label="embryonic stem cell"/>
            <span end="11145" id="16628246-6085" start="11137">ES cells</span>
        </annotation>
        <annotation annotator="Mike Bada, University of Colorado Anschutz Medical Campus" id="CL_basic_2014_02_21_Instance_42118" type="identity">
            <class id="CL:0002322" label="embryonic stem cell"/>
            <span end="11744" id="16628246-6087" start="11736">ES cells</span>
        </annotation>
        <annotation annotator="Mike Bada, University of Colorado Anschutz Medical Campus" id="CL_basic_2014_02_21_Instance_42120" type="identity">
            <class id="CL:0002322" label="embryonic stem cell"/>
            <span end="11790" id="16628246-6089" start="11782">ES cells</span>
        </annotation>
        <annotation annotator="Mike Bada, University of Colorado Anschutz Medical Campus" id="CL_basic_2014_02_21_Instance_42122" type="identity">
            <class id="CL:0002322" label="embryonic stem cell"/>
            <span end="11969" id="16628246-6091" start="11961">ES cells</span>
        </annotation>
        <annotation annotator="Mike Bada, University of Colorado Anschutz Medical Campus" id="CL_basic_2014_02_21_Instance_42124" type="identity">
            <class id="CL:0002322" label="embryonic stem cell"/>
            <span end="12176" id="16628246-6093" start="12169">ES cell</span>
        </annotation>
        <annotation annotator="Mike Bada, University of Colorado Anschutz Medical Campus" id="CL_basic_2014_02_21_Instance_42126" type="identity">
            <class id="CL:0002322" label="embryonic stem cell"/>
            <span end="12590" id="16628246-6095" start="12582">ES cells</span>
        </annotation>
        <annotation annotator="Mike Bada, University of Colorado Anschutz Medical Campus" id="CL_basic_2014_02_21_Instance_42128" type="identity">
            <class id="CL:0002322" label="embryonic stem cell"/>
            <span end="13096" id="16628246-6097" start="13089">ES cell</span>
        </annotation>
        <annotation annotator="Mike Bada, University of Colorado Anschutz Medical Campus" id="CL_basic_2014_02_21_Instance_42130" type="identity">
            <class id="CL:0002488" label="trophoblast giant cell"/>
            <span end="15979" id="16628246-6099" start="15956">trophoblast giant cells</span>
        </annotation>
        <annotation annotator="Mike Bada, University of Colorado Anschutz Medical Campus" id="CL_basic_2014_02_21_Instance_42132" type="identity">
            <class id="CL:0002488" label="trophoblast giant cell"/>
            <span end="15985" id="16628246-6101" start="15981">TGCs</span>
        </annotation>
        <annotation annotator="Mike Bada, University of Colorado Anschutz Medical Campus" id="CL_basic_2014_02_21_Instance_42134" type="identity">
            <class id="CL:0002488" label="trophoblast giant cell"/>
            <span end="16073" id="16628246-6103" start="16069">TGCs</span>
        </annotation>
        <annotation annotator="Mike Bada, University of Colorado Anschutz Medical Campus" id="CL_basic_2014_02_21_Instance_25503" type="identity">
            <class id="CL:0000445" label="apoptosis fated cell"/>
            <span end="17798" id="16628246-6010" start="17783">apoptotic cells</span>
        </annotation>
        <annotation annotator="Mike Bada, University of Colorado Anschutz Medical Campus" id="CL_basic_2014_02_21_Instance_42136" type="identity">
            <class id="CL:0002322" label="embryonic stem cell"/>
            <span end="18020" id="16628246-6105" start="18012">ES cells</span>
        </annotation>
        <annotation annotator="Mike Bada, University of Colorado Anschutz Medical Campus" id="CL_basic_2014_02_21_Instance_42138" type="identity">
            <class id="CL:0002322" label="embryonic stem cell"/>
            <span end="18937" id="16628246-6107" start="18929">ES cells</span>
        </annotation>
        <annotation annotator="Mike Bada, University of Colorado Anschutz Medical Campus" id="CL_basic_2014_02_21_Instance_42140" type="identity">
            <class id="CL:0002322" label="embryonic stem cell"/>
            <span end="19020" id="16628246-6109" start="19013">ES cell</span>
        </annotation>
        <annotation annotator="Mike Bada, University of Colorado Anschutz Medical Campus" id="CL_basic_2014_02_21_Instance_42142" type="identity">
            <class id="CL:0002488" label="trophoblast giant cell"/>
            <span end="20076" id="16628246-6111" start="20072">TGCs</span>
        </annotation>
        <annotation annotator="Mike Bada, University of Colorado Anschutz Medical Campus" id="CL_basic_2014_02_21_Instance_18865" type="identity">
            <class id="CL:0000351" label="trophoblast cell"/>
            <span end="20224" id="16628246-5988" start="20207">trophoblast cells</span>
        </annotation>
        <annotation annotator="Mike Bada, University of Colorado Anschutz Medical Campus" id="CL_basic_2014_02_21_Instance_42252" type="identity">
            <class id="CL:0002488" label="trophoblast giant cell"/>
            <span end="20630" id="16628246-6213" start="20627">TGC</span>
        </annotation>
        <annotation annotator="Mike Bada, University of Colorado Anschutz Medical Campus" id="CL_basic_2014_02_21_Instance_42144" type="identity">
            <class id="CL:0002488" label="trophoblast giant cell"/>
            <span end="20744" id="16628246-6113" start="20733">giant cells</span>
        </annotation>
        <annotation annotator="Mike Bada, University of Colorado Anschutz Medical Campus" id="CL_basic_2014_02_21_Instance_42156" type="identity">
            <class id="CL:0002498" label="secondary trophoblast giant cell"/>
            <span end="20893" id="16628246-6121" start="20879">secondary TGCs</span>
        </annotation>
        <annotation annotator="Mike Bada, University of Colorado Anschutz Medical Campus" id="CL_basic_2014_02_21_Instance_42148" type="identity">
            <class id="CL:0002497" label="primary trophoblast giant cell"/>
            <span end="21100" id="16628246-6115" start="21088">primary TGCs</span>
        </annotation>
        <annotation annotator="Mike Bada, University of Colorado Anschutz Medical Campus" id="CL_basic_2014_02_21_Instance_18873" type="identity">
            <class id="CL:0000351" label="trophoblast cell"/>
            <span end="21647" id="16628246-5990" start="21630">trophoblast cells</span>
        </annotation>
        <annotation annotator="Mike Bada, University of Colorado Anschutz Medical Campus" id="CL_basic_2014_02_21_Instance_42150" type="identity">
            <class id="CL:0002498" label="secondary trophoblast giant cell"/>
            <span end="22081" id="16628246-6117" start="22061">secondary giant cell</span>
        </annotation>
        <annotation annotator="Mike Bada, University of Colorado Anschutz Medical Campus" id="CL_basic_2014_02_21_Instance_25511" type="identity">
            <class id="CL:0000221" label="ectodermal cell"/>
            <span end="25610" id="16628246-6014" start="25602">cells of</span>
            <span end="25633" id="16628246-6015" start="25625">ectoderm</span>
        </annotation>
        <annotation annotator="Mike Bada, University of Colorado Anschutz Medical Campus" id="CL_basic_2014_02_21_Instance_42254" type="identity">
            <class id="CL:0002488" label="trophoblast giant cell"/>
            <span end="25727" id="16628246-6215" start="25723">TGCs</span>
        </annotation>
        <annotation annotator="Mike Bada, University of Colorado Anschutz Medical Campus" id="CL_basic_2014_02_21_Instance_42154" type="identity">
            <class id="CL:0002322" label="embryonic stem cell"/>
            <span end="26297" id="16628246-6119" start="26289">ES cells</span>
        </annotation>
        <annotation annotator="Mike Bada, University of Colorado Anschutz Medical Campus" id="CL_basic_2014_02_21_Instance_42158" type="identity">
            <class id="CL:0002322" label="embryonic stem cell"/>
            <span end="26374" id="16628246-6123" start="26366">ES Cells</span>
        </annotation>
        <annotation annotator="Mike Bada, University of Colorado Anschutz Medical Campus" id="CL_basic_2014_02_21_Instance_42160" type="identity">
            <class id="CL:0002322" label="embryonic stem cell"/>
            <span end="26393" id="16628246-6125" start="26385">ES cells</span>
        </annotation>
        <annotation annotator="Mike Bada, University of Colorado Anschutz Medical Campus" id="CL_basic_2014_02_21_Instance_42162" type="identity">
            <class id="CL:0002322" label="embryonic stem cell"/>
            <span end="26594" id="16628246-6127" start="26586">ES cells</span>
        </annotation>
        <annotation annotator="Mike Bada, University of Colorado Anschutz Medical Campus" id="CL_basic_2014_02_21_Instance_42164" type="identity">
            <class id="CL:0002322" label="embryonic stem cell"/>
            <span end="26788" id="16628246-6129" start="26780">ES cells</span>
        </annotation>
        <annotation annotator="Mike Bada, University of Colorado Anschutz Medical Campus" id="CL_basic_2014_02_21_Instance_42166" type="identity">
            <class id="CL:0002322" label="embryonic stem cell"/>
            <span end="26894" id="16628246-6131" start="26886">ES cells</span>
        </annotation>
        <annotation annotator="Mike Bada, University of Colorado Anschutz Medical Campus" id="CL_basic_2014_02_21_Instance_42168" type="identity">
            <class id="CL:0002322" label="embryonic stem cell"/>
            <span end="27628" id="16628246-6133" start="27620">ES cells</span>
        </annotation>
        <annotation annotator="Mike Bada, University of Colorado Anschutz Medical Campus" id="CL_basic_2014_02_21_Instance_42170" type="identity">
            <class id="CL:0002488" label="trophoblast giant cell"/>
            <span end="28375" id="16628246-6135" start="28371">TGCs</span>
        </annotation>
        <annotation annotator="Mike Bada, University of Colorado Anschutz Medical Campus" id="CL_basic_2014_02_21_Instance_26103" type="identity">
            <class id="CL:0000415" label="diploid cell"/>
            <span end="28483" id="16628246-6029" start="28476">diploid</span>
            <span end="28494" id="16628246-6030" start="28490">cell</span>
        </annotation>
        <annotation annotator="Mike Bada, University of Colorado Anschutz Medical Campus" id="CL_basic_2014_02_21_Instance_42172" type="identity">
            <class id="CL:0002488" label="trophoblast giant cell"/>
            <span end="28494" id="16628246-6137" start="28484">giant cell</span>
        </annotation>
        <annotation annotator="Mike Bada, University of Colorado Anschutz Medical Campus" id="CL_basic_2014_02_21_Instance_42174" type="identity">
            <class id="CL:0002488" label="trophoblast giant cell"/>
            <span end="28516" id="16628246-6139" start="28512">TGCs</span>
        </annotation>
        <annotation annotator="Mike Bada, University of Colorado Anschutz Medical Campus" id="CL_basic_2014_02_21_Instance_42256" type="identity">
            <class id="CL:0002488" label="trophoblast giant cell"/>
            <span end="29047" id="16628246-6217" start="29044">TGC</span>
        </annotation>
        <annotation annotator="Mike Bada, University of Colorado Anschutz Medical Campus" id="CL_basic_2014_02_21_Instance_18911" type="identity">
            <class id="CL:0000542" label="lymphocyte"/>
            <span end="30019" id="16628246-5992" start="30008">lymphocytes</span>
        </annotation>
        <annotation annotator="Mike Bada, University of Colorado Anschutz Medical Campus" id="CL_basic_2014_02_21_Instance_25513" type="identity">
            <class id="CL:0000540" label="neuron"/>
            <span end="31216" id="16628246-6017" start="31208">neuronal</span>
        </annotation>
        <annotation annotator="Mike Bada, University of Colorado Anschutz Medical Campus" id="CL_basic_2014_02_21_Instance_25515" type="identity">
            <class id="CL:0000351" label="trophoblast cell"/>
            <span end="32035" id="16628246-6019" start="32024">trophoblast</span>
            <span end="32046" id="16628246-6020" start="32041">cells</span>
        </annotation>
        <annotation annotator="Mike Bada, University of Colorado Anschutz Medical Campus" id="CL_basic_2014_02_21_Instance_18917" type="identity">
            <class id="CL:0000034" label="stem cell"/>
            <span end="32046" id="16628246-5994" start="32036">stem cells</span>
        </annotation>
        <annotation annotator="Mike Bada, University of Colorado Anschutz Medical Campus" id="CL_basic_2014_02_21_Instance_18919" type="identity">
            <class id="CL:0000034" label="stem cell"/>
            <span end="32077" id="16628246-5996" start="32068">stem cell</span>
        </annotation>
        <annotation annotator="Mike Bada, University of Colorado Anschutz Medical Campus" id="CL_basic_2014_02_21_Instance_42258" type="identity">
            <class id="CL:0002488" label="trophoblast giant cell"/>
            <span end="32828" id="16628246-6219" start="32824">TGCs</span>
        </annotation>
        <annotation annotator="Mike Bada, University of Colorado Anschutz Medical Campus" id="CL_basic_2014_02_21_Instance_42178" type="identity">
            <class id="CL:0002498" label="secondary trophoblast giant cell"/>
            <span end="33015" id="16628246-6141" start="32995">secondary giant cell</span>
        </annotation>
        <annotation annotator="Mike Bada, University of Colorado Anschutz Medical Campus" id="CL_basic_2014_02_21_Instance_42180" type="identity">
            <class id="CL:0002498" label="secondary trophoblast giant cell"/>
            <span end="33160" id="16628246-6143" start="33146">secondary TGCs</span>
        </annotation>
        <annotation annotator="Mike Bada, University of Colorado Anschutz Medical Campus" id="CL_basic_2014_02_21_Instance_18923" type="identity">
            <class id="CL:0000351" label="trophoblast cell"/>
            <span end="33198" id="16628246-5998" start="33181">trophoblast cells</span>
        </annotation>
        <annotation annotator="Mike Bada, University of Colorado Anschutz Medical Campus" id="CL_basic_2014_02_21_Instance_18925" type="identity">
            <class id="CL:0000540" label="neuron"/>
            <span end="33759" id="16628246-6000" start="33752">neurons</span>
        </annotation>
        <annotation annotator="Mike Bada, University of Colorado Anschutz Medical Campus" id="CL_basic_2014_02_21_Instance_42184" type="identity">
            <class id="CL:0002498" label="secondary trophoblast giant cell"/>
            <span end="33784" id="16628246-6145" start="33770">secondary TGCs</span>
        </annotation>
        <annotation annotator="Mike Bada, University of Colorado Anschutz Medical Campus" id="CL_basic_2014_02_21_Instance_70239" type="identity">
            <class id="CL:0000764" label="erythroid lineage cell"/>
            <span end="34273" id="16628246-6223" start="34264">erythroid</span>
        </annotation>
        <annotation annotator="Mike Bada, University of Colorado Anschutz Medical Campus" id="CL_basic_2014_02_21_Instance_25517" type="identity">
            <class id="CL:0000351" label="trophoblast cell"/>
            <span end="36575" id="16628246-6022" start="36564">trophoblast</span>
            <span end="36585" id="16628246-6023" start="36581">cell</span>
        </annotation>
        <annotation annotator="Mike Bada, University of Colorado Anschutz Medical Campus" id="CL_basic_2014_02_21_Instance_18929" type="identity">
            <class id="CL:0000034" label="stem cell"/>
            <span end="36585" id="16628246-6002" start="36576">stem cell</span>
        </annotation>
        <annotation annotator="Mike Bada, University of Colorado Anschutz Medical Campus" id="CL_basic_2014_02_21_Instance_18935" type="identity">
            <class id="CL:0000349" label="extraembryonic cell"/>
            <span end="37506" id="16628246-6004" start="37486">extraembryonic cells</span>
        </annotation>
        <annotation annotator="Mike Bada, University of Colorado Anschutz Medical Campus" id="CL_basic_2014_02_21_Instance_18937" type="identity">
            <class id="CL:0000349" label="extraembryonic cell"/>
            <span end="37582" id="16628246-6006" start="37562">extraembryonic cells</span>
        </annotation>
        <annotation annotator="Mike Bada, University of Colorado Anschutz Medical Campus" id="CL_basic_2014_02_21_Instance_18951" type="identity">
            <class id="CL:0000540" label="neuron"/>
            <span end="39826" id="16628246-6008" start="39819">neurons</span>
        </annotation>
        <annotation annotator="Mike Bada, University of Colorado Anschutz Medical Campus" id="CL_basic_2014_02_21_Instance_42186" type="identity">
            <class id="CL:0002322" label="embryonic stem cell"/>
            <span end="40257" id="16628246-6147" start="40249">ES cells</span>
        </annotation>
        <annotation annotator="Mike Bada, University of Colorado Anschutz Medical Campus" id="CL_basic_2014_02_21_Instance_42188" type="identity">
            <class id="CL:0002322" label="embryonic stem cell"/>
            <span end="40600" id="16628246-6149" start="40592">ES cells</span>
        </annotation>
        <annotation annotator="Mike Bada, University of Colorado Anschutz Medical Campus" id="CL_basic_2014_02_21_Instance_42190" type="identity">
            <class id="CL:0002322" label="embryonic stem cell"/>
            <span end="41321" id="16628246-6151" start="41313">ES cells</span>
        </annotation>
        <annotation annotator="Mike Bada, University of Colorado Anschutz Medical Campus" id="CL_basic_2014_02_21_Instance_42192" type="identity">
            <class id="CL:0002322" label="embryonic stem cell"/>
            <span end="41351" id="16628246-6153" start="41344">ES cell</span>
        </annotation>
        <annotation annotator="Mike Bada, University of Colorado Anschutz Medical Campus" id="CL_basic_2014_02_21_Instance_42194" type="identity">
            <class id="CL:0002322" label="embryonic stem cell"/>
            <span end="42604" id="16628246-6155" start="42597">ES cell</span>
        </annotation>
        <annotation annotator="Mike Bada, University of Colorado Anschutz Medical Campus" id="CL_basic_2014_02_21_Instance_42196" type="identity">
            <class id="CL:0002322" label="embryonic stem cell"/>
            <span end="43569" id="16628246-6157" start="43562">ES cell</span>
        </annotation>
        <annotation annotator="Mike Bada, University of Colorado Anschutz Medical Campus" id="CL_basic_2014_02_21_Instance_25521" type="identity">
            <class id="CL:0000445" label="apoptosis fated cell"/>
            <span end="45120" id="16628246-6025" start="45105">apoptotic cells</span>
        </annotation>
        <annotation annotator="Mike Bada, University of Colorado Anschutz Medical Campus" id="CL_basic_2014_02_21_Instance_42198" type="identity">
            <class id="CL:0002322" label="embryonic stem cell"/>
            <span end="46363" id="16628246-6159" start="46355">ES Cells</span>
        </annotation>
        <annotation annotator="Mike Bada, University of Colorado Anschutz Medical Campus" id="CL_basic_2014_02_21_Instance_42200" type="identity">
            <class id="CL:0002322" label="embryonic stem cell"/>
            <span end="46421" id="16628246-6161" start="46413">ES cells</span>
        </annotation>
        <annotation annotator="Mike Bada, University of Colorado Anschutz Medical Campus" id="CL_basic_2014_02_21_Instance_42202" type="identity">
            <class id="CL:0002322" label="embryonic stem cell"/>
            <span end="46926" id="16628246-6163" start="46918">ES cells</span>
        </annotation>
        <annotation annotator="Mike Bada, University of Colorado Anschutz Medical Campus" id="CL_basic_2014_02_21_Instance_42204" type="identity">
            <class id="CL:0002322" label="embryonic stem cell"/>
            <span end="47273" id="16628246-6165" start="47266">ES cell</span>
        </annotation>
        <annotation annotator="Mike Bada, University of Colorado Anschutz Medical Campus" id="CL_basic_2014_02_21_Instance_42206" type="identity">
            <class id="CL:0002322" label="embryonic stem cell"/>
            <span end="47441" id="16628246-6167" start="47433">ES Cells</span>
        </annotation>
        <annotation annotator="Mike Bada, University of Colorado Anschutz Medical Campus" id="CL_basic_2014_02_21_Instance_42208" type="identity">
            <class id="CL:0002322" label="embryonic stem cell"/>
            <span end="47468" id="16628246-6169" start="47460">ES cells</span>
        </annotation>
        <annotation annotator="Mike Bada, University of Colorado Anschutz Medical Campus" id="CL_basic_2014_02_21_Instance_42210" type="identity">
            <class id="CL:0002322" label="embryonic stem cell"/>
            <span end="47919" id="16628246-6171" start="47911">ES Cells</span>
        </annotation>
        <annotation annotator="Mike Bada, University of Colorado Anschutz Medical Campus" id="CL_basic_2014_02_21_Instance_42212" type="identity">
            <class id="CL:0002322" label="embryonic stem cell"/>
            <span end="48043" id="16628246-6173" start="48035">ES cells</span>
        </annotation>
        <annotation annotator="Mike Bada, University of Colorado Anschutz Medical Campus" id="CL_basic_2014_02_21_Instance_42214" type="identity">
            <class id="CL:0002322" label="embryonic stem cell"/>
            <span end="48477" id="16628246-6175" start="48469">ES cells</span>
        </annotation>
        <annotation annotator="Mike Bada, University of Colorado Anschutz Medical Campus" id="CL_basic_2014_02_21_Instance_42216" type="identity">
            <class id="CL:0002322" label="embryonic stem cell"/>
            <span end="48543" id="16628246-6177" start="48535">ES cells</span>
        </annotation>
        <annotation annotator="Mike Bada, University of Colorado Anschutz Medical Campus" id="CL_basic_2014_02_21_Instance_42218" type="identity">
            <class id="CL:0002322" label="embryonic stem cell"/>
            <span end="51026" id="16628246-6179" start="51018">ES cells</span>
        </annotation>
        <annotation annotator="Mike Bada, University of Colorado Anschutz Medical Campus" id="CL_basic_2014_02_21_Instance_42220" type="identity">
            <class id="CL:0002322" label="embryonic stem cell"/>
            <span end="51314" id="16628246-6181" start="51306">ES cells</span>
        </annotation>
        <annotation annotator="Mike Bada, University of Colorado Anschutz Medical Campus" id="CL_basic_2014_02_21_Instance_42222" type="identity">
            <class id="CL:0002322" label="embryonic stem cell"/>
            <span end="51337" id="16628246-6183" start="51317">embryonic stem cells</span>
        </annotation>
        <annotation annotator="Mike Bada, University of Colorado Anschutz Medical Campus" id="CL_basic_2014_02_21_Instance_42224" type="identity">
            <class id="CL:0002488" label="trophoblast giant cell"/>
            <span end="51397" id="16628246-6185" start="51394">TGC</span>
        </annotation>
        <annotation annotator="Mike Bada, University of Colorado Anschutz Medical Campus" id="CL_basic_2014_02_21_Instance_42226" type="identity">
            <class id="CL:0002488" label="trophoblast giant cell"/>
            <span end="51422" id="16628246-6187" start="51400">trophoblast giant cell</span>
        </annotation>
        <annotation annotator="Mike Bada, University of Colorado Anschutz Medical Campus" id="CL_basic_2014_02_21_Instance_42228" type="identity">
            <class id="CL:0002322" label="embryonic stem cell"/>
            <span end="52462" id="16628246-6189" start="52454">ES Cells</span>
        </annotation>
        <annotation annotator="Mike Bada, University of Colorado Anschutz Medical Campus" id="CL_basic_2014_02_21_Instance_42230" type="identity">
            <class id="CL:0002322" label="embryonic stem cell"/>
            <span end="53385" id="16628246-6191" start="53377">ES cells</span>
        </annotation>
        <annotation annotator="Mike Bada, University of Colorado Anschutz Medical Campus" id="CL_basic_2014_02_21_Instance_42232" type="identity">
            <class id="CL:0002322" label="embryonic stem cell"/>
            <span end="53411" id="16628246-6193" start="53404">ES cell</span>
        </annotation>
        <annotation annotator="Mike Bada, University of Colorado Anschutz Medical Campus" id="CL_basic_2014_02_21_Instance_42234" type="identity">
            <class id="CL:0002322" label="embryonic stem cell"/>
            <span end="53766" id="16628246-6195" start="53758">ES cells</span>
        </annotation>
        <annotation annotator="Mike Bada, University of Colorado Anschutz Medical Campus" id="CL_basic_2014_02_21_Instance_42236" type="identity">
            <class id="CL:0002322" label="embryonic stem cell"/>
            <span end="53792" id="16628246-6197" start="53785">ES cell</span>
        </annotation>
        <annotation annotator="Mike Bada, University of Colorado Anschutz Medical Campus" id="CL_basic_2014_02_21_Instance_42238" type="identity">
            <class id="CL:0002322" label="embryonic stem cell"/>
            <span end="54128" id="16628246-6199" start="54120">ES cells</span>
        </annotation>
        <annotation annotator="Mike Bada, University of Colorado Anschutz Medical Campus" id="CL_basic_2014_02_21_Instance_42240" type="identity">
            <class id="CL:0002322" label="embryonic stem cell"/>
            <span end="54735" id="16628246-6201" start="54727">ES Cells</span>
        </annotation>
        <annotation annotator="Mike Bada, University of Colorado Anschutz Medical Campus" id="CL_basic_2014_02_21_Instance_42242" type="identity">
            <class id="CL:0002322" label="embryonic stem cell"/>
            <span end="54801" id="16628246-6203" start="54793">ES cells</span>
        </annotation>
        <annotation annotator="Mike Bada, University of Colorado Anschutz Medical Campus" id="CL_basic_2014_02_21_Instance_42244" type="identity">
            <class id="CL:0002322" label="embryonic stem cell"/>
            <span end="55764" id="16628246-6205" start="55756">ES cells</span>
        </annotation>
        <annotation annotator="Mike Bada, University of Colorado Anschutz Medical Campus" id="CL_basic_2014_02_21_Instance_42246" type="identity">
            <class id="CL:0002488" label="trophoblast giant cell"/>
            <span end="57985" id="16628246-6207" start="57982">tgc</span>
        </annotation>
        <annotation annotator="Mike Bada, University of Colorado Anschutz Medical Campus" id="CL_basic_2014_02_21_Instance_42248" type="identity">
            <class id="CL:0002488" label="trophoblast giant cell"/>
            <span end="58009" id="16628246-6209" start="57987">trophoblast giant cell</span>
        </annotation>
        <annotation annotator="Mike Bada, University of Colorado Anschutz Medical Campus" id="CL_basic_2014_02_21_Instance_25529" type="identity">
            <class id="CL:0000445" label="apoptosis fated cell"/>
            <span end="58472" id="16628246-6027" start="58457">apoptotic cells</span>
        </annotation>
        <annotation annotator="Mike Bada, University of Colorado Anschutz Medical Campus" id="CL_basic_2014_02_21_Instance_42260" type="identity">
            <class id="CL:0002488" label="trophoblast giant cell"/>
            <span end="59724" id="16628246-6221" start="59720">TGCs</span>
        </annotation>
        <annotation annotator="Mike Bada, University of Colorado Anschutz Medical Campus" id="CL_basic_2014_02_21_Instance_42250" type="identity">
            <class id="CL:0002488" label="trophoblast giant cell"/>
            <span end="59937" id="16628246-6211" start="59933">TGCs</span>
        </annotation>
        <graph-space id="Old Knowtator Relations"/>
    </document>
</knowtator-project>
