<?xml version="1.0" encoding="UTF-8" standalone="no"?>
<knowtator-project>
  <document id="17020410" text-file="17020410.txt">
    <annotation annotator="Mike Bada, University of Colorado Anschutz Medical Campus" id="CL_basic_2014_02_21_Instance_42789" type="identity">
      <class id="CL:0002322" label="embryonic stem cell"/>
      <span end="5846" id="17020410-6779" start="5826">embryonic stem cells</span>
    </annotation>
    <annotation annotator="Mike Bada, University of Colorado Anschutz Medical Campus" id="CL_basic_2014_02_21_Instance_42791" type="identity">
      <class id="CL:0002322" label="embryonic stem cell"/>
      <span end="8479" id="17020410-6781" start="8460">embryonic stem cell</span>
    </annotation>
    <annotation annotator="Mike Bada, University of Colorado Anschutz Medical Campus" id="CL_basic_2014_02_21_Instance_42793" type="identity">
      <class id="CL:0002322" label="embryonic stem cell"/>
      <span end="8926" id="17020410-6783" start="8907">embryonic stem cell</span>
    </annotation>
    <annotation annotator="Mike Bada, University of Colorado Anschutz Medical Campus" id="CL_basic_2014_02_21_Instance_42795" type="identity">
      <class id="CL:0002242" label="nucleate cell"/>
      <span end="13053" id="17020410-6785" start="13038">nucleated cells</span>
    </annotation>
    <annotation annotator="Mike Bada, University of Colorado Anschutz Medical Campus" id="CL_basic_2014_02_21_Instance_19627" type="identity">
      <class id="CL:0000057" label="fibroblast"/>
      <span end="17602" id="17020410-6763" start="17591">fibroblasts</span>
    </annotation>
    <annotation annotator="Mike Bada, University of Colorado Anschutz Medical Campus" id="CL_basic_2014_02_21_Instance_19683" type="identity">
      <class id="CL:0000057" label="fibroblast"/>
      <span end="22368" id="17020410-6765" start="22357">fibroblasts</span>
    </annotation>
    <annotation annotator="Mike Bada, University of Colorado Anschutz Medical Campus" id="CL_basic_2014_02_21_Instance_19685" type="identity">
      <class id="CL:0000057" label="fibroblast"/>
      <span end="22625" id="17020410-6767" start="22614">fibroblasts</span>
    </annotation>
    <annotation annotator="Mike Bada, University of Colorado Anschutz Medical Campus" id="CL_basic_2014_02_21_Instance_11499" type="identity">
      <class id="CL:0000225" label="anucleate cell"/>
      <span end="26215" id="17020410-6760" start="26204">enucleating</span>
      <span end="26236" id="17020410-6761" start="26231">cells</span>
    </annotation>
    <annotation annotator="Mike Bada, University of Colorado Anschutz Medical Campus" id="CL_basic_2014_02_21_Instance_19695" type="identity">
      <class id="CL:0000081" label="blood cell"/>
      <span end="26236" id="17020410-6769" start="26225">blood cells</span>
    </annotation>
    <annotation annotator="Mike Bada, University of Colorado Anschutz Medical Campus" id="CL_basic_2014_02_21_Instance_42798" type="identity">
      <class id="CL:0002559" label="hair follicle cell"/>
      <span end="27038" id="17020410-6787" start="27028">hair-shaft</span>
      <span end="27055" id="17020410-6788" start="27050">cells</span>
    </annotation>
    <annotation annotator="Mike Bada, University of Colorado Anschutz Medical Campus" id="CL_basic_2014_02_21_Instance_19697" type="identity">
      <class id="CL:0000081" label="blood cell"/>
      <span end="27055" id="17020410-6771" start="27044">blood cells</span>
    </annotation>
    <annotation annotator="Mike Bada, University of Colorado Anschutz Medical Campus" id="CL_basic_2014_02_21_Instance_42800" type="identity">
      <class id="CL:0002559" label="hair follicle cell"/>
      <span end="27672" id="17020410-6790" start="27662">hair-shaft</span>
      <span end="27689" id="17020410-6791" start="27684">cells</span>
    </annotation>
    <annotation annotator="Mike Bada, University of Colorado Anschutz Medical Campus" id="CL_basic_2014_02_21_Instance_19699" type="identity">
      <class id="CL:0000081" label="blood cell"/>
      <span end="27689" id="17020410-6773" start="27678">blood cells</span>
    </annotation>
    <annotation annotator="Mike Bada, University of Colorado Anschutz Medical Campus" id="CL_basic_2014_02_21_Instance_19705" type="identity">
      <class id="CL:0000057" label="fibroblast"/>
      <span end="34135" id="17020410-6775" start="34124">fibroblasts</span>
    </annotation>
    <annotation annotator="Mike Bada, University of Colorado Anschutz Medical Campus" id="CL_basic_2014_02_21_Instance_19713" type="identity">
      <class id="CL:0000057" label="fibroblast"/>
      <span end="35730" id="17020410-6777" start="35719">fibroblasts</span>
    </annotation>
    <graph-space id="Old Knowtator Relations"/>
  </document>
</knowtator-project>
