<?xml version="1.0" encoding="UTF-8" standalone="no"?>
<knowtator-project>
  <document id="17447844" text-file="17447844.txt">
    <annotation annotator="Mike Bada, University of Colorado Anschutz Medical Campus" id="CL_basic_2014_02_21_Instance_20569" type="identity">
      <class id="CL:0000586" label="germ cell"/>
      <span end="204" id="17447844-7435" start="195">germ cell</span>
    </annotation>
    <annotation annotator="Mike Bada, University of Colorado Anschutz Medical Campus" id="CL_basic_2014_02_21_Instance_20571" type="identity">
      <class id="CL:0000586" label="germ cell"/>
      <span end="1048" id="17447844-7437" start="1038">germ cells</span>
    </annotation>
    <annotation annotator="Mike Bada, University of Colorado Anschutz Medical Campus" id="CL_basic_2014_02_21_Instance_20577" type="identity">
      <class id="CL:0000015" label="male germ cell"/>
      <span end="2309" id="17447844-7439" start="2295">male germ cell</span>
    </annotation>
    <annotation annotator="Mike Bada, University of Colorado Anschutz Medical Campus" id="CL_basic_2014_02_21_Instance_20579" type="identity">
      <class id="CL:0000586" label="germ cell"/>
      <span end="2505" id="17447844-7441" start="2495">germ cells</span>
    </annotation>
    <annotation annotator="Mike Bada, University of Colorado Anschutz Medical Campus" id="CL_basic_2014_02_21_Instance_50615" type="identity">
      <class id="CL:0002371" label="somatic cell"/>
      <span end="3241" id="17447844-7689" start="3228">somatic cells</span>
    </annotation>
    <annotation annotator="Mike Bada, University of Colorado Anschutz Medical Campus" id="CL_basic_2014_02_21_Instance_20585" type="identity">
      <class id="CL:0000300" label="gamete"/>
      <span end="3341" id="17447844-7443" start="3334">gametes</span>
    </annotation>
    <annotation annotator="Mike Bada, University of Colorado Anschutz Medical Campus" id="CL_basic_2014_02_21_Instance_20587" type="identity">
      <class id="CL:0000300" label="gamete"/>
      <span end="3361" id="17447844-7445" start="3354">Gametes</span>
    </annotation>
    <annotation annotator="Mike Bada, University of Colorado Anschutz Medical Campus" id="CL_basic_2014_02_21_Instance_20589" type="identity">
      <class id="CL:0000365" label="zygote"/>
      <span end="3485" id="17447844-7447" start="3479">zygote</span>
    </annotation>
    <annotation annotator="Mike Bada, University of Colorado Anschutz Medical Campus" id="CL_basic_2014_02_21_Instance_20591" type="identity">
      <class id="CL:0000300" label="gamete"/>
      <span end="3534" id="17447844-7449" start="3527">gametes</span>
    </annotation>
    <annotation annotator="Mike Bada, University of Colorado Anschutz Medical Campus" id="CL_basic_2014_02_21_Instance_20593" type="identity">
      <class id="CL:0000300" label="gamete"/>
      <span end="3608" id="17447844-7451" start="3601">gametes</span>
    </annotation>
    <annotation annotator="Mike Bada, University of Colorado Anschutz Medical Campus" id="CL_basic_2014_02_21_Instance_20595" type="identity">
      <class id="CL:0000586" label="germ cell"/>
      <span end="3889" id="17447844-7453" start="3879">germ cells</span>
    </annotation>
    <annotation annotator="Mike Bada, University of Colorado Anschutz Medical Campus" id="CL_basic_2014_02_21_Instance_20597" type="identity">
      <class id="CL:0000023" label="oocyte"/>
      <span end="3995" id="17447844-7455" start="3988">oocytes</span>
    </annotation>
    <annotation annotator="Mike Bada, University of Colorado Anschutz Medical Campus" id="CL_basic_2014_02_21_Instance_20599" type="identity">
      <class id="CL:0000023" label="oocyte"/>
      <span end="4289" id="17447844-7457" start="4283">oocyte</span>
    </annotation>
    <annotation annotator="Mike Bada, University of Colorado Anschutz Medical Campus" id="CL_basic_2014_02_21_Instance_20601" type="identity">
      <class id="CL:0000017" label="spermatocyte"/>
      <span end="4387" id="17447844-7459" start="4374">spermatocytes</span>
    </annotation>
    <annotation annotator="Mike Bada, University of Colorado Anschutz Medical Campus" id="CL_basic_2014_02_21_Instance_20603" type="identity">
      <class id="CL:0000023" label="oocyte"/>
      <span end="4611" id="17447844-7461" start="4605">oocyte</span>
    </annotation>
    <annotation annotator="Mike Bada, University of Colorado Anschutz Medical Campus" id="CL_basic_2014_02_21_Instance_20605" type="identity">
      <class id="CL:0000019" label="sperm"/>
      <span end="4669" id="17447844-7463" start="4664">sperm</span>
    </annotation>
    <annotation annotator="Mike Bada, University of Colorado Anschutz Medical Campus" id="CL_basic_2014_02_21_Instance_20607" type="identity">
      <class id="CL:0000015" label="male germ cell"/>
      <span end="5291" id="17447844-7465" start="5276">male germ cells</span>
    </annotation>
    <annotation annotator="Mike Bada, University of Colorado Anschutz Medical Campus" id="CL_basic_2014_02_21_Instance_20609" type="identity">
      <class id="CL:0000586" label="germ cell"/>
      <span end="8202" id="17447844-7467" start="8192">germ cells</span>
    </annotation>
    <annotation annotator="Mike Bada, University of Colorado Anschutz Medical Campus" id="CL_basic_2014_02_21_Instance_20611" type="identity">
      <class id="CL:0000216" label="Sertoli cell"/>
      <span end="8220" id="17447844-7469" start="8207">Sertoli cells</span>
    </annotation>
    <annotation annotator="Mike Bada, University of Colorado Anschutz Medical Campus" id="CL_basic_2014_02_21_plus_nested_test_Instance_0" type="identity">
      <class id="CL:0000025" label="egg cell"/>
      <span end="8270" id="17447844-7735" start="8264">ovular</span>
    </annotation>
    <annotation annotator="Mike Bada, University of Colorado Anschutz Medical Campus" id="CL_basic_2014_02_21_Instance_20613" type="identity">
      <class id="CL:0000586" label="germ cell"/>
      <span end="8941" id="17447844-7471" start="8931">germ cells</span>
    </annotation>
    <annotation annotator="Mike Bada, University of Colorado Anschutz Medical Campus" id="CL_basic_2014_02_21_Instance_11535" type="identity">
      <class id="CL:0000015" label="male germ cell"/>
      <span end="8993" id="17447844-7428" start="8989">male</span>
      <span end="9014" id="17447844-7429" start="9004">germ cells</span>
    </annotation>
    <annotation annotator="Mike Bada, University of Colorado Anschutz Medical Campus" id="CL_basic_2014_02_21_Instance_20617" type="identity">
      <class id="CL:0000017" label="spermatocyte"/>
      <span end="11318" id="17447844-7473" start="11305">spermatocytes</span>
    </annotation>
    <annotation annotator="Mike Bada, University of Colorado Anschutz Medical Campus" id="CL_basic_2014_02_21_Instance_20619" type="identity">
      <class id="CL:0000017" label="spermatocyte"/>
      <span end="11731" id="17447844-7475" start="11718">spermatocytes</span>
    </annotation>
    <annotation annotator="Mike Bada, University of Colorado Anschutz Medical Campus" id="CL_basic_2014_02_21_Instance_20621" type="identity">
      <class id="CL:0000019" label="sperm"/>
      <span end="11764" id="17447844-7477" start="11759">sperm</span>
    </annotation>
    <annotation annotator="Mike Bada, University of Colorado Anschutz Medical Campus" id="CL_basic_2014_02_21_Instance_20623" type="identity">
      <class id="CL:0000586" label="germ cell"/>
      <span end="11806" id="17447844-7479" start="11797">germ cell</span>
    </annotation>
    <annotation annotator="Mike Bada, University of Colorado Anschutz Medical Campus" id="CL_basic_2014_02_21_Instance_10083" type="identity">
      <class id="CL:0000020" label="spermatogonium"/>
      <span end="11836" id="17447844-7390" start="11823">spermatogonia</span>
    </annotation>
    <annotation annotator="Mike Bada, University of Colorado Anschutz Medical Campus" id="CL_basic_2014_02_21_Instance_20625" type="identity">
      <class id="CL:0000018" label="spermatid"/>
      <span end="11857" id="17447844-7481" start="11847">spermatids</span>
    </annotation>
    <annotation annotator="Mike Bada, University of Colorado Anschutz Medical Campus" id="CL_basic_2014_02_21_Instance_50622" type="identity">
      <class id="CL:0002371" label="somatic cell"/>
      <span end="11907" id="17447844-7691" start="11894">somatic cells</span>
    </annotation>
    <annotation annotator="Mike Bada, University of Colorado Anschutz Medical Campus" id="CL_basic_2014_02_21_Instance_20629" type="identity">
      <class id="CL:0000216" label="Sertoli cell"/>
      <span end="11929" id="17447844-7483" start="11916">Sertoli cells</span>
    </annotation>
    <annotation annotator="Mike Bada, University of Colorado Anschutz Medical Campus" id="CL_basic_2014_02_21_Instance_50625" type="identity">
      <class id="CL:0002481" label="peritubular myoid cell"/>
      <span end="11954" id="17447844-7693" start="11931">peritubular myoid cells</span>
    </annotation>
    <annotation annotator="Mike Bada, University of Colorado Anschutz Medical Campus" id="CL_basic_2014_02_21_Instance_20633" type="identity">
      <class id="CL:0000178" label="Leydig cell"/>
      <span end="11971" id="17447844-7485" start="11959">Leydig cells</span>
    </annotation>
    <annotation annotator="Mike Bada, University of Colorado Anschutz Medical Campus" id="CL_basic_2014_02_21_Instance_20635" type="identity">
      <class id="CL:0000216" label="Sertoli cell"/>
      <span end="12123" id="17447844-7487" start="12110">Sertoli cells</span>
    </annotation>
    <annotation annotator="Mike Bada, University of Colorado Anschutz Medical Campus" id="CL_basic_2014_02_21_Instance_20637" type="identity">
      <class id="CL:0000017" label="spermatocyte"/>
      <span end="12230" id="17447844-7489" start="12217">spermatocytes</span>
    </annotation>
    <annotation annotator="Mike Bada, University of Colorado Anschutz Medical Campus" id="CL_basic_2014_02_21_Instance_20639" type="identity">
      <class id="CL:0000017" label="spermatocyte"/>
      <span end="12355" id="17447844-7491" start="12342">spermatocytes</span>
    </annotation>
    <annotation annotator="Mike Bada, University of Colorado Anschutz Medical Campus" id="CL_basic_2014_02_21_Instance_20641" type="identity">
      <class id="CL:0000019" label="sperm"/>
      <span end="13516" id="17447844-7493" start="13511">sperm</span>
    </annotation>
    <annotation annotator="Mike Bada, University of Colorado Anschutz Medical Campus" id="CL_basic_2014_02_21_Instance_20643" type="identity">
      <class id="CL:0000019" label="sperm"/>
      <span end="13584" id="17447844-7495" start="13579">sperm</span>
    </annotation>
    <annotation annotator="Mike Bada, University of Colorado Anschutz Medical Campus" id="CL_basic_2014_02_21_Instance_20645" type="identity">
      <class id="CL:0000017" label="spermatocyte"/>
      <span end="13708" id="17447844-7497" start="13695">spermatocytes</span>
    </annotation>
    <annotation annotator="Mike Bada, University of Colorado Anschutz Medical Campus" id="CL_basic_2014_02_21_Instance_50628" type="identity">
      <class id="CL:0002322" label="embryonic stem cell"/>
      <span end="13876" id="17447844-7695" start="13862">embryonic stem</span>
      <span end="13887" id="17447844-7696" start="13882">cells</span>
    </annotation>
    <annotation annotator="Mike Bada, University of Colorado Anschutz Medical Campus" id="CL_basic_2014_02_21_plus_nested_test_Instance_10091" type="identity">
      <class id="CL:0002322" label="embryonic stem cell"/>
      <span end="13880" id="17447844-7737" start="13878">ES</span>
      <span end="13887" id="17447844-7738" start="13882">cells</span>
    </annotation>
    <annotation annotator="Mike Bada, University of Colorado Anschutz Medical Campus" id="CL_basic_2014_02_21_Instance_50632" type="identity">
      <class id="CL:0002322" label="embryonic stem cell"/>
      <span end="14619" id="17447844-7698" start="14612">ES cell</span>
    </annotation>
    <annotation annotator="Mike Bada, University of Colorado Anschutz Medical Campus" id="CL_basic_2014_02_21_Instance_10087" type="identity">
      <class id="CL:0000020" label="spermatogonium"/>
      <span end="16372" id="17447844-7392" start="16359">spermatogonia</span>
    </annotation>
    <annotation annotator="Mike Bada, University of Colorado Anschutz Medical Campus" id="CL_basic_2014_02_21_Instance_20653" type="identity">
      <class id="CL:0000586" label="germ cell"/>
      <span end="16401" id="17447844-7499" start="16391">germ cells</span>
    </annotation>
    <annotation annotator="Mike Bada, University of Colorado Anschutz Medical Campus" id="CL_basic_2014_02_21_Instance_20655" type="identity">
      <class id="CL:0000586" label="germ cell"/>
      <span end="16636" id="17447844-7501" start="16626">germ cells</span>
    </annotation>
    <annotation annotator="Mike Bada, University of Colorado Anschutz Medical Campus" id="CL_basic_2014_02_21_Instance_20657" type="identity">
      <class id="CL:0000586" label="germ cell"/>
      <span end="16688" id="17447844-7503" start="16678">germ cells</span>
    </annotation>
    <annotation annotator="Mike Bada, University of Colorado Anschutz Medical Campus" id="CL_basic_2014_02_21_Instance_20659" type="identity">
      <class id="CL:0000018" label="spermatid"/>
      <span end="16786" id="17447844-7505" start="16776">spermatids</span>
    </annotation>
    <annotation annotator="Mike Bada, University of Colorado Anschutz Medical Campus" id="CL_basic_2014_02_21_Instance_10089" type="identity">
      <class id="CL:0000019" label="sperm"/>
      <span end="16818" id="17447844-7394" start="16807">spermatozoa</span>
    </annotation>
    <annotation annotator="Mike Bada, University of Colorado Anschutz Medical Campus" id="CL_basic_2014_02_21_Instance_20663" type="identity">
      <class id="CL:0000018" label="spermatid"/>
      <span end="16871" id="17447844-7507" start="16862">spermatid</span>
    </annotation>
    <annotation annotator="Mike Bada, University of Colorado Anschutz Medical Campus" id="CL_basic_2014_02_21_Instance_20665" type="identity">
      <class id="CL:0000216" label="Sertoli cell"/>
      <span end="17074" id="17447844-7509" start="17061">Sertoli cells</span>
    </annotation>
    <annotation annotator="Mike Bada, University of Colorado Anschutz Medical Campus" id="CL_basic_2014_02_21_Instance_10091" type="identity">
      <class id="CL:0000020" label="spermatogonium"/>
      <span end="17092" id="17447844-7396" start="17079">spermatogonia</span>
    </annotation>
    <annotation annotator="Mike Bada, University of Colorado Anschutz Medical Campus" id="CL_basic_2014_02_21_Instance_20667" type="identity">
      <class id="CL:0000656" label="primary spermatocyte"/>
      <span end="17136" id="17447844-7511" start="17115">primary spermatocytes</span>
    </annotation>
    <annotation annotator="Mike Bada, University of Colorado Anschutz Medical Campus" id="CL_basic_2014_02_21_Instance_10093" type="identity">
      <class id="CL:0000228" label="multinucleate cell"/>
      <span end="17192" id="17447844-7398" start="17172">multinucleated cells</span>
    </annotation>
    <annotation annotator="Mike Bada, University of Colorado Anschutz Medical Campus" id="CL_basic_2014_02_21_Instance_50636" type="identity">
      <class id="CL:0002242" label="nucleate cell"/>
      <span end="17207" id="17447844-7700" start="17197">cells with</span>
      <span end="17229" id="17447844-7701" start="17223">nuclei</span>
    </annotation>
    <annotation annotator="Mike Bada, University of Colorado Anschutz Medical Campus" id="CL_basic_2014_02_21_Instance_10095" type="identity">
      <class id="CL:0000445" label="apoptosis fated cell"/>
      <span end="17265" id="17447844-7400" start="17250">apoptotic cells</span>
    </annotation>
    <annotation annotator="Mike Bada, University of Colorado Anschutz Medical Campus" id="CL_basic_2014_02_21_Instance_20671" type="identity">
      <class id="CL:0000586" label="germ cell"/>
      <span end="17323" id="17447844-7513" start="17314">Germ Cell</span>
    </annotation>
    <annotation annotator="Mike Bada, University of Colorado Anschutz Medical Campus" id="CL_basic_2014_02_21_Instance_20673" type="identity">
      <class id="CL:0000017" label="spermatocyte"/>
      <span end="17748" id="17447844-7515" start="17735">spermatocytes</span>
    </annotation>
    <annotation annotator="Mike Bada, University of Colorado Anschutz Medical Campus" id="CL_basic_2014_02_21_Instance_20677" type="identity">
      <class id="CL:0000228" label="multinucleate cell"/>
      <span end="17887" id="17447844-7517" start="17868">multinucleate cells</span>
    </annotation>
    <annotation annotator="Mike Bada, University of Colorado Anschutz Medical Campus" id="CL_basic_2014_02_21_Instance_10097" type="identity">
      <class id="CL:0000445" label="apoptosis fated cell"/>
      <span end="18083" id="17447844-7402" start="18068">apoptotic cells</span>
    </annotation>
    <annotation annotator="Mike Bada, University of Colorado Anschutz Medical Campus" id="CL_basic_2014_02_21_Instance_10099" type="identity">
      <class id="CL:0000445" label="apoptosis fated cell"/>
      <span end="18157" id="17447844-7404" start="18142">Apoptotic cells</span>
    </annotation>
    <annotation annotator="Mike Bada, University of Colorado Anschutz Medical Campus" id="CL_basic_2014_02_21_Instance_10101" type="identity">
      <class id="CL:0000445" label="apoptosis fated cell"/>
      <span end="18516" id="17447844-7406" start="18501">apoptotic cells</span>
    </annotation>
    <annotation annotator="Mike Bada, University of Colorado Anschutz Medical Campus" id="CL_basic_2014_02_21_Instance_10103" type="identity">
      <class id="CL:0000445" label="apoptosis fated cell"/>
      <span end="18834" id="17447844-7408" start="18819">apoptotic cells</span>
    </annotation>
    <annotation annotator="Mike Bada, University of Colorado Anschutz Medical Campus" id="CL_basic_2014_02_21_Instance_10105" type="identity">
      <class id="CL:0000445" label="apoptosis fated cell"/>
      <span end="18897" id="17447844-7410" start="18882">apoptotic cells</span>
    </annotation>
    <annotation annotator="Mike Bada, University of Colorado Anschutz Medical Campus" id="CL_basic_2014_02_21_Instance_20683" type="identity">
      <class id="CL:0000216" label="Sertoli cell"/>
      <span end="18992" id="17447844-7519" start="18979">Sertoli cells</span>
    </annotation>
    <annotation annotator="Mike Bada, University of Colorado Anschutz Medical Campus" id="CL_basic_2014_02_21_Instance_50638" type="identity">
      <class id="CL:0002371" label="somatic cell"/>
      <span end="19108" id="17447844-7703" start="19096">somatic cell</span>
    </annotation>
    <annotation annotator="Mike Bada, University of Colorado Anschutz Medical Campus" id="CL_basic_2014_02_21_Instance_20689" type="identity">
      <class id="CL:0000586" label="germ cell"/>
      <span end="19370" id="17447844-7521" start="19360">Germ Cells</span>
    </annotation>
    <annotation annotator="Mike Bada, University of Colorado Anschutz Medical Campus" id="CL_basic_2014_02_21_Instance_20691" type="identity">
      <class id="CL:0000015" label="male germ cell"/>
      <span end="19446" id="17447844-7523" start="19431">male germ cells</span>
    </annotation>
    <annotation annotator="Mike Bada, University of Colorado Anschutz Medical Campus" id="CL_basic_2014_02_21_Instance_20693" type="identity">
      <class id="CL:0000586" label="germ cell"/>
      <span end="19522" id="17447844-7525" start="19513">germ cell</span>
    </annotation>
    <annotation annotator="Mike Bada, University of Colorado Anschutz Medical Campus" id="CL_basic_2014_02_21_Instance_50640" type="identity">
      <class id="CL:0000670" label="primordial germ cell"/>
      <span end="19558" id="17447844-7705" start="19554">PGCs</span>
    </annotation>
    <annotation annotator="Mike Bada, University of Colorado Anschutz Medical Campus" id="CL_basic_2014_02_21_Instance_10107" type="identity">
      <class id="CL:0000020" label="spermatogonium"/>
      <span end="19576" id="17447844-7412" start="19563">spermatogonia</span>
    </annotation>
    <annotation annotator="Mike Bada, University of Colorado Anschutz Medical Campus" id="CL_basic_2014_02_21_Instance_20703" type="identity">
      <class id="CL:0000017" label="spermatocyte"/>
      <span end="19864" id="17447844-7527" start="19851">spermatocytes</span>
    </annotation>
    <annotation annotator="Mike Bada, University of Colorado Anschutz Medical Campus" id="CL_basic_2014_02_21_Instance_20709" type="identity">
      <class id="CL:0000017" label="spermatocyte"/>
      <span end="20201" id="17447844-7529" start="20188">spermatocytes</span>
    </annotation>
    <annotation annotator="Mike Bada, University of Colorado Anschutz Medical Campus" id="CL_basic_2014_02_21_Instance_20711" type="identity">
      <class id="CL:0000018" label="spermatid"/>
      <span end="20230" id="17447844-7531" start="20220">spermatids</span>
    </annotation>
    <annotation annotator="Mike Bada, University of Colorado Anschutz Medical Campus" id="CL_basic_2014_02_21_Instance_20717" type="identity">
      <class id="CL:0000017" label="spermatocyte"/>
      <span end="20449" id="17447844-7533" start="20437">spermatocyte</span>
    </annotation>
    <annotation annotator="Mike Bada, University of Colorado Anschutz Medical Campus" id="CL_basic_2014_02_21_Instance_12601" type="identity">
      <class id="CL:0000586" label="germ cell"/>
      <span end="20914" id="17447844-7433" start="20904">Germ Cells</span>
    </annotation>
    <annotation annotator="Mike Bada, University of Colorado Anschutz Medical Campus" id="CL_basic_2014_02_21_Instance_10109" type="identity">
      <class id="CL:0000020" label="spermatogonium"/>
      <span end="21118" id="17447844-7414" start="21105">spermatogonia</span>
    </annotation>
    <annotation annotator="Mike Bada, University of Colorado Anschutz Medical Campus" id="CL_basic_2014_02_21_Instance_20727" type="identity">
      <class id="CL:0000017" label="spermatocyte"/>
      <span end="21201" id="17447844-7535" start="21188">spermatocytes</span>
    </annotation>
    <annotation annotator="Mike Bada, University of Colorado Anschutz Medical Campus" id="CL_basic_2014_02_21_Instance_20729" type="identity">
      <class id="CL:0000586" label="germ cell"/>
      <span end="21304" id="17447844-7537" start="21294">germ cells</span>
    </annotation>
    <annotation annotator="Mike Bada, University of Colorado Anschutz Medical Campus" id="CL_basic_2014_02_21_Instance_20731" type="identity">
      <class id="CL:0000586" label="germ cell"/>
      <span end="21471" id="17447844-7539" start="21461">germ cells</span>
    </annotation>
    <annotation annotator="Mike Bada, University of Colorado Anschutz Medical Campus" id="CL_basic_2014_02_21_Instance_20733" type="identity">
      <class id="CL:0000586" label="germ cell"/>
      <span end="21730" id="17447844-7541" start="21720">Germ Cells</span>
    </annotation>
    <annotation annotator="Mike Bada, University of Colorado Anschutz Medical Campus" id="CL_basic_2014_02_21_Instance_20735" type="identity">
      <class id="CL:0000017" label="spermatocyte"/>
      <span end="22352" id="17447844-7543" start="22339">spermatocytes</span>
    </annotation>
    <annotation annotator="Mike Bada, University of Colorado Anschutz Medical Campus" id="CL_basic_2014_02_21_Instance_20737" type="identity">
      <class id="CL:0000017" label="spermatocyte"/>
      <span end="22541" id="17447844-7545" start="22528">spermatocytes</span>
    </annotation>
    <annotation annotator="Mike Bada, University of Colorado Anschutz Medical Campus" id="CL_basic_2014_02_21_Instance_20741" type="identity">
      <class id="CL:0000586" label="germ cell"/>
      <span end="23052" id="17447844-7547" start="23042">Germ Cells</span>
    </annotation>
    <annotation annotator="Mike Bada, University of Colorado Anschutz Medical Campus" id="CL_basic_2014_02_21_Instance_20749" type="identity">
      <class id="CL:0000017" label="spermatocyte"/>
      <span end="23651" id="17447844-7549" start="23638">spermatocytes</span>
    </annotation>
    <annotation annotator="Mike Bada, University of Colorado Anschutz Medical Campus" id="CL_basic_2014_02_21_Instance_20751" type="identity">
      <class id="CL:0000216" label="Sertoli cell"/>
      <span end="23714" id="17447844-7551" start="23701">Sertoli Cells</span>
    </annotation>
    <annotation annotator="Mike Bada, University of Colorado Anschutz Medical Campus" id="CL_basic_2014_02_21_Instance_20753" type="identity">
      <class id="CL:0000216" label="Sertoli cell"/>
      <span end="23729" id="17447844-7553" start="23716">Sertoli cells</span>
    </annotation>
    <annotation annotator="Mike Bada, University of Colorado Anschutz Medical Campus" id="CL_basic_2014_02_21_Instance_20755" type="identity">
      <class id="CL:0000586" label="germ cell"/>
      <span end="23754" id="17447844-7555" start="23744">germ cells</span>
    </annotation>
    <annotation annotator="Mike Bada, University of Colorado Anschutz Medical Campus" id="CL_basic_2014_02_21_Instance_20757" type="identity">
      <class id="CL:0000586" label="germ cell"/>
      <span end="23823" id="17447844-7557" start="23814">germ cell</span>
    </annotation>
    <annotation annotator="Mike Bada, University of Colorado Anschutz Medical Campus" id="CL_basic_2014_02_21_Instance_20759" type="identity">
      <class id="CL:0000216" label="Sertoli cell"/>
      <span end="23901" id="17447844-7559" start="23888">Sertoli cells</span>
    </annotation>
    <annotation annotator="Mike Bada, University of Colorado Anschutz Medical Campus" id="CL_basic_2014_02_21_Instance_20761" type="identity">
      <class id="CL:0000216" label="Sertoli cell"/>
      <span end="23984" id="17447844-7561" start="23972">Sertoli cell</span>
    </annotation>
    <annotation annotator="Mike Bada, University of Colorado Anschutz Medical Campus" id="CL_basic_2014_02_21_Instance_20763" type="identity">
      <class id="CL:0000216" label="Sertoli cell"/>
      <span end="24095" id="17447844-7563" start="24083">Sertoli cell</span>
    </annotation>
    <annotation annotator="Mike Bada, University of Colorado Anschutz Medical Campus" id="CL_basic_2014_02_21_Instance_20765" type="identity">
      <class id="CL:0000216" label="Sertoli cell"/>
      <span end="24155" id="17447844-7565" start="24143">Sertoli cell</span>
    </annotation>
    <annotation annotator="Mike Bada, University of Colorado Anschutz Medical Campus" id="CL_basic_2014_02_21_Instance_20767" type="identity">
      <class id="CL:0000216" label="Sertoli cell"/>
      <span end="24215" id="17447844-7567" start="24202">Sertoli cells</span>
    </annotation>
    <annotation annotator="Mike Bada, University of Colorado Anschutz Medical Campus" id="CL_basic_2014_02_21_Instance_20769" type="identity">
      <class id="CL:0000216" label="Sertoli cell"/>
      <span end="24249" id="17447844-7569" start="24237">Sertoli cell</span>
    </annotation>
    <annotation annotator="Mike Bada, University of Colorado Anschutz Medical Campus" id="CL_basic_2014_02_21_Instance_20771" type="identity">
      <class id="CL:0000216" label="Sertoli cell"/>
      <span end="24459" id="17447844-7571" start="24446">Sertoli cells</span>
    </annotation>
    <annotation annotator="Mike Bada, University of Colorado Anschutz Medical Campus" id="CL_basic_2014_02_21_Instance_20773" type="identity">
      <class id="CL:0000216" label="Sertoli cell"/>
      <span end="24540" id="17447844-7573" start="24528">Sertoli cell</span>
    </annotation>
    <annotation annotator="Mike Bada, University of Colorado Anschutz Medical Campus" id="CL_basic_2014_02_21_Instance_20775" type="identity">
      <class id="CL:0000586" label="germ cell"/>
      <span end="24686" id="17447844-7575" start="24676">germ cells</span>
    </annotation>
    <annotation annotator="Mike Bada, University of Colorado Anschutz Medical Campus" id="CL_basic_2014_02_21_Instance_20777" type="identity">
      <class id="CL:0000017" label="spermatocyte"/>
      <span end="24704" id="17447844-7577" start="24691">spermatocytes</span>
    </annotation>
    <annotation annotator="Mike Bada, University of Colorado Anschutz Medical Campus" id="CL_basic_2014_02_21_Instance_20779" type="identity">
      <class id="CL:0000586" label="germ cell"/>
      <span end="24763" id="17447844-7579" start="24753">germ cells</span>
    </annotation>
    <annotation annotator="Mike Bada, University of Colorado Anschutz Medical Campus" id="CL_basic_2014_02_21_Instance_20781" type="identity">
      <class id="CL:0000216" label="Sertoli cell"/>
      <span end="24832" id="17447844-7581" start="24820">Sertoli Cell</span>
    </annotation>
    <annotation annotator="Mike Bada, University of Colorado Anschutz Medical Campus" id="CL_basic_2014_02_21_Instance_20783" type="identity">
      <class id="CL:0000216" label="Sertoli cell"/>
      <span end="25109" id="17447844-7583" start="25097">Sertoli cell</span>
    </annotation>
    <annotation annotator="Mike Bada, University of Colorado Anschutz Medical Campus" id="CL_basic_2014_02_21_Instance_20785" type="identity">
      <class id="CL:0000216" label="Sertoli cell"/>
      <span end="25231" id="17447844-7585" start="25219">Sertoli cell</span>
    </annotation>
    <annotation annotator="Mike Bada, University of Colorado Anschutz Medical Campus" id="CL_basic_2014_02_21_Instance_20787" type="identity">
      <class id="CL:0000216" label="Sertoli cell"/>
      <span end="25313" id="17447844-7587" start="25300">Sertoli cells</span>
    </annotation>
    <annotation annotator="Mike Bada, University of Colorado Anschutz Medical Campus" id="CL_basic_2014_02_21_Instance_10113" type="identity">
      <class id="CL:0000216" label="Sertoli cell"/>
      <span end="25477" id="17447844-7416" start="25465">Sertoli cell</span>
    </annotation>
    <annotation annotator="Mike Bada, University of Colorado Anschutz Medical Campus" id="CL_basic_2014_02_21_Instance_50670" type="identity">
      <class id="CL:0000216" label="Sertoli cell"/>
      <span end="25503" id="17447844-7727" start="25501">SC</span>
    </annotation>
    <annotation annotator="Mike Bada, University of Colorado Anschutz Medical Campus" id="CL_basic_2014_02_21_Instance_50673" type="identity">
      <class id="CL:0000216" label="Sertoli cell"/>
      <span end="25605" id="17447844-7729" start="25603">SC</span>
    </annotation>
    <annotation annotator="Mike Bada, University of Colorado Anschutz Medical Campus" id="CL_basic_2014_02_21_Instance_50677" type="identity">
      <class id="CL:0000216" label="Sertoli cell"/>
      <span end="25674" id="17447844-7731" start="25672">SC</span>
    </annotation>
    <annotation annotator="Mike Bada, University of Colorado Anschutz Medical Campus" id="CL_basic_2014_02_21_Instance_20789" type="identity">
      <class id="CL:0000216" label="Sertoli cell"/>
      <span end="25805" id="17447844-7589" start="25793">Sertoli cell</span>
    </annotation>
    <annotation annotator="Mike Bada, University of Colorado Anschutz Medical Campus" id="CL_basic_2014_02_21_Instance_50680" type="identity">
      <class id="CL:0000216" label="Sertoli cell"/>
      <span end="25866" id="17447844-7733" start="25864">SC</span>
    </annotation>
    <annotation annotator="Mike Bada, University of Colorado Anschutz Medical Campus" id="CL_basic_2014_02_21_Instance_20791" type="identity">
      <class id="CL:0000216" label="Sertoli cell"/>
      <span end="25907" id="17447844-7591" start="25895">Sertoli cell</span>
    </annotation>
    <annotation annotator="Mike Bada, University of Colorado Anschutz Medical Campus" id="CL_basic_2014_02_21_Instance_20793" type="identity">
      <class id="CL:0000586" label="germ cell"/>
      <span end="25985" id="17447844-7593" start="25976">germ cell</span>
    </annotation>
    <annotation annotator="Mike Bada, University of Colorado Anschutz Medical Campus" id="CL_basic_2014_02_21_Instance_20795" type="identity">
      <class id="CL:0000216" label="Sertoli cell"/>
      <span end="26048" id="17447844-7595" start="26036">Sertoli cell</span>
    </annotation>
    <annotation annotator="Mike Bada, University of Colorado Anschutz Medical Campus" id="CL_basic_2014_02_21_Instance_20797" type="identity">
      <class id="CL:0000216" label="Sertoli cell"/>
      <span end="26126" id="17447844-7597" start="26114">Sertoli cell</span>
    </annotation>
    <annotation annotator="Mike Bada, University of Colorado Anschutz Medical Campus" id="CL_basic_2014_02_21_Instance_10115" type="identity">
      <class id="CL:0000216" label="Sertoli cell"/>
      <span end="26309" id="17447844-7418" start="26296">Sertoli cells</span>
    </annotation>
    <annotation annotator="Mike Bada, University of Colorado Anschutz Medical Campus" id="CL_basic_2014_02_21_Instance_20799" type="identity">
      <class id="CL:0000586" label="germ cell"/>
      <span end="26331" id="17447844-7599" start="26321">germ cells</span>
    </annotation>
    <annotation annotator="Mike Bada, University of Colorado Anschutz Medical Campus" id="CL_basic_2014_02_21_Instance_20801" type="identity">
      <class id="CL:0000216" label="Sertoli cell"/>
      <span end="26376" id="17447844-7601" start="26363">Sertoli cells</span>
    </annotation>
    <annotation annotator="Mike Bada, University of Colorado Anschutz Medical Campus" id="CL_basic_2014_02_21_Instance_10117" type="identity">
      <class id="CL:0000216" label="Sertoli cell"/>
      <span end="26461" id="17447844-7420" start="26454">Sertoli</span>
    </annotation>
    <annotation annotator="Mike Bada, University of Colorado Anschutz Medical Campus" id="CL_basic_2014_02_21_Instance_50644" type="identity">
      <class id="CL:0000216" label="Sertoli cell"/>
      <span end="26474" id="17447844-7707" start="26472">SC</span>
    </annotation>
    <annotation annotator="Mike Bada, University of Colorado Anschutz Medical Campus" id="CL_basic_2014_02_21_Instance_50647" type="identity">
      <class id="CL:0000216" label="Sertoli cell"/>
      <span end="26618" id="17447844-7709" start="26616">SC</span>
    </annotation>
    <annotation annotator="Mike Bada, University of Colorado Anschutz Medical Campus" id="CL_basic_2014_02_21_Instance_20803" type="identity">
      <class id="CL:0000019" label="sperm"/>
      <span end="26692" id="17447844-7603" start="26687">sperm</span>
    </annotation>
    <annotation annotator="Mike Bada, University of Colorado Anschutz Medical Campus" id="CL_basic_2014_02_21_Instance_50650" type="identity">
      <class id="CL:0000216" label="Sertoli cell"/>
      <span end="26713" id="17447844-7711" start="26711">SC</span>
    </annotation>
    <annotation annotator="Mike Bada, University of Colorado Anschutz Medical Campus" id="CL_basic_2014_02_21_Instance_20805" type="identity">
      <class id="CL:0000216" label="Sertoli cell"/>
      <span end="26793" id="17447844-7605" start="26781">Sertoli cell</span>
    </annotation>
    <annotation annotator="Mike Bada, University of Colorado Anschutz Medical Campus" id="CL_basic_2014_02_21_Instance_20807" type="identity">
      <class id="CL:0000586" label="germ cell"/>
      <span end="26912" id="17447844-7607" start="26903">germ cell</span>
    </annotation>
    <annotation annotator="Mike Bada, University of Colorado Anschutz Medical Campus" id="CL_basic_2014_02_21_Instance_20809" type="identity">
      <class id="CL:0000216" label="Sertoli cell"/>
      <span end="26986" id="17447844-7609" start="26973">Sertoli cells</span>
    </annotation>
    <annotation annotator="Mike Bada, University of Colorado Anschutz Medical Campus" id="CL_basic_2014_02_21_Instance_20811" type="identity">
      <class id="CL:0000216" label="Sertoli cell"/>
      <span end="27038" id="17447844-7611" start="27025">Sertoli cells</span>
    </annotation>
    <annotation annotator="Mike Bada, University of Colorado Anschutz Medical Campus" id="CL_basic_2014_02_21_Instance_20815" type="identity">
      <class id="CL:0000586" label="germ cell"/>
      <span end="27205" id="17447844-7613" start="27195">germ cells</span>
    </annotation>
    <annotation annotator="Mike Bada, University of Colorado Anschutz Medical Campus" id="CL_basic_2014_02_21_Instance_20817" type="identity">
      <class id="CL:0000586" label="germ cell"/>
      <span end="27432" id="17447844-7615" start="27422">germ cells</span>
    </annotation>
    <annotation annotator="Mike Bada, University of Colorado Anschutz Medical Campus" id="CL_basic_2014_02_21_Instance_20823" type="identity">
      <class id="CL:0000586" label="germ cell"/>
      <span end="28256" id="17447844-7617" start="28246">germ cells</span>
    </annotation>
    <annotation annotator="Mike Bada, University of Colorado Anschutz Medical Campus" id="CL_basic_2014_02_21_Instance_20825" type="identity">
      <class id="CL:0000017" label="spermatocyte"/>
      <span end="28445" id="17447844-7619" start="28432">spermatocytes</span>
    </annotation>
    <annotation annotator="Mike Bada, University of Colorado Anschutz Medical Campus" id="CL_basic_2014_02_21_Instance_20827" type="identity">
      <class id="CL:0000586" label="germ cell"/>
      <span end="28690" id="17447844-7621" start="28680">germ cells</span>
    </annotation>
    <annotation annotator="Mike Bada, University of Colorado Anschutz Medical Campus" id="CL_basic_2014_02_21_Instance_20837" type="identity">
      <class id="CL:0000017" label="spermatocyte"/>
      <span end="29351" id="17447844-7623" start="29338">spermatocytes</span>
    </annotation>
    <annotation annotator="Mike Bada, University of Colorado Anschutz Medical Campus" id="CL_basic_2014_02_21_Instance_20839" type="identity">
      <class id="CL:0000586" label="germ cell"/>
      <span end="29536" id="17447844-7625" start="29526">germ cells</span>
    </annotation>
    <annotation annotator="Mike Bada, University of Colorado Anschutz Medical Campus" id="CL_basic_2014_02_21_Instance_20847" type="identity">
      <class id="CL:0000586" label="germ cell"/>
      <span end="30171" id="17447844-7627" start="30161">Germ Cells</span>
    </annotation>
    <annotation annotator="Mike Bada, University of Colorado Anschutz Medical Campus" id="CL_basic_2014_02_21_Instance_20851" type="identity">
      <class id="CL:0000586" label="germ cell"/>
      <span end="30749" id="17447844-7629" start="30740">germ cell</span>
    </annotation>
    <annotation annotator="Mike Bada, University of Colorado Anschutz Medical Campus" id="CL_basic_2014_02_21_Instance_20859" type="identity">
      <class id="CL:0000586" label="germ cell"/>
      <span end="32066" id="17447844-7631" start="32056">germ cells</span>
    </annotation>
    <annotation annotator="Mike Bada, University of Colorado Anschutz Medical Campus" id="CL_basic_2014_02_21_Instance_20861" type="identity">
      <class id="CL:0000586" label="germ cell"/>
      <span end="32139" id="17447844-7633" start="32129">Germ Cells</span>
    </annotation>
    <annotation annotator="Mike Bada, University of Colorado Anschutz Medical Campus" id="CL_basic_2014_02_21_Instance_20863" type="identity">
      <class id="CL:0000017" label="spermatocyte"/>
      <span end="32201" id="17447844-7635" start="32189">spermatocyte</span>
    </annotation>
    <annotation annotator="Mike Bada, University of Colorado Anschutz Medical Campus" id="CL_basic_2014_02_21_Instance_20865" type="identity">
      <class id="CL:0000017" label="spermatocyte"/>
      <span end="32485" id="17447844-7637" start="32472">spermatocytes</span>
    </annotation>
    <annotation annotator="Mike Bada, University of Colorado Anschutz Medical Campus" id="CL_basic_2014_02_21_Instance_20887" type="identity">
      <class id="CL:0000017" label="spermatocyte"/>
      <span end="33683" id="17447844-7639" start="33670">spermatocytes</span>
    </annotation>
    <annotation annotator="Mike Bada, University of Colorado Anschutz Medical Campus" id="CL_basic_2014_02_21_Instance_20923" type="identity">
      <class id="CL:0000586" label="germ cell"/>
      <span end="36183" id="17447844-7641" start="36174">germ cell</span>
    </annotation>
    <annotation annotator="Mike Bada, University of Colorado Anschutz Medical Campus" id="CL_basic_2014_02_21_Instance_20925" type="identity">
      <class id="CL:0000586" label="germ cell"/>
      <span end="36366" id="17447844-7643" start="36357">germ cell</span>
    </annotation>
    <annotation annotator="Mike Bada, University of Colorado Anschutz Medical Campus" id="CL_basic_2014_02_21_Instance_20927" type="identity">
      <class id="CL:0000015" label="male germ cell"/>
      <span end="36626" id="17447844-7645" start="36611">male germ cells</span>
    </annotation>
    <annotation annotator="Mike Bada, University of Colorado Anschutz Medical Campus" id="CL_basic_2014_02_21_Instance_20929" type="identity">
      <class id="CL:0000017" label="spermatocyte"/>
      <span end="36764" id="17447844-7647" start="36751">spermatocytes</span>
    </annotation>
    <annotation annotator="Mike Bada, University of Colorado Anschutz Medical Campus" id="CL_basic_2014_02_21_Instance_20931" type="identity">
      <class id="CL:0000015" label="male germ cell"/>
      <span end="36897" id="17447844-7649" start="36882">male germ cells</span>
    </annotation>
    <annotation annotator="Mike Bada, University of Colorado Anschutz Medical Campus" id="CL_basic_2014_02_21_Instance_20939" type="identity">
      <class id="CL:0000017" label="spermatocyte"/>
      <span end="37979" id="17447844-7651" start="37966">spermatocytes</span>
    </annotation>
    <annotation annotator="Mike Bada, University of Colorado Anschutz Medical Campus" id="CL_basic_2014_02_21_Instance_20951" type="identity">
      <class id="CL:0000586" label="germ cell"/>
      <span end="38788" id="17447844-7653" start="38778">germ cells</span>
    </annotation>
    <annotation annotator="Mike Bada, University of Colorado Anschutz Medical Campus" id="CL_basic_2014_02_21_Instance_20957" type="identity">
      <class id="CL:0000586" label="germ cell"/>
      <span end="39094" id="17447844-7655" start="39084">germ cells</span>
    </annotation>
    <annotation annotator="Mike Bada, University of Colorado Anschutz Medical Campus" id="CL_basic_2014_02_21_Instance_20963" type="identity">
      <class id="CL:0000586" label="germ cell"/>
      <span end="39563" id="17447844-7657" start="39553">germ cells</span>
    </annotation>
    <annotation annotator="Mike Bada, University of Colorado Anschutz Medical Campus" id="CL_basic_2014_02_21_Instance_10119" type="identity">
      <class id="CL:0000586" label="germ cell"/>
      <span end="40362" id="17447844-7422" start="40353">germ-cell</span>
    </annotation>
    <annotation annotator="Mike Bada, University of Colorado Anschutz Medical Campus" id="CL_basic_2014_02_21_Instance_50653" type="identity">
      <class id="CL:0002371" label="somatic cell"/>
      <span end="41234" id="17447844-7713" start="41221">somatic cells</span>
    </annotation>
    <annotation annotator="Mike Bada, University of Colorado Anschutz Medical Campus" id="CL_basic_2014_02_21_Instance_20969" type="identity">
      <class id="CL:0000586" label="germ cell"/>
      <span end="41299" id="17447844-7659" start="41290">germ cell</span>
    </annotation>
    <annotation annotator="Mike Bada, University of Colorado Anschutz Medical Campus" id="CL_basic_2014_02_21_Instance_20971" type="identity">
      <class id="CL:0000015" label="male germ cell"/>
      <span end="41374" id="17447844-7661" start="41359">male germ cells</span>
    </annotation>
    <annotation annotator="Mike Bada, University of Colorado Anschutz Medical Campus" id="CL_basic_2014_02_21_Instance_11537" type="identity">
      <class id="CL:0000670" label="primordial germ cell"/>
      <span end="41407" id="17447844-7431" start="41398">gonocytes</span>
    </annotation>
    <annotation annotator="Mike Bada, University of Colorado Anschutz Medical Campus" id="CL_basic_2014_02_21_Instance_10125" type="identity">
      <class id="CL:0000020" label="spermatogonium"/>
      <span end="41426" id="17447844-7426" start="41413">spermatogonia</span>
    </annotation>
    <annotation annotator="Mike Bada, University of Colorado Anschutz Medical Campus" id="CL_basic_2014_02_21_Instance_20973" type="identity">
      <class id="CL:0000216" label="Sertoli cell"/>
      <span end="41455" id="17447844-7663" start="41442">Sertoli cells</span>
    </annotation>
    <annotation annotator="Mike Bada, University of Colorado Anschutz Medical Campus" id="CL_basic_2014_02_21_Instance_20977" type="identity">
      <class id="CL:0000586" label="germ cell"/>
      <span end="41598" id="17447844-7665" start="41588">germ cells</span>
    </annotation>
    <annotation annotator="Mike Bada, University of Colorado Anschutz Medical Campus" id="CL_basic_2014_02_21_Instance_20979" type="identity">
      <class id="CL:0000586" label="germ cell"/>
      <span end="41630" id="17447844-7667" start="41620">germ cells</span>
    </annotation>
    <annotation annotator="Mike Bada, University of Colorado Anschutz Medical Campus" id="CL_basic_2014_02_21_Instance_20981" type="identity">
      <class id="CL:0000015" label="male germ cell"/>
      <span end="41717" id="17447844-7669" start="41703">male germ cell</span>
    </annotation>
    <annotation annotator="Mike Bada, University of Colorado Anschutz Medical Campus" id="CL_basic_2014_02_21_plus_nested_test_Instance_4" type="identity">
      <class id="CL:0000025" label="egg cell"/>
      <span end="41778" id="17447844-7740" start="41772">ovular</span>
    </annotation>
    <annotation annotator="Mike Bada, University of Colorado Anschutz Medical Campus" id="CL_basic_2014_02_21_Instance_20983" type="identity">
      <class id="CL:0000023" label="oocyte"/>
      <span end="41827" id="17447844-7671" start="41820">oocytes</span>
    </annotation>
    <annotation annotator="Mike Bada, University of Colorado Anschutz Medical Campus" id="CL_basic_2014_02_21_Instance_50655" type="identity">
      <class id="CL:0002322" label="embryonic stem cell"/>
      <span end="45294" id="17447844-7715" start="45286">ES cells</span>
    </annotation>
    <annotation annotator="Mike Bada, University of Colorado Anschutz Medical Campus" id="CL_basic_2014_02_21_Instance_50657" type="identity">
      <class id="CL:0002322" label="embryonic stem cell"/>
      <span end="45803" id="17447844-7717" start="45796">ES cell</span>
    </annotation>
    <annotation annotator="Mike Bada, University of Colorado Anschutz Medical Campus" id="CL_basic_2014_02_21_Instance_10123" type="identity">
      <class id="CL:0000445" label="apoptosis fated cell"/>
      <span end="47958" id="17447844-7424" start="47943">apoptotic cells</span>
    </annotation>
    <annotation annotator="Mike Bada, University of Colorado Anschutz Medical Campus" id="CL_basic_2014_02_21_Instance_20991" type="identity">
      <class id="CL:0000017" label="spermatocyte"/>
      <span end="50657" id="17447844-7673" start="50644">spermatocytes</span>
    </annotation>
    <annotation annotator="Mike Bada, University of Colorado Anschutz Medical Campus" id="CL_basic_2014_02_21_Instance_50660" type="identity">
      <class id="CL:0002322" label="embryonic stem cell"/>
      <span end="52361" id="17447844-7719" start="52354">ES cell</span>
    </annotation>
    <annotation annotator="Mike Bada, University of Colorado Anschutz Medical Campus" id="CL_basic_2014_02_21_Instance_50662" type="identity">
      <class id="CL:0002322" label="embryonic stem cell"/>
      <span end="52395" id="17447844-7721" start="52388">ES cell</span>
    </annotation>
    <annotation annotator="Mike Bada, University of Colorado Anschutz Medical Campus" id="CL_basic_2014_02_21_Instance_21001" type="identity">
      <class id="CL:0000216" label="Sertoli cell"/>
      <span end="53029" id="17447844-7675" start="53016">Sertoli Cells</span>
    </annotation>
    <annotation annotator="Mike Bada, University of Colorado Anschutz Medical Campus" id="CL_basic_2014_02_21_Instance_21003" type="identity">
      <class id="CL:0000216" label="Sertoli cell"/>
      <span end="53264" id="17447844-7677" start="53252">Sertoli cell</span>
    </annotation>
    <annotation annotator="Mike Bada, University of Colorado Anschutz Medical Campus" id="CL_basic_2014_02_21_Instance_50664" type="identity">
      <class id="CL:0002481" label="peritubular myoid cell"/>
      <span end="53291" id="17447844-7723" start="53269">peritubular myoid cell</span>
    </annotation>
    <annotation annotator="Mike Bada, University of Colorado Anschutz Medical Campus" id="CL_basic_2014_02_21_Instance_21007" type="identity">
      <class id="CL:0000216" label="Sertoli cell"/>
      <span end="53358" id="17447844-7679" start="53346">Sertoli cell</span>
    </annotation>
    <annotation annotator="Mike Bada, University of Colorado Anschutz Medical Campus" id="CL_basic_2014_02_21_Instance_21009" type="identity">
      <class id="CL:0000017" label="spermatocyte"/>
      <span end="53558" id="17447844-7681" start="53546">Spermatocyte</span>
    </annotation>
    <annotation annotator="Mike Bada, University of Colorado Anschutz Medical Campus" id="CL_basic_2014_02_21_Instance_21011" type="identity">
      <class id="CL:0000017" label="spermatocyte"/>
      <span end="53590" id="17447844-7683" start="53577">spermatocytes</span>
    </annotation>
    <annotation annotator="Mike Bada, University of Colorado Anschutz Medical Campus" id="CL_basic_2014_02_21_Instance_21015" type="identity">
      <class id="CL:0000017" label="spermatocyte"/>
      <span end="53919" id="17447844-7685" start="53906">Spermatocytes</span>
    </annotation>
    <annotation annotator="Mike Bada, University of Colorado Anschutz Medical Campus" id="CL_basic_2014_02_21_Instance_21021" type="identity">
      <class id="CL:0000017" label="spermatocyte"/>
      <span end="54133" id="17447844-7687" start="54120">spermatocytes</span>
    </annotation>
    <annotation annotator="Mike Bada, University of Colorado Anschutz Medical Campus" id="CL_basic_2014_02_21_Instance_50667" type="identity">
      <class id="CL:0002322" label="embryonic stem cell"/>
      <span end="54960" id="17447844-7725" start="54953">ES cell</span>
    </annotation>
    <graph-space id="Old Knowtator Relations"/>
  </document>
</knowtator-project>
