<?xml version="1.0" encoding="UTF-8" standalone="no"?>
<knowtator-project>
  <document id="17608565" text-file="17608565.txt">
    <annotation annotator="Mike Bada, University of Colorado Anschutz Medical Campus" id="CL_basic_2014_02_21_Instance_10725" type="identity">
      <class id="CL:0000540" label="neuron"/>
      <span end="20" id="17608565-7770" start="12">Neuronal</span>
    </annotation>
    <annotation annotator="Mike Bada, University of Colorado Anschutz Medical Campus" id="CL_basic_2014_02_21_Instance_21193" type="identity">
      <class id="CL:0000540" label="neuron"/>
      <span end="321" id="17608565-8077" start="314">neurons</span>
    </annotation>
    <annotation annotator="Mike Bada, University of Colorado Anschutz Medical Campus" id="CL_basic_2014_02_21_Instance_50744" type="identity">
      <class id="CL:0009004" label="retinal cell"/>
      <span end="508" id="17608565-8185" start="495">retinal cells</span>
    </annotation>
    <annotation annotator="Mike Bada, University of Colorado Anschutz Medical Campus" id="CL_basic_2014_02_21_Instance_21197" type="identity">
      <class id="CL:0000561" label="amacrine cell"/>
      <span end="799" id="17608565-8079" start="785">amacrine cells</span>
    </annotation>
    <annotation annotator="Mike Bada, University of Colorado Anschutz Medical Campus" id="CL_basic_2014_02_21_Instance_21199" type="identity">
      <class id="CL:0000099" label="interneuron"/>
      <span end="832" id="17608565-8081" start="820">interneurons</span>
    </annotation>
    <annotation annotator="Mike Bada, University of Colorado Anschutz Medical Campus" id="CL_basic_2014_02_21_Instance_21205" type="identity">
      <class id="CL:0000540" label="neuron"/>
      <span end="2249" id="17608565-8083" start="2242">neurons</span>
    </annotation>
    <annotation annotator="Mike Bada, University of Colorado Anschutz Medical Campus" id="CL_basic_2014_02_21_Instance_50748" type="identity">
      <class id="CL:0000210" label="photoreceptor cell"/>
      <span end="2394" id="17608565-8187" start="2380">photoreceptors</span>
    </annotation>
    <annotation annotator="Mike Bada, University of Colorado Anschutz Medical Campus" id="CL_basic_2014_02_21_Instance_21207" type="identity">
      <class id="CL:0000561" label="amacrine cell"/>
      <span end="2444" id="17608565-8085" start="2428">amacrine neurons</span>
    </annotation>
    <annotation annotator="Mike Bada, University of Colorado Anschutz Medical Campus" id="CL_basic_2014_02_21_Instance_10733" type="identity">
      <class id="CL:0000540" label="neuron"/>
      <span end="2565" id="17608565-7772" start="2557">neuronal</span>
    </annotation>
    <annotation annotator="Mike Bada, University of Colorado Anschutz Medical Campus" id="CL_basic_2014_02_21_Instance_50752" type="identity">
      <class id="CL:0002672" label="retinal progenitor cell"/>
      <span end="3064" id="17608565-8189" start="3041">retinal progenitor cell</span>
    </annotation>
    <annotation annotator="Mike Bada, University of Colorado Anschutz Medical Campus" id="CL_basic_2014_02_21_Instance_50756" type="identity">
      <class id="CL:0002672" label="retinal progenitor cell"/>
      <span end="3069" id="17608565-8191" start="3066">RPC</span>
    </annotation>
    <annotation annotator="Mike Bada, University of Colorado Anschutz Medical Campus" id="CL_basic_2014_02_21_Instance_50760" type="identity">
      <class id="CL:0002672" label="retinal progenitor cell"/>
      <span end="3273" id="17608565-8193" start="3269">RPCs</span>
    </annotation>
    <annotation annotator="Mike Bada, University of Colorado Anschutz Medical Campus" id="CL_basic_2014_02_21_Instance_10737" type="identity">
      <class id="CL:0000604" label="retinal rod cell"/>
      <span end="3548" id="17608565-7774" start="3544">Rods</span>
    </annotation>
    <annotation annotator="Mike Bada, University of Colorado Anschutz Medical Campus" id="CL_basic_2014_02_21_Instance_10739" type="identity">
      <class id="CL:0000573" label="retinal cone cell"/>
      <span end="3558" id="17608565-7776" start="3553">cones</span>
    </annotation>
    <annotation annotator="Mike Bada, University of Colorado Anschutz Medical Campus" id="CL_basic_2014_02_21_Instance_10741" type="identity">
      <class id="CL:0000745" label="horizontal cell"/>
      <span end="3608" id="17608565-7778" start="3598">horizontal</span>
      <span end="3637" id="17608565-7779" start="3632">cells</span>
    </annotation>
    <annotation annotator="Mike Bada, University of Colorado Anschutz Medical Campus" id="CL_basic_2014_02_21_Instance_11069" type="identity">
      <class id="CL:0000103" label="bipolar neuron"/>
      <span end="3617" id="17608565-8012" start="3610">bipolar</span>
      <span end="3637" id="17608565-8013" start="3632">cells</span>
    </annotation>
    <annotation annotator="Mike Bada, University of Colorado Anschutz Medical Campus" id="CL_basic_2014_02_21_Instance_21223" type="identity">
      <class id="CL:0000561" label="amacrine cell"/>
      <span end="3637" id="17608565-8087" start="3623">amacrine cells</span>
    </annotation>
    <annotation annotator="Mike Bada, University of Colorado Anschutz Medical Campus" id="CL_basic_2014_02_21_Instance_70467" type="identity">
      <class id="CL:0011107" label="Muller cell"/>
      <span end="3666" id="17608565-8255" start="3650">Müller glia cell</span>
    </annotation>
    <annotation annotator="Mike Bada, University of Colorado Anschutz Medical Campus" id="CL_basic_2014_02_21_Instance_10747" type="identity">
      <class id="CL:0000740" label="retinal ganglion cell"/>
      <span end="3728" id="17608565-7783" start="3720">ganglion</span>
      <span end="3757" id="17608565-7784" start="3752">cells</span>
    </annotation>
    <annotation annotator="Mike Bada, University of Colorado Anschutz Medical Campus" id="CL_basic_2014_02_21_Instance_21225" type="identity">
      <class id="CL:0000561" label="amacrine cell"/>
      <span end="3757" id="17608565-8089" start="3743">amacrine cells</span>
    </annotation>
    <annotation annotator="Mike Bada, University of Colorado Anschutz Medical Campus" id="CL_basic_2014_02_21_Instance_10745" type="identity">
      <class id="CL:0000740" label="retinal ganglion cell"/>
      <span end="3780" id="17608565-7781" start="3767">ganglion cell</span>
    </annotation>
    <annotation annotator="Mike Bada, University of Colorado Anschutz Medical Campus" id="CL_basic_2014_02_21_Instance_50775" type="identity">
      <class id="CL:0002672" label="retinal progenitor cell"/>
      <span end="4120" id="17608565-8195" start="4116">RPCs</span>
    </annotation>
    <annotation annotator="Mike Bada, University of Colorado Anschutz Medical Campus" id="CL_basic_2014_02_21_Instance_50778" type="identity">
      <class id="CL:0002672" label="retinal progenitor cell"/>
      <span end="4154" id="17608565-8197" start="4151">RPC</span>
    </annotation>
    <annotation annotator="Mike Bada, University of Colorado Anschutz Medical Campus" id="CL_basic_2014_02_21_Instance_50781" type="identity">
      <class id="CL:0002672" label="retinal progenitor cell"/>
      <span end="4266" id="17608565-8199" start="4262">RPCs</span>
    </annotation>
    <annotation annotator="Mike Bada, University of Colorado Anschutz Medical Campus" id="CL_basic_2014_02_21_Instance_50784" type="identity">
      <class id="CL:0002672" label="retinal progenitor cell"/>
      <span end="4385" id="17608565-8201" start="4381">RPCs</span>
    </annotation>
    <annotation annotator="Mike Bada, University of Colorado Anschutz Medical Campus" id="CL_basic_2014_02_21_Instance_10749" type="identity">
      <class id="CL:0000604" label="retinal rod cell"/>
      <span end="4435" id="17608565-7786" start="4431">rods</span>
    </annotation>
    <annotation annotator="Mike Bada, University of Colorado Anschutz Medical Campus" id="CL_basic_2014_02_21_Instance_11115" type="identity">
      <class id="CL:0000604" label="retinal rod cell"/>
      <span end="4438" id="17608565-8064" start="4437">r</span>
    </annotation>
    <annotation annotator="Mike Bada, University of Colorado Anschutz Medical Campus" id="CL_basic_2014_02_21_Instance_10751" type="identity">
      <class id="CL:0000573" label="retinal cone cell"/>
      <span end="4449" id="17608565-7788" start="4444">cones</span>
    </annotation>
    <annotation annotator="Mike Bada, University of Colorado Anschutz Medical Campus" id="CL_basic_2014_02_21_Instance_11117" type="identity">
      <class id="CL:0000573" label="retinal cone cell"/>
      <span end="4452" id="17608565-8066" start="4451">c</span>
    </annotation>
    <annotation annotator="Mike Bada, University of Colorado Anschutz Medical Campus" id="CL_basic_2014_02_21_Instance_10753" type="identity">
      <class id="CL:0000745" label="horizontal cell"/>
      <span end="4476" id="17608565-7790" start="4466">horizontal</span>
      <span end="4529" id="17608565-7791" start="4524">cells</span>
    </annotation>
    <annotation annotator="Mike Bada, University of Colorado Anschutz Medical Campus" id="CL_basic_2014_02_21_Instance_11119" type="identity">
      <class id="CL:0000745" label="horizontal cell"/>
      <span end="4479" id="17608565-8068" start="4478">h</span>
    </annotation>
    <annotation annotator="Mike Bada, University of Colorado Anschutz Medical Campus" id="CL_basic_2014_02_21_Instance_11071" type="identity">
      <class id="CL:0000103" label="bipolar neuron"/>
      <span end="4489" id="17608565-8015" start="4482">bipolar</span>
      <span end="4529" id="17608565-8016" start="4524">cells</span>
    </annotation>
    <annotation annotator="Mike Bada, University of Colorado Anschutz Medical Campus" id="CL_basic_2014_02_21_Instance_11121" type="identity">
      <class id="CL:0000103" label="bipolar neuron"/>
      <span end="4492" id="17608565-8070" start="4491">b</span>
    </annotation>
    <annotation annotator="Mike Bada, University of Colorado Anschutz Medical Campus" id="CL_basic_2014_02_21_Instance_70473" type="identity">
      <class id="CL:0011107" label="Muller cell"/>
      <span end="4501" id="17608565-8257" start="4495">Müller</span>
      <span end="4529" id="17608565-8258" start="4524">cells</span>
    </annotation>
    <annotation annotator="Mike Bada, University of Colorado Anschutz Medical Campus" id="CL_basic_2014_02_21_Instance_70476" type="identity">
      <class id="CL:0011107" label="Muller cell"/>
      <span end="4504" id="17608565-8260" start="4503">m</span>
    </annotation>
    <annotation annotator="Mike Bada, University of Colorado Anschutz Medical Campus" id="CL_basic_2014_02_21_Instance_10757" type="identity">
      <class id="CL:0000561" label="amacrine cell"/>
      <span end="4519" id="17608565-7793" start="4511">amacrine</span>
      <span end="4529" id="17608565-7794" start="4524">cells</span>
    </annotation>
    <annotation annotator="Mike Bada, University of Colorado Anschutz Medical Campus" id="CL_basic_2014_02_21_Instance_11125" type="identity">
      <class id="CL:0000561" label="amacrine cell"/>
      <span end="4522" id="17608565-8072" start="4521">a</span>
    </annotation>
    <annotation annotator="Mike Bada, University of Colorado Anschutz Medical Campus" id="CL_basic_2014_02_21_Instance_10759" type="identity">
      <class id="CL:0000740" label="retinal ganglion cell"/>
      <span end="4554" id="17608565-7796" start="4546">ganglion</span>
      <span end="4587" id="17608565-7797" start="4582">cells</span>
    </annotation>
    <annotation annotator="Mike Bada, University of Colorado Anschutz Medical Campus" id="CL_basic_2014_02_21_Instance_11127" type="identity">
      <class id="CL:0000740" label="retinal ganglion cell"/>
      <span end="4557" id="17608565-8074" start="4556">g</span>
      <span end="4587" id="17608565-8075" start="4582">cells</span>
    </annotation>
    <annotation annotator="Mike Bada, University of Colorado Anschutz Medical Campus" id="CL_basic_2014_02_21_Instance_21233" type="identity">
      <class id="CL:0000561" label="amacrine cell"/>
      <span end="4587" id="17608565-8091" start="4573">amacrine cells</span>
    </annotation>
    <annotation annotator="Mike Bada, University of Colorado Anschutz Medical Campus" id="CL_basic_2014_02_21_Instance_10761" type="identity">
      <class id="CL:0000604" label="retinal rod cell"/>
      <span end="5800" id="17608565-7799" start="5797">rod</span>
      <span end="5829" id="17608565-7800" start="5824">cells</span>
    </annotation>
    <annotation annotator="Mike Bada, University of Colorado Anschutz Medical Campus" id="CL_basic_2014_02_21_Instance_10763" type="identity">
      <class id="CL:0000740" label="retinal ganglion cell"/>
      <span end="5810" id="17608565-7802" start="5802">ganglion</span>
      <span end="5829" id="17608565-7803" start="5824">cells</span>
    </annotation>
    <annotation annotator="Mike Bada, University of Colorado Anschutz Medical Campus" id="CL_basic_2014_02_21_Instance_11073" type="identity">
      <class id="CL:0000103" label="bipolar neuron"/>
      <span end="5829" id="17608565-8018" start="5816">bipolar cells</span>
    </annotation>
    <annotation annotator="Mike Bada, University of Colorado Anschutz Medical Campus" id="CL_basic_2014_02_21_Instance_21251" type="identity">
      <class id="CL:0000057" label="fibroblast"/>
      <span end="6255" id="17608565-8093" start="6245">fibroblast</span>
    </annotation>
    <annotation annotator="Mike Bada, University of Colorado Anschutz Medical Campus" id="CL_basic_2014_02_21_Instance_21253" type="identity">
      <class id="CL:0000057" label="fibroblast"/>
      <span end="6338" id="17608565-8095" start="6327">fibroblasts</span>
    </annotation>
    <annotation annotator="Mike Bada, University of Colorado Anschutz Medical Campus" id="CL_basic_2014_02_21_Instance_21257" type="identity">
      <class id="CL:0000057" label="fibroblast"/>
      <span end="7292" id="17608565-8097" start="7281">fibroblasts</span>
    </annotation>
    <annotation annotator="Mike Bada, University of Colorado Anschutz Medical Campus" id="CL_basic_2014_02_21_Instance_21265" type="identity">
      <class id="CL:0000057" label="fibroblast"/>
      <span end="8028" id="17608565-8099" start="8017">fibroblasts</span>
    </annotation>
    <annotation annotator="Mike Bada, University of Colorado Anschutz Medical Campus" id="CL_basic_2014_02_21_Instance_10765" type="identity">
      <class id="CL:0000540" label="neuron"/>
      <span end="8652" id="17608565-7805" start="8644">neuronal</span>
    </annotation>
    <annotation annotator="Mike Bada, University of Colorado Anschutz Medical Campus" id="CL_basic_2014_02_21_Instance_21269" type="identity">
      <class id="CL:0000540" label="neuron"/>
      <span end="8935" id="17608565-8101" start="8928">neurons</span>
    </annotation>
    <annotation annotator="Mike Bada, University of Colorado Anschutz Medical Campus" id="CL_basic_2014_02_21_Instance_10845" type="identity">
      <class id="CL:0000604" label="retinal rod cell"/>
      <span end="9260" id="17608565-7887" start="9256">rods</span>
    </annotation>
    <annotation annotator="Mike Bada, University of Colorado Anschutz Medical Campus" id="CL_basic_2014_02_21_Instance_21273" type="identity">
      <class id="CL:0000540" label="neuron"/>
      <span end="9420" id="17608565-8103" start="9414">neuron</span>
    </annotation>
    <annotation annotator="Mike Bada, University of Colorado Anschutz Medical Campus" id="CL_basic_2014_02_21_Instance_21277" type="identity">
      <class id="CL:0000540" label="neuron"/>
      <span end="9764" id="17608565-8105" start="9757">neurons</span>
    </annotation>
    <annotation annotator="Mike Bada, University of Colorado Anschutz Medical Campus" id="CL_basic_2014_02_21_Instance_10767" type="identity">
      <class id="CL:0000604" label="retinal rod cell"/>
      <span end="9780" id="17608565-7807" start="9776">rods</span>
    </annotation>
    <annotation annotator="Mike Bada, University of Colorado Anschutz Medical Campus" id="CL_basic_2014_02_21_Instance_21279" type="identity">
      <class id="CL:0000561" label="amacrine cell"/>
      <span end="10072" id="17608565-8107" start="10058">amacrine cells</span>
    </annotation>
    <annotation annotator="Mike Bada, University of Colorado Anschutz Medical Campus" id="CL_basic_2014_02_21_Instance_21281" type="identity">
      <class id="CL:0000099" label="interneuron"/>
      <span end="10139" id="17608565-8109" start="10127">interneurons</span>
    </annotation>
    <annotation annotator="Mike Bada, University of Colorado Anschutz Medical Campus" id="CL_basic_2014_02_21_Instance_21285" type="identity">
      <class id="CL:0000540" label="neuron"/>
      <span end="10595" id="17608565-8111" start="10588">neurons</span>
    </annotation>
    <annotation annotator="Mike Bada, University of Colorado Anschutz Medical Campus" id="CL_basic_2014_02_21_Instance_10973" type="identity">
      <class id="CL:0000117" label="CNS neuron (sensu Vertebrata)"/>
      <span end="10690" id="17608565-8010" start="10679">CNS neurons</span>
    </annotation>
    <annotation annotator="Mike Bada, University of Colorado Anschutz Medical Campus" id="CL_basic_2014_02_21_Instance_21287" type="identity">
      <class id="CL:0000057" label="fibroblast"/>
      <span end="10948" id="17608565-8113" start="10937">fibroblasts</span>
    </annotation>
    <annotation annotator="Mike Bada, University of Colorado Anschutz Medical Campus" id="CL_basic_2014_02_21_Instance_10769" type="identity">
      <class id="CL:0000540" label="neuron"/>
      <span end="11228" id="17608565-7809" start="11220">neuronal</span>
    </annotation>
    <annotation annotator="Mike Bada, University of Colorado Anschutz Medical Campus" id="CL_basic_2014_02_21_Instance_21289" type="identity">
      <class id="CL:0000540" label="neuron"/>
      <span end="11274" id="17608565-8115" start="11267">neurons</span>
    </annotation>
    <annotation annotator="Mike Bada, University of Colorado Anschutz Medical Campus" id="CL_basic_2014_02_21_Instance_10773" type="identity">
      <class id="CL:0000561" label="amacrine cell"/>
      <span end="12573" id="17608565-7811" start="12565">amacrine</span>
    </annotation>
    <annotation annotator="Mike Bada, University of Colorado Anschutz Medical Campus" id="CL_basic_2014_02_21_Instance_10775" type="identity">
      <class id="CL:0000210" label="photoreceptor cell"/>
      <span end="12662" id="17608565-7813" start="12649">photoreceptor</span>
    </annotation>
    <annotation annotator="Mike Bada, University of Colorado Anschutz Medical Campus" id="CL_basic_2014_02_21_Instance_11075" type="identity">
      <class id="CL:0000103" label="bipolar neuron"/>
      <span end="13785" id="17608565-8020" start="13778">bipolar</span>
      <span end="13804" id="17608565-8021" start="13799">cells</span>
    </annotation>
    <annotation annotator="Mike Bada, University of Colorado Anschutz Medical Campus" id="CL_basic_2014_02_21_Instance_10777" type="identity">
      <class id="CL:0000740" label="retinal ganglion cell"/>
      <span end="13804" id="17608565-7815" start="13790">ganglion cells</span>
    </annotation>
    <annotation annotator="Mike Bada, University of Colorado Anschutz Medical Campus" id="CL_basic_2014_02_21_Instance_10779" type="identity">
      <class id="CL:0000604" label="retinal rod cell"/>
      <span end="13825" id="17608565-7817" start="13821">rods</span>
    </annotation>
    <annotation annotator="Mike Bada, University of Colorado Anschutz Medical Campus" id="CL_basic_2014_02_21_Instance_10781" type="identity">
      <class id="CL:0000604" label="retinal rod cell"/>
      <span end="13870" id="17608565-7819" start="13866">rods</span>
    </annotation>
    <annotation annotator="Mike Bada, University of Colorado Anschutz Medical Campus" id="CL_basic_2014_02_21_Instance_11077" type="identity">
      <class id="CL:0000103" label="bipolar neuron"/>
      <span end="13951" id="17608565-8023" start="13944">bipolar</span>
      <span end="13972" id="17608565-8024" start="13965">neurons</span>
    </annotation>
    <annotation annotator="Mike Bada, University of Colorado Anschutz Medical Campus" id="CL_basic_2014_02_21_Instance_10783" type="identity">
      <class id="CL:0000740" label="retinal ganglion cell"/>
      <span end="13972" id="17608565-7821" start="13956">ganglion neurons</span>
    </annotation>
    <annotation annotator="Mike Bada, University of Colorado Anschutz Medical Campus" id="CL_basic_2014_02_21_Instance_10787" type="identity">
      <class id="CL:0000740" label="retinal ganglion cell"/>
      <span end="14143" id="17608565-7823" start="14129">ganglion cells</span>
    </annotation>
    <annotation annotator="Mike Bada, University of Colorado Anschutz Medical Campus" id="CL_basic_2014_02_21_Instance_10789" type="identity">
      <class id="CL:0000740" label="retinal ganglion cell"/>
      <span end="14395" id="17608565-7825" start="14387">Ganglion</span>
      <span end="14419" id="17608565-7826" start="14414">Cells</span>
    </annotation>
    <annotation annotator="Mike Bada, University of Colorado Anschutz Medical Campus" id="CL_basic_2014_02_21_Instance_10791" type="identity">
      <class id="CL:0000604" label="retinal rod cell"/>
      <span end="14400" id="17608565-7828" start="14397">Rod</span>
      <span end="14419" id="17608565-7829" start="14414">Cells</span>
    </annotation>
    <annotation annotator="Mike Bada, University of Colorado Anschutz Medical Campus" id="CL_basic_2014_02_21_Instance_10793" type="identity">
      <class id="CL:0000748" label="retinal bipolar neuron"/>
      <span end="14419" id="17608565-7831" start="14406">Bipolar Cells</span>
    </annotation>
    <annotation annotator="Mike Bada, University of Colorado Anschutz Medical Campus" id="CL_basic_2014_02_21_Instance_10795" type="identity">
      <class id="CL:0000740" label="retinal ganglion cell"/>
      <span end="14594" id="17608565-7833" start="14580">ganglion cells</span>
    </annotation>
    <annotation annotator="Mike Bada, University of Colorado Anschutz Medical Campus" id="CL_basic_2014_02_21_Instance_10797" type="identity">
      <class id="CL:0000604" label="retinal rod cell"/>
      <span end="14614" id="17608565-7835" start="14610">rods</span>
    </annotation>
    <annotation annotator="Mike Bada, University of Colorado Anschutz Medical Campus" id="CL_basic_2014_02_21_Instance_10799" type="identity">
      <class id="CL:0000573" label="retinal cone cell"/>
      <span end="14624" id="17608565-7837" start="14619">cones</span>
    </annotation>
    <annotation annotator="Mike Bada, University of Colorado Anschutz Medical Campus" id="CL_basic_2014_02_21_Instance_10885" type="identity">
      <class id="CL:0000604" label="retinal rod cell"/>
      <span end="14634" id="17608565-7927" start="14631">rod</span>
    </annotation>
    <annotation annotator="Mike Bada, University of Colorado Anschutz Medical Campus" id="CL_basic_2014_02_21_Instance_21301" type="identity">
      <class id="CL:0000751" label="rod bipolar cell"/>
      <span end="14675" id="17608565-8117" start="14658">rod bipolar cells</span>
    </annotation>
    <annotation annotator="Mike Bada, University of Colorado Anschutz Medical Campus" id="CL_basic_2014_02_21_Instance_10801" type="identity">
      <class id="CL:0000740" label="retinal ganglion cell"/>
      <span end="14775" id="17608565-7839" start="14761">ganglion cells</span>
    </annotation>
    <annotation annotator="Mike Bada, University of Colorado Anschutz Medical Campus" id="CL_basic_2014_02_21_Instance_11079" type="identity">
      <class id="CL:0000103" label="bipolar neuron"/>
      <span end="14831" id="17608565-8026" start="14818">bipolar cells</span>
    </annotation>
    <annotation annotator="Mike Bada, University of Colorado Anschutz Medical Campus" id="CL_basic_2014_02_21_Instance_10803" type="identity">
      <class id="CL:0000604" label="retinal rod cell"/>
      <span end="14895" id="17608565-7841" start="14891">rods</span>
    </annotation>
    <annotation annotator="Mike Bada, University of Colorado Anschutz Medical Campus" id="CL_basic_2014_02_21_Instance_10805" type="identity">
      <class id="CL:0000210" label="photoreceptor cell"/>
      <span end="15472" id="17608565-7843" start="15458">photoreceptors</span>
    </annotation>
    <annotation annotator="Mike Bada, University of Colorado Anschutz Medical Campus" id="CL_basic_2014_02_21_Instance_11081" type="identity">
      <class id="CL:0000103" label="bipolar neuron"/>
      <span end="15631" id="17608565-8028" start="15623">bipolars</span>
    </annotation>
    <annotation annotator="Mike Bada, University of Colorado Anschutz Medical Campus" id="CL_basic_2014_02_21_Instance_10887" type="identity">
      <class id="CL:0000604" label="retinal rod cell"/>
      <span end="16626" id="17608565-7929" start="16623">rod</span>
    </annotation>
    <annotation annotator="Mike Bada, University of Colorado Anschutz Medical Campus" id="CL_basic_2014_02_21_Instance_10807" type="identity">
      <class id="CL:0000210" label="photoreceptor cell"/>
      <span end="16651" id="17608565-7845" start="16637">photoreceptors</span>
    </annotation>
    <annotation annotator="Mike Bada, University of Colorado Anschutz Medical Campus" id="CL_basic_2014_02_21_Instance_10809" type="identity">
      <class id="CL:0000740" label="retinal ganglion cell"/>
      <span end="16683" id="17608565-7847" start="16669">ganglion cells</span>
    </annotation>
    <annotation annotator="Mike Bada, University of Colorado Anschutz Medical Campus" id="CL_basic_2014_02_21_Instance_11083" type="identity">
      <class id="CL:0000103" label="bipolar neuron"/>
      <span end="16727" id="17608565-8030" start="16712">bipolar neurons</span>
    </annotation>
    <annotation annotator="Mike Bada, University of Colorado Anschutz Medical Campus" id="CL_basic_2014_02_21_Instance_10811" type="identity">
      <class id="CL:0000540" label="neuron"/>
      <span end="16873" id="17608565-7849" start="16865">neuronal</span>
    </annotation>
    <annotation annotator="Mike Bada, University of Colorado Anschutz Medical Campus" id="CL_basic_2014_02_21_Instance_11085" type="identity">
      <class id="CL:0000103" label="bipolar neuron"/>
      <span end="16958" id="17608565-8032" start="16945">bipolar cells</span>
    </annotation>
    <annotation annotator="Mike Bada, University of Colorado Anschutz Medical Campus" id="CL_basic_2014_02_21_Instance_10813" type="identity">
      <class id="CL:0000604" label="retinal rod cell"/>
      <span end="17021" id="17608565-7851" start="17003">rod photoreceptors</span>
    </annotation>
    <annotation annotator="Mike Bada, University of Colorado Anschutz Medical Campus" id="CL_basic_2014_02_21_Instance_21311" type="identity">
      <class id="CL:0000540" label="neuron"/>
      <span end="17110" id="17608565-8119" start="17103">neurons</span>
    </annotation>
    <annotation annotator="Mike Bada, University of Colorado Anschutz Medical Campus" id="CL_basic_2014_02_21_Instance_11087" type="identity">
      <class id="CL:0000103" label="bipolar neuron"/>
      <span end="17178" id="17608565-8034" start="17166">Bipolar cell</span>
    </annotation>
    <annotation annotator="Mike Bada, University of Colorado Anschutz Medical Campus" id="CL_basic_2014_02_21_Instance_10815" type="identity">
      <class id="CL:0000604" label="retinal rod cell"/>
      <span end="17411" id="17608565-7853" start="17407">rods</span>
    </annotation>
    <annotation annotator="Mike Bada, University of Colorado Anschutz Medical Campus" id="CL_basic_2014_02_21_Instance_10817" type="identity">
      <class id="CL:0000210" label="photoreceptor cell"/>
      <span end="17590" id="17608565-7855" start="17577">photoreceptor</span>
    </annotation>
    <annotation annotator="Mike Bada, University of Colorado Anschutz Medical Campus" id="CL_basic_2014_02_21_Instance_10819" type="identity">
      <class id="CL:0000604" label="retinal rod cell"/>
      <span end="17628" id="17608565-7857" start="17625">rod</span>
    </annotation>
    <annotation annotator="Mike Bada, University of Colorado Anschutz Medical Campus" id="CL_basic_2014_02_21_Instance_10841" type="identity">
      <class id="CL:0000210" label="photoreceptor cell"/>
      <span end="17720" id="17608565-7883" start="17707">photoreceptor</span>
    </annotation>
    <annotation annotator="Mike Bada, University of Colorado Anschutz Medical Campus" id="CL_basic_2014_02_21_Instance_10843" type="identity">
      <class id="CL:0000604" label="retinal rod cell"/>
      <span end="17792" id="17608565-7885" start="17789">rod</span>
    </annotation>
    <annotation annotator="Mike Bada, University of Colorado Anschutz Medical Campus" id="CL_basic_2014_02_21_Instance_10823" type="identity">
      <class id="CL:0000740" label="retinal ganglion cell"/>
      <span end="18149" id="17608565-7862" start="18142">retinal</span>
      <span end="18167" id="17608565-7863" start="18159">ganglion</span>
      <span end="18182" id="17608565-7864" start="18177">cells</span>
    </annotation>
    <annotation annotator="Mike Bada, University of Colorado Anschutz Medical Campus" id="CL_basic_2014_02_21_Instance_10825" type="identity">
      <class id="CL:0000604" label="retinal rod cell"/>
      <span end="18149" id="17608565-7866" start="18142">retinal</span>
      <span end="18182" id="17608565-7867" start="18173">rod cells</span>
    </annotation>
    <annotation annotator="Mike Bada, University of Colorado Anschutz Medical Campus" id="CL_basic_2014_02_21_Instance_10821" type="identity">
      <class id="CL:0000748" label="retinal bipolar neuron"/>
      <span end="18157" id="17608565-7859" start="18142">retinal bipolar</span>
      <span end="18182" id="17608565-7860" start="18177">cells</span>
    </annotation>
    <annotation annotator="Mike Bada, University of Colorado Anschutz Medical Campus" id="CL_basic_2014_02_21_Instance_50800" type="identity">
      <class id="CL:0002672" label="retinal progenitor cell"/>
      <span end="18321" id="17608565-8203" start="18318">RPC</span>
    </annotation>
    <annotation annotator="Mike Bada, University of Colorado Anschutz Medical Campus" id="CL_basic_2014_02_21_Instance_50803" type="identity">
      <class id="CL:0002672" label="retinal progenitor cell"/>
      <span end="18355" id="17608565-8205" start="18352">RPC</span>
    </annotation>
    <annotation annotator="Mike Bada, University of Colorado Anschutz Medical Campus" id="CL_basic_2014_02_21_Instance_50806" type="identity">
      <class id="CL:0002672" label="retinal progenitor cell"/>
      <span end="18449" id="17608565-8207" start="18446">RPC</span>
    </annotation>
    <annotation annotator="Mike Bada, University of Colorado Anschutz Medical Campus" id="CL_basic_2014_02_21_Instance_10121" type="identity">
      <class id="CL:0000740" label="retinal ganglion cell"/>
      <span end="18546" id="17608565-7766" start="18532">ganglion cells</span>
    </annotation>
    <annotation annotator="Mike Bada, University of Colorado Anschutz Medical Campus" id="CL_basic_2014_02_21_Instance_11089" type="identity">
      <class id="CL:0000103" label="bipolar neuron"/>
      <span end="18584" id="17608565-8036" start="18571">bipolar cells</span>
    </annotation>
    <annotation annotator="Mike Bada, University of Colorado Anschutz Medical Campus" id="CL_basic_2014_02_21_Instance_21313" type="identity">
      <class id="CL:0000540" label="neuron"/>
      <span end="18733" id="17608565-8121" start="18726">neurons</span>
    </annotation>
    <annotation annotator="Mike Bada, University of Colorado Anschutz Medical Campus" id="CL_basic_2014_02_21_Instance_11091" type="identity">
      <class id="CL:0000103" label="bipolar neuron"/>
      <span end="18857" id="17608565-8038" start="18844">bipolar cells</span>
    </annotation>
    <annotation annotator="Mike Bada, University of Colorado Anschutz Medical Campus" id="CL_basic_2014_02_21_Instance_50809" type="identity">
      <class id="CL:0002672" label="retinal progenitor cell"/>
      <span end="19182" id="17608565-8209" start="19179">RPC</span>
    </annotation>
    <annotation annotator="Mike Bada, University of Colorado Anschutz Medical Campus" id="CL_basic_2014_02_21_Instance_60078" type="identity">
      <class id="CL:0002672" label="retinal progenitor cell"/>
      <span end="19307" id="17608565-8247" start="19304">RPC</span>
    </annotation>
    <annotation annotator="Mike Bada, University of Colorado Anschutz Medical Campus" id="CL_basic_2014_02_21_Instance_21319" type="identity">
      <class id="CL:0000540" label="neuron"/>
      <span end="19543" id="17608565-8123" start="19536">neurons</span>
    </annotation>
    <annotation annotator="Mike Bada, University of Colorado Anschutz Medical Campus" id="CL_basic_2014_02_21_Instance_10827" type="identity">
      <class id="CL:0000210" label="photoreceptor cell"/>
      <span end="19959" id="17608565-7869" start="19945">photoreceptors</span>
    </annotation>
    <annotation annotator="Mike Bada, University of Colorado Anschutz Medical Campus" id="CL_basic_2014_02_21_Instance_21321" type="identity">
      <class id="CL:0000561" label="amacrine cell"/>
      <span end="19977" id="17608565-8125" start="19963">amacrine cells</span>
    </annotation>
    <annotation annotator="Mike Bada, University of Colorado Anschutz Medical Campus" id="CL_basic_2014_02_21_Instance_10849" type="identity">
      <class id="CL:0000740" label="retinal ganglion cell"/>
      <span end="20008" id="17608565-7889" start="19995">gangion cells</span>
    </annotation>
    <annotation annotator="Mike Bada, University of Colorado Anschutz Medical Campus" id="CL_basic_2014_02_21_Instance_10851" type="identity">
      <class id="CL:0000751" label="rod bipolar cell"/>
      <span end="20035" id="17608565-7891" start="20032">rod</span>
      <span end="20058" id="17608565-7892" start="20045">bipolar cells</span>
    </annotation>
    <annotation annotator="Mike Bada, University of Colorado Anschutz Medical Campus" id="CL_basic_2014_02_21_Instance_10853" type="identity">
      <class id="CL:0000752" label="cone retinal bipolar cell"/>
      <span end="20058" id="17608565-7894" start="20040">cone bipolar cells</span>
    </annotation>
    <annotation annotator="Mike Bada, University of Colorado Anschutz Medical Campus" id="CL_basic_2014_02_21_Instance_10829" type="identity">
      <class id="CL:0000210" label="photoreceptor cell"/>
      <span end="20150" id="17608565-7871" start="20136">photoreceptors</span>
    </annotation>
    <annotation annotator="Mike Bada, University of Colorado Anschutz Medical Campus" id="CL_basic_2014_02_21_Instance_10855" type="identity">
      <class id="CL:0000749" label="ON-bipolar cell"/>
      <span end="20257" id="17608565-7896" start="20241">ON bipolar cells</span>
    </annotation>
    <annotation annotator="Mike Bada, University of Colorado Anschutz Medical Campus" id="CL_basic_2014_02_21_Instance_10857" type="identity">
      <class id="CL:0000604" label="retinal rod cell"/>
      <span end="20361" id="17608565-7898" start="20358">rod</span>
    </annotation>
    <annotation annotator="Mike Bada, University of Colorado Anschutz Medical Campus" id="CL_basic_2014_02_21_Instance_10859" type="identity">
      <class id="CL:0000604" label="retinal rod cell"/>
      <span end="20493" id="17608565-7900" start="20490">rod</span>
      <span end="20510" id="17608565-7901" start="20506">cell</span>
    </annotation>
    <annotation annotator="Mike Bada, University of Colorado Anschutz Medical Campus" id="CL_basic_2014_02_21_Instance_11093" type="identity">
      <class id="CL:0000103" label="bipolar neuron"/>
      <span end="20510" id="17608565-8040" start="20498">bipolar cell</span>
    </annotation>
    <annotation annotator="Mike Bada, University of Colorado Anschutz Medical Campus" id="CL_basic_2014_02_21_Instance_10861" type="identity">
      <class id="CL:0000604" label="retinal rod cell"/>
      <span end="20901" id="17608565-7903" start="20898">rod</span>
    </annotation>
    <annotation annotator="Mike Bada, University of Colorado Anschutz Medical Campus" id="CL_basic_2014_02_21_Instance_10901" type="identity">
      <class id="CL:0000573" label="retinal cone cell"/>
      <span end="20998" id="17608565-7943" start="20994">cone</span>
    </annotation>
    <annotation annotator="Mike Bada, University of Colorado Anschutz Medical Campus" id="CL_basic_2014_02_21_Instance_10863" type="identity">
      <class id="CL:0000573" label="retinal cone cell"/>
      <span end="21039" id="17608565-7905" start="21034">Cones</span>
    </annotation>
    <annotation annotator="Mike Bada, University of Colorado Anschutz Medical Campus" id="CL_basic_2014_02_21_Instance_10831" type="identity">
      <class id="CL:0000210" label="photoreceptor cell"/>
      <span end="21075" id="17608565-7873" start="21061">photoreceptors</span>
    </annotation>
    <annotation annotator="Mike Bada, University of Colorado Anschutz Medical Campus" id="CL_basic_2014_02_21_Instance_10865" type="identity">
      <class id="CL:0000604" label="retinal rod cell"/>
      <span end="21092" id="17608565-7907" start="21088">rods</span>
    </annotation>
    <annotation annotator="Mike Bada, University of Colorado Anschutz Medical Campus" id="CL_basic_2014_02_21_Instance_10889" type="identity">
      <class id="CL:0000604" label="retinal rod cell"/>
      <span end="21135" id="17608565-7931" start="21131">rods</span>
    </annotation>
    <annotation annotator="Mike Bada, University of Colorado Anschutz Medical Campus" id="CL_basic_2014_02_21_Instance_11095" type="identity">
      <class id="CL:0000103" label="bipolar neuron"/>
      <span end="21246" id="17608565-8042" start="21233">bipolar cells</span>
    </annotation>
    <annotation annotator="Mike Bada, University of Colorado Anschutz Medical Campus" id="CL_basic_2014_02_21_Instance_10867" type="identity">
      <class id="CL:0000573" label="retinal cone cell"/>
      <span end="21311" id="17608565-7909" start="21307">cone</span>
    </annotation>
    <annotation annotator="Mike Bada, University of Colorado Anschutz Medical Campus" id="CL_basic_2014_02_21_Instance_11097" type="identity">
      <class id="CL:0000103" label="bipolar neuron"/>
      <span end="21330" id="17608565-8044" start="21323">bipolar</span>
    </annotation>
    <annotation annotator="Mike Bada, University of Colorado Anschutz Medical Campus" id="CL_basic_2014_02_21_Instance_50813" type="identity">
      <class id="CL:0002672" label="retinal progenitor cell"/>
      <span end="21670" id="17608565-8211" start="21666">RPCs</span>
    </annotation>
    <annotation annotator="Mike Bada, University of Colorado Anschutz Medical Campus" id="CL_basic_2014_02_21_Instance_10869" type="identity">
      <class id="CL:0000573" label="retinal cone cell"/>
      <span end="21959" id="17608565-7911" start="21955">cone</span>
    </annotation>
    <annotation annotator="Mike Bada, University of Colorado Anschutz Medical Campus" id="CL_basic_2014_02_21_Instance_10891" type="identity">
      <class id="CL:0000573" label="retinal cone cell"/>
      <span end="22031" id="17608565-7933" start="22027">cone</span>
    </annotation>
    <annotation annotator="Mike Bada, University of Colorado Anschutz Medical Campus" id="CL_basic_2014_02_21_Instance_21327" type="identity">
      <class id="CL:0000561" label="amacrine cell"/>
      <span end="22173" id="17608565-8127" start="22159">amacrine cells</span>
    </annotation>
    <annotation annotator="Mike Bada, University of Colorado Anschutz Medical Campus" id="CL_basic_2014_02_21_Instance_10871" type="identity">
      <class id="CL:0000604" label="retinal rod cell"/>
      <span end="22363" id="17608565-7913" start="22360">rod</span>
    </annotation>
    <annotation annotator="Mike Bada, University of Colorado Anschutz Medical Campus" id="CL_basic_2014_02_21_Instance_10873" type="identity">
      <class id="CL:0000573" label="retinal cone cell"/>
      <span end="22372" id="17608565-7915" start="22368">cone</span>
    </annotation>
    <annotation annotator="Mike Bada, University of Colorado Anschutz Medical Campus" id="CL_basic_2014_02_21_Instance_10833" type="identity">
      <class id="CL:0000210" label="photoreceptor cell"/>
      <span end="22523" id="17608565-7875" start="22510">photoreceptor</span>
    </annotation>
    <annotation annotator="Mike Bada, University of Colorado Anschutz Medical Campus" id="CL_basic_2014_02_21_Instance_11099" type="identity">
      <class id="CL:0000103" label="bipolar neuron"/>
      <span end="22540" id="17608565-8046" start="22528">bipolar cell</span>
    </annotation>
    <annotation annotator="Mike Bada, University of Colorado Anschutz Medical Campus" id="CL_basic_2014_02_21_Instance_10905" type="identity">
      <class id="CL:0000561" label="amacrine cell"/>
      <span end="22968" id="17608565-7945" start="22960">amacrine</span>
      <span end="22986" id="17608565-7946" start="22982">cell</span>
    </annotation>
    <annotation annotator="Mike Bada, University of Colorado Anschutz Medical Campus" id="CL_basic_2014_02_21_Instance_10907" type="identity">
      <class id="CL:0000740" label="retinal ganglion cell"/>
      <span end="22986" id="17608565-7948" start="22973">ganglion cell</span>
    </annotation>
    <annotation annotator="Mike Bada, University of Colorado Anschutz Medical Campus" id="CL_basic_2014_02_21_Instance_21335" type="identity">
      <class id="CL:0000561" label="amacrine cell"/>
      <span end="23356" id="17608565-8129" start="23343">amacrine cell</span>
    </annotation>
    <annotation annotator="Mike Bada, University of Colorado Anschutz Medical Campus" id="CL_basic_2014_02_21_Instance_21343" type="identity">
      <class id="CL:0000561" label="amacrine cell"/>
      <span end="24441" id="17608565-8131" start="24425">amacrine neurons</span>
    </annotation>
    <annotation annotator="Mike Bada, University of Colorado Anschutz Medical Campus" id="CL_basic_2014_02_21_Instance_10909" type="identity">
      <class id="CL:0000740" label="retinal ganglion cell"/>
      <span end="25495" id="17608565-7950" start="25481">ganglion cells</span>
    </annotation>
    <annotation annotator="Mike Bada, University of Colorado Anschutz Medical Campus" id="CL_basic_2014_02_21_Instance_21349" type="identity">
      <class id="CL:0000561" label="amacrine cell"/>
      <span end="25604" id="17608565-8133" start="25590">amacrine cells</span>
    </annotation>
    <annotation annotator="Mike Bada, University of Colorado Anschutz Medical Campus" id="CL_basic_2014_02_21_Instance_10911" type="identity">
      <class id="CL:0000745" label="horizontal cell"/>
      <span end="25642" id="17608565-7952" start="25632">horizontal</span>
      <span end="25667" id="17608565-7953" start="25660">neurons</span>
    </annotation>
    <annotation annotator="Mike Bada, University of Colorado Anschutz Medical Campus" id="CL_basic_2014_02_21_Instance_11101" type="identity">
      <class id="CL:0000103" label="bipolar neuron"/>
      <span end="25667" id="17608565-8048" start="25652">bipolar neurons</span>
    </annotation>
    <annotation annotator="Mike Bada, University of Colorado Anschutz Medical Campus" id="CL_basic_2014_02_21_Instance_21351" type="identity">
      <class id="CL:0000561" label="amacrine cell"/>
      <span end="25738" id="17608565-8135" start="25724">amacrine cells</span>
    </annotation>
    <annotation annotator="Mike Bada, University of Colorado Anschutz Medical Campus" id="CL_basic_2014_02_21_Instance_10913" type="identity">
      <class id="CL:0000740" label="retinal ganglion cell"/>
      <span end="26453" id="17608565-7955" start="26439">ganglion cells</span>
    </annotation>
    <annotation annotator="Mike Bada, University of Colorado Anschutz Medical Campus" id="CL_basic_2014_02_21_Instance_10915" type="identity">
      <class id="CL:0000740" label="retinal ganglion cell"/>
      <span end="26486" id="17608565-7957" start="26472">ganglion cells</span>
    </annotation>
    <annotation annotator="Mike Bada, University of Colorado Anschutz Medical Campus" id="CL_basic_2014_02_21_Instance_10917" type="identity">
      <class id="CL:0000540" label="neuron"/>
      <span end="29400" id="17608565-7959" start="29392">neuronal</span>
    </annotation>
    <annotation annotator="Mike Bada, University of Colorado Anschutz Medical Campus" id="CL_basic_2014_02_21_Instance_21377" type="identity">
      <class id="CL:0000136" label="fat cell"/>
      <span end="29443" id="17608565-8137" start="29433">adipocytes</span>
    </annotation>
    <annotation annotator="Mike Bada, University of Colorado Anschutz Medical Campus" id="CL_basic_2014_02_21_Instance_11103" type="identity">
      <class id="CL:0000103" label="bipolar neuron"/>
      <span end="30592" id="17608565-8050" start="30585">bipolar</span>
      <span end="30610" id="17608565-8051" start="30606">cell</span>
    </annotation>
    <annotation annotator="Mike Bada, University of Colorado Anschutz Medical Campus" id="CL_basic_2014_02_21_Instance_10919" type="identity">
      <class id="CL:0000740" label="retinal ganglion cell"/>
      <span end="30610" id="17608565-7961" start="30597">ganglion cell</span>
    </annotation>
    <annotation annotator="Mike Bada, University of Colorado Anschutz Medical Campus" id="CL_basic_2014_02_21_Instance_10921" type="identity">
      <class id="CL:0000740" label="retinal ganglion cell"/>
      <span end="31206" id="17608565-7963" start="31192">ganglion cells</span>
    </annotation>
    <annotation annotator="Mike Bada, University of Colorado Anschutz Medical Campus" id="CL_basic_2014_02_21_Instance_10923" type="identity">
      <class id="CL:0000740" label="retinal ganglion cell"/>
      <span end="31447" id="17608565-7965" start="31433">ganglion cells</span>
    </annotation>
    <annotation annotator="Mike Bada, University of Colorado Anschutz Medical Campus" id="CL_basic_2014_02_21_Instance_60118" type="identity">
      <class id="CL:0000031" label="neuroblast"/>
      <span end="32086" id="17608565-8253" start="32074">neuroblastic</span>
    </annotation>
    <annotation annotator="Mike Bada, University of Colorado Anschutz Medical Campus" id="CL_basic_2014_02_21_Instance_21403" type="identity">
      <class id="CL:0000561" label="amacrine cell"/>
      <span end="32685" id="17608565-8139" start="32671">amacrine cells</span>
    </annotation>
    <annotation annotator="Mike Bada, University of Colorado Anschutz Medical Campus" id="CL_basic_2014_02_21_Instance_10925" type="identity">
      <class id="CL:0000117" label="CNS neuron (sensu Vertebrata)"/>
      <span end="32954" id="17608565-7967" start="32943">CNS Neurons</span>
    </annotation>
    <annotation annotator="Mike Bada, University of Colorado Anschutz Medical Campus" id="CL_basic_2014_02_21_Instance_21405" type="identity">
      <class id="CL:0000540" label="neuron"/>
      <span end="33053" id="17608565-8141" start="33046">neurons</span>
    </annotation>
    <annotation annotator="Mike Bada, University of Colorado Anschutz Medical Campus" id="CL_basic_2014_02_21_Instance_60019" type="identity">
      <class id="CL:0002672" label="retinal progenitor cell"/>
      <span end="33414" id="17608565-8213" start="33410">RPCs</span>
    </annotation>
    <annotation annotator="Mike Bada, University of Colorado Anschutz Medical Campus" id="CL_basic_2014_02_21_Instance_60022" type="identity">
      <class id="CL:0002672" label="retinal progenitor cell"/>
      <span end="33608" id="17608565-8215" start="33605">RPC</span>
    </annotation>
    <annotation annotator="Mike Bada, University of Colorado Anschutz Medical Campus" id="CL_basic_2014_02_21_Instance_10931" type="identity">
      <class id="CL:0000740" label="retinal ganglion cell"/>
      <span end="34407" id="17608565-7969" start="34393">ganglion cells</span>
    </annotation>
    <annotation annotator="Mike Bada, University of Colorado Anschutz Medical Campus" id="CL_basic_2014_02_21_Instance_70479" type="identity">
      <class id="CL:0011107" label="Muller cell"/>
      <span end="34424" id="17608565-8262" start="34412">Müller cells</span>
    </annotation>
    <annotation annotator="Mike Bada, University of Colorado Anschutz Medical Campus" id="CL_basic_2014_02_21_Instance_21411" type="identity">
      <class id="CL:0000540" label="neuron"/>
      <span end="34735" id="17608565-8143" start="34728">neurons</span>
    </annotation>
    <annotation annotator="Mike Bada, University of Colorado Anschutz Medical Campus" id="CL_basic_2014_02_21_Instance_60081" type="identity">
      <class id="CL:0002672" label="retinal progenitor cell"/>
      <span end="35068" id="17608565-8249" start="35064">RPCs</span>
    </annotation>
    <annotation annotator="Mike Bada, University of Colorado Anschutz Medical Campus" id="CL_basic_2014_02_21_Instance_21413" type="identity">
      <class id="CL:0000540" label="neuron"/>
      <span end="35114" id="17608565-8145" start="35107">neurons</span>
    </annotation>
    <annotation annotator="Mike Bada, University of Colorado Anschutz Medical Campus" id="CL_basic_2014_02_21_Instance_21415" type="identity">
      <class id="CL:0000540" label="neuron"/>
      <span end="35307" id="17608565-8147" start="35300">neurons</span>
    </annotation>
    <annotation annotator="Mike Bada, University of Colorado Anschutz Medical Campus" id="CL_basic_2014_02_21_Instance_21417" type="identity">
      <class id="CL:0000540" label="neuron"/>
      <span end="35620" id="17608565-8149" start="35613">neurons</span>
    </annotation>
    <annotation annotator="Mike Bada, University of Colorado Anschutz Medical Campus" id="CL_basic_2014_02_21_Instance_10935" type="identity">
      <class id="CL:0000540" label="neuron"/>
      <span end="35740" id="17608565-7971" start="35732">neuronal</span>
    </annotation>
    <annotation annotator="Mike Bada, University of Colorado Anschutz Medical Campus" id="CL_basic_2014_02_21_Instance_21419" type="identity">
      <class id="CL:0000540" label="neuron"/>
      <span end="35822" id="17608565-8151" start="35815">neurons</span>
    </annotation>
    <annotation annotator="Mike Bada, University of Colorado Anschutz Medical Campus" id="CL_basic_2014_02_21_Instance_10937" type="identity">
      <class id="CL:0000125" label="glial cell"/>
      <span end="35841" id="17608565-7973" start="35836">glial</span>
    </annotation>
    <annotation annotator="Mike Bada, University of Colorado Anschutz Medical Campus" id="CL_basic_2014_02_21_Instance_21421" type="identity">
      <class id="CL:0000108" label="cholinergic neuron"/>
      <span end="35961" id="17608565-8153" start="35942">cholinergic neurons</span>
    </annotation>
    <annotation annotator="Mike Bada, University of Colorado Anschutz Medical Campus" id="CL_basic_2014_02_21_Instance_10939" type="identity">
      <class id="CL:0000108" label="cholinergic neuron"/>
      <span end="36092" id="17608565-7975" start="36081">cholinergic</span>
      <span end="36106" id="17608565-7976" start="36099">neurons</span>
    </annotation>
    <annotation annotator="Mike Bada, University of Colorado Anschutz Medical Campus" id="CL_basic_2014_02_21_Instance_21423" type="identity">
      <class id="CL:0000540" label="neuron"/>
      <span end="36159" id="17608565-8155" start="36152">neurons</span>
    </annotation>
    <annotation annotator="Mike Bada, University of Colorado Anschutz Medical Campus" id="CL_basic_2014_02_21_Instance_10941" type="identity">
      <class id="CL:0000740" label="retinal ganglion cell"/>
      <span end="38203" id="17608565-7978" start="38189">ganglion cells</span>
    </annotation>
    <annotation annotator="Mike Bada, University of Colorado Anschutz Medical Campus" id="CL_basic_2014_02_21_Instance_60028" type="identity">
      <class id="CL:0009004" label="retinal cell"/>
      <span end="38826" id="17608565-8217" start="38813">retinal cells</span>
    </annotation>
    <annotation annotator="Mike Bada, University of Colorado Anschutz Medical Campus" id="CL_basic_2014_02_21_Instance_10943" type="identity">
      <class id="CL:0000540" label="neuron"/>
      <span end="42860" id="17608565-7980" start="42852">neuronal</span>
    </annotation>
    <annotation annotator="Mike Bada, University of Colorado Anschutz Medical Campus" id="CL_basic_2014_02_21_Instance_60030" type="identity">
      <class id="CL:0009004" label="retinal cell"/>
      <span end="42915" id="17608565-8219" start="42903">Retinal Cell</span>
    </annotation>
    <annotation annotator="Mike Bada, University of Colorado Anschutz Medical Campus" id="CL_basic_2014_02_21_Instance_10945" type="identity">
      <class id="CL:0000540" label="neuron"/>
      <span end="43021" id="17608565-7982" start="43013">neuronal</span>
    </annotation>
    <annotation annotator="Mike Bada, University of Colorado Anschutz Medical Campus" id="CL_basic_2014_02_21_Instance_21451" type="identity">
      <class id="CL:0000540" label="neuron"/>
      <span end="43293" id="17608565-8157" start="43286">neurons</span>
    </annotation>
    <annotation annotator="Mike Bada, University of Colorado Anschutz Medical Campus" id="CL_basic_2014_02_21_Instance_21453" type="identity">
      <class id="CL:0000540" label="neuron"/>
      <span end="43346" id="17608565-8159" start="43339">neurons</span>
    </annotation>
    <annotation annotator="Mike Bada, University of Colorado Anschutz Medical Campus" id="CL_basic_2014_02_21_Instance_10947" type="identity">
      <class id="CL:0000540" label="neuron"/>
      <span end="43579" id="17608565-7984" start="43571">neuronal</span>
    </annotation>
    <annotation annotator="Mike Bada, University of Colorado Anschutz Medical Campus" id="CL_basic_2014_02_21_Instance_21455" type="identity">
      <class id="CL:0000540" label="neuron"/>
      <span end="43744" id="17608565-8161" start="43737">neurons</span>
    </annotation>
    <annotation annotator="Mike Bada, University of Colorado Anschutz Medical Campus" id="CL_basic_2014_02_21_Instance_10875" type="identity">
      <class id="CL:0000604" label="retinal rod cell"/>
      <span end="43805" id="17608565-7917" start="43802">rod</span>
    </annotation>
    <annotation annotator="Mike Bada, University of Colorado Anschutz Medical Campus" id="CL_basic_2014_02_21_Instance_10893" type="identity">
      <class id="CL:0000573" label="retinal cone cell"/>
      <span end="43815" id="17608565-7935" start="43811">cone</span>
    </annotation>
    <annotation annotator="Mike Bada, University of Colorado Anschutz Medical Campus" id="CL_basic_2014_02_21_Instance_10835" type="identity">
      <class id="CL:0000210" label="photoreceptor cell"/>
      <span end="43888" id="17608565-7877" start="43874">photoreceptors</span>
    </annotation>
    <annotation annotator="Mike Bada, University of Colorado Anschutz Medical Campus" id="CL_basic_2014_02_21_Instance_11105" type="identity">
      <class id="CL:0000103" label="bipolar neuron"/>
      <span end="43899" id="17608565-8053" start="43892">bipolar</span>
      <span end="43918" id="17608565-8054" start="43913">cells</span>
    </annotation>
    <annotation annotator="Mike Bada, University of Colorado Anschutz Medical Campus" id="CL_basic_2014_02_21_Instance_21457" type="identity">
      <class id="CL:0000561" label="amacrine cell"/>
      <span end="43918" id="17608565-8163" start="43904">amacrine cells</span>
    </annotation>
    <annotation annotator="Mike Bada, University of Colorado Anschutz Medical Campus" id="CL_basic_2014_02_21_Instance_60033" type="identity">
      <class id="CL:0009004" label="retinal cell"/>
      <span end="44151" id="17608565-8221" start="44139">retinal cell</span>
    </annotation>
    <annotation annotator="Mike Bada, University of Colorado Anschutz Medical Campus" id="CL_basic_2014_02_21_Instance_60035" type="identity">
      <class id="CL:0009004" label="retinal cell"/>
      <span end="44314" id="17608565-8223" start="44301">retinal cells</span>
    </annotation>
    <annotation annotator="Mike Bada, University of Colorado Anschutz Medical Campus" id="CL_basic_2014_02_21_Instance_10837" type="identity">
      <class id="CL:0000210" label="photoreceptor cell"/>
      <span end="44340" id="17608565-7879" start="44326">photoreceptors</span>
    </annotation>
    <annotation annotator="Mike Bada, University of Colorado Anschutz Medical Campus" id="CL_basic_2014_02_21_Instance_10839" type="identity">
      <class id="CL:0000210" label="photoreceptor cell"/>
      <span end="44743" id="17608565-7881" start="44729">photoreceptors</span>
    </annotation>
    <annotation annotator="Mike Bada, University of Colorado Anschutz Medical Campus" id="CL_basic_2014_02_21_Instance_10877" type="identity">
      <class id="CL:0000604" label="retinal rod cell"/>
      <span end="45330" id="17608565-7919" start="45327">rod</span>
    </annotation>
    <annotation annotator="Mike Bada, University of Colorado Anschutz Medical Campus" id="CL_basic_2014_02_21_Instance_11107" type="identity">
      <class id="CL:0000103" label="bipolar neuron"/>
      <span end="45338" id="17608565-8056" start="45331">bipolar</span>
    </annotation>
    <annotation annotator="Mike Bada, University of Colorado Anschutz Medical Campus" id="CL_basic_2014_02_21_Instance_10895" type="identity">
      <class id="CL:0000573" label="retinal cone cell"/>
      <span end="45390" id="17608565-7937" start="45386">cone</span>
    </annotation>
    <annotation annotator="Mike Bada, University of Colorado Anschutz Medical Campus" id="CL_basic_2014_02_21_Instance_11109" type="identity">
      <class id="CL:0000103" label="bipolar neuron"/>
      <span end="45398" id="17608565-8058" start="45391">bipolar</span>
    </annotation>
    <annotation annotator="Mike Bada, University of Colorado Anschutz Medical Campus" id="CL_basic_2014_02_21_Instance_10897" type="identity">
      <class id="CL:0000573" label="retinal cone cell"/>
      <span end="45604" id="17608565-7939" start="45599">cones</span>
    </annotation>
    <annotation annotator="Mike Bada, University of Colorado Anschutz Medical Campus" id="CL_basic_2014_02_21_Instance_11111" type="identity">
      <class id="CL:0000103" label="bipolar neuron"/>
      <span end="45619" id="17608565-8060" start="45606">bipolar cells</span>
    </annotation>
    <annotation annotator="Mike Bada, University of Colorado Anschutz Medical Campus" id="CL_basic_2014_02_21_Instance_21471" type="identity">
      <class id="CL:0000540" label="neuron"/>
      <span end="45901" id="17608565-8165" start="45894">neurons</span>
    </annotation>
    <annotation annotator="Mike Bada, University of Colorado Anschutz Medical Campus" id="CL_basic_2014_02_21_Instance_21473" type="identity">
      <class id="CL:0000099" label="interneuron"/>
      <span end="46159" id="17608565-8167" start="46147">interneurons</span>
    </annotation>
    <annotation annotator="Mike Bada, University of Colorado Anschutz Medical Campus" id="CL_basic_2014_02_21_Instance_10595" type="identity">
      <class id="CL:0000540" label="neuron"/>
      <span end="46358" id="17608565-7768" start="46350">neuronal</span>
    </annotation>
    <annotation annotator="Mike Bada, University of Colorado Anschutz Medical Campus" id="CL_basic_2014_02_21_Instance_21475" type="identity">
      <class id="CL:0000136" label="fat cell"/>
      <span end="46401" id="17608565-8169" start="46391">adipocytes</span>
    </annotation>
    <annotation annotator="Mike Bada, University of Colorado Anschutz Medical Campus" id="CL_basic_2014_02_21_Instance_60038" type="identity">
      <class id="CL:0002672" label="retinal progenitor cell"/>
      <span end="47028" id="17608565-8225" start="47025">RPC</span>
    </annotation>
    <annotation annotator="Mike Bada, University of Colorado Anschutz Medical Campus" id="CL_basic_2014_02_21_Instance_60041" type="identity">
      <class id="CL:0002672" label="retinal progenitor cell"/>
      <span end="47086" id="17608565-8227" start="47082">RPCs</span>
    </annotation>
    <annotation annotator="Mike Bada, University of Colorado Anschutz Medical Campus" id="CL_basic_2014_02_21_Instance_10951" type="identity">
      <class id="CL:0000117" label="CNS neuron (sensu Vertebrata)"/>
      <span end="48038" id="17608565-7986" start="48027">CNS neurons</span>
    </annotation>
    <annotation annotator="Mike Bada, University of Colorado Anschutz Medical Campus" id="CL_basic_2014_02_21_Instance_60046" type="identity">
      <class id="CL:0012001" label="neuron of the forebrain"/>
      <span end="48128" id="17608565-8229" start="48111">forebrain neurons</span>
    </annotation>
    <annotation annotator="Mike Bada, University of Colorado Anschutz Medical Campus" id="CL_basic_2014_02_21_Instance_10955" type="identity">
      <class id="CL:0000540" label="neuron"/>
      <span end="48247" id="17608565-7988" start="48239">neuronal</span>
    </annotation>
    <annotation annotator="Mike Bada, University of Colorado Anschutz Medical Campus" id="CL_basic_2014_02_21_Instance_60049" type="identity">
      <class id="CL:0009004" label="retinal cell"/>
      <span end="49343" id="17608565-8231" start="49330">retinal cells</span>
    </annotation>
    <annotation annotator="Mike Bada, University of Colorado Anschutz Medical Campus" id="CL_basic_2014_02_21_Instance_60051" type="identity">
      <class id="CL:0009004" label="retinal cell"/>
      <span end="49988" id="17608565-8233" start="49975">retinal cells</span>
    </annotation>
    <annotation annotator="Mike Bada, University of Colorado Anschutz Medical Campus" id="CL_basic_2014_02_21_Instance_21493" type="identity">
      <class id="CL:0000540" label="neuron"/>
      <span end="50670" id="17608565-8171" start="50663">neurons</span>
    </annotation>
    <annotation annotator="Mike Bada, University of Colorado Anschutz Medical Campus" id="CL_basic_2014_02_21_Instance_60053" type="identity">
      <class id="CL:0011004" label="lens fiber cell"/>
      <span end="50719" id="17608565-8235" start="50708">lens fibres</span>
    </annotation>
    <annotation annotator="Mike Bada, University of Colorado Anschutz Medical Campus" id="CL_basic_2014_02_21_Instance_21501" type="identity">
      <class id="CL:0000540" label="neuron"/>
      <span end="51231" id="17608565-8173" start="51224">neurons</span>
    </annotation>
    <annotation annotator="Mike Bada, University of Colorado Anschutz Medical Campus" id="CL_basic_2014_02_21_Instance_21503" type="identity">
      <class id="CL:0000584" label="enterocyte"/>
      <span end="51394" id="17608565-8175" start="51383">enterocytes</span>
    </annotation>
    <annotation annotator="Mike Bada, University of Colorado Anschutz Medical Campus" id="CL_basic_2014_02_21_Instance_21513" type="identity">
      <class id="CL:0000540" label="neuron"/>
      <span end="52692" id="17608565-8177" start="52685">neurons</span>
    </annotation>
    <annotation annotator="Mike Bada, University of Colorado Anschutz Medical Campus" id="CL_basic_2014_02_21_Instance_21515" type="identity">
      <class id="CL:0000561" label="amacrine cell"/>
      <span end="52776" id="17608565-8179" start="52760">amacrine neurons</span>
    </annotation>
    <annotation annotator="Mike Bada, University of Colorado Anschutz Medical Campus" id="CL_basic_2014_02_21_Instance_10957" type="identity">
      <class id="CL:0000540" label="neuron"/>
      <span end="52889" id="17608565-7990" start="52881">neuronal</span>
    </annotation>
    <annotation annotator="Mike Bada, University of Colorado Anschutz Medical Campus" id="CL_basic_2014_02_21_Instance_10959" type="identity">
      <class id="CL:0000445" label="apoptosis fated cell"/>
      <span end="57127" id="17608565-7992" start="57112">apoptotic cells</span>
    </annotation>
    <annotation annotator="Mike Bada, University of Colorado Anschutz Medical Campus" id="CL_basic_2014_02_21_Instance_60084" type="identity">
      <class id="CL:0002672" label="retinal progenitor cell"/>
      <span end="61879" id="17608565-8251" start="61875">RPCs</span>
    </annotation>
    <annotation annotator="Mike Bada, University of Colorado Anschutz Medical Campus" id="CL_basic_2014_02_21_Instance_60055" type="identity">
      <class id="CL:0002672" label="retinal progenitor cell"/>
      <span end="62464" id="17608565-8237" start="62460">RPCs</span>
    </annotation>
    <annotation annotator="Mike Bada, University of Colorado Anschutz Medical Campus" id="CL_basic_2014_02_21_Instance_10961" type="identity">
      <class id="CL:0000740" label="retinal ganglion cell"/>
      <span end="63161" id="17608565-7994" start="63153">Ganglion</span>
      <span end="63183" id="17608565-7995" start="63179">Cell</span>
    </annotation>
    <annotation annotator="Mike Bada, University of Colorado Anschutz Medical Campus" id="CL_basic_2014_02_21_Instance_10963" type="identity">
      <class id="CL:0000604" label="retinal rod cell"/>
      <span end="63166" id="17608565-7997" start="63163">Rod</span>
      <span end="63183" id="17608565-7998" start="63179">Cell</span>
    </annotation>
    <annotation annotator="Mike Bada, University of Colorado Anschutz Medical Campus" id="CL_basic_2014_02_21_Instance_11113" type="identity">
      <class id="CL:0000103" label="bipolar neuron"/>
      <span end="63183" id="17608565-8062" start="63171">Bipolar Cell</span>
    </annotation>
    <annotation annotator="Mike Bada, University of Colorado Anschutz Medical Campus" id="CL_basic_2014_02_21_Instance_10965" type="identity">
      <class id="CL:0000740" label="retinal ganglion cell"/>
      <span end="63364" id="17608565-8000" start="63350">ganglion cells</span>
    </annotation>
    <annotation annotator="Mike Bada, University of Colorado Anschutz Medical Campus" id="CL_basic_2014_02_21_Instance_10879" type="identity">
      <class id="CL:0000604" label="retinal rod cell"/>
      <span end="63384" id="17608565-7921" start="63380">rods</span>
    </annotation>
    <annotation annotator="Mike Bada, University of Colorado Anschutz Medical Campus" id="CL_basic_2014_02_21_Instance_10899" type="identity">
      <class id="CL:0000573" label="retinal cone cell"/>
      <span end="63394" id="17608565-7941" start="63389">cones</span>
    </annotation>
    <annotation annotator="Mike Bada, University of Colorado Anschutz Medical Campus" id="CL_basic_2014_02_21_Instance_10881" type="identity">
      <class id="CL:0000604" label="retinal rod cell"/>
      <span end="63404" id="17608565-7923" start="63401">rod</span>
    </annotation>
    <annotation annotator="Mike Bada, University of Colorado Anschutz Medical Campus" id="CL_basic_2014_02_21_Instance_21545" type="identity">
      <class id="CL:0000751" label="rod bipolar cell"/>
      <span end="63445" id="17608565-8181" start="63428">rod bipolar cells</span>
    </annotation>
    <annotation annotator="Mike Bada, University of Colorado Anschutz Medical Campus" id="CL_basic_2014_02_21_Instance_10967" type="identity">
      <class id="CL:0000740" label="retinal ganglion cell"/>
      <span end="63519" id="17608565-8002" start="63511">ganglion</span>
      <span end="63535" id="17608565-8003" start="63530">cells</span>
    </annotation>
    <annotation annotator="Mike Bada, University of Colorado Anschutz Medical Campus" id="CL_basic_2014_02_21_Instance_10969" type="identity">
      <class id="CL:0000751" label="rod bipolar cell"/>
      <span end="63577" id="17608565-8005" start="63566">rod bipolar</span>
      <span end="63592" id="17608565-8006" start="63587">cells</span>
    </annotation>
    <annotation annotator="Mike Bada, University of Colorado Anschutz Medical Campus" id="CL_basic_2014_02_21_Instance_10883" type="identity">
      <class id="CL:0000604" label="retinal rod cell"/>
      <span end="63656" id="17608565-7925" start="63652">rods</span>
    </annotation>
    <annotation annotator="Mike Bada, University of Colorado Anschutz Medical Campus" id="CL_basic_2014_02_21_Instance_60065" type="identity">
      <class id="CL:0009004" label="retinal cell"/>
      <span end="65531" id="17608565-8239" start="65518">retinal cells</span>
    </annotation>
    <annotation annotator="Mike Bada, University of Colorado Anschutz Medical Campus" id="CL_basic_2014_02_21_Instance_10971" type="identity">
      <class id="CL:0000740" label="retinal ganglion cell"/>
      <span end="67075" id="17608565-8008" start="67062">ganglion cell</span>
    </annotation>
    <annotation annotator="Mike Bada, University of Colorado Anschutz Medical Campus" id="CL_basic_2014_02_21_Instance_60067" type="identity">
      <class id="CL:0000031" label="neuroblast"/>
      <span end="67172" id="17608565-8241" start="67160">neuroblastic</span>
    </annotation>
    <annotation annotator="Mike Bada, University of Colorado Anschutz Medical Campus" id="CL_basic_2014_02_21_Instance_60070" type="identity">
      <class id="CL:0002672" label="retinal progenitor cell"/>
      <span end="67328" id="17608565-8243" start="67325">RPC</span>
    </annotation>
    <annotation annotator="Mike Bada, University of Colorado Anschutz Medical Campus" id="CL_basic_2014_02_21_Instance_60073" type="identity">
      <class id="CL:0002672" label="retinal progenitor cell"/>
      <span end="67354" id="17608565-8245" start="67331">retinal progenitor cell</span>
    </annotation>
    <annotation annotator="Mike Bada, University of Colorado Anschutz Medical Campus" id="CL_basic_2014_02_21_Instance_21555" type="identity">
      <class id="CL:0000561" label="amacrine cell"/>
      <span end="67452" id="17608565-8183" start="67439">amacrine cell</span>
    </annotation>
    <graph-space id="Old Knowtator Relations"/>
  </document>
</knowtator-project>
