<?xml version="1.0" encoding="UTF-8" standalone="no"?>
<knowtator-project>
  <document id="14611657" text-file="14611657.txt">
    <annotation annotator="" id="GO_MF_2016_02_16_Instance_70275" type="identity">
      <class id="GO:0097617" label="annealing activity"/>
      <span end="9134" id="14611657-59" start="9121">hybridization</span>
    </annotation>
    <annotation annotator="" id="GO_MF_2016_02_16_Instance_70277" type="identity">
      <class id="GO:0097617" label="annealing activity"/>
      <span end="9402" id="14611657-61" start="9389">hybridization</span>
    </annotation>
    <annotation annotator="" id="GO_MF_2016_02_16_Instance_70279" type="identity">
      <class id="GO:0097617" label="annealing activity"/>
      <span end="9626" id="14611657-63" start="9613">hybridization</span>
    </annotation>
    <annotation annotator="" id="GO_MF_2016_02_16_Instance_70281" type="identity">
      <class id="GO:0097617" label="annealing activity"/>
      <span end="13143" id="14611657-65" start="13130">hybridization</span>
    </annotation>
    <annotation annotator="" id="GO_MF_2016_02_16_Instance_70283" type="identity">
      <class id="GO:0097617" label="annealing activity"/>
      <span end="13484" id="14611657-67" start="13471">hybridization</span>
    </annotation>
    <annotation annotator="" id="GO_MF_2016_02_16_Instance_70287" type="identity">
      <class id="GO:0097617" label="annealing activity"/>
      <span end="15675" id="14611657-69" start="15662">hybridization</span>
    </annotation>
    <annotation annotator="" id="GO_MF_2016_02_16_Instance_70291" type="identity">
      <class id="GO:0097617" label="annealing activity"/>
      <span end="18734" id="14611657-71" start="18721">hybridization</span>
    </annotation>
    <annotation annotator="" id="GO_MF_2016_02_16_Instance_70293" type="identity">
      <class id="GO:0097617" label="annealing activity"/>
      <span end="18956" id="14611657-73" start="18946">hybridized</span>
    </annotation>
    <annotation annotator="" id="GO_MF_2016_02_16_Instance_70295" type="identity">
      <class id="GO:0097617" label="annealing activity"/>
      <span end="19166" id="14611657-75" start="19157">hybridize</span>
    </annotation>
    <annotation annotator="" id="GO_MF_2016_02_16_Instance_70297" type="identity">
      <class id="GO:0097617" label="annealing activity"/>
      <span end="20223" id="14611657-77" start="20210">hybridization</span>
    </annotation>
    <annotation annotator="" id="GO_MF_2016_02_16_Instance_70301" type="identity">
      <class id="GO:0097617" label="annealing activity"/>
      <span end="33277" id="14611657-79" start="33263">hybridizations</span>
    </annotation>
    <annotation annotator="" id="GO_MF_2016_02_16_Instance_70305" type="identity">
      <class id="GO:0097617" label="annealing activity"/>
      <span end="39407" id="14611657-81" start="39394">Hybridization</span>
    </annotation>
    <annotation annotator="" id="GO_MF_2016_02_16_Instance_70307" type="identity">
      <class id="GO:0097617" label="annealing activity"/>
      <span end="39552" id="14611657-83" start="39543">annealing</span>
    </annotation>
    <annotation annotator="" id="GO_MF_2016_02_16_Instance_70309" type="identity">
      <class id="GO:0097617" label="annealing activity"/>
      <span end="39612" id="14611657-85" start="39599">hybridization</span>
    </annotation>
    <annotation annotator="" id="GO_MF_2016_02_16_Instance_70313" type="identity">
      <class id="GO:0097617" label="annealing activity"/>
      <span end="45833" id="14611657-87" start="45824">annealing</span>
    </annotation>
    <annotation annotator="" id="GO_MF_2016_02_16_Instance_70315" type="identity">
      <class id="GO:0097617" label="annealing activity"/>
      <span end="47472" id="14611657-89" start="47459">hybridization</span>
    </annotation>
    <annotation annotator="" id="GO_MF_2016_02_16_Instance_70323" type="identity">
      <class id="GO:0097617" label="annealing activity"/>
      <span end="47615" id="14611657-97" start="47602">hybridization</span>
    </annotation>
    <annotation annotator="" id="GO_MF_2016_02_16_Instance_70317" type="identity">
      <class id="GO:0097617" label="annealing activity"/>
      <span end="48032" id="14611657-91" start="48019">Hybridization</span>
    </annotation>
    <annotation annotator="" id="GO_MF_2016_02_16_Instance_70319" type="identity">
      <class id="GO:0097617" label="annealing activity"/>
      <span end="48161" id="14611657-93" start="48152">hybridize</span>
    </annotation>
    <annotation annotator="" id="GO_MF_2016_02_16_Instance_70321" type="identity">
      <class id="GO:0097617" label="annealing activity"/>
      <span end="48475" id="14611657-95" start="48464">hybridizing</span>
    </annotation>
    <annotation annotator="" id="GO_MF_2016_02_16_Instance_70333" type="identity">
      <class id="GO:0097617" label="annealing activity"/>
      <span end="52425" id="14611657-99" start="52412">hybridization</span>
    </annotation>
    <annotation annotator="" id="GO_MF_2016_02_16_Instance_70335" type="identity">
      <class id="GO:0097617" label="annealing activity"/>
      <span end="55204" id="14611657-101" start="55195">annealing</span>
    </annotation>
    <graph-space id="Old Knowtator Relations"/>
  </document>
</knowtator-project>
