<?xml version="1.0" encoding="UTF-8" standalone="no"?>
<knowtator-project>
  <document id="14737183" text-file="14737183.txt">
    <annotation annotator="" id="GO_MF_2016_02_16_Instance_80300" type="identity">
      <class id="GO:0097617" label="annealing activity"/>
      <span end="20885" id="14737183-117" start="20872">hybridization</span>
    </annotation>
    <annotation annotator="" id="GO_MF_2016_02_16_Instance_80302" type="identity">
      <class id="GO:0097617" label="annealing activity"/>
      <span end="21104" id="14737183-119" start="21094">hybridized</span>
    </annotation>
    <annotation annotator="" id="GO_MF_2016_02_16_Instance_80304" type="identity">
      <class id="GO:0097617" label="annealing activity"/>
      <span end="22479" id="14737183-121" start="22469">hybridized</span>
    </annotation>
    <annotation annotator="" id="GO_MF_2016_02_16_Instance_80306" type="identity">
      <class id="GO:0097617" label="annealing activity"/>
      <span end="25048" id="14737183-123" start="25035">hybridization</span>
    </annotation>
    <annotation annotator="" id="GO_MF_2016_02_16_Instance_80308" type="identity">
      <class id="GO:0097617" label="annealing activity"/>
      <span end="29286" id="14737183-125" start="29276">hybridized</span>
    </annotation>
    <annotation annotator="" id="GO_MF_2016_02_16_Instance_80316" type="identity">
      <class id="GO:0097617" label="annealing activity"/>
      <span end="52167" id="14737183-127" start="52154">hybridization</span>
    </annotation>
    <annotation annotator="" id="GO_MF_2016_02_16_Instance_80318" type="identity">
      <class id="GO:0097617" label="annealing activity"/>
      <span end="52190" id="14737183-129" start="52177">hybridization</span>
    </annotation>
    <annotation annotator="" id="GO_MF_2016_02_16_Instance_80322" type="identity">
      <class id="GO:0097617" label="annealing activity"/>
      <span end="62171" id="14737183-131" start="62158">hybridization</span>
    </annotation>
    <annotation annotator="" id="GO_MF_2016_02_16_Instance_80324" type="identity">
      <class id="GO:0097617" label="annealing activity"/>
      <span end="62340" id="14737183-133" start="62327">hybridization</span>
    </annotation>
    <annotation annotator="" id="GO_MF_2016_02_16_Instance_80326" type="identity">
      <class id="GO:0097617" label="annealing activity"/>
      <span end="63198" id="14737183-135" start="63185">hybridization</span>
    </annotation>
    <graph-space id="Old Knowtator Relations"/>
  </document>
</knowtator-project>
