<?xml version="1.0" encoding="UTF-8" standalone="no"?>
<knowtator-project>
    <document id="15040800" text-file="15040800.txt">
        <annotation annotator="" id="GO_MF_2016_02_16_Instance_80596" type="identity">
            <class id="GO:0097617" label="annealing activity"/>
            <span end="11629" id="15040800-140" start="11619">hybridized</span>
        </annotation>
        <annotation annotator="" id="GO_MF_2016_02_16_Instance_80615" type="identity">
            <class id="GO:0097617" label="annealing activity"/>
            <span end="13937" id="15040800-142" start="13928">annealing</span>
        </annotation>
        <graph-space id="Old Knowtator Relations"/>
    </document>
</knowtator-project>
