<?xml version="1.0" encoding="UTF-8" standalone="no"?>
<knowtator-project>
  <document id="15207008" text-file="15207008.txt">
    <annotation annotator="" id="GO_MF_2016_02_16_Instance_80836" type="identity">
      <class id="GO:0030674" label="protein binding, bridging"/>
      <span end="1540" id="15207008-156" start="1532">bridging</span>
    </annotation>
    <annotation annotator="Mike Bada, University of Colorado Anschutz Medical Campus" id="GO_MF_2016_02_16_Instance_18077" type="identity">
      <class id="GO:0030674" label="protein binding, bridging"/>
      <span end="30789" id="15207008-148" start="30783">bridge</span>
    </annotation>
    <annotation annotator="Mike Bada, University of Colorado Anschutz Medical Campus" id="GO_MF_2016_02_16_Instance_18121" type="identity">
      <class id="GO:0030674" label="protein binding, bridging"/>
      <span end="37926" id="15207008-150" start="37918">bridging</span>
    </annotation>
    <annotation annotator="Mike Bada, University of Colorado Anschutz Medical Campus" id="GO_MF_2016_02_16_Instance_18123" type="identity">
      <class id="GO:0030674" label="protein binding, bridging"/>
      <span end="38171" id="15207008-152" start="38163">bridging</span>
    </annotation>
    <annotation annotator="Mike Bada, University of Colorado Anschutz Medical Campus" id="GO_MF_2016_02_16_Instance_18125" type="identity">
      <class id="GO:0030674" label="protein binding, bridging"/>
      <span end="39399" id="15207008-154" start="39391">bridging</span>
    </annotation>
    <graph-space id="Old Knowtator Relations"/>
  </document>
</knowtator-project>
