<?xml version="1.0" encoding="UTF-8" standalone="no"?>
<knowtator-project>
  <document id="15314655" text-file="15314655.txt">
    <annotation annotator="" id="GO_MF_2016_02_16_Instance_81011" type="identity">
      <class id="GO:0097617" label="annealing activity"/>
      <span end="10057" id="15314655-160" start="10047">hybridized</span>
    </annotation>
    <annotation annotator="" id="GO_MF_2016_02_16_Instance_81013" type="identity">
      <class id="GO:0097617" label="annealing activity"/>
      <span end="12220" id="15314655-162" start="12207">hybridization</span>
    </annotation>
    <annotation annotator="" id="GO_MF_2016_02_16_Instance_81019" type="identity">
      <class id="GO:0097617" label="annealing activity"/>
      <span end="14585" id="15314655-164" start="14572">hybridization</span>
    </annotation>
    <annotation annotator="" id="GO_MF_2016_02_16_Instance_81036" type="identity">
      <class id="GO:0097617" label="annealing activity"/>
      <span end="28362" id="15314655-166" start="28349">hybridization</span>
    </annotation>
    <annotation annotator="" id="GO_MF_2016_02_16_Instance_81038" type="identity">
      <class id="GO:0097617" label="annealing activity"/>
      <span end="28474" id="15314655-168" start="28461">hybridization</span>
    </annotation>
    <annotation annotator="" id="GO_MF_2016_02_16_Instance_81044" type="identity">
      <class id="GO:0097617" label="annealing activity"/>
      <span end="33812" id="15314655-172" start="33799">hybridization</span>
    </annotation>
    <annotation annotator="" id="GO_MF_2016_02_16_Instance_81042" type="identity">
      <class id="GO:0097617" label="annealing activity"/>
      <span end="34120" id="15314655-170" start="34107">hybridization</span>
    </annotation>
    <annotation annotator="" id="GO_MF_2016_02_16_Instance_81046" type="identity">
      <class id="GO:0097617" label="annealing activity"/>
      <span end="36563" id="15314655-174" start="36550">hybridization</span>
    </annotation>
    <annotation annotator="" id="GO_MF_2016_02_16_Instance_81048" type="identity">
      <class id="GO:0097617" label="annealing activity"/>
      <span end="37501" id="15314655-176" start="37488">hybridization</span>
    </annotation>
    <graph-space id="Old Knowtator Relations"/>
  </document>
</knowtator-project>
