<?xml version="1.0" encoding="UTF-8" standalone="no"?>
<knowtator-project>
    <document id="15320950" text-file="15320950.txt">
        <annotation annotator="" id="GO_MF_2016_02_16_Instance_81074" type="identity">
            <class id="GO:0097617" label="annealing activity"/>
            <span end="11767" id="15320950-182" start="11754">hybridization</span>
        </annotation>
        <annotation annotator="" id="GO_MF_2016_02_16_Instance_81076" type="identity">
            <class id="GO:0097617" label="annealing activity"/>
            <span end="12378" id="15320950-184" start="12365">hybridization</span>
        </annotation>
        <annotation annotator="" id="GO_MF_2016_02_16_Instance_81078" type="identity">
            <class id="GO:0097617" label="annealing activity"/>
            <span end="14524" id="15320950-186" start="14511">hybridization</span>
        </annotation>
        <graph-space id="Old Knowtator Relations"/>
    </document>
</knowtator-project>
