<?xml version="1.0" encoding="UTF-8" standalone="no"?>
<knowtator-project>
  <document id="15345036" text-file="15345036.txt">
    <annotation annotator="" id="GO_MF_2016_02_16_Instance_110479" type="identity">
      <class id="GO:0030674" label="protein binding, bridging"/>
      <span end="4846" id="15345036-197" start="4838">bridging</span>
    </annotation>
    <annotation annotator="" id="GO_MF_2016_02_16_Instance_90110" type="identity">
      <class id="GO:0030674" label="protein binding, bridging"/>
      <span end="5205" id="15345036-199" start="5197">bridging</span>
    </annotation>
    <annotation annotator="" id="GO_MF_2016_02_16_Instance_90135" type="identity">
      <class id="GO:0097617" label="annealing activity"/>
      <span end="13540" id="15345036-201" start="13527">Hybridization</span>
    </annotation>
    <annotation annotator="" id="GO_MF_2016_02_16_Instance_90151" type="identity">
      <class id="GO:0030674" label="protein binding, bridging"/>
      <span end="48726" id="15345036-203" start="48718">bridging</span>
    </annotation>
    <annotation annotator="" id="GO_MF_2016_02_16_Instance_90161" type="identity">
      <class id="GO:0097617" label="annealing activity"/>
      <span end="52527" id="15345036-205" start="52517">hybridized</span>
    </annotation>
    <annotation annotator="" id="GO_MF_2016_02_16_Instance_90163" type="identity">
      <class id="GO:0097617" label="annealing activity"/>
      <span end="52591" id="15345036-207" start="52581">hybridized</span>
    </annotation>
    <annotation annotator="" id="GO_MF_2016_02_16_Instance_90165" type="identity">
      <class id="GO:0097617" label="annealing activity"/>
      <span end="52810" id="15345036-209" start="52800">hybridized</span>
    </annotation>
    <annotation annotator="" id="GO_MF_2016_02_16_Instance_90167" type="identity">
      <class id="GO:0097617" label="annealing activity"/>
      <span end="53333" id="15345036-211" start="53323">hybridized</span>
    </annotation>
    <annotation annotator="" id="GO_MF_2016_02_16_Instance_90169" type="identity">
      <class id="GO:0097617" label="annealing activity"/>
      <span end="53549" id="15345036-213" start="53539">hybridized</span>
    </annotation>
    <annotation annotator="" id="GO_MF_2016_02_16_Instance_90175" type="identity">
      <class id="GO:0097617" label="annealing activity"/>
      <span end="63163" id="15345036-215" start="63153">hybridized</span>
    </annotation>
    <annotation annotator="" id="GO_MF_2016_02_16_Instance_90179" type="identity">
      <class id="GO:0097617" label="annealing activity"/>
      <span end="65481" id="15345036-217" start="65468">hybridization</span>
    </annotation>
    <graph-space id="Old Knowtator Relations"/>
  </document>
</knowtator-project>
