<?xml version="1.0" encoding="UTF-8" standalone="no"?>
<knowtator-project>
  <document id="15492776" text-file="15492776.txt">
    <annotation annotator="" id="GO_MF_2016_02_16_Instance_90215" type="identity">
      <class id="GO:0097617" label="annealing activity"/>
      <span end="18586" id="15492776-223" start="18573">hybridization</span>
    </annotation>
    <annotation annotator="" id="GO_MF_2016_02_16_Instance_90235" type="identity">
      <class id="GO:0097617" label="annealing activity"/>
      <span end="49024" id="15492776-225" start="49011">hybridization</span>
    </annotation>
    <annotation annotator="" id="GO_MF_2016_02_16_Instance_110356" type="identity">
      <class id="GO:0097617" label="annealing activity"/>
      <span end="49363" id="15492776-221" start="49350">hybridization</span>
    </annotation>
    <annotation annotator="" id="GO_MF_2016_02_16_Instance_90247" type="identity">
      <class id="GO:0097617" label="annealing activity"/>
      <span end="57019" id="15492776-227" start="57006">hybridization</span>
    </annotation>
    <annotation annotator="" id="GO_MF_2016_02_16_Instance_90249" type="identity">
      <class id="GO:0097617" label="annealing activity"/>
      <span end="58275" id="15492776-229" start="58262">hybridization</span>
    </annotation>
    <annotation annotator="" id="GO_MF_2016_02_16_Instance_90251" type="identity">
      <class id="GO:0097617" label="annealing activity"/>
      <span end="59862" id="15492776-231" start="59849">hybridization</span>
    </annotation>
    <graph-space id="Old Knowtator Relations"/>
  </document>
</knowtator-project>
