<?xml version="1.0" encoding="UTF-8" standalone="no"?>
<knowtator-project>
  <document id="15630473" text-file="15630473.txt">
    <annotation annotator="" id="GO_MF_2016_02_16_Instance_90405" type="identity">
      <class id="GO:0097617" label="annealing activity"/>
      <span end="9316" id="15630473-239" start="9303">hybridization</span>
    </annotation>
    <annotation annotator="" id="GO_MF_2016_02_16_Instance_90413" type="identity">
      <class id="GO:0097617" label="annealing activity"/>
      <span end="9620" id="15630473-247" start="9607">hybridization</span>
    </annotation>
    <annotation annotator="" id="GO_MF_2016_02_16_Instance_90407" type="identity">
      <class id="GO:0097617" label="annealing activity"/>
      <span end="9818" id="15630473-241" start="9805">hybridization</span>
    </annotation>
    <annotation annotator="" id="GO_MF_2016_02_16_Instance_90409" type="identity">
      <class id="GO:0097617" label="annealing activity"/>
      <span end="9937" id="15630473-243" start="9927">hybridized</span>
    </annotation>
    <annotation annotator="" id="GO_MF_2016_02_16_Instance_90411" type="identity">
      <class id="GO:0097617" label="annealing activity"/>
      <span end="10050" id="15630473-245" start="10039">Hybridizing</span>
    </annotation>
    <annotation annotator="" id="GO_MF_2016_02_16_Instance_90415" type="identity">
      <class id="GO:0097617" label="annealing activity"/>
      <span end="10118" id="15630473-249" start="10107">hybridizing</span>
    </annotation>
    <annotation annotator="" id="GO_MF_2016_02_16_Instance_90417" type="identity">
      <class id="GO:0097617" label="annealing activity"/>
      <span end="11284" id="15630473-251" start="11271">hybridization</span>
    </annotation>
    <annotation annotator="" id="GO_MF_2016_02_16_Instance_90419" type="identity">
      <class id="GO:0097617" label="annealing activity"/>
      <span end="11693" id="15630473-253" start="11680">hybridization</span>
    </annotation>
    <annotation annotator="" id="GO_MF_2016_02_16_Instance_90467" type="identity">
      <class id="GO:0097617" label="annealing activity"/>
      <span end="48373" id="15630473-255" start="48360">hybridization</span>
    </annotation>
    <annotation annotator="" id="GO_MF_2016_02_16_Instance_90469" type="identity">
      <class id="GO:0097617" label="annealing activity"/>
      <span end="48813" id="15630473-257" start="48800">hybridization</span>
    </annotation>
    <annotation annotator="" id="GO_MF_2016_02_16_Instance_90471" type="identity">
      <class id="GO:0097617" label="annealing activity"/>
      <span end="49066" id="15630473-259" start="49052">hybridizations</span>
    </annotation>
    <annotation annotator="" id="GO_MF_2016_02_16_Instance_90475" type="identity">
      <class id="GO:0097617" label="annealing activity"/>
      <span end="49211" id="15630473-263" start="49201">hybridized</span>
    </annotation>
    <annotation annotator="" id="GO_MF_2016_02_16_Instance_90473" type="identity">
      <class id="GO:0097617" label="annealing activity"/>
      <span end="49253" id="15630473-261" start="49243">hybridized</span>
    </annotation>
    <annotation annotator="" id="GO_MF_2016_02_16_Instance_90493" type="identity">
      <class id="GO:0097617" label="annealing activity"/>
      <span end="52559" id="15630473-265" start="52545">hybridizations</span>
    </annotation>
    <graph-space id="Old Knowtator Relations"/>
  </document>
</knowtator-project>
