<?xml version="1.0" encoding="UTF-8" standalone="no"?>
<knowtator-project>
  <document id="15836427" text-file="15836427.txt">
    <annotation annotator="" id="GO_MF_2016_02_16_Instance_90830" type="identity">
      <class id="GO:0097617" label="annealing activity"/>
      <span end="33174" id="15836427-283" start="33161">hybridization</span>
    </annotation>
    <annotation annotator="" id="GO_MF_2016_02_16_Instance_90832" type="identity">
      <class id="GO:0097617" label="annealing activity"/>
      <span end="33226" id="15836427-285" start="33213">hybridization</span>
    </annotation>
    <annotation annotator="" id="GO_MF_2016_02_16_Instance_90834" type="identity">
      <class id="GO:0097617" label="annealing activity"/>
      <span end="33270" id="15836427-287" start="33260">hybridized</span>
    </annotation>
    <annotation annotator="" id="GO_MF_2016_02_16_Instance_90836" type="identity">
      <class id="GO:0097617" label="annealing activity"/>
      <span end="35240" id="15836427-289" start="35227">hybridization</span>
    </annotation>
    <annotation annotator="" id="GO_MF_2016_02_16_Instance_90840" type="identity">
      <class id="GO:0097617" label="annealing activity"/>
      <span end="37634" id="15836427-291" start="37621">hybridization</span>
    </annotation>
    <annotation annotator="" id="GO_MF_2016_02_16_Instance_90858" type="identity">
      <class id="GO:0097617" label="annealing activity"/>
      <span end="46576" id="15836427-293" start="46563">hybridization</span>
    </annotation>
    <annotation annotator="" id="GO_MF_2016_02_16_Instance_90860" type="identity">
      <class id="GO:0097617" label="annealing activity"/>
      <span end="48249" id="15836427-295" start="48236">hybridization</span>
    </annotation>
    <annotation annotator="" id="GO_MF_2016_02_16_Instance_90862" type="identity">
      <class id="GO:0097617" label="annealing activity"/>
      <span end="49671" id="15836427-297" start="49658">hybridization</span>
    </annotation>
    <graph-space id="Old Knowtator Relations"/>
  </document>
</knowtator-project>
