<?xml version="1.0" encoding="UTF-8" standalone="no"?>
<knowtator-project>
  <document id="15876356" text-file="15876356.txt">
    <annotation annotator="" id="GO_MF_2016_02_16_Instance_91019" type="identity">
      <class id="GO:0097617" label="annealing activity"/>
      <span end="6272" id="15876356-300" start="6259">hybridisation</span>
    </annotation>
    <annotation annotator="" id="GO_MF_2016_02_16_Instance_91021" type="identity">
      <class id="GO:0097617" label="annealing activity"/>
      <span end="6522" id="15876356-302" start="6509">hybridisation</span>
    </annotation>
    <annotation annotator="" id="GO_MF_2016_02_16_Instance_91047" type="identity">
      <class id="GO:0097617" label="annealing activity"/>
      <span end="23278" id="15876356-304" start="23265">hybridisation</span>
    </annotation>
    <annotation annotator="" id="GO_MF_2016_02_16_Instance_91049" type="identity">
      <class id="GO:0097617" label="annealing activity"/>
      <span end="23301" id="15876356-306" start="23288">hybridisation</span>
    </annotation>
    <annotation annotator="" id="GO_MF_2016_02_16_Instance_91051" type="identity">
      <class id="GO:0097617" label="annealing activity"/>
      <span end="23772" id="15876356-308" start="23759">hybridisation</span>
    </annotation>
    <annotation annotator="" id="GO_MF_2016_02_16_Instance_91053" type="identity">
      <class id="GO:0097617" label="annealing activity"/>
      <span end="24312" id="15876356-310" start="24299">hybridisation</span>
    </annotation>
    <annotation annotator="" id="GO_MF_2016_02_16_Instance_91059" type="identity">
      <class id="GO:0097617" label="annealing activity"/>
      <span end="26040" id="15876356-312" start="26027">hybridisation</span>
    </annotation>
    <graph-space id="Old Knowtator Relations"/>
  </document>
</knowtator-project>
