<?xml version="1.0" encoding="UTF-8" standalone="no"?>
<knowtator-project>
  <document id="16110338" text-file="16110338.txt">
    <annotation annotator="" id="GO_MF_2016_02_16_Instance_100391" type="identity">
      <class id="GO:0097617" label="annealing activity"/>
      <span end="702" id="16110338-386" start="689">hybridization</span>
    </annotation>
    <annotation annotator="" id="GO_MF_2016_02_16_Instance_100393" type="identity">
      <class id="GO:0097617" label="annealing activity"/>
      <span end="1055" id="16110338-388" start="1042">hybridization</span>
    </annotation>
    <annotation annotator="" id="GO_MF_2016_02_16_Instance_100401" type="identity">
      <class id="GO:0097617" label="annealing activity"/>
      <span end="5633" id="16110338-390" start="5620">hybridization</span>
    </annotation>
    <annotation annotator="" id="GO_MF_2016_02_16_Instance_100403" type="identity">
      <class id="GO:0097617" label="annealing activity"/>
      <span end="7546" id="16110338-392" start="7533">hybridization</span>
    </annotation>
    <annotation annotator="" id="GO_MF_2016_02_16_Instance_100405" type="identity">
      <class id="GO:0097617" label="annealing activity"/>
      <span end="8226" id="16110338-394" start="8213">hybridization</span>
    </annotation>
    <annotation annotator="" id="GO_MF_2016_02_16_Instance_100407" type="identity">
      <class id="GO:0097617" label="annealing activity"/>
      <span end="8532" id="16110338-396" start="8519">hybridization</span>
    </annotation>
    <annotation annotator="" id="GO_MF_2016_02_16_Instance_100409" type="identity">
      <class id="GO:0097617" label="annealing activity"/>
      <span end="9825" id="16110338-398" start="9812">hybridization</span>
    </annotation>
    <annotation annotator="" id="GO_MF_2016_02_16_Instance_100411" type="identity">
      <class id="GO:0097617" label="annealing activity"/>
      <span end="9866" id="16110338-400" start="9853">hybridization</span>
    </annotation>
    <annotation annotator="" id="GO_MF_2016_02_16_Instance_100413" type="identity">
      <class id="GO:0097617" label="annealing activity"/>
      <span end="11774" id="16110338-402" start="11761">hybridization</span>
    </annotation>
    <annotation annotator="" id="GO_MF_2016_02_16_Instance_100415" type="identity">
      <class id="GO:0097617" label="annealing activity"/>
      <span end="12524" id="16110338-404" start="12511">hybridization</span>
    </annotation>
    <annotation annotator="" id="GO_MF_2016_02_16_Instance_100417" type="identity">
      <class id="GO:0097617" label="annealing activity"/>
      <span end="13218" id="16110338-406" start="13205">hybridization</span>
    </annotation>
    <annotation annotator="" id="GO_MF_2016_02_16_Instance_100419" type="identity">
      <class id="GO:0097617" label="annealing activity"/>
      <span end="13815" id="16110338-408" start="13802">hybridization</span>
    </annotation>
    <annotation annotator="" id="GO_MF_2016_02_16_Instance_100421" type="identity">
      <class id="GO:0097617" label="annealing activity"/>
      <span end="14854" id="16110338-410" start="14841">hybridization</span>
    </annotation>
    <annotation annotator="" id="GO_MF_2016_02_16_Instance_100423" type="identity">
      <class id="GO:0097617" label="annealing activity"/>
      <span end="15329" id="16110338-412" start="15316">hybridization</span>
    </annotation>
    <annotation annotator="" id="GO_MF_2016_02_16_Instance_100425" type="identity">
      <class id="GO:0097617" label="annealing activity"/>
      <span end="15406" id="16110338-414" start="15393">hybridization</span>
    </annotation>
    <annotation annotator="" id="GO_MF_2016_02_16_Instance_100427" type="identity">
      <class id="GO:0097617" label="annealing activity"/>
      <span end="15618" id="16110338-416" start="15605">hybridization</span>
    </annotation>
    <annotation annotator="" id="GO_MF_2016_02_16_Instance_100429" type="identity">
      <class id="GO:0097617" label="annealing activity"/>
      <span end="16050" id="16110338-418" start="16037">hybridization</span>
    </annotation>
    <annotation annotator="" id="GO_MF_2016_02_16_Instance_100435" type="identity">
      <class id="GO:0097617" label="annealing activity"/>
      <span end="17733" id="16110338-420" start="17720">hybridization</span>
    </annotation>
    <annotation annotator="" id="GO_MF_2016_02_16_Instance_100437" type="identity">
      <class id="GO:0097617" label="annealing activity"/>
      <span end="17966" id="16110338-422" start="17953">hybridization</span>
    </annotation>
    <annotation annotator="" id="GO_MF_2016_02_16_Instance_100439" type="identity">
      <class id="GO:0097617" label="annealing activity"/>
      <span end="18609" id="16110338-424" start="18596">hybridization</span>
    </annotation>
    <annotation annotator="" id="GO_MF_2016_02_16_Instance_100449" type="identity">
      <class id="GO:0097617" label="annealing activity"/>
      <span end="20048" id="16110338-426" start="20035">hybridization</span>
    </annotation>
    <annotation annotator="" id="GO_MF_2016_02_16_Instance_100455" type="identity">
      <class id="GO:0097617" label="annealing activity"/>
      <span end="21004" id="16110338-428" start="20991">hybridization</span>
    </annotation>
    <annotation annotator="" id="GO_MF_2016_02_16_Instance_100457" type="identity">
      <class id="GO:0097617" label="annealing activity"/>
      <span end="22762" id="16110338-430" start="22749">hybridization</span>
    </annotation>
    <annotation annotator="" id="GO_MF_2016_02_16_Instance_100465" type="identity">
      <class id="GO:0097617" label="annealing activity"/>
      <span end="28446" id="16110338-432" start="28433">hybridization</span>
    </annotation>
    <annotation annotator="" id="GO_MF_2016_02_16_Instance_100467" type="identity">
      <class id="GO:0097617" label="annealing activity"/>
      <span end="28785" id="16110338-434" start="28772">hybridization</span>
    </annotation>
    <annotation annotator="" id="GO_MF_2016_02_16_Instance_100469" type="identity">
      <class id="GO:0097617" label="annealing activity"/>
      <span end="29350" id="16110338-436" start="29337">hybridization</span>
    </annotation>
    <annotation annotator="" id="GO_MF_2016_02_16_Instance_100483" type="identity">
      <class id="GO:0097617" label="annealing activity"/>
      <span end="33496" id="16110338-438" start="33483">hybridization</span>
    </annotation>
    <annotation annotator="" id="GO_MF_2016_02_16_Instance_100489" type="identity">
      <class id="GO:0097617" label="annealing activity"/>
      <span end="34416" id="16110338-440" start="34403">hybridization</span>
    </annotation>
    <annotation annotator="" id="GO_MF_2016_02_16_Instance_100493" type="identity">
      <class id="GO:0097617" label="annealing activity"/>
      <span end="41514" id="16110338-442" start="41501">hybridization</span>
    </annotation>
    <annotation annotator="" id="GO_MF_2016_02_16_Instance_100495" type="identity">
      <class id="GO:0097617" label="annealing activity"/>
      <span end="44052" id="16110338-444" start="44042">hybridized</span>
    </annotation>
    <annotation annotator="" id="GO_MF_2016_02_16_Instance_100499" type="identity">
      <class id="GO:0097617" label="annealing activity"/>
      <span end="44346" id="16110338-448" start="44336">hybridized</span>
    </annotation>
    <annotation annotator="" id="GO_MF_2016_02_16_Instance_100497" type="identity">
      <class id="GO:0097617" label="annealing activity"/>
      <span end="44388" id="16110338-446" start="44375">hybridization</span>
    </annotation>
    <annotation annotator="" id="GO_MF_2016_02_16_Instance_100501" type="identity">
      <class id="GO:0097617" label="annealing activity"/>
      <span end="46091" id="16110338-450" start="46077">hybridizations</span>
    </annotation>
    <annotation annotator="" id="GO_MF_2016_02_16_Instance_100503" type="identity">
      <class id="GO:0097617" label="annealing activity"/>
      <span end="46317" id="16110338-452" start="46304">Hybridization</span>
    </annotation>
    <annotation annotator="" id="GO_MF_2016_02_16_Instance_100505" type="identity">
      <class id="GO:0097617" label="annealing activity"/>
      <span end="47610" id="16110338-454" start="47597">hybridization</span>
    </annotation>
    <annotation annotator="" id="GO_MF_2016_02_16_Instance_100507" type="identity">
      <class id="GO:0097617" label="annealing activity"/>
      <span end="47642" id="16110338-456" start="47629">hybridization</span>
    </annotation>
    <annotation annotator="" id="GO_MF_2016_02_16_Instance_100509" type="identity">
      <class id="GO:0097617" label="annealing activity"/>
      <span end="47789" id="16110338-458" start="47775">hybridizations</span>
    </annotation>
    <annotation annotator="" id="GO_MF_2016_02_16_Instance_100511" type="identity">
      <class id="GO:0097617" label="annealing activity"/>
      <span end="48158" id="16110338-460" start="48145">hybridization</span>
    </annotation>
    <annotation annotator="" id="GO_MF_2016_02_16_Instance_100513" type="identity">
      <class id="GO:0097617" label="annealing activity"/>
      <span end="48289" id="16110338-462" start="48276">hybridization</span>
    </annotation>
    <annotation annotator="" id="GO_MF_2016_02_16_Instance_100515" type="identity">
      <class id="GO:0097617" label="annealing activity"/>
      <span end="48497" id="16110338-464" start="48484">hybridization</span>
    </annotation>
    <annotation annotator="" id="GO_MF_2016_02_16_Instance_100517" type="identity">
      <class id="GO:0097617" label="annealing activity"/>
      <span end="53287" id="16110338-466" start="53274">hybridization</span>
    </annotation>
    <annotation annotator="" id="GO_MF_2016_02_16_Instance_100519" type="identity">
      <class id="GO:0097617" label="annealing activity"/>
      <span end="53901" id="16110338-468" start="53888">Hybridization</span>
    </annotation>
    <annotation annotator="" id="GO_MF_2016_02_16_Instance_100521" type="identity">
      <class id="GO:0097617" label="annealing activity"/>
      <span end="54017" id="16110338-470" start="54004">Hybridization</span>
    </annotation>
    <annotation annotator="" id="GO_MF_2016_02_16_Instance_100523" type="identity">
      <class id="GO:0097617" label="annealing activity"/>
      <span end="54134" id="16110338-472" start="54121">Hybridization</span>
    </annotation>
    <annotation annotator="" id="GO_MF_2016_02_16_Instance_100525" type="identity">
      <class id="GO:0097617" label="annealing activity"/>
      <span end="54251" id="16110338-474" start="54238">Hybridization</span>
    </annotation>
    <annotation annotator="" id="GO_MF_2016_02_16_Instance_100527" type="identity">
      <class id="GO:0097617" label="annealing activity"/>
      <span end="54368" id="16110338-476" start="54355">Hybridization</span>
    </annotation>
    <annotation annotator="" id="GO_MF_2016_02_16_Instance_100529" type="identity">
      <class id="GO:0097617" label="annealing activity"/>
      <span end="54485" id="16110338-478" start="54472">Hybridization</span>
    </annotation>
    <annotation annotator="" id="GO_MF_2016_02_16_Instance_100531" type="identity">
      <class id="GO:0097617" label="annealing activity"/>
      <span end="54605" id="16110338-480" start="54592">Hybridization</span>
    </annotation>
    <annotation annotator="" id="GO_MF_2016_02_16_Instance_100533" type="identity">
      <class id="GO:0097617" label="annealing activity"/>
      <span end="54726" id="16110338-482" start="54713">Hybridization</span>
    </annotation>
    <annotation annotator="" id="GO_MF_2016_02_16_Instance_100535" type="identity">
      <class id="GO:0097617" label="annealing activity"/>
      <span end="55159" id="16110338-484" start="55146">Hybridization</span>
    </annotation>
    <annotation annotator="" id="GO_MF_2016_02_16_Instance_100537" type="identity">
      <class id="GO:0097617" label="annealing activity"/>
      <span end="55299" id="16110338-486" start="55286">hybridization</span>
    </annotation>
    <annotation annotator="" id="GO_MF_2016_02_16_Instance_100539" type="identity">
      <class id="GO:0097617" label="annealing activity"/>
      <span end="55466" id="16110338-488" start="55453">hybridization</span>
    </annotation>
    <annotation annotator="" id="GO_MF_2016_02_16_Instance_100541" type="identity">
      <class id="GO:0097617" label="annealing activity"/>
      <span end="55652" id="16110338-490" start="55639">Hybridization</span>
    </annotation>
    <annotation annotator="" id="GO_MF_2016_02_16_Instance_100543" type="identity">
      <class id="GO:0097617" label="annealing activity"/>
      <span end="55713" id="16110338-492" start="55700">hybridization</span>
    </annotation>
    <annotation annotator="" id="GO_MF_2016_02_16_Instance_100545" type="identity">
      <class id="GO:0097617" label="annealing activity"/>
      <span end="55895" id="16110338-494" start="55882">hybridization</span>
    </annotation>
    <annotation annotator="" id="GO_MF_2016_02_16_Instance_100547" type="identity">
      <class id="GO:0097617" label="annealing activity"/>
      <span end="56062" id="16110338-496" start="56049">hybridization</span>
    </annotation>
    <annotation annotator="" id="GO_MF_2016_02_16_Instance_100549" type="identity">
      <class id="GO:0097617" label="annealing activity"/>
      <span end="56121" id="16110338-498" start="56108">hybridization</span>
    </annotation>
    <annotation annotator="" id="GO_MF_2016_02_16_Instance_100551" type="identity">
      <class id="GO:0097617" label="annealing activity"/>
      <span end="60286" id="16110338-500" start="60273">Hybridization</span>
    </annotation>
    <annotation annotator="" id="GO_MF_2016_02_16_Instance_100553" type="identity">
      <class id="GO:0097617" label="annealing activity"/>
      <span end="60863" id="16110338-502" start="60850">hybridization</span>
    </annotation>
    <annotation annotator="" id="GO_MF_2016_02_16_Instance_100555" type="identity">
      <class id="GO:0097617" label="annealing activity"/>
      <span end="61039" id="16110338-504" start="61025">hybridizations</span>
    </annotation>
    <annotation annotator="" id="GO_MF_2016_02_16_Instance_100557" type="identity">
      <class id="GO:0097617" label="annealing activity"/>
      <span end="61244" id="16110338-506" start="61231">hybridization</span>
    </annotation>
    <annotation annotator="" id="GO_MF_2016_02_16_Instance_100559" type="identity">
      <class id="GO:0097617" label="annealing activity"/>
      <span end="61333" id="16110338-508" start="61320">hybridization</span>
    </annotation>
    <annotation annotator="" id="GO_MF_2016_02_16_Instance_100561" type="identity">
      <class id="GO:0097617" label="annealing activity"/>
      <span end="62443" id="16110338-510" start="62430">hybridization</span>
    </annotation>
    <annotation annotator="" id="GO_MF_2016_02_16_Instance_100563" type="identity">
      <class id="GO:0097617" label="annealing activity"/>
      <span end="62820" id="16110338-512" start="62807">hybridization</span>
    </annotation>
    <annotation annotator="" id="GO_MF_2016_02_16_Instance_100565" type="identity">
      <class id="GO:0097617" label="annealing activity"/>
      <span end="63319" id="16110338-514" start="63306">hybridization</span>
    </annotation>
    <annotation annotator="" id="GO_MF_2016_02_16_Instance_100571" type="identity">
      <class id="GO:0097617" label="annealing activity"/>
      <span end="63984" id="16110338-518" start="63971">Hybridization</span>
    </annotation>
    <annotation annotator="" id="GO_MF_2016_02_16_Instance_100569" type="identity">
      <class id="GO:0097617" label="annealing activity"/>
      <span end="64093" id="16110338-516" start="64080">hybridization</span>
    </annotation>
    <annotation annotator="" id="GO_MF_2016_02_16_Instance_100573" type="identity">
      <class id="GO:0097617" label="annealing activity"/>
      <span end="67085" id="16110338-520" start="67072">hybridization</span>
    </annotation>
    <graph-space id="Old Knowtator Relations"/>
  </document>
</knowtator-project>
