<?xml version="1.0" encoding="UTF-8" standalone="no"?>
<knowtator-project>
  <document id="16462940" text-file="16462940.txt">
    <annotation annotator="" id="GO_MF_2016_02_16_Instance_101928" type="identity">
      <class id="GO:0097617" label="annealing activity"/>
      <span end="33240" id="16462940-575" start="33227">hybridization</span>
    </annotation>
    <annotation annotator="" id="GO_MF_2016_02_16_Instance_101930" type="identity">
      <class id="GO:0097617" label="annealing activity"/>
      <span end="33308" id="16462940-577" start="33294">hybridizations</span>
    </annotation>
    <annotation annotator="" id="GO_MF_2016_02_16_Instance_101932" type="identity">
      <class id="GO:0097617" label="annealing activity"/>
      <span end="33979" id="16462940-579" start="33969">hybridized</span>
    </annotation>
    <annotation annotator="" id="GO_MF_2016_02_16_Instance_101934" type="identity">
      <class id="GO:0097617" label="annealing activity"/>
      <span end="34061" id="16462940-581" start="34048">hybridization</span>
    </annotation>
    <graph-space id="Old Knowtator Relations"/>
  </document>
</knowtator-project>
