<?xml version="1.0" encoding="UTF-8" standalone="no"?>
<knowtator-project>
  <document id="17020410" text-file="17020410.txt">
    <annotation annotator="" id="GO_MF_2016_02_16_Instance_103016" type="identity">
      <class id="GO:0097617" label="annealing activity"/>
      <span end="8497" id="17020410-737" start="8487">hybridised</span>
    </annotation>
    <annotation annotator="" id="GO_MF_2016_02_16_Instance_103018" type="identity">
      <class id="GO:0097617" label="annealing activity"/>
      <span end="8963" id="17020410-739" start="8952">hybridising</span>
    </annotation>
    <annotation annotator="" id="GO_MF_2016_02_16_Instance_103020" type="identity">
      <class id="GO:0097617" label="annealing activity"/>
      <span end="9262" id="17020410-741" start="9249">Hybridisation</span>
    </annotation>
    <graph-space id="Old Knowtator Relations"/>
  </document>
</knowtator-project>
