<?xml version="1.0" encoding="UTF-8" standalone="no"?>
<knowtator-project>
  <document id="17083276" text-file="17083276.txt">
    <annotation annotator="" id="GO_MF_2016_02_16_Instance_103326" type="identity">
      <class id="GO:0097617" label="annealing activity"/>
      <span end="12890" id="17083276-756" start="12877">hybridization</span>
    </annotation>
    <annotation annotator="" id="GO_MF_2016_02_16_Instance_103324" type="identity">
      <class id="GO:0097617" label="annealing activity"/>
      <span end="14073" id="17083276-754" start="14060">hybridization</span>
    </annotation>
    <annotation annotator="" id="GO_MF_2016_02_16_Instance_103338" type="identity">
      <class id="GO:0097617" label="annealing activity"/>
      <span end="30960" id="17083276-758" start="30947">Hybridization</span>
    </annotation>
    <annotation annotator="" id="GO_MF_2016_02_16_Instance_103340" type="identity">
      <class id="GO:0097617" label="annealing activity"/>
      <span end="33862" id="17083276-760" start="33849">hybridization</span>
    </annotation>
    <annotation annotator="" id="GO_MF_2016_02_16_Instance_103342" type="identity">
      <class id="GO:0097617" label="annealing activity"/>
      <span end="40671" id="17083276-762" start="40658">hybridization</span>
    </annotation>
    <annotation annotator="" id="GO_MF_2016_02_16_Instance_103346" type="identity">
      <class id="GO:0097617" label="annealing activity"/>
      <span end="41373" id="17083276-764" start="41363">hybridized</span>
    </annotation>
    <annotation annotator="" id="GO_MF_2016_02_16_Instance_103350" type="identity">
      <class id="GO:0097617" label="annealing activity"/>
      <span end="42376" id="17083276-766" start="42363">Hybridization</span>
    </annotation>
    <annotation annotator="" id="GO_MF_2016_02_16_Instance_110360" type="identity">
      <class id="GO:0097617" label="annealing activity"/>
      <span end="42491" id="17083276-768" start="42481">hybridized</span>
    </annotation>
    <annotation annotator="" id="GO_MF_2016_02_16_Instance_110362" type="identity">
      <class id="GO:0097617" label="annealing activity"/>
      <span end="42591" id="17083276-770" start="42581">hybridized</span>
    </annotation>
    <graph-space id="Old Knowtator Relations"/>
  </document>
</knowtator-project>
