<?xml version="1.0" encoding="UTF-8" standalone="no"?>
<knowtator-project>
  <document id="17244351" text-file="17244351.txt">
    <annotation annotator="" id="GO_MF_2016_02_16_Instance_103574" type="identity">
      <class id="GO:0097617" label="annealing activity"/>
      <span end="8297" id="17244351-819" start="8284">hybridisation</span>
    </annotation>
    <annotation annotator="" id="GO_MF_2016_02_16_Instance_103576" type="identity">
      <class id="GO:0097617" label="annealing activity"/>
      <span end="8787" id="17244351-821" start="8777">hybridised</span>
    </annotation>
    <annotation annotator="" id="GO_MF_2016_02_16_Instance_103578" type="identity">
      <class id="GO:0097617" label="annealing activity"/>
      <span end="8825" id="17244351-823" start="8812">Hybridisation</span>
    </annotation>
    <graph-space id="Old Knowtator Relations"/>
  </document>
</knowtator-project>
