<?xml version="1.0" encoding="UTF-8" standalone="no"?>
<knowtator-project>
  <document id="17425782" text-file="17425782.txt">
    <annotation annotator="" id="GO_MF_2016_02_16_Instance_103600" type="identity">
      <class id="GO:0097617" label="annealing activity"/>
      <span end="5283" id="17425782-827" start="5270">hybridization</span>
    </annotation>
    <annotation annotator="" id="GO_MF_2016_02_16_Instance_103602" type="identity">
      <class id="GO:0097617" label="annealing activity"/>
      <span end="8058" id="17425782-829" start="8045">hybridization</span>
    </annotation>
    <annotation annotator="" id="GO_MF_2016_02_16_Instance_103604" type="identity">
      <class id="GO:0097617" label="annealing activity"/>
      <span end="12194" id="17425782-831" start="12181">hybridization</span>
    </annotation>
    <annotation annotator="" id="GO_MF_2016_02_16_Instance_103606" type="identity">
      <class id="GO:0097617" label="annealing activity"/>
      <span end="12552" id="17425782-833" start="12539">hybridization</span>
    </annotation>
    <annotation annotator="" id="GO_MF_2016_02_16_Instance_103608" type="identity">
      <class id="GO:0097617" label="annealing activity"/>
      <span end="12848" id="17425782-835" start="12834">hybridizations</span>
    </annotation>
    <annotation annotator="" id="GO_MF_2016_02_16_Instance_103618" type="identity">
      <class id="GO:0097617" label="annealing activity"/>
      <span end="38833" id="17425782-837" start="38820">hybridization</span>
    </annotation>
    <annotation annotator="" id="GO_MF_2016_02_16_Instance_103620" type="identity">
      <class id="GO:0097617" label="annealing activity"/>
      <span end="38868" id="17425782-839" start="38855">hybridization</span>
    </annotation>
    <annotation annotator="" id="GO_MF_2016_02_16_Instance_103644" type="identity">
      <class id="GO:0097617" label="annealing activity"/>
      <span end="41202" id="17425782-841" start="41192">hybridized</span>
    </annotation>
    <annotation annotator="" id="GO_MF_2016_02_16_Instance_103648" type="identity">
      <class id="GO:0097617" label="annealing activity"/>
      <span end="43529" id="17425782-843" start="43515">hybridizations</span>
    </annotation>
    <graph-space id="Old Knowtator Relations"/>
  </document>
</knowtator-project>
